t_s,trial,cell_idx,row,col,target_x,target_y,phase,pred_x,pred_y,err_pt,in_cell,head_yaw_deg,head_pitch_deg,head_roll_deg,head_tx_mm,head_ty_mm,head_tz_mm,eye_cam_x_mm,eye_cam_y_mm,eye_cam_z_mm,pupil_left_px,pupil_right_px,raw_pitch_deg,raw_yaw_deg,raw_pred_x,raw_pred_y,filt_pitch_deg,filt_yaw_deg,filt_pred_x,filt_pred_y,ear,blink_held
0.0427,1,67,7,4,201.00,648.33,dwell,162.94,409.59,241.76,0,179.264,8.095,179.823,-18.40,21.41,147.93,-17.95,-6.69,174.35,53.651,55.308,-25.6933,-5.0052,162.94,409.59,-25.6933,-5.0052,,,0.20948,0
0.1449,1,67,7,4,201.00,648.33,dwell,309.96,280.88,383.27,0,179.218,8.108,179.828,-18.27,21.43,147.69,-17.83,-7.12,174.25,53.584,55.009,-21.1332,2.2831,309.96,280.88,-23.6413,-1.7255,,,0.20097,0
0.2435,1,67,7,4,201.00,648.33,dwell,195.85,377.06,271.32,0,179.319,8.058,179.833,-18.24,21.56,147.61,-17.73,-7.25,173.68,53.568,54.641,-25.1151,-3.8640,195.85,377.06,-24.3045,-2.6878,,,0.20423,0
0.3346,1,67,7,4,201.00,648.33,dwell,193.74,186.42,461.97,0,179.328,8.174,179.826,-18.20,21.48,147.62,-18.05,-7.22,174.13,53.187,54.410,-16.5781,-3.4266,193.74,186.42,-20.8276,-3.0203,,,0.19704,0
0.4368,1,67,7,4,201.00,648.33,dwell,141.34,302.59,350.85,0,179.265,8.222,179.828,-18.22,21.33,147.65,-18.57,-7.87,174.32,53.120,54.526,-21.8747,-5.8123,141.34,302.59,-21.2988,-4.2767,,,0.18640,0
0.5236,1,67,7,4,201.00,648.33,dwell,237.97,109.10,540.50,0,179.185,8.217,179.829,-18.28,21.17,147.35,-17.59,-6.35,173.57,53.245,54.456,-13.2388,-1.0740,237.97,109.10,-17.6718,-2.8355,,,0.19091,0
0.6482,1,67,7,4,201.00,648.33,dwell,195.78,221.82,426.55,0,179.250,8.383,179.870,-18.37,21.12,147.29,-17.76,-7.77,173.64,53.077,54.177,-19.1114,-3.9566,195.78,221.82,-18.3196,-3.3400,,,0.19910,0
0.7549,1,67,7,4,201.00,648.33,dwell,211.03,158.70,489.74,0,179.343,8.524,179.854,-18.48,21.25,147.45,-18.14,-6.73,173.50,52.880,54.039,-15.8756,-3.2616,211.03,158.70,-17.2198,-3.3047,,,0.17689,0
0.8559,1,67,7,4,201.00,648.33,dwell,194.97,160.66,487.71,0,179.184,8.628,179.817,-18.50,21.03,147.65,-18.13,-7.85,173.96,52.830,54.458,-16.7096,-2.5733,194.97,160.66,-16.9902,-2.9756,,,0.17742,0
0.9407,1,67,7,4,201.00,648.33,dwell,183.31,113.80,534.83,0,178.991,8.675,179.827,-18.53,21.02,147.51,-18.15,-7.68,173.97,53.130,54.463,-15.2141,-4.8653,183.31,113.80,-16.1910,-3.8260,,,0.17628,0
1.0383,1,67,7,4,201.00,648.33,capture,216.41,111.42,537.13,0,179.052,8.544,179.801,-18.49,20.98,147.27,-17.55,-8.06,173.80,53.015,54.845,-14.9541,-2.6139,216.41,111.42,-15.6344,-3.2806,,,0.18722,0
1.1578,1,67,7,4,201.00,648.33,capture,226.26,100.17,548.75,0,179.113,8.604,179.822,-18.41,21.11,147.48,-18.22,-7.14,173.47,53.419,54.431,-13.8426,-2.6186,226.26,100.17,-14.8281,-2.9827,,,0.18347,0
1.2695,1,67,7,4,201.00,648.33,capture,208.63,94.15,554.24,0,179.075,8.520,179.780,-18.25,21.17,147.77,-17.92,-7.03,174.22,53.072,54.369,-13.0656,-3.4918,208.63,94.15,-14.0350,-3.2118,,,0.21318,0
1.3515,1,67,7,4,201.00,648.33,capture,203.47,116.57,531.77,0,179.111,8.469,179.780,-18.25,21.06,147.77,-17.08,-7.15,174.36,52.943,54.031,-14.8094,-2.9554,203.47,116.57,-14.3835,-3.0964,,,0.18288,0
1.4525,1,67,7,4,201.00,648.33,capture,185.56,92.38,556.17,0,179.072,8.491,179.755,-18.30,20.98,147.87,-17.43,-7.26,174.39,52.808,54.007,-13.5083,-4.3172,185.56,92.38,-13.9896,-3.6458,,,0.19373,0
1.5534,1,67,7,4,201.00,648.33,capture,201.33,117.16,531.17,0,179.028,8.639,179.756,-18.31,21.02,147.59,-18.15,-7.95,173.52,52.889,53.719,-15.0492,-3.3265,201.33,117.16,-14.4664,-3.5021,,,0.18380,0
1.6543,1,67,7,4,201.00,648.33,capture,203.76,116.73,531.61,0,179.103,8.649,179.759,-18.36,21.12,147.59,-17.82,-7.38,174.22,52.985,53.666,-14.7224,-4.2262,203.76,116.73,-14.5816,-3.8279,,,0.17409,0
1.7546,1,67,7,4,201.00,648.33,capture,227.15,90.35,558.60,0,178.986,8.737,179.761,-18.25,21.15,147.48,-17.92,-7.09,174.05,53.291,53.823,-13.9957,-2.4088,227.15,90.35,-14.3180,-3.1893,,,0.21702,0
1.8436,1,67,7,4,201.00,648.33,capture,213.71,97.83,550.65,0,178.943,8.731,179.787,-18.26,21.10,147.44,-17.75,-7.72,173.82,53.150,53.791,-12.7967,-2.8161,213.71,97.83,-13.6334,-3.0214,,,0.19365,0
1.9355,1,67,7,4,201.00,648.33,capture,235.70,93.00,556.42,0,178.942,8.744,179.766,-18.35,20.91,147.50,-17.88,-7.86,173.75,53.177,53.784,-13.7739,-1.6307,235.70,93.00,-13.6966,-2.3956,,,0.21898,0
2.0337,1,67,7,4,201.00,648.33,capture,221.65,96.14,552.58,0,178.869,8.696,179.810,-18.46,20.80,147.38,-18.18,-7.02,173.89,53.262,53.751,-13.3052,-2.1586,221.65,96.14,-13.5205,-2.2889,,,0.22715,0
2.1229,1,67,7,4,201.00,648.33,capture,206.90,91.18,557.18,0,178.883,8.663,179.781,-18.42,20.65,147.53,-17.93,-8.12,174.35,53.338,53.891,-14.1890,-2.2811,206.90,91.18,-13.8213,-2.2854,,,0.19710,0
2.2121,1,67,7,4,201.00,648.33,capture,211.91,99.25,549.19,0,178.893,8.628,179.803,-18.43,20.64,147.82,-18.16,-8.43,174.01,53.690,54.057,-12.6076,-3.0584,211.91,99.25,-13.2751,-2.6333,,,0.21142,0
2.3086,1,67,7,4,201.00,648.33,capture,193.80,114.65,533.73,0,178.906,8.569,179.831,-18.27,20.57,147.57,-17.93,-8.24,173.58,54.152,54.406,-14.1906,-3.7400,193.80,114.65,-13.6871,-3.1313,,,0.22399,0
2.4040,1,67,7,4,201.00,648.33,capture,205.54,99.50,548.85,0,178.870,8.618,179.858,-18.37,20.65,147.67,-17.98,-7.92,173.40,53.534,54.432,-13.3382,-3.4704,205.54,99.50,-13.5301,-3.2839,,,0.20920,0
2.4959,1,67,7,4,201.00,648.33,capture,221.61,90.23,558.48,0,178.710,8.496,179.835,-18.54,20.87,147.63,-18.56,-6.70,174.11,53.478,54.616,-13.6206,-2.3705,221.61,90.23,-13.5708,-2.8729,,,0.19618,0
2.6001,1,67,7,4,201.00,648.33,capture,194.46,108.84,539.53,0,178.790,8.528,179.808,-18.44,20.99,147.67,-17.45,-8.03,173.98,53.304,54.237,-14.6095,-3.3936,194.46,108.84,-14.0382,-3.1072,,,0.19051,0
2.6915,1,67,7,4,201.00,648.33,capture,180.07,85.43,563.29,0,178.815,8.481,179.795,-18.32,20.92,147.60,-18.38,-7.11,173.75,53.592,54.385,-13.7689,-4.2189,180.07,85.43,-13.9170,-3.6075,,,0.20061,0
2.8012,1,67,7,4,201.00,648.33,capture,190.85,93.10,555.33,0,178.952,8.447,179.838,-18.31,20.93,147.55,-17.91,-7.58,174.00,53.814,54.327,-13.1795,-3.6655,190.85,93.10,-13.5851,-3.6336,,,0.22158,0
2.9059,1,67,7,4,201.00,648.33,capture,215.19,82.17,566.34,0,179.049,8.573,179.881,-18.30,20.97,147.35,-18.25,-7.02,173.38,53.869,54.278,-13.5339,-2.9295,215.19,82.17,-13.5621,-3.3167,,,0.21440,0
3.0322,1,67,7,4,201.00,648.33,capture,199.00,116.07,532.27,0,179.085,8.682,179.853,-18.30,20.71,147.29,-17.73,-7.88,173.79,53.778,54.073,-14.4362,-3.5449,199.00,116.07,-13.9554,-3.4194,,,0.20574,0
3.2370,2,17,1,8,379.67,129.67,dwell,201.94,216.93,197.99,0,179.189,8.553,179.849,-18.33,20.80,147.09,-17.86,-8.55,173.13,53.369,54.048,-18.4502,-3.7938,201.94,216.93,-18.4502,-3.7938,,,0.20034,0
3.3350,2,17,1,8,379.67,129.67,dwell,372.73,-36.90,166.71,0,179.133,8.515,179.867,-18.22,20.89,147.21,-17.61,-7.25,173.72,53.389,54.691,-8.4283,4.3209,372.73,-36.90,-13.9404,-0.1422,,,0.19081,0
3.4492,2,17,1,8,379.67,129.67,dwell,265.78,20.08,158.05,0,179.240,8.449,179.858,-18.00,20.91,147.11,-17.42,-7.97,173.38,53.394,54.567,-10.1853,-0.3845,265.78,20.08,-12.2506,-0.2512,,,0.21081,0
3.5557,2,17,1,8,379.67,129.67,dwell,209.52,63.79,182.45,0,179.247,8.393,179.858,-18.05,20.82,147.48,-17.45,-9.11,173.66,53.485,54.475,-12.5566,-3.6317,209.52,63.79,-12.3883,-1.7725,,,0.21181,0
3.6377,2,17,1,8,379.67,129.67,dwell,281.49,69.70,115.04,0,179.160,8.237,179.870,-18.13,20.81,147.36,-18.21,-8.25,173.37,53.680,54.251,-13.1948,0.4865,281.49,69.70,-12.7512,-0.7559,,,0.23592,0
3.7197,2,17,1,8,379.67,129.67,dwell,355.59,183.29,58.78,0,179.179,8.130,179.846,-18.20,20.74,147.53,-18.19,-8.18,173.75,53.987,54.411,-17.1443,4.1395,355.59,183.29,-14.7281,1.4470,,,0.23140,0
3.8203,2,17,1,8,379.67,129.67,dwell,295.07,27.69,132.50,0,179.175,8.169,179.799,-18.24,20.74,147.45,-17.39,-7.76,173.65,53.758,54.397,-10.9993,1.0740,295.07,27.69,-13.0501,1.2791,,,0.23518,0
3.9271,2,17,1,8,379.67,129.67,dwell,314.16,75.79,84.82,0,178.992,8.158,179.820,-18.41,20.87,147.58,-17.70,-8.10,173.99,53.979,54.219,-12.9585,1.3888,314.16,75.79,-13.0089,1.3285,,,0.22742,0
4.0298,2,17,1,8,379.67,129.67,dwell,298.62,38.30,122.13,0,179.065,8.050,179.812,-18.53,20.81,147.80,-17.90,-7.76,174.22,53.892,54.608,-11.5302,1.1369,298.62,38.30,-12.3435,1.2423,,,0.19781,0
4.1466,2,17,1,8,379.67,129.67,capture,298.68,15.45,140.02,0,179.039,7.966,179.829,-18.48,20.82,147.80,-17.83,-7.19,173.80,53.999,54.006,-9.9603,0.7946,298.68,15.45,-11.2710,1.0408,,,0.20378,0
4.2528,2,17,1,8,379.67,129.67,capture,314.85,58.19,96.49,0,179.008,8.100,179.835,-18.61,20.81,147.97,-18.31,-7.92,174.70,54.170,54.024,-12.1903,1.4329,314.85,58.19,-11.6847,1.2172,,,0.23526,0
4.3450,2,17,1,8,379.67,129.67,capture,326.12,38.27,105.93,0,179.030,8.051,179.796,-18.46,20.83,147.92,-18.14,-7.46,174.20,54.175,53.761,-10.9892,2.3456,326.12,38.27,-11.3717,1.7250,,,0.23028,0
4.4585,2,17,1,8,379.67,129.67,capture,324.32,28.64,115.19,0,178.938,8.050,179.786,-18.38,20.97,147.96,-18.30,-7.67,174.50,54.394,53.947,-11.9281,2.3716,324.32,28.64,-11.6221,2.0160,,,0.23538,0
4.5579,2,17,1,8,379.67,129.67,capture,317.07,29.70,117.95,0,178.909,8.078,179.760,-18.34,20.91,147.88,-17.89,-7.70,174.74,54.434,53.733,-11.1037,1.9473,317.07,29.70,-11.3888,1.9851,,,0.22591,0
4.6626,2,17,1,8,379.67,129.67,capture,298.35,45.08,117.33,0,178.844,7.967,179.764,-18.33,20.85,147.89,-17.37,-7.21,174.72,54.451,53.419,-11.6945,1.2860,298.35,45.08,-11.5264,1.6705,,,0.23313,0
4.7503,2,17,1,8,379.67,129.67,capture,291.46,9.67,148.93,0,178.750,7.873,179.806,-18.43,20.86,147.84,-18.28,-7.25,174.51,54.666,53.142,-10.2715,0.3556,291.46,9.67,-10.9617,1.0788,,,0.24057,0
4.8496,2,17,1,8,379.67,129.67,capture,295.89,23.52,135.22,0,178.798,7.911,179.752,-18.45,20.85,148.01,-17.64,-7.69,174.22,54.665,53.341,-10.7249,0.9006,295.89,23.52,-10.8552,0.9986,,,0.23151,0
4.9465,2,17,1,8,379.67,129.67,capture,321.11,43.35,104.30,0,178.801,8.009,179.751,-18.54,20.66,148.03,-18.28,-8.05,174.71,54.277,53.230,-10.7260,2.2710,321.11,43.35,-10.7970,1.5712,,,0.20976,0
5.0375,2,17,1,8,379.67,129.67,capture,295.80,38.22,124.08,0,178.710,8.138,179.790,-18.56,20.50,148.01,-17.62,-7.63,174.54,54.046,53.352,-11.4302,0.8920,295.80,38.22,-11.0820,1.2656,,,0.25198,0
5.1385,2,17,1,8,379.67,129.67,capture,294.99,33.42,128.19,0,178.719,8.060,179.804,-18.57,20.49,147.95,-17.95,-8.05,174.70,54.228,53.489,-11.4547,0.7708,294.99,33.42,-11.2497,1.0429,,,0.22709,0
5.2205,2,17,1,8,379.67,129.67,capture,294.48,29.21,131.71,0,178.727,8.013,179.797,-18.56,20.61,147.76,-18.20,-7.91,173.98,53.641,53.906,-10.9676,0.7597,294.48,29.21,-11.1228,0.9155,,,0.20915,0
5.3025,2,17,1,8,379.67,129.67,capture,307.37,40.32,114.93,0,178.687,7.979,179.803,-18.43,20.86,147.70,-18.09,-7.28,173.96,53.506,53.988,-12.0469,1.3586,307.37,40.32,-11.5386,1.1149,,,0.21469,0
5.3964,2,17,1,8,379.67,129.67,capture,292.77,55.51,114.24,0,178.762,7.912,179.829,-18.39,20.84,147.50,-17.93,-7.62,174.16,53.934,54.295,-12.3185,0.3601,292.77,55.51,-11.8896,0.7752,,,0.21951,0
5.5060,2,17,1,8,379.67,129.67,capture,302.26,39.61,118.75,0,178.705,7.857,179.828,-18.39,20.69,147.81,-18.14,-7.97,174.24,53.889,54.093,-12.2879,1.6638,302.26,39.61,-12.0688,1.1751,,,0.22698,0
5.5935,2,17,1,8,379.67,129.67,capture,300.40,73.20,97.32,0,178.804,7.859,179.810,-18.47,20.70,147.84,-17.26,-8.42,174.33,53.646,53.715,-12.4185,0.9923,300.40,73.20,-12.2262,1.0928,,,0.19192,0
5.6809,2,17,1,8,379.67,129.67,capture,293.13,37.59,126.36,0,178.908,7.821,179.840,-18.51,20.72,147.90,-18.02,-7.94,174.24,53.286,53.527,-12.1346,0.4864,293.13,37.59,-12.1850,0.8199,,,0.21768,0
5.7887,2,17,1,8,379.67,129.67,capture,274.59,36.23,140.61,0,178.989,7.815,179.866,-18.54,20.77,147.76,-18.12,-7.91,174.35,53.267,53.723,-10.7937,0.1303,274.59,36.23,-11.5589,0.5096,,,0.19045,0
5.8840,2,17,1,8,379.67,129.67,capture,297.50,31.79,127.79,0,178.945,7.841,179.845,-18.47,20.79,147.67,-17.63,-7.64,173.65,53.444,53.549,-10.6075,0.4322,297.50,31.79,-11.1308,0.4748,,,0.22030,0
5.9861,2,17,1,8,379.67,129.67,capture,299.86,54.03,109.95,0,179.033,7.816,179.849,-18.37,20.86,147.52,-18.28,-7.03,173.41,53.575,53.612,-12.4972,1.8146,299.86,54.03,-11.7456,1.0777,,,0.21252,0
6.1390,3,52,5,7,335.00,475.44,dwell,377.33,-33.21,510.41,0,179.009,7.982,179.828,-18.45,20.73,147.41,-18.10,-8.04,173.39,53.759,53.520,-8.3715,4.9106,377.33,-33.21,-8.3715,4.9106,,,0.20133,0
6.2529,3,52,5,7,335.00,475.44,dwell,437.98,145.48,345.66,0,178.934,8.032,179.834,-18.49,20.76,147.27,-17.62,-8.13,173.51,53.889,53.590,-14.9777,7.5824,437.98,145.48,-11.3443,6.1129,,,0.23314,0
6.3503,3,52,5,7,335.00,475.44,dwell,324.54,-10.09,485.65,0,178.940,8.056,179.824,-18.55,20.74,147.34,-18.35,-7.96,173.74,53.823,53.267,-9.3151,2.7479,324.54,-10.09,-10.4311,4.5987,,,0.24486,0
6.4522,3,52,5,7,335.00,475.44,dwell,334.32,50.74,424.70,0,178.860,8.201,179.819,-18.50,20.66,147.26,-18.44,-7.91,173.63,53.773,53.305,-11.1903,2.7991,334.32,50.74,-10.7728,3.7889,,,0.19468,0
6.5385,3,52,5,7,335.00,475.44,dwell,296.28,112.50,365.00,0,178.933,8.243,179.828,-18.59,20.50,147.37,-18.19,-8.82,173.90,53.793,53.286,-14.1304,0.7030,296.28,112.50,-12.2837,2.4002,,,0.20457,0
6.6464,3,52,5,7,335.00,475.44,dwell,324.90,93.13,382.45,0,178.996,7.986,179.831,-18.53,20.47,147.52,-17.97,-8.48,173.86,53.861,53.609,-13.4601,2.3859,324.90,93.13,-12.8131,2.3938,,,0.19886,0
6.7334,3,52,5,7,335.00,475.44,dwell,299.84,90.31,386.74,0,178.958,7.938,179.834,-18.53,20.52,147.59,-17.94,-7.76,174.36,54.043,53.597,-13.6722,0.0322,299.84,90.31,-13.1997,1.3311,,,0.24437,0
6.8237,3,52,5,7,335.00,475.44,dwell,385.22,159.93,319.49,0,178.939,7.907,179.828,-18.44,20.54,147.89,-17.45,-7.40,174.18,54.230,53.745,-16.6253,5.0405,385.22,159.93,-14.7412,3.0003,,,0.22993,0
6.9228,3,52,5,7,335.00,475.44,dwell,372.44,146.27,331.30,0,178.835,7.890,179.830,-18.33,20.66,148.17,-17.35,-7.91,174.76,54.256,53.756,-15.3062,4.3868,372.44,146.27,-14.9955,3.6242,,,0.24489,0
7.0257,3,52,5,7,335.00,475.44,dwell,371.48,114.66,362.62,0,178.791,7.817,179.827,-18.30,20.78,148.19,-17.70,-7.22,174.10,54.430,53.862,-13.8811,4.7219,371.48,114.66,-14.4940,4.1182,,,0.21983,0
7.1224,3,52,5,7,335.00,475.44,dwell,405.67,129.56,353.03,0,178.770,7.974,179.866,-18.30,20.67,148.17,-17.63,-7.77,174.52,54.203,53.658,-14.4619,5.9750,405.67,129.56,-14.4796,4.9538,,,0.24800,0
7.2110,3,52,5,7,335.00,475.44,capture,384.28,129.95,348.99,0,178.818,7.873,179.841,-18.26,20.80,148.36,-18.01,-7.70,174.88,54.277,53.600,-13.9208,4.7060,384.28,129.95,-14.2281,4.8423,,,0.23713,0
7.3101,3,52,5,7,335.00,475.44,capture,381.14,164.35,314.50,0,178.912,8.045,179.859,-18.27,20.92,148.28,-18.11,-7.52,174.63,53.937,53.306,-16.5594,4.9066,381.14,164.35,-15.2772,4.8712,,,0.22391,0
7.4054,3,52,5,7,335.00,475.44,capture,381.64,127.69,350.87,0,178.871,8.094,179.891,-18.13,20.73,148.16,-18.20,-7.34,175.05,53.803,53.572,-14.4561,4.2058,381.64,127.69,-14.9077,4.5718,,,0.21832,0
7.5039,3,52,5,7,335.00,475.44,capture,369.27,136.62,340.55,0,178.924,8.001,179.887,-18.23,20.61,148.21,-17.90,-8.09,174.59,53.495,53.605,-14.3578,4.4905,369.27,136.62,-14.6603,4.5352,,,0.17571,0
7.6018,3,52,5,7,335.00,475.44,capture,394.93,137.48,343.24,0,178.901,8.032,179.843,-18.22,20.44,147.94,-17.50,-8.16,174.56,53.490,53.511,-15.4520,5.8753,394.93,137.48,-15.0166,5.1382,,,0.19442,0
7.7013,3,52,5,7,335.00,475.44,capture,363.69,127.62,349.01,0,178.811,8.075,179.858,-18.31,20.53,147.74,-17.95,-7.69,173.90,53.357,53.526,-15.3937,4.7045,363.69,127.62,-15.1863,4.9431,,,0.21938,0
7.7992,3,52,5,7,335.00,475.44,capture,380.83,132.19,346.30,0,178.702,8.094,179.898,-18.27,20.47,147.49,-17.88,-8.53,172.91,53.578,53.635,-14.6179,5.3372,380.83,132.19,-14.9305,5.1204,,,0.20812,0
7.8912,3,52,5,7,335.00,475.44,capture,396.42,145.43,335.68,0,178.780,8.082,179.898,-18.15,20.56,147.60,-17.73,-7.66,173.73,53.946,54.351,-15.1298,5.6144,396.42,145.43,-15.0202,5.3427,,,0.22139,0
7.9905,3,52,5,7,335.00,475.44,capture,369.04,136.39,340.76,0,178.597,8.083,179.885,-18.18,20.42,147.56,-18.07,-8.41,174.15,53.874,54.510,-14.8424,5.0465,369.04,136.39,-14.9402,5.2094,,,0.22020,0
8.0746,3,52,5,7,335.00,475.44,capture,383.53,123.42,355.35,0,178.608,7.984,179.879,-18.11,20.43,147.36,-17.54,-7.50,173.42,53.519,54.077,-14.9901,4.5485,383.53,123.42,-14.9627,4.9120,,,0.22014,0
8.1684,3,52,5,7,335.00,475.44,capture,382.15,147.57,331.25,0,178.597,7.951,179.875,-18.22,20.29,147.27,-17.33,-9.45,173.76,53.464,54.259,-15.1055,4.7028,382.15,147.57,-15.0269,4.8178,,,0.17357,0
8.2669,3,52,5,7,335.00,475.44,capture,386.88,143.96,335.52,0,178.591,8.081,179.845,-18.27,20.30,147.30,-17.42,-8.44,173.72,53.445,54.108,-16.0554,5.5304,386.88,143.96,-15.4897,5.1385,,,0.21198,0
8.3681,3,52,5,7,335.00,475.44,capture,386.01,126.41,352.74,0,178.571,8.079,179.847,-18.30,20.42,147.50,-18.35,-8.58,173.19,53.625,53.991,-15.3249,5.0736,386.01,126.41,-15.4155,5.1093,,,0.23295,0
8.4849,3,52,5,7,335.00,475.44,capture,379.73,144.15,334.30,0,178.657,8.029,179.845,-18.34,20.68,147.52,-17.45,-7.95,173.89,53.946,53.964,-15.4873,5.0092,379.73,144.15,-15.4478,5.0643,,,0.22129,0
8.5857,3,52,5,7,335.00,475.44,capture,378.50,144.48,333.81,0,178.838,7.990,179.842,-18.27,20.68,147.88,-17.38,-7.85,174.36,54.320,53.980,-15.4925,4.9665,378.50,144.48,-15.4679,5.0203,,,0.24187,0
8.6845,3,52,5,7,335.00,475.44,capture,368.16,140.67,336.41,0,178.815,7.978,179.851,-18.19,20.72,147.90,-17.64,-8.04,173.52,54.678,54.114,-14.6369,3.6336,368.16,140.67,-15.0940,4.3963,,,0.22072,0
8.7717,3,52,5,7,335.00,475.44,capture,383.07,95.52,382.95,0,178.837,7.989,179.875,-18.18,20.65,147.92,-18.04,-7.30,173.50,54.111,54.280,-14.5573,5.5464,383.07,95.52,-14.8525,4.9138,,,0.22150,0
8.8902,3,52,5,7,335.00,475.44,capture,393.50,148.00,332.63,0,178.945,8.099,179.887,-18.01,20.82,147.76,-17.89,-7.39,173.81,53.937,54.065,-15.8472,5.0272,393.50,148.00,-15.3001,4.9648,,,0.20243,0
8.9756,3,52,5,7,335.00,475.44,capture,394.99,163.95,317.22,0,179.013,8.199,179.853,-18.06,20.73,147.76,-17.70,-7.09,174.64,53.927,53.915,-17.4108,5.7173,394.99,163.95,-16.2499,5.3035,,,0.21103,0
9.0816,3,52,5,7,335.00,475.44,capture,373.63,139.54,338.12,0,178.838,8.196,179.848,-18.04,20.58,147.73,-17.64,-7.95,174.16,54.246,54.081,-15.2190,4.3282,373.63,139.54,-15.7860,4.8646,,,0.20993,0
9.3064,4,26,2,8,379.67,216.11,dwell,353.07,145.42,75.53,0,178.904,8.219,179.862,-18.17,20.74,147.73,-17.91,-7.58,173.99,53.929,53.845,-14.5879,4.0792,353.07,145.42,-14.5879,4.0792,,,0.22245,0
9.3975,4,26,2,8,379.67,216.11,dwell,386.38,80.09,136.19,0,178.993,8.273,179.923,-18.06,20.69,147.44,-17.77,-7.77,173.94,53.830,53.803,-13.1862,4.8580,386.38,80.09,-13.9571,4.4297,,,0.22632,0
9.4795,4,26,2,8,379.67,216.11,dwell,418.94,24.53,195.57,0,178.846,8.215,179.916,-18.16,20.80,147.37,-17.78,-7.17,173.37,53.751,54.006,-10.0733,6.7091,418.94,24.53,-12.2094,5.4554,,,0.20189,0
9.5615,4,26,2,8,379.67,216.11,dwell,437.23,76.42,151.09,0,178.753,8.222,179.907,-18.18,20.94,147.41,-18.17,-7.51,173.79,53.478,54.286,-12.8294,7.1052,437.23,76.42,-12.4884,6.1978,,,0.23552,0
9.6635,4,26,2,8,379.67,216.11,dwell,425.06,56.60,165.84,0,178.702,8.127,179.896,-18.06,21.00,147.16,-18.03,-8.02,173.58,53.387,54.075,-11.8678,6.7465,425.06,56.60,-12.2091,6.4448,,,0.20388,0
9.7706,4,26,2,8,379.67,216.11,dwell,370.95,-11.19,227.47,0,178.855,8.117,179.829,-18.14,20.94,147.17,-17.05,-7.67,172.81,53.271,54.548,-9.3712,4.1960,370.95,-11.19,-10.9321,5.4328,,,0.20259,0
9.8739,4,26,2,8,379.67,216.11,dwell,339.89,36.49,183.97,0,178.875,8.020,179.818,-18.28,20.80,146.97,-18.29,-8.00,173.43,52.899,54.345,-10.5505,3.3393,339.89,36.49,-10.7604,4.4907,,,0.18548,0
9.9765,4,26,2,8,379.67,216.11,dwell,346.99,25.29,193.60,0,178.769,7.991,179.830,-18.30,20.76,146.87,-17.82,-6.78,173.51,52.874,54.337,-9.7385,2.4029,346.99,25.29,-10.3005,3.5512,,,0.18835,0
10.0765,4,26,2,8,379.67,216.11,dwell,374.65,27.12,189.06,0,178.811,7.958,179.849,-18.37,20.71,146.84,-18.16,-7.35,173.52,52.805,54.454,-11.4008,4.3007,374.65,27.12,-10.7956,3.8885,,,0.19492,0
10.1854,4,26,2,8,379.67,216.11,dwell,341.53,25.38,194.51,0,178.862,7.966,179.834,-18.39,20.73,147.04,-17.93,-7.96,173.37,53.154,54.193,-11.5046,2.7809,341.53,25.38,-11.1147,3.3901,,,0.18552,0
10.2887,4,26,2,8,379.67,216.11,capture,348.76,-4.82,223.08,0,178.930,7.978,179.834,-18.39,20.65,147.16,-17.66,-8.38,173.11,53.249,54.306,-8.3856,3.7319,348.76,-4.82,-9.8866,3.5439,,,0.19451,0
10.3988,4,26,2,8,379.67,216.11,capture,352.34,-3.64,221.44,0,178.997,8.027,179.852,-18.35,20.60,147.26,-18.47,-7.62,173.40,53.119,54.405,-9.0900,3.7322,352.34,-3.64,-9.5281,3.6286,,,0.20348,0
10.4844,4,26,2,8,379.67,216.11,capture,336.68,-27.91,247.78,0,179.021,7.997,179.855,-18.49,20.69,147.28,-17.81,-8.22,173.60,52.670,53.691,-8.5966,2.3707,336.68,-27.91,-9.1089,3.0626,,,0.18150,0
10.5853,4,26,2,8,379.67,216.11,capture,318.10,2.77,222.05,0,179.022,7.983,179.858,-18.59,20.38,147.37,-18.20,-8.59,173.69,52.569,53.153,-9.8312,2.2388,318.10,2.77,-9.4340,2.6919,,,0.17179,0
10.7030,4,26,2,8,379.67,216.11,capture,322.01,-13.41,236.65,0,178.946,7.897,179.880,-18.55,20.45,147.40,-18.54,-7.94,173.54,52.559,53.487,-8.7580,2.0281,322.01,-13.41,-9.1298,2.3932,,,0.17473,0
10.8148,4,26,2,8,379.67,216.11,capture,367.88,0.52,215.91,0,178.966,7.906,179.899,-18.45,20.36,147.58,-17.88,-7.70,173.94,52.516,53.405,-10.7681,3.7725,367.88,0.52,-9.8670,3.0139,,,0.15906,0
10.8968,4,26,2,8,379.67,216.11,capture,347.99,4.59,213.88,0,178.829,8.024,179.928,-18.47,20.39,147.67,-18.15,-7.72,174.00,52.332,53.199,-9.8856,3.2849,347.99,4.59,-9.8754,3.1358,,,0.17481,0
11.0100,4,26,2,8,379.67,216.11,capture,341.16,-17.60,236.86,0,178.922,7.988,179.917,-18.43,20.52,147.65,-17.49,-8.48,173.69,53.048,53.143,-9.2743,2.9550,341.16,-17.60,-9.6049,3.0545,,,0.19265,0
11.0987,4,26,2,8,379.67,216.11,capture,351.00,-24.43,242.24,0,178.938,7.960,179.916,-18.54,20.65,147.42,-18.07,-7.31,173.84,53.307,53.209,-9.3332,3.5386,351.00,-24.43,-9.4826,3.2723,,,0.22198,0
11.1818,4,26,2,8,379.67,216.11,capture,342.27,-3.51,222.78,0,178.936,7.895,179.896,-18.56,20.56,147.50,-18.53,-7.91,173.98,53.373,53.469,-10.1499,3.1836,342.27,-3.51,-9.7829,3.2324,,,0.18609,0
11.2772,4,26,2,8,379.67,216.11,capture,336.07,5.76,214.82,0,178.895,7.879,179.894,-18.58,20.66,147.82,-17.64,-8.27,174.29,53.387,53.533,-10.0212,2.7363,336.07,5.76,-9.8901,3.0092,,,0.20015,0
11.3677,4,26,2,8,379.67,216.11,capture,344.74,-11.24,230.02,0,178.981,7.851,179.897,-18.61,20.73,147.86,-17.99,-7.29,174.36,53.264,53.483,-9.2319,2.7899,344.74,-11.24,-9.5939,2.9105,,,0.20790,0
11.4526,4,26,2,8,379.67,216.11,capture,316.52,-11.58,236.29,0,178.987,7.830,179.907,-18.57,20.63,147.76,-18.04,-8.90,174.16,53.258,53.671,-9.0564,2.1030,316.52,-11.58,-9.3520,2.5471,,,0.20695,0
11.5547,4,26,2,8,379.67,216.11,capture,362.42,-1.41,218.20,0,179.001,7.759,179.902,-18.64,20.69,147.71,-18.20,-8.11,174.42,53.326,52.984,-9.2263,3.3754,362.42,-1.41,-9.2954,2.9199,,,0.21402,0
11.6625,4,26,2,8,379.67,216.11,capture,346.17,2.63,216.09,0,178.952,7.796,179.906,-18.61,20.85,147.65,-18.42,-7.50,173.95,53.355,53.406,-9.1428,3.0374,346.17,2.63,-9.2267,2.9728,,,0.19737,0
11.7585,4,26,2,8,379.67,216.11,capture,330.94,-17.34,238.48,0,179.004,7.778,179.901,-18.50,20.86,147.78,-17.15,-7.98,174.07,53.353,53.603,-9.1006,2.2387,330.94,-17.34,-9.1700,2.6425,,,0.20483,0
11.8562,4,26,2,8,379.67,216.11,capture,359.42,-33.64,250.57,0,179.050,7.784,179.891,-18.44,20.74,147.80,-17.94,-7.97,173.97,53.783,53.521,-8.8812,3.6443,359.42,-33.64,-9.0400,3.0933,,,0.18368,0
11.9424,4,26,2,8,379.67,216.11,capture,329.42,-37.33,258.37,0,179.131,7.807,179.889,-18.36,20.64,147.82,-17.55,-7.86,174.55,53.492,53.571,-7.9280,2.3408,329.42,-37.33,-8.5396,2.7547,,,0.19798,0
12.0440,4,26,2,8,379.67,216.11,capture,345.30,-13.74,232.41,0,179.087,7.938,179.888,-18.20,20.62,147.94,-18.13,-8.15,174.11,53.301,53.571,-9.6845,3.0259,345.30,-13.74,-9.0548,2.8767,,,0.19635,0
12.1439,4,26,2,8,379.67,216.11,capture,349.39,-6.68,224.84,0,179.114,7.808,179.884,-18.29,20.75,147.95,-17.88,-7.94,174.88,53.208,53.353,-10.8126,3.1274,349.39,-6.68,-9.8458,2.9896,,,0.20192,0
12.3132,5,31,3,4,201.00,302.56,dwell,142.70,129.24,182.86,0,179.027,7.669,179.897,-18.37,21.03,147.84,-17.81,-7.67,174.20,53.392,53.442,-15.1076,-6.1599,142.70,129.24,-15.1076,-6.1599,,,0.17989,0
12.4025,5,31,3,4,201.00,302.56,dwell,322.29,8.89,317.73,0,179.109,7.600,179.879,-18.39,21.13,147.97,-18.30,-7.94,174.36,53.758,53.560,-10.2852,1.6598,322.29,8.89,-12.9375,-2.6410,,,0.22334,0
12.5071,5,31,3,4,201.00,302.56,dwell,177.05,23.97,279.61,0,179.055,7.595,179.871,-18.34,21.24,148.00,-17.53,-6.43,174.58,53.543,53.760,-11.1156,-5.0135,177.05,23.97,-12.1176,-3.7086,,,0.23572,0
12.6049,5,31,3,4,201.00,302.56,dwell,239.60,25.70,279.53,0,179.019,7.654,179.835,-18.38,21.04,148.13,-17.65,-7.44,174.78,53.520,53.495,-11.0693,-2.6331,239.60,25.70,-11.6459,-3.2246,,,0.18764,0
12.7122,5,31,3,4,201.00,302.56,dwell,211.40,-6.31,309.04,0,178.992,7.507,179.816,-18.27,21.05,148.19,-18.16,-7.62,174.86,53.885,53.692,-9.7124,-2.9123,211.40,-6.31,-10.7758,-3.0841,,,0.21253,0
12.8067,5,31,3,4,201.00,302.56,dwell,199.70,-20.49,323.05,0,178.966,7.486,179.798,-18.32,21.10,147.99,-17.60,-7.78,174.53,53.908,53.857,-9.1597,-3.4374,199.70,-20.49,-10.0486,-3.2431,,,0.21672,0
12.9198,5,31,3,4,201.00,302.56,dwell,104.60,47.57,272.60,0,178.983,7.529,179.801,-18.29,20.97,147.96,-18.08,-8.06,173.79,54.251,54.079,-11.6289,-8.5583,104.60,47.57,-10.7597,-5.6349,,,0.22147,0
13.0032,5,31,3,4,201.00,302.56,dwell,114.54,-6.42,320.84,0,179.025,7.549,179.806,-18.33,21.06,147.85,-18.23,-7.46,174.36,54.646,53.937,-8.9364,-7.9008,114.54,-6.42,-9.9392,-6.6546,,,0.24341,0
13.0997,5,31,3,4,201.00,302.56,dwell,141.02,-15.70,323.86,0,179.071,7.720,179.756,-18.32,21.26,148.00,-18.14,-7.52,174.42,54.463,53.950,-8.6639,-5.6202,141.02,-15.70,-9.3653,-6.1891,,,0.24646,0
13.2041,5,31,3,4,201.00,302.56,dwell,114.27,-6.95,321.43,0,179.179,7.823,179.790,-18.28,21.35,148.12,-17.93,-7.78,175.14,54.180,54.366,-9.5225,-7.7110,114.27,-6.95,-9.4361,-6.8740,,,0.21797,0
13.3224,5,31,3,4,201.00,302.56,dwell,62.94,-15.13,346.39,0,179.158,7.836,179.742,-18.28,21.26,148.14,-17.59,-7.48,174.25,53.819,54.463,-9.7342,-9.8802,62.94,-15.13,-9.5702,-8.2268,,,0.23052,0
13.4182,5,31,3,4,201.00,302.56,capture,52.82,4.90,332.50,0,179.035,7.866,179.722,-18.27,21.23,147.97,-17.22,-7.10,174.29,54.112,54.188,-10.3133,-10.6724,52.82,4.90,-9.9046,-9.3273,,,0.22104,0
13.5334,5,31,3,4,201.00,302.56,capture,46.68,-16.02,353.98,0,179.047,7.764,179.763,-18.16,20.91,147.70,-18.05,-7.93,173.80,54.106,53.877,-8.7146,-10.1665,46.68,-16.02,-9.3691,-9.7050,,,0.21885,0
13.6247,5,31,3,4,201.00,302.56,capture,61.00,-4.49,337.46,0,178.954,7.758,179.794,-18.23,20.82,147.64,-18.05,-7.62,173.43,53.813,53.712,-9.8574,-10.2456,61.00,-4.49,-9.5888,-9.9482,,,0.23701,0
13.7107,5,31,3,4,201.00,302.56,capture,68.37,22.84,309.57,0,179.064,7.754,179.797,-18.13,20.75,147.78,-17.65,-8.25,173.73,53.592,53.850,-11.3334,-9.6087,68.37,22.84,-10.3739,-9.7955,,,0.22746,0
13.8007,5,31,3,4,201.00,302.56,capture,70.92,-18.14,346.07,0,179.167,7.776,179.786,-17.97,20.75,147.50,-17.99,-7.87,174.38,53.684,54.060,-10.6495,-9.2207,70.92,-18.14,-10.4979,-9.5368,,,0.21166,0
13.9149,5,31,3,4,201.00,302.56,capture,59.40,-32.16,363.44,0,179.085,7.844,179.798,-18.02,20.76,147.48,-17.21,-8.88,174.05,53.653,54.213,-8.4215,-10.3098,59.40,-32.16,-9.5635,-9.8847,,,0.22469,0
14.0380,5,31,3,4,201.00,302.56,capture,56.78,-17.72,351.25,0,179.010,7.946,179.827,-18.06,20.85,147.37,-17.77,-7.59,173.29,53.659,54.572,-8.9624,-9.7239,56.78,-17.72,-9.2930,-9.8123,,,0.18513,0
14.1458,5,31,3,4,201.00,302.56,capture,36.65,-9.02,352.26,0,179.099,7.945,179.809,-18.17,20.92,147.40,-17.67,-7.85,174.19,53.624,54.214,-9.5575,-11.2777,36.65,-9.02,-9.4120,-10.4718,,,0.18726,0
14.2344,5,31,3,4,201.00,302.56,capture,34.79,-5.79,350.29,0,179.160,8.027,179.799,-18.28,20.95,147.19,-17.10,-7.30,173.22,53.732,54.495,-9.1926,-11.7944,34.79,-5.79,-9.3133,-11.0670,,,0.21698,0
14.3398,5,31,3,4,201.00,302.56,capture,54.70,6.86,329.91,0,179.091,8.003,179.754,-18.26,21.12,147.50,-18.14,-7.61,173.92,54.048,54.475,-9.3531,-10.0423,54.70,6.86,-9.3312,-10.6059,,,0.22228,0
14.4332,5,31,3,4,201.00,302.56,capture,82.00,-0.48,325.56,0,179.035,8.006,179.729,-18.23,21.07,147.18,-17.83,-7.70,173.24,54.175,54.523,-10.0531,-9.1762,82.00,-0.48,-9.6561,-9.9625,,,0.23005,0
14.5489,5,31,3,4,201.00,302.56,capture,82.43,-23.59,347.03,0,179.083,8.045,179.722,-18.28,21.02,147.37,-18.19,-8.09,173.61,53.977,54.536,-8.8959,-8.3411,82.43,-23.59,-9.3140,-9.2329,,,0.22320,0
14.6464,5,31,3,4,201.00,302.56,capture,51.60,-7.65,344.31,0,179.060,7.979,179.739,-18.37,20.80,147.45,-18.10,-8.34,174.19,54.094,54.141,-9.4079,-10.4653,51.60,-7.65,-9.3562,-9.7875,,,0.24031,0
14.7446,5,31,3,4,201.00,302.56,capture,59.94,-5.11,338.46,0,179.042,8.016,179.781,-18.43,20.84,147.55,-18.02,-8.61,173.62,54.020,54.254,-10.2631,-9.7944,59.94,-5.11,-9.7643,-9.7906,,,0.20738,0
14.8555,5,31,3,4,201.00,302.56,capture,53.90,-7.29,342.99,0,179.063,7.914,179.794,-18.45,20.74,147.40,-18.03,-7.66,173.49,54.087,54.068,-9.8334,-10.5969,53.90,-7.29,-9.7954,-10.1534,,,0.20924,0
14.9514,5,31,3,4,201.00,302.56,capture,47.19,-14.23,352.15,0,179.018,7.878,179.815,-18.43,20.72,147.37,-17.90,-7.61,173.76,53.780,53.961,-9.1861,-10.5948,47.19,-14.23,-9.5212,-10.3520,,,0.23248,0
15.0507,5,31,3,4,201.00,302.56,capture,43.44,-12.85,352.57,0,179.034,7.920,179.824,-18.46,20.79,147.28,-17.81,-6.83,173.55,53.607,54.025,-9.2222,-10.8049,43.44,-12.85,-9.3867,-10.5558,,,0.21253,0
15.1578,5,31,3,4,201.00,302.56,capture,40.52,8.54,334.96,0,178.996,7.970,179.814,-18.52,20.75,147.46,-18.20,-8.43,174.10,53.693,54.000,-9.8192,-10.5206,40.52,8.54,-9.5813,-10.5400,,,0.21017,0
15.3723,6,28,3,1,67.00,302.56,dwell,-3.55,50.34,261.90,0,178.973,8.069,179.802,-18.55,20.69,147.48,-18.51,-8.05,174.03,53.774,53.969,-11.9644,-13.4627,-3.55,50.34,-11.9644,-13.4627,,,0.21740,0
15.4748,6,28,3,1,67.00,302.56,dwell,-25.61,4.85,311.78,0,178.953,8.063,179.781,-18.59,20.72,147.08,-18.06,-7.81,172.93,54.014,54.262,-10.9272,-13.7647,-25.61,4.85,-11.4976,-13.5986,,,0.20532,0
15.5650,6,28,3,1,67.00,302.56,dwell,79.64,55.80,247.08,0,178.951,8.062,179.818,-18.58,20.55,146.93,-17.73,-7.55,172.88,54.099,54.056,-12.3133,-9.8605,79.64,55.80,-11.8647,-11.9164,,,0.22292,0
15.6681,6,28,3,1,67.00,302.56,dwell,114.85,132.14,177.01,0,178.927,8.053,179.828,-18.47,20.70,146.80,-18.06,-8.19,172.62,54.374,53.850,-15.8598,-7.9203,114.85,132.14,-13.6625,-10.1182,,,0.25655,0
15.7675,6,28,3,1,67.00,302.56,dwell,135.74,63.57,248.68,0,178.932,8.029,179.840,-18.47,20.66,146.87,-17.86,-7.43,173.33,54.150,53.930,-12.5543,-6.8261,135.74,63.57,-13.1638,-8.6367,,,0.20651,0
15.8603,6,28,3,1,67.00,302.56,dwell,64.14,131.94,170.64,0,178.927,8.079,179.826,-18.25,20.45,146.67,-18.45,-7.79,172.73,54.368,53.489,-14.9733,-9.9997,64.14,131.94,-13.9781,-9.2501,,,0.24676,0
15.9559,6,28,3,1,67.00,302.56,dwell,78.24,47.43,255.37,0,178.930,8.191,179.801,-18.34,20.57,146.75,-17.72,-8.34,173.15,54.232,53.837,-12.4131,-9.2054,78.24,47.43,-13.2739,-9.2300,,,0.22143,0
16.0379,6,28,3,1,67.00,302.56,dwell,108.51,129.87,177.60,0,179.055,8.123,179.787,-18.32,20.53,146.33,-18.14,-8.01,172.11,53.907,53.647,-14.5218,-7.7817,108.51,129.87,-13.8354,-8.5782,,,0.22117,0
16.1241,6,28,3,1,67.00,302.56,dwell,71.50,159.32,143.31,0,178.978,8.162,179.782,-18.28,20.71,146.43,-18.10,-7.95,172.57,53.781,54.041,-16.3271,-9.9968,71.50,159.32,-14.9567,-9.2166,,,0.23900,0
16.2342,6,28,3,1,67.00,302.56,dwell,59.34,193.87,108.96,0,178.866,8.195,179.796,-18.20,20.72,146.67,-17.14,-7.72,172.57,53.843,53.821,-16.5860,-10.5074,59.34,193.87,-15.6899,-9.7975,,,0.22167,0
16.3295,6,28,3,1,67.00,302.56,dwell,72.68,183.93,118.76,0,178.790,8.023,179.838,-18.27,20.72,146.66,-17.70,-7.49,173.11,54.016,54.034,-17.2191,-8.9163,72.68,183.93,-16.3780,-9.4010,,,0.22208,0
16.4322,6,28,3,1,67.00,302.56,capture,102.51,168.78,138.41,0,178.795,7.954,179.809,-18.27,20.61,146.76,-17.78,-8.26,173.18,54.085,53.822,-17.4208,-8.6592,102.51,168.78,-16.8473,-9.0672,,,0.23488,0
16.5338,6,28,3,1,67.00,302.56,capture,83.28,184.88,118.80,0,178.816,7.867,179.818,-18.38,20.81,146.95,-18.17,-8.30,173.45,54.196,53.604,-16.4846,-8.1491,83.28,184.88,-16.6841,-8.6541,,,0.22356,0
16.6432,6,28,3,1,67.00,302.56,capture,67.44,187.58,114.98,0,178.660,7.933,179.842,-18.16,20.78,147.00,-18.05,-8.12,173.53,54.082,53.377,-17.4997,-10.1697,67.44,187.58,-17.0511,-9.3361,,,0.24101,0
16.7468,6,28,3,1,67.00,302.56,capture,73.36,192.27,110.47,0,178.741,7.985,179.823,-18.20,20.64,147.06,-17.03,-7.66,173.19,53.879,53.448,-16.6149,-8.8949,73.36,192.27,-16.8548,-9.1376,,,0.22197,0
16.8353,6,28,3,1,67.00,302.56,capture,100.51,185.23,122.02,0,178.734,7.977,179.821,-18.28,20.67,147.03,-18.19,-7.08,173.05,53.761,53.476,-17.5683,-7.5518,100.51,185.23,-17.1759,-8.4240,,,0.21830,0
16.9450,6,28,3,1,67.00,302.56,capture,103.73,175.08,132.66,0,178.844,7.947,179.827,-18.39,20.78,147.18,-17.94,-8.22,173.42,53.735,53.733,-16.7226,-7.8578,103.73,175.08,-16.9719,-8.1692,,,0.22239,0
17.0517,6,28,3,1,67.00,302.56,capture,103.65,198.20,110.60,0,178.852,8.042,179.858,-18.27,20.64,147.09,-17.37,-8.41,173.17,53.768,53.715,-18.2224,-8.1237,103.65,198.20,-17.5346,-8.1487,,,0.24053,0
17.1363,6,28,3,1,67.00,302.56,capture,95.36,203.84,102.71,0,178.811,8.127,179.807,-18.27,20.91,147.21,-18.26,-7.81,173.67,53.935,53.887,-18.4673,-8.6505,95.36,203.84,-17.9544,-8.3745,,,0.22414,0
17.2394,6,28,3,1,67.00,302.56,capture,94.26,169.30,136.02,0,178.910,8.251,179.785,-18.25,20.85,147.28,-17.80,-8.11,173.56,53.644,53.868,-16.9478,-8.5319,94.26,169.30,-17.5014,-8.4454,,,0.21299,0
17.3376,6,28,3,1,67.00,302.56,capture,77.05,168.16,134.77,0,179.031,8.306,179.774,-18.24,20.78,147.28,-17.82,-8.15,173.64,53.619,54.122,-16.6670,-8.7903,77.05,168.16,-17.1259,-8.6006,,,0.19507,0
17.4322,6,28,3,1,67.00,302.56,capture,88.12,184.57,119.86,0,178.923,8.318,179.797,-18.29,20.62,147.20,-17.87,-8.48,173.47,53.969,54.063,-16.2654,-9.4350,88.12,184.57,-16.7387,-8.9760,,,0.21294,0
17.5453,6,28,3,1,67.00,302.56,capture,94.28,173.10,132.30,0,178.898,8.234,179.798,-18.22,20.66,147.20,-17.74,-8.64,172.64,54.253,53.932,-16.5307,-8.5506,94.28,173.10,-16.6451,-8.7846,,,0.23567,0
17.6453,6,28,3,1,67.00,302.56,capture,103.97,170.64,137.00,0,178.969,8.211,179.776,-18.31,20.87,147.20,-17.87,-7.50,173.75,54.244,53.865,-16.9380,-7.8376,103.97,170.64,-16.7769,-8.3584,,,0.25475,0
17.7386,6,28,3,1,67.00,302.56,capture,104.81,196.85,112.26,0,178.909,8.156,179.782,-18.28,20.79,147.25,-18.03,-7.67,173.08,54.101,53.669,-17.2075,-8.4129,104.81,196.85,-16.9707,-8.3829,,,0.22617,0
17.8258,6,28,3,1,67.00,302.56,capture,92.16,164.67,140.16,0,178.863,8.104,179.781,-18.27,20.86,147.09,-17.84,-7.29,173.22,53.867,53.257,-17.0006,-8.6603,92.16,164.67,-16.9841,-8.5078,,,0.21737,0
17.9187,6,28,3,1,67.00,302.56,capture,106.24,205.00,105.15,0,178.930,7.999,179.745,-18.25,21.16,147.17,-17.60,-7.53,172.92,54.016,53.836,-17.6965,-8.0206,106.24,205.00,-17.3047,-8.2885,,,0.22720,0
18.0294,6,28,3,1,67.00,302.56,capture,69.72,196.64,105.95,0,178.862,8.179,179.758,-18.26,20.89,147.06,-17.61,-8.38,173.22,54.269,53.850,-17.7074,-9.4404,69.72,196.64,-17.4859,-8.8069,,,0.23652,0
18.1114,6,28,3,1,67.00,302.56,capture,94.48,190.46,115.41,0,178.927,8.305,179.757,-18.23,21.05,146.97,-17.68,-8.01,172.88,54.162,53.967,-17.9277,-7.3455,94.48,190.46,-17.6847,-8.1493,,,0.22854,0
18.2167,6,28,3,1,67.00,302.56,capture,78.45,192.52,110.63,0,178.938,8.342,179.786,-18.24,21.17,147.00,-18.26,-7.51,173.59,54.438,54.138,-17.6978,-9.0843,78.45,192.52,-17.6906,-8.5701,,,0.21959,0
18.3031,6,28,3,1,67.00,302.56,capture,86.49,178.67,125.41,0,179.019,8.429,179.757,-18.20,21.03,147.38,-17.44,-6.56,173.60,54.296,54.624,-16.5971,-9.1179,86.49,178.67,-17.1985,-8.8166,,,0.23841,0
18.3873,6,28,3,1,67.00,302.56,capture,85.65,156.57,147.17,0,178.921,8.512,179.775,-18.17,21.00,147.31,-17.47,-6.96,173.69,54.132,54.542,-15.7479,-9.4700,85.65,156.57,-16.5457,-9.1106,,,0.24654,0
18.5807,7,38,4,2,111.67,389.00,dwell,147.24,31.83,358.94,0,178.882,8.459,179.760,-18.23,20.93,147.29,-17.88,-6.77,173.63,54.276,54.153,-11.8007,-5.6325,147.24,31.83,-11.8007,-5.6325,,,0.21537,0
18.6923,7,38,4,2,111.67,389.00,dwell,-1.97,125.69,286.78,0,178.781,8.319,179.768,-18.20,20.81,147.06,-17.92,-7.47,173.73,54.192,54.235,-14.0479,-12.7184,-1.97,125.69,-12.8120,-8.8212,,,0.23843,0
18.7885,7,38,4,2,111.67,389.00,dwell,35.28,279.35,133.63,0,178.792,8.229,179.792,-18.32,20.72,147.23,-18.08,-8.09,173.30,54.302,54.082,-20.1102,-11.3203,35.28,279.35,-16.0962,-9.9458,,,0.24790,0
18.8881,7,38,4,2,111.67,389.00,dwell,196.73,296.12,125.95,0,178.811,8.228,179.821,-18.34,20.60,147.45,-17.73,-8.23,173.50,54.254,54.155,-21.4827,-4.0235,196.73,296.12,-18.5201,-7.2808,,,0.24258,0
18.9968,7,38,4,2,111.67,389.00,dwell,102.58,158.00,231.18,0,178.700,8.256,179.814,-18.44,20.66,147.56,-18.00,-8.10,174.16,54.015,54.261,-16.7442,-8.0288,102.58,158.00,-17.7209,-7.6174,,,0.22847,0
19.1027,7,38,4,2,111.67,389.00,dwell,153.04,297.97,99.99,0,178.805,8.146,179.836,-18.52,20.76,147.51,-18.44,-7.52,173.69,54.192,54.324,-21.9691,-5.5967,153.04,297.97,-19.6326,-6.7081,,,0.22651,0
19.1986,7,38,4,2,111.67,389.00,dwell,45.25,284.09,124.17,0,178.799,8.274,179.833,-18.56,21.02,147.50,-17.93,-7.62,173.86,53.802,54.151,-21.6797,-10.5332,45.25,284.09,-20.5538,-8.4294,,,0.20940,0
19.2940,7,38,4,2,111.67,389.00,dwell,50.13,259.96,142.96,0,178.870,8.218,179.836,-18.69,21.17,147.53,-17.93,-8.25,174.51,54.032,54.918,-19.1310,-10.8755,50.13,259.96,-19.9135,-9.5301,,,0.23209,0
19.3807,7,38,4,2,111.67,389.00,dwell,79.69,234.58,157.70,0,178.851,8.215,179.840,-18.65,21.16,147.39,-17.90,-6.99,173.58,53.986,54.851,-18.1336,-9.6300,79.69,234.58,-19.1126,-9.5751,,,0.20705,0
19.4703,7,38,4,2,111.67,389.00,dwell,75.30,262.83,131.31,0,178.765,8.092,179.812,-18.61,20.99,147.36,-18.82,-7.22,173.72,53.580,54.775,-20.9414,-8.9392,75.30,262.83,-19.9356,-9.2889,,,0.22951,0
19.5693,7,38,4,2,111.67,389.00,dwell,40.92,322.28,97.25,0,178.777,8.106,179.854,-18.61,20.99,147.45,-17.83,-6.94,173.44,53.762,54.908,-22.1936,-10.5033,40.92,322.28,-20.9517,-9.8354,,,0.22299,0
19.6884,7,38,4,2,111.67,389.00,capture,43.24,336.89,86.01,0,178.703,8.111,179.829,-18.47,20.96,147.48,-18.00,-7.22,173.44,54.140,54.631,-23.9864,-10.4086,43.24,336.89,-22.3173,-10.0933,,,0.22260,0
19.7928,7,38,4,2,111.67,389.00,capture,35.20,293.13,122.63,0,178.883,8.084,179.829,-18.61,20.93,147.46,-18.89,-7.61,173.29,53.753,54.836,-21.4096,-11.5399,35.20,293.13,-21.9088,-10.7443,,,0.20967,0
19.9132,7,38,4,2,111.67,389.00,capture,41.02,294.69,117.84,0,178.809,8.046,179.851,-18.61,20.76,147.27,-17.94,-7.51,173.28,53.469,54.819,-21.8399,-10.7207,41.02,294.69,-21.8778,-10.7337,,,0.19825,0
20.0210,7,38,4,2,111.67,389.00,capture,48.03,280.50,125.79,0,178.786,7.955,179.852,-18.57,20.84,147.43,-18.10,-7.59,173.75,53.656,55.129,-22.1339,-10.8012,48.03,280.50,-21.9931,-10.7641,,,0.24384,0
20.1231,7,38,4,2,111.67,389.00,capture,16.14,318.84,118.52,0,178.771,7.881,179.894,-18.41,20.89,147.60,-17.93,-8.83,173.51,53.421,54.580,-21.7386,-11.9307,16.14,318.84,-21.8785,-11.2890,,,0.19378,0
20.2138,7,38,4,2,111.67,389.00,capture,23.21,315.27,115.16,0,178.768,8.001,179.896,-18.45,20.83,147.61,-17.66,-8.27,173.94,53.494,54.032,-20.9991,-12.9685,23.21,315.27,-21.4828,-12.0448,,,0.23508,0
20.3264,7,38,4,2,111.67,389.00,capture,21.20,313.37,117.92,0,178.677,8.136,179.891,-18.52,20.93,147.63,-18.35,-7.80,173.91,53.783,53.902,-22.1159,-11.1856,21.20,313.37,-21.7677,-11.6582,,,0.21198,0
20.4298,7,38,4,2,111.67,389.00,capture,42.80,302.53,110.54,0,178.742,8.260,179.883,-18.56,20.97,147.87,-17.57,-8.30,174.14,53.755,53.558,-21.6924,-10.6709,42.80,302.53,-21.7338,-11.2139,,,0.21450,0
20.5118,7,38,4,2,111.67,389.00,capture,42.54,315.52,100.89,0,178.676,8.483,179.900,-18.48,21.02,147.85,-17.40,-7.73,174.22,53.460,53.775,-21.8504,-10.9820,42.54,315.52,-21.7863,-11.1095,,,0.20890,0
20.6229,7,38,4,2,111.67,389.00,capture,46.11,309.44,103.09,0,178.812,8.556,179.903,-18.40,21.05,147.80,-17.94,-7.05,174.21,53.130,53.623,-22.7044,-10.3813,46.11,309.44,-22.1994,-10.7818,,,0.19736,0
20.7413,7,38,4,2,111.67,389.00,capture,44.34,332.23,88.07,0,178.881,8.587,179.888,-18.33,21.08,147.57,-17.65,-6.70,173.94,53.435,53.903,-22.9073,-11.4111,44.34,332.23,-22.5180,-11.0650,,,0.20018,0
20.8488,7,38,4,2,111.67,389.00,capture,55.25,331.59,80.49,0,178.955,8.577,179.862,-18.19,21.13,147.50,-18.07,-7.01,173.72,53.583,53.955,-22.0546,-10.3681,55.25,331.59,-22.3095,-10.7514,,,0.21698,0
20.9439,7,38,4,2,111.67,389.00,capture,31.81,308.82,113.16,0,178.947,8.408,179.881,-18.17,21.08,147.54,-17.35,-7.39,173.87,53.423,54.092,-21.6470,-11.6868,31.81,308.82,-22.0113,-11.1723,,,0.21995,0
21.0571,7,38,4,2,111.67,389.00,capture,44.22,313.92,100.93,0,178.948,8.397,179.855,-18.17,20.87,147.76,-18.06,-7.77,173.68,53.719,53.884,-21.1363,-10.7897,44.22,313.92,-21.6176,-11.0002,,,0.22743,0
21.1700,7,38,4,2,111.67,389.00,capture,48.04,330.39,86.51,0,178.915,8.271,179.836,-18.06,20.72,147.45,-17.53,-7.63,173.79,53.701,53.745,-22.1108,-10.3023,48.04,330.39,-21.8395,-10.6861,,,0.22564,0
21.2595,7,38,4,2,111.67,389.00,capture,16.40,308.77,124.55,0,178.868,8.268,179.816,-17.94,20.72,147.47,-17.62,-8.96,173.58,53.821,54.055,-20.8499,-12.0193,16.40,308.77,-21.3942,-11.2860,,,0.21485,0
21.3748,7,38,4,2,111.67,389.00,capture,21.47,319.45,113.90,0,178.714,8.103,179.785,-17.98,20.77,147.43,-17.76,-8.69,173.80,53.870,54.258,-23.4876,-12.1062,21.47,319.45,-22.3362,-11.6551,,,0.22991,0
21.4891,7,38,4,2,111.67,389.00,capture,54.35,303.08,103.28,0,178.749,8.236,179.783,-18.00,20.76,147.50,-17.55,-7.38,173.95,54.030,54.394,-21.6641,-11.0926,54.35,303.08,-22.0338,-11.4020,,,0.22688,0
21.7087,8,20,2,2,111.67,216.11,dwell,-29.01,315.76,172.39,0,178.753,8.404,179.784,-18.10,20.68,147.48,-18.35,-7.27,173.11,53.838,54.602,-21.6440,-14.8440,-29.01,315.76,-21.6440,-14.8440,,,0.21317,0
21.8054,8,20,2,2,111.67,216.11,dwell,42.63,266.32,85.36,0,178.762,8.316,179.802,-18.16,20.59,147.72,-17.73,-7.83,173.66,53.717,54.497,-20.1975,-10.9399,42.63,266.32,-20.9931,-13.0871,,,0.21888,0
21.9129,8,20,2,2,111.67,216.11,dwell,50.31,215.36,61.36,0,178.651,8.171,179.787,-18.11,20.61,147.70,-17.11,-7.88,174.25,53.842,53.914,-18.4726,-10.1228,50.31,215.36,-19.8589,-11.7532,,,0.20317,0
22.0062,8,20,2,2,111.67,216.11,dwell,146.99,292.98,84.60,0,178.683,8.154,179.796,-18.11,20.53,147.49,-17.61,-8.09,174.35,54.097,54.115,-21.8330,-5.9607,146.99,292.98,-20.7472,-9.1466,,,0.20888,0
22.1201,8,20,2,2,111.67,216.11,dwell,-22.20,287.93,151.92,0,178.788,8.066,179.817,-18.19,20.37,147.61,-17.63,-7.44,174.04,54.125,54.183,-22.2354,-13.8944,-22.20,287.93,-21.4169,-11.2831,,,0.21171,0
22.2296,8,20,2,2,111.67,216.11,dwell,98.77,258.62,44.42,1,178.840,7.912,179.830,-18.20,20.57,147.54,-17.71,-8.38,173.74,53.869,54.537,-20.4778,-7.9529,98.77,258.62,-20.9943,-9.7845,,,0.20501,0
22.3395,8,20,2,2,111.67,216.11,dwell,39.01,243.63,77.69,0,178.843,7.954,179.807,-18.35,20.61,147.66,-17.73,-7.31,173.69,54.028,54.507,-18.9465,-11.1071,39.01,243.63,-20.0728,-10.3797,,,0.24155,0
22.4370,8,20,2,2,111.67,216.11,dwell,81.14,274.23,65.65,0,178.971,7.791,179.806,-18.43,20.58,147.74,-17.89,-8.58,173.68,53.869,54.296,-20.0585,-9.5367,81.14,274.23,-20.0664,-10.0004,,,0.23948,0
22.5274,8,20,2,2,111.67,216.11,dwell,48.17,267.07,81.42,0,178.752,7.887,179.824,-18.46,20.56,147.96,-18.18,-8.02,174.58,53.742,54.173,-20.5290,-10.1033,48.17,267.07,-20.2746,-10.0467,,,0.22057,0
22.6094,8,20,2,2,111.67,216.11,capture,68.23,250.03,55.11,0,178.721,8.087,179.818,-18.53,20.59,147.99,-17.71,-7.59,174.26,53.396,53.882,-19.6891,-9.7411,68.23,250.03,-20.0111,-9.9092,,,0.19492,0
22.7106,8,20,2,2,111.67,216.11,capture,74.41,245.28,47.32,0,178.844,7.907,179.822,-18.61,20.57,147.95,-17.91,-8.00,174.18,53.849,53.878,-19.2345,-9.8185,74.41,245.28,-19.6616,-9.8684,,,0.20985,0
22.8089,8,20,2,2,111.67,216.11,capture,80.26,255.82,50.63,0,178.846,7.824,179.808,-18.60,20.76,148.11,-18.56,-8.37,174.83,53.785,53.943,-19.8355,-8.7080,80.26,255.82,-19.7399,-9.3462,,,0.22202,0
22.9147,8,20,2,2,111.67,216.11,capture,70.08,247.67,52.21,0,178.712,7.784,179.766,-18.54,20.66,147.98,-17.34,-7.85,175.05,53.553,54.344,-18.8837,-9.0730,70.08,247.67,-19.3546,-9.2233,,,0.20661,0
23.0116,8,20,2,2,111.67,216.11,capture,59.63,266.22,72.24,0,178.683,7.847,179.762,-18.53,20.67,148.20,-17.66,-7.83,175.02,53.550,54.574,-20.7186,-10.2667,59.63,266.22,-19.9684,-9.6928,,,0.21253,0
23.1119,8,20,2,2,111.67,216.11,capture,65.30,234.35,49.82,0,178.663,7.671,179.775,-18.55,20.89,148.42,-17.88,-7.03,174.89,53.304,54.429,-19.1192,-9.9752,65.30,234.35,-19.5863,-9.8199,,,0.20591,0
23.2242,8,20,2,2,111.67,216.11,capture,64.25,246.68,56.42,0,178.654,7.612,179.791,-18.48,20.83,148.58,-18.46,-7.98,175.34,53.223,54.292,-19.5304,-9.5151,64.25,246.68,-19.5611,-9.6827,,,0.20143,0
23.3292,8,20,2,2,111.67,216.11,capture,62.89,227.56,50.10,0,178.616,7.691,179.794,-18.34,20.84,148.61,-17.67,-8.01,174.51,53.453,53.932,-18.4324,-9.3421,62.89,227.56,-19.0532,-9.5295,,,0.20321,0
23.4215,8,20,2,2,111.67,216.11,capture,47.39,243.00,69.67,0,178.640,7.641,179.798,-18.33,20.73,148.74,-18.05,-7.30,175.47,53.597,54.353,-19.8748,-10.8913,47.39,243.00,-19.4229,-10.1423,,,0.20670,0
23.5221,8,20,2,2,111.67,216.11,capture,72.29,264.76,62.59,0,178.664,7.570,179.823,-18.30,20.84,148.81,-17.40,-8.18,175.06,53.380,54.249,-19.9528,-10.1967,72.29,264.76,-19.6614,-10.1668,,,0.18940,0
23.6329,8,20,2,2,111.67,216.11,capture,61.68,252.26,61.69,0,178.731,7.513,179.796,-18.34,20.93,148.76,-17.64,-7.46,175.64,53.440,54.418,-19.1807,-9.9888,61.68,252.26,-19.4451,-10.0867,,,0.21270,0
23.7222,8,20,2,2,111.67,216.11,capture,60.84,255.15,64.09,0,178.638,7.563,179.803,-18.44,20.87,148.72,-18.43,-8.06,175.74,53.343,54.300,-19.3702,-9.8133,60.84,255.15,-19.4114,-9.9637,,,0.21765,0
23.8122,8,20,2,2,111.67,216.11,capture,76.99,230.98,37.73,0,178.723,7.472,179.760,-18.51,20.74,148.26,-17.95,-8.20,174.64,53.495,54.467,-19.2481,-9.2237,76.99,230.98,-19.3379,-9.6307,,,0.20263,0
23.9147,8,20,2,2,111.67,216.11,capture,71.16,261.52,60.85,0,178.717,7.509,179.806,-18.42,20.59,148.21,-18.27,-7.65,175.01,53.730,54.151,-19.4736,-9.5317,71.16,261.52,-19.3990,-9.5861,,,0.22885,0
24.0266,8,20,2,2,111.67,216.11,capture,99.30,254.85,40.66,1,178.796,7.616,179.833,-18.47,20.56,148.08,-18.49,-7.22,174.42,53.511,54.145,-19.9297,-7.5410,99.30,254.85,-19.6378,-8.6658,,,0.21644,0
24.1278,8,20,2,2,111.67,216.11,capture,72.42,257.17,56.80,0,178.793,7.709,179.812,-18.46,20.62,148.14,-18.66,-8.04,174.28,53.449,54.432,-20.2153,-9.8492,72.42,257.17,-19.8977,-9.1983,,,0.20413,0
24.2334,8,20,2,2,111.67,216.11,capture,73.70,252.31,52.46,0,178.818,7.629,179.824,-18.37,20.65,148.00,-17.67,-8.75,174.48,53.158,54.053,-20.4692,-9.4694,73.70,252.31,-20.1549,-9.3203,,,0.19137,0
24.3280,8,20,2,2,111.67,216.11,capture,57.10,249.52,63.98,0,178.900,7.727,179.808,-18.49,20.49,148.13,-17.52,-8.63,174.81,53.199,53.653,-18.8156,-10.1816,57.10,249.52,-19.5522,-9.7079,,,0.19371,0
24.4294,8,20,2,2,111.67,216.11,capture,89.55,224.45,23.64,1,178.775,7.813,179.811,-18.32,20.62,148.32,-17.72,-7.95,175.04,53.398,53.428,-18.7112,-8.7780,89.55,224.45,-19.1737,-9.2894,,,0.18516,0
24.5279,8,20,2,2,111.67,216.11,capture,57.18,250.77,64.58,0,178.899,7.947,179.768,-18.28,20.67,148.03,-18.52,-8.00,174.93,53.898,53.672,-19.4915,-9.4931,57.18,250.77,-19.3167,-9.3811,,,0.20677,0
24.6152,8,20,2,2,111.67,216.11,capture,51.53,234.08,62.76,0,178.901,7.957,179.758,-18.32,20.74,148.06,-17.03,-7.48,174.87,53.690,53.827,-19.2264,-9.9812,51.53,234.08,-19.2761,-9.6512,,,0.20630,0
24.7993,9,56,6,2,111.67,561.89,dwell,22.05,290.71,285.60,0,178.907,8.136,179.758,-18.34,20.81,147.83,-18.14,-7.83,174.56,53.556,54.098,-21.2618,-11.1819,22.05,290.71,-21.2618,-11.1819,,,0.20291,0
24.8838,9,56,6,2,111.67,561.89,dwell,42.32,336.02,236.27,0,178.868,8.112,179.769,-18.37,20.78,148.02,-17.47,-7.76,174.55,53.770,53.709,-22.2279,-10.2424,42.32,336.02,-21.6966,-10.7592,,,0.20111,0
24.9872,9,56,6,2,111.67,561.89,dwell,51.40,439.00,136.87,0,178.835,8.048,179.765,-18.28,20.91,148.12,-18.28,-7.72,174.55,53.965,54.190,-26.3875,-10.4359,51.40,439.00,-23.8075,-10.6137,,,0.21827,0
25.1069,9,56,6,2,111.67,561.89,dwell,-23.95,319.48,277.77,0,178.795,8.049,179.750,-18.39,20.70,147.87,-18.45,-7.93,174.07,53.754,54.213,-21.1574,-13.9628,-23.95,319.48,-22.6150,-12.1208,,,0.20297,0
25.1893,9,56,6,2,111.67,561.89,dwell,134.02,380.11,183.15,0,178.797,8.133,179.791,-18.39,20.74,147.86,-18.12,-7.36,174.16,53.601,54.352,-24.5244,-6.2373,134.02,380.11,-23.4742,-9.4732,,,0.21769,0
25.2865,9,56,6,2,111.67,561.89,dwell,14.48,328.86,252.48,0,178.798,8.174,179.801,-18.52,20.78,147.70,-18.01,-7.61,174.21,53.371,54.384,-22.9508,-12.5644,14.48,328.86,-23.2387,-10.8643,,,0.19498,0
25.4098,9,56,6,2,111.67,561.89,dwell,19.17,343.65,237.03,0,178.783,8.156,179.800,-18.47,20.62,147.72,-18.61,-8.03,173.77,53.859,54.229,-23.4580,-11.9404,19.17,343.65,-23.3374,-11.3485,,,0.20299,0
25.5055,9,56,6,2,111.67,561.89,dwell,54.79,395.67,175.68,0,178.737,8.215,179.794,-18.46,20.82,147.85,-18.06,-7.58,174.46,53.798,54.434,-25.0425,-10.3469,54.79,395.67,-24.1046,-10.8978,,,0.21485,0
25.6006,9,56,6,2,111.67,561.89,dwell,12.71,414.78,177.29,0,178.765,8.222,179.789,-18.48,20.85,147.80,-17.51,-7.10,173.66,53.593,54.418,-26.2580,-12.0232,12.71,414.78,-25.0737,-11.4043,,,0.18340,0
25.7081,9,56,6,2,111.67,561.89,dwell,65.44,445.65,125.09,0,178.884,8.199,179.827,-18.69,20.80,147.69,-18.47,-7.15,173.74,53.952,54.435,-27.1214,-9.9418,65.44,445.65,-25.9952,-10.7461,,,0.24247,0
25.7901,9,56,6,2,111.67,561.89,dwell,78.28,393.56,171.61,0,178.829,8.291,179.832,-18.84,20.74,147.58,-18.62,-8.13,174.03,53.848,54.549,-24.9233,-9.0104,78.28,393.56,-25.5128,-9.9651,,,0.21844,0
25.8997,9,56,6,2,111.67,561.89,capture,61.58,415.77,154.46,0,178.779,8.537,179.799,-18.75,20.71,147.93,-17.51,-8.11,175.00,54.149,54.569,-25.9629,-9.7153,61.58,415.77,-25.7153,-9.8527,,,0.18089,0
25.9817,9,56,6,2,111.67,561.89,capture,34.89,394.76,183.92,0,178.734,8.542,179.795,-18.66,20.73,148.09,-18.16,-7.62,174.02,53.807,54.423,-24.6210,-11.6663,34.89,394.76,-25.2229,-10.6688,,,0.21252,0
26.0861,9,56,6,2,111.67,561.89,capture,64.27,415.12,154.23,0,178.618,8.624,179.823,-18.60,20.90,147.95,-18.05,-7.90,174.46,53.931,54.140,-26.0815,-9.7712,64.27,415.12,-25.6093,-10.2649,,,0.22268,0
26.1934,9,56,6,2,111.67,561.89,capture,64.82,431.55,138.50,0,178.623,8.570,179.814,-18.57,20.88,148.03,-18.09,-7.86,174.58,53.562,53.810,-25.9796,-9.3701,64.82,431.55,-25.7759,-9.8622,,,0.23672,0
26.2968,9,56,6,2,111.67,561.89,capture,59.41,425.49,146.07,0,178.738,8.651,179.797,-18.62,20.78,147.99,-18.11,-7.86,174.62,53.295,54.072,-26.2347,-9.9714,59.41,425.49,-25.9824,-9.9113,,,0.21536,0
26.3788,9,56,6,2,111.67,561.89,capture,59.91,397.01,172.81,0,178.945,8.747,179.806,-18.55,20.86,147.92,-17.94,-7.24,174.56,53.587,54.215,-24.8111,-10.0474,59.91,397.01,-25.4553,-9.9726,,,0.20270,0
26.4803,9,56,6,2,111.67,561.89,capture,59.08,411.97,158.87,0,179.055,8.697,179.823,-18.33,20.67,148.07,-18.27,-7.90,174.20,53.655,54.135,-25.4986,-9.5466,59.08,411.97,-25.4748,-9.7809,,,0.19064,0
26.5643,9,56,6,2,111.67,561.89,capture,79.76,425.33,140.24,0,179.149,8.646,179.830,-18.15,20.79,148.10,-17.79,-7.28,174.94,53.867,54.258,-25.9182,-8.9965,79.76,425.33,-25.6743,-9.4279,,,0.23517,0
26.6626,9,56,6,2,111.67,561.89,capture,74.06,434.97,132.37,0,178.969,8.605,179.831,-18.16,20.92,148.32,-18.36,-7.30,175.17,54.062,54.288,-26.1176,-10.0402,74.06,434.97,-25.8738,-9.7035,,,0.21351,0
26.7674,9,56,6,2,111.67,561.89,capture,78.73,410.08,155.34,0,179.009,8.585,179.794,-18.27,20.91,148.12,-17.47,-7.43,174.96,53.751,54.359,-26.3403,-9.1420,78.73,410.08,-26.0837,-9.4508,,,0.20785,0
26.8826,9,56,6,2,111.67,561.89,capture,73.17,420.93,146.12,0,179.040,8.600,179.811,-18.22,20.90,148.12,-17.79,-7.21,173.86,53.503,54.259,-25.5509,-8.9856,73.17,420.93,-25.8439,-9.2415,,,0.21297,0
26.9835,9,56,6,2,111.67,561.89,capture,64.21,400.17,168.54,0,179.135,8.538,179.824,-18.18,21.06,147.90,-17.96,-7.55,173.95,53.906,53.983,-25.4379,-10.0115,64.21,400.17,-25.6612,-9.5880,,,0.19362,0
27.0676,9,56,6,2,111.67,561.89,capture,53.55,417.62,155.53,0,179.153,8.544,179.813,-18.22,21.01,147.88,-18.14,-7.10,174.00,53.703,53.746,-25.0518,-10.5598,53.55,417.62,-25.3870,-10.0253,,,0.22280,0
27.1512,9,56,6,2,111.67,561.89,capture,76.38,408.03,157.85,0,179.175,8.678,179.841,-18.19,20.81,147.93,-17.11,-8.31,174.43,53.827,53.723,-25.4240,-8.8123,76.38,408.03,-25.4036,-9.4795,,,0.21700,0
27.2467,9,56,6,2,111.67,561.89,capture,57.59,403.46,167.40,0,179.111,8.889,179.824,-18.07,20.66,148.16,-17.41,-8.22,174.93,53.855,53.893,-24.8462,-9.9980,57.59,403.46,-25.1528,-9.7128,,,0.19498,0
27.3381,9,56,6,2,111.67,561.89,capture,75.45,429.88,136.89,0,179.118,8.979,179.825,-18.28,20.80,148.01,-18.71,-7.66,174.61,54.117,54.087,-26.5247,-9.2488,75.45,429.88,-25.7701,-9.5040,,,0.21730,0
27.4287,9,56,6,2,111.67,561.89,capture,51.16,416.29,157.67,0,179.051,8.814,179.818,-18.42,20.65,148.07,-18.15,-7.51,174.56,54.154,54.456,-26.0797,-9.8720,51.16,416.29,-25.9094,-9.6696,,,0.21004,0
27.5107,9,56,6,2,111.67,561.89,capture,59.10,390.51,179.26,0,179.063,8.817,179.790,-18.33,20.53,148.05,-17.46,-7.86,174.38,54.260,54.448,-24.0605,-10.1454,59.10,390.51,-25.0774,-9.8837,,,0.22858,0
27.7143,10,57,6,3,156.33,561.89,dwell,146.16,433.26,129.03,0,179.108,8.795,179.766,-18.41,20.51,148.03,-17.58,-7.81,174.69,54.418,54.366,-26.3386,-5.6446,146.16,433.26,-26.3386,-5.6446,,,0.25570,0
27.8188,10,57,6,3,156.33,561.89,dwell,106.06,320.06,247.00,0,178.992,8.727,179.738,-18.44,20.72,147.89,-17.79,-7.29,174.19,54.299,54.094,-23.0795,-8.3211,106.06,320.06,-24.8720,-6.8491,,,0.23210,0
27.9248,10,57,6,3,156.33,561.89,dwell,68.81,524.53,95.16,0,178.846,8.739,179.755,-18.44,20.84,148.15,-18.19,-8.25,174.38,53.992,53.937,-29.8710,-9.5953,68.81,524.53,-27.1215,-8.0849,,,0.22131,0
28.0190,10,57,6,3,156.33,561.89,dwell,61.55,511.43,107.38,0,178.899,8.834,179.755,-18.43,20.64,148.01,-18.08,-7.52,174.22,53.867,54.384,-29.0404,-9.9909,61.55,511.43,-27.9850,-8.9426,,,0.23098,0
28.1085,10,57,6,3,156.33,561.89,dwell,62.16,291.04,286.75,0,178.766,8.750,179.742,-18.38,20.76,148.14,-18.24,-7.48,174.53,53.959,54.613,-20.9989,-10.2489,62.16,291.04,-24.8413,-9.5304,,,0.22128,0
28.2232,10,57,6,3,156.33,561.89,dwell,30.40,343.25,252.31,0,178.644,8.648,179.741,-18.38,20.79,148.30,-18.22,-8.34,174.61,53.993,54.783,-23.2135,-11.6814,30.40,343.25,-24.1088,-10.4984,,,0.22899,0
28.3371,10,57,6,3,156.33,561.89,dwell,62.96,302.45,275.73,0,178.733,8.628,179.741,-18.49,20.87,148.23,-18.00,-7.46,174.52,53.804,54.397,-21.9264,-9.7291,62.96,302.45,-23.1267,-10.1522,,,0.21618,0
28.4553,10,57,6,3,156.33,561.89,dwell,31.19,318.58,273.61,0,178.737,8.856,179.745,-18.44,20.80,147.95,-17.96,-7.99,174.65,53.992,54.330,-22.5597,-11.6240,31.19,318.58,-22.8715,-10.8145,,,0.23100,0
28.5511,10,57,6,3,156.33,561.89,dwell,43.55,333.64,254.59,0,178.648,8.844,179.761,-18.51,20.82,147.94,-18.40,-7.83,174.05,54.019,54.277,-22.1352,-9.9035,43.55,333.64,-22.5402,-10.4046,,,0.24265,0
28.6411,10,57,6,3,156.33,561.89,capture,21.34,300.62,294.08,0,178.799,8.865,179.778,-18.46,20.66,147.67,-17.84,-7.98,174.02,53.874,54.531,-22.0041,-12.2286,21.34,300.62,-22.2990,-11.2254,,,0.23277,0
28.7301,10,57,6,3,156.33,561.89,capture,25.48,308.72,284.99,0,178.787,8.949,179.754,-18.60,20.82,147.83,-17.57,-7.90,174.65,53.670,54.588,-21.9477,-11.3593,25.48,308.72,-22.1409,-11.2856,,,0.19234,0
28.8444,10,57,6,3,156.33,561.89,capture,46.48,322.76,263.15,0,178.758,8.826,179.762,-18.62,20.90,148.13,-17.82,-7.65,174.38,53.496,54.405,-22.4884,-10.6480,46.48,322.76,-22.2973,-10.9987,,,0.21311,0
28.9355,10,57,6,3,156.33,561.89,capture,26.56,306.46,286.50,0,178.769,8.960,179.749,-18.66,20.89,147.93,-18.69,-8.40,174.21,53.686,54.538,-22.2117,-11.9349,26.56,306.46,-22.2588,-11.4200,,,0.23291,0
29.0291,10,57,6,3,156.33,561.89,capture,45.74,298.57,285.60,0,178.847,8.862,179.792,-18.52,21.02,147.80,-18.20,-7.17,174.20,53.710,54.565,-20.6311,-10.8752,45.74,298.57,-21.5263,-11.1748,,,0.24198,0
29.1247,10,57,6,3,156.33,561.89,capture,1.83,309.04,296.32,0,178.885,8.787,179.785,-18.52,21.01,147.74,-18.58,-7.45,174.28,53.696,54.632,-21.4426,-12.8960,1.83,309.04,-21.4886,-11.9493,,,0.20191,0
29.2288,10,57,6,3,156.33,561.89,capture,-1.72,306.85,300.04,0,178.763,8.699,179.791,-18.77,20.99,147.51,-18.20,-7.32,173.70,53.867,54.253,-22.2947,-13.1137,-1.72,306.85,-21.8514,-12.4733,,,0.20224,0
29.3276,10,57,6,3,156.33,561.89,capture,18.06,303.54,293.03,0,178.838,8.598,179.809,-18.75,21.05,147.48,-18.28,-7.07,173.72,53.808,54.243,-21.5313,-12.3181,18.06,303.54,-21.7073,-12.4035,,,0.20834,0
29.4111,10,57,6,3,156.33,561.89,capture,9.66,277.74,319.77,0,178.857,8.694,179.829,-18.93,20.88,147.35,-18.55,-6.76,173.83,53.676,54.576,-20.3585,-12.2210,9.66,277.74,-21.1003,-12.3214,,,0.21232,0
29.5296,10,57,6,3,156.33,561.89,capture,33.79,286.00,301.88,0,178.898,8.702,179.840,-18.88,20.89,147.52,-18.67,-7.64,173.97,53.505,54.358,-21.1698,-11.6159,33.79,286.00,-21.1316,-12.0039,,,0.19271,0
29.6221,10,57,6,3,156.33,561.89,capture,23.48,315.08,280.29,0,178.747,8.782,179.863,-18.95,20.94,147.56,-18.20,-6.92,173.75,53.640,54.076,-21.1881,-11.8114,23.48,315.08,-21.1570,-11.9173,,,0.20692,0
29.7240,10,57,6,3,156.33,561.89,capture,9.11,334.30,271.06,0,178.571,8.623,179.873,-18.86,21.03,147.59,-18.30,-8.00,174.08,54.036,54.086,-22.9155,-12.2245,9.11,334.30,-21.9483,-12.0555,,,0.23842,0
29.8340,10,57,6,3,156.33,561.89,capture,20.32,315.05,281.83,0,178.597,8.677,179.878,-18.93,21.13,147.58,-18.40,-7.35,173.84,53.890,53.787,-21.5995,-12.3066,20.32,315.05,-21.7913,-12.1685,,,0.22191,0
29.9226,10,57,6,3,156.33,561.89,capture,15.25,301.63,296.04,0,178.686,8.918,179.885,-18.98,21.10,147.43,-18.39,-7.09,174.26,54.095,53.809,-21.6424,-11.9475,15.25,301.63,-21.7243,-12.0690,,,0.23918,0
30.0268,10,57,6,3,156.33,561.89,capture,18.49,309.37,287.69,0,178.627,8.875,179.875,-18.98,20.93,147.31,-17.95,-7.27,173.62,53.992,53.611,-22.0625,-12.2221,18.49,309.37,-21.8765,-12.1379,,,0.23597,0
30.1304,10,57,6,3,156.33,561.89,capture,30.12,319.42,273.35,0,178.657,8.741,179.853,-18.83,20.79,147.40,-18.58,-8.08,173.69,53.846,53.859,-21.9749,-12.0688,30.12,319.42,-21.9208,-12.1068,,,0.22527,0
30.2124,10,57,6,3,156.33,561.89,capture,38.58,263.70,320.60,0,178.750,8.650,179.827,-18.72,20.71,147.27,-17.95,-7.55,173.56,54.201,54.003,-20.4131,-11.2254,38.58,263.70,-21.2423,-11.7102,,,0.20270,0
30.2993,10,57,6,3,156.33,561.89,capture,30.35,302.35,288.50,0,178.748,8.581,179.795,-18.75,20.73,147.20,-18.23,-7.13,173.28,53.988,53.655,-22.5629,-11.4081,30.35,302.35,-21.8366,-11.5742,,,0.20244,0
30.4810,11,41,4,5,245.67,389.00,dwell,182.44,383.19,63.49,0,178.719,8.566,179.792,-18.55,20.50,147.22,-17.98,-8.39,173.26,53.750,54.083,-24.7484,-4.4011,182.44,383.19,-24.7484,-4.4011,,,0.23228,0
30.5810,11,41,4,5,245.67,389.00,dwell,26.72,152.90,322.00,0,178.832,8.455,179.783,-18.45,20.65,147.44,-18.15,-7.43,173.24,53.960,53.870,-15.6130,-12.0206,26.72,152.90,-20.6375,-7.8299,,,0.25074,0
30.6795,11,41,4,5,245.67,389.00,dwell,128.31,204.67,218.52,0,178.974,8.451,179.754,-18.40,20.79,147.80,-18.14,-7.72,174.13,53.770,53.535,-18.8382,-7.3527,128.31,204.67,-19.8278,-7.6151,,,0.22025,0
30.7812,11,41,4,5,245.67,389.00,dwell,130.82,82.91,326.93,0,178.990,8.553,179.755,-18.43,20.99,147.84,-18.00,-7.34,174.35,53.659,53.934,-12.0264,-6.1302,130.82,82.91,-16.3171,-6.9469,,,0.21002,0
30.8759,11,41,4,5,245.67,389.00,dwell,108.34,127.00,295.81,0,178.952,8.597,179.747,-18.39,20.97,147.78,-17.71,-7.14,174.03,53.924,53.945,-13.8387,-7.2063,108.34,127.00,-15.2018,-7.0636,,,0.22576,0
30.9879,11,41,4,5,245.67,389.00,dwell,206.82,19.59,371.45,0,178.876,8.397,179.727,-18.40,20.90,147.73,-18.54,-8.11,174.81,53.699,54.312,-11.7267,-3.4838,206.82,19.59,-13.6380,-5.4527,,,0.24039,0
31.0931,11,41,4,5,245.67,389.00,dwell,225.32,-2.39,391.92,0,178.896,8.467,179.718,-18.38,20.88,147.53,-18.27,-8.20,174.08,53.727,54.108,-10.7680,-3.0383,225.32,-2.39,-12.3465,-4.3662,,,0.22495,0
31.1999,11,41,4,5,245.67,389.00,dwell,283.43,57.96,333.19,0,178.970,8.381,179.753,-18.40,20.73,147.48,-18.17,-7.94,173.36,53.564,54.303,-12.4367,0.1223,283.43,57.96,-12.3871,-2.3464,,,0.20120,0
31.3034,11,41,4,5,245.67,389.00,dwell,287.39,-1.22,392.44,0,179.039,8.290,179.757,-18.33,20.89,147.64,-18.05,-7.79,173.63,53.532,54.139,-10.0436,1.1338,287.39,-1.22,-11.3325,-0.7803,,,0.21365,0
31.4265,11,41,4,5,245.67,389.00,capture,304.83,-22.50,415.73,0,179.009,8.404,179.786,-18.33,20.78,147.72,-17.89,-7.83,173.85,53.201,54.048,-9.7923,1.0263,304.83,-22.50,-10.6394,0.0327,,,0.18587,0
31.5131,11,41,4,5,245.67,389.00,capture,318.43,-23.05,418.43,0,179.082,8.450,179.772,-18.33,20.66,147.79,-17.61,-7.82,173.62,53.154,53.734,-9.5013,2.5187,318.43,-23.05,-10.1273,1.1514,,,0.18217,0
31.6152,11,41,4,5,245.67,389.00,capture,304.02,-21.39,414.52,0,179.059,8.397,179.785,-18.49,20.51,147.87,-17.48,-7.50,173.95,53.514,54.032,-8.5548,0.8242,304.02,-21.39,-9.4197,1.0042,,,0.21372,0
31.7353,11,41,4,5,245.67,389.00,capture,311.87,-23.54,417.82,0,179.058,8.355,179.813,-18.47,20.78,147.81,-17.36,-7.93,174.54,53.942,53.985,-8.4518,2.0361,311.87,-23.54,-8.9841,1.4685,,,0.22000,0
31.8390,11,41,4,5,245.67,389.00,capture,316.63,-51.80,446.48,0,179.114,8.346,179.823,-18.49,20.73,147.80,-18.41,-8.49,173.79,53.715,54.232,-7.5441,2.1838,316.63,-51.80,-8.3361,1.7904,,,0.23929,0
31.9525,11,41,4,5,245.67,389.00,capture,288.95,-7.72,399.07,0,179.081,8.264,179.811,-18.52,20.64,147.81,-18.76,-7.63,174.54,53.913,53.584,-9.5117,0.9821,288.95,-7.72,-8.8651,1.4267,,,0.21558,0
32.0516,11,41,4,5,245.67,389.00,capture,322.18,-30.92,426.83,0,179.051,8.226,179.797,-18.48,20.53,147.78,-17.45,-7.38,173.89,53.882,53.365,-8.6391,2.0960,322.18,-30.92,-8.7634,1.7279,,,0.21711,0
32.1537,11,41,4,5,245.67,389.00,capture,316.70,-15.15,410.34,0,179.076,8.143,179.785,-18.55,20.56,147.81,-18.35,-7.99,174.43,53.827,53.059,-9.1328,2.3818,316.70,-15.15,-8.9296,2.0221,,,0.22167,0
32.2472,11,41,4,5,245.67,389.00,capture,332.18,0.63,397.89,0,178.974,8.083,179.779,-18.62,20.42,147.68,-18.05,-7.67,173.70,53.894,53.363,-8.9037,3.0153,332.18,0.63,-8.9180,2.4691,,,0.19668,0
32.3565,11,41,4,5,245.67,389.00,capture,320.70,-21.52,417.32,0,179.061,8.132,179.798,-18.68,20.43,147.79,-18.13,-8.35,174.67,53.846,53.451,-8.5242,2.0532,320.70,-21.52,-8.7408,2.2819,,,0.23198,0
32.4712,11,41,4,5,245.67,389.00,capture,308.90,-8.41,402.41,0,179.014,8.065,179.777,-18.73,20.55,147.98,-18.14,-6.82,174.34,53.471,53.784,-9.9759,1.2765,308.90,-8.41,-9.2966,1.8295,,,0.20169,0
32.5758,11,41,4,5,245.67,389.00,capture,301.16,-6.36,399.24,0,178.907,7.877,179.800,-18.79,20.41,147.99,-17.91,-8.49,174.49,53.878,54.152,-9.6204,0.4902,301.16,-6.36,-9.4423,1.2268,,,0.22888,0
32.6578,11,41,4,5,245.67,389.00,capture,308.81,-21.91,415.73,0,178.912,7.916,179.799,-18.75,20.37,147.92,-17.95,-8.34,174.27,53.896,54.048,-9.3240,1.8489,308.81,-21.91,-9.3891,1.5067,,,0.20817,0
32.7690,11,41,4,5,245.67,389.00,capture,306.46,-8.44,402.06,0,178.951,7.881,179.779,-18.72,20.43,147.85,-18.48,-8.53,174.71,53.812,54.019,-9.6521,1.1576,306.46,-8.44,-9.5075,1.3496,,,0.22880,0
32.8524,11,41,4,5,245.67,389.00,capture,316.36,15.65,379.98,0,178.881,7.902,179.833,-18.64,20.51,147.92,-17.83,-8.34,174.41,53.980,53.896,-9.9752,1.8153,316.36,15.65,-9.7179,1.5592,,,0.21182,0
32.9413,11,41,4,5,245.67,389.00,capture,305.36,-4.10,397.61,0,178.881,7.957,179.836,-18.69,20.60,147.65,-17.84,-7.03,173.56,53.986,54.123,-9.9678,1.0027,305.36,-4.10,-9.8304,1.3088,,,0.21717,0
33.0280,11,41,4,5,245.67,389.00,capture,315.23,-15.93,410.86,0,178.808,8.009,179.831,-18.69,20.71,147.58,-17.97,-7.63,173.97,54.072,53.634,-8.0102,1.7747,315.23,-15.93,-9.0113,1.5184,,,0.23360,0
33.1240,11,41,4,5,245.67,389.00,capture,323.75,-15.74,412.20,0,178.791,7.938,179.824,-18.66,20.67,147.71,-18.61,-8.40,173.78,54.077,53.747,-8.9136,1.8521,323.75,-15.74,-8.9673,1.6686,,,0.23615,0
33.2417,11,41,4,5,245.67,389.00,capture,311.55,2.05,392.52,0,178.811,7.916,179.869,-18.57,20.76,147.61,-17.68,-7.86,174.43,53.871,53.811,-11.0513,2.2924,311.55,2.05,-9.9051,1.9493,,,0.22805,0
33.3372,11,41,4,5,245.67,389.00,capture,327.55,-25.46,422.47,0,178.808,8.034,179.865,-18.45,20.94,147.48,-17.91,-7.86,173.48,53.990,53.727,-8.8834,2.2468,327.55,-25.46,-9.4454,2.0832,,,0.24289,0
33.5176,12,62,6,8,379.67,561.89,dwell,394.91,32.18,529.93,0,178.785,8.077,179.871,-18.37,20.97,147.46,-18.29,-7.76,173.83,54.087,53.654,-11.1052,5.6645,394.91,32.18,-11.1052,5.6645,,,0.20801,0
33.6351,12,62,6,8,379.67,561.89,dwell,442.80,127.90,438.56,0,178.700,8.184,179.851,-18.42,21.07,147.33,-18.34,-6.74,173.20,54.164,53.451,-14.6450,7.3818,442.80,127.90,-12.6981,6.4373,,,0.21620,0
33.7215,12,62,6,8,379.67,561.89,dwell,294.47,195.61,376.06,0,178.763,8.308,179.854,-18.46,20.98,147.50,-18.37,-7.43,174.12,54.257,52.939,-17.1448,0.6034,294.47,195.61,-14.6991,3.8121,,,0.20581,0
33.8112,12,62,6,8,379.67,561.89,dwell,289.56,348.29,231.83,0,178.779,8.356,179.841,-18.40,21.06,147.57,-18.04,-7.94,174.57,54.101,53.593,-22.4823,0.0749,289.56,348.29,-18.2016,2.1303,,,0.22493,0
33.8989,12,62,6,8,379.67,561.89,dwell,345.77,420.16,145.73,0,178.836,8.290,179.834,-18.40,21.01,147.50,-17.80,-7.41,174.02,53.755,53.523,-25.8450,2.8560,345.77,420.16,-21.6411,2.4569,,,0.21473,0
33.9999,12,62,6,8,379.67,561.89,dwell,390.80,516.43,46.80,0,178.807,8.295,179.823,-18.33,20.88,147.45,-17.73,-7.19,173.16,53.707,53.565,-29.5591,5.7950,390.80,516.43,-25.2042,3.9591,,,0.19608,0
34.0934,12,62,6,8,379.67,561.89,dwell,424.44,561.67,44.77,0,178.844,8.321,179.815,-18.30,20.98,147.30,-18.19,-6.67,173.58,53.930,54.132,-31.7438,7.4156,424.44,561.67,-28.1470,5.5145,,,0.21663,0
34.1878,12,62,6,8,379.67,561.89,dwell,387.86,644.86,83.37,0,178.824,8.191,179.814,-18.37,21.01,147.38,-17.67,-6.39,173.58,54.166,54.467,-35.5883,5.7273,387.86,644.86,-31.4956,5.6103,,,0.22333,0
34.2880,12,62,6,8,379.67,561.89,capture,422.22,654.30,101.74,0,178.960,8.281,179.788,-18.33,21.00,147.39,-18.67,-7.91,174.17,53.954,54.227,-35.6890,6.7033,422.22,654.30,-33.3826,6.1021,,,0.20986,0
34.3720,12,62,6,8,379.67,561.89,capture,421.47,653.54,100.73,0,178.899,8.323,179.808,-18.32,21.14,147.32,-17.51,-6.89,173.61,53.631,54.477,-35.1614,6.6546,421.47,653.54,-34.1831,6.3508,,,0.21998,0
34.4610,12,62,6,8,379.67,561.89,capture,427.64,665.08,113.80,0,178.947,8.400,179.850,-18.16,21.02,147.14,-17.93,-7.47,173.64,53.785,53.735,-35.5647,6.5606,427.64,665.08,-34.8048,6.4452,,,0.23738,0
34.5745,12,62,6,8,379.67,561.89,capture,424.82,675.36,122.13,0,179.073,8.484,179.839,-18.14,21.15,147.14,-18.28,-7.37,173.17,53.658,53.975,-35.7607,6.2543,424.82,675.36,-35.2350,6.3593,,,0.20821,0
34.6810,12,62,6,8,379.67,561.89,capture,420.00,680.54,125.32,0,179.139,8.566,179.822,-18.20,21.09,147.05,-18.40,-6.99,173.25,53.946,53.625,-36.3880,7.2252,420.00,680.54,-35.7538,6.7490,,,0.21929,0
34.7795,12,62,6,8,379.67,561.89,capture,430.67,638.25,91.83,0,179.185,8.523,179.794,-18.31,21.14,146.76,-17.46,-6.94,173.01,53.956,54.053,-33.8295,6.7599,430.67,638.25,-34.8879,6.7539,,,0.21886,0
34.8819,12,62,6,8,379.67,561.89,capture,408.26,685.30,126.68,0,179.275,8.539,179.776,-18.33,21.02,147.16,-17.66,-8.06,173.88,53.919,53.956,-36.9552,6.2343,408.26,685.30,-35.8182,6.5201,,,0.22572,0
34.9813,12,62,6,8,379.67,561.89,capture,418.49,647.80,94.28,0,179.374,8.497,179.771,-18.41,20.80,147.14,-18.04,-7.67,173.71,53.996,54.271,-34.8633,6.7686,418.49,647.80,-35.3885,6.6319,,,0.22073,0
35.0693,12,62,6,8,379.67,561.89,capture,428.65,667.31,116.25,0,179.239,8.440,179.792,-18.35,20.67,147.29,-17.49,-7.35,173.82,54.123,54.544,-36.3390,5.8135,428.65,667.31,-35.8162,6.2636,,,0.19574,0
35.1787,12,62,6,8,379.67,561.89,capture,450.42,654.49,116.54,0,179.182,8.545,179.831,-18.24,20.70,147.35,-17.56,-7.52,173.70,53.907,54.414,-34.2638,7.8747,450.42,654.49,-35.1176,6.9886,,,0.20889,0
35.2952,12,62,6,8,379.67,561.89,capture,428.12,660.17,109.58,0,179.042,8.517,179.837,-18.19,20.80,147.71,-17.74,-7.76,174.28,53.769,54.157,-35.7922,6.9684,428.12,660.17,-35.4212,6.9795,,,0.18272,0
35.3946,12,62,6,8,379.67,561.89,capture,427.12,659.29,108.35,0,179.051,8.623,179.796,-18.26,20.86,147.68,-17.78,-7.48,173.98,53.746,54.153,-34.9700,7.0353,427.12,659.29,-35.2181,7.0046,,,0.22932,0
35.4766,12,62,6,8,379.67,561.89,capture,425.06,659.90,108.01,0,179.014,8.652,179.803,-18.18,20.59,147.50,-17.70,-7.84,173.95,53.327,54.058,-35.9784,7.4022,425.06,659.90,-35.5602,7.1835,,,0.21012,0
35.5960,12,62,6,8,379.67,561.89,capture,406.73,655.35,97.30,0,178.866,8.716,179.814,-18.17,20.69,147.59,-18.07,-7.79,173.80,53.243,54.215,-34.9912,5.7067,406.73,655.35,-35.3042,6.5190,,,0.20362,0
35.6884,12,62,6,8,379.67,561.89,capture,388.39,691.44,129.84,0,179.035,8.676,179.808,-18.17,20.57,147.47,-17.82,-8.10,173.58,53.463,54.475,-36.9071,5.3046,388.39,691.44,-36.0255,5.9725,,,0.18765,0
35.7889,12,62,6,8,379.67,561.89,capture,402.32,680.60,120.85,0,179.041,8.723,179.810,-18.18,20.48,147.40,-17.72,-7.64,173.63,53.347,54.348,-34.8764,6.4646,402.32,680.60,-35.5084,6.1939,,,0.20219,0
35.8932,12,62,6,8,379.67,561.89,capture,400.81,653.33,93.85,0,178.976,8.668,179.837,-18.12,20.67,147.54,-17.59,-8.74,173.60,53.539,54.373,-35.4127,5.8564,400.81,653.33,-35.4653,6.0421,,,0.21660,0
35.9883,12,62,6,8,379.67,561.89,capture,420.36,647.00,94.34,0,179.027,8.776,179.818,-18.09,20.81,147.72,-17.50,-7.90,174.46,53.365,54.479,-33.8053,6.6851,420.36,647.00,-34.7183,6.3314,,,0.22401,0
36.0949,12,62,6,8,379.67,561.89,capture,428.58,658.75,108.51,0,179.071,8.771,179.816,-18.16,20.89,147.91,-17.47,-7.50,174.79,53.575,54.348,-35.9033,7.1174,428.58,658.75,-35.2515,6.6851,,,0.18622,0
36.1889,12,62,6,8,379.67,561.89,capture,417.27,686.01,129.69,0,179.037,8.706,179.800,-18.19,20.87,147.82,-18.46,-8.32,174.00,53.865,54.478,-36.4559,6.4875,417.27,686.01,-35.7935,6.5962,,,0.21009,0
36.4043,13,24,2,6,290.33,216.11,dwell,398.56,794.35,588.28,0,178.916,8.692,179.821,-18.03,20.83,147.68,-17.51,-7.90,174.21,53.844,54.594,-39.7560,6.0828,398.56,794.35,-39.7560,6.0828,,,0.21623,0
36.5047,13,24,2,6,290.33,216.11,dwell,432.22,560.96,372.90,0,179.017,8.584,179.789,-18.03,20.83,147.54,-17.11,-7.42,173.77,53.825,54.394,-30.3941,7.1403,432.22,560.96,-35.5432,6.5587,,,0.22049,0
36.6109,13,24,2,6,290.33,216.11,dwell,350.55,426.23,218.58,0,179.064,8.419,179.797,-18.03,20.91,147.29,-17.46,-8.19,173.78,53.563,54.244,-26.4198,3.7703,350.55,426.23,-31.4376,5.3039,,,0.20369,0
36.7099,13,24,2,6,290.33,216.11,dwell,335.06,456.68,244.69,0,179.085,8.385,179.798,-18.03,20.73,147.28,-17.19,-8.04,173.52,53.814,54.405,-27.7701,2.9093,335.06,456.68,-29.7873,4.2263,,,0.21280,0
36.7990,13,24,2,6,290.33,216.11,dwell,357.86,337.67,139.06,0,178.929,8.474,179.830,-18.14,20.81,147.32,-17.70,-7.59,174.01,54.019,54.292,-23.1183,3.7310,357.86,337.67,-26.7862,4.0034,,,0.20106,0
36.8887,13,24,2,6,290.33,216.11,dwell,274.36,303.29,88.63,0,178.821,8.508,179.836,-18.23,20.82,147.46,-17.78,-7.81,173.88,53.392,54.246,-21.4037,-0.3712,274.36,303.29,-24.3641,2.0348,,,0.20031,0
36.9964,13,24,2,6,290.33,216.11,dwell,345.02,238.04,58.92,0,178.755,8.559,179.804,-18.34,20.68,147.66,-17.75,-7.65,174.09,53.323,54.232,-19.3102,3.0135,345.02,238.04,-22.0898,2.4753,,,0.18179,0
37.0926,13,24,2,6,290.33,216.11,dwell,336.09,181.87,57.15,0,178.868,8.504,179.813,-18.31,20.71,147.48,-17.76,-8.25,173.58,53.306,53.699,-16.6152,3.6773,336.09,181.87,-19.6262,3.0162,,,0.16631,0
37.1972,13,24,2,6,290.33,216.11,dwell,319.90,187.43,41.19,0,178.914,8.314,179.818,-18.33,20.76,147.86,-18.03,-8.70,174.08,53.648,53.995,-16.8933,2.2458,319.90,187.43,-18.3964,2.6695,,,0.23354,0
37.2917,13,24,2,6,290.33,216.11,dwell,314.63,139.82,80.07,0,178.865,8.234,179.852,-18.33,20.78,147.73,-17.94,-7.81,173.60,53.675,54.132,-14.9769,2.2527,314.63,139.82,-16.8577,2.4820,,,0.24988,0
37.3765,13,24,2,6,290.33,216.11,capture,267.25,116.68,102.08,0,178.880,8.217,179.857,-18.39,20.81,147.87,-18.10,-7.65,174.22,54.255,54.274,-15.0704,-0.6034,267.25,116.68,-16.0534,1.0936,,,0.22761,0
37.4832,13,24,2,6,290.33,216.11,capture,279.46,69.88,146.63,0,178.836,8.079,179.836,-18.49,20.63,147.97,-18.04,-8.05,174.43,53.829,54.140,-12.4509,-0.2094,279.46,69.88,-14.4323,0.5072,,,0.20857,0
37.5798,13,24,2,6,290.33,216.11,capture,306.17,60.26,156.65,0,178.748,8.025,179.848,-18.50,20.55,147.92,-18.10,-7.96,174.06,53.534,54.064,-11.4441,1.0547,306.17,60.26,-13.0876,0.7536,,,0.21685,0
37.6759,13,24,2,6,290.33,216.11,capture,303.39,98.35,118.48,0,178.818,7.946,179.817,-18.49,20.57,148.05,-17.56,-8.10,174.79,53.737,53.773,-14.9575,1.7643,303.39,98.35,-13.9291,1.2084,,,0.18847,0
37.7864,13,24,2,6,290.33,216.11,capture,300.92,106.66,109.96,0,178.755,7.873,179.789,-18.48,20.65,148.11,-18.44,-7.83,174.83,53.655,53.719,-14.5684,1.0929,300.92,106.66,-14.2168,1.1564,,,0.20635,0
37.8800,13,24,2,6,290.33,216.11,capture,284.28,92.00,124.26,0,178.929,7.717,179.796,-18.55,20.83,147.89,-18.34,-6.72,174.85,53.734,53.893,-13.3172,-0.4020,284.28,92.00,-13.8120,0.4552,,,0.22009,0
38.0069,13,24,2,6,290.33,216.11,capture,289.04,100.02,116.10,0,178.926,7.669,179.792,-18.45,20.75,147.81,-18.35,-7.47,174.15,53.716,53.940,-13.7799,0.7721,289.04,100.02,-13.7975,0.5978,,,0.20480,0
38.1065,13,24,2,6,290.33,216.11,capture,319.41,80.25,138.94,0,178.795,7.768,179.824,-18.57,20.95,147.73,-17.95,-7.66,173.54,53.951,53.591,-13.2737,2.0131,319.41,80.25,-13.5618,1.2347,,,0.19899,0
38.1894,13,24,2,6,290.33,216.11,capture,313.93,93.16,125.19,0,178.857,7.746,179.818,-18.61,20.95,147.69,-16.94,-7.63,173.82,53.843,53.732,-13.6036,1.7206,313.93,93.16,-13.5806,1.4533,,,0.23017,0
38.2964,13,24,2,6,290.33,216.11,capture,327.80,103.89,118.31,0,178.924,7.894,179.859,-18.44,20.67,147.75,-17.39,-8.72,174.47,53.667,53.592,-14.5330,1.4027,327.80,103.89,-14.0092,1.4306,,,0.21041,0
38.3950,13,24,2,6,290.33,216.11,capture,311.37,109.62,108.55,0,178.984,7.988,179.849,-18.48,20.82,147.81,-17.80,-8.15,174.05,53.775,53.870,-14.2958,1.5891,311.37,109.62,-14.1382,1.5019,,,0.22325,0
38.4911,13,24,2,6,290.33,216.11,capture,310.24,86.91,130.73,0,179.032,7.949,179.842,-18.26,20.67,147.82,-17.35,-8.27,174.36,54.022,54.128,-12.8472,2.0796,310.24,86.91,-13.5572,1.7619,,,0.20188,0
38.5802,13,24,2,6,290.33,216.11,capture,319.47,104.36,115.49,0,179.044,7.964,179.834,-18.34,20.83,147.77,-17.83,-7.31,174.10,54.173,54.345,-13.3578,1.4837,319.47,104.36,-13.4675,1.6367,,,0.24352,0
38.6751,13,24,2,6,290.33,216.11,capture,300.39,107.36,109.22,0,179.075,7.975,179.842,-18.41,20.89,148.04,-18.34,-7.45,174.18,53.800,54.634,-13.4753,0.4700,300.39,107.36,-13.4710,1.1117,,,0.21556,0
38.8082,13,24,2,6,290.33,216.11,capture,287.84,105.42,110.72,0,179.013,7.878,179.828,-18.39,20.94,147.72,-17.85,-8.14,174.59,53.737,54.123,-14.6804,0.9534,287.84,105.42,-14.0152,1.0405,,,0.22731,0
38.9204,13,24,2,6,290.33,216.11,capture,292.17,72.73,143.39,0,179.172,7.840,179.796,-18.50,20.82,147.73,-17.56,-7.54,174.11,53.688,54.025,-12.8437,0.0852,292.17,72.73,-13.4880,0.6106,,,0.22562,0
39.0306,13,24,2,6,290.33,216.11,capture,317.01,85.94,132.88,0,179.148,7.831,179.781,-18.46,20.79,147.87,-18.15,-7.09,174.36,54.147,54.672,-13.5307,1.8290,317.01,85.94,-13.5072,1.1589,,,0.23014,0
39.1326,13,24,2,6,290.33,216.11,capture,317.48,77.04,141.70,0,179.022,7.721,179.794,-18.47,20.84,147.94,-18.23,-7.77,174.30,54.154,54.075,-12.8654,1.9617,317.48,77.04,-13.2184,1.5201,,,0.21782,0
39.2409,13,24,2,6,290.33,216.11,capture,313.03,86.37,131.71,0,179.075,7.713,179.826,-18.47,20.76,148.06,-17.62,-8.05,175.02,54.417,53.856,-12.8042,1.7448,313.03,86.37,-13.0320,1.6212,,,0.24566,0
39.3581,13,24,2,6,290.33,216.11,capture,298.54,61.29,155.04,0,179.079,7.683,179.800,-18.53,20.75,147.72,-18.43,-7.79,174.32,54.110,53.828,-11.9275,1.0239,298.54,61.29,-12.5350,1.3524,,,0.23495,0
39.5446,14,11,1,2,111.67,129.67,dwell,290.15,91.08,182.61,0,179.195,7.608,179.802,-18.61,20.65,147.84,-17.70,-7.69,174.56,54.357,53.908,-12.4560,0.9442,290.15,91.08,-12.4560,0.9442,,,0.24493,0
39.6536,14,11,1,2,111.67,129.67,dwell,266.36,103.38,156.91,0,179.128,7.533,179.783,-18.62,20.64,147.96,-18.45,-8.39,175.33,54.525,53.800,-14.3631,-0.7520,266.36,103.38,-13.3142,0.1809,,,0.25458,0
39.7519,14,11,1,2,111.67,129.67,dwell,289.13,79.85,184.32,0,179.025,7.575,179.793,-18.41,20.51,148.32,-17.84,-7.13,174.62,54.405,53.302,-12.6929,0.1505,289.13,79.85,-13.0347,0.1672,,,0.22025,0
39.8503,14,11,1,2,111.67,129.67,dwell,257.10,64.94,159.19,0,179.069,7.586,179.772,-18.46,20.31,148.10,-17.57,-8.44,174.65,54.270,53.787,-13.1349,-0.2871,257.10,64.94,-13.0798,-0.0372,,,0.22869,0
39.9350,14,11,1,2,111.67,129.67,dwell,280.45,49.47,186.87,0,179.086,7.588,179.793,-18.59,20.29,147.84,-18.57,-7.91,174.37,53.785,53.900,-11.5828,-0.7100,280.45,49.47,-12.4061,-0.3400,,,0.19865,0
40.0195,14,11,1,2,111.67,129.67,dwell,227.41,3.32,171.35,0,178.994,7.562,179.813,-18.65,20.31,147.75,-18.12,-8.15,174.05,53.651,54.174,-10.0592,-2.2489,227.41,3.32,-11.3500,-1.1990,,,0.20309,0
40.1141,14,11,1,2,111.67,129.67,dwell,243.67,-22.01,201.07,0,179.045,7.616,179.782,-18.63,20.43,147.56,-17.80,-7.95,173.80,54.020,53.478,-9.6071,-2.0972,243.67,-22.01,-10.5657,-1.6032,,,0.23189,0
40.2170,14,11,1,2,111.67,129.67,dwell,250.20,18.59,177.57,0,178.990,7.660,179.770,-18.62,20.41,147.48,-18.62,-7.88,173.29,53.716,53.537,-10.6876,-1.5400,250.20,18.59,-10.6206,-1.5747,,,0.20115,0
40.3092,14,11,1,2,111.67,129.67,dwell,228.81,-11.18,183.19,0,178.943,7.809,179.759,-18.61,20.50,147.35,-17.86,-8.14,173.54,53.730,54.056,-10.3389,-2.1559,228.81,-11.18,-10.4938,-1.8363,,,0.19684,0
40.3961,14,11,1,2,111.67,129.67,capture,223.17,-8.48,177.53,0,178.902,7.907,179.785,-18.48,20.48,147.41,-17.61,-7.91,174.15,54.485,53.765,-9.7394,-2.1728,223.17,-8.48,-10.1543,-1.9877,,,0.25078,0
40.4790,14,11,1,2,111.67,129.67,capture,211.93,-6.86,169.39,0,178.919,7.954,179.777,-18.36,20.46,147.13,-18.54,-7.62,173.29,54.637,53.999,-9.6567,-3.1066,211.93,-6.86,-9.9304,-2.4912,,,0.25534,0
40.5959,14,11,1,2,111.67,129.67,capture,230.91,-33.18,201.84,0,178.949,8.089,179.780,-18.33,20.32,146.99,-17.80,-8.06,173.70,54.599,54.114,-9.3339,-2.1938,230.91,-33.18,-9.6620,-2.3573,,,0.23799,0
40.6912,14,11,1,2,111.67,129.67,capture,215.15,-17.10,179.58,0,178.892,7.908,179.820,-18.35,20.43,147.20,-17.44,-8.72,173.05,54.219,54.600,-9.5350,-2.5942,215.15,-17.10,-9.6048,-2.4639,,,0.22482,0
40.8010,14,11,1,2,111.67,129.67,capture,227.47,-4.24,177.04,0,178.930,7.945,179.830,-18.45,20.29,147.03,-17.76,-8.15,173.09,53.802,54.631,-9.7713,-1.9565,227.47,-4.24,-9.6797,-2.2356,,,0.22529,0
40.8961,14,11,1,2,111.67,129.67,capture,213.11,-16.71,178.09,0,178.979,7.851,179.832,-18.38,20.32,147.39,-17.72,-7.55,173.22,54.018,54.434,-8.6526,-3.5733,213.11,-16.71,-9.2175,-2.8375,,,0.22073,0
40.9869,14,11,1,2,111.67,129.67,capture,210.82,-45.90,201.63,0,178.980,7.720,179.824,-18.28,20.24,147.57,-17.51,-7.40,173.99,53.729,54.224,-7.4078,-3.1113,210.82,-45.90,-8.4031,-2.9607,,,0.21947,0
41.0751,14,11,1,2,111.67,129.67,capture,225.20,-16.41,185.01,0,178.860,7.673,179.847,-18.26,20.19,147.71,-18.11,-8.53,173.89,53.786,53.807,-10.4988,-2.2645,225.20,-16.41,-9.3462,-2.6474,,,0.21725,0
41.1892,14,11,1,2,111.67,129.67,capture,214.01,-2.75,167.36,0,178.860,7.670,179.843,-18.40,20.34,148.00,-17.81,-8.06,174.29,53.660,53.990,-9.2152,-2.8568,214.01,-2.75,-9.2873,-2.7416,,,0.21713,0
41.2845,14,11,1,2,111.67,129.67,capture,221.33,-24.51,189.20,0,178.972,7.581,179.836,-18.35,20.52,147.91,-18.54,-7.59,174.17,53.778,54.025,-8.2259,-2.5271,221.33,-24.51,-8.8096,-2.6451,,,0.22177,0
41.3829,14,11,1,2,111.67,129.67,capture,211.84,-13.12,174.42,0,178.941,7.579,179.834,-18.35,20.77,147.96,-18.43,-8.04,174.45,53.364,54.234,-9.3812,-3.5053,211.84,-13.12,-9.0669,-3.0322,,,0.20310,0
41.4699,14,11,1,2,111.67,129.67,capture,194.79,-33.83,183.41,0,178.824,7.488,179.833,-18.37,20.85,147.69,-17.62,-7.85,174.39,53.649,54.371,-9.9759,-3.5059,194.79,-33.83,-9.4759,-3.2454,,,0.18825,0
41.5940,14,11,1,2,111.67,129.67,capture,227.29,4.19,170.63,0,179.020,7.616,179.810,-18.41,20.93,147.97,-17.96,-8.17,174.12,53.717,54.161,-10.6684,-2.4994,227.29,4.19,-10.0126,-2.9097,,,0.22466,0
41.6800,14,11,1,2,111.67,129.67,capture,219.95,-17.35,182.59,0,178.948,7.632,179.783,-18.51,20.86,147.93,-18.50,-7.44,174.68,53.892,53.546,-9.6446,-2.4050,219.95,-17.35,-9.8470,-2.6826,,,0.22144,0
41.7620,14,11,1,2,111.67,129.67,capture,225.00,-12.78,182.03,0,178.989,7.586,179.775,-18.49,20.90,147.79,-17.98,-7.36,173.89,53.863,53.286,-9.3391,-2.6767,225.00,-12.78,-9.6185,-2.6799,,,0.22338,0
41.8709,14,11,1,2,111.67,129.67,capture,220.19,-38.97,200.54,0,178.769,7.682,179.815,-18.56,20.66,147.91,-17.71,-7.96,174.17,53.697,53.454,-8.6099,-2.4412,220.19,-38.97,-9.1646,-2.5725,,,0.23945,0
41.9662,14,11,1,2,111.67,129.67,capture,224.09,3.04,169.33,0,178.740,7.645,179.831,-18.73,20.59,147.72,-18.12,-8.15,174.00,54.055,53.153,-8.9536,-2.2599,224.09,3.04,-9.0696,-2.4318,,,0.20634,0
42.0612,14,11,1,2,111.67,129.67,capture,210.14,-30.82,188.29,0,178.735,7.697,179.804,-18.56,20.62,147.45,-17.52,-8.50,173.74,53.963,52.913,-9.2780,-3.3919,210.14,-30.82,-9.1634,-2.8638,,,0.22026,0
42.1660,14,11,1,2,111.67,129.67,capture,186.54,-25.65,172.42,0,178.723,7.674,179.816,-18.50,20.65,147.27,-18.35,-8.48,173.46,53.465,53.017,-8.4539,-3.9070,186.54,-25.65,-8.8441,-3.3333,,,0.18524,0
42.2493,14,11,1,2,111.67,129.67,capture,225.08,-15.35,184.10,0,178.721,7.657,179.851,-18.52,20.41,147.59,-18.18,-8.19,173.44,53.612,52.854,-8.5792,-2.7417,225.08,-15.35,-8.7249,-3.0671,,,0.19660,0
42.4408,15,12,1,3,156.33,129.67,dwell,164.69,53.26,76.86,0,178.710,7.576,179.868,-18.49,20.36,147.33,-18.12,-7.98,173.70,53.495,52.830,-12.5857,-5.5674,164.69,53.26,-12.5857,-5.5674,,,0.21896,0
42.5521,15,12,1,3,156.33,129.67,dwell,229.53,140.74,74.03,0,178.671,7.435,179.884,-18.48,20.31,147.48,-17.86,-8.98,173.76,53.172,53.080,-14.5181,-2.7154,229.53,140.74,-13.4553,-4.2840,,,0.20217,0
42.6415,15,12,1,3,156.33,129.67,dwell,301.87,122.58,145.71,0,178.795,7.582,179.882,-18.53,20.35,147.53,-18.41,-8.25,174.01,53.385,53.357,-14.9937,1.1172,301.87,122.58,-14.1475,-1.8534,,,0.19794,0
42.7381,15,12,1,3,156.33,129.67,dwell,133.52,39.78,92.74,0,178.821,7.624,179.897,-18.48,20.39,147.53,-18.80,-7.46,173.84,53.750,53.686,-11.5011,-6.3851,133.52,39.78,-12.9567,-3.8927,,,0.21349,0
42.8404,15,12,1,3,156.33,129.67,dwell,119.07,84.65,58.44,0,178.663,7.522,179.851,-18.35,20.20,147.46,-17.99,-8.08,173.58,53.631,53.438,-12.9226,-8.0738,119.07,84.65,-12.9413,-5.7742,,,0.20185,0
42.9402,15,12,1,3,156.33,129.67,dwell,70.43,130.83,85.91,0,178.613,7.406,179.820,-18.32,20.26,147.42,-18.21,-8.04,173.61,53.651,53.194,-15.1804,-9.8240,70.43,130.83,-13.9489,-7.5966,,,0.20771,0
43.0443,15,12,1,3,156.33,129.67,dwell,122.98,169.57,52.01,0,178.648,7.534,179.804,-18.24,20.41,147.29,-18.19,-8.06,173.35,53.587,53.686,-15.8843,-7.3093,122.98,169.57,-14.8198,-7.4673,,,0.20711,0
43.1352,15,12,1,3,156.33,129.67,dwell,129.98,169.69,47.92,0,178.749,7.595,179.840,-18.13,20.42,147.68,-17.55,-7.90,174.28,53.765,53.573,-16.1716,-6.1625,129.98,169.69,-15.4281,-6.8801,,,0.24169,0
43.2221,15,12,1,3,156.33,129.67,dwell,96.05,195.44,89.22,0,178.812,7.748,179.848,-18.20,20.56,147.98,-17.87,-8.04,173.87,53.932,53.970,-17.1912,-8.6155,96.05,195.44,-16.2215,-7.6610,,,0.21476,0
43.3482,15,12,1,3,156.33,129.67,capture,99.19,194.69,86.56,0,178.793,7.841,179.870,-18.21,20.55,147.97,-18.41,-7.81,174.62,54.014,53.861,-17.2840,-8.5007,99.19,194.69,-16.6996,-8.0389,,,0.23441,0
43.4666,15,12,1,3,156.33,129.67,capture,82.52,215.05,112.87,0,178.851,7.835,179.873,-18.26,20.46,147.81,-17.82,-7.63,174.03,54.035,53.807,-16.9311,-8.4048,82.52,215.05,-16.8038,-8.2036,,,0.22881,0
43.5723,15,12,1,3,156.33,129.67,capture,89.30,202.77,99.18,0,178.988,7.637,179.902,-18.38,20.43,147.53,-18.35,-7.75,173.97,53.898,53.641,-17.9183,-9.1424,89.30,202.77,-17.3053,-8.6260,,,0.24445,0
43.6709,15,12,1,3,156.33,129.67,capture,97.62,189.77,84.02,0,178.838,7.570,179.930,-18.39,20.37,147.74,-18.03,-8.44,173.97,53.986,53.944,-17.5650,-8.0826,97.62,189.77,-17.4222,-8.3815,,,0.20919,0
43.7713,15,12,1,3,156.33,129.67,capture,79.30,193.24,99.88,0,178.952,7.555,179.912,-18.41,20.53,147.66,-18.33,-7.86,174.12,54.058,54.061,-18.1014,-9.6585,79.30,193.24,-17.7278,-8.9561,,,0.22284,0
43.8544,15,12,1,3,156.33,129.67,capture,102.39,198.36,87.34,0,179.057,7.661,179.867,-18.32,20.55,147.74,-18.03,-7.59,174.02,54.209,54.210,-17.1259,-8.4383,102.39,198.36,-17.4570,-8.7231,,,0.23789,0
43.9432,15,12,1,3,156.33,129.67,capture,57.81,211.40,128.01,0,179.018,7.564,179.866,-18.46,20.65,147.55,-18.06,-7.99,173.77,54.044,53.618,-16.6831,-9.1967,57.81,211.40,-17.1087,-8.9362,,,0.19227,0
44.0417,15,12,1,3,156.33,129.67,capture,79.23,181.86,93.11,0,179.124,7.724,179.841,-18.39,20.68,147.59,-17.65,-7.97,174.01,54.137,53.817,-17.2460,-8.9231,79.23,181.86,-17.1705,-8.9303,,,0.21761,0
44.1354,15,12,1,3,156.33,129.67,capture,73.65,186.55,100.36,0,179.089,7.694,179.846,-18.37,20.74,147.65,-17.95,-8.61,174.00,54.020,54.613,-17.4154,-9.2947,73.65,186.55,-17.2807,-9.0943,,,0.22677,0
44.2580,15,12,1,3,156.33,129.67,capture,82.67,213.68,111.73,0,179.011,7.836,179.851,-18.38,20.72,147.48,-17.39,-7.76,173.66,53.609,54.462,-17.4029,-9.1247,82.67,213.68,-17.3357,-9.1080,,,0.22642,0
44.3608,15,12,1,3,156.33,129.67,capture,74.84,198.90,106.93,0,178.953,7.874,179.829,-18.48,20.73,147.51,-17.85,-8.29,174.12,53.570,54.713,-17.1400,-8.7784,74.84,198.90,-17.2476,-8.9597,,,0.20970,0
44.4628,15,12,1,3,156.33,129.67,capture,86.96,211.46,107.25,0,178.977,7.936,179.816,-18.46,20.76,147.78,-18.12,-7.89,174.04,53.419,54.539,-16.9791,-8.5886,86.96,211.46,-17.1268,-8.7927,,,0.19983,0
44.5537,15,12,1,3,156.33,129.67,capture,91.19,187.21,86.92,0,179.123,7.868,179.846,-18.41,20.51,147.54,-17.88,-9.06,173.91,53.603,54.235,-17.1216,-9.0450,91.19,187.21,-17.1245,-8.9062,,,0.19990,0
44.6582,15,12,1,3,156.33,129.67,capture,101.63,190.82,82.05,0,179.153,7.961,179.842,-18.41,20.35,147.71,-18.09,-7.76,174.30,53.935,54.364,-17.5774,-7.3592,101.63,190.82,-17.3283,-8.2101,,,0.21234,0
44.7675,15,12,1,3,156.33,129.67,capture,91.34,195.74,92.68,0,179.114,7.824,179.819,-18.38,20.50,147.65,-17.88,-8.17,173.74,53.711,54.781,-17.7095,-8.8334,91.34,195.74,-17.4998,-8.4906,,,0.22164,0
44.8608,15,12,1,3,156.33,129.67,capture,82.26,205.12,105.74,0,179.123,7.673,179.821,-18.28,20.47,147.67,-18.78,-7.60,173.98,53.558,54.494,-17.8385,-9.8500,82.26,205.12,-17.6522,-9.1023,,,0.20226,0
44.9500,15,12,1,3,156.33,129.67,capture,92.74,187.57,86.01,0,179.178,7.702,179.816,-18.37,20.64,147.75,-17.30,-8.33,173.79,53.608,54.992,-16.7016,-8.2838,92.74,187.57,-17.2244,-8.7340,,,0.19984,0
45.0588,15,12,1,3,156.33,129.67,capture,91.90,199.80,95.24,0,179.249,7.533,179.805,-18.42,20.58,147.80,-18.11,-7.87,174.32,53.712,55.222,-17.7939,-8.6202,91.90,199.80,-17.4807,-8.6828,,,0.21562,0
45.1566,15,12,1,3,156.33,129.67,capture,91.16,181.37,83.19,0,179.308,7.460,179.815,-18.34,20.59,147.83,-18.11,-7.96,174.06,53.366,54.968,-17.1616,-8.4334,91.16,181.37,-17.3371,-8.5705,,,0.21246,0
45.2624,15,12,1,3,156.33,129.67,capture,90.30,182.86,84.79,0,179.240,7.339,179.795,-18.40,20.49,147.76,-18.16,-8.78,173.96,53.204,55.497,-16.0121,-8.7044,90.30,182.86,-16.7408,-8.6308,,,0.22070,0
45.3665,15,12,1,3,156.33,129.67,capture,73.25,173.28,93.83,0,179.150,7.466,179.826,-18.38,20.27,148.02,-18.68,-8.28,174.15,53.511,55.199,-16.5051,-9.8648,73.25,173.28,-16.6348,-9.1861,,,0.21241,0
45.5508,16,60,6,6,290.33,561.89,dwell,67.33,328.00,323.16,0,179.100,7.611,179.825,-18.49,20.27,147.98,-18.09,-8.24,174.65,53.024,55.070,-22.1588,-10.0769,67.33,328.00,-22.1588,-10.0769,,,0.19385,0
45.6399,16,60,6,6,290.33,561.89,dwell,173.06,380.72,215.81,0,178.968,7.723,179.830,-18.49,20.26,148.03,-18.66,-8.67,174.25,53.030,55.098,-23.5647,-5.1318,173.06,380.72,-22.7915,-7.8516,,,0.18568,0
45.7500,16,60,6,6,290.33,561.89,dwell,23.53,352.78,338.98,0,178.925,7.893,179.813,-18.56,20.28,147.97,-18.71,-8.74,174.55,53.344,55.026,-23.5265,-11.9306,23.53,352.78,-23.1222,-9.6871,,,0.21802,0
45.8568,16,60,6,6,290.33,561.89,dwell,89.94,393.65,261.65,0,178.889,8.024,179.824,-18.66,20.50,147.97,-18.44,-9.16,174.34,53.170,54.748,-25.1086,-8.8398,89.94,393.65,-24.0161,-9.3059,,,0.22004,0
45.9601,16,60,6,6,290.33,561.89,dwell,102.85,530.07,190.16,0,178.813,8.161,179.793,-18.58,20.55,147.89,-17.73,-8.07,174.29,53.184,54.355,-30.0362,-7.9732,102.85,530.07,-26.7251,-8.7062,,,0.19377,0
46.0690,16,60,6,6,290.33,561.89,dwell,169.71,513.66,129.91,0,178.747,8.224,179.808,-18.66,20.49,147.78,-17.87,-8.08,174.26,53.524,54.076,-30.0825,-5.6548,169.71,513.66,-28.2359,-7.3330,,,0.19958,0
46.1743,16,60,6,6,290.33,561.89,dwell,192.82,469.07,134.63,0,178.774,8.301,179.824,-18.71,20.47,147.77,-18.22,-8.04,173.89,53.632,54.236,-27.3215,-3.0385,192.82,469.07,-27.8244,-5.4005,,,0.20341,0
46.2786,16,60,6,6,290.33,561.89,dwell,225.19,512.70,81.63,0,178.738,8.388,179.811,-18.59,20.63,147.62,-17.48,-8.17,173.95,53.589,54.191,-29.0581,-2.7646,225.19,512.70,-28.3796,-4.2143,,,0.21141,0
46.3681,16,60,6,6,290.33,561.89,dwell,238.06,568.16,52.65,0,178.690,8.449,179.805,-18.53,20.65,147.45,-18.42,-7.19,173.78,53.778,54.442,-32.4060,-1.2889,238.06,568.16,-30.1915,-2.8979,,,0.21661,0
46.4501,16,60,6,6,290.33,561.89,dwell,220.72,610.34,84.81,0,178.676,8.474,179.807,-18.50,20.62,147.36,-17.85,-7.58,173.97,53.881,54.880,-34.0645,-3.3037,220.72,610.34,-31.9343,-3.0805,,,0.20665,0
46.5446,16,60,6,6,290.33,561.89,capture,233.39,638.18,95.20,0,178.598,8.591,179.830,-18.46,20.64,147.26,-18.51,-8.08,173.71,53.881,54.642,-35.2513,-1.8829,233.39,638.18,-33.4269,-2.5416,,,0.24787,0
46.6457,16,60,6,6,290.33,561.89,capture,224.16,626.95,92.80,0,178.756,8.533,179.853,-18.45,20.55,147.18,-17.83,-8.39,173.13,53.694,54.646,-33.7104,-2.3482,224.16,626.95,-33.5545,-2.4546,,,0.20474,0
46.7476,16,60,6,6,290.33,561.89,capture,273.84,612.42,53.15,0,178.698,8.460,179.834,-18.35,20.49,147.32,-17.54,-8.16,174.03,53.092,54.470,-34.4789,0.0071,273.84,612.42,-33.9705,-1.3468,,,0.18379,0
46.8413,16,60,6,6,290.33,561.89,capture,252.55,597.28,51.77,0,178.755,8.635,179.831,-18.29,20.62,147.20,-17.93,-8.27,173.56,53.224,54.807,-33.5475,-0.9276,252.55,597.28,-33.7801,-1.1582,,,0.18348,0
46.9501,16,60,6,6,290.33,561.89,capture,262.22,597.65,45.49,0,178.709,8.623,179.857,-18.34,20.60,147.27,-17.94,-8.08,173.35,53.608,54.597,-32.8880,-0.8714,262.22,597.65,-33.3787,-1.0291,,,0.22769,0
47.0627,16,60,6,6,290.33,561.89,capture,251.12,605.49,58.64,0,178.733,8.591,179.871,-18.23,20.66,147.46,-17.77,-8.18,173.71,53.958,54.402,-34.7334,-1.4351,251.12,605.49,-33.9883,-1.2118,,,0.22566,0
47.1555,16,60,6,6,290.33,561.89,capture,235.87,594.45,63.45,0,178.773,8.549,179.835,-18.25,20.56,147.55,-18.13,-8.49,174.27,53.748,54.544,-32.0480,-2.7227,235.87,594.45,-33.1151,-1.8917,,,0.20321,0
47.2558,16,60,6,6,290.33,561.89,capture,247.14,645.56,94.16,0,178.755,8.699,179.840,-18.21,20.43,147.26,-17.64,-8.39,173.57,53.802,54.230,-34.8695,-1.4766,247.14,645.56,-33.9046,-1.7049,,,0.18296,0
47.3504,16,60,6,6,290.33,561.89,capture,239.99,619.59,76.58,0,178.822,8.748,179.871,-18.17,20.43,147.55,-17.62,-7.74,173.96,53.898,54.407,-34.0458,-2.0235,239.99,619.59,-33.9681,-1.8483,,,0.20727,0
47.4660,16,60,6,6,290.33,561.89,capture,209.72,613.89,95.93,0,178.863,8.703,179.849,-18.16,20.55,147.48,-17.35,-7.68,173.61,53.748,54.529,-34.0985,-3.9355,209.72,613.89,-34.0268,-2.7875,,,0.22345,0
47.5709,16,60,6,6,290.33,561.89,capture,218.42,599.31,81.07,0,179.033,8.511,179.841,-18.19,20.40,147.61,-18.45,-7.31,173.61,53.324,54.505,-33.7185,-2.5268,218.42,599.31,-33.8881,-2.6702,,,0.18831,0
47.6787,16,60,6,6,290.33,561.89,capture,235.31,628.56,86.44,0,179.031,8.607,179.839,-18.31,20.37,147.45,-18.02,-9.16,173.74,53.289,54.383,-34.4226,-2.1286,235.31,628.56,-34.1286,-2.4265,,,0.19989,0
47.7618,16,60,6,6,290.33,561.89,capture,252.00,611.84,62.96,0,179.064,8.627,179.843,-18.28,20.33,147.46,-17.72,-8.25,173.59,53.180,54.270,-33.2365,-1.3844,252.00,611.84,-33.7272,-1.9575,,,0.21148,0
47.8562,16,60,6,6,290.33,561.89,capture,252.48,590.92,47.70,0,178.977,8.510,179.837,-18.42,20.26,147.26,-18.03,-8.29,173.52,53.454,53.859,-32.1301,-1.0175,252.48,590.92,-33.0085,-1.5345,,,0.23084,0
47.9433,16,60,6,6,290.33,561.89,capture,247.42,623.70,75.25,0,178.965,8.633,179.834,-18.48,20.20,147.24,-18.28,-8.20,172.75,53.424,53.749,-34.2004,-1.8597,247.42,623.70,-33.5449,-1.6808,,,0.17640,0
48.0404,16,60,6,6,290.33,561.89,capture,235.99,618.56,78.52,0,179.124,8.446,179.837,-18.55,20.24,147.49,-18.21,-8.37,174.27,53.593,53.751,-34.5933,-1.0019,235.99,618.56,-34.0166,-1.3753,,,0.22522,0
48.1269,16,60,6,6,290.33,561.89,capture,242.49,602.31,62.63,0,179.092,8.376,179.846,-18.56,20.35,147.62,-17.81,-7.38,174.17,53.603,53.828,-33.9635,-1.5992,242.49,602.31,-33.9927,-1.4761,,,0.20641,0
48.2299,16,60,6,6,290.33,561.89,capture,236.99,625.79,83.24,0,179.141,8.552,179.846,-18.55,20.30,147.53,-18.37,-8.36,173.79,53.600,53.907,-33.8767,-1.5942,236.99,625.79,-33.9405,-1.5292,,,0.21639,0
48.3341,16,60,6,6,290.33,561.89,capture,244.79,609.06,65.57,0,179.108,8.559,179.868,-18.46,20.36,147.26,-17.81,-8.23,173.14,53.807,54.200,-32.4426,-1.0962,244.79,609.06,-33.2665,-1.3344,,,0.19020,0
48.4377,16,60,6,6,290.33,561.89,capture,242.91,600.47,61.13,0,179.235,8.455,179.851,-18.51,20.55,147.46,-18.10,-6.94,173.53,53.797,54.313,-32.8348,-1.6865,242.91,600.47,-33.0722,-1.4928,,,0.20302,0
48.6550,17,70,7,7,335.00,648.33,dwell,299.94,635.65,37.28,0,179.130,8.477,179.811,-18.50,20.39,147.40,-18.15,-7.86,173.90,53.818,54.306,-34.2277,0.6828,299.94,635.65,-34.2277,0.6828,,,0.19196,0
48.7635,17,70,7,7,335.00,648.33,dwell,351.50,787.61,140.25,0,179.145,8.579,179.806,-18.36,20.44,147.68,-17.64,-9.20,173.81,52.997,54.404,-40.6951,3.3096,351.50,787.61,-37.1381,1.8649,,,0.18789,0
48.8819,17,70,7,7,335.00,648.33,dwell,163.01,771.78,211.71,0,179.018,8.540,179.805,-18.32,20.49,147.84,-17.80,-7.55,174.61,52.986,54.356,-38.9060,-5.6195,163.01,771.78,-37.9336,-1.5031,,,0.21735,0
48.9867,17,70,7,7,335.00,648.33,dwell,277.57,789.67,152.56,0,179.079,8.535,179.805,-18.23,20.41,147.63,-18.11,-8.11,173.78,53.270,54.616,-40.5579,1.2296,277.57,789.67,-39.1145,-0.2734,,,0.20818,0
49.1007,17,70,7,7,335.00,648.33,dwell,235.17,815.01,194.29,0,179.162,8.433,179.805,-18.20,20.57,147.70,-18.27,-7.56,174.29,53.500,54.815,-41.8917,-1.9367,235.17,815.01,-40.3643,-1.0219,,,0.19950,0
49.1931,17,70,7,7,335.00,648.33,dwell,274.79,709.20,85.62,0,179.140,8.392,179.788,-18.28,20.39,147.54,-17.79,-7.99,173.61,53.655,54.700,-38.1533,0.1429,274.79,709.20,-39.3693,-0.4977,,,0.18734,0
49.2878,17,70,7,7,335.00,648.33,dwell,246.46,678.65,93.59,0,179.047,8.370,179.799,-18.37,20.37,147.65,-18.11,-8.03,174.31,53.754,54.369,-36.8667,-1.0514,246.46,678.65,-38.2432,-0.7469,,,0.20656,0
49.3875,17,70,7,7,335.00,648.33,dwell,212.28,788.79,186.52,0,179.000,8.465,179.804,-18.33,20.36,147.59,-17.74,-8.15,173.83,53.427,54.270,-41.2120,-2.6751,212.28,788.79,-39.5791,-1.6146,,,0.18526,0
49.4978,17,70,7,7,335.00,648.33,dwell,263.84,753.15,126.69,0,178.808,8.439,179.788,-18.36,20.41,147.36,-18.56,-7.94,173.74,53.635,53.695,-39.2177,-0.0893,263.84,753.15,-39.4165,-0.9282,,,0.21026,0
49.5892,17,70,7,7,335.00,648.33,capture,247.09,793.84,170.00,0,178.808,8.469,179.823,-18.52,20.34,147.28,-18.80,-8.35,173.11,54.059,53.791,-40.7667,-1.0804,247.09,793.84,-40.0241,-0.9967,,,0.21726,0
49.6874,17,70,7,7,335.00,648.33,capture,240.90,769.52,153.43,0,178.902,8.627,179.844,-18.61,20.57,147.13,-18.27,-7.94,172.86,54.213,54.233,-40.3985,-1.8275,240.90,769.52,-40.1926,-1.3705,,,0.22396,0
49.7694,17,70,7,7,335.00,648.33,capture,251.06,749.24,131.26,0,178.841,8.616,179.864,-18.42,20.47,147.16,-18.08,-7.90,173.95,53.805,54.223,-39.5115,-0.9974,251.06,749.24,-39.8861,-1.2026,,,0.21371,0
49.8643,17,70,7,7,335.00,648.33,capture,255.63,779.29,153.13,0,178.822,8.588,179.861,-18.49,20.38,147.28,-17.94,-8.42,173.75,53.708,54.099,-39.9518,-0.6899,255.63,779.29,-39.9156,-0.9719,,,0.20957,0
49.9745,17,70,7,7,335.00,648.33,capture,246.30,768.16,149.08,0,178.830,8.602,179.862,-18.47,20.24,147.13,-17.42,-8.28,172.84,53.545,54.134,-39.8040,-2.0969,246.30,768.16,-39.8654,-1.4781,,,0.22015,0
50.0625,17,70,7,7,335.00,648.33,capture,232.54,772.90,161.29,0,178.901,8.634,179.862,-18.47,20.21,146.96,-17.10,-8.73,173.19,53.595,54.250,-40.0954,-2.5764,232.54,772.90,-39.9689,-1.9724,,,0.20812,0
50.1785,17,70,7,7,335.00,648.33,capture,266.22,771.19,140.80,0,178.871,8.666,179.894,-18.35,20.35,146.92,-18.32,-7.51,172.93,54.063,54.347,-39.8129,-0.3854,266.22,771.19,-39.8987,-1.2582,,,0.23155,0
50.2823,17,70,7,7,335.00,648.33,capture,263.55,750.98,125.07,0,178.889,8.528,179.919,-18.42,20.20,147.09,-17.80,-8.60,173.19,53.789,54.359,-38.1304,-1.1664,263.55,750.98,-39.1030,-1.2169,,,0.19795,0
50.3797,17,70,7,7,335.00,648.33,capture,233.71,740.87,137.20,0,178.926,8.468,179.894,-18.47,20.19,147.19,-18.21,-8.60,173.41,53.824,54.167,-38.9355,-2.0364,233.71,740.87,-39.0276,-1.5857,,,0.21494,0
50.4688,17,70,7,7,335.00,648.33,capture,268.11,790.70,157.30,0,178.913,8.449,179.875,-18.46,20.31,146.87,-18.08,-9.23,172.65,53.595,54.167,-40.4160,-0.6291,268.11,790.70,-39.6524,-1.1552,,,0.19695,0
50.5508,17,70,7,7,335.00,648.33,capture,268.11,761.20,131.20,0,178.937,8.348,179.879,-18.49,20.25,147.08,-18.35,-8.02,173.50,53.848,53.861,-39.0293,-0.3556,268.11,761.20,-39.3720,-0.7954,,,0.20289,0
50.6552,17,70,7,7,335.00,648.33,capture,251.33,772.86,150.03,0,178.868,8.254,179.877,-18.50,20.29,147.08,-17.55,-8.39,173.09,53.689,53.966,-40.2131,-1.4244,251.33,772.86,-39.7505,-1.0784,,,0.20789,0
50.7416,17,70,7,7,335.00,648.33,capture,255.90,747.33,126.72,0,178.827,8.379,179.869,-18.55,20.34,147.00,-18.60,-8.53,173.12,53.869,54.155,-39.3597,-1.5350,255.90,747.33,-39.5746,-1.2839,,,0.22203,0
50.8644,17,70,7,7,335.00,648.33,capture,259.51,749.35,126.11,0,178.877,8.435,179.868,-18.57,20.50,147.03,-17.83,-7.65,173.37,53.924,54.052,-39.5863,-0.7601,259.51,749.35,-39.5799,-1.0482,,,0.23746,0
50.9684,17,70,7,7,335.00,648.33,capture,245.44,754.38,138.81,0,178.983,8.356,179.866,-18.53,20.57,147.19,-17.80,-7.70,173.10,54.017,54.091,-39.1513,-1.1180,245.44,754.38,-39.3870,-1.0796,,,0.24964,0
51.0504,17,70,7,7,335.00,648.33,capture,235.56,764.32,152.78,0,179.066,8.489,179.887,-18.42,20.55,147.38,-17.77,-7.62,173.76,53.775,53.931,-39.4948,-1.8221,235.56,764.32,-39.4355,-1.4137,,,0.20313,0
51.1601,17,70,7,7,335.00,648.33,capture,246.97,761.65,143.49,0,179.039,8.480,179.884,-18.42,20.57,147.28,-18.46,-7.52,173.59,53.713,53.700,-40.2177,-1.4735,246.97,761.65,-39.7875,-1.4406,,,0.21313,0
51.2645,17,70,7,7,335.00,648.33,capture,271.17,750.22,120.23,0,179.097,8.462,179.848,-18.38,20.45,147.13,-18.00,-8.62,173.16,53.568,53.567,-38.5067,0.3421,271.17,750.22,-39.2111,-0.6384,,,0.20965,0
51.3503,17,70,7,7,335.00,648.33,capture,268.66,778.95,146.50,0,179.040,8.322,179.806,-18.37,20.56,147.34,-17.98,-8.21,173.62,53.502,53.750,-40.3253,-0.6952,268.66,778.95,-39.7125,-0.6640,,,0.19887,0
51.4685,17,70,7,7,335.00,648.33,capture,268.29,772.99,141.38,0,179.073,8.419,179.812,-18.37,20.41,147.57,-17.47,-7.20,173.80,53.846,53.656,-39.6069,-0.1083,268.29,772.99,-39.6650,-0.4139,,,0.21927,0
51.5582,17,70,7,7,335.00,648.33,capture,252.70,749.52,130.43,0,179.029,8.373,179.812,-18.39,20.45,147.40,-18.29,-8.64,173.70,53.888,53.853,-38.9785,-0.9200,252.70,749.52,-39.3560,-0.6417,,,0.20071,0
51.7302,18,2,0,2,111.67,43.22,dwell,159.25,485.15,444.48,0,179.029,8.295,179.808,-18.41,20.45,147.62,-18.12,-7.82,173.84,53.751,53.936,-29.5462,-5.8914,159.25,485.15,-29.5462,-5.8914,,,0.23526,0
51.8245,18,2,0,2,111.67,43.22,dwell,229.50,477.15,449.64,0,179.068,8.268,179.801,-18.53,20.36,147.57,-18.77,-8.78,173.94,53.704,54.008,-27.4515,-2.2788,229.50,477.15,-28.6036,-4.2658,,,0.21344,0
51.9352,18,2,0,2,111.67,43.22,dwell,154.01,418.35,377.51,0,178.996,8.191,179.824,-18.57,20.36,147.71,-17.77,-8.10,173.85,53.721,54.120,-26.2598,-5.1483,154.01,418.35,-27.5489,-4.6629,,,0.22392,0
52.0495,18,2,0,2,111.67,43.22,dwell,160.17,325.43,286.35,0,178.984,7.996,179.843,-18.43,20.56,147.74,-18.27,-8.38,173.94,53.725,54.071,-22.5468,-4.8261,160.17,325.43,-25.2980,-4.7363,,,0.20355,0
52.1611,18,2,0,2,111.67,43.22,dwell,174.60,198.19,167.26,0,178.931,7.929,179.814,-18.40,20.29,147.93,-17.94,-7.75,174.44,53.812,54.124,-17.6622,-5.1603,174.60,198.19,-21.8619,-4.9271,,,0.22395,0
52.2692,18,2,0,2,111.67,43.22,dwell,127.73,165.65,123.48,0,178.951,7.995,179.831,-18.27,20.29,147.79,-17.80,-8.33,174.18,53.681,54.314,-15.6216,-7.3870,127.73,165.65,-19.0538,-6.0341,,,0.21305,0
52.3598,18,2,0,2,111.67,43.22,dwell,106.99,96.10,53.08,0,179.067,7.871,179.865,-18.34,20.38,147.75,-17.98,-8.05,174.55,53.878,54.418,-13.1093,-7.9151,106.99,96.10,-16.3787,-6.8805,,,0.23025,0
52.4423,18,2,0,2,111.67,43.22,dwell,95.50,31.83,19.78,1,179.089,7.793,179.829,-18.34,20.30,147.84,-18.48,-7.97,174.61,54.380,54.878,-10.3829,-8.4358,95.50,31.83,-13.6806,-7.5804,,,0.22532,0
52.5660,18,2,0,2,111.67,43.22,capture,108.89,-35.87,79.14,0,179.208,7.717,179.782,-18.33,20.34,147.77,-17.84,-8.04,173.88,53.992,55.358,-8.4840,-8.3309,108.89,-35.87,-11.3421,-7.9182,,,0.24229,0
52.6805,18,2,0,2,111.67,43.22,capture,70.58,9.18,53.36,0,179.057,7.628,179.795,-18.23,20.36,147.73,-17.47,-7.72,174.15,54.321,55.239,-11.0853,-9.7506,70.58,9.18,-11.2266,-8.7427,,,0.22218,0
52.7880,18,2,0,2,111.67,43.22,capture,80.67,0.12,53.09,0,179.018,7.730,179.784,-18.25,20.46,147.76,-17.57,-8.25,174.29,53.918,55.000,-9.7733,-9.5554,80.67,0.12,-10.5726,-9.1084,,,0.21656,0
52.8924,18,2,0,2,111.67,43.22,capture,66.57,-13.47,72.44,0,179.073,7.807,179.796,-18.23,20.42,147.79,-17.63,-8.25,174.83,53.866,54.845,-8.6877,-9.0329,66.57,-13.47,-9.7244,-9.0744,,,0.21643,0
52.9838,18,2,0,2,111.67,43.22,capture,96.97,8.41,37.79,1,178.910,7.599,179.798,-18.43,20.44,147.82,-17.31,-7.41,173.99,54.106,54.861,-9.3964,-8.4085,96.97,8.41,-9.5768,-8.7748,,,0.22632,0
53.0996,18,2,0,2,111.67,43.22,capture,115.11,-4.86,48.21,0,178.980,7.684,179.788,-18.55,20.30,147.82,-18.17,-8.85,174.23,53.972,55.056,-9.3197,-7.7170,115.11,-4.86,-9.4611,-8.2988,,,0.19339,0
53.1956,18,2,0,2,111.67,43.22,capture,100.91,-19.62,63.76,0,179.163,7.662,179.774,-18.54,20.31,147.91,-17.86,-7.91,174.39,53.974,54.967,-8.3684,-7.8581,100.91,-19.62,-8.9694,-8.1005,,,0.21605,0
53.3010,18,2,0,2,111.67,43.22,capture,90.84,-3.62,51.26,0,179.024,7.852,179.787,-18.37,20.41,147.76,-18.19,-7.82,174.27,53.794,54.996,-10.0439,-9.1615,90.84,-3.62,-9.4529,-8.5779,,,0.22215,0
53.3967,18,2,0,2,111.67,43.22,capture,79.81,-30.99,80.76,0,179.041,7.787,179.814,-18.35,20.61,147.78,-17.65,-7.44,173.74,53.699,54.912,-8.8758,-9.0819,79.81,-30.99,-9.1932,-8.8047,,,0.23098,0
53.4989,18,2,0,2,111.67,43.22,capture,77.36,-5.19,59.34,0,179.144,7.612,179.822,-18.51,20.61,147.84,-17.78,-8.59,174.80,53.748,55.121,-9.9879,-9.0904,77.36,-5.19,-9.5508,-8.9333,,,0.22249,0
53.5905,18,2,0,2,111.67,43.22,capture,85.27,-12.62,61.77,0,179.030,7.747,179.828,-18.50,20.62,147.58,-17.75,-8.30,173.70,53.979,55.068,-9.5567,-8.8333,85.27,-12.62,-9.5535,-8.8883,,,0.21834,0
53.6955,18,2,0,2,111.67,43.22,capture,109.84,-19.71,62.96,0,178.963,7.600,179.876,-18.37,20.72,147.81,-18.11,-8.67,174.71,54.038,54.989,-9.0470,-7.6632,109.84,-19.71,-9.3256,-8.3370,,,0.23083,0
53.7887,18,2,0,2,111.67,43.22,capture,106.80,-35.10,78.47,0,179.128,7.557,179.860,-18.16,20.78,147.91,-17.85,-7.71,174.51,54.126,55.030,-8.4068,-8.3597,106.80,-35.10,-8.9121,-8.3472,,,0.23243,0
53.8926,18,2,0,2,111.67,43.22,capture,86.86,-29.19,76.54,0,179.049,7.457,179.873,-18.28,20.68,148.14,-17.94,-7.86,174.95,54.246,55.013,-8.9189,-8.8570,86.86,-29.19,-8.9152,-8.5766,,,0.21878,0
54.0023,18,2,0,2,111.67,43.22,capture,82.59,-18.30,68.05,0,179.073,7.526,179.883,-18.30,20.83,147.94,-17.63,-8.11,174.09,53.970,54.608,-9.9470,-8.8268,82.59,-18.30,-9.3795,-8.6892,,,0.20708,0
54.1090,18,2,0,2,111.67,43.22,capture,104.47,-8.31,52.03,0,179.064,7.459,179.844,-18.34,20.78,147.59,-18.15,-7.48,173.79,53.890,54.346,-9.4794,-8.5015,104.47,-8.31,-9.4244,-8.6047,,,0.21439,0
54.1978,18,2,0,2,111.67,43.22,capture,82.36,-21.27,70.84,0,179.156,7.330,179.836,-18.32,20.75,147.69,-17.99,-8.07,173.78,54.254,54.590,-9.2146,-8.8455,82.36,-21.27,-9.3300,-8.7131,,,0.22884,0
54.3246,18,2,0,2,111.67,43.22,capture,130.77,-37.70,83.15,0,179.014,7.311,179.860,-18.21,20.75,147.71,-18.67,-7.44,174.42,54.006,54.718,-7.8298,-7.1237,130.77,-37.70,-8.6549,-7.9978,,,0.25401,0
54.4392,18,2,0,2,111.67,43.22,capture,67.82,20.96,49.17,0,179.067,7.441,179.882,-18.07,20.39,147.66,-17.33,-7.91,173.93,53.849,54.311,-11.6806,-9.6413,67.82,20.96,-10.0164,-8.7374,,,0.21011,0
54.5591,18,2,0,2,111.67,43.22,capture,94.30,5.56,41.47,1,179.012,7.492,179.899,-18.06,20.42,147.65,-18.21,-8.25,173.99,53.299,53.752,-10.5449,-8.3760,94.30,5.56,-10.2543,-8.5748,,,0.19120,0
54.7086,19,73,8,1,67.00,734.78,dwell,176.49,-40.56,783.03,0,178.994,7.776,179.903,-18.10,20.40,147.68,-17.59,-7.83,173.90,53.405,54.174,-8.0240,-4.3806,176.49,-40.56,-8.0240,-4.3806,,,0.20368,0
54.8018,19,73,8,1,67.00,734.78,dwell,9.77,142.55,594.99,0,179.100,7.892,179.852,-18.08,20.40,147.67,-17.83,-7.78,173.71,53.526,54.471,-14.6141,-12.1957,9.77,142.55,-10.9895,-7.8974,,,0.20258,0
54.8988,19,73,8,1,67.00,734.78,dwell,118.24,9.43,727.16,0,179.073,8.162,179.844,-18.02,20.39,147.58,-16.98,-8.06,173.61,53.609,54.425,-10.9981,-7.2339,118.24,9.43,-10.9934,-7.5988,,,0.20769,0
54.9991,19,73,8,1,67.00,734.78,dwell,15.03,-25.38,761.93,0,178.959,8.214,179.864,-17.99,20.44,147.41,-17.59,-7.86,173.80,53.344,54.556,-8.9446,-12.3704,15.03,-25.38,-10.0715,-9.7460,,,0.19288,0
55.0946,19,73,8,1,67.00,734.78,dwell,-30.43,42.88,698.72,0,178.966,8.151,179.821,-18.15,20.49,147.51,-17.83,-8.21,174.03,53.797,54.815,-10.8254,-14.7202,-30.43,42.88,-10.4107,-11.9844,,,0.19655,0
55.2097,19,73,8,1,67.00,734.78,dwell,1.43,59.00,678.95,0,179.022,8.246,179.814,-18.13,20.72,147.33,-17.26,-7.64,173.82,53.903,54.572,-12.1988,-12.5914,1.43,59.00,-11.2154,-12.2576,,,0.22527,0
55.3112,19,73,8,1,67.00,734.78,dwell,-31.22,114.56,627.95,0,179.025,8.388,179.820,-18.17,20.69,147.43,-17.73,-7.71,173.45,53.799,54.193,-13.9779,-14.4775,-31.22,114.56,-12.4585,-13.2565,,,0.19345,0
55.4120,19,73,8,1,67.00,734.78,dwell,40.74,105.36,629.97,0,178.918,8.510,179.807,-18.25,20.76,147.22,-17.53,-7.00,173.44,53.789,54.353,-15.0536,-11.2279,40.74,105.36,-13.6263,-12.3436,,,0.20127,0
55.5081,19,73,8,1,67.00,734.78,dwell,-3.39,131.15,607.72,0,178.950,8.642,179.753,-18.17,20.82,147.22,-17.84,-7.46,173.52,53.946,54.670,-15.3069,-13.1725,-3.39,131.15,-14.3826,-12.7166,,,0.18225,0
55.6012,19,73,8,1,67.00,734.78,dwell,36.49,158.65,576.94,0,178.938,8.510,179.745,-18.19,20.77,147.36,-18.21,-7.16,173.41,53.925,54.339,-16.1644,-11.1119,36.49,158.65,-15.1844,-11.9945,,,0.21370,0
55.7000,19,73,8,1,67.00,734.78,dwell,-28.88,154.38,588.26,0,178.930,8.520,179.743,-18.16,20.69,147.54,-17.73,-8.58,173.80,54.078,54.537,-15.5667,-14.5767,-28.88,154.38,-15.3564,-13.1565,,,0.20630,0
55.8054,19,73,8,1,67.00,734.78,capture,-25.93,126.22,615.61,0,178.881,8.500,179.749,-18.05,20.78,147.29,-16.79,-8.17,173.57,54.071,54.333,-15.2690,-13.6090,-25.93,126.22,-15.3171,-13.3601,,,0.20957,0
55.8902,19,73,8,1,67.00,734.78,capture,-25.17,139.43,602.44,0,178.911,8.580,179.748,-18.07,20.87,147.20,-17.69,-7.58,173.43,54.507,54.436,-15.1430,-13.7232,-25.17,139.43,-15.2387,-13.5235,,,0.24570,0
55.9801,19,73,8,1,67.00,734.78,capture,-1.23,136.57,602.09,0,178.971,8.704,179.741,-18.19,20.94,146.98,-17.84,-8.46,173.14,53.932,54.150,-14.9656,-12.9749,-1.23,136.57,-15.1158,-13.2766,,,0.22514,0
56.0891,19,73,8,1,67.00,734.78,capture,-26.94,158.12,584.26,0,178.949,8.751,179.721,-18.30,21.04,146.98,-17.98,-7.23,173.26,53.517,53.944,-16.4398,-14.6266,-26.94,158.12,-15.7116,-13.8841,,,0.21264,0
56.1826,19,73,8,1,67.00,734.78,capture,4.26,137.22,600.84,0,178.932,8.830,179.760,-18.50,20.97,147.15,-17.82,-6.89,173.13,53.749,54.530,-14.6697,-12.8836,4.26,137.22,-15.2427,-13.4339,,,0.19848,0
56.2760,19,73,8,1,67.00,734.78,capture,-25.61,132.14,609.71,0,179.008,8.732,179.794,-18.54,20.92,147.37,-18.81,-7.04,173.65,53.756,53.948,-15.1617,-14.4318,-25.61,132.14,-15.2063,-13.8829,,,0.18852,0
56.3758,19,73,8,1,67.00,734.78,capture,-17.11,144.55,596.19,0,178.939,8.602,179.799,-18.57,21.02,147.39,-18.08,-7.80,173.57,53.548,54.175,-15.3948,-13.8198,-17.11,144.55,-15.2911,-13.8545,,,0.20462,0
56.4762,19,73,8,1,67.00,734.78,capture,-23.46,149.18,592.54,0,178.952,8.445,179.794,-18.62,21.04,147.48,-18.39,-7.97,173.82,53.560,53.840,-16.1387,-13.9358,-23.46,149.18,-15.6725,-13.8911,,,0.19999,0
56.5692,19,73,8,1,67.00,734.78,capture,-21.70,118.16,622.96,0,178.840,8.553,179.804,-18.56,21.00,147.44,-17.86,-7.21,173.18,53.566,54.110,-13.8069,-14.1957,-21.70,118.16,-14.8330,-14.0282,,,0.21651,0
56.6764,19,73,8,1,67.00,734.78,capture,-14.04,132.61,607.60,0,178.798,8.652,179.818,-18.60,20.88,147.15,-17.74,-8.20,173.67,54.004,54.258,-15.9179,-13.5239,-14.04,132.61,-15.3212,-13.8013,,,0.23991,0
56.7889,19,73,8,1,67.00,734.78,capture,-5.68,140.43,598.78,0,178.870,8.636,179.814,-18.59,20.75,147.06,-18.20,-7.29,173.39,54.016,54.061,-14.4560,-13.0970,-5.68,140.43,-14.9319,-13.4843,,,0.23017,0
56.8709,19,73,8,1,67.00,734.78,capture,17.60,130.43,606.36,0,178.850,8.615,179.816,-18.47,20.69,147.22,-18.09,-7.75,173.89,53.721,54.215,-15.1715,-12.3724,17.60,130.43,-15.0397,-12.9840,,,0.23943,0
56.9620,19,73,8,1,67.00,734.78,capture,-5.25,145.69,593.50,0,178.803,8.649,179.821,-18.59,20.76,147.52,-18.35,-7.24,174.05,53.891,53.829,-15.2504,-12.7171,-5.25,145.69,-15.1345,-12.8639,,,0.22183,0
57.0558,19,73,8,1,67.00,734.78,capture,-9.93,141.54,598.21,0,178.791,8.712,179.850,-18.58,20.65,147.38,-18.03,-7.42,173.51,53.756,53.746,-14.5327,-13.1726,-9.93,141.54,-14.8637,-13.0028,,,0.20718,0
57.1534,19,73,8,1,67.00,734.78,capture,19.41,152.79,583.93,0,178.844,8.653,179.851,-18.49,20.85,147.30,-18.08,-7.19,174.14,53.842,53.815,-15.1965,-11.4942,19.41,152.79,-15.0135,-12.3239,,,0.22798,0
57.2462,19,73,8,1,67.00,734.78,capture,-9.42,167.95,571.96,0,179.013,8.740,179.821,-18.48,20.86,147.44,-17.93,-7.41,173.48,54.024,54.124,-17.2303,-13.3427,-9.42,167.95,-16.0110,-12.7824,,,0.22679,0
57.3335,19,73,8,1,67.00,734.78,capture,-16.48,149.43,591.27,0,178.943,8.672,179.847,-18.46,20.87,147.27,-17.23,-7.63,173.66,53.838,54.669,-16.0241,-13.7432,-16.48,149.43,-16.0169,-13.2147,,,0.21612,0
57.4253,19,73,8,1,67.00,734.78,capture,-2.93,170.74,568.36,0,178.966,8.583,179.880,-18.29,20.88,147.43,-18.06,-7.51,173.59,54.032,54.589,-15.7941,-13.1380,-2.93,170.74,-15.9166,-13.1802,,,0.19191,0
57.5234,19,73,8,1,67.00,734.78,capture,-20.70,140.69,600.53,0,178.973,8.719,179.826,-18.19,20.81,147.39,-17.51,-7.88,173.72,54.444,54.210,-15.0145,-13.8229,-20.70,140.69,-15.5107,-13.4694,,,0.22841,0
57.6297,19,73,8,1,67.00,734.78,capture,-14.89,134.92,605.42,0,178.925,8.680,179.819,-18.12,20.84,147.57,-17.70,-6.74,173.71,54.271,53.882,-14.4652,-13.7951,-14.89,134.92,-15.0402,-13.6160,,,0.23598,0
57.8092,20,39,4,3,156.33,389.00,dwell,90.90,140.07,257.39,0,178.897,8.536,179.812,-18.12,20.84,147.60,-17.81,-7.34,174.00,54.099,53.471,-14.9581,-8.8560,90.90,140.07,-14.9581,-8.8560,,,0.24460,0
57.9100,20,39,4,3,156.33,389.00,dwell,40.32,164.11,253.05,0,178.803,8.504,179.818,-18.20,20.96,147.60,-18.15,-8.05,174.12,53.862,53.873,-16.7469,-10.7871,40.32,164.11,-15.7631,-9.7250,,,0.20547,0
58.0196,20,39,4,3,156.33,389.00,dwell,102.60,173.53,222.07,0,178.891,8.622,179.841,-18.26,20.82,147.38,-18.04,-7.41,174.04,53.601,53.711,-16.6578,-8.3581,102.60,173.53,-16.1657,-9.1099,,,0.19852,0
58.1208,20,39,4,3,156.33,389.00,dwell,48.21,152.37,260.16,0,178.887,8.494,179.804,-18.45,20.85,147.46,-17.79,-7.49,173.82,53.600,53.625,-15.8965,-10.0403,48.21,152.37,-16.0446,-9.5286,,,0.20328,0
58.2244,20,39,4,3,156.33,389.00,dwell,57.13,224.72,191.91,0,178.884,8.437,179.832,-18.45,20.58,147.41,-18.29,-7.83,173.81,53.433,53.836,-18.1583,-9.6900,57.13,224.72,-16.9957,-9.6012,,,0.21421,0
58.3231,20,39,4,3,156.33,389.00,dwell,137.32,235.77,154.41,0,178.879,8.498,179.825,-18.41,20.57,147.29,-16.99,-8.44,173.58,53.455,53.664,-18.0616,-6.7468,137.32,235.77,-17.4754,-8.3167,,,0.20039,0
58.4265,20,39,4,3,156.33,389.00,dwell,212.54,272.62,129.24,0,178.759,8.515,179.816,-18.54,20.46,147.33,-18.14,-8.30,173.42,53.535,54.032,-19.7965,-2.5651,212.54,272.62,-18.5199,-5.7285,,,0.19873,0
58.5085,20,39,4,3,156.33,389.00,dwell,164.98,250.06,139.21,0,178.630,8.518,179.793,-18.59,20.49,147.30,-18.57,-7.97,174.20,53.408,54.237,-19.5395,-4.6350,164.98,250.06,-18.9787,-5.2364,,,0.17488,0
58.6195,20,39,4,3,156.33,389.00,dwell,225.22,216.93,185.35,0,178.629,8.532,179.759,-18.64,20.48,147.20,-18.88,-8.32,173.34,53.511,53.664,-18.2800,-2.8041,225.22,216.93,-18.6643,-4.1419,,,0.23093,0
58.7121,20,39,4,3,156.33,389.00,capture,220.13,269.29,135.65,0,178.650,8.541,179.777,-18.67,20.43,146.98,-18.02,-8.06,172.84,53.539,53.316,-19.0869,-3.0576,220.13,269.29,-18.8544,-3.6540,,,0.20759,0
58.8219,20,39,4,3,156.33,389.00,capture,237.87,252.70,158.83,0,178.750,8.331,179.777,-18.59,20.31,146.76,-18.14,-7.84,173.39,54.021,53.745,-19.4911,-2.0652,237.87,252.70,-19.1410,-2.9390,,,0.23758,0
58.9335,20,39,4,3,156.33,389.00,capture,234.77,247.06,162.17,0,178.744,8.227,179.780,-18.58,20.36,146.83,-18.05,-8.24,173.11,53.867,53.796,-19.1703,-2.1659,234.77,247.06,-19.1542,-2.5911,,,0.21474,0
59.0181,20,39,4,3,156.33,389.00,capture,232.87,221.18,184.45,0,178.710,7.998,179.758,-18.47,20.26,146.72,-17.65,-8.08,172.83,53.796,53.805,-17.9630,-2.1895,232.87,221.18,-18.6182,-2.4104,,,0.20170,0
59.1001,20,39,4,3,156.33,389.00,capture,217.62,257.49,145.09,0,178.592,8.068,179.790,-18.43,20.36,146.78,-17.47,-7.87,173.19,53.936,53.969,-19.5371,-2.4500,217.62,257.49,-19.0317,-2.4282,,,0.21255,0
59.2068,20,39,4,3,156.33,389.00,capture,234.38,246.65,162.34,0,178.462,7.903,179.801,-18.44,20.41,146.66,-17.85,-7.72,172.64,53.560,54.345,-19.9761,-1.6037,234.38,246.65,-19.4567,-2.0572,,,0.20781,0
59.3115,20,39,4,3,156.33,389.00,capture,226.27,249.38,156.16,0,178.516,7.933,179.833,-18.36,20.47,146.81,-17.65,-8.08,173.07,53.331,54.016,-19.9434,-2.3541,226.27,249.38,-19.6757,-2.1908,,,0.21184,0
59.4042,20,39,4,3,156.33,389.00,capture,221.41,239.11,163.41,0,178.618,8.109,179.807,-18.38,20.46,146.79,-18.30,-8.64,172.68,53.573,54.006,-19.6366,-3.0852,221.41,239.11,-19.6581,-2.5933,,,0.18926,0
59.5228,20,39,4,3,156.33,389.00,capture,226.87,257.01,149.66,0,178.763,8.024,179.807,-18.34,20.64,146.87,-17.82,-8.00,173.11,53.475,54.188,-19.7956,-2.3917,226.87,257.01,-19.7200,-2.5026,,,0.21511,0
59.6252,20,39,4,3,156.33,389.00,capture,252.81,237.51,179.60,0,179.080,8.015,179.799,-18.32,20.63,146.71,-18.20,-7.62,172.96,53.657,54.621,-19.1219,-0.9670,252.81,237.51,-19.4509,-1.8116,,,0.20852,0
59.7299,20,39,4,3,156.33,389.00,capture,238.49,242.36,168.09,0,179.054,8.092,179.798,-18.24,20.87,146.77,-17.80,-7.12,172.75,53.775,54.228,-18.9669,-1.9891,238.49,242.36,-19.2331,-1.8914,,,0.21608,0
59.8347,20,39,4,3,156.33,389.00,capture,237.35,257.44,154.50,0,178.989,8.283,179.846,-18.26,20.73,146.97,-17.69,-7.58,173.18,54.066,54.434,-19.7492,-2.3149,237.35,257.44,-19.4654,-2.0820,,,0.19739,0
59.9237,20,39,4,3,156.33,389.00,capture,223.42,229.62,172.92,0,178.821,8.277,179.860,-18.26,20.75,147.00,-18.51,-7.39,173.06,53.774,54.656,-19.5304,-2.3819,223.42,229.62,-19.4946,-2.2170,,,0.21929,0
60.0175,20,39,4,3,156.33,389.00,capture,237.81,233.71,175.37,0,178.752,8.273,179.886,-18.33,20.97,147.00,-17.54,-7.46,172.93,53.666,54.745,-18.2406,-1.4955,237.81,233.71,-18.9303,-1.8923,,,0.19754,0
60.1091,20,39,4,3,156.33,389.00,capture,230.58,236.11,169.96,0,178.765,8.284,179.885,-18.23,21.11,146.97,-17.63,-7.70,173.02,53.385,54.832,-20.2044,-1.9114,230.58,236.11,-19.5036,-1.9009,,,0.20584,0
60.2112,20,39,4,3,156.33,389.00,capture,225.33,255.21,150.53,0,178.737,8.119,179.847,-18.21,21.02,146.92,-17.70,-7.61,173.34,53.823,54.953,-19.0007,-2.4350,225.33,255.21,-19.2773,-2.1412,,,0.21206,0
60.3291,20,39,4,3,156.33,389.00,capture,254.13,236.61,181.07,0,178.748,8.171,179.841,-18.15,20.82,146.97,-18.15,-8.19,173.55,53.873,54.855,-18.9784,-1.3089,254.13,236.61,-19.1428,-1.7667,,,0.20534,0
60.4362,20,39,4,3,156.33,389.00,capture,237.99,275.86,139.53,0,178.752,8.341,179.857,-18.08,20.91,146.90,-17.49,-7.85,173.07,53.547,54.871,-20.4178,-1.6172,237.99,275.86,-19.7166,-1.6994,,,0.20351,0
60.5343,20,39,4,3,156.33,389.00,capture,236.28,224.88,182.56,0,178.787,8.335,179.839,-17.99,20.72,146.90,-18.28,-7.24,173.24,53.683,54.759,-18.3053,-1.4541,236.28,224.88,-19.0815,-1.5890,,,0.21497,0
60.6163,20,39,4,3,156.33,389.00,capture,241.02,242.01,169.64,0,178.873,8.339,179.859,-18.13,20.67,146.51,-18.06,-8.02,172.42,53.411,54.883,-19.7592,-1.4007,241.02,242.01,-19.3865,-1.5043,,,0.18736,0
60.8327,21,22,2,4,201.00,216.11,dwell,298.40,333.25,152.34,0,178.861,8.305,179.843,-18.19,20.59,146.43,-17.64,-8.07,172.54,53.116,54.870,-22.5588,1.5997,298.40,333.25,-22.5588,1.5997,,,0.19349,0
60.9169,21,22,2,4,201.00,216.11,dwell,154.23,171.79,64.43,0,178.761,8.151,179.848,-18.09,20.56,146.90,-17.40,-8.25,173.31,53.644,54.577,-16.9424,-4.6528,154.23,171.79,-20.0314,-1.2140,,,0.20681,0
61.0210,21,22,2,4,201.00,216.11,dwell,192.71,167.79,49.03,0,178.685,8.115,179.850,-18.11,20.48,146.97,-18.05,-7.99,173.58,53.684,53.983,-16.1690,-3.8217,192.71,167.79,-18.2933,-2.3875,,,0.19766,0
61.1196,21,22,2,4,201.00,216.11,dwell,235.91,273.10,66.83,0,178.757,8.105,179.830,-18.08,20.51,147.09,-17.64,-7.99,173.23,53.983,54.455,-19.9059,-1.8942,235.91,273.10,-19.0190,-2.1655,,,0.23398,0
61.2258,21,22,2,4,201.00,216.11,dwell,126.72,296.18,109.22,0,178.748,8.055,179.823,-18.10,20.57,147.30,-17.45,-8.04,173.37,53.793,54.473,-21.4359,-7.4222,126.72,296.18,-20.1066,-4.5310,,,0.22736,0
61.3181,21,22,2,4,201.00,216.11,dwell,172.86,196.36,34.38,0,178.799,8.078,179.810,-18.23,20.68,147.47,-17.54,-8.57,174.35,53.720,54.554,-17.0848,-4.2322,172.86,196.36,-18.7468,-4.3965,,,0.19472,0
61.4079,21,22,2,4,201.00,216.11,dwell,158.04,292.91,88.00,0,178.821,7.965,179.790,-18.29,20.54,147.40,-17.99,-7.71,174.19,53.729,54.188,-20.9053,-5.2545,158.04,292.91,-19.7181,-4.7826,,,0.20514,0
61.4899,21,22,2,4,201.00,216.11,dwell,135.18,316.79,120.29,0,178.770,7.887,179.796,-18.36,20.66,147.57,-18.49,-8.10,174.13,53.731,53.930,-21.3209,-5.8367,135.18,316.79,-20.4394,-5.2570,,,0.22059,0
61.6114,21,22,2,4,201.00,216.11,capture,159.77,249.14,52.83,0,178.680,7.846,179.781,-18.39,20.92,147.65,-17.72,-7.84,173.81,53.343,53.650,-18.9208,-5.6552,159.77,249.14,-19.7560,-5.4362,,,0.20894,0
61.7160,21,22,2,4,201.00,216.11,capture,149.18,249.65,61.73,0,178.699,7.677,179.767,-18.35,20.92,147.49,-18.25,-7.12,173.71,53.151,53.925,-19.9143,-6.0535,149.18,249.65,-19.8273,-5.7140,,,0.18014,0
61.8179,21,22,2,4,201.00,216.11,capture,137.08,216.84,63.92,0,178.812,7.672,179.804,-18.45,20.89,147.58,-17.83,-7.31,173.78,52.844,53.951,-17.6776,-6.7292,137.08,216.84,-18.8599,-6.1708,,,0.19066,0
61.9093,21,22,2,4,201.00,216.11,capture,138.42,264.93,79.37,0,178.820,7.770,179.794,-18.47,20.86,147.47,-17.72,-8.13,173.69,53.271,53.791,-19.3672,-6.0960,138.42,264.93,-19.0882,-6.1372,,,0.20117,0
61.9985,21,22,2,4,201.00,216.11,capture,138.67,243.81,68.21,0,178.842,7.767,179.775,-18.64,20.94,147.45,-18.17,-7.68,173.92,53.346,53.557,-20.1738,-6.0554,138.67,243.81,-19.5767,-6.1004,,,0.16754,0
62.0823,21,22,2,4,201.00,216.11,capture,132.56,266.37,84.91,0,178.840,7.805,179.796,-18.51,20.90,147.53,-18.09,-8.00,173.57,53.430,53.213,-20.1226,-6.6176,132.56,266.37,-19.8224,-6.3331,,,0.20061,0
62.1967,21,22,2,4,201.00,216.11,capture,141.61,263.82,76.18,0,178.777,7.731,179.827,-18.45,20.83,147.61,-18.01,-7.11,173.87,53.622,53.223,-19.4293,-5.9617,141.61,263.82,-19.6455,-6.1660,,,0.22371,0
62.2881,21,22,2,4,201.00,216.11,capture,158.13,251.64,55.68,0,178.735,7.572,179.833,-18.45,21.00,147.65,-18.05,-7.50,174.09,53.638,53.485,-20.0919,-4.9920,158.13,251.64,-19.8464,-5.6377,,,0.21672,0
62.3975,21,22,2,4,201.00,216.11,capture,146.65,259.00,69.23,0,178.765,7.685,179.834,-18.44,20.85,147.51,-17.71,-8.40,173.71,54.026,53.417,-19.9918,-6.4421,146.65,259.00,-19.9118,-5.9997,,,0.22470,0
62.5061,21,22,2,4,201.00,216.11,capture,152.05,238.46,53.81,0,178.861,7.700,179.842,-18.49,20.72,147.62,-17.71,-7.60,174.16,53.800,53.717,-19.3835,-5.6943,152.05,238.46,-19.6741,-5.8623,,,0.21178,0
62.5894,21,22,2,4,201.00,216.11,capture,152.69,244.09,55.83,0,178.943,7.616,179.822,-18.60,20.63,147.37,-18.67,-7.30,173.68,53.726,53.903,-19.9458,-5.7080,152.69,244.09,-19.7963,-5.7929,,,0.22063,0
62.6941,21,22,2,4,201.00,216.11,capture,149.65,240.87,57.01,0,178.887,7.695,179.828,-18.49,20.70,147.19,-17.86,-8.11,173.57,53.884,54.062,-18.9172,-5.6364,149.65,240.87,-19.4007,-5.7224,,,0.22405,0
62.8053,21,22,2,4,201.00,216.11,capture,132.23,247.00,75.39,0,178.882,7.766,179.806,-18.41,20.80,147.23,-17.92,-7.32,173.34,54.036,54.120,-19.6824,-6.5085,132.23,247.00,-19.5275,-6.0762,,,0.22349,0
62.9107,21,22,2,4,201.00,216.11,capture,128.34,244.64,78.06,0,178.807,7.793,179.825,-18.42,20.88,147.01,-18.51,-7.64,172.89,54.283,53.888,-19.7778,-6.8014,128.34,244.64,-19.6401,-6.4025,,,0.22147,0
63.0056,21,22,2,4,201.00,216.11,capture,139.79,239.42,65.50,0,178.747,7.788,179.827,-18.53,20.91,146.90,-17.76,-7.95,173.02,53.887,53.718,-18.9340,-6.3824,139.79,239.42,-19.3224,-6.3935,,,0.20546,0
63.1004,21,22,2,4,201.00,216.11,capture,146.55,241.99,60.29,0,178.779,7.846,179.783,-18.54,20.90,147.07,-17.80,-7.31,172.87,54.107,53.680,-19.8306,-6.1018,146.55,241.99,-19.5511,-6.2622,,,0.24340,0
63.1899,21,22,2,4,201.00,216.11,capture,129.04,249.32,79.25,0,178.765,7.916,179.773,-18.64,20.73,147.31,-17.93,-7.50,173.40,53.734,53.604,-19.9026,-6.3610,129.04,249.32,-19.7092,-6.3067,,,0.22714,0
63.2859,21,22,2,4,201.00,216.11,capture,141.66,252.24,69.47,0,178.696,7.801,179.781,-18.66,20.80,147.55,-18.56,-7.25,174.03,53.851,53.340,-19.6734,-7.0465,141.66,252.24,-19.6931,-6.6396,,,0.22319,0
63.3767,21,22,2,4,201.00,216.11,capture,134.18,238.52,70.48,0,178.731,7.856,179.762,-18.68,20.67,147.39,-18.53,-7.75,174.04,53.757,53.213,-18.5918,-6.7472,134.18,238.52,-19.1975,-6.6880,,,0.19726,0
63.5705,22,10,1,1,67.00,129.67,dwell,140.62,253.78,144.31,0,178.757,7.817,179.778,-18.52,20.59,147.63,-18.42,-7.87,174.35,54.123,53.595,-19.4840,-6.3604,140.62,253.78,-19.4840,-6.3604,,,0.21812,0
63.6733,22,10,1,1,67.00,129.67,dwell,31.10,162.92,48.93,0,178.787,7.874,179.786,-18.49,20.40,147.82,-17.67,-8.54,173.95,54.009,53.507,-16.3053,-11.6618,31.10,162.92,-18.0536,-8.7460,,,0.18474,0
63.7696,22,10,1,1,67.00,129.67,dwell,181.05,-19.91,188.10,0,178.743,7.981,179.776,-18.41,20.31,147.45,-18.00,-7.65,173.37,54.315,53.662,-9.2998,-3.9983,181.05,-19.91,-14.1144,-6.6095,,,0.23018,0
63.8703,22,10,1,1,67.00,129.67,dwell,183.21,119.07,116.69,0,178.851,7.912,179.796,-18.43,20.32,147.55,-17.64,-9.00,174.14,54.057,53.606,-13.9989,-3.5764,183.21,119.07,-14.0624,-5.2446,,,0.23370,0
63.9712,22,10,1,1,67.00,129.67,dwell,202.52,139.67,135.89,0,178.832,7.984,179.806,-18.44,20.45,147.57,-17.67,-7.87,173.90,53.818,53.499,-13.7896,-3.3822,202.52,139.67,-13.9397,-4.4065,,,0.22219,0
64.0736,22,10,1,1,67.00,129.67,dwell,119.37,123.11,52.78,0,178.842,7.842,179.815,-18.34,20.47,147.47,-17.67,-8.13,173.81,53.900,53.733,-15.2329,-7.3296,119.37,123.11,-14.5216,-5.7219,,,0.20031,0
64.1933,22,10,1,1,67.00,129.67,dwell,158.67,54.44,118.59,0,178.888,7.678,179.852,-18.29,20.65,147.65,-17.81,-8.21,174.01,53.937,53.599,-12.3873,-5.7725,158.67,54.44,-13.5612,-5.7447,,,0.22226,0
64.2999,22,10,1,1,67.00,129.67,dwell,147.94,19.39,136.79,0,178.839,7.582,179.822,-18.39,20.72,147.58,-18.31,-7.12,173.69,54.094,53.888,-11.2545,-6.0527,147.94,19.39,-12.5232,-5.8833,,,0.23602,0
64.4070,22,10,1,1,67.00,129.67,dwell,114.59,88.92,62.65,0,178.889,7.516,179.840,-18.37,20.57,147.48,-18.35,-8.18,173.93,54.272,54.015,-13.3084,-7.7442,114.59,88.92,-12.8765,-6.7207,,,0.20784,0
64.5132,22,10,1,1,67.00,129.67,dwell,100.14,14.79,119.56,0,178.914,7.368,179.848,-18.30,20.43,147.49,-18.24,-8.03,173.61,54.122,54.210,-11.3671,-8.4750,100.14,14.79,-12.1973,-7.5101,,,0.21732,0
64.6252,22,10,1,1,67.00,129.67,dwell,84.54,11.60,119.36,0,179.031,7.379,179.827,-18.37,20.44,147.57,-18.36,-8.46,173.85,54.329,54.270,-10.8866,-9.1930,84.54,11.60,-11.6075,-8.2674,,,0.25982,0
64.7137,22,10,1,1,67.00,129.67,capture,127.10,11.72,132.38,0,179.010,7.380,179.815,-18.33,20.44,147.53,-18.16,-7.76,174.03,54.527,54.075,-10.2236,-6.6820,127.10,11.72,-10.9847,-7.5540,,,0.24590,0
64.8007,22,10,1,1,67.00,129.67,capture,119.85,22.13,119.82,0,178.981,7.301,179.828,-18.30,20.39,147.56,-18.04,-8.70,174.12,54.571,54.193,-10.7407,-6.8417,119.85,22.13,-10.8749,-7.2335,,,0.24424,0
64.9055,22,10,1,1,67.00,129.67,capture,122.77,1.48,139.79,0,178.874,7.360,179.861,-18.28,20.39,147.66,-17.87,-8.58,173.60,53.982,54.393,-9.3464,-6.8172,122.77,1.48,-10.1871,-7.0462,,,0.22948,0
65.0043,22,10,1,1,67.00,129.67,capture,129.08,-1.68,145.28,0,178.898,7.508,179.834,-18.38,20.41,147.48,-18.12,-8.32,174.11,53.933,54.372,-9.8068,-7.0590,129.08,-1.68,-10.0160,-7.0519,,,0.21883,0
65.0934,22,10,1,1,67.00,129.67,capture,95.29,5.90,126.96,0,178.918,7.551,179.833,-18.35,20.69,147.37,-18.26,-7.79,173.69,53.836,54.374,-9.7398,-9.0406,95.29,5.90,-9.8917,-7.9468,,,0.21887,0
65.1954,22,10,1,1,67.00,129.67,capture,101.13,-11.16,144.90,0,178.764,7.677,179.841,-18.44,20.92,147.33,-18.51,-7.66,173.87,54.211,54.381,-8.5601,-8.5193,101.13,-11.16,-9.2925,-8.2044,,,0.20126,0
65.2976,22,10,1,1,67.00,129.67,capture,107.55,-24.38,159.29,0,178.740,7.688,179.819,-18.44,21.08,147.38,-18.41,-7.84,174.00,54.295,54.824,-9.5917,-8.2040,107.55,-24.38,-9.4271,-8.2042,,,0.22631,0
65.4000,22,10,1,1,67.00,129.67,capture,103.40,6.34,128.59,0,178.667,7.624,179.806,-18.43,20.97,147.36,-18.36,-7.65,173.86,54.224,54.887,-9.6765,-7.6919,103.40,6.34,-9.5393,-7.9737,,,0.20704,0
65.4820,22,10,1,1,67.00,129.67,capture,116.77,-14.00,152.04,0,178.579,7.673,179.818,-18.47,21.18,147.26,-18.11,-7.84,173.10,53.949,54.795,-9.8255,-7.0816,116.77,-14.00,-9.6681,-7.5723,,,0.21312,0
65.5851,22,10,1,1,67.00,129.67,capture,100.75,-7.61,141.36,0,178.719,7.721,179.815,-18.49,21.12,147.19,-18.26,-7.34,173.28,53.963,54.550,-8.9102,-8.1157,100.75,-7.61,-9.3271,-7.8168,,,0.21542,0
65.6816,22,10,1,1,67.00,129.67,capture,91.42,-11.58,143.34,0,178.674,7.780,179.796,-18.51,20.98,147.12,-18.00,-7.14,173.11,54.017,54.302,-9.1951,-8.4953,91.42,-11.58,-9.2677,-8.1221,,,0.22148,0
65.7969,22,10,1,1,67.00,129.67,capture,113.48,-9.70,146.91,0,178.654,7.834,179.779,-18.43,20.95,147.02,-18.14,-7.22,172.98,54.215,54.230,-8.9351,-8.3887,113.48,-9.70,-9.1180,-8.2421,,,0.21453,0
65.9155,22,10,1,1,67.00,129.67,capture,105.84,-12.33,147.21,0,178.670,7.729,179.801,-18.43,20.86,147.12,-18.09,-7.26,173.28,54.029,53.942,-9.3591,-7.7473,105.84,-12.33,-9.2265,-8.0194,,,0.21847,0
66.0110,22,10,1,1,67.00,129.67,capture,86.57,21.41,110.01,0,178.687,7.688,179.818,-18.52,20.77,147.46,-18.32,-7.54,173.83,53.623,53.729,-11.0104,-8.7344,86.57,21.41,-10.0292,-8.3412,,,0.22208,0
66.1031,22,10,1,1,67.00,129.67,capture,112.86,-26.92,163.16,0,178.741,7.659,179.809,-18.34,20.64,147.73,-17.80,-7.80,174.28,54.124,53.844,-8.8039,-7.5620,112.86,-26.92,-9.4778,-7.9905,,,0.21134,0
66.2028,22,10,1,1,67.00,129.67,capture,127.61,-8.73,151.09,0,178.653,7.747,179.822,-18.28,20.85,147.96,-17.75,-7.13,173.69,54.053,54.078,-9.0927,-6.1417,127.61,-8.73,-9.3045,-7.1586,,,0.20932,0
66.3101,22,10,1,1,67.00,129.67,capture,114.75,-14.45,151.82,0,178.763,7.604,179.805,-18.30,20.86,147.58,-18.17,-7.63,174.11,54.480,54.586,-9.1701,-7.4764,114.75,-14.45,-9.2440,-7.3016,,,0.23380,0
66.4110,22,10,1,1,67.00,129.67,capture,100.04,-1.08,134.86,0,178.818,7.538,179.809,-18.49,20.84,147.61,-17.81,-7.64,174.28,54.788,54.568,-9.9326,-8.1933,100.04,-1.08,-9.5539,-7.7029,,,0.22493,0
66.5214,22,10,1,1,67.00,129.67,capture,108.69,-5.27,141.23,0,178.836,7.573,179.819,-18.37,20.62,147.73,-18.10,-7.13,174.21,54.763,54.646,-9.0553,-7.3888,108.69,-5.27,-9.3295,-7.5616,,,0.24353,0
66.6305,22,10,1,1,67.00,129.67,capture,90.47,4.92,126.94,0,178.852,7.579,179.834,-18.36,20.62,147.58,-18.28,-7.37,173.51,54.396,54.519,-10.4356,-7.9972,90.47,4.92,-9.8273,-7.7576,,,0.22582,0
66.8283,23,23,2,5,245.67,216.11,dwell,194.97,59.80,164.33,0,178.803,7.690,179.825,-18.34,20.60,147.71,-17.41,-8.58,174.14,54.488,54.813,-11.8548,-3.2843,194.97,59.80,-11.8548,-3.2843,,,0.26116,0
66.9239,23,23,2,5,245.67,216.11,dwell,155.78,95.37,150.53,0,178.759,7.719,179.836,-18.31,20.60,148.08,-18.26,-7.93,174.21,54.496,54.816,-13.9882,-5.6023,155.78,95.37,-12.8148,-4.3274,,,0.22094,0
67.0059,23,23,2,5,245.67,216.11,dwell,230.33,91.54,125.51,0,178.825,7.808,179.830,-18.12,20.65,147.91,-17.79,-8.03,174.50,54.134,54.576,-13.6923,-2.4973,230.33,91.54,-13.2097,-3.5039,,,0.25249,0
67.0978,23,23,2,5,245.67,216.11,dwell,284.72,-40.19,259.26,0,178.870,7.941,179.836,-18.04,20.83,147.80,-17.39,-7.25,174.33,54.057,54.591,-7.8175,0.5114,284.72,-40.19,-10.7832,-1.6970,,,0.21614,0
67.2093,23,23,2,5,245.67,216.11,dwell,202.38,-38.78,258.54,0,178.915,8.023,179.846,-17.89,20.99,148.03,-17.61,-8.06,174.72,54.126,54.687,-7.8478,-3.7186,202.38,-38.78,-9.4623,-2.6067,,,0.23850,0
67.3035,23,23,2,5,245.67,216.11,dwell,219.33,78.22,140.38,0,178.821,8.003,179.846,-17.85,20.90,147.73,-17.20,-7.45,174.27,53.799,54.812,-13.1988,-2.5545,219.33,78.22,-11.1437,-2.5832,,,0.23318,0
67.4034,23,23,2,5,245.67,216.11,dwell,298.03,77.17,148.48,0,178.784,8.074,179.888,-17.81,21.00,147.72,-17.70,-7.20,173.59,54.158,54.648,-12.1980,0.9393,298.03,77.17,-11.6181,-0.9981,,,0.21670,0
67.5113,23,23,2,5,245.67,216.11,dwell,257.58,15.98,200.49,0,178.837,8.160,179.929,-17.80,21.05,147.77,-17.83,-7.66,173.68,54.336,54.591,-10.6480,-0.9241,257.58,15.98,-11.1816,-0.9648,,,0.22539,0
67.6077,23,23,2,5,245.67,216.11,dwell,273.29,17.58,200.44,0,178.895,8.140,179.928,-17.90,20.91,147.64,-17.75,-6.79,174.07,53.941,54.501,-10.6509,-0.5342,273.29,17.58,-10.9428,-0.7710,,,0.20629,0
67.7165,23,23,2,5,245.67,216.11,capture,330.84,32.20,202.68,0,178.828,8.164,179.921,-17.90,20.88,147.82,-17.34,-7.58,173.99,53.688,54.522,-10.3253,2.9602,330.84,32.20,-10.6649,0.9080,,,0.21026,0
67.8263,23,23,2,5,245.67,216.11,capture,306.24,45.54,181.01,0,178.767,8.178,179.902,-17.93,20.98,147.74,-17.81,-7.37,174.10,53.826,54.334,-10.8959,0.8476,306.24,45.54,-10.7689,0.8808,,,0.20117,0
67.9339,23,23,2,5,245.67,216.11,capture,312.68,30.08,197.73,0,178.594,8.050,179.876,-18.03,20.84,147.68,-17.32,-8.18,173.92,53.764,54.499,-11.3101,2.0734,312.68,30.08,-11.0124,1.4175,,,0.20840,0
68.0249,23,23,2,5,245.67,216.11,capture,318.51,16.95,212.06,0,178.690,8.031,179.887,-18.22,20.87,147.71,-17.59,-7.51,174.22,53.324,54.282,-10.7114,1.7894,318.51,16.95,-10.8770,1.5848,,,0.21433,0
68.1223,23,23,2,5,245.67,216.11,capture,331.51,-2.04,234.43,0,178.782,8.061,179.863,-18.18,20.90,147.84,-18.14,-8.39,173.79,53.679,54.425,-9.6952,2.8582,331.51,-2.04,-10.3452,2.1578,,,0.19594,0
68.2194,23,23,2,5,245.67,216.11,capture,324.45,43.92,189.36,0,178.755,7.973,179.865,-18.22,21.02,147.75,-17.60,-7.42,174.06,53.446,54.335,-11.0931,1.8569,324.45,43.92,-10.6817,2.0224,,,0.19554,0
68.3261,23,23,2,5,245.67,216.11,capture,323.24,55.00,178.81,0,178.694,7.930,179.852,-18.34,20.89,147.73,-18.04,-7.14,173.94,53.597,54.366,-11.2436,2.4092,323.24,55.00,-10.9346,2.1965,,,0.21007,0
68.4294,23,23,2,5,245.67,216.11,capture,309.20,45.16,182.38,0,178.756,8.001,179.858,-18.38,20.88,147.52,-18.15,-7.18,174.14,53.828,54.274,-11.0341,1.6726,309.20,45.16,-10.9794,1.9607,,,0.21563,0
68.5198,23,23,2,5,245.67,216.11,capture,291.38,35.10,186.69,0,178.771,7.978,179.859,-18.30,20.82,147.19,-17.78,-7.52,173.48,53.617,54.074,-11.4166,1.0868,291.38,35.10,-11.1761,1.5674,,,0.20493,0
68.6060,23,23,2,5,245.67,216.11,capture,322.02,35.69,195.91,0,178.834,8.011,179.838,-18.21,20.89,147.20,-17.46,-6.88,173.43,53.371,54.477,-11.1349,1.8789,322.02,35.69,-11.1576,1.7076,,,0.21079,0
68.7072,23,23,2,5,245.67,216.11,capture,317.49,22.07,206.91,0,178.878,7.829,179.870,-18.13,20.76,147.25,-18.46,-7.88,173.23,53.283,54.414,-10.6394,2.1231,317.49,22.07,-10.9244,1.8946,,,0.20640,0
68.8141,23,23,2,5,245.67,216.11,capture,318.99,-7.33,235.16,0,178.938,7.802,179.865,-18.29,20.67,147.20,-17.89,-9.10,173.62,53.452,54.699,-9.8504,1.4707,318.99,-7.33,-10.4411,1.7038,,,0.21994,0
68.9186,23,23,2,5,245.67,216.11,capture,338.40,21.23,215.82,0,178.863,7.577,179.835,-18.27,20.89,147.19,-17.22,-7.69,173.47,53.427,54.467,-10.9150,2.5771,338.40,21.23,-10.6543,2.0968,,,0.20632,0
69.0156,23,23,2,5,245.67,216.11,capture,326.04,36.91,196.40,0,178.796,7.536,179.802,-18.28,20.76,146.91,-17.52,-8.07,173.31,53.764,54.504,-11.6692,1.3829,326.04,36.91,-11.1110,1.7756,,,0.20663,0
69.1117,23,23,2,5,245.67,216.11,capture,354.19,-6.10,247.30,0,178.799,7.520,179.813,-18.27,20.74,147.19,-17.73,-7.99,173.24,53.930,54.483,-10.4298,3.7144,354.19,-6.10,-10.8045,2.6481,,,0.22592,0
69.1937,23,23,2,5,245.67,216.11,capture,338.69,25.74,211.88,0,178.793,7.553,179.818,-18.24,20.82,147.26,-17.54,-7.76,173.35,53.867,54.275,-11.5051,3.1672,338.69,25.74,-11.1198,2.8817,,,0.20684,0
69.2757,23,23,2,5,245.67,216.11,capture,333.42,26.52,208.91,0,178.691,7.673,179.802,-18.22,20.78,147.19,-17.82,-8.56,173.59,54.156,54.147,-11.8664,2.5330,333.42,26.52,-11.4558,2.7248,,,0.21375,0
69.3798,23,23,2,5,245.67,216.11,capture,306.13,-14.58,238.48,0,178.713,7.585,179.784,-18.30,20.62,147.02,-17.71,-7.91,173.32,53.925,53.777,-10.1842,1.0567,306.13,-14.58,-10.8836,1.9742,,,0.21473,0
69.4887,23,23,2,5,245.67,216.11,capture,293.58,23.46,198.52,0,178.735,7.640,179.785,-18.25,20.64,147.24,-17.63,-7.30,173.65,53.785,53.413,-10.9462,0.8521,293.58,23.46,-10.9118,1.4692,,,0.21602,0
69.6096,23,23,2,5,245.67,216.11,capture,305.21,32.67,192.86,0,178.825,7.684,179.780,-18.16,20.54,147.40,-18.04,-8.10,174.01,53.681,53.731,-11.2464,1.1486,305.21,32.67,-11.0623,1.3249,,,0.19789,0
69.8140,24,76,8,4,201.00,734.78,dwell,378.30,245.00,520.88,0,178.841,7.866,179.754,-18.23,20.51,147.16,-18.00,-7.74,172.85,54.032,53.874,-20.4771,4.2153,378.30,245.00,-20.4771,4.2153,,,0.21674,0
69.9118,24,76,8,4,201.00,734.78,dwell,291.24,293.47,450.44,0,178.858,7.914,179.777,-18.28,20.50,147.04,-18.18,-7.42,173.47,53.804,54.136,-20.7419,0.6899,291.24,293.47,-20.5963,2.6289,,,0.22366,0
70.0147,24,76,8,4,201.00,734.78,dwell,269.65,342.15,398.58,0,178.845,7.920,179.772,-18.30,20.43,147.04,-18.19,-8.20,173.16,53.815,54.683,-23.5660,-0.5520,269.65,342.15,-21.9326,1.1975,,,0.21916,0
70.1022,24,76,8,4,201.00,734.78,dwell,224.55,418.30,317.35,0,178.899,8.047,179.786,-18.32,20.41,147.02,-18.01,-8.59,173.35,53.998,54.643,-25.1234,-2.4777,224.55,418.30,-23.3685,-0.4563,,,0.20098,0
70.1842,24,76,8,4,201.00,734.78,dwell,239.27,622.58,118.55,0,178.814,8.284,179.810,-18.36,20.35,147.07,-18.69,-7.53,173.44,53.700,54.590,-34.0905,-1.7084,239.27,622.58,-28.1934,-1.0198,,,0.18984,0
70.2662,24,76,8,4,201.00,734.78,dwell,259.73,559.35,185.00,0,178.910,8.420,179.827,-18.45,20.36,146.91,-18.22,-8.35,172.78,53.506,54.189,-32.3115,-0.9469,259.73,559.35,-30.0465,-0.9870,,,0.24539,0
70.3805,24,76,8,4,201.00,734.78,dwell,230.53,599.88,138.09,0,178.819,8.448,179.859,-18.40,20.27,146.94,-18.33,-8.03,173.68,53.862,54.678,-32.2838,-2.6002,230.53,599.88,-31.0533,-1.7129,,,0.21333,0
70.4799,24,76,8,4,201.00,734.78,dwell,221.40,737.12,20.53,1,178.947,8.530,179.850,-18.48,20.33,147.07,-17.71,-8.10,172.91,53.596,54.614,-39.0590,-2.8216,221.40,737.12,-34.6559,-2.2118,,,0.18797,0
70.5640,24,76,8,4,201.00,734.78,capture,218.79,752.88,25.38,1,178.913,8.515,179.853,-18.45,20.51,147.18,-17.58,-8.20,172.92,53.958,54.282,-38.7919,-2.8842,218.79,752.88,-36.5171,-2.5144,,,0.22860,0
70.6515,24,76,8,4,201.00,734.78,capture,183.33,788.40,56.46,0,178.904,8.594,179.882,-18.44,20.38,147.38,-17.89,-7.76,174.18,54.300,54.251,-40.5306,-3.7009,183.33,788.40,-38.3232,-3.0483,,,0.22895,0
70.7545,24,76,8,4,201.00,734.78,capture,184.49,766.76,35.99,1,178.765,8.619,179.893,-18.39,20.37,147.62,-18.34,-8.21,173.54,53.823,54.341,-40.0640,-4.5116,184.49,766.76,-39.1066,-3.7068,,,0.23516,0
70.8625,24,76,8,4,201.00,734.78,capture,202.64,755.98,21.27,1,178.774,8.708,179.857,-18.39,20.62,147.67,-18.12,-8.06,174.00,53.935,54.745,-39.3334,-3.6912,202.64,755.98,-39.2086,-3.6998,,,0.23040,0
70.9577,24,76,8,4,201.00,734.78,capture,209.45,800.67,66.43,0,178.821,8.599,179.849,-18.44,20.74,147.53,-17.81,-8.43,173.27,54.045,54.558,-40.6727,-3.3531,209.45,800.67,-39.8675,-3.5438,,,0.21095,0
71.0708,24,76,8,4,201.00,734.78,capture,213.05,797.37,63.74,0,178.970,8.731,179.838,-18.56,20.79,147.51,-18.07,-7.92,174.01,54.379,54.153,-42.3442,-2.9135,213.05,797.37,-40.9820,-3.2602,,,0.24213,0
71.1814,24,76,8,4,201.00,734.78,capture,190.63,765.60,32.52,1,178.985,8.695,179.856,-18.52,20.89,147.51,-18.04,-7.75,173.50,54.445,54.166,-39.4823,-4.4803,190.63,765.60,-40.3071,-3.8092,,,0.22567,0
71.2812,24,76,8,4,201.00,734.78,capture,177.84,792.93,62.59,0,179.077,8.786,179.875,-18.46,20.79,147.59,-17.99,-7.59,174.12,54.503,54.022,-40.6369,-3.9412,177.84,792.93,-40.4555,-3.8686,,,0.24813,0
71.3903,24,76,8,4,201.00,734.78,capture,203.30,782.58,47.86,0,179.224,8.862,179.842,-18.45,20.69,147.32,-18.04,-8.11,173.63,54.389,54.242,-40.2872,-3.2488,203.30,782.58,-40.3798,-3.5897,,,0.24376,0
71.4799,24,76,8,4,201.00,734.78,capture,207.94,769.82,35.72,1,179.270,8.816,179.831,-18.49,20.78,147.30,-18.39,-7.30,173.28,54.489,54.023,-40.3775,-3.4227,207.94,769.82,-40.3787,-3.5145,,,0.24879,0
71.5626,24,76,8,4,201.00,734.78,capture,203.04,766.82,32.11,1,179.219,8.841,179.825,-18.48,20.64,147.39,-18.33,-7.81,173.40,54.418,54.226,-40.0001,-3.4915,203.04,766.82,-40.2084,-3.5042,,,0.25309,0
71.6607,24,76,8,4,201.00,734.78,capture,180.86,779.55,49.09,0,179.103,8.788,179.837,-18.46,20.70,147.25,-17.93,-8.27,173.96,54.224,54.015,-39.7801,-3.8233,180.86,779.55,-40.0157,-3.6478,,,0.23689,0
71.7662,24,76,8,4,201.00,734.78,capture,198.31,806.11,71.38,0,179.028,8.753,179.833,-18.34,20.54,147.38,-18.12,-6.86,173.84,54.261,54.177,-41.1565,-3.9428,198.31,806.11,-40.5290,-3.7805,,,0.23761,0
71.8875,24,76,8,4,201.00,734.78,capture,214.99,786.46,53.54,0,179.105,8.819,179.856,-18.37,20.47,147.33,-17.86,-7.78,173.28,54.244,54.117,-40.3903,-3.1002,214.99,786.46,-40.4666,-3.4744,,,0.24667,0
71.9836,24,76,8,4,201.00,734.78,capture,231.62,804.66,76.30,0,179.033,8.873,179.858,-18.46,20.67,147.33,-18.23,-8.21,173.10,54.347,53.854,-41.4680,-2.1580,231.62,804.66,-40.9172,-2.8820,,,0.24893,0
72.0903,24,76,8,4,201.00,734.78,capture,200.39,781.72,46.95,0,178.905,8.695,179.852,-18.52,20.68,147.52,-17.84,-8.21,173.89,53.884,53.824,-40.0048,-3.8819,200.39,781.72,-40.5066,-3.3320,,,0.20645,0
72.1887,24,76,8,4,201.00,734.78,capture,214.51,775.87,43.26,1,178.935,8.791,179.832,-18.47,20.62,147.76,-17.79,-7.99,173.84,54.210,53.711,-40.5276,-2.3966,214.51,775.87,-40.5161,-2.9111,,,0.21983,0
72.2981,24,76,8,4,201.00,734.78,capture,221.52,770.72,41.39,1,178.966,8.810,179.840,-18.41,20.69,147.73,-17.65,-7.88,174.11,54.347,53.951,-41.2721,-2.2919,221.52,770.72,-40.8563,-2.6324,,,0.25611,0
72.3933,24,76,8,4,201.00,734.78,capture,180.85,819.38,86.97,0,178.931,8.829,179.834,-18.37,20.79,147.52,-17.76,-7.91,174.30,54.271,53.807,-42.3192,-4.0554,180.85,819.38,-41.5146,-3.2728,,,0.22238,0
72.4932,24,76,8,4,201.00,734.78,capture,201.23,770.53,35.75,1,179.021,8.751,179.821,-18.30,20.81,147.41,-18.07,-7.63,173.65,54.095,54.051,-38.8649,-3.4481,201.23,770.53,-40.3222,-3.3517,,,0.21954,0
72.7108,25,1,0,1,67.00,43.22,dwell,76.52,589.13,545.99,0,179.072,8.661,179.813,-18.21,20.80,147.62,-17.90,-7.59,173.94,54.311,54.173,-32.0407,-8.9889,76.52,589.13,-32.0407,-8.9889,,,0.23414,0
72.8460,25,1,0,1,67.00,43.22,dwell,134.69,508.28,469.96,0,178.970,8.728,179.820,-18.36,20.73,147.44,-17.94,-7.67,173.33,53.812,54.457,-29.2012,-6.5877,134.69,508.28,-30.7629,-7.9083,,,0.25902,0
72.9600,25,1,0,1,67.00,43.22,dwell,118.73,447.40,407.47,0,179.016,8.537,179.808,-18.33,20.76,147.72,-17.03,-7.14,174.39,53.773,54.420,-26.6686,-7.0206,118.73,447.40,-28.9205,-7.5089,,,0.18935,0
73.0581,25,1,0,1,67.00,43.22,dwell,65.42,439.28,396.06,0,178.904,8.305,179.826,-18.31,20.69,147.76,-17.83,-6.95,173.85,53.769,54.434,-27.3493,-9.3214,65.42,439.28,-28.2134,-8.3245,,,0.21212,0
73.1689,25,1,0,1,67.00,43.22,dwell,52.65,324.07,281.21,0,179.005,8.223,179.789,-18.26,20.59,147.68,-18.40,-8.33,174.28,53.747,54.347,-21.8618,-10.1641,52.65,324.07,-25.3552,-9.1523,,,0.22584,0
73.2653,25,1,0,1,67.00,43.22,dwell,151.09,313.59,283.14,0,179.057,8.161,179.822,-18.23,20.70,147.63,-17.98,-7.84,174.33,53.615,54.206,-22.4211,-5.5644,151.09,313.59,-24.0348,-7.5378,,,0.22843,0
73.3683,25,1,0,1,67.00,43.22,dwell,-3.75,229.38,199.15,0,179.002,8.027,179.815,-18.19,20.73,147.41,-17.53,-7.53,173.53,53.745,54.367,-18.1842,-12.6960,-3.75,229.38,-21.4021,-9.8590,,,0.20620,0
73.4942,25,1,0,1,67.00,43.22,dwell,17.89,214.52,178.20,0,178.968,8.018,179.803,-18.27,20.90,147.34,-17.67,-7.72,173.43,53.632,54.199,-17.3942,-12.1759,17.89,214.52,-19.5985,-10.9016,,,0.20367,0
73.6074,25,1,0,1,67.00,43.22,dwell,66.91,124.06,80.84,0,178.897,7.868,179.824,-18.25,20.91,147.43,-17.74,-7.78,173.56,53.627,54.661,-14.7807,-9.3811,66.91,124.06,-17.4305,-10.2174,,,0.19630,0
73.7086,25,1,0,1,67.00,43.22,dwell,25.53,33.77,42.53,0,178.794,7.874,179.798,-18.28,20.66,147.59,-18.49,-7.66,173.67,53.425,54.576,-10.4370,-11.9840,25.53,33.77,-14.2834,-11.0123,,,0.20102,0
73.8104,25,1,0,1,67.00,43.22,dwell,17.40,37.17,49.97,0,178.825,7.957,179.778,-18.24,20.49,147.80,-18.16,-7.76,173.98,53.645,54.721,-11.3597,-12.1959,17.40,37.17,-12.9677,-11.5450,,,0.23292,0
73.9073,25,1,0,1,67.00,43.22,capture,-0.06,-13.76,88.00,0,178.853,7.897,179.784,-18.23,20.40,147.94,-17.97,-8.21,174.49,53.640,54.122,-8.7941,-13.2263,-0.06,-13.76,-11.0896,-12.3016,,,0.23041,0
74.0025,25,1,0,1,67.00,43.22,capture,19.91,-18.23,77.42,0,178.899,7.938,179.821,-18.32,20.38,148.04,-17.82,-8.29,174.50,53.830,54.014,-9.0202,-12.3874,19.91,-18.23,-10.1584,-12.3402,,,0.21001,0
74.1083,25,1,0,1,67.00,43.22,capture,7.32,-24.10,89.97,0,178.934,7.809,179.836,-18.42,20.45,147.96,-18.73,-8.04,174.70,53.721,53.596,-9.4478,-11.5752,7.32,-24.10,-9.8386,-11.9959,,,0.23213,0
74.2143,25,1,0,1,67.00,43.22,capture,16.70,-52.71,108.32,0,178.979,7.792,179.817,-18.34,20.50,147.99,-17.51,-8.92,174.22,53.863,53.884,-8.4937,-11.9733,16.70,-52.71,-9.2334,-11.9857,,,0.22223,0
74.3072,25,1,0,1,67.00,43.22,capture,22.73,-20.06,77.23,0,179.006,7.866,179.807,-18.22,20.73,148.11,-17.98,-7.26,174.48,53.808,53.934,-8.6030,-11.8968,22.73,-20.06,-8.9497,-11.9457,,,0.22558,0
74.4132,25,1,0,1,67.00,43.22,capture,-2.96,-13.45,90.03,0,178.939,7.753,179.811,-18.24,20.63,148.19,-16.99,-7.18,174.67,53.755,53.748,-9.2443,-12.2346,-2.96,-13.45,-9.0823,-12.0757,,,0.20771,0
74.5124,25,1,0,1,67.00,43.22,capture,-17.29,19.43,87.58,0,178.925,7.697,179.793,-18.33,20.54,148.14,-17.37,-8.48,174.10,53.716,53.803,-10.5923,-12.9965,-17.29,19.43,-9.7618,-12.4901,,,0.19021,0
74.6044,25,1,0,1,67.00,43.22,capture,-3.87,6.72,79.72,0,178.962,7.709,179.788,-18.52,20.23,148.00,-17.61,-8.06,174.52,53.911,54.036,-10.6837,-12.5606,-3.87,6.72,-10.1766,-12.5218,,,0.18101,0
74.7064,25,1,0,1,67.00,43.22,capture,10.41,-10.95,78.34,0,178.943,7.636,179.759,-18.35,20.34,148.11,-17.55,-8.49,174.12,53.922,53.948,-9.6916,-12.2704,10.41,-10.95,-9.9584,-12.4087,,,0.20169,0
74.7932,25,1,0,1,67.00,43.22,capture,22.44,-20.38,77.66,0,178.919,7.583,179.744,-18.17,20.37,148.15,-17.83,-8.51,174.37,54.230,53.671,-9.9696,-11.1584,22.44,-20.38,-9.9634,-11.8461,,,0.24758,0
74.9008,25,1,0,1,67.00,43.22,capture,27.62,-21.09,75.41,0,178.907,7.525,179.774,-18.22,20.74,148.16,-17.75,-8.28,174.80,54.306,53.683,-9.5550,-11.6236,27.62,-21.09,-9.7796,-11.7459,,,0.23007,0
74.9828,25,1,0,1,67.00,43.22,capture,-5.69,-14.64,92.91,0,178.928,7.445,179.800,-18.14,20.80,148.29,-17.75,-7.83,174.95,54.152,53.291,-9.4211,-13.3046,-5.69,-14.64,-9.6183,-12.4473,,,0.20112,0
75.0864,25,1,0,1,67.00,43.22,capture,12.15,-19.41,83.25,0,178.773,7.338,179.790,-18.24,20.81,148.22,-17.40,-8.42,175.05,54.070,53.995,-9.3270,-12.2507,12.15,-19.41,-9.4872,-12.3589,,,0.20318,0
75.1966,25,1,0,1,67.00,43.22,capture,16.05,-15.74,77.93,0,178.677,7.442,179.803,-18.38,20.76,147.92,-18.52,-7.77,174.56,53.897,54.184,-9.8373,-11.7650,16.05,-15.74,-9.6447,-12.0916,,,0.20472,0
75.3047,25,1,0,1,67.00,43.22,capture,4.79,-17.06,86.63,0,178.706,7.423,179.843,-18.39,20.94,147.86,-17.09,-7.11,174.06,53.802,54.167,-8.0662,-12.6646,4.79,-17.06,-8.9344,-12.3495,,,0.20478,0
75.4005,25,1,0,1,67.00,43.22,capture,15.59,-38.46,96.51,0,178.783,7.484,179.812,-18.33,20.80,147.54,-17.74,-7.94,174.28,53.890,53.823,-7.5005,-12.6232,15.59,-38.46,-8.2891,-12.4726,,,0.22159,0
75.5047,25,1,0,1,67.00,43.22,capture,9.39,-20.36,85.80,0,178.860,7.465,179.782,-18.44,20.66,147.55,-18.13,-8.15,173.80,53.877,54.152,-9.4178,-13.0283,9.39,-20.36,-8.7970,-12.7227,,,0.19679,0
75.6055,25,1,0,1,67.00,43.22,capture,17.72,-34.06,91.66,0,178.867,7.451,179.805,-18.31,20.67,147.70,-18.36,-7.38,173.51,53.777,54.573,-8.3571,-11.9961,17.72,-34.06,-8.5990,-12.3957,,,0.22614,0
75.6931,25,1,0,1,67.00,43.22,capture,28.05,-17.02,71.74,0,179.012,7.552,179.822,-18.27,20.81,147.77,-18.46,-7.27,174.08,53.972,54.575,-9.4904,-11.0670,28.05,-17.02,-9.0002,-11.7978,,,0.24588,0
75.8018,25,1,0,1,67.00,43.22,capture,-2.40,-14.67,90.38,0,179.102,7.457,179.835,-18.40,20.86,147.83,-18.08,-7.30,174.07,53.835,54.647,-10.2392,-12.7373,-2.40,-14.67,-9.5577,-12.2206,,,0.24538,0
75.9821,26,16,1,7,335.00,129.67,dwell,64.34,-40.47,319.69,0,179.107,7.534,179.847,-18.43,20.90,147.64,-17.78,-7.57,173.52,53.914,54.609,-7.6369,-9.6724,64.34,-40.47,-7.6369,-9.6724,,,0.21438,0
76.0803,26,16,1,7,335.00,129.67,dwell,-39.04,-30.68,406.96,0,179.052,7.724,179.842,-18.50,20.90,147.91,-18.55,-7.80,174.38,53.702,54.622,-7.9606,-14.5845,-39.04,-30.68,-7.7826,-11.8829,,,0.21582,0
76.1823,26,16,1,7,335.00,129.67,dwell,120.40,-40.78,274.05,0,179.043,7.788,179.818,-18.47,20.86,147.91,-17.93,-7.60,174.33,53.770,54.301,-7.7968,-7.8711,120.40,-40.78,-7.7890,-10.0776,,,0.22905,0
76.3004,26,16,1,7,335.00,129.67,dwell,133.53,53.56,215.37,0,179.012,7.801,179.842,-18.36,20.87,147.98,-18.18,-7.90,174.25,54.030,54.457,-11.4586,-6.0423,133.53,53.56,-9.4403,-8.2617,,,0.21872,0
76.3970,26,16,1,7,335.00,129.67,dwell,170.09,-27.27,227.65,0,179.037,7.715,179.847,-18.21,20.95,148.05,-17.90,-8.08,175.02,53.982,54.722,-8.4089,-5.5473,170.09,-27.27,-8.9762,-7.0402,,,0.22566,0
76.5032,26,16,1,7,335.00,129.67,dwell,168.48,7.13,206.75,0,179.094,7.551,179.855,-18.11,20.94,148.15,-17.70,-8.10,174.51,54.181,54.766,-9.6591,-4.9182,168.48,7.13,-9.2835,-6.0853,,,0.18493,0
76.6079,26,16,1,7,335.00,129.67,dwell,125.78,56.09,221.78,0,178.962,7.749,179.845,-18.05,21.04,148.17,-17.97,-7.29,175.09,54.237,54.763,-10.6549,-6.9919,125.78,56.09,-9.9006,-6.4933,,,0.24389,0
76.7238,26,16,1,7,335.00,129.67,dwell,152.98,36.94,204.28,0,178.920,7.859,179.820,-18.09,20.90,148.04,-17.72,-7.44,174.82,54.310,54.676,-10.5497,-5.5604,152.98,36.94,-10.1927,-6.0735,,,0.22455,0
76.8288,26,16,1,7,335.00,129.67,dwell,174.19,10.74,200.01,0,179.034,7.886,179.838,-18.09,20.87,148.18,-18.12,-6.85,174.77,54.669,54.822,-11.0872,-5.1946,174.19,10.74,-10.5952,-5.6780,,,0.25294,0
76.9290,26,16,1,7,335.00,129.67,capture,239.98,9.12,153.49,0,179.011,7.826,179.809,-18.04,20.90,148.15,-17.40,-6.85,174.74,54.476,54.814,-10.9824,-2.0669,239.98,9.12,-10.7694,-4.0530,,,0.23300,0
77.0312,26,16,1,7,335.00,129.67,capture,223.45,-5.92,175.58,0,178.991,7.755,179.759,-18.14,20.80,148.17,-18.08,-8.46,174.46,54.153,54.905,-8.3947,-2.9341,223.45,-5.92,-9.7008,-3.5495,,,0.21891,0
77.1324,26,16,1,7,335.00,129.67,capture,240.29,-9.19,168.08,0,179.034,7.756,179.738,-18.10,20.67,148.29,-17.83,-7.95,174.84,54.023,55.023,-9.3263,-2.0445,240.29,-9.19,-9.5323,-2.8723,,,0.22306,0
77.2257,26,16,1,7,335.00,129.67,capture,229.86,20.13,151.83,0,179.098,7.819,179.765,-18.19,20.67,148.26,-17.76,-8.32,174.61,53.609,54.860,-10.7812,-2.4781,229.86,20.13,-10.0943,-2.6949,,,0.22624,0
77.3342,26,16,1,7,335.00,129.67,capture,221.84,35.48,147.23,0,179.058,7.680,179.804,-18.19,20.68,148.46,-17.46,-8.57,174.93,53.366,54.649,-11.6458,-2.8810,221.84,35.48,-10.7924,-2.7786,,,0.20601,0
77.4562,26,16,1,7,335.00,129.67,capture,230.69,18.69,152.30,0,179.044,7.612,179.838,-18.18,20.67,148.16,-17.81,-7.30,174.59,53.665,54.619,-11.0464,-2.7483,230.69,18.69,-10.9067,-2.7650,,,0.23078,0
77.5484,26,16,1,7,335.00,129.67,capture,249.21,19.55,139.59,0,179.079,7.464,179.809,-18.23,20.63,148.15,-17.66,-8.26,174.53,53.269,54.847,-9.9773,-1.2112,249.21,19.55,-10.4885,-2.0658,,,0.17364,0
77.6393,26,16,1,7,335.00,129.67,capture,250.25,20.61,138.12,0,178.935,7.660,179.792,-18.32,20.82,148.08,-17.34,-7.44,174.93,53.111,54.495,-10.3511,-0.5054,250.25,20.61,-10.4267,-1.3636,,,0.17360,0
77.7409,26,16,1,7,335.00,129.67,capture,252.95,13.05,142.59,0,178.851,7.626,179.806,-18.26,20.93,148.20,-18.38,-7.89,174.84,52.880,54.359,-10.2445,-0.8573,252.95,13.05,-10.3447,-1.1358,,,0.21635,0
77.8426,26,16,1,7,335.00,129.67,capture,230.76,12.23,157.03,0,178.896,7.596,179.808,-18.19,20.99,147.88,-17.75,-7.50,173.96,53.494,54.373,-9.6338,-1.3796,230.76,12.23,-10.0248,-1.2455,,,0.21070,0
77.9409,26,16,1,7,335.00,129.67,capture,240.68,23.38,142.10,0,178.981,7.553,179.815,-18.28,21.12,147.58,-18.25,-7.61,173.57,53.550,54.229,-11.3245,-1.4731,240.68,23.38,-10.6097,-1.3479,,,0.19771,0
78.0229,26,16,1,7,335.00,129.67,capture,245.24,12.31,147.75,0,179.081,7.555,179.796,-18.30,21.17,147.68,-17.69,-6.69,174.22,53.302,54.126,-10.0824,-1.3655,245.24,12.31,-10.3724,-1.3558,,,0.20550,0
78.1137,26,16,1,7,335.00,129.67,capture,241.00,15.59,147.82,0,178.929,7.474,179.798,-18.23,21.09,147.51,-17.56,-8.10,174.11,53.685,54.234,-10.5561,-1.7695,241.00,15.59,-10.4551,-1.5420,,,0.20360,0
78.2182,26,16,1,7,335.00,129.67,capture,232.82,21.88,148.52,0,178.916,7.556,179.824,-18.24,21.11,147.70,-17.75,-7.56,173.89,53.728,54.008,-9.2108,-2.4504,232.82,21.88,-9.8952,-1.9507,,,0.19965,0
78.3130,26,16,1,7,335.00,129.67,capture,249.61,16.35,141.89,0,179.029,7.598,179.802,-18.32,21.04,147.61,-18.10,-7.60,173.67,53.684,54.062,-10.4268,-1.8612,249.61,16.35,-10.1344,-1.9104,,,0.22859,0
78.4080,26,16,1,7,335.00,129.67,capture,239.97,8.00,154.38,0,179.067,7.559,179.829,-18.33,21.15,147.52,-17.61,-7.03,174.71,53.680,54.651,-9.6974,-1.8290,239.97,8.00,-9.9377,-1.8738,,,0.21058,0
78.5030,26,16,1,7,335.00,129.67,capture,246.12,40.18,126.13,0,179.191,7.483,179.825,-18.36,20.76,147.35,-18.52,-7.83,173.57,53.765,54.581,-10.8158,-2.0537,246.12,40.18,-10.3329,-1.9548,,,0.23069,0
78.6095,26,16,1,7,335.00,129.67,capture,246.59,2.41,154.95,0,179.125,7.632,179.786,-18.39,20.58,147.29,-18.48,-7.52,173.01,53.377,54.463,-9.8353,-1.4062,246.59,2.41,-10.1090,-1.7079,,,0.21249,0
78.7041,26,16,1,7,335.00,129.67,capture,239.97,9.25,153.40,0,179.104,7.511,179.788,-18.24,20.61,147.48,-18.36,-8.01,173.68,53.484,54.354,-10.8956,-1.5359,239.97,9.25,-10.4630,-1.6305,,,0.23374,0
78.8914,27,45,5,0,22.33,475.44,dwell,187.22,275.87,258.88,0,179.143,7.748,179.799,-18.39,20.77,147.58,-17.79,-8.45,173.51,53.469,54.602,-21.1618,-3.7986,187.22,275.87,-21.1618,-3.7986,,,0.21007,0
78.9850,27,45,5,0,22.33,475.44,dwell,89.86,171.38,311.47,0,179.076,7.831,179.826,-18.57,20.71,147.74,-18.96,-7.80,174.48,53.836,54.452,-16.4082,-9.3164,89.86,171.38,-19.0227,-6.2816,,,0.19342,0
79.1026,27,45,5,0,22.33,475.44,dwell,129.27,247.75,251.56,0,179.155,7.928,179.819,-18.39,20.69,147.58,-17.89,-8.22,173.73,53.960,53.950,-19.4041,-6.9282,129.27,247.75,-19.1943,-6.5726,,,0.21661,0
79.2059,27,45,5,0,22.33,475.44,dwell,104.55,119.43,365.38,0,179.110,8.059,179.799,-18.31,20.71,147.69,-17.30,-7.89,174.26,53.956,54.433,-13.7569,-8.0749,104.55,119.43,-16.7475,-7.2486,,,0.23023,0
79.2915,27,45,5,0,22.33,475.44,dwell,134.80,301.38,207.24,0,179.179,8.144,179.809,-18.24,20.73,147.46,-18.48,-8.17,173.70,53.838,54.472,-21.8650,-6.3575,134.80,301.38,-19.0504,-6.8476,,,0.23322,0
79.4030,27,45,5,0,22.33,475.44,dwell,114.71,221.61,270.12,0,179.237,8.104,179.811,-18.40,20.97,147.51,-18.02,-7.58,174.13,53.859,54.483,-18.0158,-7.2201,114.71,221.61,-18.5848,-7.0152,,,0.21447,0
79.4994,27,45,5,0,22.33,475.44,dwell,141.29,325.25,191.60,0,179.041,8.144,179.801,-18.44,21.10,147.62,-18.53,-7.90,173.55,53.987,54.334,-22.5847,-6.8443,141.29,325.25,-20.3848,-6.9383,,,0.22243,0
79.6009,27,45,5,0,22.33,475.44,dwell,119.35,330.62,174.32,0,179.076,8.135,179.797,-18.23,21.04,147.36,-17.94,-7.18,173.61,53.857,54.241,-22.8147,-6.6701,119.35,330.62,-21.4782,-6.8176,,,0.20508,0
79.7100,27,45,5,0,22.33,475.44,dwell,107.92,311.88,184.60,0,179.024,8.018,179.819,-18.23,21.17,147.05,-18.05,-7.34,173.17,53.809,54.159,-21.8537,-8.4451,107.92,311.88,-21.6472,-7.5500,,,0.21319,0
79.8093,27,45,5,0,22.33,475.44,dwell,88.13,323.21,165.84,0,178.939,8.023,179.816,-18.15,21.26,147.04,-17.75,-5.82,172.68,53.687,54.040,-22.9091,-8.8306,88.13,323.21,-22.2150,-8.1263,,,0.22096,0
79.9317,27,45,5,0,22.33,475.44,dwell,56.89,415.95,68.80,0,178.967,8.058,179.809,-18.20,21.22,147.01,-18.07,-7.65,173.31,53.744,54.172,-26.2109,-10.7243,56.89,415.95,-24.0132,-9.2954,,,0.20737,0
80.0253,27,45,5,0,22.33,475.44,capture,67.59,410.05,79.53,0,178.916,8.219,179.823,-18.32,21.23,147.23,-18.14,-7.01,173.76,53.687,54.190,-25.2640,-9.7097,67.59,410.05,-24.5760,-9.4818,,,0.21786,0
80.1233,27,45,5,0,22.33,475.44,capture,100.15,383.44,120.50,0,178.997,8.215,179.830,-18.34,21.33,147.37,-18.00,-6.49,173.42,53.306,54.569,-24.8241,-8.3459,100.15,383.44,-24.6877,-8.9706,,,0.19446,0
80.2213,27,45,5,0,22.33,475.44,capture,93.62,415.31,93.26,0,178.986,8.316,179.853,-18.21,21.32,147.35,-18.15,-7.40,173.32,53.589,54.794,-26.4137,-8.2984,93.62,415.31,-25.4644,-8.6681,,,0.20900,0
80.3198,27,45,5,0,22.33,475.44,capture,85.03,387.71,107.83,0,179.002,8.359,179.889,-18.29,21.33,147.36,-17.99,-7.55,173.06,53.318,54.413,-25.1312,-9.2338,85.03,387.71,-25.3145,-8.9227,,,0.22194,0
80.4055,27,45,5,0,22.33,475.44,capture,82.74,404.32,93.31,0,179.084,8.323,179.875,-18.29,21.17,147.58,-17.87,-6.87,174.10,53.188,54.930,-25.8418,-9.5079,82.74,404.32,-25.5517,-9.1860,,,0.17230,0
80.4878,27,45,5,0,22.33,475.44,capture,65.95,405.19,82.69,0,179.158,8.341,179.884,-18.36,21.28,147.75,-18.44,-7.38,173.93,53.270,54.858,-24.9417,-9.7259,65.95,405.19,-25.2772,-9.4290,,,0.19809,0
80.6129,27,45,5,0,22.33,475.44,capture,84.74,397.14,100.13,0,179.030,8.361,179.858,-18.28,21.18,147.65,-17.76,-7.01,174.02,53.216,54.860,-25.2356,-9.0844,84.74,397.14,-25.2585,-9.2739,,,0.20674,0
80.7255,27,45,5,0,22.33,475.44,capture,80.09,341.64,145.74,0,178.955,8.376,179.870,-18.24,21.16,147.65,-17.57,-7.22,173.73,53.762,54.594,-23.2709,-9.1516,80.09,341.64,-24.3641,-9.2188,,,0.20777,0
80.8319,27,45,5,0,22.33,475.44,capture,65.14,394.26,91.78,0,178.930,8.369,179.862,-18.22,21.35,147.72,-18.03,-7.63,174.02,53.795,54.723,-26.1275,-9.9868,65.14,394.26,-25.1576,-9.5644,,,0.24012,0
80.9194,27,45,5,0,22.33,475.44,capture,93.75,405.77,99.77,0,178.966,8.457,179.860,-18.25,21.23,147.67,-17.87,-7.42,174.24,53.890,55.098,-24.9351,-8.6037,93.75,405.77,-25.0575,-9.1321,,,0.23015,0
81.0257,27,45,5,0,22.33,475.44,capture,80.22,402.64,93.01,0,179.074,8.420,179.839,-18.37,21.02,147.90,-17.95,-7.24,174.60,53.785,55.295,-25.7350,-9.3326,80.22,402.64,-25.3624,-9.2223,,,0.23260,0
81.1308,27,45,5,0,22.33,475.44,capture,63.81,408.57,78.69,0,179.091,8.504,179.810,-18.42,21.12,147.97,-17.01,-6.24,174.58,53.764,54.853,-25.7428,-9.9665,63.81,408.57,-25.5336,-9.5572,,,0.22756,0
81.2326,27,45,5,0,22.33,475.44,capture,65.98,416.46,73.38,0,178.934,8.502,179.836,-18.17,20.96,148.01,-17.55,-7.40,174.63,54.103,54.840,-24.9082,-9.3237,65.98,416.46,-25.2522,-9.4521,,,0.22744,0
81.3522,27,45,5,0,22.33,475.44,capture,69.84,426.01,68.56,0,179.016,8.334,179.809,-18.19,20.73,147.90,-17.80,-7.84,174.45,53.583,54.661,-26.4528,-9.6421,69.84,426.01,-25.7924,-9.5376,,,0.17933,0
81.4508,27,45,5,0,22.33,475.44,capture,73.28,394.74,95.44,0,178.940,8.318,179.818,-18.23,20.55,147.81,-17.73,-8.44,173.96,53.711,54.350,-25.1960,-9.1570,73.28,394.74,-25.5240,-9.3663,,,0.21386,0
81.5625,27,45,5,0,22.33,475.44,capture,41.38,398.69,79.08,0,179.004,8.287,179.850,-18.32,20.34,147.73,-17.61,-7.39,174.10,53.703,54.452,-24.8708,-11.2518,41.38,398.69,-25.2301,-10.2148,,,0.18594,0
81.6598,27,45,5,0,22.33,475.44,capture,58.21,419.46,66.49,0,178.949,8.203,179.822,-18.24,20.29,147.90,-17.96,-8.07,174.34,53.969,54.327,-25.4952,-10.2247,58.21,419.46,-25.3494,-10.2193,,,0.22002,0
81.7546,27,45,5,0,22.33,475.44,capture,68.21,407.18,82.25,0,178.849,8.080,179.846,-18.28,20.33,147.63,-17.66,-7.56,174.10,53.720,54.532,-25.9116,-9.6869,68.21,407.18,-25.6024,-9.9797,,,0.22117,0
81.8564,27,45,5,0,22.33,475.44,capture,77.87,400.42,93.34,0,178.842,8.138,179.855,-18.33,20.26,147.69,-17.63,-8.64,174.03,53.548,54.268,-25.2438,-9.2097,77.87,400.42,-25.4410,-9.6332,,,0.20121,0
82.0253,28,13,1,4,201.00,129.67,dwell,118.31,459.99,340.52,0,179.035,7.931,179.850,-18.37,20.43,147.77,-17.26,-8.80,174.47,53.178,54.193,-28.1901,-6.7455,118.31,459.99,-28.1901,-6.7455,,,0.17600,0
82.1178,28,13,1,4,201.00,129.67,dwell,-36.43,240.86,262.18,0,179.004,7.828,179.833,-18.46,20.41,148.02,-18.39,-8.03,174.32,53.287,54.581,-18.1957,-14.0078,-36.43,240.86,-23.6926,-10.0135,,,0.19290,0
82.2275,28,13,1,4,201.00,129.67,dwell,111.38,317.02,207.68,0,178.986,7.869,179.819,-18.45,20.42,148.04,-17.81,-7.16,174.40,53.408,54.260,-20.8296,-7.6272,111.38,317.02,-22.4042,-8.9397,,,0.19733,0
82.3358,28,13,1,4,201.00,129.67,dwell,125.91,329.62,213.59,0,178.956,7.872,179.768,-18.47,20.58,148.18,-18.80,-8.54,174.77,53.393,54.602,-22.5055,-7.1333,125.91,329.62,-22.4498,-8.1268,,,0.21695,0
82.4551,28,13,1,4,201.00,129.67,dwell,70.26,238.56,170.15,0,178.931,7.771,179.762,-18.34,20.60,147.89,-17.96,-7.49,174.48,53.421,54.205,-19.2506,-9.3359,70.26,238.56,-21.0102,-8.6709,,,0.20799,0
82.5736,28,13,1,4,201.00,129.67,dwell,111.14,212.22,122.02,0,178.933,7.734,179.791,-18.29,20.70,147.81,-18.11,-8.55,174.15,53.161,54.262,-17.7247,-7.2948,111.14,212.22,-19.5317,-8.0516,,,0.17447,0
82.6617,28,13,1,4,201.00,129.67,dwell,33.16,273.48,221.03,0,179.010,7.717,179.808,-18.36,20.61,147.61,-17.90,-8.21,174.02,53.089,53.571,-20.1653,-11.2488,33.16,273.48,-19.8168,-9.4903,,,0.18108,0
82.7766,28,13,1,4,201.00,129.67,dwell,56.09,273.96,204.50,0,179.009,7.724,179.835,-18.28,20.60,147.63,-17.66,-7.18,173.57,53.375,53.513,-20.3651,-10.6151,56.09,273.96,-20.0636,-9.9965,,,0.18313,0
82.8586,28,13,1,4,201.00,129.67,dwell,34.43,245.61,202.95,0,178.940,7.705,179.853,-18.26,20.55,147.64,-17.90,-8.35,174.27,53.199,53.466,-19.9672,-11.5158,34.43,245.61,-20.0202,-10.6802,,,0.18407,0
82.9425,28,13,1,4,201.00,129.67,dwell,32.36,180.75,176.21,0,178.884,7.585,179.830,-18.38,20.68,147.35,-17.51,-7.07,173.96,53.416,53.606,-16.4408,-11.5050,32.36,180.75,-18.4095,-11.0513,,,0.19004,0
83.0587,28,13,1,4,201.00,129.67,dwell,28.25,196.68,185.29,0,178.915,7.609,179.821,-18.36,20.58,147.53,-18.13,-8.48,173.93,53.928,53.761,-17.2155,-11.5468,28.25,196.68,-17.8722,-11.2743,,,0.19120,0
83.1539,28,13,1,4,201.00,129.67,capture,5.21,170.99,200.10,0,178.948,7.595,179.800,-18.34,20.62,147.60,-18.59,-7.90,174.24,54.268,53.548,-15.8682,-12.7667,5.21,170.99,-16.9704,-11.9459,,,0.22106,0
83.2614,28,13,1,4,201.00,129.67,capture,50.64,187.06,160.94,0,178.932,7.593,179.800,-18.27,20.75,147.75,-17.97,-7.80,174.18,54.023,53.919,-16.8381,-11.0041,50.64,187.06,-16.9109,-11.5221,,,0.22193,0
83.3685,28,13,1,4,201.00,129.67,capture,23.89,189.33,186.89,0,178.915,7.679,179.850,-18.31,20.79,147.61,-17.93,-8.01,174.24,54.433,53.895,-16.7693,-12.1866,23.89,189.33,-16.8472,-11.8211,,,0.23641,0
83.4732,28,13,1,4,201.00,129.67,capture,43.31,191.51,169.38,0,178.891,7.721,179.846,-18.19,20.64,147.46,-17.40,-7.47,173.88,54.278,54.221,-16.9408,-10.7906,43.31,191.51,-16.8893,-11.3574,,,0.21756,0
83.5634,28,13,1,4,201.00,129.67,capture,45.07,161.35,159.12,0,178.900,7.710,179.838,-18.16,20.60,147.41,-17.87,-8.03,173.63,54.423,54.665,-14.9570,-10.3969,45.07,161.35,-16.0198,-10.9252,,,0.24810,0
83.6553,28,13,1,4,201.00,129.67,capture,29.88,171.61,176.19,0,178.912,7.856,179.800,-18.15,20.72,147.27,-17.56,-8.81,173.05,54.077,54.674,-16.7636,-11.8315,29.88,171.61,-16.3545,-11.3330,,,0.22398,0
83.7527,28,13,1,4,201.00,129.67,capture,3.62,182.57,204.35,0,178.829,7.921,179.793,-18.33,20.55,147.31,-18.25,-7.49,173.05,53.806,55.058,-16.6430,-12.3454,3.62,182.57,-16.4843,-11.7886,,,0.20433,0
83.8534,28,13,1,4,201.00,129.67,capture,27.68,174.82,179.11,0,178.807,7.988,179.799,-18.34,20.62,147.18,-18.19,-7.71,173.52,53.410,54.543,-16.7238,-11.3836,27.68,174.82,-16.5921,-11.6063,,,0.20009,0
83.9464,28,13,1,4,201.00,129.67,capture,50.62,159.66,153.34,0,178.779,7.957,179.797,-18.35,20.72,147.40,-17.54,-8.41,173.61,53.805,54.427,-16.0414,-11.1893,50.62,159.66,-16.3443,-11.4187,,,0.23169,0
84.0515,28,13,1,4,201.00,129.67,capture,31.34,137.43,169.84,0,178.904,8.009,179.793,-18.37,20.57,147.41,-18.15,-7.77,173.41,53.917,54.293,-14.3286,-11.8145,31.34,137.43,-15.4372,-11.5968,,,0.22531,0
84.1606,28,13,1,4,201.00,129.67,capture,26.99,191.38,184.63,0,178.889,7.898,179.791,-18.47,20.74,147.43,-17.92,-7.01,173.95,53.777,54.119,-16.6421,-11.8062,26.99,191.38,-15.9794,-11.6910,,,0.20904,0
84.2637,28,13,1,4,201.00,129.67,capture,38.30,178.70,169.93,0,178.766,7.946,179.756,-18.47,20.63,147.36,-18.58,-7.89,173.44,53.539,54.083,-17.1024,-11.5474,38.30,178.70,-16.4848,-11.6264,,,0.16810,0
84.3601,28,13,1,4,201.00,129.67,capture,29.38,183.18,179.77,0,178.942,7.843,179.731,-18.51,20.67,147.22,-17.96,-7.42,172.72,53.435,54.039,-17.6637,-11.8857,29.38,183.18,-17.0153,-11.7431,,,0.20527,0
84.4876,28,13,1,4,201.00,129.67,capture,34.11,161.94,169.98,0,179.034,7.586,179.758,-18.47,20.64,147.44,-18.38,-8.11,173.87,53.731,53.623,-16.0282,-11.8398,34.11,161.94,-16.5711,-11.7866,,,0.22548,0
84.5717,28,13,1,4,201.00,129.67,capture,37.73,159.30,165.94,0,178.894,7.583,179.764,-18.49,20.37,147.42,-17.86,-8.47,173.86,53.818,53.627,-16.4342,-11.3750,37.73,159.30,-16.5095,-11.6013,,,0.20907,0
84.6545,28,13,1,4,201.00,129.67,capture,22.72,157.63,180.46,0,178.925,7.547,179.758,-18.58,20.30,147.31,-18.70,-7.76,173.79,53.722,53.858,-16.9190,-11.7597,22.72,157.63,-16.6938,-11.6726,,,0.21700,0
84.7462,28,13,1,4,201.00,129.67,capture,18.88,188.20,191.30,0,178.896,7.591,179.780,-18.54,20.39,147.00,-18.23,-7.78,173.34,53.537,54.024,-17.1780,-12.4799,18.88,188.20,-16.9117,-12.0359,,,0.20904,0
84.8573,28,13,1,4,201.00,129.67,capture,28.39,160.61,175.36,0,178.858,7.564,179.779,-18.52,20.51,146.98,-18.43,-8.24,173.20,53.641,53.666,-15.4014,-11.6820,28.39,160.61,-16.2320,-11.8767,,,0.22700,0
84.9496,28,13,1,4,201.00,129.67,capture,15.13,186.10,194.25,0,178.842,7.478,179.783,-18.56,20.58,147.15,-18.28,-7.76,173.55,53.106,53.783,-17.4800,-12.5364,15.13,186.10,-16.7936,-12.1736,,,0.21757,0
85.0535,28,13,1,4,201.00,129.67,capture,29.92,147.21,171.98,0,178.845,7.462,179.815,-18.54,20.59,147.28,-18.09,-8.28,173.22,53.057,54.082,-16.2931,-11.4051,29.92,147.21,-16.5684,-11.8277,,,0.22013,0
85.2424,29,77,8,5,245.67,734.78,dwell,94.71,422.40,346.94,0,178.815,7.598,179.832,-18.59,20.65,147.16,-18.22,-8.12,173.29,53.373,53.960,-26.0548,-7.4817,94.71,422.40,-26.0548,-7.4817,,,0.19744,0
85.3295,29,77,8,5,245.67,734.78,dwell,150.24,366.54,380.40,0,178.785,7.785,179.819,-18.52,20.71,147.35,-18.27,-7.38,173.54,53.494,53.739,-24.2851,-5.7621,150.24,366.54,-25.2584,-6.7079,,,0.22410,0
85.4115,29,77,8,5,245.67,734.78,dwell,169.54,471.87,273.71,0,178.885,7.908,179.820,-18.54,20.88,147.48,-17.68,-7.62,173.55,53.318,54.174,-27.7374,-4.7989,169.54,471.87,-26.3740,-5.8488,,,0.21525,0
85.5156,29,77,8,5,245.67,734.78,dwell,268.04,422.28,313.30,0,178.893,8.019,179.818,-18.35,20.79,147.75,-17.62,-7.52,174.76,53.931,54.317,-25.4809,-0.6415,268.04,422.28,-25.9721,-3.5055,,,0.24080,0
85.6153,29,77,8,5,245.67,734.78,dwell,94.07,457.34,316.15,0,178.843,8.070,179.838,-18.42,20.76,147.86,-17.66,-7.99,174.72,54.132,54.544,-27.8020,-8.1610,94.07,457.34,-26.7955,-5.6005,,,0.24452,0
85.7144,29,77,8,5,245.67,734.78,dwell,98.72,518.31,261.63,0,178.891,8.189,179.804,-18.34,20.90,147.91,-17.68,-8.01,174.51,53.923,54.004,-28.8594,-8.2742,98.72,518.31,-27.7243,-6.8037,,,0.20355,0
85.8021,29,77,8,5,245.67,734.78,dwell,93.53,475.94,300.24,0,178.918,8.060,179.807,-18.42,20.66,147.62,-18.02,-8.08,174.13,53.736,54.227,-28.1065,-8.5459,93.53,475.94,-27.8963,-7.5877,,,0.23083,0
85.9081,29,77,8,5,245.67,734.78,dwell,150.14,517.19,237.63,0,178.809,8.140,179.868,-18.46,20.80,147.47,-17.98,-7.42,173.90,53.630,54.474,-29.8599,-5.3106,150.14,517.19,-28.7799,-6.5630,,,0.21594,0
86.0010,29,77,8,5,245.67,734.78,dwell,164.29,583.69,171.61,0,178.916,8.236,179.871,-18.51,20.59,147.66,-18.47,-8.25,174.30,53.990,54.447,-33.2912,-5.2046,164.29,583.69,-30.8100,-5.9517,,,0.20707,0
86.1118,29,77,8,5,245.67,734.78,dwell,160.09,626.87,137.72,0,178.968,8.372,179.860,-18.44,20.53,147.50,-17.64,-7.41,173.48,53.694,54.535,-34.4344,-4.9846,160.09,626.87,-32.4410,-5.5165,,,0.20946,0
86.2073,29,77,8,5,245.67,734.78,dwell,166.21,662.49,107.42,0,178.861,8.530,179.864,-18.32,20.43,147.30,-17.53,-8.02,173.96,53.953,53.920,-35.1654,-4.5222,166.21,662.49,-33.6670,-5.0691,,,0.20464,0
86.3132,29,77,8,5,245.67,734.78,capture,170.35,719.01,76.95,0,179.019,8.504,179.884,-18.24,20.53,147.31,-17.73,-8.42,173.71,53.484,53.601,-38.2041,-4.9400,170.35,719.01,-35.7087,-5.0110,,,0.21592,0
86.4485,29,77,8,5,245.67,734.78,capture,193.51,720.01,54.21,0,179.063,8.549,179.871,-18.22,20.44,147.45,-17.29,-8.43,173.75,53.257,53.430,-38.1850,-3.1105,193.51,720.01,-36.8230,-4.1558,,,0.23544,0
86.5366,29,77,8,5,245.67,734.78,capture,202.02,741.24,44.12,0,178.955,8.537,179.846,-18.26,20.31,147.48,-17.62,-8.84,173.96,53.410,53.572,-38.6044,-3.6528,202.02,741.24,-37.6246,-3.9294,,,0.21450,0
86.6259,29,77,8,5,245.67,734.78,capture,195.03,686.16,70.20,0,178.892,8.557,179.855,-18.37,20.37,147.40,-17.09,-8.43,173.54,53.514,53.987,-36.1765,-4.1734,195.03,686.16,-36.9730,-4.0392,,,0.21953,0
86.7440,29,77,8,5,245.67,734.78,capture,179.82,688.27,80.61,0,178.904,8.699,179.878,-18.41,20.40,147.63,-17.43,-8.50,173.87,53.259,54.459,-37.0222,-4.6261,179.82,688.27,-36.9951,-4.3033,,,0.20574,0
86.8576,29,77,8,5,245.67,734.78,capture,196.35,703.26,58.53,0,178.840,8.602,179.846,-18.56,20.10,147.67,-18.08,-9.45,174.32,53.475,54.443,-37.8836,-4.0273,196.35,703.26,-37.3950,-4.1791,,,0.19176,0
86.9605,29,77,8,5,245.67,734.78,capture,198.06,704.83,56.24,0,178.864,8.647,179.863,-18.58,20.06,147.60,-18.51,-8.98,173.84,53.887,54.407,-36.8669,-3.7515,198.06,704.83,-37.1573,-3.9867,,,0.21483,0
87.0543,29,77,8,5,245.67,734.78,capture,203.40,707.48,50.32,0,178.848,8.740,179.900,-18.51,20.03,147.66,-18.21,-8.47,173.86,53.782,54.170,-37.9604,-2.5696,203.40,707.48,-37.5187,-3.3490,,,0.21297,0
87.1456,29,77,8,5,245.67,734.78,capture,207.55,709.37,45.81,0,178.873,8.635,179.857,-18.49,20.12,147.74,-18.03,-8.54,174.18,53.707,54.105,-36.4951,-3.1897,207.55,709.37,-37.0581,-3.2773,,,0.21980,0
87.2280,29,77,8,5,245.67,734.78,capture,200.36,697.90,58.42,0,178.796,8.562,179.850,-18.54,20.25,147.84,-18.42,-8.13,174.31,53.661,53.726,-36.6899,-3.6749,200.36,697.90,-36.8924,-3.4562,,,0.20138,0
87.3271,29,77,8,5,245.67,734.78,capture,195.75,715.01,53.69,0,178.771,8.588,179.867,-18.59,20.58,148.03,-18.30,-8.01,175.00,54.113,53.733,-37.4718,-4.0113,195.75,715.01,-37.1531,-3.7060,,,0.24927,0
87.4234,29,77,8,5,245.67,734.78,capture,199.50,722.99,47.65,0,178.896,8.640,179.872,-18.60,20.64,148.26,-17.59,-8.11,174.50,53.496,53.975,-36.9971,-3.6968,199.50,722.99,-37.0829,-3.7019,,,0.18870,0
87.5269,29,77,8,5,245.67,734.78,capture,169.74,714.36,78.62,0,178.745,8.656,179.856,-18.59,20.57,148.31,-17.69,-8.32,175.09,53.913,54.023,-36.9795,-4.7520,169.74,714.36,-37.0364,-4.1744,,,0.19589,0
87.6336,29,77,8,5,245.67,734.78,capture,177.86,717.87,69.88,0,178.622,8.612,179.873,-18.69,20.61,148.23,-18.07,-7.96,174.48,53.590,54.085,-37.3275,-5.3794,177.86,717.87,-37.1674,-4.7167,,,0.21797,0
87.7529,29,77,8,5,245.67,734.78,capture,189.46,702.09,65.02,0,178.686,8.756,179.841,-18.58,20.39,147.91,-18.48,-7.88,174.14,53.612,54.148,-36.9368,-4.3611,189.46,702.09,-37.0636,-4.5567,,,0.20733,0
87.8453,29,77,8,5,245.67,734.78,capture,188.55,719.09,59.23,0,178.700,8.754,179.829,-18.50,20.39,147.56,-18.11,-8.29,173.29,53.334,54.619,-38.2888,-3.8960,188.55,719.09,-37.6149,-4.2594,,,0.19195,0
87.9504,29,77,8,5,245.67,734.78,capture,178.60,706.16,72.92,0,178.755,8.876,179.819,-18.41,20.42,147.57,-18.14,-7.95,173.78,52.899,54.226,-36.9313,-3.7630,178.60,706.16,-37.3073,-4.0360,,,0.19221,0
88.0435,29,77,8,5,245.67,734.78,capture,185.95,717.72,62.11,0,178.825,8.881,179.813,-18.34,20.57,147.56,-17.48,-7.91,173.69,52.504,54.333,-37.7700,-3.6248,185.95,717.72,-37.5155,-3.8510,,,0.17662,0
88.1593,29,77,8,5,245.67,734.78,capture,200.16,724.80,46.59,0,178.986,8.985,179.793,-18.41,20.54,147.45,-18.05,-8.80,173.62,52.763,53.974,-37.3108,-3.3478,200.16,724.80,-37.4234,-3.6245,,,0.19076,0
88.2656,29,77,8,5,245.67,734.78,capture,178.97,703.99,73.46,0,179.089,9.009,179.800,-18.32,20.66,147.53,-18.06,-8.74,173.97,52.780,54.419,-37.4302,-4.0962,178.97,703.99,-37.4264,-3.8368,,,0.19109,0
88.4708,30,58,6,4,201.00,561.89,dwell,311.70,810.09,271.77,0,179.080,8.952,179.800,-18.40,20.63,147.71,-18.35,-7.65,173.88,53.032,54.540,-41.0034,0.9555,311.70,810.09,-41.0034,0.9555,,,0.19322,0
88.5605,30,58,6,4,201.00,561.89,dwell,199.31,599.43,37.58,1,179.068,8.907,179.824,-18.30,20.55,147.75,-17.60,-7.57,173.77,53.220,54.684,-32.5558,-3.4780,199.31,599.43,-37.2020,-1.0396,,,0.17452,0
88.6611,30,58,6,4,201.00,561.89,dwell,230.19,648.54,91.44,0,179.024,8.806,179.806,-18.24,20.53,147.60,-18.30,-7.86,173.73,53.182,54.682,-36.8158,-2.1831,230.19,648.54,-37.0282,-1.5542,,,0.22171,0
88.7949,30,58,6,4,201.00,561.89,dwell,260.88,654.51,110.29,0,179.019,8.813,179.819,-18.30,20.37,147.58,-18.06,-7.96,174.10,53.323,54.520,-34.1594,-0.9914,260.88,654.51,-35.7372,-1.3009,,,0.20704,0
88.8887,30,58,6,4,201.00,561.89,dwell,178.54,619.94,62.24,0,179.047,8.866,179.837,-18.48,20.43,147.38,-18.34,-8.42,173.81,53.425,54.431,-34.6569,-4.3400,178.54,619.94,-35.2511,-2.6685,,,0.22189,0
88.9707,30,58,6,4,201.00,561.89,dwell,234.99,588.94,43.44,0,179.026,8.927,179.837,-18.31,20.46,147.52,-17.70,-8.16,173.80,53.476,54.779,-32.0073,-1.6027,234.99,588.94,-33.7914,-2.1889,,,0.20276,0
89.0904,30,58,6,4,201.00,561.89,dwell,181.36,643.88,84.31,0,179.095,8.779,179.860,-18.39,20.53,147.65,-17.72,-8.57,173.75,53.158,54.489,-34.2755,-4.0535,181.36,643.88,-34.0092,-3.0279,,,0.17572,0
89.1728,30,58,6,4,201.00,561.89,dwell,218.07,579.10,24.24,1,178.998,8.793,179.889,-18.48,20.47,147.36,-17.72,-8.63,173.70,53.040,54.191,-31.9678,-2.3916,218.07,579.10,-33.0906,-2.7416,,,0.21766,0
89.2799,30,58,6,4,201.00,561.89,dwell,251.76,598.05,62.32,0,178.932,8.802,179.888,-18.43,20.51,147.29,-17.38,-7.47,173.45,53.244,53.832,-34.4219,-1.2426,251.76,598.05,-33.6897,-2.0670,,,0.21818,0
89.3676,30,58,6,4,201.00,561.89,capture,255.60,594.96,63.83,0,178.881,8.755,179.893,-18.52,20.50,147.55,-18.82,-7.61,174.52,53.712,53.696,-32.0573,-0.5531,255.60,594.96,-32.9551,-1.3858,,,0.21891,0
89.4747,30,58,6,4,201.00,561.89,capture,257.76,577.29,58.81,0,178.879,8.576,179.878,-18.47,20.49,147.82,-17.77,-7.92,174.23,53.559,53.473,-32.1977,-0.8665,257.76,577.29,-32.6143,-1.1521,,,0.19348,0
89.5795,30,58,6,4,201.00,561.89,capture,244.37,584.02,48.69,0,178.673,8.595,179.890,-18.38,20.47,147.77,-17.83,-7.85,174.19,54.024,53.874,-32.8739,-1.6411,244.37,584.02,-32.7311,-1.3722,,,0.23659,0
89.6868,30,58,6,4,201.00,561.89,capture,274.26,565.83,73.37,0,178.757,8.783,179.862,-18.32,20.54,147.80,-17.28,-7.49,174.14,54.083,53.528,-32.1453,-0.1239,274.26,565.83,-32.4675,-0.8104,,,0.20923,0
89.7977,30,58,6,4,201.00,561.89,capture,265.16,591.64,70.72,0,178.758,8.729,179.855,-18.31,20.71,147.94,-17.78,-7.69,174.23,54.212,53.225,-33.1448,-0.7420,265.16,591.64,-32.7723,-0.7796,,,0.21957,0
89.9054,30,58,6,4,201.00,561.89,capture,242.62,593.34,52.17,0,178.844,8.870,179.858,-18.39,20.80,148.01,-17.96,-8.08,174.71,54.471,53.740,-33.8639,-1.5001,242.62,593.34,-33.2635,-1.1039,,,0.25216,0
90.0080,30,58,6,4,201.00,561.89,capture,230.81,581.29,35.57,0,178.845,9.029,179.860,-18.38,20.83,148.03,-17.70,-7.60,174.90,53.723,53.933,-32.1407,-2.3320,230.81,581.29,-32.7582,-1.6565,,,0.21004,0
90.1024,30,58,6,4,201.00,561.89,capture,250.51,609.06,68.38,0,178.806,9.157,179.879,-18.42,20.86,147.91,-18.33,-7.51,174.62,53.842,54.124,-33.3517,-0.9784,250.51,609.06,-33.0253,-1.3514,,,0.19836,0
90.2160,30,58,6,4,201.00,561.89,capture,271.31,591.52,76.30,0,178.837,9.193,179.851,-18.45,20.92,147.84,-18.01,-7.36,174.14,54.323,54.467,-32.2645,-0.1017,271.31,591.52,-32.6829,-0.7890,,,0.21878,0
90.3019,30,58,6,4,201.00,561.89,capture,243.78,576.92,45.34,0,178.719,9.061,179.852,-18.43,20.92,148.00,-18.09,-7.93,174.69,54.642,54.417,-32.1053,-1.5360,243.78,576.92,-32.4230,-1.1252,,,0.22890,0
90.4074,30,58,6,4,201.00,561.89,capture,255.46,625.25,83.55,0,178.792,9.006,179.868,-18.56,20.95,147.87,-18.45,-7.55,174.70,54.645,54.271,-33.2665,-1.3457,255.46,625.25,-32.8026,-1.2244,,,0.24038,0
90.5034,30,58,6,4,201.00,561.89,capture,271.35,577.26,72.01,0,178.759,8.767,179.891,-18.58,21.08,147.81,-18.28,-8.09,174.39,54.506,54.590,-31.3822,-0.8015,271.35,577.26,-32.1634,-1.0341,,,0.21981,0
90.6188,30,58,6,4,201.00,561.89,capture,264.76,591.38,70.25,0,178.522,8.681,179.864,-18.57,20.96,147.87,-18.13,-7.65,174.21,54.399,54.470,-32.8656,-0.7073,264.76,591.38,-32.4794,-0.8871,,,0.24188,0
90.7128,30,58,6,4,201.00,561.89,capture,257.31,600.38,68.21,0,178.416,8.801,179.836,-18.56,20.85,148.21,-17.82,-7.91,174.89,54.618,54.326,-32.8807,-0.9459,257.31,600.38,-32.6600,-0.9135,,,0.22308,0
90.8242,30,58,6,4,201.00,561.89,capture,255.93,605.35,70.04,0,178.601,8.716,179.829,-18.48,20.79,148.12,-18.28,-7.30,174.20,54.729,53.864,-32.7736,-0.5045,255.93,605.35,-32.7111,-0.7294,,,0.23989,0
90.9317,30,58,6,4,201.00,561.89,capture,269.11,590.25,73.78,0,178.711,8.634,179.845,-18.52,20.83,148.40,-18.44,-7.60,175.02,54.703,53.809,-33.0279,-0.5263,269.11,590.25,-32.8537,-0.6380,,,0.23498,0
91.0197,30,58,6,4,201.00,561.89,capture,235.63,621.63,69.05,0,178.676,8.543,179.872,-18.44,20.68,148.35,-17.64,-7.78,174.84,54.701,54.242,-34.1624,-1.8566,235.63,621.63,-33.4426,-1.1864,,,0.23172,0
91.1262,30,58,6,4,201.00,561.89,capture,267.46,585.01,70.37,0,178.678,8.536,179.861,-18.44,20.84,148.18,-17.76,-7.62,174.54,54.563,54.516,-32.2658,-0.4077,267.46,585.01,-32.9130,-0.8360,,,0.23621,0
91.2280,30,58,6,4,201.00,561.89,capture,266.25,594.76,73.06,0,178.788,8.627,179.841,-18.53,20.81,147.89,-17.76,-7.84,174.18,53.974,54.384,-33.2963,-0.3923,266.25,594.76,-33.0855,-0.6363,,,0.22335,0
91.3171,30,58,6,4,201.00,561.89,capture,276.73,589.85,80.73,0,178.920,8.712,179.853,-18.70,20.72,147.92,-18.11,-8.30,174.34,54.201,54.538,-33.0462,-0.3465,276.73,589.85,-33.0678,-0.5059,,,0.21063,0
91.4488,30,58,6,4,201.00,561.89,capture,243.59,606.02,61.33,0,178.786,8.766,179.828,-18.64,20.70,147.71,-17.79,-8.10,173.90,54.319,54.764,-34.1716,-1.3571,243.59,606.02,-33.5645,-0.8890,,,0.22036,0
91.6067,31,3,0,3,156.33,43.22,dwell,128.87,455.90,413.59,0,178.664,8.578,179.806,-18.65,20.56,147.71,-17.84,-7.93,174.21,54.496,54.525,-27.9229,-6.3999,128.87,455.90,-27.9229,-6.3999,,,0.25024,0
91.7143,31,3,0,3,156.33,43.22,dwell,262.11,322.98,299.09,0,178.670,8.487,179.817,-18.71,20.79,147.71,-17.79,-7.54,173.78,54.243,54.391,-22.4664,-0.2616,262.11,322.98,-25.4675,-3.6377,,,0.22845,0
91.8112,31,3,0,3,156.33,43.22,dwell,124.41,262.09,221.18,0,178.671,8.414,179.820,-18.72,20.87,147.49,-18.55,-8.06,173.91,54.497,54.133,-19.8689,-7.1469,124.41,262.09,-22.9481,-5.2168,,,0.25128,0
91.9066,31,3,0,3,156.33,43.22,dwell,143.46,136.45,94.11,0,178.653,8.383,179.814,-18.70,20.75,147.57,-18.76,-7.89,173.81,54.391,54.180,-14.5759,-5.7215,143.46,136.45,-19.1806,-5.4439,,,0.22149,0
92.0206,31,3,0,3,156.33,43.22,dwell,190.87,155.71,117.67,0,178.761,8.223,179.822,-18.71,20.77,147.42,-17.70,-7.21,174.25,53.979,54.199,-16.3394,-4.6544,190.87,155.71,-17.9021,-5.0886,,,0.22997,0
92.1234,31,3,0,3,156.33,43.22,dwell,156.03,213.74,170.52,0,178.708,8.154,179.819,-18.79,20.70,147.30,-18.31,-8.05,173.92,54.115,54.267,-18.2139,-5.4398,156.03,213.74,-18.0424,-5.2466,,,0.21771,0
92.2200,31,3,0,3,156.33,43.22,dwell,118.08,47.54,38.50,0,178.833,7.995,179.841,-18.57,20.65,147.23,-18.31,-7.91,173.82,54.272,54.579,-11.5506,-7.8413,118.08,47.54,-15.1211,-6.4142,,,0.21604,0
92.3165,31,3,0,3,156.33,43.22,dwell,128.46,6.93,45.76,0,178.890,8.065,179.866,-18.52,20.61,147.35,-17.76,-7.55,173.66,53.880,54.301,-9.5788,-6.9137,128.46,6.93,-12.6271,-6.6390,,,0.22220,0
92.4156,31,3,0,3,156.33,43.22,capture,116.02,-12.82,69.04,0,178.880,7.937,179.864,-18.48,20.76,147.17,-18.13,-8.50,173.47,54.183,54.282,-9.8448,-7.7543,116.02,-12.82,-11.3751,-7.1409,,,0.21892,0
92.4984,31,3,0,3,156.33,43.22,capture,112.68,-14.70,72.53,0,178.909,7.880,179.849,-18.45,20.77,147.23,-17.81,-7.53,173.63,53.974,54.373,-10.1003,-8.0605,112.68,-14.70,-10.8014,-7.5547,,,0.22791,0
92.5901,31,3,0,3,156.33,43.22,capture,92.79,-40.15,104.83,0,178.809,7.846,179.836,-18.53,20.65,147.22,-17.23,-7.58,173.66,54.224,54.089,-8.6408,-8.1613,92.79,-40.15,-9.8291,-7.8277,,,0.20184,0
92.6798,31,3,0,3,156.33,43.22,capture,98.31,-16.42,83.21,0,178.790,7.691,179.836,-18.50,20.77,147.26,-18.00,-8.38,173.80,54.228,54.204,-8.8198,-8.3234,98.31,-16.42,-9.3750,-8.0508,,,0.22068,0
92.7996,31,3,0,3,156.33,43.22,capture,100.11,-25.98,89.16,0,178.803,7.680,179.808,-18.48,20.80,147.26,-17.93,-8.43,173.05,54.334,54.148,-9.0853,-8.8598,100.11,-25.98,-9.2446,-8.4148,,,0.24105,0
92.9030,31,3,0,3,156.33,43.22,capture,98.45,-2.03,73.47,0,178.820,7.637,179.790,-18.45,20.76,147.52,-18.11,-7.30,173.40,54.098,53.964,-10.0701,-8.7401,98.45,-2.03,-9.6161,-8.5612,,,0.23062,0
93.0045,31,3,0,3,156.33,43.22,capture,106.22,-20.81,81.31,0,178.837,7.705,179.796,-18.51,20.74,147.68,-18.25,-7.92,173.94,54.161,53.393,-8.4672,-8.0978,106.22,-20.81,-9.0991,-8.3527,,,0.20818,0
93.0951,31,3,0,3,156.33,43.22,capture,132.69,-36.54,83.19,0,178.598,7.735,179.811,-18.60,20.79,148.07,-18.65,-7.42,174.96,54.299,53.520,-7.3526,-5.9861,132.69,-36.54,-8.3131,-7.2877,,,0.22125,0
93.1922,31,3,0,3,156.33,43.22,capture,110.16,-16.00,75.09,0,178.597,7.770,179.820,-18.59,20.72,148.16,-18.41,-8.20,174.82,54.316,53.492,-9.3389,-7.7976,110.16,-16.00,-8.7747,-7.5172,,,0.23993,0
93.2873,31,3,0,3,156.33,43.22,capture,119.72,-18.61,71.86,0,178.640,7.775,179.819,-18.55,20.68,147.87,-18.35,-7.48,174.50,53.864,53.595,-9.2300,-7.3582,119.72,-18.61,-8.9796,-7.4456,,,0.21175,0
93.3962,31,3,0,3,156.33,43.22,capture,125.16,13.75,42.90,0,178.761,7.649,179.841,-18.56,20.81,147.65,-18.51,-7.50,174.13,53.948,53.485,-10.8202,-7.9035,125.16,13.75,-9.8079,-7.6517,,,0.20788,0
93.4924,31,3,0,3,156.33,43.22,capture,101.39,-27.13,89.26,0,178.853,7.547,179.852,-18.56,20.98,147.78,-17.61,-7.58,173.80,53.901,53.377,-8.4787,-8.0814,101.39,-27.13,-9.2097,-7.8450,,,0.19108,0
93.5744,31,3,0,3,156.33,43.22,capture,131.58,-9.44,58.19,0,178.776,7.509,179.851,-18.58,20.93,147.61,-18.19,-6.69,173.94,53.740,53.240,-9.1807,-7.0557,131.58,-9.44,-9.1967,-7.4898,,,0.22663,0
93.6832,31,3,0,3,156.33,43.22,capture,109.39,-41.29,96.67,0,178.652,7.449,179.843,-18.62,20.84,147.75,-18.22,-7.15,174.36,54.095,53.542,-8.4685,-7.5565,109.39,-41.29,-8.8690,-7.5198,,,0.19763,0
93.7652,31,3,0,3,156.33,43.22,capture,107.64,-13.75,74.95,0,178.574,7.357,179.816,-18.53,20.94,147.78,-18.49,-7.38,173.87,53.884,53.615,-9.5143,-8.0787,107.64,-13.75,-9.1594,-7.7713,,,0.23390,0
93.8512,31,3,0,3,156.33,43.22,capture,85.16,0.85,82.83,0,178.548,7.562,179.844,-18.63,20.93,147.54,-18.25,-7.59,173.86,54.192,53.575,-10.5365,-8.4851,85.16,0.85,-9.7791,-8.0925,,,0.21825,0
93.9555,31,3,0,3,156.33,43.22,capture,73.25,-41.30,118.52,0,178.622,7.527,179.863,-18.58,20.88,147.60,-17.94,-7.44,174.21,54.069,53.540,-8.4036,-9.8256,73.25,-41.30,-9.1601,-8.8724,,,0.22103,0
94.0549,31,3,0,3,156.33,43.22,capture,78.61,-16.87,98.24,0,178.745,7.366,179.850,-18.61,20.79,147.61,-18.82,-8.31,174.46,54.037,53.683,-9.3393,-9.2594,78.61,-16.87,-9.2408,-9.0465,,,0.23324,0
94.1572,31,3,0,3,156.33,43.22,capture,94.23,-22.40,90.35,0,178.939,7.578,179.856,-18.51,20.69,147.70,-18.58,-8.57,174.09,54.036,53.343,-9.1697,-8.0753,94.23,-22.40,-9.2088,-8.6095,,,0.21298,0
94.2578,31,3,0,3,156.33,43.22,capture,103.86,1.65,66.95,0,178.945,7.644,179.848,-18.56,20.78,147.99,-17.42,-7.94,174.41,53.721,53.400,-10.4394,-8.0810,103.86,1.65,-9.7626,-8.3717,,,0.20292,0
94.4440,32,63,7,0,22.33,648.33,dwell,82.05,143.94,507.92,0,179.009,7.803,179.845,-18.52,20.70,148.03,-18.42,-7.95,174.42,53.740,53.463,-15.6218,-9.1149,82.05,143.94,-15.6218,-9.1149,,,0.22409,0
94.5451,32,63,7,0,22.33,648.33,dwell,81.00,343.55,310.38,0,179.003,7.803,179.862,-18.62,20.65,147.94,-18.14,-7.99,174.51,53.467,53.200,-22.5277,-9.1913,81.00,343.55,-18.7295,-9.1493,,,0.22613,0
94.6292,32,63,7,0,22.33,648.33,dwell,98.89,316.15,340.89,0,179.027,7.932,179.894,-18.55,20.62,147.95,-18.24,-8.08,174.84,53.653,53.554,-21.4066,-8.0885,98.89,316.15,-19.9342,-8.6719,,,0.22119,0
94.7309,32,63,7,0,22.33,648.33,dwell,-0.39,313.61,335.49,0,178.989,8.008,179.863,-18.51,20.58,148.10,-17.98,-8.08,174.38,53.686,53.648,-21.6139,-12.7250,-0.39,313.61,-20.6900,-10.4958,,,0.24636,0
94.8279,32,63,7,0,22.33,648.33,dwell,153.34,362.04,314.84,0,178.979,7.975,179.859,-18.52,20.70,147.85,-18.07,-7.69,174.22,53.806,53.844,-24.0374,-5.2195,153.34,362.04,-22.1963,-8.1215,,,0.21088,0
94.9239,32,63,7,0,22.33,648.33,dwell,43.86,370.75,278.42,0,178.953,7.915,179.832,-18.55,20.74,147.74,-18.60,-7.85,174.22,53.924,54.290,-24.0050,-10.6701,43.86,370.75,-23.0103,-9.2684,,,0.22381,0
95.0375,32,63,7,0,22.33,648.33,dwell,69.65,518.64,138.06,0,179.004,7.980,179.833,-18.48,20.79,148.12,-18.05,-7.50,174.90,53.834,54.376,-29.5806,-10.1292,69.65,518.64,-25.9669,-9.6557,,,0.19533,0
95.1325,32,63,7,0,22.33,648.33,dwell,14.57,526.05,122.53,0,179.103,8.012,179.810,-18.30,20.77,148.09,-17.42,-7.32,174.41,53.911,54.688,-30.0392,-11.7951,14.57,526.05,-27.7995,-10.6184,,,0.20286,0
95.2260,32,63,7,0,22.33,648.33,dwell,26.73,590.81,57.69,0,179.170,8.190,179.868,-18.22,20.87,147.83,-17.95,-8.78,174.42,53.786,54.894,-32.4408,-11.3345,26.73,590.81,-29.8881,-10.9406,,,0.23704,0
95.3237,32,63,7,0,22.33,648.33,dwell,38.14,666.74,24.26,1,179.093,8.242,179.876,-18.11,20.79,147.92,-17.42,-7.25,174.31,53.705,55.035,-33.9997,-11.2164,38.14,666.74,-31.7383,-11.0647,,,0.20706,0
95.4325,32,63,7,0,22.33,648.33,dwell,26.73,655.24,8.19,1,178.968,8.257,179.894,-18.12,20.73,147.91,-18.22,-7.02,174.28,53.912,54.746,-35.5249,-11.6061,26.73,655.24,-33.4423,-11.3083,,,0.21337,0
95.5241,32,63,7,0,22.33,648.33,capture,13.67,739.03,91.11,0,179.049,8.399,179.883,-18.15,20.70,147.86,-18.07,-7.64,174.31,54.182,54.897,-38.7846,-11.5949,13.67,739.03,-35.8463,-11.4373,,,0.24036,0
95.6215,32,63,7,0,22.33,648.33,capture,18.76,748.20,99.93,0,179.150,8.419,179.857,-18.13,20.69,147.89,-18.10,-7.32,174.04,53.943,54.841,-39.1392,-12.0169,18.76,748.20,-37.3281,-11.6981,,,0.20711,0
95.7330,32,63,7,0,22.33,648.33,capture,-11.10,747.69,104.83,0,179.214,8.532,179.850,-18.10,20.75,147.78,-17.93,-7.78,174.10,54.055,54.746,-38.2997,-13.6719,-11.10,747.69,-37.7653,-12.5863,,,0.23233,0
95.8508,32,63,7,0,22.33,648.33,capture,10.20,741.41,93.86,0,179.181,8.555,179.817,-18.02,20.84,147.84,-17.83,-7.54,174.17,54.297,54.512,-39.5965,-12.4063,10.20,741.41,-38.5894,-12.5053,,,0.22995,0
95.9654,32,63,7,0,22.33,648.33,capture,10.06,720.64,73.34,0,179.299,8.756,179.797,-17.96,20.98,147.98,-17.60,-7.88,174.21,53.972,54.897,-38.0154,-12.3489,10.06,720.64,-38.3311,-12.4349,,,0.24286,0
96.0560,32,63,7,0,22.33,648.33,capture,23.55,754.03,105.70,0,179.192,8.726,179.764,-17.94,21.01,147.82,-17.15,-7.15,173.94,53.915,54.808,-38.9938,-11.5576,23.55,754.03,-38.6293,-12.0401,,,0.21761,0
96.1662,32,63,7,0,22.33,648.33,capture,38.46,748.07,101.03,0,179.218,8.710,179.791,-17.83,21.16,147.67,-18.07,-7.38,174.24,53.614,54.562,-38.6223,-10.8429,38.46,748.07,-38.6262,-11.5013,,,0.19638,0
96.2726,32,63,7,0,22.33,648.33,capture,12.77,733.29,85.49,0,179.074,8.747,179.814,-17.85,21.19,147.60,-17.36,-8.06,173.75,53.527,54.820,-38.9866,-11.7137,12.77,733.29,-38.7884,-11.5969,,,0.21970,0
96.3772,32,63,7,0,22.33,648.33,capture,26.94,737.11,88.90,0,179.018,8.863,179.789,-17.90,21.14,147.51,-17.61,-6.80,173.84,53.243,54.228,-38.1537,-11.9400,26.94,737.11,-38.5028,-11.7513,,,0.20440,0
96.4798,32,63,7,0,22.33,648.33,capture,-0.66,724.96,80.00,0,178.934,8.714,179.788,-17.95,21.09,147.59,-16.95,-7.36,173.63,53.116,54.150,-38.0581,-12.8795,-0.66,724.96,-38.3027,-12.2590,,,0.20282,0
96.5909,32,63,7,0,22.33,648.33,capture,13.31,734.53,86.67,0,178.964,8.708,179.812,-18.06,21.07,147.46,-17.86,-7.83,173.61,53.218,54.397,-38.8401,-11.8855,13.31,734.53,-38.5445,-12.0909,,,0.21731,0
96.6958,32,63,7,0,22.33,648.33,capture,12.88,731.50,83.70,0,178.935,8.561,179.845,-18.23,21.26,147.46,-17.63,-6.06,173.72,53.498,54.584,-38.3565,-11.9049,12.88,731.50,-38.4599,-12.0072,,,0.20882,0
96.7778,32,63,7,0,22.33,648.33,capture,14.39,736.35,88.37,0,178.951,8.559,179.819,-18.15,21.32,147.66,-17.80,-6.67,174.44,53.666,54.064,-37.7598,-12.5241,14.39,736.35,-38.1449,-12.2398,,,0.19220,0
96.8737,32,63,7,0,22.33,648.33,capture,-4.20,724.60,80.75,0,178.898,8.495,179.820,-18.09,21.33,147.57,-17.69,-6.82,173.77,53.231,54.049,-37.3890,-13.0920,-4.20,724.60,-37.8047,-12.6233,,,0.17383,0
96.9690,32,63,7,0,22.33,648.33,capture,22.97,740.02,91.69,0,178.886,8.441,179.831,-18.07,21.12,147.51,-17.49,-7.50,174.04,53.131,54.357,-37.8703,-11.8291,22.97,740.02,-37.8342,-12.2659,,,0.19622,0
97.0738,32,63,7,0,22.33,648.33,capture,2.85,753.42,106.88,0,178.860,8.539,179.855,-18.07,20.93,147.30,-17.43,-8.35,173.67,53.355,54.475,-38.9159,-12.3900,2.85,753.42,-38.3210,-12.3218,,,0.19380,0
97.1686,32,63,7,0,22.33,648.33,capture,5.63,727.53,80.94,0,178.923,8.529,179.844,-17.99,21.03,147.26,-17.69,-8.75,172.98,53.414,54.678,-37.3880,-12.4881,5.63,727.53,-37.9011,-12.3966,,,0.19550,0
97.2589,32,63,7,0,22.33,648.33,capture,21.44,741.25,92.92,0,178.915,8.388,179.872,-18.10,21.01,147.18,-17.98,-7.51,173.26,53.456,54.415,-39.1520,-11.8412,21.44,741.25,-38.4640,-12.1467,,,0.21747,0
97.3545,32,63,7,0,22.33,648.33,capture,4.76,729.79,83.33,0,178.829,8.428,179.849,-18.11,20.92,146.99,-17.51,-7.87,173.44,53.450,54.657,-38.5898,-12.7138,4.76,729.79,-38.5206,-12.4019,,,0.20748,0
97.4563,32,63,7,0,22.33,648.33,capture,12.51,725.18,77.47,0,178.770,8.353,179.842,-18.23,20.71,146.80,-17.97,-8.78,173.13,53.570,54.383,-38.1665,-12.2877,12.51,725.18,-38.3613,-12.3505,,,0.22957,0
97.6301,33,80,8,8,379.67,734.78,dwell,99.68,754.56,280.68,0,178.783,8.274,179.817,-18.26,20.82,147.08,-17.57,-7.79,173.24,53.504,54.202,-39.1292,-8.2311,99.68,754.56,-39.1292,-8.2311,,,0.18387,0
97.7215,33,80,8,8,379.67,734.78,dwell,155.13,658.07,237.28,0,178.802,8.419,179.828,-18.35,20.99,147.24,-17.73,-7.55,172.95,53.382,54.095,-36.0295,-5.8754,155.13,658.07,-37.7343,-7.1710,,,0.21137,0
97.8285,33,80,8,8,379.67,734.78,dwell,196.80,662.45,196.65,0,178.831,8.489,179.820,-18.58,20.98,147.39,-17.83,-8.36,173.48,53.500,54.297,-36.1110,-4.0747,196.80,662.45,-37.0038,-5.7777,,,0.20141,0
97.9261,33,80,8,8,379.67,734.78,dwell,287.32,581.37,179.06,0,178.792,8.702,179.857,-18.62,20.88,147.27,-18.39,-7.15,173.59,53.857,54.618,-32.7257,0.4466,287.32,581.37,-35.0787,-2.9767,,,0.21770,0
98.0257,33,80,8,8,379.67,734.78,dwell,173.34,677.01,214.26,0,178.764,8.782,179.863,-18.52,20.82,147.39,-18.03,-7.67,173.53,53.742,54.549,-36.0537,-4.9859,173.34,677.01,-35.5174,-3.8809,,,0.21447,0
98.1150,33,80,8,8,379.67,734.78,dwell,267.60,569.96,199.31,0,178.849,8.876,179.880,-18.56,20.96,147.34,-18.18,-7.52,174.00,53.660,54.653,-32.3569,-0.1889,267.60,569.96,-34.0952,-2.2195,,,0.21554,0
98.2179,33,80,8,8,379.67,734.78,dwell,264.88,538.19,227.65,0,178.983,8.925,179.872,-18.48,20.73,147.27,-17.57,-7.56,173.70,53.858,55.146,-30.7903,-1.2680,264.88,538.19,-32.6080,-1.7913,,,0.21549,0
98.2999,33,80,8,8,379.67,734.78,dwell,338.20,524.13,214.69,0,178.889,8.946,179.834,-18.59,20.72,147.00,-18.11,-8.66,173.08,53.951,54.830,-30.1256,2.6092,338.20,524.13,-31.4909,0.1889,,,0.20088,0
98.4174,33,80,8,8,379.67,734.78,dwell,392.31,580.79,154.51,0,178.953,8.954,179.854,-18.71,20.62,146.78,-17.53,-7.41,171.99,53.769,54.299,-32.8664,4.7658,392.31,580.79,-32.1099,2.2485,,,0.24358,0
98.5190,33,80,8,8,379.67,734.78,dwell,367.10,524.29,210.86,0,179.113,8.760,179.862,-18.63,20.54,147.01,-18.00,-7.60,173.35,53.796,54.156,-31.4467,4.4065,367.10,524.29,-31.8115,3.2196,,,0.22629,0
98.6175,33,80,8,8,379.67,734.78,dwell,373.05,515.29,219.59,0,178.992,8.701,179.871,-18.55,20.67,147.19,-17.61,-8.00,173.50,53.951,54.204,-30.6038,5.0517,373.05,515.29,-31.2680,4.0440,,,0.20072,0
98.7173,33,80,8,8,379.67,734.78,capture,402.85,501.23,234.70,0,178.865,8.614,179.905,-18.56,20.76,147.13,-18.05,-7.99,173.60,53.996,54.626,-29.9583,6.2966,402.85,501.23,-30.6786,5.0577,,,0.21322,0
98.8307,33,80,8,8,379.67,734.78,capture,395.26,516.31,219.02,0,178.819,8.704,179.900,-18.59,20.81,147.04,-17.65,-8.15,172.98,53.903,54.433,-30.2081,5.3713,395.26,516.31,-30.4669,5.1988,,,0.22880,0
98.9477,33,80,8,8,379.67,734.78,capture,401.06,500.84,234.91,0,178.955,8.716,179.931,-18.55,20.80,146.95,-18.88,-8.14,173.08,54.094,54.087,-29.3117,5.7517,401.06,500.84,-29.9471,5.4476,,,0.22261,0
99.0510,33,80,8,8,379.67,734.78,capture,433.40,485.85,254.66,0,178.907,8.688,179.949,-18.46,20.76,146.72,-17.52,-7.44,172.74,54.023,54.322,-29.2191,6.8792,433.40,485.85,-29.6195,6.0918,,,0.22496,0
99.1605,33,80,8,8,379.67,734.78,capture,414.22,490.82,246.39,0,178.920,8.667,179.922,-18.48,20.60,146.67,-18.36,-7.15,173.09,54.078,54.276,-28.2072,6.6215,414.22,490.82,-28.9839,6.3302,,,0.21665,0
99.2425,33,80,8,8,379.67,734.78,capture,423.79,479.20,259.36,0,178.844,8.628,179.925,-18.40,20.52,146.74,-18.23,-7.74,172.67,53.828,54.226,-28.5692,6.3511,423.79,479.20,-28.7973,6.3396,,,0.22310,0
99.3557,33,80,8,8,379.67,734.78,capture,450.50,497.51,247.62,0,178.893,8.754,179.932,-18.50,20.40,146.64,-18.02,-7.86,172.67,53.753,54.154,-29.2124,7.7851,450.50,497.51,-28.9841,6.9901,,,0.19053,0
99.4716,33,80,8,8,379.67,734.78,capture,438.64,518.58,224.10,0,178.904,8.847,179.914,-18.47,20.41,146.63,-17.27,-8.10,172.60,53.588,54.175,-30.8167,7.5358,438.64,518.58,-29.8088,7.2357,,,0.22052,0
99.5545,33,80,8,8,379.67,734.78,capture,415.25,546.32,191.79,0,178.907,8.662,179.891,-18.43,20.38,146.95,-17.87,-8.28,172.90,53.698,53.688,-31.0481,6.3547,415.25,546.32,-30.3665,6.8392,,,0.23803,0
99.6570,33,80,8,8,379.67,734.78,capture,416.32,517.58,220.27,0,178.905,8.672,179.906,-18.50,20.28,147.04,-17.67,-8.20,173.57,53.546,53.972,-29.6092,6.3357,416.32,517.58,-30.0257,6.6126,,,0.19472,0
99.7551,33,80,8,8,379.67,734.78,capture,399.96,512.19,223.51,0,178.849,8.622,179.922,-18.45,20.26,146.92,-18.20,-8.83,173.04,53.670,54.218,-29.3285,6.1120,399.96,512.19,-29.7120,6.3873,,,0.21077,0
99.8487,33,80,8,8,379.67,734.78,capture,386.79,512.14,222.75,0,178.801,8.656,179.891,-18.28,20.31,147.00,-17.55,-9.02,173.50,53.685,54.189,-30.1759,5.3758,386.79,512.14,-29.9207,5.9322,,,0.22110,0
99.9543,33,80,8,8,379.67,734.78,capture,413.95,500.52,236.75,0,178.722,8.565,179.877,-18.26,20.38,147.22,-18.35,-8.03,173.44,53.747,53.523,-29.4675,7.0688,413.95,500.52,-29.7168,6.4437,,,0.20026,0
100.0509,33,80,8,8,379.67,734.78,capture,452.71,490.74,254.73,0,178.913,8.439,179.860,-18.47,20.34,147.13,-18.37,-7.81,173.20,53.759,53.431,-28.2005,8.1487,452.71,490.74,-29.0345,7.2109,,,0.20690,0
100.1495,33,80,8,8,379.67,734.78,capture,435.77,507.41,234.19,0,179.032,8.546,179.847,-18.45,20.50,147.36,-17.87,-8.23,173.72,53.808,53.604,-29.4891,7.2897,435.77,507.41,-29.2391,7.2464,,,0.21868,0
100.2315,33,80,8,8,379.67,734.78,capture,427.74,487.31,252.09,0,179.137,8.578,179.844,-18.49,20.59,147.46,-18.26,-8.08,173.93,53.641,53.335,-29.7489,6.7955,427.74,487.31,-29.4685,7.0435,,,0.21494,0
100.3328,33,80,8,8,379.67,734.78,capture,439.73,533.44,210.11,0,179.127,8.577,179.858,-18.43,20.39,147.38,-17.99,-7.42,173.63,53.554,53.860,-30.7580,8.1504,439.73,533.44,-30.0487,7.5416,,,0.19783,0
100.4224,33,80,8,8,379.67,734.78,capture,411.20,512.70,224.31,0,179.256,8.660,179.885,-18.27,20.55,147.45,-17.86,-7.83,173.80,53.479,54.002,-29.9702,6.0677,411.20,512.70,-30.0134,6.8784,,,0.21294,0
100.5207,33,80,8,8,379.67,734.78,capture,418.97,501.21,236.85,0,179.234,8.614,179.889,-18.24,20.48,147.36,-17.22,-8.73,173.18,53.465,54.314,-28.5109,6.2591,418.97,501.21,-29.3373,6.5997,,,0.20459,0
100.7414,34,53,5,8,379.67,475.44,dwell,432.02,463.23,53.76,0,179.161,8.673,179.898,-18.31,20.45,147.45,-17.87,-7.63,173.47,53.462,53.788,-27.9419,7.0433,432.02,463.23,-27.9419,7.0433,,,0.19845,0
100.8522,34,53,5,8,379.67,475.44,dwell,317.01,256.15,228.07,0,179.052,8.577,179.891,-18.29,20.34,147.46,-17.66,-8.01,173.92,54.138,53.753,-19.8578,1.0542,317.01,256.15,-24.3041,4.3482,,,0.21850,0
100.9383,34,53,5,8,379.67,475.44,dwell,372.93,619.20,143.91,0,178.944,8.555,179.876,-18.33,20.29,147.54,-18.05,-9.06,174.14,54.455,53.869,-33.1298,4.7873,372.93,619.20,-28.2756,4.5458,,,0.22282,0
101.0203,34,53,5,8,379.67,475.44,dwell,241.90,329.26,200.87,0,178.904,8.669,179.858,-18.33,20.19,147.45,-17.82,-8.81,174.12,54.022,53.731,-22.0699,-2.0878,241.90,329.26,-25.4830,1.5607,,,0.23438,0
101.1048,34,53,5,8,379.67,475.44,dwell,313.61,364.22,129.36,0,178.902,8.605,179.845,-18.27,20.52,147.41,-17.25,-7.57,173.71,53.948,53.896,-23.4115,1.3746,313.61,364.22,-24.5508,1.4769,,,0.21726,0
101.2088,34,53,5,8,379.67,475.44,dwell,373.00,258.03,217.52,0,178.913,8.600,179.833,-18.33,20.52,147.27,-17.95,-7.86,173.91,53.859,53.840,-19.7798,4.7255,373.00,258.03,-22.4039,2.9388,,,0.22535,0
101.3043,34,53,5,8,379.67,475.44,dwell,218.66,197.02,321.63,0,178.844,8.486,179.833,-18.24,20.48,147.52,-17.42,-7.58,173.63,53.523,53.750,-16.9640,-3.3534,218.66,197.02,-19.9559,0.1073,,,0.20513,0
101.4156,34,53,5,8,379.67,475.44,dwell,239.45,187.18,320.56,0,178.848,8.420,179.816,-18.27,20.57,147.25,-17.97,-8.73,173.49,53.539,53.564,-17.4339,-2.4491,239.45,187.18,-18.8210,-1.0431,,,0.18713,0
101.5167,34,53,5,8,379.67,475.44,dwell,219.62,168.55,346.12,0,178.883,8.416,179.821,-18.24,20.72,147.30,-17.88,-8.57,173.96,53.595,53.535,-16.1211,-3.0081,219.62,168.55,-17.6061,-1.9273,,,0.20312,0
101.6103,34,53,5,8,379.67,475.44,capture,213.89,135.63,378.09,0,178.868,8.317,179.825,-18.35,20.77,147.44,-17.88,-7.67,173.61,53.493,54.073,-15.3038,-2.6529,213.89,135.63,-16.5700,-2.2539,,,0.20271,0
101.7074,34,53,5,8,379.67,475.44,capture,197.86,131.00,389.48,0,178.834,8.469,179.817,-18.31,20.62,147.38,-17.54,-8.76,173.73,53.389,53.635,-14.8186,-3.7344,197.86,131.00,-15.7819,-2.9201,,,0.20347,0
101.8203,34,53,5,8,379.67,475.44,capture,197.24,141.16,380.82,0,179.008,8.368,179.831,-18.27,20.85,147.17,-17.41,-7.54,173.11,53.464,53.527,-14.7741,-3.8694,197.24,141.16,-15.3284,-3.3473,,,0.21022,0
101.9268,34,53,5,8,379.67,475.44,capture,195.26,138.73,383.90,0,179.000,8.352,179.783,-18.27,20.96,147.19,-18.19,-7.47,173.44,53.406,54.047,-14.4191,-4.2230,195.26,138.73,-14.9192,-3.7414,,,0.21193,0
102.0304,34,53,5,8,379.67,475.44,capture,211.56,146.97,368.99,0,179.086,8.264,179.783,-18.41,20.86,146.92,-17.86,-7.48,172.79,53.601,54.057,-15.9732,-2.8254,211.56,146.97,-15.3935,-3.3292,,,0.23084,0
102.1562,34,53,5,8,379.67,475.44,capture,226.94,135.07,373.07,0,179.034,8.207,179.762,-18.53,20.96,146.93,-18.25,-8.19,172.61,53.498,53.438,-15.3853,-2.1655,226.94,135.07,-15.3898,-2.8055,,,0.20873,0
102.2674,34,53,5,8,379.67,475.44,capture,223.46,142.32,367.93,0,178.995,8.068,179.721,-18.62,21.11,146.97,-18.01,-7.25,173.29,53.525,53.961,-14.4374,-2.4662,223.46,142.32,-14.9612,-2.6528,,,0.22419,0
102.3743,34,53,5,8,379.67,475.44,capture,240.79,148.07,355.61,0,178.970,8.123,179.725,-18.61,21.23,147.12,-18.29,-6.82,173.62,53.269,53.677,-15.5513,-2.1017,240.79,148.07,-15.2267,-2.4048,,,0.19030,0
102.4805,34,53,5,8,379.67,475.44,capture,178.51,129.61,400.08,0,178.991,8.060,179.713,-18.66,21.04,147.09,-17.54,-7.07,173.22,53.429,53.995,-13.8144,-4.6231,178.51,129.61,-14.5912,-3.4030,,,0.18907,0
102.5788,34,53,5,8,379.67,475.44,capture,224.74,135.39,373.68,0,179.029,8.301,179.753,-18.70,21.18,147.09,-18.56,-7.69,173.25,53.649,53.725,-14.7553,-2.5101,224.74,135.39,-14.6650,-3.0012,,,0.20234,0
102.6916,34,53,5,8,379.67,475.44,capture,208.64,145.09,372.00,0,179.015,8.282,179.771,-18.65,21.07,147.23,-18.42,-7.94,173.74,53.623,54.115,-14.7930,-2.5956,208.64,145.09,-14.7226,-2.8187,,,0.19274,0
102.7853,34,53,5,8,379.67,475.44,capture,195.42,169.21,357.39,0,178.969,8.347,179.777,-18.57,20.83,147.17,-17.64,-7.69,172.93,53.553,53.970,-16.4253,-3.9170,195.42,169.21,-15.4888,-3.3129,,,0.21938,0
102.8844,34,53,5,8,379.67,475.44,capture,206.42,120.67,394.82,0,178.879,8.480,179.799,-18.48,20.83,147.22,-18.34,-7.58,173.55,53.293,54.589,-14.8933,-2.9261,206.42,120.67,-15.2209,-3.1389,,,0.19051,0
102.9825,34,53,5,8,379.67,475.44,capture,199.71,112.77,404.87,0,178.804,8.488,179.800,-18.56,20.63,146.85,-17.79,-7.75,172.39,53.236,55.012,-14.4335,-3.3438,199.71,112.77,-14.8665,-3.2311,,,0.20906,0
103.0934,34,53,5,8,379.67,475.44,capture,213.92,142.67,371.77,0,178.925,8.572,179.781,-18.54,20.52,146.76,-17.90,-7.48,172.34,53.212,54.725,-14.8731,-3.6713,213.92,142.67,-14.8695,-3.4292,,,0.16794,0
103.1861,34,53,5,8,379.67,475.44,capture,210.83,138.94,376.49,0,178.802,8.619,179.786,-18.57,20.58,146.84,-17.61,-7.65,173.04,53.528,54.628,-16.0484,-3.1503,210.83,138.94,-15.4000,-3.3037,,,0.17761,0
103.2968,34,53,5,8,379.67,475.44,capture,193.05,141.91,382.19,0,178.836,8.698,179.807,-18.50,20.65,146.98,-18.22,-8.65,172.87,53.517,54.525,-14.3675,-3.4838,193.05,141.91,-14.9354,-3.3847,,,0.20414,0
103.4078,34,53,5,8,379.67,475.44,capture,194.80,169.85,357.16,0,178.757,8.684,179.791,-18.39,20.51,146.99,-17.73,-7.53,173.70,53.767,54.149,-16.7665,-3.3990,194.80,169.85,-15.7594,-3.3912,,,0.21405,0
103.5207,34,53,5,8,379.67,475.44,capture,203.03,161.83,359.94,0,178.773,8.486,179.770,-18.44,20.72,147.01,-18.60,-8.60,172.69,53.212,54.353,-15.8072,-3.7852,203.03,161.83,-15.7809,-3.5685,,,0.22119,0
103.6203,34,53,5,8,379.67,475.44,capture,200.96,135.91,383.69,0,178.985,8.372,179.808,-18.41,20.79,147.05,-17.42,-7.96,173.35,53.916,54.171,-16.0793,-3.3448,200.96,135.91,-15.9152,-3.4678,,,0.21073,0
103.7165,34,53,5,8,379.67,475.44,capture,204.92,158.98,361.51,0,178.864,8.409,179.825,-18.40,20.94,147.11,-18.02,-8.39,172.84,54.203,54.257,-15.8524,-3.2638,204.92,158.98,-15.8869,-3.3760,,,0.21914,0
103.9411,35,27,3,0,22.33,302.56,dwell,136.59,207.48,148.64,0,178.945,8.348,179.814,-18.39,20.97,147.20,-18.03,-7.65,173.25,54.278,54.438,-16.8574,-6.6652,136.59,207.48,-16.8574,-6.6652,,,0.23630,0
104.0347,35,27,3,0,22.33,302.56,dwell,181.28,161.59,212.45,0,178.997,8.355,179.822,-18.49,21.13,147.19,-18.46,-7.90,173.35,54.391,54.286,-15.4378,-3.9697,181.28,161.59,-16.2186,-5.4522,,,0.23112,0
104.1310,35,27,3,0,22.33,302.56,dwell,-1.88,222.71,83.44,0,179.026,8.336,179.775,-18.40,20.94,146.96,-18.53,-7.49,173.38,54.043,54.471,-18.1258,-12.4800,-1.88,222.71,-17.0768,-8.6147,,,0.24753,0
104.2342,35,27,3,0,22.33,302.56,dwell,65.32,357.70,69.92,0,179.097,8.345,179.777,-18.46,20.85,147.16,-17.97,-6.92,173.71,54.026,54.575,-23.6772,-9.9559,65.32,357.70,-20.0470,-9.2182,,,0.20869,0
104.3518,35,27,3,0,22.33,302.56,dwell,47.38,181.94,123.19,0,179.059,8.274,179.772,-18.53,20.71,147.42,-17.78,-8.35,173.43,54.029,54.403,-16.2758,-10.8336,47.38,181.94,-18.3499,-9.9451,,,0.22828,0
104.4388,35,27,3,0,22.33,302.56,dwell,170.27,402.53,178.55,0,178.982,8.276,179.781,-18.52,20.64,147.72,-17.89,-7.69,173.70,53.871,54.199,-26.0622,-4.7803,170.27,402.53,-21.8205,-7.6210,,,0.22195,0
104.5500,35,27,3,0,22.33,302.56,dwell,33.84,283.60,22.17,1,179.034,8.267,179.752,-18.64,20.73,147.84,-18.13,-7.63,174.27,53.637,54.121,-20.5652,-11.5103,33.84,283.60,-21.2556,-9.3712,,,0.21490,0
104.6507,35,27,3,0,22.33,302.56,dwell,41.27,356.73,57.39,0,179.090,8.266,179.748,-18.81,20.76,147.71,-18.01,-7.73,174.61,53.781,54.232,-23.9241,-11.1079,41.27,356.73,-22.4564,-10.1527,,,0.19273,0
104.7863,35,27,3,0,22.33,302.56,dwell,60.26,400.92,105.42,0,178.977,8.146,179.779,-18.82,20.69,147.82,-18.24,-8.25,174.29,53.777,54.450,-24.7595,-10.1010,60.26,400.92,-23.4928,-10.1294,,,0.20079,0
104.8888,35,27,3,0,22.33,302.56,dwell,24.25,412.53,109.99,0,178.927,8.075,179.805,-18.82,20.77,147.69,-17.91,-7.75,174.09,53.984,54.482,-26.2056,-11.5909,24.25,412.53,-24.7136,-10.7871,,,0.21686,0
104.9797,35,27,3,0,22.33,302.56,dwell,25.64,400.71,98.21,0,178.802,8.002,179.812,-18.78,20.89,147.79,-18.37,-7.34,173.84,54.302,54.387,-25.4951,-11.9767,25.64,400.71,-25.0653,-11.3224,,,0.25698,0
105.0831,35,27,3,0,22.33,302.56,capture,-18.27,426.55,130.47,0,178.809,7.907,179.818,-18.73,20.91,147.90,-18.08,-8.33,173.99,54.542,54.035,-26.2804,-14.1066,-18.27,426.55,-25.6121,-12.5753,,,0.21803,0
105.1854,35,27,3,0,22.33,302.56,capture,-6.49,434.90,135.45,0,178.852,8.004,179.793,-18.70,20.92,147.69,-18.36,-7.26,174.29,54.667,54.195,-27.1314,-12.9028,-6.49,434.90,-26.2958,-12.7227,,,0.25321,0
105.2681,35,27,3,0,22.33,302.56,capture,-27.50,442.27,148.34,0,178.894,7.922,179.792,-18.75,20.97,147.85,-18.39,-7.64,174.37,54.563,54.521,-26.4575,-14.7585,-27.50,442.27,-26.3686,-13.6388,,,0.23508,0
105.3600,35,27,3,0,22.33,302.56,capture,-35.05,420.46,131.13,0,179.096,7.872,179.789,-18.59,20.85,147.82,-18.23,-7.91,174.17,54.541,54.151,-26.0159,-15.1758,-35.05,420.46,-26.2099,-14.3305,,,0.20773,0
105.4451,35,27,3,0,22.33,302.56,capture,-25.30,430.66,136.67,0,179.037,7.862,179.805,-18.57,20.70,147.62,-18.02,-7.41,174.16,54.470,54.328,-26.5458,-14.2404,-25.30,430.66,-26.3610,-14.2899,,,0.23580,0
105.5404,35,27,3,0,22.33,302.56,capture,-10.73,421.16,123.13,0,179.036,8.008,179.812,-18.47,20.73,147.45,-17.82,-8.50,173.46,54.384,53.431,-26.0572,-13.4227,-10.73,421.16,-26.2243,-13.8997,,,0.22450,0
105.6249,35,27,3,0,22.33,302.56,capture,-21.76,411.64,117.66,0,178.941,7.899,179.817,-18.33,20.83,147.42,-17.91,-8.57,174.05,54.438,53.425,-25.7295,-13.5843,-21.76,411.64,-26.0017,-13.7577,,,0.24496,0
105.7349,35,27,3,0,22.33,302.56,capture,-20.02,395.81,102.42,0,178.878,7.966,179.801,-18.17,20.92,147.67,-17.84,-7.98,173.75,54.593,53.397,-24.9048,-13.8445,-20.02,395.81,-25.5081,-13.7968,,,0.22217,0
105.8373,35,27,3,0,22.33,302.56,capture,-23.95,412.71,119.48,0,178.744,8.072,179.829,-18.19,21.00,147.63,-17.68,-7.40,173.90,54.223,53.938,-25.7433,-14.0560,-23.95,412.71,-25.6139,-13.9134,,,0.21344,0
105.9206,35,27,3,0,22.33,302.56,capture,-26.37,429.28,135.76,0,178.799,8.007,179.869,-18.14,21.05,147.88,-18.19,-7.22,173.89,54.194,54.289,-27.5174,-13.8390,-26.37,429.28,-26.4705,-13.8800,,,0.23094,0
106.0211,35,27,3,0,22.33,302.56,capture,-5.36,422.23,122.84,0,178.677,7.896,179.868,-18.06,20.98,148.11,-17.58,-8.13,174.10,54.519,54.217,-26.5365,-13.5683,-5.36,422.23,-26.5002,-13.7397,,,0.26624,0
106.1031,35,27,3,0,22.33,302.56,capture,-11.07,419.85,121.96,0,178.833,8.025,179.865,-18.02,21.07,148.17,-17.36,-7.50,174.72,54.373,54.331,-26.1796,-13.2836,-11.07,419.85,-26.3559,-13.5344,,,0.24145,0
106.1991,35,27,3,0,22.33,302.56,capture,-7.75,411.36,112.89,0,178.933,7.798,179.874,-18.14,21.07,147.98,-17.71,-7.12,174.74,54.142,54.267,-26.8195,-13.9635,-7.75,411.36,-26.5645,-13.7275,,,0.22791,0
106.2864,35,27,3,0,22.33,302.56,capture,-21.72,419.77,125.22,0,179.030,7.855,179.899,-18.17,20.86,147.86,-17.10,-8.18,174.53,53.715,54.019,-27.0963,-14.6025,-21.72,419.77,-26.8038,-14.1212,,,0.23238,0
106.3966,35,27,3,0,22.33,302.56,capture,-9.70,406.22,108.50,0,178.880,7.946,179.888,-18.07,21.03,147.75,-17.88,-7.76,174.29,53.727,54.294,-24.7840,-13.2244,-9.70,406.22,-25.8949,-13.7177,,,0.23045,0
106.4804,35,27,3,0,22.33,302.56,capture,-14.30,409.03,112.60,0,178.858,8.032,179.858,-18.21,21.02,147.69,-18.00,-8.41,174.01,53.761,54.277,-25.0673,-13.5658,-14.30,409.03,-25.5225,-13.6493,,,0.22680,0
106.5927,35,27,3,0,22.33,302.56,capture,-37.03,409.40,122.23,0,178.803,7.972,179.857,-18.33,20.97,147.72,-17.83,-7.11,174.17,53.975,54.174,-25.6496,-14.5009,-37.03,409.40,-25.5797,-14.0325,,,0.21906,0
106.6872,35,27,3,0,22.33,302.56,capture,-17.80,406.68,111.59,0,178.832,7.896,179.844,-18.35,21.06,147.74,-18.25,-7.54,173.89,54.083,54.337,-26.4729,-13.3453,-17.80,406.68,-25.9817,-13.7233,,,0.23464,0
106.7837,35,27,3,0,22.33,302.56,capture,-1.85,383.36,84.35,0,178.817,8.019,179.840,-18.37,21.34,147.60,-17.55,-7.51,173.77,54.227,53.982,-24.4712,-13.0053,-1.85,383.36,-25.3020,-13.4002,,,0.22337,0
106.9620,36,25,2,7,335.00,216.11,dwell,141.93,287.38,205.80,0,178.830,7.880,179.793,-18.37,21.14,147.33,-17.77,-7.69,173.26,53.892,53.616,-21.7401,-6.7415,141.93,287.38,-21.7401,-6.7415,,,0.21742,0
107.0624,36,25,2,7,335.00,216.11,dwell,68.28,329.65,289.88,0,178.801,7.910,179.785,-18.42,20.93,147.37,-17.25,-7.18,173.90,53.609,53.856,-23.2431,-9.2477,68.28,329.65,-22.4164,-7.8693,,,0.19044,0
107.1587,36,25,2,7,335.00,216.11,dwell,212.85,301.02,148.76,0,178.784,7.935,179.795,-18.28,20.84,147.23,-17.62,-7.45,173.73,53.724,53.828,-22.3615,-3.2805,212.85,301.02,-22.3917,-5.8043,,,0.20301,0
107.2407,36,25,2,7,335.00,216.11,dwell,214.07,162.12,132.44,0,178.745,8.012,179.782,-18.32,20.84,146.95,-18.13,-7.64,173.21,53.479,54.009,-16.9189,-2.4624,214.07,162.12,-19.9289,-4.3004,,,0.19727,0
107.3497,36,25,2,7,335.00,216.11,dwell,260.56,200.95,75.97,0,178.720,8.040,179.780,-18.20,20.90,147.27,-17.89,-7.88,173.34,53.459,53.780,-17.8868,0.1675,260.56,200.95,-19.0100,-2.2899,,,0.19265,0
107.4533,36,25,2,7,335.00,216.11,dwell,267.37,175.11,79.09,0,178.734,8.056,179.768,-18.23,20.88,147.26,-17.38,-7.74,173.79,53.761,53.675,-16.3770,-0.0930,267.37,175.11,-17.8252,-1.3013,,,0.21206,0
107.5508,36,25,2,7,335.00,216.11,dwell,297.74,117.85,105.09,0,178.633,7.963,179.792,-18.27,20.95,147.20,-17.94,-7.96,173.51,53.884,53.877,-13.4719,0.7810,297.74,117.85,-15.8662,-0.3643,,,0.18716,0
107.6374,36,25,2,7,335.00,216.11,dwell,313.80,126.24,92.34,0,178.642,7.983,179.794,-18.28,20.83,147.38,-18.14,-8.04,173.47,54.006,54.125,-14.4382,2.2656,313.80,126.24,-15.2236,0.8192,,,0.24123,0
107.7452,36,25,2,7,335.00,216.11,dwell,328.60,34.99,181.23,0,178.623,8.018,179.782,-18.23,20.81,147.23,-17.94,-7.86,173.80,54.059,53.851,-11.4975,2.6312,328.60,34.99,-13.5469,1.6346,,,0.20938,0
107.8567,36,25,2,7,335.00,216.11,dwell,364.16,72.84,146.21,0,178.631,8.087,179.756,-18.28,20.66,147.30,-18.32,-6.90,173.17,54.293,54.305,-12.9066,4.0079,364.16,72.84,-13.2587,2.7026,,,0.25827,0
107.9582,36,25,2,7,335.00,216.11,capture,396.92,4.29,220.69,0,178.684,7.894,179.762,-18.30,20.65,147.12,-18.35,-8.48,173.50,53.948,54.385,-9.9805,5.7443,396.92,4.29,-11.7835,4.0714,,,0.21146,0
108.0408,36,25,2,7,335.00,216.11,capture,413.91,26.09,205.75,0,178.615,7.848,179.746,-18.32,20.56,147.16,-18.31,-7.91,173.47,54.046,54.265,-11.3542,6.0399,413.91,26.09,-11.5903,4.9572,,,0.21642,0
108.1576,36,25,2,7,335.00,216.11,capture,419.62,13.72,219.37,0,178.690,7.732,179.775,-18.35,20.68,147.04,-18.20,-8.11,173.23,53.525,53.842,-10.3829,6.1798,419.62,13.72,-11.0470,5.5074,,,0.19237,0
108.2413,36,25,2,7,335.00,216.11,capture,414.76,9.40,221.57,0,178.620,7.705,179.746,-18.31,20.71,147.13,-18.01,-8.36,173.43,53.520,53.580,-9.6779,6.4874,414.76,9.40,-10.4309,5.9484,,,0.22388,0
108.3543,36,25,2,7,335.00,216.11,capture,439.62,14.65,227.01,0,178.752,7.682,179.737,-18.30,20.78,147.28,-17.72,-7.85,173.50,53.798,53.934,-10.3531,7.1769,439.62,14.65,-10.3959,6.5012,,,0.20124,0
108.4643,36,25,2,7,335.00,216.11,capture,416.27,17.86,214.26,0,178.720,7.782,179.764,-18.26,20.70,147.21,-18.00,-7.57,173.68,53.822,53.777,-10.2177,6.3165,416.27,17.86,-10.3157,6.4181,,,0.22971,0
108.5590,36,25,2,7,335.00,216.11,capture,414.98,10.43,220.68,0,178.835,7.878,179.758,-18.30,20.74,146.84,-17.68,-7.72,172.82,53.578,53.676,-10.6272,5.9030,414.98,10.43,-10.4559,6.1863,,,0.21982,0
108.6649,36,25,2,7,335.00,216.11,capture,412.39,32.52,199.24,0,178.909,7.755,179.785,-18.40,20.72,146.89,-17.93,-8.46,173.26,53.766,53.872,-11.2909,6.4154,412.39,32.52,-10.8317,6.2894,,,0.20562,0
108.7469,36,25,2,7,335.00,216.11,capture,419.04,34.89,199.76,0,179.044,7.797,179.780,-18.47,20.69,147.18,-17.95,-8.38,173.40,54.266,53.616,-11.4722,7.1759,419.04,34.89,-11.1199,6.6883,,,0.22294,0
108.8490,36,25,2,7,335.00,216.11,capture,427.89,-10.28,244.71,0,179.003,7.837,179.796,-18.43,20.73,147.45,-18.67,-7.51,173.69,54.198,53.810,-9.2411,7.0707,427.89,-10.28,-10.2744,6.8604,,,0.25626,0
108.9515,36,25,2,7,335.00,216.11,capture,391.33,10.46,213.23,0,179.009,7.744,179.790,-18.37,20.60,147.49,-18.24,-7.52,173.92,54.028,53.975,-10.1296,5.0850,391.33,10.46,-10.2092,6.0614,,,0.20346,0
109.0386,36,25,2,7,335.00,216.11,capture,398.59,13.75,212.12,0,179.052,7.888,179.777,-18.39,20.77,147.36,-17.48,-8.39,173.50,54.161,54.079,-10.7345,5.8368,398.59,13.75,-10.4456,5.9603,,,0.22756,0
109.1452,36,25,2,7,335.00,216.11,capture,422.32,11.50,222.46,0,178.899,8.000,179.785,-18.36,20.84,147.37,-18.04,-6.66,173.25,54.212,54.037,-10.7871,6.7456,422.32,11.50,-10.5993,6.3137,,,0.21941,0
109.2272,36,25,2,7,335.00,216.11,capture,410.69,14.73,215.14,0,178.964,7.982,179.785,-18.34,20.84,147.14,-18.20,-7.89,173.42,53.855,54.069,-10.0095,6.1300,410.69,14.73,-10.3338,6.2310,,,0.21107,0
109.3280,36,25,2,7,335.00,216.11,capture,409.92,-6.59,234.97,0,178.955,7.961,179.789,-18.23,21.00,147.24,-18.09,-7.46,173.46,54.007,54.574,-9.0051,6.3991,409.92,-6.59,-9.7359,6.3067,,,0.23968,0
109.4247,36,25,2,7,335.00,216.11,capture,426.92,4.84,230.40,0,178.943,8.022,179.823,-18.19,20.98,147.25,-18.25,-6.80,173.43,53.322,54.331,-8.6145,7.0897,426.92,4.84,-9.2313,6.6591,,,0.21557,0
109.5362,36,25,2,7,335.00,216.11,capture,434.47,13.55,225.67,0,178.938,7.924,179.832,-18.16,20.98,147.55,-17.46,-7.22,173.58,53.362,54.335,-10.1348,7.2095,434.47,13.55,-9.6379,6.9067,,,0.21594,0
109.6412,36,25,2,7,335.00,216.11,capture,426.06,29.80,207.37,0,178.779,7.856,179.866,-18.20,20.91,147.50,-17.94,-7.56,173.91,53.449,54.253,-10.8728,6.5435,426.06,29.80,-10.1936,6.7433,,,0.21733,0
109.7249,36,25,2,7,335.00,216.11,capture,419.58,-0.49,232.53,0,178.859,7.721,179.863,-18.26,20.85,147.52,-17.87,-7.97,173.83,53.167,54.713,-10.3399,6.0659,419.58,-0.49,-10.2594,6.4385,,,0.20765,0
109.8208,36,25,2,7,335.00,216.11,capture,427.96,-0.87,236.06,0,178.892,7.685,179.843,-18.22,20.94,147.47,-18.08,-7.05,174.14,53.196,54.403,-8.6325,6.6984,427.96,-0.87,-9.5273,6.5554,,,0.19676,0
109.9336,36,25,2,7,335.00,216.11,capture,402.42,31.50,196.54,0,178.828,7.756,179.856,-18.32,20.94,147.56,-17.58,-7.28,174.02,53.032,54.556,-10.8750,5.8069,402.42,31.50,-10.1338,6.2186,,,0.20032,0
110.1007,37,6,0,6,290.33,43.22,dwell,387.66,-35.16,124.97,0,178.862,7.833,179.833,-18.33,21.02,147.52,-17.61,-7.66,174.17,52.943,54.092,-9.2863,5.8808,387.66,-35.16,-9.2863,5.8808,,,0.20671,0
110.2098,37,6,0,6,290.33,43.22,dwell,429.90,-41.54,163.29,0,178.781,7.884,179.817,-18.14,21.01,147.32,-17.57,-7.21,173.72,52.879,54.025,-7.8170,7.6015,429.90,-41.54,-8.6251,6.6551,,,0.18400,0
110.3005,37,6,0,6,290.33,43.22,dwell,383.79,-37.11,123.24,0,178.842,7.770,179.864,-18.19,20.93,147.46,-18.02,-8.14,173.60,53.125,54.241,-8.3372,5.1903,383.79,-37.11,-8.4956,5.9960,,,0.21487,0
110.4047,37,6,0,6,290.33,43.22,dwell,284.84,-7.09,50.61,0,178.959,7.914,179.854,-18.31,20.78,147.36,-17.91,-7.95,173.62,53.247,54.083,-9.3851,-0.1834,284.84,-7.09,-8.8958,3.2152,,,0.23361,0
110.5053,37,6,0,6,290.33,43.22,dwell,380.37,128.53,124.03,0,178.925,7.906,179.843,-18.21,20.84,147.40,-18.00,-7.96,173.39,53.552,53.769,-13.9464,5.0652,380.37,128.53,-11.1686,4.0477,,,0.18796,0
110.6008,37,6,0,6,290.33,43.22,dwell,327.71,-37.44,88.90,0,179.042,7.752,179.857,-18.27,20.81,147.49,-17.70,-7.34,173.66,53.445,53.959,-9.0781,2.9260,327.71,-37.44,-10.2279,3.5429,,,0.19322,0
110.6831,37,6,0,6,290.33,43.22,dwell,367.48,-28.41,105.27,0,179.009,7.782,179.864,-18.30,20.66,147.15,-17.87,-6.99,173.16,53.680,54.193,-8.2393,4.1231,367.48,-28.41,-9.3330,3.8040,,,0.20705,0
110.7651,37,6,0,6,290.33,43.22,dwell,358.13,21.40,71.22,0,178.975,7.739,179.832,-18.40,20.58,146.96,-17.85,-8.16,173.27,53.457,54.372,-11.5389,2.9788,358.13,21.40,-10.3257,3.4327,,,0.22418,0
110.8471,37,6,0,6,290.33,43.22,dwell,345.86,-29.44,91.45,0,179.043,7.846,179.815,-18.39,20.77,147.16,-18.31,-7.81,173.43,53.420,53.856,-9.0316,3.0913,345.86,-29.44,-9.7433,3.2790,,,0.18853,0
110.9522,37,6,0,6,290.33,43.22,dwell,310.33,-1.05,48.58,0,178.966,7.716,179.836,-18.37,20.62,147.35,-18.22,-7.79,173.63,53.311,53.996,-9.6083,1.3182,310.33,-1.05,-9.6826,2.3967,,,0.22052,0
111.0682,37,6,0,6,290.33,43.22,dwell,302.95,-29.77,74.07,0,178.851,7.719,179.837,-18.30,20.64,147.20,-17.98,-8.21,173.51,53.519,54.074,-8.8836,1.0634,302.95,-29.77,-9.3231,1.7967,,,0.22687,0
111.1763,37,6,0,6,290.33,43.22,capture,294.00,-4.86,48.22,0,178.907,7.620,179.793,-18.29,20.67,147.31,-17.62,-7.58,174.01,53.467,53.966,-9.9124,0.7666,294.00,-4.86,-9.5882,1.3332,,,0.21379,0
111.2733,37,6,0,6,290.33,43.22,capture,301.35,-34.87,78.87,0,178.894,7.620,179.800,-18.17,20.74,147.17,-18.30,-7.93,173.31,53.788,53.623,-8.2829,0.8344,301.35,-34.87,-9.0008,1.1087,,,0.19956,0
111.3669,37,6,0,6,290.33,43.22,capture,301.41,-12.83,57.14,0,178.908,7.759,179.810,-18.22,20.87,147.02,-18.41,-7.50,173.28,53.733,53.821,-10.1100,1.1447,301.41,-12.83,-9.5000,1.1249,,,0.21583,0
111.4654,37,6,0,6,290.33,43.22,capture,315.25,-25.35,72.96,0,178.843,7.559,179.784,-18.28,20.70,147.04,-18.17,-8.00,172.81,53.620,53.760,-8.9629,1.8519,315.25,-25.35,-9.2583,1.4521,,,0.22615,0
111.5504,37,6,0,6,290.33,43.22,capture,323.05,-33.58,83.48,0,178.913,7.521,179.767,-18.32,20.62,147.14,-18.07,-8.77,173.15,53.867,53.869,-8.1077,2.5237,323.05,-33.58,-8.7405,1.9343,,,0.19619,0
111.6339,37,6,0,6,290.33,43.22,capture,306.91,-22.28,67.57,0,178.860,7.754,179.748,-18.28,20.47,147.48,-17.73,-8.82,173.86,54.110,53.427,-8.2482,1.6610,306.91,-22.28,-8.5190,1.8113,,,0.23800,0
111.7213,37,6,0,6,290.33,43.22,capture,306.55,2.60,43.74,1,179.001,7.709,179.776,-18.20,20.42,147.54,-17.52,-7.61,173.78,53.809,53.811,-10.2819,1.0247,306.55,2.60,-9.3123,1.4573,,,0.19514,0
111.8203,37,6,0,6,290.33,43.22,capture,285.32,3.27,40.27,1,178.955,7.617,179.762,-18.18,20.40,147.58,-17.83,-7.51,174.02,53.506,53.876,-10.3589,0.4782,285.32,3.27,-9.7833,1.0167,,,0.16733,0
111.9119,37,6,0,6,290.33,43.22,capture,328.01,-24.91,77.86,0,178.959,7.512,179.783,-18.22,20.40,147.69,-17.20,-8.61,174.46,53.460,53.826,-9.9460,2.1367,328.01,-24.91,-9.8565,1.5207,,,0.21438,0
112.0057,37,6,0,6,290.33,43.22,capture,299.90,0.28,43.99,1,178.908,7.385,179.790,-18.27,20.39,147.69,-17.37,-8.16,174.33,53.262,54.089,-11.0616,1.2387,299.90,0.28,-10.3988,1.3938,,,0.20305,0
112.1040,37,6,0,6,290.33,43.22,capture,304.72,-3.23,48.63,0,178.960,7.421,179.827,-18.36,20.46,147.57,-17.60,-8.21,173.75,53.284,53.896,-10.3258,1.5975,304.72,-3.23,-10.3659,1.4855,,,0.20528,0
112.1991,37,6,0,6,290.33,43.22,capture,309.06,-16.06,62.17,0,178.976,7.299,179.810,-18.41,20.45,147.51,-18.11,-8.57,173.87,53.439,53.750,-9.4885,0.9826,309.06,-16.06,-9.9711,1.2592,,,0.21237,0
112.3001,37,6,0,6,290.33,43.22,capture,305.69,-29.11,73.94,0,178.921,7.311,179.756,-18.28,20.55,147.38,-18.32,-7.67,173.43,53.545,53.583,-7.6818,0.8461,305.69,-29.11,-8.9409,1.0733,,,0.19522,0
112.4086,37,6,0,6,290.33,43.22,capture,309.25,-23.85,69.69,0,179.005,7.311,179.747,-18.16,20.81,147.57,-17.64,-7.88,173.91,53.312,53.524,-8.7437,1.2715,309.25,-23.85,-8.8521,1.1625,,,0.19929,0
112.5161,37,6,0,6,290.33,43.22,capture,297.81,10.93,33.15,1,179.037,7.410,179.743,-18.12,20.81,147.51,-17.83,-7.94,173.29,53.438,53.518,-10.7346,1.4154,297.81,10.93,-9.6993,1.2763,,,0.22638,0
112.6158,37,6,0,6,290.33,43.22,capture,283.98,-37.08,80.55,0,178.903,7.487,179.751,-18.20,20.87,147.52,-17.68,-7.75,173.72,53.112,53.758,-8.1180,-0.1967,283.98,-37.08,-8.9877,0.6135,,,0.20103,0
112.7189,37,6,0,6,290.33,43.22,capture,300.60,-31.52,75.44,0,178.865,7.578,179.753,-18.11,20.90,147.41,-17.36,-7.84,173.37,52.879,53.612,-7.9402,1.7563,300.60,-31.52,-8.5163,1.1277,,,0.19161,0
112.8143,37,6,0,6,290.33,43.22,capture,332.70,-10.23,68.21,0,178.842,7.568,179.734,-18.00,20.71,147.21,-17.17,-8.17,173.48,52.956,53.683,-9.2953,2.0817,332.70,-10.23,-8.8669,1.5570,,,0.18019,0
112.9012,37,6,0,6,290.33,43.22,capture,334.16,-21.11,77.84,0,178.892,7.490,179.744,-18.10,20.71,147.17,-17.46,-8.20,173.51,53.082,53.665,-9.4054,3.0200,334.16,-21.11,-9.1092,2.2154,,,0.17551,0
113.0031,37,6,0,6,290.33,43.22,capture,332.64,-19.36,75.54,0,178.908,7.465,179.751,-17.99,20.60,147.47,-16.96,-8.29,173.93,53.731,53.675,-9.4423,2.6486,332.64,-19.36,-9.2591,2.4103,,,0.21410,0
113.1033,37,6,0,6,290.33,43.22,capture,290.81,-44.86,88.08,0,178.991,7.541,179.750,-18.02,20.87,147.72,-17.39,-7.41,174.22,53.449,54.034,-7.2297,1.0152,290.81,-44.86,-8.3459,1.7825,,,0.19184,0
113.2943,38,71,7,8,379.67,648.33,dwell,209.70,275.63,409.63,0,179.073,7.707,179.750,-18.05,20.89,148.04,-17.26,-8.67,174.36,53.412,53.829,-20.7740,-3.4539,209.70,275.63,-20.7740,-3.4539,,,0.18359,0
113.4010,38,71,7,8,379.67,648.33,dwell,248.89,150.20,515.01,0,178.967,7.760,179.736,-18.10,20.87,148.03,-17.38,-7.12,174.33,53.502,53.514,-16.1285,-1.0540,248.89,150.20,-18.6835,-2.3739,,,0.19269,0
113.5116,38,71,7,8,379.67,648.33,dwell,246.55,205.62,462.29,0,179.000,7.836,179.777,-18.14,20.87,147.93,-17.70,-7.40,173.73,53.555,53.425,-18.5701,-1.5543,246.55,205.62,-18.6325,-2.0051,,,0.20249,0
113.6073,38,71,7,8,379.67,648.33,dwell,272.29,274.04,389.39,0,178.966,8.066,179.783,-18.32,20.76,148.00,-18.07,-8.24,174.43,53.553,53.390,-19.2129,-0.2324,272.29,274.04,-18.8937,-1.2074,,,0.19741,0
113.7096,38,71,7,8,379.67,648.33,dwell,251.81,293.32,377.34,0,178.958,8.210,179.787,-18.38,20.54,148.03,-18.94,-7.60,174.48,53.489,53.318,-21.4954,-0.8053,251.81,293.32,-20.0645,-1.0265,,,0.18930,0
113.8203,38,71,7,8,379.67,648.33,dwell,291.12,353.79,307.57,0,178.888,8.280,179.802,-18.46,20.48,147.89,-17.92,-7.85,174.38,53.870,53.421,-22.9654,0.6234,291.12,353.79,-21.3699,-0.2840,,,0.21042,0
113.9300,38,71,7,8,379.67,648.33,dwell,326.06,504.55,153.45,0,178.869,8.484,179.803,-18.63,20.47,147.75,-17.84,-8.36,174.26,53.805,53.568,-29.4743,1.9031,326.06,504.55,-25.0169,0.7002,,,0.23563,0
114.0427,38,71,7,8,379.67,648.33,dwell,285.89,446.22,222.81,0,178.838,8.509,179.816,-18.66,20.66,147.73,-17.83,-7.97,173.77,54.015,53.638,-27.1096,0.5147,285.89,446.22,-25.9586,0.6167,,,0.21402,0
114.1373,38,71,7,8,379.67,648.33,dwell,223.87,576.87,171.40,0,178.837,8.511,179.787,-18.71,20.71,147.77,-17.97,-7.90,174.29,54.125,53.754,-32.1049,-1.7742,223.87,576.87,-28.7244,-0.4592,,,0.25109,0
114.2488,38,71,7,8,379.67,648.33,dwell,273.16,566.40,134.38,0,178.779,8.488,179.792,-18.65,20.74,147.72,-17.89,-7.64,174.26,54.154,53.535,-32.4567,0.3027,273.16,566.40,-30.4040,-0.1163,,,0.21597,0
114.3511,38,71,7,8,379.67,648.33,capture,266.33,614.66,118.23,0,178.864,8.337,179.822,-18.62,20.79,147.50,-18.10,-8.26,174.07,53.903,53.727,-33.6733,-0.6821,266.33,614.66,-31.8752,-0.3709,,,0.20409,0
114.4666,38,71,7,8,379.67,648.33,capture,273.13,588.15,122.36,0,178.885,8.359,179.827,-18.68,20.84,147.68,-17.67,-7.90,173.61,53.771,54.046,-33.5478,0.1043,273.13,588.15,-32.6279,-0.1571,,,0.20418,0
114.5661,38,71,7,8,379.67,648.33,capture,260.06,619.90,122.94,0,178.980,8.396,179.838,-18.68,20.70,147.57,-17.62,-7.51,174.26,53.453,54.237,-34.8001,-0.8193,260.06,619.90,-33.6054,-0.4551,,,0.23416,0
114.6600,38,71,7,8,379.67,648.33,capture,273.59,600.79,116.24,0,178.827,8.508,179.843,-18.59,20.72,147.74,-18.31,-8.08,174.04,53.586,53.905,-34.1082,-0.3198,273.59,600.79,-33.8316,-0.3942,,,0.22494,0
114.7610,38,71,7,8,379.67,648.33,capture,273.17,618.36,110.63,0,178.799,8.491,179.801,-18.61,20.80,147.60,-18.21,-7.44,174.30,53.904,54.745,-34.2698,-0.4812,273.17,618.36,-34.0288,-0.4334,,,0.23078,0
114.8647,38,71,7,8,379.67,648.33,capture,271.72,624.26,110.60,0,178.866,8.448,179.782,-18.71,20.89,147.52,-17.66,-8.41,173.93,53.806,54.414,-34.9945,0.3997,271.72,624.26,-34.4634,-0.0585,,,0.22486,0
114.9790,38,71,7,8,379.67,648.33,capture,279.85,652.53,99.90,0,178.878,8.344,179.759,-18.78,20.93,147.59,-17.68,-6.74,174.37,53.800,54.208,-35.3279,0.5608,279.85,652.53,-34.8524,0.2202,,,0.21950,0
115.0967,38,71,7,8,379.67,648.33,capture,257.61,627.25,123.86,0,178.824,8.400,179.755,-18.95,20.96,147.59,-18.40,-7.70,173.59,53.581,54.812,-34.3096,-0.6402,257.61,627.25,-34.6082,-0.1670,,,0.20115,0
115.2058,38,71,7,8,379.67,648.33,capture,286.10,634.33,94.61,0,178.921,8.324,179.753,-18.80,21.06,147.46,-18.49,-6.62,173.98,53.806,54.639,-33.9710,0.2531,286.10,634.33,-34.3214,0.0221,,,0.20631,0
115.3083,38,71,7,8,379.67,648.33,capture,275.89,612.52,109.78,0,179.032,8.338,179.789,-18.72,20.94,147.47,-18.26,-8.01,173.90,53.414,55.014,-34.0522,-1.0053,275.89,612.52,-34.2003,-0.4402,,,0.21379,0
115.4139,38,71,7,8,379.67,648.33,capture,274.35,613.16,111.03,0,178.915,8.487,179.788,-18.63,20.97,147.58,-18.57,-7.69,173.87,53.255,54.982,-32.8676,0.2934,274.35,613.16,-33.6005,-0.1101,,,0.19400,0
115.5260,38,71,7,8,379.67,648.33,capture,277.45,592.39,116.52,0,179.005,8.512,179.777,-18.33,20.94,147.54,-18.10,-6.85,173.84,53.398,54.828,-32.9224,0.2883,277.45,592.39,-33.2954,0.0692,,,0.20293,0
115.6355,38,71,7,8,379.67,648.33,capture,263.37,615.78,120.77,0,178.947,8.607,179.759,-18.45,20.86,147.35,-18.31,-8.08,173.71,54.041,54.880,-33.2312,-0.1813,263.37,615.78,-33.2665,-0.0435,,,0.24789,0
115.7413,38,71,7,8,379.67,648.33,capture,228.84,598.80,158.75,0,178.852,8.622,179.798,-18.54,20.61,147.19,-18.13,-8.14,173.41,54.211,54.398,-32.9648,-1.8763,228.84,598.80,-33.1307,-0.8683,,,0.23234,0
115.8233,38,71,7,8,379.67,648.33,capture,264.91,598.48,125.12,0,178.914,8.634,179.823,-18.60,20.50,147.14,-18.31,-7.59,173.01,54.288,54.146,-33.4277,-1.0755,264.91,598.48,-33.2644,-0.9615,,,0.23103,0
115.9204,38,71,7,8,379.67,648.33,capture,258.85,613.62,125.70,0,178.978,8.629,179.821,-18.54,20.62,147.06,-18.38,-7.60,173.01,54.147,54.439,-33.7990,-2.2058,258.85,613.62,-33.5049,-1.5215,,,0.21462,0
116.0024,38,71,7,8,379.67,648.33,capture,254.06,616.29,129.63,0,178.903,8.630,179.868,-18.62,20.58,147.06,-18.18,-8.67,173.16,53.934,54.294,-34.0608,-1.2634,254.06,616.29,-33.7551,-1.4053,,,0.22600,0
116.0880,38,71,7,8,379.67,648.33,capture,275.54,611.86,110.33,0,178.847,8.558,179.839,-18.66,20.69,147.03,-18.18,-8.39,173.36,54.028,54.159,-34.1047,-0.2763,275.54,611.86,-33.9124,-0.8972,,,0.25064,0
116.1826,38,71,7,8,379.67,648.33,capture,273.59,614.02,111.49,0,178.857,8.498,179.851,-18.70,20.58,147.09,-18.68,-7.87,173.36,53.891,53.857,-34.0011,0.0229,273.59,614.02,-33.9523,-0.4832,,,0.21321,0
116.3844,39,61,6,7,335.00,561.89,dwell,340.42,629.61,67.94,0,178.711,8.486,179.830,-18.71,20.66,147.21,-18.36,-8.26,173.88,54.508,53.965,-33.5053,2.9427,340.42,629.61,-33.5053,2.9427,,,0.23524,0
116.4842,39,61,6,7,335.00,561.89,dwell,333.59,530.70,31.22,1,178.738,8.343,179.826,-18.71,20.66,147.26,-18.86,-8.40,173.28,54.554,54.042,-30.7656,2.6571,333.59,530.70,-32.2724,2.8142,,,0.23925,0
116.5872,39,61,6,7,335.00,561.89,dwell,200.34,555.45,134.81,0,178.598,8.417,179.807,-18.69,20.61,147.24,-18.14,-7.36,173.81,54.117,53.827,-31.2256,-3.8447,200.34,555.45,-31.8014,-0.1823,,,0.24264,0
116.6818,39,61,6,7,335.00,561.89,dwell,264.74,491.11,99.73,0,178.711,8.374,179.792,-18.71,20.57,147.50,-17.97,-7.40,173.90,53.901,53.614,-28.7228,-0.0459,264.74,491.11,-30.4160,-0.1209,,,0.21594,0
116.7859,39,61,6,7,335.00,561.89,dwell,310.80,524.48,44.55,0,178.620,8.292,179.786,-18.68,20.61,147.34,-18.06,-8.30,173.96,53.394,53.335,-30.9499,1.5773,310.80,524.48,-30.6563,0.6433,,,0.20553,0
116.8679,39,61,6,7,335.00,561.89,dwell,296.96,461.24,107.60,0,178.584,8.400,179.800,-18.68,20.41,147.23,-18.10,-8.26,173.65,53.023,53.502,-27.6479,0.6699,296.96,461.24,-29.3025,0.6552,,,0.18380,0
116.9578,39,61,6,7,335.00,561.89,dwell,337.19,458.18,103.73,0,178.587,8.584,179.759,-18.65,20.32,147.15,-18.09,-7.96,173.38,53.421,53.590,-28.0189,3.3929,337.19,458.18,-28.7249,1.8872,,,0.18620,0
117.0548,39,61,6,7,335.00,561.89,dwell,307.27,349.14,214.55,0,178.633,8.747,179.751,-18.55,20.36,146.95,-18.07,-7.39,172.83,53.547,54.073,-23.3126,1.8298,307.27,349.14,-26.2893,1.8614,,,0.21258,0
117.1636,39,61,6,7,335.00,561.89,dwell,341.50,423.44,138.60,0,178.676,8.597,179.784,-18.48,20.41,146.92,-17.90,-8.03,173.14,53.297,54.048,-26.1982,2.8170,341.50,423.44,-26.2483,2.2914,,,0.21455,0
117.2490,39,61,6,7,335.00,561.89,capture,341.23,386.40,175.60,0,178.755,8.432,179.801,-18.40,20.37,146.88,-17.97,-8.54,173.17,53.383,54.079,-24.7581,3.1966,341.23,386.40,-25.5777,2.6987,,,0.21605,0
117.3537,39,61,6,7,335.00,561.89,capture,316.40,400.37,162.59,0,178.650,8.514,179.802,-18.48,20.58,147.34,-18.08,-7.32,173.37,53.228,54.090,-25.8662,1.4306,316.40,400.37,-25.7075,2.1281,,,0.18575,0
117.4785,39,61,6,7,335.00,561.89,capture,348.00,394.88,167.51,0,178.390,8.410,179.792,-18.44,20.73,147.31,-17.94,-7.65,173.05,53.342,54.401,-25.7769,3.2167,348.00,394.88,-25.7388,2.6180,,,0.20289,0
117.5851,39,61,6,7,335.00,561.89,capture,348.54,426.26,136.30,0,178.431,8.428,179.820,-18.47,20.75,147.45,-18.77,-7.69,173.84,53.533,53.838,-25.7124,3.4203,348.54,426.26,-25.7269,2.9790,,,0.20815,0
117.6720,39,61,6,7,335.00,561.89,capture,334.09,378.53,183.36,0,178.581,8.389,179.859,-18.49,20.86,147.49,-17.78,-7.29,173.81,53.937,54.107,-24.6067,2.6492,334.09,378.53,-25.2228,2.8306,,,0.21939,0
117.7680,39,61,6,7,335.00,561.89,capture,342.76,387.19,174.87,0,178.556,8.376,179.859,-18.60,20.86,147.20,-18.24,-7.76,173.78,54.186,53.916,-24.1275,2.9178,342.76,387.19,-24.7299,2.8698,,,0.20387,0
117.8800,39,61,6,7,335.00,561.89,capture,349.84,404.78,157.81,0,178.696,8.266,179.832,-18.46,20.80,147.04,-17.87,-7.52,172.99,54.363,53.782,-26.1724,3.1519,349.84,404.78,-25.3790,2.9968,,,0.26132,0
117.9784,39,61,6,7,335.00,561.89,capture,359.69,378.73,184.82,0,178.806,8.179,179.834,-18.52,20.77,147.28,-18.00,-8.64,173.50,54.092,53.988,-24.7000,4.2801,359.69,378.73,-25.0735,3.5743,,,0.24143,0
118.0767,39,61,6,7,335.00,561.89,capture,383.56,387.82,180.72,0,178.865,8.126,179.802,-18.48,20.73,147.59,-18.08,-7.08,173.59,53.829,53.815,-25.3691,4.9598,383.56,387.82,-25.2065,4.1978,,,0.21177,0
118.1712,39,61,6,7,335.00,561.89,capture,338.91,376.63,185.30,0,178.833,8.129,179.791,-18.49,20.57,147.54,-17.49,-7.90,173.73,53.926,53.828,-25.6163,2.9118,338.91,376.63,-25.3909,3.6191,,,0.19770,0
118.2588,39,61,6,7,335.00,561.89,capture,330.23,370.42,191.53,0,178.911,8.310,179.798,-18.63,20.60,147.57,-17.67,-7.87,174.02,53.459,54.417,-24.2828,2.2813,330.23,370.42,-24.8923,3.0171,,,0.19377,0
118.3510,39,61,6,7,335.00,561.89,capture,344.20,389.28,172.85,0,178.923,8.295,179.803,-18.67,20.48,147.68,-18.36,-8.32,174.21,53.747,54.272,-24.4857,3.3104,344.20,389.28,-24.7093,3.1491,,,0.19255,0
118.4628,39,61,6,7,335.00,561.89,capture,365.43,356.08,208.05,0,178.839,8.295,179.818,-18.58,20.48,147.55,-18.54,-8.25,173.68,53.662,54.443,-24.4539,4.0409,365.43,356.08,-24.5944,3.5504,,,0.22310,0
118.5618,39,61,6,7,335.00,561.89,capture,357.56,371.49,191.73,0,178.829,8.187,179.846,-18.66,20.67,147.32,-18.70,-8.10,173.05,54.134,54.622,-23.9360,3.0252,357.56,371.49,-24.2981,3.3141,,,0.23211,0
118.6476,39,61,6,7,335.00,561.89,capture,361.87,381.41,182.47,0,178.936,8.108,179.810,-18.64,20.69,147.36,-18.01,-8.33,174.08,54.322,54.408,-25.1520,4.0807,361.87,381.41,-24.6824,3.6590,,,0.24526,0
118.7577,39,61,6,7,335.00,561.89,capture,372.17,370.59,194.88,0,179.061,8.229,179.819,-18.61,20.67,147.38,-18.62,-8.56,173.56,54.008,54.448,-24.7793,4.4638,372.17,370.59,-24.7260,4.0212,,,0.21467,0
118.8591,39,61,6,7,335.00,561.89,capture,345.45,375.75,186.43,0,178.991,8.306,179.823,-18.48,20.72,147.62,-18.07,-8.16,173.89,54.209,54.204,-24.2672,3.5748,345.45,375.75,-24.5195,3.8203,,,0.23506,0
118.9588,39,61,6,7,335.00,561.89,capture,353.77,372.36,190.46,0,178.988,8.211,179.848,-18.46,20.65,147.73,-18.13,-7.64,173.88,54.358,53.987,-24.5912,3.5291,353.77,372.36,-24.5518,3.6893,,,0.23585,0
119.0560,39,61,6,7,335.00,561.89,capture,353.85,380.11,182.75,0,178.958,8.217,179.858,-18.55,20.82,147.72,-17.77,-7.99,174.51,54.204,54.033,-24.8059,3.9741,353.85,380.11,-24.6661,3.8174,,,0.24795,0
119.1776,39,61,6,7,335.00,561.89,capture,356.66,383.51,179.69,0,178.909,8.225,179.825,-18.54,20.90,147.74,-18.66,-8.06,174.42,53.468,53.712,-26.0737,3.3084,356.66,383.51,-25.2995,3.5884,,,0.20513,0
119.3856,40,33,3,6,290.33,302.56,dwell,266.49,291.09,26.46,0,178.884,8.179,179.806,-18.50,20.89,147.21,-18.03,-6.81,173.31,53.318,54.003,-21.3418,0.2655,266.49,291.09,-21.3418,0.2655,,,0.20746,0
119.4894,40,33,3,6,290.33,302.56,dwell,216.98,227.48,104.96,0,178.864,7.959,179.812,-18.50,20.63,147.46,-17.95,-7.64,173.65,53.203,54.383,-17.4527,-2.6715,216.98,227.48,-19.5917,-1.0561,,,0.21427,0
119.5882,40,33,3,6,290.33,302.56,dwell,285.09,403.77,101.35,0,178.882,7.912,179.771,-18.48,20.57,147.56,-17.86,-9.04,173.82,53.655,54.094,-25.6903,-0.0752,285.09,403.77,-22.3361,-0.6147,,,0.20941,0
119.6962,40,33,3,6,290.33,302.56,dwell,275.85,308.61,15.70,1,178.839,7.917,179.834,-18.40,20.59,147.68,-17.71,-8.31,174.29,54.047,54.202,-22.1581,0.0272,275.85,308.61,-22.2560,-0.3259,,,0.21265,0
119.7945,40,33,3,6,290.33,302.56,dwell,278.62,275.37,29.60,1,178.903,8.063,179.835,-18.48,20.56,147.87,-17.83,-8.06,174.04,53.677,53.956,-20.7540,-0.3597,278.62,275.37,-21.5801,-0.3411,,,0.20728,0
119.9010,40,33,3,6,290.33,302.56,dwell,245.45,273.03,53.72,0,178.887,8.178,179.827,-18.54,20.48,147.66,-18.67,-8.45,174.41,53.877,54.256,-20.7644,-1.1970,245.45,273.03,-21.2131,-0.7263,,,0.20930,0
120.0010,40,33,3,6,290.33,302.56,dwell,233.79,187.00,128.65,0,178.847,8.157,179.798,-18.51,20.66,147.55,-18.49,-7.39,173.48,53.952,54.359,-16.3213,-2.3900,233.79,187.00,-19.0118,-1.4749,,,0.25653,0
120.1091,40,33,3,6,290.33,302.56,dwell,243.86,224.89,90.51,0,178.846,8.067,179.758,-18.61,20.59,147.41,-18.00,-7.76,173.62,53.618,54.208,-18.9515,-1.8260,243.86,224.89,-18.9846,-1.6329,,,0.22110,0
120.2174,40,33,3,6,290.33,302.56,capture,232.77,179.88,135.51,0,178.791,8.007,179.765,-18.69,20.55,147.39,-17.68,-9.12,173.95,53.212,53.960,-17.6392,-2.8294,232.77,179.88,-18.3792,-2.1713,,,0.18751,0
120.3168,40,33,3,6,290.33,302.56,capture,236.46,187.75,126.82,0,178.756,8.073,179.769,-18.69,20.29,147.37,-17.90,-7.98,173.44,53.228,53.736,-17.5889,-1.0685,236.46,187.75,-18.0235,-1.6750,,,0.22762,0
120.3997,40,33,3,6,290.33,302.56,capture,252.24,180.53,127.83,0,178.716,7.977,179.820,-18.66,20.25,147.22,-18.16,-7.82,173.34,53.718,53.868,-16.3573,-0.5810,252.24,180.53,-17.2737,-1.1827,,,0.16229,0
120.4936,40,33,3,6,290.33,302.56,capture,229.65,189.96,127.91,0,178.822,7.848,179.839,-18.74,20.44,147.10,-18.11,-8.56,173.13,53.932,54.119,-16.8841,-2.3720,229.65,189.96,-17.0984,-1.7179,,,0.19974,0
120.6068,40,33,3,6,290.33,302.56,capture,233.93,174.00,140.38,0,178.850,7.933,179.823,-18.71,20.30,147.01,-18.24,-7.90,172.99,53.705,54.239,-16.6927,-2.3255,233.93,174.00,-16.9158,-1.9913,,,0.19642,0
120.7202,40,33,3,6,290.33,302.56,capture,219.85,159.76,159.24,0,178.759,7.790,179.800,-18.77,20.20,147.17,-18.89,-8.27,173.08,53.520,54.261,-17.0268,-2.8247,219.85,159.76,-16.9657,-2.3663,,,0.20886,0
120.8104,40,33,3,6,290.33,302.56,capture,229.81,142.30,171.30,0,178.719,7.838,179.779,-18.81,20.33,147.08,-17.71,-8.39,173.22,53.752,54.329,-15.6964,-2.3253,229.81,142.30,-16.3945,-2.3478,,,0.22394,0
120.9213,40,33,3,6,290.33,302.56,capture,206.62,157.84,167.18,0,178.758,7.974,179.791,-18.60,20.22,146.86,-18.34,-8.33,173.38,53.883,54.541,-16.4605,-3.7478,206.62,157.84,-16.4242,-2.9778,,,0.21571,0
121.0033,40,33,3,6,290.33,302.56,capture,231.34,195.02,122.65,0,178.805,8.035,179.772,-18.53,20.24,146.99,-18.65,-8.87,173.30,53.868,54.390,-17.4244,-1.8449,231.34,195.02,-16.8743,-2.4680,,,0.21713,0
121.1106,40,33,3,6,290.33,302.56,capture,229.35,182.86,134.34,0,178.805,8.021,179.766,-18.60,20.26,147.13,-17.92,-8.34,173.65,53.749,54.159,-16.8889,-1.6575,229.35,182.86,-16.8809,-2.1033,,,0.21085,0
121.2152,40,33,3,6,290.33,302.56,capture,222.66,189.99,131.34,0,178.797,8.071,179.761,-18.65,20.41,147.12,-18.12,-7.98,173.36,53.936,53.927,-17.3362,-2.3755,222.66,189.99,-17.0858,-2.2258,,,0.21690,0
121.3262,40,33,3,6,290.33,302.56,capture,247.14,215.15,97.50,0,178.693,8.026,179.802,-18.58,20.46,146.98,-18.17,-8.33,172.87,53.936,54.081,-17.5714,-1.5500,247.14,215.15,-17.3043,-1.9216,,,0.20559,0
121.4279,40,33,3,6,290.33,302.56,capture,227.21,199.96,120.46,0,178.833,7.981,179.792,-18.57,20.25,146.99,-17.96,-8.06,173.40,53.733,54.081,-17.2602,-2.7614,227.21,199.96,-17.2844,-2.2995,,,0.19584,0
121.5359,40,33,3,6,290.33,302.56,capture,227.59,175.85,141.39,0,178.723,8.071,179.808,-18.47,20.21,146.97,-18.09,-8.03,173.18,53.800,54.347,-16.2658,-1.9845,227.59,175.85,-16.8261,-2.1578,,,0.20602,0
121.6298,40,33,3,6,290.33,302.56,capture,245.52,201.98,110.11,0,178.670,8.085,179.828,-18.49,20.27,147.05,-17.24,-8.40,173.22,53.969,54.240,-18.3658,-1.2691,245.52,201.98,-17.5189,-1.7579,,,0.20020,0
121.7330,40,33,3,6,290.33,302.56,capture,243.49,185.18,126.38,0,178.513,8.033,179.791,-18.48,20.19,147.05,-17.61,-8.48,173.14,53.890,54.157,-17.4459,-1.6659,243.49,185.18,-17.4861,-1.7165,,,0.24241,0
121.8226,40,33,3,6,290.33,302.56,capture,217.95,208.83,118.42,0,178.657,7.836,179.761,-18.34,20.42,146.95,-17.91,-8.69,173.68,53.866,54.497,-18.7705,-2.9189,217.95,208.83,-18.0641,-2.2576,,,0.23403,0
121.9114,40,33,3,6,290.33,302.56,capture,229.54,213.24,108.04,0,178.707,7.751,179.763,-18.19,20.41,146.69,-18.06,-8.30,173.34,54.132,54.576,-17.7079,-2.3976,229.54,213.24,-17.9038,-2.3206,,,0.20955,0
122.0249,40,33,3,6,290.33,302.56,capture,236.15,195.04,120.40,0,178.644,7.743,179.768,-18.12,20.55,146.62,-18.04,-8.15,172.62,53.874,54.546,-18.6792,-1.4664,236.15,195.04,-18.2527,-1.9362,,,0.22544,0
122.2509,41,68,7,5,245.67,648.33,dwell,260.88,-10.26,658.77,0,178.801,7.871,179.800,-18.26,20.62,146.77,-17.97,-8.07,173.11,53.730,54.732,-8.4904,-1.2428,260.88,-10.26,-8.4904,-1.2428,,,0.22301,0
122.3530,41,68,7,5,245.67,648.33,dwell,172.50,374.39,283.55,0,178.928,7.982,179.791,-18.28,20.59,147.01,-17.76,-7.88,173.39,53.889,54.996,-24.6200,-5.0651,172.50,374.39,-15.7487,-2.9629,,,0.18892,0
122.4562,41,68,7,5,245.67,648.33,dwell,257.17,346.09,302.46,0,178.890,8.256,179.794,-18.23,20.71,147.08,-17.66,-7.43,173.01,54.043,54.998,-22.6513,-0.6774,257.17,346.09,-18.8549,-1.9344,,,0.22238,0
122.5631,41,68,7,5,245.67,648.33,dwell,176.76,349.07,307.09,0,178.945,8.263,179.792,-18.22,20.62,147.24,-17.76,-8.04,173.78,54.098,54.912,-23.7048,-4.3870,176.76,349.07,-21.0374,-3.0381,,,0.22015,0
122.6651,41,68,7,5,245.67,648.33,dwell,291.01,264.66,386.34,0,178.987,8.360,179.786,-18.27,20.74,146.83,-17.88,-7.35,172.74,54.217,54.641,-20.6674,0.9113,291.01,264.66,-20.8709,-1.2609,,,0.23828,0
122.7753,41,68,7,5,245.67,648.33,dwell,249.00,407.11,241.25,0,179.137,8.257,179.772,-18.29,20.66,146.94,-18.07,-7.72,172.65,53.989,54.488,-25.4788,-1.3188,249.00,407.11,-22.9445,-1.2870,,,0.23609,0
122.8626,41,68,7,5,245.67,648.33,dwell,262.36,351.34,297.46,0,179.068,8.207,179.784,-18.26,20.53,147.10,-17.86,-8.87,173.14,54.219,54.623,-23.2789,-0.5669,262.36,351.34,-23.0950,-0.9629,,,0.22083,0
122.9565,41,68,7,5,245.67,648.33,dwell,254.52,398.58,249.91,0,179.124,8.067,179.804,-18.45,20.62,147.07,-17.46,-7.83,173.03,54.079,54.659,-25.5532,-1.3083,254.52,398.58,-24.2012,-1.1183,,,0.22406,0
123.0529,41,68,7,5,245.67,648.33,dwell,204.52,388.09,263.48,0,179.135,8.109,179.785,-18.34,20.52,146.65,-18.42,-7.50,172.98,54.201,54.120,-24.2791,-3.1915,204.52,388.09,-24.2362,-2.0512,,,0.24345,0
123.1568,41,68,7,5,245.67,648.33,dwell,231.65,427.75,221.03,0,179.159,8.182,179.763,-18.42,20.61,147.07,-18.19,-7.62,172.94,54.235,54.266,-25.2269,-1.7969,231.65,427.75,-24.6820,-1.9368,,,0.22422,0
123.2390,41,68,7,5,245.67,648.33,dwell,275.97,453.10,197.57,0,179.235,8.264,179.783,-18.44,20.65,147.10,-18.36,-8.24,172.94,54.077,54.426,-28.1611,-0.1009,275.97,453.10,-26.2476,-1.1106,,,0.22952,0
123.3221,41,68,7,5,245.67,648.33,capture,254.36,468.88,179.66,0,179.221,8.304,179.786,-18.43,20.81,147.17,-17.46,-7.95,172.98,53.756,54.780,-27.6528,-1.1891,254.36,468.88,-26.8799,-1.1460,,,0.22619,0
123.4175,41,68,7,5,245.67,648.33,capture,264.44,469.13,180.18,0,179.142,8.325,179.806,-18.38,20.75,147.22,-17.97,-7.85,173.38,53.786,54.842,-28.6127,-1.1312,264.44,469.13,-27.6597,-1.1393,,,0.22307,0
123.5264,41,68,7,5,245.67,648.33,capture,262.16,498.40,150.84,0,179.102,8.370,179.825,-18.34,20.87,147.28,-17.93,-7.74,173.97,53.910,54.813,-29.4265,-0.7900,262.16,498.40,-28.4547,-0.9821,,,0.22181,0
123.6323,41,68,7,5,245.67,648.33,capture,255.22,487.83,160.79,0,179.105,8.286,179.833,-18.24,20.85,147.30,-17.41,-7.20,173.84,53.842,54.371,-29.3740,-0.2335,255.22,487.83,-28.8684,-0.6452,,,0.21940,0
123.7597,41,68,7,5,245.67,648.33,capture,268.28,450.02,199.60,0,178.994,8.406,179.817,-18.34,20.67,147.22,-18.18,-7.58,172.70,53.591,53.821,-26.9540,-0.8991,268.28,450.02,-28.0069,-0.7595,,,0.21704,0
123.8485,41,68,7,5,245.67,648.33,capture,271.50,469.71,180.48,0,178.899,8.409,179.821,-18.34,20.84,147.20,-17.35,-6.94,173.37,53.707,53.646,-28.3418,-0.2320,271.50,469.71,-28.1576,-0.5221,,,0.20797,0
123.9347,41,68,7,5,245.67,648.33,capture,269.50,476.97,173.01,0,178.899,8.450,179.822,-18.48,20.68,147.25,-18.39,-7.38,173.73,53.733,53.728,-28.7304,-0.3810,269.50,476.97,-28.4154,-0.4586,,,0.21749,0
124.0338,41,68,7,5,245.67,648.33,capture,257.46,484.12,164.64,0,178.909,8.476,179.824,-18.51,20.74,147.54,-17.98,-7.47,173.83,53.681,53.841,-28.0193,-0.8717,257.46,484.12,-28.2371,-0.6445,,,0.23274,0
124.1244,41,68,7,5,245.67,648.33,capture,249.62,471.04,177.34,0,179.004,8.489,179.843,-18.60,20.82,147.62,-18.38,-7.30,173.73,53.893,53.844,-28.2057,-1.3638,249.62,471.04,-28.2230,-0.9682,,,0.23655,0
124.2331,41,68,7,5,245.67,648.33,capture,259.38,467.16,181.69,0,178.949,8.467,179.835,-18.55,20.90,147.80,-18.53,-8.28,174.11,53.605,53.821,-27.6146,-0.6127,259.38,467.16,-27.9492,-0.8082,,,0.22593,0
124.3409,41,68,7,5,245.67,648.33,capture,251.85,480.49,167.96,0,178.911,8.487,179.886,-18.57,20.90,147.58,-18.56,-7.25,173.55,53.489,53.249,-28.9576,-1.1205,251.85,480.49,-28.4030,-0.9487,,,0.21097,0
124.4497,41,68,7,5,245.67,648.33,capture,258.87,473.53,175.30,0,178.960,8.584,179.833,-18.56,20.96,147.70,-18.35,-7.62,173.77,53.397,53.887,-28.0217,-0.3664,258.87,473.53,-28.2314,-0.6867,,,0.18530,0
124.5395,41,68,7,5,245.67,648.33,capture,266.09,466.99,182.49,0,179.134,8.634,179.821,-18.56,21.11,147.63,-17.65,-7.79,174.11,53.648,53.715,-27.9674,-0.4405,266.09,466.99,-28.1126,-0.5759,,,0.21452,0
124.6339,41,68,7,5,245.67,648.33,capture,255.27,474.73,173.87,0,179.049,8.591,179.814,-18.72,21.04,147.88,-17.69,-7.60,174.27,53.789,53.596,-28.9484,-0.9973,255.27,474.73,-28.4887,-0.7655,,,0.24677,0
124.7314,41,68,7,5,245.67,648.33,capture,250.93,458.79,189.62,0,179.230,8.436,179.793,-18.76,20.97,147.99,-18.44,-7.80,174.97,53.747,53.668,-28.3813,-1.3383,250.93,458.79,-28.4404,-1.0233,,,0.19301,0
124.8324,41,68,7,5,245.67,648.33,capture,263.06,467.25,181.92,0,179.091,8.451,179.776,-18.56,21.04,147.82,-18.14,-7.32,174.06,53.558,53.452,-28.8610,-0.8711,263.06,467.25,-28.6297,-0.9548,,,0.21553,0
124.9396,41,68,7,5,245.67,648.33,capture,277.99,483.28,168.19,0,179.036,8.547,179.774,-18.59,21.07,147.95,-17.74,-7.01,174.25,53.594,53.782,-28.3478,0.4240,277.99,483.28,-28.5028,-0.3343,,,0.19539,0
125.0285,41,68,7,5,245.67,648.33,capture,259.15,461.40,187.42,0,179.020,8.607,179.786,-18.45,21.11,147.81,-17.73,-7.78,174.22,53.629,53.974,-27.7261,-1.3494,259.15,461.40,-28.1533,-0.7911,,,0.17672,0
125.1254,41,68,7,5,245.67,648.33,capture,251.57,478.83,169.61,0,178.908,8.631,179.804,-18.32,21.02,147.61,-17.73,-7.80,173.70,53.520,54.137,-27.9195,-1.0102,251.57,478.83,-28.0481,-0.8897,,,0.20054,0
125.2129,41,68,7,5,245.67,648.33,capture,259.72,485.67,163.27,0,178.958,8.546,179.783,-18.36,20.95,147.75,-17.75,-8.03,174.21,53.159,54.103,-29.9331,-0.8066,259.72,485.67,-28.8963,-0.8523,,,0.18619,0
125.3223,41,68,7,5,245.67,648.33,capture,269.33,478.52,171.45,0,178.847,8.498,179.820,-18.47,20.97,148.06,-17.90,-6.98,174.50,53.396,54.336,-27.8904,-0.6937,269.33,478.52,-28.4437,-0.7809,,,0.22022,0
125.5010,42,34,3,7,335.00,302.56,dwell,212.13,405.87,160.53,0,178.753,8.612,179.841,-18.40,21.07,148.17,-17.51,-6.76,174.43,52.935,54.457,-24.9980,-2.4116,212.13,405.87,-24.9980,-2.4116,,,0.19802,0
125.6187,42,34,3,7,335.00,302.56,dwell,301.16,439.99,141.54,0,178.797,8.503,179.830,-18.43,21.06,148.02,-17.75,-7.73,174.20,53.049,54.620,-26.5303,0.6090,301.16,439.99,-25.6875,-1.0523,,,0.18831,0
125.7167,42,34,3,7,335.00,302.56,dwell,419.69,360.94,102.86,0,178.812,8.323,179.842,-18.38,20.94,147.89,-17.98,-7.47,174.44,52.800,54.143,-23.9967,7.3048,419.69,360.94,-24.9266,2.7084,,,0.17121,0
125.8184,42,34,3,7,335.00,302.56,dwell,329.83,341.31,39.10,1,178.863,8.075,179.867,-18.39,20.78,147.96,-17.65,-7.79,174.64,52.893,53.933,-22.9642,2.6439,329.83,341.31,-24.0436,2.6794,,,0.18859,0
125.9195,42,34,3,7,335.00,302.56,dwell,289.49,326.90,51.61,0,178.910,8.161,179.859,-18.41,20.84,147.67,-18.01,-6.91,173.76,53.093,53.886,-22.6825,0.4508,289.49,326.90,-23.4311,1.6765,,,0.18194,0
126.0019,42,34,3,7,335.00,302.56,dwell,274.49,276.12,66.03,0,178.993,8.188,179.885,-18.41,20.76,147.86,-17.83,-8.17,174.60,52.903,53.822,-20.6352,-0.0620,274.49,276.12,-22.1729,0.8942,,,0.17039,0
126.1019,42,34,3,7,335.00,302.56,dwell,378.22,283.55,47.21,0,178.918,8.131,179.879,-18.54,20.85,147.90,-17.91,-7.98,174.16,53.006,54.037,-20.9181,5.1032,378.22,283.55,-21.6083,2.7882,,,0.18105,0
126.1927,42,34,3,7,335.00,302.56,dwell,286.66,260.05,64.37,0,178.870,8.085,179.860,-18.51,20.88,147.76,-17.96,-7.42,174.26,53.067,54.015,-19.1335,0.6378,286.66,260.05,-20.4946,1.8206,,,0.21009,0
126.2959,42,34,3,7,335.00,302.56,dwell,349.63,211.73,92.00,0,178.891,8.150,179.869,-18.34,21.00,147.59,-17.94,-7.87,174.13,53.300,53.744,-17.9209,3.0945,349.63,211.73,-19.3364,2.3938,,,0.19012,0
126.4037,42,34,3,7,335.00,302.56,dwell,305.51,315.62,32.25,0,178.857,8.217,179.867,-18.29,20.86,147.68,-17.70,-7.58,173.78,52.923,53.809,-22.5226,1.4101,305.51,315.62,-20.7702,1.9512,,,0.16888,0
126.5160,42,34,3,7,335.00,302.56,dwell,332.91,165.36,137.21,0,178.806,8.161,179.847,-18.27,21.13,147.87,-17.91,-6.86,174.27,52.911,53.800,-16.0041,3.1289,332.91,165.36,-18.6255,2.4811,,,0.18809,0
126.6147,42,34,3,7,335.00,302.56,capture,345.11,202.34,100.72,0,178.739,8.127,179.818,-18.41,21.06,147.66,-17.52,-7.49,173.87,53.268,53.897,-17.9438,2.5999,345.11,202.34,-18.3187,2.5346,,,0.19742,0
126.7254,42,34,3,7,335.00,302.56,capture,357.48,192.15,112.67,0,178.827,8.038,179.818,-18.23,21.08,147.39,-17.98,-7.12,173.96,53.251,54.025,-17.3640,3.8978,357.48,192.15,-17.8891,3.1480,,,0.18417,0
126.8439,42,34,3,7,335.00,302.56,capture,336.08,180.73,121.83,0,178.952,8.120,179.812,-18.27,20.98,147.37,-17.28,-7.59,173.47,53.248,53.746,-17.0468,2.9489,336.08,180.73,-17.5101,3.0584,,,0.21001,0
126.9428,42,34,3,7,335.00,302.56,capture,323.03,175.31,127.81,0,178.823,8.056,179.821,-18.17,20.91,147.36,-17.00,-6.68,173.45,53.127,54.047,-16.5614,2.7065,323.03,175.31,-17.0832,2.9001,,,0.21901,0
127.0406,42,34,3,7,335.00,302.56,capture,355.58,179.92,124.35,0,178.858,8.038,179.839,-18.26,20.84,147.28,-18.19,-7.96,173.72,53.498,54.436,-17.4442,3.1368,355.58,179.92,-17.2456,3.0066,,,0.17680,0
127.1226,42,34,3,7,335.00,302.56,capture,337.09,182.86,119.71,0,178.959,8.123,179.869,-18.15,20.88,147.36,-17.02,-7.42,173.33,53.383,54.106,-17.3477,2.7163,337.09,182.86,-17.2916,2.8760,,,0.21843,0
127.2218,42,34,3,7,335.00,302.56,capture,315.94,163.11,140.74,0,179.110,7.987,179.854,-18.32,20.88,147.30,-17.91,-7.36,173.51,53.145,54.213,-15.4657,2.0047,315.94,163.11,-16.4699,2.4839,,,0.21029,0
127.3118,42,34,3,7,335.00,302.56,capture,348.25,178.06,125.20,0,178.996,7.999,179.866,-18.28,20.89,147.20,-17.65,-7.65,173.62,53.168,53.978,-16.6461,3.5177,348.25,178.06,-16.5492,2.9491,,,0.17955,0
127.4248,42,34,3,7,335.00,302.56,capture,361.11,188.98,116.54,0,178.849,8.023,179.880,-18.23,21.01,147.40,-17.19,-7.46,173.82,53.335,53.938,-16.9363,4.1316,361.11,188.98,-16.7234,3.4812,,,0.19192,0
127.5068,42,34,3,7,335.00,302.56,capture,356.28,160.90,143.25,0,178.914,7.975,179.894,-18.34,21.01,147.26,-18.19,-8.20,173.34,53.247,53.962,-16.9003,3.8365,356.28,160.90,-16.8030,3.6411,,,0.17418,0
127.5963,42,34,3,7,335.00,302.56,capture,328.63,174.45,128.26,0,178.921,7.856,179.889,-18.46,20.87,147.38,-18.36,-7.37,173.82,52.839,54.271,-17.0166,3.0626,328.63,174.45,-16.8991,3.3808,,,0.21428,0
127.6986,42,34,3,7,335.00,302.56,capture,337.64,172.97,129.61,0,178.858,7.826,179.894,-18.51,21.00,147.35,-18.28,-7.58,173.94,53.025,54.309,-16.0481,2.7558,337.64,172.97,-16.5161,3.0995,,,0.19765,0
127.8037,42,34,3,7,335.00,302.56,capture,327.43,174.85,127.93,0,178.837,7.780,179.874,-18.43,20.97,147.16,-17.92,-8.01,173.56,53.282,54.432,-16.8165,2.3250,327.43,174.85,-16.6513,2.7510,,,0.21074,0
127.9018,42,34,3,7,335.00,302.56,capture,347.16,174.70,128.43,0,178.759,7.882,179.879,-18.36,21.10,147.25,-17.93,-7.67,173.72,53.501,54.274,-17.0691,3.2267,347.16,174.70,-16.8393,2.9650,,,0.24060,0
127.9919,42,34,3,7,335.00,302.56,capture,347.19,182.21,120.96,0,178.788,7.831,179.860,-18.39,21.00,147.36,-17.86,-8.07,173.41,53.950,54.044,-16.4390,3.0872,347.19,182.21,-16.6592,3.0200,,,0.21806,0
128.0780,42,34,3,7,335.00,302.56,capture,320.78,199.43,104.10,0,178.608,7.676,179.858,-18.51,21.00,147.32,-17.74,-8.28,173.21,53.884,54.293,-17.8157,1.7324,320.78,199.43,-17.1796,2.4406,,,0.21806,0
128.1873,42,34,3,7,335.00,302.56,capture,343.33,192.13,110.74,0,178.772,7.748,179.850,-18.63,20.92,147.57,-18.49,-7.97,174.06,54.148,54.337,-17.0921,3.1153,343.33,192.13,-17.1402,2.7442,,,0.21469,0
128.2908,42,34,3,7,335.00,302.56,capture,340.96,175.11,127.58,0,178.700,7.800,179.865,-18.69,20.95,147.26,-17.85,-7.38,173.38,53.933,54.424,-17.2636,3.2604,340.96,175.11,-17.1957,2.9765,,,0.24273,0
128.3859,42,34,3,7,335.00,302.56,capture,330.55,187.46,115.18,0,178.787,7.897,179.829,-18.61,20.89,147.31,-18.20,-8.29,174.15,54.010,54.418,-17.1156,2.7224,330.55,187.46,-17.1597,2.8622,,,0.22988,0
128.5727,43,40,4,4,201.00,389.00,dwell,223.72,156.46,233.65,0,178.827,8.001,179.803,-18.64,21.00,147.62,-17.89,-7.90,173.65,53.937,54.468,-16.5575,-2.5435,223.72,156.46,-16.5575,-2.5435,,,0.23381,0
128.6742,43,40,4,4,201.00,389.00,dwell,258.06,274.95,127.53,0,178.932,8.102,179.812,-18.57,20.84,147.56,-17.91,-6.95,173.86,53.727,54.520,-20.4570,-0.9211,258.06,274.95,-18.3123,-1.8134,,,0.21975,0
128.7562,43,40,4,4,201.00,389.00,dwell,355.44,293.02,181.83,0,178.743,7.999,179.823,-18.44,20.90,147.75,-17.27,-7.63,174.17,53.783,54.198,-21.4284,3.9699,355.44,293.02,-19.7145,0.7891,,,0.22352,0
128.8497,43,40,4,4,201.00,389.00,dwell,210.87,332.06,57.79,0,178.694,8.117,179.770,-18.33,20.94,147.50,-18.27,-7.14,173.73,53.768,53.947,-22.6024,-2.5053,210.87,332.06,-21.0141,-0.6934,,,0.23126,0
128.9346,43,40,4,4,201.00,389.00,dwell,247.35,243.37,152.83,0,178.652,8.177,179.779,-18.38,20.81,147.31,-17.45,-7.51,173.66,53.753,54.100,-19.7170,-1.8347,247.35,243.37,-20.4304,-1.2070,,,0.21327,0
129.0384,43,40,4,4,201.00,389.00,dwell,196.85,351.67,37.56,1,178.857,8.150,179.778,-18.38,20.72,147.29,-18.13,-8.12,173.23,53.662,53.962,-23.1690,-4.3759,196.85,351.67,-21.6628,-2.6330,,,0.19864,0
129.1504,43,40,4,4,201.00,389.00,dwell,209.28,336.21,53.44,0,178.808,8.210,179.784,-18.39,20.80,147.36,-18.30,-7.63,173.59,53.501,53.864,-22.7626,-3.1089,209.28,336.21,-22.1577,-2.8471,,,0.18876,0
129.2550,43,40,4,4,201.00,389.00,dwell,161.49,360.61,48.65,0,178.922,8.076,179.775,-18.47,20.59,147.17,-18.57,-7.12,173.62,53.819,53.737,-24.4861,-5.2119,161.49,360.61,-23.2055,-3.9113,,,0.19712,0
129.3520,43,40,4,4,201.00,389.00,capture,175.59,360.40,38.26,0,178.910,8.080,179.833,-18.50,20.60,147.03,-18.18,-8.06,173.22,53.830,54.269,-24.9542,-4.2579,175.59,360.40,-23.9924,-4.0673,,,0.22576,0
129.4627,43,40,4,4,201.00,389.00,capture,165.37,379.29,36.93,0,178.886,8.093,179.842,-18.43,20.46,147.28,-17.92,-8.13,173.87,53.251,53.929,-23.6480,-5.6155,165.37,379.29,-23.8374,-4.7640,,,0.21415,0
129.5788,43,40,4,4,201.00,389.00,capture,157.02,364.06,50.56,0,178.896,8.258,179.856,-18.33,20.65,147.18,-18.32,-8.10,173.17,53.380,54.461,-24.2025,-5.3300,157.02,364.06,-24.0017,-5.0187,,,0.22240,0
129.6918,43,40,4,4,201.00,389.00,capture,169.95,380.87,32.10,0,178.771,8.083,179.864,-18.29,20.60,147.30,-17.87,-7.83,173.74,53.221,54.800,-24.4132,-5.4922,169.95,380.87,-24.1869,-5.2317,,,0.19773,0
129.8073,43,40,4,4,201.00,389.00,capture,198.10,383.59,6.14,1,178.782,8.094,179.836,-18.22,20.62,147.52,-17.29,-8.32,173.95,53.184,54.958,-24.9800,-3.6865,198.10,383.59,-24.5438,-4.5364,,,0.19900,0
129.8966,43,40,4,4,201.00,389.00,capture,174.43,388.92,26.57,0,178.817,8.082,179.828,-18.26,20.61,147.28,-18.33,-7.78,173.53,53.081,54.970,-25.0877,-5.2724,174.43,388.92,-24.7885,-4.8676,,,0.17118,0
130.0109,43,40,4,4,201.00,389.00,capture,184.33,382.27,17.98,1,178.837,8.022,179.805,-18.27,20.51,147.47,-17.78,-8.24,173.62,53.290,54.985,-25.5337,-4.3930,184.33,382.27,-25.1238,-4.6540,,,0.17193,0
130.1076,43,40,4,4,201.00,389.00,capture,163.79,374.06,40.10,0,178.905,8.038,179.796,-18.29,20.70,147.52,-17.81,-7.98,174.32,53.518,54.779,-24.0360,-4.6344,163.79,374.06,-24.6343,-4.6452,,,0.24735,0
130.2046,43,40,4,4,201.00,389.00,capture,160.15,393.23,41.07,0,178.959,8.126,179.801,-18.29,20.95,147.47,-17.97,-7.70,173.85,53.535,55.230,-25.2527,-5.7833,160.15,393.23,-24.9126,-5.1573,,,0.20258,0
130.3097,43,40,4,4,201.00,389.00,capture,164.52,386.25,36.58,0,179.008,8.144,179.813,-18.27,21.15,147.37,-17.70,-7.63,173.47,53.709,55.447,-25.5070,-5.8590,164.52,386.25,-25.1801,-5.4731,,,0.20865,0
130.4026,43,40,4,4,201.00,389.00,capture,138.24,383.44,63.01,0,179.026,8.216,179.819,-18.18,21.03,147.59,-17.95,-7.14,174.01,53.720,54.802,-24.3081,-6.7512,138.24,383.44,-24.7877,-6.0482,,,0.21655,0
130.4998,43,40,4,4,201.00,389.00,capture,180.24,378.66,23.19,1,178.956,8.233,179.803,-18.25,21.14,148.02,-18.25,-7.99,174.15,53.533,55.249,-23.9017,-4.9305,180.24,378.66,-24.3890,-5.5452,,,0.21680,0
130.6002,43,40,4,4,201.00,389.00,capture,181.72,401.05,22.74,1,179.025,8.246,179.756,-18.27,20.93,148.07,-17.76,-7.73,174.53,53.505,55.091,-24.6285,-4.4198,181.72,401.05,-24.4967,-5.0388,,,0.20146,0
130.7073,43,40,4,4,201.00,389.00,capture,172.21,370.70,34.11,0,179.000,8.199,179.742,-18.13,20.86,147.86,-17.47,-7.53,174.41,53.548,54.633,-24.5078,-4.8094,172.21,370.70,-24.5017,-4.9356,,,0.20458,0
130.8093,43,40,4,4,201.00,389.00,capture,150.50,386.52,50.56,0,179.050,8.190,179.767,-18.21,20.93,147.86,-17.93,-8.71,174.14,53.788,54.808,-24.6052,-5.2806,150.50,386.52,-24.5483,-5.0908,,,0.20726,0
130.9162,43,40,4,4,201.00,389.00,capture,175.22,371.43,31.20,0,179.110,8.123,179.795,-18.33,20.75,147.85,-17.83,-7.87,174.30,53.664,54.647,-23.9064,-4.7543,175.22,371.43,-24.2594,-4.9394,,,0.20898,0
131.0083,43,40,4,4,201.00,389.00,capture,179.01,381.15,23.35,1,179.086,8.028,179.795,-18.28,20.90,148.16,-17.68,-8.22,174.18,53.460,54.503,-24.2460,-4.3571,179.01,381.15,-24.2534,-4.6774,,,0.21402,0
131.1136,43,40,4,4,201.00,389.00,capture,178.40,367.44,31.23,0,178.967,7.947,179.821,-18.27,20.89,148.27,-17.36,-7.35,174.58,53.574,54.407,-23.8504,-4.3898,178.40,367.44,-24.0720,-4.5480,,,0.21353,0
131.2165,43,40,4,4,201.00,389.00,capture,187.77,368.64,24.28,1,179.017,7.805,179.806,-18.21,20.75,148.36,-17.68,-8.22,174.82,53.685,54.486,-24.9872,-4.2775,187.77,368.64,-24.4838,-4.4262,,,0.23748,0
131.3177,43,40,4,4,201.00,389.00,capture,169.65,374.82,34.41,0,179.001,7.740,179.824,-18.26,20.69,148.24,-18.04,-7.27,175.03,53.823,54.930,-24.3136,-4.3288,169.65,374.82,-24.4072,-4.3824,,,0.18648,0
131.5121,44,55,6,1,67.00,561.89,dwell,53.01,428.73,133.89,0,178.986,7.739,179.819,-18.21,20.56,148.43,-17.91,-7.24,174.80,53.550,54.700,-27.4413,-10.6249,53.01,428.73,-27.4413,-10.6249,,,0.21274,0
131.6161,44,55,6,1,67.00,561.89,dwell,34.52,511.39,60.04,0,178.993,7.739,179.804,-18.34,20.57,148.27,-17.27,-8.45,174.99,53.290,55.198,-30.0768,-11.7710,34.52,511.39,-28.6273,-11.1406,,,0.20194,0
131.7276,44,55,6,1,67.00,561.89,dwell,120.39,447.08,126.62,0,178.839,7.872,179.846,-18.27,20.36,148.25,-17.76,-7.25,174.82,53.264,55.314,-26.8064,-7.9681,120.39,447.08,-27.8079,-9.7130,,,0.18043,0
131.8454,44,55,6,1,67.00,561.89,dwell,101.16,431.17,135.11,0,178.751,7.969,179.817,-18.25,20.36,148.09,-17.12,-7.97,175.02,52.975,54.872,-27.4112,-8.1111,101.16,431.17,-27.6294,-8.9922,,,0.18606,0
131.9554,44,55,6,1,67.00,561.89,dwell,104.10,428.70,138.26,0,178.675,8.120,179.820,-18.19,20.44,147.81,-17.28,-8.27,174.27,53.268,54.565,-26.5044,-7.9496,104.10,428.70,-27.1231,-8.5230,,,0.18096,0
132.0486,44,55,6,1,67.00,561.89,dwell,139.02,563.95,72.05,0,178.784,8.143,179.807,-18.21,20.51,147.84,-17.71,-8.01,174.41,53.447,54.797,-31.8334,-6.8420,139.02,563.95,-29.2428,-7.7666,,,0.21049,0
132.1428,44,55,6,1,67.00,561.89,dwell,108.72,547.16,44.24,0,178.896,8.303,179.805,-18.08,20.54,147.80,-17.59,-8.10,174.65,53.504,54.375,-31.9519,-7.7174,108.72,547.16,-30.4619,-7.7444,,,0.20926,0
132.2557,44,55,6,1,67.00,561.89,dwell,130.34,533.24,69.52,0,178.910,8.360,179.810,-18.07,20.62,147.78,-17.87,-8.06,174.68,53.566,54.035,-30.9587,-6.5563,130.34,533.24,-30.6854,-7.2098,,,0.20527,0
132.3547,44,55,6,1,67.00,561.89,dwell,86.82,551.17,22.53,1,178.957,8.384,179.827,-18.18,20.56,147.72,-18.18,-8.26,174.23,53.537,54.080,-31.2726,-9.0509,86.82,551.17,-30.9497,-8.0383,,,0.21569,0
132.4608,44,55,6,1,67.00,561.89,capture,113.04,548.58,47.93,0,178.988,8.420,179.806,-18.14,20.56,147.78,-18.01,-8.16,174.25,53.831,53.461,-31.3585,-7.8628,113.04,548.58,-31.1336,-7.9593,,,0.21734,0
132.5547,44,55,6,1,67.00,561.89,capture,119.91,550.09,54.21,0,178.956,8.539,179.806,-18.08,20.57,147.57,-17.27,-6.99,173.85,53.977,53.353,-31.0692,-7.2807,119.91,550.09,-31.1046,-7.6539,,,0.20880,0
132.6554,44,55,6,1,67.00,561.89,capture,110.73,555.95,44.13,0,179.077,8.414,179.818,-18.08,20.55,147.54,-18.17,-7.80,173.68,53.834,53.778,-31.1564,-7.8841,110.73,555.95,-31.1279,-7.7575,,,0.21590,0
132.7550,44,55,6,1,67.00,561.89,capture,98.74,551.01,33.55,0,178.992,8.433,179.817,-18.04,20.51,147.47,-17.34,-7.93,173.72,53.464,53.839,-30.9107,-8.5502,98.74,551.01,-31.0302,-8.1142,,,0.22508,0
132.8586,44,55,6,1,67.00,561.89,capture,98.90,537.93,39.90,0,178.921,8.434,179.846,-17.99,20.59,147.53,-17.56,-7.47,173.58,53.670,53.819,-29.7512,-8.2399,98.90,537.93,-30.4546,-8.1708,,,0.19555,0
132.9406,44,55,6,1,67.00,561.89,capture,117.96,545.06,53.67,0,178.875,8.454,179.859,-18.09,20.72,147.58,-17.69,-7.69,173.79,53.521,54.052,-30.2495,-7.7561,117.96,545.06,-30.3623,-7.9842,,,0.21572,0
133.0244,44,55,6,1,67.00,561.89,capture,109.68,530.19,53.16,0,178.875,8.511,179.869,-18.22,20.63,147.54,-17.19,-8.44,173.16,53.407,54.218,-30.3726,-7.3595,109.68,530.19,-30.3669,-7.7030,,,0.19573,0
133.1200,44,55,6,1,67.00,561.89,capture,91.48,541.66,31.76,0,178.698,8.544,179.869,-18.35,20.69,147.66,-18.12,-7.14,173.68,53.596,54.261,-31.1196,-8.6990,91.48,541.66,-30.7056,-8.1512,,,0.19183,0
133.2256,44,55,6,1,67.00,561.89,capture,137.12,538.62,73.88,0,178.680,8.672,179.864,-18.21,20.44,147.54,-17.93,-7.54,173.81,53.467,54.193,-30.2690,-6.5169,137.12,538.62,-30.5091,-7.4158,,,0.21477,0
133.3156,44,55,6,1,67.00,561.89,capture,128.27,521.95,73.14,0,178.678,8.766,179.839,-18.20,20.42,147.49,-17.57,-8.13,173.67,53.359,54.360,-31.2464,-7.4490,128.27,521.95,-30.8409,-7.4308,,,0.21160,0
133.3976,44,55,6,1,67.00,561.89,capture,103.00,548.38,38.45,0,178.615,8.773,179.846,-18.28,20.22,147.46,-17.82,-7.55,174.20,53.505,54.294,-31.0573,-7.8342,103.00,548.38,-30.9383,-7.6123,,,0.21854,0
133.4983,44,55,6,1,67.00,561.89,capture,127.60,535.83,65.97,0,178.586,8.549,179.841,-18.25,20.12,147.30,-17.77,-7.31,173.96,53.800,54.009,-31.5141,-6.5376,127.60,535.83,-31.1974,-7.1287,,,0.20781,0
133.5951,44,55,6,1,67.00,561.89,capture,118.21,523.56,63.97,0,178.766,8.366,179.801,-18.13,20.22,147.25,-17.78,-7.79,173.77,54.119,53.888,-30.3930,-7.6805,118.21,523.56,-30.8354,-7.3770,,,0.21068,0
133.7115,44,55,6,1,67.00,561.89,capture,125.55,532.87,65.35,0,178.862,8.362,179.786,-18.29,20.29,147.15,-18.11,-9.07,173.56,54.135,54.026,-30.7528,-6.8876,125.55,532.87,-30.7982,-7.1568,,,0.22937,0
133.8215,44,55,6,1,67.00,561.89,capture,111.96,535.41,52.18,0,178.995,8.432,179.792,-18.40,20.43,147.16,-17.36,-7.31,173.26,54.069,54.410,-30.1125,-8.2349,111.96,535.41,-30.4897,-7.6419,,,0.21203,0
133.9294,44,55,6,1,67.00,561.89,capture,88.93,576.18,26.18,1,178.965,8.498,179.795,-18.47,20.60,147.21,-18.54,-8.13,173.32,53.970,54.281,-33.1405,-8.7918,88.93,576.18,-31.6825,-8.1594,,,0.22898,0
134.0292,44,55,6,1,67.00,561.89,capture,103.69,563.24,36.71,0,179.002,8.524,179.796,-18.49,20.75,147.16,-17.59,-7.91,173.69,53.771,54.269,-31.2260,-8.6589,103.69,563.24,-31.4771,-8.3842,,,0.22333,0
134.1329,44,55,6,1,67.00,561.89,capture,109.35,547.05,44.87,0,179.061,8.509,179.762,-18.45,20.73,146.90,-17.87,-7.56,172.87,53.597,54.499,-31.4055,-7.7064,109.35,547.05,-31.4449,-8.0792,,,0.21366,0
134.2301,44,55,6,1,67.00,561.89,capture,100.29,554.49,34.10,0,178.889,8.549,179.770,-18.45,20.74,146.99,-18.35,-7.92,173.21,53.646,54.423,-30.5734,-8.3327,100.29,554.49,-31.0527,-8.1933,,,0.20278,0
134.3406,44,55,6,1,67.00,561.89,capture,93.60,529.95,41.57,0,178.800,8.371,179.783,-18.40,20.74,146.93,-17.86,-7.95,172.77,53.710,54.255,-31.7543,-8.6990,93.60,529.95,-31.3684,-8.4209,,,0.20838,0
134.5488,45,4,0,4,201.00,43.22,dwell,107.90,435.25,402.93,0,178.844,8.179,179.798,-18.41,20.79,147.16,-17.72,-7.72,173.33,53.799,53.957,-26.1061,-7.5617,107.90,435.25,-26.1061,-7.5617,,,0.20012,0
134.6557,45,4,0,4,201.00,43.22,dwell,108.03,488.66,455.04,0,178.828,8.114,179.810,-18.44,20.77,147.19,-18.19,-7.86,173.59,53.915,54.008,-28.7862,-7.7121,108.03,488.66,-27.3121,-7.6294,,,0.21054,0
134.7585,45,4,0,4,201.00,43.22,dwell,224.38,347.83,305.50,0,178.736,8.184,179.827,-18.45,20.54,147.21,-18.02,-8.46,173.10,53.923,54.072,-23.7397,-2.7387,224.38,347.83,-25.7046,-5.4286,,,0.22654,0
134.8486,45,4,0,4,201.00,43.22,dwell,144.65,478.90,439.31,0,178.775,8.066,179.812,-18.32,20.56,147.02,-18.26,-7.71,173.21,54.030,53.689,-28.1919,-6.5409,144.65,478.90,-26.8239,-5.9291,,,0.22071,0
134.9726,45,4,0,4,201.00,43.22,dwell,34.93,308.40,312.89,0,178.809,8.046,179.787,-18.26,20.52,147.02,-17.51,-8.23,173.33,53.574,53.508,-20.7818,-10.9553,34.93,308.40,-24.1049,-8.1909,,,0.20394,0
135.0783,45,4,0,4,201.00,43.22,dwell,128.21,326.54,292.52,0,178.865,8.080,179.804,-18.29,20.59,147.13,-17.58,-7.34,173.70,53.426,53.573,-22.6326,-6.3562,128.21,326.54,-23.4424,-7.3653,,,0.19955,0
135.1783,45,4,0,4,201.00,43.22,dwell,128.99,199.28,171.87,0,178.925,8.078,179.813,-18.46,20.52,147.29,-17.68,-7.89,173.06,53.544,53.508,-17.8713,-6.7122,128.99,199.28,-20.9354,-7.0714,,,0.23104,0
135.2767,45,4,0,4,201.00,43.22,dwell,105.30,257.99,235.12,0,178.957,7.989,179.828,-18.33,20.67,147.29,-17.53,-7.60,173.86,53.982,54.111,-19.7522,-8.0061,105.30,257.99,-20.4029,-7.4920,,,0.20942,0
135.3810,45,4,0,4,201.00,43.22,dwell,105.25,179.15,166.27,0,179.071,8.021,179.811,-18.45,20.75,147.17,-17.65,-8.26,173.29,53.980,53.687,-16.4018,-7.4885,105.25,179.15,-18.6024,-7.4904,,,0.22365,0
135.4830,45,4,0,4,201.00,43.22,dwell,79.17,189.27,190.19,0,178.951,8.014,179.837,-18.45,20.97,147.14,-18.46,-8.34,173.50,53.793,53.437,-16.9868,-9.0222,79.17,189.27,-17.8754,-8.1797,,,0.22157,0
135.5875,45,4,0,4,201.00,43.22,capture,114.27,164.01,148.70,0,178.939,8.112,179.863,-18.47,20.97,147.26,-18.11,-8.67,173.64,53.904,53.239,-15.7490,-7.5489,114.27,164.01,-16.9185,-7.8958,,,0.22822,0
135.6870,45,4,0,4,201.00,43.22,capture,95.07,166.64,162.64,0,178.956,8.161,179.865,-18.41,20.89,147.36,-18.25,-7.11,173.69,53.780,53.051,-17.0392,-9.2270,95.07,166.64,-16.9728,-8.4949,,,0.22660,0
135.8062,45,4,0,4,201.00,43.22,capture,96.04,154.38,152.88,0,178.995,7.896,179.875,-18.43,20.87,147.12,-18.17,-6.84,173.05,53.747,53.113,-15.9797,-8.4888,96.04,154.38,-16.5259,-8.4921,,,0.20075,0
135.9043,45,4,0,4,201.00,43.22,capture,88.85,154.87,158.25,0,179.063,7.790,179.879,-18.50,20.90,147.36,-18.53,-7.85,173.65,54.152,53.750,-16.4110,-8.4385,88.85,154.87,-16.4742,-8.4680,,,0.23490,0
136.0114,45,4,0,4,201.00,43.22,capture,71.30,175.52,185.27,0,179.113,7.782,179.875,-18.64,20.86,147.32,-18.21,-8.33,173.44,53.632,53.855,-15.9837,-10.1667,71.30,175.52,-16.2535,-9.2324,,,0.24130,0
136.1249,45,4,0,4,201.00,43.22,capture,69.85,181.76,190.77,0,179.168,7.768,179.868,-18.52,20.78,147.40,-17.76,-7.47,174.29,53.475,53.973,-16.8861,-9.9500,69.85,181.76,-16.5382,-9.5553,,,0.20374,0
136.2217,45,4,0,4,201.00,43.22,capture,90.48,170.95,168.91,0,179.111,7.902,179.843,-18.40,20.84,147.43,-17.99,-7.44,173.64,53.718,53.804,-16.2646,-8.8089,90.48,170.95,-16.4151,-9.2194,,,0.20728,0
136.3116,45,4,0,4,201.00,43.22,capture,66.84,164.18,180.64,0,179.206,7.820,179.872,-18.29,21.00,147.27,-17.60,-7.82,173.74,53.531,54.158,-16.7143,-9.3552,66.84,164.18,-16.5497,-9.2805,,,0.20619,0
136.4161,45,4,0,4,201.00,43.22,capture,64.38,184.56,196.57,0,179.248,7.834,179.851,-18.20,21.13,147.27,-17.31,-7.07,173.39,53.479,53.891,-17.3113,-9.8293,64.38,184.56,-16.8924,-9.5275,,,0.21860,0
136.5122,45,4,0,4,201.00,43.22,capture,92.03,162.61,161.64,0,179.137,7.763,179.848,-18.41,20.81,147.31,-17.51,-7.43,173.35,53.482,53.931,-16.3197,-8.4363,92.03,162.61,-16.6347,-9.0364,,,0.21116,0
136.6140,45,4,0,4,201.00,43.22,capture,76.79,185.95,189.21,0,179.282,7.817,179.833,-18.43,20.73,147.36,-18.10,-7.92,173.66,53.352,54.426,-17.7166,-9.2866,76.79,185.95,-17.1216,-9.1490,,,0.20876,0
136.7233,45,4,0,4,201.00,43.22,capture,103.64,171.77,161.26,0,179.307,7.861,179.837,-18.24,20.73,147.52,-18.21,-7.96,174.10,53.347,54.252,-16.4539,-7.9778,103.64,171.77,-16.8211,-8.6219,,,0.21143,0
136.8296,45,4,0,4,201.00,43.22,capture,78.31,159.68,169.16,0,179.207,7.700,179.835,-18.22,20.70,147.56,-18.14,-8.05,173.84,53.408,54.596,-15.8458,-8.8473,78.31,159.68,-16.3822,-8.7234,,,0.21474,0
136.9445,45,4,0,4,201.00,43.22,capture,108.78,185.34,169.42,0,179.206,7.663,179.834,-18.25,20.85,147.78,-18.00,-7.19,174.47,53.925,54.731,-16.5597,-7.9677,108.78,185.34,-16.4621,-8.3833,,,0.23725,0
137.0462,45,4,0,4,201.00,43.22,capture,99.64,176.46,167.41,0,179.137,7.732,179.838,-18.22,20.76,147.92,-18.08,-7.17,174.35,53.984,55.018,-16.4958,-7.9203,99.64,176.46,-16.4772,-8.1750,,,0.21522,0
137.1501,45,4,0,4,201.00,43.22,capture,85.37,168.35,170.37,0,179.126,7.719,179.828,-18.17,20.72,148.11,-18.01,-8.05,174.60,53.785,54.673,-16.2827,-9.3035,85.37,168.35,-16.3897,-8.6828,,,0.22140,0
137.2507,45,4,0,4,201.00,43.22,capture,90.03,164.61,164.47,0,179.018,7.562,179.811,-18.07,20.58,148.28,-17.66,-7.90,174.86,53.851,54.466,-15.1885,-8.3834,90.03,164.61,-15.8492,-8.5481,,,0.22807,0
137.3482,45,4,0,4,201.00,43.22,capture,97.91,172.55,165.39,0,178.922,7.533,179.801,-18.28,20.52,148.48,-18.44,-7.48,174.99,53.515,54.774,-16.5202,-8.5162,97.91,172.55,-16.1511,-8.5337,,,0.20301,0
137.4620,45,4,0,4,201.00,43.22,capture,96.64,179.91,171.97,0,179.007,7.546,179.778,-18.26,20.63,148.35,-18.02,-7.36,175.46,53.699,54.695,-17.3876,-8.2120,96.64,179.91,-16.7075,-8.3889,,,0.21200,0
137.5590,45,4,0,4,201.00,43.22,capture,71.79,172.10,182.50,0,179.011,7.638,179.835,-18.38,20.71,148.25,-17.66,-7.02,174.36,54.119,54.548,-17.0282,-9.3104,71.79,172.10,-16.8519,-8.8036,,,0.23572,0
137.7117,46,30,3,3,156.33,302.56,dwell,137.20,122.70,180.87,0,179.081,7.634,179.855,-18.33,20.99,148.32,-17.98,-6.77,174.81,54.080,54.367,-13.0960,-6.5669,137.20,122.70,-13.0960,-6.5669,,,0.19069,0
137.8081,46,30,3,3,156.33,302.56,dwell,131.34,198.04,107.46,0,178.988,7.673,179.832,-18.40,20.90,148.17,-17.27,-7.14,174.80,54.252,54.454,-17.3792,-6.9471,131.34,198.04,-15.0234,-6.7380,,,0.20729,0
137.9068,46,30,3,3,156.33,302.56,dwell,132.64,203.85,101.51,0,179.057,7.767,179.850,-18.40,20.72,147.74,-18.31,-7.95,173.81,54.043,54.380,-16.4918,-6.5393,132.64,203.85,-15.6842,-6.6486,,,0.21894,0
138.0242,46,30,3,3,156.33,302.56,dwell,227.34,132.75,184.05,0,179.052,7.909,179.832,-18.31,20.54,147.46,-17.86,-8.29,174.28,54.058,54.121,-14.7541,-1.9252,227.34,132.75,-15.2656,-4.5231,,,0.21481,0
138.1342,46,30,3,3,156.33,302.56,dwell,178.38,143.19,160.88,0,179.134,7.972,179.848,-18.25,20.52,147.59,-17.59,-8.40,174.17,53.897,53.843,-15.5722,-4.0901,178.38,143.19,-15.4036,-4.3282,,,0.22739,0
138.2324,46,30,3,3,156.33,302.56,dwell,105.72,199.68,114.65,0,179.192,7.917,179.847,-18.26,20.61,147.48,-18.21,-7.66,174.02,53.939,53.714,-17.9270,-7.9689,105.72,199.68,-16.5391,-5.9666,,,0.22862,0
138.3369,46,30,3,3,156.33,302.56,dwell,162.54,128.84,173.83,0,179.135,7.859,179.858,-18.15,20.77,147.43,-17.48,-7.57,173.49,54.099,53.597,-15.3227,-5.7177,162.54,128.84,-15.9917,-5.8546,,,0.24084,0
138.4386,46,30,3,3,156.33,302.56,dwell,120.14,108.42,197.48,0,179.123,7.929,179.828,-18.03,20.68,147.46,-17.68,-8.20,173.57,54.017,53.793,-14.6040,-6.9010,120.14,108.42,-15.3673,-6.3254,,,0.21522,0
138.5327,46,30,3,3,156.33,302.56,dwell,182.30,122.92,181.50,0,179.035,8.043,179.825,-18.06,20.72,147.40,-17.24,-7.55,173.44,53.800,53.523,-15.7775,-5.2323,182.30,122.92,-15.5519,-5.8335,,,0.21282,0
138.6514,46,30,3,3,156.33,302.56,dwell,232.65,129.17,189.44,0,178.964,8.142,179.835,-18.00,20.63,147.31,-17.44,-7.81,173.48,53.560,53.707,-14.7832,-2.0774,232.65,129.17,-15.2060,-4.1433,,,0.19025,0
138.7399,46,30,3,3,156.33,302.56,capture,179.96,119.24,184.83,0,178.908,8.103,179.811,-17.93,20.51,147.32,-17.38,-8.44,173.56,53.890,54.065,-13.6754,-4.5466,179.96,119.24,-14.5172,-4.3248,,,0.21910,0
138.8536,46,30,3,3,156.33,302.56,capture,195.83,130.16,176.86,0,178.948,8.217,179.804,-17.91,20.68,147.47,-17.84,-7.67,172.97,54.168,54.222,-13.9679,-2.9324,195.83,130.16,-14.2700,-3.6982,,,0.26483,0
138.9389,46,30,3,3,156.33,302.56,capture,185.95,161.02,144.60,0,178.947,8.070,179.832,-17.96,20.41,147.43,-17.09,-8.70,173.68,54.409,54.474,-16.8300,-4.2506,185.95,161.02,-15.4220,-3.9468,,,0.22287,0
139.0305,46,30,3,3,156.33,302.56,capture,184.92,162.34,143.10,0,178.934,8.112,179.847,-17.94,20.40,147.26,-17.21,-8.86,174.01,53.826,54.083,-15.8478,-4.2805,184.92,162.34,-15.6136,-4.0970,,,0.22236,0
139.1196,46,30,3,3,156.33,302.56,capture,190.88,165.95,140.91,0,178.779,8.017,179.786,-18.08,20.14,146.98,-17.76,-8.91,172.78,54.301,54.140,-16.1210,-4.1113,190.88,165.95,-15.8420,-4.1034,,,0.21606,0
139.2156,46,30,3,3,156.33,302.56,capture,167.72,146.80,156.17,0,178.753,8.053,179.801,-18.00,20.27,147.07,-17.22,-8.19,172.91,53.820,53.702,-15.7982,-4.7904,167.72,146.80,-15.8223,-4.4126,,,0.24423,0
139.3316,46,30,3,3,156.33,302.56,capture,172.96,163.09,140.45,0,178.795,8.187,179.800,-18.18,20.20,147.35,-17.29,-7.64,173.54,53.721,53.674,-15.6070,-5.3405,172.96,163.09,-15.7254,-4.8301,,,0.22740,0
139.4280,46,30,3,3,156.33,302.56,capture,175.86,126.75,176.89,0,178.835,8.164,179.790,-18.16,20.22,147.26,-17.60,-7.74,173.40,53.724,54.197,-14.8082,-5.0565,175.86,126.75,-15.3127,-4.9320,,,0.22285,0
139.5232,46,30,3,3,156.33,302.56,capture,173.83,135.49,167.98,0,178.858,8.137,179.788,-18.18,20.26,147.48,-18.16,-9.48,173.86,53.703,53.885,-16.1167,-5.6118,173.83,135.49,-15.6745,-5.2379,,,0.21384,0
139.6331,46,30,3,3,156.33,302.56,capture,181.92,138.71,165.83,0,178.968,8.176,179.789,-18.15,20.31,147.82,-17.91,-8.69,174.24,53.743,54.070,-15.1862,-3.3203,181.92,138.71,-15.4547,-4.3750,,,0.22646,0
139.7390,46,30,3,3,156.33,302.56,capture,178.75,136.51,167.55,0,178.876,8.220,179.765,-18.38,20.42,147.63,-17.46,-8.42,173.93,53.692,54.342,-15.7358,-5.2091,178.75,136.51,-15.5812,-4.7503,,,0.20337,0
139.8465,46,30,3,3,156.33,302.56,capture,172.55,142.72,160.66,0,178.965,8.114,179.776,-18.31,20.38,147.53,-18.51,-8.29,174.00,53.458,54.485,-15.6254,-4.9427,172.55,142.72,-15.6011,-4.8369,,,0.21291,0
139.9353,46,30,3,3,156.33,302.56,capture,190.10,122.97,182.73,0,179.096,8.011,179.787,-18.30,20.19,147.44,-17.96,-8.36,173.82,53.668,54.266,-14.5424,-3.8179,190.10,122.97,-15.1247,-4.3783,,,0.21062,0
140.0336,46,30,3,3,156.33,302.56,capture,196.05,154.74,153.06,0,179.148,8.003,179.774,-18.29,20.20,147.49,-17.90,-7.65,174.17,53.460,54.373,-15.9626,-4.0702,196.05,154.74,-15.5018,-4.2397,,,0.20605,0
140.1274,46,30,3,3,156.33,302.56,capture,183.57,129.74,174.95,0,179.158,8.055,179.795,-18.17,20.35,147.32,-17.07,-7.97,173.33,53.722,54.059,-13.9406,-4.5728,183.57,129.74,-14.7992,-4.3896,,,0.22436,0
140.2412,46,30,3,3,156.33,302.56,capture,174.17,136.35,167.16,0,179.161,8.137,179.827,-18.18,20.28,147.51,-17.88,-8.00,173.96,53.603,53.700,-14.3037,-4.3306,174.17,136.35,-14.5763,-4.3630,,,0.22568,0
140.3251,46,30,3,3,156.33,302.56,capture,176.95,151.25,152.70,0,179.171,8.157,179.814,-18.24,20.41,147.64,-17.54,-7.99,174.26,54.138,53.604,-15.5108,-5.2974,176.95,151.25,-14.9968,-4.7835,,,0.22714,0
140.4084,46,30,3,3,156.33,302.56,capture,172.43,132.56,170.76,0,179.096,8.090,179.816,-18.34,20.41,147.74,-17.92,-8.18,174.07,53.982,53.847,-14.0026,-4.4550,172.43,132.56,-14.5494,-4.6357,,,0.21813,0
140.4910,46,30,3,3,156.33,302.56,capture,189.75,124.53,181.13,0,179.044,7.997,179.843,-18.39,20.52,147.88,-17.60,-6.99,174.00,54.275,54.006,-15.0161,-4.6943,189.75,124.53,-14.7594,-4.6621,,,0.21007,0
140.5927,46,30,3,3,156.33,302.56,capture,190.44,135.87,170.14,0,179.122,8.075,179.807,-18.30,20.44,147.76,-17.67,-7.51,174.54,54.116,54.084,-14.2486,-4.2338,190.44,135.87,-14.5296,-4.4694,,,0.23477,0
140.7771,47,8,0,8,379.67,43.22,dwell,226.48,134.95,178.55,0,179.049,7.981,179.800,-18.34,20.65,147.59,-17.56,-7.36,174.14,54.001,54.008,-14.4556,-2.9343,226.48,134.95,-14.4556,-2.9343,,,0.23648,0
140.8796,47,8,0,8,379.67,43.22,dwell,256.88,221.33,216.33,0,179.137,7.876,179.765,-18.27,20.92,147.68,-17.57,-7.55,174.34,54.040,54.130,-18.3920,-1.8365,256.88,221.33,-16.2270,-2.4403,,,0.22667,0
140.9833,47,8,0,8,379.67,43.22,dwell,153.34,175.70,262.25,0,178.993,7.959,179.779,-18.24,20.89,147.59,-17.54,-7.51,174.14,53.843,54.085,-16.2697,-5.6123,153.34,175.70,-16.2462,-3.8677,,,0.22642,0
141.0653,47,8,0,8,379.67,43.22,dwell,252.49,124.89,151.14,0,178.891,7.982,179.839,-18.22,20.99,147.73,-16.85,-7.69,173.73,53.995,53.847,-14.7157,-1.4885,252.49,124.89,-15.5575,-2.7971,,,0.22311,0
141.1738,47,8,0,8,379.67,43.22,dwell,297.19,80.41,90.47,0,178.969,7.928,179.838,-18.18,20.93,147.92,-17.87,-7.22,174.43,53.911,54.015,-13.0010,1.3996,297.19,80.41,-14.4070,-0.9086,,,0.21518,0
141.2609,47,8,0,8,379.67,43.22,dwell,300.54,92.08,93.00,0,179.052,7.853,179.822,-18.07,21.00,147.85,-18.04,-7.31,174.24,53.858,53.878,-13.7143,0.1643,300.54,92.08,-14.0953,-0.4258,,,0.22784,0
141.3700,47,8,0,8,379.67,43.22,dwell,325.16,165.97,134.31,0,178.859,7.874,179.843,-18.04,21.00,147.79,-17.34,-8.03,174.13,53.911,53.764,-16.1987,2.2010,325.16,165.97,-15.0418,0.7563,,,0.24877,0
141.4657,47,8,0,8,379.67,43.22,dwell,273.91,116.90,128.89,0,178.988,7.736,179.832,-18.18,20.88,147.50,-17.87,-7.39,173.99,53.895,53.509,-14.8248,0.2204,273.91,116.90,-14.9442,0.5151,,,0.22347,0
141.5598,47,8,0,8,379.67,43.22,capture,307.33,151.25,130.01,0,178.931,7.595,179.792,-18.27,20.80,147.36,-17.64,-7.50,173.61,53.855,53.442,-15.6131,0.8525,307.33,151.25,-15.2452,0.6669,,,0.22257,0
141.6445,47,8,0,8,379.67,43.22,capture,316.13,128.67,106.48,0,178.788,7.525,179.806,-18.29,20.72,147.54,-17.94,-8.88,174.17,53.999,53.739,-14.3063,2.1310,316.13,128.67,-14.8227,1.3257,,,0.21334,0
141.7413,47,8,0,8,379.67,43.22,capture,318.11,142.07,116.45,0,178.653,7.595,179.803,-18.31,20.49,147.47,-17.82,-8.53,174.08,53.628,54.061,-14.7883,1.6973,318.11,142.07,-14.8072,1.4929,,,0.19256,0
141.8368,47,8,0,8,379.67,43.22,capture,308.24,140.54,120.72,0,178.756,7.779,179.803,-18.23,20.40,147.59,-17.47,-8.68,174.33,53.612,54.574,-14.8481,1.0667,308.24,140.54,-14.8256,1.3011,,,0.18188,0
141.9491,47,8,0,8,379.67,43.22,capture,325.26,134.41,106.19,0,178.753,7.674,179.808,-18.35,20.33,147.41,-17.72,-8.45,173.46,53.464,54.474,-15.8148,1.5013,325.26,134.41,-15.2707,1.3912,,,0.21255,0
142.0571,47,8,0,8,379.67,43.22,capture,325.53,127.77,100.39,0,178.759,7.687,179.777,-18.28,20.45,147.55,-17.75,-8.20,174.38,53.559,54.693,-14.2684,2.5526,325.53,127.77,-14.8197,1.9138,,,0.20430,0
142.1790,47,8,0,8,379.67,43.22,capture,318.21,114.84,94.37,0,178.709,7.763,179.802,-18.37,20.44,147.20,-17.83,-8.09,173.25,53.739,54.648,-14.7600,2.1242,318.21,114.84,-14.7928,2.0085,,,0.22626,0
142.2692,47,8,0,8,379.67,43.22,capture,328.71,97.53,74.47,0,178.712,7.791,179.786,-18.46,20.35,147.35,-18.51,-7.48,173.48,53.647,54.507,-14.9615,2.4517,328.71,97.53,-14.8687,2.2079,,,0.21864,0
142.3934,47,8,0,8,379.67,43.22,capture,334.19,149.59,115.68,0,178.745,7.786,179.789,-18.41,20.32,147.61,-17.45,-7.99,173.92,53.589,54.269,-16.0509,2.8478,334.19,149.59,-15.4007,2.4959,,,0.19972,0
142.4907,47,8,0,8,379.67,43.22,capture,319.29,126.82,103.12,0,178.799,7.792,179.807,-18.31,20.51,147.55,-17.67,-8.08,174.07,53.631,54.168,-15.3147,2.1841,319.29,126.82,-15.3620,2.3556,,,0.20044,0
142.5964,47,8,0,8,379.67,43.22,capture,317.44,108.58,90.24,0,178.795,7.889,179.800,-18.36,20.42,147.30,-17.83,-8.54,174.03,53.879,54.221,-14.2503,1.6683,317.44,108.58,-14.8618,2.0463,,,0.21068,0
142.7008,47,8,0,8,379.67,43.22,capture,316.04,131.51,108.83,0,178.787,7.814,179.798,-18.38,20.47,147.17,-17.85,-7.77,173.18,54.517,54.512,-14.9888,1.3019,316.04,131.51,-14.9189,1.7113,,,0.20442,0
142.7918,47,8,0,8,379.67,43.22,capture,319.23,138.06,112.46,0,178.931,7.881,179.821,-18.37,20.45,147.34,-18.49,-8.09,173.74,54.393,54.120,-14.6734,1.8312,319.23,138.06,-14.8084,1.7653,,,0.22969,0
142.8950,47,8,0,8,379.67,43.22,capture,323.93,135.30,107.63,0,178.861,7.835,179.814,-18.34,20.31,147.27,-17.92,-7.25,173.59,53.875,54.486,-15.0547,2.4732,323.93,135.30,-14.9193,2.0838,,,0.23017,0
143.0039,47,8,0,8,379.67,43.22,capture,334.49,132.15,99.75,0,178.795,7.804,179.796,-18.38,20.36,147.21,-18.27,-8.24,173.05,53.739,54.108,-15.2709,2.3553,334.49,132.15,-15.0775,2.2060,,,0.20186,0
143.0941,47,8,0,8,379.67,43.22,capture,324.66,145.36,116.01,0,178.697,7.927,179.823,-18.45,20.34,147.31,-17.71,-8.04,173.05,53.673,54.050,-15.6568,1.5061,324.66,145.36,-15.3382,1.8910,,,0.19754,0
143.1814,47,8,0,8,379.67,43.22,capture,313.08,152.49,127.96,0,178.689,7.936,179.806,-18.54,20.53,147.37,-18.31,-7.99,173.53,53.798,53.986,-15.9419,1.8215,313.08,152.49,-15.6098,1.8598,,,0.19059,0
143.2851,47,8,0,8,379.67,43.22,capture,333.71,151.99,118.08,0,178.732,7.884,179.835,-18.31,20.45,147.10,-17.95,-8.23,172.76,53.584,54.160,-15.9893,2.6226,333.71,151.99,-15.7806,2.2030,,,0.21778,0
143.4860,48,42,4,6,290.33,389.00,dwell,210.98,143.65,257.86,0,178.788,8.094,179.824,-18.35,20.33,147.15,-17.75,-8.13,173.30,53.376,54.400,-15.2627,-3.0078,210.98,143.65,-15.2627,-3.0078,,,0.17430,0
143.5729,48,42,4,6,290.33,389.00,dwell,287.36,-27.14,416.15,0,178.628,8.068,179.825,-18.34,20.43,147.32,-18.02,-8.17,173.52,53.347,54.290,-8.5342,-0.3266,287.36,-27.14,-12.2349,-1.8012,,,0.20349,0
143.6820,48,42,4,6,290.33,389.00,dwell,366.74,83.75,314.67,0,178.654,7.982,179.839,-18.18,20.32,147.44,-17.55,-8.16,174.11,53.160,54.267,-12.6421,4.0657,366.74,83.75,-12.4182,0.8389,,,0.18759,0
143.7874,48,42,4,6,290.33,389.00,dwell,259.99,152.79,238.15,0,178.671,8.063,179.865,-18.30,20.46,147.08,-17.81,-7.92,173.66,53.307,53.960,-15.8818,-1.0175,259.99,152.79,-13.9768,0.0035,,,0.21071,0
143.8919,48,42,4,6,290.33,389.00,dwell,343.45,112.47,281.59,0,178.706,7.963,179.857,-18.31,20.51,147.28,-17.85,-8.85,173.35,53.689,54.169,-14.3835,3.1092,343.45,112.47,-14.1598,1.4011,,,0.20809,0
143.9982,48,42,4,6,290.33,389.00,dwell,293.42,177.34,211.68,0,178.634,8.052,179.857,-18.31,20.40,147.48,-17.76,-7.98,174.15,53.175,53.999,-16.4749,0.3985,293.42,177.34,-15.2016,0.9499,,,0.19836,0
144.0856,48,42,4,6,290.33,389.00,dwell,336.47,100.03,292.63,0,178.854,8.019,179.851,-18.38,20.45,147.57,-17.95,-7.77,173.82,53.210,54.046,-13.5234,2.5038,336.47,100.03,-14.4464,1.6492,,,0.18877,0
144.1676,48,42,4,6,290.33,389.00,dwell,309.58,132.31,257.41,0,178.844,7.880,179.846,-18.43,20.61,147.71,-17.17,-8.55,174.16,53.011,53.786,-15.2956,1.9430,309.58,132.31,-14.8285,1.7814,,,0.18498,0
144.2635,48,42,4,6,290.33,389.00,capture,278.46,136.48,252.80,0,178.716,8.011,179.863,-18.49,20.69,147.60,-18.27,-7.93,174.17,53.510,53.858,-15.1967,0.6447,278.46,136.48,-14.9942,1.2699,,,0.19578,0
144.3455,48,42,4,6,290.33,389.00,capture,295.47,118.34,270.71,0,178.812,7.808,179.863,-18.54,20.54,147.17,-17.95,-8.59,173.26,53.440,53.875,-14.0016,0.9054,295.47,118.34,-14.5476,1.1059,,,0.21672,0
144.4389,48,42,4,6,290.33,389.00,capture,287.30,124.27,264.75,0,178.578,7.890,179.828,-18.53,20.57,147.15,-18.27,-7.16,173.79,53.403,53.633,-15.2934,0.0234,287.30,124.27,-14.8832,0.6187,,,0.20401,0
144.5310,48,42,4,6,290.33,389.00,capture,275.46,129.94,259.49,0,178.559,7.748,179.818,-18.47,20.49,146.94,-18.20,-8.73,173.01,53.589,53.813,-15.1510,-0.1073,275.46,129.94,-15.0037,0.2920,,,0.20127,0
144.6338,48,42,4,6,290.33,389.00,capture,280.00,110.11,279.08,0,178.638,7.747,179.793,-18.38,20.39,146.75,-17.81,-7.79,173.24,53.804,53.828,-13.4304,0.8032,280.00,110.11,-14.2957,0.5221,,,0.20353,0
144.7435,48,42,4,6,290.33,389.00,capture,287.13,137.08,251.94,0,178.548,7.819,179.793,-18.27,20.50,146.92,-17.93,-8.29,172.91,53.770,53.684,-15.0358,0.4474,287.13,137.08,-14.6288,0.4885,,,0.21634,0
144.8361,48,42,4,6,290.33,389.00,capture,274.72,124.20,265.26,0,178.505,7.935,179.801,-18.36,20.44,146.73,-17.86,-8.50,172.47,54.139,53.899,-14.6599,-0.1648,274.72,124.20,-14.6428,0.1945,,,0.24022,0
144.9421,48,42,4,6,290.33,389.00,capture,292.80,129.76,259.25,0,178.704,7.939,179.810,-18.25,20.50,146.74,-18.21,-7.61,172.82,54.204,54.699,-15.2220,1.0869,292.80,129.76,-14.9034,0.5961,,,0.23576,0
145.0429,48,42,4,6,290.33,389.00,capture,286.12,140.18,248.86,0,178.631,7.910,179.812,-18.17,20.42,146.95,-17.39,-8.08,173.13,54.053,54.332,-15.6868,-0.1209,286.12,140.18,-15.2560,0.2734,,,0.22868,0
145.1497,48,42,4,6,290.33,389.00,capture,289.26,150.50,238.50,0,178.643,7.843,179.822,-18.24,20.32,146.78,-17.48,-7.85,173.38,53.979,54.392,-15.8553,1.4905,289.26,150.50,-15.5257,0.8211,,,0.23561,0
145.2329,48,42,4,6,290.33,389.00,capture,281.32,139.15,250.01,0,178.748,7.960,179.808,-18.16,20.33,146.80,-18.34,-7.44,172.98,53.520,54.182,-14.6858,-0.6091,281.32,139.15,-15.1477,0.1775,,,0.19885,0
145.3308,48,42,4,6,290.33,389.00,capture,282.62,151.09,238.04,0,178.813,7.850,179.810,-18.33,20.39,147.14,-17.60,-8.80,173.03,53.576,54.085,-14.4811,0.4816,282.62,151.09,-14.8478,0.3143,,,0.19720,0
145.4128,48,42,4,6,290.33,389.00,capture,289.95,130.87,258.13,0,178.852,8.010,179.801,-18.28,20.41,147.18,-17.66,-8.06,173.55,53.608,54.042,-14.8228,0.4974,289.95,130.87,-14.8365,0.3967,,,0.21430,0
145.5085,48,42,4,6,290.33,389.00,capture,299.71,145.08,244.10,0,178.921,8.143,179.795,-18.42,20.36,147.18,-18.31,-7.34,173.12,53.519,53.963,-15.7392,1.1072,299.71,145.08,-15.2427,0.7164,,,0.20783,0
145.6050,48,42,4,6,290.33,389.00,capture,317.86,129.98,260.48,0,178.877,8.192,179.823,-18.44,20.33,147.30,-17.79,-8.45,173.20,53.469,54.150,-14.6007,2.5225,317.86,129.98,-14.9538,1.5292,,,0.21939,0
145.7072,48,42,4,6,290.33,389.00,capture,281.68,131.32,257.83,0,178.826,8.210,179.841,-18.47,20.18,147.40,-17.95,-8.76,173.90,53.238,53.966,-14.7232,0.2685,281.68,131.32,-14.8500,0.9618,,,0.19146,0
145.8078,48,42,4,6,290.33,389.00,capture,312.56,143.57,246.43,0,178.827,8.352,179.845,-18.41,20.06,147.59,-17.95,-8.72,173.98,53.112,53.753,-15.4838,1.6409,312.56,143.57,-15.1353,1.2674,,,0.20409,0
145.9158,48,42,4,6,290.33,389.00,capture,306.33,177.35,212.25,0,178.944,8.337,179.793,-18.34,20.23,148.05,-17.52,-8.79,174.38,53.073,53.755,-16.1191,1.6896,306.33,177.35,-15.5780,1.4574,,,0.20085,0
146.1151,49,47,5,2,111.67,475.44,dwell,150.93,165.45,312.47,0,178.789,8.289,179.783,-18.31,20.16,147.76,-17.68,-8.29,174.21,53.251,54.056,-15.3548,-5.8417,150.93,165.45,-15.3548,-5.8417,,,0.21622,0
146.2264,49,47,5,2,111.67,475.44,dwell,138.93,350.92,127.47,0,178.898,8.212,179.758,-18.38,20.30,148.00,-17.63,-8.03,175.17,53.410,54.290,-23.0489,-6.3696,138.93,350.92,-18.8172,-6.0792,,,0.19186,0
146.3135,49,47,5,2,111.67,475.44,dwell,141.73,277.37,200.34,0,178.872,8.395,179.716,-18.41,20.34,148.22,-17.77,-8.55,174.75,53.421,54.359,-21.4857,-5.9577,141.73,277.37,-20.0180,-6.0246,,,0.20800,0
146.4192,49,47,5,2,111.67,475.44,dwell,136.91,385.78,93.15,0,178.822,8.343,179.738,-18.36,20.45,148.09,-17.22,-8.30,174.76,53.156,54.597,-25.0232,-6.7852,136.91,385.78,-22.2703,-6.3669,,,0.19224,0
146.5480,49,47,5,2,111.67,475.44,dwell,91.24,361.78,115.49,0,178.837,8.112,179.771,-18.29,20.45,148.12,-17.94,-7.86,174.39,53.616,54.837,-23.8065,-8.7231,91.24,361.78,-22.9616,-7.4272,,,0.21526,0
146.6390,49,47,5,2,111.67,475.44,dwell,124.53,429.00,48.19,0,178.806,8.099,179.782,-18.32,20.65,148.05,-18.04,-7.71,174.27,53.512,55.005,-27.0472,-6.9994,124.53,429.00,-24.8001,-7.2347,,,0.20719,0
146.7226,49,47,5,2,111.67,475.44,dwell,44.06,392.86,106.73,0,178.787,8.163,179.743,-18.38,20.67,147.79,-17.97,-8.31,174.56,53.423,54.929,-24.5569,-11.1664,44.06,392.86,-24.6907,-9.0040,,,0.19432,0
146.8243,49,47,5,2,111.67,475.44,dwell,46.49,494.73,67.97,0,178.844,8.212,179.724,-18.44,20.65,147.58,-18.22,-8.15,173.71,53.905,54.821,-28.9168,-10.3197,46.49,494.73,-26.5924,-9.5960,,,0.21945,0
146.9079,49,47,5,2,111.67,475.44,capture,43.54,524.14,83.74,0,178.786,8.154,179.751,-18.33,20.44,147.40,-18.26,-7.94,174.09,53.919,54.219,-30.8011,-10.7301,43.54,524.14,-28.4863,-10.1064,,,0.22338,0
147.0163,49,47,5,2,111.67,475.44,capture,29.38,491.84,83.90,0,178.705,8.267,179.744,-18.33,20.47,147.47,-17.82,-8.41,173.47,54.152,54.524,-29.5252,-11.5503,29.38,491.84,-28.9538,-10.7561,,,0.22872,0
147.1156,49,47,5,2,111.67,475.44,capture,45.69,500.53,70.58,0,178.752,8.246,179.744,-18.20,20.42,147.75,-18.16,-7.93,174.03,54.105,54.641,-28.3512,-11.2379,45.69,500.53,-28.6826,-10.9729,,,0.22624,0
147.2118,49,47,5,2,111.67,475.44,capture,28.51,479.24,83.24,0,178.704,8.124,179.769,-18.20,20.38,147.58,-17.95,-7.15,173.90,53.898,54.079,-28.5803,-11.2722,28.51,479.24,-28.6366,-11.1076,,,0.22203,0
147.3004,49,47,5,2,111.67,475.44,capture,28.44,535.72,102.76,0,178.724,8.043,179.750,-18.33,20.49,147.95,-17.69,-8.05,174.57,53.492,53.984,-30.9011,-11.4868,28.44,535.72,-29.6556,-11.2782,,,0.21310,0
147.3824,49,47,5,2,111.67,475.44,capture,32.28,492.78,81.26,0,178.609,8.054,179.755,-18.32,20.35,147.90,-17.75,-8.69,174.40,53.522,53.541,-28.8087,-11.7759,32.28,492.78,-29.2745,-11.5022,,,0.23125,0
147.4801,49,47,5,2,111.67,475.44,capture,21.38,507.14,95.69,0,178.620,8.007,179.782,-18.36,20.50,147.78,-17.84,-8.20,173.94,53.732,53.210,-29.9007,-12.0555,21.38,507.14,-29.5563,-11.7512,,,0.19142,0
147.5791,49,47,5,2,111.67,475.44,capture,49.81,526.77,80.38,0,178.757,7.963,179.790,-18.31,20.41,147.88,-17.85,-7.83,173.66,54.223,53.277,-30.2292,-10.4524,49.81,526.77,-29.8591,-11.1667,,,0.20358,0
147.6682,49,47,5,2,111.67,475.44,capture,58.36,495.66,57.01,0,178.832,8.088,179.797,-18.27,20.47,147.88,-18.64,-8.18,174.53,54.296,53.407,-29.8659,-9.5152,58.36,495.66,-29.8622,-10.4236,,,0.22763,0
147.7650,49,47,5,2,111.67,475.44,capture,68.57,478.37,43.20,0,178.789,8.037,179.805,-18.43,20.49,147.86,-17.38,-7.73,174.01,54.268,53.753,-28.4389,-9.6706,68.57,478.37,-29.2217,-10.0847,,,0.22206,0
147.8744,49,47,5,2,111.67,475.44,capture,42.86,505.10,74.93,0,178.984,8.148,179.824,-18.48,20.34,148.02,-18.45,-7.61,174.23,54.162,53.415,-29.4688,-10.5799,42.86,505.10,-29.3329,-10.3075,,,0.26561,0
147.9807,49,47,5,2,111.67,475.44,capture,39.59,489.46,73.43,0,178.983,8.278,179.839,-18.62,20.22,148.18,-17.73,-7.45,175.03,54.126,53.674,-28.1644,-11.1174,39.59,489.46,-28.8071,-10.6720,,,0.22848,0
148.0686,49,47,5,2,111.67,475.44,capture,37.38,500.99,78.56,0,179.069,8.183,179.838,-18.54,20.22,148.20,-17.86,-8.75,174.63,54.003,53.610,-28.7818,-11.1904,37.38,500.99,-28.7957,-10.9053,,,0.23040,0
148.1666,49,47,5,2,111.67,475.44,capture,47.21,507.69,72.07,0,179.124,8.238,179.815,-18.52,20.48,147.95,-18.48,-7.93,174.80,54.412,53.777,-29.0904,-10.9139,47.21,507.69,-28.9283,-10.9091,,,0.24458,0
148.2673,49,47,5,2,111.67,475.44,capture,54.08,512.52,68.49,0,179.187,8.213,179.837,-18.57,20.52,148.07,-18.46,-8.62,174.50,54.360,53.694,-30.0196,-9.8932,54.08,512.52,-29.4194,-10.4519,,,0.21762,0
148.3551,49,47,5,2,111.67,475.44,capture,44.57,490.29,68.72,0,179.058,8.253,179.833,-18.54,20.59,147.89,-18.62,-7.93,174.10,54.588,53.576,-28.4005,-10.8423,44.57,490.29,-28.9609,-10.6276,,,0.25065,0
148.4458,49,47,5,2,111.67,475.44,capture,37.93,484.72,74.32,0,178.906,8.287,179.811,-18.53,20.39,147.88,-18.16,-8.30,174.59,54.551,53.609,-28.5614,-11.0065,37.93,484.72,-28.7811,-10.7981,,,0.22507,0
148.5447,49,47,5,2,111.67,475.44,capture,37.89,516.03,84.20,0,178.924,8.348,179.823,-18.45,20.49,147.85,-18.05,-8.23,174.66,54.212,53.467,-29.2304,-10.6028,37.89,516.03,-28.9833,-10.7102,,,0.21068,0
148.6649,49,47,5,2,111.67,475.44,capture,38.87,487.97,73.87,0,178.925,8.362,179.831,-18.40,20.54,147.72,-17.74,-7.63,173.95,54.412,53.606,-28.6704,-11.3835,38.87,487.97,-28.8425,-11.0132,,,0.25469,0
148.7734,49,47,5,2,111.67,475.44,capture,23.05,536.23,107.46,0,179.026,8.316,179.849,-18.47,20.46,147.48,-17.78,-7.99,173.94,54.205,53.861,-29.2073,-11.4890,23.05,536.23,-29.0066,-11.2273,,,0.22047,0
148.9663,50,5,0,5,245.67,43.22,dwell,129.61,504.14,475.30,0,178.945,8.168,179.848,-18.52,20.55,147.68,-18.19,-7.93,173.89,54.669,54.116,-29.2523,-7.2750,129.61,504.14,-29.2523,-7.2750,,,0.27472,0
149.0821,50,5,0,5,245.67,43.22,dwell,93.64,410.50,397.50,0,178.952,8.108,179.840,-18.47,20.56,147.75,-18.24,-7.61,174.08,54.810,54.410,-25.4448,-8.3669,93.64,410.50,-27.5389,-7.7663,,,0.25387,0
149.1641,50,5,0,5,245.67,43.22,dwell,181.47,340.09,303.73,0,178.881,7.986,179.807,-18.46,20.52,147.76,-18.09,-8.16,173.81,54.893,54.409,-22.6430,-4.1217,181.47,340.09,-25.3357,-6.1263,,,0.25430,0
149.2461,50,5,0,5,245.67,43.22,dwell,158.21,413.94,380.89,0,178.853,7.821,179.796,-18.36,20.54,147.60,-17.60,-7.47,173.80,54.692,54.207,-24.8395,-5.1213,158.21,413.94,-25.1124,-5.6740,,,0.19821,0
149.3424,50,5,0,5,245.67,43.22,dwell,180.10,351.96,315.62,0,178.914,7.734,179.822,-18.37,20.61,147.61,-18.40,-8.40,174.17,54.682,54.244,-24.1707,-3.6730,180.10,351.96,-24.6886,-4.7736,,,0.23754,0
149.4355,50,5,0,5,245.67,43.22,dwell,229.66,273.89,231.22,0,178.807,7.560,179.807,-18.26,20.60,147.53,-18.45,-8.44,173.60,54.575,54.416,-19.8286,-2.2632,229.66,273.89,-22.5016,-3.6439,,,0.24962,0
149.5406,50,5,0,5,245.67,43.22,dwell,203.07,259.44,220.37,0,178.819,7.567,179.789,-18.30,20.56,147.41,-18.07,-7.49,173.86,54.602,54.482,-20.4208,-3.6598,203.07,259.44,-21.5652,-3.6510,,,0.24775,0
149.6271,50,5,0,5,245.67,43.22,dwell,280.69,228.52,188.58,0,178.726,7.582,179.818,-18.21,20.54,147.69,-18.37,-8.28,173.91,54.139,54.091,-18.8582,0.6051,280.69,228.52,-20.3471,-1.7358,,,0.25355,0
149.7313,50,5,0,5,245.67,43.22,capture,265.94,188.38,146.57,0,178.543,7.536,179.817,-18.30,20.35,147.99,-17.75,-8.74,174.33,53.905,53.730,-17.3754,-0.5982,265.94,188.38,-19.0098,-1.2239,,,0.20258,0
149.8306,50,5,0,5,245.67,43.22,capture,265.89,188.62,146.80,0,178.740,7.515,179.829,-18.25,20.51,147.96,-17.69,-8.59,174.47,53.744,54.063,-17.4043,-0.1682,265.89,188.62,-18.2873,-0.7488,,,0.20819,0
149.9286,50,5,0,5,245.67,43.22,capture,272.54,181.40,140.77,0,178.603,7.468,179.792,-18.20,20.21,147.94,-18.02,-8.71,174.43,53.738,54.048,-16.8125,-0.1916,272.54,181.40,-17.6236,-0.4981,,,0.21118,0
150.0400,50,5,0,5,245.67,43.22,capture,270.53,198.63,157.38,0,178.760,7.431,179.807,-18.12,20.27,147.98,-17.19,-8.64,174.14,53.670,53.875,-17.5751,-0.7978,270.53,198.63,-17.6018,-0.6330,,,0.19254,0
150.1220,50,5,0,5,245.67,43.22,capture,263.81,188.24,146.15,0,178.837,7.439,179.825,-17.99,20.28,147.54,-17.23,-8.33,173.71,53.820,53.937,-17.2656,-0.4284,263.81,188.24,-17.4505,-0.5409,,,0.21458,0
150.2169,50,5,0,5,245.67,43.22,capture,283.71,190.71,152.32,0,178.944,7.465,179.815,-17.97,20.39,147.53,-17.67,-8.09,174.15,53.782,53.753,-16.1612,0.0980,283.71,190.71,-16.8703,-0.2534,,,0.18748,0
150.3140,50,5,0,5,245.67,43.22,capture,275.60,155.99,116.67,0,178.929,7.589,179.824,-17.92,20.55,147.47,-17.62,-7.42,173.69,53.516,54.246,-15.5942,-0.0847,275.60,155.99,-16.2961,-0.1775,,,0.22813,0
150.3986,50,5,0,5,245.67,43.22,capture,272.43,174.42,133.90,0,179.090,7.532,179.823,-17.80,20.60,147.18,-17.98,-7.88,173.23,53.359,54.293,-16.9558,-0.7795,272.43,174.42,-16.5930,-0.4484,,,0.21004,0
150.4903,50,5,0,5,245.67,43.22,capture,280.39,181.48,142.55,0,179.117,7.503,179.836,-17.86,20.73,147.39,-17.72,-8.54,173.73,53.547,54.398,-17.4055,0.5363,280.39,181.48,-16.9586,-0.0053,,,0.19437,0
150.5781,50,5,0,5,245.67,43.22,capture,289.28,184.83,148.17,0,179.033,7.523,179.814,-17.89,20.65,147.47,-17.18,-7.50,173.82,54.097,54.554,-16.8544,1.2310,289.28,184.83,-16.9117,0.5510,,,0.23021,0
150.6661,50,5,0,5,245.67,43.22,capture,283.40,187.79,149.41,0,178.894,7.505,179.777,-17.86,20.69,147.47,-17.18,-8.51,173.55,54.109,54.693,-16.6685,-0.1430,283.40,187.79,-16.8023,0.2387,,,0.19905,0
150.7713,50,5,0,5,245.67,43.22,capture,267.20,195.08,153.38,0,178.859,7.258,179.767,-18.02,20.86,147.42,-17.71,-8.52,173.22,54.107,54.417,-17.7575,-0.4214,267.20,195.08,-17.2322,-0.0584,,,0.21316,0
150.8769,50,5,0,5,245.67,43.22,capture,266.81,173.32,131.80,0,178.773,7.358,179.782,-18.12,20.85,147.35,-17.68,-7.36,174.01,53.892,54.140,-16.3106,-0.3990,266.81,173.32,-16.8174,-0.2116,,,0.22607,0
150.9821,50,5,0,5,245.67,43.22,capture,260.81,183.39,140.98,0,178.862,7.464,179.803,-18.16,20.97,147.66,-18.15,-8.29,174.27,53.837,54.104,-16.8864,-1.0133,260.81,183.39,-16.8485,-0.5724,,,0.22031,0
151.0932,50,5,0,5,245.67,43.22,capture,271.36,199.74,158.61,0,178.834,7.427,179.808,-18.24,21.03,147.63,-18.02,-7.93,174.00,53.954,54.300,-17.8388,-0.2136,271.36,199.74,-17.2941,-0.4109,,,0.22291,0
151.1939,50,5,0,5,245.67,43.22,capture,280.76,177.88,139.16,0,178.776,7.496,179.815,-18.31,20.98,147.30,-17.66,-7.61,173.87,54.123,54.396,-17.0635,-0.0998,280.76,177.88,-17.1903,-0.2709,,,0.23797,0
151.2796,50,5,0,5,245.67,43.22,capture,263.54,213.86,171.57,0,178.734,7.390,179.816,-18.28,20.96,147.41,-17.77,-8.76,173.18,54.045,54.396,-18.0928,-1.5771,263.54,213.86,-17.5964,-0.8587,,,0.21054,0
151.3793,50,5,0,5,245.67,43.22,capture,264.16,188.27,146.22,0,178.807,7.463,179.848,-18.35,20.90,147.30,-18.29,-8.30,173.35,54.107,54.506,-17.1070,-0.8186,264.16,188.27,-17.3762,-0.8407,,,0.23576,0
151.4882,50,5,0,5,245.67,43.22,capture,281.69,181.72,143.11,0,178.789,7.459,179.848,-18.29,20.92,147.47,-17.73,-8.26,173.13,54.175,54.333,-16.4046,1.2347,281.69,181.72,-16.9390,0.0933,,,0.21875,0
151.5795,50,5,0,5,245.67,43.22,capture,268.36,186.21,144.78,0,178.710,7.433,179.875,-18.30,20.76,147.46,-17.51,-7.45,174.23,54.159,54.179,-16.4749,0.0795,268.36,186.21,-16.7302,0.0871,,,0.22200,0
151.7842,51,44,4,8,379.67,389.00,dwell,264.52,153.81,261.86,0,178.777,7.588,179.863,-18.31,20.73,147.44,-17.73,-7.35,173.62,54.108,54.409,-15.5260,-0.6559,264.52,153.81,-15.5260,-0.6559,,,0.24399,0
151.9011,51,44,4,8,379.67,389.00,dwell,222.10,342.50,164.28,0,178.908,7.770,179.861,-18.16,20.70,147.20,-18.21,-7.95,173.28,54.080,54.501,-23.4050,-1.9589,222.10,342.50,-19.0716,-1.2423,,,0.20779,0
152.0100,51,44,4,8,379.67,389.00,dwell,381.73,239.12,149.89,0,179.012,7.738,179.843,-18.17,20.72,147.38,-17.84,-7.97,173.65,54.325,54.432,-18.9623,5.4515,381.73,239.12,-19.0224,1.7699,,,0.24663,0
152.0920,51,44,4,8,379.67,389.00,dwell,301.52,271.71,140.94,0,179.085,7.784,179.850,-18.04,20.61,147.40,-17.57,-7.97,173.60,54.454,54.676,-20.0972,1.1190,301.52,271.71,-19.5061,1.4770,,,0.22754,0
152.1980,51,44,4,8,379.67,389.00,dwell,429.17,227.97,168.47,0,179.008,7.856,179.863,-18.24,20.45,147.14,-17.59,-8.01,173.81,54.376,54.632,-18.6218,6.6148,429.17,227.97,-19.1082,3.7890,,,0.21124,0
152.3015,51,44,4,8,379.67,389.00,dwell,412.68,333.23,64.81,0,179.082,7.880,179.839,-18.23,20.34,147.39,-17.55,-8.11,173.85,54.429,54.334,-22.1180,6.1055,412.68,333.23,-20.4626,4.8314,,,0.22313,0
152.4038,51,44,4,8,379.67,389.00,dwell,364.16,362.67,30.56,1,179.062,7.813,179.803,-18.15,20.33,147.47,-17.91,-8.50,174.07,54.540,54.517,-23.9503,4.7311,364.16,362.67,-22.0321,4.7863,,,0.22448,0
152.4858,51,44,4,8,379.67,389.00,dwell,420.29,327.87,73.40,0,179.202,7.974,179.827,-18.21,20.36,147.59,-17.62,-7.96,174.17,54.613,54.440,-23.0857,6.4747,420.29,327.87,-22.5062,5.5461,,,0.24722,0
152.5857,51,44,4,8,379.67,389.00,dwell,386.54,286.51,102.72,0,179.090,7.994,179.821,-18.23,20.40,147.82,-18.01,-7.96,173.88,54.636,54.440,-20.4786,5.1189,386.54,286.51,-21.5938,5.3538,,,0.26280,0
152.6955,51,44,4,8,379.67,389.00,capture,417.57,300.24,96.51,0,179.176,8.033,179.838,-18.07,20.56,147.60,-17.27,-7.08,173.96,54.334,54.724,-21.7872,6.7730,417.57,300.24,-21.6808,5.9925,,,0.22224,0
152.7938,51,44,4,8,379.67,389.00,capture,413.67,280.54,113.67,0,179.104,8.073,179.845,-18.05,20.57,147.44,-17.97,-7.33,173.90,54.813,54.952,-21.2258,5.7238,413.67,280.54,-21.4761,5.8716,,,0.23953,0
152.8979,51,44,4,8,379.67,389.00,capture,407.02,300.46,92.67,0,179.103,7.865,179.845,-18.06,20.29,147.53,-17.44,-7.63,173.91,54.801,54.859,-21.6387,5.9314,407.02,300.46,-21.5493,5.8985,,,0.21236,0
153.0095,51,44,4,8,379.67,389.00,capture,423.83,313.56,87.42,0,179.162,7.959,179.836,-18.07,20.61,147.53,-17.88,-7.89,174.67,54.603,54.835,-21.6058,6.6545,423.83,313.56,-21.5747,6.2387,,,0.25455,0
153.1309,51,44,4,8,379.67,389.00,capture,404.30,304.94,87.60,0,179.200,7.963,179.816,-18.17,20.53,147.70,-17.57,-7.04,173.94,54.533,54.801,-21.3824,6.4087,404.30,304.94,-21.4882,6.3152,,,0.23674,0
153.2263,51,44,4,8,379.67,389.00,capture,430.15,332.76,75.57,0,179.206,7.979,179.793,-18.30,20.50,147.64,-17.87,-7.43,173.78,54.262,54.892,-21.1375,7.1564,430.15,332.76,-21.3304,6.6937,,,0.21096,0
153.3227,51,44,4,8,379.67,389.00,capture,415.90,302.29,93.98,0,179.121,7.972,179.795,-18.31,20.47,147.62,-17.98,-7.93,174.10,53.927,54.750,-21.3691,6.0196,415.90,302.29,-21.3478,6.3904,,,0.23208,0
153.4252,51,44,4,8,379.67,389.00,capture,441.54,315.15,96.34,0,179.045,8.145,179.815,-18.37,20.62,147.73,-18.09,-8.72,174.08,54.034,54.546,-22.4337,7.4938,441.54,315.15,-21.8364,6.8869,,,0.19532,0
153.5197,51,44,4,8,379.67,389.00,capture,444.31,289.86,118.35,0,179.114,8.127,179.836,-18.31,20.56,147.71,-17.93,-8.35,173.86,54.119,54.607,-21.2657,7.7608,444.31,289.86,-21.5796,7.2802,,,0.20187,0
153.6213,51,44,4,8,379.67,389.00,capture,432.29,308.85,95.88,0,179.074,8.046,179.847,-18.39,20.46,147.77,-17.97,-8.18,173.81,53.995,54.649,-21.8675,7.2305,432.29,308.85,-21.7091,7.2578,,,0.23174,0
153.7267,51,44,4,8,379.67,389.00,capture,408.99,322.06,73.08,0,179.148,8.019,179.884,-18.29,20.21,147.67,-17.60,-8.66,174.17,54.130,54.891,-22.4380,6.5131,408.99,322.06,-22.0371,6.9227,,,0.22229,0
153.8133,51,44,4,8,379.67,389.00,capture,412.05,295.96,98.51,0,178.950,8.091,179.869,-18.29,20.44,147.56,-17.75,-7.93,174.32,53.812,54.462,-20.9822,6.2581,412.05,295.96,-21.5624,6.6236,,,0.18679,0
153.9360,51,44,4,8,379.67,389.00,capture,399.48,311.46,80.03,0,178.954,8.094,179.850,-18.16,20.64,147.67,-18.12,-7.89,174.20,53.724,53.996,-21.2125,5.1273,399.48,311.46,-21.4049,5.9503,,,0.22006,0
154.0435,51,44,4,8,379.67,389.00,capture,419.20,334.21,67.56,0,178.947,7.919,179.852,-18.19,20.66,147.64,-17.12,-7.15,173.54,53.789,53.893,-23.7262,7.1622,419.20,334.21,-22.4495,6.4956,,,0.21007,0
154.1322,51,44,4,8,379.67,389.00,capture,438.10,303.69,103.40,0,178.865,7.907,179.839,-18.16,20.56,147.45,-17.91,-7.98,174.01,53.726,53.945,-21.7443,7.7244,438.10,303.69,-22.1322,7.0486,,,0.22695,0
154.2320,51,44,4,8,379.67,389.00,capture,403.21,338.45,55.76,0,178.696,7.926,179.817,-18.13,20.52,147.45,-17.94,-7.93,173.73,53.897,53.829,-22.7083,5.7193,403.21,338.45,-22.3914,6.4504,,,0.22582,0
154.3256,51,44,4,8,379.67,389.00,capture,420.10,306.97,91.45,0,178.792,7.914,179.845,-18.24,20.66,147.53,-18.24,-8.14,174.70,54.434,53.629,-21.5417,6.1032,420.10,306.97,-22.0090,6.2941,,,0.22716,0
154.4382,51,44,4,8,379.67,389.00,capture,399.28,317.11,74.52,0,178.849,8.070,179.812,-18.31,20.56,147.46,-17.77,-7.73,174.11,54.434,53.785,-21.7732,5.0330,399.28,317.11,-21.9029,5.7266,,,0.22384,0
154.5346,51,44,4,8,379.67,389.00,capture,423.51,298.65,100.43,0,178.789,8.179,179.821,-18.20,20.48,147.33,-18.31,-8.09,173.62,54.232,53.769,-21.3627,7.0288,423.51,298.65,-21.6598,6.3126,,,0.24159,0
154.6403,51,44,4,8,379.67,389.00,capture,445.47,321.98,93.92,0,178.667,8.158,179.824,-18.20,20.56,147.21,-17.68,-8.40,173.38,54.496,54.207,-22.5612,8.0621,445.47,321.98,-22.0654,7.0999,,,0.23765,0
154.8424,52,79,8,7,335.00,734.78,dwell,358.66,374.66,360.89,0,178.720,8.245,179.816,-18.21,20.43,147.08,-16.84,-7.72,173.11,54.311,54.753,-25.0841,3.9093,358.66,374.66,-25.0841,3.9093,,,0.25692,0
154.9245,52,79,8,7,335.00,734.78,dwell,365.58,225.85,509.85,0,178.770,8.332,179.847,-18.29,20.39,146.91,-17.49,-8.04,173.24,53.853,54.215,-18.4746,4.1652,365.58,225.85,-22.1098,4.0245,,,0.22277,0
155.0449,52,79,8,7,335.00,734.78,dwell,423.21,391.02,354.89,0,178.691,8.402,179.819,-18.33,20.52,146.92,-17.95,-8.54,172.82,53.661,53.972,-24.5085,6.9506,423.21,391.02,-23.1892,5.3412,,,0.20579,0
155.1542,52,79,8,7,335.00,734.78,dwell,286.31,335.82,401.92,0,178.739,8.354,179.810,-18.24,20.45,147.07,-17.68,-7.15,173.49,53.777,54.158,-22.8368,0.3169,286.31,335.82,-23.0306,3.0803,,,0.23559,0
155.2471,52,79,8,7,335.00,734.78,dwell,377.10,409.72,327.77,0,178.793,8.204,179.805,-18.13,20.60,147.33,-17.79,-7.50,173.62,53.874,54.314,-25.1099,5.3332,377.10,409.72,-23.9663,4.0941,,,0.23348,0
155.3488,52,79,8,7,335.00,734.78,dwell,399.42,338.31,401.67,0,178.869,8.250,179.813,-18.23,20.79,147.55,-17.68,-7.69,173.83,53.880,54.330,-23.4469,5.7424,399.42,338.31,-23.7326,4.8358,,,0.21413,0
155.4592,52,79,8,7,335.00,734.78,dwell,338.52,363.34,371.45,0,178.747,8.235,179.799,-18.15,20.94,147.46,-17.47,-7.60,173.63,53.787,54.397,-23.7246,2.8423,338.52,363.34,-23.7290,3.9387,,,0.20673,0
155.5855,52,79,8,7,335.00,734.78,dwell,374.01,386.23,350.72,0,178.674,8.171,179.794,-18.14,20.85,147.54,-17.33,-7.26,173.90,53.746,54.784,-25.7803,4.4256,374.01,386.23,-24.6521,4.1578,,,0.22899,0
155.6915,52,79,8,7,335.00,734.78,dwell,339.05,383.90,350.90,0,178.860,8.230,179.781,-17.97,20.87,147.79,-17.72,-7.29,174.42,53.728,54.621,-24.4873,2.7711,339.05,383.90,-24.5779,3.5338,,,0.20318,0
155.7964,52,79,8,7,335.00,734.78,dwell,317.29,425.43,309.85,0,178.752,8.380,179.816,-17.96,20.77,147.72,-16.85,-7.47,174.28,53.396,54.766,-26.0120,2.2856,317.29,425.43,-25.2232,2.9721,,,0.22433,0
155.9165,52,79,8,7,335.00,734.78,capture,292.94,437.13,300.60,0,178.759,8.406,179.805,-17.92,20.71,147.52,-18.21,-8.17,174.31,53.562,55.239,-26.7045,0.8604,292.94,437.13,-25.8898,2.0219,,,0.18779,0
156.0116,52,79,8,7,335.00,734.78,capture,313.76,446.85,288.71,0,178.815,8.400,179.772,-17.90,20.70,147.55,-17.46,-7.98,174.22,53.862,54.955,-27.7311,1.5392,313.76,446.85,-26.7184,1.8047,,,0.18821,0
156.1150,52,79,8,7,335.00,734.78,capture,292.44,414.06,323.53,0,178.884,8.583,179.774,-17.99,20.59,147.67,-17.34,-7.12,174.37,53.838,54.744,-26.4850,0.2188,292.44,414.06,-26.6133,1.0910,,,0.25003,0
156.2138,52,79,8,7,335.00,734.78,capture,296.52,437.21,300.05,0,178.937,8.643,179.788,-18.00,20.77,147.64,-17.72,-7.37,173.36,53.760,54.846,-25.4884,0.6401,296.52,437.21,-26.1071,0.8881,,,0.19253,0
156.3190,52,79,8,7,335.00,734.78,capture,300.13,422.63,314.09,0,179.053,8.637,179.802,-18.21,20.74,147.74,-17.98,-8.10,174.47,53.933,54.372,-26.4409,0.9462,300.13,422.63,-26.2573,0.9143,,,0.21199,0
156.4234,52,79,8,7,335.00,734.78,capture,285.19,433.87,305.00,0,178.986,8.694,179.824,-18.19,20.63,147.93,-17.71,-7.72,174.06,53.895,53.788,-26.9935,0.6384,285.19,433.87,-26.5886,0.7901,,,0.19421,0
156.5249,52,79,8,7,335.00,734.78,capture,298.25,411.70,325.16,0,178.950,8.786,179.799,-18.29,20.53,147.98,-18.43,-8.21,174.51,53.908,53.235,-24.9325,1.0154,298.25,411.70,-25.8433,0.8915,,,0.22492,0
156.6423,52,79,8,7,335.00,734.78,capture,326.98,422.97,311.91,0,178.968,8.939,179.785,-18.29,20.50,147.89,-17.07,-7.83,174.32,53.686,53.455,-26.5653,1.5243,326.98,422.97,-26.1682,1.1763,,,0.19859,0
156.7462,52,79,8,7,335.00,734.78,capture,315.82,425.26,310.11,0,178.903,9.077,179.776,-18.13,20.40,147.75,-18.09,-8.68,173.93,53.954,53.319,-26.5633,1.1380,315.82,425.26,-26.3460,1.1591,,,0.22264,0
156.8375,52,79,8,7,335.00,734.78,capture,329.47,443.20,291.63,0,178.843,9.036,179.798,-18.07,20.31,147.77,-17.06,-7.36,173.88,53.764,53.699,-26.8008,2.2619,329.47,443.20,-26.5507,1.6553,,,0.20552,0
156.9436,52,79,8,7,335.00,734.78,capture,317.54,448.13,287.18,0,178.853,9.117,179.792,-18.11,20.29,147.80,-17.49,-8.20,174.20,53.565,53.388,-28.0068,1.7559,317.54,448.13,-27.2059,1.7006,,,0.21685,0
157.0425,52,79,8,7,335.00,734.78,capture,298.89,457.97,279.15,0,178.874,9.046,179.774,-18.13,20.58,147.76,-17.89,-8.48,174.39,53.759,53.501,-27.9186,0.6928,298.89,457.97,-27.5266,1.2471,,,0.21804,0
157.1245,52,79,8,7,335.00,734.78,capture,317.33,429.16,306.13,0,178.993,9.077,179.778,-18.13,20.72,147.75,-18.14,-8.06,174.36,53.585,54.100,-26.3352,2.3895,317.33,429.16,-26.9905,1.7612,,,0.21283,0
157.2208,52,79,8,7,335.00,734.78,capture,336.16,444.97,289.81,0,178.881,9.044,179.784,-18.15,20.67,147.62,-17.46,-9.14,173.78,53.634,54.423,-27.5376,2.3275,336.16,444.97,-27.2367,2.0160,,,0.19804,0
157.3285,52,79,8,7,335.00,734.78,capture,299.86,411.70,324.98,0,179.025,9.029,179.816,-18.29,20.68,147.60,-17.90,-7.51,173.98,53.027,54.441,-25.3421,0.4672,299.86,411.70,-26.3841,1.3191,,,0.21374,0
157.4342,52,79,8,7,335.00,734.78,capture,307.31,458.65,277.51,0,178.931,8.815,179.833,-18.24,20.88,147.90,-17.99,-8.11,174.26,53.179,54.352,-28.1330,1.8480,307.31,458.65,-27.1711,1.5571,,,0.19399,0
157.5198,52,79,8,7,335.00,734.78,capture,287.37,467.60,271.39,0,178.912,8.740,179.821,-18.27,20.83,147.81,-17.97,-8.36,174.86,53.084,54.071,-27.8663,1.0003,287.37,467.60,-27.4840,1.3065,,,0.19584,0
157.6221,52,79,8,7,335.00,734.78,capture,316.83,444.84,290.51,0,178.884,8.687,179.837,-18.44,20.67,147.81,-18.50,-8.10,173.93,52.912,54.037,-26.4318,0.9961,316.83,444.84,-27.0105,1.1668,,,0.18564,0
157.7113,52,79,8,7,335.00,734.78,capture,291.29,425.55,312.30,0,178.755,8.632,179.833,-18.41,20.66,148.00,-18.07,-7.82,174.82,52.739,54.128,-27.5682,1.3076,291.29,425.55,-27.2615,1.2302,,,0.19712,0
157.9236,53,48,5,3,156.33,475.44,dwell,280.12,417.85,136.53,0,178.575,8.513,179.822,-18.32,20.57,148.03,-18.43,-8.50,174.48,52.563,54.026,-26.7390,0.1702,280.12,417.85,-26.7390,0.1702,,,0.17070,0
158.0252,53,48,5,3,156.33,475.44,dwell,248.39,445.32,96.86,0,178.728,8.549,179.822,-18.38,20.69,148.10,-17.60,-7.76,174.14,52.974,54.110,-27.3913,-1.3901,248.39,445.32,-27.0325,-0.5320,,,0.18619,0
158.1185,53,48,5,3,156.33,475.44,dwell,255.18,360.28,151.77,0,178.800,8.645,179.849,-18.36,20.72,148.02,-17.50,-7.38,174.20,53.104,54.059,-23.6143,-0.5432,255.18,360.28,-25.4943,-0.5370,,,0.18630,0
158.2061,53,48,5,3,156.33,475.44,dwell,178.37,258.26,218.30,0,178.850,8.627,179.844,-18.32,20.81,148.16,-18.07,-7.36,174.86,53.195,54.309,-19.9053,-4.3691,178.37,258.26,-22.9793,-2.2615,,,0.19123,0
158.3069,53,48,5,3,156.33,475.44,dwell,78.93,275.32,214.57,0,178.771,8.442,179.863,-18.41,20.69,148.10,-18.30,-8.35,174.69,53.541,53.943,-20.7514,-9.0738,78.93,275.32,-21.9767,-5.3270,,,0.20424,0
158.4091,53,48,5,3,156.33,475.44,dwell,131.03,380.77,98.00,0,178.908,8.423,179.883,-18.45,20.70,148.33,-17.70,-8.36,174.66,53.584,54.099,-24.1745,-7.1131,131.03,380.77,-22.9657,-6.1308,,,0.21581,0
158.4992,53,48,5,3,156.33,475.44,dwell,73.77,207.29,280.58,0,178.909,8.303,179.897,-18.43,20.69,148.25,-17.49,-7.35,175.01,54.115,54.084,-18.6839,-9.4610,73.77,207.29,-21.0389,-7.6294,,,0.22634,0
158.6149,53,48,5,3,156.33,475.44,dwell,90.16,278.96,207.33,0,178.769,8.340,179.890,-18.44,20.69,148.17,-18.37,-7.51,174.21,53.976,54.161,-20.8530,-8.0514,90.16,278.96,-20.9553,-7.8193,,,0.23855,0
158.7094,53,48,5,3,156.33,475.44,dwell,37.55,215.50,285.80,0,178.739,8.284,179.890,-18.59,20.73,148.19,-18.02,-7.32,174.40,54.315,54.086,-17.2898,-10.2187,37.55,215.50,-19.3058,-8.8990,,,0.24565,0
158.8183,53,48,5,3,156.33,475.44,dwell,30.10,198.47,304.38,0,178.685,8.194,179.892,-18.47,20.74,148.04,-18.43,-7.48,174.57,54.105,53.765,-17.8268,-11.7920,30.10,198.47,-18.6403,-10.2008,,,0.21673,0
158.9087,53,48,5,3,156.33,475.44,capture,32.57,202.40,299.78,0,178.756,8.239,179.896,-18.37,20.78,148.25,-18.04,-7.76,174.86,53.754,54.064,-17.5638,-11.8905,32.57,202.40,-18.1559,-10.9612,,,0.23301,0
159.0107,53,48,5,3,156.33,475.44,capture,40.39,213.08,286.84,0,178.778,8.239,179.869,-18.45,20.90,148.14,-17.75,-7.66,174.67,53.684,54.130,-18.3396,-11.3112,40.39,213.08,-18.2385,-11.1187,,,0.22392,0
159.1190,53,48,5,3,156.33,475.44,capture,30.71,220.64,284.09,0,178.693,8.245,179.854,-18.38,21.07,148.00,-17.75,-7.38,174.24,54.036,54.153,-18.0857,-11.5357,30.71,220.64,-18.1697,-11.3063,,,0.19533,0
159.2111,53,48,5,3,156.33,475.44,capture,55.00,215.03,279.44,0,178.637,8.143,179.844,-18.31,21.09,147.80,-17.95,-6.52,174.09,54.136,54.024,-18.5294,-10.2948,55.00,215.03,-18.3316,-10.8511,,,0.22675,0
159.3199,53,48,5,3,156.33,475.44,capture,37.54,183.58,315.11,0,178.675,8.208,179.835,-18.23,21.10,147.75,-17.67,-7.36,173.63,53.999,54.051,-17.3068,-11.0623,37.54,183.58,-17.8704,-10.9462,,,0.21308,0
159.4312,53,48,5,3,156.33,475.44,capture,25.92,215.53,290.80,0,178.830,8.234,179.851,-18.11,21.05,147.66,-18.07,-8.39,174.31,54.444,53.893,-17.5700,-11.2570,25.92,215.53,-17.7353,-11.0861,,,0.22199,0
159.5353,53,48,5,3,156.33,475.44,capture,15.87,213.70,297.05,0,178.935,8.184,179.855,-18.12,20.99,147.61,-17.62,-8.16,174.07,54.351,53.888,-17.4794,-12.1130,15.87,213.70,-17.6201,-11.5482,,,0.19920,0
159.6340,53,48,5,3,156.33,475.44,capture,20.05,221.24,288.43,0,178.988,8.255,179.860,-18.05,21.03,147.62,-17.64,-7.99,174.24,54.187,53.567,-18.5987,-11.6118,20.05,221.24,-18.0605,-11.5768,,,0.22610,0
159.7366,53,48,5,3,156.33,475.44,capture,17.85,205.74,303.18,0,178.932,8.303,179.863,-18.14,20.98,147.51,-17.18,-7.25,173.63,53.799,53.671,-17.6145,-12.1347,17.85,205.74,-17.8598,-11.8279,,,0.24293,0
159.8340,53,48,5,3,156.33,475.44,capture,32.31,221.65,282.48,0,178.872,8.235,179.826,-18.12,21.05,147.59,-17.94,-8.29,174.22,53.435,53.613,-19.0767,-11.0469,32.31,221.65,-18.4074,-11.4764,,,0.18395,0
159.9269,53,48,5,3,156.33,475.44,capture,31.88,218.91,285.13,0,178.830,8.289,179.841,-18.00,20.98,147.65,-17.44,-7.27,174.15,53.780,53.305,-18.5705,-11.3321,31.88,218.91,-18.4808,-11.4115,,,0.20341,0
160.0119,53,48,5,3,156.33,475.44,capture,36.73,235.49,268.11,0,178.845,8.246,179.858,-18.09,21.04,147.65,-18.07,-8.11,173.80,53.781,53.883,-18.3751,-11.7441,36.73,235.49,-18.4332,-11.5612,,,0.20024,0
160.1159,53,48,5,3,156.33,475.44,capture,37.71,235.88,267.32,0,178.877,8.250,179.856,-18.12,20.93,147.84,-17.55,-7.44,173.81,53.590,53.989,-19.5401,-10.2434,37.71,235.88,-18.9313,-10.9682,,,0.19015,0
160.2324,53,48,5,3,156.33,475.44,capture,33.20,198.45,303.13,0,178.910,8.257,179.871,-18.36,21.12,148.13,-17.94,-7.27,174.93,53.972,54.258,-17.7285,-11.5586,33.20,198.45,-18.3901,-11.2339,,,0.21376,0
160.3481,53,48,5,3,156.33,475.44,capture,25.32,210.32,295.73,0,178.948,8.347,179.871,-18.31,21.22,148.26,-17.60,-7.42,175.00,53.801,54.170,-17.4459,-11.5730,25.32,210.32,-17.9652,-11.3865,,,0.21188,0
160.4541,53,48,5,3,156.33,475.44,capture,31.38,240.68,265.95,0,178.964,8.225,179.850,-18.32,21.34,148.10,-18.14,-7.16,174.99,53.658,54.431,-19.1651,-11.4833,31.38,240.68,-18.5051,-11.4301,,,0.21025,0
160.5515,53,48,5,3,156.33,475.44,capture,22.15,199.54,306.80,0,178.971,8.253,179.848,-18.32,21.46,148.01,-18.04,-7.34,173.99,53.741,54.624,-17.9871,-12.2656,22.15,199.54,-18.2720,-11.8061,,,0.21240,0
160.6566,53,48,5,3,156.33,475.44,capture,8.62,208.78,304.84,0,178.926,8.290,179.852,-18.34,21.24,147.88,-18.13,-8.21,174.69,53.689,54.445,-18.2219,-11.5723,8.62,208.78,-18.2494,-11.7009,,,0.21099,0
160.7528,53,48,5,3,156.33,475.44,capture,27.34,196.18,307.62,0,178.860,8.290,179.852,-18.49,21.28,147.57,-18.25,-6.77,173.53,53.438,54.258,-16.8063,-11.6549,27.34,196.18,-17.6000,-11.6802,,,0.19348,0
160.8623,53,48,5,3,156.33,475.44,capture,32.88,206.60,295.83,0,178.934,8.299,179.817,-18.51,21.22,147.40,-18.31,-6.90,173.72,53.223,54.139,-17.8532,-11.6641,32.88,206.60,-17.7139,-11.6730,,,0.21793,0
161.0375,54,59,6,5,245.67,561.89,dwell,206.92,238.16,326.04,0,178.941,8.455,179.805,-18.37,21.03,147.39,-18.17,-6.62,173.90,53.169,54.449,-18.6850,-3.0670,206.92,238.16,-18.6850,-3.0670,,,0.21294,0
161.1319,54,59,6,5,245.67,561.89,dwell,85.30,311.66,297.21,0,179.053,8.535,179.812,-18.36,20.87,147.40,-17.46,-8.12,173.64,53.291,54.376,-22.3317,-8.1796,85.30,311.66,-20.3260,-5.3677,,,0.18780,0
161.2373,54,59,6,5,245.67,561.89,dwell,10.07,510.57,241.12,0,179.136,8.442,179.809,-18.27,20.92,147.31,-17.16,-8.16,173.79,53.347,54.417,-30.5874,-12.1570,10.07,510.57,-24.9437,-8.4229,,,0.18081,0
161.3417,54,59,6,5,245.67,561.89,dwell,38.48,240.21,382.63,0,179.182,8.548,179.804,-18.16,20.95,147.20,-18.03,-7.48,173.27,53.138,54.483,-19.4335,-11.8469,38.48,240.21,-22.4641,-9.9637,,,0.18483,0
161.4288,54,59,6,5,245.67,561.89,dwell,113.22,382.88,222.68,0,179.210,8.507,179.794,-18.29,21.02,147.16,-18.39,-6.82,173.28,53.564,54.363,-24.2337,-7.3613,113.22,382.88,-23.2604,-8.7926,,,0.19126,0
161.5272,54,59,6,5,245.67,561.89,dwell,105.32,377.75,231.53,0,179.130,8.673,179.807,-18.41,20.88,147.32,-17.71,-7.64,173.56,53.496,54.575,-25.1507,-8.0420,105.32,377.75,-24.1110,-8.4549,,,0.19277,0
161.6133,54,59,6,5,245.67,561.89,dwell,134.22,359.71,230.86,0,179.121,8.845,179.784,-18.42,20.90,147.45,-17.64,-7.87,174.61,53.861,54.674,-23.5879,-6.5347,134.22,359.71,-23.8756,-7.5908,,,0.20670,0
161.7194,54,59,6,5,245.67,561.89,dwell,145.05,460.98,142.50,0,179.165,8.721,179.801,-18.47,20.78,147.49,-17.67,-8.64,174.35,53.819,54.481,-27.6696,-6.5468,145.05,460.98,-25.5829,-7.1210,,,0.20128,0
161.8014,54,59,6,5,245.67,561.89,dwell,200.80,471.40,101.00,0,179.070,8.592,179.839,-18.45,20.91,147.47,-18.40,-7.83,174.24,53.824,54.237,-27.8620,-3.6992,200.80,471.40,-26.6085,-5.5812,,,0.19007,0
161.8990,54,59,6,5,245.67,561.89,capture,156.16,496.56,110.81,0,179.011,8.729,179.794,-18.42,20.97,147.33,-17.67,-7.21,173.35,53.980,54.236,-28.5801,-5.6702,156.16,496.56,-27.4957,-5.6212,,,0.20446,0
162.0002,54,59,6,5,245.67,561.89,capture,165.33,475.15,118.23,0,179.104,8.804,179.798,-18.35,21.06,147.35,-18.06,-7.71,173.13,54.563,54.209,-27.9673,-4.9153,165.33,475.15,-27.7079,-5.3036,,,0.22238,0
162.1153,54,59,6,5,245.67,561.89,capture,171.07,476.44,113.43,0,178.989,8.821,179.812,-18.28,21.12,147.03,-17.96,-7.17,173.16,54.152,54.447,-28.4203,-4.8049,171.07,476.44,-28.0285,-5.0792,,,0.22288,0
162.2285,54,59,6,5,245.67,561.89,capture,159.74,473.25,123.45,0,179.012,8.836,179.810,-18.35,21.15,146.96,-17.79,-7.58,172.94,53.881,54.426,-28.0213,-5.5342,159.74,473.25,-28.0253,-5.2839,,,0.22806,0
162.3162,54,59,6,5,245.67,561.89,capture,170.80,503.92,94.69,0,179.170,8.821,179.782,-18.41,21.01,146.87,-17.74,-7.37,173.13,53.742,54.511,-29.3204,-4.5685,170.80,503.92,-28.6081,-4.9620,,,0.22637,0
162.4233,54,59,6,5,245.67,561.89,capture,177.50,506.29,87.97,0,179.176,8.767,179.806,-18.52,20.82,146.87,-17.91,-8.11,172.58,53.583,54.345,-29.3482,-4.0115,177.50,506.29,-28.9411,-4.5343,,,0.19891,0
162.5053,54,59,6,5,245.67,561.89,capture,180.85,478.75,105.42,0,179.222,8.747,179.787,-18.40,20.72,146.88,-17.76,-7.75,173.21,53.701,54.258,-28.2607,-4.7026,180.85,478.75,-28.6349,-4.6100,,,0.21106,0
162.6162,54,59,6,5,245.67,561.89,capture,169.86,499.91,97.92,0,179.106,8.726,179.808,-18.42,20.79,147.04,-17.99,-7.37,172.99,53.447,54.163,-29.1284,-4.9513,169.86,499.91,-28.8570,-4.7636,,,0.23632,0
162.7209,54,59,6,5,245.67,561.89,capture,156.79,490.36,114.09,0,179.038,8.766,179.825,-18.51,20.50,147.00,-18.12,-7.31,173.14,53.608,54.756,-29.3021,-5.5503,156.79,490.36,-29.0573,-5.1176,,,0.19911,0
162.8137,54,59,6,5,245.67,561.89,capture,179.91,504.08,87.55,0,178.982,8.784,179.817,-18.54,20.47,146.98,-17.79,-7.92,172.92,53.945,54.546,-29.2130,-4.0956,179.91,504.08,-29.1274,-4.6577,,,0.23729,0
162.8983,54,59,6,5,245.67,561.89,capture,205.16,481.29,90.21,0,179.073,8.608,179.829,-18.55,20.62,147.29,-17.37,-7.91,173.59,53.911,54.366,-28.2211,-3.2098,205.16,481.29,-28.7196,-4.0061,,,0.23142,0
162.9803,54,59,6,5,245.67,561.89,capture,183.01,487.71,97.10,0,179.063,8.494,179.817,-18.41,20.58,147.35,-17.31,-8.57,173.34,53.649,53.946,-28.9641,-4.7847,183.01,487.71,-28.8296,-4.3565,,,0.20507,0
163.0778,54,59,6,5,245.67,561.89,capture,168.77,474.24,116.60,0,178.973,8.497,179.827,-18.29,20.41,147.53,-17.76,-8.12,173.79,53.914,53.855,-28.4633,-4.9171,168.77,474.24,-28.6647,-4.6088,,,0.19851,0
163.1853,54,59,6,5,245.67,561.89,capture,170.91,483.05,108.65,0,179.058,8.551,179.819,-18.31,20.55,147.43,-17.53,-7.60,173.45,53.896,53.719,-28.6320,-5.1395,170.91,483.05,-28.6500,-4.8476,,,0.22299,0
163.2966,54,59,6,5,245.67,561.89,capture,174.48,500.80,93.81,0,178.976,8.637,179.794,-18.30,20.55,147.56,-17.82,-7.63,173.63,53.828,53.623,-29.9394,-4.4422,174.48,500.80,-29.2302,-4.6652,,,0.24346,0
163.3897,54,59,6,5,245.67,561.89,capture,190.38,466.11,110.59,0,178.931,8.546,179.788,-18.44,20.42,147.35,-17.49,-8.81,173.86,53.713,53.573,-28.3807,-3.8721,190.38,466.11,-28.8479,-4.3083,,,0.20344,0
163.4957,54,59,6,5,245.67,561.89,capture,156.88,487.75,115.67,0,178.931,8.428,179.758,-18.45,20.45,147.44,-18.30,-7.61,173.75,53.878,53.798,-28.6794,-6.6015,156.88,487.75,-28.7721,-5.3402,,,0.18755,0
163.6132,54,59,6,5,245.67,561.89,capture,165.32,499.87,101.50,0,179.028,8.421,179.768,-18.46,20.56,147.44,-17.87,-8.41,174.25,53.615,54.182,-29.6750,-5.9004,165.32,499.87,-29.1784,-5.5923,,,0.20381,0
163.7012,54,59,6,5,245.67,561.89,capture,159.27,488.98,113.05,0,178.973,8.454,179.788,-18.55,20.41,147.58,-18.13,-8.16,174.31,53.256,54.167,-28.6772,-5.2980,159.27,488.98,-28.9529,-5.4599,,,0.18026,0
163.7955,54,59,6,5,245.67,561.89,capture,167.62,491.10,105.37,0,178.969,8.438,179.780,-18.51,20.54,147.36,-18.25,-8.08,173.52,53.057,54.175,-28.8918,-5.2274,167.62,491.10,-28.9254,-5.3552,,,0.19900,0
163.9688,55,9,1,0,22.33,129.67,dwell,187.28,425.04,338.31,0,178.878,8.212,179.797,-18.40,20.52,147.38,-18.30,-7.57,173.95,53.292,54.421,-26.6132,-4.1725,187.28,425.04,-26.6132,-4.1725,,,0.20134,0
164.0564,55,9,1,0,22.33,129.67,dwell,7.57,223.69,95.18,0,178.857,8.059,179.810,-18.49,20.56,147.48,-17.83,-7.71,173.91,53.149,54.118,-17.6418,-11.8650,7.57,223.69,-22.5761,-7.6341,,,0.20071,0
164.1465,55,9,1,0,22.33,129.67,dwell,93.01,233.19,125.35,0,178.950,8.218,179.770,-18.52,20.74,147.26,-17.66,-7.32,173.57,53.119,53.992,-19.0901,-9.2144,93.01,233.19,-21.0074,-8.3452,,,0.17950,0
164.2641,55,9,1,0,22.33,129.67,dwell,94.81,203.10,103.18,0,178.943,8.337,179.820,-18.43,20.67,147.15,-18.48,-8.23,173.52,53.180,54.072,-17.6292,-8.7246,94.81,203.10,-19.4872,-8.5159,,,0.20229,0
164.3646,55,9,1,0,22.33,129.67,dwell,38.48,203.08,75.17,0,178.909,8.371,179.809,-18.31,20.73,147.15,-17.76,-7.47,172.96,53.006,54.399,-16.5925,-11.3683,38.48,203.08,-18.1846,-9.7995,,,0.21627,0
164.4722,55,9,1,0,22.33,129.67,dwell,-14.81,204.00,83.10,0,178.848,8.197,179.827,-18.36,20.69,146.87,-17.74,-7.88,173.00,52.714,54.557,-17.6393,-13.1211,-14.81,204.00,-17.9392,-11.2942,,,0.19376,0
164.5849,55,9,1,0,22.33,129.67,dwell,34.67,119.05,16.28,1,178.823,8.099,179.818,-18.39,20.69,146.86,-18.25,-7.43,172.71,52.752,54.418,-13.3788,-11.3347,34.67,119.05,-15.8870,-11.3124,,,0.16539,0
164.6831,55,9,1,0,22.33,129.67,dwell,49.49,-3.98,136.38,0,178.783,8.045,179.802,-18.31,20.79,146.70,-17.89,-7.34,172.89,53.017,54.563,-10.1625,-10.0518,49.49,-3.98,-13.3110,-10.7451,,,0.19769,0
164.7875,55,9,1,0,22.33,129.67,dwell,-26.90,63.16,82.75,0,178.806,8.162,179.844,-18.34,20.85,146.54,-18.47,-7.67,172.43,52.809,54.353,-12.1517,-14.0366,-26.90,63.16,-12.7893,-12.2263,,,0.19414,0
164.8912,55,9,1,0,22.33,129.67,capture,-4.11,13.45,119.19,0,178.890,7.984,179.852,-18.39,20.78,146.61,-17.73,-8.10,173.24,52.879,54.055,-10.5214,-13.5449,-4.11,13.45,-11.7688,-12.8197,,,0.18891,0
164.9791,55,9,1,0,22.33,129.67,capture,-10.09,-5.49,138.99,0,178.817,7.848,179.848,-18.36,20.93,146.71,-18.24,-7.13,172.66,53.167,54.103,-9.6706,-13.6020,-10.09,-5.49,-10.8246,-13.1717,,,0.18186,0
165.0855,55,9,1,0,22.33,129.67,capture,-22.04,4.24,133.04,0,178.900,7.928,179.825,-18.30,20.88,146.72,-17.22,-6.83,172.80,53.406,53.927,-9.9990,-13.8571,-22.04,4.24,-10.4531,-13.4802,,,0.17730,0
165.1798,55,9,1,0,22.33,129.67,capture,2.34,-0.54,131.73,0,179.035,7.691,179.809,-18.31,20.90,146.77,-18.07,-8.30,172.73,52.959,53.852,-9.9293,-13.0816,2.34,-0.54,-10.2174,-13.3008,,,0.20583,0
165.2748,55,9,1,0,22.33,129.67,capture,-27.29,-23.43,160.94,0,179.082,7.671,179.815,-18.32,20.79,146.82,-18.10,-8.29,172.90,53.246,54.295,-8.0158,-14.6474,-27.29,-23.43,-9.2267,-13.9068,,,0.20301,0
165.3568,55,9,1,0,22.33,129.67,capture,-40.79,-8.53,151.93,0,179.040,7.526,179.847,-18.32,20.84,146.93,-18.06,-8.08,173.52,53.463,54.170,-8.8283,-14.6788,-40.79,-8.53,-9.0474,-14.2542,,,0.20760,0
165.4754,55,9,1,0,22.33,129.67,capture,-26.00,10.05,129.01,0,179.035,7.622,179.832,-18.38,20.93,147.01,-17.73,-7.42,172.92,53.560,54.269,-10.6129,-14.5785,-26.00,10.05,-9.7519,-14.4001,,,0.20481,0
165.5702,55,9,1,0,22.33,129.67,capture,-23.42,5.51,132.32,0,178.878,7.716,179.846,-18.33,20.90,147.06,-18.64,-7.28,173.24,53.717,54.624,-10.0047,-13.1478,-23.42,5.51,-9.8656,-13.8366,,,0.21131,0
165.6786,55,9,1,0,22.33,129.67,capture,-27.67,-3.43,142.18,0,178.829,7.632,179.838,-18.32,21.11,147.02,-18.43,-7.27,172.94,53.929,54.569,-10.1280,-13.5127,-27.67,-3.43,-9.9837,-13.6908,,,0.23018,0
165.7816,55,9,1,0,22.33,129.67,capture,-22.11,6.85,130.61,0,178.947,7.650,179.868,-18.39,21.08,146.99,-18.37,-7.66,173.63,53.632,54.531,-9.9340,-13.8964,-22.11,6.85,-9.9613,-13.7833,,,0.19380,0
165.8966,55,9,1,0,22.33,129.67,capture,-25.18,14.67,124.43,0,178.938,7.721,179.839,-18.36,20.92,147.09,-17.46,-7.14,173.22,53.668,54.468,-10.1377,-14.2318,-25.18,14.67,-10.0407,-13.9851,,,0.23408,0
165.9847,55,9,1,0,22.33,129.67,capture,-40.01,-20.01,162.14,0,178.934,7.749,179.832,-18.27,20.98,147.44,-17.52,-8.22,173.83,53.573,53.877,-8.6227,-15.3248,-40.01,-20.01,-9.4026,-14.5880,,,0.22785,0
166.0849,55,9,1,0,22.33,129.67,capture,-14.38,-7.56,142.05,0,178.869,7.701,179.820,-18.27,21.07,147.37,-17.28,-6.89,173.62,53.645,53.430,-9.5436,-13.7251,-14.38,-7.56,-9.4661,-14.1997,,,0.19862,0
166.2118,55,9,1,0,22.33,129.67,capture,-18.21,-16.13,151.33,0,178.833,7.543,179.828,-18.36,21.05,147.41,-17.80,-7.66,174.03,53.916,53.576,-10.2463,-13.3492,-18.21,-16.13,-9.8171,-13.8170,,,0.20024,0
166.3153,55,9,1,0,22.33,129.67,capture,-12.55,-8.41,142.41,0,178.866,7.491,179.827,-18.36,21.02,147.31,-17.93,-7.30,173.59,54.117,53.910,-9.1373,-13.4915,-12.55,-8.41,-9.5112,-13.6705,,,0.20790,0
166.4264,55,9,1,0,22.33,129.67,capture,-15.76,-8.76,143.57,0,178.880,7.627,179.810,-18.40,20.92,147.22,-17.78,-6.96,173.64,54.125,54.132,-10.0840,-13.4174,-15.76,-8.76,-9.7690,-13.5566,,,0.25031,0
166.5259,55,9,1,0,22.33,129.67,capture,-19.99,-43.85,178.60,0,178.825,7.626,179.812,-18.47,20.76,147.44,-17.55,-7.04,173.64,54.167,54.031,-7.8449,-13.5489,-19.99,-43.85,-8.9032,-13.5531,,,0.24212,0
166.6198,55,9,1,0,22.33,129.67,capture,-9.23,-16.59,149.62,0,178.972,7.640,179.821,-18.42,20.66,147.32,-17.92,-8.09,173.24,54.130,54.066,-8.6238,-13.7075,-9.23,-16.59,-8.7775,-13.6226,,,0.21052,0
166.7254,55,9,1,0,22.33,129.67,capture,0.80,7.67,123.88,0,178.956,7.592,179.794,-18.45,20.59,147.34,-17.86,-7.56,173.60,54.239,53.867,-10.5320,-12.4340,0.80,7.67,-9.5670,-13.0877,,,0.20890,0
166.8237,55,9,1,0,22.33,129.67,capture,-3.52,-15.30,147.25,0,178.948,7.630,179.788,-18.30,20.46,147.39,-17.88,-8.62,173.24,54.589,53.953,-9.5399,-12.5398,-3.52,-15.30,-9.5548,-12.8412,,,0.22779,0
167.0055,56,65,7,2,111.67,648.33,dwell,88.04,35.62,613.17,0,179.115,7.675,179.798,-18.15,20.45,147.52,-17.97,-7.98,174.43,54.342,54.274,-12.0069,-8.6577,88.04,35.62,-12.0069,-8.6577,,,0.21602,0
167.1065,56,65,7,2,111.67,648.33,dwell,81.53,117.20,531.99,0,179.111,7.840,179.818,-18.11,20.41,147.46,-17.78,-7.90,173.45,54.217,54.616,-14.2332,-9.1428,81.53,117.20,-13.0087,-8.8760,,,0.22996,0
167.1885,56,65,7,2,111.67,648.33,dwell,85.11,252.26,396.96,0,179.082,7.936,179.828,-18.05,20.47,147.48,-17.62,-8.02,173.48,54.168,54.392,-19.4606,-9.1329,85.11,252.26,-15.9121,-8.9916,,,0.24040,0
167.2735,56,65,7,2,111.67,648.33,dwell,70.99,264.58,385.90,0,178.901,7.984,179.797,-18.03,20.38,147.62,-17.35,-8.34,173.83,53.911,54.332,-20.0739,-9.7366,70.99,264.58,-17.7849,-9.3268,,,0.21065,0
167.3703,56,65,7,2,111.67,648.33,dwell,115.89,309.89,338.47,0,178.971,8.061,179.842,-18.10,20.81,147.55,-18.03,-8.16,173.85,53.887,54.344,-21.6598,-7.5111,115.89,309.89,-19.5286,-8.5098,,,0.22118,0
167.4721,56,65,7,2,111.67,648.33,dwell,69.15,185.01,465.27,0,178.914,7.972,179.837,-18.18,20.71,147.40,-17.62,-7.24,173.53,53.641,54.607,-16.8778,-9.8992,69.15,185.01,-18.3357,-9.1350,,,0.18264,0
167.5746,56,65,7,2,111.67,648.33,dwell,127.31,374.23,274.55,0,178.970,7.855,179.856,-18.18,20.80,147.61,-17.74,-7.53,173.92,53.883,54.407,-24.3412,-7.2642,127.31,374.23,-21.0382,-8.2932,,,0.18341,0
167.6795,56,65,7,2,111.67,648.33,dwell,83.54,420.00,230.06,0,178.930,7.867,179.827,-18.13,20.85,147.37,-17.00,-8.15,173.74,53.879,54.388,-26.1213,-9.0683,83.54,420.00,-23.3256,-8.6420,,,0.22767,0
167.7815,56,65,7,2,111.67,648.33,dwell,93.65,388.61,260.35,0,178.948,7.900,179.811,-18.34,20.75,147.07,-17.65,-7.60,173.44,53.689,54.120,-25.4367,-8.1980,93.65,388.61,-24.2756,-8.4422,,,0.19045,0
167.8999,56,65,7,2,111.67,648.33,dwell,171.81,448.54,208.65,0,178.983,8.142,179.810,-18.36,20.89,147.30,-17.75,-7.39,173.07,53.644,53.855,-27.8678,-5.5313,171.81,448.54,-25.8921,-7.1323,,,0.23672,0
168.0073,56,65,7,2,111.67,648.33,capture,150.51,479.95,172.81,0,178.950,8.152,179.806,-18.39,20.94,147.19,-17.71,-7.97,173.82,53.704,53.929,-28.4982,-6.2041,150.51,479.95,-27.0648,-6.7146,,,0.22696,0
168.1020,56,65,7,2,111.67,648.33,capture,130.82,480.72,168.70,0,178.955,8.253,179.836,-18.45,20.97,147.43,-17.56,-7.38,173.60,53.740,53.807,-28.5323,-7.2650,130.82,480.72,-27.7252,-6.9623,,,0.22139,0
168.2035,56,65,7,2,111.67,648.33,capture,107.13,493.11,155.29,0,178.987,8.217,179.812,-18.59,20.98,147.21,-17.58,-8.04,173.32,53.375,54.264,-28.8287,-8.1525,107.13,493.11,-28.2218,-7.4979,,,0.21869,0
168.3188,56,65,7,2,111.67,648.33,capture,136.31,476.15,173.94,0,178.953,8.284,179.800,-18.56,20.87,147.29,-17.85,-7.48,173.52,53.593,54.034,-27.9680,-6.3793,136.31,476.15,-28.1075,-6.9945,,,0.20062,0
168.4146,56,65,7,2,111.67,648.33,capture,140.06,503.67,147.42,0,178.998,8.373,179.817,-18.47,20.77,147.22,-18.16,-7.85,173.56,53.678,54.010,-29.3713,-6.2202,140.06,503.67,-28.6763,-6.6460,,,0.21213,0
168.4966,56,65,7,2,111.67,648.33,capture,159.30,467.49,187.01,0,178.964,8.387,179.818,-18.56,20.79,147.25,-18.07,-7.08,173.55,53.739,53.901,-27.6764,-5.9482,159.30,467.49,-28.2263,-6.3320,,,0.22875,0
168.6018,56,65,7,2,111.67,648.33,capture,165.31,497.19,160.38,0,179.032,8.362,179.839,-18.50,20.69,147.21,-18.07,-8.00,173.14,54.189,53.424,-29.1725,-4.9908,165.31,497.19,-28.6521,-5.7285,,,0.24339,0
168.7061,56,65,7,2,111.67,648.33,capture,168.63,490.42,167.87,0,179.088,8.336,179.820,-18.50,20.64,147.11,-18.00,-8.37,173.13,53.871,53.405,-28.9532,-5.2529,168.63,490.42,-28.7876,-5.5145,,,0.20701,0
168.7959,56,65,7,2,111.67,648.33,capture,143.99,493.95,157.73,0,179.042,8.352,179.804,-18.33,20.65,147.52,-17.69,-7.26,173.62,53.909,53.090,-29.8942,-6.2529,143.99,493.95,-29.2855,-5.8467,,,0.22138,0
168.8983,56,65,7,2,111.67,648.33,capture,140.55,455.53,194.95,0,179.058,8.440,179.816,-18.20,20.61,147.60,-18.00,-7.36,173.48,54.650,52.964,-27.1519,-6.4140,140.55,455.53,-28.3254,-6.1020,,,0.25687,0
168.9879,56,65,7,2,111.67,648.33,capture,150.79,474.02,178.65,0,179.142,8.485,179.808,-18.17,20.69,147.43,-17.71,-8.34,173.41,54.399,53.294,-28.2014,-6.0826,150.79,474.02,-28.2696,-6.0933,,,0.22525,0
169.0830,56,65,7,2,111.67,648.33,capture,161.40,502.72,153.87,0,179.090,8.502,179.795,-18.11,20.47,147.24,-17.42,-7.98,173.32,54.122,53.305,-29.4247,-5.4598,161.40,502.72,-28.7894,-5.8082,,,0.22162,0
169.1653,56,65,7,2,111.67,648.33,capture,150.50,479.62,173.12,0,178.987,8.557,179.817,-18.11,20.41,147.34,-18.10,-7.94,173.71,54.176,53.740,-28.4846,-5.7298,150.50,479.62,-28.6522,-5.7729,,,0.23901,0
169.2686,56,65,7,2,111.67,648.33,capture,167.66,511.61,147.74,0,178.880,8.579,179.808,-18.07,20.39,147.41,-17.96,-7.86,173.66,54.226,54.061,-28.9286,-5.5235,167.66,511.61,-28.7766,-5.6607,,,0.23491,0
169.3572,56,65,7,2,111.67,648.33,capture,161.65,486.89,169.00,0,178.861,8.547,179.801,-18.09,20.38,147.56,-17.67,-8.47,173.14,54.121,54.188,-27.9227,-4.6358,161.65,486.89,-28.3924,-5.1995,,,0.20162,0
169.4550,56,65,7,2,111.67,648.33,capture,136.62,479.23,170.93,0,178.826,8.539,179.802,-18.18,20.61,147.75,-17.58,-7.79,173.08,54.372,54.169,-28.2527,-6.7388,136.62,479.23,-28.3295,-5.8922,,,0.17831,0
169.5675,56,65,7,2,111.67,648.33,capture,163.38,467.38,188.20,0,178.932,8.624,179.802,-18.29,20.57,147.68,-18.70,-8.46,174.11,54.317,54.106,-27.5589,-5.0568,163.38,467.38,-27.9827,-5.5163,,,0.21491,0
169.6522,56,65,7,2,111.67,648.33,capture,164.14,497.01,160.16,0,178.860,8.556,179.815,-18.16,20.67,147.84,-17.78,-7.60,174.13,54.140,53.678,-29.3334,-4.4946,164.14,497.01,-28.5905,-5.0565,,,0.24528,0
169.8609,57,46,5,1,67.00,475.44,dwell,125.07,460.11,60.06,0,178.946,8.543,179.806,-18.24,20.67,148.01,-18.13,-8.21,174.31,54.184,54.007,-28.0946,-7.0088,125.07,460.11,-28.0946,-7.0088,,,0.23687,0
169.9535,57,46,5,1,67.00,475.44,dwell,182.69,522.60,124.93,0,178.878,8.436,179.838,-18.26,20.49,147.96,-17.49,-8.76,174.75,54.236,53.748,-29.6519,-4.0399,182.69,522.60,-28.7954,-5.6728,,,0.23637,0
170.0492,57,46,5,1,67.00,475.44,dwell,51.51,414.11,63.26,0,178.952,8.486,179.887,-18.22,20.37,147.77,-18.38,-8.87,174.00,53.771,53.879,-25.9730,-10.6289,51.51,414.11,-27.5253,-7.9030,,,0.21959,0
170.1639,57,46,5,1,67.00,475.44,dwell,40.19,501.86,37.64,0,179.062,8.532,179.853,-18.24,20.29,147.78,-18.22,-7.88,174.68,53.978,53.919,-28.6605,-11.4812,40.19,501.86,-28.0361,-9.5132,,,0.23112,0
170.2657,57,46,5,1,67.00,475.44,dwell,77.68,479.26,11.34,1,179.151,8.648,179.853,-18.23,20.43,147.62,-17.92,-7.79,174.30,53.872,53.893,-28.0186,-9.4149,77.68,479.26,-28.0283,-9.4690,,,0.23321,0
170.3758,57,46,5,1,67.00,475.44,dwell,33.97,535.54,68.57,0,178.986,8.593,179.843,-18.28,20.53,147.58,-18.37,-7.44,173.87,53.744,54.281,-30.7004,-11.3120,33.97,535.54,-29.2307,-10.2983,,,0.22446,0
170.4665,57,46,5,1,67.00,475.44,dwell,-11.73,486.44,79.49,0,178.990,8.612,179.842,-18.26,20.58,147.64,-17.62,-7.41,173.73,53.521,54.298,-29.0490,-13.7704,-11.73,486.44,-29.1489,-11.8608,,,0.21201,0
170.5700,57,46,5,1,67.00,475.44,dwell,29.31,588.09,118.78,0,178.935,8.373,179.815,-18.29,20.51,147.54,-17.60,-8.13,174.10,53.561,54.116,-32.4482,-11.6981,29.31,588.09,-30.6336,-11.7876,,,0.20691,0
170.6726,57,46,5,1,67.00,475.44,capture,-14.61,553.69,113.06,0,178.905,8.296,179.801,-18.22,20.46,147.67,-17.81,-7.94,174.00,53.452,54.224,-30.9597,-12.6108,-14.61,553.69,-30.7804,-12.1580,,,0.17670,0
170.7721,57,46,5,1,67.00,475.44,capture,-12.42,568.63,122.44,0,178.926,8.334,179.841,-18.15,20.58,147.94,-17.48,-7.71,174.29,53.372,54.294,-31.3201,-13.9870,-12.42,568.63,-31.0232,-12.9810,,,0.20380,0
170.8678,57,46,5,1,67.00,475.44,capture,-38.36,541.11,124.15,0,178.957,8.299,179.840,-18.16,20.41,147.86,-17.30,-7.87,174.40,53.381,53.970,-30.9207,-14.4386,-38.36,541.11,-30.9771,-13.6369,,,0.21163,0
170.9789,57,46,5,1,67.00,475.44,capture,-2.74,541.30,95.92,0,178.909,8.328,179.812,-18.17,20.43,147.85,-17.48,-8.16,174.11,53.669,53.910,-31.1562,-13.1618,-2.74,541.30,-31.0577,-13.4231,,,0.20924,0
171.0844,57,46,5,1,67.00,475.44,capture,-12.85,551.35,110.17,0,178.812,8.437,179.822,-18.21,20.51,147.74,-17.89,-8.09,174.16,53.511,54.021,-30.4082,-13.4902,-12.85,551.35,-30.7654,-13.4533,,,0.20382,0
171.1794,57,46,5,1,67.00,475.44,capture,1.49,561.62,108.25,0,178.846,8.269,179.819,-18.22,20.50,147.72,-18.04,-7.95,173.77,53.608,54.468,-32.0612,-12.8898,1.49,561.62,-31.3485,-13.1997,,,0.23040,0
171.3005,57,46,5,1,67.00,475.44,capture,-14.95,555.28,114.41,0,178.860,8.196,179.818,-18.30,20.73,147.66,-17.77,-7.49,173.60,53.868,54.174,-31.8898,-13.6933,-14.95,555.28,-31.5921,-13.4218,,,0.21920,0
171.4179,57,46,5,1,67.00,475.44,capture,-18.46,582.33,136.85,0,178.968,8.246,179.821,-18.30,20.63,147.49,-18.23,-7.84,173.64,54.031,53.961,-33.3625,-13.9148,-18.46,582.33,-32.3888,-13.6437,,,0.21911,0
171.5140,57,46,5,1,67.00,475.44,capture,-13.34,560.92,117.31,0,178.854,8.286,179.804,-18.45,20.76,147.37,-17.77,-8.39,173.23,54.016,54.384,-31.2689,-13.0919,-13.34,560.92,-31.8848,-13.3954,,,0.21584,0
171.6042,57,46,5,1,67.00,475.44,capture,-28.38,548.37,120.06,0,178.981,8.257,179.838,-18.32,20.87,147.63,-18.34,-8.05,173.36,54.388,54.271,-31.8674,-14.1134,-28.38,548.37,-31.8770,-13.7185,,,0.20020,0
171.7171,57,46,5,1,67.00,475.44,capture,-11.76,538.86,101.12,0,179.060,8.249,179.808,-18.32,20.72,147.85,-18.11,-8.14,174.44,54.336,54.143,-31.0538,-13.7281,-11.76,538.86,-31.5065,-13.7228,,,0.25694,0
171.8120,57,46,5,1,67.00,475.44,capture,-23.85,541.11,112.10,0,179.063,8.396,179.801,-18.34,20.63,147.76,-18.48,-8.06,174.54,54.273,54.283,-31.3194,-13.8285,-23.85,541.11,-31.4223,-13.7704,,,0.22226,0
171.9088,57,46,5,1,67.00,475.44,capture,-28.00,548.07,119.58,0,179.153,8.281,179.782,-18.25,20.70,147.54,-17.72,-8.28,173.70,54.317,54.298,-30.6843,-13.9475,-28.00,548.07,-31.0902,-13.8501,,,0.24822,0
172.0240,57,46,5,1,67.00,475.44,capture,-18.19,559.62,119.76,0,179.112,8.370,179.754,-18.23,20.53,147.20,-18.00,-7.83,173.61,54.310,54.266,-31.2187,-13.4235,-18.19,559.62,-31.1480,-13.6581,,,0.23176,0
172.1233,57,46,5,1,67.00,475.44,capture,-21.96,578.07,135.82,0,179.097,8.315,179.764,-18.15,20.61,147.30,-17.75,-7.86,173.57,54.646,54.315,-32.5925,-13.8129,-21.96,578.07,-31.7980,-13.7278,,,0.23579,0
172.2392,57,46,5,1,67.00,475.44,capture,-18.29,552.72,115.09,0,179.141,8.221,179.756,-18.32,20.65,147.46,-18.06,-6.86,173.45,54.421,54.044,-29.8746,-14.4212,-18.29,552.72,-30.9325,-14.0398,,,0.21200,0
172.3465,57,46,5,1,67.00,475.44,capture,-0.87,573.80,119.50,0,179.049,8.396,179.757,-18.35,20.74,147.29,-17.53,-7.55,173.66,53.988,54.080,-32.4919,-12.7646,-0.87,573.80,-31.6342,-13.4660,,,0.21904,0
172.4405,57,46,5,1,67.00,475.44,capture,-15.87,554.65,114.63,0,178.951,8.536,179.765,-18.33,20.86,147.40,-17.84,-7.47,173.12,54.036,53.558,-31.4354,-13.5005,-15.87,554.65,-31.5448,-13.4815,,,0.21825,0
172.5397,57,46,5,1,67.00,475.44,capture,-18.36,576.62,132.37,0,179.011,8.538,179.809,-18.33,20.92,147.44,-17.86,-8.11,173.81,53.960,53.718,-33.0372,-13.3412,-18.36,576.62,-32.2164,-13.4184,,,0.23030,0
172.6335,57,46,5,1,67.00,475.44,capture,-38.85,555.70,132.84,0,178.924,8.461,179.819,-18.38,20.85,147.27,-17.69,-6.58,173.13,53.981,53.898,-31.1833,-15.1783,-38.85,555.70,-31.7515,-14.2104,,,0.21884,0
172.8253,58,18,2,0,22.33,216.11,dwell,-41.97,532.58,322.94,0,179.026,8.329,179.802,-18.43,20.77,147.24,-18.47,-7.69,172.92,53.928,54.169,-30.1780,-15.4449,-41.97,532.58,-30.1780,-15.4449,,,0.25390,0
172.9277,58,18,2,0,22.33,216.11,dwell,-39.96,609.26,398.05,0,179.051,8.250,179.799,-18.42,20.67,147.18,-17.71,-8.06,173.46,54.021,54.142,-32.4394,-14.2065,-39.96,609.26,-31.1957,-14.8876,,,0.22781,0
173.0265,58,18,2,0,22.33,216.11,dwell,20.68,432.93,216.83,0,179.074,8.285,179.795,-18.41,20.64,146.82,-17.91,-8.17,173.07,53.741,53.686,-25.5301,-11.4369,20.68,432.93,-28.6462,-13.3348,,,0.20967,0
173.1105,58,18,2,0,22.33,216.11,dwell,3.78,494.93,279.44,0,179.132,8.352,179.800,-18.40,20.56,146.77,-18.33,-8.15,173.06,53.744,53.685,-29.2311,-12.6140,3.78,494.93,-28.9094,-13.0104,,,0.20952,0
173.1983,58,18,2,0,22.33,216.11,dwell,-37.49,357.77,153.77,0,179.102,8.460,179.791,-18.38,20.40,146.96,-17.68,-7.82,173.05,53.518,53.286,-24.1352,-14.3263,-37.49,357.77,-26.7610,-13.6026,,,0.22637,0
173.3053,58,18,2,0,22.33,216.11,dwell,16.94,326.31,110.33,0,178.988,8.437,179.779,-18.39,20.30,146.92,-17.85,-7.69,172.90,53.738,53.588,-22.8573,-12.1308,16.94,326.31,-25.0043,-12.9403,,,0.21945,0
173.3896,58,18,2,0,22.33,216.11,dwell,-39.16,348.74,146.19,0,178.901,8.404,179.801,-18.21,20.26,146.85,-16.95,-8.26,173.15,53.837,53.930,-23.4957,-14.7832,-39.16,348.74,-24.3255,-13.7696,,,0.24029,0
173.4915,58,18,2,0,22.33,216.11,dwell,50.22,293.56,82.32,0,178.807,8.183,179.796,-18.13,20.43,146.79,-18.19,-7.85,172.75,53.881,53.688,-21.1011,-10.0562,50.22,293.56,-22.8745,-12.0986,,,0.21946,0
173.5919,58,18,2,0,22.33,216.11,dwell,4.40,274.96,61.52,0,178.699,8.282,179.768,-18.18,20.56,146.83,-17.57,-8.21,172.40,53.968,54.067,-20.7217,-12.9464,4.40,274.96,-21.9058,-12.4801,,,0.23225,0
173.6828,58,18,2,0,22.33,216.11,dwell,-31.73,255.76,67.04,0,178.855,8.244,179.791,-18.03,20.73,146.77,-17.61,-8.57,173.03,53.864,53.955,-20.6794,-14.1253,-31.73,255.76,-21.3539,-13.2204,,,0.21146,0
173.7805,58,18,2,0,22.33,216.11,dwell,-31.56,248.12,62.68,0,178.909,8.294,179.832,-18.03,20.75,146.81,-17.88,-7.86,172.92,53.850,54.017,-18.7959,-14.6948,-31.56,248.12,-20.2028,-13.8839,,,0.21448,0
173.8830,58,18,2,0,22.33,216.11,capture,-22.71,197.80,48.62,0,178.961,8.223,179.835,-18.22,20.78,147.14,-18.22,-8.18,172.66,54.041,53.946,-18.3488,-13.4248,-22.71,197.80,-19.3685,-13.6773,,,0.22381,0
173.9832,58,18,2,0,22.33,216.11,capture,-27.54,215.35,49.88,0,178.900,8.127,179.806,-18.42,20.82,147.27,-17.84,-7.63,173.34,54.148,54.074,-18.4326,-14.5211,-27.54,215.35,-18.9473,-14.0570,,,0.22686,0
174.0704,58,18,2,0,22.33,216.11,capture,-37.77,215.57,60.11,0,178.978,8.062,179.763,-18.39,20.58,147.24,-17.75,-8.27,173.44,53.541,54.121,-18.1379,-14.0614,-37.77,215.57,-18.5831,-14.0590,,,0.20999,0
174.1672,58,18,2,0,22.33,216.11,capture,-25.11,215.56,47.45,0,179.016,7.971,179.805,-18.28,20.61,147.31,-17.43,-7.73,173.45,53.645,54.153,-18.4620,-13.9022,-25.11,215.56,-18.5286,-13.9884,,,0.22390,0
174.2672,58,18,2,0,22.33,216.11,capture,-11.49,208.63,34.64,0,178.883,8.080,179.822,-18.36,20.36,147.42,-18.50,-8.88,173.32,53.446,54.469,-18.8090,-13.4990,-11.49,208.63,-18.6548,-13.7682,,,0.19862,0
174.3831,58,18,2,0,22.33,216.11,capture,-9.68,211.00,32.42,0,178.805,7.997,179.791,-18.31,20.21,147.48,-17.84,-8.71,173.74,53.410,54.758,-18.7635,-13.4363,-9.68,211.00,-18.7037,-13.6188,,,0.17332,0
174.4771,58,18,2,0,22.33,216.11,capture,-16.94,229.73,41.57,0,178.868,7.992,179.811,-18.36,20.12,147.55,-18.23,-8.87,174.30,53.303,54.529,-19.8737,-12.6931,-16.94,229.73,-19.2302,-13.2023,,,0.19930,0
174.5812,58,18,2,0,22.33,216.11,capture,-18.24,202.03,42.95,0,178.790,7.981,179.842,-18.48,20.24,147.32,-18.74,-7.41,173.55,53.517,54.374,-17.8076,-13.3320,-18.24,202.03,-18.5900,-13.2606,,,0.19921,0
174.7005,58,18,2,0,22.33,216.11,capture,-22.56,220.80,45.14,0,178.828,8.051,179.833,-18.51,20.39,147.34,-18.00,-7.74,173.96,53.583,54.291,-17.3454,-14.1039,-22.56,220.80,-18.0300,-13.6401,,,0.19106,0
174.7909,58,18,2,0,22.33,216.11,capture,-27.25,215.27,49.59,0,178.816,7.941,179.811,-18.58,20.44,147.59,-17.79,-8.19,174.11,53.525,54.214,-17.4586,-14.2518,-27.25,215.27,-17.7729,-13.9154,,,0.23137,0
174.8729,58,18,2,0,22.33,216.11,capture,-12.10,221.62,34.87,0,178.776,7.951,179.810,-18.56,20.66,147.69,-17.71,-8.33,173.45,53.765,54.234,-18.1140,-13.4424,-12.10,221.62,-17.9264,-13.7025,,,0.22117,0
174.9819,58,18,2,0,22.33,216.11,capture,-18.06,208.94,41.02,0,178.793,7.918,179.833,-18.56,20.70,147.64,-18.10,-7.24,173.86,53.945,54.096,-19.3367,-14.0244,-18.06,208.94,-18.5610,-13.8474,,,0.22707,0
175.0693,58,18,2,0,22.33,216.11,capture,5.75,212.39,17.00,1,178.827,7.896,179.800,-18.51,20.70,147.63,-17.92,-7.99,173.98,53.879,53.915,-17.2326,-12.7701,5.75,212.39,-17.9632,-13.3626,,,0.22333,0
175.1707,58,18,2,0,22.33,216.11,capture,-2.42,202.32,28.34,0,178.779,7.885,179.769,-18.53,20.64,147.61,-18.37,-8.03,174.18,53.984,54.123,-17.2376,-12.8205,-2.42,202.32,-17.6367,-13.1187,,,0.23443,0
175.2949,58,18,2,0,22.33,216.11,capture,-6.02,202.21,31.58,0,178.839,7.897,179.745,-18.64,20.68,147.66,-18.29,-8.50,173.88,54.155,54.446,-17.7185,-13.2328,-6.02,202.21,-17.6735,-13.1700,,,0.23012,0
175.4028,58,18,2,0,22.33,216.11,capture,-29.31,227.30,52.84,0,178.853,7.854,179.739,-18.66,20.68,147.50,-17.63,-7.52,173.89,53.919,54.198,-18.5519,-14.0366,-29.31,227.30,-18.0688,-13.5600,,,0.23280,0
175.5013,58,18,2,0,22.33,216.11,capture,-28.95,207.25,52.04,0,178.794,7.939,179.708,-18.55,20.60,147.46,-18.24,-7.88,173.92,53.970,53.909,-17.1824,-14.0697,-28.95,207.25,-17.6699,-13.7893,,,0.21374,0
175.5873,58,18,2,0,22.33,216.11,capture,-10.70,200.62,36.49,0,178.750,7.945,179.729,-18.63,20.63,147.36,-18.22,-7.72,173.07,54.047,53.984,-17.7401,-13.1515,-10.70,200.62,-17.7015,-13.5023,,,0.22305,0
175.7520,59,66,7,3,156.33,648.33,dwell,-41.88,428.87,295.72,0,178.784,7.998,179.755,-18.68,20.74,147.33,-17.96,-7.16,173.39,53.574,54.387,-26.1109,-15.1418,-41.88,428.87,-26.1109,-15.1418,,,0.20874,0
175.8543,59,66,7,3,156.33,648.33,dwell,-31.32,288.66,405.68,0,178.782,8.019,179.797,-18.66,20.57,147.58,-18.46,-7.75,173.84,53.499,54.345,-21.4892,-14.7564,-31.32,288.66,-24.0311,-14.9683,,,0.20380,0
175.9380,59,66,7,3,156.33,648.33,dwell,30.74,398.35,279.76,0,178.906,8.006,179.781,-18.67,20.44,147.54,-18.50,-8.38,173.56,53.480,54.402,-24.8384,-11.4451,30.74,398.35,-24.3944,-13.3829,,,0.20795,0
176.0439,59,66,7,3,156.33,648.33,dwell,8.19,515.63,198.89,0,178.924,8.113,179.791,-18.79,20.47,147.52,-18.23,-8.23,173.15,53.894,54.063,-30.8506,-12.3967,8.19,515.63,-27.2997,-12.9391,,,0.22509,0
176.1321,59,66,7,3,156.33,648.33,dwell,56.73,564.71,130.05,0,178.876,8.147,179.786,-18.89,20.41,147.68,-18.11,-7.34,174.04,53.757,53.582,-31.7443,-9.4012,56.73,564.71,-29.2998,-11.3471,,,0.24844,0
176.2354,59,66,7,3,156.33,648.33,dwell,108.40,547.27,111.85,0,178.884,8.366,179.812,-18.87,20.23,147.79,-18.33,-8.23,174.14,54.050,53.800,-30.4003,-7.5360,108.40,547.27,-29.7950,-9.6321,,,0.24175,0
176.3356,59,66,7,3,156.33,648.33,dwell,98.39,605.76,71.90,0,178.859,8.481,179.832,-18.88,20.28,147.64,-18.07,-8.24,173.72,54.245,53.632,-32.7309,-8.7355,98.39,605.76,-31.1162,-9.2286,,,0.21258,0
176.4176,59,66,7,3,156.33,648.33,dwell,99.60,607.90,69.67,0,178.852,8.547,179.827,-18.69,20.32,147.59,-18.19,-8.23,174.01,54.209,54.105,-33.3955,-8.1372,99.60,607.90,-32.1419,-8.7375,,,0.24035,0
176.5095,59,66,7,3,156.33,648.33,dwell,125.42,652.50,31.19,0,178.841,8.776,179.827,-18.55,20.15,147.63,-17.88,-8.91,174.33,53.883,54.089,-34.5376,-6.9087,125.42,652.50,-33.2199,-7.9145,,,0.23103,0
176.6126,59,66,7,3,156.33,648.33,capture,125.16,672.42,39.39,0,178.790,8.827,179.870,-18.65,20.29,147.28,-17.97,-8.76,173.41,53.805,54.418,-36.5991,-6.9944,125.16,672.42,-34.7406,-7.5004,,,0.20396,0
176.7040,59,66,7,3,156.33,648.33,capture,147.17,698.44,50.94,0,178.789,8.932,179.890,-18.56,20.43,147.41,-18.86,-7.83,173.62,53.677,54.080,-37.2577,-5.9831,147.17,698.44,-35.8733,-6.8177,,,0.21092,0
176.8029,59,66,7,3,156.33,648.33,capture,147.07,732.59,84.76,0,178.786,8.903,179.866,-18.60,20.39,147.28,-17.69,-7.92,173.63,53.876,54.151,-38.6999,-6.2557,147.07,732.59,-37.1453,-6.5648,,,0.22936,0
176.8849,59,66,7,3,156.33,648.33,capture,135.15,721.55,76.22,0,178.854,8.745,179.873,-18.59,20.34,147.35,-18.41,-8.15,173.62,54.092,54.389,-38.2652,-6.0592,135.15,721.55,-37.6492,-6.3372,,,0.20990,0
176.9753,59,66,7,3,156.33,648.33,capture,137.65,701.54,56.39,0,178.898,8.672,179.870,-18.63,20.23,147.43,-18.32,-9.37,173.26,53.954,54.584,-36.1526,-6.1330,137.65,701.54,-36.9757,-6.2454,,,0.23029,0
177.0679,59,66,7,3,156.33,648.33,capture,128.01,703.78,62.26,0,179.020,8.813,179.873,-18.63,20.17,147.64,-17.73,-8.01,173.61,53.996,54.481,-37.3038,-6.3580,128.01,703.78,-37.1234,-6.2961,,,0.23081,0
177.1837,59,66,7,3,156.33,648.33,capture,151.65,672.83,24.94,1,179.227,8.913,179.882,-18.62,20.44,147.73,-18.36,-7.97,174.30,54.353,54.894,-36.4613,-5.8573,151.65,672.83,-36.8254,-6.0986,,,0.22210,0
177.2800,59,66,7,3,156.33,648.33,capture,138.55,698.32,53.06,0,179.101,8.862,179.863,-18.61,20.45,148.01,-18.11,-9.27,174.33,54.620,54.944,-36.4217,-6.3464,138.55,698.32,-36.6438,-6.2101,,,0.25031,0
177.3891,59,66,7,3,156.33,648.33,capture,161.57,700.68,52.61,0,179.140,8.696,179.902,-18.52,20.32,148.14,-18.11,-8.52,174.68,54.582,54.945,-36.8268,-5.8339,161.57,700.68,-36.7261,-6.0408,,,0.22480,0
177.4807,59,66,7,3,156.33,648.33,capture,135.25,689.61,46.35,1,179.087,8.678,179.900,-18.50,20.15,147.94,-17.87,-8.34,174.52,54.575,55.062,-36.4076,-6.7353,135.25,689.61,-36.5828,-6.3533,,,0.24163,0
177.5770,59,66,7,3,156.33,648.33,capture,159.47,708.64,60.39,0,178.993,8.722,179.923,-18.47,20.12,148.03,-17.72,-8.64,174.51,54.626,55.025,-38.4222,-4.9859,159.47,708.64,-37.4105,-5.7380,,,0.25423,0
177.6939,59,66,7,3,156.33,648.33,capture,148.68,691.40,43.74,1,178.936,8.697,179.906,-18.41,20.24,147.82,-18.04,-8.07,173.88,54.540,54.753,-36.6684,-6.0986,148.68,691.40,-37.0766,-5.9003,,,0.24518,0
177.7993,59,66,7,3,156.33,648.33,capture,176.36,701.55,56.86,0,178.934,8.675,179.894,-18.41,20.16,147.76,-17.65,-8.84,174.19,54.675,54.610,-37.1969,-3.9451,176.36,701.55,-37.1307,-5.0205,,,0.23591,0
177.8871,59,66,7,3,156.33,648.33,capture,145.76,707.81,60.41,0,178.939,8.822,179.867,-18.41,20.35,147.87,-18.02,-8.31,174.06,54.766,54.541,-37.7378,-6.2983,145.76,707.81,-37.4039,-5.5955,,,0.23304,0
178.0061,59,66,7,3,156.33,648.33,capture,125.15,714.19,72.87,0,179.082,8.616,179.884,-18.38,20.59,147.67,-18.06,-8.00,174.07,54.486,54.672,-38.3758,-7.0735,125.15,714.19,-37.8413,-6.2606,,,0.23579,0
178.1019,59,66,7,3,156.33,648.33,capture,138.77,696.85,51.60,0,179.051,8.560,179.885,-18.39,20.78,147.75,-18.31,-7.22,173.73,54.493,54.420,-36.3996,-7.0157,138.77,696.85,-37.1925,-6.6004,,,0.23894,0
178.2135,59,66,7,3,156.33,648.33,capture,146.76,698.47,51.04,0,179.028,8.376,179.900,-18.53,20.77,147.77,-17.65,-7.80,174.12,54.548,54.269,-36.3699,-5.9233,146.76,698.47,-36.8223,-6.2957,,,0.25299,0
178.3198,59,66,7,3,156.33,648.33,capture,132.61,711.51,67.48,0,179.014,8.468,179.893,-18.34,20.75,147.65,-17.73,-7.77,174.18,54.588,54.332,-37.6018,-7.0916,132.61,711.51,-37.1731,-6.6539,,,0.24810,0
178.4121,59,66,7,3,156.33,648.33,capture,147.76,702.82,55.16,0,179.039,8.566,179.893,-18.34,20.71,147.59,-18.11,-7.82,173.82,54.562,54.621,-37.1434,-5.5755,147.76,702.82,-37.1598,-6.1686,,,0.27186,0
178.5031,59,66,7,3,156.33,648.33,capture,124.04,711.81,71.22,0,179.088,8.453,179.872,-18.32,20.91,147.46,-18.38,-8.45,173.86,54.177,54.565,-37.9521,-6.9404,124.04,711.81,-37.5163,-6.5159,,,0.20673,0
178.7138,60,32,3,5,245.67,302.56,dwell,148.36,495.69,216.26,0,179.049,8.510,179.873,-18.25,20.80,147.58,-18.28,-8.32,174.24,54.179,54.619,-28.4055,-5.5689,148.36,495.69,-28.4055,-5.5689,,,0.21450,0
178.8009,60,32,3,5,245.67,302.56,dwell,135.75,644.54,359.21,0,179.003,8.545,179.850,-18.18,20.95,147.50,-17.27,-7.99,173.93,53.869,54.471,-35.4036,-6.9040,135.75,644.54,-31.5547,-6.1697,,,0.22175,0
178.9105,60,32,3,5,245.67,302.56,dwell,98.93,331.49,149.56,0,179.004,8.467,179.855,-18.23,21.03,147.33,-17.67,-7.96,173.74,53.977,54.407,-22.0621,-8.3264,98.93,331.49,-27.2830,-7.1402,,,0.22358,0
179.0000,60,32,3,5,245.67,302.56,dwell,168.52,355.88,93.78,0,179.164,8.456,179.869,-18.25,21.02,147.41,-17.48,-7.98,173.56,53.767,54.290,-23.6423,-5.2607,168.52,355.88,-25.6447,-6.2944,,,0.23182,0
179.0991,60,32,3,5,245.67,302.56,dwell,115.37,296.83,130.42,0,179.064,8.508,179.867,-18.29,20.92,147.42,-17.87,-7.86,173.77,53.573,53.559,-21.5194,-7.7474,115.37,296.83,-23.7883,-6.9483,,,0.21490,0
179.1899,60,32,3,5,245.67,302.56,dwell,177.77,145.77,170.86,0,179.009,8.463,179.877,-18.34,20.82,147.39,-18.15,-7.82,173.63,53.344,53.868,-14.7491,-5.0469,177.77,145.77,-19.7206,-6.0927,,,0.22081,0
179.2860,60,32,3,5,245.67,302.56,dwell,205.37,149.60,158.17,0,178.982,8.369,179.837,-18.31,20.89,147.39,-18.00,-7.02,173.61,53.160,54.254,-15.7520,-4.0115,205.37,149.60,-17.9348,-5.1561,,,0.18749,0
179.3680,60,32,3,5,245.67,302.56,dwell,148.54,93.07,230.91,0,179.050,8.447,179.829,-18.42,20.66,147.31,-17.97,-7.39,173.56,53.397,53.976,-12.9103,-6.6138,148.54,93.07,-15.6737,-5.8121,,,0.16884,0
179.4675,60,32,3,5,245.67,302.56,capture,173.50,29.66,282.28,0,179.046,8.392,179.785,-18.39,20.46,147.13,-18.53,-8.50,173.39,53.697,53.693,-10.6989,-5.1986,173.50,29.66,-13.4351,-5.5360,,,0.20430,0
179.5597,60,32,3,5,245.67,302.56,capture,175.90,33.44,278.01,0,179.064,8.228,179.781,-18.40,20.56,147.18,-17.82,-7.96,173.74,53.754,53.867,-11.4138,-4.4822,175.90,33.44,-12.5255,-5.0618,,,0.19612,0
179.6619,60,32,3,5,245.67,302.56,capture,164.34,14.52,299.30,0,179.137,8.142,179.820,-18.36,20.54,147.19,-17.85,-7.56,173.38,53.946,53.306,-10.9235,-5.1788,164.34,14.52,-11.8046,-5.1145,,,0.21081,0
179.7439,60,32,3,5,245.67,302.56,capture,156.30,30.69,286.18,0,179.083,8.190,179.782,-18.41,20.61,147.32,-18.07,-8.10,173.18,53.988,53.833,-11.3900,-6.0487,156.30,30.69,-11.6180,-5.5349,,,0.24223,0
179.8295,60,32,3,5,245.67,302.56,capture,168.15,51.90,262.37,0,178.942,8.106,179.767,-18.35,20.74,147.27,-17.61,-7.64,173.46,53.652,53.946,-12.2437,-4.9078,168.15,51.90,-11.8996,-5.2527,,,0.21738,0
179.9153,60,32,3,5,245.67,302.56,capture,178.81,35.80,275.01,0,178.905,8.075,179.813,-18.39,20.80,147.35,-18.18,-8.04,173.26,53.976,53.751,-11.5063,-4.6930,178.81,35.80,-11.7226,-5.0008,,,0.20415,0
180.0218,60,32,3,5,245.67,302.56,capture,167.24,27.07,286.43,0,178.777,8.090,179.815,-18.41,20.80,147.30,-18.12,-7.44,173.81,54.128,53.800,-10.7049,-5.4019,167.24,27.07,-11.2646,-5.1813,,,0.19893,0
180.1038,60,32,3,5,245.67,302.56,capture,187.19,33.95,274.90,0,178.894,8.122,179.795,-18.48,20.73,147.20,-18.52,-7.65,173.49,54.337,53.970,-11.1963,-3.9598,187.19,33.95,-11.2339,-4.6316,,,0.21832,0
180.2021,60,32,3,5,245.67,302.56,capture,182.32,49.14,261.21,0,178.842,8.166,179.786,-18.43,20.72,147.34,-17.54,-8.09,173.29,53.770,53.866,-11.9771,-4.1404,182.32,49.14,-11.5683,-4.4106,,,0.21932,0
180.2841,60,32,3,5,245.67,302.56,capture,175.43,39.08,272.68,0,178.868,8.209,179.814,-18.45,20.73,147.51,-17.66,-8.07,173.76,53.765,54.418,-10.7835,-4.6361,175.43,39.08,-11.2151,-4.5121,,,0.19950,0
180.3794,60,32,3,5,245.67,302.56,capture,163.38,31.28,283.48,0,178.742,8.084,179.830,-18.47,20.52,147.51,-18.29,-7.95,174.02,53.803,54.159,-11.2781,-5.4921,163.38,31.28,-11.2435,-4.9531,,,0.23283,0
180.4890,60,32,3,5,245.67,302.56,capture,163.58,28.48,286.10,0,178.791,8.098,179.873,-18.46,20.68,147.18,-17.76,-8.31,173.68,53.888,54.586,-9.5762,-5.3983,163.58,28.48,-10.4932,-5.1534,,,0.23017,0
180.5710,60,32,3,5,245.67,302.56,capture,168.61,22.00,290.95,0,178.742,8.068,179.907,-18.40,20.69,147.30,-17.81,-7.79,173.75,54.402,54.465,-10.7058,-5.2820,168.61,22.00,-10.5889,-5.2113,,,0.23627,0
180.6751,60,32,3,5,245.67,302.56,capture,160.94,37.55,278.22,0,178.864,7.963,179.914,-18.33,20.62,146.94,-18.08,-8.17,173.19,54.170,54.248,-11.6323,-5.3933,160.94,37.55,-11.0584,-5.2932,,,0.20936,0
180.7834,60,32,3,5,245.67,302.56,capture,175.80,8.68,302.07,0,178.841,7.866,179.918,-18.31,20.55,146.94,-17.66,-8.83,172.96,54.030,53.955,-9.9535,-4.6390,175.80,8.68,-10.5612,-4.9988,,,0.19615,0
180.8740,60,32,3,5,245.67,302.56,capture,188.53,15.53,292.66,0,178.921,7.782,179.922,-18.30,20.68,147.06,-17.71,-7.53,173.18,54.415,54.035,-9.4281,-4.2890,188.53,15.53,-10.0513,-4.6794,,,0.23174,0
180.9765,60,32,3,5,245.67,302.56,capture,171.01,47.36,265.89,0,178.972,7.823,179.937,-18.25,20.64,147.22,-17.73,-7.59,173.19,54.432,54.006,-12.1007,-5.2315,171.01,47.36,-10.9735,-4.9279,,,0.21453,0
181.0732,60,32,3,5,245.67,302.56,capture,176.54,32.34,278.92,0,178.956,7.905,179.937,-18.38,20.72,147.44,-17.92,-7.13,173.59,54.272,53.718,-10.5683,-4.8752,176.54,32.34,-10.7911,-4.9042,,,0.21616,0
181.1806,60,32,3,5,245.67,302.56,capture,187.64,32.25,276.46,0,179.140,7.800,179.924,-18.32,20.49,147.51,-18.15,-7.73,174.19,54.347,54.286,-11.3253,-4.5990,187.64,32.25,-11.0315,-4.7668,,,0.23893,0
181.2730,60,32,3,5,245.67,302.56,capture,183.42,34.63,275.06,0,179.090,7.733,179.897,-18.33,20.53,147.44,-18.63,-7.88,173.75,54.450,54.671,-10.7920,-4.7525,183.42,34.63,-10.9237,-4.7604,,,0.24588,0
181.3652,60,32,3,5,245.67,302.56,capture,144.00,55.53,267.13,0,179.051,7.839,179.878,-18.33,20.69,147.31,-17.55,-7.63,173.92,54.367,54.584,-11.7862,-6.3836,144.00,55.53,-11.3118,-5.4908,,,0.24675,0
181.5604,61,7,0,7,335.00,43.22,dwell,292.81,-20.47,76.40,0,179.083,7.844,179.881,-18.39,20.64,147.15,-17.44,-7.42,172.94,54.025,53.854,-8.3053,0.3690,292.81,-20.47,-8.3053,0.3690,,,0.21246,0
181.6781,61,7,0,7,335.00,43.22,dwell,405.60,85.31,82.19,0,179.002,7.691,179.870,-18.31,20.71,147.23,-17.51,-7.85,173.19,54.112,54.402,-12.8574,6.5291,405.60,85.31,-10.3538,3.1411,,,0.22150,0
181.7808,61,7,0,7,335.00,43.22,dwell,261.31,-6.50,88.90,0,179.114,7.646,179.861,-18.37,20.88,147.09,-17.94,-8.46,173.61,53.595,54.641,-9.0113,-1.4098,261.31,-6.50,-9.7497,1.0932,,,0.18540,0
181.8998,61,7,0,7,335.00,43.22,dwell,379.61,-37.31,92.06,0,179.130,7.647,179.817,-18.32,21.06,147.22,-17.73,-7.56,173.50,53.842,54.514,-7.7617,5.2596,379.61,-37.31,-8.8551,2.9681,,,0.19783,0
182.0009,61,7,0,7,335.00,43.22,dwell,294.50,-36.99,89.86,0,179.082,7.568,179.803,-18.35,21.13,147.31,-18.17,-6.86,173.59,53.784,54.593,-8.8540,0.5715,294.50,-36.99,-8.8546,1.8896,,,0.23656,0
182.1076,61,7,0,7,335.00,43.22,dwell,304.67,-21.60,71.57,0,179.062,7.537,179.819,-18.30,21.16,147.12,-17.80,-6.41,173.37,53.932,54.523,-7.7984,1.1362,304.67,-21.60,-8.3793,1.5506,,,0.20215,0
182.1995,61,7,0,7,335.00,43.22,dwell,400.41,7.68,74.44,0,178.984,7.666,179.788,-18.43,20.97,147.04,-18.11,-8.52,173.28,54.167,54.598,-9.9541,5.8672,400.41,7.68,-9.0880,3.4931,,,0.20965,0
182.2962,61,7,0,7,335.00,43.22,dwell,405.86,-36.39,106.58,0,178.933,7.596,179.794,-18.36,20.84,147.07,-17.80,-8.10,173.39,54.199,54.959,-8.5263,5.5054,405.86,-36.39,-8.8352,4.3986,,,0.23332,0
182.3972,61,7,0,7,335.00,43.22,capture,397.84,-11.34,83.22,0,178.951,7.648,179.802,-18.32,20.76,147.13,-17.96,-7.71,173.78,54.064,54.920,-9.6880,5.4098,397.84,-11.34,-9.2190,4.8537,,,0.22235,0
182.5036,61,7,0,7,335.00,43.22,capture,398.13,-19.26,88.82,0,178.892,7.610,179.817,-18.31,20.86,147.15,-18.05,-7.39,173.21,53.913,55.019,-9.2885,5.5481,398.13,-19.26,-9.2503,5.1662,,,0.20769,0
182.6004,61,7,0,7,335.00,43.22,capture,417.63,-27.60,108.83,0,178.831,7.521,179.837,-18.26,20.95,147.04,-17.89,-7.35,173.37,53.955,54.623,-8.3617,6.5797,417.63,-27.60,-8.8504,5.8023,,,0.23655,0
182.7121,61,7,0,7,335.00,43.22,capture,404.62,-29.29,100.52,0,178.820,7.607,179.830,-18.21,21.07,147.01,-17.43,-7.30,173.11,54.047,54.596,-9.1757,5.8379,404.62,-29.29,-8.9968,5.8183,,,0.22669,0
182.8181,61,7,0,7,335.00,43.22,capture,420.03,-22.50,107.47,0,178.804,7.603,179.856,-18.33,20.91,147.14,-17.59,-7.57,173.75,53.881,55.023,-9.1448,6.4634,420.03,-22.50,-9.0634,6.1086,,,0.22404,0
182.9169,61,7,0,7,335.00,43.22,capture,422.46,7.81,94.36,0,178.741,7.669,179.846,-18.31,21.09,147.52,-18.10,-7.13,173.92,54.022,54.739,-10.4830,6.7199,422.46,7.81,-9.7022,6.3837,,,0.23133,0
183.0219,61,7,0,7,335.00,43.22,capture,419.03,-24.44,107.89,0,178.787,7.631,179.817,-18.33,21.28,147.48,-17.76,-7.50,173.47,54.244,54.661,-8.9509,6.6064,419.03,-24.44,-9.3641,6.4839,,,0.21566,0
183.1146,61,7,0,7,335.00,43.22,capture,428.87,-11.64,108.73,0,178.827,7.644,179.798,-18.31,21.12,147.48,-17.73,-7.40,173.74,54.373,54.699,-9.2619,7.8986,428.87,-11.64,-9.3181,7.1205,,,0.23576,0
183.2109,61,7,0,7,335.00,43.22,capture,429.88,-6.70,107.21,0,178.872,7.604,179.796,-18.42,21.15,147.55,-17.50,-6.77,173.75,54.089,55.217,-9.3834,6.8668,429.88,-6.70,-9.3475,7.0063,,,0.21752,0
183.2969,61,7,0,7,335.00,43.22,capture,412.22,-20.85,100.34,0,178.839,7.573,179.798,-18.50,21.01,147.70,-18.04,-7.62,174.08,53.839,55.138,-9.3038,6.7234,412.22,-20.85,-9.3278,6.8790,,,0.22329,0
183.4159,61,7,0,7,335.00,43.22,capture,442.32,-29.56,129.67,0,178.759,7.526,179.826,-18.50,20.97,147.70,-17.50,-7.40,174.63,54.114,54.905,-8.1030,7.7197,442.32,-29.56,-8.7766,7.2573,,,0.25292,0
183.5198,61,7,0,7,335.00,43.22,capture,428.16,-22.94,114.26,0,178.814,7.619,179.839,-18.39,20.86,147.97,-17.88,-8.12,174.47,53.971,54.837,-8.3914,7.2861,428.16,-22.94,-8.6033,7.2703,,,0.19976,0
183.6160,61,7,0,7,335.00,43.22,capture,437.18,-1.30,111.46,0,178.882,7.682,179.839,-18.47,20.83,148.17,-18.04,-7.71,174.60,54.158,54.625,-8.9003,8.6428,437.18,-1.30,-8.7369,7.8879,,,0.23380,0
183.7218,61,7,0,7,335.00,43.22,capture,397.69,-15.88,86.16,0,178.883,7.522,179.813,-18.39,20.72,148.39,-17.93,-7.62,174.85,54.072,54.592,-9.9826,5.5023,397.69,-15.88,-9.2975,6.8144,,,0.21571,0
183.8067,61,7,0,7,335.00,43.22,capture,421.05,-8.36,100.33,0,178.857,7.547,179.806,-18.32,20.77,148.30,-17.43,-7.85,174.42,53.874,54.518,-9.9430,6.4778,421.05,-8.36,-9.5880,6.6629,,,0.20785,0
183.8982,61,7,0,7,335.00,43.22,capture,429.37,-23.55,115.60,0,178.879,7.568,179.811,-18.42,20.71,148.08,-18.00,-8.26,174.25,54.162,54.874,-9.4972,7.1957,429.37,-23.55,-9.5471,6.9027,,,0.24097,0
184.0080,61,7,0,7,335.00,43.22,capture,432.19,-35.80,125.26,0,178.902,7.550,179.819,-18.25,20.69,148.16,-17.46,-8.52,174.55,54.164,54.709,-9.0647,7.1264,432.19,-35.80,-9.3300,7.0033,,,0.22744,0
184.0959,61,7,0,7,335.00,43.22,capture,423.95,-28.62,114.34,0,178.876,7.614,179.822,-18.37,20.63,147.85,-17.57,-8.07,174.27,54.044,54.544,-7.5496,6.7094,423.95,-28.62,-8.5288,6.8711,,,0.20909,0
184.1966,61,7,0,7,335.00,43.22,capture,407.59,-25.56,100.00,0,178.770,7.731,179.806,-18.52,20.74,147.82,-18.21,-8.33,173.59,53.918,54.251,-8.9040,5.8819,407.59,-25.56,-8.6976,6.4260,,,0.20438,0
184.2909,61,7,0,7,335.00,43.22,capture,412.99,-2.01,90.16,0,178.855,7.642,179.785,-18.47,20.59,147.97,-18.32,-8.87,174.24,53.993,54.266,-9.1291,6.5148,412.99,-2.01,-8.8918,6.4659,,,0.20558,0
184.4661,62,14,1,5,245.67,129.67,dwell,389.41,-20.55,207.91,0,178.940,7.613,179.803,-18.40,20.49,147.79,-18.51,-8.03,173.95,53.990,54.192,-8.3696,4.6598,389.41,-20.55,-8.3696,4.6598,,,0.22551,0
184.5481,62,14,1,5,245.67,129.67,dwell,369.54,18.90,166.17,0,178.928,7.850,179.828,-18.40,20.76,147.80,-17.67,-8.09,174.72,54.251,54.344,-10.9710,3.5466,369.54,18.90,-9.5402,4.1589,,,0.22969,0
184.6535,62,14,1,5,245.67,129.67,dwell,394.14,-21.21,211.68,0,178.828,7.900,179.832,-18.30,20.81,147.62,-17.93,-8.37,174.06,54.189,54.099,-9.0717,5.0648,394.14,-21.21,-9.3294,4.5665,,,0.24075,0
184.7497,62,14,1,5,245.67,129.67,dwell,400.35,42.17,177.71,0,178.883,7.739,179.794,-18.32,20.83,147.39,-17.83,-6.92,173.48,54.131,53.731,-11.4291,5.9840,400.35,42.17,-10.2743,5.2044,,,0.23089,0
184.8478,62,14,1,5,245.67,129.67,dwell,245.03,75.95,53.72,0,178.917,7.761,179.791,-18.45,20.66,147.35,-17.78,-7.33,173.66,54.167,53.803,-12.3954,-1.5584,245.03,75.95,-11.2288,2.1611,,,0.20626,0
184.9440,62,14,1,5,245.67,129.67,dwell,284.34,-40.00,174.02,0,178.904,7.737,179.801,-18.37,20.57,147.38,-17.40,-7.61,173.90,54.124,53.918,-7.9044,1.2746,284.34,-40.00,-9.7328,1.7622,,,0.19538,0
185.0507,62,14,1,5,245.67,129.67,dwell,260.50,-0.13,130.64,0,178.859,7.900,179.816,-18.59,20.66,147.52,-18.30,-8.32,174.11,54.046,53.920,-10.1188,-1.0237,260.50,-0.13,-9.9065,0.5085,,,0.22139,0
185.1686,62,14,1,5,245.67,129.67,dwell,233.02,-24.75,154.93,0,178.791,7.814,179.810,-18.60,20.69,147.62,-17.61,-7.12,173.78,54.206,53.824,-8.4193,-2.4351,233.02,-24.75,-9.2372,-0.8161,,,0.22012,0
185.2506,62,14,1,5,245.67,129.67,dwell,226.74,-9.86,140.80,0,178.750,7.859,179.834,-18.51,20.72,147.92,-17.40,-7.40,173.96,53.806,53.696,-9.8695,-2.2931,226.74,-9.86,-9.5218,-1.4807,,,0.20955,0
185.3556,62,14,1,5,245.67,129.67,dwell,234.81,-32.71,162.74,0,178.637,7.666,179.831,-18.56,20.74,147.73,-18.04,-8.61,173.58,53.964,53.928,-8.4484,-1.7396,234.81,-32.71,-9.0387,-1.5972,,,0.22808,0
185.4376,62,14,1,5,245.67,129.67,capture,208.16,8.31,127.02,0,178.696,7.598,179.802,-18.60,20.60,147.73,-17.66,-8.06,174.18,53.887,53.903,-11.1596,-3.2173,208.16,8.31,-9.9931,-2.3263,,,0.24131,0
185.5324,62,14,1,5,245.67,129.67,capture,189.92,-14.24,154.33,0,178.660,7.659,179.790,-18.58,20.87,147.59,-18.26,-7.06,174.17,53.982,54.135,-9.8891,-3.6714,189.92,-14.24,-9.9463,-2.9316,,,0.23267,0
185.6400,62,14,1,5,245.67,129.67,capture,207.14,-29.52,163.78,0,178.858,7.615,179.797,-18.59,20.91,147.50,-18.05,-7.76,173.50,53.764,53.760,-9.1090,-4.0809,207.14,-29.52,-9.5695,-3.4487,,,0.20933,0
185.7426,62,14,1,5,245.67,129.67,capture,204.37,-27.27,162.28,0,178.924,7.592,179.813,-18.53,20.81,147.55,-18.58,-7.29,173.87,53.667,53.737,-8.8168,-3.5656,204.37,-27.27,-9.2308,-3.5013,,,0.19762,0
185.8300,62,14,1,5,245.67,129.67,capture,210.83,-32.59,165.95,0,178.943,7.620,179.813,-18.53,20.78,147.49,-17.79,-7.99,173.47,53.447,53.972,-8.5919,-3.0459,210.83,-32.59,-8.9433,-3.2964,,,0.20988,0
185.9250,62,14,1,5,245.67,129.67,capture,192.92,-22.11,160.68,0,179.042,7.642,179.811,-18.53,20.91,147.93,-17.62,-7.70,173.87,53.097,53.743,-9.2164,-3.8334,192.92,-22.11,-9.0662,-3.5381,,,0.18927,0
186.0087,62,14,1,5,245.67,129.67,capture,222.28,-12.51,144.09,0,179.033,7.740,179.833,-18.47,21.14,147.82,-17.84,-7.35,174.54,53.538,53.869,-9.2576,-2.2188,222.28,-12.51,-9.1523,-2.9444,,,0.21358,0
186.1074,62,14,1,5,245.67,129.67,capture,197.47,-27.94,164.81,0,179.085,7.704,179.814,-18.41,21.10,147.76,-18.18,-6.89,174.29,53.381,54.323,-9.6891,-3.2756,197.47,-27.94,-9.3939,-3.0935,,,0.21961,0
186.2295,62,14,1,5,245.67,129.67,capture,189.35,-19.37,159.32,0,179.158,7.832,179.844,-18.39,21.08,147.69,-18.04,-7.82,173.86,53.776,54.273,-8.9457,-5.0347,189.35,-19.37,-9.1922,-3.9670,,,0.23525,0
186.3282,62,14,1,5,245.67,129.67,capture,210.87,-11.51,145.40,0,179.025,7.772,179.871,-18.40,20.79,147.86,-17.92,-8.42,174.28,53.781,54.271,-9.1699,-2.8627,210.87,-11.51,-9.1822,-3.4701,,,0.22351,0
186.4150,62,14,1,5,245.67,129.67,capture,213.99,-46.46,178.95,0,178.945,7.810,179.870,-18.35,20.72,148.10,-17.73,-8.10,174.32,53.980,54.484,-7.9447,-2.7424,213.99,-46.46,-8.6253,-3.1426,,,0.22882,0
186.5044,62,14,1,5,245.67,129.67,capture,184.19,-4.06,147.18,0,178.950,7.668,179.851,-18.38,20.86,147.91,-17.99,-7.15,174.69,53.569,53.782,-10.3366,-4.2523,184.19,-4.06,-9.3954,-3.6420,,,0.20039,0
186.5932,62,14,1,5,245.67,129.67,capture,205.31,-9.71,145.10,0,178.951,7.610,179.834,-18.47,20.91,147.87,-17.65,-8.27,174.36,53.375,53.597,-10.0992,-3.2239,205.31,-9.71,-9.7121,-3.4538,,,0.22710,0
186.6888,62,14,1,5,245.67,129.67,capture,202.56,-15.81,151.73,0,178.926,7.605,179.852,-18.45,21.06,147.85,-18.58,-7.28,174.89,53.824,53.893,-9.4956,-2.9906,202.56,-15.81,-9.6147,-3.2454,,,0.22080,0
186.7749,62,14,1,5,245.67,129.67,capture,184.97,-34.04,174.60,0,179.116,7.575,179.876,-18.41,21.09,148.10,-18.59,-6.95,174.41,53.906,54.346,-8.5853,-3.7631,184.97,-34.04,-9.1515,-3.4784,,,0.23673,0
186.8721,62,14,1,5,245.67,129.67,capture,217.41,14.94,118.16,0,179.187,7.334,179.837,-18.40,21.13,148.23,-17.79,-7.20,174.94,54.147,53.940,-11.2007,-2.8435,217.41,14.94,-10.0736,-3.1927,,,0.22695,0
186.9773,62,14,1,5,245.67,129.67,capture,223.05,-29.25,160.52,0,179.193,7.396,179.848,-18.44,21.20,148.31,-17.97,-6.48,175.26,54.223,53.781,-9.6623,-2.4769,223.05,-29.25,-9.8885,-2.8706,,,0.24072,0
187.0653,62,14,1,5,245.67,129.67,capture,194.91,-34.25,171.60,0,179.091,7.411,179.831,-18.50,20.95,148.14,-18.03,-6.71,174.24,53.947,54.152,-8.9590,-3.5289,194.91,-34.25,-9.4702,-3.1668,,,0.23653,0
187.1491,62,14,1,5,245.67,129.67,capture,197.29,-9.79,147.61,0,178.971,7.454,179.818,-18.51,21.03,148.00,-18.15,-7.92,174.46,53.976,54.088,-9.0682,-4.3107,197.29,-9.79,-9.2893,-3.6816,,,0.19782,0
187.2356,62,14,1,5,245.67,129.67,capture,184.62,-2.84,145.89,0,178.843,7.425,179.799,-18.52,20.97,147.96,-18.10,-8.05,174.90,54.045,53.906,-9.0411,-3.6546,184.62,-2.84,-9.1776,-3.6694,,,0.21324,0
187.4503,63,29,3,2,111.67,302.56,dwell,114.71,-40.27,342.84,0,178.928,7.621,179.795,-18.53,21.11,147.85,-18.00,-7.23,174.09,54.379,53.863,-8.0509,-7.6078,114.71,-40.27,-8.0509,-7.6078,,,0.25716,0
187.5619,63,29,3,2,111.67,302.56,dwell,165.15,-41.82,348.50,0,178.941,7.699,179.802,-18.46,20.96,147.74,-17.74,-7.68,173.94,53.815,53.772,-8.1673,-5.0603,165.15,-41.82,-8.1033,-6.4614,,,0.20505,0
187.6663,63,29,3,2,111.67,302.56,dwell,46.22,-10.24,319.57,0,178.939,7.738,179.828,-18.41,20.93,147.85,-18.12,-7.49,174.55,54.019,53.785,-9.0287,-11.0168,46.22,-10.24,-8.5197,-8.5113,,,0.24048,0
187.7515,63,29,3,2,111.67,302.56,dwell,112.14,-41.69,344.25,0,178.876,7.652,179.842,-18.38,21.22,148.01,-18.60,-7.47,175.17,53.882,53.898,-8.5064,-8.2051,112.14,-41.69,-8.5137,-8.3735,,,0.22253,0
187.8620,63,29,3,2,111.67,302.56,dwell,86.62,78.12,225.83,0,178.801,7.492,179.810,-18.22,21.26,147.84,-17.32,-7.57,174.20,54.173,53.771,-13.0229,-8.7064,86.62,78.12,-10.5428,-8.5233,,,0.20660,0
187.9675,63,29,3,2,111.67,302.56,dwell,13.00,58.59,263.16,0,178.834,7.561,179.821,-18.17,21.17,147.81,-17.56,-7.66,173.57,54.017,53.740,-11.5861,-12.1210,13.00,58.59,-11.0123,-10.1423,,,0.19269,0
188.0543,63,29,3,2,111.67,302.56,dwell,57.82,85.19,223.94,0,178.737,7.442,179.814,-18.31,21.20,147.82,-17.68,-7.15,173.82,54.322,53.964,-12.5165,-10.0695,57.82,85.19,-11.6892,-10.1095,,,0.23407,0
188.1525,63,29,3,2,111.67,302.56,dwell,0.92,13.79,309.27,0,178.841,7.461,179.778,-18.32,21.06,147.87,-17.85,-8.58,174.87,54.228,54.595,-10.9812,-12.6135,0.92,13.79,-11.3706,-11.2363,,,0.20100,0
188.2420,63,29,3,2,111.67,302.56,dwell,16.55,47.53,272.19,0,178.855,7.508,179.744,-18.31,21.17,147.78,-18.26,-7.86,173.89,54.049,54.485,-12.2069,-11.6465,16.55,47.53,-11.7470,-11.4209,,,0.19976,0
188.3478,63,29,3,2,111.67,302.56,capture,16.49,38.67,280.52,0,178.881,7.518,179.724,-18.31,21.28,148.04,-17.97,-7.09,174.63,54.187,54.303,-11.7446,-12.4394,16.49,38.67,-11.7459,-11.8792,,,0.22318,0
188.4309,63,29,3,2,111.67,302.56,capture,3.56,22.31,300.37,0,178.828,7.526,179.742,-18.34,21.17,147.77,-17.50,-7.15,174.04,54.153,54.456,-10.0218,-12.9556,3.56,22.31,-10.9701,-12.3636,,,0.24079,0
188.5248,63,29,3,2,111.67,302.56,capture,24.25,9.96,305.37,0,178.766,7.608,179.771,-18.36,21.15,147.65,-17.51,-7.47,173.73,54.146,54.159,-10.5556,-11.2943,24.25,9.96,-10.7835,-11.8824,,,0.20527,0
188.6333,63,29,3,2,111.67,302.56,capture,13.02,33.50,286.57,0,178.763,7.614,179.798,-18.31,21.11,147.50,-17.14,-7.26,173.98,54.221,54.023,-11.6669,-12.5814,13.02,33.50,-11.1811,-12.1970,,,0.21289,0
188.7234,63,29,3,2,111.67,302.56,capture,18.16,14.60,302.76,0,178.837,7.700,179.804,-18.35,21.01,147.34,-18.04,-8.26,173.57,54.110,53.966,-10.3267,-11.7983,18.16,14.60,-10.7966,-12.0175,,,0.23274,0
188.8333,63,29,3,2,111.67,302.56,capture,11.42,24.50,295.57,0,178.920,7.732,179.820,-18.48,20.92,147.36,-18.15,-7.63,173.65,54.415,54.137,-10.1261,-11.5612,11.42,24.50,-10.4949,-11.8122,,,0.22322,0
188.9417,63,29,3,2,111.67,302.56,capture,19.53,45.60,272.97,0,178.742,7.862,179.852,-18.37,20.77,147.40,-18.31,-7.49,173.28,54.431,54.250,-12.0220,-11.6668,19.53,45.60,-11.1821,-11.7468,,,0.23834,0
189.0237,63,29,3,2,111.67,302.56,capture,14.25,55.99,265.11,0,178.786,7.774,179.846,-18.34,20.64,147.17,-17.40,-7.79,173.79,54.414,54.088,-10.8146,-11.9179,14.25,55.99,-11.0167,-11.8238,,,0.23800,0
189.1269,63,29,3,2,111.67,302.56,capture,12.31,44.36,276.65,0,178.742,7.789,179.833,-18.21,20.52,147.29,-17.61,-7.62,173.71,54.215,54.384,-11.3745,-12.5718,12.31,44.36,-11.1777,-12.1604,,,0.18650,0
189.2254,63,29,3,2,111.67,302.56,capture,-3.60,63.80,265.12,0,178.852,7.719,179.842,-18.21,20.47,146.95,-17.30,-7.94,173.04,53.805,54.418,-11.6403,-12.6723,-3.60,63.80,-11.3859,-12.3908,,,0.21034,0
189.3126,63,29,3,2,111.67,302.56,capture,16.80,43.94,275.47,0,178.840,7.745,179.834,-18.23,20.55,147.01,-17.63,-9.04,173.42,54.291,54.258,-11.6219,-11.7219,16.80,43.94,-11.4921,-12.0898,,,0.22623,0
189.4056,63,29,3,2,111.67,302.56,capture,20.52,23.54,293.53,0,178.879,7.734,179.838,-18.26,20.50,146.95,-17.63,-8.61,172.95,54.511,54.534,-11.2360,-11.4481,20.52,23.54,-11.3769,-11.8010,,,0.26137,0
189.5253,63,29,3,2,111.67,302.56,capture,-2.67,17.99,306.68,0,178.884,7.833,179.852,-18.18,20.60,147.10,-18.17,-7.03,173.51,54.265,54.598,-10.2394,-13.2129,-2.67,17.99,-10.8650,-12.4364,,,0.22819,0
189.6086,63,29,3,2,111.67,302.56,capture,-27.35,26.03,309.50,0,178.953,7.866,179.859,-18.09,20.38,147.01,-17.85,-7.75,173.34,54.475,54.317,-9.9084,-13.4016,-27.35,26.03,-10.4345,-12.8707,,,0.25852,0
189.6984,63,29,3,2,111.67,302.56,capture,0.04,56.96,269.77,0,178.966,7.867,179.841,-18.13,20.51,147.05,-17.72,-8.57,173.05,54.302,54.141,-12.2128,-12.6012,0.04,56.96,-11.2348,-12.7494,,,0.22405,0
189.8263,63,29,3,2,111.67,302.56,capture,-6.12,57.70,271.71,0,179.012,8.029,179.825,-18.26,20.79,146.99,-18.16,-8.00,172.83,54.414,54.201,-12.5215,-13.0959,-6.12,57.70,-11.8138,-12.9053,,,0.22922,0
189.9150,63,29,3,2,111.67,302.56,capture,-9.72,42.91,286.62,0,178.984,8.255,179.783,-18.26,20.72,146.93,-18.00,-7.37,173.18,54.982,54.365,-11.9077,-13.2779,-9.72,42.91,-11.8560,-13.0730,,,0.25329,0
189.9970,63,29,3,2,111.67,302.56,capture,16.46,45.82,273.82,0,178.886,8.122,179.795,-18.13,20.83,146.99,-17.46,-7.64,173.31,55.040,54.132,-11.8841,-11.7366,16.46,45.82,-11.8687,-12.4716,,,0.26820,0
190.1693,64,51,5,6,290.33,475.44,dwell,21.57,177.24,401.45,0,178.893,8.168,179.826,-18.14,20.86,147.19,-17.90,-8.14,173.48,54.895,54.199,-17.0085,-11.7319,21.57,177.24,-17.0085,-11.7319,,,0.26054,0
190.2741,64,51,5,6,290.33,475.44,dwell,128.51,51.24,454.02,0,178.944,8.164,179.817,-17.96,20.83,147.15,-18.05,-7.09,173.38,54.405,53.960,-11.3465,-7.0476,128.51,51.24,-14.4606,-9.6240,,,0.22482,0
190.3824,64,51,5,6,290.33,475.44,dwell,172.85,257.04,248.00,0,178.957,8.154,179.815,-18.05,20.85,147.25,-17.06,-6.93,173.80,54.474,53.582,-19.5896,-4.9259,172.85,257.04,-16.7687,-7.5098,,,0.22142,0
190.4704,64,51,5,6,290.33,475.44,dwell,187.06,189.40,304.12,0,178.980,8.134,179.800,-18.12,20.91,147.19,-17.52,-8.32,173.96,54.455,53.421,-17.1986,-4.5765,187.06,189.40,-16.9621,-6.1898,,,0.24480,0
190.5689,64,51,5,6,290.33,475.44,dwell,258.91,170.94,306.12,0,178.984,7.984,179.812,-18.21,20.75,147.29,-17.22,-8.34,173.83,54.594,53.728,-15.9973,-0.4318,258.91,170.94,-16.5279,-3.5987,,,0.24251,0
190.6695,64,51,5,6,290.33,475.44,dwell,188.89,262.35,236.01,0,178.909,7.979,179.831,-18.21,20.84,147.48,-18.10,-8.47,174.19,54.602,53.953,-20.1982,-3.7501,188.89,262.35,-18.1796,-3.6668,,,0.24121,0
190.7716,64,51,5,6,290.33,475.44,dwell,258.25,266.44,211.45,0,178.890,8.047,179.827,-18.23,20.73,147.54,-17.88,-8.15,173.80,54.295,54.252,-20.8853,-1.3303,258.25,266.44,-19.3971,-2.6154,,,0.22370,0
190.8536,64,51,5,6,290.33,475.44,dwell,289.41,368.88,106.57,0,178.817,8.079,179.791,-18.27,20.54,147.82,-17.69,-7.96,174.61,54.186,53.953,-24.5922,0.3002,289.41,368.88,-21.7349,-1.3034,,,0.22923,0
190.9446,64,51,5,6,290.33,475.44,dwell,256.10,360.30,120.13,0,178.835,8.193,179.824,-18.23,20.56,147.79,-18.43,-7.81,173.99,53.963,53.809,-23.0103,-1.6326,256.10,360.30,-22.3088,-1.4515,,,0.21086,0
191.0583,64,51,5,6,290.33,475.44,dwell,311.39,387.74,90.20,0,178.886,8.250,179.834,-18.22,20.40,147.62,-17.89,-7.81,173.89,54.195,53.513,-24.8094,2.1076,311.39,387.74,-23.4341,0.1501,,,0.21551,0
191.1505,64,51,5,6,290.33,475.44,dwell,297.62,396.62,79.16,0,178.909,8.265,179.824,-18.35,20.47,147.39,-18.16,-7.01,173.53,54.496,53.717,-25.5449,1.4255,297.62,396.62,-24.3839,0.7240,,,0.23918,0
191.2368,64,51,5,6,290.33,475.44,capture,324.44,472.90,34.20,0,178.923,8.407,179.816,-18.29,20.57,147.50,-17.35,-8.05,173.92,54.410,53.871,-28.4436,2.4932,324.44,472.90,-26.2108,1.5202,,,0.22913,0
191.3508,64,51,5,6,290.33,475.44,capture,316.37,429.10,53.16,0,178.921,8.342,179.803,-18.30,20.54,147.60,-17.90,-8.99,173.66,53.991,54.211,-26.8655,1.5374,316.37,429.10,-26.5054,1.5279,,,0.21929,0
191.4533,64,51,5,6,290.33,475.44,capture,323.64,437.72,50.32,0,178.945,8.344,179.793,-18.27,20.57,147.45,-17.64,-7.69,173.87,54.032,54.165,-25.1700,2.4473,323.64,437.72,-25.9045,1.9416,,,0.19283,0
191.5560,64,51,5,6,290.33,475.44,capture,350.54,427.67,76.86,0,178.962,8.398,179.816,-18.27,20.84,147.37,-18.03,-7.56,173.90,53.773,54.230,-26.6233,4.1471,350.54,427.67,-26.2279,2.9341,,,0.23084,0
191.6436,64,51,5,6,290.33,475.44,capture,349.20,432.89,72.64,0,178.849,8.386,179.811,-18.44,21.08,147.38,-18.08,-7.13,173.42,53.823,54.189,-27.9242,3.8522,349.20,432.89,-26.9913,3.3472,,,0.22019,0
191.7382,64,51,5,6,290.33,475.44,capture,327.66,439.44,51.86,0,179.035,8.450,179.838,-18.32,21.08,147.61,-17.83,-7.44,173.75,53.964,53.656,-26.9277,2.2293,327.66,439.44,-26.9627,2.8442,,,0.19032,0
191.8448,64,51,5,6,290.33,475.44,capture,328.87,450.35,45.99,0,179.057,8.461,179.853,-18.15,20.98,147.72,-18.12,-7.35,173.40,54.022,54.108,-27.3276,1.9396,328.87,450.35,-27.1269,2.4371,,,0.22338,0
191.9475,64,51,5,6,290.33,475.44,capture,315.50,458.71,30.22,0,179.109,8.354,179.880,-18.23,20.99,147.68,-17.55,-7.88,174.00,54.127,54.305,-26.8681,1.2966,315.50,458.71,-27.0105,1.9239,,,0.23855,0
192.0858,64,51,5,6,290.33,475.44,capture,324.42,451.09,41.89,0,179.027,8.420,179.889,-18.33,20.94,147.70,-17.79,-8.51,174.27,53.895,53.893,-27.5185,2.6191,324.42,451.09,-27.2391,2.2367,,,0.20297,0
192.1706,64,51,5,6,290.33,475.44,capture,327.18,441.13,50.35,0,178.915,8.339,179.822,-18.19,21.06,147.57,-18.00,-7.76,173.51,54.295,54.046,-27.2402,2.7872,327.18,441.13,-27.2396,2.4844,,,0.22010,0
192.2675,64,51,5,6,290.33,475.44,capture,300.77,424.09,52.40,0,178.922,8.277,179.823,-18.33,21.16,147.49,-17.65,-7.15,174.29,54.333,54.370,-27.1016,0.6532,300.77,424.09,-27.1775,1.6604,,,0.22682,0
192.3495,64,51,5,6,290.33,475.44,capture,337.01,433.39,62.83,0,178.934,8.222,179.832,-18.51,21.07,147.51,-17.91,-7.60,173.55,54.229,54.232,-26.5721,2.7491,337.01,433.39,-26.9051,2.1503,,,0.23175,0
192.4492,64,51,5,6,290.33,475.44,capture,324.19,433.81,53.66,0,178.917,8.215,179.827,-18.52,21.04,147.69,-18.08,-7.99,174.04,53.630,54.582,-26.3433,2.3181,324.19,433.81,-26.6523,2.2258,,,0.22959,0
192.5536,64,51,5,6,290.33,475.44,capture,340.30,454.00,54.37,0,178.922,8.321,179.821,-18.52,21.00,147.52,-18.28,-6.93,173.71,53.461,54.586,-28.2675,2.8543,340.30,454.00,-27.3791,2.5086,,,0.20081,0
192.6502,64,51,5,6,290.33,475.44,capture,332.87,496.20,47.33,0,178.970,8.378,179.811,-18.59,20.94,147.61,-17.86,-8.26,174.16,53.413,54.150,-28.7225,3.4897,332.87,496.20,-27.9837,2.9501,,,0.20745,0
192.7366,64,51,5,6,290.33,475.44,capture,330.64,449.30,48.04,0,178.925,8.578,179.823,-18.61,21.01,147.60,-17.94,-6.91,173.78,53.565,54.270,-27.4414,3.0410,330.64,449.30,-27.7396,2.9910,,,0.21227,0
192.8403,64,51,5,6,290.33,475.44,capture,317.98,425.96,56.68,0,178.860,8.651,179.838,-18.55,21.07,147.47,-18.55,-7.79,173.10,53.516,54.385,-25.6232,1.8489,317.98,425.96,-26.7872,2.4770,,,0.20894,0
192.9461,64,51,5,6,290.33,475.44,capture,332.05,451.35,48.17,0,178.900,8.439,179.831,-18.56,21.18,147.57,-17.80,-7.30,173.85,53.548,54.871,-27.2913,1.5756,332.05,451.35,-27.0141,2.0714,,,0.21017,0
193.0362,64,51,5,6,290.33,475.44,capture,315.15,441.35,42.17,0,178.777,8.425,179.835,-18.66,21.29,147.72,-18.27,-7.22,173.59,53.480,54.698,-26.8762,1.8624,315.15,441.35,-26.9520,1.9773,,,0.20994,0
193.1357,64,51,5,6,290.33,475.44,capture,345.04,452.97,59.14,0,178.914,8.339,179.789,-18.50,21.27,147.59,-17.94,-7.57,173.15,53.743,54.541,-27.3139,3.0383,345.04,452.97,-27.1149,2.4548,,,0.18285,0
193.2178,64,51,5,6,290.33,475.44,capture,323.99,419.10,65.63,0,178.923,8.219,179.793,-18.54,21.35,147.50,-18.38,-6.86,173.42,53.594,54.373,-25.9367,2.1536,323.99,419.10,-26.5847,2.3192,,,0.22186,0
193.4074,65,36,4,0,22.33,389.00,dwell,353.83,240.32,363.31,0,178.982,8.108,179.809,-18.63,21.22,147.56,-18.31,-6.79,173.83,53.317,54.327,-19.8359,3.8951,353.83,240.32,-19.8359,3.8951,,,0.20757,0
193.5247,65,36,4,0,22.33,389.00,dwell,270.46,431.84,251.80,0,178.782,8.100,179.818,-18.58,21.28,147.56,-18.41,-7.96,174.13,53.179,53.876,-27.2695,-0.9883,270.46,431.84,-23.1810,1.6976,,,0.19774,0
193.6287,65,36,4,0,22.33,389.00,dwell,205.92,399.22,183.87,0,178.758,8.064,179.822,-18.60,21.11,147.53,-18.22,-7.33,174.09,53.443,53.727,-25.0669,-3.3962,205.92,399.22,-24.0297,-0.5946,,,0.20075,0
193.7216,65,36,4,0,22.33,389.00,dwell,206.40,438.10,190.50,0,178.752,8.016,179.791,-18.60,21.13,147.52,-18.37,-7.42,174.01,53.405,53.506,-27.5930,-3.3382,206.40,438.10,-25.6332,-1.8292,,,0.20829,0
193.8240,65,36,4,0,22.33,389.00,dwell,85.45,408.45,66.05,0,178.812,7.993,179.761,-18.77,21.13,147.72,-17.98,-6.74,174.53,53.634,53.864,-25.2139,-9.0364,85.45,408.45,-25.4445,-5.0724,,,0.20299,0
193.9246,65,36,4,0,22.33,389.00,dwell,40.16,525.75,137.91,0,178.895,7.819,179.784,-18.82,20.90,147.69,-17.99,-7.91,174.34,53.672,53.840,-30.3938,-11.1419,40.16,525.75,-27.6717,-7.8037,,,0.20517,0
194.0465,65,36,4,0,22.33,389.00,dwell,22.91,504.66,115.66,0,178.917,7.876,179.761,-18.74,20.91,147.74,-17.96,-7.53,174.22,53.744,53.915,-28.8446,-11.8052,22.91,504.66,-28.1995,-9.6044,,,0.21990,0
194.1525,65,36,4,0,22.33,389.00,dwell,68.66,470.51,93.76,0,178.800,8.019,179.762,-18.80,20.91,147.80,-18.33,-7.72,173.81,53.547,54.411,-28.0447,-10.0250,68.66,470.51,-28.1299,-9.7937,,,0.20798,0
194.2408,65,36,4,0,22.33,389.00,dwell,-13.06,465.32,84.13,0,178.629,8.006,179.764,-18.73,20.96,147.74,-18.11,-8.29,173.93,53.254,54.197,-27.7524,-13.0899,-13.06,465.32,-27.9600,-11.2770,,,0.22345,0
194.3341,65,36,4,0,22.33,389.00,capture,-11.45,444.06,64.60,0,178.570,7.987,179.757,-18.70,20.92,147.75,-18.38,-8.68,173.29,53.587,54.062,-26.9564,-13.2749,-11.45,444.06,-27.5084,-12.1761,,,0.21161,0
194.4349,65,36,4,0,22.33,389.00,capture,-17.56,447.15,70.52,0,178.699,8.005,179.798,-18.66,20.99,147.64,-18.25,-7.46,173.78,53.364,54.254,-26.5651,-13.6295,-17.56,447.15,-27.0839,-12.8301,,,0.21160,0
194.5405,65,36,4,0,22.33,389.00,capture,-33.22,439.21,74.88,0,178.800,7.935,179.750,-18.67,21.03,147.83,-17.47,-7.83,174.06,53.126,54.578,-27.2223,-14.3622,-33.22,439.21,-27.1462,-13.5196,,,0.18915,0
194.6485,65,36,4,0,22.33,389.00,capture,-27.02,440.14,71.07,0,178.719,7.995,179.734,-18.73,21.00,147.97,-18.53,-7.21,174.33,53.169,54.452,-26.9672,-14.3617,-27.02,440.14,-27.0656,-13.8985,,,0.20034,0
194.7491,65,36,4,0,22.33,389.00,capture,-31.31,466.37,94.15,0,178.734,8.037,179.747,-18.78,21.14,148.05,-18.42,-7.59,174.60,53.446,54.597,-27.9666,-14.5858,-31.31,466.37,-27.4711,-14.2078,,,0.20306,0
194.8454,65,36,4,0,22.33,389.00,capture,-16.98,447.75,70.69,0,178.809,8.185,179.708,-18.60,21.08,147.99,-18.40,-7.47,174.17,53.275,54.462,-27.3952,-13.3477,-16.98,447.75,-27.4369,-13.8207,,,0.19907,0
194.9315,65,36,4,0,22.33,389.00,capture,-9.36,463.82,81.26,0,178.708,8.200,179.711,-18.63,20.98,147.76,-18.58,-8.15,174.22,53.307,54.637,-28.1763,-13.2866,-9.36,463.82,-27.7696,-13.5804,,,0.21839,0
195.0346,65,36,4,0,22.33,389.00,capture,-20.45,487.91,107.77,0,178.837,8.297,179.774,-18.57,21.21,147.93,-18.24,-7.88,174.42,53.428,54.649,-28.2535,-14.3809,-20.45,487.91,-27.9874,-13.9406,,,0.19213,0
195.1458,65,36,4,0,22.33,389.00,capture,-4.14,478.49,93.32,0,178.845,8.138,179.757,-18.47,21.14,148.17,-18.39,-8.13,174.69,53.631,54.689,-28.2394,-12.5436,-4.14,478.49,-28.1008,-13.3119,,,0.23380,0
195.2449,65,36,4,0,22.33,389.00,capture,-18.84,459.01,81.22,0,178.794,8.199,179.749,-18.41,21.15,147.97,-18.54,-7.76,174.39,53.533,54.370,-28.7306,-13.7025,-18.84,459.01,-28.3842,-13.4877,,,0.22101,0
195.3452,65,36,4,0,22.33,389.00,capture,-4.90,454.99,71.39,0,178.788,8.136,179.746,-18.56,21.09,147.86,-18.17,-7.22,174.20,53.632,54.439,-27.6295,-13.1697,-4.90,454.99,-28.0446,-13.3446,,,0.21500,0
195.4738,65,36,4,0,22.33,389.00,capture,-13.01,440.07,62.11,0,178.796,8.073,179.742,-18.60,21.04,147.68,-17.99,-7.06,174.38,54.072,54.368,-27.7025,-12.9060,-13.01,440.07,-27.8907,-13.1472,,,0.24055,0
195.5921,65,36,4,0,22.33,389.00,capture,-18.91,440.84,66.24,0,178.771,8.256,179.732,-18.80,20.90,147.68,-17.53,-7.16,174.15,54.060,54.472,-27.6940,-13.9457,-18.91,440.84,-27.8022,-13.5065,,,0.23601,0
195.6848,65,36,4,0,22.33,389.00,capture,-29.12,437.30,70.57,0,178.749,8.161,179.758,-18.66,20.70,147.67,-18.08,-8.28,174.58,53.674,54.707,-26.0879,-13.6655,-29.12,437.30,-27.0307,-13.5780,,,0.20044,0
195.7817,65,36,4,0,22.33,389.00,capture,-13.04,469.29,87.74,0,178.786,8.266,179.738,-18.62,20.62,147.71,-18.29,-7.53,174.25,53.616,54.353,-28.3365,-13.3825,-13.04,469.29,-27.6183,-13.4901,,,0.23377,0
195.8744,65,36,4,0,22.33,389.00,capture,-14.63,450.30,71.58,0,178.748,8.244,179.764,-18.51,20.43,147.49,-18.32,-7.77,173.84,53.782,54.313,-28.7321,-13.3556,-14.63,450.30,-28.1195,-13.4296,,,0.18657,0
195.9952,65,36,4,0,22.33,389.00,capture,-23.25,455.57,80.68,0,178.690,8.216,179.775,-18.45,20.54,147.51,-18.52,-7.87,174.40,53.732,54.070,-26.4004,-13.8661,-23.25,455.57,-27.3459,-13.6260,,,0.22100,0
196.0947,65,36,4,0,22.33,389.00,capture,-14.82,471.30,90.30,0,178.521,8.424,179.760,-18.35,20.77,147.46,-17.35,-8.44,174.16,53.510,54.228,-27.3972,-14.2249,-14.82,471.30,-27.3690,-13.8955,,,0.19531,0
196.1994,65,36,4,0,22.33,389.00,capture,-15.02,487.45,105.30,0,178.548,8.347,179.783,-18.49,20.86,147.37,-17.44,-7.86,173.89,53.582,54.333,-28.8316,-13.6801,-15.02,487.45,-28.0272,-13.7986,,,0.21586,0
196.3019,65,36,4,0,22.33,389.00,capture,-21.98,447.21,73.16,0,178.655,8.417,179.799,-18.48,20.84,147.37,-18.13,-7.88,173.78,53.434,54.605,-27.3651,-14.4347,-21.98,447.21,-27.7293,-14.0848,,,0.22456,0
196.4011,65,36,4,0,22.33,389.00,capture,-18.99,457.43,79.94,0,178.787,8.312,179.814,-18.51,20.81,147.37,-17.19,-8.45,173.94,53.490,54.522,-27.5538,-14.0879,-18.99,457.43,-27.6503,-14.0862,,,0.19098,0
196.5666,66,15,1,6,290.33,129.67,dwell,35.95,380.36,357.15,0,178.801,8.225,179.838,-18.56,20.78,147.04,-18.24,-7.89,173.48,53.662,54.127,-24.5249,-11.8896,35.95,380.36,-24.5249,-11.8896,,,0.22749,0
196.6791,66,15,1,6,290.33,129.67,dwell,-25.05,314.28,365.44,0,178.880,8.161,179.801,-18.55,20.77,146.98,-17.77,-7.82,173.07,53.753,53.911,-22.0633,-14.4164,-25.05,314.28,-23.4172,-13.0266,,,0.20955,0
196.7813,66,15,1,6,290.33,129.67,dwell,18.71,240.14,293.23,0,178.893,8.105,179.806,-18.43,20.69,147.01,-17.97,-7.84,172.70,53.628,53.527,-19.0139,-11.6673,18.71,240.14,-21.4357,-12.4149,,,0.15199,0
196.8673,66,15,1,6,290.33,129.67,dwell,20.80,238.15,290.55,0,178.830,8.017,179.799,-18.57,20.89,147.00,-17.91,-7.59,172.68,53.632,53.441,-18.4173,-11.5313,20.80,238.15,-20.0774,-12.0173,,,0.20781,0
196.9558,66,15,1,6,290.33,129.67,dwell,189.03,124.96,101.41,0,178.781,7.957,179.804,-18.56,20.82,147.03,-18.40,-8.13,173.18,53.535,53.391,-14.7820,-3.9180,189.03,124.96,-17.6945,-8.3726,,,0.20336,0
197.0602,66,15,1,6,290.33,129.67,dwell,158.84,151.66,133.32,0,178.706,7.943,179.798,-18.51,20.79,146.99,-17.99,-8.31,173.45,53.464,53.332,-15.6392,-5.1664,158.84,151.66,-16.7696,-6.9298,,,0.19947,0
197.1624,66,15,1,6,290.33,129.67,dwell,166.64,165.31,128.73,0,178.718,7.893,179.833,-18.44,20.78,147.19,-17.78,-7.23,173.49,53.793,53.616,-16.3626,-5.1176,166.64,165.31,-16.5864,-6.1143,,,0.22420,0
197.2710,66,15,1,6,290.33,129.67,dwell,159.96,64.68,145.67,0,178.751,7.979,179.834,-18.47,20.75,147.22,-17.71,-8.03,173.39,53.549,53.906,-12.6096,-6.0449,159.96,64.68,-14.7968,-6.0831,,,0.21902,0
197.3530,66,15,1,6,290.33,129.67,dwell,220.79,57.33,100.34,0,178.825,7.904,179.759,-18.53,20.84,147.25,-18.35,-7.95,173.46,53.595,54.401,-12.2109,-2.7298,220.79,57.33,-13.6332,-4.5741,,,0.22324,0
197.4555,66,15,1,6,290.33,129.67,capture,201.49,-7.68,163.58,0,178.938,7.678,179.773,-18.47,20.97,147.27,-17.93,-7.21,173.32,53.219,54.322,-8.8937,-3.5436,201.49,-7.68,-11.5004,-4.1104,,,0.17410,0
197.5410,66,15,1,6,290.33,129.67,capture,224.38,-10.99,155.35,0,178.900,7.692,179.794,-18.57,20.96,147.18,-17.65,-7.47,173.55,53.049,54.413,-9.9142,-2.7223,224.38,-10.99,-10.7866,-3.4857,,,0.20374,0
197.6470,66,15,1,6,290.33,129.67,capture,221.88,-22.66,167.00,0,178.801,7.527,179.821,-18.56,21.08,147.21,-18.10,-7.08,173.86,53.020,54.765,-10.1265,-1.9137,221.88,-22.66,-10.4895,-2.7783,,,0.17453,0
197.7529,66,15,1,6,290.33,129.67,capture,217.87,-33.74,178.75,0,178.793,7.530,179.806,-18.64,21.13,147.10,-17.79,-6.86,173.35,52.774,54.836,-7.6439,-2.4783,217.87,-33.74,-9.2090,-2.6433,,,0.20461,0
197.8521,66,15,1,6,290.33,129.67,capture,237.00,-4.85,144.70,0,178.776,7.495,179.831,-18.71,21.20,147.07,-18.29,-7.24,173.47,53.145,54.650,-10.6033,-1.6435,237.00,-4.85,-9.8365,-2.1934,,,0.18455,0
197.9457,66,15,1,6,290.33,129.67,capture,235.04,-12.63,152.66,0,178.775,7.509,179.825,-18.61,21.10,147.01,-18.06,-7.33,172.78,53.247,54.684,-9.9906,-1.7614,235.04,-12.63,-9.9058,-1.9990,,,0.21095,0
198.0514,66,15,1,6,290.33,129.67,capture,221.63,-8.59,154.39,0,178.914,7.431,179.791,-18.55,21.08,146.95,-17.99,-7.99,173.31,53.594,54.587,-9.6745,-2.4563,221.63,-8.59,-9.8018,-2.2048,,,0.19870,0
198.1605,66,15,1,6,290.33,129.67,capture,225.08,-11.00,155.06,0,179.005,7.333,179.809,-18.51,21.07,147.12,-18.19,-7.86,173.38,53.613,54.601,-10.4196,-2.0956,225.08,-11.00,-10.0798,-2.1556,,,0.22978,0
198.2703,66,15,1,6,290.33,129.67,capture,216.66,-20.22,167.01,0,178.956,7.279,179.821,-18.55,20.75,147.22,-18.18,-8.31,173.71,53.792,55.274,-9.1992,-3.3643,216.66,-20.22,-9.6835,-2.6995,,,0.20801,0
198.3641,66,15,1,6,290.33,129.67,capture,215.09,-30.63,177.08,0,178.954,7.344,179.822,-18.65,20.75,147.18,-17.58,-7.48,173.02,54.055,55.685,-8.1343,-2.5986,215.09,-30.63,-8.9864,-2.6541,,,0.23248,0
198.4461,66,15,1,6,290.33,129.67,capture,221.71,-32.05,175.67,0,179.081,7.486,179.846,-18.67,20.87,147.52,-17.83,-7.50,174.14,53.944,55.427,-8.4026,-2.9820,221.71,-32.05,-8.7237,-2.8017,,,0.18938,0
198.5419,66,15,1,6,290.33,129.67,capture,223.68,-7.78,152.76,0,179.010,7.500,179.830,-18.63,20.84,147.70,-17.86,-7.71,173.80,53.760,55.228,-9.6779,-3.0069,223.68,-7.78,-9.1531,-2.8940,,,0.20288,0
198.6286,66,15,1,6,290.33,129.67,capture,209.06,-27.98,177.36,0,178.952,7.421,179.840,-18.55,20.79,147.57,-18.02,-7.98,173.79,53.550,55.045,-8.6591,-2.8826,209.06,-27.98,-8.9308,-2.8889,,,0.20747,0
198.7256,66,15,1,6,290.33,129.67,capture,204.08,-37.89,188.45,0,178.853,7.374,179.856,-18.53,20.78,147.43,-18.73,-7.59,174.17,53.502,55.047,-7.0986,-3.4216,204.08,-37.89,-8.1063,-3.1286,,,0.20531,0
198.8076,66,15,1,6,290.33,129.67,capture,212.92,-19.10,167.70,0,178.753,7.405,179.833,-18.55,20.85,147.43,-17.51,-7.98,173.95,53.143,54.575,-9.0484,-3.3834,212.92,-19.10,-8.5302,-3.2433,,,0.18608,0
198.9242,66,15,1,6,290.33,129.67,capture,214.86,-7.01,156.13,0,178.800,7.467,179.857,-18.53,20.88,147.38,-18.38,-8.56,173.74,53.176,54.482,-10.2246,-2.5863,214.86,-7.01,-9.2927,-2.9476,,,0.19307,0
199.0221,66,15,1,6,290.33,129.67,capture,203.32,0.38,155.84,0,178.682,7.526,179.839,-18.47,20.77,147.32,-17.71,-8.10,173.59,53.221,54.366,-9.6052,-3.7116,203.32,0.38,-9.4333,-3.2914,,,0.20272,0
199.1366,66,15,1,6,290.33,129.67,capture,192.04,-9.37,170.27,0,178.868,7.664,179.814,-18.45,20.70,147.14,-18.06,-8.21,173.13,53.453,54.292,-9.9995,-3.9649,192.04,-9.37,-9.6881,-3.5945,,,0.19972,0
199.2203,66,15,1,6,290.33,129.67,capture,215.81,-24.39,171.13,0,178.902,7.654,179.806,-18.41,20.86,147.19,-17.78,-6.81,173.85,53.487,54.444,-8.4371,-2.7174,215.81,-24.39,-9.1251,-3.1998,,,0.20402,0
199.3125,66,15,1,6,290.33,129.67,capture,201.19,-31.81,184.45,0,178.857,7.678,179.800,-18.32,20.89,147.40,-18.06,-8.13,173.71,53.498,54.184,-9.0574,-3.5078,201.19,-31.81,-9.0947,-3.3384,,,0.20292,0
199.5041,67,64,7,1,67.00,648.33,dwell,146.83,154.53,500.21,0,178.877,7.715,179.849,-18.28,20.79,147.48,-18.00,-7.16,173.89,53.701,54.299,-15.1747,-5.4202,146.83,154.53,-15.1747,-5.4202,,,0.22226,0
199.6070,67,64,7,1,67.00,648.33,dwell,111.76,105.27,544.90,0,178.827,7.728,179.865,-18.29,20.85,147.51,-17.70,-8.17,173.62,53.583,54.302,-13.0446,-7.0929,111.76,105.27,-14.2161,-6.1729,,,0.22201,0
199.7265,67,64,7,1,67.00,648.33,dwell,67.46,196.13,452.20,0,178.759,7.792,179.880,-18.38,21.00,147.75,-18.21,-7.01,173.82,53.754,54.251,-18.0191,-10.0860,67.46,196.13,-15.9275,-7.9338,,,0.21953,0
199.8139,67,64,7,1,67.00,648.33,dwell,109.64,307.78,343.21,0,178.790,7.692,179.852,-18.36,20.93,147.73,-17.55,-7.74,173.97,53.673,54.419,-21.2698,-8.0134,109.64,307.78,-18.3315,-7.9696,,,0.22751,0
199.8988,67,64,7,1,67.00,648.33,dwell,68.12,288.72,359.62,0,178.823,7.720,179.841,-18.31,20.90,147.70,-18.15,-8.00,174.29,53.761,54.571,-20.8092,-9.8507,68.12,288.72,-19.4465,-8.8161,,,0.21975,0
199.9907,67,64,7,1,67.00,648.33,dwell,29.70,256.71,393.40,0,178.873,7.732,179.834,-18.43,20.93,147.57,-17.95,-7.60,173.82,53.630,54.478,-19.8334,-11.6184,29.70,256.71,-19.6206,-10.0771,,,0.24257,0
200.0765,67,64,7,1,67.00,648.33,dwell,55.38,352.70,295.86,0,178.848,7.838,179.853,-18.39,20.61,147.65,-17.79,-8.05,173.89,53.774,54.384,-23.4227,-10.2737,55.38,352.70,-21.3315,-10.1656,,,0.22039,0
200.1765,67,64,7,1,67.00,648.33,dwell,56.67,349.67,298.84,0,178.808,8.015,179.841,-18.38,20.64,147.47,-18.10,-8.26,174.37,53.984,54.598,-23.3055,-9.7709,56.67,349.67,-22.2198,-9.9880,,,0.25127,0
200.2594,67,64,7,1,67.00,648.33,capture,64.71,385.22,263.12,0,178.790,8.203,179.848,-18.38,20.97,147.72,-17.77,-8.04,174.02,53.438,54.682,-24.3053,-9.9266,64.71,385.22,-23.1583,-9.9604,,,0.20778,0
200.3570,67,64,7,1,67.00,648.33,capture,61.87,387.07,261.31,0,178.849,8.308,179.865,-18.57,20.86,147.68,-18.06,-7.59,174.02,53.701,54.468,-25.1393,-9.9863,61.87,387.07,-24.0498,-9.9720,,,0.20711,0
200.4404,67,64,7,1,67.00,648.33,capture,54.74,353.72,294.87,0,178.851,8.380,179.851,-18.65,20.89,147.71,-18.01,-7.65,174.42,53.946,54.467,-23.8073,-10.0695,54.74,353.72,-23.9406,-10.0159,,,0.20512,0
200.5392,67,64,7,1,67.00,648.33,capture,49.50,420.35,228.65,0,178.875,8.385,179.836,-18.64,21.06,147.82,-18.57,-7.58,174.52,53.855,53.984,-26.3198,-10.3151,49.50,420.35,-25.0112,-10.1505,,,0.21771,0
200.6329,67,64,7,1,67.00,648.33,capture,52.28,375.95,272.78,0,178.905,8.442,179.813,-18.65,21.11,148.03,-18.62,-7.36,174.33,53.700,54.352,-23.8049,-10.2640,52.28,375.95,-24.4684,-10.2016,,,0.22345,0
200.7447,67,64,7,1,67.00,648.33,capture,55.24,402.33,246.28,0,178.819,8.391,179.806,-18.66,21.03,148.18,-18.67,-7.51,174.71,53.942,54.087,-25.0298,-10.0905,55.24,402.33,-24.7210,-10.1516,,,0.21948,0
200.8486,67,64,7,1,67.00,648.33,capture,42.26,413.88,235.76,0,178.788,8.464,179.795,-18.61,21.09,148.15,-18.54,-6.57,174.61,53.710,53.937,-26.1462,-10.4924,42.26,413.88,-25.3624,-10.3050,,,0.23335,0
200.9398,67,64,7,1,67.00,648.33,capture,37.81,384.13,265.81,0,178.749,8.466,179.776,-18.67,20.95,148.29,-18.39,-8.13,174.49,53.973,53.768,-24.8206,-12.1529,37.81,384.13,-25.1186,-11.1365,,,0.24109,0
201.0390,67,64,7,1,67.00,648.33,capture,41.43,381.66,267.90,0,178.773,8.415,179.784,-18.70,21.00,148.22,-18.33,-8.25,174.43,53.503,54.088,-24.2554,-11.3272,41.43,381.66,-24.7301,-11.2223,,,0.21358,0
201.1249,67,64,7,1,67.00,648.33,capture,62.43,387.69,260.68,0,178.799,8.412,179.770,-18.60,20.95,148.11,-18.16,-7.25,174.40,53.507,53.989,-24.0873,-10.2573,62.43,387.69,-24.4409,-10.7881,,,0.21006,0
201.2401,67,64,7,1,67.00,648.33,capture,40.83,403.14,246.59,0,178.847,8.476,179.766,-18.65,20.94,147.97,-17.97,-8.54,174.57,53.073,54.220,-25.0354,-11.3501,40.83,403.14,-24.7084,-11.0410,,,0.17015,0
201.3261,67,64,7,1,67.00,648.33,capture,43.25,388.54,260.88,0,178.957,8.402,179.787,-18.77,21.04,148.07,-18.30,-8.00,175.09,52.999,54.015,-25.9117,-10.7888,43.25,388.54,-25.2499,-10.9275,,,0.20998,0
201.4323,67,64,7,1,67.00,648.33,capture,39.90,403.94,245.89,0,178.976,8.483,179.761,-18.62,20.99,147.89,-18.08,-8.11,174.35,53.132,53.774,-25.4720,-10.7863,39.90,403.94,-25.3498,-10.8640,,,0.19742,0
201.5368,67,64,7,1,67.00,648.33,capture,37.41,369.28,280.62,0,178.864,8.553,179.739,-18.59,21.28,148.04,-18.30,-7.25,173.87,53.508,53.731,-24.1636,-11.1613,37.41,369.28,-24.8160,-10.9977,,,0.20955,0
201.6460,67,64,7,1,67.00,648.33,capture,43.67,393.08,256.32,0,178.942,8.530,179.740,-18.46,21.21,147.87,-18.07,-8.02,173.50,53.814,53.871,-24.7799,-10.3477,43.67,393.08,-24.7998,-10.7052,,,0.20299,0
201.7392,67,64,7,1,67.00,648.33,capture,35.49,362.43,287.63,0,178.985,8.508,179.768,-18.54,21.04,147.80,-18.35,-8.45,174.48,53.497,53.667,-23.7725,-11.6784,35.49,362.43,-24.3375,-11.1432,,,0.21566,0
201.8468,67,64,7,1,67.00,648.33,capture,61.89,387.46,260.92,0,178.963,8.534,179.751,-18.39,20.76,147.72,-17.09,-8.41,174.59,53.394,53.677,-24.5538,-9.5159,61.89,387.46,-24.4348,-10.4109,,,0.19193,0
201.9473,67,64,7,1,67.00,648.33,capture,52.39,383.01,265.73,0,178.978,8.608,179.806,-18.45,20.69,147.89,-17.72,-7.80,174.68,53.702,54.212,-24.6219,-10.5002,52.39,383.01,-24.5190,-10.4511,,,0.22334,0
202.0692,67,64,7,1,67.00,648.33,capture,47.59,411.07,238.06,0,178.971,8.600,179.809,-18.29,20.77,147.53,-18.55,-7.21,173.96,54.028,54.384,-25.7680,-9.7851,47.59,411.07,-25.0811,-10.1514,,,0.21563,0
202.1519,67,64,7,1,67.00,648.33,capture,62.52,383.43,264.94,0,178.903,8.734,179.840,-18.47,20.93,147.79,-17.95,-7.70,174.01,53.658,54.047,-25.4435,-9.8072,62.52,383.43,-25.2442,-9.9965,,,0.19363,0
202.3500,68,21,2,3,156.33,216.11,dwell,81.52,361.87,163.84,0,178.768,8.564,179.871,-18.59,20.84,147.64,-18.41,-8.17,174.00,53.638,54.233,-23.5492,-8.6011,81.52,361.87,-23.5492,-8.6011,,,0.20619,0
202.4646,68,21,2,3,156.33,216.11,dwell,234.35,377.93,179.64,0,178.800,8.503,179.894,-18.50,20.84,147.49,-18.62,-8.21,173.66,53.787,54.059,-24.7663,-2.2290,234.35,377.93,-24.0969,-5.7337,,,0.22264,0
202.5741,68,21,2,3,156.33,216.11,dwell,229.03,271.97,91.68,0,178.827,8.390,179.882,-18.40,20.87,147.60,-17.64,-7.03,173.50,54.237,54.321,-20.5448,-1.6629,229.03,271.97,-22.4985,-3.9018,,,0.22992,0
202.6664,68,21,2,3,156.33,216.11,dwell,203.73,391.93,182.10,0,178.891,8.299,179.838,-18.35,20.68,147.65,-17.67,-8.22,174.10,54.517,54.191,-25.8997,-3.6483,203.73,391.93,-24.0290,-3.7877,,,0.23265,0
202.7590,68,21,2,3,156.33,216.11,dwell,119.50,303.98,95.28,0,179.027,8.247,179.821,-18.30,20.76,147.72,-18.16,-8.64,173.86,54.328,53.720,-21.5378,-7.0023,119.50,303.98,-22.9080,-5.2343,,,0.24944,0
202.8486,68,21,2,3,156.33,216.11,dwell,168.48,320.61,105.20,0,178.900,8.164,179.820,-18.44,20.80,147.66,-18.32,-8.06,174.29,54.863,53.885,-22.8154,-5.1384,168.48,320.61,-22.8663,-5.1911,,,0.23195,0
202.9396,68,21,2,3,156.33,216.11,dwell,223.71,323.04,126.39,0,178.965,8.014,179.841,-18.54,21.09,147.79,-17.79,-7.88,173.86,54.799,53.407,-22.8456,-3.2417,223.71,323.04,-22.8570,-4.3139,,,0.25192,0
203.0342,68,21,2,3,156.33,216.11,dwell,245.60,286.59,113.74,0,179.037,8.022,179.833,-18.43,21.00,147.88,-17.65,-6.98,174.15,54.964,53.808,-21.1910,-1.8503,245.60,286.59,-22.1073,-3.2053,,,0.26723,0
203.1266,68,21,2,3,156.33,216.11,dwell,205.30,252.62,61.08,0,178.980,7.826,179.842,-18.52,20.87,147.90,-18.16,-7.61,174.19,54.400,53.944,-19.1288,-3.3654,205.30,252.62,-20.7670,-3.2773,,,0.22972,0
203.2305,68,21,2,3,156.33,216.11,dwell,202.91,255.16,60.78,0,178.900,7.771,179.834,-18.49,20.74,147.89,-18.24,-7.60,174.73,54.509,53.689,-20.0953,-3.2251,202.91,255.16,-20.4647,-3.2538,,,0.22831,0
203.3156,68,21,2,3,156.33,216.11,capture,242.25,238.58,88.81,0,178.866,7.732,179.817,-18.40,20.64,147.64,-17.78,-7.57,173.77,54.395,53.727,-19.5226,-1.9886,242.25,238.58,-20.0408,-2.6845,,,0.24425,0
203.4281,68,21,2,3,156.33,216.11,capture,228.28,244.87,77.48,0,178.854,7.721,179.809,-18.38,20.61,147.85,-17.91,-6.79,174.56,54.196,53.651,-19.7888,-2.3369,228.28,244.87,-19.9274,-2.5281,,,0.22993,0
203.5422,68,21,2,3,156.33,216.11,capture,252.72,241.55,99.69,0,178.886,7.754,179.799,-18.40,20.42,147.88,-18.06,-8.47,173.95,54.063,53.421,-19.4973,-1.9019,252.72,241.55,-19.7339,-2.2463,,,0.23641,0
203.6378,68,21,2,3,156.33,216.11,capture,243.47,248.21,92.86,0,178.786,7.723,179.836,-18.47,20.56,148.03,-18.12,-7.77,174.56,54.016,53.739,-18.8636,-1.4136,243.47,248.21,-19.3422,-1.8716,,,0.20655,0
203.7291,68,21,2,3,156.33,216.11,capture,234.99,240.30,82.29,0,178.816,7.651,179.793,-18.46,20.38,147.86,-18.16,-8.55,174.04,54.009,53.649,-18.0707,-1.9109,234.99,240.30,-18.7700,-1.8893,,,0.20441,0
203.8331,68,21,2,3,156.33,216.11,capture,250.46,235.26,96.05,0,178.853,7.602,179.778,-18.38,20.32,147.75,-17.98,-7.82,173.83,54.008,53.510,-18.5217,-0.6843,250.46,235.26,-18.6583,-1.3471,,,0.21526,0
203.9169,68,21,2,3,156.33,216.11,capture,238.20,240.02,85.29,0,178.876,7.720,179.767,-18.41,20.37,147.41,-17.38,-8.19,174.39,53.625,53.769,-20.0207,-1.9358,238.20,240.02,-19.2714,-1.6120,,,0.23869,0
204.0113,68,21,2,3,156.33,216.11,capture,215.90,242.42,65.12,0,178.920,7.748,179.755,-18.47,20.32,147.26,-17.96,-8.17,173.50,53.739,53.754,-19.4407,-3.1601,215.90,242.42,-19.3476,-2.3086,,,0.23476,0
204.1205,68,21,2,3,156.33,216.11,capture,233.79,225.81,78.06,0,178.984,7.753,179.774,-18.52,20.45,147.34,-17.94,-7.74,173.57,53.853,53.377,-17.1576,-2.3287,233.79,225.81,-18.3621,-2.3177,,,0.23126,0
204.2193,68,21,2,3,156.33,216.11,capture,242.37,233.74,87.82,0,178.952,7.679,179.763,-18.52,20.35,147.44,-17.87,-8.28,173.55,53.946,53.631,-19.2525,-2.1011,242.37,233.74,-18.7628,-2.2202,,,0.23064,0
204.3114,68,21,2,3,156.33,216.11,capture,253.11,225.64,97.24,0,178.935,7.618,179.748,-18.57,20.43,147.42,-18.03,-7.08,173.89,54.031,53.962,-18.7648,-1.1156,253.11,225.64,-18.7637,-1.7231,,,0.18524,0
204.3980,68,21,2,3,156.33,216.11,capture,275.80,248.89,123.88,0,179.061,7.512,179.772,-18.62,20.50,147.53,-18.18,-8.37,174.17,53.833,54.221,-19.7828,-0.6334,275.80,248.89,-19.2223,-1.2327,,,0.21325,0
204.4965,68,21,2,3,156.33,216.11,capture,233.27,220.47,77.06,0,179.053,7.711,179.796,-18.67,20.57,147.68,-18.12,-7.75,174.00,53.555,54.108,-18.2678,-1.8670,233.27,220.47,-18.7928,-1.5182,,,0.18398,0
204.5831,68,21,2,3,156.33,216.11,capture,224.92,244.50,74.23,0,178.886,7.711,179.800,-18.65,20.76,147.84,-18.43,-7.83,174.34,53.384,54.159,-19.3619,-1.7209,224.92,244.50,-19.0489,-1.6094,,,0.21726,0
204.6651,68,21,2,3,156.33,216.11,capture,245.84,234.94,91.47,0,178.911,7.760,179.806,-18.70,20.53,147.91,-18.35,-7.39,174.28,53.939,54.413,-18.6952,-1.9928,245.84,234.94,-18.8897,-1.7819,,,0.20780,0
204.7572,68,21,2,3,156.33,216.11,capture,231.17,227.25,75.66,0,178.945,7.839,179.821,-18.59,20.47,147.84,-18.24,-7.92,174.50,53.969,54.324,-17.9580,-2.3118,231.17,227.25,-18.4705,-2.0204,,,0.22584,0
204.8426,68,21,2,3,156.33,216.11,capture,251.89,232.01,96.87,0,179.017,7.808,179.834,-18.72,20.55,147.76,-18.87,-7.82,174.26,53.642,54.867,-19.2012,-1.2773,251.89,232.01,-18.7993,-1.6860,,,0.19295,0
204.9338,68,21,2,3,156.33,216.11,capture,239.93,241.64,87.41,0,179.006,7.808,179.848,-18.76,20.69,147.75,-18.89,-8.55,174.48,53.990,54.511,-19.0333,-1.6492,239.93,241.64,-18.9046,-1.6694,,,0.22283,0
205.0375,68,21,2,3,156.33,216.11,capture,239.70,224.98,83.84,0,179.070,7.846,179.820,-18.64,20.69,147.85,-18.26,-7.92,174.20,54.049,54.426,-18.9651,-1.5476,239.70,224.98,-18.9318,-1.6146,,,0.19658,0
205.1223,68,21,2,3,156.33,216.11,capture,223.94,264.11,82.91,0,179.123,7.811,179.827,-18.75,20.75,147.73,-18.06,-8.02,174.04,53.885,54.622,-19.0455,-2.1912,223.94,264.11,-18.9830,-1.8740,,,0.20362,0
205.3009,69,0,0,0,22.33,43.22,dwell,113.65,185.60,169.15,0,178.971,7.809,179.833,-18.63,20.82,147.44,-18.37,-8.50,173.52,54.041,54.658,-16.4897,-8.2471,113.65,185.60,-16.4897,-8.2471,,,0.19986,0
205.4034,69,0,0,0,22.33,43.22,dwell,216.51,175.40,234.89,0,178.965,7.819,179.820,-18.65,20.87,147.50,-18.20,-8.06,173.33,53.840,54.160,-17.4775,-3.0739,216.51,175.40,-16.9342,-5.9192,,,0.20756,0
205.5150,69,0,0,0,22.33,43.22,dwell,-24.13,166.10,131.37,0,178.957,7.822,179.871,-18.62,20.89,147.71,-18.40,-7.19,174.81,53.707,54.652,-15.6334,-13.9826,-24.13,166.10,-16.3489,-9.5477,,,0.18217,0
205.6060,69,0,0,0,22.33,43.22,dwell,118.97,256.96,234.57,0,179.047,7.811,179.881,-18.64,20.91,147.87,-18.07,-8.59,174.57,53.869,54.357,-19.6783,-7.8830,118.97,256.96,-17.8471,-8.7986,,,0.23060,0
205.6945,69,0,0,0,22.33,43.22,dwell,39.73,255.68,213.17,0,179.033,7.753,179.910,-18.68,21.03,147.60,-18.47,-8.24,173.56,54.010,54.478,-20.2591,-10.6397,39.73,255.68,-18.9325,-9.6271,,,0.23174,0
205.8036,69,0,0,0,22.33,43.22,dwell,44.16,148.95,107.96,0,179.028,7.749,179.910,-18.61,21.02,147.24,-18.02,-7.77,172.93,53.731,54.024,-15.6472,-11.5013,44.16,148.95,-17.4541,-10.4705,,,0.22361,0
205.9026,69,0,0,0,22.33,43.22,dwell,-8.81,191.33,151.35,0,178.966,7.675,179.913,-18.54,20.79,147.18,-18.03,-7.53,173.26,53.963,53.833,-17.3679,-13.4261,-8.81,191.33,-17.4153,-11.8005,,,0.22365,0
206.0027,69,0,0,0,22.33,43.22,dwell,30.66,208.06,165.05,0,178.890,7.705,179.878,-18.35,20.60,147.11,-17.96,-7.41,173.26,53.951,53.949,-18.1310,-11.3574,30.66,208.06,-17.7374,-11.6011,,,0.20698,0
206.1095,69,0,0,0,22.33,43.22,capture,-26.98,188.18,153.12,0,178.907,7.541,179.897,-18.45,20.65,147.38,-18.18,-8.23,173.52,54.492,53.935,-17.8580,-13.8300,-26.98,188.18,-17.7917,-12.6041,,,0.22657,0
206.2173,69,0,0,0,22.33,43.22,capture,-21.07,176.35,140.02,0,178.910,7.681,179.879,-18.44,20.68,147.49,-18.20,-7.91,173.52,54.530,53.809,-17.2161,-13.9786,-21.07,176.35,-17.5326,-13.2226,,,0.24825,0
206.3186,69,0,0,0,22.33,43.22,capture,-18.18,187.40,149.76,0,179.097,7.677,179.874,-18.37,20.83,147.56,-18.07,-7.77,173.72,54.165,53.755,-18.3295,-13.0852,-18.18,187.40,-17.8912,-13.1608,,,0.21042,0
206.4056,69,0,0,0,22.33,43.22,capture,-35.91,186.07,154.27,0,179.034,7.863,179.845,-18.29,20.76,147.92,-17.50,-7.29,174.15,53.675,54.232,-17.5250,-14.6570,-35.91,186.07,-17.7264,-13.8341,,,0.22657,0
206.4963,69,0,0,0,22.33,43.22,capture,2.07,178.92,137.20,0,179.073,7.764,179.848,-18.24,20.53,147.98,-17.81,-7.35,174.34,53.832,53.747,-17.4587,-12.7503,2.07,178.92,-17.6060,-13.3464,,,0.22879,0
206.5979,69,0,0,0,22.33,43.22,capture,5.90,184.27,142.00,0,179.191,7.619,179.842,-18.30,20.79,148.04,-18.06,-7.91,174.36,54.047,53.833,-17.7617,-13.1057,5.90,184.27,-17.6760,-13.2381,,,0.24228,0
206.7146,69,0,0,0,22.33,43.22,capture,-21.45,186.49,149.81,0,179.171,7.635,179.834,-18.27,20.65,148.00,-17.91,-7.13,175.06,54.251,54.022,-16.6804,-13.2384,-21.45,186.49,-17.2280,-13.2382,,,0.23595,0
206.8230,69,0,0,0,22.33,43.22,capture,-45.27,194.15,165.38,0,179.304,7.569,179.825,-18.34,20.55,147.80,-18.35,-7.96,174.61,53.944,54.134,-17.1045,-14.5815,-45.27,194.15,-17.1724,-13.8427,,,0.22830,0
206.9161,69,0,0,0,22.33,43.22,capture,-42.84,180.37,151.85,0,179.280,7.583,179.841,-18.36,20.61,147.79,-17.78,-8.20,174.06,53.795,54.222,-16.7575,-14.9365,-42.84,180.37,-16.9857,-14.3349,,,0.22347,0
207.0283,69,0,0,0,22.33,43.22,capture,-15.65,188.22,149.89,0,179.232,7.521,179.844,-18.43,20.62,147.69,-18.14,-8.49,173.43,53.909,54.326,-16.6428,-13.4311,-15.65,188.22,-16.8314,-13.9282,,,0.20906,0
207.1149,69,0,0,0,22.33,43.22,capture,-25.96,206.41,170.18,0,179.217,7.622,179.867,-18.44,20.57,147.75,-17.93,-7.83,174.03,53.785,54.092,-18.0842,-14.3215,-25.96,206.41,-17.3952,-14.1052,,,0.20917,0
207.2159,69,0,0,0,22.33,43.22,capture,-20.52,191.31,154.16,0,179.008,7.564,179.858,-18.38,20.68,147.73,-17.77,-8.61,174.19,54.111,54.022,-17.2052,-13.3032,-20.52,191.31,-17.3097,-13.7443,,,0.19404,0
207.3388,69,0,0,0,22.33,43.22,capture,-3.16,188.58,147.58,0,178.980,7.495,179.919,-18.43,20.86,147.72,-17.84,-7.07,173.87,54.202,53.817,-17.5399,-13.4929,-3.16,188.58,-17.4133,-13.6312,,,0.23383,0
207.4509,69,0,0,0,22.33,43.22,capture,3.16,180.56,138.67,0,179.086,7.423,179.905,-18.40,20.87,147.91,-17.67,-7.77,174.63,54.177,54.207,-16.5519,-13.1168,3.16,180.56,-17.0257,-13.3997,,,0.24041,0
207.5583,69,0,0,0,22.33,43.22,capture,-35.92,177.49,146.36,0,178.866,7.500,179.903,-18.38,20.72,147.59,-17.76,-7.82,174.04,54.129,54.033,-15.8196,-14.9279,-35.92,177.49,-16.4830,-14.0874,,,0.22257,0
207.6633,69,0,0,0,22.33,43.22,capture,-14.06,177.25,138.88,0,178.843,7.605,179.898,-18.39,20.70,147.51,-18.11,-8.47,173.76,54.056,53.519,-16.9454,-13.5881,-14.06,177.25,-16.6911,-13.8627,,,0.21664,0
207.7602,69,0,0,0,22.33,43.22,capture,1.32,173.09,131.56,0,178.867,7.676,179.902,-18.47,20.66,147.60,-18.31,-8.46,174.00,53.662,53.662,-15.9189,-12.0001,1.32,173.09,-16.3436,-13.0246,,,0.22527,0
207.8593,69,0,0,0,22.33,43.22,capture,-9.49,145.82,107.42,0,178.867,7.702,179.916,-18.50,20.94,147.46,-17.73,-8.01,173.59,53.539,53.291,-15.8762,-12.9521,-9.49,145.82,-16.1333,-12.9920,,,0.21751,0
208.0393,70,49,5,4,201.00,475.44,dwell,88.16,198.26,299.27,0,178.891,7.791,179.917,-18.51,20.93,147.47,-17.86,-7.56,174.04,53.902,53.227,-17.9625,-8.4424,88.16,198.26,-17.9625,-8.4424,,,0.21281,0
208.1345,70,49,5,4,201.00,475.44,dwell,22.26,353.24,216.52,0,178.820,7.868,179.917,-18.47,20.77,147.48,-17.76,-7.83,173.96,53.796,53.827,-24.0404,-11.9226,22.26,353.24,-20.6975,-10.0085,,,0.20705,0
208.2269,70,49,5,4,201.00,475.44,dwell,61.10,202.88,306.37,0,178.659,7.880,179.909,-18.62,20.91,147.17,-17.60,-7.83,173.30,54.215,54.052,-17.3845,-10.2919,61.10,202.88,-19.2067,-10.1360,,,0.23229,0
208.3228,70,49,5,4,201.00,475.44,dwell,182.02,340.58,136.19,0,178.566,7.907,179.913,-18.54,20.99,146.96,-18.06,-8.10,173.55,54.541,54.023,-23.1285,-4.9036,182.02,340.58,-20.9715,-7.7814,,,0.22643,0
208.4242,70,49,5,4,201.00,475.44,dwell,171.58,268.74,208.79,0,178.672,8.021,179.891,-18.62,20.78,147.09,-17.75,-7.23,173.04,54.813,53.912,-20.0374,-5.1010,171.58,268.74,-20.5511,-6.5752,,,0.23051,0
208.5299,70,49,5,4,201.00,475.44,dwell,150.08,390.37,99.15,0,178.612,8.084,179.880,-18.64,20.84,147.05,-18.27,-7.91,173.17,54.387,53.862,-24.8805,-5.5259,150.08,390.37,-22.4994,-6.1031,,,0.23210,0
208.6305,70,49,5,4,201.00,475.44,dwell,142.15,374.40,116.93,0,178.625,8.114,179.861,-18.56,21.08,147.09,-18.57,-7.97,173.29,54.229,53.744,-24.7748,-7.1189,142.15,374.40,-23.5233,-6.5602,,,0.23420,0
208.7157,70,49,5,4,201.00,475.44,dwell,208.68,404.84,71.02,0,178.696,8.073,179.891,-18.65,21.00,147.19,-18.82,-7.28,173.06,53.928,53.778,-26.0417,-2.9151,208.68,404.84,-24.6566,-4.9199,,,0.21637,0
208.8101,70,49,5,4,201.00,475.44,capture,229.58,401.86,78.94,0,178.695,8.152,179.899,-18.60,21.04,147.06,-17.97,-7.96,173.57,53.601,53.651,-25.8132,-2.3148,229.58,401.86,-25.1770,-3.7476,,,0.19984,0
208.9101,70,49,5,4,201.00,475.44,capture,246.53,433.09,62.18,0,178.790,8.236,179.883,-18.58,21.01,146.96,-18.04,-7.51,173.15,53.691,53.711,-25.9910,-2.0870,246.53,433.09,-25.5433,-3.0003,,,0.21843,0
209.0123,70,49,5,4,201.00,475.44,capture,221.69,450.84,32.15,1,178.678,8.249,179.889,-18.53,20.86,146.89,-17.93,-8.71,172.93,54.123,53.922,-27.7419,-2.5004,221.69,450.84,-26.5327,-2.7754,,,0.23113,0
209.1120,70,49,5,4,201.00,475.44,capture,227.45,427.27,54.96,0,178.626,8.244,179.875,-18.54,20.72,146.89,-17.60,-7.73,173.55,53.935,54.388,-26.1334,-2.1118,227.45,427.27,-26.3530,-2.4768,,,0.20385,0
209.2145,70,49,5,4,201.00,475.44,capture,232.79,412.55,70.47,0,178.649,8.249,179.872,-18.62,20.61,147.14,-18.62,-8.18,173.48,53.571,54.176,-25.8543,-1.5988,232.79,412.55,-26.1286,-2.0817,,,0.21119,0
209.3331,70,49,5,4,201.00,475.44,capture,228.27,427.10,55.51,0,178.780,8.146,179.877,-18.60,20.63,147.28,-18.38,-8.81,173.70,53.717,54.558,-26.6292,-1.7200,228.27,427.10,-26.3538,-1.9189,,,0.21426,0
209.4238,70,49,5,4,201.00,475.44,capture,242.37,475.27,41.37,0,178.824,8.253,179.867,-18.63,20.72,147.04,-18.48,-7.69,172.70,53.948,54.568,-28.4011,-1.5416,242.37,475.27,-27.2751,-1.7491,,,0.22978,0
209.5399,70,49,5,4,201.00,475.44,capture,221.01,456.32,27.68,1,178.820,8.276,179.841,-18.53,20.75,147.17,-18.03,-7.84,172.91,54.042,54.112,-27.2832,-1.7501,221.01,456.32,-27.2787,-1.7496,,,0.22240,0
209.6401,70,49,5,4,201.00,475.44,capture,224.65,435.34,46.56,0,178.780,8.238,179.810,-18.65,20.83,147.21,-18.54,-7.06,173.20,54.320,54.325,-27.1847,-2.9725,224.65,435.34,-27.2364,-2.2999,,,0.25672,0
209.7452,70,49,5,4,201.00,475.44,capture,230.27,420.76,62.03,0,178.652,8.291,179.781,-18.66,20.83,147.03,-17.91,-8.29,173.26,54.471,54.145,-25.3715,-2.0578,230.27,420.76,-26.3972,-2.1909,,,0.23785,0
209.8311,70,49,5,4,201.00,475.44,capture,255.74,438.65,65.96,0,178.650,8.375,179.774,-18.81,21.04,147.20,-18.04,-8.01,173.17,54.056,54.609,-27.0443,-1.2767,255.74,438.65,-26.6884,-1.7795,,,0.22968,0
209.9259,70,49,5,4,201.00,475.44,capture,209.34,430.37,45.84,0,178.720,8.322,179.796,-18.73,20.76,147.03,-17.67,-8.11,172.97,53.725,54.804,-26.2827,-3.0375,209.34,430.37,-26.5058,-2.3456,,,0.22323,0
210.0213,70,49,5,4,201.00,475.44,capture,224.08,426.42,54.19,0,178.766,8.308,179.829,-18.69,20.80,147.28,-18.15,-7.57,173.37,53.668,54.793,-26.7613,-2.0147,224.08,426.42,-26.6208,-2.1967,,,0.21568,0
210.1123,70,49,5,4,201.00,475.44,capture,260.33,444.02,67.14,0,178.770,8.307,179.835,-18.81,20.72,147.35,-18.40,-8.12,173.39,53.831,54.850,-27.1654,-0.8673,260.33,444.02,-26.8659,-1.5985,,,0.22008,0
210.2284,70,49,5,4,201.00,475.44,capture,211.40,447.68,29.65,1,178.702,8.171,179.844,-18.80,20.88,147.05,-18.57,-6.91,173.17,53.667,54.523,-27.2222,-2.7823,211.40,447.68,-27.0262,-2.1312,,,0.22049,0
210.3277,70,49,5,4,201.00,475.44,capture,232.98,417.51,66.17,0,178.685,8.160,179.857,-18.74,20.93,147.14,-18.74,-8.40,173.63,53.607,54.732,-26.3126,-1.3840,232.98,417.51,-26.7051,-1.7950,,,0.20249,0
210.4230,70,49,5,4,201.00,475.44,capture,217.67,429.90,48.50,0,178.723,8.179,179.856,-18.72,20.97,147.39,-18.71,-7.91,173.55,53.594,54.903,-26.8172,-3.6286,217.67,429.90,-26.7555,-2.6201,,,0.21688,0
210.5050,70,49,5,4,201.00,475.44,capture,241.74,433.59,58.41,0,178.613,8.109,179.867,-18.82,20.75,147.35,-18.20,-8.54,173.71,53.898,54.844,-27.5505,-1.5808,241.74,433.59,-27.1133,-2.1524,,,0.24057,0
210.6047,70,49,5,4,201.00,475.44,capture,246.11,429.11,64.67,0,178.664,8.087,179.882,-18.74,20.63,147.41,-18.79,-7.26,173.69,53.885,54.419,-26.1348,-1.6471,246.11,429.11,-26.6729,-1.9250,,,0.21613,0
210.8069,71,54,6,0,22.33,561.89,dwell,108.54,537.46,89.60,0,178.767,8.162,179.922,-18.82,20.49,147.50,-18.10,-7.66,173.46,53.895,54.603,-29.9282,-7.8108,108.54,537.46,-29.9282,-7.8108,,,0.22151,0
210.9058,71,54,6,0,22.33,561.89,dwell,140.22,414.29,188.90,0,178.734,8.320,179.893,-18.82,20.44,147.55,-18.56,-8.08,173.94,53.647,54.741,-24.7191,-6.7986,140.22,414.29,-27.5841,-7.3553,,,0.22286,0
211.0011,71,54,6,0,22.33,561.89,dwell,177.19,447.83,192.33,0,178.757,8.302,179.895,-18.79,20.41,147.45,-18.50,-8.45,173.82,53.719,54.560,-26.5428,-4.1787,177.19,447.83,-27.1155,-5.9258,,,0.23859,0
211.0894,71,54,6,0,22.33,561.89,dwell,5.91,445.18,117.86,0,178.801,8.203,179.892,-18.72,20.25,147.31,-17.51,-8.31,173.22,53.795,54.562,-26.7587,-13.1544,5.91,445.18,-26.9550,-9.1787,,,0.20812,0
211.1805,71,54,6,0,22.33,561.89,dwell,101.89,485.68,110.17,0,178.972,8.341,179.907,-18.75,20.20,147.34,-18.48,-8.28,173.35,53.398,54.605,-27.8718,-7.9673,101.89,485.68,-27.3675,-8.6336,,,0.17974,0
211.2804,71,54,6,0,22.33,561.89,dwell,87.08,471.44,111.23,0,179.046,8.282,179.874,-18.82,20.38,147.47,-18.19,-8.64,173.92,53.325,54.819,-28.6196,-9.2804,87.08,471.44,-27.9309,-8.9247,,,0.22552,0
211.3683,71,54,6,0,22.33,561.89,dwell,22.49,344.99,216.90,0,179.057,8.238,179.859,-18.78,20.59,147.25,-17.99,-8.03,173.35,53.562,54.857,-22.8977,-12.4179,22.49,344.99,-25.6660,-10.4966,,,0.22730,0
211.4651,71,54,6,0,22.33,561.89,dwell,1.09,348.65,214.29,0,179.084,8.425,179.859,-18.75,20.49,147.01,-17.82,-8.54,173.46,53.525,54.595,-23.5522,-12.7940,1.09,348.65,-24.7148,-11.5304,,,0.20853,0
211.5585,71,54,6,0,22.33,561.89,dwell,47.83,389.86,173.91,0,179.098,8.567,179.860,-18.66,20.36,146.88,-18.15,-7.35,172.27,53.471,54.463,-25.0457,-10.7499,47.83,389.86,-24.8637,-11.1792,,,0.20210,0
211.6655,71,54,6,0,22.33,561.89,dwell,39.23,425.05,137.88,0,179.019,8.466,179.816,-18.72,20.20,147.18,-18.19,-8.36,173.55,53.861,54.454,-26.4422,-11.5597,39.23,425.05,-25.5740,-11.3504,,,0.20041,0
211.7708,71,54,6,0,22.33,561.89,capture,26.04,415.30,146.64,0,178.897,8.511,179.822,-18.86,20.17,147.06,-18.04,-8.83,173.22,53.934,54.003,-25.5636,-11.2678,26.04,415.30,-25.5693,-11.3132,,,0.21429,0
211.8600,71,54,6,0,22.33,561.89,capture,14.64,394.97,167.10,0,178.875,8.591,179.836,-18.73,20.21,147.22,-18.03,-8.92,173.10,53.617,54.450,-24.3847,-12.1125,14.64,394.97,-25.0363,-11.6729,,,0.21464,0
211.9542,71,54,6,0,22.33,561.89,capture,17.03,420.92,141.07,0,178.941,8.633,179.853,-18.70,20.25,147.35,-17.60,-6.96,173.21,53.520,54.311,-25.9295,-11.9638,17.03,420.92,-25.4382,-11.8038,,,0.19078,0
212.0500,71,54,6,0,22.33,561.89,capture,17.83,386.48,175.47,0,178.926,8.521,179.833,-18.76,20.43,147.31,-18.06,-7.83,173.67,53.261,54.219,-24.1120,-11.5219,17.83,386.48,-24.8414,-11.6770,,,0.19937,0
212.1462,71,54,6,0,22.33,561.89,capture,13.52,394.08,168.04,0,179.081,8.528,179.835,-18.69,20.58,147.24,-18.53,-7.73,173.33,53.171,54.026,-25.3757,-12.0982,13.52,394.08,-25.0818,-11.8665,,,0.20101,0
212.2357,71,54,6,0,22.33,561.89,capture,-1.04,375.14,188.21,0,179.070,8.546,179.856,-18.62,20.46,147.34,-18.43,-7.95,173.55,53.356,53.859,-25.0188,-12.6499,-1.04,375.14,-25.0535,-12.2191,,,0.18256,0
212.3369,71,54,6,0,22.33,561.89,capture,-7.08,387.43,176.92,0,179.103,8.732,179.850,-18.64,20.25,147.45,-17.55,-8.34,173.82,53.391,53.609,-25.9395,-12.7847,-7.08,387.43,-25.4522,-12.4736,,,0.18973,0
212.4381,71,54,6,0,22.33,561.89,capture,31.17,375.00,187.10,0,179.145,8.735,179.854,-18.62,20.27,147.32,-18.26,-7.74,173.58,53.317,53.807,-24.8376,-10.9797,31.17,375.00,-25.1756,-11.8013,,,0.21342,0
212.5201,71,54,6,0,22.33,561.89,capture,18.40,393.56,168.37,0,179.100,8.723,179.822,-18.60,20.38,147.49,-17.66,-8.46,173.62,53.323,53.611,-24.9992,-11.7683,18.40,393.56,-25.0962,-11.7865,,,0.21138,0
212.6248,71,54,6,0,22.33,561.89,capture,13.59,415.56,146.59,0,178.989,8.749,179.787,-18.76,20.39,147.32,-18.20,-7.57,173.71,53.371,53.840,-25.7350,-11.8499,13.59,415.56,-25.3837,-11.8150,,,0.18381,0
212.7193,71,54,6,0,22.33,561.89,capture,-0.82,373.33,189.98,0,179.015,8.890,179.809,-18.65,20.28,147.31,-17.48,-8.51,173.30,53.613,54.334,-24.4906,-13.0162,-0.82,373.33,-24.9818,-12.3555,,,0.18669,0
212.8079,71,54,6,0,22.33,561.89,capture,4.66,371.90,190.81,0,178.903,8.791,179.790,-18.56,20.30,147.26,-18.13,-8.31,173.62,53.563,54.451,-23.6776,-12.6676,4.66,371.90,-24.3949,-12.4960,,,0.21909,0
212.9435,71,54,6,0,22.33,561.89,capture,-4.70,392.29,171.74,0,178.879,8.772,179.735,-18.71,20.40,147.36,-18.11,-8.68,173.60,53.889,54.444,-25.1968,-12.6665,-4.70,392.29,-24.7558,-12.5727,,,0.22561,0
213.0364,71,54,6,0,22.33,561.89,capture,15.08,367.90,194.12,0,178.788,8.685,179.772,-18.74,20.44,147.26,-17.79,-8.71,173.57,54.020,54.054,-24.1067,-12.7136,15.08,367.90,-24.4637,-12.6361,,,0.22159,0
213.1273,71,54,6,0,22.33,561.89,capture,17.02,430.36,131.64,0,178.863,8.803,179.763,-18.79,20.44,147.43,-18.11,-7.94,173.14,54.032,53.858,-26.8193,-11.7449,17.02,430.36,-25.5237,-12.2351,,,0.23061,0
213.2275,71,54,6,0,22.33,561.89,capture,13.83,385.53,176.56,0,178.858,8.709,179.769,-18.74,20.47,147.38,-18.05,-8.36,174.09,53.883,53.884,-25.6996,-11.8636,13.83,385.53,-25.6028,-12.0679,,,0.22501,0
213.3139,71,54,6,0,22.33,561.89,capture,10.95,396.17,166.11,0,178.979,8.743,179.809,-18.59,20.40,147.53,-18.08,-7.55,174.12,54.069,54.050,-25.6458,-12.8608,10.95,396.17,-25.6222,-12.4247,,,0.23541,0
213.3959,71,54,6,0,22.33,561.89,capture,16.03,420.13,141.90,0,179.070,8.716,179.819,-18.59,20.29,147.68,-17.82,-7.80,174.19,53.696,53.822,-26.6930,-12.2958,16.03,420.13,-26.1040,-12.3667,,,0.21237,0
213.4793,71,54,6,0,22.33,561.89,capture,35.13,421.25,141.22,0,178.923,8.765,179.817,-18.75,20.18,147.65,-17.77,-8.85,174.03,54.030,53.978,-26.1615,-11.4773,35.13,421.25,-26.1299,-11.9665,,,0.24321,0
213.5880,71,54,6,0,22.33,561.89,capture,2.31,403.70,159.45,0,178.898,8.623,179.825,-18.76,20.30,147.77,-18.00,-8.07,174.20,53.788,53.916,-25.3886,-12.8421,2.31,403.70,-25.7963,-12.3605,,,0.20512,0
213.7991,72,74,8,2,111.67,734.78,dwell,-39.39,535.86,249.77,0,178.930,8.665,179.868,-18.79,20.30,148.09,-17.75,-8.91,174.77,53.714,54.201,-30.8781,-15.0762,-39.39,535.86,-30.8781,-15.0762,,,0.26221,0
213.8924,72,74,8,2,111.67,734.78,dwell,46.55,465.06,277.47,0,178.874,8.636,179.858,-18.69,20.21,148.01,-18.80,-8.15,174.47,53.597,54.471,-27.8999,-9.8903,46.55,465.06,-29.5379,-12.7425,,,0.23194,0
213.9903,72,74,8,2,111.67,734.78,dwell,62.19,594.25,148.98,0,178.652,8.689,179.874,-18.53,20.18,147.95,-17.83,-8.54,174.70,53.655,54.548,-33.0876,-9.6447,62.19,594.25,-31.1352,-11.3485,,,0.21378,0
214.0803,72,74,8,2,111.67,734.78,dwell,110.02,608.69,126.10,0,178.666,8.806,179.863,-18.71,20.32,147.81,-18.47,-8.27,174.70,53.436,54.670,-33.9682,-8.1462,110.02,608.69,-32.4101,-9.9075,,,0.18800,0
214.1689,72,74,8,2,111.67,734.78,dwell,93.63,549.15,186.50,0,178.701,8.676,179.874,-18.79,20.27,147.86,-18.19,-7.76,174.28,53.405,54.520,-30.3853,-8.0466,93.63,549.15,-31.4989,-9.0701,,,0.21243,0
214.2843,72,74,8,2,111.67,734.78,dwell,86.72,679.34,60.79,0,178.758,8.659,179.873,-18.78,20.47,148.09,-18.08,-8.09,174.98,53.798,54.419,-35.8828,-9.2312,86.72,679.34,-33.4717,-9.1426,,,0.22902,0
214.4106,72,74,8,2,111.67,734.78,dwell,114.27,677.36,57.48,0,178.859,8.694,179.854,-18.84,20.50,148.18,-18.73,-7.43,174.47,53.493,54.319,-36.1120,-7.1090,114.27,677.36,-34.6598,-8.2275,,,0.20708,0
214.4926,72,74,8,2,111.67,734.78,dwell,117.40,709.06,26.35,1,178.725,8.676,179.828,-18.92,20.36,148.18,-18.76,-8.61,174.44,53.402,54.237,-36.4756,-8.0412,117.40,709.06,-35.4769,-8.1437,,,0.21917,0
214.6130,72,74,8,2,111.67,734.78,dwell,111.68,718.44,16.34,1,178.725,8.568,179.803,-18.97,20.42,147.82,-18.10,-7.23,174.08,53.719,54.188,-37.3911,-8.7143,111.68,718.44,-36.3383,-8.4004,,,0.21079,0
214.7178,72,74,8,2,111.67,734.78,dwell,98.76,749.28,19.41,1,178.641,8.532,179.790,-18.93,20.47,147.99,-18.28,-8.73,174.29,53.630,53.587,-39.4365,-8.4423,98.76,749.28,-37.7325,-8.4193,,,0.21225,0
214.8000,72,74,8,2,111.67,734.78,capture,155.94,778.91,62.51,0,178.633,8.689,179.789,-18.81,20.58,147.85,-18.76,-7.79,173.96,53.800,53.971,-39.7809,-4.6150,155.94,778.91,-38.6543,-6.7074,,,0.20441,0
214.9131,72,74,8,2,111.67,734.78,capture,110.98,783.65,48.88,0,178.748,8.722,179.792,-18.80,20.67,147.96,-18.32,-6.94,174.06,53.821,54.001,-40.7447,-6.9920,110.98,783.65,-39.5950,-6.8354,,,0.23193,0
215.0061,72,74,8,2,111.67,734.78,capture,116.95,788.96,54.44,0,178.828,8.687,179.765,-18.65,20.82,148.00,-18.20,-8.41,174.07,53.721,54.047,-40.1338,-7.5715,116.95,788.96,-39.8374,-7.1667,,,0.21304,0
215.1010,72,74,8,2,111.67,734.78,capture,139.29,806.89,77.22,0,178.739,8.872,179.736,-18.61,20.88,148.01,-17.83,-7.33,174.50,53.511,54.009,-40.6548,-6.0836,139.29,806.89,-40.2052,-6.6793,,,0.20689,0
215.2040,72,74,8,2,111.67,734.78,capture,142.05,798.83,70.89,0,178.756,8.751,179.738,-18.58,20.89,147.95,-18.16,-7.93,174.38,53.655,54.382,-41.2516,-6.2044,142.05,798.83,-40.6761,-6.4656,,,0.20761,0
215.3028,72,74,8,2,111.67,734.78,capture,139.86,828.90,98.25,0,178.750,8.811,179.766,-18.41,20.84,147.91,-18.25,-7.82,174.36,53.633,54.477,-42.1418,-6.0737,139.86,828.90,-41.3357,-6.2893,,,0.20395,0
215.3957,72,74,8,2,111.67,734.78,capture,124.92,820.68,86.92,0,178.780,8.751,179.771,-18.46,20.88,147.64,-18.05,-8.01,174.16,53.596,54.615,-42.3452,-7.3746,124.92,820.68,-41.7900,-6.7777,,,0.22938,0
215.4980,72,74,8,2,111.67,734.78,capture,143.25,804.06,76.14,0,178.757,8.698,179.804,-18.37,21.01,147.66,-17.89,-6.76,173.80,53.541,54.600,-40.5739,-6.3962,143.25,804.06,-41.2427,-6.6060,,,0.22216,0
215.6006,72,74,8,2,111.67,734.78,capture,147.44,786.14,62.59,0,178.683,8.509,179.819,-18.46,21.00,147.62,-17.54,-7.34,173.86,53.800,54.204,-39.5434,-6.5911,147.44,786.14,-40.4780,-6.5993,,,0.22277,0
215.6959,72,74,8,2,111.67,734.78,capture,113.94,801.30,66.56,0,178.844,8.509,179.828,-18.42,21.13,147.52,-18.38,-6.62,173.58,54.030,54.174,-41.0076,-7.0920,113.94,801.30,-40.7163,-6.8210,,,0.21718,0
215.7912,72,74,8,2,111.67,734.78,capture,122.91,819.11,85.08,0,178.857,8.544,179.804,-18.43,21.08,147.35,-17.72,-8.13,173.67,54.116,54.266,-41.9239,-7.4847,122.91,819.11,-41.2598,-7.1197,,,0.25421,0
215.8850,72,74,8,2,111.67,734.78,capture,143.77,792.45,66.01,0,179.028,8.378,179.809,-18.34,20.87,147.34,-17.21,-7.31,173.35,54.079,54.288,-41.3194,-6.4138,143.77,792.45,-41.2866,-6.8020,,,0.24184,0
215.9739,72,74,8,2,111.67,734.78,capture,141.94,796.20,68.48,0,179.143,8.387,179.788,-18.37,20.64,146.98,-17.75,-8.92,173.48,53.798,53.990,-40.7867,-6.3128,141.94,796.20,-41.0616,-6.5819,,,0.23755,0
216.0779,72,74,8,2,111.67,734.78,capture,154.69,809.44,86.17,0,179.108,8.460,179.795,-18.46,20.69,147.05,-18.20,-7.76,173.45,53.699,54.322,-40.9030,-6.2758,154.69,809.44,-40.9903,-6.4442,,,0.20992,0
216.1864,72,74,8,2,111.67,734.78,capture,162.64,757.21,55.69,0,179.052,8.576,179.818,-18.33,20.53,147.05,-17.95,-7.64,173.29,53.541,54.263,-38.9904,-4.6411,162.64,757.21,-40.0903,-5.6328,,,0.20441,0
216.2702,72,74,8,2,111.67,734.78,capture,145.54,764.27,44.91,0,179.211,8.494,179.831,-18.33,20.67,147.06,-18.29,-7.87,173.36,53.383,53.797,-39.5455,-6.2723,145.54,764.27,-39.8451,-5.9206,,,0.17404,0
216.3582,72,74,8,2,111.67,734.78,capture,130.63,799.19,67.15,0,179.079,8.634,179.835,-18.37,20.69,147.05,-17.69,-7.17,173.09,53.190,53.642,-41.2323,-7.4685,130.63,799.19,-40.4694,-6.6171,,,0.17334,0
216.4627,72,74,8,2,111.67,734.78,capture,136.35,791.53,61.89,0,179.060,8.701,179.862,-18.43,20.79,146.80,-17.87,-8.44,173.20,53.352,53.193,-40.6395,-6.6061,136.35,791.53,-40.5459,-6.6122,,,0.22273,0
216.5705,72,74,8,2,111.67,734.78,capture,148.88,804.80,79.30,0,178.907,8.652,179.844,-18.34,20.98,146.87,-18.09,-7.03,173.52,52.970,53.388,-40.9691,-5.3123,148.88,804.80,-40.7364,-6.0272,,,0.20365,0
216.6790,72,74,8,2,111.67,734.78,capture,148.44,786.88,63.77,0,178.885,8.673,179.820,-18.15,20.80,147.05,-17.60,-8.42,173.21,52.849,53.695,-40.3099,-6.4732,148.44,786.88,-40.5445,-6.2279,,,0.20409,0
216.8520,73,69,7,6,290.33,648.33,dwell,150.31,708.15,152.26,0,178.869,8.653,179.826,-18.15,20.75,147.20,-16.90,-7.78,173.39,52.865,53.761,-37.5667,-6.3059,150.31,708.15,-37.5667,-6.3059,,,0.18097,0
216.9581,73,69,7,6,290.33,648.33,dwell,166.04,636.42,124.86,0,178.990,8.733,179.829,-18.17,20.84,147.08,-17.76,-7.99,173.02,53.057,54.002,-34.0352,-5.6772,166.04,636.42,-35.9776,-6.0230,,,0.17470,0
217.0508,73,69,7,6,290.33,648.33,dwell,288.42,660.07,11.89,1,179.046,8.868,179.808,-18.21,20.82,147.26,-17.55,-7.07,173.64,53.236,53.956,-35.9434,0.4921,288.42,660.07,-35.9622,-3.0912,,,0.19100,0
217.1349,73,69,7,6,290.33,648.33,dwell,212.60,623.00,81.76,0,178.886,8.753,179.829,-18.20,20.58,147.16,-18.02,-7.97,173.02,53.675,54.323,-33.5653,-2.7169,212.60,623.00,-34.8836,-2.9228,,,0.22016,0
217.2563,73,69,7,6,290.33,648.33,dwell,256.83,562.67,91.98,0,178.865,8.691,179.851,-18.31,20.75,147.37,-17.46,-8.03,173.58,53.578,54.212,-31.8223,-0.8527,256.83,562.67,-33.5060,-1.9912,,,0.22738,0
217.3686,73,69,7,6,290.33,648.33,dwell,243.85,540.35,117.56,0,178.946,8.652,179.807,-18.30,20.81,147.10,-18.06,-8.01,173.10,53.507,53.895,-30.6356,-2.0483,243.85,540.35,-32.2143,-2.0169,,,0.20568,0
217.4621,73,69,7,6,290.33,648.33,dwell,238.55,522.15,136.40,0,178.843,8.660,179.815,-18.13,20.77,147.38,-18.50,-8.34,173.73,53.336,53.845,-30.2534,-1.9269,238.55,522.15,-31.3319,-1.9764,,,0.23051,0
217.5592,73,69,7,6,290.33,648.33,dwell,277.33,457.44,191.34,0,178.909,8.674,179.841,-18.25,20.53,147.41,-18.18,-7.91,173.50,53.390,54.321,-27.4805,0.4003,277.33,457.44,-29.5988,-0.9069,,,0.18346,0
217.6638,73,69,7,6,290.33,648.33,dwell,268.66,454.09,195.45,0,178.909,8.637,179.827,-18.22,20.84,147.48,-17.50,-8.61,173.08,53.300,54.367,-27.4710,-0.8350,268.66,454.09,-28.6413,-0.8745,,,0.19263,0
217.7477,73,69,7,6,290.33,648.33,dwell,253.44,406.31,244.82,0,178.855,8.673,179.826,-18.27,20.66,147.44,-17.51,-8.35,173.46,53.192,54.033,-26.3501,-1.4721,253.44,406.31,-27.6102,-1.1434,,,0.19071,0
217.8494,73,69,7,6,290.33,648.33,dwell,279.88,355.68,292.84,0,178.810,8.692,179.827,-18.28,20.73,147.71,-17.90,-7.99,173.19,53.332,54.194,-23.0209,0.1767,279.88,355.68,-25.5451,-0.5494,,,0.19378,0
217.9448,73,69,7,6,290.33,648.33,capture,275.15,326.35,322.34,0,178.755,8.847,179.849,-18.08,20.62,147.83,-17.27,-7.48,174.01,53.345,54.378,-23.3207,-0.1219,275.15,326.35,-24.5441,-0.3570,,,0.18983,0
218.0467,73,69,7,6,290.33,648.33,capture,280.56,337.19,311.30,0,178.792,8.779,179.844,-18.23,20.54,147.66,-18.14,-7.26,173.92,53.153,54.511,-22.6402,0.1324,280.56,337.19,-23.6873,-0.1368,,,0.18599,0
218.1378,73,69,7,6,290.33,648.33,capture,279.63,347.26,301.26,0,178.829,8.638,179.824,-18.26,20.62,147.58,-17.95,-6.91,174.36,53.227,54.469,-22.7215,0.3034,279.63,347.26,-23.2527,0.0613,,,0.19577,0
218.2455,73,69,7,6,290.33,648.33,capture,273.46,353.32,295.50,0,178.768,8.546,179.839,-18.23,20.80,147.74,-17.38,-7.67,174.17,53.024,54.425,-23.5815,-0.3611,273.46,353.32,-23.4007,-0.1288,,,0.20945,0
218.3648,73,69,7,6,290.33,648.33,capture,272.40,339.47,309.38,0,178.707,8.577,179.841,-18.23,20.72,147.64,-18.28,-7.39,174.11,53.021,54.192,-22.4403,-0.4986,272.40,339.47,-22.9685,-0.2952,,,0.19888,0
218.4592,73,69,7,6,290.33,648.33,capture,268.54,326.09,322.98,0,178.671,8.686,179.861,-18.25,20.74,147.76,-17.38,-8.19,174.35,53.571,54.186,-22.1590,-0.4814,268.54,326.09,-22.6042,-0.3790,,,0.21990,0
218.5445,73,69,7,6,290.33,648.33,capture,267.08,344.65,304.57,0,178.706,8.758,179.864,-18.22,20.68,147.20,-17.79,-8.02,173.54,53.430,54.357,-23.8888,-0.5455,267.08,344.65,-23.1823,-0.4539,,,0.19913,0
218.6451,73,69,7,6,290.33,648.33,capture,247.17,354.56,296.93,0,178.835,8.671,179.863,-18.23,20.51,147.29,-17.74,-8.41,173.05,53.509,54.365,-23.7205,-0.7339,247.17,354.56,-23.4245,-0.5799,,,0.20565,0
218.7614,73,69,7,6,290.33,648.33,capture,277.92,347.73,300.86,0,178.861,8.700,179.839,-18.19,20.59,147.29,-18.15,-7.93,173.62,53.008,54.191,-23.9347,-0.1908,277.92,347.73,-23.6541,-0.4048,,,0.18753,0
218.8438,73,69,7,6,290.33,648.33,capture,293.12,354.27,294.08,0,178.775,8.656,179.845,-18.18,20.51,147.31,-17.46,-8.30,173.56,53.368,54.229,-24.1109,1.1093,293.12,354.27,-23.8596,0.2765,,,0.18197,0
218.9526,73,69,7,6,290.33,648.33,capture,291.73,344.21,304.13,0,178.730,8.653,179.825,-18.14,20.45,147.38,-17.45,-7.78,173.29,53.350,54.143,-22.9472,0.4114,291.73,344.21,-23.4490,0.3372,,,0.19763,0
219.0586,73,69,7,6,290.33,648.33,capture,293.10,338.92,309.43,0,178.819,8.688,179.855,-18.11,20.63,147.60,-17.80,-8.27,174.09,53.753,54.064,-23.2301,1.0855,293.10,338.92,-23.3505,0.6739,,,0.21790,0
219.1609,73,69,7,6,290.33,648.33,capture,294.86,327.52,320.85,0,178.753,8.688,179.881,-18.20,20.62,147.52,-17.68,-8.14,174.32,53.444,53.793,-22.4722,0.8542,294.86,327.52,-22.9553,0.7551,,,0.19266,0
219.2595,73,69,7,6,290.33,648.33,capture,288.19,334.95,313.39,0,178.771,8.731,179.899,-18.36,20.74,147.50,-17.85,-7.87,173.58,53.315,53.932,-23.2328,0.1992,288.19,334.95,-23.0801,0.5049,,,0.20934,0
219.3561,73,69,7,6,290.33,648.33,capture,272.62,322.84,325.97,0,178.881,8.707,179.910,-18.21,20.66,147.25,-17.86,-7.53,173.28,53.469,53.829,-22.3611,-0.6436,272.62,322.84,-22.7566,-0.0119,,,0.21828,0
219.4819,73,69,7,6,290.33,648.33,capture,259.16,335.24,314.64,0,179.010,8.715,179.888,-18.08,20.84,147.16,-17.55,-7.87,173.12,53.627,53.501,-23.6735,-0.6850,259.16,335.24,-23.1692,-0.3148,,,0.21042,0
219.5868,73,69,7,6,290.33,648.33,capture,293.28,351.70,296.65,0,178.770,8.684,179.896,-18.04,20.75,147.19,-18.25,-7.59,173.15,53.527,53.894,-22.3520,0.9641,293.28,351.70,-22.8015,0.2607,,,0.22267,0
219.6824,73,69,7,6,290.33,648.33,capture,287.74,346.84,301.50,0,178.734,8.674,179.901,-18.05,20.78,147.36,-17.35,-7.58,173.80,53.362,53.651,-24.5063,0.3822,287.74,346.84,-23.5687,0.3154,,,0.20990,0
219.7678,73,69,7,6,290.33,648.33,capture,297.82,357.33,291.10,0,178.823,8.570,179.879,-18.07,20.84,147.25,-17.83,-7.93,173.22,53.475,53.971,-23.4090,0.4917,297.82,357.33,-23.4968,0.3947,,,0.22547,0
219.8701,73,69,7,6,290.33,648.33,capture,286.33,326.58,321.78,0,178.907,8.640,179.876,-18.02,20.90,147.30,-17.78,-6.98,173.32,53.996,54.207,-22.1851,0.6901,286.33,326.58,-22.9065,0.5277,,,0.20534,0
219.9714,73,69,7,6,290.33,648.33,capture,287.70,346.08,302.26,0,178.797,8.698,179.892,-18.03,20.72,147.12,-17.71,-8.11,173.51,53.678,54.436,-23.9380,0.2671,287.70,346.08,-23.3707,0.4104,,,0.22534,0
220.1939,74,78,8,6,290.33,734.78,dwell,275.07,497.49,237.78,0,178.736,8.662,179.880,-18.07,20.73,147.22,-17.20,-8.07,173.75,54.080,54.337,-28.8991,-0.3763,275.07,497.49,-28.8991,-0.3763,,,0.20198,0
220.2821,74,78,8,6,290.33,734.78,dwell,246.37,523.29,216.01,0,178.829,8.611,179.856,-18.17,20.66,147.19,-18.00,-8.61,172.96,54.354,54.418,-30.1796,-1.9204,246.37,523.29,-29.4753,-1.0712,,,0.22066,0
220.3754,74,78,8,6,290.33,734.78,dwell,286.11,471.06,263.75,0,178.851,8.642,179.863,-18.22,20.55,147.18,-17.96,-7.68,173.69,53.677,53.936,-27.6761,0.3511,286.11,471.06,-28.6657,-0.4312,,,0.19235,0
220.4574,74,78,8,6,290.33,734.78,dwell,323.67,508.25,228.97,0,178.807,8.731,179.846,-18.23,20.54,147.31,-17.97,-8.26,173.56,54.042,54.303,-29.2824,1.5060,323.67,508.25,-28.9432,0.4406,,,0.21592,0
220.5543,74,78,8,6,290.33,734.78,dwell,227.80,484.66,257.82,0,178.852,8.623,179.822,-18.16,20.54,147.40,-18.19,-7.46,174.18,53.598,54.231,-28.4451,-2.9038,227.80,484.66,-28.7190,-1.0644,,,0.22928,0
220.6517,74,78,8,6,290.33,734.78,dwell,251.53,570.04,169.25,0,178.710,8.793,179.883,-18.07,20.58,147.63,-18.29,-7.64,174.41,53.573,54.040,-31.9778,-1.7876,251.53,570.04,-30.1855,-1.3898,,,0.20100,0
220.7512,74,78,8,6,290.33,734.78,dwell,309.45,541.28,194.44,0,178.547,8.859,179.882,-18.14,20.66,147.68,-17.45,-8.11,174.07,53.245,54.348,-31.0256,1.2174,309.45,541.28,-30.5636,-0.2166,,,0.18823,0
220.8565,74,78,8,6,290.33,734.78,dwell,364.92,596.69,156.94,0,178.603,8.811,179.885,-18.22,20.58,147.77,-17.55,-7.71,174.17,53.051,54.617,-32.3912,4.2467,364.92,596.69,-31.3860,1.7919,,,0.18795,0
220.9591,74,78,8,6,290.33,734.78,capture,290.86,640.86,93.92,0,178.660,8.717,179.864,-18.23,20.47,147.50,-17.97,-7.64,173.63,53.158,54.500,-34.6203,1.0560,290.86,640.86,-32.8414,1.4607,,,0.21034,0
221.0638,74,78,8,6,290.33,734.78,capture,268.21,607.51,129.18,0,178.652,8.733,179.893,-18.21,20.43,147.63,-17.48,-8.66,174.10,53.453,54.497,-32.4756,-0.2994,268.21,607.51,-32.6768,0.6687,,,0.20369,0
221.1645,74,78,8,6,290.33,734.78,capture,281.12,612.38,122.74,0,178.820,8.759,179.865,-18.19,20.36,147.77,-17.99,-7.51,174.22,53.254,54.225,-33.8571,0.7856,281.12,612.38,-33.2079,0.7213,,,0.21012,0
221.2638,74,78,8,6,290.33,734.78,capture,291.23,620.23,114.55,0,178.921,8.718,179.852,-18.43,20.41,147.64,-17.93,-7.72,173.56,53.348,54.295,-33.5831,0.7270,291.23,620.23,-33.3768,0.7239,,,0.19988,0
221.3705,74,78,8,6,290.33,734.78,capture,287.99,616.17,118.63,0,178.818,8.864,179.845,-18.35,20.58,147.39,-17.76,-8.06,173.91,53.388,54.322,-32.4887,0.2198,287.99,616.17,-32.9771,0.4970,,,0.20972,0
221.4525,74,78,8,6,290.33,734.78,capture,273.93,627.78,108.25,0,178.831,8.859,179.838,-18.47,20.42,147.53,-17.67,-8.33,173.59,53.350,54.108,-34.2758,-0.8828,273.93,627.78,-33.5615,-0.1239,,,0.19755,0
221.5479,74,78,8,6,290.33,734.78,capture,299.46,620.04,115.10,0,178.915,8.833,179.829,-18.50,20.33,147.52,-18.33,-8.08,173.74,53.625,54.065,-33.1797,1.2547,299.46,620.04,-33.3897,0.4965,,,0.19742,0
221.6327,74,78,8,6,290.33,734.78,capture,310.22,602.36,133.90,0,179.002,8.940,179.825,-18.60,20.26,147.47,-18.89,-8.90,174.09,53.841,53.916,-33.5948,2.0052,310.22,602.36,-33.4820,1.1754,,,0.22488,0
221.7188,74,78,8,6,290.33,734.78,capture,297.44,594.11,140.85,0,178.933,9.035,179.804,-18.61,20.34,147.49,-17.63,-8.67,173.43,53.906,53.664,-32.5292,0.8634,297.44,594.11,-33.0532,1.0350,,,0.23528,0
221.8074,74,78,8,6,290.33,734.78,capture,307.46,608.91,127.03,0,178.944,8.979,179.808,-18.71,20.35,147.41,-17.90,-7.15,174.22,54.097,53.875,-33.8273,1.3463,307.46,608.91,-33.4015,1.1751,,,0.24396,0
221.9008,74,78,8,6,290.33,734.78,capture,288.93,599.90,134.89,0,178.917,8.787,179.818,-18.73,20.23,147.23,-17.50,-8.11,173.77,53.738,54.093,-32.3424,0.5071,288.93,599.90,-32.9249,0.8745,,,0.20465,0
222.0081,74,78,8,6,290.33,734.78,capture,308.13,611.10,124.95,0,178.871,8.732,179.790,-18.56,20.27,147.17,-18.17,-8.21,173.36,53.811,54.024,-33.1230,1.3156,308.13,611.10,-33.0141,1.0730,,,0.20806,0
222.1220,74,78,8,6,290.33,734.78,capture,319.29,620.36,118.03,0,178.997,8.582,179.787,-18.54,20.41,147.28,-17.57,-8.42,174.01,53.462,53.887,-33.8670,2.0489,319.29,620.36,-33.3979,1.5122,,,0.19330,0
222.2311,74,78,8,6,290.33,734.78,capture,312.21,644.59,92.80,0,179.093,8.671,179.817,-18.57,20.60,147.28,-17.65,-7.31,173.52,53.463,53.944,-34.9017,1.3724,312.21,644.59,-34.0746,1.4493,,,0.19909,0
222.3457,74,78,8,6,290.33,734.78,capture,306.16,605.22,130.52,0,179.062,8.696,179.845,-18.51,20.66,147.35,-18.13,-7.90,173.65,53.028,54.144,-33.7619,1.4791,306.16,605.22,-33.9339,1.4627,,,0.21545,0
222.4416,74,78,8,6,290.33,734.78,capture,294.26,616.92,117.92,0,179.013,8.622,179.834,-18.62,20.66,147.27,-18.60,-7.50,173.34,53.339,54.720,-33.6976,1.0107,294.26,616.92,-33.8275,1.2593,,,0.17951,0
222.5484,74,78,8,6,290.33,734.78,capture,304.78,591.30,144.20,0,179.032,8.644,179.843,-18.56,20.85,147.60,-17.88,-7.49,174.32,53.527,54.581,-32.4666,1.1179,304.78,591.30,-33.2151,1.1957,,,0.22165,0
222.6468,74,78,8,6,290.33,734.78,capture,301.71,623.69,111.67,0,179.064,8.693,179.828,-18.59,20.86,147.47,-17.88,-7.89,173.92,53.561,54.557,-34.4112,0.8264,301.71,623.69,-33.7534,1.0295,,,0.20425,0
222.7388,74,78,8,6,290.33,734.78,capture,304.40,610.66,124.91,0,179.039,8.648,179.824,-18.58,20.87,147.70,-17.75,-7.88,174.04,53.606,54.830,-32.8634,1.4969,304.40,610.66,-33.3529,1.2398,,,0.19832,0
222.8306,74,78,8,6,290.33,734.78,capture,319.41,628.32,110.36,0,178.974,8.611,179.813,-18.37,20.87,147.79,-17.78,-7.85,174.77,53.921,54.922,-34.2446,2.2507,319.41,628.32,-33.7542,1.6947,,,0.21787,0
223.0041,75,43,4,7,335.00,389.00,dwell,281.13,454.43,84.75,0,179.054,8.504,179.811,-18.22,20.97,148.09,-17.59,-7.83,174.70,54.107,54.856,-27.6981,0.0348,281.13,454.43,-27.6981,0.0348,,,0.24067,0
223.1234,75,43,4,7,335.00,389.00,dwell,310.72,529.61,142.69,0,179.083,8.563,179.812,-17.99,20.91,147.89,-18.02,-7.66,173.89,53.898,54.393,-30.1216,1.1331,310.72,529.61,-28.7887,0.5290,,,0.20483,0
223.2194,75,43,4,7,335.00,389.00,dwell,306.85,488.72,103.62,0,179.129,8.527,179.838,-18.13,20.99,147.76,-18.53,-7.63,173.88,54.159,54.365,-28.4317,1.7519,306.85,488.72,-28.6281,1.0793,,,0.21703,0
223.3165,75,43,4,7,335.00,389.00,dwell,284.63,411.50,55.17,0,179.145,8.514,179.837,-18.16,21.05,147.85,-17.89,-7.66,174.58,53.974,54.391,-25.0155,0.4419,284.63,411.50,-27.0024,0.7925,,,0.23548,0
223.4202,75,43,4,7,335.00,389.00,dwell,313.33,363.08,33.79,1,179.072,8.624,179.843,-18.07,20.91,147.67,-17.66,-7.49,173.83,54.005,54.144,-24.3056,1.3538,313.33,363.08,-25.7889,1.0450,,,0.22619,0
223.5301,75,43,4,7,335.00,389.00,dwell,286.28,346.56,64.61,0,179.085,8.734,179.845,-18.09,20.86,147.32,-18.04,-7.66,173.60,54.106,54.096,-24.4441,1.0294,286.28,346.56,-25.1837,1.0380,,,0.23846,0
223.6284,75,43,4,7,335.00,389.00,dwell,262.46,323.23,97.92,0,179.102,8.589,179.870,-18.06,20.82,147.38,-17.64,-7.56,174.20,54.075,54.045,-22.5033,-0.6335,262.46,323.23,-23.9775,0.2858,,,0.23496,0
223.7214,75,43,4,7,335.00,389.00,dwell,269.94,280.41,126.59,0,179.065,8.665,179.835,-18.08,20.82,147.38,-17.44,-8.31,173.72,54.132,54.437,-21.6834,-0.1534,269.94,280.41,-22.9451,0.0882,,,0.22661,0
223.8081,75,43,4,7,335.00,389.00,dwell,283.11,291.63,110.33,0,178.970,8.650,179.827,-18.01,20.92,147.19,-17.35,-7.28,173.64,53.935,54.427,-21.7454,0.5323,283.11,291.63,-22.4052,0.2880,,,0.23503,0
223.9249,75,43,4,7,335.00,389.00,dwell,283.84,258.94,139.76,0,178.920,8.550,179.802,-18.08,20.77,147.00,-17.61,-7.71,173.27,53.627,54.374,-19.0239,0.1625,283.84,258.94,-20.8837,0.2315,,,0.20167,0
224.0265,75,43,4,7,335.00,389.00,capture,256.97,259.75,150.98,0,178.860,8.490,179.804,-18.19,20.83,146.98,-17.60,-8.09,173.15,53.286,54.119,-19.0761,-1.1965,256.97,259.75,-20.0702,-0.4111,,,0.21667,0
224.1196,75,43,4,7,335.00,389.00,capture,272.49,267.76,136.41,0,178.886,8.439,179.804,-18.13,21.03,147.10,-17.80,-8.05,173.84,53.185,54.418,-20.9956,-0.1190,272.49,267.76,-20.4866,-0.2796,,,0.20360,0
224.2135,75,43,4,7,335.00,389.00,capture,270.69,289.99,118.06,0,178.970,8.237,179.816,-18.29,20.62,147.28,-17.44,-7.89,173.47,53.097,54.280,-19.9224,-0.5368,270.69,289.99,-20.2327,-0.3954,,,0.17398,0
224.3203,75,43,4,7,335.00,389.00,capture,260.61,288.00,125.44,0,178.976,8.515,179.828,-18.28,20.67,147.56,-18.03,-8.08,174.00,52.739,54.576,-20.6099,-0.9898,260.61,288.00,-20.4025,-0.6629,,,0.19538,0
224.4034,75,43,4,7,335.00,389.00,capture,266.43,294.65,116.64,0,178.980,8.573,179.805,-18.23,20.75,147.71,-18.08,-8.34,174.20,53.026,54.568,-21.2364,-0.4940,266.43,294.65,-20.7777,-0.5869,,,0.19022,0
224.5101,75,43,4,7,335.00,389.00,capture,253.45,272.14,142.50,0,179.003,8.612,179.818,-18.21,20.74,147.62,-18.02,-7.40,173.74,53.156,54.291,-21.4178,-1.4166,253.45,272.14,-21.0658,-0.9603,,,0.20153,0
224.6006,75,43,4,7,335.00,389.00,capture,280.76,259.36,140.53,0,179.011,8.454,179.817,-18.15,20.73,147.56,-17.36,-7.57,174.18,53.296,54.765,-20.3445,0.3082,280.76,259.36,-20.7412,-0.3895,,,0.19248,0
224.6901,75,43,4,7,335.00,389.00,capture,287.86,257.12,140.05,0,178.909,8.527,179.863,-18.08,20.90,147.56,-17.11,-7.82,173.54,53.221,54.951,-20.4688,0.2388,287.86,257.12,-20.6186,-0.1067,,,0.19848,0
224.7866,75,43,4,7,335.00,389.00,capture,266.38,275.88,132.31,0,178.904,8.402,179.862,-18.23,20.98,147.46,-17.65,-7.52,173.69,53.307,54.949,-21.2372,-0.2961,266.38,275.88,-20.8970,-0.1920,,,0.20277,0
224.8785,75,43,4,7,335.00,389.00,capture,269.82,222.67,178.65,0,178.805,8.460,179.830,-18.21,20.75,147.23,-18.33,-7.72,173.03,53.295,55.143,-18.9617,-0.0141,269.82,222.67,-20.0261,-0.1119,,,0.19920,0
224.9867,75,43,4,7,335.00,389.00,capture,290.82,256.18,139.98,0,178.809,8.493,179.809,-18.27,20.88,147.22,-17.75,-7.63,172.98,53.167,55.219,-18.5337,1.2611,290.82,256.18,-19.3545,0.5059,,,0.21158,0
225.0833,75,43,4,7,335.00,389.00,capture,266.49,245.19,159.30,0,178.832,8.489,179.802,-18.23,20.94,147.61,-18.04,-6.88,173.86,53.292,54.843,-19.5296,-0.5528,266.49,245.19,-19.4333,0.0295,,,0.22048,0
225.1916,75,43,4,7,335.00,389.00,capture,260.48,247.31,160.09,0,178.839,8.411,179.821,-18.22,20.96,147.63,-18.08,-7.48,174.26,53.390,54.651,-19.6746,-0.6476,260.48,247.31,-19.5419,-0.2752,,,0.19098,0
225.2915,75,43,4,7,335.00,389.00,capture,256.82,267.10,144.82,0,178.875,8.474,179.808,-18.24,20.96,147.41,-17.91,-7.79,173.66,53.769,54.818,-20.1790,-1.7504,256.82,267.10,-19.8286,-0.9390,,,0.19942,0
225.3786,75,43,4,7,335.00,389.00,capture,287.05,254.13,143.14,0,178.826,8.567,179.815,-18.19,20.93,147.53,-18.14,-9.02,173.63,53.716,54.325,-19.6663,0.1134,287.05,254.13,-19.7555,-0.4654,,,0.23259,0
225.4804,75,43,4,7,335.00,389.00,capture,253.33,264.38,149.00,0,178.729,8.367,179.839,-18.20,21.09,147.47,-17.68,-7.33,173.44,53.822,54.282,-20.1004,-1.0032,253.33,264.38,-19.9107,-0.7074,,,0.22068,0
225.5624,75,43,4,7,335.00,389.00,capture,263.72,278.74,131.29,0,178.724,8.327,179.824,-18.22,21.00,147.22,-17.69,-6.98,173.26,53.727,54.781,-21.7915,-0.4724,263.72,278.74,-20.7571,-0.6017,,,0.21245,0
225.6729,75,43,4,7,335.00,389.00,capture,268.02,256.93,148.08,0,178.677,8.279,179.785,-18.19,21.10,147.34,-17.77,-8.03,173.04,53.522,54.530,-20.7505,-0.7470,268.02,256.93,-20.7541,-0.6670,,,0.20919,0
225.7717,75,43,4,7,335.00,389.00,capture,286.92,281.62,117.65,0,178.684,8.232,179.750,-18.26,20.94,147.68,-17.95,-7.54,173.47,53.301,55.127,-22.1378,0.6245,286.92,281.62,-21.3768,-0.0859,,,0.19953,0
225.8879,75,43,4,7,335.00,389.00,capture,276.46,267.49,134.88,0,178.640,8.165,179.754,-18.29,20.76,147.63,-18.02,-7.00,174.14,54.093,55.277,-19.2893,0.1640,276.46,267.49,-20.4374,0.0266,,,0.22299,0
226.0906,76,75,8,3,156.33,734.78,dwell,254.40,255.61,489.10,0,178.644,8.216,179.742,-18.31,20.65,147.69,-17.52,-8.48,173.98,54.144,55.283,-19.5155,-0.9424,254.40,255.61,-19.5155,-0.9424,,,0.21451,0
226.1987,76,75,8,3,156.33,734.78,dwell,216.55,364.48,375.16,0,178.723,8.383,179.738,-18.37,20.64,147.55,-17.58,-7.49,173.91,53.981,55.200,-24.2599,-2.4479,216.55,364.48,-21.6505,-1.6199,,,0.21211,0
226.2976,76,75,8,3,156.33,734.78,dwell,308.10,404.88,363.13,0,178.744,8.390,179.742,-18.36,20.56,147.47,-17.88,-7.02,173.54,54.000,54.779,-25.8095,0.8505,308.10,404.88,-23.5220,-0.5082,,,0.21817,0
226.3863,76,75,8,3,156.33,734.78,dwell,264.81,507.85,251.52,0,178.737,8.555,179.733,-18.37,20.60,147.42,-17.97,-8.43,173.30,53.681,54.785,-28.7620,-0.3129,264.81,507.85,-25.8800,-0.4203,,,0.21833,0
226.5003,76,75,8,3,156.33,734.78,dwell,243.61,477.88,271.32,0,178.752,8.651,179.748,-18.27,20.65,147.66,-17.89,-7.01,173.88,53.849,54.878,-27.9760,-1.1499,243.61,477.88,-26.8232,-0.7486,,,0.22672,0
226.5854,76,75,8,3,156.33,734.78,dwell,199.02,442.61,295.27,0,178.754,8.627,179.741,-18.15,20.63,147.43,-17.82,-8.34,174.25,53.907,54.346,-26.9276,-3.5761,199.02,442.61,-26.8702,-2.0210,,,0.21342,0
226.6848,76,75,8,3,156.33,734.78,dwell,209.03,561.27,181.33,0,178.721,8.721,179.772,-18.04,20.75,147.45,-17.55,-6.69,173.95,53.857,54.452,-31.6498,-3.2925,209.03,561.27,-29.0210,-2.5932,,,0.21384,0
226.8024,76,75,8,3,156.33,734.78,dwell,215.22,596.57,150.23,0,178.771,8.826,179.789,-17.94,20.70,147.63,-17.33,-7.78,174.04,53.818,54.177,-32.1192,-3.0192,215.22,596.57,-30.4152,-2.7849,,,0.21400,0
226.9150,76,75,8,3,156.33,734.78,capture,189.04,605.63,133.22,0,178.796,8.718,179.786,-17.93,20.45,147.53,-18.10,-7.81,173.81,53.505,54.110,-33.8188,-4.1392,189.04,605.63,-31.9468,-3.3943,,,0.19634,0
226.9970,76,75,8,3,156.33,734.78,capture,183.90,610.65,127.15,0,178.899,8.656,179.781,-17.90,20.31,147.34,-17.09,-7.90,173.44,53.573,53.956,-33.8826,-4.8127,183.90,610.65,-32.8179,-4.0326,,,0.20711,0
227.0837,76,75,8,3,156.33,734.78,capture,200.90,608.92,133.52,0,178.727,8.655,179.841,-17.85,20.29,147.32,-17.86,-8.20,173.32,53.421,54.222,-33.9607,-2.8946,200.90,608.92,-33.3322,-3.5205,,,0.19711,0
227.1819,76,75,8,3,156.33,734.78,capture,183.61,611.95,125.82,0,178.774,8.737,179.837,-17.78,20.45,147.28,-17.44,-7.69,173.17,53.397,54.107,-33.0644,-4.6422,183.61,611.95,-33.2117,-4.0253,,,0.20910,0
227.2784,76,75,8,3,156.33,734.78,capture,187.72,576.30,161.56,0,178.741,8.731,179.827,-17.96,20.27,147.30,-17.06,-7.60,173.56,53.470,54.154,-32.9634,-3.5570,187.72,576.30,-33.0999,-3.8145,,,0.20358,0
227.3740,76,75,8,3,156.33,734.78,capture,160.30,613.83,121.01,0,178.712,8.664,179.838,-17.94,20.29,147.41,-17.65,-8.55,173.48,53.585,54.018,-32.9285,-5.8116,160.30,613.83,-33.0228,-4.7132,,,0.19227,0
227.4691,76,75,8,3,156.33,734.78,capture,179.88,581.59,154.99,0,178.634,8.790,179.821,-18.03,20.32,147.45,-17.25,-8.01,174.22,53.521,53.950,-32.3102,-4.5218,179.88,581.59,-32.7021,-4.6271,,,0.19125,0
227.5655,76,75,8,3,156.33,734.78,capture,205.55,597.17,146.14,0,178.619,8.729,179.810,-17.93,20.24,147.73,-17.83,-8.35,174.24,53.340,54.505,-32.6513,-3.1344,205.55,597.17,-32.6793,-3.9554,,,0.20486,0
227.6709,76,75,8,3,156.33,734.78,capture,225.48,608.22,144.22,0,178.796,8.817,179.812,-17.91,20.22,147.80,-17.39,-7.57,173.99,53.390,54.547,-32.9338,-2.8558,225.48,608.22,-32.7938,-3.4606,,,0.21315,0
227.7686,76,75,8,3,156.33,734.78,capture,195.32,606.29,134.27,0,178.874,8.812,179.811,-17.83,20.18,147.75,-17.92,-8.37,174.00,53.209,54.644,-34.1714,-3.4024,195.32,606.29,-33.4137,-3.4344,,,0.18531,0
227.8652,76,75,8,3,156.33,734.78,capture,227.61,623.37,132.26,0,178.881,8.732,179.818,-18.06,20.32,147.63,-18.01,-7.81,174.09,53.278,54.821,-33.7858,-2.4021,227.61,623.37,-33.5811,-2.9698,,,0.20712,0
227.9560,76,75,8,3,156.33,734.78,capture,237.62,612.27,147.02,0,178.980,8.860,179.820,-18.13,20.33,147.89,-17.86,-8.78,174.16,53.403,54.925,-34.1212,-1.6580,237.62,612.27,-33.8242,-2.3795,,,0.20431,0
228.0623,76,75,8,3,156.33,734.78,capture,230.75,595.21,158.17,0,179.026,8.735,179.840,-18.08,20.33,147.86,-17.01,-8.68,174.38,53.569,54.957,-32.2253,-2.1537,230.75,595.21,-33.1047,-2.2779,,,0.18799,0
228.1634,76,75,8,3,156.33,734.78,capture,207.65,624.91,121.26,0,179.023,8.755,179.820,-18.21,20.48,147.94,-17.64,-7.28,174.17,53.474,54.868,-34.5302,-2.5684,207.65,624.91,-33.7462,-2.4086,,,0.17404,0
228.2639,76,75,8,3,156.33,734.78,capture,227.60,608.27,145.20,0,178.969,8.772,179.799,-18.18,20.27,147.81,-17.60,-8.73,173.76,53.425,54.771,-33.0656,-2.7356,227.60,608.27,-33.4399,-2.5557,,,0.21794,0
228.3683,76,75,8,3,156.33,734.78,capture,212.00,614.82,132.24,0,178.984,8.761,179.809,-18.18,20.32,147.69,-18.05,-8.74,174.14,53.732,54.531,-33.1318,-2.5981,212.00,614.82,-33.3013,-2.5748,,,0.21128,0
228.4756,76,75,8,3,156.33,734.78,capture,189.54,582.95,155.42,0,178.968,8.654,179.790,-18.18,20.25,147.69,-17.46,-8.93,173.72,54.208,54.716,-33.1371,-4.4710,189.54,582.95,-33.2274,-3.4281,,,0.22182,0
228.5815,76,75,8,3,156.33,734.78,capture,212.36,591.48,153.86,0,178.870,8.652,179.737,-18.17,20.27,147.72,-17.89,-8.30,173.57,53.897,54.519,-32.6002,-3.0144,212.36,591.48,-32.9451,-3.2419,,,0.21966,0
228.6760,76,75,8,3,156.33,734.78,capture,207.58,618.90,126.70,0,178.745,8.627,179.751,-18.05,20.30,147.94,-17.79,-7.96,174.87,53.686,54.299,-34.6964,-3.8574,207.58,618.90,-33.7332,-3.5189,,,0.20635,0
228.8481,77,37,4,1,67.00,389.00,dwell,233.17,374.48,166.80,0,178.752,8.542,179.784,-18.08,20.28,147.81,-17.45,-7.92,173.96,53.600,54.388,-24.2835,-1.5882,233.17,374.48,-24.2835,-1.5882,,,0.19875,0
228.9528,77,37,4,1,67.00,389.00,dwell,192.82,550.85,205.00,0,178.790,8.473,179.782,-17.99,20.42,147.84,-17.12,-7.99,174.24,53.862,54.429,-30.9830,-3.7014,192.82,550.85,-27.2983,-2.5391,,,0.22752,0
229.0348,77,37,4,1,67.00,389.00,dwell,158.61,358.91,96.43,0,178.849,8.425,179.811,-17.99,20.33,147.96,-17.59,-7.58,174.50,53.726,54.818,-23.2630,-5.6671,158.61,358.91,-25.4824,-3.9467,,,0.22183,0
229.1269,77,37,4,1,67.00,389.00,dwell,264.02,613.66,298.81,0,178.859,8.282,179.836,-18.05,20.40,147.79,-18.02,-7.86,174.38,53.849,54.910,-33.7932,-0.1142,264.02,613.66,-29.2222,-2.2221,,,0.20199,0
229.2366,77,37,4,1,67.00,389.00,dwell,151.60,557.93,188.93,0,178.841,8.165,179.874,-18.09,20.58,147.74,-18.04,-8.18,173.56,53.732,54.734,-31.5779,-6.1443,151.60,557.93,-30.2823,-3.9871,,,0.21654,0
229.3362,77,37,4,1,67.00,389.00,dwell,133.10,651.27,270.47,0,179.079,8.123,179.828,-18.05,20.72,147.77,-17.25,-7.59,174.22,53.899,54.910,-35.5960,-6.7377,133.10,651.27,-32.6735,-5.2248,,,0.21954,0
229.4533,77,37,4,1,67.00,389.00,dwell,196.23,529.25,190.71,0,179.035,8.027,179.830,-18.09,20.77,147.82,-17.85,-7.61,174.87,53.707,54.844,-31.3672,-3.6882,196.23,529.25,-32.0857,-4.5334,,,0.23156,0
229.5405,77,37,4,1,67.00,389.00,dwell,56.63,493.65,105.16,0,179.116,8.094,179.811,-18.16,20.63,148.02,-17.98,-8.60,174.71,53.467,54.608,-29.4302,-10.8627,56.63,493.65,-30.8907,-7.3816,,,0.22158,0
229.6225,77,37,4,1,67.00,389.00,dwell,117.89,484.91,108.57,0,179.081,8.085,179.853,-18.14,20.52,147.98,-17.56,-7.92,174.53,53.411,54.219,-28.9535,-7.0518,117.89,484.91,-30.0189,-7.2332,,,0.20109,0
229.7136,77,37,4,1,67.00,389.00,dwell,135.04,480.97,114.40,0,179.073,8.106,179.857,-18.23,20.50,147.58,-18.09,-7.44,174.07,53.017,54.139,-28.4236,-6.3628,135.04,480.97,-29.3010,-6.8415,,,0.19690,0
229.8030,77,37,4,1,67.00,389.00,dwell,141.03,483.71,120.21,0,179.012,8.059,179.833,-18.16,20.67,147.51,-18.03,-7.86,173.69,53.385,53.951,-27.9812,-6.2261,141.03,483.71,-28.7071,-6.5646,,,0.19860,0
229.8909,77,37,4,1,67.00,389.00,capture,125.63,514.72,138.72,0,178.899,8.024,179.816,-18.20,20.58,147.55,-17.90,-7.76,173.93,53.750,54.209,-29.9940,-7.4921,125.63,514.72,-29.2862,-6.9820,,,0.21182,0
229.9973,77,37,4,1,67.00,389.00,capture,124.69,521.48,144.50,0,178.968,7.994,179.799,-18.18,20.67,147.42,-17.94,-8.06,173.17,53.558,54.461,-30.5158,-6.7170,124.69,521.48,-29.8395,-6.8627,,,0.23294,0
230.0977,77,37,4,1,67.00,389.00,capture,117.67,501.61,123.48,0,178.934,8.121,179.824,-18.01,20.67,147.43,-17.75,-8.32,173.70,53.853,54.683,-29.0274,-7.4464,117.67,501.61,-29.4741,-7.1254,,,0.23227,0
230.1995,77,37,4,1,67.00,389.00,capture,113.14,487.74,108.99,0,179.015,8.124,179.815,-18.07,20.80,147.44,-17.86,-7.90,173.75,54.076,54.734,-28.9454,-7.7252,113.14,487.74,-29.2362,-7.3953,,,0.22411,0
230.3021,77,37,4,1,67.00,389.00,capture,113.31,505.18,125.07,0,178.991,8.127,179.819,-18.09,21.01,147.55,-17.86,-7.20,173.70,53.518,54.602,-29.4199,-7.8730,113.31,505.18,-29.3188,-7.6103,,,0.21711,0
230.3946,77,37,4,1,67.00,389.00,capture,122.48,527.78,149.46,0,178.897,8.280,179.801,-18.15,20.92,147.78,-18.08,-6.88,174.22,53.623,54.588,-30.6409,-6.8714,122.48,527.78,-29.9138,-7.2778,,,0.22228,0
230.5009,77,37,4,1,67.00,389.00,capture,126.21,484.34,112.23,0,178.876,8.276,179.807,-18.21,20.72,147.62,-17.99,-7.89,173.72,53.512,54.710,-27.9969,-6.8509,126.21,484.34,-29.0512,-7.0857,,,0.20278,0
230.5951,77,37,4,1,67.00,389.00,capture,134.46,501.25,130.96,0,178.951,8.301,179.803,-18.25,20.65,147.69,-17.85,-8.29,173.48,53.568,55.081,-29.1512,-6.0924,134.46,501.25,-29.0962,-6.6387,,,0.19954,0
230.6888,77,37,4,1,67.00,389.00,capture,107.53,490.31,109.12,0,178.962,8.394,179.779,-18.15,20.72,147.76,-17.88,-7.73,174.17,53.991,54.996,-29.3872,-7.9045,107.53,490.31,-29.2271,-7.2083,,,0.22016,0
230.7949,77,37,4,1,67.00,389.00,capture,102.65,503.39,119.82,0,178.864,7.928,179.753,-18.14,20.82,147.88,-17.80,-8.10,174.29,53.576,55.148,-29.1734,-8.4236,102.65,503.39,-29.2029,-7.7552,,,0.21562,0
230.9031,77,37,4,1,67.00,389.00,capture,115.33,517.08,136.90,0,179.002,7.941,179.733,-18.10,20.75,147.83,-17.60,-7.79,174.08,53.812,55.328,-29.3660,-7.2964,115.33,517.08,-29.2763,-7.5487,,,0.21458,0
231.0067,77,37,4,1,67.00,389.00,capture,116.10,509.56,130.17,0,178.968,8.002,179.717,-18.20,20.86,147.85,-17.43,-7.60,174.19,54.108,54.808,-29.4338,-7.4951,116.10,509.56,-29.3472,-7.5246,,,0.21309,0
231.0977,77,37,4,1,67.00,389.00,capture,134.78,494.78,125.63,0,178.974,8.010,179.772,-18.22,20.79,147.57,-18.27,-7.66,174.36,54.099,54.528,-29.8891,-6.4109,134.78,494.78,-29.5910,-7.0234,,,0.23578,0
231.2214,77,37,4,1,67.00,389.00,capture,110.73,500.47,119.74,0,179.035,8.099,179.785,-18.18,20.75,147.64,-17.83,-8.60,173.62,53.978,54.586,-28.6850,-8.0386,110.73,500.47,-29.1833,-7.4802,,,0.20872,0
231.3079,77,37,4,1,67.00,389.00,capture,125.62,487.78,114.86,0,178.937,8.237,179.791,-18.19,20.89,147.67,-18.21,-7.06,174.46,53.943,54.183,-28.3508,-7.2494,125.62,487.78,-28.8087,-7.3764,,,0.23092,0
231.4013,77,37,4,1,67.00,389.00,capture,133.25,497.48,127.11,0,178.945,8.258,179.781,-18.20,20.98,147.59,-17.43,-7.61,173.96,53.728,54.374,-29.4338,-6.4921,133.25,497.48,-29.0900,-6.9784,,,0.20680,0
231.4950,77,37,4,1,67.00,389.00,capture,110.46,479.81,100.67,0,178.906,8.298,179.782,-17.98,20.79,147.35,-17.75,-7.99,173.83,53.782,54.610,-27.9349,-7.7126,110.46,479.81,-28.5702,-7.3088,,,0.22907,0
231.6071,77,37,4,1,67.00,389.00,capture,121.73,525.82,147.36,0,178.843,8.258,179.808,-18.04,20.49,147.11,-17.55,-8.06,173.58,53.750,54.620,-30.3497,-6.8692,121.73,525.82,-29.3710,-7.1110,,,0.20454,0
231.6897,77,37,4,1,67.00,389.00,capture,103.12,505.61,122.08,0,178.794,8.333,179.816,-17.99,20.66,146.96,-18.25,-8.51,173.31,53.767,54.144,-29.1846,-7.9402,103.12,505.61,-29.2871,-7.4841,,,0.22233,0
231.8008,77,37,4,1,67.00,389.00,capture,127.69,503.22,129.34,0,178.835,8.308,179.829,-18.17,20.53,147.09,-17.46,-8.65,173.76,54.098,53.931,-29.3480,-7.1862,127.69,503.22,-29.3145,-7.3500,,,0.23174,0
232.0094,78,35,3,8,379.67,302.56,dwell,150.99,332.23,230.59,0,178.942,8.316,179.833,-18.12,20.46,147.15,-17.42,-7.80,173.62,54.142,54.427,-22.3585,-5.1754,150.99,332.23,-22.3585,-5.1754,,,0.22460,0
232.1092,78,35,3,8,379.67,302.56,dwell,156.39,460.54,273.52,0,179.006,8.141,179.832,-18.03,20.55,147.38,-17.08,-7.59,173.78,54.059,54.465,-27.4863,-4.8749,156.39,460.54,-24.6660,-5.0402,,,0.23572,0
232.2185,78,35,3,8,379.67,302.56,dwell,232.35,327.93,149.49,0,178.990,8.165,179.810,-18.11,20.43,147.18,-18.35,-8.01,173.72,53.571,54.407,-22.5384,-2.3633,232.35,327.93,-23.7086,-3.8356,,,0.19586,0
232.3199,78,35,3,8,379.67,302.56,dwell,182.21,346.05,202.19,0,178.978,8.248,179.812,-18.07,20.31,147.31,-17.54,-7.72,173.60,53.879,54.237,-23.6584,-4.4376,182.21,346.05,-23.6860,-4.1065,,,0.21789,0
232.4247,78,35,3,8,379.67,302.56,dwell,173.73,180.73,239.27,0,179.041,8.234,179.791,-18.14,20.37,147.14,-18.13,-8.28,173.01,53.620,54.148,-17.1485,-4.6890,173.73,180.73,-20.7441,-4.3686,,,0.22354,0
232.5174,78,35,3,8,379.67,302.56,dwell,211.33,262.35,173.07,0,178.901,8.208,179.808,-18.06,20.31,147.23,-17.50,-7.87,173.52,53.627,54.170,-20.8907,-2.4805,211.33,262.35,-20.8101,-3.5190,,,0.20314,0
232.6185,78,35,3,8,379.67,302.56,dwell,232.51,150.39,211.68,0,178.814,8.230,179.797,-18.09,20.14,147.40,-17.89,-7.93,173.33,53.627,54.482,-15.4749,-1.9360,232.51,150.39,-18.4093,-2.8067,,,0.21298,0
232.7015,78,35,3,8,379.67,302.56,dwell,182.45,140.17,255.47,0,178.777,8.391,179.800,-18.10,20.16,147.42,-18.16,-9.13,173.56,53.591,54.648,-14.9916,-4.3892,182.45,140.17,-16.8713,-3.5188,,,0.19636,0
232.7980,78,35,3,8,379.67,302.56,dwell,285.84,158.10,172.25,0,178.595,8.285,179.812,-18.05,20.24,147.30,-17.40,-8.85,173.36,53.660,54.511,-16.5733,0.2936,285.84,158.10,-16.7372,-1.8032,,,0.20217,0
232.8969,78,35,3,8,379.67,302.56,dwell,263.41,60.72,268.33,0,178.631,8.264,179.839,-17.91,20.23,147.37,-17.39,-7.54,173.79,53.292,54.771,-12.1968,-0.8110,263.41,60.72,-14.6940,-1.3567,,,0.20956,0
233.0056,78,35,3,8,379.67,302.56,dwell,268.40,43.60,281.85,0,178.638,8.308,179.840,-18.02,20.32,147.88,-17.49,-8.60,174.09,53.115,54.714,-11.9451,-0.7701,268.40,43.60,-13.4570,-1.0927,,,0.20206,0
233.1077,78,35,3,8,379.67,302.56,capture,292.63,-18.47,332.62,0,178.670,8.142,179.835,-18.00,20.22,147.51,-17.35,-8.41,173.36,53.481,54.229,-9.5762,0.0036,292.63,-18.47,-11.7107,-0.5994,,,0.21883,0
233.1988,78,35,3,8,379.67,302.56,capture,316.40,-22.33,330.99,0,178.913,8.228,179.824,-18.08,20.29,147.89,-17.72,-9.08,174.50,53.284,54.155,-8.9433,1.7876,316.40,-22.33,-10.4653,0.4748,,,0.21298,0
233.3007,78,35,3,8,379.67,302.56,capture,292.68,3.60,311.35,0,178.861,8.072,179.835,-18.14,20.31,147.86,-17.34,-8.37,174.16,53.136,54.820,-9.7105,1.0650,292.68,3.60,-10.1257,0.7404,,,0.18399,0
233.4224,78,35,3,8,379.67,302.56,capture,291.06,-25.92,340.22,0,178.864,8.032,179.806,-18.09,20.47,147.71,-17.53,-8.02,173.72,53.416,54.564,-9.1656,0.5893,291.06,-25.92,-9.6936,0.6724,,,0.19339,0
233.5310,78,35,3,8,379.67,302.56,capture,285.02,-22.77,338.81,0,179.050,8.097,179.798,-18.16,20.36,147.93,-17.28,-7.20,174.26,53.408,54.492,-8.4023,0.9453,285.02,-22.77,-9.1126,0.7952,,,0.20220,0
233.6344,78,35,3,8,379.67,302.56,capture,302.14,-6.18,318.32,0,179.179,8.083,179.807,-18.16,20.28,147.86,-17.89,-8.52,174.22,53.473,54.665,-9.4737,1.2529,302.14,-6.18,-9.2751,1.0011,,,0.22468,0
233.7436,78,35,3,8,379.67,302.56,capture,296.73,-13.14,326.41,0,179.137,8.110,179.800,-18.08,20.53,147.97,-17.24,-8.49,174.06,53.579,54.892,-9.0124,0.4539,296.73,-13.14,-9.1569,0.7549,,,0.21366,0
233.8366,78,35,3,8,379.67,302.56,capture,287.43,1.20,315.16,0,179.075,8.079,179.812,-18.03,20.35,147.82,-17.76,-9.12,173.95,53.885,54.688,-10.1203,0.5036,287.43,1.20,-9.5904,0.6418,,,0.21332,0
233.9548,78,35,3,8,379.67,302.56,capture,285.85,-10.47,326.78,0,178.902,8.095,179.833,-18.11,20.34,147.75,-17.52,-8.39,174.13,53.922,54.591,-10.1651,0.9086,285.85,-10.47,-9.8490,0.7619,,,0.21394,0
234.0582,78,35,3,8,379.67,302.56,capture,270.72,0.01,321.56,0,178.848,8.230,179.778,-18.04,20.28,147.91,-17.67,-8.32,174.24,53.874,54.880,-8.9425,0.2042,270.72,0.01,-9.4411,0.5109,,,0.20278,0
234.1568,78,35,3,8,379.67,302.56,capture,286.27,-5.50,321.90,0,178.840,8.184,179.803,-18.05,20.28,147.96,-17.09,-9.33,174.68,53.832,54.627,-9.2163,0.3284,286.27,-5.50,-9.3399,0.4288,,,0.19656,0
234.2519,78,35,3,8,379.67,302.56,capture,289.80,-15.85,330.84,0,178.964,8.166,179.799,-18.18,20.25,147.83,-17.80,-8.44,173.55,53.853,54.371,-9.4770,0.8751,289.80,-15.85,-9.4016,0.6296,,,0.19234,0
234.3604,78,35,3,8,379.67,302.56,capture,266.45,-15.03,337.16,0,178.966,8.314,179.770,-18.03,20.12,147.99,-17.94,-8.62,174.47,53.923,54.722,-9.2157,0.4336,266.45,-15.03,-9.3179,0.5414,,,0.22491,0
234.4645,78,35,3,8,379.67,302.56,capture,287.37,-20.01,335.51,0,179.018,8.190,179.817,-17.96,20.25,148.09,-18.13,-8.61,174.60,53.791,54.741,-8.4894,0.1851,287.37,-20.01,-8.9451,0.3811,,,0.20760,0
234.5631,78,35,3,8,379.67,302.56,capture,279.37,-15.94,333.91,0,179.069,8.163,179.824,-18.06,20.34,147.84,-18.53,-8.32,174.35,53.878,54.212,-8.5506,0.5697,279.37,-15.94,-8.7676,0.4660,,,0.21546,0
234.6484,78,35,3,8,379.67,302.56,capture,296.90,-25.81,338.64,0,179.150,8.116,179.843,-18.02,20.51,147.85,-17.33,-7.87,174.04,53.856,54.503,-9.3702,0.9594,296.90,-25.81,-9.0388,0.6880,,,0.23228,0
234.7304,78,35,3,8,379.67,302.56,capture,279.09,-18.18,336.14,0,179.133,8.014,179.843,-17.92,20.73,147.93,-17.37,-7.88,174.34,53.797,54.009,-8.5283,-0.5940,279.09,-18.18,-8.8091,0.1111,,,0.23258,0
234.8344,78,35,3,8,379.67,302.56,capture,304.43,-15.63,326.96,0,179.123,7.998,179.827,-18.06,20.81,148.05,-17.95,-7.27,174.65,53.481,53.356,-9.4133,1.9989,304.43,-15.63,-9.0809,0.9606,,,0.22217,0
234.9406,78,35,3,8,379.67,302.56,capture,314.67,-19.00,328.06,0,179.223,8.031,179.820,-18.07,20.77,147.93,-17.70,-8.49,174.69,53.447,53.654,-8.5829,1.7293,314.67,-19.00,-8.8568,1.3065,,,0.21036,0
235.1023,79,72,8,0,22.33,734.78,dwell,181.43,284.89,477.19,0,179.255,8.087,179.806,-18.00,20.77,147.89,-17.23,-8.45,174.78,53.808,53.910,-20.9825,-4.0576,181.43,284.89,-20.9825,-4.0576,,,0.21078,0
235.1973,79,72,8,0,22.33,734.78,dwell,137.20,51.52,692.85,0,179.136,8.167,179.792,-17.91,20.59,147.78,-18.11,-8.13,174.45,53.770,54.007,-11.9252,-6.0935,137.20,51.52,-16.9067,-4.9738,,,0.23218,0
235.2946,79,72,8,0,22.33,734.78,dwell,247.33,287.49,500.69,0,179.108,8.126,179.787,-17.87,20.75,147.68,-17.07,-7.82,174.10,54.190,54.133,-20.8581,-1.4571,247.33,287.49,-18.6848,-3.3913,,,0.22321,0
235.3956,79,72,8,0,22.33,734.78,dwell,241.88,224.43,555.57,0,179.100,8.212,179.799,-17.95,20.75,147.41,-17.68,-7.71,173.58,53.704,54.224,-18.2157,-1.3582,241.88,224.43,-18.4737,-2.4764,,,0.21124,0
235.5083,79,72,8,0,22.33,734.78,dwell,196.53,412.86,366.03,0,179.048,8.432,179.784,-17.99,20.63,147.70,-18.12,-8.20,173.85,53.970,54.033,-25.8771,-3.0665,196.53,412.86,-21.8052,-2.7419,,,0.21943,0
235.5950,79,72,8,0,22.33,734.78,dwell,74.58,481.73,258.39,0,178.882,8.501,179.810,-18.19,20.50,147.49,-17.46,-8.37,173.41,53.595,54.012,-29.1079,-9.2770,74.58,481.73,-25.0914,-5.6827,,,0.21171,0
235.6858,79,72,8,0,22.33,734.78,dwell,131.79,453.88,301.47,0,178.886,8.446,179.807,-18.20,20.48,147.56,-17.80,-7.37,174.09,54.012,54.230,-26.9555,-6.3920,131.79,453.88,-25.9302,-6.0019,,,0.23100,0
235.8027,79,72,8,0,22.33,734.78,dwell,37.27,585.74,149.78,0,178.831,8.483,179.817,-18.14,20.58,147.47,-17.70,-8.18,173.99,53.851,54.179,-32.2587,-10.7251,37.27,585.74,-28.7781,-8.1273,,,0.22420,0
235.9027,79,72,8,0,22.33,734.78,dwell,27.87,672.50,62.52,0,179.056,8.506,179.854,-18.01,20.59,147.60,-17.14,-7.43,173.89,53.780,54.309,-36.4649,-11.3166,27.87,672.50,-32.2371,-9.5625,,,0.22474,0
235.9969,79,72,8,0,22.33,734.78,dwell,-36.20,705.23,65.57,0,178.821,8.555,179.890,-18.06,20.78,147.72,-17.93,-7.73,174.15,53.836,54.448,-36.8887,-14.6275,-36.20,705.23,-34.3303,-11.8418,,,0.23904,0
236.0979,79,72,8,0,22.33,734.78,dwell,7.83,748.71,20.11,1,178.729,8.605,179.878,-18.13,21.01,147.77,-17.80,-7.32,174.36,53.831,54.111,-39.6081,-13.0141,7.83,748.71,-36.7053,-12.3693,,,0.19711,0
236.1874,79,72,8,0,22.33,734.78,capture,-6.92,775.19,49.89,0,178.825,8.716,179.831,-18.08,20.80,147.84,-17.91,-7.57,173.87,53.949,54.113,-39.8467,-13.3558,-6.92,775.19,-38.1189,-12.8132,,,0.21105,0
236.3021,79,72,8,0,22.33,734.78,capture,14.33,793.67,59.43,0,178.833,8.613,179.828,-18.10,20.84,147.98,-17.69,-7.85,174.54,53.705,54.191,-40.8077,-11.9720,14.33,793.67,-39.3289,-12.4347,,,0.21297,0
236.3986,79,72,8,0,22.33,734.78,capture,-1.79,832.98,101.12,0,178.922,8.853,179.838,-18.10,21.01,148.32,-17.29,-7.11,174.68,53.667,54.366,-42.4054,-13.3161,-1.79,832.98,-40.7133,-12.8313,,,0.20442,0
236.4806,79,72,8,0,22.33,734.78,capture,11.27,788.74,55.08,0,178.862,8.869,179.854,-18.20,21.04,148.30,-17.83,-7.26,174.86,53.740,54.072,-40.6777,-11.6648,11.27,788.74,-40.6973,-12.3064,,,0.21354,0
236.5713,79,72,8,0,22.33,734.78,capture,-25.62,804.75,84.83,0,178.928,8.783,179.858,-18.16,21.09,148.30,-17.84,-8.22,174.22,54.012,54.295,-41.5396,-14.5792,-25.62,804.75,-41.0763,-13.3291,,,0.22532,0
236.6889,79,72,8,0,22.33,734.78,capture,-27.91,808.49,89.21,0,178.935,8.705,179.898,-18.32,21.16,148.18,-18.01,-8.10,174.58,53.676,54.346,-41.1368,-13.5493,-27.91,808.49,-41.1035,-13.4282,,,0.19372,0
236.7709,79,72,8,0,22.33,734.78,capture,0.76,808.45,76.77,0,178.828,8.691,179.887,-18.34,21.34,148.34,-17.24,-7.04,174.78,53.531,54.553,-40.4813,-11.5856,0.76,808.45,-40.8235,-12.5990,,,0.20665,0
236.8720,79,72,8,0,22.33,734.78,capture,-21.41,789.97,70.42,0,178.868,8.682,179.906,-18.38,21.12,148.15,-17.59,-7.42,174.33,53.568,54.368,-40.4497,-13.4618,-21.41,789.97,-40.6553,-12.9873,,,0.20992,0
236.9660,79,72,8,0,22.33,734.78,capture,-13.02,821.96,94.08,0,178.937,8.642,179.907,-18.40,21.13,148.26,-18.32,-7.95,175.11,53.752,54.668,-42.4830,-13.9633,-13.02,821.96,-41.4778,-13.4265,,,0.22042,0
237.0588,79,72,8,0,22.33,734.78,capture,-25.38,809.05,88.28,0,178.842,8.602,179.875,-18.41,21.04,148.13,-17.60,-7.06,175.02,53.729,53.992,-40.4052,-14.7406,-25.38,809.05,-40.9951,-14.0178,,,0.19680,0
237.1682,79,72,8,0,22.33,734.78,capture,-30.42,773.58,65.49,0,178.869,8.628,179.870,-18.28,21.04,148.24,-17.80,-7.85,174.94,53.618,54.027,-41.0452,-12.9985,-30.42,773.58,-41.0176,-13.5591,,,0.21854,0
237.2820,79,72,8,0,22.33,734.78,capture,-34.88,780.21,73.06,0,178.855,8.624,179.842,-18.26,20.73,148.02,-18.09,-8.25,174.57,53.481,54.449,-40.3852,-14.2890,-34.88,780.21,-40.7330,-13.8875,,,0.18936,0
237.3724,79,72,8,0,22.33,734.78,capture,-33.76,807.53,91.87,0,178.907,8.645,179.798,-18.35,20.52,148.11,-18.23,-7.35,174.63,53.137,54.353,-41.3085,-14.4057,-33.76,807.53,-40.9920,-14.1207,,,0.20358,0
237.4745,79,72,8,0,22.33,734.78,capture,-8.11,792.64,65.38,0,178.807,8.676,179.808,-18.37,20.56,148.14,-17.88,-8.18,174.30,53.528,54.124,-40.9874,-13.7434,-8.11,792.64,-40.9899,-13.9509,,,0.21747,0
237.5656,79,72,8,0,22.33,734.78,capture,-14.35,810.98,84.57,0,178.852,8.614,179.790,-18.30,20.13,148.13,-17.31,-8.70,175.11,53.718,54.385,-41.2060,-14.2161,-14.35,810.98,-41.0872,-14.0702,,,0.20928,0
237.6556,79,72,8,0,22.33,734.78,capture,-27.66,783.70,69.95,0,178.718,8.480,179.815,-18.41,20.31,148.12,-18.26,-8.43,174.84,53.839,54.124,-39.4880,-14.5105,-27.66,783.70,-40.3675,-14.2684,,,0.21024,0
237.7873,79,72,8,0,22.33,734.78,capture,-43.59,789.35,85.58,0,178.825,8.671,179.788,-18.51,20.46,147.81,-17.71,-8.04,174.34,53.430,54.015,-40.5497,-15.3455,-43.59,789.35,-40.4495,-14.7531,,,0.23612,0
237.8818,79,72,8,0,22.33,734.78,capture,-25.55,771.18,60.15,0,178.943,8.694,179.805,-18.46,20.54,147.80,-17.65,-7.98,174.14,53.329,54.065,-41.0865,-14.3051,-25.55,771.18,-40.7361,-14.5515,,,0.20401,0
237.9806,79,72,8,0,22.33,734.78,capture,-23.76,788.26,70.60,0,179.021,8.652,179.802,-18.45,20.42,147.85,-18.45,-7.60,174.17,53.786,53.664,-40.2936,-14.0167,-23.76,788.26,-40.5370,-14.3108,,,0.23044,0
238.0891,79,72,8,0,22.33,734.78,capture,-22.23,789.30,70.42,0,179.068,8.774,179.792,-18.46,20.46,147.61,-17.80,-7.45,174.24,53.719,53.687,-40.4655,-13.9752,-22.23,789.30,-40.5048,-14.1598,,,0.19501,0
238.2651,80,50,5,5,245.67,475.44,dwell,26.58,805.73,396.34,0,179.012,8.793,179.810,-18.48,20.46,147.39,-18.25,-8.90,173.17,54.315,53.601,-40.7133,-11.7379,26.58,805.73,-40.7133,-11.7379,,,0.22883,0
238.3730,80,50,5,5,245.67,475.44,dwell,113.95,576.45,165.99,0,178.998,8.532,179.802,-18.35,20.52,147.26,-17.73,-8.05,173.32,53.863,53.311,-32.8838,-7.0934,113.95,576.45,-37.1900,-9.6479,,,0.23541,0
238.4757,80,50,5,5,245.67,475.44,dwell,69.56,752.72,328.47,0,179.020,8.362,179.812,-18.40,20.43,147.40,-17.23,-8.86,173.58,53.594,53.518,-38.8068,-9.4482,69.56,752.72,-37.9176,-9.5580,,,0.20196,0
238.5781,80,50,5,5,245.67,475.44,dwell,190.68,809.15,338.21,0,178.858,8.145,179.807,-18.35,20.52,147.33,-17.66,-7.82,173.66,53.555,53.477,-41.1622,-3.7042,190.68,809.15,-39.3777,-6.9238,,,0.21202,0
238.6723,80,50,5,5,245.67,475.44,dwell,203.52,757.24,284.93,0,178.974,8.160,179.811,-18.17,20.82,147.24,-17.76,-7.94,173.83,53.486,53.581,-38.6462,-3.1655,203.52,757.24,-39.0485,-5.2325,,,0.20879,0
238.7607,80,50,5,5,245.67,475.44,dwell,108.39,716.02,276.99,0,178.930,8.173,179.837,-18.24,20.84,147.52,-17.97,-8.37,174.32,53.449,53.936,-36.8356,-7.8686,108.39,716.02,-38.0527,-6.4188,,,0.20719,0
238.8772,80,50,5,5,245.67,475.44,dwell,192.41,697.27,228.13,0,178.891,8.175,179.816,-18.34,21.03,147.62,-18.48,-7.99,174.05,53.713,54.017,-36.8968,-3.7519,192.41,697.27,-37.5325,-5.2187,,,0.21376,0
238.9592,80,50,5,5,245.67,475.44,dwell,237.16,687.38,212.11,0,178.943,8.280,179.810,-18.36,21.06,147.62,-17.26,-7.65,174.32,53.852,53.951,-36.8436,-1.8735,237.16,687.38,-37.2225,-3.7134,,,0.21164,0
239.0650,80,50,5,5,245.67,475.44,dwell,248.74,690.04,214.62,0,178.866,8.312,179.821,-18.37,21.05,147.79,-17.97,-7.12,173.94,53.591,53.807,-36.4285,-1.0627,248.74,690.04,-36.8652,-2.5205,,,0.19587,0
239.1531,80,50,5,5,245.67,475.44,capture,282.50,671.40,199.39,0,178.877,8.394,179.834,-18.24,21.10,148.00,-17.25,-8.30,174.38,53.337,53.554,-35.0228,0.7939,282.50,671.40,-36.0361,-1.0291,,,0.21915,0
239.2658,80,50,5,5,245.67,475.44,capture,252.28,657.92,182.60,0,178.939,8.492,179.795,-18.23,20.98,147.89,-17.98,-8.10,175.01,53.223,53.352,-34.5477,-1.1649,252.28,657.92,-35.3663,-1.0902,,,0.17152,0
239.3663,80,50,5,5,245.67,475.44,capture,278.76,654.86,182.44,0,178.864,8.442,179.817,-18.26,20.98,148.04,-17.91,-7.79,174.33,53.588,53.233,-35.3720,-0.2557,278.76,654.86,-35.3689,-0.7147,,,0.22310,0
239.4483,80,50,5,5,245.67,475.44,capture,262.86,687.19,212.44,0,178.645,8.427,179.860,-18.25,20.89,147.95,-17.91,-7.11,174.33,53.635,53.564,-36.2379,-0.8331,262.86,687.19,-35.7600,-0.7679,,,0.21309,0
239.5528,80,50,5,5,245.67,475.44,capture,257.61,660.45,185.39,0,178.690,8.419,179.873,-18.23,20.64,148.14,-17.64,-7.76,174.59,53.561,53.641,-36.4876,-1.0210,257.61,660.45,-36.0874,-0.8818,,,0.19826,0
239.6574,80,50,5,5,245.67,475.44,capture,255.00,663.54,188.33,0,178.647,8.411,179.852,-18.15,20.51,147.89,-17.53,-8.01,174.13,53.803,53.458,-35.9775,-1.0718,255.00,663.54,-36.0379,-0.9673,,,0.22350,0
239.7417,80,50,5,5,245.67,475.44,capture,262.33,662.34,187.64,0,178.690,8.501,179.876,-18.15,20.49,147.85,-18.13,-7.69,174.21,53.776,53.787,-35.7085,-0.7842,262.33,662.34,-35.8897,-0.8849,,,0.20874,0
239.8237,80,50,5,5,245.67,475.44,capture,258.42,653.53,178.54,0,178.753,8.465,179.853,-18.04,20.56,147.97,-17.40,-7.77,174.48,53.736,53.943,-35.2549,-1.2817,258.42,653.53,-35.6040,-1.0635,,,0.22115,0
239.9057,80,50,5,5,245.67,475.44,capture,248.17,671.52,196.09,0,178.840,8.398,179.831,-18.08,20.71,148.05,-17.53,-8.03,174.73,53.937,53.762,-35.7159,-1.2086,248.17,671.52,-35.6544,-1.1288,,,0.23359,0
239.9972,80,50,5,5,245.67,475.44,capture,272.33,645.06,171.70,0,178.939,8.275,179.866,-18.27,20.70,147.82,-18.23,-7.14,174.20,53.559,53.948,-35.1929,-0.0214,272.33,645.06,-35.4467,-0.6305,,,0.19234,0
240.1039,80,50,5,5,245.67,475.44,capture,308.77,656.77,191.99,0,178.835,8.333,179.826,-18.19,20.66,147.86,-17.43,-7.64,173.94,53.874,54.239,-35.8651,1.2613,308.77,656.77,-35.6350,0.2208,,,0.18042,0
240.1960,80,50,5,5,245.67,475.44,capture,280.53,651.18,179.16,0,178.619,8.292,179.805,-18.23,20.67,147.66,-17.64,-7.85,173.90,53.872,54.240,-34.0791,-0.0880,280.53,651.18,-34.9348,0.0819,,,0.20619,0
240.3048,80,50,5,5,245.67,475.44,capture,257.77,669.88,194.81,0,178.663,8.466,179.830,-18.05,20.79,147.57,-17.51,-8.39,173.92,54.073,54.200,-36.4446,-0.7280,257.77,669.88,-35.6142,-0.2825,,,0.21770,0
240.4230,80,50,5,5,245.67,475.44,capture,244.16,622.62,147.18,0,178.678,8.370,179.824,-18.14,20.86,147.54,-17.24,-7.57,173.71,53.624,54.141,-33.1743,-1.6470,244.16,622.62,-34.5163,-0.8965,,,0.18984,0
240.5141,80,50,5,5,245.67,475.44,capture,249.20,664.13,188.72,0,178.816,8.342,179.834,-18.23,20.97,147.53,-18.13,-8.21,174.19,53.416,54.041,-35.9261,-1.2676,249.20,664.13,-35.1507,-1.0635,,,0.21780,0
240.6099,80,50,5,5,245.67,475.44,capture,261.91,648.83,174.14,0,178.842,8.257,179.832,-18.16,20.84,147.40,-17.81,-7.83,173.41,53.273,54.057,-35.0687,-0.3315,261.91,648.83,-35.1138,-0.7341,,,0.18478,0
240.7011,80,50,5,5,245.67,475.44,capture,253.71,648.34,173.08,0,178.962,8.262,179.860,-18.08,20.90,147.57,-17.48,-7.57,174.21,53.633,54.594,-35.7175,-1.1876,253.71,648.34,-35.3855,-0.9382,,,0.20731,0
240.7831,80,50,5,5,245.67,475.44,capture,247.48,676.79,201.35,0,178.876,8.388,179.813,-18.12,20.81,147.66,-17.80,-7.70,174.06,53.700,54.522,-36.3464,-1.5557,247.48,676.79,-35.8179,-1.2161,,,0.18691,0
240.8777,80,50,5,5,245.67,475.44,capture,239.83,643.71,168.37,0,178.874,8.479,179.794,-18.13,20.71,147.39,-17.59,-8.64,173.47,53.602,54.636,-35.5406,-1.8340,239.83,643.71,-35.6931,-1.4941,,,0.22970,0
240.9597,80,50,5,5,245.67,475.44,capture,256.38,648.55,173.44,0,179.003,8.482,179.812,-18.26,20.58,147.05,-18.40,-9.12,173.09,53.626,54.412,-35.0172,-1.2909,256.38,648.55,-35.3890,-1.4027,,,0.20023,0
241.1492,81,19,2,1,67.00,216.11,dwell,177.94,708.31,504.55,0,179.114,8.363,179.802,-18.32,20.50,147.22,-17.80,-7.98,173.11,53.584,54.479,-37.9320,-4.6622,177.94,708.31,-37.9320,-4.6622,,,0.22148,0
241.2479,81,19,2,1,67.00,216.11,dwell,194.14,492.67,304.38,0,179.115,8.338,179.806,-18.47,20.40,147.38,-17.45,-7.14,173.82,53.809,54.305,-29.0593,-3.9389,194.14,492.67,-33.9393,-4.3367,,,0.20243,0
241.3522,81,19,2,1,67.00,216.11,dwell,64.77,515.42,299.32,0,179.097,8.328,179.801,-18.53,20.45,147.26,-17.94,-8.42,173.97,53.856,54.629,-29.2780,-10.3910,64.77,515.42,-31.8417,-7.0612,,,0.24676,0
241.4687,81,19,2,1,67.00,216.11,dwell,155.07,417.33,219.65,0,179.214,8.503,179.776,-18.48,20.58,147.45,-17.63,-7.61,173.63,53.673,54.227,-26.2675,-5.3286,155.07,417.33,-29.3333,-6.2815,,,0.20361,0
241.5531,81,19,2,1,67.00,216.11,dwell,59.25,281.03,65.38,0,179.166,8.359,179.780,-18.44,20.53,147.38,-18.00,-7.85,173.68,53.501,54.215,-20.5435,-9.8170,59.25,281.03,-25.3779,-7.8725,,,0.19986,0
241.6512,81,19,2,1,67.00,216.11,dwell,63.35,250.95,35.03,1,179.148,8.195,179.780,-18.49,20.60,147.19,-17.98,-7.72,173.18,53.589,54.060,-19.2712,-10.0180,63.35,250.95,-22.6299,-8.8380,,,0.21126,0
241.7511,81,19,2,1,67.00,216.11,dwell,-4.08,243.12,76.04,0,179.134,8.136,179.809,-18.48,20.74,147.09,-18.37,-7.56,173.30,53.169,54.110,-17.9779,-13.3024,-4.08,243.12,-20.5365,-10.8470,,,0.19405,0
241.8688,81,19,2,1,67.00,216.11,dwell,-0.81,219.98,67.92,0,179.142,8.024,179.811,-18.52,20.67,147.33,-18.09,-8.34,173.20,53.157,54.239,-18.9731,-13.5655,-0.81,219.98,-19.8330,-12.0703,,,0.21135,0
241.9688,81,19,2,1,67.00,216.11,capture,-40.48,178.75,113.79,0,179.172,7.840,179.834,-18.35,20.72,147.30,-17.99,-7.62,173.78,53.533,53.814,-16.9187,-14.8742,-40.48,178.75,-18.5216,-13.3321,,,0.20306,0
242.0651,81,19,2,1,67.00,216.11,capture,-17.29,169.68,96.23,0,179.095,7.859,179.864,-18.38,20.77,147.26,-18.13,-7.65,173.72,53.262,53.974,-16.4803,-13.7579,-17.29,169.68,-17.6030,-13.5237,,,0.17572,0
242.1929,81,19,2,1,67.00,216.11,capture,-13.35,165.56,94.93,0,179.087,7.913,179.849,-18.46,20.75,147.34,-17.49,-8.25,173.83,53.495,53.918,-15.9938,-13.7127,-13.35,165.56,-16.8789,-13.6087,,,0.21876,0
242.2930,81,19,2,1,67.00,216.11,capture,-7.82,164.36,90.97,0,179.103,8.082,179.843,-18.34,20.71,147.37,-17.92,-7.50,173.90,53.433,54.452,-16.8909,-13.0001,-7.82,164.36,-16.8843,-13.3349,,,0.21976,0
242.3949,81,19,2,1,67.00,216.11,capture,-34.73,165.10,113.80,0,179.256,8.060,179.842,-18.34,20.98,147.69,-17.54,-6.70,174.21,53.269,54.186,-16.5809,-14.7998,-34.73,165.10,-16.7478,-13.9941,,,0.19318,0
242.5047,81,19,2,1,67.00,216.11,capture,-12.64,147.24,105.29,0,179.146,8.034,179.862,-18.40,20.98,147.72,-17.99,-7.84,173.74,53.601,54.172,-15.5792,-14.2792,-12.64,147.24,-16.2219,-14.1224,,,0.20037,0
242.6241,81,19,2,1,67.00,216.11,capture,-22.76,148.80,112.19,0,179.002,8.018,179.888,-18.51,21.06,147.60,-17.70,-7.54,174.08,53.683,54.218,-15.2810,-14.2258,-22.76,148.80,-15.7985,-14.1689,,,0.19982,0
242.7314,81,19,2,1,67.00,216.11,capture,-12.64,167.67,93.22,0,178.919,8.104,179.872,-18.40,21.11,147.80,-18.14,-8.27,174.04,53.994,53.941,-16.9778,-13.5145,-12.64,167.67,-16.3292,-13.8744,,,0.23993,0
242.8134,81,19,2,1,67.00,216.11,capture,-0.24,152.70,92.42,0,178.970,8.164,179.829,-18.42,21.33,147.94,-18.01,-7.90,173.99,53.841,53.792,-16.6853,-12.9156,-0.24,152.70,-16.4895,-13.4430,,,0.22663,0
242.9006,81,19,2,1,67.00,216.11,capture,-11.61,182.51,85.49,0,179.039,8.198,179.786,-18.48,21.10,147.90,-18.46,-7.74,174.05,53.862,54.564,-18.3051,-13.1824,-11.61,182.51,-17.3065,-13.3257,,,0.20849,0
242.9826,81,19,2,1,67.00,216.11,capture,-7.13,177.26,83.69,0,178.944,8.030,179.799,-18.56,20.90,147.80,-18.08,-8.01,174.26,53.831,54.474,-16.9935,-14.0903,-7.13,177.26,-17.1657,-13.6698,,,0.18828,0
243.0928,81,19,2,1,67.00,216.11,capture,-24.94,170.86,102.47,0,178.922,7.963,179.845,-18.58,20.85,147.86,-18.14,-8.38,174.22,53.691,54.753,-16.2029,-14.4099,-24.94,170.86,-16.7324,-14.0028,,,0.21472,0
243.1835,81,19,2,1,67.00,216.11,capture,-8.65,149.98,100.48,0,179.007,7.918,179.862,-18.54,20.91,147.95,-18.72,-7.61,173.96,53.350,54.685,-15.9872,-12.8279,-8.65,149.98,-16.3971,-13.4741,,,0.18730,0
243.2836,81,19,2,1,67.00,216.11,capture,-40.77,168.40,117.86,0,179.006,7.946,179.857,-18.68,20.97,147.74,-18.44,-8.15,173.54,52.899,54.455,-16.6327,-14.8400,-40.77,168.40,-16.5031,-14.0888,,,0.18020,0
243.3784,81,19,2,1,67.00,216.11,capture,-40.04,152.84,124.34,0,179.025,7.913,179.832,-18.59,21.13,147.58,-17.60,-7.33,173.79,53.341,54.183,-15.7811,-15.0671,-40.04,152.84,-16.1782,-14.5290,,,0.21424,0
243.4774,81,19,2,1,67.00,216.11,capture,-12.30,185.77,84.91,0,179.117,7.909,179.817,-18.67,21.08,147.29,-17.70,-7.44,173.29,53.484,54.556,-16.7961,-13.1798,-12.30,185.77,-16.4562,-13.9219,,,0.20537,0
243.5829,81,19,2,1,67.00,216.11,capture,-22.20,179.62,96.38,0,178.998,7.922,179.831,-18.61,21.01,147.60,-18.33,-8.08,173.48,53.212,54.336,-17.4054,-13.9125,-22.20,179.62,-16.8834,-13.9176,,,0.21970,0
243.6887,81,19,2,1,67.00,216.11,capture,-31.65,179.19,105.33,0,179.047,7.958,179.809,-18.58,21.03,147.64,-18.21,-7.37,173.64,52.881,54.018,-16.7994,-14.3555,-31.65,179.19,-16.8456,-14.1147,,,0.18436,0
243.7910,81,19,2,1,67.00,216.11,capture,15.54,160.64,75.66,0,178.925,7.862,179.821,-18.57,20.88,147.41,-18.25,-7.90,173.86,53.536,53.775,-15.5554,-12.2714,15.54,160.64,-16.2650,-13.2852,,,0.21293,0
243.8843,81,19,2,1,67.00,216.11,capture,-13.69,167.46,94.22,0,178.961,7.792,179.818,-18.73,20.85,147.55,-17.34,-7.36,173.47,53.547,53.757,-16.2636,-13.8329,-13.69,167.46,-16.2643,-13.5317,,,0.20236,0
