t_s,trial,cell_idx,row,col,target_x,target_y,phase,pred_x,pred_y,err_pt,in_cell,head_yaw_deg,head_pitch_deg,head_roll_deg,head_tx_mm,head_ty_mm,head_tz_mm,eye_cam_x_mm,eye_cam_y_mm,eye_cam_z_mm,pupil_left_px,pupil_right_px,raw_pitch_deg,raw_yaw_deg,raw_pred_x,raw_pred_y,filt_pitch_deg,filt_yaw_deg,filt_pred_x,filt_pred_y,ear,blink_held
0.0492,1,15,1,6,290.33,129.67,dwell,398.31,219.86,140.69,0,178.547,8.360,179.720,-17.98,19.78,147.09,-17.62,-8.85,173.42,54.384,54.698,-17.9806,5.8831,398.31,219.86,-17.9806,5.8831,,,0.24741,0
0.1648,1,15,1,6,290.33,129.67,dwell,221.41,286.87,171.65,0,178.697,8.220,179.759,-17.98,19.98,147.05,-18.11,-8.59,173.12,54.084,54.623,-20.7796,-2.2009,221.41,286.87,-19.2402,2.2453,,,0.21812,0
0.2557,1,15,1,6,290.33,129.67,dwell,267.12,215.64,89.05,0,178.671,8.300,179.767,-18.02,19.84,146.81,-17.79,-8.05,173.45,53.922,54.174,-18.5433,-0.8202,267.12,215.64,-18.9266,0.8658,,,0.23165,0
0.3456,1,15,1,6,290.33,129.67,dwell,319.02,239.09,113.12,0,178.884,8.111,179.748,-18.09,19.83,146.87,-17.91,-8.60,172.35,54.070,54.298,-18.5161,2.1465,319.02,239.09,-18.7419,1.4421,,,0.22662,0
0.4525,1,15,1,6,290.33,129.67,dwell,349.90,211.63,101.32,0,178.872,8.124,179.758,-18.18,19.76,146.97,-18.09,-8.90,172.91,53.766,53.979,-18.2384,2.9261,349.90,211.63,-18.5153,2.1099,,,0.22496,0
0.5531,1,15,1,6,290.33,129.67,dwell,319.66,201.46,77.55,0,178.713,8.066,179.748,-18.21,19.85,147.15,-17.84,-8.20,173.29,53.646,53.994,-17.6603,2.6935,319.66,201.46,-18.1305,2.3726,,,0.20957,0
0.6535,1,15,1,6,290.33,129.67,dwell,277.28,79.72,51.62,0,178.683,8.074,179.760,-18.19,20.01,147.08,-18.15,-8.72,172.95,53.609,53.920,-12.1046,-0.0779,277.28,79.72,-15.4189,1.2698,,,0.20603,0
0.7424,1,15,1,6,290.33,129.67,dwell,346.82,73.54,79.63,0,178.728,8.005,179.754,-18.15,20.20,146.97,-17.52,-8.13,173.36,53.785,54.040,-12.7167,3.3840,346.82,73.54,-14.2029,2.2212,,,0.20735,0
0.8385,1,15,1,6,290.33,129.67,dwell,363.90,158.23,78.92,0,178.630,7.968,179.737,-18.11,20.17,146.96,-17.51,-8.24,172.94,54.215,54.372,-16.0672,4.2507,363.90,158.23,-15.0418,3.1345,,,0.20974,0
0.9348,1,15,1,6,290.33,129.67,capture,351.27,80.48,78.31,0,178.659,7.972,179.757,-18.11,20.32,146.99,-17.51,-7.68,173.60,53.979,54.126,-11.9600,3.3945,351.27,80.48,-13.6550,3.2515,,,0.22811,0
1.0376,1,15,1,6,290.33,129.67,capture,348.02,76.45,78.48,0,178.829,7.963,179.745,-18.12,20.31,146.90,-17.97,-8.15,173.43,54.226,54.089,-13.5709,2.5685,348.02,76.45,-13.6172,2.9441,,,0.23155,0
1.1333,1,15,1,6,290.33,129.67,capture,337.84,72.83,74.08,0,178.897,7.888,179.778,-18.13,20.37,146.91,-17.87,-8.45,173.76,54.146,54.153,-12.3974,2.9798,337.84,72.83,-13.0683,2.9602,,,0.22507,0
1.2300,1,15,1,6,290.33,129.67,capture,342.85,112.27,55.32,0,178.947,7.784,179.826,-18.18,20.26,146.86,-17.58,-8.59,172.82,54.492,54.131,-14.0031,3.0916,342.85,112.27,-13.4890,3.0193,,,0.25335,0
1.3350,1,15,1,6,290.33,129.67,capture,336.21,78.21,68.94,0,179.062,7.775,179.860,-18.20,20.47,147.10,-18.05,-9.15,172.76,54.332,54.153,-11.8535,2.2328,336.21,78.21,-12.7530,2.6654,,,0.22061,0
1.4222,1,15,1,6,290.33,129.67,capture,360.96,81.18,85.67,0,179.096,7.909,179.833,-18.10,20.46,147.15,-17.59,-7.53,173.20,54.208,54.157,-12.2197,3.7314,360.96,81.18,-12.5130,3.1451,,,0.22729,0
1.5276,1,15,1,6,290.33,129.67,capture,323.97,81.38,58.85,0,179.179,7.737,179.836,-18.17,20.47,147.11,-17.48,-7.39,173.27,54.073,54.084,-13.2333,2.3211,323.97,81.38,-12.8372,2.7743,,,0.23183,0
1.6218,1,15,1,6,290.33,129.67,capture,323.88,93.00,49.70,0,179.211,7.721,179.836,-18.16,20.64,146.92,-18.01,-8.15,173.00,53.921,54.050,-14.2345,2.3480,323.88,93.00,-13.4660,2.5824,,,0.21750,0
1.7205,1,15,1,6,290.33,129.67,capture,341.40,59.10,87.11,0,178.969,7.826,179.852,-18.23,20.66,147.18,-17.68,-7.76,173.93,53.710,53.619,-12.4881,3.0632,341.40,59.10,-13.0259,2.7988,,,0.19411,0
1.8196,1,15,1,6,290.33,129.67,capture,329.28,110.42,43.44,0,178.979,7.987,179.858,-18.25,20.73,147.35,-17.11,-7.92,173.89,54.075,53.659,-14.4400,2.4390,329.28,110.42,-13.6623,2.6369,,,0.23928,0
1.9245,1,15,1,6,290.33,129.67,capture,327.66,92.23,52.87,0,179.032,8.152,179.830,-18.22,20.85,147.09,-17.96,-7.93,173.32,54.289,53.693,-14.4538,2.2089,327.66,92.23,-14.0185,2.4443,,,0.23297,0
2.0198,1,15,1,6,290.33,129.67,capture,351.77,63.10,90.58,0,179.070,8.109,179.839,-18.25,20.90,147.12,-17.62,-6.94,172.71,54.176,54.052,-12.2297,3.6101,351.77,63.10,-13.2135,2.9689,,,0.23436,0
2.1351,1,15,1,6,290.33,129.67,capture,340.81,75.21,74.25,0,179.014,8.145,179.839,-18.07,20.71,147.20,-17.69,-6.89,173.17,54.376,54.021,-13.0975,2.8903,340.81,75.21,-13.1613,2.9335,,,0.22478,0
2.2454,1,15,1,6,290.33,129.67,capture,337.05,66.64,78.45,0,179.138,8.010,179.855,-18.10,20.71,147.18,-17.79,-7.51,173.60,54.221,53.877,-12.4863,2.5525,337.05,66.64,-12.8576,2.7621,,,0.24893,0
2.3401,1,15,1,6,290.33,129.67,capture,341.24,66.92,80.80,0,179.091,7.989,179.819,-18.21,20.56,147.09,-18.06,-7.74,173.48,53.985,53.715,-13.1910,3.7166,341.24,66.92,-13.0076,3.1916,,,0.21638,0
2.4387,1,15,1,6,290.33,129.67,capture,339.24,89.98,62.98,0,179.052,7.866,179.795,-18.28,20.55,147.48,-17.36,-8.36,173.71,54.296,53.804,-13.8132,2.9718,339.24,89.98,-13.3701,3.0927,,,0.23622,0
2.5456,1,15,1,6,290.33,129.67,capture,336.52,81.20,66.95,0,179.009,8.007,179.761,-18.21,20.48,147.37,-17.91,-8.42,173.96,54.045,54.245,-12.6817,3.2908,336.52,81.20,-13.0603,3.1819,,,0.22366,0
2.6276,1,15,1,6,290.33,129.67,capture,337.62,92.52,60.13,0,178.941,8.108,179.772,-18.20,20.36,147.41,-17.37,-8.02,173.99,54.069,54.745,-13.4581,2.2115,337.62,92.52,-13.2393,2.7452,,,0.21395,0
2.8061,2,51,5,6,290.33,475.44,dwell,368.49,235.89,251.98,0,178.942,8.115,179.754,-18.17,20.34,147.44,-17.57,-7.98,173.50,54.271,54.723,-19.3559,4.1239,368.49,235.89,-19.3559,4.1239,,,0.23931,0
2.8989,2,51,5,6,290.33,475.44,dwell,305.36,144.57,331.22,0,178.908,8.208,179.758,-18.17,20.24,147.63,-17.84,-8.21,174.02,54.038,54.323,-15.2769,1.1471,305.36,144.57,-17.5203,2.7843,,,0.24017,0
3.0150,2,51,5,6,290.33,475.44,dwell,376.10,203.73,284.93,0,178.816,8.244,179.819,-18.13,20.20,147.32,-17.74,-8.03,173.23,53.522,54.363,-17.9807,4.4869,376.10,203.73,-17.7275,3.5505,,,0.19347,0
3.1023,2,51,5,6,290.33,475.44,dwell,413.05,136.99,360.01,0,178.838,8.223,179.814,-18.28,20.31,147.33,-18.50,-8.30,173.71,53.242,54.462,-15.3195,7.1164,413.05,136.99,-16.6439,5.1552,,,0.22423,0
3.2165,2,51,5,6,290.33,475.44,dwell,306.05,39.04,436.69,0,178.939,8.342,179.805,-18.29,20.42,147.54,-17.36,-7.94,173.76,53.344,54.266,-11.7959,1.2892,306.05,39.04,-14.4623,3.4155,,,0.19214,0
3.3157,2,51,5,6,290.33,475.44,dwell,355.59,136.26,345.40,0,178.885,8.275,179.809,-18.32,20.58,147.57,-17.66,-7.77,174.41,53.863,54.631,-15.6855,3.1461,355.59,136.26,-15.0127,3.2943,,,0.25179,0
3.4109,2,51,5,6,290.33,475.44,dwell,351.80,130.59,350.29,0,178.898,8.138,179.816,-18.30,20.44,147.42,-18.09,-7.81,173.13,53.717,54.176,-14.3459,3.1399,351.80,130.59,-14.7127,3.2248,,,0.20781,0
3.4929,2,51,5,6,290.33,475.44,dwell,318.92,124.60,352.01,0,178.924,8.071,179.840,-18.26,20.53,147.66,-18.18,-7.86,174.11,53.915,54.577,-15.7042,0.9231,318.92,124.60,-15.1588,2.1890,,,0.20988,0
3.5960,2,51,5,6,290.33,475.44,capture,314.58,89.70,386.51,0,178.913,8.000,179.820,-18.30,20.71,147.90,-17.88,-7.28,174.41,53.608,54.474,-12.2934,2.0025,314.58,89.70,-13.8694,2.1051,,,0.19035,0
3.6944,2,51,5,6,290.33,475.44,capture,325.30,105.05,372.04,0,178.934,7.980,179.835,-18.32,20.70,147.87,-18.41,-7.38,174.62,53.586,54.214,-14.0737,2.6897,325.30,105.05,-13.9613,2.3682,,,0.20373,0
3.7983,2,51,5,6,290.33,475.44,capture,308.50,84.26,391.61,0,178.620,8.067,179.810,-18.34,20.56,147.83,-17.83,-7.72,174.75,53.722,54.421,-12.6673,1.1294,308.50,84.26,-13.3790,1.8107,,,0.20247,0
3.9065,2,51,5,6,290.33,475.44,capture,304.32,77.43,398.26,0,178.735,8.061,179.791,-18.32,20.50,147.76,-17.88,-8.33,173.81,53.747,54.682,-12.3806,0.3136,304.32,77.43,-12.9297,1.1370,,,0.21237,0
3.9951,2,51,5,6,290.33,475.44,capture,301.36,103.63,371.98,0,178.790,7.995,179.785,-18.24,20.56,147.70,-18.13,-7.75,173.77,53.402,54.540,-13.5878,1.0651,301.36,103.63,-13.2259,1.1046,,,0.22207,0
4.1006,2,51,5,6,290.33,475.44,capture,291.84,105.07,370.38,0,178.931,7.923,179.791,-18.19,20.50,147.49,-17.83,-7.37,173.90,53.692,54.862,-14.3850,0.4893,291.84,105.07,-13.7475,0.8277,,,0.22602,0
4.2142,2,51,5,6,290.33,475.44,capture,326.92,108.91,368.36,0,178.975,8.004,179.816,-18.18,20.68,147.54,-17.48,-7.28,173.81,53.392,54.955,-13.9237,2.6420,326.92,108.91,-13.8268,1.6441,,,0.21399,0
4.3078,2,51,5,6,290.33,475.44,capture,291.93,125.61,349.84,0,178.969,8.145,179.764,-18.24,20.92,147.32,-17.24,-7.64,173.39,53.214,54.636,-14.8863,0.2563,291.93,125.61,-14.3036,1.0196,,,0.23523,0
4.3898,2,51,5,6,290.33,475.44,capture,296.28,153.11,322.39,0,179.085,8.082,179.785,-18.26,20.92,147.36,-17.73,-7.33,173.93,53.462,54.587,-15.0096,0.3293,296.28,153.11,-14.6213,0.7090,,,0.22166,0
4.4803,2,51,5,6,290.33,475.44,capture,316.93,123.27,353.18,0,179.095,8.046,179.799,-18.26,20.98,147.16,-17.76,-7.97,173.63,53.374,54.892,-14.4286,2.1062,316.93,123.27,-14.5346,1.3377,,,0.21861,0
4.5756,2,51,5,6,290.33,475.44,capture,332.40,113.97,363.91,0,179.022,8.130,179.769,-18.21,21.02,147.26,-17.98,-8.31,173.51,53.803,54.705,-14.0592,2.5313,332.40,113.97,-14.3206,1.8749,,,0.19352,0
4.6681,2,51,5,6,290.33,475.44,capture,327.03,115.65,361.66,0,178.902,8.111,179.788,-18.23,20.83,147.22,-18.14,-7.11,173.17,53.717,54.496,-14.2442,2.1137,327.03,115.65,-14.2863,1.9823,,,0.21860,0
4.7824,2,51,5,6,290.33,475.44,capture,315.27,80.14,396.09,0,178.905,8.246,179.816,-18.08,20.98,147.37,-17.25,-7.98,173.71,53.866,54.592,-13.1147,1.6449,315.27,80.14,-13.7591,1.8305,,,0.20881,0
4.8935,2,51,5,6,290.33,475.44,capture,309.83,118.34,357.64,0,179.037,8.255,179.813,-18.15,20.89,147.54,-18.43,-7.65,173.71,53.815,54.979,-14.6911,0.9989,309.83,118.34,-14.1785,1.4563,,,0.22876,0
4.9840,2,51,5,6,290.33,475.44,capture,299.77,128.15,347.42,0,179.120,8.181,179.819,-18.06,20.87,147.52,-17.84,-7.89,173.69,54.061,55.071,-15.3476,0.9339,299.77,128.15,-14.7046,1.2212,,,0.20643,0
5.0832,2,51,5,6,290.33,475.44,capture,330.95,109.86,367.83,0,179.107,8.093,179.817,-18.00,20.99,147.57,-17.71,-6.69,173.82,54.015,54.526,-14.0832,2.7318,330.95,109.86,-14.4250,1.9010,,,0.21013,0
5.1874,2,51,5,6,290.33,475.44,capture,344.48,110.96,368.48,0,179.129,8.024,179.783,-18.09,21.12,147.60,-17.68,-7.82,173.81,53.868,54.711,-13.9451,2.7058,344.48,110.96,-14.2090,2.2631,,,0.21186,0
5.2940,2,51,5,6,290.33,475.44,capture,324.53,104.18,372.84,0,179.060,7.940,179.802,-17.97,20.90,147.38,-17.63,-7.77,173.80,53.904,54.657,-13.6335,2.6217,324.53,104.18,-13.9500,2.4245,,,0.20021,0
5.3991,2,51,5,6,290.33,475.44,capture,322.13,113.65,363.19,0,179.131,8.031,179.801,-17.93,21.23,147.60,-17.19,-6.85,174.19,53.946,54.629,-14.4824,2.2029,322.13,113.65,-14.1896,2.3248,,,0.21555,0
5.5023,2,51,5,6,290.33,475.44,capture,310.47,117.47,358.54,0,179.037,8.042,179.783,-18.00,21.23,147.40,-17.65,-7.42,173.79,53.935,54.222,-14.1469,1.2985,310.47,117.47,-14.1704,1.8629,,,0.23338,0
5.7190,3,58,6,4,201.00,561.89,dwell,235.35,259.18,304.65,0,179.074,7.945,179.772,-18.09,21.17,147.38,-17.75,-7.52,173.72,54.101,54.216,-20.0753,-1.9243,235.35,259.18,-20.0753,-1.9243,,,0.24213,0
5.8010,3,58,6,4,201.00,561.89,dwell,383.14,356.23,274.72,0,179.071,7.949,179.771,-18.16,21.21,147.23,-17.68,-7.74,173.51,54.117,54.265,-22.6471,4.7972,383.14,356.23,-21.2326,1.1004,,,0.22250,0
5.9108,3,58,6,4,201.00,561.89,dwell,180.42,460.39,103.56,0,179.189,7.978,179.791,-18.25,21.13,147.47,-17.88,-7.11,173.50,53.927,54.157,-28.4498,-4.8722,180.42,460.39,-24.4803,-1.5873,,,0.23390,0
6.0169,3,58,6,4,201.00,561.89,dwell,252.90,563.31,51.92,0,179.037,8.105,179.815,-18.32,21.05,147.29,-17.86,-7.35,173.99,53.771,54.157,-32.0812,-1.4212,252.90,563.31,-27.9007,-1.5126,,,0.20259,0
6.1054,3,58,6,4,201.00,561.89,dwell,136.40,483.71,101.42,0,179.070,8.056,179.806,-18.36,21.01,147.12,-17.51,-7.81,173.03,53.425,54.272,-29.6386,-6.1938,136.40,483.71,-28.6828,-3.6191,,,0.22279,0
6.2360,3,58,6,4,201.00,561.89,dwell,148.13,603.74,67.43,0,179.043,8.200,179.801,-18.35,21.01,146.96,-17.67,-7.52,172.71,53.646,53.946,-33.0659,-5.4936,148.13,603.74,-30.6552,-4.4626,,,0.19858,0
6.3355,3,58,6,4,201.00,561.89,dwell,159.85,662.78,108.96,0,179.093,8.241,179.762,-18.40,21.02,146.87,-17.77,-7.95,173.01,53.100,54.415,-36.1809,-6.2714,159.85,662.78,-33.1417,-5.2766,,,0.19909,0
6.4253,3,58,6,4,201.00,561.89,dwell,167.07,701.40,143.58,0,179.202,8.380,179.770,-18.45,21.05,146.58,-17.78,-7.76,172.25,53.124,54.435,-37.4444,-5.5188,167.07,701.40,-35.0779,-5.3856,,,0.18884,0
6.5218,3,58,6,4,201.00,561.89,dwell,148.09,746.00,191.56,0,179.136,8.333,179.758,-18.32,21.06,146.67,-18.22,-7.01,172.47,53.308,54.768,-38.3981,-6.0954,148.09,746.00,-36.5720,-5.7050,,,0.23433,0
6.6274,3,58,6,4,201.00,561.89,capture,134.63,776.17,224.32,0,178.995,8.215,179.793,-18.48,21.06,146.80,-18.11,-7.55,172.25,53.260,55.053,-40.2374,-6.3223,134.63,776.17,-38.2214,-5.9828,,,0.20307,0
6.7227,3,58,6,4,201.00,561.89,capture,138.54,780.52,227.38,0,178.971,8.347,179.792,-18.56,20.95,146.60,-18.25,-8.61,172.92,53.569,54.823,-39.9242,-6.3668,138.54,780.52,-38.9877,-6.1556,,,0.21441,0
6.8382,3,58,6,4,201.00,561.89,capture,128.66,792.60,241.79,0,179.067,8.250,179.856,-18.56,20.94,147.03,-17.85,-7.51,172.92,53.484,54.592,-39.9534,-6.2292,128.66,792.60,-39.4223,-6.1887,,,0.21008,0
6.9327,3,58,6,4,201.00,561.89,capture,117.75,795.76,248.25,0,178.915,8.305,179.862,-18.55,20.66,146.99,-17.53,-7.57,173.35,53.574,54.533,-41.4008,-7.5411,117.75,795.76,-40.3126,-6.7973,,,0.19135,0
7.0375,3,58,6,4,201.00,561.89,capture,124.01,793.35,243.93,0,178.853,8.419,179.881,-18.71,20.40,146.99,-18.06,-7.90,173.04,53.800,54.417,-40.5642,-7.0080,124.01,793.35,-40.4258,-6.8921,,,0.22458,0
7.1307,3,58,6,4,201.00,561.89,capture,115.95,787.79,241.38,0,178.934,8.501,179.881,-18.66,20.43,147.18,-18.04,-8.13,173.62,53.694,54.155,-39.7568,-7.6212,115.95,787.79,-40.1248,-7.2202,,,0.21814,0
7.2171,3,58,6,4,201.00,561.89,capture,110.75,802.46,256.94,0,178.795,8.504,179.874,-18.54,20.21,147.14,-17.99,-9.09,173.23,53.945,53.874,-41.1411,-7.1718,110.75,802.46,-40.5821,-7.1984,,,0.23118,0
7.3218,3,58,6,4,201.00,561.89,capture,126.30,795.32,245.09,0,178.874,8.525,179.851,-18.58,20.18,147.19,-17.97,-8.43,172.81,54.492,53.623,-41.9846,-7.1428,126.30,795.32,-41.2132,-7.1734,,,0.22726,0
7.4158,3,58,6,4,201.00,561.89,capture,119.38,802.89,254.45,0,178.967,8.500,179.853,-18.57,20.28,147.48,-17.70,-8.37,173.23,54.511,53.537,-41.3697,-8.3584,119.38,802.89,-41.2836,-7.7066,,,0.23699,0
7.5064,3,58,6,4,201.00,561.89,capture,103.99,799.55,256.70,0,178.955,8.433,179.855,-18.53,20.28,147.39,-18.09,-8.95,173.77,54.170,53.874,-40.0627,-7.8989,103.99,799.55,-40.7342,-7.7932,,,0.22351,0
7.6266,3,58,6,4,201.00,561.89,capture,114.27,810.29,263.11,0,178.976,8.422,179.889,-18.46,20.37,147.24,-18.03,-8.51,172.98,54.097,53.639,-42.1735,-7.2940,114.27,810.29,-41.3819,-7.5685,,,0.23736,0
7.7341,3,58,6,4,201.00,561.89,capture,122.32,807.48,257.89,0,178.998,8.417,179.928,-18.49,20.33,147.15,-18.31,-8.18,173.45,53.778,53.828,-41.5189,-7.5437,122.32,807.48,-41.4436,-7.5573,,,0.19011,0
7.8353,3,58,6,4,201.00,561.89,capture,122.96,780.16,231.80,0,178.962,8.374,179.916,-18.47,20.28,147.26,-18.29,-8.56,173.25,53.626,53.894,-41.5812,-7.4175,122.96,780.16,-41.5055,-7.4944,,,0.19688,0
7.9342,3,58,6,4,201.00,561.89,capture,126.16,810.45,259.58,0,178.739,8.136,179.900,-18.49,20.24,147.22,-18.07,-8.57,173.81,53.713,54.034,-41.1686,-6.6754,126.16,810.45,-41.3539,-7.1258,,,0.21353,0
8.0383,3,58,6,4,201.00,561.89,capture,115.22,806.77,259.47,0,178.823,8.256,179.914,-18.45,20.33,147.39,-18.66,-8.91,173.76,53.510,54.123,-40.9585,-7.4008,115.22,806.77,-41.1760,-7.2496,,,0.19725,0
8.1420,3,58,6,4,201.00,561.89,capture,118.62,801.40,253.28,0,178.785,8.245,179.862,-18.43,20.44,147.35,-17.63,-8.34,173.76,53.811,53.762,-41.3671,-7.6891,118.62,801.40,-41.2620,-7.4474,,,0.20208,0
8.2467,3,58,6,4,201.00,561.89,capture,114.55,784.37,238.69,0,178.888,8.298,179.839,-18.43,20.52,147.35,-18.04,-8.29,173.13,54.017,53.977,-40.8142,-7.5160,114.55,784.37,-41.0605,-7.4783,,,0.22009,0
8.3628,3,58,6,4,201.00,561.89,capture,126.52,813.45,262.36,0,178.966,8.267,179.818,-18.36,20.41,147.37,-17.81,-8.35,173.49,53.870,54.366,-41.3301,-6.4397,126.52,813.45,-41.1818,-7.0109,,,0.21551,0
8.4616,3,58,6,4,201.00,561.89,capture,101.47,793.00,251.63,0,179.123,8.287,179.821,-18.26,20.24,147.29,-17.67,-8.13,173.26,53.504,54.215,-41.5687,-7.9201,101.47,793.00,-41.3559,-7.4201,,,0.21480,0
8.5647,3,58,6,4,201.00,561.89,capture,120.36,786.23,238.39,0,179.090,8.233,179.778,-18.28,20.33,147.37,-18.04,-8.09,173.90,53.272,54.055,-40.7033,-7.0711,120.36,786.23,-41.0622,-7.2630,,,0.19993,0
8.7232,4,79,8,7,335.00,734.78,dwell,185.93,706.30,151.77,0,179.239,8.240,179.796,-18.28,20.34,147.09,-18.48,-8.18,172.99,53.372,54.402,-37.5186,-3.9322,185.93,706.30,-37.5186,-3.9322,,,0.20881,0
8.8129,4,79,8,7,335.00,734.78,dwell,100.85,752.62,234.83,0,179.096,8.338,179.820,-18.25,20.40,147.18,-18.57,-7.77,173.41,53.235,54.269,-38.9466,-8.2283,100.85,752.62,-38.1612,-5.8655,,,0.17827,0
8.9051,4,79,8,7,335.00,734.78,dwell,232.97,705.51,106.14,0,179.151,8.259,179.820,-18.27,20.38,147.20,-17.88,-8.72,173.18,53.326,54.593,-37.1522,-2.1121,232.97,705.51,-37.7072,-4.1764,,,0.19994,0
9.0133,4,79,8,7,335.00,734.78,dwell,217.43,750.60,118.63,0,179.125,8.391,179.786,-18.35,20.49,147.34,-17.60,-8.52,173.60,53.624,54.248,-39.3114,-2.8019,217.43,750.60,-38.4291,-3.5579,,,0.18574,0
9.1087,4,79,8,7,335.00,734.78,dwell,223.26,693.12,119.25,0,178.971,8.438,179.761,-18.43,20.35,147.21,-18.08,-8.20,173.97,53.701,54.310,-36.7410,-2.6092,223.26,693.12,-37.6694,-3.1310,,,0.18817,0
9.1973,4,79,8,7,335.00,734.78,dwell,260.30,633.41,125.92,0,178.945,8.528,179.779,-18.65,20.59,147.42,-17.77,-8.14,173.67,53.675,54.412,-34.2005,-0.4859,260.30,633.41,-36.1084,-1.9407,,,0.21079,0
9.3051,4,79,8,7,335.00,734.78,dwell,254.94,668.21,104.12,0,179.013,8.448,179.824,-18.60,20.48,147.38,-18.01,-7.44,173.64,53.810,54.494,-36.6003,-1.2756,254.94,668.21,-36.3298,-1.6414,,,0.18313,0
9.4213,4,79,8,7,335.00,734.78,dwell,288.59,649.60,97.00,0,179.099,8.396,179.864,-18.54,20.27,147.26,-17.89,-8.42,173.47,53.379,54.712,-35.4909,0.3284,288.59,649.60,-35.9523,-0.7550,,,0.18174,0
9.5166,4,79,8,7,335.00,734.78,capture,297.52,654.07,88.99,0,179.042,8.213,179.869,-18.59,20.44,147.18,-18.16,-7.77,173.23,53.283,54.491,-35.5599,0.7343,297.52,654.07,-35.7757,-0.0848,,,0.19962,0
9.6212,4,79,8,7,335.00,734.78,capture,304.16,659.82,81.05,0,178.961,8.375,179.858,-18.43,20.64,147.00,-17.50,-6.90,173.08,53.141,54.034,-35.6850,1.3102,304.16,659.82,-35.7349,0.5430,,,0.20881,0
9.7171,4,79,8,7,335.00,734.78,capture,281.77,651.09,99.18,0,178.959,8.489,179.859,-18.37,20.62,147.30,-18.29,-7.95,173.72,53.360,54.475,-35.1386,0.1623,281.77,651.09,-35.4665,0.3716,,,0.20248,0
9.8141,4,79,8,7,335.00,734.78,capture,290.84,645.18,99.89,0,179.025,8.541,179.851,-18.40,20.51,147.37,-18.05,-7.81,173.63,53.448,54.809,-35.4058,0.4980,290.84,645.18,-35.4392,0.4285,,,0.21298,0
9.9396,4,79,8,7,335.00,734.78,capture,312.83,661.31,76.74,0,178.890,8.615,179.847,-18.38,20.46,147.15,-18.23,-8.23,173.08,53.342,54.790,-36.0545,2.1407,312.83,661.31,-35.7161,1.1990,,,0.19685,0
10.0252,4,79,8,7,335.00,734.78,capture,304.92,641.55,97.96,0,178.840,8.824,179.830,-18.33,20.50,147.34,-17.48,-8.09,173.59,53.075,54.606,-35.1470,0.3146,304.92,641.55,-35.4600,0.8010,,,0.17609,0
10.1269,4,79,8,7,335.00,734.78,capture,301.36,650.16,91.06,0,178.790,8.744,179.887,-18.25,20.62,147.26,-18.21,-7.62,173.11,53.565,54.602,-35.0733,1.7192,301.36,650.16,-35.2860,1.2142,,,0.17934,0
10.2377,4,79,8,7,335.00,734.78,capture,301.39,644.89,95.97,0,178.761,8.708,179.898,-18.23,20.77,147.31,-16.93,-7.72,173.57,53.330,54.440,-34.6105,1.0048,301.39,644.89,-34.9820,1.1200,,,0.21254,0
10.3364,4,79,8,7,335.00,734.78,capture,299.91,666.63,76.65,0,178.728,8.847,179.875,-18.14,20.73,147.55,-18.31,-7.71,173.95,53.164,54.569,-35.7553,0.8767,299.91,666.63,-35.3300,1.0105,,,0.21368,0
10.4316,4,79,8,7,335.00,734.78,capture,284.72,703.42,59.26,0,178.639,8.884,179.865,-18.17,20.79,147.29,-18.37,-8.12,173.71,53.232,54.698,-36.9135,0.1964,284.72,703.42,-36.0426,0.6442,,,0.21292,0
10.5174,4,79,8,7,335.00,734.78,capture,298.98,650.09,92.03,0,178.760,8.799,179.889,-18.35,20.72,147.40,-17.64,-7.30,173.47,52.928,54.841,-35.5196,1.2311,298.98,650.09,-35.8072,0.9083,,,0.23431,0
10.6141,4,79,8,7,335.00,734.78,capture,294.28,641.71,101.59,0,178.943,8.690,179.877,-18.40,20.76,147.37,-18.06,-8.92,173.96,53.265,54.588,-33.7194,1.0665,294.28,641.71,-34.8677,0.9795,,,0.19653,0
10.7391,4,79,8,7,335.00,734.78,capture,300.98,664.24,78.31,0,179.005,8.782,179.860,-18.45,20.60,147.40,-17.80,-8.12,173.18,53.855,54.582,-36.0083,1.0502,300.98,664.24,-35.3810,1.0113,,,0.22302,0
10.8420,4,79,8,7,335.00,734.78,capture,292.75,621.41,120.98,0,178.878,8.833,179.867,-18.45,20.72,147.46,-17.87,-7.19,173.93,53.838,54.718,-34.2852,1.0592,292.75,621.41,-34.8879,1.0329,,,0.20310,0
10.9646,4,79,8,7,335.00,734.78,capture,309.86,647.30,91.02,0,178.936,8.869,179.867,-18.35,20.59,147.65,-18.02,-7.53,174.34,53.994,54.394,-33.7508,1.2779,309.86,647.30,-34.3762,1.1431,,,0.21521,0
11.0827,4,79,8,7,335.00,734.78,capture,289.80,636.71,107.98,0,178.919,8.747,179.852,-18.36,20.52,147.65,-18.49,-7.86,174.23,54.124,54.263,-33.9867,0.4260,289.80,636.71,-34.2009,0.8204,,,0.25135,0
11.1928,4,79,8,7,335.00,734.78,capture,271.19,624.60,127.32,0,178.814,8.676,179.857,-18.29,20.78,147.78,-17.47,-7.52,174.53,54.054,53.975,-33.6545,-0.2452,271.19,624.60,-33.9550,0.3409,,,0.20467,0
11.3025,4,79,8,7,335.00,734.78,capture,288.68,656.78,90.71,0,178.841,8.693,179.839,-18.32,20.85,147.72,-18.43,-7.91,173.74,53.939,54.250,-34.8034,0.2131,288.68,656.78,-34.3368,0.2834,,,0.19486,0
11.4193,4,79,8,7,335.00,734.78,capture,314.73,649.96,87.21,0,178.869,8.754,179.858,-18.37,20.82,147.36,-17.94,-8.45,174.11,53.925,54.046,-35.2154,1.3386,314.73,649.96,-34.7321,0.7582,,,0.23627,0
11.5150,4,79,8,7,335.00,734.78,capture,313.99,632.11,104.80,0,178.892,8.705,179.849,-18.34,20.82,147.50,-18.31,-8.03,173.35,53.666,54.376,-34.4302,1.4618,313.99,632.11,-34.5963,1.0748,,,0.21099,0
11.5970,4,79,8,7,335.00,734.78,capture,306.91,643.19,95.80,0,178.931,8.666,179.864,-18.28,20.89,147.11,-17.87,-7.34,173.26,53.666,54.047,-35.8117,1.5296,306.91,643.19,-35.1432,1.2795,,,0.22004,0
11.7769,5,11,1,2,111.67,129.67,dwell,210.42,477.02,361.12,0,178.810,8.568,179.871,-18.27,20.92,147.29,-17.91,-7.63,173.40,53.358,53.974,-28.9914,-2.9737,210.42,477.02,-28.9914,-2.9737,,,0.21855,0
11.8998,5,11,1,2,111.67,129.67,dwell,249.32,515.19,409.36,0,178.863,8.503,179.875,-18.25,21.06,147.25,-18.45,-8.21,173.63,53.296,54.339,-30.8245,-0.9951,249.32,515.19,-29.8163,-2.0833,,,0.18234,0
11.9825,5,11,1,2,111.67,129.67,dwell,277.71,486.84,393.88,0,178.988,8.394,179.856,-18.32,21.19,147.17,-17.14,-8.10,173.18,53.284,54.266,-28.8825,0.5280,277.71,486.84,-29.3961,-0.9082,,,0.16542,0
12.0690,5,11,1,2,111.67,129.67,dwell,285.41,427.66,344.94,0,178.902,8.387,179.883,-18.39,21.06,146.99,-17.93,-6.95,172.71,53.547,54.287,-24.8451,0.5029,285.41,427.66,-27.3481,-0.2732,,,0.20547,0
12.1510,5,11,1,2,111.67,129.67,dwell,239.94,288.06,203.82,0,178.739,8.275,179.870,-18.29,20.85,147.13,-18.04,-7.38,173.39,53.557,54.365,-21.0858,-1.4253,239.94,288.06,-24.5301,-0.7917,,,0.23503,0
12.2390,5,11,1,2,111.67,129.67,dwell,207.17,312.28,206.08,0,178.761,8.236,179.883,-18.30,20.92,147.23,-17.91,-7.92,172.77,53.396,54.389,-22.4581,-3.5668,207.17,312.28,-23.5977,-2.0404,,,0.20489,0
12.3340,5,11,1,2,111.67,129.67,dwell,199.19,262.43,159.02,0,178.818,8.062,179.910,-18.27,20.88,147.11,-17.76,-7.91,173.25,53.548,54.300,-19.7248,-3.6010,199.19,262.43,-21.8549,-2.7427,,,0.21253,0
12.4312,5,11,1,2,111.67,129.67,dwell,182.69,188.55,92.26,0,178.852,8.052,179.886,-18.33,20.73,147.29,-17.89,-8.77,173.28,53.860,54.409,-16.8261,-4.6129,182.69,188.55,-19.5919,-3.5843,,,0.18397,0
12.5309,5,11,1,2,111.67,129.67,dwell,174.57,166.02,72.65,0,178.773,8.043,179.896,-18.43,20.84,147.06,-17.39,-7.18,173.19,53.971,54.026,-17.3669,-4.5591,174.57,166.02,-18.5907,-4.0229,,,0.20961,0
12.6232,5,11,1,2,111.67,129.67,dwell,151.82,126.29,40.30,0,178.705,8.000,179.851,-18.34,20.97,146.99,-17.17,-7.60,172.74,53.750,53.847,-15.2687,-5.5520,151.82,126.29,-17.0958,-4.7110,,,0.20842,0
12.7187,5,11,1,2,111.67,129.67,capture,173.63,115.10,63.65,0,178.692,7.982,179.835,-18.21,20.91,147.08,-17.78,-7.91,173.60,53.693,53.905,-14.8568,-4.9273,173.63,115.10,-16.0883,-4.8083,,,0.19513,0
12.8416,5,11,1,2,111.67,129.67,capture,178.90,133.02,67.32,0,178.754,7.807,179.825,-18.16,20.90,147.33,-17.54,-7.35,173.60,53.737,53.984,-15.3467,-4.5042,178.90,133.02,-15.7545,-4.6715,,,0.20822,0
12.9340,5,11,1,2,111.67,129.67,capture,183.72,115.73,73.39,0,178.783,7.741,179.826,-18.24,20.93,147.19,-17.97,-8.19,173.74,53.480,53.802,-14.2256,-4.3453,183.72,115.73,-15.0665,-4.5247,,,0.22736,0
13.0302,5,11,1,2,111.67,129.67,capture,136.96,122.15,26.39,0,178.731,7.843,179.814,-18.33,20.97,147.30,-18.03,-7.86,174.02,53.494,53.834,-14.0037,-6.0244,136.96,122.15,-14.5882,-5.1995,,,0.19653,0
13.1395,5,11,1,2,111.67,129.67,capture,181.47,117.47,70.86,0,178.842,7.855,179.800,-18.25,20.96,147.41,-17.83,-7.16,173.89,53.593,53.639,-14.8634,-4.2697,181.47,117.47,-14.7121,-4.7811,,,0.20721,0
13.2533,5,11,1,2,111.67,129.67,capture,174.94,92.50,73.38,0,178.831,7.716,179.812,-18.18,20.98,147.65,-18.17,-7.83,174.07,53.712,53.399,-13.6560,-3.6802,174.94,92.50,-14.2369,-4.2857,,,0.23069,0
13.3451,5,11,1,2,111.67,129.67,capture,172.55,128.77,60.89,0,178.993,7.653,179.794,-18.14,20.89,147.73,-17.69,-7.58,174.45,53.882,53.686,-15.1270,-3.7544,172.55,128.77,-14.6374,-4.0466,,,0.23050,0
13.4276,5,11,1,2,111.67,129.67,capture,186.03,141.78,75.34,0,179.040,7.611,179.803,-18.03,20.84,147.70,-17.51,-7.17,174.22,53.610,54.079,-15.5919,-4.3066,186.03,141.78,-15.0669,-4.1636,,,0.18375,0
13.5534,5,11,1,2,111.67,129.67,capture,166.23,131.58,54.60,0,178.965,7.560,179.809,-18.00,20.81,147.98,-18.12,-7.66,174.25,53.148,54.013,-14.2083,-5.5161,166.23,131.58,-14.6805,-4.7723,,,0.19060,0
13.6662,5,11,1,2,111.67,129.67,capture,157.45,115.64,47.88,0,179.000,7.608,179.818,-17.99,20.71,147.90,-17.65,-7.06,174.55,53.177,53.740,-14.4887,-6.4371,157.45,115.64,-14.5942,-5.5214,,,0.20403,0
13.7808,5,11,1,2,111.67,129.67,capture,161.94,135.88,50.66,0,179.026,7.601,179.827,-17.88,20.58,147.90,-17.77,-7.27,174.36,53.583,53.864,-14.8311,-5.3492,161.94,135.88,-14.7008,-5.4439,,,0.20322,0
13.8703,5,11,1,2,111.67,129.67,capture,178.73,108.78,70.24,0,179.108,7.586,179.823,-17.90,20.63,147.65,-18.05,-9.22,174.27,53.253,54.322,-14.0749,-4.1361,178.73,108.78,-14.4191,-4.8554,,,0.20239,0
13.9778,5,11,1,2,111.67,129.67,capture,162.84,149.17,54.76,0,179.023,7.571,179.848,-17.96,20.41,147.67,-18.30,-7.83,174.00,53.449,54.252,-15.3700,-4.9207,162.84,149.17,-14.8470,-4.8848,,,0.21407,0
14.0693,5,11,1,2,111.67,129.67,capture,158.07,128.71,46.41,0,179.154,7.606,179.827,-18.01,20.44,147.39,-17.75,-8.59,173.72,53.641,54.447,-14.7332,-5.0676,158.07,128.71,-14.7958,-4.9671,,,0.20496,0
14.1667,5,11,1,2,111.67,129.67,capture,176.33,126.63,64.73,0,178.922,7.500,179.846,-18.10,20.38,147.49,-18.22,-7.88,174.35,53.464,54.484,-15.2156,-4.5630,176.33,126.63,-14.9847,-4.7852,,,0.22905,0
14.2778,5,11,1,2,111.67,129.67,capture,183.20,123.79,71.77,0,179.019,7.535,179.882,-18.23,20.38,147.30,-18.13,-8.15,173.30,53.685,54.244,-14.5967,-4.1890,183.20,123.79,-14.8101,-4.5169,,,0.21480,0
14.3873,5,11,1,2,111.67,129.67,capture,173.98,130.29,62.32,0,179.097,7.558,179.877,-18.18,20.40,147.31,-17.88,-7.57,173.16,53.717,53.537,-14.8227,-5.3657,173.98,130.29,-14.8158,-4.8989,,,0.18185,0
14.4848,5,11,1,2,111.67,129.67,capture,181.35,118.15,70.63,0,179.044,7.568,179.847,-18.26,20.24,147.32,-17.99,-8.69,173.96,53.501,53.274,-14.8092,-5.0747,181.35,118.15,-14.8128,-4.9780,,,0.17864,0
14.5773,5,11,1,2,111.67,129.67,capture,200.06,136.05,88.62,0,178.959,7.555,179.840,-18.21,20.24,147.42,-17.57,-8.03,173.77,53.111,53.373,-15.1263,-3.4872,200.06,136.05,-14.9539,-4.3071,,,0.22238,0
14.6813,5,11,1,2,111.67,129.67,capture,175.79,126.60,64.20,0,178.915,7.641,179.824,-18.22,20.38,147.35,-17.37,-7.69,173.80,53.258,53.724,-15.5037,-5.4247,175.79,126.60,-15.2013,-4.8101,,,0.19665,0
14.8866,6,47,5,2,111.67,475.44,dwell,135.46,50.36,425.75,0,178.898,7.730,179.793,-18.18,20.39,147.42,-17.63,-8.47,173.86,53.606,53.929,-12.5243,-6.1417,135.46,50.36,-12.5243,-6.1417,,,0.19524,0
14.9769,6,47,5,2,111.67,475.44,dwell,89.38,288.92,187.85,0,178.872,7.913,179.753,-18.16,20.54,147.58,-17.49,-8.37,173.86,53.924,54.440,-21.6722,-8.6859,89.38,288.92,-16.6408,-7.2866,,,0.22208,0
15.0828,6,47,5,2,111.67,475.44,dwell,171.99,455.44,63.55,0,178.973,7.921,179.731,-18.24,20.67,147.72,-17.88,-8.08,174.31,54.313,54.554,-27.1248,-5.1280,171.99,455.44,-21.3586,-6.3152,,,0.24145,0
15.1779,6,47,5,2,111.67,475.44,dwell,-16.97,269.70,242.65,0,178.985,7.840,179.730,-18.26,20.69,147.88,-17.90,-7.81,174.14,53.882,54.381,-19.7216,-14.0727,-16.97,269.70,-20.6219,-9.8061,,,0.21667,0
15.2968,6,47,5,2,111.67,475.44,dwell,96.51,461.57,20.55,1,179.013,7.821,179.754,-18.19,20.66,147.91,-17.58,-8.67,174.44,53.959,54.078,-27.3497,-8.7979,96.51,461.57,-23.6494,-9.3524,,,0.22519,0
15.3939,6,47,5,2,111.67,475.44,dwell,10.17,400.77,126.01,0,178.907,8.008,179.740,-18.34,20.65,147.80,-17.98,-8.33,174.10,53.779,53.988,-25.4938,-12.5021,10.17,400.77,-24.4794,-10.7698,,,0.22918,0
15.5062,6,47,5,2,111.67,475.44,dwell,0.23,346.68,170.29,0,178.736,7.894,179.736,-18.33,20.80,147.58,-18.28,-7.72,174.12,53.473,54.088,-23.0473,-12.9828,0.23,346.68,-23.8349,-11.7656,,,0.20308,0
15.6250,6,47,5,2,111.67,475.44,dwell,24.42,306.89,189.80,0,178.762,7.870,179.715,-18.50,20.63,147.51,-18.49,-7.63,173.53,52.990,53.838,-22.2933,-10.7572,24.42,306.89,-23.1412,-11.3119,,,0.18567,0
15.7245,6,47,5,2,111.67,475.44,dwell,-2.54,431.95,122.21,0,178.781,7.873,179.723,-18.36,20.58,147.40,-18.34,-6.98,173.17,53.293,53.699,-25.8683,-12.5221,-2.54,431.95,-24.3684,-11.8564,,,0.20852,0
15.8261,6,47,5,2,111.67,475.44,capture,-23.04,473.85,134.72,0,178.980,7.838,179.773,-18.32,20.57,147.46,-17.95,-9.10,173.74,53.538,53.624,-28.9315,-13.8953,-23.04,473.85,-26.4218,-12.7739,,,0.20734,0
15.9299,6,47,5,2,111.67,475.44,capture,-20.91,469.19,132.72,0,178.994,8.122,179.788,-18.33,20.63,147.49,-17.26,-8.44,173.72,53.506,53.788,-28.3045,-13.9866,-20.91,469.19,-27.2690,-13.3196,,,0.19419,0
16.0308,6,47,5,2,111.67,475.44,capture,-22.63,452.07,136.32,0,179.063,8.230,179.811,-18.24,20.75,147.47,-17.86,-7.28,173.56,53.637,54.069,-28.6431,-14.1845,-22.63,452.07,-27.8873,-13.7088,,,0.20392,0
16.1390,6,47,5,2,111.67,475.44,capture,-6.94,462.64,119.30,0,179.085,8.301,179.834,-18.24,20.73,147.38,-17.35,-7.65,173.58,53.555,53.776,-28.6223,-12.5521,-6.94,462.64,-28.2181,-13.1883,,,0.18524,0
16.2490,6,47,5,2,111.67,475.44,capture,-10.62,435.57,128.62,0,179.139,8.256,179.841,-18.17,20.71,147.30,-17.16,-7.64,173.65,53.719,53.836,-26.8908,-13.5009,-10.62,435.57,-27.6208,-13.3289,,,0.23133,0
16.3562,6,47,5,2,111.67,475.44,capture,-21.11,445.74,136.06,0,179.054,8.125,179.825,-18.15,20.64,147.27,-17.35,-7.91,173.78,53.451,53.572,-27.7151,-14.0290,-21.11,445.74,-27.6632,-13.6440,,,0.20621,0
16.4647,6,47,5,2,111.67,475.44,capture,-35.72,442.12,151.11,0,179.114,8.262,179.815,-18.16,20.60,147.37,-18.50,-8.34,174.12,53.575,53.355,-27.0129,-14.3614,-35.72,442.12,-27.3706,-13.9668,,,0.20378,0
16.5631,6,47,5,2,111.67,475.44,capture,-27.53,406.55,155.31,0,179.064,8.294,179.823,-18.19,20.96,147.14,-18.08,-7.73,173.43,53.480,53.522,-26.1589,-14.3559,-27.53,406.55,-26.8253,-14.1419,,,0.20429,0
16.6757,6,47,5,2,111.67,475.44,capture,-17.52,430.62,136.74,0,179.165,8.387,179.807,-18.27,21.08,146.90,-17.59,-7.36,173.01,53.691,53.443,-27.0923,-13.1983,-17.52,430.62,-26.9455,-13.7173,,,0.20031,0
16.7771,6,47,5,2,111.67,475.44,capture,-22.55,444.44,137.75,0,179.113,8.262,179.837,-18.27,21.07,147.34,-17.28,-7.54,173.96,53.694,53.661,-26.4971,-13.9218,-22.55,444.44,-26.7437,-13.8093,,,0.20374,0
16.8750,6,47,5,2,111.67,475.44,capture,-21.97,434.62,139.73,0,179.246,8.287,179.795,-18.25,21.14,147.35,-17.69,-6.59,173.43,53.321,53.743,-26.9866,-13.8554,-21.97,434.62,-26.8530,-13.8301,,,0.19732,0
16.9684,6,47,5,2,111.67,475.44,capture,-25.65,459.76,138.21,0,179.294,8.337,179.808,-18.40,21.11,147.32,-18.21,-8.12,173.42,53.513,53.695,-27.0160,-14.0358,-25.65,459.76,-26.9263,-13.9227,,,0.19962,0
17.0735,6,47,5,2,111.67,475.44,capture,-8.50,442.25,124.67,0,179.229,8.339,179.786,-18.38,21.21,147.03,-18.13,-8.42,173.72,53.919,53.758,-27.2879,-12.6770,-8.50,442.25,-27.0890,-13.3621,,,0.22907,0
17.1813,6,47,5,2,111.67,475.44,capture,-11.30,457.61,124.25,0,179.283,8.251,179.811,-18.32,20.98,147.08,-18.58,-7.84,173.42,54.024,53.834,-27.6863,-14.2610,-11.30,457.61,-27.3578,-13.7666,,,0.24586,0
17.2909,6,47,5,2,111.67,475.44,capture,-11.85,460.35,124.44,0,179.306,8.451,179.782,-18.35,21.10,146.99,-18.06,-7.21,173.29,54.043,53.906,-26.7268,-13.5412,-11.85,460.35,-27.0739,-13.6652,,,0.21964,0
17.3832,6,47,5,2,111.67,475.44,capture,-15.12,422.38,137.44,0,179.345,8.425,179.790,-18.54,21.27,147.04,-18.53,-7.19,173.73,53.979,53.936,-25.7411,-13.1879,-15.12,422.38,-26.4741,-13.4504,,,0.18869,0
17.4738,6,47,5,2,111.67,475.44,capture,-17.81,466.04,129.82,0,179.467,8.356,179.827,-18.52,21.15,146.88,-18.36,-8.40,173.37,53.985,54.577,-28.0586,-13.4109,-17.81,466.04,-27.1872,-13.4326,,,0.21107,0
17.5882,6,47,5,2,111.67,475.44,capture,0.91,432.62,118.75,0,179.441,8.278,179.810,-18.49,20.92,146.87,-17.84,-7.45,173.00,54.146,54.479,-25.8918,-12.8638,0.91,432.62,-26.6042,-13.1766,,,0.24217,0
17.6967,6,47,5,2,111.67,475.44,capture,-9.04,455.11,122.41,0,179.423,8.403,179.795,-18.50,20.93,146.82,-17.42,-7.51,172.83,53.965,54.261,-27.6091,-13.3501,-9.04,455.11,-27.0564,-13.2547,,,0.21985,0
17.7968,6,47,5,2,111.67,475.44,capture,-10.70,458.07,123.59,0,179.376,8.380,179.792,-18.63,20.92,146.97,-19.04,-7.33,172.99,54.049,54.107,-28.0996,-13.3968,-10.70,458.07,-27.5259,-13.3186,,,0.22275,0
17.9519,7,53,5,8,379.67,475.44,dwell,49.81,560.23,340.58,0,179.365,8.291,179.786,-18.62,20.79,147.19,-18.52,-7.37,172.94,54.018,54.404,-31.8180,-10.4376,49.81,560.23,-31.8180,-10.4376,,,0.23817,0
18.0761,7,53,5,8,379.67,475.44,dwell,115.73,538.01,271.25,0,179.260,8.246,179.785,-18.61,20.82,146.94,-18.68,-8.10,173.24,54.150,54.323,-31.1190,-7.2799,115.73,538.01,-31.5035,-9.0166,,,0.21147,0
18.1787,7,53,5,8,379.67,475.44,dwell,136.19,499.07,244.62,0,179.277,8.323,179.793,-18.63,20.76,147.03,-18.17,-7.26,173.01,54.126,54.322,-28.2894,-6.6423,136.19,499.07,-30.0571,-7.9482,,,0.20231,0
18.2866,7,53,5,8,379.67,475.44,dwell,93.24,402.48,295.57,0,179.265,8.490,179.785,-18.58,20.70,146.96,-18.23,-7.43,172.89,54.347,53.971,-24.9473,-8.4693,93.24,402.48,-27.7577,-8.1827,,,0.22916,0
18.3968,7,53,5,8,379.67,475.44,dwell,198.19,524.22,187.92,0,179.189,8.476,179.760,-18.61,20.53,147.15,-18.12,-7.24,173.51,54.117,53.926,-29.6536,-3.1607,198.19,524.22,-28.6109,-5.9228,,,0.21515,0
18.5076,7,53,5,8,379.67,475.44,dwell,227.00,430.31,159.20,0,179.267,8.423,179.769,-18.60,20.50,147.30,-17.46,-7.67,173.24,53.741,54.020,-25.9247,-2.5321,227.00,430.31,-27.4021,-4.3970,,,0.22819,0
18.6176,7,53,5,8,379.67,475.44,dwell,242.44,423.42,146.76,0,179.272,8.490,179.773,-18.57,20.57,147.36,-18.07,-7.78,173.59,54.062,54.049,-25.7868,-1.7919,242.44,423.42,-26.6752,-3.2247,,,0.25385,0
18.7339,7,53,5,8,379.67,475.44,dwell,260.34,476.56,119.33,0,179.236,8.433,179.742,-18.54,20.54,147.24,-18.14,-8.63,173.53,54.103,54.050,-28.4991,-1.1488,260.34,476.56,-27.4959,-2.2905,,,0.24255,0
18.8347,7,53,5,8,379.67,475.44,capture,319.20,497.94,64.52,0,179.112,8.413,179.710,-18.49,20.46,147.36,-17.63,-7.15,173.75,53.914,54.259,-28.9950,2.0845,319.20,497.94,-28.1705,-0.3218,,,0.20719,0
18.9285,7,53,5,8,379.67,475.44,capture,299.66,498.61,83.29,0,179.019,8.315,179.743,-18.43,20.69,147.33,-18.02,-8.76,173.26,53.903,54.522,-28.8275,0.6529,299.66,498.61,-28.4661,0.1168,,,0.21715,0
19.0248,7,53,5,8,379.67,475.44,capture,303.06,491.93,78.36,0,179.032,8.371,179.744,-18.57,20.69,147.24,-18.33,-7.38,173.52,53.871,54.556,-27.8686,1.0685,303.06,491.93,-28.1972,0.5451,,,0.21658,0
19.1231,7,53,5,8,379.67,475.44,capture,318.21,488.45,62.82,0,179.062,8.399,179.774,-18.65,20.60,147.26,-18.07,-7.92,172.90,54.269,54.420,-28.8082,1.8997,318.21,488.45,-28.4722,1.1547,,,0.25595,0
19.2324,7,53,5,8,379.67,475.44,capture,328.04,476.08,51.63,0,179.013,8.320,179.805,-18.53,20.61,147.26,-18.20,-7.58,173.13,54.264,54.618,-27.1557,2.3348,328.04,476.08,-27.8798,1.6857,,,0.23006,0
19.3446,7,53,5,8,379.67,475.44,capture,308.39,517.56,82.79,0,179.062,8.459,179.815,-18.49,20.55,147.35,-17.85,-7.48,174.01,53.784,54.676,-31.0434,1.0976,308.39,517.56,-29.3034,1.4211,,,0.19304,0
19.4354,7,53,5,8,379.67,475.44,capture,302.42,508.98,84.21,0,178.888,8.368,179.767,-18.51,20.52,147.19,-17.62,-8.83,173.31,53.511,54.594,-28.4533,1.0870,302.42,508.98,-28.9209,1.2707,,,0.22482,0
19.5199,7,53,5,8,379.67,475.44,capture,322.53,471.29,57.29,0,179.010,8.293,179.748,-18.57,20.52,146.98,-18.90,-8.07,173.10,53.728,54.636,-28.5576,2.1002,322.53,471.29,-28.7574,1.6440,,,0.23488,0
19.6286,7,53,5,8,379.67,475.44,capture,293.97,471.78,85.77,0,178.907,8.274,179.743,-18.46,20.58,146.83,-17.99,-8.08,172.88,53.893,54.900,-28.6817,1.0026,293.97,471.78,-28.7233,1.3554,,,0.20893,0
19.7486,7,53,5,8,379.67,475.44,capture,308.02,474.62,71.65,0,178.757,8.456,179.735,-18.47,20.71,147.05,-17.71,-8.18,172.84,54.054,54.552,-27.8607,1.1459,308.02,474.62,-28.3352,1.2611,,,0.22374,0
19.8748,7,53,5,8,379.67,475.44,capture,297.78,486.22,82.59,0,178.819,8.410,179.730,-18.41,20.59,147.09,-18.48,-8.33,172.91,54.128,54.424,-28.1243,0.8304,297.78,486.22,-28.2403,1.0673,,,0.24161,0
19.9762,7,53,5,8,379.67,475.44,capture,325.99,478.02,53.74,0,178.837,8.413,179.734,-18.41,20.51,146.94,-17.65,-7.72,173.21,54.478,54.518,-28.3554,2.4306,325.99,478.02,-28.2921,1.6808,,,0.24243,0
20.0866,7,53,5,8,379.67,475.44,capture,308.64,483.42,71.47,0,179.001,8.304,179.728,-18.40,20.50,147.34,-17.95,-7.71,173.41,54.773,54.591,-28.8328,1.6533,308.64,483.42,-28.5354,1.6684,,,0.21353,0
20.1805,7,53,5,8,379.67,475.44,capture,288.33,490.58,92.58,0,179.011,8.227,179.756,-18.28,20.48,147.44,-18.38,-8.42,174.06,54.554,54.303,-29.4157,0.1937,288.33,490.58,-28.9315,1.0048,,,0.24279,0
20.2769,7,53,5,8,379.67,475.44,capture,332.35,503.93,55.23,0,178.949,8.176,179.775,-18.26,20.56,147.51,-17.90,-7.97,173.77,54.121,54.176,-29.8226,2.4801,332.35,503.93,-29.3325,1.6686,,,0.22588,0
20.3769,7,53,5,8,379.67,475.44,capture,288.89,481.94,91.01,0,178.951,8.185,179.754,-18.25,20.46,147.56,-18.19,-8.50,173.82,53.961,53.977,-28.1150,0.3691,288.89,481.94,-28.7846,1.0838,,,0.23549,0
20.4944,7,53,5,8,379.67,475.44,capture,300.68,497.65,82.05,0,178.961,8.330,179.812,-18.11,20.33,147.59,-17.61,-8.58,173.68,53.858,54.233,-29.0827,1.3392,300.68,497.65,-28.9187,1.1988,,,0.20646,0
20.5869,7,53,5,8,379.67,475.44,capture,309.50,505.90,76.49,0,178.985,8.412,179.844,-18.08,20.49,147.40,-17.64,-7.57,173.94,54.102,54.523,-29.5360,2.0473,309.50,505.90,-29.1965,1.5806,,,0.24026,0
20.6899,7,53,5,8,379.67,475.44,capture,322.38,495.37,60.65,0,178.865,8.317,179.844,-18.14,20.50,147.25,-17.94,-7.60,173.53,53.926,54.684,-29.3399,2.9098,322.38,495.37,-29.2610,2.1787,,,0.22365,0
20.8758,8,17,1,8,379.67,129.67,dwell,398.09,322.92,194.13,0,178.723,8.219,179.847,-18.04,20.34,147.47,-17.94,-8.19,173.40,53.908,54.389,-22.5194,5.4543,398.09,322.92,-22.5194,5.4543,,,0.22021,0
20.9843,8,17,1,8,379.67,129.67,dwell,280.10,276.31,177.25,0,178.791,8.053,179.803,-18.00,20.54,147.47,-17.18,-7.94,173.77,53.697,54.251,-21.3225,0.1119,280.10,276.31,-21.9808,3.0502,,,0.23102,0
21.1010,8,17,1,8,379.67,129.67,dwell,384.42,331.32,201.71,0,178.940,7.979,179.817,-18.07,20.37,147.25,-17.51,-8.57,173.18,53.737,54.336,-22.9327,5.4155,384.42,331.32,-22.4091,4.1146,,,0.25994,0
21.2054,8,17,1,8,379.67,129.67,dwell,404.09,254.94,127.63,0,178.885,7.935,179.798,-18.05,20.27,147.58,-17.26,-7.75,174.21,53.606,54.045,-19.7610,5.7459,404.09,254.94,-21.2175,4.8487,,,0.21592,0
21.3023,8,17,1,8,379.67,129.67,dwell,419.82,120.49,41.19,0,178.987,7.753,179.799,-17.91,20.48,147.67,-17.64,-8.45,174.03,53.911,53.897,-14.9018,6.3575,419.82,120.49,-18.3754,5.5276,,,0.22473,0
21.3925,8,17,1,8,379.67,129.67,dwell,357.01,110.44,29.72,0,179.122,7.711,179.795,-17.88,20.39,147.81,-17.38,-8.17,174.09,53.667,53.591,-14.1514,3.6133,357.01,110.44,-16.4746,4.6662,,,0.18912,0
21.4861,8,17,1,8,379.67,129.67,dwell,430.44,88.19,65.56,0,179.067,7.701,179.758,-17.98,20.33,147.82,-18.14,-8.67,174.21,53.454,53.836,-13.8640,7.0459,430.44,88.19,-15.2998,5.7370,,,0.22044,0
21.5714,8,17,1,8,379.67,129.67,dwell,378.18,48.30,81.38,0,179.141,7.718,179.764,-18.09,20.30,147.79,-17.36,-8.17,174.42,53.655,54.466,-12.4429,5.3031,378.18,48.30,-14.0142,5.5418,,,0.18111,0
21.6635,8,17,1,8,379.67,129.67,dwell,425.48,-15.64,152.36,0,179.244,7.655,179.751,-18.28,20.14,147.80,-17.62,-8.61,174.11,53.627,54.375,-9.6149,6.8107,425.48,-15.64,-12.0345,6.1128,,,0.19822,0
21.7684,8,17,1,8,379.67,129.67,capture,416.77,-23.72,157.81,0,179.217,7.716,179.804,-18.38,20.45,147.66,-17.50,-8.07,173.82,53.690,54.580,-9.3859,6.1284,416.77,-23.72,-10.8426,6.1198,,,0.22797,0
21.8615,8,17,1,8,379.67,129.67,capture,432.31,-19.81,158.48,0,179.107,7.700,179.829,-18.28,20.44,147.79,-17.90,-8.19,174.30,53.818,54.366,-9.1683,6.5137,432.31,-19.81,-10.0892,6.2970,,,0.23898,0
21.9443,8,17,1,8,379.67,129.67,capture,416.81,-10.30,144.81,0,178.951,7.770,179.831,-18.19,20.37,147.87,-17.45,-8.95,174.84,54.008,54.252,-10.0784,6.2443,416.81,-10.30,-10.0844,6.2733,,,0.22723,0
22.0266,8,17,1,8,379.67,129.67,capture,421.13,-18.21,153.58,0,178.938,7.670,179.836,-18.24,20.53,147.71,-17.84,-7.81,174.33,53.593,54.235,-9.1124,6.2909,421.13,-18.21,-9.6470,6.2812,,,0.21577,0
22.1336,8,17,1,8,379.67,129.67,capture,415.78,-20.61,154.56,0,178.896,7.647,179.853,-18.36,20.44,147.74,-18.27,-8.62,173.84,53.624,53.882,-8.1653,6.3552,415.78,-20.61,-8.9802,6.3145,,,0.21557,0
22.2398,8,17,1,8,379.67,129.67,capture,410.36,-25.04,157.72,0,178.883,7.769,179.890,-18.42,20.41,147.53,-18.08,-8.60,174.32,53.654,53.777,-9.2057,5.7497,410.36,-25.04,-9.0817,6.0604,,,0.23666,0
22.3409,8,17,1,8,379.67,129.67,capture,425.00,4.41,133.21,0,178.841,7.725,179.891,-18.45,20.58,147.37,-18.14,-8.50,174.43,53.607,54.120,-10.5236,6.9914,425.00,4.41,-9.7306,6.4793,,,0.18356,0
22.4483,8,17,1,8,379.67,129.67,capture,433.51,-34.09,172.38,0,178.713,7.755,179.849,-18.48,20.58,147.46,-18.24,-7.95,173.97,53.686,54.292,-8.5680,7.2372,433.51,-34.09,-9.2074,6.8204,,,0.19445,0
22.5538,8,17,1,8,379.67,129.67,capture,406.25,-11.14,143.29,0,178.660,7.742,179.847,-18.44,20.35,147.72,-18.23,-7.40,174.35,53.496,54.292,-9.3599,5.7284,406.25,-11.14,-9.2760,6.3290,,,0.20692,0
22.6604,8,17,1,8,379.67,129.67,capture,433.22,-13.25,152.62,0,178.811,7.718,179.846,-18.40,20.41,147.53,-17.83,-8.07,173.49,53.460,54.413,-9.5602,6.9458,433.22,-13.25,-9.4039,6.6065,,,0.21179,0
22.7578,8,17,1,8,379.67,129.67,capture,421.78,-2.00,138.24,0,178.896,7.711,179.848,-18.42,20.57,147.52,-18.70,-7.99,173.50,53.663,54.139,-9.2403,6.8637,421.78,-2.00,-9.3303,6.7223,,,0.19627,0
22.8577,8,17,1,8,379.67,129.67,capture,435.56,-20.40,160.14,0,179.047,7.635,179.847,-18.38,20.67,147.49,-17.99,-6.80,173.52,54.008,54.332,-10.4567,7.3056,435.56,-20.40,-9.8372,6.9848,,,0.20901,0
22.9594,8,17,1,8,379.67,129.67,capture,406.75,-39.56,171.38,0,178.902,7.751,179.891,-18.48,20.84,147.50,-18.13,-8.01,173.81,54.090,54.375,-6.9974,5.4524,406.75,-39.56,-8.5593,6.2952,,,0.21094,0
23.0543,8,17,1,8,379.67,129.67,capture,436.38,-38.91,177.86,0,178.852,7.645,179.905,-18.49,20.80,147.69,-18.48,-8.36,173.66,54.140,54.299,-7.4394,7.3719,436.38,-38.91,-8.0553,6.7797,,,0.24881,0
23.1820,8,17,1,8,379.67,129.67,capture,418.38,-12.38,147.23,0,178.926,7.608,179.920,-18.38,20.81,147.62,-17.70,-8.33,173.68,53.558,54.160,-9.1894,7.1351,418.38,-12.38,-8.5657,6.9397,,,0.22497,0
23.2934,8,17,1,8,379.67,129.67,capture,429.87,-16.22,154.28,0,178.998,7.638,179.926,-18.26,20.80,147.56,-18.33,-7.80,174.28,53.728,53.925,-8.9025,6.8307,429.87,-16.22,-8.7172,6.8906,,,0.18623,0
23.3894,8,17,1,8,379.67,129.67,capture,403.06,-26.09,157.50,0,178.997,7.651,179.911,-18.36,20.85,147.67,-17.80,-7.38,174.25,53.625,53.970,-8.3347,5.4812,403.06,-26.09,-8.5451,6.2564,,,0.19069,0
23.5207,8,17,1,8,379.67,129.67,capture,397.09,4.06,126.81,0,179.229,7.637,179.887,-18.45,20.82,147.71,-18.35,-7.45,174.19,53.854,53.805,-10.0275,5.6177,397.09,4.06,-9.2122,5.9689,,,0.21244,0
23.7132,9,3,0,3,156.33,43.22,dwell,413.10,60.26,257.33,0,179.099,7.508,179.862,-18.46,20.71,147.66,-18.34,-8.54,173.35,53.877,53.816,-12.3843,6.8092,413.10,60.26,-12.3843,6.8092,,,0.22012,0
23.7959,9,3,0,3,156.33,43.22,dwell,419.05,128.96,276.35,0,179.028,7.565,179.853,-18.48,20.41,147.75,-17.49,-7.76,174.47,53.968,53.709,-14.9823,7.0759,419.05,128.96,-13.5534,6.9292,,,0.22163,0
23.8779,9,3,0,3,156.33,43.22,dwell,379.72,157.74,251.03,0,179.048,7.378,179.859,-18.39,20.44,147.80,-17.92,-8.32,174.31,53.965,53.714,-15.6520,4.4988,379.72,157.74,-14.4977,5.8355,,,0.22372,0
23.9809,9,3,0,3,156.33,43.22,dwell,241.95,155.73,141.38,0,178.897,7.373,179.865,-18.44,20.39,147.86,-17.58,-8.19,173.93,53.638,53.928,-16.0677,-2.1688,241.95,155.73,-15.2042,2.2336,,,0.21969,0
24.0630,9,3,0,3,156.33,43.22,dwell,277.09,205.46,202.25,0,178.954,7.268,179.819,-18.43,20.60,147.99,-17.78,-7.76,174.42,53.538,54.295,-18.1755,0.3130,277.09,205.46,-16.5413,1.3693,,,0.19788,0
24.1579,9,3,0,3,156.33,43.22,dwell,216.94,248.39,213.93,0,178.942,7.242,179.809,-18.36,20.70,147.70,-17.88,-7.69,173.45,53.402,54.117,-19.5039,-3.3070,216.94,248.39,-17.8745,-0.7350,,,0.20127,0
24.2638,9,3,0,3,156.33,43.22,dwell,255.71,268.32,246.06,0,178.968,7.466,179.801,-18.27,20.81,147.41,-17.46,-7.73,173.59,53.213,53.823,-20.7080,-1.5350,255.71,268.32,-19.1496,-1.0950,,,0.19176,0
24.3646,9,3,0,3,156.33,43.22,dwell,178.12,281.08,238.85,0,179.007,7.494,179.813,-18.41,20.69,147.57,-17.84,-7.91,173.99,53.176,53.485,-21.5923,-4.4408,178.12,281.08,-20.2488,-2.6006,,,0.21560,0
24.4610,9,3,0,3,156.33,43.22,dwell,212.31,289.25,252.32,0,179.010,7.494,179.862,-18.36,20.70,147.45,-18.58,-8.25,173.66,53.010,53.651,-21.5922,-2.9801,212.31,289.25,-20.8533,-2.7714,,,0.19956,0
24.5562,9,3,0,3,156.33,43.22,capture,185.65,310.29,268.67,0,178.948,7.517,179.932,-18.41,20.74,147.92,-18.58,-7.59,174.03,53.052,53.868,-21.9213,-4.0662,185.65,310.29,-21.3339,-3.3541,,,0.22790,0
24.6462,9,3,0,3,156.33,43.22,capture,205.69,316.20,277.40,0,178.913,7.314,179.927,-18.28,20.77,147.84,-17.88,-8.39,174.30,53.608,54.055,-21.5069,-3.6971,205.69,316.20,-21.4117,-3.5084,,,0.21191,0
24.7463,9,3,0,3,156.33,43.22,capture,185.82,327.93,286.23,0,178.970,7.223,179.909,-18.27,20.75,147.70,-18.42,-7.54,173.83,53.466,54.329,-22.4494,-4.1290,185.82,327.93,-21.8787,-3.7877,,,0.19390,0
24.8644,9,3,0,3,156.33,43.22,capture,195.05,312.76,272.30,0,178.877,7.264,179.900,-18.13,20.79,148.05,-17.25,-7.70,174.40,53.249,54.175,-22.4574,-3.8974,195.05,312.76,-22.1391,-3.8371,,,0.19333,0
24.9559,9,3,0,3,156.33,43.22,capture,188.73,313.13,271.85,0,178.759,7.407,179.890,-18.18,20.76,148.31,-18.07,-7.08,174.83,53.224,54.026,-21.7664,-3.8401,188.73,313.13,-21.9714,-3.8385,,,0.18069,0
25.0646,9,3,0,3,156.33,43.22,capture,212.00,325.49,287.70,0,178.855,7.535,179.900,-18.23,20.95,148.21,-17.70,-7.18,174.87,53.519,54.213,-21.9793,-3.1717,212.00,325.49,-21.9749,-3.5384,,,0.19010,0
25.1770,9,3,0,3,156.33,43.22,capture,188.29,348.48,306.93,0,178.971,7.581,179.880,-18.16,20.95,148.33,-17.69,-7.74,175.02,53.567,54.483,-22.7765,-3.9380,188.29,348.48,-22.3356,-3.7182,,,0.20367,0
25.2673,9,3,0,3,156.33,43.22,capture,207.45,299.29,261.12,0,179.131,7.498,179.904,-18.24,20.92,148.18,-18.12,-6.01,174.83,53.778,55.052,-20.1250,-2.7163,207.45,299.29,-21.3409,-3.2673,,,0.20452,0
25.3829,9,3,0,3,156.33,43.22,capture,217.43,345.95,308.83,0,179.224,7.466,179.881,-18.20,20.97,148.20,-17.16,-7.37,174.53,53.488,55.133,-24.6294,-2.4606,217.43,345.95,-22.8207,-2.9043,,,0.21036,0
25.4652,9,3,0,3,156.33,43.22,capture,198.75,326.90,286.83,0,179.264,7.509,179.864,-18.24,21.01,148.24,-18.05,-6.84,174.87,53.593,54.844,-22.6772,-3.3135,198.75,326.90,-22.7561,-3.0885,,,0.20850,0
25.5629,9,3,0,3,156.33,43.22,capture,180.79,323.72,281.56,0,179.299,7.489,179.830,-18.26,20.95,148.12,-17.50,-6.97,174.26,53.775,54.410,-22.5349,-5.0951,180.79,323.72,-22.6566,-3.9914,,,0.18320,0
25.6723,9,3,0,3,156.33,43.22,capture,181.56,338.96,296.81,0,179.176,7.534,179.827,-18.28,20.79,148.10,-17.63,-7.44,174.87,53.705,54.129,-23.6533,-4.3887,181.56,338.96,-23.1051,-4.1702,,,0.20981,0
25.7662,9,3,0,3,156.33,43.22,capture,200.03,337.25,297.26,0,179.151,7.444,179.851,-18.19,20.42,148.03,-18.31,-7.26,174.34,53.917,54.251,-23.0150,-3.6273,200.03,337.25,-23.0646,-3.9259,,,0.22216,0
25.8602,9,3,0,3,156.33,43.22,capture,179.20,329.84,287.53,0,178.976,7.445,179.833,-18.27,20.38,148.04,-17.90,-7.86,174.32,53.577,54.405,-23.0311,-4.8879,179.20,329.84,-23.0495,-4.3588,,,0.20065,0
25.9594,9,3,0,3,156.33,43.22,capture,192.75,335.99,295.02,0,178.964,7.546,179.804,-18.34,20.50,147.91,-17.70,-7.28,174.66,53.721,54.064,-21.8914,-3.8097,192.75,335.99,-22.5284,-4.1117,,,0.20437,0
26.0589,9,3,0,3,156.33,43.22,capture,208.40,319.89,281.52,0,178.898,7.513,179.832,-18.29,20.52,147.94,-18.17,-7.73,174.20,53.488,54.139,-22.5614,-3.5003,208.40,319.89,-22.5432,-3.8366,,,0.22568,0
26.1549,9,3,0,3,156.33,43.22,capture,190.02,322.71,281.51,0,178.858,7.455,179.812,-18.34,20.69,148.00,-18.32,-8.07,174.77,53.428,54.047,-21.2755,-4.1799,190.02,322.71,-21.9727,-3.9911,,,0.21356,0
26.2458,9,3,0,3,156.33,43.22,capture,197.43,318.49,278.32,0,178.852,7.377,179.797,-18.38,20.72,147.87,-18.02,-7.09,174.67,53.518,53.853,-22.4087,-3.7344,197.43,318.49,-22.1689,-3.8756,,,0.20840,0
26.3585,9,3,0,3,156.33,43.22,capture,205.91,314.89,276.15,0,178.914,7.398,179.832,-18.28,20.74,148.05,-17.87,-7.76,174.52,53.439,54.068,-22.1042,-3.3837,205.91,314.89,-22.1398,-3.6542,,,0.20365,0
26.5171,10,7,0,7,335.00,43.22,dwell,188.16,281.25,279.68,0,178.944,7.242,179.846,-18.27,20.89,148.22,-18.10,-8.21,174.84,53.436,54.040,-20.0964,-4.0622,188.16,281.25,-20.0964,-4.0622,,,0.21428,0
26.6179,10,7,0,7,335.00,43.22,dwell,175.00,442.31,429.97,0,178.955,7.226,179.837,-18.28,20.84,148.40,-17.47,-8.65,174.92,53.589,54.552,-27.1701,-4.8162,175.00,442.31,-23.2796,-4.4015,,,0.21066,0
26.7210,10,7,0,7,335.00,43.22,dwell,197.47,152.13,175.43,0,179.004,7.152,179.848,-18.33,21.04,148.17,-18.46,-7.27,174.68,53.776,54.575,-15.6613,-3.6346,197.47,152.13,-19.8514,-4.0564,,,0.21169,0
26.8288,10,7,0,7,335.00,43.22,dwell,246.72,110.35,110.90,0,179.032,7.281,179.861,-18.40,21.08,148.15,-18.02,-7.41,174.45,53.639,54.982,-14.3280,-1.3210,246.72,110.35,-17.3659,-2.8255,,,0.20434,0
26.9243,10,7,0,7,335.00,43.22,dwell,292.68,151.62,116.37,0,179.085,7.325,179.838,-18.40,20.90,148.08,-17.92,-7.14,174.33,53.742,54.998,-14.9097,1.0499,292.68,151.62,-16.2606,-1.0815,,,0.23036,0
27.0249,10,7,0,7,335.00,43.22,dwell,258.79,107.75,99.86,0,179.042,7.388,179.837,-18.43,21.00,148.16,-18.21,-7.71,174.53,53.813,54.543,-14.1743,-0.4877,258.79,107.75,-15.3218,-0.8143,,,0.21913,0
27.1188,10,7,0,7,335.00,43.22,dwell,296.21,44.00,38.80,0,179.247,7.316,179.806,-18.45,21.03,148.28,-18.51,-7.52,175.09,53.986,54.287,-12.6538,0.6302,296.21,44.00,-14.1212,-0.1643,,,0.21921,0
27.2124,10,7,0,7,335.00,43.22,dwell,268.91,51.38,66.59,0,179.188,7.208,179.822,-18.38,21.00,148.31,-18.04,-7.38,174.86,54.015,54.545,-11.6694,-0.1879,268.91,51.38,-13.0179,-0.1749,,,0.21590,0
27.3024,10,7,0,7,335.00,43.22,dwell,367.91,129.70,92.53,0,179.105,7.266,179.811,-18.31,21.08,148.22,-18.12,-7.50,174.41,53.742,54.335,-15.4231,4.3122,367.91,129.70,-14.1002,1.8443,,,0.22876,0
27.4074,10,7,0,7,335.00,43.22,dwell,361.06,0.98,49.63,0,178.977,7.284,179.812,-18.48,21.08,148.18,-18.27,-7.19,174.98,53.616,54.441,-10.1828,3.9382,361.06,0.98,-12.3374,2.7866,,,0.19287,0
27.5029,10,7,0,7,335.00,43.22,dwell,377.86,11.66,53.23,0,178.903,7.367,179.809,-18.52,21.01,148.10,-17.64,-8.26,174.56,53.343,54.299,-10.8486,4.2991,377.86,11.66,-11.6674,3.4672,,,0.20535,0
27.6092,10,7,0,7,335.00,43.22,capture,372.32,-33.29,85.13,0,178.831,7.254,179.834,-18.44,21.03,147.95,-17.41,-7.39,174.20,53.987,54.019,-8.4273,4.8830,372.32,-33.29,-10.2094,4.1043,,,0.20220,0
27.6986,10,7,0,7,335.00,43.22,capture,377.13,-25.70,80.78,0,178.975,7.277,179.835,-18.44,21.07,147.75,-17.28,-7.42,174.06,53.948,54.191,-8.5810,5.3371,377.13,-25.70,-9.4766,4.6591,,,0.23009,0
27.7966,10,7,0,7,335.00,43.22,capture,331.23,-23.40,66.73,0,178.859,7.140,179.825,-18.47,20.89,147.76,-18.28,-7.07,174.37,53.862,54.522,-8.6533,2.4386,331.23,-23.40,-9.1061,3.6599,,,0.23914,0
27.9072,10,7,0,7,335.00,43.22,capture,386.42,-11.07,74.78,0,178.886,7.330,179.810,-18.45,20.74,147.91,-17.75,-6.90,174.08,53.780,54.092,-9.1658,5.3953,386.42,-11.07,-9.1330,4.4408,,,0.21311,0
28.0005,10,7,0,7,335.00,43.22,capture,350.49,-26.26,71.19,0,178.841,7.350,179.811,-18.35,20.80,147.76,-18.04,-7.45,174.04,53.763,54.056,-9.1246,3.3681,350.49,-26.26,-9.1292,3.9581,,,0.19509,0
28.0963,10,7,0,7,335.00,43.22,capture,370.02,-31.96,82.94,0,178.878,7.433,179.792,-18.38,20.79,147.84,-18.45,-7.88,174.49,53.838,53.727,-8.4598,5.0145,370.02,-31.96,-8.8280,4.4335,,,0.23015,0
28.1783,10,7,0,7,335.00,43.22,capture,401.51,0.02,79.31,0,178.896,7.464,179.789,-18.29,20.75,147.98,-17.95,-8.80,174.21,53.719,53.242,-8.7182,6.3545,401.51,0.02,-8.7786,5.2979,,,0.20925,0
28.2801,10,7,0,7,335.00,43.22,capture,371.51,-7.32,62.35,0,178.805,7.423,179.815,-18.12,20.63,148.20,-17.41,-7.78,174.72,53.765,54.144,-10.2233,4.2157,371.51,-7.32,-9.4287,4.8109,,,0.21035,0
28.3736,10,7,0,7,335.00,43.22,capture,369.30,-16.87,69.19,0,178.827,7.491,179.812,-18.05,20.50,148.14,-18.34,-8.58,174.33,53.680,54.049,-8.9577,4.4407,369.30,-16.87,-9.2167,4.6443,,,0.21776,0
28.4733,10,7,0,7,335.00,43.22,capture,370.55,-21.22,73.60,0,178.811,7.599,179.784,-18.09,20.56,148.18,-17.28,-8.54,174.58,54.084,53.954,-9.6630,4.0674,370.55,-21.22,-9.4176,4.3847,,,0.22615,0
28.5714,10,7,0,7,335.00,43.22,capture,350.93,8.27,38.41,1,178.754,7.512,179.837,-18.01,20.64,148.09,-17.47,-7.79,174.53,53.975,53.914,-10.8439,3.5416,350.93,8.27,-10.0594,4.0053,,,0.21619,0
28.6774,10,7,0,7,335.00,43.22,capture,358.67,-15.06,62.91,0,178.654,7.595,179.852,-18.07,20.55,147.60,-17.93,-8.23,173.99,54.123,54.246,-9.0759,3.9674,358.67,-15.06,-9.6168,3.9883,,,0.23404,0
28.7927,10,7,0,7,335.00,43.22,capture,376.21,2.03,58.27,0,178.677,7.483,179.848,-17.97,20.64,147.49,-17.61,-8.74,173.68,54.032,54.230,-10.6282,4.4165,376.21,2.03,-10.0719,4.1810,,,0.21649,0
28.8825,10,7,0,7,335.00,43.22,capture,390.21,-20.28,84.15,0,178.530,7.449,179.848,-18.09,20.74,147.42,-18.09,-7.98,173.71,53.934,54.224,-9.1428,5.6462,390.21,-20.28,-9.6538,4.8403,,,0.21641,0
28.9816,10,7,0,7,335.00,43.22,capture,393.63,-26.62,91.19,0,178.490,7.338,179.824,-18.08,20.81,147.52,-17.45,-8.43,173.43,54.061,54.113,-7.5952,6.0658,393.63,-26.62,-8.7274,5.3918,,,0.21810,0
29.0727,10,7,0,7,335.00,43.22,capture,381.34,-26.42,83.65,0,178.582,7.400,179.839,-17.97,20.63,147.22,-17.64,-7.63,173.51,53.779,53.905,-9.1905,4.7157,381.34,-26.42,-8.9358,5.0875,,,0.19625,0
29.1570,10,7,0,7,335.00,43.22,capture,369.05,-2.38,56.91,0,178.797,7.478,179.855,-18.03,20.43,147.03,-17.28,-8.03,173.22,53.874,53.730,-9.4046,3.6034,369.05,-2.38,-9.1468,4.4197,,,0.22128,0
29.2670,10,7,0,7,335.00,43.22,capture,353.19,8.91,38.84,1,178.874,7.385,179.827,-18.04,20.67,147.05,-17.90,-7.51,173.34,54.137,53.794,-9.6962,3.4161,353.19,8.91,-9.3940,3.9681,,,0.21198,0
29.3490,10,7,0,7,335.00,43.22,capture,397.08,-42.24,105.63,0,178.959,7.378,179.820,-18.01,20.71,147.30,-17.59,-7.81,172.95,54.275,53.561,-7.5649,5.0408,397.08,-42.24,-8.5709,4.4508,,,0.22537,0
29.4630,10,7,0,7,335.00,43.22,capture,378.81,-48.75,101.87,0,178.960,7.441,179.837,-18.12,20.89,147.17,-18.28,-7.80,173.57,54.378,53.667,-8.2697,4.9221,378.81,-48.75,-8.4354,4.6629,,,0.24746,0
29.6547,11,74,8,2,111.67,734.78,dwell,207.89,47.23,694.25,0,178.973,7.498,179.860,-18.18,20.82,147.36,-18.09,-8.11,173.31,54.298,53.749,-12.1654,-3.3780,207.89,47.23,-12.1654,-3.3780,,,0.20448,0
29.7367,11,74,8,2,111.67,734.78,dwell,109.43,117.62,617.16,0,178.981,7.607,179.863,-18.21,20.77,147.53,-17.84,-7.96,174.46,54.099,53.485,-14.1791,-7.6521,109.43,117.62,-13.0716,-5.3014,,,0.21432,0
29.8189,11,74,8,2,111.67,734.78,dwell,206.03,204.74,538.37,0,179.118,7.457,179.865,-18.14,20.75,147.72,-17.89,-7.81,174.12,54.061,53.776,-18.3098,-3.4688,206.03,204.74,-15.4288,-4.4767,,,0.22750,0
29.9262,11,74,8,2,111.67,734.78,dwell,246.88,426.15,336.95,0,179.140,7.625,179.879,-18.22,20.86,147.96,-17.62,-7.75,174.32,53.916,53.883,-25.7153,-1.2707,246.88,426.15,-20.0577,-3.0340,,,0.22450,0
30.0232,11,74,8,2,111.67,734.78,dwell,345.48,440.98,375.48,0,179.106,7.644,179.894,-18.14,21.00,147.83,-17.97,-7.23,174.73,53.795,54.141,-27.2155,3.3931,345.48,440.98,-23.2787,-0.1418,,,0.20580,0
30.1222,11,74,8,2,111.67,734.78,dwell,103.21,442.76,292.14,0,178.998,7.705,179.878,-18.29,21.08,148.00,-18.48,-7.22,174.81,54.058,54.346,-26.5850,-8.4060,103.21,442.76,-24.7666,-3.8607,,,0.23045,0
30.2042,11,74,8,2,111.67,734.78,dwell,190.61,610.64,147.11,0,178.910,7.964,179.898,-18.36,21.05,147.98,-18.06,-7.34,174.60,54.276,54.292,-34.2269,-3.7147,190.61,610.64,-29.0237,-3.7950,,,0.22988,0
30.2960,11,74,8,2,111.67,734.78,dwell,112.27,597.36,137.42,0,178.860,8.000,179.919,-18.59,21.03,147.78,-18.28,-8.05,174.02,54.493,54.010,-33.1827,-7.8655,112.27,597.36,-30.8953,-5.6267,,,0.22710,0
30.3901,11,74,8,2,111.67,734.78,dwell,113.44,657.51,77.29,0,178.929,7.962,179.900,-18.56,21.06,147.67,-18.06,-7.67,173.87,54.092,54.174,-35.7506,-7.6445,113.44,657.51,-33.0802,-6.5347,,,0.23286,0
30.4735,11,74,8,2,111.67,734.78,dwell,69.98,662.00,83.87,0,179.049,8.133,179.883,-18.53,20.97,147.54,-18.09,-7.79,173.53,53.935,54.116,-34.8970,-9.4048,69.98,662.00,-33.8977,-7.8263,,,0.22686,0
30.5742,11,74,8,2,111.67,734.78,dwell,82.67,690.97,52.54,0,178.967,8.286,179.869,-18.48,20.94,147.55,-17.69,-7.76,173.71,53.889,54.280,-37.3541,-9.2308,82.67,690.97,-35.4531,-8.4583,,,0.22148,0
30.6810,11,74,8,2,111.67,734.78,capture,44.75,807.96,99.16,0,179.009,8.383,179.877,-18.43,20.74,147.63,-17.47,-8.05,173.82,54.075,53.821,-41.4733,-11.0211,44.75,807.96,-38.1622,-9.6115,,,0.24065,0
30.7881,11,74,8,2,111.67,734.78,capture,30.01,787.71,97.31,0,178.877,8.276,179.860,-18.48,20.70,147.55,-17.85,-8.17,174.23,53.990,53.537,-40.0253,-11.0847,30.01,787.71,-39.0006,-10.2745,,,0.19451,0
30.8914,11,74,8,2,111.67,734.78,capture,40.68,795.45,93.38,0,178.770,8.262,179.827,-18.40,20.69,147.84,-17.60,-7.51,174.43,53.703,53.650,-40.6010,-10.6347,40.68,795.45,-39.7208,-10.4366,,,0.21233,0
30.9892,11,74,8,2,111.67,734.78,capture,17.18,799.44,114.49,0,178.787,8.321,179.850,-18.39,20.66,147.89,-18.11,-7.42,174.01,53.383,53.841,-40.1629,-12.0144,17.18,799.44,-39.9197,-11.1466,,,0.21225,0
31.0807,11,74,8,2,111.67,734.78,capture,41.69,799.27,95.16,0,178.714,8.382,179.847,-18.51,20.75,147.74,-17.17,-7.34,174.69,53.378,54.211,-41.1223,-10.4269,41.69,799.27,-40.4609,-10.8227,,,0.19924,0
31.1733,11,74,8,2,111.67,734.78,capture,37.83,809.28,104.89,0,178.904,8.490,179.835,-18.50,20.85,147.83,-18.50,-7.45,174.17,53.337,54.038,-40.7799,-11.2208,37.83,809.28,-40.6044,-11.0019,,,0.20485,0
31.2736,11,74,8,2,111.67,734.78,capture,69.54,812.70,88.58,0,179.032,8.595,179.828,-18.53,20.86,147.85,-17.57,-7.02,174.06,53.006,53.858,-41.2811,-9.4518,69.54,812.70,-40.9089,-10.3043,,,0.20551,0
31.3622,11,74,8,2,111.67,734.78,capture,47.45,793.89,87.28,0,178.965,8.585,179.844,-18.47,20.91,147.92,-18.04,-8.24,174.23,52.946,54.073,-40.0052,-11.1768,47.45,793.89,-40.5023,-10.6970,,,0.18335,0
31.4585,11,74,8,2,111.67,734.78,capture,41.13,803.03,98.15,0,178.782,8.540,179.835,-18.37,20.90,147.70,-17.62,-7.27,174.04,53.256,54.220,-41.3338,-11.4289,41.13,803.03,-40.8765,-11.0264,,,0.20038,0
31.5688,11,74,8,2,111.67,734.78,capture,50.81,798.56,88.16,0,178.821,8.663,179.851,-18.38,20.95,147.39,-17.93,-6.73,173.94,53.369,53.901,-41.0885,-9.8390,50.81,798.56,-40.9719,-10.4920,,,0.19164,0
31.6748,11,74,8,2,111.67,734.78,capture,45.62,805.00,96.40,0,178.905,8.713,179.842,-18.47,21.10,147.26,-18.06,-7.07,173.61,53.391,53.892,-41.3990,-9.9674,45.62,805.00,-41.1641,-10.2559,,,0.19913,0
31.7579,11,74,8,2,111.67,734.78,capture,65.89,796.42,76.78,0,178.847,8.748,179.816,-18.26,21.12,147.21,-17.50,-6.85,173.38,53.358,53.628,-41.1818,-9.6794,65.89,796.42,-41.1721,-9.9965,,,0.19697,0
31.8599,11,74,8,2,111.67,734.78,capture,60.99,778.39,66.86,0,178.934,8.732,179.843,-18.18,20.94,147.17,-17.55,-7.16,173.73,53.631,54.031,-39.8462,-10.0536,60.99,778.39,-40.5754,-10.0222,,,0.20080,0
31.9539,11,74,8,2,111.67,734.78,capture,56.74,788.41,76.77,0,178.879,8.657,179.831,-18.06,20.95,147.20,-17.08,-7.29,173.52,53.720,53.937,-40.7233,-10.5921,56.74,788.41,-40.6420,-10.2787,,,0.22889,0
32.0571,11,74,8,2,111.67,734.78,capture,77.88,790.60,65.25,0,178.961,8.668,179.856,-18.14,20.97,147.25,-17.83,-8.08,173.61,54.122,54.290,-40.2939,-9.5347,77.88,790.60,-40.4853,-9.9439,,,0.21255,0
32.1568,11,74,8,2,111.67,734.78,capture,75.88,795.62,70.59,0,179.021,8.668,179.860,-18.21,21.01,147.10,-18.15,-8.38,173.64,53.821,54.572,-40.3270,-9.0348,75.88,795.62,-40.4141,-9.5348,,,0.23475,0
32.2428,11,74,8,2,111.67,734.78,capture,56.63,785.48,74.83,0,179.058,8.639,179.868,-18.33,20.99,147.28,-18.06,-7.95,173.71,53.727,54.831,-40.8748,-10.2437,56.63,785.48,-40.6214,-9.8538,,,0.22491,0
32.3413,11,74,8,2,111.67,734.78,capture,35.43,772.98,85.27,0,179.094,8.682,179.868,-18.39,20.94,147.50,-18.90,-7.36,173.83,54.177,54.707,-39.7522,-11.6889,35.43,772.98,-40.2303,-10.6796,,,0.21738,0
32.4373,11,74,8,2,111.67,734.78,capture,53.92,811.66,96.15,0,178.958,8.750,179.844,-18.45,20.98,147.15,-17.91,-7.43,173.09,54.211,54.591,-40.8335,-10.4591,53.92,811.66,-40.5017,-10.5804,,,0.23701,0
32.5520,11,74,8,2,111.67,734.78,capture,48.35,787.78,82.57,0,179.051,8.893,179.867,-18.45,20.98,147.22,-17.76,-7.93,173.22,53.863,54.639,-40.3308,-10.8417,48.35,787.78,-40.4248,-10.6980,,,0.21229,0
32.7549,12,64,7,1,67.00,648.33,dwell,91.24,796.99,150.62,0,178.977,8.900,179.821,-18.43,20.91,146.90,-17.77,-7.27,172.84,53.619,54.922,-40.9231,-9.6850,91.24,796.99,-40.9231,-9.6850,,,0.22024,0
32.8631,12,64,7,1,67.00,648.33,dwell,-38.93,733.37,135.84,0,178.949,8.912,179.802,-18.28,20.71,146.86,-18.03,-7.94,173.43,53.371,54.408,-38.2387,-14.7607,-38.93,733.37,-39.7151,-11.9690,,,0.19070,0
32.9451,12,64,7,1,67.00,648.33,dwell,5.58,807.45,170.56,0,178.862,8.819,179.804,-18.24,20.56,146.77,-17.83,-8.35,172.91,53.663,54.204,-41.9254,-12.3041,5.58,807.45,-40.7098,-12.1198,,,0.20326,0
33.0332,12,64,7,1,67.00,648.33,dwell,-37.14,782.89,170.15,0,178.835,8.776,179.799,-18.27,20.65,146.74,-17.58,-7.52,172.95,53.893,54.134,-40.1671,-14.9294,-37.14,782.89,-40.4656,-13.3841,,,0.22817,0
33.1242,12,64,7,1,67.00,648.33,dwell,-33.54,803.09,184.55,0,178.835,8.784,179.826,-18.17,20.66,146.96,-17.94,-7.80,172.63,53.868,54.394,-41.0208,-14.8112,-33.54,803.09,-40.7154,-14.0263,,,0.20552,0
33.2154,12,64,7,1,67.00,648.33,dwell,43.38,815.24,168.57,0,178.865,8.712,179.839,-18.22,20.47,146.99,-17.39,-7.75,173.21,54.022,54.431,-42.3266,-11.1894,43.38,815.24,-41.4404,-12.7497,,,0.22966,0
33.2998,12,64,7,1,67.00,648.33,dwell,50.63,783.07,135.73,0,178.833,8.697,179.803,-18.27,20.43,147.44,-17.82,-7.78,173.83,54.061,54.521,-40.1668,-9.9261,50.63,783.07,-40.8673,-11.4791,,,0.22698,0
33.4047,12,64,7,1,67.00,648.33,dwell,-28.77,763.93,150.11,0,178.785,8.785,179.792,-18.18,20.52,147.49,-17.67,-8.41,173.66,54.099,54.544,-39.2129,-14.4558,-28.77,763.93,-40.1228,-12.8186,,,0.21451,0
33.5173,12,64,7,1,67.00,648.33,dwell,1.79,748.91,119.87,0,178.881,8.785,179.813,-18.07,20.61,147.85,-17.79,-8.10,174.52,53.710,54.453,-38.9315,-12.4669,1.79,748.91,-39.5867,-12.6604,,,0.22497,0
33.6014,12,64,7,1,67.00,648.33,dwell,-24.44,749.85,136.63,0,179.019,8.818,179.811,-18.09,20.56,147.68,-17.07,-8.35,173.82,54.000,54.412,-39.3864,-13.6099,-24.44,749.85,-39.4966,-13.0876,,,0.21942,0
33.6834,12,64,7,1,67.00,648.33,dwell,-20.69,731.30,120.72,0,179.017,8.698,179.826,-18.31,20.57,147.67,-18.10,-8.26,174.00,54.040,54.666,-36.6938,-13.3616,-20.69,731.30,-38.2353,-13.2109,,,0.21779,0
33.7680,12,64,7,1,67.00,648.33,capture,-26.49,731.45,125.10,0,179.042,8.760,179.809,-18.37,20.75,147.40,-17.58,-7.71,172.95,53.729,54.090,-38.4695,-13.9569,-26.49,731.45,-38.3407,-13.5466,,,0.22177,0
33.8727,12,64,7,1,67.00,648.33,capture,-8.75,725.69,108.27,0,178.921,8.734,179.786,-18.38,20.91,147.59,-18.16,-7.48,173.60,53.770,54.470,-37.3992,-13.3159,-8.75,725.69,-37.9171,-13.4428,,,0.20602,0
33.9732,12,64,7,1,67.00,648.33,capture,-17.90,720.15,111.20,0,178.852,8.707,179.826,-18.42,21.08,147.72,-17.21,-7.57,174.55,53.757,54.765,-37.2770,-14.5285,-17.90,720.15,-37.6290,-13.9313,,,0.20457,0
34.0631,12,64,7,1,67.00,648.33,capture,0.76,746.95,118.80,0,178.821,8.642,179.809,-18.49,21.11,147.58,-18.31,-7.20,173.45,53.900,54.798,-39.4412,-13.1106,0.76,746.95,-38.4445,-13.5620,,,0.23474,0
34.1451,12,64,7,1,67.00,648.33,capture,-26.04,726.51,121.52,0,178.758,8.717,179.805,-18.55,21.00,147.61,-18.09,-8.08,174.19,54.014,55.101,-38.0980,-14.7457,-26.04,726.51,-38.2886,-14.0946,,,0.23199,0
34.2376,12,64,7,1,67.00,648.33,capture,-13.84,744.06,125.29,0,178.798,8.696,179.839,-18.49,20.98,147.64,-17.87,-7.22,174.10,54.528,55.195,-37.1994,-13.1010,-13.84,744.06,-37.7985,-13.6475,,,0.24033,0
34.3348,12,64,7,1,67.00,648.33,capture,-14.58,723.75,111.10,0,178.824,8.762,179.824,-18.51,20.94,147.92,-18.52,-6.99,174.59,54.594,54.874,-38.0996,-12.5038,-14.58,723.75,-37.9340,-13.1328,,,0.24381,0
34.4266,12,64,7,1,67.00,648.33,capture,-32.93,714.56,119.88,0,178.768,8.763,179.834,-18.47,20.93,147.84,-17.80,-7.52,173.97,54.248,54.418,-37.2311,-13.9608,-32.93,714.56,-37.6177,-13.5054,,,0.22735,0
34.5313,12,64,7,1,67.00,648.33,capture,-33.02,729.22,128.63,0,178.895,8.798,179.832,-18.34,21.08,148.10,-18.07,-8.31,174.65,54.202,54.630,-37.1394,-14.2267,-33.02,729.22,-37.4025,-13.8300,,,0.21485,0
34.6299,12,64,7,1,67.00,648.33,capture,2.66,716.89,94.02,0,178.849,8.993,179.797,-18.33,20.92,147.88,-17.54,-8.04,174.34,54.549,54.576,-37.2699,-12.8917,2.66,716.89,-37.3428,-13.4078,,,0.25414,0
34.7387,12,64,7,1,67.00,648.33,capture,-10.72,724.17,108.59,0,178.724,8.900,179.842,-18.30,20.88,147.55,-17.67,-7.72,173.80,54.607,54.558,-38.3857,-13.2729,-10.72,724.17,-37.8121,-13.3471,,,0.24529,0
34.8370,12,64,7,1,67.00,648.33,capture,-20.24,739.59,126.25,0,178.867,8.877,179.829,-18.31,20.91,147.63,-17.59,-7.76,173.71,54.402,54.117,-38.9010,-13.7338,-20.24,739.59,-38.3021,-13.5211,,,0.21324,0
34.9441,12,64,7,1,67.00,648.33,capture,-9.48,736.91,117.03,0,178.913,8.882,179.876,-18.20,20.89,147.54,-17.68,-8.12,174.34,54.665,53.688,-38.8694,-12.7999,-9.48,736.91,-38.5574,-13.1966,,,0.24435,0
35.0462,12,64,7,1,67.00,648.33,capture,-11.94,716.58,104.35,0,178.967,8.955,179.834,-18.23,21.07,147.60,-17.88,-7.92,173.48,54.595,53.923,-37.5208,-13.8390,-11.94,716.58,-38.0909,-13.4856,,,0.24140,0
35.1561,12,64,7,1,67.00,648.33,capture,-24.75,738.96,128.96,0,179.110,9.048,179.842,-18.23,20.98,147.43,-17.52,-7.50,173.77,54.458,53.865,-38.7286,-13.9492,-24.75,738.96,-38.3779,-13.6943,,,0.22033,0
35.2615,12,64,7,1,67.00,648.33,capture,-4.99,723.16,103.83,0,179.158,8.990,179.812,-18.21,21.00,147.48,-17.84,-7.80,173.29,54.492,54.333,-37.9094,-13.2312,-4.99,723.16,-38.1671,-13.4859,,,0.23008,0
35.3435,12,64,7,1,67.00,648.33,capture,-15.96,740.50,124.00,0,179.046,8.992,179.839,-18.23,20.75,147.46,-17.80,-7.34,174.31,54.332,54.128,-38.0681,-13.3246,-15.96,740.50,-38.1225,-13.4133,,,0.22487,0
35.4402,12,64,7,1,67.00,648.33,capture,-38.89,732.26,135.12,0,178.907,8.965,179.819,-18.30,20.68,147.41,-17.25,-7.84,173.41,54.048,54.432,-38.9427,-14.7515,-38.89,732.26,-38.4916,-14.0155,,,0.22212,0
35.5421,12,64,7,1,67.00,648.33,capture,-26.53,751.32,139.12,0,179.110,8.969,179.809,-18.35,20.76,147.36,-18.26,-8.39,173.58,53.741,54.449,-39.3904,-14.1903,-26.53,751.32,-38.8960,-14.0942,,,0.23732,0
35.6544,12,64,7,1,67.00,648.33,capture,-22.58,714.10,111.13,0,178.971,8.901,179.816,-18.35,20.93,147.26,-17.88,-7.75,173.23,53.739,54.199,-38.4352,-13.5315,-22.58,714.10,-38.6887,-13.8410,,,0.21598,0
35.8374,13,38,4,2,111.67,389.00,dwell,-32.80,566.52,228.88,0,178.969,8.830,179.819,-18.37,20.85,147.47,-17.31,-7.48,173.41,54.057,54.348,-31.0737,-14.1562,-32.80,566.52,-31.0737,-14.1562,,,0.23004,0
35.9313,13,38,4,2,111.67,389.00,dwell,16.32,514.41,157.54,0,178.850,8.675,179.834,-18.35,20.97,147.70,-17.40,-7.82,174.35,53.972,54.049,-29.2951,-12.5766,16.32,514.41,-30.2733,-13.4454,,,0.22591,0
36.0300,13,38,4,2,111.67,389.00,dwell,113.22,448.12,59.14,0,178.818,8.511,179.880,-18.18,20.93,147.73,-17.70,-7.93,173.80,54.256,54.076,-27.2186,-7.2351,113.22,448.12,-28.8987,-10.6507,,,0.23763,0
36.1280,13,38,4,2,111.67,389.00,dwell,133.63,470.87,84.76,0,178.842,8.171,179.859,-18.26,20.93,147.73,-18.33,-7.40,174.56,53.935,54.417,-27.7681,-6.5638,133.63,470.87,-28.3899,-8.8116,,,0.22224,0
36.2241,13,38,4,2,111.67,389.00,dwell,147.97,309.18,87.69,0,178.801,8.218,179.833,-18.21,20.91,147.55,-17.94,-7.33,174.44,54.289,54.080,-21.5446,-5.5253,147.97,309.18,-25.3095,-7.3328,,,0.21365,0
36.3251,13,38,4,2,111.67,389.00,dwell,139.82,328.32,66.89,0,178.819,8.308,179.865,-18.12,20.93,147.45,-17.55,-7.82,174.23,54.530,54.191,-23.0532,-6.0235,139.82,328.32,-24.2942,-6.7436,,,0.22513,0
36.4175,13,38,4,2,111.67,389.00,dwell,152.34,306.39,92.08,0,178.649,8.221,179.852,-18.02,21.18,147.36,-17.53,-7.14,173.80,54.868,53.966,-22.1640,-6.1128,152.34,306.39,-23.3356,-6.4598,,,0.25547,0
36.4995,13,38,4,2,111.67,389.00,dwell,164.04,283.07,118.17,0,178.671,8.138,179.832,-18.07,21.23,147.40,-17.05,-7.25,173.51,54.611,53.930,-19.8586,-4.3904,164.04,283.07,-21.7709,-5.5286,,,0.26610,0
36.5969,13,38,4,2,111.67,389.00,capture,190.40,260.82,150.43,0,178.737,8.175,179.798,-18.11,21.27,147.35,-17.49,-7.53,173.35,54.465,54.464,-20.1578,-4.3153,190.40,260.82,-21.0450,-4.9826,,,0.25116,0
36.6968,13,38,4,2,111.67,389.00,capture,204.20,247.41,169.15,0,178.876,8.134,179.792,-18.18,21.12,147.36,-17.73,-6.96,173.77,54.262,54.496,-19.5035,-3.3217,204.20,247.41,-20.3513,-4.2352,,,0.23301,0
36.7907,13,38,4,2,111.67,389.00,capture,181.92,262.81,144.43,0,178.846,8.061,179.817,-18.08,21.03,147.33,-17.22,-7.65,173.08,54.604,54.747,-20.0625,-4.5597,181.92,262.81,-20.2213,-4.3812,,,0.26901,0
36.8744,13,38,4,2,111.67,389.00,capture,193.55,192.08,213.27,0,178.889,8.148,179.823,-18.23,21.06,147.50,-17.91,-7.58,173.69,54.586,55.050,-16.7247,-3.4797,193.55,192.08,-18.6478,-3.9756,,,0.26357,0
36.9603,13,38,4,2,111.67,389.00,capture,204.71,236.25,178.86,0,178.844,8.184,179.808,-18.14,21.08,147.43,-17.94,-7.75,173.97,54.149,54.762,-19.0415,-3.6170,204.71,236.25,-18.8250,-3.8142,,,0.23945,0
37.0739,13,38,4,2,111.67,389.00,capture,188.59,231.97,174.86,0,178.811,8.151,179.787,-18.07,20.99,147.46,-17.46,-6.61,173.93,54.168,54.561,-19.2831,-4.0043,188.59,231.97,-19.0311,-3.8997,,,0.24686,0
37.1737,13,38,4,2,111.67,389.00,capture,186.80,227.51,178.11,0,178.795,8.184,179.785,-18.23,21.10,147.30,-18.27,-7.63,173.55,54.539,54.384,-18.9303,-3.6910,186.80,227.51,-18.9858,-3.8058,,,0.22377,0
37.2942,13,38,4,2,111.67,389.00,capture,196.10,263.98,150.86,0,178.859,8.140,179.820,-18.22,21.01,147.39,-18.24,-7.83,173.37,54.535,54.515,-19.6850,-3.3106,196.10,263.98,-19.3004,-3.5830,,,0.22187,0
37.3957,13,38,4,2,111.67,389.00,capture,223.41,251.63,177.08,0,178.813,8.199,179.838,-18.36,21.03,147.21,-17.12,-7.65,172.99,54.208,54.408,-19.4836,-2.0155,223.41,251.63,-19.3829,-2.8776,,,0.23097,0
37.4939,13,38,4,2,111.67,389.00,capture,209.33,260.43,161.46,0,178.820,8.354,179.811,-18.29,20.85,147.21,-18.21,-7.06,173.12,54.356,54.211,-20.4762,-3.4902,209.33,260.43,-19.8748,-3.1533,,,0.21408,0
37.5906,13,38,4,2,111.67,389.00,capture,228.60,246.83,184.08,0,178.853,8.444,179.792,-18.38,20.85,147.23,-17.79,-7.83,173.54,54.418,54.261,-18.8233,-1.8568,228.60,246.83,-19.4016,-2.5698,,,0.22860,0
37.7012,13,38,4,2,111.67,389.00,capture,234.97,205.44,221.13,0,178.866,8.371,179.805,-18.43,20.83,147.23,-18.49,-7.58,173.84,54.605,54.024,-18.5015,-1.7802,234.97,205.44,-18.9966,-2.2145,,,0.25246,0
37.8120,13,38,4,2,111.67,389.00,capture,234.45,246.64,187.99,0,178.891,8.431,179.827,-18.39,20.78,147.47,-17.94,-7.78,173.54,54.676,53.740,-19.0374,-2.1842,234.45,246.64,-19.0150,-2.2009,,,0.21576,0
37.9414,13,38,4,2,111.67,389.00,capture,179.45,223.25,179.07,0,178.995,8.585,179.784,-18.27,20.67,147.58,-17.68,-7.32,173.70,54.249,54.264,-18.2517,-4.1029,179.45,223.25,-18.6715,-3.0568,,,0.21362,0
38.0399,13,38,4,2,111.67,389.00,capture,208.72,222.05,193.11,0,179.018,8.654,179.804,-18.27,20.71,147.51,-17.47,-8.47,174.28,54.217,54.343,-17.8152,-3.4906,208.72,222.05,-18.2862,-3.2520,,,0.21139,0
38.1402,13,38,4,2,111.67,389.00,capture,182.87,224.31,179.42,0,179.007,8.713,179.807,-18.21,20.57,147.76,-18.09,-8.22,174.09,54.113,54.140,-18.4038,-4.1569,182.87,224.31,-18.3391,-3.6592,,,0.24158,0
38.2280,13,38,4,2,111.67,389.00,capture,175.50,242.75,159.57,0,179.114,8.619,179.832,-18.23,20.49,147.52,-18.11,-8.04,173.56,53.836,54.387,-18.8061,-4.7503,175.50,242.75,-18.5492,-4.1502,,,0.21663,0
38.3366,13,38,4,2,111.67,389.00,capture,192.18,246.52,163.65,0,178.952,8.502,179.842,-18.08,20.57,147.44,-18.13,-7.24,173.87,53.741,54.133,-19.7862,-3.9044,192.18,246.52,-19.1059,-4.0396,,,0.20558,0
38.4461,13,38,4,2,111.67,389.00,capture,218.28,240.17,183.08,0,178.832,8.512,179.855,-18.21,20.72,147.39,-17.65,-7.78,173.26,53.841,53.959,-19.0618,-2.7687,218.28,240.17,-19.0860,-3.4677,,,0.21144,0
38.6130,14,46,5,1,67.00,475.44,dwell,229.42,355.49,201.91,0,178.996,8.527,179.848,-18.16,21.06,147.16,-17.77,-7.29,173.11,53.932,54.050,-23.5576,-2.1278,229.42,355.49,-23.5576,-2.1278,,,0.23363,0
38.7177,14,46,5,1,67.00,475.44,dwell,259.67,297.37,262.36,0,178.995,8.619,179.850,-18.13,20.81,147.16,-17.42,-7.47,173.79,53.988,53.780,-21.8742,0.0868,259.67,297.37,-22.8001,-1.1313,,,0.19557,0
38.8125,14,46,5,1,67.00,475.44,dwell,224.63,271.84,257.49,0,178.933,8.491,179.799,-18.16,20.92,147.14,-17.94,-7.59,173.20,54.106,54.277,-19.5221,-3.0111,224.63,271.84,-21.3250,-1.9772,,,0.23057,0
38.9125,14,46,5,1,67.00,475.44,dwell,238.36,275.89,263.03,0,178.997,8.498,179.807,-18.22,21.07,147.12,-17.51,-8.11,172.94,53.983,54.609,-20.2222,-1.9065,238.36,275.89,-20.8287,-1.9454,,,0.23767,0
39.0186,14,46,5,1,67.00,475.44,dwell,220.69,331.45,210.61,0,179.105,8.428,179.806,-18.33,21.14,146.81,-17.94,-7.38,173.31,53.910,54.238,-21.8838,-3.1327,220.69,331.45,-21.3035,-2.4797,,,0.19758,0
39.1192,14,46,5,1,67.00,475.44,dwell,349.75,496.43,283.53,0,179.082,8.476,179.771,-18.39,21.06,146.77,-18.20,-7.44,173.42,54.024,54.187,-29.2258,3.2672,349.75,496.43,-24.8686,0.1064,,,0.20627,0
39.2162,14,46,5,1,67.00,475.44,dwell,316.33,404.69,259.17,0,179.000,8.377,179.812,-18.30,21.05,147.10,-17.88,-7.88,173.57,53.977,53.632,-25.6647,2.0317,316.33,404.69,-25.2268,0.9728,,,0.22308,0
39.3150,14,46,5,1,67.00,475.44,dwell,215.56,438.04,153.20,0,179.003,8.382,179.813,-18.33,21.20,147.01,-18.57,-7.11,173.02,54.216,53.756,-27.6522,-2.8088,215.56,438.04,-26.3182,-0.7289,,,0.18827,0
39.4067,14,46,5,1,67.00,475.44,dwell,323.93,483.56,257.06,0,179.016,8.412,179.817,-18.39,21.12,146.89,-18.06,-8.06,173.28,53.889,53.760,-28.3827,2.0993,323.93,483.56,-27.2472,0.5438,,,0.20685,0
39.5222,14,46,5,1,67.00,475.44,dwell,298.99,503.10,233.63,0,178.991,8.255,179.818,-18.42,21.25,147.11,-17.57,-8.30,173.40,53.719,53.888,-29.4754,1.3181,298.99,503.10,-28.2499,0.8922,,,0.20167,0
39.6296,14,46,5,1,67.00,475.44,dwell,304.11,525.46,242.33,0,178.893,8.297,179.862,-18.42,21.22,146.83,-17.87,-7.51,172.93,53.562,54.492,-30.4455,1.5936,304.11,525.46,-29.2379,1.2078,,,0.21686,0
39.7443,14,46,5,1,67.00,475.44,capture,325.04,555.65,270.22,0,178.972,8.272,179.866,-18.38,21.16,146.69,-18.29,-6.80,172.80,53.540,54.573,-31.4552,2.6022,325.04,555.65,-30.2357,1.8353,,,0.20793,0
39.8411,14,46,5,1,67.00,475.44,capture,316.46,535.12,256.50,0,179.040,8.335,179.850,-18.30,21.09,146.48,-17.35,-7.81,172.88,53.655,54.226,-31.9909,1.7778,316.46,535.12,-31.0256,1.8094,,,0.20392,0
39.9323,14,46,5,1,67.00,475.44,capture,299.05,518.31,235.98,0,178.954,8.352,179.874,-18.34,20.96,146.51,-17.71,-7.96,172.81,53.557,54.381,-29.7954,1.6738,299.05,518.31,-30.4720,1.7484,,,0.20635,0
40.0195,14,46,5,1,67.00,475.44,capture,306.49,531.40,245.94,0,179.031,8.359,179.840,-18.39,20.84,146.56,-17.65,-7.89,172.28,53.731,54.494,-29.5571,1.7808,306.49,531.40,-30.0603,1.7630,,,0.22968,0
40.1430,14,46,5,1,67.00,475.44,capture,318.82,554.78,264.02,0,179.058,8.499,179.825,-18.31,20.90,146.79,-18.50,-6.80,172.74,53.554,54.248,-32.3622,1.5734,318.82,554.78,-31.0961,1.6777,,,0.21303,0
40.2509,14,46,5,1,67.00,475.44,capture,310.35,551.07,254.83,0,179.061,8.384,179.815,-18.30,20.75,146.86,-18.02,-8.07,172.92,53.653,54.306,-30.5548,1.4534,310.35,551.07,-30.8525,1.5768,,,0.22882,0
40.3461,14,46,5,1,67.00,475.44,capture,303.31,530.81,242.71,0,179.028,8.355,179.815,-18.22,20.71,146.92,-17.84,-8.62,172.57,53.717,54.561,-30.1808,1.6474,303.31,530.81,-30.5503,1.6086,,,0.19294,0
40.4748,14,46,5,1,67.00,475.44,capture,307.01,523.67,244.81,0,178.865,8.415,179.808,-18.28,20.83,147.01,-18.01,-8.25,173.09,53.594,54.685,-30.9269,1.6045,307.01,523.67,-30.7198,1.6067,,,0.20830,0
40.5661,14,46,5,1,67.00,475.44,capture,297.31,522.55,235.08,0,178.891,8.417,179.805,-18.18,20.71,146.93,-17.60,-7.84,172.88,53.542,54.809,-29.9091,1.2474,297.31,522.55,-30.3550,1.4451,,,0.21450,0
40.6709,14,46,5,1,67.00,475.44,capture,293.41,543.93,236.54,0,178.922,8.480,179.814,-18.13,20.71,147.14,-17.44,-8.55,173.53,53.653,54.660,-30.9096,0.8039,293.41,543.93,-30.6045,1.1565,,,0.21362,0
40.7692,14,46,5,1,67.00,475.44,capture,304.42,542.35,246.67,0,178.886,8.330,179.825,-18.07,20.57,147.22,-18.12,-7.87,173.53,53.709,54.296,-30.7800,1.5300,304.42,542.35,-30.6835,1.3246,,,0.23896,0
40.8631,14,46,5,1,67.00,475.44,capture,339.12,540.67,279.83,0,178.896,8.294,179.828,-18.07,20.32,147.13,-17.99,-8.51,173.27,53.669,54.664,-30.2139,2.4742,339.12,540.67,-30.4722,1.8419,,,0.19433,0
40.9572,14,46,5,1,67.00,475.44,capture,317.85,536.00,258.06,0,178.822,8.225,179.840,-18.12,20.27,147.28,-17.35,-8.31,173.41,53.898,54.563,-30.8659,1.8685,317.85,536.00,-30.6493,1.8539,,,0.20031,0
41.0439,14,46,5,1,67.00,475.44,capture,316.83,546.11,259.63,0,178.849,8.158,179.807,-18.19,20.43,147.38,-17.50,-8.56,173.56,54.311,54.247,-30.9967,1.7329,316.83,546.11,-30.8057,1.7994,,,0.22632,0
41.1394,14,46,5,1,67.00,475.44,capture,308.99,531.02,248.29,0,178.782,8.049,179.836,-18.46,20.37,147.33,-18.05,-7.78,173.86,53.996,54.289,-30.9834,1.1984,308.99,531.02,-30.8857,1.5290,,,0.20731,0
41.2420,14,46,5,1,67.00,475.44,capture,285.55,545.35,229.46,0,178.839,8.061,179.841,-18.44,20.41,147.18,-18.48,-8.22,173.41,54.134,54.354,-31.6189,0.1619,285.55,545.35,-31.2156,0.9138,,,0.20679,0
41.3393,14,46,5,1,67.00,475.44,capture,285.98,554.24,232.73,0,178.830,7.983,179.828,-18.52,20.42,147.70,-17.61,-8.78,174.38,53.669,54.284,-31.7775,0.2056,285.98,554.24,-31.4685,0.5951,,,0.21636,0
41.4366,14,46,5,1,67.00,475.44,capture,310.55,533.71,250.42,0,178.730,8.020,179.783,-18.42,20.49,147.61,-18.16,-7.96,174.02,53.119,54.742,-30.3849,1.9038,310.55,533.71,-30.9809,1.1840,,,0.21348,0
41.5380,14,46,5,1,67.00,475.44,capture,312.05,518.81,248.86,0,178.811,8.099,179.783,-18.30,20.29,147.69,-17.44,-8.18,174.00,53.344,54.424,-30.0916,1.9146,312.05,518.81,-30.5807,1.5128,,,0.20004,0
41.6320,14,46,5,1,67.00,475.44,capture,304.19,532.65,243.99,0,178.770,8.135,179.790,-18.27,20.26,147.54,-18.04,-7.68,173.85,53.212,54.136,-31.5448,1.0590,304.19,532.65,-31.0145,1.3086,,,0.18549,0
41.8246,15,39,4,3,156.33,389.00,dwell,168.35,598.31,209.65,0,178.784,8.062,179.789,-18.34,20.46,147.62,-18.28,-8.04,173.25,53.495,54.235,-33.3908,-5.1211,168.35,598.31,-33.3908,-5.1211,,,0.19732,0
41.9243,15,39,4,3,156.33,389.00,dwell,290.32,274.47,176.27,0,178.651,7.957,179.798,-18.29,20.29,147.31,-18.21,-8.40,173.81,53.708,54.087,-21.1909,0.8123,290.32,274.47,-27.9008,-2.4511,,,0.19835,0
42.0360,15,39,4,3,156.33,389.00,dwell,229.12,458.99,100.98,0,178.704,7.998,179.799,-18.42,20.32,147.28,-17.70,-7.93,173.30,53.676,54.356,-27.3256,-2.1761,229.12,458.99,-27.6420,-2.3273,,,0.19649,0
42.1226,15,39,4,3,156.33,389.00,dwell,268.07,433.66,120.33,0,178.736,7.978,179.772,-18.37,20.34,147.30,-18.04,-8.42,173.25,53.718,54.074,-26.2243,-0.4272,268.07,433.66,-27.0041,-1.4723,,,0.19984,0
42.2196,15,39,4,3,156.33,389.00,dwell,245.78,554.35,187.99,0,178.801,8.034,179.770,-18.34,20.50,147.14,-18.10,-7.94,173.56,53.765,54.379,-32.1726,-1.7424,245.78,554.35,-29.3299,-1.5938,,,0.23337,0
42.3190,15,39,4,3,156.33,389.00,dwell,104.30,454.79,83.88,0,178.840,8.033,179.782,-18.45,20.34,147.23,-18.30,-7.80,173.58,53.535,54.343,-27.9028,-7.1946,104.30,454.79,-28.6877,-4.1142,,,0.21072,0
42.4104,15,39,4,3,156.33,389.00,dwell,107.55,372.38,51.54,0,178.841,8.085,179.779,-18.32,20.36,147.15,-17.86,-7.38,172.97,53.424,54.400,-23.9270,-7.9742,107.55,372.38,-26.5454,-5.8512,,,0.22097,0
42.5123,15,39,4,3,156.33,389.00,dwell,121.09,301.11,94.69,0,178.907,8.082,179.787,-18.31,20.21,147.01,-17.28,-8.91,173.23,53.450,54.322,-20.8637,-7.2021,121.09,301.11,-23.9887,-6.4591,,,0.19054,0
42.6094,15,39,4,3,156.33,389.00,dwell,127.78,340.10,56.63,0,179.006,8.115,179.794,-18.33,20.14,147.02,-17.77,-7.96,173.41,53.137,53.941,-23.2332,-6.6254,127.78,340.10,-23.6487,-6.5339,,,0.19610,0
42.7179,15,39,4,3,156.33,389.00,dwell,153.69,419.60,30.71,1,179.085,8.034,179.796,-18.39,20.17,147.02,-18.01,-8.79,173.38,53.323,53.844,-26.6197,-5.8874,153.69,419.60,-24.9857,-6.2430,,,0.19471,0
42.8416,15,39,4,3,156.33,389.00,dwell,121.22,322.81,74.93,0,179.058,8.034,179.779,-18.51,20.20,147.05,-18.14,-8.59,172.70,53.275,53.969,-22.4115,-6.6451,121.22,322.81,-23.8273,-6.4239,,,0.19513,0
42.9596,15,39,4,3,156.33,389.00,capture,80.63,287.15,126.90,0,178.994,7.924,179.791,-18.52,20.23,147.08,-18.09,-8.50,173.38,53.113,53.874,-20.9040,-9.3868,80.63,287.15,-22.5118,-7.7572,,,0.20945,0
43.0644,15,39,4,3,156.33,389.00,capture,55.89,279.54,148.56,0,179.016,7.888,179.812,-18.53,20.36,147.08,-17.92,-8.30,173.25,53.053,53.772,-21.0716,-10.1535,55.89,279.54,-21.8637,-8.8356,,,0.19888,0
43.1825,15,39,4,3,156.33,389.00,capture,86.26,315.43,101.60,0,179.046,7.898,179.822,-18.38,20.39,146.99,-18.01,-7.98,173.39,53.052,54.334,-22.2878,-9.1459,86.26,315.43,-22.0546,-8.9752,,,0.17963,0
43.2856,15,39,4,3,156.33,389.00,capture,70.78,349.95,94.04,0,179.128,7.880,179.805,-18.32,20.40,147.20,-18.43,-8.49,173.29,53.127,54.277,-24.0368,-9.5721,70.78,349.95,-22.9466,-9.2438,,,0.19031,0
43.3896,15,39,4,3,156.33,389.00,capture,92.93,345.55,76.86,0,179.142,7.973,179.826,-18.26,20.38,147.21,-18.14,-8.88,173.59,53.124,54.567,-22.6559,-8.4480,92.93,345.55,-22.8158,-8.8857,,,0.19372,0
43.5005,15,39,4,3,156.33,389.00,capture,74.77,319.02,107.47,0,179.059,8.131,179.837,-18.14,20.20,147.03,-17.68,-8.05,172.82,52.864,54.401,-22.5736,-9.4469,74.77,319.02,-22.7068,-9.1382,,,0.19528,0
43.5825,15,39,4,3,156.33,389.00,capture,83.39,316.15,103.09,0,179.057,8.094,179.811,-18.26,20.28,147.07,-18.46,-7.87,173.06,53.004,54.682,-21.2953,-9.2894,83.39,316.15,-22.0716,-9.2062,,,0.19474,0
43.6802,15,39,4,3,156.33,389.00,capture,86.36,293.04,118.76,0,179.184,8.079,179.806,-18.14,20.46,146.84,-17.92,-8.33,173.27,52.818,54.598,-21.4290,-9.4000,86.36,293.04,-21.7824,-9.2934,,,0.19835,0
43.7688,15,39,4,3,156.33,389.00,capture,88.64,273.29,134.06,0,179.054,8.195,179.803,-18.17,20.51,146.89,-18.24,-7.53,172.68,52.991,54.835,-20.3310,-8.5302,88.64,273.29,-21.1293,-8.9500,,,0.17392,0
43.8539,15,39,4,3,156.33,389.00,capture,78.75,302.50,116.20,0,179.077,8.125,179.826,-18.19,20.56,146.59,-17.90,-8.38,172.85,53.283,54.444,-22.4497,-9.2168,78.75,302.50,-21.7235,-9.0701,,,0.18132,0
43.9359,15,39,4,3,156.33,389.00,capture,90.56,277.93,129.08,0,178.962,8.182,179.828,-18.17,20.70,146.58,-17.44,-8.27,173.15,53.725,54.230,-20.2495,-8.7887,90.56,277.93,-21.0602,-8.9434,,,0.22793,0
44.0266,15,39,4,3,156.33,389.00,capture,114.07,299.88,98.63,0,178.919,8.218,179.783,-18.16,20.71,146.61,-18.42,-8.20,172.08,54.110,53.978,-20.8836,-8.0216,114.07,299.88,-20.9807,-8.5286,,,0.22498,0
44.1226,15,39,4,3,156.33,389.00,capture,99.80,315.32,92.87,0,178.781,8.239,179.808,-18.14,20.72,147.04,-17.92,-8.75,173.63,53.669,54.244,-22.1140,-8.5139,99.80,315.32,-21.4907,-8.5220,,,0.20751,0
44.2055,15,39,4,3,156.33,389.00,capture,73.42,343.35,94.65,0,178.853,8.336,179.808,-18.18,20.78,147.19,-17.98,-7.56,173.60,53.603,54.605,-22.9902,-9.3473,73.42,343.35,-22.1654,-8.8934,,,0.20680,0
44.3091,15,39,4,3,156.33,389.00,capture,81.83,322.37,99.95,0,178.859,8.234,179.840,-18.19,20.52,147.12,-18.08,-7.90,172.78,53.796,54.417,-23.1281,-8.9615,81.83,322.37,-22.5986,-8.9240,,,0.21725,0
44.4170,15,39,4,3,156.33,389.00,capture,82.66,311.42,106.99,0,178.948,8.262,179.840,-18.12,20.55,147.28,-18.14,-8.54,173.31,53.720,54.388,-22.4982,-9.2088,82.66,311.42,-22.5534,-9.0522,,,0.19189,0
44.5089,15,39,4,3,156.33,389.00,capture,74.63,316.43,109.28,0,179.015,8.335,179.856,-18.05,20.56,147.16,-17.51,-7.69,173.14,53.635,54.124,-22.5327,-9.0886,74.63,316.43,-22.5441,-9.0686,,,0.21493,0
44.5995,15,39,4,3,156.33,389.00,capture,98.99,300.92,105.10,0,178.941,8.430,179.839,-18.12,20.57,147.13,-17.90,-7.32,173.17,53.689,53.994,-21.6173,-7.8514,98.99,300.92,-22.1270,-8.5209,,,0.21529,0
44.7013,15,39,4,3,156.33,389.00,capture,92.17,328.66,88.08,0,178.923,8.358,179.835,-18.16,20.64,147.28,-17.73,-8.11,173.35,53.668,54.304,-21.7405,-8.5001,92.17,328.66,-21.9531,-8.5115,,,0.21921,0
44.7833,15,39,4,3,156.33,389.00,capture,59.85,328.49,113.89,0,178.832,8.194,179.833,-18.28,20.63,147.47,-18.09,-7.73,173.65,53.609,54.093,-22.7859,-10.4911,59.85,328.49,-22.3278,-9.4023,,,0.19611,0
44.9416,16,56,6,2,111.67,561.89,dwell,141.14,456.13,109.79,0,178.734,8.155,179.853,-18.26,20.81,147.32,-18.29,-7.57,173.63,53.417,54.218,-26.7856,-6.5645,141.14,456.13,-26.7856,-6.5645,,,0.20806,0
45.0548,16,56,6,2,111.67,561.89,dwell,168.14,159.74,406.09,0,178.876,8.143,179.860,-18.32,20.94,147.22,-17.63,-8.20,173.58,53.051,54.381,-16.0760,-4.7189,168.14,159.74,-21.9663,-5.7340,,,0.19006,0
45.1452,16,56,6,2,111.67,561.89,dwell,149.80,296.85,267.77,0,178.827,8.103,179.857,-18.23,20.92,147.36,-18.31,-7.83,173.20,53.457,54.505,-21.1039,-6.1307,149.80,296.85,-21.5782,-5.9125,,,0.19593,0
45.2337,16,56,6,2,111.67,561.89,dwell,147.36,319.05,245.45,0,178.844,8.120,179.819,-18.42,20.76,147.39,-17.79,-8.00,173.28,53.337,54.237,-23.4716,-5.2995,147.36,319.05,-22.4302,-5.6367,,,0.21590,0
45.3174,16,56,6,2,111.67,561.89,dwell,139.56,530.57,41.94,0,178.828,8.228,179.801,-18.30,20.86,147.45,-18.14,-7.16,173.70,53.272,54.078,-30.2452,-6.7765,139.56,530.57,-25.9470,-6.1496,,,0.22224,0
45.4030,16,56,6,2,111.67,561.89,dwell,189.05,477.19,114.73,0,178.858,8.349,179.824,-18.16,20.85,147.60,-17.38,-8.24,173.51,53.721,54.293,-28.7347,-3.8849,189.05,477.19,-27.2014,-5.1305,,,0.20938,0
45.5020,16,56,6,2,111.67,561.89,dwell,151.14,424.78,142.68,0,178.718,8.390,179.802,-18.19,20.67,147.53,-17.20,-7.67,174.17,54.376,54.360,-27.4026,-5.6722,151.14,424.78,-27.2919,-5.3743,,,0.25289,0
45.6007,16,56,6,2,111.67,561.89,dwell,149.72,414.92,151.82,0,178.864,8.337,179.815,-18.28,20.73,147.76,-17.73,-8.31,173.72,54.018,54.485,-26.2319,-6.3157,149.72,414.92,-26.8149,-5.7979,,,0.22022,0
45.7024,16,56,6,2,111.67,561.89,capture,192.03,430.79,153.77,0,178.830,8.230,179.790,-18.25,20.90,147.52,-17.73,-7.37,173.56,54.147,54.407,-27.0751,-3.9336,192.03,430.79,-26.9320,-4.9589,,,0.23821,0
45.7948,16,56,6,2,111.67,561.89,capture,179.98,405.47,170.69,0,178.918,8.235,179.784,-18.34,20.94,147.64,-18.18,-6.72,173.72,54.162,54.658,-25.6478,-4.6690,179.98,405.47,-26.3541,-4.8285,,,0.22217,0
45.8949,16,56,6,2,111.67,561.89,capture,194.44,449.42,139.64,0,178.916,8.089,179.787,-18.19,21.01,147.69,-17.68,-7.20,174.50,54.049,54.455,-27.4768,-3.6705,194.44,449.42,-26.8593,-4.3074,,,0.22028,0
45.9972,16,56,6,2,111.67,561.89,capture,171.61,422.44,151.79,0,178.850,8.073,179.759,-18.29,21.02,147.60,-17.72,-6.66,173.72,53.927,54.327,-26.7742,-4.5305,171.61,422.44,-26.8210,-4.4078,,,0.22325,0
46.0915,16,56,6,2,111.67,561.89,capture,175.05,429.56,146.73,0,178.895,8.252,179.759,-18.27,20.96,147.67,-17.98,-6.87,174.17,54.130,54.058,-26.9042,-4.5285,175.05,429.56,-26.8584,-4.4621,,,0.21896,0
46.1868,16,56,6,2,111.67,561.89,capture,168.78,426.64,146.81,0,178.785,8.321,179.760,-18.21,21.12,147.55,-17.96,-8.11,173.51,54.040,54.061,-26.9161,-5.1809,168.78,426.64,-26.8844,-4.7855,,,0.21011,0
46.2831,16,56,6,2,111.67,561.89,capture,153.86,417.68,150.25,0,178.790,8.396,179.784,-18.09,21.22,147.39,-17.90,-6.58,173.81,53.832,53.981,-26.1293,-5.8678,153.86,417.68,-26.5446,-5.2726,,,0.22691,0
46.3976,16,56,6,2,111.67,561.89,capture,177.99,427.74,149.65,0,178.752,8.255,179.779,-18.30,21.01,147.57,-17.69,-8.11,173.98,54.175,54.084,-26.1543,-4.5772,177.99,427.74,-26.3690,-4.9597,,,0.23131,0
46.4826,16,56,6,2,111.67,561.89,capture,168.04,440.29,134.03,0,178.825,8.301,179.785,-18.16,20.87,147.49,-18.06,-6.61,174.37,54.220,53.756,-27.1840,-4.3773,168.04,440.29,-26.7357,-4.6976,,,0.24544,0
46.5891,16,56,6,2,111.67,561.89,capture,169.42,418.04,155.01,0,178.816,8.331,179.763,-18.23,21.07,147.45,-18.21,-7.16,174.05,54.122,53.645,-25.9350,-4.9523,169.42,418.04,-26.3754,-4.8122,,,0.20257,0
46.6874,16,56,6,2,111.67,561.89,capture,156.46,412.91,155.57,0,178.903,8.304,179.760,-18.33,21.06,147.53,-17.75,-7.90,173.87,54.035,53.471,-25.9411,-4.7111,156.46,412.91,-26.1800,-4.7667,,,0.23937,0
46.7877,16,56,6,2,111.67,561.89,capture,176.38,452.22,127.34,0,178.895,8.219,179.774,-18.39,21.08,147.21,-18.36,-7.64,173.46,53.849,53.551,-26.9641,-4.3699,176.38,452.22,-26.5328,-4.5882,,,0.21023,0
46.8894,16,56,6,2,111.67,561.89,capture,167.65,414.46,157.70,0,178.913,8.064,179.760,-18.34,20.77,146.99,-17.40,-7.61,173.30,54.147,53.318,-26.5171,-5.3152,167.65,414.46,-26.5257,-4.9153,,,0.24438,0
46.9868,16,56,6,2,111.67,561.89,capture,172.48,439.54,136.63,0,178.855,8.065,179.771,-18.31,20.73,147.20,-18.02,-8.03,173.47,54.104,53.528,-26.7737,-4.3780,172.48,439.54,-26.6373,-4.6735,,,0.22421,0
47.0938,16,56,6,2,111.67,561.89,capture,174.58,420.04,155.17,0,178.891,8.158,179.791,-18.26,20.63,147.58,-17.83,-8.86,173.36,53.880,53.589,-26.2536,-4.7775,174.58,420.04,-26.4647,-4.7203,,,0.20546,0
47.1929,16,56,6,2,111.67,561.89,capture,165.01,415.97,155.36,0,178.864,8.107,179.794,-18.18,20.76,147.57,-17.91,-6.87,173.81,53.183,53.846,-25.8186,-5.7403,165.01,415.97,-26.1739,-5.1793,,,0.19571,0
47.2817,16,56,6,2,111.67,561.89,capture,152.13,446.66,122.13,0,178.908,8.187,179.811,-18.06,20.69,147.67,-18.04,-7.78,174.16,53.601,53.609,-27.0492,-5.4435,152.13,446.66,-26.5678,-5.2982,,,0.22918,0
47.3721,16,56,6,2,111.67,561.89,capture,175.60,422.41,153.43,0,178.934,8.197,179.809,-18.09,20.69,147.83,-17.78,-7.75,174.56,53.536,53.972,-26.5432,-4.5037,175.60,422.41,-26.5567,-4.9407,,,0.21227,0
47.5684,17,65,7,2,111.67,648.33,dwell,49.16,607.83,74.48,0,178.984,8.147,179.798,-18.16,20.68,147.84,-17.52,-7.81,174.04,53.826,54.199,-33.9565,-10.5842,49.16,607.83,-33.9565,-10.5842,,,0.22006,0
47.6655,17,65,7,2,111.67,648.33,dwell,155.44,320.58,330.66,0,179.052,8.107,179.771,-18.24,20.62,147.86,-17.93,-8.21,174.13,53.871,53.869,-22.3550,-5.1012,155.44,320.58,-28.7358,-8.1168,,,0.22374,0
47.7874,17,65,7,2,111.67,648.33,dwell,178.30,437.52,221.09,0,179.007,8.362,179.805,-18.31,20.68,147.83,-17.85,-7.90,173.83,53.859,53.760,-27.0951,-4.6343,178.30,437.52,-27.9975,-6.5497,,,0.22207,0
47.8804,17,65,7,2,111.67,648.33,dwell,156.61,388.46,263.73,0,179.060,8.472,179.803,-18.26,20.68,147.74,-18.58,-8.38,173.72,53.978,53.807,-25.8237,-5.3835,156.61,388.46,-27.0193,-6.0249,,,0.22597,0
47.9624,17,65,7,2,111.67,648.33,dwell,157.48,464.27,189.68,0,179.021,8.474,179.815,-18.18,20.75,147.74,-17.83,-7.46,174.18,53.859,53.557,-27.0310,-5.7167,157.48,464.27,-27.0246,-5.8862,,,0.21907,0
48.0514,17,65,7,2,111.67,648.33,dwell,84.52,522.10,129.12,0,179.094,8.518,179.785,-18.18,20.71,147.86,-17.53,-7.69,173.80,54.104,53.869,-30.6775,-9.0446,84.52,522.10,-28.6684,-7.3075,,,0.21074,0
48.1549,17,65,7,2,111.67,648.33,dwell,149.08,468.42,183.76,0,179.027,8.503,179.806,-18.09,20.65,147.68,-16.53,-8.76,173.73,54.236,53.861,-28.2090,-6.5103,149.08,468.42,-28.4617,-6.9488,,,0.23536,0
48.2665,17,65,7,2,111.67,648.33,dwell,64.36,471.67,182.89,0,178.942,8.390,179.807,-18.22,20.71,147.64,-18.12,-7.67,173.63,54.345,53.875,-27.1006,-9.6115,64.36,471.67,-27.8492,-8.1470,,,0.22684,0
48.3580,17,65,7,2,111.67,648.33,dwell,136.99,503.08,147.44,0,178.996,8.338,179.785,-18.15,20.42,147.65,-17.90,-8.36,174.57,54.383,54.065,-29.3096,-6.4155,136.99,503.08,-28.5064,-7.3678,,,0.22376,0
48.4595,17,65,7,2,111.67,648.33,dwell,125.90,518.80,130.31,0,179.090,8.280,179.781,-18.10,20.17,147.75,-18.22,-8.59,174.19,54.348,54.062,-30.1215,-7.4248,125.90,518.80,-29.2332,-7.3935,,,0.21115,0
48.5693,17,65,7,2,111.67,648.33,dwell,65.88,491.43,163.45,0,178.943,8.283,179.789,-18.17,20.23,147.70,-17.69,-7.93,174.04,54.314,54.020,-29.2390,-10.1071,65.88,491.43,-29.2358,-8.6146,,,0.22174,0
48.6591,17,65,7,2,111.67,648.33,capture,70.06,478.70,174.66,0,178.955,8.299,179.779,-18.23,20.18,148.01,-17.94,-9.41,174.71,53.737,53.386,-27.7728,-9.7963,70.06,478.70,-28.5774,-9.1464,,,0.22352,0
48.7568,17,65,7,2,111.67,648.33,capture,72.29,479.39,173.47,0,178.931,8.397,179.780,-18.30,20.27,148.10,-18.41,-7.99,174.02,53.282,53.176,-27.4886,-9.5646,72.29,479.39,-28.0874,-9.3346,,,0.20195,0
48.8880,17,65,7,2,111.67,648.33,capture,52.44,499.51,160.18,0,178.881,8.431,179.784,-18.35,20.38,148.28,-17.72,-8.47,175.15,53.479,53.582,-29.2541,-9.5003,52.44,499.51,-28.6124,-9.4092,,,0.23456,0
49.0116,17,65,7,2,111.67,648.33,capture,80.24,513.24,138.70,0,178.760,8.446,179.790,-18.45,20.33,148.03,-18.04,-8.21,174.74,53.342,53.659,-29.8987,-9.7798,80.24,513.24,-29.1912,-9.5759,,,0.18474,0
49.1028,17,65,7,2,111.67,648.33,capture,73.16,496.89,156.26,0,178.631,8.508,179.777,-18.48,20.51,147.83,-17.71,-8.24,174.17,53.377,53.657,-29.4778,-9.3371,73.16,496.89,-29.3202,-9.4685,,,0.21619,0
49.2194,17,65,7,2,111.67,648.33,capture,66.56,494.11,160.68,0,178.539,8.560,179.799,-18.48,20.38,147.68,-18.32,-7.43,173.80,53.574,53.638,-29.8498,-9.2581,66.56,494.11,-29.5585,-9.3738,,,0.21459,0
49.3196,17,65,7,2,111.67,648.33,capture,64.28,502.02,153.80,0,178.477,8.664,179.828,-18.47,20.42,147.57,-18.14,-7.74,173.96,53.998,53.386,-29.4814,-9.9202,64.28,502.02,-29.5238,-9.6197,,,0.22912,0
49.4380,17,65,7,2,111.67,648.33,capture,67.55,514.21,141.19,0,178.476,8.668,179.815,-18.49,20.47,147.41,-17.35,-7.67,173.69,54.034,53.780,-29.8970,-10.0751,67.55,514.21,-29.6918,-9.8246,,,0.20728,0
49.5397,17,65,7,2,111.67,648.33,capture,92.59,523.06,126.72,0,178.578,8.575,179.786,-18.48,20.45,147.56,-18.24,-7.94,173.64,54.468,54.082,-30.4055,-8.7163,92.59,523.06,-30.0129,-9.3259,,,0.19789,0
49.6363,17,65,7,2,111.67,648.33,capture,73.34,519.67,134.25,0,178.704,8.394,179.772,-18.46,20.38,147.67,-18.17,-8.19,173.89,54.313,53.905,-30.0723,-9.4359,73.34,519.67,-30.0397,-9.3754,,,0.26760,0
49.7449,17,65,7,2,111.67,648.33,capture,70.54,513.70,140.77,0,178.702,8.232,179.814,-18.49,20.29,147.27,-18.13,-7.72,174.18,54.455,54.033,-29.3547,-9.9646,70.54,513.70,-29.7314,-9.6405,,,0.23348,0
49.8562,17,65,7,2,111.67,648.33,capture,84.89,508.71,142.17,0,178.748,8.353,179.812,-18.38,20.26,147.23,-18.03,-8.94,173.43,54.349,54.140,-29.9819,-8.3247,84.89,508.71,-29.8441,-9.0484,,,0.22186,0
49.9611,17,65,7,2,111.67,648.33,capture,93.83,476.02,173.23,0,178.767,8.417,179.832,-18.45,20.21,146.90,-17.62,-8.07,172.73,54.514,54.281,-28.4848,-7.7802,93.83,476.02,-29.2325,-8.4777,,,0.23624,0
50.0621,17,65,7,2,111.67,648.33,capture,95.37,510.28,139.01,0,178.818,8.229,179.819,-18.30,20.35,147.18,-17.90,-7.77,173.55,54.158,54.675,-29.3263,-8.0684,95.37,510.28,-29.2747,-8.2935,,,0.20734,0
50.1746,17,65,7,2,111.67,648.33,capture,79.83,496.92,154.72,0,178.774,8.163,179.804,-18.26,20.48,147.12,-18.03,-7.82,173.40,53.985,54.660,-28.1478,-8.6706,79.83,496.92,-28.7676,-8.4632,,,0.20872,0
50.2693,17,65,7,2,111.67,648.33,capture,79.44,504.96,146.95,0,178.778,8.113,179.795,-18.19,20.57,146.99,-18.10,-8.79,173.51,53.979,54.066,-30.0566,-9.2488,79.44,504.96,-29.3477,-8.8167,,,0.21621,0
50.3584,17,65,7,2,111.67,648.33,capture,52.83,532.08,130.29,0,178.716,8.172,179.796,-18.10,20.58,147.25,-17.78,-7.99,173.62,53.545,54.172,-30.8656,-10.4647,52.83,532.08,-30.0307,-9.5583,,,0.21679,0
50.4664,17,65,7,2,111.67,648.33,capture,57.42,513.70,145.15,0,178.732,8.228,179.811,-17.99,20.53,147.27,-17.72,-7.98,173.47,53.319,53.888,-29.9442,-9.9931,57.42,513.70,-29.9918,-9.7540,,,0.17445,0
50.5613,17,65,7,2,111.67,648.33,capture,69.53,488.91,164.90,0,178.747,8.163,179.827,-18.04,20.78,147.57,-17.67,-7.88,173.17,53.372,54.052,-29.1817,-9.9083,69.53,488.91,-29.6273,-9.8234,,,0.21648,0
50.6469,17,65,7,2,111.67,648.33,capture,50.82,486.10,173.27,0,178.716,8.289,179.813,-17.95,20.81,147.44,-18.21,-7.44,173.77,53.841,54.460,-29.4704,-10.2534,50.82,486.10,-29.5567,-10.0169,,,0.21024,0
50.8550,18,5,0,5,245.67,43.22,dwell,178.39,277.30,243.55,0,178.660,8.196,179.827,-17.91,20.72,147.28,-17.11,-7.77,173.49,53.808,54.176,-20.1337,-4.3064,178.39,277.30,-20.1337,-4.3064,,,0.19505,0
50.9558,18,5,0,5,245.67,43.22,dwell,7.99,405.64,433.40,0,178.808,8.061,179.832,-17.91,20.69,147.22,-17.82,-8.35,173.76,54.016,53.916,-26.5165,-12.4508,7.99,405.64,-23.0060,-7.9714,,,0.22505,0
51.0535,18,5,0,5,245.67,43.22,dwell,189.37,304.90,267.67,0,178.814,8.191,179.828,-18.03,20.71,147.31,-17.87,-7.54,173.46,53.895,54.201,-22.6654,-4.4878,189.37,304.90,-22.8527,-6.4038,,,0.21762,0
51.1456,18,5,0,5,245.67,43.22,dwell,104.80,177.78,194.81,0,178.776,8.128,179.847,-18.01,20.68,147.22,-17.26,-8.57,173.27,53.545,53.739,-16.1658,-7.3988,104.80,177.78,-19.8436,-6.8515,,,0.20412,0
51.2393,18,5,0,5,245.67,43.22,dwell,37.65,266.23,304.96,0,178.821,7.995,179.836,-18.35,20.66,147.30,-17.64,-7.90,173.61,53.581,53.730,-20.6077,-10.9916,37.65,266.23,-20.1874,-8.7146,,,0.21404,0
51.3331,18,5,0,5,245.67,43.22,dwell,172.40,222.78,193.93,0,178.827,7.894,179.802,-18.40,20.90,147.17,-17.79,-7.41,173.23,53.816,53.881,-17.9589,-4.9073,172.40,222.78,-19.1846,-7.0013,,,0.20471,0
51.4517,18,5,0,5,245.67,43.22,dwell,148.48,178.80,166.81,0,178.965,7.858,179.805,-18.34,20.93,147.13,-17.94,-7.65,173.37,53.811,53.867,-16.4878,-6.2044,148.48,178.80,-17.9710,-6.6427,,,0.19213,0
51.5389,18,5,0,5,245.67,43.22,dwell,164.06,77.73,88.60,0,179.063,7.864,179.805,-18.36,20.87,147.52,-18.13,-8.09,173.72,53.758,54.188,-12.5624,-5.6745,164.06,77.73,-15.5371,-6.2070,,,0.21567,0
51.6342,18,5,0,5,245.67,43.22,dwell,152.84,75.42,98.25,0,179.019,7.833,179.852,-18.51,20.83,147.34,-17.77,-7.90,173.53,53.873,54.132,-12.9648,-5.9132,152.84,75.42,-14.3796,-6.0748,,,0.20004,0
51.7421,18,5,0,5,245.67,43.22,dwell,100.65,73.16,148.07,0,178.887,7.796,179.861,-18.45,20.76,147.31,-17.74,-7.34,173.05,53.597,54.444,-13.2525,-7.7883,100.65,73.16,-13.8724,-6.8459,,,0.21195,0
51.8454,18,5,0,5,245.67,43.22,dwell,92.90,51.47,152.99,0,178.875,7.812,179.849,-18.40,20.76,147.35,-18.29,-8.59,173.28,53.587,54.550,-12.1982,-9.2236,92.90,51.47,-13.1190,-7.9159,,,0.20180,0
51.9274,18,5,0,5,245.67,43.22,capture,128.98,-1.61,125.00,0,178.868,7.632,179.810,-18.38,20.94,147.38,-18.03,-7.74,173.23,53.457,54.382,-8.9184,-6.8211,128.98,-1.61,-11.2287,-7.4232,,,0.18464,0
52.0351,18,5,0,5,245.67,43.22,capture,148.47,-26.54,119.64,0,178.768,7.564,179.758,-18.42,20.86,147.07,-17.91,-7.44,172.88,53.293,54.490,-9.5360,-6.1627,148.47,-26.54,-10.4670,-6.8560,,,0.20163,0
52.1440,18,5,0,5,245.67,43.22,capture,145.75,-26.07,121.59,0,178.844,7.585,179.751,-18.39,20.83,147.18,-18.03,-7.93,173.42,53.135,54.295,-9.3622,-6.3128,145.75,-26.07,-9.9699,-6.6115,,,0.21792,0
52.2545,18,5,0,5,245.67,43.22,capture,124.54,13.90,124.63,0,178.765,7.537,179.757,-18.26,20.86,147.09,-18.44,-8.05,173.28,53.186,53.893,-10.3257,-6.6752,124.54,13.90,-10.1300,-6.6402,,,0.19014,0
52.3712,18,5,0,5,245.67,43.22,capture,118.35,9.52,131.70,0,178.812,7.697,179.763,-18.19,20.79,147.02,-18.04,-7.89,173.37,53.408,53.685,-10.3457,-7.6084,118.35,9.52,-10.2270,-7.0759,,,0.20084,0
52.4762,18,5,0,5,245.67,43.22,capture,123.71,22.56,123.69,0,178.796,7.596,179.775,-18.27,20.94,147.07,-17.87,-8.25,172.72,53.417,53.659,-10.2594,-7.3064,123.71,22.56,-10.2416,-7.1796,,,0.20998,0
52.5936,18,5,0,5,245.67,43.22,capture,105.20,-12.31,151.05,0,178.816,7.584,179.770,-18.29,20.88,147.20,-17.52,-6.79,173.52,53.330,53.617,-8.7446,-8.5020,105.20,-12.31,-9.5680,-7.7747,,,0.19227,0
52.6970,18,5,0,5,245.67,43.22,capture,124.29,-3.64,130.11,0,178.750,7.605,179.795,-18.32,20.73,147.12,-18.32,-8.65,173.45,53.056,53.774,-9.7258,-7.0295,124.29,-3.64,-9.6390,-7.4394,,,0.17562,0
52.7944,18,5,0,5,245.67,43.22,capture,151.90,-9.30,107.47,0,178.742,7.612,179.796,-18.15,20.68,147.25,-17.29,-7.48,173.34,52.890,53.973,-9.0750,-5.9925,151.90,-9.30,-9.3852,-6.7883,,,0.22297,0
52.9053,18,5,0,5,245.67,43.22,capture,128.61,-8.45,127.95,0,178.732,7.776,179.816,-18.13,20.52,147.25,-17.90,-8.58,173.08,53.235,54.019,-9.6324,-7.0409,128.61,-8.45,-9.4964,-6.9020,,,0.21827,0
53.0068,18,5,0,5,245.67,43.22,capture,134.13,3.52,118.39,0,178.663,7.892,179.839,-18.21,20.53,147.24,-17.83,-8.43,173.42,53.223,54.425,-10.2845,-6.5660,134.13,3.52,-9.8511,-6.7508,,,0.19628,0
53.1103,18,5,0,5,245.67,43.22,capture,107.90,10.98,141.49,0,178.789,7.881,179.833,-18.26,20.59,147.20,-18.46,-8.59,173.35,53.283,54.493,-10.7088,-8.0212,107.90,10.98,-10.2371,-7.3225,,,0.20564,0
53.2217,18,5,0,5,245.67,43.22,capture,125.99,-3.01,128.30,0,178.783,7.836,179.870,-18.20,20.67,146.96,-18.20,-8.28,173.16,53.409,54.932,-9.3273,-6.4170,125.99,-3.01,-9.8277,-6.9150,,,0.20825,0
53.3145,18,5,0,5,245.67,43.22,capture,123.50,20.02,124.35,0,178.798,7.856,179.845,-18.04,20.59,146.92,-17.65,-7.90,172.83,53.491,54.746,-10.7905,-6.5881,123.50,20.02,-10.2610,-6.7679,,,0.22025,0
53.4092,18,5,0,5,245.67,43.22,capture,121.11,-20.47,139.90,0,178.798,7.945,179.846,-18.13,20.68,146.89,-17.98,-7.59,173.04,53.686,54.390,-9.3354,-7.2737,121.11,-20.47,-9.8444,-6.9955,,,0.21726,0
53.5078,18,5,0,5,245.67,43.22,capture,139.78,-11.84,119.35,0,178.950,7.900,179.838,-18.23,20.59,146.93,-18.11,-8.44,173.17,53.862,54.394,-10.0042,-6.0790,139.78,-11.84,-9.9163,-6.5831,,,0.21846,0
53.5902,18,5,0,5,245.67,43.22,capture,119.48,29.09,126.98,0,178.986,7.900,179.810,-18.27,20.62,146.90,-17.92,-8.06,172.96,53.953,54.196,-10.1463,-6.8456,119.48,29.09,-10.0198,-6.7012,,,0.20936,0
53.6865,18,5,0,5,245.67,43.22,capture,145.37,5.43,107.18,0,179.007,7.890,179.787,-18.39,20.71,146.84,-17.83,-8.75,172.94,53.851,54.574,-10.1411,-5.9245,145.37,5.43,-10.0744,-6.3517,,,0.19770,0
53.8073,18,5,0,5,245.67,43.22,capture,128.38,19.22,119.72,0,178.995,7.750,179.800,-18.31,20.81,146.74,-17.55,-7.50,172.53,54.189,54.394,-10.5744,-6.6906,128.38,19.22,-10.2994,-6.5042,,,0.20931,0
53.8922,18,5,0,5,245.67,43.22,capture,114.95,4.40,136.36,0,178.958,7.759,179.800,-18.32,20.77,146.78,-18.13,-7.64,172.65,54.204,54.574,-10.1253,-7.1549,114.95,4.40,-10.2211,-6.7970,,,0.22652,0
54.0564,19,2,0,2,111.67,43.22,dwell,191.04,-28.70,107.11,0,178.919,7.667,179.784,-18.42,20.87,146.78,-17.55,-8.24,173.44,54.030,54.189,-8.5928,-4.2025,191.04,-28.70,-8.5928,-4.2025,,,0.22000,0
54.1699,19,2,0,2,111.67,43.22,dwell,149.54,67.69,45.09,0,178.915,7.653,179.818,-18.42,20.68,146.87,-17.86,-8.88,173.07,54.031,54.552,-13.0406,-6.0017,149.54,67.69,-10.5943,-5.0122,,,0.22568,0
54.2691,19,2,0,2,111.67,43.22,dwell,175.66,78.10,72.88,0,179.019,7.647,179.806,-18.47,20.86,146.85,-18.08,-7.31,173.39,53.855,54.599,-12.3187,-4.9652,175.66,78.10,-11.3703,-4.9910,,,0.21155,0
54.3638,19,2,0,2,111.67,43.22,dwell,154.51,133.79,100.19,0,178.875,7.674,179.807,-18.39,20.83,146.96,-17.75,-7.78,173.30,53.906,54.544,-14.8657,-5.3888,154.51,133.79,-12.9432,-5.1700,,,0.22324,0
54.4752,19,2,0,2,111.67,43.22,dwell,90.41,190.04,148.35,0,178.964,7.614,179.808,-18.37,20.84,147.11,-18.24,-8.29,173.30,53.888,54.624,-16.8625,-8.5780,90.41,190.04,-14.7069,-6.7036,,,0.17931,0
54.5817,19,2,0,2,111.67,43.22,dwell,75.14,213.23,173.89,0,178.817,7.678,179.854,-18.46,21.11,147.33,-17.97,-7.31,173.72,54.239,54.397,-18.1605,-9.3421,75.14,213.23,-16.2610,-7.8909,,,0.22831,0
54.6782,19,2,0,2,111.67,43.22,dwell,89.38,192.03,150.47,0,178.773,7.738,179.825,-18.34,20.98,147.45,-17.74,-6.89,173.21,54.312,54.431,-16.3965,-8.7502,89.38,192.03,-16.3220,-8.2776,,,0.21080,0
54.7602,19,2,0,2,111.67,43.22,dwell,125.80,207.51,164.89,0,178.782,7.828,179.819,-18.32,20.91,147.51,-18.00,-8.18,173.54,54.015,54.553,-17.6185,-6.8859,125.80,207.51,-16.9054,-7.6513,,,0.21232,0
54.8609,19,2,0,2,111.67,43.22,dwell,155.04,199.48,162.17,0,178.824,7.674,179.823,-18.30,21.13,147.44,-17.86,-7.49,173.62,54.103,54.304,-16.7602,-5.5594,155.04,199.48,-16.8400,-6.7100,,,0.18858,0
54.9569,19,2,0,2,111.67,43.22,capture,128.85,267.49,224.93,0,178.871,7.710,179.819,-18.30,21.19,147.31,-17.91,-7.75,173.67,54.157,54.169,-20.5201,-6.7635,128.85,267.49,-18.4961,-6.7341,,,0.21275,0
55.0476,19,2,0,2,111.67,43.22,capture,141.81,215.82,175.21,0,178.860,7.630,179.821,-18.31,21.13,147.50,-17.81,-7.18,173.91,54.139,53.967,-18.9453,-5.8818,141.81,215.82,-18.6982,-6.3506,,,0.24537,0
55.1377,19,2,0,2,111.67,43.22,capture,168.75,192.77,160.07,0,178.946,7.561,179.824,-18.21,21.15,147.76,-17.73,-7.33,174.66,54.094,53.617,-17.3970,-5.0818,168.75,192.77,-18.1127,-5.7796,,,0.22381,0
55.2197,19,2,0,2,111.67,43.22,capture,135.73,218.66,177.08,0,178.831,7.434,179.798,-18.39,21.13,147.82,-18.30,-7.04,174.17,54.027,53.676,-17.4470,-6.5030,135.73,218.66,-17.8131,-6.1052,,,0.21845,0
55.3281,19,2,0,2,111.67,43.22,capture,125.58,196.03,153.44,0,178.673,7.405,179.810,-18.33,21.14,147.92,-17.75,-7.66,174.20,54.277,54.072,-17.1774,-7.0898,125.58,196.03,-17.5270,-6.5483,,,0.24042,0
55.4197,19,2,0,2,111.67,43.22,capture,157.71,204.03,167.27,0,178.680,7.546,179.796,-18.21,21.23,147.64,-17.82,-7.41,173.67,54.036,54.384,-17.9786,-5.2136,157.71,204.03,-17.7302,-5.9477,,,0.23733,0
55.5330,19,2,0,2,111.67,43.22,capture,151.43,214.73,176.06,0,178.687,7.511,179.803,-18.23,21.25,147.65,-17.24,-8.08,174.22,54.219,54.781,-18.3295,-5.8849,151.43,214.73,-17.9999,-5.9194,,,0.22538,0
55.6475,19,2,0,2,111.67,43.22,capture,112.95,215.51,172.29,0,178.752,7.450,179.792,-18.20,21.17,147.54,-17.83,-8.20,173.47,54.328,54.830,-17.8198,-7.5629,112.95,215.51,-17.9188,-6.6590,,,0.22833,0
55.7607,19,2,0,2,111.67,43.22,capture,137.09,216.82,175.45,0,178.930,7.571,179.845,-18.16,21.03,147.45,-17.67,-7.63,173.56,54.034,54.738,-18.5257,-6.3415,137.09,216.82,-18.1919,-6.5161,,,0.20701,0
55.8510,19,2,0,2,111.67,43.22,capture,127.71,218.71,176.22,0,178.954,7.675,179.831,-18.25,21.19,147.48,-17.50,-7.54,173.42,53.951,54.521,-18.1454,-6.5549,127.71,218.71,-18.1710,-6.5336,,,0.22615,0
55.9435,19,2,0,2,111.67,43.22,capture,116.48,243.39,200.23,0,178.850,7.499,179.850,-18.27,20.91,147.62,-18.34,-7.21,173.69,53.603,54.276,-18.6156,-7.4336,116.48,243.39,-18.3711,-6.9386,,,0.19812,0
56.0499,19,2,0,2,111.67,43.22,capture,133.43,211.35,169.53,0,178.927,7.586,179.824,-18.14,21.01,147.36,-17.77,-7.71,173.42,53.052,54.272,-17.5885,-6.9815,133.43,211.35,-18.0189,-6.9579,,,0.18035,0
56.1319,19,2,0,2,111.67,43.22,capture,146.71,216.74,177.02,0,178.878,7.577,179.855,-18.14,20.97,147.52,-17.04,-8.28,173.53,52.943,54.366,-18.3331,-6.6754,146.71,216.74,-18.1603,-6.8308,,,0.16752,0
56.2230,19,2,0,2,111.67,43.22,capture,144.62,205.67,165.76,0,178.895,7.591,179.855,-18.27,20.88,147.38,-17.99,-8.35,173.23,53.163,54.092,-17.8286,-5.9782,144.62,205.67,-18.0110,-6.4471,,,0.21132,0
56.3212,19,2,0,2,111.67,43.22,capture,145.39,197.34,157.76,0,178.824,7.533,179.846,-18.39,20.92,147.48,-17.78,-8.27,174.15,53.505,54.223,-17.5646,-5.9901,145.39,197.34,-17.8101,-6.2415,,,0.23004,0
56.4244,19,2,0,2,111.67,43.22,capture,125.94,232.45,189.77,0,178.759,7.450,179.816,-18.21,21.01,147.20,-17.88,-7.49,172.98,53.791,54.165,-18.9323,-6.8022,125.94,232.45,-18.3151,-6.4938,,,0.21298,0
56.5351,19,2,0,2,111.67,43.22,capture,121.09,197.59,154.66,0,178.606,7.645,179.831,-18.34,21.06,147.06,-18.09,-7.65,173.14,53.638,54.073,-17.6490,-6.9256,121.09,197.59,-18.0153,-6.6881,,,0.20772,0
56.6398,19,2,0,2,111.67,43.22,capture,136.20,222.28,180.73,0,178.747,7.576,179.827,-18.19,20.97,147.33,-17.66,-7.93,173.66,53.671,53.716,-18.5614,-5.8131,136.20,222.28,-18.2611,-6.2944,,,0.22393,0
56.7381,19,2,0,2,111.67,43.22,capture,144.03,206.88,166.83,0,178.767,7.555,179.847,-18.21,20.94,147.21,-18.21,-8.37,173.15,53.441,53.793,-17.7908,-6.0605,144.03,206.88,-18.0494,-6.1891,,,0.21526,0
56.8433,19,2,0,2,111.67,43.22,capture,139.50,222.92,181.84,0,178.748,7.435,179.864,-18.30,20.89,147.06,-18.36,-7.81,173.32,53.617,54.032,-19.4162,-6.9244,139.50,222.92,-18.6645,-6.5200,,,0.21952,0
57.0500,20,70,7,7,335.00,648.33,dwell,104.34,178.57,523.34,0,178.839,7.500,179.854,-18.26,20.74,147.30,-17.69,-7.86,173.03,53.629,53.717,-16.2612,-8.2222,104.34,178.57,-16.2612,-8.2222,,,0.22728,0
57.1455,20,70,7,7,335.00,648.33,dwell,99.43,194.37,511.44,0,178.774,7.682,179.806,-18.41,20.94,147.36,-18.08,-8.13,174.05,53.662,54.146,-17.6560,-7.9599,99.43,194.37,-16.8888,-8.1041,,,0.20961,0
57.2275,20,70,7,7,335.00,648.33,dwell,140.47,294.45,403.83,0,178.884,7.671,179.802,-18.48,20.95,147.36,-17.70,-6.64,173.25,53.734,53.780,-20.5614,-6.8424,140.47,294.45,-18.5415,-7.5364,,,0.22029,0
57.3211,20,70,7,7,335.00,648.33,dwell,221.83,372.80,297.87,0,178.899,7.834,179.780,-18.52,20.99,147.39,-18.27,-7.06,173.87,53.509,53.583,-24.8442,-2.1885,221.83,372.80,-21.3777,-5.1298,,,0.19086,0
57.4229,20,70,7,7,335.00,648.33,dwell,126.01,136.12,553.21,0,178.842,7.814,179.767,-18.56,21.01,147.71,-17.18,-7.92,174.30,53.667,53.156,-15.4376,-6.4689,126.01,136.12,-18.7047,-5.7324,,,0.21387,0
57.5210,20,70,7,7,335.00,648.33,dwell,133.35,169.04,519.99,0,178.761,7.838,179.774,-18.52,21.03,147.79,-18.54,-7.28,173.80,53.713,53.369,-16.6403,-6.3679,133.35,169.04,-17.7757,-6.0184,,,0.21902,0
57.6233,20,70,7,7,335.00,648.33,dwell,176.65,195.36,479.85,0,178.627,7.820,179.761,-18.46,20.99,147.61,-17.93,-7.83,174.50,54.135,53.604,-17.5906,-4.4568,176.65,195.36,-17.6924,-5.3157,,,0.21951,0
57.7243,20,70,7,7,335.00,648.33,dwell,202.39,174.92,491.64,0,178.614,7.986,179.804,-18.51,21.01,147.50,-17.75,-7.20,173.91,54.276,53.599,-16.8461,-3.5373,202.39,174.92,-17.3116,-4.5154,,,0.24326,0
57.8220,20,70,7,7,335.00,648.33,capture,189.80,166.00,503.71,0,178.743,8.013,179.774,-18.50,20.92,147.33,-17.99,-7.07,173.90,54.519,53.565,-16.8750,-3.9671,189.80,166.00,-17.1151,-4.2687,,,0.23080,0
57.9191,20,70,7,7,335.00,648.33,capture,186.76,196.64,475.40,0,178.741,8.158,179.813,-18.46,21.08,147.29,-17.42,-7.80,173.50,54.458,53.934,-17.7441,-3.8465,186.76,196.64,-17.3982,-4.0787,,,0.23531,0
58.0133,20,70,7,7,335.00,648.33,capture,198.20,183.02,485.01,0,178.792,8.263,179.819,-18.33,21.28,147.16,-17.90,-7.02,172.98,54.183,53.475,-16.1229,-3.8057,198.20,183.02,-16.8243,-3.9558,,,0.21634,0
58.1176,20,70,7,7,335.00,648.33,capture,210.26,188.06,476.88,0,178.609,8.286,179.832,-18.33,21.33,147.19,-17.44,-6.95,173.46,53.863,53.768,-17.3948,-2.7296,210.26,188.06,-17.0811,-3.4040,,,0.19483,0
58.1996,20,70,7,7,335.00,648.33,capture,229.34,178.66,481.41,0,178.631,8.404,179.822,-18.45,21.23,147.29,-17.79,-8.24,173.52,53.729,54.255,-16.9301,-2.1940,229.34,178.66,-17.0131,-2.8595,,,0.21869,0
58.3000,20,70,7,7,335.00,648.33,capture,201.45,204.98,463.03,0,178.744,8.397,179.833,-18.58,21.26,147.47,-17.67,-7.89,173.61,54.034,54.025,-18.5452,-3.3901,201.45,204.98,-17.7025,-3.0983,,,0.22050,0
58.4051,20,70,7,7,335.00,648.33,capture,196.64,200.13,469.07,0,178.655,8.462,179.846,-18.74,21.24,147.60,-18.97,-7.90,173.56,54.067,53.929,-17.5371,-3.4839,196.64,200.13,-17.6281,-3.2718,,,0.23921,0
58.5131,20,70,7,7,335.00,648.33,capture,202.23,196.16,471.26,0,178.623,8.504,179.863,-18.76,21.11,147.44,-18.90,-7.72,173.53,54.296,53.758,-17.5546,-3.8546,202.23,196.16,-17.5950,-3.5340,,,0.23477,0
58.6166,20,70,7,7,335.00,648.33,capture,212.66,177.72,486.26,0,178.663,8.548,179.873,-18.71,21.08,147.29,-18.39,-7.44,173.74,53.850,53.799,-16.4908,-3.2165,212.66,177.72,-17.0981,-3.3911,,,0.19708,0
58.7257,20,70,7,7,335.00,648.33,capture,198.17,210.83,458.40,0,178.668,8.638,179.850,-18.86,21.09,147.24,-18.38,-6.84,173.52,53.460,53.883,-17.4302,-3.5300,198.17,210.83,-17.2475,-3.4536,,,0.20880,0
58.8149,20,70,7,7,335.00,648.33,capture,202.20,182.85,484.06,0,178.748,8.686,179.845,-18.86,20.93,147.41,-18.14,-7.03,173.68,53.814,53.513,-17.5723,-3.6846,202.20,182.85,-17.3937,-3.5575,,,0.20508,0
58.9124,20,70,7,7,335.00,648.33,capture,197.73,182.25,485.88,0,178.861,8.756,179.874,-18.87,20.75,147.64,-18.02,-8.15,173.75,53.856,53.428,-16.6074,-3.6547,197.73,182.25,-17.0399,-3.6013,,,0.21712,0
59.0174,20,70,7,7,335.00,648.33,capture,201.85,203.04,464.77,0,178.946,8.850,179.864,-18.73,20.70,147.48,-18.11,-7.94,174.16,53.788,53.568,-18.1763,-3.3512,201.85,203.04,-17.5512,-3.4887,,,0.21405,0
59.1315,20,70,7,7,335.00,648.33,capture,211.97,192.85,471.81,0,178.929,8.729,179.845,-18.72,20.73,147.49,-18.21,-7.26,173.74,53.579,53.589,-16.9100,-3.5924,211.97,192.85,-17.2627,-3.5354,,,0.20140,0
59.2271,20,70,7,7,335.00,648.33,capture,196.76,192.52,476.32,0,178.799,8.884,179.847,-18.66,20.63,147.36,-18.25,-7.65,173.64,53.614,54.097,-18.0054,-3.1457,196.76,192.52,-17.5969,-3.3600,,,0.20413,0
59.3424,20,70,7,7,335.00,648.33,capture,177.10,204.80,470.80,0,178.823,8.786,179.866,-18.61,20.69,147.33,-18.28,-8.66,173.67,53.394,54.321,-18.0728,-4.0870,177.10,204.80,-17.8111,-3.6872,,,0.17994,0
59.4512,20,70,7,7,335.00,648.33,capture,203.81,179.27,487.06,0,178.833,8.781,179.886,-18.52,20.71,147.26,-17.95,-7.80,173.60,53.004,54.165,-16.3320,-3.9281,203.81,179.27,-17.1455,-3.7956,,,0.19523,0
59.5383,20,70,7,7,335.00,648.33,capture,198.08,188.26,480.02,0,178.791,8.815,179.871,-18.55,20.74,147.42,-18.58,-7.69,173.51,53.193,54.188,-17.7263,-3.3629,198.08,188.26,-17.4069,-3.6009,,,0.18942,0
59.6328,20,70,7,7,335.00,648.33,capture,197.68,201.16,467.78,0,178.888,8.767,179.861,-18.50,20.92,147.21,-18.47,-8.14,173.09,52.976,54.017,-17.5622,-3.5737,197.68,201.16,-17.4768,-3.5887,,,0.22297,0
59.7158,20,70,7,7,335.00,648.33,capture,165.10,206.60,473.28,0,179.032,8.867,179.844,-18.48,20.88,147.18,-18.08,-7.46,173.54,52.661,53.895,-17.6298,-5.4781,165.10,206.60,-17.5456,-4.4389,,,0.18232,0
59.9223,21,55,6,1,67.00,561.89,dwell,151.50,303.52,271.84,0,179.087,8.928,179.830,-18.42,20.83,147.50,-17.86,-7.64,173.39,52.876,53.454,-21.6208,-6.0489,151.50,303.52,-21.6208,-6.0489,,,0.20465,0
60.0281,21,55,6,1,67.00,561.89,dwell,287.18,389.67,279.53,0,179.097,8.820,179.817,-18.36,20.72,147.73,-18.47,-7.87,174.12,52.977,53.315,-24.6196,0.4811,287.18,389.67,-22.9703,-3.1104,,,0.19228,0
60.1320,21,55,6,1,67.00,561.89,dwell,61.36,438.21,123.81,0,179.074,8.730,179.817,-18.43,20.72,147.88,-18.09,-7.83,173.92,52.914,53.552,-26.9809,-9.8375,61.36,438.21,-24.7751,-6.1376,,,0.17186,0
60.2357,21,55,6,1,67.00,561.89,dwell,173.13,437.95,163.17,0,179.059,8.761,179.843,-18.33,20.76,147.83,-18.10,-7.93,174.58,53.208,53.985,-27.6551,-4.2692,173.13,437.95,-26.0711,-5.2968,,,0.22105,0
60.3204,21,55,6,1,67.00,561.89,dwell,151.87,378.15,202.39,0,179.142,8.883,179.877,-18.42,20.66,147.87,-17.85,-8.42,174.37,53.484,54.188,-23.9011,-5.1092,151.87,378.15,-25.0946,-5.2124,,,0.21619,0
60.4228,21,55,6,1,67.00,561.89,dwell,131.77,388.21,185.36,0,179.056,8.801,179.847,-18.52,20.75,147.81,-17.56,-8.13,173.90,53.417,54.073,-24.5748,-6.8158,131.77,388.21,-24.8607,-5.9339,,,0.18125,0
60.5185,21,55,6,1,67.00,561.89,dwell,154.21,375.97,205.36,0,178.981,8.647,179.821,-18.39,20.74,147.84,-17.77,-7.89,174.22,53.603,54.015,-24.0838,-6.0955,154.21,375.97,-24.5111,-6.0066,,,0.20422,0
60.6160,21,55,6,1,67.00,561.89,dwell,112.56,384.84,182.82,0,178.974,8.539,179.821,-18.31,20.62,147.83,-17.86,-8.34,174.18,53.227,53.827,-24.8879,-7.2561,112.56,384.84,-24.6806,-6.5689,,,0.20042,0
60.7224,21,55,6,1,67.00,561.89,dwell,153.29,474.86,122.56,0,178.796,8.672,179.793,-18.43,20.50,148.01,-18.49,-7.57,174.43,53.370,53.971,-27.9071,-5.6870,153.29,474.86,-26.1326,-6.1720,,,0.20367,0
60.8060,21,55,6,1,67.00,561.89,dwell,161.82,448.94,147.47,0,178.768,8.635,179.809,-18.33,20.65,147.96,-18.47,-7.96,174.73,53.109,53.641,-27.4413,-4.8966,161.82,448.94,-26.7215,-5.5981,,,0.21809,0
60.8887,21,55,6,1,67.00,561.89,dwell,160.17,449.26,146.17,0,178.725,8.594,179.800,-18.34,20.86,147.99,-17.73,-7.76,174.61,53.403,53.738,-28.1447,-5.7038,160.17,449.26,-27.3619,-5.6456,,,0.19405,0
60.9895,21,55,6,1,67.00,561.89,capture,135.01,537.98,72.09,0,178.678,8.706,179.780,-18.26,20.78,147.86,-17.38,-6.48,174.12,53.313,54.061,-29.6211,-6.6516,135.01,537.98,-28.3786,-6.0983,,,0.19579,0
61.0806,21,55,6,1,67.00,561.89,capture,141.41,519.71,85.53,0,178.596,8.753,179.776,-18.40,20.80,147.84,-17.86,-7.91,174.73,53.651,54.227,-29.7001,-5.5990,141.41,519.71,-28.9732,-5.8736,,,0.21557,0
61.1626,21,55,6,1,67.00,561.89,capture,133.96,529.97,74.18,0,178.685,8.693,179.760,-18.36,20.70,147.75,-17.92,-8.58,174.41,53.611,54.085,-29.4370,-6.8956,133.96,529.97,-29.1819,-6.3335,,,0.19625,0
61.2585,21,55,6,1,67.00,561.89,capture,135.26,527.46,76.45,0,178.690,8.784,179.774,-18.32,20.72,147.66,-18.07,-7.48,173.64,53.579,54.114,-30.5472,-5.9368,135.26,527.46,-29.7963,-6.1550,,,0.21553,0
61.3595,21,55,6,1,67.00,561.89,capture,134.83,526.93,76.31,0,178.668,8.639,179.794,-18.39,20.78,147.62,-17.71,-6.65,174.07,53.760,54.157,-30.4998,-6.1046,134.83,526.93,-30.1129,-6.1323,,,0.22608,0
61.4544,21,55,6,1,67.00,561.89,capture,143.43,536.38,80.57,0,178.752,8.645,179.774,-18.36,20.83,147.56,-18.20,-7.61,173.72,53.471,53.729,-30.6654,-5.9491,143.43,536.38,-30.3615,-6.0499,,,0.19603,0
61.5568,21,55,6,1,67.00,561.89,capture,131.39,504.82,86.04,0,178.736,8.641,179.780,-18.49,20.62,147.65,-18.44,-8.15,173.97,53.392,53.890,-28.3801,-6.9736,131.39,504.82,-29.4699,-6.4655,,,0.18596,0
61.6577,21,55,6,1,67.00,561.89,capture,160.04,518.47,102.67,0,178.735,8.682,179.772,-18.42,20.67,147.97,-17.40,-7.90,174.36,53.498,54.124,-29.9154,-4.9145,160.04,518.47,-29.6704,-5.7676,,,0.20467,0
61.7615,21,55,6,1,67.00,561.89,capture,150.10,518.47,93.76,0,178.740,8.542,179.781,-18.38,20.80,148.00,-18.14,-8.00,174.58,53.597,53.991,-29.6337,-5.2524,150.10,518.47,-29.6539,-5.5357,,,0.23695,0
61.8537,21,55,6,1,67.00,561.89,capture,153.50,518.39,96.82,0,178.681,8.461,179.765,-18.39,20.90,147.70,-18.26,-7.74,174.09,53.668,54.227,-29.0854,-5.1940,153.50,518.39,-29.3981,-5.3820,,,0.18331,0
61.9541,21,55,6,1,67.00,561.89,capture,134.07,500.28,91.07,0,178.842,8.337,179.794,-18.32,20.89,148.03,-17.86,-8.01,174.28,53.418,54.216,-29.2773,-6.6504,134.07,500.28,-29.3437,-5.9527,,,0.18179,0
62.0694,21,55,6,1,67.00,561.89,capture,152.62,529.67,91.48,0,178.909,8.387,179.777,-18.24,20.64,147.90,-18.57,-8.83,174.60,53.818,54.587,-30.6035,-6.4396,152.62,529.67,-29.9106,-6.1718,,,0.22257,0
62.1886,21,55,6,1,67.00,561.89,capture,132.64,512.74,82.00,0,178.984,8.447,179.784,-18.40,20.39,147.66,-18.09,-8.05,173.97,53.672,54.501,-29.9679,-6.6278,132.64,512.74,-29.9364,-6.3770,,,0.22472,0
62.2706,21,55,6,1,67.00,561.89,capture,134.56,521.98,78.47,0,178.938,8.320,179.783,-18.40,20.54,147.91,-18.34,-8.77,174.17,53.714,54.096,-29.7385,-6.7110,134.56,521.98,-29.8473,-6.5273,,,0.23521,0
62.3742,21,55,6,1,67.00,561.89,capture,144.16,509.08,93.50,0,178.873,8.359,179.782,-18.32,20.46,147.82,-17.70,-7.69,173.86,53.486,54.664,-29.5423,-6.5291,144.16,509.08,-29.7101,-6.5281,,,0.21290,0
62.4624,21,55,6,1,67.00,561.89,capture,172.61,537.03,108.50,0,178.913,8.394,179.781,-18.30,20.51,147.97,-18.01,-7.14,174.66,53.627,54.833,-31.6486,-4.3317,172.61,537.03,-30.5824,-5.5397,,,0.20339,0
62.5677,21,55,6,1,67.00,561.89,capture,148.59,541.29,84.15,0,178.882,8.199,179.803,-18.25,20.44,147.95,-17.50,-7.72,174.64,53.818,54.568,-31.5225,-5.8076,148.59,541.29,-31.0054,-5.6602,,,0.20375,0
62.6738,21,55,6,1,67.00,561.89,capture,135.73,522.47,79.23,0,178.911,8.272,179.814,-18.26,20.44,147.95,-17.50,-8.10,174.05,53.962,54.411,-30.6952,-6.5426,135.73,522.47,-30.8658,-6.0573,,,0.20912,0
62.7725,21,55,6,1,67.00,561.89,capture,157.68,507.28,105.85,0,178.945,8.270,179.788,-18.24,20.55,148.13,-17.87,-7.73,174.25,53.927,54.383,-28.7754,-5.7857,157.68,507.28,-29.9252,-5.9351,,,0.21852,0
62.8643,21,55,6,1,67.00,561.89,capture,133.07,501.00,89.85,0,178.937,8.260,179.789,-18.23,20.38,148.10,-18.28,-8.56,174.30,53.877,54.301,-29.2749,-6.1527,133.07,501.00,-29.6325,-6.0330,,,0.20208,0
62.9726,21,55,6,1,67.00,561.89,capture,145.27,515.81,90.83,0,178.943,8.346,179.818,-18.14,20.20,148.19,-17.05,-8.02,174.73,53.943,54.640,-29.0660,-6.0313,145.27,515.81,-29.3776,-6.0323,,,0.21826,0
63.1565,22,18,2,0,22.33,216.11,dwell,99.08,553.83,346.33,0,178.960,8.197,179.814,-18.12,20.32,147.89,-17.66,-8.19,174.29,53.530,54.844,-31.2664,-8.6605,99.08,553.83,-31.2664,-8.6605,,,0.22217,0
63.2396,22,18,2,0,22.33,216.11,dwell,174.82,615.66,427.66,0,178.979,8.167,179.775,-18.18,20.44,147.93,-17.83,-7.75,174.78,52.975,54.808,-33.2719,-5.0121,174.82,615.66,-32.1689,-7.0187,,,0.19222,0
63.3220,22,18,2,0,22.33,216.11,dwell,244.11,390.74,282.28,0,179.110,8.110,179.784,-18.19,20.54,147.85,-17.73,-7.21,174.50,53.121,54.501,-24.8549,-2.0599,244.11,390.74,-28.8776,-4.7872,,,0.19940,0
63.4188,22,18,2,0,22.33,216.11,dwell,133.73,412.06,225.40,0,179.078,7.943,179.824,-18.13,20.57,147.78,-17.44,-8.35,173.50,53.084,54.227,-25.7584,-6.7347,133.73,412.06,-27.4740,-5.6636,,,0.22942,0
63.5432,22,18,2,0,22.33,216.11,dwell,144.61,541.11,347.24,0,179.088,7.929,179.826,-18.19,20.52,147.82,-17.96,-7.74,173.99,53.205,54.191,-30.9237,-5.9615,144.61,541.11,-29.0264,-5.7976,,,0.20701,0
63.6475,22,18,2,0,22.33,216.11,dwell,80.17,391.17,184.37,0,179.007,7.976,179.793,-18.25,20.28,147.90,-17.83,-8.19,174.84,53.543,53.853,-25.7357,-9.4627,80.17,391.17,-27.5456,-7.4469,,,0.20587,0
63.7495,22,18,2,0,22.33,216.11,dwell,39.07,406.81,191.43,0,179.098,8.101,179.791,-18.18,20.31,148.05,-18.32,-8.43,174.32,53.489,54.154,-25.3033,-10.7020,39.07,406.81,-26.5365,-8.9117,,,0.19421,0
63.8546,22,18,2,0,22.33,216.11,dwell,76.03,446.53,236.59,0,179.119,8.117,179.753,-18.23,20.42,148.07,-17.95,-7.52,174.78,53.384,54.303,-28.0694,-9.4940,76.03,446.53,-27.2263,-9.1737,,,0.19779,0
63.9492,22,18,2,0,22.33,216.11,capture,83.26,380.46,175.28,0,178.987,7.864,179.774,-18.15,20.41,148.00,-17.95,-7.39,174.21,53.782,54.126,-24.4852,-9.0001,83.26,380.46,-25.9928,-9.0956,,,0.22122,0
64.0514,22,18,2,0,22.33,216.11,capture,74.29,387.45,179.04,0,178.913,7.861,179.803,-18.10,20.55,147.71,-17.62,-8.27,174.17,53.798,54.228,-25.3715,-10.1649,74.29,387.45,-25.7132,-9.5768,,,0.21673,0
64.1519,22,18,2,0,22.33,216.11,capture,80.88,405.20,197.95,0,178.842,7.989,179.813,-18.15,20.56,147.60,-18.11,-8.47,174.31,53.914,54.434,-25.3220,-9.8659,80.88,405.20,-25.5372,-9.7069,,,0.22161,0
64.2456,22,18,2,0,22.33,216.11,capture,99.32,376.36,177.78,0,178.917,7.908,179.819,-18.13,20.65,147.89,-17.38,-8.97,174.43,53.908,54.600,-24.6396,-8.6824,99.32,376.36,-25.1333,-9.2459,,,0.18471,0
64.3480,22,18,2,0,22.33,216.11,capture,115.80,395.99,202.71,0,178.970,8.107,179.833,-18.15,20.61,147.69,-17.73,-7.60,173.83,53.889,54.669,-25.1795,-7.8277,115.80,395.99,-25.1541,-8.6077,,,0.23467,0
64.4534,22,18,2,0,22.33,216.11,capture,93.73,370.64,170.23,0,178.888,8.224,179.842,-18.25,20.60,147.59,-17.54,-7.65,173.80,53.825,54.693,-23.7712,-8.4695,93.73,370.64,-24.5318,-8.5455,,,0.22166,0
64.5377,22,18,2,0,22.33,216.11,capture,75.83,386.26,178.36,0,178.959,8.256,179.861,-18.24,20.43,147.68,-17.78,-7.39,174.10,53.791,54.592,-23.9329,-9.1969,75.83,386.26,-24.2623,-8.8386,,,0.19884,0
64.6282,22,18,2,0,22.33,216.11,capture,78.15,373.34,166.84,0,178.997,8.352,179.859,-18.25,20.45,147.84,-17.91,-8.54,173.95,53.673,54.414,-24.2407,-8.9951,78.15,373.34,-24.2526,-8.9090,,,0.22790,0
64.7295,22,18,2,0,22.33,216.11,capture,77.04,378.89,171.73,0,178.978,8.161,179.864,-18.29,20.42,147.77,-17.75,-8.21,173.92,53.590,54.342,-24.7366,-9.3800,77.04,378.89,-24.4704,-9.1210,,,0.23218,0
64.8234,22,18,2,0,22.33,216.11,capture,94.05,391.03,189.05,0,179.123,8.156,179.900,-18.20,20.41,147.87,-18.16,-7.70,173.64,53.402,54.695,-25.2846,-8.6472,94.05,391.03,-24.8368,-8.9078,,,0.21635,0
64.9289,22,18,2,0,22.33,216.11,capture,97.26,383.70,183.58,0,179.095,8.117,179.867,-18.22,20.51,147.79,-17.96,-8.12,174.30,53.374,54.448,-25.5648,-8.7385,97.26,383.70,-25.1644,-8.8316,,,0.20548,0
65.0265,22,18,2,0,22.33,216.11,capture,102.53,380.66,183.05,0,179.007,8.082,179.857,-18.31,20.43,147.61,-18.27,-8.62,174.20,53.049,53.890,-23.2183,-8.3565,102.53,380.66,-24.2887,-8.6178,,,0.21744,0
65.1295,22,18,2,0,22.33,216.11,capture,90.91,392.72,189.46,0,178.911,8.062,179.835,-18.34,20.39,147.53,-17.75,-8.04,173.92,53.534,53.919,-25.7203,-8.8963,90.91,392.72,-24.9329,-8.7431,,,0.22822,0
65.2385,22,18,2,0,22.33,216.11,capture,91.85,399.04,195.69,0,178.919,8.007,179.838,-18.37,20.34,147.50,-18.63,-8.06,173.76,53.231,53.534,-25.0008,-8.5275,91.85,399.04,-24.9635,-8.6461,,,0.19327,0
65.3205,22,18,2,0,22.33,216.11,capture,93.06,371.63,170.85,0,179.034,7.923,179.839,-18.29,20.53,147.62,-17.48,-9.29,173.87,53.254,53.838,-23.7944,-8.0585,93.06,371.63,-24.4374,-8.3817,,,0.21626,0
65.4184,22,18,2,0,22.33,216.11,capture,82.11,384.81,178.98,0,178.999,7.843,179.835,-18.41,20.78,147.63,-17.84,-7.45,174.36,53.480,53.749,-24.3941,-9.0467,82.11,384.81,-24.4179,-8.6810,,,0.21053,0
65.5046,22,18,2,0,22.33,216.11,capture,86.13,372.01,168.45,0,178.993,7.767,179.829,-18.43,20.69,147.62,-17.54,-8.06,174.02,53.486,54.270,-23.7996,-9.0384,86.13,372.01,-24.1397,-8.8418,,,0.18171,0
65.6036,22,18,2,0,22.33,216.11,capture,94.63,395.29,193.21,0,179.051,7.796,179.760,-18.39,20.77,147.42,-17.83,-7.88,173.47,53.427,54.626,-25.7393,-8.8846,94.63,395.29,-24.8595,-8.8611,,,0.18852,0
65.7276,22,18,2,0,22.33,216.11,capture,77.00,379.61,172.40,0,178.869,7.787,179.742,-18.37,20.88,147.45,-17.99,-8.14,173.71,53.796,54.368,-24.6238,-9.4796,77.00,379.61,-24.7534,-9.1394,,,0.22524,0
65.8351,22,18,2,0,22.33,216.11,capture,98.22,384.97,185.13,0,178.946,7.766,179.735,-18.37,20.89,147.56,-18.01,-8.09,173.44,54.307,54.201,-24.9179,-8.3550,98.22,384.97,-24.8274,-8.7864,,,0.24899,0
65.9352,22,18,2,0,22.33,216.11,capture,102.91,397.25,198.25,0,178.949,7.721,179.742,-18.41,20.91,147.71,-17.97,-8.25,174.26,53.839,54.007,-25.2531,-7.8990,102.91,397.25,-25.0190,-8.3871,,,0.20617,0
66.1606,23,32,3,5,245.67,302.56,dwell,225.28,390.83,90.60,0,178.967,7.833,179.747,-18.42,20.96,147.42,-18.12,-8.02,173.58,53.815,54.510,-25.3118,-2.7281,225.28,390.83,-25.3118,-2.7281,,,0.20526,0
66.2472,23,32,3,5,245.67,302.56,dwell,221.86,153.04,151.40,0,179.072,7.836,179.727,-18.46,20.87,147.49,-17.79,-7.12,173.42,53.906,54.653,-15.3861,-2.4478,221.86,153.04,-20.8452,-2.6020,,,0.22560,0
66.3421,23,32,3,5,245.67,302.56,dwell,188.20,312.37,58.30,0,178.920,7.918,179.730,-18.48,20.76,147.59,-17.68,-7.67,173.74,53.586,54.946,-21.8719,-4.1563,188.20,312.37,-21.3072,-3.3014,,,0.20867,0
66.4353,23,32,3,5,245.67,302.56,dwell,144.37,271.63,105.91,0,178.867,7.857,179.774,-18.43,20.67,147.63,-18.03,-7.86,173.81,53.917,55.139,-20.5371,-5.6837,144.37,271.63,-20.9607,-4.3734,,,0.20553,0
66.5342,23,32,3,5,245.67,302.56,dwell,156.34,274.77,93.55,0,178.872,7.858,179.796,-18.52,20.59,147.66,-17.84,-7.80,173.93,53.875,55.125,-20.0237,-5.6801,156.34,274.77,-20.5390,-4.9614,,,0.21301,0
66.6295,23,32,3,5,245.67,302.56,dwell,155.46,308.39,90.40,0,178.794,7.867,179.807,-18.51,20.46,147.59,-18.24,-8.42,174.17,53.836,55.214,-22.3701,-5.7066,155.46,308.39,-21.3630,-5.2968,,,0.19155,0
66.7270,23,32,3,5,245.67,302.56,dwell,279.08,204.90,103.21,0,178.865,7.939,179.845,-18.47,20.59,147.76,-18.53,-8.17,173.89,53.794,54.923,-17.7584,0.3777,279.08,204.90,-19.7409,-2.7433,,,0.20637,0
66.8201,23,32,3,5,245.67,302.56,dwell,294.25,268.65,59.24,0,178.940,7.923,179.853,-18.39,20.61,147.59,-17.87,-7.90,174.18,53.576,54.838,-21.5491,1.3756,294.25,268.65,-20.5546,-0.8898,,,0.20899,0
66.9184,23,32,3,5,245.67,302.56,dwell,301.83,219.95,99.89,0,178.980,7.956,179.855,-18.33,20.52,147.46,-18.23,-8.37,174.54,53.287,54.657,-18.3084,1.1783,301.83,219.95,-19.5438,0.0408,,,0.18610,0
67.0308,23,32,3,5,245.67,302.56,dwell,367.72,254.42,131.20,0,179.040,7.945,179.886,-18.24,20.45,147.57,-18.14,-8.30,174.27,53.480,54.751,-19.4504,3.6123,367.72,254.42,-19.5018,1.6480,,,0.21065,0
67.1444,23,32,3,5,245.67,302.56,dwell,333.76,159.53,167.98,0,178.974,7.912,179.871,-18.30,20.36,147.44,-18.10,-7.55,173.71,53.730,54.181,-16.3892,1.9749,333.76,159.53,-18.1011,1.7951,,,0.18706,0
67.2638,23,32,3,5,245.67,302.56,capture,362.05,195.38,158.21,0,179.012,7.859,179.848,-18.29,20.26,147.35,-18.05,-7.83,173.98,53.648,53.910,-17.6668,4.4990,362.05,195.38,-17.9057,3.0119,,,0.19229,0
67.3617,23,32,3,5,245.67,302.56,capture,369.36,183.71,171.54,0,179.039,7.830,179.867,-18.34,20.19,147.55,-17.58,-8.01,173.73,53.656,53.789,-15.7216,4.1536,369.36,183.71,-16.9228,3.5257,,,0.20591,0
67.4437,23,32,3,5,245.67,302.56,capture,332.92,208.00,128.66,0,179.132,7.804,179.871,-18.43,20.16,147.46,-18.34,-8.50,174.11,53.587,53.645,-17.6195,2.6395,332.92,208.00,-17.2363,3.1269,,,0.22004,0
67.5399,23,32,3,5,245.67,302.56,capture,350.58,196.29,149.33,0,179.080,7.846,179.860,-18.37,20.22,147.31,-17.23,-8.03,173.21,53.862,53.483,-18.0538,3.3629,350.58,196.29,-17.6042,3.2331,,,0.20501,0
67.6365,23,32,3,5,245.67,302.56,capture,351.78,180.21,161.95,0,179.006,7.937,179.854,-18.41,20.28,147.18,-18.31,-8.76,173.06,53.618,53.508,-16.9593,3.4209,351.78,180.21,-17.3140,3.3176,,,0.19992,0
67.7275,23,32,3,5,245.67,302.56,capture,347.04,223.50,128.55,0,178.950,8.035,179.878,-18.30,20.42,147.35,-18.10,-8.93,173.53,53.460,53.480,-17.7328,3.4685,347.04,223.50,-17.5025,3.3855,,,0.19860,0
67.8456,23,32,3,5,245.67,302.56,capture,359.99,208.03,148.34,0,179.010,7.994,179.870,-18.31,20.53,147.31,-17.47,-7.84,173.95,53.732,53.842,-17.6409,3.6390,359.99,208.03,-17.5648,3.4996,,,0.21435,0
67.9525,23,32,3,5,245.67,302.56,capture,354.15,199.21,149.83,0,178.987,8.115,179.855,-18.26,20.46,147.20,-18.15,-7.19,173.83,53.399,54.129,-17.8483,4.0303,354.15,199.21,-17.6924,3.7384,,,0.20722,0
68.0484,23,32,3,5,245.67,302.56,capture,348.55,223.98,129.46,0,178.844,8.161,179.833,-18.19,20.30,147.32,-18.06,-8.59,173.34,53.603,53.815,-18.4436,3.7098,348.55,223.98,-18.0304,3.7255,,,0.18872,0
68.1447,23,32,3,5,245.67,302.56,capture,363.04,205.27,152.45,0,178.706,8.090,179.815,-18.22,20.40,147.19,-17.89,-9.01,173.01,53.466,53.556,-17.8194,3.3962,363.04,205.27,-17.9354,3.5773,,,0.21185,0
68.2446,23,32,3,5,245.67,302.56,capture,338.99,202.03,137.17,0,178.810,8.048,179.849,-18.39,20.34,147.39,-17.44,-8.09,173.58,53.351,54.064,-16.6842,3.3949,338.99,202.03,-17.3724,3.4952,,,0.19259,0
68.3479,23,32,3,5,245.67,302.56,capture,348.49,201.11,144.44,0,178.730,8.144,179.868,-18.34,20.28,147.52,-17.94,-8.78,173.72,53.522,53.951,-17.8293,4.2346,348.49,201.11,-17.5780,3.8279,,,0.20161,0
68.4520,23,32,3,5,245.67,302.56,capture,339.78,212.02,130.59,0,178.748,8.063,179.863,-18.40,20.40,147.47,-18.01,-8.19,174.13,53.689,54.070,-18.0318,2.6798,339.78,212.02,-17.7822,3.3113,,,0.22999,0
68.5580,23,32,3,5,245.67,302.56,capture,346.44,193.15,148.74,0,178.831,8.142,179.875,-18.27,20.48,147.46,-17.94,-8.03,173.71,53.471,53.846,-17.1199,3.2791,346.44,193.15,-17.4842,3.2968,,,0.20113,0
68.6489,23,32,3,5,245.67,302.56,capture,341.69,188.37,149.19,0,178.766,8.281,179.875,-18.17,20.40,147.50,-17.78,-8.05,173.39,53.471,53.581,-17.2444,3.3178,341.69,188.37,-17.3763,3.3063,,,0.21057,0
68.7659,23,32,3,5,245.67,302.56,capture,339.81,185.66,150.09,0,178.693,8.235,179.862,-18.15,20.34,147.65,-18.06,-8.06,173.50,53.511,53.913,-17.0759,2.3065,339.81,185.66,-17.2411,2.8564,,,0.19882,0
68.8593,23,32,3,5,245.67,302.56,capture,360.27,183.34,165.37,0,178.664,8.174,179.870,-18.19,20.45,147.38,-17.63,-7.95,173.25,53.633,53.741,-18.3991,3.9652,360.27,183.34,-17.7622,3.3553,,,0.18300,0
68.9555,23,32,3,5,245.67,302.56,capture,385.35,196.07,175.64,0,178.713,8.136,179.870,-18.17,20.37,147.28,-17.45,-7.75,173.20,53.651,54.151,-17.3572,5.1568,385.35,196.07,-17.5800,4.1660,,,0.21777,0
69.0481,23,32,3,5,245.67,302.56,capture,359.18,177.74,168.71,0,178.857,8.017,179.891,-18.25,20.51,147.29,-17.96,-7.83,173.37,53.839,54.299,-16.2505,3.6344,359.18,177.74,-16.9817,3.9268,,,0.21024,0
69.1488,23,32,3,5,245.67,302.56,capture,368.33,202.32,158.41,0,178.853,7.969,179.870,-18.24,20.70,147.75,-17.59,-7.83,173.97,53.508,54.245,-16.9052,4.0708,368.33,202.32,-16.9473,3.9916,,,0.21927,0
69.3325,24,8,0,8,379.67,43.22,dwell,441.52,122.87,100.84,0,178.941,8.023,179.874,-18.30,20.48,147.82,-17.90,-7.88,174.57,53.716,54.176,-13.7532,7.9168,441.52,122.87,-13.7532,7.9168,,,0.21567,0
69.4350,24,8,0,8,379.67,43.22,dwell,415.01,328.92,287.88,0,178.848,8.001,179.866,-18.24,20.25,147.67,-17.75,-8.10,174.00,53.589,54.173,-22.5205,6.5489,415.01,328.92,-17.6985,7.3013,,,0.20932,0
69.5419,24,8,0,8,379.67,43.22,dwell,239.35,121.12,160.49,0,178.728,8.002,179.863,-18.25,20.27,147.73,-18.01,-8.28,174.37,53.969,54.502,-14.1444,-1.5110,239.35,121.12,-16.0992,3.3357,,,0.23870,0
69.6472,24,8,0,8,379.67,43.22,dwell,345.12,39.08,34.79,0,178.856,7.893,179.834,-18.33,20.23,147.79,-17.66,-7.43,174.60,54.255,54.545,-11.9456,2.8443,345.12,39.08,-14.2301,3.1146,,,0.25182,0
69.7416,24,8,0,8,379.67,43.22,dwell,352.13,97.74,61.08,0,178.982,7.806,179.808,-18.40,20.29,147.75,-17.65,-9.02,173.96,54.402,54.587,-13.3895,3.6184,352.13,97.74,-13.8518,3.3413,,,0.22394,0
69.8457,24,8,0,8,379.67,43.22,dwell,441.06,101.52,84.66,0,178.937,7.674,179.846,-18.35,20.21,147.61,-17.94,-7.86,174.21,53.841,54.524,-14.3487,8.3431,441.06,101.52,-14.0754,5.5921,,,0.22747,0
69.9577,24,8,0,8,379.67,43.22,dwell,425.08,-40.60,95.33,0,178.886,7.672,179.851,-18.32,20.23,147.66,-17.71,-8.73,173.25,53.420,54.521,-7.8736,7.0928,425.08,-40.60,-11.2846,6.2674,,,0.21427,0
70.0506,24,8,0,8,379.67,43.22,dwell,391.40,66.92,26.44,1,178.815,7.527,179.838,-18.27,20.34,147.76,-18.47,-8.53,174.29,53.502,54.650,-11.7777,5.0984,391.40,66.92,-11.5065,5.7414,,,0.20261,0
70.1326,24,8,0,8,379.67,43.22,dwell,392.16,3.56,41.58,1,178.848,7.431,179.843,-18.45,20.21,147.77,-17.67,-8.65,173.86,53.734,54.286,-9.8666,5.9952,392.16,3.56,-10.7685,5.8556,,,0.18367,0
70.2294,24,8,0,8,379.67,43.22,dwell,416.70,-28.25,80.50,0,178.838,7.387,179.851,-18.36,20.01,147.85,-17.96,-9.07,174.51,53.627,54.229,-7.7805,6.5116,416.70,-28.25,-9.4239,6.1508,,,0.21227,0
70.3275,24,8,0,8,379.67,43.22,capture,434.22,-20.53,83.91,0,178.947,7.355,179.820,-18.48,20.17,147.80,-18.07,-7.99,174.89,53.464,54.188,-9.6335,7.3599,434.22,-20.53,-9.5182,6.6949,,,0.20676,0
70.4204,24,8,0,8,379.67,43.22,capture,414.41,-5.65,59.96,0,178.856,7.398,179.832,-18.49,20.15,147.63,-18.00,-8.84,173.66,53.408,54.512,-9.3182,6.7317,414.41,-5.65,-9.4282,6.7115,,,0.19865,0
70.5310,24,8,0,8,379.67,43.22,capture,401.57,2.22,46.49,1,178.950,7.377,179.854,-18.40,20.20,147.77,-17.70,-8.00,174.32,53.569,54.546,-9.0910,5.5242,401.57,2.22,-9.2764,6.1772,,,0.22257,0
70.6276,24,8,0,8,379.67,43.22,capture,418.88,-2.78,60.45,0,178.949,7.352,179.871,-18.43,20.10,147.80,-18.16,-8.91,174.47,53.638,54.827,-9.9926,6.6342,418.88,-2.78,-9.5987,6.3828,,,0.20612,0
70.7353,24,8,0,8,379.67,43.22,capture,428.85,-2.60,67.22,0,179.185,7.414,179.856,-18.52,20.17,147.68,-17.42,-7.94,173.56,53.875,54.514,-9.6321,7.2051,428.85,-2.60,-9.6137,6.7529,,,0.21199,0
70.8406,24,8,0,8,379.67,43.22,capture,429.36,-29.37,87.97,0,179.083,7.434,179.822,-18.56,20.44,147.57,-18.50,-7.98,173.62,54.010,54.676,-9.2303,6.9319,429.36,-29.37,-9.4412,6.8334,,,0.21470,0
70.9435,24,8,0,8,379.67,43.22,capture,410.50,-30.96,80.33,0,179.020,7.642,179.805,-18.53,20.44,147.42,-17.99,-7.63,173.56,53.476,54.976,-9.0959,6.1805,410.50,-30.96,-9.2858,6.5396,,,0.21060,0
71.0456,24,8,0,8,379.67,43.22,capture,414.07,-2.67,57.36,0,179.001,7.556,179.812,-18.52,20.43,147.32,-18.08,-8.52,173.83,53.802,54.526,-9.9696,6.0886,414.07,-2.67,-9.5935,6.3367,,,0.23860,0
71.1365,24,8,0,8,379.67,43.22,capture,431.33,-11.99,75.61,0,179.054,7.449,179.837,-18.53,20.38,147.38,-18.09,-7.64,173.59,53.460,54.386,-9.7482,6.8705,431.33,-11.99,-9.6631,6.5769,,,0.20163,0
71.2273,24,8,0,8,379.67,43.22,capture,412.53,-23.74,74.59,0,179.046,7.426,179.843,-18.58,20.30,147.54,-18.00,-7.91,173.76,53.096,54.370,-9.2096,6.4058,412.53,-23.74,-9.4590,6.4999,,,0.23815,0
71.3364,24,8,0,8,379.67,43.22,capture,421.69,2.11,58.79,0,179.069,7.473,179.864,-18.54,20.31,147.43,-17.74,-7.76,173.88,53.287,54.601,-9.6731,7.1558,421.69,2.11,-9.5554,6.7951,,,0.20733,0
71.4280,24,8,0,8,379.67,43.22,capture,416.21,-22.53,75.22,0,179.082,7.362,179.857,-18.63,20.49,147.61,-17.88,-7.56,173.83,53.099,54.259,-8.1441,6.1051,416.21,-22.53,-8.9203,6.4846,,,0.18116,0
71.5100,24,8,0,8,379.67,43.22,capture,414.44,-14.38,67.28,0,178.981,7.524,179.863,-18.61,20.46,147.71,-18.03,-7.14,173.62,52.978,54.433,-9.3385,7.2186,414.44,-14.38,-9.1085,6.8149,,,0.20800,0
71.6167,24,8,0,8,379.67,43.22,capture,416.33,-50.61,100.74,0,179.010,7.668,179.858,-18.51,20.58,147.49,-17.86,-7.85,173.70,53.201,54.352,-8.0211,7.4729,416.33,-50.61,-8.6191,7.1110,,,0.19373,0
71.7385,24,8,0,8,379.67,43.22,capture,426.74,-28.51,85.80,0,179.023,7.589,179.829,-18.55,20.61,147.75,-18.06,-7.80,174.16,53.645,54.458,-9.2453,6.8573,426.74,-28.51,-8.9009,6.9968,,,0.21284,0
71.8511,24,8,0,8,379.67,43.22,capture,421.02,-24.13,79.03,0,178.994,7.451,179.810,-18.56,20.43,147.54,-17.95,-8.80,173.86,53.715,54.476,-9.4810,6.6723,421.02,-24.13,-9.1619,6.8508,,,0.21918,0
71.9426,24,8,0,8,379.67,43.22,capture,423.68,-20.73,77.63,0,179.000,7.482,179.791,-18.47,20.15,147.61,-17.91,-8.49,174.30,53.944,54.303,-9.0297,6.5895,423.68,-20.73,-9.1024,6.7332,,,0.21744,0
72.0565,24,8,0,8,379.67,43.22,capture,444.44,-17.21,88.59,0,178.802,7.502,179.812,-18.47,20.16,147.61,-17.50,-8.27,174.07,53.905,53.877,-9.2669,7.6039,444.44,-17.21,-9.1764,7.1250,,,0.22102,0
72.1566,24,8,0,8,379.67,43.22,capture,418.24,-36.25,88.34,0,178.811,7.542,179.823,-18.60,20.33,147.58,-18.18,-7.91,173.88,53.579,53.824,-8.0037,6.7433,418.24,-36.25,-8.6487,6.9532,,,0.22431,0
72.2415,24,8,0,8,379.67,43.22,capture,401.30,-19.69,66.53,0,178.712,7.482,179.808,-18.64,20.41,147.62,-18.23,-8.39,174.10,53.511,53.734,-9.0397,5.0904,401.30,-19.69,-8.8246,6.1150,,,0.19909,0
72.4516,25,49,5,4,201.00,475.44,dwell,440.72,53.49,485.29,0,178.678,7.550,179.798,-18.57,20.61,147.85,-17.99,-7.35,174.22,53.676,53.689,-11.3960,6.7284,440.72,53.49,-11.3960,6.7284,,,0.21886,0
72.5607,25,49,5,4,201.00,475.44,dwell,342.18,46.80,451.30,0,178.698,7.736,179.788,-18.60,20.68,147.63,-17.70,-7.82,173.72,53.518,53.565,-12.0088,2.5013,342.18,46.80,-11.6718,4.8262,,,0.20512,0
72.6810,25,49,5,4,201.00,475.44,dwell,287.65,127.36,358.71,0,178.757,7.892,179.768,-18.45,20.68,147.67,-18.27,-8.16,173.78,53.730,53.245,-14.0535,0.4453,287.65,127.36,-12.7436,2.8548,,,0.20214,0
72.7689,25,49,5,4,201.00,475.44,dwell,288.46,276.58,217.25,0,178.820,8.046,179.770,-18.49,20.66,147.68,-17.40,-8.15,174.14,53.668,53.927,-19.7889,0.5716,288.46,276.58,-15.9140,1.8274,,,0.22782,0
72.8615,25,49,5,4,201.00,475.44,dwell,284.09,251.85,238.53,0,178.797,8.067,179.798,-18.39,20.71,147.69,-18.05,-8.23,174.25,53.757,53.999,-19.2019,0.4769,284.09,251.85,-17.3935,1.2196,,,0.19801,0
72.9664,25,49,5,4,201.00,475.44,dwell,260.20,392.44,101.95,0,178.806,8.094,179.818,-18.45,20.72,147.46,-17.44,-8.24,174.29,53.855,53.751,-24.6517,-1.2186,260.20,392.44,-20.6597,0.1224,,,0.20455,0
73.0594,25,49,5,4,201.00,475.44,dwell,205.64,367.76,107.78,0,178.909,8.147,179.811,-18.39,20.64,147.70,-17.40,-8.03,174.49,53.703,54.083,-23.3527,-3.5968,205.64,367.76,-21.8715,-1.5512,,,0.17200,0
73.1777,25,49,5,4,201.00,475.44,dwell,266.81,393.73,104.92,0,178.849,8.076,179.782,-18.40,20.65,147.60,-17.93,-7.74,174.17,53.461,54.503,-24.8744,-0.2445,266.81,393.73,-23.2228,-0.9632,,,0.20209,0
73.2731,25,49,5,4,201.00,475.44,capture,229.88,433.47,50.95,0,178.818,8.104,179.752,-18.43,20.75,147.49,-17.81,-7.92,174.23,53.239,54.470,-25.4456,-2.0229,229.88,433.47,-24.2231,-1.4400,,,0.20559,0
73.3785,25,49,5,4,201.00,475.44,capture,241.44,435.31,56.98,0,178.725,8.074,179.742,-18.40,20.71,147.30,-17.56,-7.73,173.72,53.260,54.315,-27.3341,-1.6250,241.44,435.31,-25.6230,-1.5233,,,0.17012,0
73.4959,25,49,5,4,201.00,475.44,capture,217.46,427.15,51.02,0,178.758,8.046,179.741,-18.51,20.81,147.39,-17.63,-7.97,174.25,53.321,53.889,-26.2729,-2.9926,217.46,427.15,-25.9155,-2.1845,,,0.19839,0
73.5923,25,49,5,4,201.00,475.44,capture,245.84,438.14,58.33,0,178.693,8.110,179.767,-18.44,20.77,147.24,-18.27,-7.99,172.97,53.706,53.977,-26.3053,-1.2897,245.84,438.14,-26.0909,-1.7818,,,0.20990,0
73.6743,25,49,5,4,201.00,475.44,capture,261.21,459.84,62.20,0,178.761,8.093,179.742,-18.45,20.76,147.02,-17.69,-7.51,173.72,53.191,54.355,-27.9007,-0.7766,261.21,459.84,-26.9053,-1.3295,,,0.19994,0
73.7807,25,49,5,4,201.00,475.44,capture,267.06,457.06,68.57,0,178.801,8.063,179.777,-18.54,20.75,146.73,-17.39,-8.55,173.26,53.268,54.372,-27.9172,-0.0759,267.06,457.06,-27.3607,-0.7654,,,0.17599,0
73.8710,25,49,5,4,201.00,475.44,capture,268.08,437.27,77.18,0,178.694,7.987,179.743,-18.45,20.87,146.60,-17.67,-6.96,172.16,53.570,54.204,-26.6337,-0.7487,268.08,437.27,-27.0335,-0.7579,,,0.21984,0
73.9646,25,49,5,4,201.00,475.44,capture,249.14,426.23,68.84,0,178.694,8.052,179.759,-18.43,20.97,146.62,-18.05,-8.21,172.83,53.827,54.055,-26.5281,-1.1756,249.14,426.23,-26.8061,-0.9458,,,0.23037,0
74.0594,25,49,5,4,201.00,475.44,capture,234.40,424.00,61.34,0,178.733,8.033,179.768,-18.46,21.04,146.91,-17.55,-7.20,173.09,53.743,54.335,-26.5170,-2.0117,234.40,424.00,-26.6760,-1.4255,,,0.22655,0
74.1490,25,49,5,4,201.00,475.44,capture,246.83,444.39,55.36,0,178.731,7.876,179.768,-18.65,20.88,146.74,-18.39,-7.62,172.63,53.840,54.636,-26.9722,-1.2140,246.83,444.39,-26.8093,-1.3303,,,0.20261,0
74.2445,25,49,5,4,201.00,475.44,capture,263.82,464.68,63.74,0,178.842,7.926,179.763,-18.60,20.89,147.10,-18.01,-8.09,173.26,53.860,54.465,-28.1130,-0.0109,263.82,464.68,-27.3959,-0.7366,,,0.21459,0
74.3471,25,49,5,4,201.00,475.44,capture,257.90,455.32,60.35,0,178.863,8.004,179.776,-18.50,20.84,147.03,-18.34,-7.93,172.96,53.307,54.514,-27.1436,-0.9486,257.90,455.32,-27.2824,-0.8320,,,0.18637,0
74.4291,25,49,5,4,201.00,475.44,capture,238.69,454.16,43.28,0,178.877,8.094,179.798,-18.40,20.94,146.84,-17.76,-6.69,173.25,53.149,54.603,-27.2303,-2.0357,238.69,454.16,-27.2590,-1.3737,,,0.22005,0
74.5368,25,49,5,4,201.00,475.44,capture,240.17,464.93,40.56,0,178.874,8.042,179.783,-18.48,20.78,146.98,-17.98,-7.40,172.74,53.464,54.461,-28.2171,-1.9322,240.17,464.93,-27.6901,-1.6250,,,0.20003,0
74.6342,25,49,5,4,201.00,475.44,capture,238.84,447.06,47.30,0,178.944,8.140,179.778,-18.62,20.52,147.07,-18.39,-8.07,173.26,53.800,54.419,-26.9071,-1.3266,238.84,447.06,-27.3378,-1.4907,,,0.19652,0
74.7526,25,49,5,4,201.00,475.44,capture,233.21,443.80,45.15,0,179.132,8.160,179.786,-18.71,20.44,147.07,-18.03,-8.72,173.09,53.663,54.566,-26.5641,-1.8537,233.21,443.80,-26.9896,-1.6541,,,0.21530,0
74.8346,25,49,5,4,201.00,475.44,capture,225.83,443.35,40.58,0,179.021,8.126,179.819,-18.65,20.48,146.95,-17.75,-7.75,172.85,53.361,54.936,-26.8254,-2.4347,225.83,443.35,-26.9157,-2.0053,,,0.20434,0
74.9448,25,49,5,4,201.00,475.44,capture,240.70,429.34,60.84,0,179.028,8.307,179.781,-18.66,20.56,146.81,-19.00,-7.40,172.96,53.247,54.881,-25.4832,-1.3222,240.70,429.34,-26.2711,-1.6979,,,0.19876,0
75.0359,25,49,5,4,201.00,475.44,capture,242.43,417.20,71.48,0,178.964,8.378,179.801,-18.63,20.38,146.77,-18.40,-7.95,173.07,52.814,54.551,-25.7439,-1.5476,242.43,417.20,-26.0339,-1.6303,,,0.17043,0
75.1393,25,49,5,4,201.00,475.44,capture,238.27,420.11,66.72,0,178.889,8.385,179.771,-18.51,20.47,146.80,-18.27,-7.98,173.20,52.827,54.868,-26.7208,-1.0307,238.27,420.11,-26.3430,-1.3604,,,0.16614,0
75.3673,26,23,2,5,245.67,216.11,dwell,238.16,584.41,368.38,0,178.848,8.261,179.769,-18.66,20.41,146.90,-18.14,-8.40,172.89,53.426,54.609,-32.2260,-1.9372,238.16,584.41,-32.2260,-1.9372,,,0.22824,0
75.4739,26,23,2,5,245.67,216.11,dwell,220.94,272.76,61.81,0,178.877,8.388,179.790,-18.69,20.35,146.81,-17.83,-8.38,172.16,53.381,54.835,-20.7448,-2.9084,220.94,272.76,-27.0595,-2.3743,,,0.19165,0
75.5675,26,23,2,5,245.67,216.11,dwell,333.92,389.64,194.68,0,178.887,8.384,179.825,-18.71,20.28,147.12,-18.30,-8.51,173.07,53.316,54.786,-25.4194,2.7145,333.92,389.64,-26.3214,-0.0843,,,0.22951,0
75.6807,26,23,2,5,245.67,216.11,dwell,257.66,459.45,243.63,0,178.863,8.406,179.828,-18.62,20.49,147.30,-17.85,-8.36,173.47,53.153,54.405,-27.2787,-1.3667,257.66,459.45,-26.7522,-0.6614,,,0.22748,0
75.7773,26,23,2,5,245.67,216.11,dwell,164.57,425.02,224.10,0,178.881,8.239,179.827,-18.59,20.64,147.32,-17.95,-7.28,173.88,53.650,54.175,-27.2540,-5.5667,164.57,425.02,-26.9780,-2.8688,,,0.20238,0
75.8935,26,23,2,5,245.67,216.11,dwell,246.54,379.07,162.96,0,178.930,8.373,179.789,-18.55,20.44,147.34,-16.88,-7.96,173.91,53.819,54.320,-23.9195,-1.5729,246.54,379.07,-25.6017,-2.2856,,,0.21857,0
76.0006,26,23,2,5,245.67,216.11,dwell,236.31,268.31,53.03,0,178.945,8.419,179.763,-18.53,20.42,147.37,-18.27,-7.65,173.98,53.755,53.979,-20.5912,-1.3040,236.31,268.31,-23.3470,-1.8439,,,0.19987,0
76.0996,26,23,2,5,245.67,216.11,dwell,218.99,339.97,126.70,0,178.980,8.269,179.798,-18.35,20.58,147.11,-18.51,-8.38,173.33,53.825,53.625,-23.7313,-2.7572,218.99,339.97,-23.5199,-2.2549,,,0.23040,0
76.1961,26,23,2,5,245.67,216.11,dwell,309.59,379.97,175.89,0,178.947,8.185,179.825,-18.17,20.60,147.23,-17.22,-8.05,173.48,54.130,53.695,-23.9442,1.6187,309.59,379.97,-23.7108,-0.5118,,,0.21625,0
76.2885,26,23,2,5,245.67,216.11,dwell,212.37,318.62,107.78,0,178.923,8.242,179.805,-18.16,20.50,147.30,-17.65,-8.18,173.94,54.179,53.801,-22.2336,-4.0331,212.37,318.62,-23.0461,-2.0964,,,0.22991,0
76.4196,26,23,2,5,245.67,216.11,dwell,209.05,354.36,143.02,0,178.951,8.213,179.830,-18.25,20.53,147.44,-17.78,-7.80,173.71,53.739,53.926,-23.6296,-3.0070,209.05,354.36,-23.3087,-2.5061,,,0.20135,0
76.5234,26,23,2,5,245.67,216.11,capture,230.88,349.90,134.60,0,179.023,8.174,179.828,-18.41,20.57,147.45,-18.12,-7.71,173.28,53.547,53.818,-22.6551,-2.5172,230.88,349.90,-23.0146,-2.5111,,,0.22124,0
76.6108,26,23,2,5,245.67,216.11,capture,224.27,336.79,122.56,0,179.061,8.212,179.827,-18.40,20.60,147.39,-17.83,-8.59,173.15,53.439,53.696,-22.9966,-2.1265,224.27,336.79,-23.0065,-2.3380,,,0.19844,0
76.7211,26,23,2,5,245.67,216.11,capture,220.40,324.78,111.57,0,179.106,8.244,179.819,-18.26,20.45,147.59,-17.61,-8.57,173.83,53.810,53.491,-22.9339,-2.3964,220.40,324.78,-22.9738,-2.3643,,,0.22024,0
76.8272,26,23,2,5,245.67,216.11,capture,195.06,327.85,122.66,0,179.052,8.186,179.781,-18.29,20.57,147.56,-17.72,-7.45,174.36,53.512,53.803,-22.7084,-2.9878,195.06,327.85,-22.8544,-2.6449,,,0.22062,0
76.9293,26,23,2,5,245.67,216.11,capture,214.15,350.20,137.74,0,178.955,8.157,179.783,-18.40,20.68,147.62,-17.98,-8.49,174.12,53.553,53.824,-23.6630,-3.3310,214.15,350.20,-23.2183,-2.9536,,,0.21194,0
77.0192,26,23,2,5,245.67,216.11,capture,232.47,336.83,121.44,0,178.893,8.064,179.783,-18.35,20.49,147.81,-17.92,-8.49,174.22,53.842,54.125,-22.7536,-2.5201,232.47,336.83,-23.0092,-2.7585,,,0.24008,0
77.1486,26,23,2,5,245.67,216.11,capture,225.83,301.87,88.02,0,178.971,8.032,179.780,-18.46,20.45,147.77,-17.71,-7.87,173.58,53.534,54.024,-22.0613,-2.5857,225.83,301.87,-22.5826,-2.6808,,,0.22033,0
77.2569,26,23,2,5,245.67,216.11,capture,249.14,325.73,109.67,0,178.947,8.088,179.783,-18.61,20.60,147.65,-18.11,-8.03,173.89,53.752,53.876,-22.8088,-1.7259,249.14,325.73,-22.6844,-2.2511,,,0.18605,0
77.3566,26,23,2,5,245.67,216.11,capture,236.10,313.06,97.42,0,178.989,8.049,179.797,-18.62,20.52,147.80,-17.90,-8.07,174.19,53.575,54.217,-21.5511,-1.7362,236.10,313.06,-22.1744,-2.0194,,,0.22410,0
77.4567,26,23,2,5,245.67,216.11,capture,215.73,331.06,118.78,0,179.021,7.975,179.796,-18.55,20.40,147.70,-17.83,-8.09,174.06,53.815,54.402,-23.2526,-2.5737,215.73,331.06,-22.6596,-2.2688,,,0.20948,0
77.5645,26,23,2,5,245.67,216.11,capture,223.83,337.50,123.34,0,179.053,7.899,179.825,-18.57,20.56,147.64,-18.08,-8.13,173.90,53.639,54.470,-22.2885,-2.7331,223.83,337.50,-22.4926,-2.4777,,,0.22542,0
77.6598,26,23,2,5,245.67,216.11,capture,223.84,320.03,106.19,0,179.065,7.887,179.833,-18.41,20.61,147.60,-17.99,-9.82,174.59,53.883,54.269,-22.1925,-2.1967,223.84,320.03,-22.3575,-2.3513,,,0.22400,0
77.7540,26,23,2,5,245.67,216.11,capture,216.77,337.89,125.16,0,179.112,8.046,179.860,-18.38,20.61,147.33,-17.73,-7.94,173.50,54.015,54.208,-22.6965,-3.4264,216.77,337.89,-22.5101,-2.8351,,,0.21847,0
77.8515,26,23,2,5,245.67,216.11,capture,231.42,334.17,118.92,0,179.159,8.035,179.872,-18.48,20.45,147.67,-18.28,-8.03,173.60,54.031,54.511,-22.5639,-1.5926,231.42,334.17,-22.5343,-2.2760,,,0.21769,0
77.9512,26,23,2,5,245.67,216.11,capture,237.18,317.44,101.68,0,179.169,8.045,179.864,-18.38,20.38,147.49,-18.18,-7.55,173.77,54.012,54.260,-21.7385,-1.7421,237.18,317.44,-22.1762,-2.0357,,,0.20216,0
78.0413,26,23,2,5,245.67,216.11,capture,233.07,354.60,139.06,0,179.074,7.980,179.850,-18.31,20.41,147.46,-17.40,-7.36,173.44,53.948,54.213,-23.7561,-1.3323,233.07,354.60,-22.8871,-1.7192,,,0.22967,0
78.1474,26,23,2,5,245.67,216.11,capture,221.39,337.51,123.80,0,179.002,7.971,179.832,-18.38,20.41,147.36,-17.95,-7.75,173.63,53.408,54.708,-23.4847,-2.7989,221.39,337.51,-23.1560,-2.2051,,,0.20113,0
78.2500,26,23,2,5,245.67,216.11,capture,234.78,328.50,112.91,0,178.907,7.962,179.889,-18.49,20.60,147.33,-18.23,-8.74,173.05,53.597,54.237,-23.1815,-1.4570,234.78,328.50,-23.1675,-1.8684,,,0.20172,0
78.3641,26,23,2,5,245.67,216.11,capture,223.22,336.35,122.32,0,178.819,7.985,179.850,-18.47,20.63,147.42,-17.61,-7.41,174.06,53.752,54.078,-24.3824,-2.5224,223.22,336.35,-23.7142,-2.1627,,,0.21085,0
78.4752,26,23,2,5,245.67,216.11,capture,236.25,345.73,129.96,0,178.791,7.947,179.847,-18.54,20.57,147.46,-18.34,-7.46,173.87,53.906,54.195,-23.7182,-2.5133,236.25,345.73,-23.7160,-2.3205,,,0.22985,0
78.6348,27,22,2,4,201.00,216.11,dwell,238.77,290.45,83.38,0,178.875,8.071,179.843,-18.48,20.51,147.59,-18.34,-8.61,174.00,53.620,54.805,-21.6832,-1.3801,238.77,290.45,-21.6832,-1.3801,,,0.22322,0
78.7380,27,22,2,4,201.00,216.11,dwell,250.40,249.05,59.37,0,178.805,7.986,179.852,-18.47,20.52,147.34,-17.96,-8.25,173.57,53.711,54.839,-19.8642,-0.8715,250.40,249.05,-20.8646,-1.1512,,,0.20855,0
78.8200,27,22,2,4,201.00,216.11,dwell,142.43,280.85,87.30,0,178.721,8.003,179.849,-18.45,20.66,147.40,-17.59,-6.92,173.70,53.422,54.754,-19.6296,-6.1874,142.43,280.85,-20.3089,-3.4175,,,0.18272,0
78.9285,27,22,2,4,201.00,216.11,dwell,94.61,197.03,108.09,0,178.645,7.988,179.871,-18.32,20.65,147.64,-17.92,-8.12,173.87,53.453,54.717,-17.5193,-8.5011,94.61,197.03,-19.0535,-5.7051,,,0.20043,0
79.0422,27,22,2,4,201.00,216.11,dwell,195.12,246.99,31.43,1,178.619,7.988,179.845,-18.33,20.53,147.63,-18.36,-8.85,174.17,53.395,54.536,-20.0684,-4.2108,195.12,246.99,-19.5102,-5.0327,,,0.20037,0
79.1573,27,22,2,4,201.00,216.11,dwell,225.98,221.84,25.63,0,178.660,8.159,179.848,-18.34,20.44,147.57,-18.08,-8.14,174.33,53.349,54.318,-17.3642,-2.5979,225.98,221.84,-18.5445,-3.9370,,,0.21587,0
79.2393,27,22,2,4,201.00,216.11,dwell,269.01,159.59,88.43,0,178.614,8.090,179.859,-18.48,20.50,147.53,-18.52,-7.55,174.34,53.383,54.515,-16.0503,-0.0837,269.01,159.59,-17.4221,-2.2030,,,0.23405,0
79.3293,27,22,2,4,201.00,216.11,dwell,236.71,133.52,89.98,0,178.661,8.057,179.866,-18.43,20.45,147.64,-18.50,-8.30,173.81,53.229,54.549,-15.3858,-1.7039,236.71,133.52,-16.5058,-1.9784,,,0.22099,0
79.4354,27,22,2,4,201.00,216.11,dwell,208.46,117.30,99.09,0,178.748,7.974,179.873,-18.55,20.34,147.75,-17.53,-8.67,173.95,53.588,54.255,-13.8113,-2.9886,208.46,117.30,-15.2933,-2.4330,,,0.22460,0
79.5368,27,22,2,4,201.00,216.11,capture,210.45,42.55,173.82,0,178.674,7.964,179.861,-18.59,20.46,147.68,-17.52,-8.53,174.01,53.166,54.911,-10.7426,-2.3054,210.45,42.55,-13.2455,-2.3756,,,0.16413,0
79.6310,27,22,2,4,201.00,216.11,capture,194.47,78.88,137.39,0,178.759,7.934,179.846,-18.47,20.53,147.79,-18.23,-8.32,173.66,53.244,54.722,-13.3959,-3.9090,194.47,78.88,-13.3132,-3.0656,,,0.20102,0
79.7168,27,22,2,4,201.00,216.11,capture,192.55,79.72,136.65,0,178.633,7.850,179.843,-18.43,20.55,147.81,-18.00,-7.76,174.28,53.546,54.294,-12.7716,-3.3616,192.55,79.72,-13.0695,-3.1988,,,0.22601,0
79.8024,27,22,2,4,201.00,216.11,capture,210.79,92.34,124.16,0,178.637,7.853,179.834,-18.47,20.47,147.62,-17.58,-8.18,174.19,53.251,54.207,-13.1406,-3.1808,210.79,92.34,-13.1015,-3.1907,,,0.20405,0
79.8915,27,22,2,4,201.00,216.11,capture,202.28,110.68,105.44,0,178.593,7.954,179.844,-18.49,20.45,147.95,-17.80,-7.86,174.36,53.186,54.396,-14.1131,-4.1434,202.28,110.68,-13.5567,-3.6194,,,0.18338,0
79.9757,27,22,2,4,201.00,216.11,capture,190.67,124.32,92.37,0,178.557,8.020,179.823,-18.57,20.70,147.97,-18.05,-7.82,175.15,53.245,54.207,-13.5964,-4.2779,190.67,124.32,-13.5746,-3.9157,,,0.18685,0
80.0787,27,22,2,4,201.00,216.11,capture,198.64,110.19,105.95,0,178.654,7.809,179.840,-18.63,20.68,147.84,-18.18,-7.95,174.28,53.167,54.753,-14.3222,-3.1833,198.64,110.19,-13.9110,-3.5861,,,0.18606,0
80.2051,27,22,2,4,201.00,216.11,capture,209.02,57.29,159.02,0,178.632,7.861,179.805,-18.77,20.66,147.90,-17.51,-7.85,174.28,53.556,54.607,-13.3802,-3.2040,209.02,57.29,-13.6721,-3.4142,,,0.23872,0
80.3257,27,22,2,4,201.00,216.11,capture,197.29,83.55,132.61,0,178.685,7.917,179.788,-18.79,20.52,147.49,-18.23,-8.66,174.02,53.714,54.394,-13.2560,-3.9696,197.29,83.55,-13.4849,-3.6641,,,0.19846,0
80.4330,27,22,2,4,201.00,216.11,capture,196.94,89.20,126.98,0,178.750,7.899,179.821,-18.57,20.54,147.32,-17.67,-7.56,173.29,53.747,54.254,-13.5872,-3.8939,196.94,89.20,-13.5309,-3.7675,,,0.22612,0
80.5150,27,22,2,4,201.00,216.11,capture,211.88,106.08,110.57,0,178.798,7.823,179.830,-18.53,20.55,147.30,-17.86,-7.31,174.01,54.038,54.534,-14.2296,-3.0381,211.88,106.08,-13.8453,-3.4393,,,0.22144,0
80.6282,27,22,2,4,201.00,216.11,capture,205.30,72.23,143.95,0,178.884,7.918,179.835,-18.45,20.60,147.24,-17.11,-8.10,173.52,53.862,54.406,-13.1105,-3.1547,205.30,72.23,-13.5147,-3.3112,,,0.22687,0
80.7338,27,22,2,4,201.00,216.11,capture,198.64,56.50,159.63,0,178.879,7.795,179.897,-18.49,20.68,147.35,-17.85,-8.10,173.02,53.862,53.889,-12.2168,-3.2044,198.64,56.50,-12.9306,-3.2631,,,0.19328,0
80.8381,27,22,2,4,201.00,216.11,capture,208.81,100.78,115.60,0,178.967,7.821,179.872,-18.42,20.59,147.26,-18.20,-8.05,173.83,53.808,53.597,-14.5393,-2.0665,208.81,100.78,-13.6545,-2.7246,,,0.22325,0
80.9390,27,22,2,4,201.00,216.11,capture,233.36,88.10,132.04,0,178.943,7.772,179.845,-18.49,20.57,147.36,-18.30,-7.79,173.63,54.025,53.554,-13.9565,-1.8905,233.36,88.10,-13.7904,-2.3493,,,0.21614,0
81.0529,27,22,2,4,201.00,216.11,capture,211.28,66.31,150.15,0,179.002,7.806,179.876,-18.47,20.67,147.41,-18.24,-7.36,173.54,53.954,53.821,-12.4444,-2.7352,211.28,66.31,-13.1847,-2.5229,,,0.22187,0
81.1656,27,22,2,4,201.00,216.11,capture,224.86,78.05,140.11,0,179.086,7.797,179.848,-18.44,20.79,147.89,-17.68,-7.29,173.97,54.316,53.721,-12.7645,-2.3611,224.86,78.05,-12.9956,-2.4501,,,0.25033,0
81.2739,27,22,2,4,201.00,216.11,capture,205.44,85.53,130.66,0,179.185,7.787,179.855,-18.41,20.77,147.66,-18.39,-8.25,174.23,54.264,54.198,-12.8087,-3.4187,205.44,85.53,-12.9115,-2.8860,,,0.22162,0
81.3709,27,22,2,4,201.00,216.11,capture,223.91,80.96,137.08,0,179.212,7.566,179.818,-18.36,20.71,147.97,-17.23,-7.41,174.55,53.933,53.848,-12.8446,-2.2645,223.91,80.96,-12.8814,-2.6063,,,0.19634,0
81.4639,27,22,2,4,201.00,216.11,capture,207.43,93.32,122.96,0,179.017,7.781,179.811,-18.49,20.69,148.14,-17.97,-8.20,174.35,53.926,54.025,-13.2485,-2.5632,207.43,93.32,-13.0466,-2.5869,,,0.21675,0
81.6573,28,12,1,3,156.33,129.67,dwell,326.42,48.10,188.63,0,178.941,7.803,179.805,-18.45,20.68,148.19,-17.49,-7.44,175.27,53.837,54.189,-11.9718,2.0016,326.42,48.10,-11.9718,2.0016,,,0.22466,0
81.7509,28,12,1,3,156.33,129.67,dwell,254.15,8.13,156.01,0,178.876,7.793,179.816,-18.39,20.81,147.90,-18.53,-7.64,173.68,53.722,53.720,-10.4234,-0.9765,254.15,8.13,-11.2751,0.6615,,,0.22008,0
81.8480,28,12,1,3,156.33,129.67,dwell,194.22,49.63,88.55,0,178.882,7.713,179.830,-18.35,20.79,147.79,-18.28,-7.69,174.48,53.497,53.782,-11.2283,-4.0728,194.22,49.63,-11.2540,-1.4689,,,0.18688,0
81.9367,28,12,1,3,156.33,129.67,dwell,171.07,115.68,20.32,1,178.890,7.836,179.837,-18.32,20.75,147.91,-18.34,-7.75,174.25,53.151,53.968,-13.6343,-4.8736,171.07,115.68,-12.3252,-3.0010,,,0.21894,0
82.0368,28,12,1,3,156.33,129.67,dwell,170.57,78.32,53.28,0,178.756,7.775,179.813,-18.45,20.58,148.00,-17.10,-7.30,174.21,53.259,53.932,-13.1919,-5.3218,170.57,78.32,-12.7152,-4.0454,,,0.17356,0
82.1436,28,12,1,3,156.33,129.67,dwell,84.94,158.08,76.84,0,178.669,7.731,179.821,-18.53,20.64,147.88,-18.01,-8.17,174.05,53.594,53.602,-15.4688,-9.0471,84.94,158.08,-13.9543,-6.2962,,,0.22454,0
82.2376,28,12,1,3,156.33,129.67,dwell,133.15,140.61,25.64,0,178.929,7.770,179.826,-18.53,20.54,147.95,-17.88,-8.26,173.93,53.529,53.752,-14.3324,-7.0329,133.15,140.61,-14.1244,-6.6277,,,0.20390,0
82.3475,28,12,1,3,156.33,129.67,dwell,119.81,80.58,61.18,0,178.893,7.767,179.823,-18.43,20.56,147.66,-17.82,-7.51,173.68,53.228,53.719,-13.6479,-7.5214,119.81,80.58,-13.9100,-7.0298,,,0.18251,0
82.4401,28,12,1,3,156.33,129.67,capture,123.31,116.11,35.70,0,178.914,7.909,179.792,-18.48,20.58,147.55,-17.72,-7.66,174.05,53.098,54.001,-14.8502,-7.2307,123.31,116.11,-14.3331,-7.1202,,,0.19915,0
82.5450,28,12,1,3,156.33,129.67,capture,105.05,131.21,51.31,0,178.979,7.789,179.807,-18.45,20.60,147.24,-18.34,-8.49,173.64,53.139,53.833,-14.5907,-7.5550,105.05,131.21,-14.4490,-7.3159,,,0.20358,0
82.6425,28,12,1,3,156.33,129.67,capture,95.17,142.05,62.40,0,178.992,7.852,179.823,-18.28,20.57,147.12,-18.23,-7.92,173.25,53.468,54.323,-15.1360,-9.0216,95.17,142.05,-14.7582,-8.0835,,,0.22146,0
82.7396,28,12,1,3,156.33,129.67,capture,110.99,152.36,50.71,0,179.149,7.730,179.802,-18.19,20.72,147.12,-17.49,-7.77,173.44,53.532,54.307,-15.1910,-7.5437,110.99,152.36,-14.9529,-7.8406,,,0.20443,0
82.8597,28,12,1,3,156.33,129.67,capture,93.44,111.19,65.55,0,178.888,7.732,179.780,-18.18,20.56,147.15,-17.10,-8.53,173.13,53.435,54.483,-13.3471,-8.9657,93.44,111.19,-14.2303,-8.3469,,,0.20964,0
82.9573,28,12,1,3,156.33,129.67,capture,100.44,135.60,56.21,0,178.864,7.896,179.770,-18.29,20.68,146.96,-17.16,-7.57,173.06,53.175,54.203,-15.1168,-7.2513,100.44,135.60,-14.6293,-7.8538,,,0.19257,0
83.0511,28,12,1,3,156.33,129.67,capture,102.13,135.62,54.53,0,178.779,7.862,179.777,-18.49,20.79,146.82,-18.06,-7.59,172.99,53.544,54.266,-14.5560,-7.7295,102.13,135.62,-14.5963,-7.7979,,,0.19961,0
83.1637,28,12,1,3,156.33,129.67,capture,99.31,126.75,57.10,0,178.713,8.021,179.819,-18.42,20.77,146.91,-17.75,-7.82,173.35,53.437,54.161,-14.8190,-8.1265,99.31,126.75,-14.6965,-7.9458,,,0.19087,0
83.2656,28,12,1,3,156.33,129.67,capture,117.17,113.65,42.31,0,178.667,7.864,179.836,-18.37,20.67,147.11,-17.61,-7.12,173.41,53.568,54.134,-13.4325,-7.9948,117.17,113.65,-14.1277,-7.9679,,,0.20629,0
83.3760,28,12,1,3,156.33,129.67,capture,105.79,144.39,52.64,0,178.731,7.812,179.860,-18.33,20.64,147.14,-17.73,-8.41,173.04,53.543,54.390,-15.4166,-8.2359,105.79,144.39,-14.7077,-8.0885,,,0.20602,0
83.4699,28,12,1,3,156.33,129.67,capture,115.57,134.09,41.00,0,178.846,7.758,179.858,-18.39,20.74,147.19,-17.65,-6.87,173.16,53.520,54.476,-14.6282,-7.4430,115.57,134.09,-14.6720,-7.7980,,,0.21387,0
83.5545,28,12,1,3,156.33,129.67,capture,104.35,130.09,51.99,0,178.887,7.703,179.825,-18.46,20.87,147.44,-18.41,-7.49,173.53,53.965,54.235,-14.0859,-8.2410,104.35,130.09,-14.4082,-7.9974,,,0.20875,0
83.6599,28,12,1,3,156.33,129.67,capture,125.58,135.56,31.31,0,178.883,7.653,179.813,-18.45,20.81,147.50,-18.16,-6.34,173.99,53.929,54.253,-13.6709,-6.9672,125.58,135.56,-14.0764,-7.5338,,,0.20330,0
83.7771,28,12,1,3,156.33,129.67,capture,117.28,130.88,39.07,0,178.868,7.631,179.806,-18.47,20.73,147.66,-18.04,-7.09,173.91,53.857,54.015,-14.0726,-7.3055,117.28,130.88,-14.0747,-7.4311,,,0.20288,0
83.8720,28,12,1,3,156.33,129.67,capture,96.54,138.42,60.43,0,178.813,7.633,179.752,-18.37,20.58,147.53,-18.15,-7.64,173.67,53.643,54.146,-15.3346,-8.4384,96.54,138.42,-14.6416,-7.8843,,,0.20858,0
83.9694,28,12,1,3,156.33,129.67,capture,120.83,124.99,35.81,0,178.814,7.674,179.752,-18.39,20.46,147.35,-17.44,-7.23,173.49,53.429,54.196,-14.9719,-7.2200,120.83,124.99,-14.7903,-7.5854,,,0.20965,0
84.0571,28,12,1,3,156.33,129.67,capture,110.45,135.91,46.31,0,178.791,7.535,179.751,-18.42,20.16,147.12,-17.90,-7.95,173.30,53.601,54.197,-15.9905,-8.1698,110.45,135.91,-15.3304,-7.8484,,,0.22526,0
84.1565,28,12,1,3,156.33,129.67,capture,112.83,113.52,46.40,0,178.872,7.568,179.755,-18.39,20.37,147.45,-17.70,-8.45,173.63,53.244,54.580,-14.2813,-7.9305,112.83,113.52,-14.8583,-7.8853,,,0.22088,0
84.2444,28,12,1,3,156.33,129.67,capture,118.21,150.97,43.67,0,178.859,7.556,179.781,-18.52,20.61,147.35,-17.95,-7.94,173.51,53.468,54.770,-16.1033,-7.4902,118.21,150.97,-15.4185,-7.7075,,,0.22290,0
84.3456,28,12,1,3,156.33,129.67,capture,115.36,155.63,48.51,0,178.892,7.613,179.778,-18.38,20.73,147.42,-17.94,-7.84,173.56,53.077,54.480,-15.2226,-7.9477,115.36,155.63,-15.3303,-7.8156,,,0.18483,0
84.5068,29,54,6,0,22.33,561.89,dwell,37.28,199.56,362.64,0,178.868,7.634,179.778,-18.40,20.86,147.44,-17.82,-7.67,173.95,53.252,54.116,-18.0891,-11.5318,37.28,199.56,-18.0891,-11.5318,,,0.19653,0
84.5888,29,54,6,0,22.33,561.89,dwell,102.00,198.29,372.22,0,178.780,7.774,179.799,-18.41,20.80,147.50,-17.74,-7.45,173.72,53.566,54.140,-16.9120,-8.5400,102.00,198.29,-17.5594,-10.1855,,,0.18633,0
84.6879,29,54,6,0,22.33,561.89,dwell,116.90,176.71,396.62,0,179.013,7.863,179.818,-18.46,20.77,147.48,-17.67,-8.24,174.14,53.168,54.414,-17.7484,-6.8132,116.90,176.71,-17.6445,-8.6680,,,0.18502,0
84.7699,29,54,6,0,22.33,561.89,dwell,127.83,333.02,252.01,0,179.007,8.107,179.811,-18.39,20.84,147.51,-18.48,-7.89,173.34,52.950,54.513,-21.6080,-6.7572,127.83,333.02,-19.4280,-7.8081,,,0.17965,0
84.8743,29,54,6,0,22.33,561.89,dwell,26.60,265.35,296.57,0,179.105,8.200,179.852,-18.49,20.99,147.38,-17.94,-7.45,173.37,53.119,54.394,-20.4919,-11.6170,26.60,265.35,-19.9068,-9.5221,,,0.19404,0
84.9720,29,54,6,0,22.33,561.89,dwell,61.91,344.61,220.85,0,179.164,8.136,179.826,-18.54,20.93,147.44,-18.03,-8.23,174.14,53.488,54.845,-22.7144,-9.9438,61.91,344.61,-21.1702,-9.7119,,,0.21254,0
85.0851,29,54,6,0,22.33,561.89,dwell,129.77,322.02,262.83,0,179.281,8.404,179.849,-18.43,20.92,147.34,-18.13,-8.42,173.54,53.336,54.988,-21.7157,-7.5259,129.77,322.02,-21.4157,-8.7282,,,0.22673,0
85.1794,29,54,6,0,22.33,561.89,dwell,47.97,366.00,197.56,0,179.129,8.377,179.838,-18.29,21.01,147.56,-17.91,-8.15,174.00,53.376,54.701,-23.7069,-10.4814,47.97,366.00,-22.4467,-9.5171,,,0.22781,0
85.2678,29,54,6,0,22.33,561.89,dwell,63.03,377.68,188.65,0,179.189,8.275,179.848,-18.23,21.03,147.58,-17.98,-8.12,174.30,53.449,54.674,-23.9996,-9.8398,63.03,377.68,-23.1455,-9.6623,,,0.20627,0
85.3598,29,54,6,0,22.33,561.89,dwell,45.72,370.89,192.43,0,179.132,8.280,179.857,-18.22,20.94,147.48,-17.37,-8.14,173.73,53.480,54.332,-24.6178,-10.9310,45.72,370.89,-23.8081,-10.2332,,,0.23146,0
85.4477,29,54,6,0,22.33,561.89,dwell,11.04,429.11,133.26,0,179.070,8.299,179.868,-18.21,21.08,147.65,-17.71,-6.98,174.24,53.486,54.793,-27.4363,-12.2224,11.04,429.11,-25.4408,-11.1284,,,0.20254,0
85.5406,29,54,6,0,22.33,561.89,capture,10.40,437.53,124.93,0,179.120,8.330,179.833,-18.27,20.92,147.69,-17.84,-7.41,174.48,53.173,54.912,-26.3024,-11.6027,10.40,437.53,-25.8285,-11.3418,,,0.20884,0
85.6414,29,54,6,0,22.33,561.89,capture,0.45,420.19,143.38,0,179.154,8.354,179.820,-18.32,21.02,147.67,-17.57,-7.75,173.84,53.693,55.222,-26.5597,-12.9825,0.45,420.19,-26.1575,-12.0801,,,0.20470,0
85.7482,29,54,6,0,22.33,561.89,capture,18.06,426.00,135.96,0,179.028,8.427,179.819,-18.26,21.11,147.55,-17.02,-7.61,174.04,53.351,55.014,-26.6484,-12.0929,18.06,426.00,-26.3784,-12.0859,,,0.20224,0
85.8569,29,54,6,0,22.33,561.89,capture,23.10,418.53,143.36,0,178.923,8.183,179.819,-18.16,21.12,147.82,-18.01,-7.29,174.36,53.341,54.665,-25.2615,-11.8018,23.10,418.53,-25.8758,-11.9580,,,0.21818,0
85.9640,29,54,6,0,22.33,561.89,capture,0.00,451.63,112.50,0,178.862,8.099,179.816,-17.95,21.21,147.66,-17.64,-7.06,174.20,53.699,54.764,-27.8985,-12.4424,0.00,451.63,-26.7860,-12.1760,,,0.21133,0
86.0793,29,54,6,0,22.33,561.89,capture,3.69,426.82,136.35,0,178.878,8.119,179.819,-17.98,21.35,147.68,-17.57,-6.88,174.37,53.513,54.210,-26.8610,-12.7687,3.69,426.82,-26.8198,-12.4427,,,0.18468,0
86.1834,29,54,6,0,22.33,561.89,capture,10.48,427.32,135.09,0,178.867,8.221,179.823,-18.03,21.20,147.88,-17.51,-7.53,174.40,53.400,54.343,-26.1757,-12.5088,10.48,427.32,-26.5299,-12.4724,,,0.21026,0
86.2830,29,54,6,0,22.33,561.89,capture,3.18,412.26,150.85,0,178.907,8.359,179.820,-17.97,21.18,148.05,-17.19,-6.47,174.25,53.927,54.155,-25.2854,-13.1509,3.18,412.26,-25.9699,-12.7777,,,0.23952,0
86.3822,29,54,6,0,22.33,561.89,capture,8.56,406.98,155.52,0,178.867,8.382,179.811,-17.92,21.03,148.17,-17.18,-7.91,174.41,53.848,53.920,-25.5530,-12.3611,8.56,406.98,-25.7823,-12.5902,,,0.21663,0
86.4767,29,54,6,0,22.33,561.89,capture,19.74,412.89,149.02,0,178.999,8.258,179.819,-17.91,21.14,148.02,-17.69,-7.87,174.42,53.842,54.000,-26.4289,-11.7982,19.74,412.89,-26.0733,-12.2338,,,0.23469,0
86.5747,29,54,6,0,22.33,561.89,capture,3.33,420.89,142.27,0,178.894,8.313,179.833,-17.76,21.17,147.71,-17.93,-7.48,173.68,53.494,54.237,-26.1689,-12.5525,3.33,420.89,-26.1163,-12.3772,,,0.19972,0
86.6567,29,54,6,0,22.33,561.89,capture,43.08,415.46,147.89,0,178.847,8.418,179.823,-17.86,21.20,147.81,-17.47,-7.22,174.06,53.534,53.800,-26.1754,-11.7124,43.08,415.46,-26.1429,-12.0781,,,0.20132,0
86.7668,29,54,6,0,22.33,561.89,capture,7.14,403.54,159.08,0,178.790,8.386,179.863,-17.90,21.29,147.97,-17.94,-7.20,174.86,53.547,53.913,-25.9784,-12.7918,7.14,403.54,-26.0689,-12.3992,,,0.19315,0
86.8704,29,54,6,0,22.33,561.89,capture,45.93,418.79,145.03,0,178.799,8.474,179.866,-17.86,21.43,147.84,-17.39,-7.50,174.03,53.549,54.540,-26.3588,-10.8499,45.93,418.79,-26.1993,-11.7021,,,0.20829,0
86.9527,29,54,6,0,22.33,561.89,capture,-1.20,421.35,142.50,0,178.825,8.415,179.845,-17.88,21.36,147.67,-17.78,-8.06,173.71,53.400,54.418,-24.6158,-12.6601,-1.20,421.35,-25.4867,-12.1332,,,0.20808,0
87.0347,29,54,6,0,22.33,561.89,capture,25.26,442.83,119.09,0,178.882,8.652,179.840,-17.90,21.42,147.81,-17.47,-7.61,174.40,53.404,54.319,-26.7340,-12.1356,25.26,442.83,-26.0480,-12.1343,,,0.21379,0
87.1373,29,54,6,0,22.33,561.89,capture,16.05,456.76,105.32,0,179.042,8.716,179.875,-17.92,21.44,147.88,-17.89,-6.83,174.19,53.313,54.569,-27.8167,-11.9785,16.05,456.76,-26.8439,-12.0642,,,0.19205,0
87.2394,29,54,6,0,22.33,561.89,capture,31.08,443.39,118.82,0,179.053,8.524,179.855,-18.20,21.57,147.60,-17.35,-7.05,174.05,53.369,54.645,-26.9581,-11.4131,31.08,443.39,-26.8953,-11.7712,,,0.24331,0
87.3236,29,54,6,0,22.33,561.89,capture,19.48,426.81,135.11,0,178.999,8.475,179.850,-18.31,21.35,147.44,-18.21,-7.53,173.80,53.581,54.399,-26.1839,-11.4339,19.48,426.81,-26.5752,-11.6194,,,0.17769,0
87.4308,29,54,6,0,22.33,561.89,capture,25.77,418.23,143.70,0,178.990,8.336,179.842,-18.33,21.32,147.07,-16.91,-7.67,173.37,53.691,54.607,-25.6587,-11.2516,25.77,418.23,-26.1628,-11.4539,,,0.20709,0
87.6428,30,42,4,6,290.33,389.00,dwell,-39.77,394.77,330.15,0,178.739,8.367,179.849,-18.37,21.40,147.20,-18.51,-6.65,173.45,54.012,54.586,-25.5100,-14.6748,-39.77,394.77,-25.5100,-14.6748,,,0.22368,0
87.7360,30,42,4,6,290.33,389.00,dwell,114.34,573.15,254.73,0,178.699,8.395,179.813,-18.33,21.38,147.33,-18.07,-6.97,173.75,53.935,53.746,-31.5722,-7.6475,114.34,573.15,-28.2380,-11.5125,,,0.20999,0
87.8343,30,42,4,6,290.33,389.00,dwell,150.10,414.43,142.52,0,178.696,8.377,179.804,-18.26,21.44,147.49,-18.10,-7.51,174.34,53.597,53.983,-26.3453,-6.1820,150.10,414.43,-27.3863,-9.1138,,,0.22034,0
87.9282,30,42,4,6,290.33,389.00,dwell,97.11,327.94,202.64,0,178.753,8.384,179.787,-18.22,21.43,147.52,-18.02,-7.28,174.14,53.286,53.723,-22.8292,-7.7095,97.11,327.94,-25.3356,-8.4819,,,0.20350,0
88.0103,30,42,4,6,290.33,389.00,dwell,205.73,513.68,150.67,0,178.754,8.414,179.769,-18.21,21.32,147.81,-18.05,-6.95,173.93,53.606,53.659,-30.6850,-3.7031,205.73,513.68,-27.7428,-6.3314,,,0.23232,0
88.1118,30,42,4,6,290.33,389.00,dwell,206.98,481.51,124.52,0,178.785,8.480,179.808,-18.31,21.21,147.74,-18.12,-7.11,174.26,53.689,53.855,-28.6988,-3.5706,206.98,481.51,-28.1730,-5.0891,,,0.19928,0
88.2181,30,42,4,6,290.33,389.00,dwell,175.78,528.57,180.56,0,178.841,8.466,179.793,-18.29,21.27,147.52,-18.10,-7.23,173.71,53.826,54.048,-29.2638,-5.3612,175.78,528.57,-28.6639,-5.2115,,,0.20411,0
88.3180,30,42,4,6,290.33,389.00,dwell,246.48,572.27,188.44,0,178.864,8.351,179.800,-18.35,21.34,147.80,-18.07,-7.78,174.21,53.517,54.185,-32.7791,-1.2040,246.48,572.27,-30.5157,-3.4081,,,0.21670,0
88.4257,30,42,4,6,290.33,389.00,dwell,241.26,504.30,125.31,0,178.795,8.491,179.797,-18.40,21.27,147.88,-17.52,-8.10,173.87,53.412,54.078,-30.6624,-1.7955,241.26,504.30,-30.5817,-2.6825,,,0.22706,0
88.5115,30,42,4,6,290.33,389.00,capture,254.03,537.36,152.74,0,178.898,8.494,179.788,-18.39,21.24,148.10,-17.60,-7.63,174.60,53.436,54.340,-30.8493,-0.5333,254.03,537.36,-30.7021,-1.7153,,,0.20068,0
88.6249,30,42,4,6,290.33,389.00,capture,276.20,542.45,154.10,0,178.861,8.379,179.815,-18.32,21.08,148.13,-17.85,-7.28,174.90,53.614,54.435,-31.2025,-0.2579,276.20,542.45,-30.9273,-1.0595,,,0.19176,0
88.7324,30,42,4,6,290.33,389.00,capture,252.08,554.28,169.65,0,178.942,8.387,179.808,-18.30,20.79,148.00,-18.10,-7.21,174.46,53.464,54.569,-32.8106,-0.8790,252.08,554.28,-31.7748,-0.9783,,,0.21278,0
88.8395,30,42,4,6,290.33,389.00,capture,264.61,563.61,176.49,0,179.020,8.398,179.802,-18.32,20.59,147.78,-18.22,-7.91,174.20,53.595,54.065,-31.7521,-1.1138,264.61,563.61,-31.7646,-1.0393,,,0.19480,0
88.9215,30,42,4,6,290.33,389.00,capture,241.43,562.87,180.62,0,179.231,8.277,179.826,-18.46,20.48,147.79,-18.61,-6.44,174.42,53.634,54.447,-31.2907,-1.6101,241.43,562.87,-31.5513,-1.2962,,,0.21469,0
89.0041,30,42,4,6,290.33,389.00,capture,257.89,544.60,158.95,0,179.272,8.378,179.830,-18.50,20.49,147.64,-17.85,-7.38,173.73,53.606,54.355,-31.6821,-0.6946,257.89,544.60,-31.6102,-1.0255,,,0.21687,0
89.0973,30,42,4,6,290.33,389.00,capture,264.74,546.75,159.81,0,179.064,8.323,179.827,-18.45,20.64,147.68,-17.49,-7.79,173.75,53.391,54.547,-30.6966,-0.2993,264.74,546.75,-31.1991,-0.6987,,,0.20985,0
89.1936,30,42,4,6,290.33,389.00,capture,248.11,557.50,173.71,0,179.080,8.303,179.823,-18.47,20.60,147.63,-18.30,-7.42,174.26,53.732,54.385,-31.2408,-1.7010,248.11,557.50,-31.2178,-1.1497,,,0.21271,0
89.2985,30,42,4,6,290.33,389.00,capture,241.29,557.65,175.64,0,179.114,8.277,179.824,-18.40,20.71,147.75,-17.87,-8.26,174.18,53.581,54.320,-30.4701,-1.0976,241.29,557.65,-30.8814,-1.1263,,,0.20380,0
89.3963,30,42,4,6,290.33,389.00,capture,241.82,551.15,169.25,0,179.193,8.258,179.851,-18.48,20.75,147.72,-18.23,-8.21,174.12,53.630,54.573,-30.4252,-1.3236,241.82,551.15,-30.6761,-1.2151,,,0.22678,0
89.4941,30,42,4,6,290.33,389.00,capture,260.72,553.01,166.66,0,179.210,8.347,179.861,-18.45,20.75,147.76,-17.67,-7.74,174.36,53.660,54.821,-31.7818,-0.6179,260.72,553.01,-31.1737,-0.9463,,,0.20615,0
89.5806,30,42,4,6,290.33,389.00,capture,251.30,537.66,153.70,0,179.115,8.412,179.865,-18.55,20.56,147.73,-18.27,-9.14,174.46,53.931,54.578,-30.6588,-0.9724,251.30,537.66,-30.9420,-0.9580,,,0.20424,0
89.6626,30,42,4,6,290.33,389.00,capture,246.21,570.11,186.41,0,179.189,8.368,179.854,-18.44,20.62,147.55,-17.89,-7.34,174.09,53.623,54.665,-32.4107,-1.8582,246.21,570.11,-31.6029,-1.3631,,,0.18789,0
89.7777,30,42,4,6,290.33,389.00,capture,244.22,530.39,148.72,0,179.355,8.331,179.836,-18.37,20.81,147.59,-18.57,-7.38,174.08,53.701,54.438,-29.9049,-1.3252,244.22,530.39,-30.8388,-1.3460,,,0.20341,0
89.8610,30,42,4,6,290.33,389.00,capture,240.12,536.97,156.26,0,179.219,8.268,179.821,-18.40,20.88,147.48,-18.36,-7.98,173.72,53.728,54.652,-30.4899,-1.8249,240.12,536.97,-30.6818,-1.5616,,,0.21512,0
89.9712,30,42,4,6,290.33,389.00,capture,275.54,525.57,137.37,0,179.093,8.288,179.832,-18.52,20.92,147.44,-17.99,-7.99,173.40,53.737,54.720,-29.3128,0.2513,275.54,525.57,-30.0658,-0.7458,,,0.22528,0
90.0650,30,42,4,6,290.33,389.00,capture,261.30,556.60,170.10,0,179.015,8.286,179.816,-18.54,21.12,147.44,-17.87,-7.91,173.53,53.633,54.960,-32.3584,-0.7259,261.30,556.60,-31.0975,-0.7368,,,0.22386,0
90.1668,30,42,4,6,290.33,389.00,capture,267.25,565.70,178.20,0,179.003,8.232,179.809,-18.46,21.09,147.39,-17.56,-6.72,174.06,53.608,54.726,-32.3925,-0.3668,267.25,565.70,-31.6802,-0.5703,,,0.20109,0
90.2803,30,42,4,6,290.33,389.00,capture,262.13,564.34,177.59,0,178.943,8.348,179.807,-18.50,21.19,147.44,-18.02,-7.21,173.89,53.656,54.393,-31.9221,-0.3049,262.13,564.34,-31.7891,-0.4509,,,0.20770,0
90.3801,30,42,4,6,290.33,389.00,capture,257.39,564.21,178.28,0,179.037,8.444,179.799,-18.46,21.08,147.58,-17.88,-7.19,174.04,53.982,53.941,-32.0378,-0.7791,257.39,564.21,-31.9010,-0.5986,,,0.20255,0
90.5544,31,69,7,6,290.33,648.33,dwell,221.61,535.47,132.14,0,179.085,8.651,179.825,-18.42,21.09,147.37,-17.69,-7.56,174.18,53.815,54.191,-30.8301,-3.0201,221.61,535.47,-30.8301,-3.0201,,,0.21858,0
90.6424,31,69,7,6,290.33,648.33,dwell,274.79,661.35,20.27,1,179.018,8.677,179.806,-18.47,20.83,147.45,-17.84,-8.00,174.13,53.881,54.001,-34.5415,-0.3774,274.79,661.35,-32.5002,-1.8309,,,0.23090,0
90.7551,31,69,7,6,290.33,648.33,dwell,196.00,720.71,118.90,0,179.056,8.685,179.810,-18.39,20.74,147.40,-18.22,-7.76,173.67,53.741,54.179,-39.3037,-3.9004,196.00,720.71,-35.5618,-2.7622,,,0.23539,0
90.8651,31,69,7,6,290.33,648.33,dwell,263.87,601.79,53.54,0,178.946,8.676,179.804,-18.34,20.75,147.34,-17.57,-8.21,173.83,53.913,53.991,-33.0534,-0.1269,263.87,601.79,-34.4330,-1.5763,,,0.19616,0
90.9541,31,69,7,6,290.33,648.33,dwell,317.81,639.51,28.86,0,179.031,8.725,179.820,-18.44,20.57,147.32,-17.33,-8.26,173.84,53.733,54.127,-34.4300,1.6633,317.81,639.51,-34.4317,-0.1185,,,0.21671,0
91.0546,31,69,7,6,290.33,648.33,dwell,275.34,650.29,15.12,1,178.900,8.638,179.802,-18.27,20.63,147.64,-18.14,-7.78,174.01,53.747,54.154,-35.3919,0.1996,275.34,650.29,-34.8638,0.0247,,,0.23128,0
91.1653,31,69,7,6,290.33,648.33,dwell,276.98,704.49,57.72,0,178.903,8.634,179.809,-18.41,20.68,147.59,-18.10,-8.70,174.11,53.910,54.338,-37.2474,0.0828,276.98,704.49,-35.9364,0.0508,,,0.18787,0
91.2588,31,69,7,6,290.33,648.33,dwell,287.41,728.35,80.07,0,178.869,8.669,179.822,-18.48,20.61,147.92,-18.35,-7.82,174.81,54.075,54.439,-38.1153,-0.0565,287.41,728.35,-36.9169,0.0025,,,0.22046,0
91.3616,31,69,7,6,290.33,648.33,dwell,275.68,741.59,94.40,0,178.974,8.598,179.838,-18.46,20.47,147.87,-18.23,-7.61,174.29,54.221,54.337,-37.9023,-0.4133,275.68,741.59,-37.3603,-0.1846,,,0.24553,0
91.4612,31,69,7,6,290.33,648.33,dwell,280.16,706.54,59.09,0,178.917,8.533,179.831,-18.56,20.49,147.81,-18.20,-8.17,174.26,54.054,54.504,-36.4668,1.1158,280.16,706.54,-36.9582,0.4006,,,0.23818,0
91.5432,31,69,7,6,290.33,648.33,capture,255.77,748.21,105.69,0,178.935,8.584,179.854,-18.47,20.60,147.92,-17.97,-7.41,174.75,53.761,54.293,-39.5110,-0.6435,255.77,748.21,-38.1070,-0.0693,,,0.19662,0
91.6476,31,69,7,6,290.33,648.33,capture,253.70,771.10,128.12,0,178.825,8.448,179.848,-18.57,20.48,147.97,-17.96,-7.79,174.27,53.670,53.977,-40.1985,-1.5339,253.70,771.10,-39.0482,-0.7284,,,0.20405,0
91.7461,31,69,7,6,290.33,648.33,capture,240.41,754.73,117.53,0,178.754,8.483,179.869,-18.58,20.35,147.99,-18.72,-8.15,174.27,53.931,53.888,-39.8565,-1.6769,240.41,754.73,-39.4119,-1.1552,,,0.20080,0
91.8479,31,69,7,6,290.33,648.33,capture,275.02,754.42,107.19,0,178.735,8.571,179.843,-18.57,20.27,148.13,-17.75,-7.51,174.63,53.664,54.051,-39.1715,0.8259,275.02,754.42,-39.3037,-0.2637,,,0.20411,0
91.9463,31,69,7,6,290.33,648.33,capture,254.30,771.87,128.68,0,178.737,8.582,179.869,-18.56,20.29,147.91,-18.42,-8.17,174.35,53.586,53.961,-39.5346,-1.1155,254.30,771.87,-39.4076,-0.6470,,,0.21586,0
92.0489,31,69,7,6,290.33,648.33,capture,265.30,780.73,134.74,0,178.813,8.613,179.866,-18.51,20.26,148.21,-18.23,-8.10,174.91,53.696,53.925,-40.5720,-0.1433,265.30,780.73,-39.9316,-0.4204,,,0.20836,0
92.1409,31,69,7,6,290.33,648.33,capture,264.78,774.41,128.64,0,178.979,8.517,179.880,-18.49,20.51,148.02,-17.63,-7.48,174.44,53.756,54.029,-39.3848,-0.7087,264.78,774.41,-39.6855,-0.5501,,,0.21978,0
92.2526,31,69,7,6,290.33,648.33,capture,270.90,772.63,125.81,0,179.044,8.476,179.857,-18.58,20.47,147.92,-18.48,-8.22,174.33,53.517,54.442,-40.6786,-0.2094,270.90,772.63,-40.1324,-0.3968,,,0.18864,0
92.3567,31,69,7,6,290.33,648.33,capture,270.03,764.87,118.29,0,178.911,8.377,179.869,-18.54,20.65,148.17,-18.14,-7.79,174.53,53.568,54.133,-40.0608,-0.2991,270.03,764.87,-40.1002,-0.3528,,,0.18397,0
92.4521,31,69,7,6,290.33,648.33,capture,272.65,744.14,97.42,0,178.826,8.480,179.884,-18.49,20.67,147.89,-18.01,-8.24,174.57,53.501,54.292,-38.9802,-0.0596,272.65,744.14,-39.5962,-0.2209,,,0.22154,0
92.5409,31,69,7,6,290.33,648.33,capture,256.88,742.39,99.83,0,178.848,8.431,179.875,-18.66,20.72,148.02,-18.10,-7.89,174.38,53.488,54.419,-38.0047,-1.0603,256.88,742.39,-38.8800,-0.5986,,,0.21311,0
92.6534,31,69,7,6,290.33,648.33,capture,270.23,748.19,101.86,0,178.905,8.387,179.852,-18.66,20.57,147.90,-18.12,-8.25,174.15,53.780,54.063,-39.1325,0.0535,270.23,748.19,-38.9936,-0.3051,,,0.20442,0
92.7521,31,69,7,6,290.33,648.33,capture,299.11,751.69,103.73,0,178.817,8.412,179.872,-18.66,20.56,148.00,-18.39,-8.05,173.96,53.640,53.923,-38.5742,1.0289,299.11,751.69,-38.8049,0.2952,,,0.23779,0
92.8494,31,69,7,6,290.33,648.33,capture,265.94,744.53,99.24,0,178.994,8.457,179.871,-18.43,20.68,147.88,-18.18,-7.88,174.49,53.349,54.066,-39.5502,-0.2082,265.94,744.53,-39.1403,0.0687,,,0.19188,0
92.9314,31,69,7,6,290.33,648.33,capture,261.41,759.00,114.38,0,179.035,8.296,179.873,-18.36,20.84,148.17,-17.90,-7.04,174.92,53.166,54.367,-39.7879,-0.7208,261.41,759.00,-39.4317,-0.2866,,,0.21265,0
93.0184,31,69,7,6,290.33,648.33,capture,275.61,750.44,103.16,0,179.081,8.472,179.901,-18.38,20.58,148.14,-17.85,-7.75,174.82,53.247,54.246,-39.6075,0.4906,275.61,750.44,-39.5108,0.0632,,,0.21926,0
93.1164,31,69,7,6,290.33,648.33,capture,270.70,778.52,131.66,0,179.090,8.500,179.876,-18.39,20.47,148.30,-18.26,-8.11,174.85,53.565,54.086,-39.7564,-0.3704,270.70,778.52,-39.6213,-0.1320,,,0.21800,0
93.2223,31,69,7,6,290.33,648.33,capture,282.89,760.87,112.78,0,179.049,8.566,179.867,-18.46,20.38,148.20,-18.19,-8.40,174.83,53.270,54.171,-38.8235,0.2622,282.89,760.87,-39.2623,0.0454,,,0.21594,0
93.3241,31,69,7,6,290.33,648.33,capture,280.18,755.36,107.51,0,179.020,8.782,179.857,-18.42,20.44,148.12,-18.42,-8.29,174.73,52.970,54.177,-38.7025,0.1122,280.18,755.36,-39.0104,0.0754,,,0.19796,0
93.4266,31,69,7,6,290.33,648.33,capture,275.77,740.02,92.84,0,178.897,8.790,179.856,-18.39,20.71,147.74,-18.27,-7.73,173.89,53.284,53.655,-38.4331,0.4559,275.77,740.02,-38.7506,0.2467,,,0.20975,0
93.5086,31,69,7,6,290.33,648.33,capture,250.26,752.22,111.35,0,178.839,8.727,179.840,-18.43,20.70,147.88,-17.93,-7.85,174.37,53.302,53.585,-39.2921,-1.2474,250.26,752.22,-38.9943,-0.4257,,,0.22848,0
93.6856,32,21,2,3,156.33,216.11,dwell,147.32,593.60,377.60,0,178.857,8.634,179.844,-18.28,20.71,147.72,-17.59,-7.53,173.91,53.661,53.360,-32.9686,-5.0965,147.32,593.60,-32.9686,-5.0965,,,0.20025,0
93.7794,32,21,2,3,156.33,216.11,dwell,294.02,689.14,492.66,0,178.858,8.472,179.857,-18.36,20.78,147.47,-17.80,-7.46,173.61,53.603,53.869,-36.6145,0.5348,294.02,689.14,-34.6092,-2.5624,,,0.17894,0
93.8824,32,21,2,3,156.33,216.11,dwell,254.86,431.09,236.48,0,178.824,8.513,179.870,-18.28,20.94,147.46,-17.72,-8.03,173.65,53.371,54.324,-27.4435,-1.0657,254.86,431.09,-31.3846,-1.8889,,,0.18930,0
93.9843,32,21,2,3,156.33,216.11,dwell,292.41,403.37,231.48,0,178.776,8.523,179.843,-18.25,21.12,147.39,-17.65,-7.21,173.39,53.626,54.363,-25.2696,0.5241,292.41,403.37,-28.6329,-0.8030,,,0.21453,0
94.0824,32,21,2,3,156.33,216.11,dwell,292.06,321.42,171.79,0,178.922,8.374,179.833,-18.13,21.09,147.41,-18.13,-6.99,173.85,53.358,54.321,-22.5087,0.8032,292.06,321.42,-25.8770,-0.0802,,,0.21089,0
94.1864,32,21,2,3,156.33,216.11,dwell,288.96,281.02,147.66,0,178.931,8.450,179.868,-18.31,21.06,147.38,-17.90,-7.83,173.99,53.282,54.671,-20.7298,0.6711,288.96,281.02,-23.5608,0.2579,,,0.19365,0
94.2980,32,21,2,3,156.33,216.11,dwell,251.00,280.90,114.71,0,178.951,8.204,179.860,-18.26,20.83,147.52,-17.98,-7.82,173.32,53.176,54.880,-20.2496,-1.3132,251.00,280.90,-22.0707,-0.4491,,,0.19154,0
94.4009,32,21,2,3,156.33,216.11,dwell,233.67,173.64,88.23,0,178.929,8.272,179.852,-18.47,20.81,147.48,-17.40,-7.68,174.21,53.335,54.894,-17.2271,-1.9476,233.67,173.64,-19.8911,-1.1234,,,0.18720,0
94.5150,32,21,2,3,156.33,216.11,capture,244.92,159.84,104.95,0,178.801,8.226,179.830,-18.65,20.68,147.43,-17.95,-7.70,173.58,53.268,54.941,-15.5951,-1.8693,244.92,159.84,-17.9579,-1.4591,,,0.19039,0
94.6230,32,21,2,3,156.33,216.11,capture,255.65,157.29,115.43,0,178.819,8.270,179.835,-18.68,20.88,147.36,-17.95,-7.98,173.80,53.289,54.813,-15.8809,-1.2380,255.65,157.29,-17.0232,-1.3596,,,0.19888,0
94.7324,32,21,2,3,156.33,216.11,capture,246.35,125.06,128.04,0,178.938,8.173,179.826,-18.62,20.92,147.34,-18.09,-8.19,173.16,53.567,54.615,-14.0594,-0.7996,246.35,125.06,-15.6895,-1.1076,,,0.22826,0
94.8331,32,21,2,3,156.33,216.11,capture,264.95,153.13,125.56,0,179.075,8.147,179.824,-18.57,20.88,147.40,-18.44,-8.16,173.83,53.591,54.138,-15.3229,-0.6233,264.95,153.13,-15.5245,-0.8897,,,0.21238,0
94.9383,32,21,2,3,156.33,216.11,capture,276.50,164.38,130.83,0,179.066,8.181,179.833,-18.59,20.91,147.28,-17.90,-7.31,173.88,53.500,54.397,-16.2208,0.1216,276.50,164.38,-15.8379,-0.4346,,,0.19491,0
95.0203,32,21,2,3,156.33,216.11,capture,266.95,169.36,120.09,0,178.960,8.238,179.884,-18.36,20.80,147.49,-17.43,-7.40,173.48,53.535,54.448,-16.5996,-0.7430,266.95,169.36,-16.1806,-0.5734,,,0.21701,0
95.1217,32,21,2,3,156.33,216.11,capture,274.90,160.96,130.77,0,179.098,8.142,179.883,-18.43,20.83,147.44,-18.38,-7.33,173.84,53.218,54.532,-15.5515,-0.7941,274.90,160.96,-15.8975,-0.6727,,,0.18704,0
95.2204,32,21,2,3,156.33,216.11,capture,266.71,166.00,121.22,0,179.039,8.250,179.875,-18.44,20.81,147.53,-17.86,-7.65,173.54,53.111,54.363,-16.3830,-0.1605,266.71,166.00,-16.1160,-0.4422,,,0.20095,0
95.3414,32,21,2,3,156.33,216.11,capture,240.75,139.23,114.18,0,178.913,8.175,179.853,-18.54,20.84,147.45,-18.03,-8.27,173.77,53.046,54.497,-14.4574,-1.4462,240.75,139.23,-15.3696,-0.8940,,,0.19358,0
95.4465,32,21,2,3,156.33,216.11,capture,260.88,151.52,122.89,0,178.961,8.051,179.853,-18.41,20.99,147.46,-17.66,-6.80,173.68,52.769,54.311,-16.3372,-0.4095,260.88,151.52,-15.8050,-0.6760,,,0.18979,0
95.5486,32,21,2,3,156.33,216.11,capture,221.59,188.91,70.70,0,178.944,7.954,179.867,-18.35,20.99,147.26,-17.46,-8.07,173.44,52.704,54.323,-16.8925,-2.1835,221.59,188.91,-16.2944,-1.3544,,,0.19574,0
95.6534,32,21,2,3,156.33,216.11,capture,243.46,162.43,102.34,0,179.015,8.053,179.862,-18.26,20.86,147.32,-17.54,-7.35,173.57,52.790,54.248,-15.9594,-1.4484,243.46,162.43,-16.1436,-1.3967,,,0.17443,0
95.7454,32,21,2,3,156.33,216.11,capture,258.16,171.95,110.99,0,179.005,8.108,179.821,-18.26,20.88,147.36,-17.84,-7.59,173.64,52.973,54.077,-16.3275,-0.5775,258.16,171.95,-16.2264,-1.0281,,,0.19876,0
95.8438,32,21,2,3,156.33,216.11,capture,258.81,141.52,126.75,0,178.987,8.161,179.795,-18.24,20.92,147.42,-17.62,-7.10,173.99,53.019,54.196,-16.3349,-1.4424,258.81,141.52,-16.2752,-1.2145,,,0.17718,0
95.9421,32,21,2,3,156.33,216.11,capture,261.16,147.33,125.38,0,178.959,8.103,179.787,-18.16,20.75,147.35,-18.03,-7.98,173.52,53.186,54.384,-14.9484,-0.6923,261.16,147.33,-15.6782,-0.9795,,,0.18981,0
96.0338,32,21,2,3,156.33,216.11,capture,270.84,154.33,130.11,0,178.912,8.008,179.764,-18.16,20.95,147.51,-17.57,-7.63,174.14,53.421,54.433,-16.2906,-0.4112,270.84,154.33,-15.9538,-0.7238,,,0.21027,0
96.1395,32,21,2,3,156.33,216.11,capture,267.97,170.69,120.52,0,179.053,8.094,179.735,-18.26,21.21,147.46,-18.29,-7.29,174.20,53.121,54.659,-16.8663,-0.3505,267.97,170.69,-16.3644,-0.5558,,,0.19938,0
96.2364,32,21,2,3,156.33,216.11,capture,269.21,171.78,121.27,0,179.103,8.206,179.721,-18.34,21.12,147.58,-17.98,-6.84,174.12,53.446,54.476,-16.4941,-0.7836,269.21,171.78,-16.4228,-0.6583,,,0.21382,0
96.3991,33,20,2,2,111.67,216.11,dwell,270.99,139.86,176.63,0,179.098,7.963,179.745,-18.40,21.12,147.43,-17.72,-8.06,173.89,53.933,54.200,-15.0828,0.2095,270.99,139.86,-15.0828,0.2095,,,0.22641,0
96.4817,33,20,2,2,111.67,216.11,dwell,284.02,115.40,199.62,0,179.125,7.840,179.728,-18.47,20.95,147.50,-18.68,-7.78,173.98,53.572,54.191,-14.2822,0.0252,284.02,115.40,-14.7225,0.1266,,,0.22004,0
96.5762,33,20,2,2,111.67,216.11,dwell,221.81,341.67,167.02,0,179.214,7.819,179.692,-18.46,21.03,147.22,-18.13,-7.50,173.86,53.539,53.842,-23.8606,-2.0470,221.81,341.67,-18.8347,-0.8515,,,0.20532,0
96.6697,33,20,2,2,111.67,216.11,dwell,253.54,270.46,151.93,0,179.286,7.683,179.735,-18.49,21.11,147.32,-17.60,-7.15,173.81,53.762,54.072,-20.3503,-1.0194,253.54,270.46,-19.5167,-0.9271,,,0.19529,0
96.7616,33,20,2,2,111.67,216.11,dwell,225.00,237.50,115.33,0,179.287,7.630,179.729,-18.49,20.95,147.54,-18.03,-7.29,173.69,53.469,54.165,-17.8396,-2.3608,225.00,237.50,-18.7620,-1.5723,,,0.19424,0
96.8436,33,20,2,2,111.67,216.11,dwell,267.33,214.78,155.67,0,179.167,7.601,179.755,-18.27,21.04,147.43,-17.59,-7.20,173.62,53.650,54.525,-18.4792,-0.7433,267.33,214.78,-18.6347,-1.1992,,,0.20274,0
96.9390,33,20,2,2,111.67,216.11,dwell,197.81,298.80,119.41,0,178.995,7.542,179.771,-18.30,21.00,147.45,-17.03,-7.29,173.43,53.702,54.166,-20.4370,-4.0442,197.81,298.80,-19.4458,-2.4795,,,0.22764,0
97.0472,33,20,2,2,111.67,216.11,dwell,237.87,340.02,176.86,0,179.045,7.521,179.796,-18.30,20.86,147.42,-17.73,-7.96,173.90,53.255,54.280,-22.9552,-2.0240,237.87,340.02,-21.0250,-2.2745,,,0.22025,0
97.1322,33,20,2,2,111.67,216.11,capture,227.90,319.62,155.64,0,179.030,7.516,179.797,-18.29,21.06,147.42,-17.60,-7.45,173.83,53.827,54.458,-22.5272,-1.7632,227.90,319.62,-21.7010,-2.0444,,,0.21807,0
97.2439,33,20,2,2,111.67,216.11,capture,218.22,331.12,156.78,0,179.046,7.676,179.782,-18.33,20.84,147.70,-18.31,-7.00,173.71,53.514,54.621,-22.5596,-2.8178,218.22,331.12,-22.0874,-2.3924,,,0.22325,0
97.3365,33,20,2,2,111.67,216.11,capture,215.56,317.59,145.23,0,178.970,7.846,179.749,-18.24,20.65,147.66,-17.47,-7.91,173.51,53.987,54.238,-22.4526,-2.9307,215.56,317.59,-22.2517,-2.6347,,,0.22716,0
97.4385,33,20,2,2,111.67,216.11,capture,233.03,336.17,170.71,0,178.993,7.828,179.753,-18.34,20.74,147.73,-18.60,-7.82,173.74,54.331,54.110,-22.3081,-1.5711,233.03,336.17,-22.2771,-2.1561,,,0.22400,0
97.5556,33,20,2,2,111.67,216.11,capture,217.07,320.29,148.20,0,178.879,7.752,179.786,-18.40,20.85,147.62,-18.20,-7.79,173.55,54.156,54.272,-21.8630,-3.0476,217.07,320.29,-22.0908,-2.5573,,,0.23081,0
97.6555,33,20,2,2,111.67,216.11,capture,215.14,328.47,152.75,0,178.943,7.715,179.775,-18.36,20.96,147.53,-18.52,-7.01,173.45,53.807,54.208,-22.2900,-3.7284,215.14,328.47,-22.1804,-3.0843,,,0.23809,0
97.7406,33,20,2,2,111.67,216.11,capture,220.15,325.75,154.24,0,179.004,7.759,179.759,-18.25,20.92,147.61,-16.96,-7.70,173.77,53.956,54.115,-22.6525,-2.6898,220.15,325.75,-22.3929,-2.9068,,,0.22871,0
97.8319,33,20,2,2,111.67,216.11,capture,216.08,336.12,159.07,0,178.930,7.664,179.778,-18.40,21.02,147.50,-17.88,-6.91,174.02,53.965,54.132,-23.0197,-3.0155,216.08,336.12,-22.6749,-2.9557,,,0.22241,0
97.9334,33,20,2,2,111.67,216.11,capture,217.84,304.74,138.30,0,178.803,7.734,179.786,-18.30,21.07,147.33,-18.22,-7.67,173.77,54.008,54.231,-21.3932,-3.0167,217.84,304.74,-22.0982,-2.9831,,,0.21810,0
98.0441,33,20,2,2,111.67,216.11,capture,249.38,311.65,167.61,0,178.911,7.671,179.798,-18.29,21.20,147.58,-17.58,-6.80,174.40,53.806,54.438,-22.0211,-1.3202,249.38,311.65,-22.0635,-2.2348,,,0.18965,0
98.1320,33,20,2,2,111.67,216.11,capture,196.38,321.33,135.08,0,178.967,7.859,179.806,-18.36,21.28,147.35,-17.01,-7.55,173.27,53.793,54.079,-22.2574,-3.4737,196.38,321.33,-22.1508,-2.7923,,,0.20729,0
98.2507,33,20,2,2,111.67,216.11,capture,216.37,299.71,133.98,0,178.954,7.958,179.820,-18.31,21.17,147.32,-17.88,-8.05,173.05,53.421,54.368,-21.4917,-3.2264,216.37,299.71,-21.8542,-2.9876,,,0.19765,0
98.3601,33,20,2,2,111.67,216.11,capture,230.28,324.67,160.79,0,178.858,7.856,179.826,-18.48,21.07,147.37,-18.14,-7.38,173.81,53.442,54.430,-22.7374,-2.9077,230.28,324.67,-22.2516,-2.9517,,,0.20964,0
98.4507,33,20,2,2,111.67,216.11,capture,225.42,316.48,151.70,0,179.034,7.864,179.824,-18.39,21.14,147.43,-17.95,-7.57,173.81,53.548,54.411,-20.9644,-1.9694,225.42,316.48,-21.6724,-2.5096,,,0.19759,0
98.5523,33,20,2,2,111.67,216.11,capture,177.15,312.96,116.91,0,179.037,7.905,179.834,-18.29,21.16,147.67,-17.85,-7.28,173.88,53.075,54.580,-21.8362,-4.3962,177.15,312.96,-21.7461,-3.3586,,,0.18912,0
98.6753,33,20,2,2,111.67,216.11,capture,218.51,310.66,142.67,0,179.029,7.986,179.845,-18.35,21.12,147.53,-18.04,-7.21,174.00,53.594,54.265,-22.2421,-2.5367,218.51,310.66,-21.9693,-2.9888,,,0.20559,0
98.7666,33,20,2,2,111.67,216.11,capture,202.50,293.41,119.27,0,179.068,7.900,179.839,-18.42,20.87,147.56,-18.11,-7.64,173.85,53.977,54.472,-21.4276,-3.2359,202.50,293.41,-21.7256,-3.1000,,,0.24339,0
98.8823,33,20,2,2,111.67,216.11,capture,212.21,296.77,128.90,0,179.051,7.889,179.825,-18.43,20.87,147.36,-18.76,-7.82,173.47,53.660,54.391,-22.0081,-2.2184,212.21,296.77,-21.8527,-2.7032,,,0.20284,0
98.9867,33,20,2,2,111.67,216.11,capture,196.72,295.25,116.18,0,179.123,7.855,179.849,-18.30,20.76,147.50,-17.97,-7.42,173.44,53.941,54.898,-21.5827,-4.2810,196.72,295.25,-21.7312,-3.4132,,,0.21347,0
99.0687,33,20,2,2,111.67,216.11,capture,223.08,310.05,145.73,0,179.062,7.789,179.815,-18.26,20.66,147.45,-17.38,-8.05,173.96,53.939,54.515,-22.0506,-2.2539,223.08,310.05,-21.8749,-2.8915,,,0.20317,0
99.2568,34,61,6,7,335.00,561.89,dwell,329.00,60.07,501.85,0,179.089,7.846,179.815,-18.23,20.77,147.35,-17.37,-7.51,173.96,53.560,54.338,-11.6864,2.6891,329.00,60.07,-11.6864,2.6891,,,0.18175,0
99.3534,34,61,6,7,335.00,561.89,dwell,256.13,231.57,339.60,0,179.019,7.890,179.782,-18.22,20.76,147.48,-18.10,-7.79,173.48,53.898,54.360,-18.6650,-0.6047,256.13,231.57,-14.8267,1.2069,,,0.21541,0
99.4389,34,61,6,7,335.00,561.89,dwell,314.72,190.28,372.16,0,178.883,7.922,179.793,-18.31,20.97,147.33,-18.04,-8.02,173.80,53.753,54.438,-17.1691,2.3468,314.72,190.28,-15.8808,1.7198,,,0.21937,0
99.5547,34,61,6,7,335.00,561.89,dwell,351.10,195.47,366.77,0,178.887,7.954,179.764,-18.41,20.69,147.40,-18.18,-8.22,173.28,53.681,54.508,-16.4651,3.1114,351.10,195.47,-16.1437,2.3460,,,0.22238,0
99.6536,34,61,6,7,335.00,561.89,dwell,308.71,286.61,276.53,0,178.849,7.846,179.744,-18.36,20.72,147.45,-17.68,-7.62,174.20,53.896,54.070,-21.3822,1.5963,308.71,286.61,-18.5010,2.0086,,,0.22221,0
99.7519,34,61,6,7,335.00,561.89,dwell,328.26,319.01,242.97,0,178.889,7.943,179.757,-18.31,20.66,147.20,-17.38,-7.96,173.24,54.011,53.849,-22.7549,1.9384,328.26,319.01,-20.4153,1.9770,,,0.21782,0
99.8561,34,61,6,7,335.00,561.89,dwell,261.86,312.21,260.17,0,178.932,8.177,179.762,-18.33,20.53,147.27,-18.09,-7.75,173.25,53.848,53.327,-21.9458,-0.5026,261.86,312.21,-21.1040,0.8612,,,0.20201,0
99.9872,34,61,6,7,335.00,561.89,dwell,331.81,248.48,313.43,0,178.903,8.239,179.757,-18.38,20.58,147.28,-17.78,-7.88,173.15,53.927,53.331,-19.1113,2.5348,331.81,248.48,-20.2073,1.6143,,,0.22278,0
100.0692,34,61,6,7,335.00,561.89,dwell,345.93,210.08,351.98,0,178.912,8.281,179.766,-18.32,20.60,147.29,-17.81,-8.68,173.63,53.624,53.648,-18.0023,3.1941,345.93,210.08,-19.2151,2.3252,,,0.20662,0
100.1630,34,61,6,7,335.00,561.89,capture,330.61,206.96,354.96,0,179.020,8.402,179.783,-18.26,20.66,147.46,-18.03,-8.61,173.65,53.347,53.650,-17.8633,2.7765,330.61,206.96,-18.6068,2.5283,,,0.20053,0
100.2651,34,61,6,7,335.00,561.89,capture,329.62,210.84,351.09,0,178.998,8.584,179.789,-18.15,20.65,147.37,-17.66,-8.71,173.53,53.368,53.821,-17.6588,2.0677,329.62,210.84,-18.1802,2.3210,,,0.20406,0
100.3576,34,61,6,7,335.00,561.89,capture,324.39,223.39,338.67,0,178.907,8.595,179.772,-18.14,20.63,147.62,-18.01,-8.80,173.61,53.357,54.374,-18.4610,1.9194,324.39,223.39,-18.3065,2.1403,,,0.18790,0
100.4624,34,61,6,7,335.00,561.89,capture,330.49,191.64,370.28,0,179.009,8.493,179.807,-18.19,20.68,147.58,-17.36,-7.73,174.10,53.184,54.233,-18.2590,2.9287,330.49,191.64,-18.2852,2.4951,,,0.20081,0
100.5563,34,61,6,7,335.00,561.89,capture,315.76,182.97,379.41,0,178.949,8.681,179.845,-18.22,20.55,147.63,-17.38,-7.95,173.72,53.167,54.193,-17.0614,1.5658,315.76,182.97,-17.7345,2.0769,,,0.17686,0
100.6759,34,61,6,7,335.00,561.89,capture,309.04,172.87,389.88,0,178.785,8.610,179.840,-18.16,20.73,147.53,-18.22,-7.95,173.03,53.429,54.340,-16.1737,2.2129,309.04,172.87,-17.0321,2.1381,,,0.21274,0
100.7864,34,61,6,7,335.00,561.89,capture,352.75,175.25,387.05,0,178.797,8.636,179.850,-18.16,20.91,147.67,-17.82,-7.17,174.05,53.467,54.176,-16.0659,3.5996,352.75,175.25,-16.5973,2.7958,,,0.20021,0
100.8912,34,61,6,7,335.00,561.89,capture,310.21,178.44,384.25,0,178.896,8.439,179.800,-18.07,20.78,147.60,-17.78,-8.61,173.80,53.592,54.395,-16.0078,1.9688,310.21,178.44,-16.3320,2.4236,,,0.21170,0
100.9898,34,61,6,7,335.00,561.89,capture,337.62,201.91,359.99,0,178.829,8.405,179.771,-17.98,20.81,147.58,-17.78,-7.92,173.27,53.490,54.422,-17.1272,2.4076,337.62,201.91,-16.6898,2.4164,,,0.21795,0
101.0874,34,61,6,7,335.00,561.89,capture,348.29,171.93,390.19,0,178.897,8.336,179.795,-17.95,20.85,147.36,-17.26,-7.63,173.59,53.511,54.605,-17.0241,3.3495,348.29,171.93,-16.8402,2.8363,,,0.21191,0
101.1995,34,61,6,7,335.00,561.89,capture,325.25,191.84,370.18,0,179.040,8.212,179.782,-18.03,20.93,147.22,-17.88,-6.61,173.48,53.634,54.239,-17.7904,1.7783,325.25,191.84,-17.2678,2.3602,,,0.20482,0
101.3146,34,61,6,7,335.00,561.89,capture,330.80,225.31,336.61,0,178.973,8.168,179.785,-17.99,20.91,147.47,-17.69,-7.27,173.71,53.542,54.711,-18.6791,2.8250,330.80,225.31,-17.9029,2.5694,,,0.21826,0
101.4264,34,61,6,7,335.00,561.89,capture,339.50,195.25,366.67,0,179.077,8.220,179.791,-18.18,20.83,147.42,-17.47,-6.92,173.61,53.450,54.681,-16.4936,3.1882,339.50,195.25,-17.2687,2.8478,,,0.23298,0
101.5386,34,61,6,7,335.00,561.89,capture,365.49,188.81,374.32,0,179.091,8.284,179.803,-18.24,20.64,147.36,-17.71,-8.24,173.33,53.798,54.701,-16.9829,4.3015,365.49,188.81,-17.1401,3.5020,,,0.23354,0
101.6316,34,61,6,7,335.00,561.89,capture,347.88,199.45,362.67,0,179.064,8.338,179.815,-18.11,20.63,147.49,-17.84,-7.89,173.87,54.053,54.390,-17.1817,3.3223,347.88,199.45,-17.1588,3.4211,,,0.23412,0
101.7513,34,61,6,7,335.00,561.89,capture,322.69,232.89,329.23,0,179.056,8.343,179.795,-18.17,20.79,147.53,-18.25,-8.95,173.96,54.202,53.800,-18.5508,2.1324,322.69,232.89,-17.7852,2.8412,,,0.23392,0
101.8398,34,61,6,7,335.00,561.89,capture,335.05,195.73,366.16,0,179.087,8.561,179.803,-18.26,20.75,147.51,-17.58,-8.23,174.24,53.948,53.981,-17.2919,3.4684,335.05,195.73,-17.5632,3.1234,,,0.23846,0
101.9404,34,61,6,7,335.00,561.89,capture,318.48,194.46,367.80,0,179.030,8.523,179.815,-18.34,20.87,147.31,-17.67,-8.14,173.52,53.826,53.885,-17.1445,1.9530,318.48,194.46,-17.3748,2.5967,,,0.23510,0
102.0464,34,61,6,7,335.00,561.89,capture,328.37,169.06,392.88,0,178.924,8.547,179.850,-18.33,20.83,147.36,-17.54,-8.21,173.70,53.800,53.886,-16.2614,1.9841,328.37,169.06,-16.8738,2.3210,,,0.23014,0
102.2190,35,59,6,5,245.67,561.89,dwell,286.61,21.88,541.56,0,178.921,8.670,179.870,-18.32,20.76,147.26,-18.02,-8.11,173.11,53.461,54.037,-11.3615,0.7033,286.61,21.88,-11.3615,0.7033,,,0.21678,0
102.3190,35,59,6,5,245.67,561.89,dwell,247.97,330.97,230.93,0,178.987,8.718,179.873,-18.25,20.73,147.04,-17.07,-8.36,173.75,53.446,54.398,-22.9925,-1.6181,247.97,330.97,-16.5955,-0.3413,,,0.21045,0
102.4010,35,59,6,5,245.67,561.89,dwell,281.05,208.47,355.19,0,179.052,8.838,179.852,-18.39,21.06,147.18,-18.23,-7.61,173.73,53.348,54.178,-18.1340,0.6695,281.05,208.47,-17.2878,0.1136,,,0.20411,0
102.4939,35,59,6,5,245.67,561.89,dwell,211.34,330.50,233.92,0,179.103,8.830,179.845,-18.18,21.07,146.95,-17.58,-8.24,173.02,53.267,53.770,-22.0758,-3.0139,211.34,330.50,-19.4424,-1.2938,,,0.21733,0
102.5871,35,59,6,5,245.67,561.89,dwell,269.37,314.41,248.61,0,179.108,8.774,179.800,-18.16,21.13,147.04,-17.91,-8.10,173.05,53.183,53.822,-22.9898,-0.0253,269.37,314.41,-21.0387,-0.7230,,,0.18718,0
102.6885,35,59,6,5,245.67,561.89,dwell,244.29,352.79,209.10,0,179.146,8.616,179.804,-18.18,21.09,147.10,-17.79,-7.27,173.22,53.232,53.618,-23.1430,-1.4021,244.29,352.79,-21.9857,-1.0286,,,0.20189,0
102.7877,35,59,6,5,245.67,561.89,dwell,260.82,326.12,236.26,0,179.041,8.545,179.774,-18.04,21.22,147.18,-17.81,-7.13,173.09,53.381,53.310,-21.3382,-1.0887,260.82,326.12,-21.6943,-1.0556,,,0.18152,0
102.8955,35,59,6,5,245.67,561.89,dwell,251.47,380.11,181.87,0,179.090,8.547,179.760,-18.01,21.16,147.15,-17.59,-7.40,173.40,53.574,53.484,-25.6328,-1.2202,251.47,380.11,-23.4666,-1.1297,,,0.22013,0
103.0009,35,59,6,5,245.67,561.89,capture,250.72,387.78,174.18,0,179.035,8.443,179.749,-18.03,21.24,147.37,-17.66,-7.41,174.18,53.600,53.541,-24.1502,-1.0588,250.72,387.78,-23.7742,-1.0978,,,0.19491,0
103.1037,35,59,6,5,245.67,561.89,capture,232.88,368.02,194.29,0,179.148,8.352,179.768,-18.06,21.12,147.52,-17.96,-7.47,173.36,54.009,54.077,-24.1870,-1.9679,232.88,368.02,-23.9600,-1.4893,,,0.22129,0
103.2037,35,59,6,5,245.67,561.89,capture,245.53,381.56,180.33,0,179.020,8.405,179.795,-18.01,21.20,147.47,-17.68,-7.00,173.58,53.911,54.073,-24.1924,-1.2651,245.53,381.56,-24.0646,-1.3885,,,0.24705,0
103.3164,35,59,6,5,245.67,561.89,capture,244.15,394.98,166.92,0,178.966,8.526,179.832,-18.00,21.20,147.51,-17.34,-6.76,173.79,53.863,54.090,-24.2282,-1.7323,244.15,394.98,-24.1382,-1.5432,,,0.21968,0
103.4146,35,59,6,5,245.67,561.89,capture,258.89,398.62,163.80,0,178.962,8.590,179.819,-18.05,21.17,147.57,-17.62,-7.76,174.09,53.457,54.101,-25.4482,-0.2853,258.89,398.62,-24.7277,-0.9771,,,0.16931,0
103.5192,35,59,6,5,245.67,561.89,capture,243.64,363.82,198.08,0,178.954,8.482,179.820,-17.88,21.27,147.42,-17.01,-7.73,173.63,53.543,54.260,-23.8103,-1.7384,243.64,363.82,-24.3149,-1.3197,,,0.21900,0
103.6094,35,59,6,5,245.67,561.89,capture,232.97,382.85,179.49,0,179.052,8.556,179.846,-17.85,21.18,147.42,-17.54,-7.19,173.21,53.431,54.522,-25.1603,-2.0240,232.97,382.85,-24.6953,-1.6367,,,0.23029,0
103.6914,35,59,6,5,245.67,561.89,capture,246.94,390.39,171.50,0,179.008,8.574,179.827,-17.81,21.34,147.54,-18.35,-6.88,173.49,53.095,54.362,-25.0656,-1.1742,246.94,390.39,-24.8619,-1.4285,,,0.19630,0
103.7922,35,59,6,5,245.67,561.89,capture,247.72,351.70,210.20,0,178.926,8.656,179.839,-17.78,21.39,147.37,-17.06,-6.72,174.07,53.406,54.051,-23.6200,-0.8843,247.72,351.70,-24.3030,-1.1836,,,0.18098,0
103.8964,35,59,6,5,245.67,561.89,capture,232.69,365.91,196.41,0,179.017,8.641,179.851,-17.79,21.18,147.32,-17.79,-7.57,172.92,53.650,54.240,-24.0943,-2.2160,232.69,365.91,-24.2091,-1.6482,,,0.21479,0
103.9900,35,59,6,5,245.67,561.89,capture,235.85,379.95,182.20,0,179.161,8.615,179.810,-17.90,21.14,147.47,-17.78,-6.54,173.44,53.571,54.403,-24.5581,-2.7313,235.85,379.95,-24.3661,-2.1356,,,0.20578,0
104.0785,35,59,6,5,245.67,561.89,capture,249.54,366.24,195.69,0,179.242,8.497,179.806,-17.97,21.26,147.13,-17.43,-7.06,173.36,53.849,53.968,-24.8189,-0.9860,249.54,366.24,-24.5699,-1.6183,,,0.20167,0
104.1676,35,59,6,5,245.67,561.89,capture,235.11,377.39,184.80,0,179.274,8.616,179.776,-18.00,21.30,147.35,-17.16,-7.53,173.81,54.089,54.275,-23.9706,-1.6866,235.11,377.39,-24.3002,-1.6490,,,0.24317,0
104.2538,35,59,6,5,245.67,561.89,capture,244.46,380.64,181.25,0,179.231,8.595,179.760,-18.11,21.29,147.36,-17.47,-7.75,173.80,53.957,54.228,-23.8294,-2.0923,244.46,380.64,-24.0884,-1.8485,,,0.21322,0
104.3647,35,59,6,5,245.67,561.89,capture,215.28,377.61,186.77,0,179.225,8.632,179.766,-18.16,21.42,147.24,-17.68,-7.28,173.44,53.793,54.375,-23.9628,-3.0819,215.28,377.61,-24.0318,-2.4035,,,0.20746,0
104.4604,35,59,6,5,245.67,561.89,capture,250.43,363.67,198.28,0,179.175,8.452,179.799,-18.33,21.49,147.48,-18.61,-6.87,173.65,53.643,54.275,-23.8302,-1.1202,250.43,363.67,-23.9411,-1.8260,,,0.21537,0
104.5619,35,59,6,5,245.67,561.89,capture,230.16,373.17,189.35,0,179.074,8.464,179.796,-18.35,21.57,147.50,-17.75,-7.36,173.66,53.504,54.660,-23.7376,-2.1441,230.16,373.17,-23.8495,-1.9692,,,0.20384,0
104.6448,35,59,6,5,245.67,561.89,capture,223.51,366.79,196.35,0,179.206,8.470,179.801,-18.39,21.43,147.68,-17.45,-7.65,173.69,53.380,54.712,-23.8669,-2.4182,223.51,366.79,-23.8574,-2.1712,,,0.21334,0
104.7416,35,59,6,5,245.67,561.89,capture,259.11,368.22,194.13,0,179.083,8.363,179.786,-18.49,21.32,147.54,-17.95,-8.21,173.76,53.491,54.905,-25.0326,-0.1687,259.11,368.22,-24.3862,-1.2701,,,0.19135,0
104.8439,35,59,6,5,245.67,561.89,capture,231.22,370.27,192.16,0,179.121,8.458,179.795,-18.45,21.35,147.56,-18.01,-7.55,173.68,53.864,54.706,-24.3633,-2.0628,231.22,370.27,-24.3759,-1.6268,,,0.21379,0
105.0484,36,24,2,6,290.33,216.11,dwell,244.44,221.07,46.16,0,179.148,8.441,179.788,-18.47,21.06,147.62,-17.86,-7.73,174.36,53.276,54.464,-19.0898,-1.1421,244.44,221.07,-19.0898,-1.1421,,,0.22239,0
105.1500,36,24,2,6,290.33,216.11,dwell,250.24,436.55,224.06,0,179.037,8.339,179.786,-18.47,21.14,147.76,-17.99,-7.79,174.60,53.489,54.568,-26.7811,-1.1224,250.24,436.55,-22.5509,-1.1332,,,0.19677,0
105.2574,36,24,2,6,290.33,216.11,dwell,276.05,594.42,378.58,0,179.084,8.162,179.813,-18.55,21.09,147.69,-18.51,-7.30,174.31,53.700,54.347,-33.8446,0.1719,276.05,594.42,-27.6331,-0.5459,,,0.19397,0
105.3521,36,24,2,6,290.33,216.11,dwell,228.30,508.85,299.24,0,179.049,8.095,179.803,-18.57,20.87,147.56,-17.78,-7.22,173.65,53.660,54.579,-30.2100,-2.6754,228.30,508.85,-28.7927,-1.5042,,,0.21372,0
105.4341,36,24,2,6,290.33,216.11,dwell,302.35,471.22,255.39,0,179.059,8.009,179.850,-18.57,21.03,147.40,-18.30,-7.75,174.04,53.676,54.484,-28.1689,1.6606,302.35,471.22,-28.5120,-0.0800,,,0.19803,0
105.5537,36,24,2,6,290.33,216.11,dwell,271.40,527.33,311.79,0,178.988,8.077,179.837,-18.40,20.75,147.57,-17.72,-8.39,173.71,53.630,53.805,-30.7872,0.2196,271.40,527.33,-29.5358,0.0548,,,0.20280,0
105.6570,36,24,2,6,290.33,216.11,dwell,346.15,470.25,260.20,0,179.073,8.048,179.833,-18.41,20.76,147.46,-18.33,-7.54,173.67,53.813,53.769,-28.1663,2.7773,346.15,470.25,-28.9196,1.2799,,,0.20251,0
105.7604,36,24,2,6,290.33,216.11,dwell,303.99,513.37,297.57,0,179.060,8.074,179.849,-18.41,20.89,147.38,-17.76,-8.05,173.60,53.671,53.791,-30.4236,1.5024,303.99,513.37,-29.5964,1.3801,,,0.24481,0
105.8669,36,24,2,6,290.33,216.11,capture,274.50,536.82,321.10,0,179.042,7.905,179.858,-18.38,20.89,147.49,-17.77,-7.61,173.70,53.687,54.073,-30.4384,-0.3178,274.50,536.82,-29.9753,0.6160,,,0.21108,0
105.9489,36,24,2,6,290.33,216.11,capture,283.53,523.28,307.24,0,178.987,7.940,179.870,-18.36,20.87,147.43,-17.21,-7.60,173.42,53.891,54.263,-31.0860,0.2512,283.53,523.28,-30.4751,0.4519,,,0.23257,0
106.0346,36,24,2,6,290.33,216.11,capture,285.36,508.11,292.04,0,179.024,7.936,179.852,-18.37,20.88,147.51,-17.91,-7.74,173.58,53.436,54.249,-30.0475,0.8063,285.36,508.11,-30.2827,0.6114,,,0.20769,0
106.1352,36,24,2,6,290.33,216.11,capture,295.39,513.57,297.50,0,178.872,7.848,179.874,-18.45,20.73,147.70,-17.75,-7.38,174.01,53.253,53.954,-30.3013,1.1349,295.39,513.57,-30.2911,0.8469,,,0.17845,0
106.2379,36,24,2,6,290.33,216.11,capture,265.14,510.91,295.87,0,178.768,7.837,179.863,-18.33,20.76,147.76,-17.61,-8.18,173.76,53.076,54.385,-29.0426,0.2842,265.14,510.91,-29.7293,0.5937,,,0.18816,0
106.3484,36,24,2,6,290.33,216.11,capture,253.15,516.30,302.48,0,178.792,7.855,179.843,-18.43,20.68,147.93,-17.83,-8.42,174.11,53.442,54.755,-30.9340,-1.3133,253.15,516.30,-30.2714,-0.2644,,,0.17861,0
106.4609,36,24,2,6,290.33,216.11,capture,295.45,526.02,309.95,0,178.781,7.752,179.827,-18.34,20.69,147.83,-17.73,-8.41,174.79,53.506,54.233,-30.2040,1.5805,295.45,526.02,-30.2411,0.5658,,,0.20348,0
106.5949,36,24,2,6,290.33,216.11,capture,273.79,518.99,303.33,0,178.863,7.729,179.822,-18.36,20.87,147.90,-17.86,-7.67,174.84,53.484,54.138,-30.0955,-0.2435,273.79,518.99,-30.1756,0.2016,,,0.18760,0
106.7076,36,24,2,6,290.33,216.11,capture,277.38,514.92,299.09,0,178.910,7.715,179.806,-18.29,20.71,147.86,-17.82,-8.34,173.64,53.819,54.641,-30.0144,-0.4047,277.38,514.92,-30.1031,-0.0712,,,0.20795,0
106.8173,36,24,2,6,290.33,216.11,capture,268.79,497.32,282.03,0,178.781,7.700,179.818,-18.19,20.76,147.90,-18.51,-7.60,174.71,53.815,54.390,-28.9871,-0.6853,268.79,497.32,-29.6009,-0.3476,,,0.23822,0
106.9277,36,24,2,6,290.33,216.11,capture,302.66,520.03,304.17,0,178.866,7.907,179.832,-18.23,20.78,147.93,-17.80,-7.79,174.21,54.071,54.642,-30.6785,0.8266,302.66,520.03,-30.0858,0.1808,,,0.21004,0
107.0380,36,24,2,6,290.33,216.11,capture,296.95,518.67,302.63,0,178.865,7.713,179.802,-18.33,20.81,148.13,-18.51,-7.12,174.66,53.983,54.552,-29.7768,1.4816,296.95,518.67,-29.9467,0.7662,,,0.20239,0
107.1453,36,24,2,6,290.33,216.11,capture,304.60,537.07,321.28,0,178.828,7.711,179.812,-18.35,20.81,148.11,-17.90,-7.68,174.76,54.146,54.306,-30.7021,1.5198,304.60,537.07,-30.2866,1.1053,,,0.24552,0
107.2600,36,24,2,6,290.33,216.11,capture,281.08,523.86,307.89,0,178.723,7.597,179.834,-18.41,20.81,148.05,-17.54,-8.06,174.48,54.293,54.510,-30.4860,0.0338,281.08,523.86,-30.3764,0.6231,,,0.23544,0
107.3585,36,24,2,6,290.33,216.11,capture,297.67,498.88,282.86,0,178.725,7.577,179.836,-18.47,20.75,148.20,-17.74,-7.44,174.49,54.084,54.103,-28.5885,1.6521,297.67,498.88,-29.5718,1.0862,,,0.20488,0
107.4743,36,24,2,6,290.33,216.11,capture,299.70,493.05,277.10,0,178.711,7.509,179.810,-18.34,20.68,148.11,-17.88,-8.03,174.77,54.425,53.663,-29.5547,1.1335,299.70,493.05,-29.5641,1.1075,,,0.22049,0
107.5773,36,24,2,6,290.33,216.11,capture,306.35,516.28,300.60,0,178.837,7.495,179.799,-18.43,20.53,147.99,-18.04,-8.39,174.20,54.419,53.454,-30.3954,1.5961,306.35,516.28,-29.9382,1.3274,,,0.23863,0
107.6633,36,24,2,6,290.33,216.11,capture,299.44,535.04,319.06,0,178.827,7.421,179.779,-18.52,20.52,148.05,-18.61,-7.91,174.32,54.079,53.688,-30.1579,0.9771,299.44,535.04,-30.0371,1.1697,,,0.21075,0
107.7542,36,24,2,6,290.33,216.11,capture,301.03,548.78,332.84,0,178.851,7.517,179.815,-18.61,20.51,147.94,-18.62,-8.14,174.24,54.251,53.689,-31.0384,0.8889,301.03,548.78,-30.4877,1.0434,,,0.22001,0
107.8615,36,24,2,6,290.33,216.11,capture,290.04,516.93,300.82,0,178.866,7.561,179.806,-18.64,20.48,147.96,-18.30,-8.81,174.52,54.517,53.773,-29.5452,0.0555,290.04,516.93,-30.0636,0.5988,,,0.22315,0
108.0721,37,6,0,6,290.33,43.22,dwell,270.83,461.66,418.89,0,178.897,7.532,179.821,-18.59,20.62,147.82,-18.06,-8.06,174.36,54.455,53.806,-28.0584,-0.1944,270.83,461.66,-28.0584,-0.1944,,,0.24476,0
108.1587,37,6,0,6,290.33,43.22,dwell,293.82,391.94,348.74,0,178.961,7.673,179.829,-18.65,20.63,148.00,-18.29,-7.81,174.40,54.385,53.900,-24.5985,0.6450,293.82,391.94,-26.5015,0.1833,,,0.24422,0
108.2605,37,6,0,6,290.33,43.22,dwell,287.67,237.18,193.98,0,178.951,7.620,179.838,-18.55,20.64,147.86,-17.68,-8.04,174.29,54.307,53.860,-19.1830,0.2331,287.67,237.18,-23.2082,0.2057,,,0.22895,0
108.3634,37,6,0,6,290.33,43.22,dwell,259.37,264.15,223.09,0,178.913,7.599,179.830,-18.60,20.69,147.45,-18.04,-8.05,173.97,54.206,53.847,-20.0113,-0.5370,259.37,264.15,-21.7696,-0.1285,,,0.22988,0
108.4572,37,6,0,6,290.33,43.22,dwell,197.48,209.47,190.42,0,178.918,7.504,179.817,-18.48,20.75,147.73,-17.77,-8.94,174.23,53.562,53.507,-17.9621,-4.2642,197.48,209.47,-20.0562,-1.9896,,,0.22365,0
108.5658,37,6,0,6,290.33,43.22,dwell,261.14,216.10,175.33,0,178.969,7.646,179.860,-18.27,20.52,147.95,-18.34,-8.41,174.33,53.652,53.717,-18.0824,-0.7836,261.14,216.10,-19.1680,-1.4469,,,0.21331,0
108.6713,37,6,0,6,290.33,43.22,dwell,286.56,127.72,84.58,0,179.035,7.689,179.876,-18.20,20.70,148.05,-17.43,-8.34,174.61,53.645,53.944,-14.8583,-0.1407,286.56,127.72,-17.2286,-0.8591,,,0.19898,0
108.7651,37,6,0,6,290.33,43.22,dwell,231.23,78.27,68.71,0,178.920,7.626,179.830,-18.26,20.67,147.81,-17.82,-7.75,174.38,53.536,54.128,-13.7144,-2.1594,231.23,78.27,-15.6472,-1.4442,,,0.21424,0
108.8579,37,6,0,6,290.33,43.22,dwell,265.13,60.14,30.35,0,178.799,7.629,179.850,-18.30,20.75,147.76,-17.71,-8.06,174.04,53.156,54.400,-13.0049,-0.1362,265.13,60.14,-14.4582,-0.8556,,,0.18694,0
108.9537,37,6,0,6,290.33,43.22,dwell,218.15,16.15,77.09,0,178.792,7.505,179.848,-18.33,20.79,148.02,-17.97,-7.58,174.40,52.951,54.544,-9.6092,-2.1650,218.15,16.15,-12.2762,-1.4449,,,0.19483,0
109.0536,37,6,0,6,290.33,43.22,capture,243.18,0.25,63.80,0,178.991,7.437,179.874,-18.37,20.89,148.00,-17.63,-8.42,174.25,52.905,54.668,-9.1818,-1.7341,243.18,0.25,-10.8837,-1.5750,,,0.17150,0
109.1623,37,6,0,6,290.33,43.22,capture,261.48,-14.70,64.71,0,178.998,7.372,179.874,-18.40,20.87,148.08,-18.12,-7.41,174.56,53.134,54.748,-8.3917,-0.6120,261.48,-14.70,-9.7623,-1.1416,,,0.18479,0
109.2490,37,6,0,6,290.33,43.22,capture,248.94,-27.76,82.17,0,178.985,7.389,179.899,-18.30,20.83,147.93,-17.98,-8.15,174.62,53.391,54.657,-8.6446,-1.4765,248.94,-27.76,-9.2594,-1.2924,,,0.21929,0
109.3623,37,6,0,6,290.33,43.22,capture,253.64,-10.25,64.85,0,179.042,7.346,179.902,-18.14,20.86,147.68,-17.52,-7.28,174.40,53.646,54.594,-9.1334,-1.2329,253.64,-10.25,-9.2027,-1.2656,,,0.22909,0
109.4697,37,6,0,6,290.33,43.22,capture,241.49,-35.18,92.37,0,179.062,7.357,179.880,-18.14,21.01,147.32,-17.60,-6.78,173.33,53.425,54.564,-9.1327,-1.4515,241.49,-35.18,-9.1712,-1.3493,,,0.21408,0
109.5646,37,6,0,6,290.33,43.22,capture,207.42,-7.18,97.03,0,178.851,7.383,179.844,-18.15,20.89,147.48,-18.07,-6.94,173.92,53.462,54.433,-9.8922,-3.5010,207.42,-7.18,-9.4957,-2.3176,,,0.19718,0
109.6636,37,6,0,6,290.33,43.22,capture,234.49,-5.99,74.43,0,178.908,7.362,179.829,-18.11,20.77,147.42,-17.70,-7.29,173.20,53.462,54.512,-8.9287,-2.0824,234.49,-5.99,-9.2405,-2.2117,,,0.21500,0
109.7731,37,6,0,6,290.33,43.22,capture,235.67,4.62,66.92,0,178.849,7.203,179.836,-18.14,20.66,147.36,-17.84,-7.41,173.31,53.502,54.387,-10.9547,-2.5427,235.67,4.62,-10.0119,-2.3607,,,0.22002,0
109.8897,37,6,0,6,290.33,43.22,capture,245.87,-31.55,86.99,0,178.868,7.228,179.833,-18.15,20.65,147.13,-17.80,-7.39,173.36,53.378,54.221,-8.7500,-1.8439,245.87,-31.55,-9.4441,-2.1281,,,0.17884,0
109.9786,37,6,0,6,290.33,43.22,capture,240.61,-16.97,78.07,0,178.937,7.374,179.863,-18.12,20.45,147.33,-18.29,-8.14,173.97,53.440,54.114,-9.2861,-1.3771,240.61,-16.97,-9.3730,-1.7902,,,0.18665,0
110.0860,37,6,0,6,290.33,43.22,capture,231.80,-38.30,100.36,0,178.832,7.384,179.889,-18.12,20.56,147.49,-17.48,-8.22,173.97,53.709,53.665,-9.0049,-1.9373,231.80,-38.30,-9.2073,-1.8564,,,0.23047,0
110.2032,37,6,0,6,290.33,43.22,capture,243.09,-31.09,88.06,0,178.821,7.384,179.901,-18.09,20.59,147.43,-18.02,-8.32,173.91,53.822,53.911,-9.1781,-0.5873,243.09,-31.09,-9.1942,-1.2853,,,0.19318,0
110.2978,37,6,0,6,290.33,43.22,capture,257.94,-25.97,76.40,0,178.882,7.316,179.915,-18.22,20.48,147.35,-18.07,-8.01,173.32,53.677,53.912,-8.9829,-1.7176,257.94,-25.97,-9.0991,-1.4798,,,0.22055,0
110.3946,37,6,0,6,290.33,43.22,capture,234.92,-35.93,96.62,0,178.845,7.339,179.895,-18.19,20.63,147.30,-17.60,-8.04,173.43,53.560,54.136,-8.8580,-2.0449,234.92,-35.93,-8.9906,-1.7341,,,0.22292,0
110.4932,37,6,0,6,290.33,43.22,capture,236.89,-17.82,81.13,0,178.822,7.256,179.885,-18.16,20.64,147.48,-17.44,-7.68,173.87,53.441,54.305,-9.3952,-1.4391,236.89,-17.82,-9.1727,-1.6014,,,0.22117,0
110.5833,37,6,0,6,290.33,43.22,capture,240.75,-19.38,79.86,0,178.737,7.291,179.867,-18.10,20.73,147.60,-17.93,-7.93,174.08,53.431,54.255,-8.7686,-1.7346,240.75,-19.38,-8.9908,-1.6614,,,0.21427,0
110.6851,37,6,0,6,290.33,43.22,capture,231.22,0.24,73.09,0,178.832,7.347,179.876,-17.94,20.81,147.58,-17.57,-7.94,173.75,53.712,54.071,-9.3465,-2.3340,231.22,0.24,-9.1509,-1.9641,,,0.22120,0
110.7772,37,6,0,6,290.33,43.22,capture,231.98,-3.92,75.02,0,178.688,7.299,179.876,-17.99,20.78,147.65,-17.88,-7.72,173.71,53.985,54.276,-10.1898,-2.1705,231.98,-3.92,-9.6184,-2.0570,,,0.23784,0
110.8676,37,6,0,6,290.33,43.22,capture,262.99,-5.57,55.93,0,178.777,7.229,179.867,-18.06,20.77,147.56,-17.60,-7.51,173.98,53.956,54.554,-9.0716,-0.9628,262.99,-5.57,-9.3723,-1.5646,,,0.21316,0
110.9733,37,6,0,6,290.33,43.22,capture,244.99,-24.53,81.53,0,178.784,7.416,179.887,-17.97,20.80,147.19,-17.79,-8.27,173.15,53.986,54.369,-7.9869,-1.4434,244.99,-24.53,-8.7489,-1.5101,,,0.19710,0
111.1046,37,6,0,6,290.33,43.22,capture,238.57,-19.27,81.15,0,178.785,7.394,179.911,-17.80,20.67,147.19,-17.33,-7.45,173.32,54.059,54.689,-8.8312,-1.7902,238.57,-19.27,-8.7859,-1.6361,,,0.23218,0
111.2855,38,33,3,6,290.33,302.56,dwell,92.01,210.22,218.76,0,178.820,7.379,179.914,-17.88,20.82,147.24,-17.45,-8.17,173.39,53.886,54.729,-17.6148,-8.6415,92.01,210.22,-17.6148,-8.6415,,,0.21655,0
111.3799,38,33,3,6,290.33,302.56,dwell,148.23,35.89,302.17,0,178.674,7.457,179.944,-17.94,20.86,147.51,-17.86,-7.95,173.59,54.264,54.716,-11.8508,-5.7192,148.23,35.89,-15.0210,-7.3265,,,0.21776,0
111.4681,38,33,3,6,290.33,302.56,dwell,216.58,127.77,189.71,0,178.713,7.493,179.938,-18.00,20.88,147.49,-17.15,-7.23,173.60,54.052,54.574,-15.2262,-1.9377,216.58,127.77,-15.1133,-4.9015,,,0.22878,0
111.5706,38,33,3,6,290.33,302.56,dwell,115.77,262.26,179.15,0,178.575,7.577,179.927,-18.03,20.94,147.48,-17.70,-7.62,173.20,53.894,54.083,-20.2017,-8.4006,115.77,262.26,-17.4031,-6.4761,,,0.21068,0
111.6644,38,33,3,6,290.33,302.56,dwell,265.63,231.08,75.62,0,178.675,7.601,179.915,-18.05,20.69,147.48,-17.37,-7.85,174.27,53.758,54.376,-18.5172,-0.5729,265.63,231.08,-17.9044,-3.8197,,,0.24015,0
111.7549,38,33,3,6,290.33,302.56,dwell,247.51,360.17,71.79,0,178.651,7.616,179.884,-18.14,20.71,147.36,-17.62,-7.56,173.36,53.688,54.374,-22.9487,-0.9015,247.51,360.17,-20.1744,-2.5065,,,0.22837,0
111.8533,38,33,3,6,290.33,302.56,dwell,278.11,325.73,26.20,1,178.738,7.631,179.854,-18.31,20.79,147.46,-18.21,-7.20,173.98,53.608,54.121,-21.7366,0.1895,278.11,325.73,-20.8774,-1.2933,,,0.21009,0
111.9596,38,33,3,6,290.33,302.56,dwell,240.99,338.23,60.89,0,178.737,7.557,179.862,-18.26,20.88,147.62,-17.46,-7.50,174.23,54.166,53.976,-21.7187,-1.3424,240.99,338.23,-21.2560,-1.3154,,,0.22274,0
112.0729,38,33,3,6,290.33,302.56,capture,253.20,364.82,72.50,0,178.817,7.553,179.894,-18.36,21.05,147.58,-18.33,-7.57,173.83,54.359,54.076,-24.2128,-1.5115,253.20,364.82,-22.5866,-1.4036,,,0.23428,0
112.1781,38,33,3,6,290.33,302.56,capture,229.35,372.29,92.64,0,178.924,7.629,179.916,-18.39,20.98,147.39,-18.17,-7.23,173.85,54.132,54.501,-24.1943,-1.8179,229.35,372.29,-23.3101,-1.5901,,,0.21833,0
112.2637,38,33,3,6,290.33,302.56,capture,230.31,380.28,98.20,0,178.857,7.552,179.871,-18.38,20.93,147.45,-18.15,-7.21,173.61,54.308,54.871,-24.1953,-1.7082,230.31,380.28,-23.7084,-1.6432,,,0.23123,0
112.3839,38,33,3,6,290.33,302.56,capture,249.04,379.78,87.57,0,178.973,7.595,179.866,-18.32,20.75,147.24,-17.89,-6.94,173.66,54.186,54.850,-24.1476,-1.2162,249.04,379.78,-23.9060,-1.4511,,,0.21164,0
112.4835,38,33,3,6,290.33,302.56,capture,256.54,356.02,63.25,0,178.968,7.622,179.881,-18.36,20.67,147.08,-17.62,-7.73,173.69,53.721,54.851,-22.5838,-0.7783,256.54,356.02,-23.3110,-1.1483,,,0.19240,0
112.5882,38,33,3,6,290.33,302.56,capture,259.61,379.14,82.52,0,179.062,7.552,179.840,-18.28,20.64,147.02,-17.80,-8.15,173.18,53.582,54.733,-25.0344,-0.4043,259.61,379.14,-24.0865,-0.8135,,,0.20152,0
112.7064,38,33,3,6,290.33,302.56,capture,249.62,383.07,90.22,0,178.866,7.629,179.839,-18.15,20.30,147.18,-17.19,-8.13,173.36,53.290,54.712,-24.9937,-1.3626,249.62,383.07,-24.4948,-1.0606,,,0.21030,0
112.8183,38,33,3,6,290.33,302.56,capture,266.43,390.37,91.01,0,178.863,7.691,179.869,-18.14,20.27,147.49,-18.20,-8.60,173.89,53.678,54.249,-24.7521,0.1202,266.43,390.37,-24.6106,-0.5292,,,0.22698,0
112.9003,38,33,3,6,290.33,302.56,capture,270.68,407.25,106.52,0,178.712,7.719,179.875,-18.22,20.16,147.56,-17.67,-9.09,174.28,53.566,54.001,-25.6346,-0.5658,270.68,407.25,-25.0714,-0.5457,,,0.21910,0
113.0116,38,33,3,6,290.33,302.56,capture,270.20,389.48,89.23,0,178.802,7.903,179.874,-18.15,20.26,147.37,-17.43,-8.50,173.85,53.783,53.947,-24.7149,-0.3675,270.20,389.48,-24.9110,-0.4655,,,0.20010,0
113.1137,38,33,3,6,290.33,302.56,capture,243.83,371.80,83.41,0,178.767,7.836,179.896,-18.19,20.39,147.20,-17.48,-8.08,173.37,53.826,54.175,-24.2748,-0.4760,243.83,371.80,-24.6247,-0.4703,,,0.21905,0
113.2185,38,33,3,6,290.33,302.56,capture,231.44,351.36,76.49,0,178.816,7.862,179.882,-18.05,20.45,147.20,-17.52,-7.57,173.27,53.440,54.209,-22.9679,-1.7424,231.44,351.36,-23.8791,-1.0427,,,0.19654,0
113.3204,38,33,3,6,290.33,302.56,capture,258.82,366.48,71.27,0,178.745,7.858,179.871,-18.04,20.65,147.10,-17.87,-7.93,173.24,53.308,54.197,-24.1443,-1.1473,258.82,366.48,-23.9985,-1.0898,,,0.21509,0
113.4210,38,33,3,6,290.33,302.56,capture,258.44,355.59,61.89,0,178.803,7.999,179.877,-18.12,20.62,147.20,-18.18,-7.73,173.15,53.463,53.980,-24.2902,-0.6861,258.44,355.59,-24.1297,-0.9081,,,0.22816,0
113.5255,38,33,3,6,290.33,302.56,capture,274.93,382.40,81.32,0,178.749,8.015,179.855,-18.10,20.59,147.37,-17.59,-8.32,173.47,53.422,53.823,-24.8222,0.4604,274.93,382.40,-24.4413,-0.2923,,,0.20126,0
113.6374,38,33,3,6,290.33,302.56,capture,260.92,379.66,82.52,0,178.750,8.043,179.839,-18.23,20.56,147.20,-17.40,-7.68,173.06,53.317,54.135,-23.7586,-1.1728,260.92,379.66,-24.1341,-0.6885,,,0.20808,0
113.7387,38,33,3,6,290.33,302.56,capture,234.31,356.24,77.59,0,178.933,8.119,179.833,-18.15,20.38,147.26,-17.63,-8.52,173.67,52.940,54.117,-22.9239,-1.4944,234.31,356.24,-23.5895,-1.0512,,,0.18502,0
113.8207,38,33,3,6,290.33,302.56,capture,253.36,374.22,80.64,0,178.941,7.942,179.808,-18.15,20.26,147.30,-17.39,-8.78,173.68,52.993,53.742,-24.4999,-0.9267,253.36,374.22,-23.9992,-0.9952,,,0.20523,0
113.9212,38,33,3,6,290.33,302.56,capture,269.86,377.74,77.92,0,178.976,7.861,179.801,-18.16,20.24,147.40,-17.90,-8.49,173.88,53.277,53.779,-24.1738,-0.6811,269.86,377.74,-24.0778,-0.8538,,,0.20642,0
114.0196,38,33,3,6,290.33,302.56,capture,252.91,371.42,78.38,0,179.002,7.856,179.794,-18.13,20.32,147.50,-17.75,-8.13,174.02,53.480,53.365,-25.0141,-0.9544,252.91,371.42,-24.4991,-0.8991,,,0.21791,0
114.2216,39,77,8,5,245.67,734.78,dwell,284.10,427.88,309.29,0,178.969,7.980,179.794,-18.18,20.30,147.47,-17.59,-8.21,173.35,53.747,53.583,-26.0774,0.2524,284.10,427.88,-26.0774,0.2524,,,0.21689,0
114.3117,39,77,8,5,245.67,734.78,dwell,285.34,510.20,228.06,0,178.871,8.195,179.800,-18.11,20.24,147.39,-17.94,-8.67,173.73,53.902,53.665,-30.1244,1.0629,285.34,510.20,-27.8985,0.6172,,,0.21412,0
114.4146,39,77,8,5,245.67,734.78,dwell,327.33,435.97,309.77,0,178.844,8.380,179.823,-18.41,20.38,147.46,-18.19,-7.72,173.24,53.873,53.902,-26.8792,2.8883,327.33,435.97,-27.4398,1.6392,,,0.22060,0
114.5019,39,77,8,5,245.67,734.78,dwell,191.07,551.90,190.85,0,178.813,8.422,179.854,-18.49,20.39,147.52,-18.04,-8.01,174.24,53.614,53.931,-30.6727,-4.1234,191.07,551.90,-28.8946,-0.9540,,,0.24281,0
114.5908,39,77,8,5,245.67,734.78,dwell,278.41,638.64,101.56,0,178.839,8.422,179.858,-18.43,20.32,147.44,-18.03,-8.15,173.86,53.786,53.651,-34.3386,-0.2986,278.41,638.64,-31.3444,-0.6591,,,0.21712,0
114.7022,39,77,8,5,245.67,734.78,dwell,282.40,580.31,158.78,0,178.961,8.506,179.832,-18.42,20.22,147.42,-18.11,-8.74,173.72,53.568,53.627,-32.4325,0.7239,282.40,580.31,-31.8341,-0.0367,,,0.19933,0
114.8045,39,77,8,5,245.67,734.78,dwell,265.14,650.74,86.26,0,178.985,8.478,179.833,-18.60,20.14,147.74,-17.88,-8.32,173.89,53.698,53.400,-34.8637,-0.9846,265.14,650.74,-33.1974,-0.4633,,,0.20530,0
114.9044,39,77,8,5,245.67,734.78,dwell,292.10,675.44,75.35,0,178.894,8.348,179.820,-18.47,20.18,147.81,-17.61,-9.12,173.64,53.522,53.411,-35.7928,0.6379,292.10,675.44,-34.3653,0.0323,,,0.19211,0
114.9988,39,77,8,5,245.67,734.78,capture,313.94,670.17,94.00,0,178.987,8.697,179.833,-18.38,20.22,147.66,-17.64,-8.00,174.01,53.388,53.444,-35.8427,1.8156,313.94,670.17,-35.0302,0.8348,,,0.20481,0
115.1170,39,77,8,5,245.67,734.78,capture,305.99,663.14,93.65,0,178.882,8.658,179.824,-18.28,20.20,147.71,-17.73,-8.76,174.57,53.329,53.479,-35.2527,0.7697,305.99,663.14,-35.1303,0.8055,,,0.19793,0
115.1990,39,77,8,5,245.67,734.78,capture,326.73,652.05,115.82,0,178.839,8.598,179.806,-18.29,20.08,147.63,-17.28,-7.84,173.78,53.349,53.729,-35.2755,1.9104,326.73,652.05,-35.1956,1.3027,,,0.18628,0
115.2968,39,77,8,5,245.67,734.78,capture,329.10,678.79,100.48,0,178.778,8.573,179.785,-18.23,19.91,147.95,-18.40,-8.75,174.52,53.286,53.817,-36.5083,2.1991,329.10,678.79,-35.7863,1.7061,,,0.18347,0
115.3910,39,77,8,5,245.67,734.78,capture,312.73,681.35,85.74,0,178.609,8.612,179.800,-18.16,20.05,148.13,-17.38,-8.28,174.67,53.461,54.170,-35.9321,1.6653,312.73,681.35,-35.8519,1.6877,,,0.20877,0
115.4785,39,77,8,5,245.67,734.78,capture,266.81,664.35,73.53,0,178.645,8.583,179.830,-18.27,20.09,148.14,-17.49,-8.16,174.65,53.655,54.270,-35.9598,-1.0136,266.81,664.35,-35.9004,0.4721,,,0.23824,0
115.5724,39,77,8,5,245.67,734.78,capture,292.71,668.03,81.66,0,178.523,8.608,179.818,-18.24,20.19,147.97,-17.72,-8.79,174.43,53.810,53.735,-35.3211,0.3593,292.71,668.03,-35.6397,0.4213,,,0.20933,0
115.6617,39,77,8,5,245.67,734.78,capture,301.31,665.19,89.10,0,178.599,8.525,179.798,-18.25,20.12,147.78,-17.73,-8.28,174.00,53.817,53.715,-35.7093,1.3842,301.31,665.19,-35.6710,0.8546,,,0.21216,0
115.7800,39,77,8,5,245.67,734.78,capture,279.05,674.45,68.95,0,178.550,8.442,179.837,-18.27,20.14,147.33,-17.04,-8.61,173.42,53.884,53.975,-35.6308,0.1015,279.05,674.45,-35.6529,0.5157,,,0.22653,0
115.8786,39,77,8,5,245.67,734.78,capture,309.44,657.90,99.89,0,178.660,8.537,179.817,-18.13,20.28,147.31,-18.27,-8.11,173.95,53.650,54.050,-35.8882,1.6333,309.44,657.90,-35.7588,1.0186,,,0.19742,0
116.0032,39,77,8,5,245.67,734.78,capture,320.28,681.22,91.85,0,178.734,8.642,179.818,-18.32,20.32,147.49,-17.83,-8.93,173.81,53.372,53.863,-36.5489,2.7840,320.28,681.22,-36.1143,1.8130,,,0.22049,0
116.1072,39,77,8,5,245.67,734.78,capture,298.65,678.18,77.53,0,178.806,8.650,179.807,-18.23,20.26,147.63,-17.33,-8.20,174.37,53.558,54.389,-35.6871,0.7474,298.65,678.18,-35.9221,1.3335,,,0.19124,0
116.2224,39,77,8,5,245.67,734.78,capture,299.74,680.47,76.64,0,178.784,8.627,179.821,-18.26,20.32,147.77,-18.35,-7.60,174.16,53.645,54.481,-35.7761,0.6345,299.74,680.47,-35.8564,1.0189,,,0.21743,0
116.3094,39,77,8,5,245.67,734.78,capture,330.21,679.20,101.18,0,178.631,8.616,179.789,-18.19,20.66,147.44,-17.14,-8.34,173.77,53.586,54.156,-37.5025,2.7527,330.21,679.20,-36.5971,1.7991,,,0.21080,0
116.4167,39,77,8,5,245.67,734.78,capture,307.30,666.91,91.68,0,178.604,8.787,179.817,-18.20,20.53,147.51,-17.16,-7.58,173.52,53.889,54.073,-35.3839,0.8878,307.30,666.91,-36.0512,1.3891,,,0.21557,0
116.5228,39,77,8,5,245.67,734.78,capture,293.88,641.68,104.84,0,178.707,8.784,179.826,-18.12,20.59,147.26,-18.12,-8.39,173.43,54.199,53.910,-34.5024,1.6378,293.88,641.68,-35.3542,1.5010,,,0.24382,0
116.6279,39,77,8,5,245.67,734.78,capture,307.92,656.41,100.08,0,178.704,8.943,179.832,-18.04,20.64,147.38,-17.33,-7.63,173.86,54.021,53.938,-35.1103,1.2946,307.92,656.41,-35.2445,1.4081,,,0.21361,0
116.7425,39,77,8,5,245.67,734.78,capture,300.44,654.01,97.59,0,178.825,8.903,179.841,-18.03,20.60,147.54,-17.70,-7.59,173.94,54.131,53.948,-34.7926,1.5098,300.44,654.01,-35.0411,1.4539,,,0.23815,0
116.8245,39,77,8,5,245.67,734.78,capture,297.30,643.50,104.87,0,178.767,8.813,179.835,-18.09,20.59,147.56,-17.88,-8.34,174.05,54.174,53.860,-34.9951,1.2727,297.30,643.50,-35.0204,1.3724,,,0.23840,0
116.9296,39,77,8,5,245.67,734.78,capture,307.47,668.01,90.98,0,178.887,8.854,179.842,-18.19,20.42,147.62,-17.70,-7.94,174.23,54.081,53.900,-36.3024,2.0961,307.47,668.01,-35.5973,1.6981,,,0.20994,0
117.1436,40,48,5,3,156.33,475.44,dwell,309.06,618.06,208.96,0,178.877,8.817,179.821,-18.18,20.36,147.51,-18.20,-8.12,173.64,54.045,53.841,-34.2333,1.4747,309.06,618.06,-34.2333,1.4747,,,0.23523,0
117.2376,40,48,5,3,156.33,475.44,dwell,205.39,494.07,52.47,0,178.776,8.758,179.823,-18.02,20.37,147.47,-17.89,-7.59,173.27,53.992,53.958,-28.3650,-3.3674,205.39,494.07,-31.5926,-0.7042,,,0.22172,0
117.3264,40,48,5,3,156.33,475.44,dwell,306.19,642.58,224.48,0,178.781,8.774,179.821,-18.12,20.40,147.29,-18.20,-7.61,173.33,53.867,54.196,-34.9491,2.0398,306.19,642.58,-33.1030,0.5306,,,0.20428,0
117.4203,40,48,5,3,156.33,475.44,dwell,181.79,653.27,179.64,0,178.772,8.827,179.816,-18.00,20.50,146.97,-18.00,-7.51,173.31,53.909,54.113,-36.9742,-4.4407,181.79,653.27,-34.8451,-1.7065,,,0.23283,0
117.5087,40,48,5,3,156.33,475.44,dwell,281.72,486.59,125.88,0,178.644,8.554,179.835,-17.98,20.53,146.88,-17.72,-7.60,172.93,53.766,54.132,-29.3964,0.8989,281.72,486.59,-32.3932,-0.5341,,,0.21108,0
117.5962,40,48,5,3,156.33,475.44,dwell,243.62,428.33,99.19,0,178.784,8.575,179.814,-18.12,20.44,147.14,-17.21,-7.86,173.28,53.873,54.226,-25.7447,-1.8777,243.62,428.33,-29.4013,-1.1387,,,0.21040,0
117.6782,40,48,5,3,156.33,475.44,dwell,218.06,534.53,85.45,0,178.797,8.535,179.824,-18.21,20.40,147.51,-17.29,-8.96,174.14,53.783,54.492,-29.6780,-3.0550,218.06,534.53,-29.5258,-2.0010,,,0.22970,0
117.7768,40,48,5,3,156.33,475.44,dwell,183.94,408.75,72.18,0,178.850,8.475,179.850,-18.17,20.46,147.74,-17.42,-7.69,174.52,54.138,54.306,-25.9592,-4.6702,183.94,408.75,-27.9208,-3.2022,,,0.22724,0
117.8780,40,48,5,3,156.33,475.44,dwell,186.75,392.35,88.49,0,178.932,8.485,179.848,-18.30,20.47,147.80,-18.48,-7.81,174.36,54.125,54.014,-24.9627,-4.3958,186.75,392.35,-26.5897,-3.7393,,,0.24313,0
117.9769,40,48,5,3,156.33,475.44,dwell,195.48,386.98,96.74,0,178.949,8.374,179.824,-18.28,20.51,147.79,-17.99,-8.00,174.06,53.899,54.060,-25.3043,-3.6145,195.48,386.98,-26.0112,-3.6831,,,0.22410,0
118.0794,40,48,5,3,156.33,475.44,dwell,186.78,398.59,82.67,0,178.850,8.490,179.793,-18.27,20.32,147.96,-18.25,-7.99,174.36,54.076,54.304,-25.8151,-4.2316,186.78,398.59,-25.9230,-3.9299,,,0.20528,0
118.1687,40,48,5,3,156.33,475.44,capture,194.26,370.29,111.79,0,178.711,8.452,179.795,-18.32,20.42,147.86,-17.90,-8.39,174.47,53.953,54.341,-24.4037,-3.2860,194.26,370.29,-25.2393,-3.6402,,,0.24864,0
118.2620,40,48,5,3,156.33,475.44,capture,192.99,379.59,102.62,0,178.763,8.518,179.788,-18.31,20.46,147.69,-18.15,-8.28,174.15,53.936,54.393,-24.0673,-4.0206,192.99,379.59,-24.7119,-3.8114,,,0.20214,0
118.3494,40,48,5,3,156.33,475.44,capture,165.68,373.63,102.24,0,178.740,8.416,179.812,-18.40,20.45,147.78,-18.16,-8.36,174.22,53.772,54.151,-24.9011,-4.4811,165.68,373.63,-24.7971,-4.1127,,,0.21560,0
118.4534,40,48,5,3,156.33,475.44,capture,164.93,339.31,136.41,0,178.782,8.292,179.800,-18.42,20.54,147.73,-18.08,-7.41,174.00,54.255,54.359,-23.4244,-5.4928,164.93,339.31,-24.1794,-4.7337,,,0.20257,0
118.5594,40,48,5,3,156.33,475.44,capture,163.53,329.40,146.22,0,178.766,8.331,179.761,-18.33,20.44,147.96,-17.94,-7.44,174.11,53.997,54.575,-22.3388,-5.5633,163.53,329.40,-23.3511,-5.1070,,,0.20131,0
118.6655,40,48,5,3,156.33,475.44,capture,158.69,353.02,122.45,0,178.745,8.546,179.788,-18.34,20.53,147.82,-18.15,-8.21,174.24,53.876,54.400,-23.6031,-5.2945,158.69,353.02,-23.4645,-5.1914,,,0.23006,0
118.7714,40,48,5,3,156.33,475.44,capture,148.76,363.16,112.54,0,178.837,8.481,179.787,-18.19,20.33,147.97,-17.45,-8.00,174.48,54.144,54.691,-24.0337,-6.0175,148.76,363.16,-23.7207,-5.5632,,,0.20855,0
118.8657,40,48,5,3,156.33,475.44,capture,176.64,366.42,110.90,0,178.895,8.436,179.811,-18.17,20.47,148.12,-17.97,-7.61,174.72,54.038,54.198,-24.2872,-4.6538,176.64,366.42,-23.9756,-5.1539,,,0.22633,0
118.9658,40,48,5,3,156.33,475.44,capture,171.41,342.89,133.41,0,178.891,8.495,179.790,-18.25,20.65,148.15,-18.35,-8.21,174.70,53.899,54.156,-23.6135,-4.6121,171.41,342.89,-23.8126,-4.9101,,,0.22189,0
119.0584,40,48,5,3,156.33,475.44,capture,161.77,375.12,100.47,0,178.767,8.441,179.826,-18.23,20.69,148.20,-18.16,-7.50,174.78,54.056,53.990,-24.3074,-5.8242,161.77,375.12,-24.0353,-5.3214,,,0.22455,0
119.1505,40,48,5,3,156.33,475.44,capture,170.05,366.68,109.63,0,178.888,8.314,179.797,-18.27,20.87,148.21,-17.71,-7.65,174.84,54.027,54.113,-23.9723,-4.5150,170.05,366.68,-24.0070,-4.9585,,,0.21263,0
119.2379,40,48,5,3,156.33,475.44,capture,165.12,356.78,118.99,0,178.802,8.356,179.843,-18.32,20.87,148.39,-18.07,-7.87,175.20,54.252,53.975,-23.5888,-4.8088,165.12,356.78,-23.8188,-4.8912,,,0.20186,0
119.3423,40,48,5,3,156.33,475.44,capture,178.17,343.39,133.85,0,178.872,8.272,179.793,-18.36,20.83,148.35,-18.12,-7.77,174.71,53.764,54.156,-23.5957,-3.7954,178.17,343.39,-23.7184,-4.3980,,,0.21876,0
119.4277,40,48,5,3,156.33,475.44,capture,182.74,355.77,122.55,0,178.921,8.333,179.808,-18.39,20.87,148.22,-17.94,-7.68,174.59,53.842,54.296,-24.2608,-4.8985,182.74,355.77,-23.9625,-4.6232,,,0.21148,0
119.5159,40,48,5,3,156.33,475.44,capture,147.51,348.27,127.48,0,179.007,8.377,179.807,-18.50,20.88,148.12,-17.82,-7.59,174.32,53.979,54.411,-23.8972,-5.8129,147.51,348.27,-23.9331,-5.1586,,,0.21091,0
119.6225,40,48,5,3,156.33,475.44,capture,138.85,340.56,136.01,0,178.991,8.241,179.810,-18.42,20.96,148.06,-17.66,-7.80,174.21,53.803,54.388,-23.1406,-6.1562,138.85,340.56,-23.5765,-5.6075,,,0.21681,0
119.7226,40,48,5,3,156.33,475.44,capture,173.53,345.19,131.38,0,178.933,8.208,179.793,-18.36,20.87,148.23,-17.90,-7.85,174.53,54.110,54.073,-23.1852,-4.8755,173.53,345.19,-23.4004,-5.2781,,,0.22280,0
119.8449,40,48,5,3,156.33,475.44,capture,175.40,362.01,115.03,0,179.001,8.294,179.818,-18.36,20.88,148.33,-18.07,-7.87,174.64,53.868,53.925,-24.6599,-5.0381,175.40,362.01,-23.9672,-5.1701,,,0.21166,0
119.9702,40,48,5,3,156.33,475.44,capture,185.02,354.93,123.88,0,178.965,8.314,179.784,-18.30,20.77,148.00,-17.42,-7.32,174.28,53.809,53.855,-23.7223,-4.1123,185.02,354.93,-23.8570,-4.6941,,,0.21355,0
120.0721,40,48,5,3,156.33,475.44,capture,165.75,342.80,132.98,0,179.003,8.335,179.775,-18.31,20.91,147.91,-17.83,-8.24,174.68,53.801,54.239,-23.0753,-5.5561,165.75,342.80,-23.5052,-5.0820,,,0.21433,0
120.2756,41,66,7,3,156.33,648.33,dwell,225.55,264.50,390.02,0,179.171,8.195,179.749,-18.35,20.94,147.90,-17.93,-8.15,174.13,53.916,53.865,-20.5364,-2.7785,225.55,264.50,-20.5364,-2.7785,,,0.20220,0
120.3748,41,66,7,3,156.33,648.33,dwell,176.34,464.98,184.44,0,179.144,8.341,179.756,-18.34,20.76,147.98,-17.97,-7.96,174.48,54.020,54.174,-29.5814,-5.0290,176.34,464.98,-24.6066,-3.7912,,,0.21025,0
120.4767,41,66,7,3,156.33,648.33,dwell,152.60,398.22,250.14,0,178.979,8.201,179.762,-18.37,20.79,147.86,-18.16,-7.27,174.38,53.596,53.973,-25.4935,-6.0905,152.60,398.22,-25.0057,-4.8259,,,0.20259,0
120.5587,41,66,7,3,156.33,648.33,dwell,197.25,337.64,313.38,0,179.026,8.238,179.768,-18.35,20.92,147.80,-17.20,-7.20,174.41,53.437,54.397,-22.4821,-3.6497,197.25,337.64,-23.8701,-4.2966,,,0.23110,0
120.6427,41,66,7,3,156.33,648.33,dwell,160.58,469.92,178.46,0,179.049,8.366,179.762,-18.28,21.01,147.62,-17.61,-7.40,173.80,53.491,54.000,-27.8984,-5.4619,160.58,469.92,-25.6828,-4.8210,,,0.20536,0
120.7306,41,66,7,3,156.33,648.33,dwell,139.14,408.76,240.19,0,179.017,8.398,179.761,-18.34,20.97,148.04,-17.85,-6.98,174.42,53.820,53.809,-24.6501,-6.4684,139.14,408.76,-25.2181,-5.5623,,,0.21986,0
120.8279,41,66,7,3,156.33,648.33,dwell,162.49,409.76,238.65,0,178.984,8.506,179.764,-18.36,20.87,148.02,-18.35,-6.94,174.34,53.620,53.681,-25.8762,-5.6037,162.49,409.76,-25.5143,-5.5810,,,0.20365,0
120.9099,41,66,7,3,156.33,648.33,dwell,189.61,423.63,227.15,0,178.874,8.563,179.756,-18.35,20.98,148.23,-17.61,-7.52,174.85,53.355,53.881,-26.6733,-4.0382,189.61,423.63,-26.0358,-4.8867,,,0.18864,0
121.0146,41,66,7,3,156.33,648.33,dwell,194.51,377.50,273.51,0,178.899,8.538,179.753,-18.32,20.99,148.23,-17.87,-7.48,174.72,53.296,54.087,-23.6615,-4.1086,194.51,377.50,-24.9674,-4.5366,,,0.22549,0
121.1132,41,66,7,3,156.33,648.33,dwell,149.99,394.29,254.12,0,178.926,8.514,179.760,-18.45,20.85,148.26,-17.63,-7.67,175.05,53.351,53.862,-24.8399,-6.6038,149.99,394.29,-24.9100,-5.4668,,,0.19071,0
121.2050,41,66,7,3,156.33,648.33,capture,163.18,383.69,264.73,0,179.037,8.534,179.743,-18.38,20.92,148.20,-17.54,-7.84,174.89,53.038,54.033,-25.0951,-4.9182,163.18,383.69,-24.9933,-5.2200,,,0.20623,0
121.3119,41,66,7,3,156.33,648.33,capture,163.58,379.45,268.98,0,179.002,8.415,179.773,-18.23,20.97,148.20,-17.96,-7.19,175.20,53.061,54.039,-24.7379,-5.0198,163.58,379.45,-24.8784,-5.1299,,,0.19058,0
121.4069,41,66,7,3,156.33,648.33,capture,178.15,390.80,258.46,0,179.069,8.535,179.762,-18.31,20.75,148.31,-18.34,-8.15,175.18,53.043,53.892,-24.7432,-4.6113,178.15,390.80,-24.8175,-4.8965,,,0.21942,0
121.5086,41,66,7,3,156.33,648.33,capture,152.28,430.46,217.91,0,178.925,8.496,179.774,-18.40,20.61,148.28,-17.87,-8.73,174.50,53.095,53.914,-26.6773,-6.4103,152.28,430.46,-25.6544,-5.5777,,,0.19347,0
121.6215,41,66,7,3,156.33,648.33,capture,150.47,398.22,250.18,0,178.818,8.501,179.785,-18.36,20.54,148.23,-17.78,-7.70,174.89,53.202,54.029,-25.0977,-5.8176,150.47,398.22,-25.4039,-5.6857,,,0.18296,0
121.7199,41,66,7,3,156.33,648.33,capture,171.46,397.89,250.90,0,178.875,8.562,179.821,-18.37,20.38,148.09,-18.10,-8.02,174.66,53.007,54.218,-24.9003,-5.1153,171.46,397.89,-25.1773,-5.4290,,,0.18612,0
121.8269,41,66,7,3,156.33,648.33,capture,145.14,390.97,257.61,0,178.756,8.431,179.836,-18.38,20.60,148.03,-18.49,-8.22,174.69,53.109,54.490,-24.4482,-5.3075,145.14,390.97,-24.8492,-5.3743,,,0.20362,0
121.9242,41,66,7,3,156.33,648.33,capture,172.74,377.43,271.40,0,178.728,8.543,179.848,-18.33,20.49,147.95,-18.16,-8.82,174.50,53.087,53.945,-24.6711,-4.9739,172.74,377.43,-24.7691,-5.1941,,,0.18867,0
122.0149,41,66,7,3,156.33,648.33,capture,183.90,391.36,258.45,0,178.824,8.412,179.848,-18.41,20.63,147.84,-17.87,-8.04,174.32,53.252,54.417,-25.0573,-3.9680,183.90,391.36,-24.8988,-4.6423,,,0.19406,0
122.1127,41,66,7,3,156.33,648.33,capture,141.45,387.84,260.92,0,178.805,8.400,179.865,-18.41,20.39,147.97,-17.78,-8.55,174.63,53.128,54.399,-25.2905,-6.8183,141.45,387.84,-25.0750,-5.6215,,,0.17075,0
122.2153,41,66,7,3,156.33,648.33,capture,141.43,356.68,292.03,0,178.635,8.613,179.880,-18.34,20.40,148.14,-17.57,-7.45,174.39,53.545,54.112,-23.5294,-6.3443,141.43,356.68,-24.3795,-5.9468,,,0.20813,0
122.3124,41,66,7,3,156.33,648.33,capture,131.13,394.47,255.11,0,178.744,8.598,179.874,-18.21,20.41,148.16,-17.81,-7.71,174.79,53.639,54.496,-25.7146,-7.0840,131.13,394.47,-24.9803,-6.4585,,,0.20108,0
122.4020,41,66,7,3,156.33,648.33,capture,153.84,376.58,271.76,0,178.683,8.445,179.873,-18.37,20.34,148.11,-17.55,-8.86,174.47,53.950,54.943,-25.6069,-5.5292,153.84,376.58,-25.2623,-6.0403,,,0.20945,0
122.5101,41,66,7,3,156.33,648.33,capture,153.46,374.75,273.60,0,178.723,8.418,179.845,-18.31,20.17,148.15,-18.02,-7.54,174.91,54.075,54.943,-24.8284,-5.3536,153.46,374.75,-25.0670,-5.7313,,,0.22479,0
122.6215,41,66,7,3,156.33,648.33,capture,155.11,372.77,275.57,0,178.798,8.427,179.849,-18.23,20.15,147.92,-17.42,-7.89,173.91,53.947,54.935,-24.1677,-5.9771,155.11,372.77,-24.6623,-5.8419,,,0.21376,0
122.7239,41,66,7,3,156.33,648.33,capture,150.74,380.28,268.11,0,178.842,8.358,179.869,-18.28,20.14,147.80,-17.67,-7.85,173.98,53.974,54.736,-25.0523,-6.1806,150.74,380.28,-24.8378,-5.9943,,,0.20869,0
122.8300,41,66,7,3,156.33,648.33,capture,153.54,425.76,222.59,0,178.821,8.359,179.877,-18.41,20.14,147.99,-18.20,-8.13,174.39,54.108,54.659,-26.0303,-6.2872,153.54,425.76,-25.3744,-6.1261,,,0.19843,0
122.9120,41,66,7,3,156.33,648.33,capture,167.24,385.58,262.98,0,178.950,8.393,179.876,-18.49,20.21,147.95,-17.52,-8.23,174.51,53.825,54.663,-24.9129,-5.0877,167.24,385.58,-25.1667,-5.6588,,,0.21766,0
123.0016,41,66,7,3,156.33,648.33,capture,172.41,395.69,253.15,0,178.879,8.428,179.886,-18.48,20.11,147.63,-18.01,-9.09,173.80,53.738,54.368,-25.7242,-5.0282,172.41,395.69,-25.4176,-5.3750,,,0.23596,0
123.1077,41,66,7,3,156.33,648.33,capture,169.55,387.72,260.95,0,178.914,8.403,179.864,-18.55,20.20,147.63,-17.60,-7.62,173.94,53.818,54.359,-24.8836,-5.2985,169.55,387.72,-25.1773,-5.3406,,,0.23584,0
123.3048,42,1,0,1,67.00,43.22,dwell,173.56,470.78,440.64,0,178.857,8.322,179.886,-18.48,20.18,147.64,-17.89,-8.62,173.38,53.739,54.385,-28.0813,-5.5563,173.56,470.78,-28.0813,-5.5563,,,0.20097,0
123.3868,42,1,0,1,67.00,43.22,dwell,110.89,390.68,350.22,0,178.888,8.179,179.869,-18.43,20.23,147.73,-17.89,-8.65,174.39,53.780,54.280,-25.2566,-7.3634,110.89,390.68,-26.8102,-6.3695,,,0.20937,0
123.5157,42,1,0,1,67.00,43.22,dwell,187.10,256.44,244.72,0,178.916,8.155,179.867,-18.30,20.32,147.68,-18.16,-8.59,173.35,54.006,54.406,-19.8325,-3.6823,187.10,256.44,-23.6702,-5.1603,,,0.21414,0
123.6239,42,1,0,1,67.00,43.22,dwell,94.51,182.89,142.35,0,178.979,8.118,179.813,-18.42,20.18,147.94,-18.58,-8.75,174.52,53.844,54.035,-16.2760,-8.5886,94.51,182.89,-20.3428,-6.7030,,,0.22105,0
123.7193,42,1,0,1,67.00,43.22,dwell,62.15,115.99,72.93,0,179.025,7.800,179.814,-18.34,20.20,147.92,-17.80,-7.99,173.96,53.507,53.751,-14.3708,-10.3205,62.15,115.99,-17.6554,-8.3309,,,0.20683,0
123.8208,42,1,0,1,67.00,43.22,dwell,94.62,188.45,147.83,0,179.129,7.902,179.842,-18.45,20.17,147.62,-18.18,-8.17,173.87,53.785,53.543,-16.2638,-8.2753,94.62,188.45,-17.0292,-8.3059,,,0.21561,0
123.9212,42,1,0,1,67.00,43.22,dwell,110.61,105.17,75.76,0,179.072,7.990,179.834,-18.48,20.24,147.59,-17.89,-8.38,174.02,53.559,53.442,-13.4268,-8.0742,110.61,105.17,-15.4081,-8.2016,,,0.23239,0
124.0113,42,1,0,1,67.00,43.22,dwell,103.74,19.22,43.89,0,178.889,7.950,179.808,-18.56,20.28,147.53,-17.76,-8.40,174.11,54.055,53.311,-10.4763,-7.8679,103.74,19.22,-13.1888,-8.0514,,,0.21240,0
124.1152,42,1,0,1,67.00,43.22,dwell,64.03,61.42,18.44,1,178.942,7.881,179.803,-18.58,20.37,147.49,-18.05,-8.72,173.30,53.898,53.609,-12.4468,-9.6435,64.03,61.42,-12.8549,-8.7679,,,0.20209,0
124.2175,42,1,0,1,67.00,43.22,dwell,21.97,8.52,56.85,0,178.808,7.908,179.820,-18.56,20.43,147.60,-18.04,-7.73,173.96,53.730,53.684,-9.7263,-11.7321,21.97,8.52,-11.4471,-10.1018,,,0.20671,0
124.3063,42,1,0,1,67.00,43.22,dwell,15.03,21.32,56.40,0,178.859,7.780,179.773,-18.61,20.62,147.51,-17.79,-8.14,174.17,53.807,53.672,-11.1759,-12.3849,15.03,21.32,-11.3250,-11.1292,,,0.22384,0
124.4143,42,1,0,1,67.00,43.22,capture,35.75,-26.44,76.35,0,178.906,7.788,179.802,-18.51,20.55,147.45,-17.76,-8.01,173.72,53.717,53.086,-8.9381,-11.2048,35.75,-26.44,-10.2509,-11.1632,,,0.20528,0
124.5331,42,1,0,1,67.00,43.22,capture,28.44,-34.93,87.15,0,178.864,7.709,179.773,-18.49,20.76,147.36,-18.19,-8.12,173.56,53.844,53.025,-9.0138,-11.4363,28.44,-34.93,-9.6942,-11.2861,,,0.20157,0
124.6308,42,1,0,1,67.00,43.22,capture,23.16,-30.25,85.56,0,178.858,7.660,179.777,-18.48,20.89,147.31,-17.92,-8.00,173.38,53.560,53.317,-8.2478,-11.8388,23.16,-30.25,-9.0433,-11.5348,,,0.22004,0
124.7268,42,1,0,1,67.00,43.22,capture,15.91,-35.40,93.76,0,178.831,7.642,179.765,-18.43,20.80,147.24,-18.41,-8.18,173.24,53.423,54.069,-9.1169,-11.9893,15.91,-35.40,-9.0764,-11.7394,,,0.21076,0
124.8314,42,1,0,1,67.00,43.22,capture,22.83,-19.21,76.48,0,178.849,7.412,179.745,-18.34,20.83,147.19,-18.21,-8.09,173.48,53.414,53.930,-9.4965,-11.7430,22.83,-19.21,-9.2655,-11.7410,,,0.18046,0
124.9351,42,1,0,1,67.00,43.22,capture,32.78,-7.05,60.81,0,178.907,7.360,179.789,-18.38,20.67,146.92,-17.48,-7.58,173.02,53.975,54.237,-8.8494,-10.5492,32.78,-7.05,-9.0782,-11.2047,,,0.24072,0
125.0372,42,1,0,1,67.00,43.22,capture,25.22,-33.67,87.51,0,178.907,7.360,179.804,-18.30,20.64,147.19,-17.66,-8.12,173.48,53.808,54.333,-8.6604,-11.7415,25.22,-33.67,-8.8902,-11.4463,,,0.20361,0
125.1370,42,1,0,1,67.00,43.22,capture,29.00,-20.73,74.39,0,178.975,7.372,179.820,-18.31,20.46,147.09,-18.35,-8.63,173.38,53.949,54.222,-9.4217,-11.9760,29.00,-20.73,-9.1294,-11.6847,,,0.20006,0
125.2330,42,1,0,1,67.00,43.22,capture,16.78,-22.30,82.55,0,179.061,7.449,179.794,-18.40,20.54,147.22,-17.38,-8.81,173.55,53.710,54.525,-8.6718,-11.4580,16.78,-22.30,-8.9235,-11.5827,,,0.19413,0
125.3370,42,1,0,1,67.00,43.22,capture,32.95,-34.37,84.73,0,179.010,7.601,179.808,-18.38,20.54,147.42,-18.33,-7.75,173.65,53.683,54.563,-8.5014,-11.5638,32.95,-34.37,-8.7336,-11.5742,,,0.20123,0
125.4190,42,1,0,1,67.00,43.22,capture,56.93,13.97,30.94,1,178.923,7.452,179.777,-18.32,20.52,147.71,-18.15,-8.13,173.81,53.610,54.516,-10.7845,-9.9949,56.93,13.97,-9.6565,-10.8635,,,0.20379,0
125.5162,42,1,0,1,67.00,43.22,capture,37.22,-14.03,64.53,0,178.990,7.253,179.792,-18.35,20.71,147.51,-18.22,-8.82,174.03,53.258,54.215,-8.9967,-10.8593,37.22,-14.03,-9.3596,-10.8616,,,0.19362,0
125.6165,42,1,0,1,67.00,43.22,capture,51.45,1.42,44.60,1,178.942,7.339,179.798,-18.40,20.70,147.27,-17.46,-7.70,173.83,53.186,54.157,-9.8985,-10.9416,51.45,1.42,-9.6021,-10.8976,,,0.19928,0
125.7205,42,1,0,1,67.00,43.22,capture,41.16,-36.11,83.43,0,178.846,7.475,179.808,-18.31,20.50,147.12,-17.62,-7.43,173.21,53.065,54.208,-9.4368,-11.3358,41.16,-36.11,-9.5277,-11.0948,,,0.20677,0
125.8328,42,1,0,1,67.00,43.22,capture,38.64,18.87,37.38,0,178.848,7.396,179.821,-18.38,20.55,147.28,-18.16,-8.15,173.71,53.176,54.013,-10.7802,-10.9487,38.64,18.87,-10.0913,-11.0290,,,0.20756,0
125.9361,42,1,0,1,67.00,43.22,capture,48.24,-23.85,69.65,0,178.764,7.384,179.827,-18.31,20.43,147.35,-17.59,-8.25,173.53,53.061,53.844,-8.7888,-10.4672,48.24,-23.85,-9.5052,-10.7762,,,0.19761,0
126.0383,42,1,0,1,67.00,43.22,capture,42.40,-9.02,57.74,0,178.754,7.570,179.862,-18.23,20.58,147.10,-17.93,-8.12,173.13,53.259,54.269,-9.3471,-10.4139,42.40,-9.02,-9.4340,-10.6132,,,0.19906,0
126.1266,42,1,0,1,67.00,43.22,capture,39.64,-21.29,70.07,0,178.737,7.578,179.853,-18.33,20.53,147.00,-17.77,-7.95,173.06,53.763,54.450,-8.1312,-11.3386,39.64,-21.29,-8.8478,-10.9396,,,0.22754,0
126.2192,42,1,0,1,67.00,43.22,capture,35.94,-23.39,73.50,0,178.732,7.666,179.822,-18.36,20.52,147.29,-18.28,-8.18,173.72,53.815,54.401,-8.2816,-10.8587,35.94,-23.39,-8.5930,-10.9032,,,0.20224,0
126.3109,42,1,0,1,67.00,43.22,capture,32.10,-18.09,70.55,0,178.894,7.701,179.796,-18.44,20.56,147.11,-18.04,-7.22,173.13,53.950,54.540,-9.2008,-12.1724,32.10,-18.09,-8.8665,-11.4743,,,0.22693,0
126.4089,42,1,0,1,67.00,43.22,capture,39.43,-2.12,53.07,0,178.931,7.497,179.802,-18.48,20.60,147.16,-17.71,-7.85,173.36,54.201,54.580,-10.7842,-10.8200,39.43,-2.12,-9.7295,-11.1799,,,0.22136,0
126.5856,43,16,1,7,335.00,129.67,dwell,22.78,16.10,332.23,0,178.863,7.564,179.824,-18.52,20.60,147.34,-17.65,-8.05,173.74,54.251,54.269,-10.9822,-11.5951,22.78,16.10,-10.9822,-11.5951,,,0.23430,0
126.6966,43,16,1,7,335.00,129.67,dwell,155.88,59.20,192.48,0,178.787,7.493,179.844,-18.50,20.88,147.16,-17.95,-7.52,172.83,53.981,54.204,-12.3273,-5.6783,155.88,59.20,-11.5875,-8.9326,,,0.20579,0
126.8020,43,16,1,7,335.00,129.67,dwell,147.75,-31.64,247.15,0,178.831,7.458,179.869,-18.46,20.69,147.42,-18.33,-8.10,173.38,53.773,54.443,-9.0575,-6.2708,147.75,-31.64,-10.4490,-7.7348,,,0.19827,0
126.9223,43,16,1,7,335.00,129.67,dwell,158.98,-19.15,230.50,0,178.882,7.337,179.832,-18.49,20.69,147.33,-18.26,-7.59,172.96,53.652,54.005,-9.2237,-4.8431,158.98,-19.15,-9.8976,-6.4335,,,0.25481,0
127.0327,43,16,1,7,335.00,129.67,dwell,250.56,-0.02,154.75,0,178.921,7.336,179.805,-18.61,20.77,147.27,-18.79,-7.70,173.78,53.543,53.824,-9.7821,-0.9888,250.56,-0.02,-9.8457,-3.9834,,,0.17851,0
127.1190,43,16,1,7,335.00,129.67,dwell,277.71,80.00,75.82,0,178.791,7.364,179.779,-18.75,20.71,147.32,-18.58,-7.57,173.56,53.722,53.871,-13.5136,0.0323,277.71,80.00,-11.4963,-2.1763,,,0.22975,0
127.2245,43,16,1,7,335.00,129.67,dwell,251.19,32.38,128.41,0,178.844,7.488,179.799,-18.66,20.68,147.38,-17.91,-9.22,173.63,53.673,54.140,-10.8971,-1.1643,251.19,32.38,-11.2267,-1.7209,,,0.24190,0
127.3345,43,16,1,7,335.00,129.67,dwell,239.10,147.26,97.50,0,178.909,7.423,179.811,-18.58,20.48,147.22,-17.72,-8.48,173.07,53.693,53.950,-15.3677,-1.7417,239.10,147.26,-13.0901,-1.7303,,,0.20018,0
127.4384,43,16,1,7,335.00,129.67,dwell,315.47,55.60,76.60,0,179.022,7.427,179.786,-18.38,20.74,147.38,-18.28,-8.01,173.92,53.824,54.000,-12.1288,2.0441,315.47,55.60,-12.6575,-0.0318,,,0.21657,0
127.5599,43,16,1,7,335.00,129.67,dwell,332.38,72.55,57.18,0,178.875,7.375,179.771,-18.38,20.72,147.42,-18.47,-7.78,173.94,54.041,54.329,-12.5856,2.6040,332.38,72.55,-12.6252,1.1543,,,0.23056,0
127.6512,43,16,1,7,335.00,129.67,dwell,333.20,41.71,87.98,0,178.876,7.426,179.759,-18.40,20.61,147.89,-18.76,-7.55,174.26,53.945,54.502,-11.5832,2.4991,333.20,41.71,-12.1563,1.7595,,,0.21820,0
127.7462,43,16,1,7,335.00,129.67,capture,385.32,73.42,75.47,0,178.979,7.331,179.792,-18.36,20.62,147.81,-17.42,-8.55,174.51,53.833,54.138,-13.0901,4.8502,385.32,73.42,-12.5765,3.1503,,,0.19866,0
127.8378,43,16,1,7,335.00,129.67,capture,385.00,42.63,100.38,0,178.941,7.436,179.806,-18.30,20.60,147.81,-18.08,-8.29,173.97,53.991,54.291,-11.4968,5.2881,385.00,42.63,-12.0906,4.1123,,,0.21110,0
127.9377,43,16,1,7,335.00,129.67,capture,377.62,49.74,90.58,0,179.081,7.506,179.798,-18.33,20.65,147.71,-18.30,-7.86,174.28,54.345,54.431,-12.1837,4.6372,377.62,49.74,-12.1325,4.3485,,,0.24548,0
128.0387,43,16,1,7,335.00,129.67,capture,380.02,53.11,88.81,0,179.151,7.485,179.795,-18.27,20.70,147.52,-17.63,-8.17,173.89,53.676,54.180,-12.1760,4.1975,380.02,53.11,-12.1521,4.2805,,,0.21244,0
128.1346,43,16,1,7,335.00,129.67,capture,371.90,70.72,69.54,0,179.221,7.651,179.770,-18.31,20.73,147.79,-17.82,-7.19,174.43,53.658,54.069,-12.3961,4.8611,371.90,70.72,-12.2619,4.5418,,,0.18311,0
128.2228,43,16,1,7,335.00,129.67,capture,413.54,56.64,107.24,0,179.053,7.639,179.797,-18.24,20.70,147.80,-17.38,-7.67,174.11,53.468,53.719,-12.1371,5.7831,413.54,56.64,-12.2057,5.1004,,,0.21301,0
128.3283,43,16,1,7,335.00,129.67,capture,368.40,54.83,81.95,0,179.102,7.744,179.779,-18.35,20.46,147.50,-17.39,-8.68,173.96,53.291,53.988,-11.2898,3.7728,368.40,54.83,-11.7936,4.5030,,,0.21334,0
128.4432,43,16,1,7,335.00,129.67,capture,390.68,78.75,75.45,0,179.031,7.768,179.788,-18.35,20.59,147.44,-18.30,-8.47,173.71,53.344,53.957,-12.8255,5.0000,390.68,78.75,-12.2579,4.7266,,,0.20930,0
128.5487,43,16,1,7,335.00,129.67,capture,378.36,70.34,73.48,0,179.014,7.680,179.794,-18.27,20.87,147.46,-17.73,-8.19,173.83,53.411,53.298,-12.5245,4.4701,378.36,70.34,-12.3779,4.6112,,,0.20353,0
128.6441,43,16,1,7,335.00,129.67,capture,386.44,58.62,87.71,0,178.939,7.578,179.782,-18.19,21.05,147.55,-17.81,-7.38,174.17,53.391,53.958,-11.2789,4.8500,386.44,58.62,-11.8833,4.7187,,,0.18967,0
128.7399,43,16,1,7,335.00,129.67,capture,372.15,63.19,76.15,0,178.894,7.734,179.761,-18.20,21.02,147.51,-17.44,-8.45,174.04,53.440,53.661,-13.7340,5.0412,372.15,63.19,-12.7161,4.8638,,,0.21666,0
128.8219,43,16,1,7,335.00,129.67,capture,386.81,48.21,96.54,0,178.879,7.764,179.795,-18.42,20.99,147.28,-18.31,-8.40,173.11,53.630,53.683,-12.3449,5.2751,386.81,48.21,-12.5491,5.0489,,,0.20883,0
128.9220,43,16,1,7,335.00,129.67,capture,379.66,74.79,70.75,0,178.810,7.656,179.786,-18.55,20.99,147.29,-18.05,-7.65,173.90,53.302,53.551,-13.5100,4.9590,379.66,74.79,-12.9815,5.0084,,,0.17825,0
129.0326,43,16,1,7,335.00,129.67,capture,363.90,61.66,73.89,0,178.744,7.655,179.793,-18.47,20.95,147.28,-18.35,-8.01,173.57,53.528,53.985,-11.9843,3.6851,363.90,61.66,-12.5328,4.4129,,,0.21672,0
129.1191,43,16,1,7,335.00,129.67,capture,397.62,43.26,106.71,0,178.686,7.630,179.792,-18.45,21.09,147.39,-18.09,-6.79,173.80,53.947,54.176,-10.4798,5.3561,397.62,43.26,-11.6089,4.8373,,,0.23228,0
129.2191,43,16,1,7,335.00,129.67,capture,389.63,52.96,94.17,0,178.751,7.678,179.754,-18.47,21.00,147.30,-17.80,-7.80,173.29,54.266,54.141,-11.8202,5.7563,389.63,52.96,-11.7040,5.2508,,,0.20536,0
129.3170,43,16,1,7,335.00,129.67,capture,377.96,63.98,78.49,0,178.690,7.756,179.787,-18.44,20.96,147.52,-17.48,-8.19,173.60,53.810,54.372,-11.4323,4.4293,377.96,63.98,-11.5817,4.8811,,,0.20484,0
129.4066,43,16,1,7,335.00,129.67,capture,389.71,65.19,84.56,0,178.713,7.695,179.796,-18.34,20.73,147.60,-18.08,-7.42,174.28,54.240,54.553,-12.2679,5.5743,389.71,65.19,-11.8905,5.1930,,,0.22927,0
129.4886,43,16,1,7,335.00,129.67,capture,387.97,76.36,75.15,0,178.741,7.755,179.767,-18.39,20.88,147.44,-18.30,-7.97,173.74,53.907,54.504,-12.9881,5.2259,387.97,76.36,-12.3844,5.2078,,,0.20884,0
129.5987,43,16,1,7,335.00,129.67,capture,392.71,74.61,79.76,0,178.684,7.680,179.763,-18.49,20.87,147.34,-18.58,-6.58,173.58,54.099,54.451,-11.8259,5.2352,392.71,74.61,-12.1331,5.2201,,,0.22019,0
129.7607,44,45,5,0,22.33,475.44,dwell,247.41,283.77,295.63,0,178.769,7.806,179.756,-18.61,20.94,147.41,-18.33,-7.98,173.92,53.874,53.936,-20.9308,-1.1713,247.41,283.77,-20.9308,-1.1713,,,0.22390,0
129.8654,44,45,5,0,22.33,475.44,dwell,133.51,310.40,199.00,0,178.749,7.922,179.780,-18.54,20.94,147.55,-17.77,-7.62,174.29,54.236,54.092,-21.6819,-6.6064,133.51,310.40,-21.2688,-3.6171,,,0.23756,0
129.9728,44,45,5,0,22.33,475.44,dwell,284.56,181.69,393.77,0,178.748,8.053,179.767,-18.49,20.88,147.65,-18.35,-7.99,173.64,53.719,54.126,-16.6708,0.7666,284.56,181.69,-19.1997,-1.6444,,,0.20825,0
130.0737,44,45,5,0,22.33,475.44,dwell,209.00,263.54,282.40,0,178.749,7.983,179.772,-18.54,20.82,147.59,-18.66,-6.86,173.70,53.985,54.417,-20.1446,-2.8423,209.00,263.54,-19.6249,-2.1835,,,0.21897,0
130.1615,44,45,5,0,22.33,475.44,dwell,254.10,260.51,316.09,0,178.870,8.086,179.778,-18.51,20.72,147.61,-17.81,-8.21,173.79,54.040,54.682,-19.9704,-1.0859,254.10,260.51,-19.7804,-1.6896,,,0.21556,0
130.2723,44,45,5,0,22.33,475.44,dwell,202.13,278.18,266.91,0,178.979,8.161,179.821,-18.41,20.91,147.85,-17.72,-7.37,174.15,54.150,54.671,-20.6399,-3.4994,202.13,278.18,-20.1672,-2.5040,,,0.24427,0
130.3638,44,45,5,0,22.33,475.44,dwell,153.72,327.11,198.16,0,178.944,8.257,179.815,-18.36,20.78,147.95,-18.42,-8.30,174.04,54.065,54.891,-22.7199,-5.6847,153.72,327.11,-21.3159,-3.9353,,,0.23882,0
130.4652,44,45,5,0,22.33,475.44,dwell,113.02,299.28,198.14,0,178.968,8.236,179.833,-18.36,20.94,147.65,-18.38,-7.83,173.93,53.909,54.630,-21.5751,-7.9346,113.02,299.28,-21.4325,-5.7350,,,0.21159,0
130.5620,44,45,5,0,22.33,475.44,dwell,97.61,375.31,125.27,0,178.987,8.193,179.859,-18.36,21.06,147.76,-18.28,-7.43,174.40,54.043,54.570,-24.6076,-8.9941,97.61,375.31,-22.8613,-7.2016,,,0.20163,0
130.6553,44,45,5,0,22.33,475.44,dwell,79.78,390.30,102.71,0,178.983,8.117,179.862,-18.26,21.16,147.85,-18.10,-7.46,174.17,53.793,55.158,-25.5851,-9.0371,79.78,390.30,-24.0870,-8.0275,,,0.21628,0
130.7673,44,45,5,0,22.33,475.44,capture,57.19,404.35,79.18,0,178.965,8.275,179.864,-18.33,21.16,147.46,-17.33,-7.77,173.84,53.379,55.011,-26.6350,-9.2516,57.19,404.35,-25.2336,-8.5784,,,0.20454,0
130.8798,44,45,5,0,22.33,475.44,capture,38.22,395.55,81.46,0,178.843,8.375,179.849,-18.37,21.15,147.19,-18.66,-8.54,173.45,53.322,54.904,-26.0183,-11.3482,38.22,395.55,-25.5867,-9.8248,,,0.20705,0
130.9828,44,45,5,0,22.33,475.44,capture,44.84,375.70,102.25,0,178.696,8.369,179.809,-18.33,21.12,147.23,-18.36,-7.81,173.23,53.702,55.264,-24.3829,-11.4817,44.84,375.70,-25.0450,-10.5704,,,0.21259,0
131.1010,44,45,5,0,22.33,475.44,capture,47.35,399.38,80.07,0,178.797,8.293,179.810,-18.17,21.07,147.23,-18.04,-6.95,173.56,53.820,55.448,-25.2524,-11.4535,47.35,399.38,-25.1383,-10.9678,,,0.22914,0
131.2001,44,45,5,0,22.33,475.44,capture,60.61,362.35,119.40,0,178.831,8.458,179.848,-18.16,21.22,147.24,-17.69,-6.74,173.39,53.702,55.232,-23.7707,-10.1331,60.61,362.35,-24.5229,-10.5922,,,0.21769,0
131.3211,44,45,5,0,22.33,475.44,capture,53.78,400.65,81.14,0,178.827,8.449,179.844,-18.31,21.02,147.24,-17.63,-6.85,173.35,53.534,54.826,-26.8028,-10.0078,53.78,400.65,-25.5489,-10.3292,,,0.18625,0
131.4143,44,45,5,0,22.33,475.44,capture,41.36,402.45,75.43,0,178.875,8.454,179.858,-18.46,20.92,147.34,-18.16,-7.49,174.12,53.366,54.521,-25.5092,-11.0260,41.36,402.45,-25.5310,-10.6428,,,0.18376,0
131.5017,44,45,5,0,22.33,475.44,capture,70.67,396.49,92.58,0,178.828,8.480,179.831,-18.34,20.93,147.41,-17.99,-7.18,173.77,53.474,54.240,-25.5740,-9.9058,70.67,396.49,-25.5504,-10.3112,,,0.21526,0
131.5922,44,45,5,0,22.33,475.44,capture,71.14,408.44,82.90,0,178.829,8.429,179.851,-18.43,20.83,147.59,-17.92,-7.62,174.27,53.094,54.064,-25.0416,-9.5730,71.14,408.44,-25.3214,-9.9790,,,0.18356,0
131.6853,44,45,5,0,22.33,475.44,capture,56.18,419.68,65.23,0,178.840,8.366,179.859,-18.30,20.74,147.78,-17.99,-7.98,174.61,52.971,54.119,-26.2036,-11.0397,56.18,419.68,-25.7184,-10.4563,,,0.20149,0
131.7759,44,45,5,0,22.33,475.44,capture,49.49,430.40,52.60,0,178.874,8.380,179.883,-18.18,20.89,147.84,-17.48,-6.86,173.81,53.445,54.282,-26.6434,-10.7961,49.49,430.40,-26.1346,-10.6092,,,0.19071,0
131.8811,44,45,5,0,22.33,475.44,capture,58.76,447.01,46.21,0,178.836,8.362,179.869,-18.10,20.92,147.71,-17.82,-7.73,174.17,53.622,54.281,-25.8710,-10.6473,58.76,447.01,-26.0160,-10.6264,,,0.23657,0
131.9668,44,45,5,0,22.33,475.44,capture,54.02,429.28,55.99,0,178.897,8.291,179.864,-18.16,20.88,147.87,-17.77,-7.80,174.04,53.917,53.919,-26.3542,-10.4380,54.02,429.28,-26.1682,-10.5416,,,0.19808,0
132.0761,44,45,5,0,22.33,475.44,capture,43.21,422.47,56.94,0,178.984,8.409,179.885,-18.14,20.79,147.86,-17.55,-8.24,174.57,53.666,54.074,-26.2489,-11.1210,43.21,422.47,-26.2045,-10.8023,,,0.20639,0
132.1826,44,45,5,0,22.33,475.44,capture,52.67,409.64,72.46,0,179.028,8.255,179.892,-18.22,20.73,147.92,-17.92,-7.50,174.91,54.250,54.144,-25.5395,-9.8610,52.67,409.64,-25.9053,-10.3787,,,0.24620,0
132.2801,44,45,5,0,22.33,475.44,capture,68.50,407.83,81.87,0,178.988,8.295,179.883,-18.21,20.93,147.77,-18.05,-7.43,174.31,54.007,53.970,-25.7590,-10.0048,68.50,407.83,-25.8395,-10.2105,,,0.21291,0
132.3793,44,45,5,0,22.33,475.44,capture,39.92,396.61,80.77,0,178.887,8.392,179.869,-18.28,21.06,147.75,-17.64,-7.41,174.16,54.025,54.567,-24.9604,-11.6024,39.92,396.61,-25.4439,-10.8368,,,0.19285,0
132.4891,44,45,5,0,22.33,475.44,capture,39.80,389.35,87.85,0,178.878,8.271,179.842,-18.21,21.04,147.59,-17.65,-7.21,173.83,54.051,54.722,-24.4039,-11.3329,39.80,389.35,-24.9759,-11.0600,,,0.21948,0
132.5956,44,45,5,0,22.33,475.44,capture,53.79,404.77,77.36,0,178.850,8.298,179.831,-18.20,20.93,147.55,-17.01,-8.32,174.13,53.985,54.229,-26.2356,-10.5731,53.79,404.77,-25.5428,-10.8409,,,0.21539,0
132.6929,44,45,5,0,22.33,475.44,capture,56.70,396.19,86.38,0,178.862,8.328,179.826,-18.19,20.79,147.67,-17.74,-7.70,173.88,53.854,54.180,-25.5955,-10.6604,56.70,396.19,-25.5665,-10.7597,,,0.21069,0
132.8538,45,27,3,0,22.33,302.56,dwell,3.41,261.64,45.08,1,178.883,8.242,179.816,-18.29,20.81,147.61,-17.96,-6.97,173.69,53.748,54.236,-20.4967,-13.2415,3.41,261.64,-20.4967,-13.2415,,,0.25139,0
132.9703,45,27,3,0,22.33,302.56,dwell,-41.86,251.00,82.33,0,178.931,8.204,179.802,-18.37,20.88,147.34,-17.42,-6.80,174.27,53.916,54.511,-18.7508,-14.7282,-41.86,251.00,-19.7110,-13.9105,,,0.23228,0
133.0601,45,27,3,0,22.33,302.56,dwell,-19.26,257.51,61.31,0,178.864,8.031,179.824,-18.27,21.00,147.43,-17.81,-8.26,173.62,53.849,54.876,-19.8632,-13.6733,-19.26,257.51,-19.7795,-13.8038,,,0.23160,0
133.1645,45,27,3,0,22.33,302.56,dwell,67.09,262.52,60.05,0,178.812,8.010,179.834,-18.22,20.92,147.33,-17.88,-8.57,173.91,53.933,54.549,-20.9723,-9.8296,67.09,262.52,-20.3163,-12.0154,,,0.20025,0
133.2644,45,27,3,0,22.33,302.56,dwell,17.38,194.18,108.49,0,178.923,7.996,179.827,-18.31,20.69,147.59,-17.57,-8.10,173.74,53.843,54.625,-17.3838,-11.7960,17.38,194.18,-18.9966,-11.9166,,,0.22141,0
133.3703,45,27,3,0,22.33,302.56,dwell,26.39,230.49,72.18,0,178.891,8.025,179.824,-18.34,20.76,147.40,-18.66,-8.78,173.69,53.570,54.797,-18.4695,-11.3939,26.39,230.49,-18.7594,-11.6814,,,0.19820,0
133.4603,45,27,3,0,22.33,302.56,dwell,61.12,108.66,197.74,0,178.889,8.069,179.814,-18.47,20.74,147.41,-17.64,-7.53,173.91,53.376,54.612,-14.2816,-10.2163,61.12,108.66,-16.7444,-11.0221,,,0.20190,0
133.5588,45,27,3,0,22.33,302.56,dwell,3.75,169.94,133.91,0,179.010,7.959,179.796,-18.44,20.69,147.43,-17.93,-7.63,173.84,53.450,54.151,-16.3618,-12.4942,3.75,169.94,-16.5722,-11.6845,,,0.18625,0
133.6554,45,27,3,0,22.33,302.56,dwell,37.96,128.05,175.20,0,179.010,7.991,179.778,-18.42,20.83,147.28,-17.65,-7.28,173.23,53.297,54.291,-14.5625,-10.9570,37.96,128.05,-15.6679,-11.3572,,,0.20518,0
133.7571,45,27,3,0,22.33,302.56,capture,-35.74,110.91,200.25,0,178.885,7.904,179.790,-18.38,20.70,147.34,-17.65,-8.63,173.61,53.431,54.447,-14.4599,-14.7880,-35.74,110.91,-15.1243,-12.9010,,,0.21709,0
133.8667,45,27,3,0,22.33,302.56,capture,-31.42,123.06,187.37,0,178.772,7.791,179.805,-18.30,20.82,147.39,-17.93,-8.30,173.67,53.572,54.439,-13.6542,-13.3444,-31.42,123.06,-14.4627,-13.1006,,,0.21858,0
133.9654,45,27,3,0,22.33,302.56,capture,-30.00,105.60,203.79,0,178.851,7.776,179.793,-18.36,20.98,147.23,-17.76,-7.51,173.29,53.941,54.374,-14.5547,-13.8909,-30.00,105.60,-14.5041,-13.4562,,,0.22776,0
134.0686,45,27,3,0,22.33,302.56,capture,-9.52,129.45,176.01,0,178.968,7.846,179.812,-18.46,20.82,147.25,-18.66,-7.48,173.30,53.470,54.244,-14.9432,-13.4133,-9.52,129.45,-14.7017,-13.4369,,,0.21181,0
134.1519,45,27,3,0,22.33,302.56,capture,-15.75,106.05,200.16,0,179.048,7.887,179.810,-18.41,20.86,147.20,-18.02,-7.30,173.28,53.450,54.139,-13.1349,-13.7322,-15.75,106.05,-13.9966,-13.5698,,,0.22254,0
134.2533,45,27,3,0,22.33,302.56,capture,-16.38,119.15,187.45,0,179.125,7.902,179.816,-18.41,20.78,147.13,-18.03,-8.35,173.50,53.487,54.019,-13.8060,-13.3976,-16.38,119.15,-13.9108,-13.4923,,,0.21739,0
134.3578,45,27,3,0,22.33,302.56,capture,-28.44,111.78,197.42,0,179.183,7.950,179.823,-18.25,20.95,147.15,-17.94,-7.45,173.71,53.451,54.590,-14.6010,-14.0419,-28.44,111.78,-14.2214,-13.7396,,,0.19693,0
134.4476,45,27,3,0,22.33,302.56,capture,-13.28,100.61,205.06,0,179.168,8.018,179.846,-18.30,21.01,146.88,-17.98,-7.50,172.98,53.359,54.499,-14.5901,-14.0156,-13.28,100.61,-14.3873,-13.8638,,,0.21092,0
134.5445,45,27,3,0,22.33,302.56,capture,11.21,115.75,187.14,0,178.992,8.068,179.866,-18.29,21.03,146.76,-18.19,-7.24,173.27,53.470,54.490,-14.3526,-11.9427,11.21,115.75,-14.3717,-12.9993,,,0.18919,0
134.6451,45,27,3,0,22.33,302.56,capture,-6.06,109.19,195.44,0,178.880,8.043,179.836,-18.36,20.95,146.69,-18.16,-7.65,172.98,53.139,54.031,-14.8637,-12.3605,-6.06,109.19,-14.5931,-12.7119,,,0.20132,0
134.7478,45,27,3,0,22.33,302.56,capture,-15.40,113.51,192.77,0,178.732,7.925,179.830,-18.26,20.73,146.73,-17.46,-7.36,172.68,53.573,54.032,-14.3556,-13.6455,-15.40,113.51,-14.4863,-13.1320,,,0.21413,0
134.8451,45,27,3,0,22.33,302.56,capture,-26.03,100.46,207.80,0,178.659,7.954,179.843,-18.32,20.60,146.41,-18.03,-6.95,172.17,53.981,53.809,-14.3485,-13.8221,-26.03,100.46,-14.4243,-13.4425,,,0.22113,0
134.9334,45,27,3,0,22.33,302.56,capture,-28.15,113.28,195.89,0,178.618,7.926,179.817,-18.46,20.56,146.51,-18.28,-8.05,172.13,54.122,53.981,-14.5722,-13.7950,-28.15,113.28,-14.4908,-13.6012,,,0.22403,0
135.0435,45,27,3,0,22.33,302.56,capture,-29.59,97.15,211.87,0,178.676,7.971,179.786,-18.57,20.46,146.69,-18.17,-8.64,172.48,54.321,54.174,-12.2212,-14.5977,-29.59,97.15,-13.4695,-14.0496,,,0.22150,0
135.1421,45,27,3,0,22.33,302.56,capture,-30.51,120.87,189.21,0,178.654,7.945,179.823,-18.57,20.63,146.57,-17.94,-8.61,172.65,53.994,53.660,-12.9569,-14.5377,-30.51,120.87,-13.2388,-14.2693,,,0.22700,0
135.2584,45,27,3,0,22.33,302.56,capture,-0.29,119.03,184.91,0,178.749,7.937,179.810,-18.65,20.49,146.71,-18.29,-7.90,172.75,54.000,53.877,-15.3310,-13.0629,-0.29,119.03,-14.1803,-13.7264,,,0.21283,0
135.3583,45,27,3,0,22.33,302.56,capture,-10.06,103.90,201.28,0,178.822,7.966,179.776,-18.60,20.45,146.80,-18.06,-8.15,172.06,54.112,54.116,-12.6279,-13.3153,-10.06,103.90,-13.4817,-13.5414,,,0.22140,0
135.4673,45,27,3,0,22.33,302.56,capture,-8.60,102.92,202.02,0,178.809,7.936,179.779,-18.44,20.48,146.67,-17.91,-8.20,172.67,53.712,54.253,-12.9308,-13.8811,-8.60,102.92,-13.2338,-13.6943,,,0.20740,0
135.6244,46,41,4,5,245.67,389.00,dwell,49.03,101.59,348.24,0,178.878,7.925,179.734,-18.40,20.42,146.83,-17.98,-8.47,172.70,53.707,54.089,-14.2538,-10.1692,49.03,101.59,-14.2538,-10.1692,,,0.21150,0
135.7291,46,41,4,5,245.67,389.00,dwell,-38.74,309.13,295.41,0,178.831,7.923,179.736,-18.26,20.35,146.91,-17.68,-7.43,172.86,53.848,54.003,-22.7068,-15.0129,-38.74,309.13,-18.0577,-12.3489,,,0.22382,0
135.8261,46,41,4,5,245.67,389.00,dwell,77.48,340.93,174.92,0,178.860,7.952,179.748,-18.51,20.41,147.02,-17.84,-7.16,173.01,54.043,54.290,-23.4565,-9.4221,77.48,340.93,-20.4871,-11.0318,,,0.21661,0
135.9264,46,41,4,5,245.67,389.00,dwell,64.10,215.60,251.07,0,178.895,7.861,179.736,-18.45,20.43,146.93,-17.90,-8.54,172.87,53.919,54.184,-18.1957,-9.6167,64.10,215.60,-19.4560,-10.3950,,,0.21987,0
136.0166,46,41,4,5,245.67,389.00,dwell,79.26,202.30,250.10,0,178.826,7.872,179.757,-18.48,20.41,146.99,-17.92,-8.76,172.62,54.016,54.759,-17.5386,-9.0417,79.26,202.30,-18.5932,-9.7860,,,0.21419,0
136.1266,46,41,4,5,245.67,389.00,dwell,93.20,357.02,155.78,0,178.828,7.956,179.736,-18.31,20.55,147.01,-18.01,-8.15,173.43,54.156,54.688,-24.1480,-8.1268,93.20,357.02,-21.0928,-9.0394,,,0.24083,0
136.2309,46,41,4,5,245.67,389.00,dwell,104.43,340.04,149.48,0,178.763,8.022,179.762,-18.27,20.44,147.04,-17.62,-7.53,173.28,54.088,54.365,-23.4689,-8.0959,104.43,340.04,-22.1621,-8.6148,,,0.22564,0
136.3450,46,41,4,5,245.67,389.00,dwell,128.23,369.95,118.97,0,178.792,8.146,179.758,-18.37,20.22,147.14,-18.45,-8.61,173.19,53.863,54.417,-24.5051,-7.0945,128.23,369.95,-23.2164,-7.9307,,,0.22437,0
136.4685,46,41,4,5,245.67,389.00,dwell,241.07,384.22,6.63,1,178.837,8.110,179.743,-18.38,20.34,147.09,-18.24,-7.73,173.65,53.632,54.673,-24.6917,-2.5433,241.07,384.22,-23.8803,-5.5064,,,0.19910,0
136.5616,46,41,4,5,245.67,389.00,dwell,185.72,373.80,61.84,0,178.836,8.159,179.724,-18.34,20.32,146.92,-17.97,-8.24,173.42,53.963,55.015,-24.9879,-4.1114,185.72,373.80,-24.3787,-4.8786,,,0.21180,0
136.6568,46,41,4,5,245.67,389.00,dwell,213.11,397.21,33.58,0,178.901,8.297,179.739,-18.37,20.50,147.09,-18.24,-8.19,173.46,53.754,54.991,-25.1427,-3.0395,213.11,397.21,-24.7225,-4.0510,,,0.22037,0
136.7470,46,41,4,5,245.67,389.00,capture,214.16,404.25,35.00,0,179.020,8.488,179.758,-18.44,20.67,147.09,-17.99,-8.09,173.66,54.218,55.048,-25.8425,-2.6033,214.16,404.25,-25.2265,-3.3995,,,0.20529,0
136.8290,46,41,4,5,245.67,389.00,capture,196.45,414.27,55.32,0,178.975,8.511,179.781,-18.47,20.81,147.09,-17.77,-7.68,173.25,53.902,54.878,-26.0125,-3.9560,196.45,414.27,-25.5802,-3.6499,,,0.20201,0
136.9119,46,41,4,5,245.67,389.00,capture,203.51,431.59,59.93,0,178.996,8.353,179.738,-18.43,20.61,147.54,-17.83,-8.42,173.58,53.613,54.796,-26.6892,-3.4900,203.51,431.59,-26.0793,-3.5780,,,0.22326,0
137.0175,46,41,4,5,245.67,389.00,capture,205.28,393.25,40.61,0,178.910,8.198,179.728,-18.36,20.54,147.54,-18.13,-7.24,174.09,53.989,55.036,-25.4467,-3.6926,205.28,393.25,-25.7946,-3.6296,,,0.22521,0
137.1238,46,41,4,5,245.67,389.00,capture,188.53,414.20,62.45,0,178.968,8.221,179.738,-18.37,20.43,147.33,-17.54,-8.94,173.33,53.974,54.627,-26.1167,-4.1954,188.53,414.20,-25.9395,-3.8842,,,0.21794,0
137.2150,46,41,4,5,245.67,389.00,capture,218.23,436.14,54.54,0,179.019,8.305,179.766,-18.41,20.58,147.38,-18.00,-7.67,173.72,53.617,54.628,-26.9938,-2.3673,218.23,436.14,-26.4140,-3.2016,,,0.22289,0
137.3110,46,41,4,5,245.67,389.00,capture,209.88,420.86,47.91,0,178.950,8.342,179.789,-18.38,20.64,147.53,-17.51,-7.66,173.87,53.618,54.214,-26.9909,-3.3967,209.88,420.86,-26.6736,-3.2894,,,0.20443,0
137.4106,46,41,4,5,245.67,389.00,capture,201.30,437.91,66.03,0,178.840,8.415,179.817,-18.42,20.58,147.47,-18.19,-7.06,173.95,53.738,54.181,-27.2863,-3.1506,201.30,437.91,-26.9493,-3.2269,,,0.19488,0
137.5035,46,41,4,5,245.67,389.00,capture,216.59,430.37,50.57,0,178.829,8.263,179.790,-18.36,20.55,147.70,-17.51,-8.49,173.73,53.725,54.328,-27.3856,-3.0508,216.59,430.37,-27.1456,-3.1477,,,0.21352,0
137.5985,46,41,4,5,245.67,389.00,capture,203.63,389.65,42.04,0,178.868,8.231,179.821,-18.34,20.76,147.53,-17.80,-6.77,174.11,53.967,54.568,-24.4278,-3.7650,203.63,389.65,-25.9226,-3.4255,,,0.21243,0
137.6913,46,41,4,5,245.67,389.00,capture,216.59,395.87,29.88,0,178.926,8.093,179.804,-18.34,20.68,147.39,-17.68,-8.06,173.66,53.825,54.291,-24.8298,-2.7890,216.59,395.87,-25.4308,-3.1391,,,0.22050,0
137.7951,46,41,4,5,245.67,389.00,capture,224.02,422.19,39.63,1,179.027,8.016,179.844,-18.32,20.69,147.43,-18.05,-7.99,173.46,53.963,54.151,-26.6048,-2.5656,224.02,422.19,-25.9591,-2.8810,,,0.22190,0
137.9010,46,41,4,5,245.67,389.00,capture,234.44,421.96,34.82,1,178.996,7.926,179.817,-18.30,20.76,147.59,-17.79,-7.92,174.10,53.768,54.506,-26.9523,-1.9657,234.44,421.96,-26.4060,-2.4691,,,0.24898,0
138.0076,46,41,4,5,245.67,389.00,capture,223.60,435.65,51.61,0,178.802,8.018,179.792,-18.21,20.78,147.44,-17.74,-7.92,173.64,53.988,54.381,-26.3088,-2.2552,223.60,435.65,-26.3623,-2.3728,,,0.24140,0
138.1006,46,41,4,5,245.67,389.00,capture,191.39,421.67,63.35,0,178.865,8.009,179.835,-18.15,21.01,147.82,-18.02,-7.52,174.24,54.072,54.724,-25.9604,-4.3878,191.39,421.67,-26.1815,-3.2796,,,0.21872,0
138.2024,46,41,4,5,245.67,389.00,capture,193.66,411.67,56.73,0,178.835,7.977,179.833,-18.23,20.81,147.86,-17.92,-7.37,174.17,54.154,54.735,-25.5268,-3.9776,193.66,411.67,-25.8869,-3.5937,,,0.22604,0
138.3130,46,41,4,5,245.67,389.00,capture,221.36,385.76,24.52,0,178.797,8.106,179.806,-18.26,20.75,147.73,-17.63,-8.77,174.08,53.815,54.433,-24.4467,-2.4738,221.36,385.76,-25.2388,-3.0898,,,0.20604,0
138.4256,46,41,4,5,245.67,389.00,capture,205.22,411.29,46.18,0,178.795,8.241,179.834,-18.34,20.82,147.62,-17.32,-8.38,173.63,53.897,54.169,-25.6221,-3.3110,205.22,411.29,-25.4113,-3.1893,,,0.21366,0
138.5146,46,41,4,5,245.67,389.00,capture,209.08,425.26,51.51,0,178.909,8.316,179.829,-18.30,20.90,147.73,-17.82,-7.17,173.94,53.667,54.040,-26.6385,-3.4054,209.08,425.26,-25.9635,-3.2866,,,0.21909,0
138.6048,46,41,4,5,245.67,389.00,capture,205.49,410.58,45.61,0,178.946,8.276,179.841,-18.28,20.71,147.71,-17.78,-8.04,174.42,53.773,53.745,-25.8861,-3.1289,205.49,410.58,-25.9287,-3.2156,,,0.24451,0
138.8048,47,73,8,1,67.00,734.78,dwell,165.64,516.14,239.86,0,178.824,8.468,179.816,-18.24,20.71,147.84,-17.91,-8.05,174.38,53.492,53.859,-30.0517,-5.2292,165.64,516.14,-30.0517,-5.2292,,,0.20652,0
138.9042,47,73,8,1,67.00,734.78,dwell,168.84,580.44,184.91,0,178.974,8.473,179.837,-18.34,20.55,147.92,-17.51,-7.91,174.44,53.409,54.072,-32.7045,-4.8348,168.84,580.44,-31.2455,-5.0517,,,0.20380,0
139.0119,47,73,8,1,67.00,734.78,dwell,205.18,588.76,201.03,0,178.972,8.378,179.827,-18.39,20.54,148.15,-17.97,-8.33,174.74,53.650,53.933,-32.5751,-2.9355,205.18,588.76,-31.8438,-4.0994,,,0.21629,0
139.1015,47,73,8,1,67.00,734.78,dwell,67.56,644.25,90.53,0,178.921,8.427,179.844,-18.34,20.60,148.19,-18.54,-7.89,175.06,53.897,54.377,-34.5404,-9.9802,67.56,644.25,-33.0573,-6.7458,,,0.19695,0
139.1907,47,73,8,1,67.00,734.78,dwell,43.89,536.73,199.39,0,178.906,8.619,179.826,-18.29,20.51,148.12,-17.75,-8.52,174.80,53.820,54.270,-30.6474,-11.3392,43.89,536.73,-31.9728,-8.8128,,,0.19121,0
139.2844,47,73,8,1,67.00,734.78,dwell,225.51,582.34,219.92,0,178.822,8.626,179.805,-18.33,20.73,148.14,-17.84,-8.26,174.65,53.688,53.691,-32.0905,-1.7290,225.51,582.34,-32.0258,-5.6251,,,0.22545,0
139.3667,47,73,8,1,67.00,734.78,dwell,108.08,589.90,150.59,0,178.790,8.565,179.831,-18.27,20.88,148.16,-17.69,-7.88,174.28,53.844,53.940,-32.6014,-8.6469,108.08,589.90,-32.2848,-6.9849,,,0.21295,0
139.4719,47,73,8,1,67.00,734.78,dwell,158.63,750.24,92.93,0,178.774,8.583,179.843,-18.32,20.80,148.10,-17.74,-7.40,174.95,54.079,54.133,-38.8621,-5.3184,158.63,750.24,-35.2446,-6.2350,,,0.22421,0
139.5780,47,73,8,1,67.00,734.78,dwell,123.11,750.10,58.16,0,178.772,8.498,179.814,-18.32,20.73,148.23,-17.79,-7.65,174.61,53.906,53.974,-38.0496,-7.4006,123.11,750.10,-36.5069,-6.7595,,,0.20401,0
139.6878,47,73,8,1,67.00,734.78,dwell,146.41,724.07,80.13,0,178.868,8.537,179.818,-18.25,20.75,148.07,-17.67,-6.50,174.80,53.904,54.191,-37.3068,-5.6213,146.41,724.07,-36.8668,-6.2473,,,0.19025,0
139.7802,47,73,8,1,67.00,734.78,dwell,109.80,760.68,50.03,0,178.780,8.807,179.817,-18.31,20.77,148.08,-17.53,-7.90,174.53,53.854,54.259,-39.5570,-7.6763,109.80,760.68,-38.0774,-6.8904,,,0.17526,0
139.8752,47,73,8,1,67.00,734.78,capture,100.86,809.02,81.60,0,178.849,8.896,179.828,-18.45,20.74,148.27,-18.08,-8.01,174.76,53.697,54.236,-40.4862,-8.5278,100.86,809.02,-39.1614,-7.6272,,,0.22258,0
139.9604,47,73,8,1,67.00,734.78,capture,106.01,796.37,72.91,0,178.831,8.905,179.850,-18.56,20.77,147.95,-18.51,-8.24,174.41,53.582,54.183,-40.3213,-7.8321,106.01,796.37,-39.6833,-7.7194,,,0.18080,0
140.0658,47,73,8,1,67.00,734.78,capture,119.64,784.94,72.71,0,178.785,8.914,179.837,-18.55,20.75,147.98,-17.55,-7.32,174.34,53.809,54.203,-40.1641,-7.1542,119.64,784.94,-39.8997,-7.4651,,,0.21656,0
140.1478,47,73,8,1,67.00,734.78,capture,95.02,794.49,65.96,0,178.795,8.924,179.861,-18.58,20.84,148.00,-18.27,-7.88,174.44,53.692,54.248,-40.7761,-8.4395,95.02,794.49,-40.2940,-7.9036,,,0.19095,0
140.2407,47,73,8,1,67.00,734.78,capture,110.73,788.63,69.37,0,178.932,8.975,179.838,-18.54,20.78,147.66,-18.18,-7.43,174.29,53.878,54.557,-40.1932,-7.9555,110.73,788.63,-40.2487,-7.9269,,,0.24578,0
140.3440,47,73,8,1,67.00,734.78,capture,72.57,790.08,55.58,0,178.850,8.997,179.813,-18.63,20.79,147.65,-18.54,-7.71,173.84,53.915,54.077,-40.1515,-9.0293,72.57,790.08,-40.2049,-8.4230,,,0.23327,0
140.4366,47,73,8,1,67.00,734.78,capture,113.24,794.23,75.32,0,178.865,8.869,179.819,-18.62,20.78,147.54,-17.54,-6.99,173.91,53.870,54.178,-40.8175,-7.9103,113.24,794.23,-40.4806,-8.1923,,,0.23958,0
140.5186,47,73,8,1,67.00,734.78,capture,102.75,779.29,57.09,0,178.859,8.997,179.813,-18.50,20.70,147.53,-18.22,-8.03,173.40,54.116,54.630,-40.2335,-8.4084,102.75,779.29,-40.3694,-8.2896,,,0.22136,0
140.6170,47,73,8,1,67.00,734.78,capture,79.25,795.30,61.75,0,178.898,8.932,179.806,-18.40,20.84,147.45,-18.24,-7.79,173.84,53.669,54.620,-41.3355,-8.8517,79.25,795.30,-40.8041,-8.5425,,,0.21067,0
140.7172,47,73,8,1,67.00,734.78,capture,85.75,787.72,56.16,0,178.930,8.868,179.808,-18.38,20.78,147.65,-18.09,-8.32,174.35,53.830,54.669,-40.4778,-8.7705,85.75,787.72,-40.6573,-8.6451,,,0.22223,0
140.8221,47,73,8,1,67.00,734.78,capture,107.63,788.23,67.14,0,178.841,8.720,179.802,-18.41,20.98,147.85,-18.04,-8.50,173.65,54.000,54.796,-40.2983,-8.1635,107.63,788.23,-40.4957,-8.4284,,,0.21660,0
140.9041,47,73,8,1,67.00,734.78,capture,101.02,809.95,82.51,0,178.836,8.666,179.817,-18.37,20.92,147.59,-18.05,-7.03,173.73,53.788,54.207,-40.9074,-8.2204,101.02,809.95,-40.6810,-8.3348,,,0.19796,0
141.0217,47,73,8,1,67.00,734.78,capture,84.56,792.41,60.25,0,178.919,8.713,179.847,-18.47,21.04,147.59,-18.33,-7.31,174.05,53.762,54.203,-40.1948,-9.2826,84.56,792.41,-40.4622,-8.7613,,,0.25388,0
141.1252,47,73,8,1,67.00,734.78,capture,104.45,794.70,70.66,0,178.997,8.798,179.866,-18.46,21.02,147.47,-17.55,-7.90,173.79,53.786,54.040,-41.3449,-7.7256,104.45,794.70,-40.8594,-8.2952,,,0.21723,0
141.2279,47,73,8,1,67.00,734.78,capture,101.02,792.34,66.86,0,178.873,8.656,179.853,-18.40,20.87,147.41,-17.87,-7.10,173.79,53.789,54.000,-40.3856,-8.4602,101.02,792.34,-40.6462,-8.3695,,,0.23912,0
141.3255,47,73,8,1,67.00,734.78,capture,84.66,774.08,43.09,1,178.892,8.722,179.857,-18.46,20.71,147.29,-18.29,-7.67,173.61,53.937,53.823,-39.4839,-8.7146,84.66,774.08,-40.1231,-8.5248,,,0.22903,0
141.4294,47,73,8,1,67.00,734.78,capture,93.12,802.52,72.60,0,179.041,8.804,179.841,-18.44,20.72,147.07,-17.97,-8.35,173.71,54.063,53.802,-40.7133,-8.6022,93.12,802.52,-40.3887,-8.5596,,,0.24782,0
141.5430,47,73,8,1,67.00,734.78,capture,91.75,782.09,53.39,0,179.029,8.716,179.835,-18.54,20.72,147.04,-18.07,-7.09,173.71,54.050,53.898,-39.9658,-8.2451,91.75,782.09,-40.1984,-8.4181,,,0.23052,0
141.6471,47,73,8,1,67.00,734.78,capture,103.49,783.73,61.06,0,178.875,8.655,179.840,-18.55,20.73,147.07,-17.87,-6.60,173.10,54.040,54.062,-40.8664,-8.0088,103.49,783.73,-40.4990,-8.2339,,,0.22492,0
141.7499,47,73,8,1,67.00,734.78,capture,81.17,812.43,78.93,0,178.753,8.715,179.831,-18.42,20.58,146.91,-17.94,-7.53,173.52,53.480,54.363,-42.0189,-8.9360,81.17,812.43,-41.1830,-8.5498,,,0.22231,0
141.8418,47,73,8,1,67.00,734.78,capture,107.34,791.83,69.87,0,178.834,8.650,179.794,-18.38,20.54,146.91,-18.02,-8.18,172.51,53.880,54.361,-40.4886,-7.5925,107.34,791.83,-40.8705,-8.1191,,,0.19805,0
142.0491,48,25,2,7,335.00,216.11,dwell,-40.89,617.56,549.96,0,178.985,8.518,179.766,-18.35,20.60,147.21,-17.45,-7.56,173.32,53.793,54.151,-33.2159,-14.7189,-40.89,617.56,-33.2159,-14.7189,,,0.20938,0
142.1416,48,25,2,7,335.00,216.11,dwell,159.27,529.97,359.71,0,178.948,8.405,179.750,-18.45,20.65,147.13,-18.17,-8.05,172.98,53.686,54.632,-30.4668,-5.7255,159.27,529.97,-31.9788,-10.6719,,,0.20972,0
142.2370,48,25,2,7,335.00,216.11,dwell,101.70,534.72,394.89,0,178.948,8.389,179.768,-18.35,20.78,147.33,-17.85,-7.28,173.53,53.811,54.891,-31.9478,-8.2386,101.70,534.72,-31.9648,-9.5769,,,0.21047,0
142.3324,48,25,2,7,335.00,216.11,dwell,150.93,504.64,342.24,0,179.026,8.426,179.805,-18.38,20.64,147.25,-18.00,-7.24,173.61,53.674,54.864,-29.7807,-6.1378,150.93,504.64,-30.9820,-8.0293,,,0.21409,0
142.4341,48,25,2,7,335.00,216.11,dwell,215.30,453.26,265.65,0,179.024,8.194,179.791,-18.44,20.61,147.61,-18.33,-7.06,173.59,53.858,54.647,-27.2469,-3.0787,215.30,453.26,-29.3012,-5.8015,,,0.23100,0
142.5316,48,25,2,7,335.00,216.11,dwell,218.51,377.36,198.92,0,178.833,8.153,179.767,-18.38,20.68,147.75,-17.69,-7.93,174.30,53.880,54.011,-24.7618,-2.7299,218.51,377.36,-27.2585,-4.4193,,,0.18259,0
142.6301,48,25,2,7,335.00,216.11,dwell,226.14,325.77,154.52,0,178.971,8.100,179.735,-18.46,20.51,147.62,-18.35,-7.60,173.57,54.034,54.076,-22.6463,-1.7691,226.14,325.77,-25.1830,-3.2267,,,0.22703,0
142.7335,48,25,2,7,335.00,216.11,dwell,233.98,194.76,103.25,0,179.018,8.087,179.773,-18.35,20.56,147.80,-18.09,-8.26,174.35,53.641,54.756,-15.8668,-2.5272,233.98,194.76,-20.9907,-2.9119,,,0.20561,0
142.8403,48,25,2,7,335.00,216.11,capture,266.17,220.41,68.96,0,179.231,8.046,179.777,-18.36,20.62,147.84,-17.72,-8.08,174.35,53.928,55.169,-18.5163,-0.4782,266.17,220.41,-19.8772,-1.8168,,,0.20275,0
142.9419,48,25,2,7,335.00,216.11,capture,240.01,231.97,96.30,0,179.246,8.016,179.811,-18.37,20.50,148.01,-17.61,-8.54,173.96,53.621,55.078,-17.7071,-1.2942,240.01,231.97,-18.9007,-1.5816,,,0.21304,0
143.0335,48,25,2,7,335.00,216.11,capture,269.06,234.14,68.36,0,179.250,8.146,179.776,-18.30,20.44,147.85,-17.66,-7.72,174.15,53.553,55.011,-19.7010,-0.9757,269.06,234.14,-19.2608,-1.3090,,,0.21660,0
143.1443,48,25,2,7,335.00,216.11,capture,236.77,235.22,100.07,0,179.234,8.031,179.746,-18.15,20.57,147.40,-18.51,-7.73,174.04,53.320,54.903,-18.8871,-1.7116,236.77,235.22,-19.0926,-1.4901,,,0.20244,0
143.2469,48,25,2,7,335.00,216.11,capture,252.08,232.55,84.53,0,179.192,7.909,179.709,-18.01,20.35,147.47,-17.84,-8.26,173.83,53.535,54.951,-19.6690,-0.6502,252.08,232.55,-19.3520,-1.1122,,,0.20174,0
143.3308,48,25,2,7,335.00,216.11,capture,242.59,231.70,93.72,0,179.222,7.964,179.744,-18.04,20.09,147.44,-17.72,-9.19,173.60,53.711,55.235,-18.4524,-1.6923,242.59,231.70,-18.9472,-1.3732,,,0.24830,0
143.4311,48,25,2,7,335.00,216.11,capture,266.25,244.76,74.48,0,179.139,7.950,179.763,-18.08,20.03,147.53,-17.91,-7.96,174.22,54.254,54.947,-19.8483,-0.4279,266.25,244.76,-19.3527,-0.9478,,,0.25356,0
143.5423,48,25,2,7,335.00,216.11,capture,264.41,217.78,70.61,0,179.122,7.893,179.774,-18.03,20.21,147.40,-17.47,-8.39,173.59,53.974,54.917,-18.9662,-1.0885,264.41,217.78,-19.1788,-1.0111,,,0.25519,0
143.6467,48,25,2,7,335.00,216.11,capture,253.31,236.53,84.20,0,179.104,7.880,179.779,-18.02,20.11,147.25,-17.83,-7.91,172.90,54.105,54.833,-18.3225,-1.6281,253.31,236.53,-18.7935,-1.2888,,,0.21701,0
143.7546,48,25,2,7,335.00,216.11,capture,245.46,197.23,91.51,0,179.031,7.804,179.764,-17.94,20.24,147.43,-17.91,-7.83,173.38,54.056,54.978,-17.6118,-1.2033,245.46,197.23,-18.2617,-1.2503,,,0.24432,0
143.8654,48,25,2,7,335.00,216.11,capture,257.65,239.24,80.73,0,178.963,7.829,179.758,-17.99,20.33,147.42,-18.09,-8.26,173.32,53.927,55.044,-18.9188,-0.1969,257.65,239.24,-18.5574,-0.7763,,,0.23300,0
143.9720,48,25,2,7,335.00,216.11,capture,259.48,219.59,75.60,0,178.992,7.794,179.756,-18.00,20.47,147.40,-18.31,-8.61,173.37,53.635,54.991,-19.4828,-0.7621,259.48,219.59,-18.9738,-0.7699,,,0.23232,0
144.0766,48,25,2,7,335.00,216.11,capture,269.41,234.92,68.23,0,178.928,7.653,179.755,-18.01,20.58,147.46,-17.87,-7.82,173.90,53.509,54.795,-18.9303,-0.3605,269.41,234.92,-18.9542,-0.5857,,,0.20931,0
144.1855,48,25,2,7,335.00,216.11,capture,268.85,244.55,72.00,0,178.949,7.708,179.787,-18.16,20.71,147.60,-17.72,-8.26,173.84,53.637,54.590,-19.6181,-0.9115,268.85,244.55,-19.2530,-0.7323,,,0.21300,0
144.2733,48,25,2,7,335.00,216.11,capture,259.33,229.37,76.82,0,179.010,7.689,179.817,-18.27,20.85,147.80,-17.83,-8.21,174.07,53.533,54.396,-18.5972,-0.2558,259.33,229.37,-18.9579,-0.5179,,,0.19372,0
144.3692,48,25,2,7,335.00,216.11,capture,256.35,234.87,80.86,0,179.058,7.651,179.795,-18.21,20.81,148.09,-17.98,-7.37,174.31,53.710,54.286,-19.1196,-1.8964,256.35,234.87,-19.0307,-1.1382,,,0.22169,0
144.4688,48,25,2,7,335.00,216.11,capture,261.32,197.24,76.06,0,178.991,7.633,179.792,-18.19,20.85,148.05,-17.91,-7.55,174.69,53.669,54.296,-17.5089,-1.0092,261.32,197.24,-18.3459,-1.0802,,,0.18917,0
144.5713,48,25,2,7,335.00,216.11,capture,250.82,238.05,86.99,0,178.896,7.653,179.796,-18.30,20.86,148.00,-17.94,-8.48,174.55,53.431,53.904,-18.8485,-1.7024,250.82,238.05,-18.5721,-1.3602,,,0.21038,0
144.6533,48,25,2,7,335.00,216.11,capture,254.72,236.87,82.92,0,178.908,7.564,179.801,-18.39,20.80,147.90,-18.28,-7.11,174.41,53.730,53.990,-19.2989,-0.5846,254.72,236.87,-18.8992,-1.0111,,,0.20769,0
144.7564,48,25,2,7,335.00,216.11,capture,256.95,225.03,78.56,0,178.929,7.631,179.835,-18.48,20.73,148.13,-17.78,-7.64,174.81,54.247,53.964,-18.3191,-1.8117,256.95,225.03,-18.6381,-1.3714,,,0.24654,0
144.9301,49,71,7,8,379.67,648.33,dwell,268.48,312.53,353.73,0,178.848,7.736,179.850,-18.47,20.74,148.19,-18.26,-7.85,174.68,54.243,53.920,-22.0305,-0.1201,268.48,312.53,-22.0305,-0.1201,,,0.21166,0
145.0381,49,71,7,8,379.67,648.33,dwell,313.98,415.24,242.17,0,178.810,7.702,179.852,-18.39,20.65,147.97,-17.39,-7.57,174.09,53.928,54.201,-26.3927,1.9317,313.98,415.24,-23.9935,0.8032,,,0.21718,0
145.1323,49,71,7,8,379.67,648.33,dwell,283.91,273.25,387.11,0,178.768,7.855,179.837,-18.40,20.66,148.23,-17.64,-7.31,174.50,53.909,54.106,-20.5665,0.4882,283.91,273.25,-22.4514,0.6614,,,0.23475,0
145.2389,49,71,7,8,379.67,648.33,dwell,350.69,362.72,287.08,0,178.741,7.882,179.843,-18.41,20.91,148.21,-18.12,-7.45,174.10,54.095,53.836,-24.0997,3.7958,350.69,362.72,-23.1931,2.0719,,,0.24865,0
145.3473,49,71,7,8,379.67,648.33,dwell,272.15,349.87,317.24,0,178.883,8.088,179.875,-18.44,20.83,148.13,-18.60,-7.84,174.19,54.118,53.914,-23.4485,0.0608,272.15,349.87,-23.3080,1.1669,,,0.23449,0
145.4444,49,71,7,8,379.67,648.33,dwell,272.86,354.31,312.82,0,178.911,8.195,179.887,-18.51,20.80,148.09,-18.47,-8.06,174.83,54.022,53.950,-23.1929,-0.6078,272.86,354.31,-23.2562,0.3683,,,0.22182,0
145.5415,49,71,7,8,379.67,648.33,dwell,277.97,420.66,249.35,0,179.027,8.198,179.892,-18.53,20.64,147.80,-18.43,-8.21,174.04,54.244,53.780,-27.2058,-0.0831,277.97,420.66,-25.0336,0.1652,,,0.23465,0
145.6458,49,71,7,8,379.67,648.33,dwell,325.59,453.03,202.65,0,178.976,8.361,179.849,-18.52,20.65,147.74,-18.08,-8.28,173.89,54.164,53.794,-27.6970,2.4995,325.59,453.03,-26.2321,1.2156,,,0.20421,0
145.7349,49,71,7,8,379.67,648.33,capture,279.43,485.58,191.14,0,179.015,8.397,179.841,-18.41,20.76,147.57,-18.07,-7.97,173.37,53.964,53.835,-28.5937,0.0843,279.43,485.58,-27.2948,0.7065,,,0.22082,0
145.8582,49,71,7,8,379.67,648.33,capture,289.02,482.29,189.18,0,179.043,8.398,179.841,-18.20,20.82,147.45,-17.97,-7.84,173.93,54.379,54.279,-28.4758,1.0523,289.02,482.29,-27.8263,0.8621,,,0.23733,0
145.9622,49,71,7,8,379.67,648.33,capture,270.52,477.12,203.04,0,179.059,8.401,179.846,-18.26,20.80,147.51,-17.59,-7.68,173.55,54.863,53.961,-28.4949,-0.3998,270.52,477.12,-28.1271,0.2943,,,0.25832,0
146.0527,49,71,7,8,379.67,648.33,capture,282.18,452.26,218.97,0,179.063,8.532,179.870,-18.25,20.99,147.32,-17.30,-7.53,173.64,54.819,54.237,-27.0117,-0.1941,282.18,452.26,-27.6252,0.0745,,,0.24090,0
146.1581,49,71,7,8,379.67,648.33,capture,282.49,462.47,209.73,0,179.091,8.598,179.851,-18.25,21.09,147.39,-18.03,-7.39,173.20,54.866,54.092,-29.0279,0.6320,282.49,462.47,-28.2564,0.3254,,,0.26822,0
146.2472,49,71,7,8,379.67,648.33,capture,264.25,449.40,229.99,0,178.884,8.586,179.878,-18.36,20.95,147.55,-17.67,-7.03,173.87,54.873,54.174,-26.9428,-0.4116,264.25,449.40,-27.6653,-0.0063,,,0.23552,0
146.3590,49,71,7,8,379.67,648.33,capture,279.26,480.77,195.34,0,179.002,8.538,179.851,-18.52,20.95,147.77,-18.39,-7.96,174.01,54.927,53.827,-28.2351,0.4477,279.26,480.77,-27.9217,0.1980,,,0.23996,0
146.4656,49,71,7,8,379.67,648.33,capture,286.58,477.35,194.68,0,179.002,8.730,179.850,-18.42,20.99,147.63,-18.17,-7.97,174.02,54.513,54.079,-28.4916,0.0098,286.58,477.35,-28.1782,0.1133,,,0.23115,0
146.5715,49,71,7,8,379.67,648.33,capture,283.49,491.61,183.88,0,178.975,8.645,179.836,-18.32,21.00,147.70,-17.80,-7.82,174.19,54.183,54.143,-27.9109,0.5689,283.49,491.61,-28.0579,0.3184,,,0.22363,0
146.6763,49,71,7,8,379.67,648.33,capture,285.88,489.03,184.86,0,179.039,8.690,179.814,-18.40,20.95,147.39,-18.20,-7.58,173.98,53.991,54.081,-29.1744,0.4508,285.88,489.03,-28.5603,0.3779,,,0.21925,0
146.7809,49,71,7,8,379.67,648.33,capture,311.23,459.06,201.27,0,178.906,8.511,179.807,-18.46,20.82,147.20,-18.24,-8.11,173.12,54.007,54.311,-27.4343,1.2639,311.23,459.06,-28.0536,0.7766,,,0.23489,0
146.8959,49,71,7,8,379.67,648.33,capture,301.52,485.67,180.46,0,178.837,8.401,179.805,-18.35,20.82,147.19,-17.99,-7.30,173.37,54.198,54.088,-29.3198,1.1680,301.52,485.67,-28.6234,0.9528,,,0.21862,0
147.0186,49,71,7,8,379.67,648.33,capture,307.76,452.71,208.42,0,178.835,8.435,179.803,-18.34,20.73,147.32,-18.08,-7.63,173.65,53.686,53.984,-27.2709,0.9288,307.76,452.71,-28.0148,0.9420,,,0.21593,0
147.1006,49,71,7,8,379.67,648.33,capture,288.27,454.94,213.90,0,178.907,8.292,179.791,-18.23,20.56,147.47,-18.09,-7.93,174.12,53.547,54.115,-27.0744,1.1137,288.27,454.94,-27.5916,1.0193,,,0.21005,0
147.2088,49,71,7,8,379.67,648.33,capture,298.54,467.96,197.78,0,178.924,8.311,179.766,-18.21,20.52,147.41,-17.35,-7.31,174.00,53.611,54.193,-27.9104,0.9880,298.54,467.96,-27.7351,1.0052,,,0.22785,0
147.3097,49,71,7,8,379.67,648.33,capture,301.88,485.03,180.88,0,179.022,8.341,179.792,-18.19,20.44,147.33,-18.08,-7.77,173.20,53.395,54.271,-28.5946,0.8297,301.88,485.03,-28.1218,0.9262,,,0.19952,0
147.4178,49,71,7,8,379.67,648.33,capture,297.21,463.15,202.71,0,178.935,8.263,179.816,-18.18,20.35,147.21,-17.60,-8.16,173.56,53.251,54.296,-28.1770,1.0671,297.21,463.15,-28.1467,0.9896,,,0.19054,0
147.5160,49,71,7,8,379.67,648.33,capture,306.73,453.27,208.25,0,179.003,8.175,179.808,-18.34,20.23,147.29,-17.27,-8.17,173.65,53.155,54.197,-28.0126,1.0627,306.73,453.27,-28.0863,1.0225,,,0.19072,0
147.6281,49,71,7,8,379.67,648.33,capture,311.99,456.35,203.56,0,178.935,8.110,179.799,-18.32,20.29,147.40,-17.48,-8.33,173.68,53.369,54.181,-27.3946,1.6194,311.99,456.35,-27.7750,1.2911,,,0.20017,0
147.8319,50,29,3,2,111.67,302.56,dwell,240.29,267.82,133.23,0,178.982,8.145,179.818,-18.18,20.37,147.26,-18.12,-8.57,173.52,53.169,54.800,-19.3029,-1.8666,240.29,267.82,-19.3029,-1.8666,,,0.18275,0
147.9347,50,29,3,2,111.67,302.56,dwell,263.36,369.22,165.70,0,179.019,8.145,179.803,-18.13,20.35,147.17,-17.43,-8.12,173.91,53.536,54.942,-24.7903,-0.8801,263.36,369.22,-21.7722,-1.4227,,,0.19644,0
148.0330,50,29,3,2,111.67,302.56,dwell,174.48,390.07,107.72,0,178.939,8.092,179.789,-18.16,20.39,147.33,-17.48,-8.76,173.53,53.434,54.921,-24.6432,-4.9083,174.48,390.07,-23.0642,-2.9912,,,0.21685,0
148.1314,50,29,3,2,111.67,302.56,dwell,167.91,270.75,64.61,0,178.939,8.017,179.799,-18.14,20.55,147.09,-18.01,-8.03,173.02,53.836,54.453,-20.2515,-5.3037,167.91,270.75,-21.7985,-4.0318,,,0.22805,0
148.2338,50,29,3,2,111.67,302.56,dwell,253.33,224.04,161.97,0,179.000,8.132,179.808,-18.17,20.81,147.29,-17.36,-7.89,173.20,53.621,54.532,-18.1692,-1.2649,253.33,224.04,-20.1653,-2.7867,,,0.21871,0
148.3372,50,29,3,2,111.67,302.56,dwell,161.40,190.82,122.30,0,178.976,8.166,179.817,-18.20,20.89,147.43,-17.83,-7.01,173.65,53.890,54.569,-16.7470,-5.6514,161.40,190.82,-18.6271,-4.0758,,,0.22173,0
148.4343,50,29,3,2,111.67,302.56,dwell,143.14,73.85,230.86,0,179.093,8.162,179.818,-18.20,20.92,147.33,-18.19,-7.28,173.38,53.808,54.445,-12.5241,-6.4746,143.14,73.85,-15.8807,-5.1553,,,0.21120,0
148.5172,50,29,3,2,111.67,302.56,dwell,115.24,113.55,189.04,0,179.044,8.070,179.814,-18.09,20.92,147.35,-17.57,-7.33,173.22,53.457,54.497,-13.5179,-7.3850,115.24,113.55,-14.8174,-6.1586,,,0.20964,0
148.6263,50,29,3,2,111.67,302.56,dwell,138.09,-9.67,313.34,0,178.952,8.223,179.816,-18.10,20.98,147.62,-18.26,-7.73,174.18,53.511,55.020,-9.8140,-6.4730,138.09,-9.67,-12.5659,-6.3001,,,0.20091,0
148.7293,50,29,3,2,111.67,302.56,dwell,114.28,54.37,248.20,0,178.873,8.186,179.820,-17.93,20.66,147.53,-17.38,-7.76,173.63,54.199,54.524,-12.5785,-7.3063,114.28,54.37,-12.5716,-6.7529,,,0.19581,0
148.8200,50,29,3,2,111.67,302.56,dwell,97.73,-38.81,341.65,0,178.846,8.088,179.817,-18.02,20.59,147.28,-17.33,-8.18,173.71,53.916,54.941,-8.7207,-8.0642,97.73,-38.81,-10.8387,-7.3430,,,0.21442,0
148.9041,50,29,3,2,111.67,302.56,capture,100.38,-20.87,323.62,0,178.903,8.172,179.818,-18.02,20.65,147.32,-16.96,-8.05,174.03,53.808,54.718,-9.5702,-8.3949,100.38,-20.87,-10.2679,-7.8163,,,0.21939,0
149.0056,50,29,3,2,111.67,302.56,capture,87.29,-33.02,336.46,0,178.902,8.162,179.833,-18.11,20.56,147.37,-18.57,-7.35,173.77,53.897,54.930,-8.8244,-9.4049,87.29,-33.02,-9.6183,-8.5312,,,0.22944,0
149.0959,50,29,3,2,111.67,302.56,capture,74.89,-27.29,331.89,0,178.799,8.126,179.830,-18.02,20.83,147.55,-17.78,-8.08,174.11,53.984,55.011,-9.3144,-9.3534,74.89,-27.29,-9.4816,-8.9012,,,0.22717,0
149.2074,50,29,3,2,111.67,302.56,capture,84.83,-11.40,315.10,0,178.791,8.203,179.849,-18.07,20.85,147.75,-17.47,-6.78,173.97,53.953,55.051,-9.6327,-8.5580,84.83,-11.40,-9.5496,-8.7468,,,0.19171,0
149.3095,50,29,3,2,111.67,302.56,capture,73.88,-44.07,348.68,0,178.752,8.335,179.850,-18.06,20.79,147.51,-17.88,-8.13,173.95,54.125,55.173,-8.7279,-8.9191,73.88,-44.07,-9.1798,-8.8243,,,0.25199,0
149.4170,50,29,3,2,111.67,302.56,capture,82.69,-33.18,336.98,0,178.788,8.290,179.869,-18.01,20.66,147.32,-17.60,-7.34,173.99,54.106,55.094,-8.6211,-8.2280,82.69,-33.18,-8.9284,-8.5560,,,0.22771,0
149.5094,50,29,3,2,111.67,302.56,capture,86.89,-51.52,354.94,0,178.733,8.242,179.870,-18.23,20.78,147.29,-17.79,-7.82,173.92,54.062,54.991,-8.7532,-8.9083,86.89,-51.52,-8.8496,-8.7145,,,0.21962,0
149.5914,50,29,3,2,111.67,302.56,capture,103.69,-15.17,317.83,0,178.714,8.267,179.888,-18.36,20.82,147.28,-17.65,-7.40,173.53,54.004,54.531,-10.1659,-8.2295,103.69,-15.17,-9.4419,-8.4962,,,0.19859,0
149.6963,50,29,3,2,111.67,302.56,capture,109.16,-8.37,310.94,0,178.754,8.121,179.897,-18.26,20.78,147.35,-17.77,-7.34,173.86,53.946,54.363,-9.7629,-7.3234,109.16,-8.37,-9.5864,-7.9685,,,0.22704,0
149.8155,50,29,3,2,111.67,302.56,capture,89.99,-16.08,319.37,0,178.937,8.179,179.882,-18.14,20.61,147.49,-17.65,-8.20,173.79,53.898,54.414,-9.1715,-8.2525,89.99,-16.08,-9.3997,-8.0963,,,0.23737,0
149.9008,50,29,3,2,111.67,302.56,capture,69.71,-27.32,332.53,0,178.874,8.159,179.891,-18.13,20.47,147.48,-17.25,-7.88,174.15,53.660,54.454,-9.5395,-9.9957,69.71,-27.32,-9.4626,-8.9510,,,0.22895,0
149.9894,50,29,3,2,111.67,302.56,capture,104.90,-6.18,308.81,0,178.850,8.170,179.880,-18.21,20.49,147.35,-17.57,-8.39,173.21,53.334,54.434,-8.6437,-8.1855,104.90,-6.18,-9.0941,-8.6065,,,0.18066,0
150.0714,50,29,3,2,111.67,302.56,capture,89.55,-21.18,324.49,0,178.846,8.214,179.862,-18.19,20.51,147.27,-17.73,-7.85,173.48,53.497,54.172,-9.6375,-8.2977,89.55,-21.18,-9.3386,-8.4675,,,0.20590,0
150.1918,50,29,3,2,111.67,302.56,capture,107.92,-22.61,325.19,0,178.914,8.179,179.865,-18.23,20.72,147.43,-17.81,-7.52,173.35,53.644,54.947,-8.8308,-7.7458,107.92,-22.61,-9.1101,-8.1428,,,0.21823,0
150.2787,50,29,3,2,111.67,302.56,capture,85.81,-2.09,305.74,0,178.975,8.146,179.871,-18.27,20.72,147.14,-17.87,-8.09,173.33,53.452,55.024,-8.3359,-8.5072,85.81,-2.09,-8.7617,-8.3068,,,0.20437,0
150.3645,50,29,3,2,111.67,302.56,capture,77.58,-6.71,311.14,0,178.982,8.036,179.843,-18.35,20.68,147.31,-18.13,-7.33,173.40,53.284,54.839,-9.3069,-9.5799,77.58,-6.71,-9.0071,-8.8797,,,0.20646,0
150.4781,50,29,3,2,111.67,302.56,capture,113.31,-8.52,311.08,0,178.936,8.110,179.858,-18.23,20.62,147.17,-18.14,-7.60,173.09,53.721,54.804,-8.8540,-7.4772,113.31,-8.52,-8.9382,-8.2486,,,0.22876,0
150.5665,50,29,3,2,111.67,302.56,capture,97.72,-7.80,310.67,0,178.890,8.158,179.890,-18.30,20.61,147.46,-17.43,-7.92,173.61,53.580,54.605,-11.1991,-8.7660,97.72,-7.80,-9.9556,-8.4814,,,0.20113,0
150.6692,50,29,3,2,111.67,302.56,capture,88.44,-9.94,313.36,0,178.742,8.094,179.857,-18.31,20.43,147.67,-18.13,-9.08,174.17,53.783,54.570,-9.5485,-8.5717,88.44,-9.94,-9.7724,-8.5221,,,0.20954,0
150.7662,50,29,3,2,111.67,302.56,capture,88.39,13.31,290.18,0,178.804,8.160,179.850,-18.13,20.40,147.37,-18.22,-8.40,173.51,53.673,54.649,-10.7278,-9.2876,88.39,13.31,-10.2024,-8.8666,,,0.21209,0
150.9574,51,68,7,5,245.67,648.33,dwell,241.90,-38.10,686.44,0,178.883,8.167,179.852,-18.13,20.42,147.23,-17.45,-8.05,173.56,53.691,54.648,-8.4353,-2.0136,241.90,-38.10,-8.4353,-2.0136,,,0.20448,0
151.0656,51,68,7,5,245.67,648.33,dwell,88.04,125.21,546.36,0,178.818,8.137,179.846,-18.24,20.28,147.37,-17.52,-8.31,174.06,53.794,54.587,-14.1390,-8.5394,88.04,125.21,-11.0019,-4.9502,,,0.21879,0
151.1601,51,68,7,5,245.67,648.33,dwell,87.34,272.55,407.77,0,178.742,8.187,179.813,-18.33,20.13,147.31,-18.00,-8.06,173.80,53.861,55.054,-20.9049,-9.2554,87.34,272.55,-15.4583,-6.8876,,,0.21327,0
151.2572,51,68,7,5,245.67,648.33,dwell,212.72,195.39,454.14,0,178.803,8.138,179.846,-18.33,20.07,147.45,-17.78,-7.83,173.91,53.930,54.711,-17.5784,-2.9647,212.72,195.39,-16.4124,-5.1223,,,0.22840,0
151.3627,51,68,7,5,245.67,648.33,dwell,199.50,255.93,395.11,0,178.903,8.160,179.813,-18.35,20.13,147.07,-18.08,-8.25,172.64,53.566,54.537,-19.6547,-3.3342,199.50,255.93,-17.8714,-4.3176,,,0.24064,0
151.4696,51,68,7,5,245.67,648.33,dwell,200.94,340.04,311.52,0,178.865,8.204,179.818,-18.09,20.10,146.94,-17.38,-7.91,172.86,53.692,54.428,-23.2562,-3.8453,200.94,340.04,-20.2946,-4.1051,,,0.22276,0
151.5749,51,68,7,5,245.67,648.33,dwell,223.35,276.27,372.73,0,178.790,8.239,179.807,-18.21,20.25,146.81,-18.45,-7.94,172.56,53.910,53.979,-19.9078,-2.8675,223.35,276.27,-20.1205,-3.5482,,,0.21858,0
151.6742,51,68,7,5,245.67,648.33,dwell,241.03,334.42,313.95,0,178.695,8.180,179.838,-18.20,20.43,146.93,-18.00,-8.01,173.36,53.877,54.118,-23.5221,-2.0174,241.03,334.42,-21.6512,-2.8593,,,0.22102,0
151.7845,51,68,7,5,245.67,648.33,dwell,245.59,421.88,226.45,0,178.721,8.217,179.814,-18.20,20.59,146.99,-17.37,-8.20,173.08,53.488,54.199,-26.9533,-2.2721,245.59,421.88,-24.0372,-2.5951,,,0.20392,0
151.8949,51,68,7,5,245.67,648.33,capture,268.56,418.35,231.12,0,178.826,8.277,179.821,-18.19,20.55,147.14,-18.04,-7.54,173.69,53.639,54.352,-26.6601,-0.1121,268.56,418.35,-25.2175,-1.4777,,,0.17797,0
151.9979,51,68,7,5,245.67,648.33,capture,244.29,443.58,204.76,0,178.906,8.340,179.796,-18.28,20.78,147.02,-18.09,-7.90,172.82,53.345,54.443,-27.3524,-1.5636,244.29,443.58,-26.1782,-1.5164,,,0.17742,0
152.0926,51,68,7,5,245.67,648.33,capture,262.55,420.84,228.12,0,178.881,8.287,179.792,-18.31,20.87,147.12,-17.93,-7.76,173.23,53.593,54.503,-25.3589,-1.1616,262.55,420.84,-25.8095,-1.3567,,,0.21804,0
152.2059,51,68,7,5,245.67,648.33,capture,247.10,392.75,255.59,0,178.939,8.268,179.808,-18.35,20.92,147.44,-17.70,-7.19,173.88,53.552,54.226,-24.8628,-1.7630,247.10,392.75,-25.3835,-1.5395,,,0.22655,0
152.3179,51,68,7,5,245.67,648.33,capture,248.84,424.88,223.48,0,179.022,8.188,179.817,-18.29,20.97,147.33,-17.70,-7.78,173.29,53.660,54.108,-25.2018,-1.4600,248.84,424.88,-25.3018,-1.5037,,,0.21369,0
152.4351,51,68,7,5,245.67,648.33,capture,231.97,420.42,228.32,0,179.040,8.262,179.852,-18.20,21.08,147.23,-18.02,-7.52,173.08,53.819,53.764,-25.0067,-2.5494,231.97,420.42,-25.1690,-1.9743,,,0.20793,0
152.5280,51,68,7,5,245.67,648.33,capture,240.31,403.86,244.53,0,178.991,8.356,179.824,-18.18,20.88,147.60,-17.80,-8.25,174.29,53.647,54.295,-25.5426,-2.1300,240.31,403.86,-25.3371,-2.0444,,,0.20518,0
152.6197,51,68,7,5,245.67,648.33,capture,246.11,395.82,252.51,0,179.014,8.500,179.811,-18.21,20.91,147.47,-18.25,-7.86,174.07,53.577,54.252,-25.6834,-1.5768,246.11,395.82,-25.4929,-1.8340,,,0.20712,0
152.7241,51,68,7,5,245.67,648.33,capture,256.34,431.01,217.59,0,179.025,8.526,179.823,-18.17,20.83,147.60,-18.64,-7.52,173.89,53.664,53.925,-26.7377,-0.5978,256.34,431.01,-26.0531,-1.2777,,,0.23425,0
152.8097,51,68,7,5,245.67,648.33,capture,278.41,403.72,246.80,0,179.042,8.535,179.808,-18.26,20.77,147.59,-17.73,-7.42,174.06,53.526,54.046,-25.1550,0.0297,278.41,403.72,-25.6489,-0.6893,,,0.21562,0
152.9001,51,68,7,5,245.67,648.33,capture,234.02,422.72,225.91,0,179.087,8.483,179.815,-18.11,20.74,147.44,-17.74,-8.02,173.79,53.520,54.153,-27.0507,-1.8375,234.02,422.72,-26.2797,-1.2060,,,0.20192,0
152.9963,51,68,7,5,245.67,648.33,capture,263.88,416.70,232.35,0,179.038,8.482,179.819,-18.21,20.62,147.46,-17.31,-7.73,173.58,53.090,53.893,-25.3468,-0.1284,263.88,416.70,-25.8599,-0.7211,,,0.19522,0
153.0813,51,68,7,5,245.67,648.33,capture,241.33,412.88,235.49,0,178.884,8.622,179.810,-18.18,20.64,147.28,-17.84,-7.93,173.29,53.549,53.750,-25.5908,-2.3358,241.33,412.88,-25.7388,-1.4477,,,0.16877,0
153.1720,51,68,7,5,245.67,648.33,capture,252.82,439.46,209.00,0,178.806,8.511,179.801,-18.33,20.63,147.11,-17.45,-8.58,173.66,53.198,54.098,-27.9842,-1.6662,252.82,439.46,-26.7493,-1.5461,,,0.19090,0
153.2611,51,68,7,5,245.67,648.33,capture,241.68,408.12,240.25,0,178.727,8.422,179.842,-18.38,20.65,146.97,-17.62,-7.27,172.76,53.498,54.242,-25.4754,-1.4728,241.68,408.12,-26.1760,-1.5131,,,0.21698,0
153.3663,51,68,7,5,245.67,648.33,capture,248.77,417.59,230.76,0,178.643,8.424,179.847,-18.44,20.71,147.02,-17.51,-8.76,173.45,53.513,54.168,-25.4886,-1.2177,248.77,417.59,-25.8667,-1.3801,,,0.23100,0
153.4909,51,68,7,5,245.67,648.33,capture,252.20,417.54,230.89,0,178.590,8.553,179.839,-18.43,20.41,147.06,-17.89,-8.32,173.28,53.819,54.132,-26.6089,-0.2380,252.20,417.54,-26.2007,-0.8662,,,0.22114,0
153.5936,51,68,7,5,245.67,648.33,capture,243.32,400.72,247.62,0,178.556,8.671,179.835,-18.49,20.45,147.16,-18.00,-8.74,173.31,53.659,53.996,-25.2834,-1.9887,243.32,400.72,-25.7879,-1.3713,,,0.20434,0
153.6794,51,68,7,5,245.67,648.33,capture,253.97,452.48,196.03,0,178.521,8.549,179.853,-18.39,20.24,147.36,-17.73,-8.55,173.65,53.479,54.058,-26.9136,-1.3247,253.97,452.48,-26.2944,-1.3503,,,0.20125,0
153.7821,51,68,7,5,245.67,648.33,capture,254.75,443.97,204.57,0,178.615,8.601,179.844,-18.48,20.34,147.55,-18.58,-8.30,173.75,53.367,54.309,-27.0911,-1.6362,254.75,443.97,-26.6530,-1.4790,,,0.19525,0
153.9768,52,57,6,3,156.33,561.89,dwell,134.81,298.95,263.82,0,178.606,8.567,179.855,-18.31,20.29,147.34,-17.89,-8.33,173.45,53.476,54.176,-21.5004,-6.2925,134.81,298.95,-21.5004,-6.2925,,,0.19950,0
154.0691,52,57,6,3,156.33,561.89,dwell,135.20,368.12,194.92,0,178.712,8.694,179.826,-18.30,20.48,147.27,-17.30,-7.05,173.44,53.418,54.269,-24.5302,-6.4418,135.20,368.12,-22.8638,-6.3597,,,0.19893,0
154.1597,52,57,6,3,156.33,561.89,dwell,262.61,375.48,214.58,0,178.764,8.673,179.810,-18.26,20.48,147.25,-17.97,-8.54,173.65,53.524,54.377,-24.6253,-0.0207,262.61,375.48,-23.6565,-3.5071,,,0.19203,0
154.2526,52,57,6,3,156.33,561.89,dwell,201.10,428.52,140.68,0,178.725,8.695,179.847,-18.30,20.34,147.43,-17.77,-8.04,173.21,53.537,54.439,-26.6806,-3.3349,201.10,428.52,-25.0174,-3.4296,,,0.18275,0
154.3758,52,57,6,3,156.33,561.89,dwell,204.78,374.91,193.15,0,178.864,8.810,179.863,-18.37,20.40,147.38,-17.09,-7.87,173.32,53.408,54.237,-25.6169,-3.6765,204.78,374.91,-25.2871,-3.5407,,,0.21367,0
154.4825,52,57,6,3,156.33,561.89,dwell,273.09,494.46,134.83,0,178.980,8.670,179.875,-18.50,20.56,147.42,-17.48,-7.17,173.90,53.371,54.485,-28.5820,-0.7032,273.09,494.46,-26.7698,-2.2638,,,0.20847,0
154.5785,52,57,6,3,156.33,561.89,dwell,188.45,367.45,197.07,0,178.984,8.697,179.876,-18.46,20.38,147.38,-17.94,-8.13,174.08,53.150,54.429,-25.0486,-4.2087,188.45,367.45,-25.9953,-3.1390,,,0.21163,0
154.6640,52,57,6,3,156.33,561.89,dwell,219.71,386.07,186.89,0,178.884,8.671,179.841,-18.39,20.53,147.42,-17.92,-8.89,173.53,53.155,54.585,-25.1638,-3.4110,219.71,386.07,-25.6211,-3.2614,,,0.19706,0
154.7553,52,57,6,3,156.33,561.89,dwell,205.53,322.16,244.72,0,178.807,8.544,179.830,-18.44,20.49,147.37,-18.21,-7.53,173.36,53.303,54.562,-22.4060,-3.1503,205.53,322.16,-24.1743,-3.2114,,,0.21211,0
154.8484,52,57,6,3,156.33,561.89,dwell,238.74,455.07,134.91,0,178.735,8.680,179.788,-18.50,20.62,147.34,-17.91,-7.55,173.79,53.098,54.617,-26.9390,-2.0477,238.74,455.07,-25.4184,-2.6877,,,0.18443,0
154.9615,52,57,6,3,156.33,561.89,dwell,182.94,414.32,149.95,0,178.816,8.575,179.771,-18.41,20.61,147.41,-18.00,-7.33,173.33,53.135,54.961,-25.9520,-4.1126,182.94,414.32,-25.6585,-3.3289,,,0.18381,0
155.0789,52,57,6,3,156.33,561.89,capture,172.70,403.52,159.21,0,178.838,8.561,179.770,-18.41,20.60,147.23,-18.03,-7.88,173.61,53.614,55.000,-25.4212,-4.1584,172.70,403.52,-25.5517,-3.7022,,,0.19380,0
155.1864,52,57,6,3,156.33,561.89,capture,160.53,412.20,149.75,0,178.922,8.687,179.761,-18.41,20.68,147.19,-18.17,-8.05,172.79,53.480,54.848,-25.9252,-5.2216,160.53,412.20,-25.7198,-4.3859,,,0.21979,0
155.2929,52,57,6,3,156.33,561.89,capture,185.61,417.58,147.25,0,178.909,8.460,179.729,-18.45,20.74,147.22,-18.03,-7.75,173.14,53.640,54.956,-25.8707,-4.4658,185.61,417.58,-25.7877,-4.4219,,,0.21458,0
155.4072,52,57,6,3,156.33,561.89,capture,164.69,409.51,152.61,0,178.925,8.399,179.713,-18.50,20.84,147.22,-17.55,-7.46,173.15,53.264,54.871,-24.9801,-4.8998,164.69,409.51,-25.4243,-4.6369,,,0.21071,0
155.5385,52,57,6,3,156.33,561.89,capture,187.59,389.50,175.20,0,179.039,8.327,179.736,-18.55,20.78,147.52,-18.81,-8.68,174.09,53.356,54.310,-25.0444,-3.6972,187.59,389.50,-25.2533,-4.2140,,,0.19670,0
155.6495,52,57,6,3,156.33,561.89,capture,177.75,411.42,151.99,0,179.060,8.310,179.758,-18.48,20.82,147.56,-17.37,-7.22,173.91,53.531,54.114,-25.9707,-4.6764,177.75,411.42,-25.5761,-4.4221,,,0.18405,0
155.7629,52,57,6,3,156.33,561.89,capture,213.48,414.28,158.28,0,179.064,8.349,179.742,-18.38,20.84,147.42,-17.76,-7.91,173.74,53.613,54.548,-25.2415,-2.8044,213.48,414.28,-25.4256,-3.6941,,,0.19575,0
155.8565,52,57,6,3,156.33,561.89,capture,171.54,419.09,143.61,0,179.075,8.540,179.782,-18.29,21.02,147.60,-17.63,-7.96,173.75,53.412,53.920,-25.6199,-4.7908,171.54,419.09,-25.5130,-4.1876,,,0.17690,0
155.9406,52,57,6,3,156.33,561.89,capture,178.30,394.58,168.74,0,179.004,8.503,179.772,-18.23,21.14,147.50,-17.50,-6.78,174.11,53.720,53.907,-25.4899,-4.1349,178.30,394.58,-25.5026,-4.1639,,,0.21195,0
156.0385,52,57,6,3,156.33,561.89,capture,186.17,391.83,172.66,0,178.998,8.428,179.764,-18.25,21.11,147.47,-18.02,-7.53,173.87,53.635,53.826,-25.5432,-4.1909,186.17,391.83,-25.5209,-4.1760,,,0.20291,0
156.1551,52,57,6,3,156.33,561.89,capture,170.23,387.79,174.65,0,179.017,8.405,179.789,-18.28,21.09,147.52,-17.98,-6.79,173.89,54.032,54.207,-25.4408,-4.3709,170.23,387.79,-25.4849,-4.2637,,,0.24991,0
156.2529,52,57,6,3,156.33,561.89,capture,176.00,394.75,168.29,0,178.952,8.270,179.802,-18.20,21.15,147.60,-17.77,-7.72,174.14,53.986,53.754,-24.3627,-4.3092,176.00,394.75,-24.9799,-4.2842,,,0.24376,0
156.3444,52,57,6,3,156.33,561.89,capture,186.54,412.82,152.10,0,178.889,8.105,179.788,-18.30,21.14,147.60,-18.16,-8.56,173.58,54.095,54.188,-25.1027,-4.0587,186.54,412.82,-25.0351,-4.1827,,,0.20833,0
156.4615,52,57,6,3,156.33,561.89,capture,181.49,417.85,146.22,0,178.846,8.168,179.787,-18.34,21.14,147.58,-17.31,-7.33,174.52,53.679,54.414,-25.3924,-4.4715,181.49,417.85,-25.1959,-4.3127,,,0.21606,0
156.5672,52,57,6,3,156.33,561.89,capture,162.58,404.79,157.22,0,178.797,8.132,179.774,-18.32,21.00,147.32,-17.52,-7.51,173.26,53.228,54.632,-24.8315,-5.3351,162.58,404.79,-25.0319,-4.7728,,,0.19318,0
156.6629,52,57,6,3,156.33,561.89,capture,184.46,415.96,148.61,0,178.818,8.304,179.758,-18.27,21.10,147.37,-17.75,-7.06,173.02,53.190,54.480,-25.8032,-4.2541,184.46,415.96,-25.3790,-4.5394,,,0.20421,0
156.7588,52,57,6,3,156.33,561.89,capture,182.65,437.30,127.34,0,178.847,8.226,179.774,-18.21,21.14,147.16,-17.56,-8.50,173.21,52.884,54.354,-27.6528,-4.8834,182.65,437.30,-26.4022,-4.6942,,,0.19290,0
156.8503,52,57,6,3,156.33,561.89,capture,166.05,409.35,152.85,0,178.835,8.353,179.759,-18.10,21.18,146.98,-17.59,-6.70,173.05,53.349,54.405,-24.1055,-5.2711,166.05,409.35,-25.3687,-4.9538,,,0.18817,0
156.9511,52,57,6,3,156.33,561.89,capture,186.44,412.90,152.00,0,178.979,8.357,179.763,-18.04,21.01,147.20,-18.07,-7.76,173.67,53.481,53.983,-26.4778,-3.9484,186.44,412.90,-25.8678,-4.5014,,,0.20934,0
157.0496,52,57,6,3,156.33,561.89,capture,177.80,404.58,158.77,0,178.907,8.331,179.797,-18.18,20.84,147.27,-17.75,-8.92,173.12,53.353,54.293,-24.7278,-4.7294,177.80,404.58,-25.3548,-4.6040,,,0.18155,0
157.2101,53,19,2,1,67.00,216.11,dwell,166.89,274.74,115.82,0,178.932,8.489,179.818,-18.24,20.98,147.20,-18.17,-8.05,173.23,53.486,54.410,-21.7595,-5.0150,166.89,274.74,-21.7595,-5.0150,,,0.19568,0
157.3132,53,19,2,1,67.00,216.11,dwell,220.35,340.09,197.20,0,178.936,8.341,179.778,-18.29,21.04,147.28,-18.06,-7.30,173.64,53.311,54.231,-23.9003,-2.3446,220.35,340.09,-22.7229,-3.8133,,,0.17448,0
157.4167,53,19,2,1,67.00,216.11,dwell,134.07,266.31,83.78,0,178.954,8.238,179.797,-18.33,20.92,147.45,-17.39,-8.09,173.70,53.507,54.514,-19.7863,-6.3990,134.07,266.31,-21.4014,-4.9769,,,0.20166,0
157.5237,53,19,2,1,67.00,216.11,dwell,107.93,403.86,192.16,0,178.968,8.146,179.823,-18.32,20.94,147.35,-18.21,-6.15,173.73,53.552,54.734,-26.0178,-7.6522,107.93,403.86,-23.4788,-6.1808,,,0.20760,0
157.6216,53,19,2,1,67.00,216.11,dwell,48.54,131.09,87.00,0,178.943,8.081,179.817,-18.34,20.97,147.38,-17.60,-7.73,173.51,53.376,54.461,-15.5149,-10.3737,48.54,131.09,-19.8950,-8.0676,,,0.20813,0
157.7171,53,19,2,1,67.00,216.11,dwell,138.58,119.60,120.16,0,178.844,8.011,179.818,-18.38,20.72,147.24,-17.85,-6.79,173.51,53.646,54.614,-13.9641,-6.7805,138.58,119.60,-17.2261,-7.4884,,,0.20727,0
157.8121,53,19,2,1,67.00,216.11,dwell,101.84,282.67,75.13,0,178.921,7.925,179.801,-18.43,20.64,146.90,-18.09,-8.27,172.93,53.569,54.789,-20.8685,-8.2178,101.84,282.67,-18.8652,-7.8166,,,0.19946,0
157.9182,53,19,2,1,67.00,216.11,dwell,121.84,249.37,64.14,0,179.013,7.981,179.801,-18.50,20.64,147.20,-18.53,-7.18,173.24,53.738,54.406,-18.6146,-7.1849,121.84,249.37,-18.7525,-7.5324,,,0.21575,0
158.0244,53,19,2,1,67.00,216.11,dwell,54.85,247.93,34.06,1,178.977,8.037,179.822,-18.45,20.74,147.14,-18.07,-7.42,173.67,53.390,54.550,-19.3877,-10.5775,54.85,247.93,-19.0383,-8.9027,,,0.21496,0
158.1100,53,19,2,1,67.00,216.11,dwell,64.69,176.52,39.66,1,179.143,7.984,179.832,-18.33,20.57,147.09,-17.94,-7.92,173.57,53.685,54.478,-16.8691,-10.2552,64.69,176.52,-18.0622,-9.5113,,,0.22525,0
158.1920,53,19,2,1,67.00,216.11,dwell,99.98,136.46,86.21,0,179.017,8.023,179.812,-18.38,20.67,147.14,-18.19,-7.66,173.15,53.710,54.306,-15.0383,-8.5636,99.98,136.46,-16.7014,-9.0849,,,0.20415,0
158.2741,53,19,2,1,67.00,216.11,capture,113.99,141.88,87.85,0,179.019,7.818,179.819,-18.30,20.73,147.09,-18.04,-7.11,173.60,53.304,54.649,-15.3180,-6.7705,113.99,141.88,-16.0789,-8.0434,,,0.19056,0
158.3767,53,19,2,1,67.00,216.11,capture,87.06,130.24,88.18,0,179.013,7.880,179.827,-18.24,20.60,147.22,-17.58,-7.05,172.88,53.068,54.415,-14.7088,-8.1001,87.06,130.24,-15.4623,-8.0689,,,0.19368,0
158.4885,53,19,2,1,67.00,216.11,capture,86.87,130.09,88.29,0,179.038,7.846,179.870,-18.29,20.47,147.07,-17.73,-7.51,173.27,53.240,54.648,-14.4830,-8.5419,86.87,130.09,-15.0216,-8.2818,,,0.19867,0
158.5722,53,19,2,1,67.00,216.11,capture,107.75,119.84,104.54,0,179.105,7.811,179.868,-18.39,20.52,146.77,-17.72,-7.99,172.92,53.354,54.842,-14.8653,-7.8982,107.75,119.84,-14.9513,-8.1092,,,0.20713,0
158.6648,53,19,2,1,67.00,216.11,capture,91.68,124.24,95.13,0,179.014,7.914,179.870,-18.34,20.66,146.83,-17.90,-8.16,172.99,53.464,54.483,-13.8608,-9.2664,91.68,124.24,-14.4606,-8.6299,,,0.21082,0
158.7670,53,19,2,1,67.00,216.11,capture,118.32,124.31,105.17,0,179.014,7.829,179.848,-18.44,20.66,146.38,-18.00,-7.64,172.37,53.424,54.486,-14.4718,-7.7531,118.32,124.31,-14.4656,-8.2353,,,0.21062,0
158.8731,53,19,2,1,67.00,216.11,capture,105.13,137.08,87.75,0,178.949,7.840,179.852,-18.31,20.64,146.46,-17.85,-8.19,172.63,53.481,54.084,-15.6434,-7.7769,105.13,137.08,-14.9956,-8.0290,,,0.19827,0
158.9637,53,19,2,1,67.00,216.11,capture,90.85,129.24,90.09,0,179.112,7.862,179.834,-18.29,20.62,146.44,-18.13,-8.75,172.84,53.411,54.031,-15.4659,-8.3750,90.85,129.24,-15.2073,-8.1847,,,0.20875,0
159.0608,53,19,2,1,67.00,216.11,capture,91.26,116.90,102.13,0,179.112,7.874,179.827,-18.29,20.67,146.84,-17.76,-8.27,172.69,53.892,53.981,-13.7885,-8.5936,91.26,116.90,-14.5688,-8.3687,,,0.22310,0
159.1718,53,19,2,1,67.00,216.11,capture,101.67,118.97,103.14,0,179.161,7.996,179.819,-18.27,20.75,147.02,-17.57,-7.36,173.57,53.921,53.725,-14.8081,-8.3202,101.67,118.97,-14.6765,-8.3469,,,0.23099,0
159.2720,53,19,2,1,67.00,216.11,capture,74.83,136.36,80.13,0,179.056,8.049,179.807,-18.27,20.72,146.83,-18.09,-7.84,172.67,54.134,54.155,-15.7708,-9.1045,74.83,136.36,-15.1689,-8.6878,,,0.24404,0
159.3688,53,19,2,1,67.00,216.11,capture,90.86,107.25,111.45,0,178.997,7.998,179.817,-18.16,20.58,146.78,-17.44,-7.83,172.33,53.828,54.718,-15.5271,-8.9948,90.86,107.25,-15.3301,-8.8260,,,0.21827,0
159.4667,53,19,2,1,67.00,216.11,capture,76.38,113.41,103.13,0,178.988,8.075,179.824,-18.26,20.54,146.85,-18.51,-7.21,173.05,53.747,54.328,-14.3803,-9.1575,76.38,113.41,-14.9027,-8.9752,,,0.20927,0
159.5487,53,19,2,1,67.00,216.11,capture,85.67,145.53,73.01,0,178.932,8.091,179.858,-18.26,20.69,146.78,-17.66,-8.01,173.01,53.474,54.225,-15.2077,-9.5740,85.67,145.53,-15.0399,-9.2446,,,0.21794,0
159.6486,53,19,2,1,67.00,216.11,capture,78.27,148.02,69.02,0,178.881,7.989,179.888,-18.17,20.72,146.66,-17.81,-7.03,172.75,53.739,53.941,-16.1563,-9.5185,78.27,148.02,-15.5423,-9.3679,,,0.21486,0
159.7306,53,19,2,1,67.00,216.11,capture,97.53,92.04,127.77,0,178.886,7.898,179.850,-18.07,20.87,146.71,-17.85,-8.31,172.71,53.803,54.034,-13.4906,-8.7314,97.53,92.04,-14.6191,-9.0815,,,0.22274,0
159.8410,53,19,2,1,67.00,216.11,capture,90.34,130.25,88.98,0,178.912,7.754,179.830,-18.12,20.71,146.96,-17.79,-6.89,172.93,53.774,54.165,-14.1034,-8.3533,90.34,130.25,-14.3870,-8.7538,,,0.21722,0
159.9410,53,19,2,1,67.00,216.11,capture,109.02,119.64,105.23,0,178.856,7.928,179.838,-18.12,20.73,146.95,-17.81,-8.22,173.13,53.487,53.957,-14.3356,-7.3200,109.02,119.64,-14.3639,-8.1086,,,0.19466,0
160.0408,53,19,2,1,67.00,216.11,capture,96.66,125.34,95.49,0,178.773,7.814,179.836,-18.15,20.92,146.75,-17.73,-8.52,172.62,53.404,53.864,-14.9849,-8.0610,96.66,125.34,-14.6433,-8.0872,,,0.19958,0
160.1289,53,19,2,1,67.00,216.11,capture,120.65,117.28,112.45,0,178.732,7.709,179.801,-18.20,20.99,146.86,-17.37,-7.03,173.26,53.542,53.619,-13.7114,-7.0543,120.65,117.28,-14.2240,-7.6224,,,0.21732,0
160.2231,53,19,2,1,67.00,216.11,capture,103.50,112.05,110.28,0,178.789,7.747,179.820,-18.16,20.99,146.88,-17.65,-7.22,173.34,53.603,53.625,-13.5840,-8.0805,103.50,112.05,-13.9360,-7.8285,,,0.19612,0
160.4133,54,75,8,3,156.33,734.78,dwell,351.16,417.60,372.24,0,178.796,7.963,179.833,-18.20,21.01,146.56,-17.27,-7.60,173.18,53.634,53.798,-26.1200,3.2814,351.16,417.60,-26.1200,3.2814,,,0.21190,0
160.5175,54,75,8,3,156.33,734.78,dwell,236.27,269.46,472.13,0,178.767,8.106,179.866,-18.20,21.05,146.84,-18.22,-7.31,173.57,53.697,53.780,-20.9284,-1.4382,236.27,269.46,-23.7837,1.1576,,,0.22137,0
160.5995,54,75,8,3,156.33,734.78,dwell,44.24,427.49,327.09,0,178.824,8.212,179.847,-18.01,20.97,147.07,-17.29,-7.97,173.23,53.720,54.131,-26.6596,-10.3386,44.24,427.49,-25.0779,-4.0157,,,0.20684,0
160.6862,54,75,8,3,156.33,734.78,dwell,208.47,345.07,393.18,0,178.889,8.321,179.823,-17.91,20.70,147.14,-16.85,-7.58,173.47,53.793,54.308,-22.7850,-2.8465,208.47,345.07,-24.0461,-3.4896,,,0.21671,0
160.7856,54,75,8,3,156.33,734.78,dwell,162.65,564.51,170.38,0,178.829,8.198,179.847,-18.08,20.77,147.30,-18.29,-7.51,174.27,54.068,54.066,-31.5582,-5.5691,162.65,564.51,-27.4266,-4.4254,,,0.23594,0
160.9053,54,75,8,3,156.33,734.78,dwell,206.59,504.98,235.23,0,178.747,8.304,179.839,-18.08,20.65,147.54,-17.57,-7.52,174.06,53.938,54.104,-29.9464,-3.9346,206.59,504.98,-28.5605,-4.2045,,,0.23202,0
161.0002,54,75,8,3,156.33,734.78,dwell,190.68,654.74,87.10,0,178.824,8.361,179.844,-18.06,20.49,147.67,-17.47,-7.96,174.00,53.419,54.408,-35.6611,-4.3394,190.68,654.74,-31.7558,-4.2652,,,0.18269,0
161.0919,54,75,8,3,156.33,734.78,dwell,288.97,667.12,148.90,0,178.785,8.335,179.821,-17.92,20.52,147.89,-18.01,-8.41,174.20,53.522,54.742,-35.9852,0.3492,288.97,667.12,-33.6590,-2.1887,,,0.20749,0
161.1990,54,75,8,3,156.33,734.78,dwell,223.40,734.83,67.07,0,178.804,8.271,179.796,-17.89,20.64,147.87,-18.16,-6.57,174.20,53.557,54.252,-38.2580,-2.1225,223.40,734.83,-35.7285,-2.1589,,,0.20400,0
161.2885,54,75,8,3,156.33,734.78,dwell,249.00,789.07,107.40,0,178.664,8.279,179.816,-18.04,20.64,147.63,-17.33,-9.04,174.10,53.419,54.310,-39.9953,-1.3910,249.00,789.07,-37.6486,-1.8134,,,0.20311,0
161.3766,54,75,8,3,156.33,734.78,capture,268.50,791.13,125.53,0,178.756,8.310,179.794,-18.05,20.54,147.43,-17.38,-8.60,173.45,53.759,54.326,-40.2124,0.2701,268.50,791.13,-38.8023,-0.8758,,,0.21712,0
161.4782,54,75,8,3,156.33,734.78,capture,273.57,808.71,138.60,0,178.936,8.307,179.793,-18.04,20.56,147.50,-17.41,-8.54,173.34,53.597,54.027,-42.1784,-0.8234,273.57,808.71,-40.3215,-0.8522,,,0.20860,0
161.5904,54,75,8,3,156.33,734.78,capture,315.04,757.95,160.39,0,178.798,8.231,179.795,-18.11,20.62,147.67,-17.77,-7.80,173.99,53.752,54.089,-38.2671,1.9990,315.04,757.95,-39.3970,0.4308,,,0.23108,0
161.6890,54,75,8,3,156.33,734.78,capture,289.11,788.45,143.21,0,178.872,8.374,179.829,-18.10,20.74,147.68,-17.49,-7.63,174.77,53.538,54.244,-40.1994,0.8180,289.11,788.45,-39.7581,0.6051,,,0.23050,0
161.7872,54,75,8,3,156.33,734.78,capture,281.29,818.63,150.48,0,178.873,8.421,179.842,-18.04,20.79,147.70,-17.72,-8.17,173.91,53.331,54.493,-41.2810,0.5930,281.29,818.63,-40.4434,0.5997,,,0.20715,0
161.8841,54,75,8,3,156.33,734.78,capture,283.43,824.64,155.66,0,178.943,8.575,179.814,-18.19,20.68,147.81,-17.15,-8.50,173.48,53.050,54.291,-41.7088,0.6644,283.43,824.64,-41.0128,0.6288,,,0.18017,0
162.0014,54,75,8,3,156.33,734.78,capture,301.54,814.42,165.61,0,178.960,8.556,179.823,-18.01,20.63,147.91,-17.60,-8.01,173.69,53.320,54.162,-40.5775,1.2159,301.54,814.42,-40.8169,0.8930,,,0.22002,0
162.0984,54,75,8,3,156.33,734.78,capture,275.90,799.55,135.98,0,178.953,8.536,179.840,-18.08,20.48,147.89,-18.15,-7.74,175.00,53.664,54.223,-41.3246,0.4141,275.90,799.55,-41.0454,0.6775,,,0.18301,0
162.2019,54,75,8,3,156.33,734.78,capture,296.48,777.04,146.38,0,178.926,8.566,179.807,-18.11,20.50,148.19,-17.90,-7.77,174.65,53.245,54.054,-39.7176,0.9135,296.48,777.04,-40.4479,0.7837,,,0.20426,0
162.3149,54,75,8,3,156.33,734.78,capture,264.69,807.57,130.54,0,178.988,8.571,179.806,-18.06,20.61,148.26,-17.67,-7.32,174.51,53.179,53.928,-40.5380,-0.5601,264.69,807.57,-40.4885,0.1790,,,0.19129,0
162.4027,54,75,8,3,156.33,734.78,capture,270.83,801.78,132.66,0,178.920,8.722,179.810,-17.98,20.62,148.09,-17.91,-8.28,174.59,53.664,54.324,-40.9975,-0.4123,270.83,801.78,-40.7175,-0.0871,,,0.19468,0
162.5109,54,75,8,3,156.33,734.78,capture,273.62,810.93,139.84,0,178.940,8.854,179.840,-17.98,20.74,148.11,-17.29,-8.51,174.38,53.675,54.119,-41.5254,0.6009,273.62,810.93,-41.0811,0.2225,,,0.21945,0
162.5929,54,75,8,3,156.33,734.78,capture,292.87,793.54,148.64,0,178.949,8.876,179.828,-17.95,20.82,148.04,-17.66,-7.43,174.82,54.027,54.408,-41.1999,1.0303,292.87,793.54,-41.1346,0.5860,,,0.24715,0
162.7148,54,75,8,3,156.33,734.78,capture,288.14,795.98,145.32,0,179.052,8.915,179.792,-18.03,20.99,147.83,-17.64,-7.24,174.01,54.091,54.242,-40.7758,0.5123,288.14,795.98,-40.9731,0.5528,,,0.22710,0
162.8053,54,75,8,3,156.33,734.78,capture,266.62,786.37,121.76,0,178.887,8.978,179.763,-18.13,21.02,147.77,-17.87,-7.52,174.09,54.085,54.285,-41.1019,-0.4852,266.62,786.37,-41.0311,0.0857,,,0.22372,0
162.9055,54,75,8,3,156.33,734.78,capture,283.30,792.72,139.56,0,178.798,8.953,179.788,-18.32,21.11,147.79,-18.35,-7.33,174.53,54.053,54.374,-40.7818,0.2499,283.30,792.72,-40.9189,0.1596,,,0.21988,0
163.0065,54,75,8,3,156.33,734.78,capture,254.36,779.37,107.69,0,178.794,8.856,179.787,-18.25,21.22,147.57,-17.51,-6.87,173.47,54.095,54.811,-40.4979,-1.0339,254.36,779.37,-40.7295,-0.3775,,,0.22829,0
163.0976,54,75,8,3,156.33,734.78,capture,293.39,777.98,143.70,0,178.901,8.922,179.780,-18.26,21.13,147.65,-17.78,-7.49,174.10,53.461,54.360,-39.9228,1.2153,293.39,777.98,-40.3665,0.3393,,,0.22384,0
163.2007,54,75,8,3,156.33,734.78,capture,304.53,806.81,164.78,0,178.887,9.012,179.826,-18.32,21.28,147.65,-17.45,-8.39,173.67,53.448,54.303,-41.1432,1.8266,304.53,806.81,-40.7160,1.0086,,,0.21285,0
163.3056,54,75,8,3,156.33,734.78,capture,281.59,786.42,135.48,0,178.812,9.067,179.826,-18.34,21.11,147.71,-17.06,-7.44,174.03,53.547,54.140,-40.0224,0.0452,281.59,786.42,-40.4039,0.5751,,,0.21694,0
163.5049,55,78,8,6,290.33,734.78,dwell,356.54,817.99,106.34,0,178.805,9.102,179.794,-18.45,21.02,147.72,-17.46,-8.41,174.43,53.417,54.007,-41.4357,3.6622,356.54,817.99,-41.4357,3.6622,,,0.20322,0
163.6018,55,78,8,6,290.33,734.78,dwell,331.20,685.59,63.95,0,178.768,8.966,179.759,-18.41,21.02,147.84,-18.12,-7.57,174.10,53.528,53.767,-36.1230,2.1268,331.20,685.59,-39.0450,2.9713,,,0.20241,0
163.7211,55,78,8,6,290.33,734.78,dwell,284.84,792.10,57.58,0,178.843,8.789,179.762,-18.46,21.08,147.86,-17.97,-6.61,174.21,53.550,53.985,-40.6623,0.7320,284.84,792.10,-39.7728,1.9636,,,0.19894,0
163.8301,55,78,8,6,290.33,734.78,dwell,307.90,801.66,69.15,0,178.866,8.799,179.793,-18.42,21.07,148.06,-17.95,-7.68,174.83,53.948,54.178,-40.2397,1.3610,307.90,801.66,-39.9829,1.6924,,,0.20963,0
163.9164,55,78,8,6,290.33,734.78,dwell,303.55,819.48,85.73,0,178.765,8.662,179.794,-18.60,21.05,148.01,-18.57,-6.53,174.66,53.987,54.409,-41.8043,0.9799,303.55,819.48,-40.8025,1.3718,,,0.22335,0
164.0230,55,78,8,6,290.33,734.78,dwell,321.61,794.46,67.38,0,178.832,8.689,179.766,-18.44,21.23,148.02,-17.64,-7.78,174.09,53.419,54.083,-39.7545,2.2980,321.61,794.46,-40.3309,1.7886,,,0.19390,0
164.1185,55,78,8,6,290.33,734.78,dwell,323.94,795.61,69.50,0,178.891,8.618,179.799,-18.43,21.16,147.94,-17.71,-7.89,174.31,53.693,54.255,-40.2308,2.3014,323.94,795.61,-40.2859,2.0193,,,0.21728,0
164.2158,55,78,8,6,290.33,734.78,dwell,366.02,812.86,108.74,0,178.919,8.594,179.806,-18.53,21.10,147.98,-18.49,-7.33,174.47,54.152,54.130,-40.8962,3.2593,366.02,812.86,-40.5605,2.5773,,,0.20270,0
164.3086,55,78,8,6,290.33,734.78,capture,354.99,799.84,91.73,0,178.983,8.674,179.803,-18.51,21.16,148.04,-17.45,-7.54,174.82,54.209,53.997,-40.5127,4.0021,354.99,799.84,-40.5390,3.2185,,,0.22385,0
164.3906,55,78,8,6,290.33,734.78,capture,366.30,786.35,91.82,0,178.875,8.743,179.797,-18.64,20.88,148.02,-17.69,-7.91,174.14,53.914,54.437,-40.5539,3.7737,366.30,786.35,-40.5457,3.4683,,,0.21897,0
164.4941,55,78,8,6,290.33,734.78,capture,350.27,798.11,87.20,0,178.827,8.682,179.782,-18.59,20.95,147.92,-17.89,-7.79,174.24,53.902,54.237,-40.6181,3.3342,350.27,798.11,-40.5783,3.4080,,,0.20795,0
164.5761,55,78,8,6,290.33,734.78,capture,353.02,791.84,84.77,0,178.778,8.643,179.764,-18.54,20.78,147.75,-18.01,-7.73,173.82,53.446,54.077,-40.9944,4.3672,353.02,791.84,-40.7656,3.8396,,,0.19469,0
164.6660,55,78,8,6,290.33,734.78,capture,374.14,782.80,96.59,0,178.678,8.651,179.741,-18.55,20.94,147.95,-18.34,-7.70,174.29,53.936,54.245,-39.5383,4.6302,374.14,782.80,-40.2133,4.1954,,,0.23194,0
164.7520,55,78,8,6,290.33,734.78,capture,363.16,799.38,97.35,0,178.669,8.708,179.764,-18.44,20.93,148.01,-17.87,-7.77,174.35,54.148,54.004,-41.0603,3.6845,363.16,799.38,-40.5945,3.9655,,,0.21152,0
164.8728,55,78,8,6,290.33,734.78,capture,362.74,805.44,101.17,0,178.737,8.727,179.788,-18.37,21.06,147.82,-17.87,-6.88,173.98,54.457,53.992,-41.1682,3.6574,362.74,805.44,-40.8527,3.8269,,,0.23115,0
164.9695,55,78,8,6,290.33,734.78,capture,344.74,796.18,82.04,0,178.635,8.889,179.771,-18.36,21.13,147.71,-18.03,-7.20,173.98,54.415,54.085,-40.2360,2.8352,344.74,796.18,-40.5752,3.3806,,,0.23670,0
165.0622,55,78,8,6,290.33,734.78,capture,343.42,820.75,101.04,0,178.668,8.731,179.786,-18.32,21.16,147.33,-17.15,-7.30,173.63,53.989,54.193,-41.0474,2.9115,343.42,820.75,-40.7877,3.1695,,,0.21468,0
165.1675,55,78,8,6,290.33,734.78,capture,337.59,801.16,81.48,0,178.726,8.742,179.809,-18.38,21.03,147.18,-17.92,-7.49,173.41,54.310,54.076,-41.4621,2.6668,337.59,801.16,-41.0912,2.9433,,,0.25225,0
165.2864,55,78,8,6,290.33,734.78,capture,334.40,794.26,74.03,0,178.794,8.851,179.804,-18.32,20.95,147.39,-17.31,-8.29,174.22,54.348,54.125,-40.1837,2.9320,334.40,794.26,-40.6828,2.9382,,,0.21725,0
165.3828,55,78,8,6,290.33,734.78,capture,359.88,784.75,85.64,0,178.730,8.913,179.809,-18.27,20.87,147.35,-17.81,-7.02,174.02,54.485,54.155,-40.9064,3.6749,359.88,784.75,-40.7834,3.2697,,,0.22034,0
165.4806,55,78,8,6,290.33,734.78,capture,342.27,792.45,77.61,0,178.810,8.985,179.752,-18.44,20.79,147.23,-17.59,-7.71,173.49,54.251,54.201,-41.1244,2.5467,342.27,792.45,-40.9369,2.9444,,,0.23739,0
165.5709,55,78,8,6,290.33,734.78,capture,355.55,804.09,95.17,0,178.890,8.766,179.759,-18.46,20.89,147.48,-17.89,-7.41,173.85,54.303,54.305,-40.9012,4.1560,355.55,804.09,-40.9208,3.4896,,,0.21870,0
165.6754,55,78,8,6,290.33,734.78,capture,367.24,787.20,93.07,0,178.944,8.668,179.771,-18.39,20.86,147.61,-18.67,-8.34,173.72,54.190,54.449,-40.6682,4.8972,367.24,787.20,-40.8071,4.1230,,,0.22227,0
165.7668,55,78,8,6,290.33,734.78,capture,370.38,806.67,107.59,0,178.882,8.789,179.734,-18.34,20.98,147.73,-18.35,-7.11,174.67,54.182,54.541,-41.2422,4.4619,370.38,806.67,-41.0029,4.2755,,,0.22216,0
165.8719,55,78,8,6,290.33,734.78,capture,363.99,790.31,92.24,0,178.788,8.672,179.727,-18.26,20.98,147.51,-17.98,-7.06,174.00,54.035,54.781,-40.2524,3.4269,363.99,790.31,-40.6652,3.8937,,,0.23104,0
165.9755,55,78,8,6,290.33,734.78,capture,329.90,775.95,57.10,0,178.936,8.632,179.749,-18.18,20.98,147.42,-17.93,-7.02,173.71,54.003,54.683,-39.6964,2.7456,329.90,775.95,-40.2292,3.3770,,,0.20388,0
166.0636,55,78,8,6,290.33,734.78,capture,373.32,790.15,99.76,0,178.945,8.630,179.750,-18.19,20.99,147.28,-18.28,-7.66,173.41,54.072,54.713,-40.0692,4.4616,373.32,790.15,-40.1572,3.8651,,,0.19820,0
166.1756,55,78,8,6,290.33,734.78,capture,341.92,812.32,93.13,0,178.765,8.615,179.755,-18.21,20.95,147.39,-17.91,-7.34,173.66,54.085,54.778,-41.2592,2.5692,341.92,812.32,-40.6531,3.2819,,,0.23555,0
166.3855,56,36,4,0,22.33,389.00,dwell,283.22,766.34,458.75,0,178.699,8.400,179.779,-18.35,21.07,147.29,-18.34,-8.35,173.07,54.062,54.885,-39.3840,0.4852,283.22,766.34,-39.3840,0.4852,,,0.18124,0
166.4913,56,36,4,0,22.33,389.00,dwell,203.37,762.97,415.49,0,178.740,8.181,179.762,-18.47,21.12,147.16,-18.24,-6.96,173.14,53.701,54.616,-40.0928,-3.3728,203.37,762.97,-39.7030,-1.2509,,,0.22520,0
166.5917,56,36,4,0,22.33,389.00,dwell,176.98,557.75,228.89,0,178.791,8.071,179.789,-18.41,20.99,147.13,-17.98,-7.56,173.53,53.657,54.364,-31.3545,-4.7644,176.98,557.75,-35.9462,-2.8320,,,0.20130,0
166.6947,56,36,4,0,22.33,389.00,dwell,206.98,509.87,220.69,0,178.854,8.195,179.801,-18.49,20.88,147.21,-18.04,-7.60,173.57,53.595,54.155,-29.6753,-3.1570,206.98,509.87,-33.1243,-2.9782,,,0.19131,0
166.7884,56,36,4,0,22.33,389.00,dwell,128.34,500.80,154.07,0,178.832,8.050,179.798,-18.50,20.82,147.20,-17.49,-8.67,173.37,54.058,54.390,-29.6717,-6.7539,128.34,500.80,-31.5706,-4.6773,,,0.23225,0
166.8901,56,36,4,0,22.33,389.00,dwell,139.39,520.81,176.28,0,178.824,7.953,179.813,-18.52,20.72,147.17,-18.05,-8.33,173.52,53.983,54.319,-30.3893,-6.0766,139.39,520.81,-31.0390,-5.3070,,,0.23461,0
166.9978,56,36,4,0,22.33,389.00,dwell,125.47,431.84,111.68,0,178.895,7.919,179.790,-18.53,20.86,147.31,-18.65,-7.00,173.86,53.958,54.037,-27.1776,-6.9518,125.47,431.84,-29.3014,-6.0472,,,0.23040,0
167.0798,56,36,4,0,22.33,389.00,dwell,60.39,431.29,56.89,0,178.778,7.857,179.792,-18.51,20.80,147.29,-17.65,-7.70,172.82,53.801,53.939,-26.3605,-10.3007,60.39,431.29,-27.9780,-7.9612,,,0.22730,0
167.1826,56,36,4,0,22.33,389.00,dwell,88.10,436.45,81.10,0,178.885,7.799,179.815,-18.41,20.78,147.25,-17.47,-7.22,173.50,53.837,54.086,-27.3201,-8.8662,88.10,436.45,-27.6819,-8.3685,,,0.22891,0
167.2646,56,36,4,0,22.33,389.00,dwell,-5.56,327.75,67.30,0,178.870,7.841,179.838,-18.39,20.81,147.31,-18.72,-8.05,174.07,53.678,54.263,-23.0507,-12.6853,-5.56,327.75,-25.5979,-10.3110,,,0.23096,0
167.3571,56,36,4,0,22.33,389.00,dwell,4.26,295.59,95.14,0,178.923,7.936,179.870,-18.56,20.80,147.17,-17.86,-7.35,173.96,53.813,54.566,-20.8996,-12.7927,4.26,295.59,-23.4836,-11.4278,,,0.22092,0
167.4539,56,36,4,0,22.33,389.00,capture,-1.46,282.55,109.08,0,178.900,7.722,179.879,-18.53,20.68,146.84,-18.24,-7.17,172.95,53.664,54.469,-20.7378,-12.9582,-1.46,282.55,-22.2480,-12.1165,,,0.21457,0
167.5511,56,36,4,0,22.33,389.00,capture,6.57,287.22,102.99,0,178.909,7.808,179.836,-18.40,20.80,146.95,-18.08,-7.55,172.88,53.913,54.342,-20.3983,-12.5578,6.57,287.22,-21.4157,-12.3150,,,0.18768,0
167.6620,56,36,4,0,22.33,389.00,capture,-25.78,277.57,121.37,0,179.000,7.867,179.826,-18.40,20.82,147.25,-18.26,-8.20,173.65,53.902,54.377,-20.1214,-14.4371,-25.78,277.57,-20.8333,-13.2700,,,0.22816,0
167.7630,56,36,4,0,22.33,389.00,capture,-8.70,270.57,122.43,0,179.040,7.918,179.856,-18.53,20.70,147.41,-18.08,-8.00,173.18,53.843,54.232,-20.0004,-13.2700,-8.70,270.57,-20.4585,-13.2700,,,0.23089,0
167.8708,56,36,4,0,22.33,389.00,capture,3.80,281.09,109.49,0,178.964,8.055,179.853,-18.55,20.74,147.73,-18.14,-8.26,174.04,53.514,54.574,-20.9317,-12.8901,3.80,281.09,-20.6714,-13.0990,,,0.19347,0
167.9697,56,36,4,0,22.33,389.00,capture,4.28,267.12,123.21,0,178.930,8.028,179.862,-18.51,20.63,147.63,-18.02,-8.00,174.01,53.768,54.351,-20.3726,-12.5627,4.28,267.12,-20.5369,-12.8577,,,0.23593,0
168.0844,56,36,4,0,22.33,389.00,capture,-20.53,278.80,118.24,0,178.852,8.037,179.846,-18.59,20.62,147.72,-17.93,-8.54,174.60,53.965,53.850,-20.6738,-13.3826,-20.53,278.80,-20.5986,-13.0939,,,0.21647,0
168.1908,56,36,4,0,22.33,389.00,capture,-25.22,271.28,126.96,0,178.841,8.046,179.800,-18.45,20.46,147.78,-18.18,-7.21,173.88,53.834,53.925,-19.3710,-14.0237,-25.22,271.28,-20.0461,-13.5123,,,0.21204,0
168.2822,56,36,4,0,22.33,389.00,capture,-15.52,279.79,115.58,0,178.832,8.169,179.804,-18.39,20.49,147.41,-18.53,-7.28,173.75,53.681,53.754,-19.8795,-12.7562,-15.52,279.79,-19.9712,-13.1720,,,0.21445,0
168.3884,56,36,4,0,22.33,389.00,capture,-15.61,281.04,114.43,0,178.921,8.033,179.786,-18.31,20.49,147.63,-17.75,-8.38,173.96,53.901,53.638,-20.8991,-13.9113,-15.61,281.04,-20.3887,-13.5047,,,0.21748,0
168.4709,56,36,4,0,22.33,389.00,capture,-7.52,255.12,137.17,0,178.868,8.257,179.793,-18.35,20.62,147.44,-17.43,-8.18,173.54,53.854,53.639,-19.9899,-13.3974,-7.52,255.12,-20.2093,-13.4564,,,0.22422,0
168.5777,56,36,4,0,22.33,389.00,capture,3.95,268.56,121.83,0,178.786,8.255,179.795,-18.47,20.58,147.82,-17.76,-8.05,173.82,53.695,54.080,-19.8132,-13.0654,3.95,268.56,-20.0311,-13.2805,,,0.20353,0
168.6742,56,36,4,0,22.33,389.00,capture,6.21,287.93,102.35,0,178.763,8.251,179.796,-18.49,20.58,147.87,-18.32,-7.66,174.09,53.629,53.725,-20.8501,-12.2678,6.21,287.93,-20.3996,-12.8248,,,0.21008,0
168.7958,56,36,4,0,22.33,389.00,capture,8.26,296.45,93.61,0,178.757,8.178,179.804,-18.46,20.59,147.39,-17.86,-8.41,173.82,53.709,53.789,-20.8141,-12.8712,8.26,296.45,-20.5861,-12.8457,,,0.20246,0
168.8966,56,36,4,0,22.33,389.00,capture,-3.61,253.04,138.41,0,178.690,7.960,179.792,-18.43,20.64,147.48,-17.82,-8.09,173.53,53.999,53.885,-19.3505,-12.5928,-3.61,253.04,-20.0301,-12.7319,,,0.22031,0
168.9883,56,36,4,0,22.33,389.00,capture,-3.88,280.83,111.30,0,178.597,8.103,179.838,-18.34,20.66,147.63,-17.80,-8.29,174.38,53.436,53.909,-19.5816,-12.8421,-3.88,280.83,-19.8283,-12.7815,,,0.21614,0
169.0844,56,36,4,0,22.33,389.00,capture,-21.20,239.73,155.49,0,178.695,8.021,179.823,-18.47,20.89,147.59,-17.18,-7.76,174.28,53.458,53.694,-18.9284,-13.5549,-21.20,239.73,-19.4233,-13.1295,,,0.19890,0
169.1664,56,36,4,0,22.33,389.00,capture,-1.01,274.49,116.87,0,178.647,8.168,179.807,-18.38,21.06,147.48,-18.38,-7.48,173.73,53.732,54.073,-21.5644,-12.9732,-1.01,274.49,-20.3868,-13.0592,,,0.18882,0
169.2484,56,36,4,0,22.33,389.00,capture,-15.65,255.96,138.36,0,178.659,8.195,179.807,-18.34,21.22,147.60,-17.80,-6.62,173.77,53.679,53.571,-19.9463,-13.8030,-15.65,255.96,-20.1886,-13.3939,,,0.20752,0
169.3503,56,36,4,0,22.33,389.00,capture,-35.17,288.46,115.82,0,178.669,8.197,179.809,-18.25,21.21,147.46,-18.32,-8.33,173.44,53.877,53.355,-20.8398,-14.3942,-35.17,288.46,-20.4816,-13.8440,,,0.22348,0
169.5436,57,72,8,0,22.33,734.78,dwell,58.21,190.33,545.63,0,178.696,8.288,179.819,-18.29,21.10,147.32,-17.72,-7.34,173.77,53.911,53.718,-17.7442,-10.3896,58.21,190.33,-17.7442,-10.3896,,,0.21303,0
169.6544,57,72,8,0,22.33,734.78,dwell,7.16,394.96,340.16,0,178.844,8.376,179.787,-18.30,20.99,147.19,-17.97,-7.49,173.12,53.899,53.587,-25.7101,-11.8852,7.16,394.96,-21.3288,-11.0626,,,0.21216,0
169.7467,57,72,8,0,22.33,734.78,dwell,65.92,373.05,364.34,0,178.847,8.356,179.791,-18.21,20.92,147.10,-17.86,-8.18,172.81,54.200,53.287,-24.7617,-9.5461,65.92,373.05,-22.8736,-10.3802,,,0.22562,0
169.8512,57,72,8,0,22.33,734.78,dwell,43.51,507.88,227.88,0,178.827,8.377,179.797,-18.22,20.79,147.08,-17.48,-8.30,172.78,53.870,53.414,-29.1484,-10.7470,43.51,507.88,-25.6973,-10.5453,,,0.19444,0
169.9535,57,72,8,0,22.33,734.78,dwell,-36.00,577.02,168.20,0,178.821,8.473,179.810,-18.27,20.85,147.01,-18.24,-7.31,173.31,53.569,53.398,-32.3904,-15.2709,-36.00,577.02,-28.7092,-12.6718,,,0.19365,0
170.0750,57,72,8,0,22.33,734.78,dwell,-37.22,572.80,172.58,0,178.757,8.604,179.825,-18.34,20.88,146.92,-17.96,-7.37,173.26,53.497,53.499,-31.7144,-13.9838,-37.22,572.80,-30.0615,-13.2622,,,0.21306,0
170.1678,57,72,8,0,22.33,734.78,dwell,36.11,646.24,89.60,0,178.777,8.660,179.820,-18.29,21.05,147.15,-17.98,-6.98,173.78,54.090,53.271,-34.6097,-11.3091,36.11,646.24,-32.1082,-12.3833,,,0.20688,0
170.2652,57,72,8,0,22.33,734.78,dwell,-2.21,591.47,145.39,0,178.849,8.795,179.805,-18.19,20.98,147.34,-18.21,-7.57,173.62,53.917,53.589,-33.0236,-12.8972,-2.21,591.47,-32.5201,-12.6146,,,0.23445,0
170.3589,57,72,8,0,22.33,734.78,dwell,-34.04,586.09,159.02,0,178.845,8.845,179.803,-18.28,21.14,147.29,-18.00,-6.59,173.49,54.122,53.801,-32.6270,-14.4205,-34.04,586.09,-32.5682,-13.4273,,,0.21285,0
170.4515,57,72,8,0,22.33,734.78,capture,-21.86,646.17,99.02,0,178.821,8.927,179.822,-18.23,20.96,147.02,-17.76,-7.51,173.51,53.873,54.062,-34.9121,-13.9167,-21.86,646.17,-33.6230,-13.6475,,,0.20949,0
170.5528,57,72,8,0,22.33,734.78,capture,-19.78,675.93,72.36,0,178.775,8.994,179.794,-18.20,21.07,146.97,-18.48,-7.45,172.29,54.034,54.271,-36.1943,-13.7615,-19.78,675.93,-34.7801,-13.6988,,,0.21805,0
170.6373,57,72,8,0,22.33,734.78,capture,7.32,687.87,49.25,0,178.903,8.963,179.783,-18.21,20.93,146.88,-18.50,-7.07,173.12,53.975,54.303,-36.3913,-12.3401,7.32,687.87,-35.5051,-13.0874,,,0.22893,0
170.7279,57,72,8,0,22.33,734.78,capture,-20.62,676.44,72.45,0,178.921,8.936,179.822,-18.11,21.10,146.76,-17.23,-6.89,172.55,53.872,54.077,-36.4957,-14.1128,-20.62,676.44,-35.9509,-13.5488,,,0.22760,0
170.8253,57,72,8,0,22.33,734.78,capture,-14.63,664.01,79.84,0,178.945,8.945,179.849,-18.11,21.05,147.00,-17.70,-8.00,173.12,53.610,54.168,-35.2520,-14.1828,-14.63,664.01,-35.6364,-13.8341,,,0.22065,0
170.9341,57,72,8,0,22.33,734.78,capture,-23.45,685.15,67.52,0,178.856,8.976,179.844,-18.19,21.09,147.18,-17.73,-7.75,173.90,53.490,54.572,-36.2399,-13.7087,-23.45,685.15,-35.9080,-13.7777,,,0.21180,0
171.0202,57,72,8,0,22.33,734.78,capture,-0.50,683.16,56.44,0,178.863,8.818,179.877,-18.23,21.08,147.09,-17.10,-7.72,173.36,53.719,54.871,-36.4216,-12.8163,-0.50,683.16,-36.1391,-13.3451,,,0.25133,0
171.1193,57,72,8,0,22.33,734.78,capture,-43.78,684.57,83.02,0,178.949,8.874,179.878,-18.20,20.97,147.16,-17.67,-7.09,173.50,53.597,55.115,-36.9863,-14.9786,-43.78,684.57,-36.5203,-14.0802,,,0.19456,0
171.2076,57,72,8,0,22.33,734.78,capture,-41.98,694.46,75.91,0,178.982,8.901,179.853,-18.18,20.78,147.04,-17.69,-8.32,172.86,53.613,55.095,-37.4261,-14.5617,-41.98,694.46,-36.9279,-14.2969,,,0.22207,0
171.3076,57,72,8,0,22.33,734.78,capture,-21.10,674.84,74.02,0,178.865,8.993,179.844,-18.22,20.82,147.09,-17.94,-7.36,173.67,53.087,54.962,-34.6914,-14.0016,-21.10,674.84,-35.9215,-14.1640,,,0.19580,0
171.4190,57,72,8,0,22.33,734.78,capture,-19.91,677.85,70.89,0,178.711,8.982,179.828,-18.11,20.86,147.16,-17.55,-8.33,172.80,53.203,55.051,-36.0881,-13.5769,-19.91,677.85,-35.9964,-13.8998,,,0.21950,0
171.5274,57,72,8,0,22.33,734.78,capture,-14.88,695.32,54.24,0,178.700,9.027,179.835,-18.20,20.90,147.02,-17.97,-7.12,172.79,53.375,54.997,-37.0437,-13.2086,-14.88,695.32,-36.4677,-13.5887,,,0.21167,0
171.6124,57,72,8,0,22.33,734.78,capture,-2.14,672.75,66.68,0,178.596,9.055,179.832,-18.25,20.80,147.08,-17.90,-7.52,173.49,53.335,54.532,-35.8987,-13.4160,-2.14,672.75,-36.2117,-13.5110,,,0.21151,0
171.7280,57,72,8,0,22.33,734.78,capture,13.66,672.46,62.92,0,178.713,9.178,179.802,-18.09,20.98,146.84,-17.65,-7.77,173.38,53.183,54.520,-35.3657,-11.7874,13.66,672.46,-35.8310,-12.7354,,,0.19738,0
171.8265,57,72,8,0,22.33,734.78,capture,-19.63,682.16,67.30,0,178.595,9.058,179.811,-18.01,20.82,146.93,-17.30,-7.99,173.18,53.286,54.302,-36.5431,-13.6676,-19.63,682.16,-36.1515,-13.1549,,,0.20584,0
171.9183,57,72,8,0,22.33,734.78,capture,-30.36,661.39,90.35,0,178.627,8.773,179.827,-17.97,20.80,146.92,-18.07,-6.97,173.25,53.448,54.545,-35.0300,-14.3408,-30.36,661.39,-35.6468,-13.6885,,,0.20931,0
172.0118,57,72,8,0,22.33,734.78,capture,-22.05,648.53,97.00,0,178.640,8.667,179.821,-18.01,20.62,146.80,-17.48,-8.49,172.54,53.398,54.759,-34.5082,-14.1974,-22.05,648.53,-35.1344,-13.9175,,,0.20743,0
172.1087,57,72,8,0,22.33,734.78,capture,-28.29,692.86,65.73,0,178.738,8.589,179.849,-18.15,20.74,146.65,-17.19,-7.70,172.46,53.299,54.794,-36.9598,-14.1154,-28.29,692.86,-35.9559,-14.0066,,,0.20020,0
172.2984,58,43,4,7,335.00,389.00,dwell,11.90,733.32,472.18,0,178.782,8.316,179.848,-18.27,20.62,146.85,-17.76,-8.50,172.82,53.123,54.328,-38.1934,-12.6243,11.90,733.32,-38.1934,-12.6243,,,0.19782,0
172.3913,58,43,4,7,335.00,389.00,dwell,173.27,579.14,249.62,0,178.735,8.413,179.838,-18.27,20.50,146.93,-18.20,-8.18,172.84,53.809,54.069,-31.7657,-4.5191,173.27,579.14,-35.3009,-8.9770,,,0.18512,0
172.4935,58,43,4,7,335.00,389.00,dwell,216.04,534.31,187.79,0,178.909,8.380,179.843,-18.17,20.60,147.07,-17.64,-8.33,173.52,53.422,54.442,-29.8405,-2.6364,216.04,534.31,-32.8437,-6.1237,,,0.18136,0
172.5971,58,43,4,7,335.00,389.00,dwell,269.68,519.43,145.87,0,178.759,8.363,179.844,-18.23,20.72,147.00,-17.65,-7.25,172.94,53.949,54.238,-30.1488,-0.3372,269.68,519.43,-31.6310,-3.5198,,,0.18780,0
172.6811,58,43,4,7,335.00,389.00,dwell,287.28,360.90,55.38,0,178.825,8.273,179.821,-18.32,20.77,147.00,-17.67,-8.14,173.28,53.652,54.416,-23.4189,0.7020,287.28,360.90,-27.9356,-1.6200,,,0.19068,0
172.7831,58,43,4,7,335.00,389.00,dwell,359.79,372.58,29.73,0,178.825,8.316,179.791,-18.33,20.81,146.89,-17.65,-6.74,173.40,53.674,54.216,-24.5513,4.3697,359.79,372.58,-26.4127,1.0754,,,0.21116,0
172.8948,58,43,4,7,335.00,389.00,dwell,376.80,347.22,59.10,0,178.836,8.349,179.791,-18.32,20.81,146.84,-17.88,-7.09,172.57,53.668,54.324,-23.9845,4.2771,376.80,347.22,-25.3200,2.5161,,,0.19767,0
172.9897,58,43,4,7,335.00,389.00,dwell,379.94,279.44,118.42,0,178.821,8.233,179.814,-18.15,20.86,146.97,-18.02,-7.48,173.12,53.334,54.784,-21.1301,5.2785,379.94,279.44,-23.4346,3.7592,,,0.19299,0
173.0739,58,43,4,7,335.00,389.00,capture,426.89,285.59,138.34,0,178.821,8.194,179.789,-18.24,21.03,146.72,-17.87,-7.86,173.05,53.243,54.605,-21.2594,7.3154,426.89,285.59,-22.4557,5.3595,,,0.18608,0
173.1828,58,43,4,7,335.00,389.00,capture,410.91,307.34,111.49,0,178.695,8.127,179.822,-18.26,21.07,146.81,-17.72,-7.45,172.82,52.971,53.940,-22.7572,6.3483,410.91,307.34,-22.5914,5.8045,,,0.20227,0
173.2648,58,43,4,7,335.00,389.00,capture,430.54,288.88,138.39,0,178.842,8.065,179.820,-18.18,20.96,147.12,-17.20,-7.41,173.06,53.135,53.996,-21.9005,6.8277,430.54,288.88,-22.2805,6.2649,,,0.19677,0
173.3550,58,43,4,7,335.00,389.00,capture,406.06,316.70,101.37,0,178.833,7.996,179.829,-18.18,20.86,147.28,-18.20,-8.02,173.15,53.263,54.024,-21.7963,6.4105,406.06,316.70,-22.0626,6.3304,,,0.21809,0
173.4694,58,43,4,7,335.00,389.00,capture,427.63,298.60,129.43,0,178.743,8.126,179.848,-18.26,20.78,147.31,-17.35,-7.99,173.66,53.179,54.015,-21.6535,7.3175,427.63,298.60,-21.8785,6.7746,,,0.20746,0
173.5723,58,43,4,7,335.00,389.00,capture,416.26,289.29,128.63,0,178.741,8.101,179.822,-18.47,20.83,147.27,-17.49,-7.86,173.42,53.509,54.011,-21.6461,5.9240,416.26,289.29,-21.7740,6.3918,,,0.19771,0
173.6791,58,43,4,7,335.00,389.00,capture,414.13,267.55,144.95,0,178.808,8.161,179.803,-18.36,20.87,147.31,-17.85,-8.16,173.18,53.097,54.039,-19.7449,6.4547,414.13,267.55,-20.8609,6.4201,,,0.17790,0
173.7833,58,43,4,7,335.00,389.00,capture,411.79,266.76,144.36,0,178.776,8.252,179.786,-18.44,21.05,147.51,-17.38,-7.01,174.08,53.291,54.083,-20.2950,6.7872,411.79,266.76,-20.6062,6.5853,,,0.19824,0
173.8653,58,43,4,7,335.00,389.00,capture,410.82,282.82,130.47,0,178.764,8.290,179.789,-18.45,21.06,147.39,-18.01,-7.85,173.68,53.207,54.141,-20.5833,6.1816,410.82,282.82,-20.5959,6.4036,,,0.20081,0
173.9578,58,43,4,7,335.00,389.00,capture,429.38,293.42,134.32,0,178.733,8.186,179.794,-18.47,20.90,147.29,-18.45,-7.94,173.30,53.332,53.729,-21.6069,7.1531,429.38,293.42,-21.0509,6.7409,,,0.20564,0
174.0562,58,43,4,7,335.00,389.00,capture,422.91,296.25,127.79,0,178.672,8.272,179.812,-18.28,20.71,147.09,-17.73,-7.07,172.99,53.279,53.781,-21.2731,6.2701,422.91,296.25,-21.1509,6.5290,,,0.19575,0
174.1559,58,43,4,7,335.00,389.00,capture,418.88,268.04,147.20,0,178.735,8.196,179.797,-18.32,20.67,147.30,-17.63,-7.31,173.45,54.026,53.165,-19.6233,6.6483,418.88,268.04,-20.4635,6.5827,,,0.22434,0
174.2688,58,43,4,7,335.00,389.00,capture,417.94,300.13,121.56,0,178.902,8.037,179.830,-18.29,20.66,147.68,-17.78,-7.54,173.98,54.168,53.146,-20.7113,6.2460,417.94,300.13,-20.5750,6.4312,,,0.21140,0
174.3557,58,43,4,7,335.00,389.00,capture,400.29,295.59,113.97,0,178.934,8.114,179.829,-18.31,20.75,147.79,-18.10,-6.96,173.77,54.428,53.377,-19.8861,5.4607,400.29,295.59,-20.2650,5.9944,,,0.23726,0
174.4604,58,43,4,7,335.00,389.00,capture,435.33,266.75,158.15,0,178.922,8.189,179.838,-18.28,20.73,148.08,-17.65,-7.44,174.92,53.993,53.520,-21.2193,7.7231,435.33,266.75,-20.6944,6.7724,,,0.21225,0
174.5462,58,43,4,7,335.00,389.00,capture,426.33,307.02,122.73,0,178.941,8.206,179.840,-18.31,20.90,148.01,-17.74,-7.63,174.39,53.770,53.440,-22.0504,6.2253,426.33,307.02,-21.3046,6.5262,,,0.21105,0
174.6620,58,43,4,7,335.00,389.00,capture,430.55,301.97,129.24,0,178.892,8.111,179.823,-18.20,21.08,147.65,-17.53,-8.33,173.38,54.029,53.690,-20.8883,7.0999,430.55,301.97,-21.1173,6.7843,,,0.20886,0
174.7702,58,43,4,7,335.00,389.00,capture,423.35,282.98,138.01,0,178.845,8.120,179.825,-18.26,20.99,147.42,-17.64,-7.80,173.83,54.158,53.639,-20.8657,6.4475,423.35,282.98,-21.0041,6.6328,,,0.24120,0
174.9745,59,76,8,4,201.00,734.78,dwell,380.67,230.64,535.20,0,178.699,8.201,179.839,-18.20,20.98,147.25,-17.54,-7.14,173.58,54.133,53.941,-18.7126,5.1721,380.67,230.64,-18.7126,5.1721,,,0.22580,0
175.0565,59,76,8,4,201.00,734.78,dwell,431.49,476.14,346.44,0,178.659,8.300,179.870,-18.32,20.94,147.44,-17.26,-7.79,173.15,54.322,54.091,-27.9181,7.1993,431.49,476.14,-22.8551,6.0844,,,0.21976,0
175.1531,59,76,8,4,201.00,734.78,dwell,288.22,353.91,390.73,0,178.831,8.556,179.841,-18.37,20.85,147.54,-17.61,-6.75,173.97,54.066,53.820,-23.5514,0.2492,288.22,353.91,-23.1684,3.4585,,,0.20304,0
175.2506,59,76,8,4,201.00,734.78,dwell,227.27,393.83,341.96,0,178.941,8.535,179.850,-18.34,21.01,147.81,-18.25,-7.55,173.97,54.194,54.264,-24.9805,-1.6565,227.27,393.83,-23.9838,1.1568,,,0.22095,0
175.3571,59,76,8,4,201.00,734.78,dwell,274.82,348.46,393.31,0,178.955,8.645,179.832,-18.31,21.29,148.00,-17.40,-7.74,175.09,53.996,54.058,-23.9464,-0.0856,274.82,348.46,-23.9670,0.5977,,,0.22091,0
175.4684,59,76,8,4,201.00,734.78,dwell,257.58,487.56,253.61,0,178.951,8.737,179.828,-18.36,21.29,148.09,-18.69,-7.79,174.33,53.924,54.017,-28.8823,-0.7234,257.58,487.56,-26.1789,0.0032,,,0.20448,0
175.5689,59,76,8,4,201.00,734.78,dwell,199.24,475.91,258.87,0,178.913,8.747,179.843,-18.48,21.24,148.11,-18.02,-6.24,174.43,53.757,53.968,-28.3550,-3.6894,199.24,475.91,-27.1581,-1.6585,,,0.23751,0
175.6578,59,76,8,4,201.00,734.78,dwell,161.76,439.37,298.00,0,178.999,8.741,179.850,-18.54,21.11,148.07,-18.62,-6.96,174.74,53.766,54.327,-27.4768,-4.6822,161.76,439.37,-27.3015,-3.0191,,,0.23462,0
175.7557,59,76,8,4,201.00,734.78,dwell,130.58,461.77,281.94,0,179.082,8.863,179.834,-18.45,21.11,148.05,-18.54,-7.13,174.49,53.984,54.785,-27.5668,-6.9966,130.58,461.77,-27.4209,-4.8090,,,0.22612,0
175.8582,59,76,8,4,201.00,734.78,capture,115.56,470.40,277.84,0,178.921,8.787,179.805,-18.57,20.99,148.13,-18.42,-6.96,174.55,54.135,54.648,-27.8429,-7.1209,115.56,470.40,-27.6108,-5.8494,,,0.22157,0
175.9587,59,76,8,4,201.00,734.78,capture,140.26,498.95,243.52,0,178.947,8.806,179.797,-18.56,20.96,148.12,-18.13,-6.91,174.56,54.248,54.744,-29.5799,-6.1459,140.26,498.95,-28.4969,-5.9828,,,0.24219,0
176.0407,59,76,8,4,201.00,734.78,capture,149.30,496.75,243.58,0,178.952,8.846,179.821,-18.52,20.85,147.91,-18.38,-7.56,174.15,54.151,54.574,-28.6794,-5.6100,149.30,496.75,-28.5790,-5.8150,,,0.21568,0
176.1428,59,76,8,4,201.00,734.78,capture,129.17,500.15,245.38,0,179.050,8.733,179.824,-18.48,20.98,147.92,-18.39,-7.23,173.80,53.794,55.211,-29.7267,-6.2346,129.17,500.15,-29.0955,-6.0038,,,0.23843,0
176.2520,59,76,8,4,201.00,734.78,capture,124.23,504.25,242.97,0,179.007,8.637,179.844,-18.42,21.01,147.88,-17.69,-7.21,174.24,53.739,54.907,-29.0254,-7.1901,124.23,504.25,-29.0639,-6.5376,,,0.23623,0
176.3419,59,76,8,4,201.00,734.78,capture,149.42,466.04,273.64,0,178.959,8.736,179.865,-18.38,21.09,147.82,-17.77,-8.19,174.20,53.409,54.977,-28.4555,-5.6958,149.42,466.04,-28.7901,-6.1588,,,0.22398,0
176.4436,59,76,8,4,201.00,734.78,capture,130.65,498.65,246.38,0,178.830,8.838,179.883,-18.25,20.93,147.86,-17.21,-6.68,174.02,53.549,55.339,-28.9483,-6.9787,130.65,498.65,-28.8613,-6.5278,,,0.20778,0
176.5256,59,76,8,4,201.00,734.78,capture,119.26,488.49,259.50,0,178.869,8.745,179.876,-18.35,20.89,147.55,-17.69,-7.66,173.92,53.463,55.041,-29.1924,-7.0563,119.26,488.49,-29.0103,-6.7656,,,0.20882,0
176.6179,59,76,8,4,201.00,734.78,capture,115.29,484.79,264.27,0,178.954,8.675,179.874,-18.31,20.81,147.64,-17.87,-7.89,173.58,53.349,54.996,-27.5845,-7.3449,115.29,484.79,-28.3687,-7.0263,,,0.18574,0
176.7302,59,76,8,4,201.00,734.78,capture,98.16,468.05,285.87,0,178.987,8.804,179.849,-18.37,21.00,147.63,-17.65,-7.63,173.96,53.452,54.928,-27.5136,-7.5292,98.16,468.05,-27.9839,-7.2526,,,0.21877,0
176.8417,59,76,8,4,201.00,734.78,capture,113.70,465.44,283.13,0,178.987,8.734,179.827,-18.33,20.93,147.41,-17.82,-7.53,173.85,53.600,55.265,-26.8632,-7.1045,113.70,465.44,-27.4796,-7.1860,,,0.20077,0
176.9482,59,76,8,4,201.00,734.78,capture,137.77,484.79,257.86,0,178.890,8.796,179.829,-18.33,21.01,147.40,-17.98,-7.40,173.65,53.311,54.994,-28.6785,-6.7749,137.77,484.79,-28.0191,-7.0010,,,0.17989,0
177.0381,59,76,8,4,201.00,734.78,capture,125.52,474.31,271.18,0,178.962,8.711,179.847,-18.24,20.89,147.24,-17.88,-7.80,173.46,53.302,54.590,-28.5533,-7.2413,125.52,474.31,-28.2595,-7.1091,,,0.19275,0
177.1371,59,76,8,4,201.00,734.78,capture,94.40,495.57,261.89,0,178.975,8.769,179.855,-18.15,21.04,147.14,-17.97,-7.40,173.63,53.239,54.339,-28.9192,-8.3705,94.40,495.57,-28.5564,-7.6767,,,0.22110,0
177.2574,59,76,8,4,201.00,734.78,capture,149.89,488.42,251.60,0,178.976,8.722,179.877,-18.05,21.06,147.46,-17.95,-7.40,174.11,53.123,54.743,-29.3236,-5.9791,149.89,488.42,-28.9016,-6.9128,,,0.19644,0
177.3616,59,76,8,4,201.00,734.78,capture,139.35,443.46,297.77,0,178.891,8.814,179.857,-18.07,21.00,147.42,-17.69,-6.60,173.89,53.387,54.372,-27.1792,-6.3041,139.35,443.46,-28.1265,-6.6389,,,0.21255,0
177.4617,59,76,8,4,201.00,734.78,capture,121.20,496.57,251.22,0,178.912,8.829,179.869,-17.98,21.16,147.01,-17.81,-7.95,173.17,53.397,54.353,-29.1331,-7.0431,121.20,496.57,-28.5795,-6.8208,,,0.20030,0
177.5728,59,76,8,4,201.00,734.78,capture,119.09,479.76,267.85,0,179.009,8.692,179.838,-17.95,21.05,146.98,-17.23,-8.04,173.68,53.666,54.287,-27.6859,-7.3707,119.09,479.76,-28.1774,-7.0682,,,0.18516,0
177.6594,59,76,8,4,201.00,734.78,capture,124.65,462.86,282.43,0,178.912,8.854,179.823,-18.03,20.94,146.97,-18.02,-6.99,173.45,53.384,54.064,-26.5540,-7.0660,124.65,462.86,-27.4469,-7.0672,,,0.18182,0
177.7417,59,76,8,4,201.00,734.78,capture,142.33,505.88,236.30,0,178.954,8.971,179.806,-18.07,20.82,147.09,-18.16,-8.40,173.73,53.603,53.938,-29.3138,-5.8886,142.33,505.88,-28.2870,-6.5368,,,0.20168,0
177.9112,60,63,7,0,22.33,648.33,dwell,46.18,550.18,101.01,0,178.906,8.891,179.814,-17.90,20.82,147.07,-18.22,-7.60,173.37,53.705,53.661,-30.6921,-10.8754,46.18,550.18,-30.6921,-10.8754,,,0.21846,0
178.0215,60,63,7,0,22.33,648.33,dwell,128.28,477.99,200.60,0,178.852,8.893,179.820,-17.86,20.86,147.06,-17.76,-8.14,173.51,53.927,53.786,-29.0553,-6.5736,128.28,477.99,-29.9556,-8.9396,,,0.24450,0
178.1313,60,63,7,0,22.33,648.33,dwell,133.62,491.44,192.35,0,178.951,8.741,179.831,-17.83,20.70,147.05,-17.35,-8.64,173.41,54.035,53.527,-29.2663,-6.9422,133.62,491.44,-29.6454,-8.0408,,,0.24641,0
178.2464,60,63,7,0,22.33,648.33,dwell,99.46,547.41,127.02,0,178.938,8.691,179.846,-17.86,20.79,146.99,-17.27,-6.96,172.92,54.027,53.458,-31.3044,-7.5850,99.46,547.41,-30.3919,-7.8357,,,0.24902,0
178.3471,60,63,7,0,22.33,648.33,dwell,198.18,705.40,184.87,0,178.896,8.668,179.804,-18.03,20.86,147.02,-17.39,-7.16,173.18,53.976,53.573,-36.4103,-3.5343,198.18,705.40,-33.1002,-5.9000,,,0.20636,0
178.4336,60,63,7,0,22.33,648.33,dwell,48.30,659.33,28.20,0,178.868,8.818,179.807,-18.08,21.03,146.98,-17.64,-7.81,172.65,54.380,53.940,-35.9168,-11.2276,48.30,659.33,-34.3677,-8.2975,,,0.24530,0
178.5254,60,63,7,0,22.33,648.33,dwell,125.35,527.34,158.91,0,178.911,8.735,179.838,-18.24,21.22,147.06,-17.94,-7.33,173.43,54.076,53.950,-30.6718,-6.9919,125.35,527.34,-32.7045,-7.7099,,,0.20394,0
178.6234,60,63,7,0,22.33,648.33,dwell,116.91,613.26,100.87,0,178.817,8.806,179.852,-18.35,20.92,147.23,-18.08,-7.74,174.35,53.867,54.268,-34.2014,-6.2941,116.91,613.26,-33.3781,-7.0728,,,0.20080,0
178.7300,60,63,7,0,22.33,648.33,dwell,54.84,627.79,38.45,0,178.842,8.754,179.838,-18.34,20.78,147.24,-18.10,-7.47,173.59,53.988,54.611,-34.8654,-10.1515,54.84,627.79,-34.0474,-8.4582,,,0.20952,0
178.8395,60,63,7,0,22.33,648.33,dwell,68.82,672.62,52.45,0,178.837,8.690,179.804,-18.42,20.84,147.22,-17.94,-7.21,173.27,54.112,54.456,-36.4125,-9.5329,68.82,672.62,-35.1117,-8.9418,,,0.21823,0
178.9353,60,63,7,0,22.33,648.33,capture,67.47,637.87,46.33,0,178.854,8.672,179.810,-18.42,20.83,147.31,-17.99,-8.14,173.12,54.329,54.604,-34.7192,-9.7107,67.47,637.87,-34.9351,-9.2878,,,0.23245,0
179.0330,60,63,7,0,22.33,648.33,capture,80.03,651.22,57.77,0,178.767,8.656,179.777,-18.52,20.77,146.97,-17.60,-8.18,173.61,54.359,54.256,-35.6239,-8.7587,80.03,651.22,-35.2450,-9.0497,,,0.21650,0
179.1629,60,63,7,0,22.33,648.33,capture,71.66,651.06,49.40,0,178.827,8.658,179.806,-18.48,20.92,147.05,-17.92,-7.47,173.23,54.249,53.978,-34.6261,-8.7736,71.66,651.06,-34.9665,-8.9255,,,0.20258,0
179.2533,60,63,7,0,22.33,648.33,capture,90.12,657.47,68.40,0,178.739,8.653,179.816,-18.54,20.86,147.04,-18.32,-7.87,172.86,54.039,54.070,-35.5705,-8.4529,90.12,657.47,-35.2383,-8.7128,,,0.20096,0
179.3742,60,63,7,0,22.33,648.33,capture,109.10,668.17,89.01,0,178.694,8.629,179.813,-18.55,20.97,147.18,-17.75,-7.49,173.24,53.721,54.126,-36.1805,-7.5147,109.10,668.17,-35.6623,-8.1737,,,0.20573,0
179.4750,60,63,7,0,22.33,648.33,capture,75.07,666.93,55.92,0,178.651,8.713,179.800,-18.51,20.97,147.01,-17.96,-7.19,173.22,53.577,54.492,-35.5765,-9.5123,75.07,666.93,-35.6237,-8.7760,,,0.22009,0
179.5724,60,63,7,0,22.33,648.33,capture,67.09,662.63,46.98,0,178.775,8.740,179.790,-18.46,20.77,147.10,-18.03,-7.47,173.18,53.762,54.327,-35.0421,-10.2274,67.09,662.63,-35.3620,-9.4292,,,0.21230,0
179.6697,60,63,7,0,22.33,648.33,capture,75.17,676.69,59.97,0,178.776,8.743,179.785,-18.47,20.68,147.03,-17.93,-8.35,173.04,53.543,54.589,-36.3723,-9.7514,75.17,676.69,-35.8166,-9.5742,,,0.20915,0
179.7674,60,63,7,0,22.33,648.33,capture,95.94,655.10,73.92,0,178.897,8.731,179.782,-18.35,20.75,147.17,-17.50,-7.78,173.08,53.392,54.331,-35.6673,-9.0734,95.94,655.10,-35.7494,-9.3488,,,0.18354,0
179.8494,60,63,7,0,22.33,648.33,capture,94.68,695.87,86.57,0,178.784,8.772,179.764,-18.20,20.58,147.44,-18.20,-7.27,173.84,53.238,54.403,-37.0797,-8.0246,94.68,695.87,-36.3481,-8.7529,,,0.17029,0
179.9600,60,63,7,0,22.33,648.33,capture,83.65,657.50,62.00,0,178.699,8.657,179.742,-18.17,20.69,147.61,-18.01,-7.54,174.05,53.418,54.319,-36.0940,-8.9496,83.65,657.50,-36.2337,-8.8414,,,0.20532,0
180.0632,60,63,7,0,22.33,648.33,capture,110.17,670.11,90.50,0,178.807,8.725,179.753,-18.29,20.96,147.72,-17.82,-7.56,173.54,53.243,54.135,-35.3096,-7.9255,110.17,670.11,-35.8179,-8.4293,,,0.23337,0
180.1537,60,63,7,0,22.33,648.33,capture,98.94,681.01,83.28,0,178.742,8.770,179.758,-18.27,20.94,147.76,-18.07,-7.34,174.32,53.770,54.498,-36.5149,-8.1567,98.94,681.01,-36.1315,-8.3066,,,0.20938,0
180.2521,60,63,7,0,22.33,648.33,capture,79.73,674.99,63.28,0,178.649,8.795,179.746,-18.34,20.53,147.76,-17.90,-7.88,174.41,53.806,54.282,-36.2092,-9.1833,79.73,674.99,-36.1665,-8.7011,,,0.20103,0
180.3514,60,63,7,0,22.33,648.33,capture,94.67,690.76,83.86,0,178.675,8.791,179.759,-18.24,20.60,147.83,-17.52,-7.83,174.68,53.606,54.285,-36.8801,-8.3079,94.67,690.76,-36.4876,-8.5242,,,0.21581,0
180.4455,60,63,7,0,22.33,648.33,capture,75.89,675.21,59.92,0,178.782,8.770,179.781,-18.35,20.58,147.55,-18.56,-8.84,174.23,53.643,54.461,-36.6395,-8.9233,75.89,675.21,-36.5560,-8.7038,,,0.21427,0
180.5293,60,63,7,0,22.33,648.33,capture,85.76,678.55,70.26,0,178.800,8.798,179.793,-18.38,20.59,147.62,-17.60,-7.79,174.22,54.071,54.201,-36.1703,-9.1523,85.76,678.55,-36.3824,-8.9056,,,0.21515,0
180.6363,60,63,7,0,22.33,648.33,capture,93.56,683.07,79.25,0,178.794,8.731,179.795,-18.21,20.60,147.74,-18.47,-7.91,173.54,54.228,54.275,-36.3906,-8.2419,93.56,683.07,-36.3861,-8.6070,,,0.24305,0
180.7294,60,63,7,0,22.33,648.33,capture,89.04,673.76,71.39,0,178.800,8.758,179.809,-18.37,20.57,147.61,-18.30,-8.31,173.74,54.283,54.063,-36.2337,-8.8408,89.04,673.76,-36.3175,-8.7122,,,0.20749,0
180.8219,60,63,7,0,22.33,648.33,capture,79.05,645.45,56.79,0,178.722,8.741,179.819,-18.39,20.91,147.83,-17.79,-7.71,174.27,53.895,54.594,-33.8981,-8.7429,79.05,645.45,-35.2288,-8.7260,,,0.20896,0
181.0427,61,28,3,1,67.00,302.56,dwell,49.09,650.10,348.01,0,178.668,8.750,179.818,-18.43,20.82,147.59,-18.24,-6.07,173.75,53.934,54.574,-34.3753,-10.2666,49.09,650.10,-34.3753,-10.2666,,,0.23044,0
181.1551,61,28,3,1,67.00,302.56,dwell,2.95,327.44,68.71,0,178.798,8.766,179.804,-18.47,20.95,147.70,-18.19,-7.51,173.87,53.659,54.337,-22.7015,-12.8992,2.95,327.44,-29.1221,-11.4513,,,0.17306,0
181.2637,61,28,3,1,67.00,302.56,dwell,43.99,570.65,269.08,0,178.783,8.587,179.787,-18.50,20.97,147.68,-17.49,-7.61,173.79,53.492,54.856,-32.1037,-11.1150,43.99,570.65,-30.4638,-11.3000,,,0.20342,0
181.3771,61,28,3,1,67.00,302.56,dwell,-19.67,526.80,240.41,0,178.833,8.499,179.771,-18.48,20.92,147.82,-18.14,-7.37,174.34,53.660,54.788,-30.5316,-13.8371,-19.67,526.80,-30.4943,-12.4417,,,0.24990,0
181.4730,61,28,3,1,67.00,302.56,dwell,-10.78,538.00,247.96,0,178.849,8.406,179.789,-18.55,20.92,147.75,-17.85,-8.01,173.89,54.073,54.779,-30.6046,-13.0520,-10.78,538.00,-30.5439,-12.7163,,,0.20906,0
181.5811,61,28,3,1,67.00,302.56,dwell,38.44,383.61,85.94,0,178.792,8.298,179.773,-18.64,21.18,147.58,-18.26,-7.16,173.90,54.216,54.440,-23.6946,-11.1678,38.44,383.61,-27.4618,-12.0195,,,0.24407,0
181.6694,61,28,3,1,67.00,302.56,dwell,39.93,388.49,90.10,0,178.804,8.408,179.780,-18.68,21.19,147.86,-18.50,-8.35,174.44,54.256,54.021,-26.1501,-11.2044,39.93,388.49,-26.8715,-11.6527,,,0.20149,0
181.7695,61,28,3,1,67.00,302.56,dwell,-21.38,377.97,116.18,0,178.803,8.185,179.781,-18.82,21.25,147.68,-18.34,-7.81,174.33,54.185,53.984,-24.6558,-14.3272,-21.38,377.97,-25.8744,-12.8562,,,0.23462,0
181.8597,61,28,3,1,67.00,302.56,capture,-32.97,329.58,103.56,0,178.818,8.139,179.807,-18.71,21.24,147.81,-18.82,-7.34,174.23,54.479,53.886,-23.1163,-14.9441,-32.97,329.58,-24.6333,-13.7958,,,0.22901,0
181.9742,61,28,3,1,67.00,302.56,capture,-19.23,354.09,100.46,0,178.961,8.205,179.845,-18.63,21.33,147.98,-18.40,-6.47,174.37,54.631,53.697,-24.0744,-13.1495,-19.23,354.09,-24.3818,-13.5050,,,0.25339,0
182.0682,61,28,3,1,67.00,302.56,capture,-1.01,346.61,81.03,0,179.106,8.143,179.848,-18.61,21.28,148.07,-17.89,-7.27,174.71,53.968,53.762,-23.0671,-13.3911,-1.01,346.61,-23.7902,-13.4537,,,0.21153,0
182.1697,61,28,3,1,67.00,302.56,capture,-14.90,341.80,90.82,0,179.128,8.217,179.842,-18.46,21.18,148.19,-17.95,-7.82,174.76,53.735,54.230,-23.1393,-13.4767,-14.90,341.80,-23.4973,-13.4640,,,0.22532,0
182.2712,61,28,3,1,67.00,302.56,capture,-18.69,358.80,102.50,0,178.982,8.200,179.837,-18.42,21.14,148.48,-17.86,-7.66,175.55,53.594,54.482,-23.6655,-13.7593,-18.69,358.80,-23.5730,-13.5969,,,0.20745,0
182.3599,61,28,3,1,67.00,302.56,capture,-5.24,344.51,83.54,0,179.088,7.984,179.861,-18.41,21.01,148.38,-17.69,-7.65,174.46,53.409,54.555,-23.3473,-13.2394,-5.24,344.51,-23.4714,-13.4360,,,0.17724,0
182.4419,61,28,3,1,67.00,302.56,capture,-25.08,353.82,105.39,0,178.999,7.959,179.825,-18.53,20.93,148.19,-17.77,-7.19,174.73,53.216,54.596,-22.9998,-14.0203,-25.08,353.82,-23.2592,-13.6989,,,0.19772,0
182.5439,61,28,3,1,67.00,302.56,capture,4.22,350.15,78.78,0,179.000,8.165,179.824,-18.65,21.03,148.01,-18.11,-8.05,174.19,52.803,54.413,-23.4519,-12.4119,4.22,350.15,-23.3459,-13.1198,,,0.18875,0
182.6355,61,28,3,1,67.00,302.56,capture,-14.69,372.68,107.66,0,178.971,8.106,179.794,-18.71,21.04,148.04,-18.44,-7.30,174.78,53.172,54.466,-23.9654,-13.1086,-14.69,372.68,-23.6247,-13.1148,,,0.20389,0
182.7345,61,28,3,1,67.00,302.56,capture,-22.25,385.97,122.16,0,178.890,8.014,179.804,-18.72,20.90,147.89,-17.60,-7.67,173.90,53.151,54.615,-24.8189,-14.4166,-22.25,385.97,-24.1621,-13.7006,,,0.18927,0
182.8403,61,28,3,1,67.00,302.56,capture,-22.33,376.85,116.19,0,178.851,8.120,179.795,-18.78,20.98,147.84,-17.90,-7.64,174.33,53.002,54.576,-24.2230,-13.4669,-22.33,376.85,-24.1895,-13.5955,,,0.20681,0
182.9323,61,28,3,1,67.00,302.56,capture,-16.45,365.09,104.28,0,178.984,8.146,179.768,-18.84,20.81,147.81,-18.66,-8.60,174.19,53.369,54.361,-24.1444,-13.0237,-16.45,365.09,-24.1692,-13.3382,,,0.19638,0
183.0224,61,28,3,1,67.00,302.56,capture,-20.09,334.13,92.64,0,178.918,8.324,179.764,-18.80,21.02,147.82,-18.53,-7.28,174.32,53.637,54.397,-22.5601,-13.0773,-20.09,334.13,-23.4451,-13.2208,,,0.21121,0
183.1177,61,28,3,1,67.00,302.56,capture,-32.60,345.59,108.50,0,178.937,8.151,179.769,-18.77,21.11,148.13,-18.77,-8.39,174.66,53.646,54.411,-23.9748,-14.3142,-32.60,345.59,-23.6835,-13.7128,,,0.21560,0
183.2040,61,28,3,1,67.00,302.56,capture,-22.93,354.92,104.06,0,178.888,8.162,179.791,-18.72,21.02,147.96,-18.00,-7.86,174.12,53.546,54.683,-24.2533,-14.0715,-22.93,354.92,-23.9399,-13.8742,,,0.21463,0
183.3161,61,28,3,1,67.00,302.56,capture,-14.12,370.88,106.06,0,178.662,8.268,179.787,-18.58,20.84,147.83,-18.04,-7.89,174.15,53.605,54.604,-24.2385,-12.9570,-14.12,370.88,-24.0743,-13.4615,,,0.22180,0
183.4154,61,28,3,1,67.00,302.56,capture,-10.59,363.28,98.53,0,178.658,8.180,179.784,-18.58,20.80,147.86,-17.94,-7.84,174.30,54.134,54.548,-24.0907,-12.4757,-10.59,363.28,-24.0817,-13.0179,,,0.21500,0
183.5176,61,28,3,1,67.00,302.56,capture,-35.05,358.34,116.30,0,178.728,8.299,179.767,-18.66,20.75,148.25,-17.47,-8.24,174.97,54.126,54.756,-23.6898,-14.5431,-35.05,358.34,-23.9053,-13.7042,,,0.23222,0
183.6872,62,80,8,8,379.67,734.78,dwell,10.43,353.83,530.53,0,178.780,8.318,179.801,-18.75,20.87,148.29,-18.07,-7.24,175.11,54.088,54.753,-23.1472,-11.9835,10.43,353.83,-23.1472,-11.9835,,,0.24599,0
183.7692,62,80,8,8,379.67,734.78,dwell,99.25,381.50,451.04,0,178.723,8.359,179.797,-18.76,20.85,148.41,-18.21,-8.17,174.39,53.805,54.834,-24.8797,-8.0954,99.25,381.50,-23.9269,-10.2338,,,0.22658,0
183.8776,62,80,8,8,379.67,734.78,dwell,148.28,564.70,287.17,0,178.781,8.519,179.785,-18.76,20.79,148.24,-17.92,-7.38,174.62,53.998,54.793,-32.1609,-5.7590,148.28,564.70,-27.6322,-8.2202,,,0.22435,0
183.9855,62,80,8,8,379.67,734.78,dwell,118.15,554.77,317.48,0,178.885,8.381,179.798,-18.71,20.83,147.96,-17.69,-7.57,175.08,54.426,54.707,-31.2600,-7.6388,118.15,554.77,-29.2647,-7.9586,,,0.23653,0
184.0897,62,80,8,8,379.67,734.78,dwell,261.79,707.04,121.10,0,178.862,8.571,179.801,-18.53,20.84,147.82,-18.12,-8.00,174.31,54.024,54.653,-37.0451,-0.2629,261.79,707.04,-32.7659,-4.4955,,,0.21205,0
184.1838,62,80,8,8,379.67,734.78,dwell,261.83,710.93,120.23,0,178.924,8.550,179.843,-18.43,20.72,147.81,-17.38,-7.42,173.85,54.100,55.073,-38.0715,-0.3949,261.83,710.93,-35.1534,-2.6503,,,0.22718,0
184.2898,62,80,8,8,379.67,734.78,dwell,279.43,597.20,170.22,0,178.913,8.562,179.855,-18.54,20.75,147.64,-17.70,-7.55,173.81,53.873,55.031,-33.8760,-0.4373,279.43,597.20,-34.5786,-1.6544,,,0.21989,0
184.3845,62,80,8,8,379.67,734.78,dwell,255.39,669.84,140.22,0,178.905,8.611,179.872,-18.55,20.42,147.57,-17.58,-7.22,174.43,53.771,54.971,-35.8170,-0.4890,255.39,669.84,-35.1359,-1.1300,,,0.22298,0
184.4921,62,80,8,8,379.67,734.78,dwell,280.05,723.29,100.28,0,178.824,8.591,179.868,-18.60,20.39,147.50,-18.52,-8.04,174.12,53.672,54.844,-38.9832,0.3102,280.05,723.29,-36.8672,-0.4819,,,0.18493,0
184.5741,62,80,8,8,379.67,734.78,dwell,324.80,778.84,70.37,0,178.821,8.648,179.833,-18.56,20.53,147.69,-17.42,-8.24,173.91,53.613,54.575,-39.8540,2.3334,324.80,778.84,-38.2112,0.7850,,,0.20611,0
184.6698,62,80,8,8,379.67,734.78,capture,347.70,791.56,65.16,0,178.858,8.667,179.813,-18.56,20.59,147.75,-17.91,-7.47,173.88,53.236,54.651,-40.7816,4.0447,347.70,791.56,-39.3679,2.2519,,,0.16530,0
184.7659,62,80,8,8,379.67,734.78,capture,370.11,776.24,42.55,1,178.800,8.794,179.812,-18.37,20.62,147.53,-17.67,-8.07,173.93,53.578,54.390,-40.5055,4.3317,370.11,776.24,-39.8798,3.1878,,,0.20580,0
184.8706,62,80,8,8,379.67,734.78,capture,343.54,780.97,58.64,0,178.898,8.783,179.798,-18.27,20.52,147.57,-18.42,-7.84,173.96,53.622,54.394,-39.8041,2.3930,343.54,780.97,-39.8458,2.8301,,,0.19166,0
184.9708,62,80,8,8,379.67,734.78,capture,341.90,773.38,54.00,0,178.948,8.793,179.789,-18.27,20.70,147.59,-18.08,-8.49,174.08,53.314,54.033,-39.7661,2.8041,341.90,773.38,-39.8099,2.8184,,,0.19092,0
185.0755,62,80,8,8,379.67,734.78,capture,353.91,799.64,69.79,0,179.001,8.841,179.781,-18.43,20.90,147.59,-17.73,-6.71,173.32,53.129,54.162,-40.6756,3.5867,353.91,799.64,-40.1995,3.1641,,,0.20150,0
185.1882,62,80,8,8,379.67,734.78,capture,352.76,784.49,56.53,0,178.964,8.803,179.758,-18.46,20.91,147.53,-17.71,-7.32,173.46,53.082,54.312,-41.5539,3.8167,352.76,784.49,-40.8090,3.4578,,,0.18169,0
185.2748,62,80,8,8,379.67,734.78,capture,328.29,813.41,93.93,0,178.895,8.886,179.758,-18.39,20.94,147.74,-17.37,-7.39,173.61,53.040,54.321,-41.5087,2.3740,328.29,813.41,-41.1239,2.9701,,,0.19011,0
185.3692,62,80,8,8,379.67,734.78,capture,378.79,816.47,81.70,0,178.997,8.828,179.761,-18.45,20.83,147.74,-17.78,-7.24,174.33,52.575,54.114,-41.4960,3.7253,378.79,816.47,-41.2913,3.3099,,,0.17503,0
185.4680,62,80,8,8,379.67,734.78,capture,343.06,810.27,83.90,0,179.084,8.899,179.798,-18.39,20.69,147.89,-17.39,-7.57,173.99,53.000,54.158,-41.9104,2.7604,343.06,810.27,-41.5699,3.0626,,,0.19462,0
185.5757,62,80,8,8,379.67,734.78,capture,342.10,795.94,71.78,0,178.985,8.844,179.797,-18.31,20.78,147.81,-18.21,-7.37,174.11,53.216,54.680,-40.4336,3.6207,342.10,795.94,-41.0586,3.3137,,,0.21656,0
185.6795,62,80,8,8,379.67,734.78,capture,352.87,793.14,64.22,0,179.104,8.787,179.805,-18.19,20.65,147.83,-18.04,-7.11,173.78,53.418,54.323,-39.8940,3.5412,352.87,793.14,-40.5345,3.4161,,,0.18919,0
185.7615,62,80,8,8,379.67,734.78,capture,371.88,791.29,57.05,0,179.057,8.644,179.838,-18.28,20.74,148.00,-17.71,-8.25,173.97,53.694,54.428,-40.2572,4.4451,371.88,791.29,-40.4097,3.8791,,,0.21717,0
185.8807,62,80,8,8,379.67,734.78,capture,342.40,808.61,82.70,0,178.979,8.693,179.827,-18.36,20.54,147.67,-17.77,-7.98,173.73,53.683,54.306,-41.4236,3.3953,342.40,808.61,-40.8660,3.6614,,,0.19299,0
185.9831,62,80,8,8,379.67,734.78,capture,353.60,812.07,81.57,0,178.762,8.845,179.866,-18.34,20.73,147.55,-18.16,-7.76,173.63,53.425,54.389,-40.7919,3.4991,353.60,812.07,-40.8326,3.5884,,,0.20829,0
186.0941,62,80,8,8,379.67,734.78,capture,354.66,808.88,78.21,0,178.845,8.916,179.877,-18.33,20.71,147.43,-17.76,-7.27,173.55,53.408,54.336,-40.6461,2.7989,354.66,808.88,-40.7487,3.2331,,,0.21191,0
186.2133,62,80,8,8,379.67,734.78,capture,353.77,786.08,57.47,0,178.883,8.872,179.846,-18.29,20.61,147.34,-17.66,-8.32,173.37,53.529,54.475,-40.6103,4.5037,353.77,786.08,-40.6864,3.8049,,,0.21230,0
186.3014,62,80,8,8,379.67,734.78,capture,349.96,809.16,80.09,0,178.771,8.837,179.846,-18.43,20.49,147.43,-18.06,-8.38,173.98,54.204,54.347,-41.0024,3.5202,349.96,809.16,-40.8286,3.6768,,,0.23064,0
186.4038,62,80,8,8,379.67,734.78,capture,340.61,811.45,86.05,0,178.794,8.927,179.836,-18.32,20.70,147.39,-18.35,-7.77,173.50,54.003,54.294,-41.2035,2.9027,340.61,811.45,-40.9973,3.3285,,,0.22958,0
186.4872,62,80,8,8,379.67,734.78,capture,358.77,789.27,58.36,0,178.834,8.858,179.823,-18.39,20.60,147.42,-18.01,-7.44,173.29,54.187,54.202,-40.2633,3.7790,358.77,789.27,-40.6670,3.5312,,,0.22818,0
186.5937,62,80,8,8,379.67,734.78,capture,355.51,767.68,40.82,0,178.836,8.960,179.792,-18.30,20.52,147.45,-17.73,-7.60,173.29,53.912,54.119,-38.9418,3.3836,355.51,767.68,-39.8907,3.4648,,,0.20879,0
186.8064,63,67,7,4,201.00,648.33,dwell,309.50,627.26,110.53,0,178.796,8.833,179.808,-18.32,20.60,147.71,-17.36,-7.28,174.13,53.755,53.957,-33.5980,1.6458,309.50,627.26,-33.5980,1.6458,,,0.21136,0
186.9149,63,67,7,4,201.00,648.33,dwell,316.87,725.47,139.20,0,178.797,8.886,179.813,-18.10,20.72,147.73,-17.78,-7.36,173.93,53.537,54.108,-36.7526,1.9255,316.87,725.47,-35.0175,1.7717,,,0.21294,0
187.0059,63,67,7,4,201.00,648.33,dwell,345.39,525.87,189.33,0,178.893,9.022,179.789,-18.12,20.74,147.72,-18.23,-8.53,174.37,53.750,54.292,-29.9993,2.9872,345.39,525.87,-32.7593,2.3187,,,0.22332,0
187.1327,63,67,7,4,201.00,648.33,dwell,313.25,497.55,187.98,0,178.908,9.024,179.782,-17.98,20.89,148.04,-17.96,-7.72,174.79,54.177,54.495,-28.7698,1.4588,313.25,497.55,-30.9641,1.9317,,,0.21749,0
187.2297,63,67,7,4,201.00,648.33,dwell,267.73,403.35,253.91,0,178.845,9.005,179.786,-17.88,21.03,147.99,-17.87,-6.75,174.46,53.812,54.864,-25.2542,-0.6457,267.73,403.35,-28.3946,0.7719,,,0.23556,0
187.3117,63,67,7,4,201.00,648.33,dwell,270.38,351.74,304.60,0,178.703,8.966,179.771,-17.88,21.10,147.86,-17.92,-7.20,174.24,53.881,54.830,-23.5649,-0.5884,270.38,351.74,-26.2213,0.1597,,,0.23502,0
187.4407,63,67,7,4,201.00,648.33,dwell,322.26,341.91,329.54,0,178.605,8.824,179.762,-17.90,21.22,147.64,-17.71,-7.39,173.63,54.000,54.738,-23.3378,2.1478,322.26,341.91,-24.9237,1.0543,,,0.21252,0
187.5275,63,67,7,4,201.00,648.33,dwell,266.19,281.70,372.38,0,178.558,8.648,179.787,-17.91,21.27,147.58,-17.96,-8.20,173.43,54.228,54.492,-21.0968,-1.2681,266.19,281.70,-23.2016,0.0092,,,0.17885,0
187.6410,63,67,7,4,201.00,648.33,dwell,219.80,267.00,381.80,0,178.592,8.662,179.762,-17.92,21.27,147.38,-17.64,-7.64,173.55,54.173,54.013,-19.8767,-2.3281,219.80,267.00,-21.7054,-1.0426,,,0.21545,0
187.7300,63,67,7,4,201.00,648.33,capture,260.72,183.15,469.00,0,178.722,8.645,179.790,-18.00,21.17,147.26,-17.27,-7.39,173.82,53.858,54.225,-16.4073,0.0340,260.72,183.15,-19.3213,-0.5581,,,0.22179,0
187.8293,63,67,7,4,201.00,648.33,capture,266.80,183.77,469.20,0,178.724,8.624,179.795,-17.96,21.22,147.13,-17.37,-7.76,172.82,53.814,54.067,-17.9785,-0.6585,266.80,183.77,-18.7170,-0.6033,,,0.21098,0
187.9337,63,67,7,4,201.00,648.33,capture,249.87,172.28,478.56,0,178.779,8.532,179.780,-18.00,21.22,146.99,-18.11,-7.09,173.07,53.450,54.457,-16.1888,-1.3596,249.87,172.28,-17.5793,-0.9436,,,0.17739,0
188.0501,63,67,7,4,201.00,648.33,capture,259.84,180.91,471.11,0,178.822,8.429,179.790,-18.17,21.39,146.98,-17.74,-7.88,173.12,53.244,54.383,-17.2155,-1.2136,259.84,180.91,-17.4156,-1.0651,,,0.21088,0
188.1486,63,67,7,4,201.00,648.33,capture,253.57,191.23,460.12,0,178.914,8.444,179.786,-18.25,21.41,147.17,-17.88,-6.07,173.47,53.295,54.851,-17.4077,-0.8660,253.57,191.23,-17.4121,-0.9755,,,0.19834,0
188.2494,63,67,7,4,201.00,648.33,capture,264.89,167.10,485.46,0,178.891,8.456,179.788,-18.23,21.41,147.09,-17.62,-7.74,172.91,53.144,54.963,-16.0464,-0.2875,264.89,167.10,-16.7975,-0.6659,,,0.19346,0
188.3381,63,67,7,4,201.00,648.33,capture,271.34,151.78,501.51,0,178.746,8.392,179.820,-18.24,21.41,147.26,-17.54,-7.12,173.36,53.032,55.269,-16.4000,-0.4691,271.34,151.78,-16.6187,-0.5773,,,0.19507,0
188.4444,63,67,7,4,201.00,648.33,capture,258.87,179.93,471.96,0,178.766,8.501,179.836,-18.19,21.36,147.33,-18.12,-6.82,173.65,53.300,55.102,-16.9127,-0.7132,258.87,179.93,-16.7510,-0.6385,,,0.21212,0
188.5363,63,67,7,4,201.00,648.33,capture,254.92,207.83,443.79,0,178.714,8.344,179.873,-18.20,21.10,147.44,-18.28,-7.95,173.55,53.289,55.248,-16.6581,-1.1875,254.92,207.83,-16.7092,-0.8856,,,0.20110,0
188.6299,63,67,7,4,201.00,648.33,capture,255.35,196.07,455.52,0,178.661,8.429,179.884,-18.22,20.98,147.47,-17.26,-7.52,173.51,53.140,55.261,-17.5873,-0.8145,255.35,196.07,-17.1043,-0.8536,,,0.20243,0
188.7185,63,67,7,4,201.00,648.33,capture,255.60,168.30,483.13,0,178.782,8.428,179.880,-18.20,21.05,147.53,-18.10,-7.39,173.85,52.970,54.824,-16.3663,-0.1655,255.60,168.30,-16.7722,-0.5440,,,0.19354,0
188.8233,63,67,7,4,201.00,648.33,capture,240.85,177.68,472.34,0,178.844,8.264,179.895,-18.33,20.98,147.67,-17.62,-7.55,174.19,52.813,54.673,-17.5030,-1.4540,240.85,177.68,-17.1011,-0.9535,,,0.19176,0
188.9210,63,67,7,4,201.00,648.33,capture,250.17,189.84,461.12,0,178.705,8.367,179.851,-18.42,20.97,147.76,-17.61,-8.76,174.15,52.621,54.735,-18.1807,-1.3968,250.17,189.84,-17.5869,-1.1530,,,0.16908,0
189.0283,63,67,7,4,201.00,648.33,capture,270.54,177.30,476.14,0,178.830,8.416,179.852,-18.42,20.71,147.80,-18.02,-7.32,174.52,53.228,54.621,-16.3138,-0.4587,270.54,177.30,-17.0140,-0.8406,,,0.19355,0
189.1103,63,67,7,4,201.00,648.33,capture,266.37,168.60,484.17,0,178.810,8.402,179.848,-18.42,20.64,147.67,-17.58,-7.74,174.35,53.114,54.482,-16.0149,-0.7372,266.37,168.60,-16.5644,-0.7940,,,0.17976,0
189.1923,63,67,7,4,201.00,648.33,capture,263.17,160.83,491.45,0,178.828,8.368,179.873,-18.55,20.62,147.65,-17.95,-8.43,173.97,53.171,54.159,-16.5093,-0.7645,263.17,160.83,-16.5396,-0.7807,,,0.19988,0
189.2950,63,67,7,4,201.00,648.33,capture,237.73,191.97,457.84,0,178.891,8.353,179.845,-18.56,20.57,147.58,-18.05,-7.77,173.94,53.454,54.172,-17.2856,-1.2637,237.73,191.97,-16.8753,-0.9981,,,0.20255,0
189.4079,63,67,7,4,201.00,648.33,capture,245.28,176.28,474.13,0,178.839,8.377,179.867,-18.53,20.48,147.55,-18.18,-7.70,173.18,53.282,54.225,-16.7563,-1.5810,245.28,176.28,-16.8218,-1.2604,,,0.19290,0
189.5036,63,67,7,4,201.00,648.33,capture,253.72,152.53,498.60,0,178.874,8.544,179.881,-18.50,20.69,147.67,-18.36,-8.00,174.69,53.865,54.187,-15.9627,-1.3950,253.72,152.53,-16.4352,-1.3210,,,0.22732,0
189.6179,63,67,7,4,201.00,648.33,capture,248.59,179.01,471.73,0,178.974,8.522,179.879,-18.39,20.60,147.66,-17.81,-8.22,173.97,53.794,54.590,-17.1141,-0.9171,248.59,179.01,-16.7407,-1.1392,,,0.24266,0
189.8146,64,30,3,3,156.33,302.56,dwell,312.43,125.30,236.19,0,178.922,8.451,179.843,-18.38,20.55,147.76,-17.79,-8.25,174.14,53.521,54.500,-14.7709,1.8449,312.43,125.30,-14.7709,1.8449,,,0.19433,0
189.9064,64,30,3,3,156.33,302.56,dwell,175.41,228.44,76.53,0,178.971,8.502,179.828,-18.24,20.62,147.77,-17.75,-8.19,174.29,53.470,54.374,-18.5884,-5.1001,175.41,228.44,-16.4888,-1.2804,,,0.20064,0
190.0096,64,30,3,3,156.33,302.56,dwell,313.66,303.95,157.33,0,178.950,8.337,179.820,-18.42,20.65,147.58,-17.84,-7.95,174.26,53.241,54.893,-20.9211,1.2777,313.66,303.95,-18.4833,-0.1293,,,0.17886,0
190.1065,64,30,3,3,156.33,302.56,dwell,170.60,126.99,176.14,0,178.977,8.218,179.866,-18.42,20.78,147.78,-17.74,-7.65,173.84,53.440,54.665,-14.5609,-4.6888,170.60,126.99,-16.7182,-2.1811,,,0.19501,0
190.2244,64,30,3,3,156.33,302.56,dwell,117.70,162.79,145.01,0,179.054,8.141,179.857,-18.34,20.72,147.54,-17.64,-7.71,173.74,53.432,54.434,-15.5023,-7.9892,117.70,162.79,-16.1711,-4.7947,,,0.22375,0
190.3277,64,30,3,3,156.33,302.56,dwell,139.17,140.10,163.36,0,179.026,8.072,179.849,-18.44,20.69,147.79,-18.11,-8.44,174.19,53.693,54.639,-14.8365,-6.6315,139.17,140.10,-15.5705,-5.6213,,,0.23053,0
190.4351,64,30,3,3,156.33,302.56,dwell,104.92,129.61,180.43,0,178.943,8.035,179.805,-18.25,20.65,147.80,-18.17,-8.07,174.19,53.488,54.171,-13.8173,-7.8085,104.92,129.61,-14.7816,-6.6055,,,0.20738,0
190.5291,64,30,3,3,156.33,302.56,dwell,34.97,259.14,128.90,0,178.985,7.970,179.796,-18.32,20.60,147.89,-17.89,-7.71,173.91,53.064,54.248,-19.8124,-11.6196,34.97,259.14,-17.0455,-8.8619,,,0.20707,0
190.6248,64,30,3,3,156.33,302.56,dwell,78.35,179.55,145.64,0,179.119,7.985,179.815,-18.35,20.64,148.06,-18.35,-7.52,175.26,53.312,54.323,-17.4219,-9.0993,78.35,179.55,-17.2149,-8.9687,,,0.19468,0
190.7237,64,30,3,3,156.33,302.56,dwell,105.80,141.84,168.47,0,178.966,7.935,179.827,-18.32,20.51,148.15,-17.68,-7.56,174.75,53.817,54.413,-15.2152,-7.8136,105.80,141.84,-16.3150,-8.4489,,,0.22441,0
190.8313,64,30,3,3,156.33,302.56,dwell,53.14,213.84,136.09,0,179.024,8.055,179.812,-18.33,20.47,148.14,-18.05,-7.73,174.73,53.661,54.375,-18.6573,-10.3769,53.14,213.84,-17.3691,-9.3165,,,0.21600,0
190.9319,64,30,3,3,156.33,302.56,capture,94.06,217.04,105.79,0,178.959,7.939,179.808,-18.38,20.39,148.27,-17.91,-8.40,175.36,54.100,54.369,-17.2505,-8.4203,94.06,217.04,-17.3157,-8.9132,,,0.22769,0
191.0139,64,30,3,3,156.33,302.56,capture,83.27,220.35,109.98,0,178.985,8.010,179.784,-18.39,20.40,148.19,-18.00,-8.05,174.57,53.862,54.146,-18.0616,-9.4152,83.27,220.35,-17.6514,-9.1391,,,0.21559,0
191.1209,64,30,3,3,156.33,302.56,capture,71.03,197.60,135.25,0,178.942,7.814,179.783,-18.23,20.45,147.88,-17.75,-8.10,174.42,54.080,54.000,-16.5301,-10.0476,71.03,197.60,-17.1468,-9.5480,,,0.24067,0
191.2235,64,30,3,3,156.33,302.56,capture,82.27,204.84,122.61,0,179.039,7.847,179.809,-18.32,20.32,147.76,-18.49,-8.06,174.23,54.393,54.140,-16.7983,-9.0763,82.27,204.84,-16.9900,-9.3357,,,0.21837,0
191.3055,64,30,3,3,156.33,302.56,capture,76.75,211.42,120.99,0,178.993,7.745,179.808,-18.39,20.30,147.52,-17.64,-8.28,173.82,53.944,54.262,-17.8419,-9.2906,76.75,211.42,-17.3733,-9.3154,,,0.21641,0
191.4111,64,30,3,3,156.33,302.56,capture,79.25,189.74,136.64,0,178.846,7.886,179.854,-18.45,20.63,147.40,-17.84,-8.34,173.64,54.156,54.565,-16.5940,-8.9752,79.25,189.74,-17.0227,-9.1623,,,0.24038,0
191.5070,64,30,3,3,156.33,302.56,capture,55.88,215.88,132.68,0,178.870,7.897,179.830,-18.43,20.43,147.14,-17.68,-8.84,173.51,54.001,54.535,-18.3012,-9.9049,55.88,215.88,-17.5980,-9.4965,,,0.21408,0
191.6077,64,30,3,3,156.33,302.56,capture,46.01,207.31,145.75,0,178.894,7.924,179.763,-18.50,20.39,147.32,-17.73,-7.45,173.40,54.495,54.846,-17.3400,-10.4750,46.01,207.31,-17.4819,-9.9368,,,0.23922,0
191.7054,64,30,3,3,156.33,302.56,capture,85.96,214.34,112.85,0,178.951,7.991,179.781,-18.55,20.39,147.56,-17.90,-7.35,173.33,54.305,54.744,-19.1250,-8.4527,85.96,214.34,-18.2213,-9.2690,,,0.22065,0
191.8005,64,30,3,3,156.33,302.56,capture,64.32,217.26,125.47,0,178.899,8.028,179.812,-18.49,20.54,147.70,-18.19,-7.49,173.85,54.238,54.671,-18.7724,-9.6459,64.32,217.26,-18.4693,-9.4386,,,0.20784,0
191.9038,64,30,3,3,156.33,302.56,capture,67.87,228.64,115.28,0,179.000,8.073,179.819,-18.67,20.33,147.64,-18.41,-8.66,174.02,54.157,54.832,-18.6706,-9.3549,67.87,228.64,-18.5599,-9.4009,,,0.21161,0
191.9944,64,30,3,3,156.33,302.56,capture,82.27,213.20,116.06,0,179.084,8.118,179.834,-18.73,20.34,147.87,-17.61,-8.08,173.82,53.857,54.762,-18.4964,-9.1884,82.27,213.20,-18.5313,-9.3053,,,0.19276,0
192.0778,64,30,3,3,156.33,302.56,capture,90.92,209.21,113.98,0,178.962,8.159,179.822,-18.53,20.43,147.87,-18.52,-7.43,174.25,53.548,54.669,-19.2316,-8.1749,90.92,209.21,-18.8465,-8.7966,,,0.22348,0
192.1598,64,30,3,3,156.33,302.56,capture,72.07,201.79,131.35,0,178.963,8.055,179.831,-18.61,20.59,147.98,-17.82,-7.80,174.99,53.611,54.869,-17.5835,-9.4162,72.07,201.79,-18.2781,-9.0754,,,0.21076,0
192.2470,64,30,3,3,156.33,302.56,capture,57.85,218.50,129.48,0,178.903,8.150,179.826,-18.60,20.76,147.81,-18.68,-7.50,174.03,53.426,55.203,-19.5061,-9.4901,57.85,218.50,-18.8307,-9.2620,,,0.18327,0
192.3361,64,30,3,3,156.33,302.56,capture,76.08,204.33,126.84,0,178.852,8.183,179.810,-18.31,20.80,147.82,-18.58,-7.59,174.06,53.662,55.088,-18.6945,-9.9903,76.08,204.33,-18.7694,-9.5898,,,0.21589,0
192.4377,64,30,3,3,156.33,302.56,capture,69.53,214.86,123.39,0,178.922,8.255,179.788,-18.25,20.70,147.53,-17.57,-7.28,174.17,53.633,54.890,-17.8155,-10.1867,69.53,214.86,-18.3401,-9.8584,,,0.23202,0
192.5373,64,30,3,3,156.33,302.56,capture,88.06,215.37,110.74,0,178.829,8.341,179.769,-18.15,20.65,147.42,-17.52,-7.73,173.40,53.424,54.986,-17.2883,-8.5401,88.06,215.37,-17.8668,-9.2651,,,0.21009,0
192.6470,64,30,3,3,156.33,302.56,capture,90.09,241.73,89.93,0,178.723,8.135,179.803,-18.21,20.86,147.60,-17.12,-7.36,174.33,53.646,54.692,-19.4368,-8.5594,90.09,241.73,-18.5733,-8.9476,,,0.21601,0
192.8384,65,4,0,4,201.00,43.22,dwell,195.15,234.88,191.75,0,178.811,8.069,179.785,-18.23,20.93,147.58,-17.90,-8.19,173.84,53.752,54.634,-19.0624,-3.7630,195.15,234.88,-19.0624,-3.7630,,,0.22017,0
192.9303,65,4,0,4,201.00,43.22,dwell,40.83,215.92,235.54,0,178.810,7.986,179.762,-18.33,21.01,147.57,-17.76,-7.88,173.89,53.744,54.298,-18.6856,-10.7943,40.83,215.92,-18.8928,-6.9271,,,0.20271,0
193.0382,65,4,0,4,201.00,43.22,dwell,169.61,20.02,39.03,0,178.663,7.813,179.790,-18.49,20.90,147.55,-17.85,-7.63,173.41,53.646,53.923,-10.6490,-5.4448,169.61,20.02,-15.1831,-6.2601,,,0.19670,0
193.1408,65,4,0,4,201.00,43.22,dwell,138.60,57.79,64.08,0,178.562,7.877,179.817,-18.50,20.77,147.32,-18.50,-7.31,174.11,53.597,53.755,-12.3961,-6.3549,138.60,57.79,-13.9290,-6.3027,,,0.20620,0
193.2478,65,4,0,4,201.00,43.22,dwell,97.20,78.58,109.66,0,178.601,7.784,179.821,-18.43,20.71,147.06,-17.51,-7.76,173.23,53.995,53.995,-12.5669,-8.4162,97.20,78.58,-13.3160,-7.2538,,,0.22582,0
193.3316,65,4,0,4,201.00,43.22,dwell,131.40,49.65,69.90,0,178.707,7.740,179.816,-18.27,20.64,146.99,-17.91,-7.45,172.96,53.441,53.753,-11.9533,-7.2311,131.40,49.65,-12.7028,-7.2436,,,0.21013,0
193.4296,65,4,0,4,201.00,43.22,dwell,68.44,124.68,155.59,0,178.728,7.716,179.849,-18.29,20.57,147.31,-17.74,-7.76,173.27,53.189,53.847,-15.3771,-9.7882,68.44,124.68,-13.9062,-8.3886,,,0.18458,0
193.5286,65,4,0,4,201.00,43.22,dwell,88.99,6.64,117.83,0,178.708,7.649,179.841,-18.36,20.66,147.10,-17.81,-7.51,172.90,52.966,54.119,-9.8472,-8.3832,88.99,6.64,-12.0797,-8.3862,,,0.19319,0
193.6184,65,4,0,4,201.00,43.22,dwell,181.07,57.46,24.49,1,178.834,7.607,179.837,-18.16,20.59,147.17,-17.12,-7.30,173.52,53.210,54.162,-11.5015,-4.1614,181.07,57.46,-11.8195,-6.4850,,,0.21649,0
193.7318,65,4,0,4,201.00,43.22,dwell,160.06,-18.84,74.35,0,178.896,7.640,179.810,-18.17,20.62,147.53,-18.37,-8.50,173.37,53.348,54.323,-9.3347,-5.9302,160.06,-18.84,-10.7013,-6.2354,,,0.20442,0
193.8360,65,4,0,4,201.00,43.22,dwell,153.91,-8.24,69.76,0,178.812,7.591,179.815,-18.14,20.59,147.80,-17.57,-7.30,173.73,53.296,54.355,-9.8380,-4.9036,153.91,-8.24,-10.3128,-5.6361,,,0.19851,0
193.9368,65,4,0,4,201.00,43.22,capture,136.44,-16.80,88.15,0,178.852,7.531,179.807,-18.08,20.47,147.57,-17.70,-7.59,173.69,53.353,54.474,-8.1168,-6.6683,136.44,-16.80,-9.3246,-6.1006,,,0.16741,0
194.0269,65,4,0,4,201.00,43.22,capture,154.70,-27.13,84.22,0,178.777,7.501,179.833,-18.04,20.51,147.86,-17.77,-8.29,174.42,53.216,54.604,-8.5899,-5.5848,154.70,-27.13,-8.9940,-5.8685,,,0.20070,0
194.1300,65,4,0,4,201.00,43.22,capture,136.77,-24.53,93.36,0,178.730,7.461,179.823,-18.12,20.36,147.75,-17.63,-8.63,174.19,53.261,54.486,-8.8706,-6.4684,136.77,-24.53,-8.9385,-6.1384,,,0.18523,0
194.2448,65,4,0,4,201.00,43.22,capture,142.64,-16.65,83.61,0,178.849,7.496,179.797,-18.13,20.30,147.89,-17.70,-7.78,174.03,53.411,54.387,-8.6692,-5.7799,142.64,-16.65,-8.8173,-5.9771,,,0.20453,0
194.3427,65,4,0,4,201.00,43.22,capture,120.33,-9.86,96.57,0,178.750,7.583,179.814,-18.20,20.04,148.07,-17.71,-9.14,174.23,53.630,54.400,-9.7343,-7.5319,120.33,-9.86,-9.2300,-6.6768,,,0.21807,0
194.4422,65,4,0,4,201.00,43.22,capture,124.23,-49.74,120.56,0,178.850,7.615,179.808,-18.10,20.22,147.91,-17.26,-8.70,174.22,53.442,54.427,-7.6626,-7.2437,124.23,-49.74,-8.5247,-6.9319,,,0.20299,0
194.5331,65,4,0,4,201.00,43.22,capture,110.55,-7.24,103.57,0,178.770,7.730,179.848,-18.18,20.39,147.89,-17.74,-8.03,174.42,53.676,54.293,-10.5004,-7.4959,110.55,-7.24,-9.4137,-7.1857,,,0.21052,0
194.6259,65,4,0,4,201.00,43.22,capture,153.68,2.02,62.74,0,178.845,7.745,179.877,-18.21,20.54,147.61,-17.72,-7.71,174.27,53.469,54.274,-10.5417,-5.6617,153.68,2.02,-9.9213,-6.4999,,,0.20479,0
194.7101,65,4,0,4,201.00,43.22,capture,127.85,-2.34,86.18,0,178.668,7.709,179.864,-18.33,20.56,147.48,-18.03,-8.05,174.01,53.585,54.076,-9.3137,-7.1647,127.85,-2.34,-9.6479,-6.7990,,,0.21006,0
194.8145,65,4,0,4,201.00,43.22,capture,121.40,-25.29,105.02,0,178.734,7.510,179.822,-18.23,20.43,147.57,-17.79,-7.76,173.65,53.651,53.991,-8.7973,-7.2600,121.40,-25.29,-9.2651,-7.0065,,,0.19465,0
194.9145,65,4,0,4,201.00,43.22,capture,110.56,-29.61,116.12,0,178.648,7.370,179.809,-18.20,20.34,147.60,-17.83,-8.92,174.05,53.926,54.034,-9.9643,-7.7875,110.56,-29.61,-9.5797,-7.3580,,,0.19653,0
195.0166,65,4,0,4,201.00,43.22,capture,136.69,-10.22,83.62,0,178.647,7.424,179.811,-18.09,20.43,147.46,-17.83,-7.84,173.77,54.054,54.221,-9.9888,-7.0315,136.69,-10.22,-9.7638,-7.2110,,,0.21599,0
195.1283,65,4,0,4,201.00,43.22,capture,124.40,1.62,87.17,0,178.573,7.490,179.817,-18.04,20.54,147.50,-18.10,-8.12,173.34,53.682,54.103,-10.0245,-7.0852,124.40,1.62,-9.8811,-7.1544,,,0.20512,0
195.2374,65,4,0,4,201.00,43.22,capture,143.39,-22.47,87.37,0,178.574,7.462,179.827,-18.06,20.43,147.50,-17.99,-7.85,174.09,53.670,53.879,-9.1334,-7.0026,143.39,-22.47,-9.5447,-7.0861,,,0.21672,0
195.3331,65,4,0,4,201.00,43.22,capture,111.73,-10.81,104.35,0,178.596,7.641,179.809,-18.09,20.36,147.37,-17.68,-8.18,173.98,53.378,54.150,-9.4287,-8.3512,111.73,-10.81,-9.4925,-7.6554,,,0.18418,0
195.4151,65,4,0,4,201.00,43.22,capture,134.39,-14.26,87.98,0,178.729,7.576,179.794,-18.10,20.29,147.54,-17.99,-7.91,173.80,53.773,54.433,-9.3673,-6.2007,134.39,-14.26,-9.4361,-7.0008,,,0.23034,0
195.4971,65,4,0,4,201.00,43.22,capture,150.82,-31.18,89.74,0,178.692,7.579,179.813,-18.12,20.26,147.59,-18.08,-8.42,173.90,53.767,54.567,-8.8302,-6.1011,150.82,-31.18,-9.1635,-6.5959,,,0.20630,0
195.6023,65,4,0,4,201.00,43.22,capture,138.29,-23.15,91.31,0,178.640,7.516,179.868,-18.12,20.35,147.55,-17.45,-7.65,173.65,53.236,54.635,-8.2175,-6.7483,138.29,-23.15,-8.7378,-6.6645,,,0.17932,0
195.7027,65,4,0,4,201.00,43.22,capture,126.51,-24.35,100.57,0,178.727,7.600,179.864,-18.35,20.54,147.84,-17.92,-8.11,174.06,53.536,54.608,-8.2287,-7.4377,126.51,-24.35,-8.5087,-7.0124,,,0.19004,0
195.8470,66,9,1,0,22.33,129.67,dwell,20.80,5.94,123.74,0,178.569,7.570,179.883,-18.35,20.54,148.06,-17.53,-7.84,174.40,53.437,54.366,-10.1347,-12.2201,20.80,5.94,-10.1347,-12.2201,,,0.18003,0
195.9485,66,9,1,0,22.33,129.67,dwell,121.94,138.34,99.98,0,178.617,7.689,179.847,-18.29,20.60,147.98,-17.44,-8.00,174.22,53.728,54.654,-14.8901,-7.5331,121.94,138.34,-12.2746,-10.1109,,,0.18745,0
196.0557,66,9,1,0,22.33,129.67,dwell,19.91,74.87,54.85,0,178.637,7.709,179.832,-18.24,20.74,147.89,-18.15,-8.52,173.99,53.579,55.029,-12.9645,-12.2661,19.91,74.87,-12.5850,-11.0808,,,0.22221,0
196.1377,66,9,1,0,22.33,129.67,dwell,78.47,109.21,59.75,0,178.608,7.663,179.854,-18.21,20.68,147.92,-17.44,-7.66,174.12,53.137,54.637,-13.9802,-9.3469,78.47,109.21,-13.2129,-10.3005,,,0.20698,0
196.2415,66,9,1,0,22.33,129.67,dwell,-0.53,95.30,41.28,0,178.653,7.657,179.827,-18.23,20.68,147.75,-17.85,-7.54,173.42,53.379,54.720,-13.8506,-12.9779,-0.53,95.30,-13.4999,-11.5054,,,0.19823,0
196.3445,66,9,1,0,22.33,129.67,dwell,-2.65,97.97,40.36,0,178.637,7.642,179.805,-18.17,20.66,147.67,-18.31,-7.69,173.31,53.288,55.012,-14.3306,-13.1120,-2.65,97.97,-13.8737,-12.2284,,,0.19726,0
196.4638,66,9,1,0,22.33,129.67,dwell,2.22,123.18,21.13,1,178.723,7.643,179.814,-18.17,20.73,147.45,-17.95,-7.85,173.83,53.499,54.961,-14.2523,-12.5937,2.22,123.18,-14.0441,-12.3928,,,0.19023,0
196.5528,66,9,1,0,22.33,129.67,dwell,5.71,155.68,30.87,1,178.784,7.733,179.814,-18.17,20.84,147.36,-17.45,-7.71,173.62,53.456,55.273,-15.5382,-12.3236,5.71,155.68,-14.7164,-12.3616,,,0.20527,0
196.6668,66,9,1,0,22.33,129.67,dwell,83.44,134.28,61.28,0,178.694,7.822,179.855,-18.16,20.98,147.28,-17.21,-6.74,173.51,53.788,54.474,-15.8597,-9.0813,83.44,134.28,-15.2309,-10.8855,,,0.22105,0
196.7737,66,9,1,0,22.33,129.67,dwell,21.13,112.64,17.07,1,178.777,7.748,179.855,-18.16,21.02,147.25,-17.62,-8.03,173.44,53.692,54.359,-14.4994,-12.0566,21.13,112.64,-14.9017,-11.4125,,,0.19511,0
196.8688,66,9,1,0,22.33,129.67,capture,-36.34,128.41,58.69,0,178.621,7.683,179.845,-18.04,20.84,147.34,-17.58,-8.58,173.88,53.557,54.382,-14.3758,-14.6575,-36.34,128.41,-14.6651,-12.8727,,,0.20888,0
196.9623,66,9,1,0,22.33,129.67,capture,-14.69,183.17,65.06,0,178.663,7.922,179.833,-18.08,20.97,147.30,-18.24,-6.53,173.23,53.624,54.542,-16.2150,-13.8430,-14.69,183.17,-15.3625,-13.3094,,,0.20831,0
197.0497,66,9,1,0,22.33,129.67,capture,-10.26,144.85,35.96,0,178.680,7.904,179.828,-17.96,20.95,147.46,-17.33,-8.30,173.62,53.181,54.341,-15.1194,-12.9070,-10.26,144.85,-15.2531,-13.1283,,,0.18565,0
197.1545,66,9,1,0,22.33,129.67,capture,-13.08,142.42,37.64,0,178.725,7.851,179.831,-17.78,20.75,147.48,-18.10,-7.89,173.75,53.371,54.169,-15.2295,-13.0873,-13.08,142.42,-15.2425,-13.1099,,,0.22625,0
197.2623,66,9,1,0,22.33,129.67,capture,-18.65,133.78,41.19,0,178.714,7.760,179.849,-17.92,20.75,147.61,-17.85,-8.77,174.17,53.420,54.055,-15.7102,-13.4927,-18.65,133.78,-15.4530,-13.2821,,,0.21407,0
197.3587,66,9,1,0,22.33,129.67,capture,-13.96,142.59,38.53,0,178.779,7.763,179.798,-17.89,20.97,147.52,-17.10,-7.42,174.31,54.179,53.640,-14.4408,-13.7234,-13.96,142.59,-14.9975,-13.4807,,,0.23390,0
197.4454,66,9,1,0,22.33,129.67,capture,-29.65,137.65,52.59,0,178.940,7.800,179.830,-17.90,21.00,147.20,-17.70,-7.22,173.17,54.445,53.251,-14.8396,-14.4504,-29.65,137.65,-14.9264,-13.9171,,,0.23544,0
197.5274,66,9,1,0,22.33,129.67,capture,-22.71,149.56,49.24,0,179.006,7.635,179.852,-18.01,21.10,147.35,-17.99,-7.99,173.42,54.151,53.421,-15.5616,-13.6012,-22.71,149.56,-15.2122,-13.7749,,,0.19621,0
197.6106,66,9,1,0,22.33,129.67,capture,-33.07,184.06,77.64,0,178.852,7.644,179.852,-18.06,21.34,147.41,-17.34,-7.17,174.32,53.620,53.728,-16.4393,-14.4910,-33.07,184.06,-15.7644,-14.0971,,,0.20809,0
197.7257,66,9,1,0,22.33,129.67,capture,-14.27,160.57,47.90,0,178.764,7.736,179.857,-18.22,21.24,147.25,-17.09,-7.62,173.12,53.518,53.722,-16.1669,-13.9586,-14.27,160.57,-15.9455,-14.0348,,,0.22605,0
197.8314,66,9,1,0,22.33,129.67,capture,-10.09,139.49,33.88,0,178.858,7.740,179.798,-18.18,21.55,147.52,-17.83,-7.02,173.09,53.736,53.934,-15.2196,-12.8736,-10.09,139.49,-15.6189,-13.5123,,,0.20241,0
197.9394,66,9,1,0,22.33,129.67,capture,-35.43,164.79,67.60,0,178.768,7.686,179.843,-18.25,21.59,147.32,-18.36,-6.95,173.60,53.517,54.477,-16.4971,-15.3530,-35.43,164.79,-16.0141,-14.3406,,,0.21648,0
198.0214,66,9,1,0,22.33,129.67,capture,-12.79,138.40,36.19,0,178.833,7.657,179.868,-18.23,21.44,147.51,-17.57,-6.89,173.86,53.517,54.150,-15.0134,-13.7325,-12.79,138.40,-15.5638,-14.0670,,,0.20549,0
198.1255,66,9,1,0,22.33,129.67,capture,4.02,141.98,22.07,1,178.775,7.516,179.843,-18.27,21.12,147.40,-17.85,-6.94,173.39,53.788,54.513,-14.2059,-12.3979,4.02,141.98,-14.9527,-13.3159,,,0.22419,0
198.2354,66,9,1,0,22.33,129.67,capture,-10.33,129.83,32.66,0,178.790,7.482,179.856,-18.31,21.09,147.61,-17.55,-7.47,173.95,53.735,54.680,-16.4401,-13.1357,-10.33,129.83,-15.6221,-13.2348,,,0.21412,0
198.3416,66,9,1,0,22.33,129.67,capture,0.46,132.26,22.03,1,178.844,7.593,179.864,-18.22,21.03,147.58,-17.73,-6.95,173.86,53.368,54.927,-14.9974,-13.1895,0.46,132.26,-15.3410,-13.2144,,,0.20468,0
198.4417,66,9,1,0,22.33,129.67,capture,-23.53,119.91,46.89,0,178.808,7.536,179.817,-18.32,20.96,147.64,-17.47,-8.09,173.79,53.166,54.956,-14.0171,-14.0058,-23.53,119.91,-14.7452,-13.5706,,,0.21969,0
198.5381,66,9,1,0,22.33,129.67,capture,-24.96,159.14,55.73,0,178.811,7.549,179.837,-18.40,20.87,147.69,-17.46,-8.08,173.84,53.074,54.751,-14.0795,-14.3282,-24.96,159.14,-14.4456,-13.9115,,,0.19622,0
198.7112,67,50,5,5,245.67,475.44,dwell,-18.53,232.64,358.82,0,178.855,7.592,179.819,-18.33,20.78,147.47,-17.86,-7.72,174.04,53.300,54.661,-19.6976,-13.6705,-18.53,232.64,-19.6976,-13.6705,,,0.22866,0
198.7966,67,50,5,5,245.67,475.44,dwell,68.34,148.49,371.95,0,178.985,7.558,179.824,-18.35,21.02,146.94,-17.59,-7.03,173.06,53.174,54.361,-15.7325,-10.1945,68.34,148.49,-17.9133,-12.1063,,,0.18429,0
198.9044,67,50,5,5,245.67,475.44,dwell,99.07,251.41,267.73,0,178.989,7.592,179.815,-18.46,20.82,146.87,-18.40,-7.68,172.56,53.366,54.190,-19.7835,-8.0464,99.07,251.41,-18.7549,-10.2793,,,0.18817,0
198.9867,67,50,5,5,245.67,475.44,dwell,285.74,218.25,260.30,0,179.035,7.635,179.824,-18.31,20.70,146.70,-17.98,-8.23,173.04,53.789,54.371,-18.8547,0.9396,285.74,218.25,-18.7998,-5.2308,,,0.20701,0
199.0837,67,50,5,5,245.67,475.44,dwell,49.42,276.02,279.79,0,179.101,7.634,179.831,-18.24,20.82,146.61,-18.30,-8.53,172.59,53.545,54.608,-21.1714,-10.5764,49.42,276.02,-19.8670,-7.6363,,,0.23266,0
199.1774,67,50,5,5,245.67,475.44,dwell,183.11,251.82,232.21,0,179.237,7.671,179.811,-18.38,20.83,146.84,-18.18,-7.13,172.72,53.744,54.564,-18.6180,-4.1110,183.11,251.82,-19.3050,-6.0499,,,0.19775,0
199.2841,67,50,5,5,245.67,475.44,dwell,320.72,364.91,133.61,0,179.133,7.741,179.815,-18.29,20.77,146.83,-18.24,-7.98,172.89,53.784,54.681,-23.9433,2.0209,320.72,364.91,-21.3922,-2.4181,,,0.21729,0
199.3825,67,50,5,5,245.67,475.44,dwell,192.17,315.25,168.89,0,178.989,7.736,179.830,-18.16,20.73,146.72,-17.31,-7.72,172.76,53.886,54.820,-22.1550,-3.5057,192.17,315.25,-21.7355,-2.9075,,,0.19160,0
199.4819,67,50,5,5,245.67,475.44,dwell,279.71,362.41,118.05,0,178.901,7.766,179.817,-18.31,20.78,146.80,-17.91,-7.54,172.69,53.558,54.116,-23.2392,-0.0237,279.71,362.41,-22.4121,-1.6098,,,0.19184,0
199.5837,67,50,5,5,245.67,475.44,dwell,289.23,342.70,139.71,0,178.938,7.908,179.811,-18.25,20.68,146.80,-17.77,-7.81,172.47,53.535,54.168,-22.7032,0.4867,289.23,342.70,-22.5431,-0.6664,,,0.20816,0
199.6836,67,50,5,5,245.67,475.44,dwell,258.50,345.87,130.21,0,178.923,7.956,179.819,-18.17,20.67,147.00,-17.75,-7.46,173.08,54.134,53.911,-24.0192,-0.4505,258.50,345.87,-23.2074,-0.5692,,,0.23477,0
199.7656,67,50,5,5,245.67,475.44,capture,286.11,386.41,97.79,0,178.885,7.955,179.780,-18.23,20.62,147.12,-17.89,-7.49,173.34,54.343,53.706,-25.4429,0.6158,286.11,386.41,-24.2134,-0.0359,,,0.21100,0
199.8645,67,50,5,5,245.67,475.44,capture,284.81,390.61,93.43,0,178.919,7.892,179.794,-18.17,20.57,147.32,-18.07,-8.58,173.87,54.068,53.997,-25.7922,0.6559,284.81,390.61,-24.9238,0.2754,,,0.21194,0
199.9677,67,50,5,5,245.67,475.44,capture,306.14,382.17,111.16,0,178.956,7.961,179.802,-18.05,20.48,147.14,-17.95,-8.14,173.14,53.971,53.810,-24.8007,1.7519,306.14,382.17,-24.8684,0.9398,,,0.22656,0
200.0649,67,50,5,5,245.67,475.44,capture,270.63,396.38,82.91,0,178.966,7.836,179.804,-18.06,20.38,147.10,-18.10,-8.67,173.81,54.019,53.933,-25.7031,0.3632,270.63,396.38,-25.2440,0.6803,,,0.22679,0
200.1600,67,50,5,5,245.67,475.44,capture,286.50,411.27,76.06,0,178.911,7.844,179.800,-18.24,20.31,146.81,-17.93,-9.20,173.14,53.955,53.539,-25.9417,0.8300,286.50,411.27,-25.5580,0.7477,,,0.20944,0
200.2533,67,50,5,5,245.67,475.44,capture,288.82,415.85,73.58,0,178.823,7.912,179.824,-18.25,20.33,146.99,-17.94,-8.34,173.52,53.483,54.185,-26.5266,0.5727,288.82,415.85,-25.9939,0.6690,,,0.21174,0
200.3547,67,50,5,5,245.67,475.44,capture,292.14,396.53,91.58,0,178.793,8.009,179.826,-18.27,20.12,147.04,-17.83,-7.78,172.97,53.553,54.082,-24.6221,0.9956,292.14,396.53,-25.3766,0.8159,,,0.22199,0
200.4706,67,50,5,5,245.67,475.44,capture,301.94,377.66,112.82,0,178.722,8.147,179.793,-18.44,19.95,147.21,-17.97,-8.72,172.99,53.686,53.979,-23.7318,0.7903,301.94,377.66,-24.6364,0.8044,,,0.23048,0
200.5654,67,50,5,5,245.67,475.44,capture,293.43,405.42,84.76,0,178.699,8.029,179.835,-18.36,20.11,147.23,-18.35,-8.21,173.10,53.489,54.279,-26.1559,0.2326,293.43,405.42,-25.3202,0.5471,,,0.20586,0
200.6741,67,50,5,5,245.67,475.44,capture,295.36,404.69,86.46,0,178.840,8.132,179.858,-18.41,20.18,146.92,-17.84,-7.41,172.34,53.731,53.837,-25.8530,1.1605,295.36,404.69,-25.5599,0.8231,,,0.22508,0
200.7739,67,50,5,5,245.67,475.44,capture,309.96,395.57,102.54,0,178.909,8.082,179.858,-18.32,20.46,147.34,-17.45,-7.86,174.12,53.808,54.321,-25.9856,1.3143,309.96,395.57,-25.7515,1.0442,,,0.22289,0
200.8559,67,50,5,5,245.67,475.44,capture,306.56,411.60,88.23,0,178.816,8.081,179.853,-18.26,20.57,147.38,-18.07,-7.55,173.35,53.877,54.578,-25.2703,1.3648,306.56,411.60,-25.5349,1.1884,,,0.22633,0
200.9673,67,50,5,5,245.67,475.44,capture,273.72,386.68,93.09,0,178.930,8.121,179.861,-18.27,20.43,147.42,-17.82,-8.23,173.38,53.659,54.206,-25.3635,-0.2571,273.72,386.68,-25.4578,0.5379,,,0.21601,0
201.0830,67,50,5,5,245.67,475.44,capture,284.24,432.49,57.73,0,178.795,8.120,179.836,-18.31,20.34,147.36,-17.32,-8.05,173.57,53.851,54.211,-26.6448,0.4213,284.24,432.49,-25.9919,0.4855,,,0.18743,0
201.1923,67,50,5,5,245.67,475.44,capture,283.64,404.67,80.32,0,178.852,8.272,179.864,-18.24,20.40,147.70,-17.66,-8.02,173.96,53.797,54.662,-25.0157,0.2378,283.64,404.67,-25.5526,0.3740,,,0.20773,0
201.3088,67,50,5,5,245.67,475.44,capture,295.90,363.90,122.33,0,178.919,8.177,179.839,-18.15,20.19,147.60,-17.91,-8.30,173.83,53.835,54.375,-23.2390,0.4623,295.90,363.90,-24.5115,0.4137,,,0.21182,0
201.4029,67,50,5,5,245.67,475.44,capture,293.68,400.09,89.35,0,178.910,8.191,179.810,-18.08,20.35,147.70,-17.51,-8.56,174.37,53.751,54.090,-24.6783,0.5593,293.68,400.09,-24.5865,0.4792,,,0.23430,0
201.4913,67,50,5,5,245.67,475.44,capture,313.02,387.46,110.80,0,178.891,8.136,179.796,-18.21,20.46,147.53,-17.95,-8.70,173.81,53.714,53.979,-24.8270,1.4060,313.02,387.46,-24.6947,0.8963,,,0.20690,0
201.5842,67,50,5,5,245.67,475.44,capture,288.65,408.00,79.98,0,178.807,8.185,179.802,-18.32,20.36,147.69,-18.40,-8.37,173.92,53.931,54.404,-25.2848,0.7752,288.65,408.00,-24.9603,0.8418,,,0.22882,0
201.6789,67,50,5,5,245.67,475.44,capture,305.14,379.55,112.84,0,178.755,8.291,179.837,-18.30,20.43,147.72,-17.89,-8.29,174.42,54.004,54.139,-24.4244,1.2718,305.14,379.55,-24.7191,1.0353,,,0.24144,0
201.8942,68,10,1,1,67.00,129.67,dwell,336.26,204.32,279.42,0,178.749,8.177,179.851,-18.39,20.40,147.82,-17.81,-8.48,174.03,53.744,53.957,-17.4313,2.8156,336.26,204.32,-17.4313,2.8156,,,0.21613,0
201.9952,68,10,1,1,67.00,129.67,dwell,267.70,404.60,340.40,0,178.772,8.298,179.838,-18.41,20.39,147.49,-17.65,-8.31,173.77,53.584,53.969,-25.2905,-0.7158,267.70,404.60,-20.9680,1.2265,,,0.20865,0
202.0932,68,10,1,1,67.00,129.67,dwell,201.65,363.89,270.17,0,178.768,8.196,179.826,-18.54,20.63,147.52,-17.57,-7.55,173.71,53.725,54.246,-24.8472,-3.0884,201.65,363.89,-22.7136,-0.7152,,,0.20556,0
202.2061,68,10,1,1,67.00,129.67,dwell,222.66,307.94,236.67,0,178.715,8.087,179.836,-18.52,20.53,147.67,-18.05,-8.18,174.20,54.030,54.061,-21.9314,-2.7241,222.66,307.94,-22.3616,-1.6192,,,0.23362,0
202.3177,68,10,1,1,67.00,129.67,dwell,107.76,305.33,180.33,0,178.634,8.132,179.821,-18.38,20.65,147.73,-17.97,-7.49,173.70,53.548,54.389,-20.8445,-7.9760,107.76,305.33,-21.6789,-4.4798,,,0.18801,0
202.4226,68,10,1,1,67.00,129.67,dwell,159.21,168.17,99.93,0,178.647,8.067,179.792,-18.48,20.66,147.52,-18.26,-8.30,174.15,53.719,54.577,-16.9126,-6.0772,159.21,168.17,-19.5341,-5.1986,,,0.21141,0
202.5137,68,10,1,1,67.00,129.67,dwell,198.05,229.24,164.59,0,178.677,8.038,179.804,-18.47,20.61,147.40,-17.75,-8.11,173.95,53.592,54.508,-18.9041,-3.1431,198.05,229.24,-19.2506,-4.2737,,,0.19790,0
202.6183,68,10,1,1,67.00,129.67,dwell,209.84,188.57,154.51,0,178.758,8.039,179.785,-18.36,20.44,147.59,-18.47,-8.14,173.33,53.559,54.824,-15.8459,-2.9437,209.84,188.57,-17.7185,-3.6752,,,0.22215,0
202.7305,68,10,1,1,67.00,129.67,dwell,169.77,252.35,160.04,0,178.768,8.084,179.740,-18.41,20.35,147.60,-18.13,-8.64,173.68,53.426,54.855,-19.9849,-5.1644,169.77,252.35,-18.7383,-4.3453,,,0.21530,0
202.8422,68,10,1,1,67.00,129.67,capture,170.06,140.46,103.62,0,178.779,7.989,179.737,-18.37,20.46,147.49,-17.61,-7.76,174.02,53.399,54.881,-15.7561,-5.0537,170.06,140.46,-17.3963,-4.6641,,,0.20899,0
202.9256,68,10,1,1,67.00,129.67,capture,172.67,154.17,108.47,0,178.870,7.984,179.711,-18.40,20.48,147.42,-17.70,-8.17,173.80,53.724,54.470,-15.7645,-4.3537,172.67,154.17,-16.6620,-4.5244,,,0.20868,0
203.0284,68,10,1,1,67.00,129.67,capture,180.63,171.17,120.97,0,178.966,7.880,179.745,-18.31,20.52,147.36,-17.48,-8.85,173.28,53.562,54.409,-16.7091,-4.9166,180.63,171.17,-16.6832,-4.7009,,,0.18773,0
203.1104,68,10,1,1,67.00,129.67,capture,163.78,163.91,102.66,0,178.770,7.883,179.735,-18.45,20.52,147.28,-18.09,-7.81,173.74,53.464,54.494,-16.0568,-5.0641,163.78,163.91,-16.4013,-4.8643,,,0.21724,0
203.2309,68,10,1,1,67.00,129.67,capture,145.02,187.46,97.09,0,178.898,7.883,179.739,-18.55,20.45,147.39,-18.71,-8.14,173.76,53.227,54.200,-16.8647,-5.9908,145.02,187.46,-16.6098,-5.3713,,,0.18760,0
203.3443,68,10,1,1,67.00,129.67,capture,134.35,176.04,81.77,0,178.971,7.961,179.712,-18.61,20.47,147.42,-18.55,-7.90,173.66,53.492,54.133,-17.1636,-6.6216,134.35,176.04,-16.8590,-5.9339,,,0.21194,0
203.4389,68,10,1,1,67.00,129.67,capture,139.42,153.59,76.27,0,179.011,7.941,179.750,-18.54,20.55,147.34,-18.32,-8.36,173.27,53.643,54.134,-15.7079,-6.6249,139.42,153.59,-16.3410,-6.2449,,,0.19857,0
203.5388,68,10,1,1,67.00,129.67,capture,163.59,143.82,97.62,0,179.023,7.898,179.755,-18.45,20.69,147.38,-17.83,-8.12,173.01,53.644,54.282,-14.4217,-5.0605,163.59,143.82,-15.4773,-5.7119,,,0.21744,0
203.6378,68,10,1,1,67.00,129.67,capture,141.48,143.41,75.74,0,179.012,7.904,179.762,-18.31,20.61,147.67,-17.95,-7.34,174.01,53.650,54.145,-15.3086,-6.0806,141.48,143.41,-15.4014,-5.8778,,,0.21003,0
203.7570,68,10,1,1,67.00,129.67,capture,151.28,158.03,88.92,0,179.094,7.817,179.775,-18.27,20.64,147.59,-17.81,-7.98,173.54,53.462,53.998,-15.8193,-5.2980,151.28,158.03,-15.5895,-5.6169,,,0.21603,0
203.8754,68,10,1,1,67.00,129.67,capture,171.01,154.70,106.98,0,179.013,7.855,179.799,-18.30,20.77,147.61,-17.81,-7.67,174.19,53.464,54.202,-16.4133,-4.3733,171.01,154.70,-15.9602,-5.0573,,,0.21101,0
203.9755,68,10,1,1,67.00,129.67,capture,157.36,165.59,97.24,0,178.922,7.862,179.805,-18.35,20.60,147.50,-18.50,-6.87,173.63,53.334,54.265,-16.2872,-5.5846,157.36,165.59,-16.1074,-5.2946,,,0.16168,0
204.0969,68,10,1,1,67.00,129.67,capture,182.52,172.81,123.31,0,178.899,7.837,179.815,-18.30,20.55,147.24,-17.78,-6.96,173.04,53.709,53.850,-17.3311,-4.9204,182.52,172.81,-16.6580,-5.1262,,,0.21424,0
204.1902,68,10,1,1,67.00,129.67,capture,177.90,161.87,115.48,0,178.972,7.883,179.792,-18.47,20.59,147.06,-17.93,-8.33,173.79,54.002,54.079,-15.3652,-4.2065,177.90,161.87,-16.0763,-4.7123,,,0.20140,0
204.2963,68,10,1,1,67.00,129.67,capture,170.90,168.98,111.09,0,178.885,7.807,179.824,-18.50,20.57,146.89,-17.58,-8.32,173.36,53.805,54.010,-16.4002,-4.0225,170.90,168.98,-16.2220,-4.4019,,,0.23587,0
204.3783,68,10,1,1,67.00,129.67,capture,148.35,147.59,83.30,0,178.863,7.791,179.818,-18.70,20.62,147.08,-18.07,-8.03,173.53,53.868,53.943,-14.7666,-5.7923,148.35,147.59,-15.5671,-5.0276,,,0.21080,0
204.4632,68,10,1,1,67.00,129.67,capture,155.46,148.01,90.34,0,178.857,7.705,179.830,-18.60,20.73,146.93,-18.24,-8.62,173.09,53.733,54.114,-14.7472,-5.5353,155.46,148.01,-15.1981,-5.2561,,,0.19832,0
204.5672,68,10,1,1,67.00,129.67,capture,170.85,176.18,113.79,0,178.786,7.740,179.856,-18.67,20.87,146.92,-18.43,-7.60,173.01,53.984,54.255,-16.9411,-5.1708,170.85,176.18,-15.9825,-5.2177,,,0.21928,0
204.6762,68,10,1,1,67.00,129.67,capture,142.78,137.23,76.16,0,178.809,7.481,179.881,-18.67,21.02,146.91,-18.08,-7.31,172.41,53.952,54.132,-15.1624,-5.9574,142.78,137.23,-15.6135,-5.5506,,,0.21261,0
204.7813,68,10,1,1,67.00,129.67,capture,157.00,146.97,91.65,0,178.756,7.385,179.863,-18.69,21.07,146.71,-18.30,-6.61,172.44,54.109,54.027,-15.5048,-5.8435,157.00,146.97,-15.5645,-5.6824,,,0.21625,0
204.9849,69,35,3,8,379.67,302.56,dwell,268.39,251.58,122.40,0,178.763,7.430,179.847,-18.62,21.01,146.67,-17.70,-7.98,172.66,54.086,53.914,-19.4310,-0.4850,268.39,251.58,-19.4310,-0.4850,,,0.21996,0
205.0812,69,35,3,8,379.67,302.56,dwell,217.11,297.22,162.64,0,178.845,7.409,179.814,-18.58,20.96,146.83,-18.36,-7.91,172.64,53.948,54.034,-21.6099,-2.7635,217.11,297.22,-20.4115,-1.5103,,,0.21616,0
205.1902,69,35,3,8,379.67,302.56,dwell,235.74,309.74,144.11,0,178.884,7.411,179.823,-18.62,20.88,146.69,-17.82,-7.02,173.13,53.907,54.065,-21.9050,-1.6072,235.74,309.74,-21.0836,-1.5539,,,0.23521,0
205.2849,69,35,3,8,379.67,302.56,dwell,269.46,306.19,110.27,0,178.884,7.543,179.772,-18.58,20.82,146.72,-18.07,-7.84,173.32,54.154,53.819,-20.8834,-0.2761,269.46,306.19,-20.9935,-0.9789,,,0.24758,0
205.3725,69,35,3,8,379.67,302.56,dwell,282.30,355.65,110.90,0,178.958,7.458,179.797,-18.64,20.90,146.73,-18.26,-7.61,172.89,54.146,54.317,-22.5778,0.5662,282.30,355.65,-21.7065,-0.2836,,,0.19938,0
205.4734,69,35,3,8,379.67,302.56,dwell,315.63,354.48,82.44,0,178.990,7.506,179.789,-18.57,21.01,146.77,-18.01,-7.85,172.89,54.169,54.486,-23.9105,2.4856,315.63,354.48,-22.6983,0.9626,,,0.24076,0
205.5794,69,35,3,8,379.67,302.56,dwell,244.04,510.03,247.87,0,179.069,7.510,179.814,-18.49,20.96,146.96,-17.63,-7.88,172.64,53.870,54.534,-30.1719,-1.2670,244.04,510.03,-26.0614,-0.0407,,,0.22339,0
205.6787,69,35,3,8,379.67,302.56,dwell,270.74,436.51,172.65,0,179.174,7.531,179.839,-18.41,20.84,146.99,-18.53,-7.83,173.07,54.129,54.364,-27.1508,-0.0446,270.74,436.51,-26.5516,-0.0425,,,0.21991,0
205.7668,69,35,3,8,379.67,302.56,dwell,260.15,526.22,253.59,0,179.172,7.576,179.851,-18.36,20.87,147.13,-18.37,-8.12,173.70,54.465,54.231,-30.4123,-0.5532,260.15,526.22,-28.2889,-0.2723,,,0.21839,0
205.8712,69,35,3,8,379.67,302.56,dwell,310.24,527.12,235.05,0,179.140,7.639,179.838,-18.33,20.83,146.81,-17.60,-7.95,173.37,54.464,54.138,-30.5715,1.7840,310.24,527.12,-29.3161,0.6530,,,0.22793,0
205.9568,69,35,3,8,379.67,302.56,capture,312.68,578.33,283.79,0,178.901,7.735,179.838,-18.41,20.89,147.06,-18.42,-7.63,173.41,54.208,54.069,-32.3709,1.6378,312.68,578.33,-30.6907,1.0962,,,0.20578,0
206.0524,69,35,3,8,379.67,302.56,capture,321.92,547.44,251.60,0,178.841,7.694,179.836,-18.46,20.85,147.13,-17.38,-8.35,173.38,54.100,53.838,-30.6211,2.3492,321.92,547.44,-30.6594,1.6601,,,0.23544,0
206.1587,69,35,3,8,379.67,302.56,capture,318.07,551.97,256.91,0,178.836,7.697,179.846,-18.37,20.92,147.27,-18.19,-7.73,173.95,54.365,53.955,-31.2047,1.7142,318.07,551.97,-30.9048,1.6844,,,0.22922,0
206.2761,69,35,3,8,379.67,302.56,capture,315.37,554.01,259.54,0,178.832,7.720,179.857,-18.35,20.93,147.38,-17.37,-7.31,173.71,54.264,53.865,-30.8029,2.0734,315.37,554.01,-30.8589,1.8594,,,0.24007,0
206.3776,69,35,3,8,379.67,302.56,capture,329.51,552.70,255.12,0,178.788,7.744,179.846,-18.53,20.91,147.59,-18.88,-7.95,173.50,53.764,53.524,-30.9674,2.6118,329.51,552.70,-30.9078,2.1980,,,0.18492,0
206.4686,69,35,3,8,379.67,302.56,capture,320.67,550.67,255.03,0,178.781,7.703,179.839,-18.53,20.74,147.65,-17.94,-8.20,173.64,53.978,53.323,-32.0743,2.0017,320.67,550.67,-31.4327,2.1097,,,0.20367,0
206.5712,69,35,3,8,379.67,302.56,capture,308.79,517.84,226.65,0,178.705,7.710,179.832,-18.51,20.84,147.50,-17.77,-8.45,174.10,53.851,53.400,-29.2655,1.4384,308.79,517.84,-30.4575,1.8076,,,0.21237,0
206.6635,69,35,3,8,379.67,302.56,capture,312.43,545.15,251.74,0,178.751,7.717,179.852,-18.50,20.87,147.42,-17.91,-7.38,173.53,54.152,53.545,-30.7777,1.1806,312.43,545.15,-30.6016,1.5254,,,0.22465,0
206.7718,69,35,3,8,379.67,302.56,capture,336.87,529.44,230.89,0,178.697,7.762,179.854,-18.46,20.69,147.16,-18.03,-7.40,173.01,53.928,53.819,-30.0867,2.7339,336.87,529.44,-30.3699,2.0692,,,0.24488,0
206.8786,69,35,3,8,379.67,302.56,capture,327.78,530.21,233.49,0,178.809,7.770,179.861,-18.41,20.88,146.90,-17.95,-7.91,172.70,53.675,53.342,-29.5232,2.3140,327.78,530.21,-29.9889,2.1794,,,0.20879,0
206.9760,69,35,3,8,379.67,302.56,capture,300.25,514.36,226.20,0,178.775,7.920,179.837,-18.45,20.96,146.97,-18.26,-6.80,173.18,53.915,53.665,-28.9986,1.4933,300.25,514.36,-29.5433,1.8706,,,0.20401,0
207.0826,69,35,3,8,379.67,302.56,capture,328.32,519.45,222.89,0,178.682,7.806,179.832,-18.39,21.09,147.18,-17.83,-7.51,173.54,53.606,53.867,-29.9816,2.3492,328.32,519.45,-29.7405,2.0860,,,0.22276,0
207.1818,69,35,3,8,379.67,302.56,capture,334.34,554.72,256.21,0,178.748,7.768,179.853,-18.41,20.97,147.13,-17.80,-7.87,173.40,53.657,53.657,-31.7918,3.2869,334.34,554.72,-30.6636,2.6264,,,0.18535,0
207.2653,69,35,3,8,379.67,302.56,capture,343.79,551.20,251.22,0,178.737,7.724,179.865,-18.36,21.10,147.25,-17.97,-7.70,173.13,53.696,53.897,-30.7216,2.8432,343.79,551.20,-30.6897,2.7240,,,0.23658,0
207.3714,69,35,3,8,379.67,302.56,capture,290.33,548.76,261.91,0,178.753,7.609,179.873,-18.26,21.07,147.04,-17.85,-6.88,174.18,53.493,53.676,-30.7574,-0.0336,290.33,548.76,-30.7202,1.4831,,,0.23157,0
207.4640,69,35,3,8,379.67,302.56,capture,289.33,551.11,264.46,0,178.730,7.628,179.873,-18.34,21.02,147.30,-18.37,-7.15,173.65,53.542,54.108,-31.8033,0.6075,289.33,551.11,-31.2076,1.0891,,,0.20681,0
207.5729,69,35,3,8,379.67,302.56,capture,276.36,552.06,270.05,0,178.762,7.739,179.897,-18.40,20.90,147.44,-18.08,-8.00,173.67,53.230,53.673,-31.0561,-0.2508,276.36,552.06,-31.1394,0.4861,,,0.19605,0
207.6786,69,35,3,8,379.67,302.56,capture,313.98,537.73,244.18,0,178.770,7.774,179.887,-18.33,20.93,147.65,-17.65,-7.66,173.98,53.450,53.871,-30.7519,1.2794,313.98,537.73,-30.9650,0.8431,,,0.22376,0
207.7823,69,35,3,8,379.67,302.56,capture,317.89,534.31,239.85,0,178.794,7.881,179.850,-18.23,20.75,147.63,-18.14,-8.04,174.49,53.393,54.057,-30.7928,2.0434,317.89,534.31,-30.8875,1.3832,,,0.21875,0
207.8993,69,35,3,8,379.67,302.56,capture,325.11,544.93,248.44,0,178.745,7.848,179.855,-18.27,20.44,147.71,-17.27,-7.76,174.61,53.559,53.976,-31.9810,2.1651,325.11,544.93,-31.3796,1.7351,,,0.20691,0
208.0935,70,31,3,4,201.00,302.56,dwell,377.71,371.79,189.79,0,178.759,7.974,179.861,-18.30,20.66,147.95,-18.05,-8.52,174.21,53.606,54.292,-23.8538,4.3636,377.71,371.79,-23.8538,4.3636,,,0.21921,0
208.1992,70,31,3,4,201.00,302.56,dwell,276.80,415.00,135.61,0,178.664,7.901,179.822,-18.27,20.63,148.16,-18.48,-7.91,175.13,53.782,54.363,-25.7497,-0.7567,276.80,415.00,-24.7069,2.0594,,,0.21197,0
208.2812,70,31,3,4,201.00,302.56,dwell,281.88,73.50,242.92,0,178.584,8.015,179.808,-18.28,20.66,148.19,-17.86,-7.49,174.93,53.695,53.953,-12.6006,-0.1551,281.88,73.50,-19.2591,1.0629,,,0.20487,0
208.3863,70,31,3,4,201.00,302.56,dwell,317.08,196.95,156.93,0,178.639,7.962,179.799,-18.19,20.82,148.10,-17.86,-7.09,174.06,54.076,54.028,-17.1301,2.5678,317.08,196.95,-18.3011,1.7401,,,0.23383,0
208.4910,70,31,3,4,201.00,302.56,dwell,327.46,316.74,127.25,0,178.756,7.957,179.820,-18.18,20.72,148.03,-17.36,-7.99,174.88,53.998,54.056,-22.6719,2.2502,327.46,316.74,-20.2680,1.9697,,,0.22570,0
208.5818,70,31,3,4,201.00,302.56,dwell,237.30,160.97,146.16,0,178.719,7.929,179.792,-18.17,20.70,147.87,-17.90,-7.62,174.55,54.298,53.827,-16.1588,-1.1462,237.30,160.97,-18.4188,0.5675,,,0.23325,0
208.6837,70,31,3,4,201.00,302.56,dwell,247.30,126.60,181.95,0,178.716,7.954,179.809,-18.18,20.94,147.67,-17.84,-7.58,173.84,53.953,53.881,-14.4514,-0.9138,247.30,126.60,-16.6335,-0.0991,,,0.21098,0
208.8047,70,31,3,4,201.00,302.56,dwell,289.01,156.89,170.19,0,178.701,7.876,179.824,-18.17,20.76,147.65,-17.39,-7.14,173.78,54.189,53.832,-15.4424,0.9120,289.01,156.89,-16.0975,0.3559,,,0.22866,0
208.8940,70,31,3,4,201.00,302.56,dwell,236.12,139.69,166.61,0,178.680,7.819,179.815,-18.14,20.79,147.64,-17.59,-7.88,174.19,53.978,53.816,-15.5527,-1.2716,236.12,139.69,-15.8523,-0.3765,,,0.21416,0
209.0134,70,31,3,4,201.00,302.56,capture,261.40,64.73,245.38,0,178.625,8.113,179.798,-18.17,20.88,147.59,-18.04,-8.14,174.20,53.727,54.190,-12.6599,-0.1907,261.40,64.73,-14.4157,-0.2929,,,0.21138,0
209.1184,70,31,3,4,201.00,302.56,capture,267.12,61.39,250.07,0,178.669,8.168,179.777,-18.29,20.80,147.49,-17.79,-7.34,173.64,53.454,54.340,-12.3694,-0.0815,267.12,61.39,-13.4949,-0.1978,,,0.18788,0
209.2135,70,31,3,4,201.00,302.56,capture,270.16,51.04,260.85,0,178.633,8.168,179.781,-18.23,20.94,147.84,-17.51,-7.41,173.84,53.217,54.450,-11.6019,-0.3547,270.16,51.04,-12.6430,-0.2684,,,0.20723,0
209.2978,70,31,3,4,201.00,302.56,capture,266.85,57.28,253.96,0,178.743,8.117,179.794,-18.22,20.94,147.51,-17.79,-7.56,173.55,53.320,54.293,-11.4888,-0.4699,266.85,57.28,-12.1236,-0.3590,,,0.20372,0
209.3892,70,31,3,4,201.00,302.56,capture,255.87,54.72,253.84,0,178.631,8.004,179.811,-18.29,20.86,147.36,-17.59,-7.16,174.16,53.199,54.165,-12.8643,-0.9162,255.87,54.72,-12.4569,-0.6098,,,0.21447,0
209.4724,70,31,3,4,201.00,302.56,capture,237.52,57.48,247.78,0,178.849,8.010,179.796,-18.25,20.95,147.43,-17.31,-7.50,173.81,53.095,54.451,-12.3762,-1.7920,237.52,57.48,-12.4206,-1.1418,,,0.21371,0
209.5862,70,31,3,4,201.00,302.56,capture,246.73,44.96,261.62,0,178.968,8.004,179.810,-18.22,20.98,147.51,-17.71,-7.16,174.45,52.925,54.816,-11.0554,-1.5012,246.73,44.96,-11.8063,-1.3035,,,0.18699,0
209.6826,70,31,3,4,201.00,302.56,capture,257.01,45.44,263.15,0,178.970,7.929,179.832,-18.28,20.86,147.47,-17.08,-7.31,173.97,53.195,54.737,-11.2813,-1.1486,257.01,45.44,-11.5700,-1.2338,,,0.18163,0
209.7707,70,31,3,4,201.00,302.56,capture,247.94,61.78,245.31,0,178.845,7.889,179.821,-18.25,21.14,147.31,-18.00,-7.39,173.78,53.092,54.881,-12.1375,-1.0348,247.94,61.78,-11.8254,-1.1443,,,0.22280,0
209.8760,70,31,3,4,201.00,302.56,capture,262.64,82.58,228.45,0,178.841,7.989,179.806,-18.21,21.41,147.55,-18.15,-7.17,173.77,53.217,54.741,-12.4299,-1.0526,262.64,82.58,-12.0974,-1.1030,,,0.19511,0
209.9843,70,31,3,4,201.00,302.56,capture,263.82,57.37,253.11,0,178.817,8.002,179.782,-18.29,21.26,147.60,-17.41,-7.28,174.16,53.226,54.582,-12.5895,-0.4891,263.82,57.37,-12.3189,-0.8268,,,0.20553,0
210.0808,70,31,3,4,201.00,302.56,capture,256.73,82.87,226.64,0,178.725,7.987,179.806,-18.24,21.00,147.81,-17.72,-7.44,174.41,53.437,54.570,-12.9776,-0.9854,256.73,82.87,-12.6153,-0.8981,,,0.20435,0
210.1732,70,31,3,4,201.00,302.56,capture,256.42,81.06,228.32,0,178.792,8.116,179.796,-18.36,20.91,147.98,-17.73,-6.70,174.71,53.921,54.288,-12.9681,-1.1455,256.42,81.06,-12.7741,-1.0094,,,0.21704,0
210.2858,70,31,3,4,201.00,302.56,capture,259.21,67.19,242.46,0,178.900,8.107,179.811,-18.16,21.01,147.79,-17.26,-7.77,173.74,53.363,54.159,-12.1664,-0.7595,259.21,67.19,-12.5006,-0.8970,,,0.22305,0
210.3841,70,31,3,4,201.00,302.56,capture,244.13,62.36,244.04,0,178.970,8.108,179.821,-18.17,20.90,147.82,-17.79,-7.46,174.31,53.082,54.400,-12.0726,-1.1311,244.13,62.36,-12.3080,-1.0023,,,0.19562,0
210.4865,70,31,3,4,201.00,302.56,capture,245.63,50.59,255.89,0,178.899,8.173,179.793,-18.32,20.87,147.62,-17.74,-8.11,173.33,53.499,54.229,-10.9022,-1.6798,245.63,50.59,-11.6754,-1.3072,,,0.19838,0
210.5992,70,31,3,4,201.00,302.56,capture,246.25,67.30,239.57,0,178.878,8.203,179.816,-18.46,20.87,147.72,-17.97,-7.94,174.11,53.078,54.551,-12.7981,-1.2578,246.25,67.30,-12.1806,-1.2850,,,0.18372,0
210.7078,70,31,3,4,201.00,302.56,capture,226.18,66.71,237.19,0,178.837,8.173,179.804,-18.34,20.94,147.93,-17.43,-7.99,174.22,53.159,54.602,-12.3995,-2.6790,226.18,66.71,-12.2791,-1.9123,,,0.21696,0
210.8121,70,31,3,4,201.00,302.56,capture,241.13,62.36,243.52,0,178.931,8.003,179.841,-18.46,21.01,148.02,-18.99,-8.20,174.50,53.054,54.515,-12.4318,-1.9492,241.13,62.36,-12.3478,-1.9289,,,0.18785,0
210.9118,70,31,3,4,201.00,302.56,capture,272.86,98.80,216.06,0,179.006,8.046,179.815,-18.36,21.00,148.13,-17.88,-8.04,174.94,53.119,54.645,-13.1795,-0.6754,272.86,98.80,-12.7221,-1.3648,,,0.18386,0
211.1189,71,37,4,1,67.00,389.00,dwell,94.09,18.87,371.12,0,179.017,7.989,179.803,-18.43,20.93,148.26,-17.91,-7.60,174.93,53.534,54.683,-10.5407,-8.5544,94.09,18.87,-10.5407,-8.5544,,,0.19345,0
211.2100,71,37,4,1,67.00,389.00,dwell,242.19,70.60,363.41,0,179.097,7.989,179.760,-18.58,20.98,148.12,-17.96,-8.14,174.86,53.637,55.049,-13.4510,-1.2835,242.19,70.60,-11.8504,-5.2825,,,0.19146,0
211.3232,71,37,4,1,67.00,389.00,dwell,198.70,126.58,293.61,0,178.935,8.065,179.746,-18.59,20.79,148.19,-18.42,-7.83,174.64,53.300,54.896,-14.5509,-3.5774,198.70,126.58,-13.0656,-4.5152,,,0.18805,0
211.4372,71,37,4,1,67.00,389.00,dwell,190.15,195.98,228.96,0,178.959,8.168,179.758,-18.54,20.69,147.83,-17.76,-7.55,174.11,53.441,55.284,-17.2288,-3.6622,190.15,195.98,-14.9391,-4.1313,,,0.19668,0
211.5581,71,37,4,1,67.00,389.00,dwell,150.36,232.46,177.35,0,178.965,8.129,179.796,-18.56,20.58,147.74,-18.41,-8.29,174.10,53.286,55.313,-18.9790,-5.8425,150.36,232.46,-16.7570,-4.9014,,,0.19746,0
211.6629,71,37,4,1,67.00,389.00,dwell,207.06,250.57,196.93,0,178.923,8.104,179.797,-18.58,20.89,147.71,-18.19,-6.91,174.07,53.271,54.598,-20.4732,-3.4489,207.06,250.57,-18.4293,-4.2478,,,0.20930,0
211.7639,71,37,4,1,67.00,389.00,dwell,220.06,207.80,237.19,0,178.835,7.967,179.767,-18.48,20.88,147.98,-17.35,-8.20,174.43,53.289,54.211,-18.5118,-3.2636,220.06,207.80,-18.4664,-3.8049,,,0.20651,0
211.8504,71,37,4,1,67.00,389.00,dwell,188.55,251.52,183.51,0,178.780,7.985,179.831,-18.56,21.07,147.86,-18.23,-6.85,174.06,53.390,54.203,-20.5150,-4.2475,188.55,251.52,-19.3883,-4.0041,,,0.21573,0
211.9482,71,37,4,1,67.00,389.00,capture,187.38,267.88,170.77,0,178.851,8.066,179.793,-18.46,20.98,147.76,-17.92,-7.63,174.20,53.278,54.388,-19.9818,-4.1929,187.38,267.88,-19.6553,-4.0891,,,0.20632,0
212.0510,71,37,4,1,67.00,389.00,capture,171.29,289.48,144.15,0,178.802,8.025,179.791,-18.47,20.90,147.37,-17.51,-6.99,174.27,53.121,54.363,-20.8062,-4.4298,171.29,289.48,-20.1732,-4.2424,,,0.18709,0
212.1330,71,37,4,1,67.00,389.00,capture,171.32,280.99,150.16,0,178.864,8.076,179.813,-18.59,20.87,147.20,-18.45,-7.79,173.76,53.390,54.291,-20.1413,-4.6221,171.32,280.99,-20.1588,-4.4133,,,0.21885,0
212.2316,71,37,4,1,67.00,389.00,capture,206.33,274.28,180.48,0,178.874,8.090,179.819,-18.50,20.81,147.13,-17.76,-7.95,173.26,53.377,53.682,-19.4378,-3.3196,206.33,274.28,-19.8344,-3.9211,,,0.20114,0
212.3321,71,37,4,1,67.00,389.00,capture,196.46,249.78,190.11,0,178.886,8.149,179.820,-18.46,20.79,147.34,-18.30,-7.30,174.10,53.004,53.772,-19.9550,-3.9476,196.46,249.78,-19.8887,-3.9330,,,0.19923,0
212.4249,71,37,4,1,67.00,389.00,capture,164.23,262.13,159.84,0,178.814,8.316,179.820,-18.48,20.73,147.43,-18.09,-7.75,173.88,53.405,54.009,-20.4766,-5.3375,164.23,262.13,-20.1533,-4.5650,,,0.19650,0
212.5371,71,37,4,1,67.00,389.00,capture,188.33,261.85,175.75,0,178.781,8.401,179.814,-18.40,20.67,147.58,-18.33,-7.31,173.85,53.204,53.908,-20.5885,-4.1569,188.33,261.85,-20.3491,-4.3814,,,0.18201,0
212.6297,71,37,4,1,67.00,389.00,capture,176.47,262.96,166.94,0,178.751,8.366,179.812,-18.46,20.72,147.73,-17.97,-8.65,175.02,53.254,54.112,-19.1756,-4.9719,176.47,262.96,-19.8210,-4.6471,,,0.18780,0
212.7117,71,37,4,1,67.00,389.00,capture,161.23,278.26,145.41,0,178.656,8.254,179.819,-18.58,20.65,147.77,-18.29,-8.30,174.34,53.421,54.017,-19.6764,-5.2569,161.23,278.26,-19.7559,-4.9215,,,0.20472,0
212.8200,71,37,4,1,67.00,389.00,capture,176.21,267.14,163.64,0,178.708,8.248,179.850,-18.58,20.57,147.67,-18.81,-7.85,174.25,53.514,53.990,-19.9861,-4.5882,176.21,267.14,-19.8595,-4.7715,,,0.22972,0
212.9127,71,37,4,1,67.00,389.00,capture,184.68,250.49,181.75,0,178.660,8.276,179.826,-18.55,20.33,147.55,-18.24,-8.28,173.86,53.034,54.452,-19.5473,-4.5012,184.68,250.49,-19.7190,-4.6499,,,0.18856,0
213.0103,71,37,4,1,67.00,389.00,capture,173.51,262.79,165.15,0,178.691,8.139,179.888,-18.51,20.31,147.57,-17.81,-8.80,173.76,53.148,54.232,-20.3426,-5.0161,173.51,262.79,-19.9996,-4.8147,,,0.19292,0
213.1058,71,37,4,1,67.00,389.00,capture,192.26,272.11,171.33,0,178.683,8.215,179.875,-18.46,20.24,147.65,-18.38,-7.03,173.53,53.187,54.462,-20.3335,-4.2233,192.26,272.11,-20.1499,-4.5485,,,0.20243,0
213.2195,71,37,4,1,67.00,389.00,capture,180.64,245.53,183.02,0,178.682,8.374,179.866,-18.30,20.06,147.40,-18.34,-7.49,173.01,53.480,54.472,-20.4637,-4.9195,180.64,245.53,-20.2911,-4.7155,,,0.19278,0
213.3266,71,37,4,1,67.00,389.00,capture,210.81,254.00,197.25,0,178.723,8.425,179.871,-18.28,20.15,147.18,-17.99,-8.90,173.27,53.359,54.428,-20.0221,-3.0290,210.81,254.00,-20.1701,-3.9565,,,0.18513,0
213.4170,71,37,4,1,67.00,389.00,capture,178.26,241.01,185.15,0,178.823,8.478,179.872,-18.27,20.15,147.12,-17.29,-8.35,173.10,53.262,54.524,-18.5032,-4.8609,178.26,241.01,-19.4200,-4.3635,,,0.15628,0
213.5173,71,37,4,1,67.00,389.00,capture,175.66,272.05,159.64,0,178.722,8.478,179.894,-18.10,20.00,146.86,-18.35,-9.02,172.98,53.455,54.858,-20.8911,-4.7265,175.66,272.05,-20.0820,-4.5268,,,0.19592,0
213.6166,71,37,4,1,67.00,389.00,capture,171.03,275.97,153.62,0,178.806,8.458,179.907,-18.05,20.16,146.95,-17.38,-8.82,173.21,53.585,55.103,-20.0250,-4.7849,171.03,275.97,-20.0563,-4.6429,,,0.20100,0
213.7097,71,37,4,1,67.00,389.00,capture,196.55,281.12,168.59,0,178.774,8.445,179.884,-18.03,20.13,147.28,-18.17,-8.66,173.49,53.346,54.527,-20.1506,-3.2905,196.55,281.12,-20.0987,-4.0343,,,0.19365,0
213.8210,71,37,4,1,67.00,389.00,capture,177.75,269.97,162.58,0,178.679,8.556,179.877,-17.77,20.04,147.19,-17.32,-8.00,173.17,53.675,54.519,-20.7902,-4.5248,177.75,269.97,-20.4099,-4.2550,,,0.20314,0
213.9939,72,0,0,0,22.33,43.22,dwell,168.76,131.07,170.76,0,178.773,8.358,179.867,-17.78,20.29,147.24,-17.58,-8.51,174.04,53.826,54.830,-14.5077,-4.8878,168.76,131.07,-14.5077,-4.8878,,,0.21436,0
214.0815,72,0,0,0,22.33,43.22,dwell,240.16,443.89,456.05,0,178.819,8.217,179.873,-17.91,20.36,147.02,-17.70,-7.32,173.46,53.932,54.794,-27.9173,-1.7264,240.16,443.89,-20.5421,-3.4652,,,0.19850,0
214.1848,72,0,0,0,22.33,43.22,dwell,206.74,200.29,242.23,0,178.875,8.138,179.863,-18.07,20.55,147.03,-17.70,-7.17,173.19,53.879,54.764,-17.5139,-3.5831,206.74,200.29,-19.1794,-3.5183,,,0.22080,0
214.2844,72,0,0,0,22.33,43.22,dwell,204.14,366.17,370.61,0,178.705,8.062,179.849,-18.05,20.77,147.07,-17.15,-8.47,173.15,53.941,54.259,-24.2006,-3.2372,204.14,366.17,-21.4389,-3.3918,,,0.21667,0
214.3841,72,0,0,0,22.33,43.22,dwell,85.40,212.22,180.38,0,178.714,7.961,179.844,-18.12,20.66,147.22,-17.83,-8.88,173.07,53.710,54.037,-18.5512,-8.9004,85.40,212.22,-20.1395,-5.8707,,,0.21377,0
214.4784,72,0,0,0,22.33,43.22,dwell,144.86,278.38,265.16,0,178.639,7.907,179.851,-18.27,20.49,147.48,-17.53,-8.97,174.04,53.798,53.797,-20.3812,-6.2927,144.86,278.38,-20.2483,-6.0606,,,0.21861,0
214.5632,72,0,0,0,22.33,43.22,dwell,116.35,299.42,272.90,0,178.801,7.970,179.833,-18.24,20.52,147.41,-18.11,-7.64,174.05,53.840,53.877,-21.1567,-7.5668,116.35,299.42,-20.6571,-6.7384,,,0.19439,0
214.6733,72,0,0,0,22.33,43.22,dwell,35.32,256.95,214.12,0,178.770,7.987,179.811,-18.32,20.48,147.46,-17.57,-8.78,174.09,54.218,53.774,-20.1814,-10.8990,35.32,256.95,-20.4430,-8.6106,,,0.24685,0
214.7677,72,0,0,0,22.33,43.22,dwell,26.30,238.72,195.54,0,178.741,7.882,179.813,-18.20,20.59,147.48,-18.18,-7.65,172.91,54.121,53.989,-18.8253,-11.5751,26.30,238.72,-19.7151,-9.9446,,,0.22985,0
214.8504,72,0,0,0,22.33,43.22,dwell,19.84,294.13,250.92,0,178.764,7.673,179.798,-18.33,20.65,147.67,-18.09,-7.55,173.98,54.059,53.902,-21.8098,-12.8388,19.84,294.13,-20.6577,-11.2470,,,0.21583,0
214.9389,72,0,0,0,22.33,43.22,dwell,12.66,245.80,202.81,0,178.759,7.596,179.831,-18.34,20.70,147.52,-17.48,-7.43,174.30,54.120,53.979,-19.1508,-12.2329,12.66,245.80,-19.9796,-11.6907,,,0.21047,0
215.0249,72,0,0,0,22.33,43.22,capture,-42.97,240.92,208.20,0,178.810,7.571,179.812,-18.42,20.73,147.58,-17.67,-7.79,174.39,54.151,53.904,-18.9524,-15.1231,-42.97,240.92,-19.5173,-13.2353,,,0.21957,0
215.1385,72,0,0,0,22.33,43.22,capture,-22.92,256.20,217.73,0,178.823,7.490,179.814,-18.38,20.73,147.64,-17.86,-8.28,174.15,53.528,54.454,-20.4031,-13.9167,-22.92,256.20,-19.9159,-13.5419,,,0.19768,0
215.2301,72,0,0,0,22.33,43.22,capture,-12.20,273.22,232.58,0,178.863,7.488,179.826,-18.44,20.79,147.67,-18.22,-7.62,174.41,53.102,54.477,-20.9082,-13.7176,-12.20,273.22,-20.3625,-13.6210,,,0.18434,0
215.3329,72,0,0,0,22.33,43.22,capture,-4.24,262.14,220.52,0,178.949,7.472,179.815,-18.37,20.68,147.40,-17.53,-7.72,173.72,53.239,54.225,-20.2120,-13.2895,-4.24,262.14,-20.2947,-13.4718,,,0.20371,0
215.4194,72,0,0,0,22.33,43.22,capture,6.11,301.36,258.65,0,178.936,7.414,179.814,-18.35,20.54,147.47,-18.11,-8.06,173.44,53.581,54.273,-21.5930,-13.1024,6.11,301.36,-20.8790,-13.3056,,,0.21132,0
215.5140,72,0,0,0,22.33,43.22,capture,-18.81,253.35,214.12,0,178.794,7.243,179.789,-18.34,20.56,147.53,-18.46,-8.33,173.62,53.728,53.537,-20.0592,-14.8293,-18.81,253.35,-20.5101,-13.9913,,,0.18872,0
215.6085,72,0,0,0,22.33,43.22,capture,-34.35,257.55,221.70,0,178.806,7.269,179.748,-18.40,20.65,147.47,-18.09,-7.01,173.19,53.728,53.470,-20.4889,-13.6958,-34.35,257.55,-20.5005,-13.8583,,,0.19924,0
215.7097,72,0,0,0,22.33,43.22,capture,-19.61,278.22,238.71,0,178.732,7.324,179.760,-18.46,20.43,147.53,-18.23,-7.68,174.04,53.721,53.419,-20.1358,-13.4083,-19.61,278.22,-20.3364,-13.6558,,,0.22857,0
215.8044,72,0,0,0,22.33,43.22,capture,-39.09,249.57,215.30,0,178.759,7.409,179.768,-18.41,20.48,147.44,-17.76,-8.65,173.79,53.429,53.644,-19.4079,-14.7375,-39.09,249.57,-19.9186,-14.1426,,,0.18798,0
215.9270,72,0,0,0,22.33,43.22,capture,-15.91,268.24,228.24,0,178.914,7.482,179.767,-18.45,20.53,147.60,-17.59,-8.47,174.11,53.689,53.561,-20.9953,-13.8089,-15.91,268.24,-20.4031,-13.9924,,,0.21751,0
216.0253,72,0,0,0,22.33,43.22,capture,-7.65,240.06,199.11,0,178.925,7.477,179.750,-18.41,20.55,147.55,-18.05,-8.18,174.15,53.711,53.895,-19.3217,-12.9604,-7.65,240.06,-19.9165,-13.5280,,,0.21373,0
216.1255,72,0,0,0,22.33,43.22,capture,-19.46,254.37,215.24,0,178.856,7.532,179.767,-18.34,20.60,147.44,-17.43,-7.62,173.44,54.059,53.712,-19.5507,-13.9519,-19.46,254.37,-19.7519,-13.7188,,,0.23026,0
216.2272,72,0,0,0,22.33,43.22,capture,-27.89,253.23,215.93,0,178.807,7.434,179.790,-18.42,20.56,147.22,-17.97,-8.38,173.45,53.936,53.529,-19.1127,-13.5990,-27.89,253.23,-19.4643,-13.6649,,,0.22229,0
216.3092,72,0,0,0,22.33,43.22,capture,-22.94,283.31,244.32,0,178.911,7.453,179.810,-18.57,20.68,147.32,-18.65,-7.30,172.92,53.787,53.712,-21.1722,-13.8430,-22.94,283.31,-20.2328,-13.7450,,,0.21302,0
216.4199,72,0,0,0,22.33,43.22,capture,-8.76,280.59,239.40,0,178.956,7.547,179.839,-18.59,20.74,147.37,-17.83,-7.16,173.84,53.885,53.782,-19.6219,-12.6483,-8.76,280.59,-19.9579,-13.2515,,,0.24004,0
216.5186,72,0,0,0,22.33,43.22,capture,-12.94,258.77,218.41,0,178.898,7.610,179.807,-18.55,20.68,147.34,-18.24,-8.55,173.82,53.972,53.724,-19.8225,-13.1462,-12.94,258.77,-19.8970,-13.2041,,,0.19843,0
216.6015,72,0,0,0,22.33,43.22,capture,-0.15,252.36,210.34,0,178.943,7.597,179.814,-18.40,20.60,147.43,-17.52,-9.01,173.27,53.647,53.561,-19.7272,-13.2431,-0.15,252.36,-19.8206,-13.2217,,,0.22531,0
216.6844,72,0,0,0,22.33,43.22,capture,-16.24,259.88,220.06,0,178.867,7.362,179.806,-18.47,20.63,147.54,-18.52,-8.30,174.04,53.798,54.041,-20.2984,-13.5256,-16.24,259.88,-20.0356,-13.3584,,,0.21046,0
216.7709,72,0,0,0,22.33,43.22,capture,-15.88,248.82,209.12,0,178.752,7.401,179.813,-18.47,20.58,147.73,-17.48,-8.80,174.22,53.695,54.208,-19.1697,-13.3065,-15.88,248.82,-19.6459,-13.3351,,,0.22785,0
216.8568,72,0,0,0,22.33,43.22,capture,0.91,246.65,204.55,0,178.737,7.282,179.829,-18.54,20.63,147.71,-18.68,-7.86,174.38,53.442,53.932,-18.8936,-13.2521,0.91,246.65,-19.3074,-13.2977,,,0.19825,0
217.0283,73,60,6,6,290.33,561.89,dwell,41.05,373.92,312.21,0,178.691,7.408,179.806,-18.64,20.63,147.70,-18.58,-8.19,173.82,53.850,54.257,-24.2897,-11.1691,41.05,373.92,-24.2897,-11.1691,,,0.23319,0
217.1529,73,60,6,6,290.33,561.89,dwell,51.71,291.51,360.62,0,178.779,7.450,179.825,-18.79,20.67,147.38,-18.55,-8.99,173.55,54.254,54.675,-20.9142,-9.6727,51.71,291.51,-22.7708,-10.4957,,,0.22154,0
217.2455,73,60,6,6,290.33,561.89,dwell,128.76,359.13,259.26,0,178.886,7.499,179.814,-18.83,20.72,147.38,-18.83,-8.21,173.91,53.701,54.900,-23.9711,-6.8170,128.76,359.13,-23.3109,-8.8403,,,0.21527,0
217.3520,73,60,6,6,290.33,561.89,dwell,145.28,320.88,281.29,0,178.899,7.539,179.816,-18.67,20.69,147.69,-18.58,-7.62,174.76,53.652,54.664,-22.2077,-5.9943,145.28,320.88,-22.8145,-7.5596,,,0.21964,0
217.4477,73,60,6,6,290.33,561.89,dwell,154.51,400.65,210.82,0,178.856,7.613,179.851,-18.67,20.84,147.75,-18.41,-7.87,173.86,53.643,54.610,-25.3758,-5.3828,154.51,400.65,-23.9671,-6.5800,,,0.16621,0
217.5538,73,60,6,6,290.33,561.89,dwell,250.11,383.42,182.95,0,178.764,7.712,179.836,-18.56,20.80,147.51,-18.61,-7.81,173.87,53.212,54.295,-24.8647,-0.8739,250.11,383.42,-24.3710,-4.0123,,,0.20990,0
217.6637,73,60,6,6,290.33,561.89,dwell,212.40,379.74,198.12,0,178.715,7.738,179.792,-18.47,20.83,147.69,-17.84,-7.50,173.87,53.457,54.099,-25.4386,-2.2865,212.40,379.74,-24.8514,-3.2357,,,0.20138,0
217.7690,73,60,6,6,290.33,561.89,dwell,244.02,405.31,163.28,0,178.789,7.742,179.800,-18.49,20.85,147.60,-18.22,-8.35,173.66,53.674,54.275,-25.4385,-1.9773,244.02,405.31,-25.1156,-2.6694,,,0.20057,0
217.8510,73,60,6,6,290.33,561.89,capture,253.89,428.67,138.11,0,178.819,7.811,179.814,-18.54,20.93,147.41,-17.55,-7.04,173.22,53.853,54.065,-26.0545,-1.2411,253.89,428.67,-25.5381,-2.0267,,,0.21778,0
217.9649,73,60,6,6,290.33,561.89,capture,262.15,401.28,163.06,0,178.770,7.973,179.814,-18.54,20.63,147.66,-18.22,-7.49,174.21,53.856,54.229,-25.6334,-0.4358,262.15,401.28,-25.5810,-1.3108,,,0.23871,0
218.0854,73,60,6,6,290.33,561.89,capture,259.25,399.80,165.04,0,178.825,8.044,179.814,-18.47,20.57,147.62,-18.04,-7.73,173.26,53.609,54.261,-25.0184,-0.7185,259.25,399.80,-25.3278,-1.0442,,,0.19127,0
218.1766,73,60,6,6,290.33,561.89,capture,237.58,442.71,130.33,0,178.877,8.116,179.806,-18.53,20.50,147.54,-17.88,-8.68,174.07,53.745,54.521,-26.6555,-2.1007,237.58,442.71,-25.9253,-1.5197,,,0.20313,0
218.2953,73,60,6,6,290.33,561.89,capture,263.78,415.60,148.68,0,178.968,7.994,179.811,-18.56,20.45,147.61,-17.26,-7.83,173.98,54.008,54.591,-26.2533,-0.4489,263.78,415.60,-26.0729,-1.0378,,,0.24479,0
218.4174,73,60,6,6,290.33,561.89,capture,274.09,441.78,121.20,0,179.015,8.078,179.786,-18.57,20.50,147.90,-17.92,-8.53,174.64,53.535,54.319,-26.9648,0.0498,274.09,441.78,-26.4743,-0.5484,,,0.21121,0
218.5169,73,60,6,6,290.33,561.89,capture,256.44,458.19,109.10,0,179.051,7.971,179.778,-18.53,20.60,147.92,-18.48,-7.39,173.98,53.782,54.395,-27.3841,-0.8499,256.44,458.19,-26.8837,-0.6841,,,0.21560,0
218.6050,73,60,6,6,290.33,561.89,capture,246.61,407.05,160.89,0,179.158,7.929,179.805,-18.60,20.57,148.09,-18.51,-8.93,175.06,53.883,54.434,-25.7318,-1.6192,246.61,407.05,-26.3653,-1.1049,,,0.23148,0
218.6997,73,60,6,6,290.33,561.89,capture,272.95,457.12,106.20,0,179.090,7.941,179.824,-18.77,20.58,148.13,-17.71,-7.78,174.75,54.098,54.409,-27.7789,-0.3363,272.95,457.12,-27.0014,-0.7590,,,0.22774,0
218.8031,73,60,6,6,290.33,561.89,capture,236.38,438.55,134.62,0,179.103,7.894,179.801,-18.79,20.49,148.22,-18.30,-7.41,174.03,54.083,54.654,-26.6986,-1.4856,236.38,438.55,-26.8651,-1.0860,,,0.21682,0
218.9067,73,60,6,6,290.33,561.89,capture,258.21,437.45,128.52,0,179.064,8.110,179.770,-18.72,20.49,147.82,-18.54,-7.60,174.28,53.749,54.661,-26.7865,-0.9430,258.21,437.45,-26.8298,-1.0216,,,0.19633,0
219.0026,73,60,6,6,290.33,561.89,capture,230.91,430.67,144.05,0,179.068,8.032,179.755,-18.62,20.56,147.91,-18.55,-8.08,174.69,53.742,54.569,-26.7323,-1.4670,230.91,430.67,-26.7859,-1.2221,,,0.22862,0
219.0857,73,60,6,6,290.33,561.89,capture,222.52,430.29,148.04,0,179.121,8.074,179.762,-18.58,20.68,147.98,-18.42,-7.81,174.62,53.845,54.152,-27.6605,-2.6083,222.52,430.29,-27.1795,-1.8459,,,0.20173,0
219.1818,73,60,6,6,290.33,561.89,capture,247.94,442.28,126.90,0,179.189,8.013,179.748,-18.55,20.61,148.10,-18.25,-8.12,174.50,53.735,54.165,-27.0470,-1.7776,247.94,442.28,-27.1199,-1.8151,,,0.22566,0
219.2829,73,60,6,6,290.33,561.89,capture,247.33,439.49,129.73,0,179.217,8.104,179.755,-18.58,20.78,148.05,-18.66,-7.27,174.09,53.513,53.597,-27.5825,-0.5503,247.33,439.49,-27.3280,-1.2460,,,0.21926,0
219.3866,73,60,6,6,290.33,561.89,capture,277.00,433.62,128.96,0,179.144,7.969,179.753,-18.67,20.42,147.72,-17.62,-8.49,173.79,52.988,53.463,-25.4916,-0.0792,277.00,433.62,-26.5016,-0.7209,,,0.20979,0
219.4721,73,60,6,6,290.33,561.89,capture,244.08,447.98,122.94,0,179.123,7.945,179.739,-18.53,20.46,147.70,-18.01,-7.86,174.06,53.015,53.547,-26.8680,-1.6460,244.08,447.98,-26.6665,-1.1372,,,0.18794,0
219.5653,73,60,6,6,290.33,561.89,capture,235.14,435.04,138.34,0,179.067,8.020,179.721,-18.56,20.31,147.59,-18.52,-8.80,173.65,53.237,53.477,-27.4101,-1.7656,235.14,435.04,-27.0011,-1.4200,,,0.19841,0
219.6665,73,60,6,6,290.33,561.89,capture,246.62,425.63,143.10,0,179.119,8.074,179.761,-18.59,20.35,147.68,-18.00,-7.73,173.99,53.291,54.178,-26.6160,-1.1326,246.62,425.63,-26.8278,-1.2906,,,0.19709,0
219.7499,73,60,6,6,290.33,561.89,capture,262.53,428.59,136.17,0,178.976,8.026,179.772,-18.61,20.32,147.53,-18.18,-8.02,174.05,53.210,53.933,-26.0307,-1.1975,262.53,428.59,-26.4691,-1.2487,,,0.19137,0
219.9221,74,34,3,7,335.00,302.56,dwell,272.98,575.71,280.11,0,178.986,8.077,179.780,-18.61,20.36,147.19,-17.96,-7.89,173.46,53.268,54.038,-33.4901,0.1769,272.98,575.71,-33.4901,0.1769,,,0.21524,0
220.0166,74,34,3,7,335.00,302.56,dwell,432.72,308.76,97.92,0,178.947,7.981,179.760,-18.57,20.64,147.49,-18.05,-7.77,174.06,53.421,53.961,-21.4776,7.2556,432.72,308.76,-28.0845,3.3623,,,0.21285,0
220.1224,74,34,3,7,335.00,302.56,dwell,330.27,384.79,82.37,0,179.014,7.984,179.779,-18.59,20.77,147.54,-18.49,-7.37,174.16,53.541,53.844,-24.2462,2.3216,330.27,384.79,-26.3573,2.8940,,,0.22652,0
220.2251,74,34,3,7,335.00,302.56,dwell,348.08,379.54,78.09,0,179.039,8.007,179.779,-18.58,20.64,147.48,-18.47,-7.46,173.96,53.568,53.398,-25.0952,3.2707,348.08,379.54,-25.7893,3.0635,,,0.20828,0
220.3253,74,34,3,7,335.00,302.56,dwell,305.34,534.14,233.48,0,179.035,8.021,179.751,-18.54,20.91,147.47,-17.73,-7.66,173.92,53.308,53.418,-31.0559,1.2291,305.34,534.14,-28.1593,2.2380,,,0.19522,0
220.4168,74,34,3,7,335.00,302.56,dwell,356.19,454.40,153.32,0,179.034,7.816,179.751,-18.46,20.81,147.59,-17.86,-7.79,173.25,53.414,53.647,-26.3595,3.2423,356.19,454.40,-27.3494,2.6899,,,0.19966,0
220.5270,74,34,3,7,335.00,302.56,dwell,375.75,424.46,128.54,0,179.030,7.832,179.734,-18.34,20.97,147.44,-18.12,-7.10,174.12,53.633,53.842,-26.9007,5.0328,375.75,424.46,-27.1475,3.7442,,,0.18747,0
220.6115,74,34,3,7,335.00,302.56,dwell,375.23,457.83,160.40,0,179.060,8.014,179.738,-18.34,21.06,147.55,-18.11,-8.06,173.87,53.628,53.753,-27.9675,4.3226,375.23,457.83,-27.5165,4.0045,,,0.21729,0
220.6946,74,34,3,7,335.00,302.56,dwell,423.16,438.34,161.89,0,178.996,8.141,179.754,-18.33,21.01,147.41,-17.90,-7.58,173.76,54.015,53.782,-26.9422,6.9383,423.16,438.34,-27.2580,5.3247,,,0.23402,0
220.8085,74,34,3,7,335.00,302.56,capture,417.54,483.24,198.64,0,178.977,8.083,179.768,-18.28,21.05,147.56,-18.30,-8.22,173.87,53.682,53.412,-27.4251,7.3084,417.54,483.24,-27.3332,6.2173,,,0.23924,0
220.8906,74,34,3,7,335.00,302.56,capture,441.65,490.81,216.37,0,179.041,8.092,179.781,-18.36,21.10,147.55,-18.01,-6.58,174.48,53.699,53.412,-29.1710,7.5133,441.65,490.81,-28.1602,6.8005,,,0.18854,0
220.9882,74,34,3,7,335.00,302.56,capture,433.82,462.71,188.19,0,178.996,8.108,179.766,-18.35,21.13,147.39,-17.91,-7.31,173.63,53.670,54.043,-28.2762,7.2517,433.82,462.71,-28.2124,7.0036,,,0.18333,0
221.0717,74,34,3,7,335.00,302.56,capture,416.33,450.01,168.40,0,179.085,8.258,179.765,-18.46,20.96,147.34,-17.78,-6.85,173.67,53.472,53.797,-27.7669,6.7314,416.33,450.01,-28.0119,6.8811,,,0.21249,0
221.1676,74,34,3,7,335.00,302.56,capture,420.60,477.89,195.11,0,179.183,8.235,179.804,-18.47,21.09,147.35,-17.83,-8.21,173.82,53.410,53.397,-27.8660,7.0570,420.60,477.89,-27.9462,6.9603,,,0.20114,0
221.2561,74,34,3,7,335.00,302.56,capture,425.29,479.70,198.83,0,179.092,8.159,179.797,-18.44,20.85,147.27,-18.13,-7.64,173.72,52.931,53.665,-28.4200,6.8178,425.29,479.70,-28.1594,6.8962,,,0.22267,0
221.3649,74,34,3,7,335.00,302.56,capture,401.15,487.88,196.78,0,179.021,8.241,179.809,-18.55,20.84,147.50,-18.63,-6.11,173.69,53.006,53.466,-29.8858,5.8333,401.15,487.88,-28.9363,6.4179,,,0.21246,0
221.4607,74,34,3,7,335.00,302.56,capture,413.78,524.96,235.94,0,179.053,8.257,179.808,-18.59,20.95,147.66,-17.96,-7.06,173.69,53.054,53.721,-29.7287,7.0835,413.78,524.96,-29.2929,6.7174,,,0.23184,0
221.5611,74,34,3,7,335.00,302.56,capture,444.08,468.64,198.70,0,179.037,8.129,179.796,-18.60,20.90,147.81,-17.71,-7.94,174.41,53.311,53.883,-28.8011,7.2951,444.08,468.64,-29.0716,6.9774,,,0.20107,0
221.6750,74,34,3,7,335.00,302.56,capture,398.48,489.16,197.11,0,179.033,8.094,179.780,-18.52,21.09,147.79,-17.89,-7.59,174.35,53.293,53.869,-29.4696,5.5192,398.48,489.16,-29.2507,6.3212,,,0.20719,0
221.7731,74,34,3,7,335.00,302.56,capture,423.52,479.73,198.06,0,179.042,8.149,179.765,-18.50,20.97,147.79,-18.02,-8.00,174.07,53.446,53.955,-28.5793,6.3814,423.52,479.73,-28.9485,6.3483,,,0.21186,0
221.8551,74,34,3,7,335.00,302.56,capture,420.92,450.14,170.77,0,179.115,8.114,179.744,-18.39,21.02,147.72,-17.72,-8.04,173.77,53.366,54.180,-26.3667,7.0153,420.92,450.14,-27.7867,6.6485,,,0.19620,0
221.9546,74,34,3,7,335.00,302.56,capture,416.89,468.09,184.68,0,179.112,8.095,179.787,-18.43,20.99,147.79,-17.44,-7.81,174.41,53.529,53.830,-27.4928,6.0421,416.89,468.09,-27.6545,6.3756,,,0.19639,0
222.0702,74,34,3,7,335.00,302.56,capture,414.40,476.09,190.84,0,179.149,7.989,179.781,-18.31,21.02,147.68,-18.47,-7.32,173.98,53.312,54.273,-28.9013,6.6126,414.40,476.09,-28.2155,6.4823,,,0.16536,0
222.1664,74,34,3,7,335.00,302.56,capture,410.90,498.07,209.73,0,179.188,8.060,179.811,-18.21,20.81,147.48,-17.79,-6.69,173.89,53.690,53.803,-28.2923,6.0498,410.90,498.07,-28.2501,6.2877,,,0.21429,0
222.2749,74,34,3,7,335.00,302.56,capture,420.96,469.29,187.59,0,179.197,8.122,179.809,-18.27,20.78,147.32,-18.21,-8.57,173.27,53.750,53.893,-27.7865,6.0305,420.96,469.29,-28.0415,6.1719,,,0.22547,0
222.3629,74,34,3,7,335.00,302.56,capture,428.54,497.27,216.02,0,179.079,8.148,179.797,-18.32,20.66,147.19,-18.15,-8.21,172.92,53.575,54.028,-29.0705,6.5948,428.54,497.27,-28.5045,6.3622,,,0.23468,0
222.4644,74,34,3,7,335.00,302.56,capture,423.36,486.74,204.28,0,179.050,8.177,179.782,-18.32,20.44,147.05,-17.52,-8.79,173.07,53.347,54.474,-28.7391,7.0881,423.36,486.74,-28.6101,6.6889,,,0.20658,0
222.5650,74,34,3,7,335.00,302.56,capture,420.57,463.76,182.51,0,178.849,8.108,179.797,-18.34,20.36,147.11,-18.38,-8.56,172.81,53.530,54.523,-27.9084,6.8086,420.57,463.76,-28.2943,6.7428,,,0.22611,0
222.6770,74,34,3,7,335.00,302.56,capture,407.02,484.82,195.98,0,178.948,8.122,179.820,-18.34,20.43,147.24,-18.60,-8.49,173.74,53.700,54.386,-27.8725,5.5742,407.02,484.82,-28.1045,6.2169,,,0.21113,0
222.8836,75,52,5,7,335.00,475.44,dwell,435.27,438.05,107.02,0,178.952,8.138,179.843,-18.40,20.53,146.99,-17.78,-7.83,172.84,53.870,54.517,-27.3580,7.1111,435.27,438.05,-27.3580,7.1111,,,0.22185,0
222.9957,75,52,5,7,335.00,475.44,dwell,443.72,442.73,113.54,0,178.860,8.190,179.844,-18.35,20.73,146.95,-17.60,-8.01,173.19,53.811,54.706,-26.8322,7.7195,443.72,442.73,-27.1214,7.3849,,,0.19121,0
223.0777,75,52,5,7,335.00,475.44,dwell,443.99,359.40,159.20,0,178.803,8.190,179.854,-18.43,21.00,146.87,-18.09,-7.48,173.00,53.363,54.284,-23.3315,7.5794,443.99,359.40,-25.4160,7.4724,,,0.16665,0
223.1708,75,52,5,7,335.00,475.44,dwell,373.80,337.32,143.47,0,178.815,8.233,179.844,-18.52,21.08,147.11,-18.14,-8.33,173.41,53.150,54.388,-23.0604,4.2517,373.80,337.32,-24.3560,6.0231,,,0.20386,0
223.2758,75,52,5,7,335.00,475.44,dwell,345.53,422.01,54.46,0,178.822,8.297,179.862,-18.40,21.00,147.01,-17.56,-7.34,173.49,53.509,54.476,-26.1235,2.7213,345.53,422.01,-25.1513,4.5373,,,0.20168,0
223.3666,75,52,5,7,335.00,475.44,dwell,438.45,220.23,275.38,0,178.785,8.321,179.864,-18.60,20.80,147.42,-18.38,-7.29,173.73,53.665,54.841,-18.2146,7.5692,438.45,220.23,-22.0298,5.9016,,,0.19142,0
223.4757,75,52,5,7,335.00,475.44,dwell,423.60,229.74,261.19,0,178.798,8.230,179.853,-18.49,20.72,147.68,-17.73,-7.24,174.24,53.228,54.342,-17.8087,6.3640,423.60,229.74,-20.1303,6.1097,,,0.18889,0
223.5844,75,52,5,7,335.00,475.44,dwell,382.68,192.03,287.40,0,178.837,8.329,179.858,-18.51,20.62,147.51,-17.80,-7.22,173.29,53.236,54.211,-17.3613,4.9327,382.68,192.03,-18.8843,5.5801,,,0.21284,0
223.6825,75,52,5,7,335.00,475.44,dwell,371.94,212.76,265.27,0,178.921,8.238,179.849,-18.55,20.65,147.56,-18.10,-7.94,173.66,53.249,54.647,-18.1952,4.6572,371.94,212.76,-18.5742,5.1648,,,0.20702,0
223.7937,75,52,5,7,335.00,475.44,dwell,371.34,174.26,303.37,0,178.855,8.231,179.850,-18.49,20.61,147.49,-17.85,-8.03,173.98,53.534,54.215,-15.9418,4.3858,371.34,174.26,-17.3896,4.8142,,,0.21580,0
223.8973,75,52,5,7,335.00,475.44,capture,410.30,116.59,366.67,0,178.803,8.451,179.839,-18.36,20.54,147.34,-17.86,-8.35,173.25,53.959,54.165,-14.5961,5.8847,410.30,116.59,-16.1325,5.2959,,,0.20735,0
224.0175,75,52,5,7,335.00,475.44,capture,409.57,116.57,366.54,0,178.600,8.387,179.824,-18.33,20.54,147.53,-18.03,-8.19,174.17,54.304,53.944,-14.4844,6.3382,409.57,116.57,-15.3909,5.7649,,,0.21531,0
224.1141,75,52,5,7,335.00,475.44,capture,412.22,148.60,335.84,0,178.571,8.200,179.826,-18.30,20.45,147.57,-18.00,-8.37,173.80,54.042,54.061,-15.8162,5.3112,412.22,148.60,-15.5822,5.5608,,,0.23728,0
224.2143,75,52,5,7,335.00,475.44,capture,421.88,133.75,352.57,0,178.605,8.165,179.817,-18.28,20.47,147.73,-17.89,-8.22,174.44,54.007,54.029,-15.2891,6.4880,421.88,133.75,-15.4503,5.9780,,,0.24522,0
224.3152,75,52,5,7,335.00,475.44,capture,416.48,143.98,341.33,0,178.817,8.145,179.793,-18.17,20.44,147.65,-17.76,-8.46,173.82,53.947,53.969,-15.2307,6.5482,416.48,143.98,-15.3515,6.2346,,,0.22902,0
224.4241,75,52,5,7,335.00,475.44,capture,399.40,136.23,345.27,0,178.757,8.356,179.818,-18.22,20.34,147.76,-17.90,-7.50,174.21,53.770,53.809,-13.3716,5.5260,399.40,136.23,-14.4605,5.9157,,,0.21646,0
224.5273,75,52,5,7,335.00,475.44,capture,403.19,147.06,335.39,0,178.719,8.343,179.803,-18.32,20.20,147.74,-17.78,-8.74,173.90,53.631,54.007,-15.1535,5.7438,403.19,147.06,-14.7724,5.8383,,,0.21071,0
224.6260,75,52,5,7,335.00,475.44,capture,405.81,175.26,308.42,0,178.718,8.379,179.784,-18.27,20.01,147.75,-18.47,-8.02,173.98,53.826,54.118,-16.5032,5.8966,405.81,175.26,-15.5512,5.8646,,,0.23013,0
224.7346,75,52,5,7,335.00,475.44,capture,398.64,126.13,355.06,0,178.730,8.460,179.788,-18.25,20.21,147.98,-17.79,-8.27,174.81,53.893,54.013,-14.7101,5.3813,398.64,126.13,-15.1727,5.6471,,,0.21916,0
224.8410,75,52,5,7,335.00,475.44,capture,406.16,153.58,329.64,0,178.723,8.383,179.783,-18.29,20.43,148.01,-18.51,-8.32,174.95,53.822,54.512,-15.3473,5.1962,406.16,153.58,-15.2513,5.4442,,,0.22543,0
224.9301,75,52,5,7,335.00,475.44,capture,429.39,138.06,350.34,0,178.731,8.368,179.789,-18.28,20.32,147.99,-17.41,-8.79,174.53,53.884,54.689,-14.4105,6.5601,429.39,138.06,-14.8730,5.9464,,,0.22899,0
225.0240,75,52,5,7,335.00,475.44,capture,406.70,157.20,326.22,0,178.661,8.370,179.809,-18.23,20.35,147.89,-17.37,-8.50,174.29,53.753,54.720,-16.1496,5.6427,406.70,157.20,-15.4474,5.8097,,,0.22855,0
225.1312,75,52,5,7,335.00,475.44,capture,401.39,121.95,359.67,0,178.831,8.262,179.824,-18.21,20.48,148.01,-17.66,-7.79,174.40,53.860,54.825,-14.5438,5.0386,401.39,121.95,-15.0408,5.4627,,,0.21721,0
225.2192,75,52,5,7,335.00,475.44,capture,414.26,158.95,326.27,0,178.835,8.193,179.809,-18.24,20.26,148.10,-17.16,-8.22,174.68,53.769,54.580,-15.8198,6.7858,414.26,158.95,-15.3913,6.0581,,,0.22580,0
225.3068,75,52,5,7,335.00,475.44,capture,405.75,136.70,346.05,0,178.859,8.202,179.810,-18.32,20.36,148.09,-17.95,-8.01,174.07,53.952,54.589,-14.6548,6.3232,405.75,136.70,-15.0599,6.1774,,,0.21728,0
225.3973,75,52,5,7,335.00,475.44,capture,425.15,151.91,335.86,0,178.983,8.391,179.820,-18.28,20.40,147.89,-17.77,-8.36,174.55,54.126,54.164,-16.3120,7.0774,425.15,151.91,-15.6233,6.5824,,,0.23616,0
225.4955,75,52,5,7,335.00,475.44,capture,400.34,171.28,311.10,0,178.873,8.433,179.811,-18.28,20.54,148.02,-18.01,-7.66,174.85,53.977,54.573,-15.7082,5.5515,400.34,171.28,-15.6615,6.1185,,,0.23494,0
225.5862,75,52,5,7,335.00,475.44,capture,390.25,160.89,319.37,0,178.814,8.338,179.833,-18.33,20.47,147.96,-18.00,-9.11,174.49,53.914,54.640,-16.3578,5.8939,390.25,160.89,-15.9748,6.0174,,,0.21565,0
225.6994,75,52,5,7,335.00,475.44,capture,399.25,145.56,336.08,0,178.790,8.407,179.823,-18.37,20.48,148.06,-17.75,-8.13,175.21,54.129,54.436,-15.3730,5.7674,399.25,145.56,-15.7040,5.9049,,,0.21526,0
225.8023,75,52,5,7,335.00,475.44,capture,413.28,155.56,329.32,0,178.763,8.361,179.837,-18.34,20.54,148.15,-17.87,-7.97,174.66,54.243,54.474,-15.4516,6.4626,413.28,155.56,-15.5904,6.1559,,,0.22756,0
225.9746,76,62,6,8,379.67,561.89,dwell,421.92,288.15,276.98,0,178.829,8.338,179.827,-18.26,20.37,148.16,-17.80,-7.90,174.67,54.076,54.597,-21.2830,6.5826,421.92,288.15,-21.2830,6.5826,,,0.22053,0
226.0814,76,62,6,8,379.67,561.89,dwell,334.82,310.08,255.77,0,178.759,8.316,179.824,-18.33,20.62,148.14,-17.40,-7.85,174.53,54.095,54.667,-22.7590,2.6503,334.82,310.08,-21.9472,4.8131,,,0.22120,0
226.1919,76,62,6,8,379.67,561.89,dwell,347.64,340.90,223.30,0,178.797,8.284,179.785,-18.36,20.67,147.97,-17.35,-8.31,174.39,54.235,54.813,-22.1920,3.1079,347.64,340.90,-22.0574,4.0458,,,0.23354,0
226.2947,76,62,6,8,379.67,561.89,dwell,353.46,442.84,121.90,0,178.650,8.248,179.824,-18.33,20.61,147.65,-17.98,-7.87,173.92,53.813,54.705,-26.0569,3.4489,353.46,442.84,-23.8572,3.7772,,,0.21122,0
226.3906,76,62,6,8,379.67,561.89,dwell,351.40,450.08,115.33,0,178.884,8.269,179.840,-18.32,20.60,147.52,-17.68,-7.49,174.02,53.672,54.425,-27.2603,3.9386,351.40,450.08,-25.3886,3.8498,,,0.22685,0
226.4859,76,62,6,8,379.67,561.89,dwell,349.03,483.65,84.02,0,178.757,8.393,179.808,-18.26,20.50,147.35,-18.41,-7.45,174.03,53.565,54.047,-27.7705,4.1345,349.03,483.65,-26.4604,3.9779,,,0.21933,0
226.5839,76,62,6,8,379.67,561.89,dwell,263.94,533.37,119.19,0,178.812,8.327,179.801,-18.33,20.54,147.01,-18.20,-7.78,173.16,53.881,54.156,-30.4364,-0.0427,263.94,533.37,-28.2496,2.1686,,,0.20867,0
226.6747,76,62,6,8,379.67,561.89,dwell,244.82,532.59,137.99,0,178.773,8.432,179.810,-18.45,20.57,147.26,-17.62,-8.01,173.26,53.630,54.564,-30.3822,-1.2233,244.82,532.59,-29.2093,0.6423,,,0.21658,0
226.7879,76,62,6,8,379.67,561.89,capture,238.71,567.73,141.08,0,178.838,8.361,179.788,-18.50,20.55,147.13,-17.85,-7.62,173.11,53.497,54.482,-32.0704,-1.8035,238.71,567.73,-30.4968,-0.4583,,,0.22452,0
226.9010,76,62,6,8,379.67,561.89,capture,279.31,583.82,102.73,0,178.759,8.304,179.805,-18.46,20.65,147.25,-18.03,-7.48,173.57,53.625,54.372,-31.9797,-0.2824,279.31,583.82,-31.1641,-0.3792,,,0.23006,0
227.0054,76,62,6,8,379.67,561.89,capture,271.20,585.69,111.05,0,178.873,8.298,179.792,-18.44,20.60,147.14,-17.89,-7.86,173.68,53.388,54.320,-32.8854,0.2469,271.20,585.69,-31.9387,-0.0974,,,0.19170,0
227.1148,76,62,6,8,379.67,561.89,capture,277.16,592.71,107.04,0,178.961,8.518,179.778,-18.44,20.68,147.39,-18.05,-7.50,173.77,53.559,54.388,-32.6623,0.0473,277.16,592.71,-32.2643,-0.0323,,,0.21280,0
227.2080,76,62,6,8,379.67,561.89,capture,258.44,592.38,125.00,0,179.002,8.651,179.798,-18.40,20.60,147.33,-18.42,-8.84,173.72,53.990,54.269,-32.3850,-0.8720,258.44,592.38,-32.3186,-0.4102,,,0.24603,0
227.2953,76,62,6,8,379.67,561.89,capture,239.34,599.11,145.18,0,179.044,8.676,179.805,-18.40,20.51,147.43,-17.62,-7.34,173.82,53.785,54.341,-33.7359,-1.4566,239.34,599.11,-32.9564,-0.8811,,,0.21478,0
227.4117,76,62,6,8,379.67,561.89,capture,249.09,562.73,130.58,0,179.051,8.525,179.826,-18.37,20.47,147.76,-17.98,-8.14,173.79,53.881,54.408,-31.2169,-0.7437,249.09,562.73,-32.1736,-0.8192,,,0.21415,0
227.5180,76,62,6,8,379.67,561.89,capture,259.20,580.32,121.87,0,179.115,8.496,179.830,-18.33,20.43,147.71,-17.88,-8.14,174.01,54.289,54.196,-31.7656,-1.1162,259.20,580.32,-31.9900,-0.9529,,,0.23433,0
227.6356,76,62,6,8,379.67,561.89,capture,277.98,556.75,101.82,0,179.155,8.501,179.799,-18.19,20.61,147.84,-17.58,-8.85,174.37,53.993,54.140,-31.5127,-0.0093,277.98,556.75,-31.7752,-0.5283,,,0.24337,0
227.7338,76,62,6,8,379.67,561.89,capture,276.92,588.37,106.10,0,179.020,8.602,179.836,-18.10,20.53,147.61,-17.96,-7.34,174.05,54.022,54.049,-32.6094,0.4818,276.92,588.37,-32.1506,-0.0737,,,0.20630,0
227.8311,76,62,6,8,379.67,561.89,capture,266.60,581.48,114.75,0,178.943,8.723,179.827,-18.11,20.66,147.58,-17.66,-8.53,174.77,53.954,54.464,-32.0821,-0.4667,266.60,581.48,-32.1198,-0.2506,,,0.21571,0
227.9316,76,62,6,8,379.67,561.89,capture,242.94,566.06,136.79,0,178.831,8.819,179.821,-18.08,20.59,147.80,-17.64,-8.01,174.21,54.174,54.376,-32.1201,-1.2954,242.94,566.06,-32.1199,-0.7207,,,0.20413,0
228.0408,76,62,6,8,379.67,561.89,capture,271.60,576.44,109.04,0,178.781,8.819,179.827,-18.00,20.52,147.97,-17.60,-7.46,173.96,53.891,54.137,-31.6755,-0.0100,271.60,576.44,-31.9199,-0.4009,,,0.22114,0
228.1356,76,62,6,8,379.67,561.89,capture,273.17,588.57,109.79,0,178.777,8.745,179.826,-18.06,20.79,147.86,-18.17,-8.07,174.27,53.768,54.139,-31.7984,0.1181,273.17,588.57,-31.8653,-0.1673,,,0.22407,0
228.2251,76,62,6,8,379.67,561.89,capture,256.49,584.68,125.27,0,178.852,8.826,179.823,-18.22,20.90,147.74,-18.11,-8.06,174.09,53.558,54.197,-32.7795,-0.6021,256.49,584.68,-32.2767,-0.3630,,,0.19099,0
228.3274,76,62,6,8,379.67,561.89,capture,251.02,580.01,129.92,0,178.927,8.830,179.843,-18.23,20.79,147.66,-18.21,-7.70,174.23,53.089,54.247,-32.7806,-1.3656,251.02,580.01,-32.5035,-0.8142,,,0.21210,0
228.4240,76,62,6,8,379.67,561.89,capture,256.43,572.44,123.69,0,178.834,8.624,179.860,-18.12,20.96,147.88,-17.92,-7.71,174.34,53.022,54.083,-31.4975,-1.0813,256.43,572.44,-32.0508,-0.9344,,,0.20082,0
228.5329,76,62,6,8,379.67,561.89,capture,259.27,563.89,120.41,0,178.760,8.624,179.807,-18.09,20.91,147.65,-17.52,-7.53,173.89,53.101,54.250,-32.2429,-1.0015,259.27,563.89,-32.1372,-0.9646,,,0.17206,0
228.6269,76,62,6,8,379.67,561.89,capture,270.98,581.00,110.35,0,178.811,8.556,179.803,-18.05,20.75,147.48,-18.26,-8.17,173.53,53.454,54.089,-32.2761,-0.3846,270.98,581.00,-32.1997,-0.7036,,,0.19575,0
228.7302,76,62,6,8,379.67,561.89,capture,247.35,593.42,136.02,0,178.821,8.608,179.828,-18.10,20.69,147.32,-17.74,-7.56,173.49,53.750,54.181,-33.0177,-1.2222,247.35,593.42,-32.5678,-0.9370,,,0.20603,0
228.9546,77,13,1,4,201.00,129.67,dwell,264.52,525.26,400.66,0,178.829,8.486,179.818,-18.29,20.80,147.27,-18.00,-7.87,173.98,53.448,54.204,-29.9212,-0.7894,264.52,525.26,-29.9212,-0.7894,,,0.23206,0
229.0572,77,13,1,4,201.00,129.67,dwell,142.12,488.07,363.21,0,178.809,8.474,179.855,-18.21,20.79,147.21,-18.49,-7.84,173.54,53.494,54.165,-29.0741,-6.5075,142.12,488.07,-29.5400,-3.3626,,,0.22038,0
229.1420,77,13,1,4,201.00,129.67,dwell,129.42,307.20,191.42,0,178.806,8.494,179.831,-18.34,20.74,147.17,-18.01,-7.01,173.60,53.528,54.290,-21.9334,-7.2386,129.42,307.20,-26.1170,-5.1068,,,0.23480,0
229.2408,77,13,1,4,201.00,129.67,dwell,241.97,229.05,107.50,0,178.688,8.245,179.820,-18.26,20.73,147.42,-18.70,-7.62,173.95,53.585,54.224,-19.4318,-1.2334,241.97,229.05,-23.1087,-3.3637,,,0.19566,0
229.3228,77,13,1,4,201.00,129.67,dwell,246.74,296.95,173.42,0,178.680,8.226,179.820,-18.21,20.89,147.36,-17.75,-7.49,173.67,53.418,54.307,-21.7796,-1.3857,246.74,296.95,-22.5106,-2.4736,,,0.21971,0
229.4166,77,13,1,4,201.00,129.67,dwell,201.37,99.68,29.99,1,178.740,8.160,179.817,-18.24,20.94,147.29,-17.52,-7.37,173.30,53.716,54.400,-14.0466,-3.3846,201.37,99.68,-18.7018,-2.8836,,,0.19872,0
229.5126,77,13,1,4,201.00,129.67,dwell,184.89,149.39,25.47,1,178.708,8.103,179.848,-18.23,21.21,147.15,-17.05,-7.75,173.14,53.623,54.105,-15.5647,-3.9280,184.89,149.39,-17.2901,-3.3536,,,0.20826,0
229.6067,77,13,1,4,201.00,129.67,dwell,205.46,123.15,7.90,1,178.626,8.031,179.862,-18.28,21.17,147.03,-17.82,-7.42,173.25,53.581,54.182,-14.7555,-3.4909,205.46,123.15,-16.1495,-3.4154,,,0.21317,0
229.7083,77,13,1,4,201.00,129.67,dwell,255.01,57.67,90.00,0,178.795,8.005,179.863,-18.17,21.11,147.15,-17.05,-7.04,173.23,53.606,53.973,-12.6862,-0.5961,255.01,57.67,-14.5910,-2.1467,,,0.19508,0
229.7974,77,13,1,4,201.00,129.67,dwell,214.89,55.15,75.80,0,178.919,8.046,179.865,-18.17,21.02,146.97,-17.89,-8.27,173.16,53.983,53.873,-12.2446,-3.4551,214.89,55.15,-13.5351,-2.7355,,,0.22590,0
229.9169,77,13,1,4,201.00,129.67,capture,222.90,-8.91,140.30,0,178.884,7.820,179.845,-18.25,20.99,147.04,-18.03,-8.32,172.88,53.928,53.736,-9.3138,-2.7448,222.90,-8.91,-11.6356,-2.7397,,,0.21158,0
230.0180,77,13,1,4,201.00,129.67,capture,184.62,-20.81,151.37,0,178.801,7.817,179.841,-18.28,20.85,146.88,-17.38,-7.45,172.83,53.781,53.653,-8.9685,-4.3231,184.62,-20.81,-10.4354,-3.4522,,,0.22524,0
230.1120,77,13,1,4,201.00,129.67,capture,184.64,-7.88,138.52,0,178.767,7.836,179.885,-18.25,20.86,147.01,-17.97,-8.03,173.22,53.828,53.892,-9.9033,-5.2393,184.64,-7.88,-10.1959,-4.2564,,,0.21031,0
230.2193,77,13,1,4,201.00,129.67,capture,199.69,-23.68,153.35,0,178.846,7.795,179.883,-18.41,20.89,147.05,-17.12,-7.79,173.26,53.090,54.221,-9.5892,-3.4347,199.69,-23.68,-9.9229,-3.8866,,,0.22540,0
230.3111,77,13,1,4,201.00,129.67,capture,204.95,-27.19,156.91,0,178.844,7.825,179.888,-18.49,20.99,147.16,-18.55,-7.91,173.06,53.065,54.118,-8.2691,-3.9883,204.95,-27.19,-9.1787,-3.9324,,,0.21900,0
230.4177,77,13,1,4,201.00,129.67,capture,216.55,-38.79,169.17,0,178.859,7.809,179.883,-18.51,21.01,147.44,-18.14,-8.39,173.72,53.135,54.111,-8.2143,-3.8425,216.55,-38.79,-8.7447,-3.8919,,,0.20520,0
230.5284,77,13,1,4,201.00,129.67,capture,195.37,-29.49,159.26,0,178.950,7.692,179.866,-18.41,20.95,147.40,-18.20,-8.04,174.20,53.198,54.407,-9.2917,-3.6603,195.37,-29.49,-8.9909,-3.7877,,,0.17899,0
230.6279,77,13,1,4,201.00,129.67,capture,185.27,-7.54,138.11,0,178.888,7.648,179.881,-18.44,20.81,147.32,-17.76,-8.92,173.33,53.350,54.546,-9.5361,-4.5272,185.27,-7.54,-9.2362,-4.1205,,,0.22199,0
230.7308,77,13,1,4,201.00,129.67,capture,184.07,-20.94,151.56,0,178.811,7.591,179.878,-18.42,20.79,147.23,-17.93,-8.40,172.96,53.269,54.494,-9.1696,-4.6358,184.07,-20.94,-9.2062,-4.3524,,,0.20663,0
230.8245,77,13,1,4,201.00,129.67,capture,194.31,-31.19,161.00,0,178.693,7.473,179.856,-18.44,20.87,147.56,-17.85,-8.47,173.87,53.256,54.154,-8.0815,-3.6538,194.31,-31.19,-8.7001,-4.0380,,,0.20196,0
230.9185,77,13,1,4,201.00,129.67,capture,197.87,-5.09,134.79,0,178.784,7.395,179.876,-18.40,20.99,147.54,-17.53,-7.12,173.67,53.522,54.596,-9.8339,-3.8672,197.87,-5.09,-9.2103,-3.9612,,,0.20828,0
231.0285,77,13,1,4,201.00,129.67,capture,190.80,-4.52,134.57,0,178.817,7.416,179.892,-18.37,20.89,147.34,-17.99,-8.37,173.85,53.547,54.371,-9.4307,-4.2649,190.80,-4.52,-9.3095,-4.0978,,,0.20265,0
231.1206,77,13,1,4,201.00,129.67,capture,199.58,-1.64,131.31,0,178.868,7.192,179.865,-18.50,20.94,147.28,-17.95,-7.82,174.33,53.556,54.496,-8.8904,-3.5017,199.58,-1.64,-9.1209,-3.8296,,,0.23020,0
231.2262,77,13,1,4,201.00,129.67,capture,207.01,-15.08,144.87,0,178.814,7.195,179.862,-18.56,21.12,147.47,-17.99,-7.84,173.43,53.335,54.601,-8.5969,-2.4916,207.01,-15.08,-8.8851,-3.2275,,,0.19141,0
231.3275,77,13,1,4,201.00,129.67,capture,197.80,-27.82,157.52,0,178.801,7.137,179.846,-18.51,20.92,147.57,-17.83,-7.52,173.78,53.374,54.309,-10.0485,-3.6265,197.80,-27.82,-9.4086,-3.4070,,,0.21353,0
231.4178,77,13,1,4,201.00,129.67,capture,214.61,1.29,129.10,0,178.825,7.334,179.824,-18.54,20.95,147.58,-18.37,-7.67,173.93,53.163,54.493,-9.6701,-2.9135,214.61,1.29,-9.5263,-3.1850,,,0.18719,0
231.5272,77,13,1,4,201.00,129.67,capture,179.13,-26.80,157.99,0,178.800,7.422,179.828,-18.57,21.05,147.46,-18.21,-7.48,173.35,53.005,54.158,-9.2214,-4.4221,179.13,-26.80,-9.3891,-3.7417,,,0.16422,0
231.6238,77,13,1,4,201.00,129.67,capture,210.31,-15.81,145.77,0,178.796,7.408,179.844,-18.56,20.93,147.35,-18.27,-7.74,173.54,53.073,54.067,-8.9625,-3.5085,210.31,-15.81,-9.1971,-3.6368,,,0.21654,0
231.7305,77,13,1,4,201.00,129.67,capture,235.05,-22.39,155.82,0,178.866,7.470,179.838,-18.48,20.88,147.29,-18.32,-7.99,173.50,52.643,54.483,-9.4154,-2.5505,235.05,-22.39,-9.2954,-3.1480,,,0.18915,0
231.8204,77,13,1,4,201.00,129.67,capture,192.08,-24.73,154.65,0,178.905,7.599,179.820,-18.54,20.86,147.07,-18.02,-8.21,172.87,52.804,54.272,-9.8795,-3.7615,192.08,-24.73,-9.5582,-3.4241,,,0.20167,0
231.9806,78,14,1,5,245.67,129.67,dwell,195.24,-41.38,178.33,0,178.914,7.571,179.870,-18.51,20.59,147.18,-17.99,-7.53,172.88,53.122,54.344,-8.7360,-3.3711,195.24,-41.38,-8.7360,-3.3711,,,0.19385,0
232.0781,78,14,1,5,245.67,129.67,dwell,134.37,48.46,137.77,0,179.033,7.495,179.844,-18.63,20.82,147.30,-17.61,-8.35,173.82,53.381,54.226,-12.1755,-7.0416,134.37,48.46,-10.2838,-5.0228,,,0.20928,0
232.1736,78,14,1,5,245.67,129.67,dwell,173.49,44.65,111.52,0,179.075,7.413,179.833,-18.66,20.69,147.31,-17.76,-8.51,173.87,53.665,53.897,-11.5047,-4.7503,173.49,44.65,-10.8332,-4.9002,,,0.20216,0
232.2802,78,14,1,5,245.67,129.67,dwell,245.22,8.37,121.30,0,179.111,7.330,179.821,-18.60,20.62,147.27,-18.47,-7.04,173.65,53.980,53.651,-10.6225,-2.3108,245.22,8.37,-10.7384,-3.7350,,,0.21860,0
232.3874,78,14,1,5,245.67,129.67,dwell,212.39,-29.27,162.38,0,179.048,7.352,179.854,-18.65,20.72,147.23,-18.46,-8.19,173.58,54.207,53.594,-8.5648,-2.5306,212.39,-29.27,-9.7603,-3.1930,,,0.24954,0
232.4830,78,14,1,5,245.67,129.67,dwell,154.68,37.41,129.58,0,179.047,7.491,179.857,-18.66,20.82,147.24,-18.15,-7.83,173.61,54.208,53.556,-11.9402,-5.5992,154.68,37.41,-10.7412,-4.2758,,,0.23335,0
232.5742,78,14,1,5,245.67,129.67,dwell,191.80,9.96,131.27,0,178.868,7.627,179.849,-18.78,20.87,147.07,-18.86,-7.22,172.92,54.066,53.904,-9.6751,-3.4028,191.80,9.96,-10.2615,-3.8829,,,0.22192,0
232.6562,78,14,1,5,245.67,129.67,dwell,133.92,2.41,169.36,0,178.875,7.636,179.820,-18.71,20.82,147.14,-18.30,-7.69,173.22,53.811,54.356,-9.5078,-7.1412,133.92,2.41,-9.9223,-5.3492,,,0.20616,0
232.7463,78,14,1,5,245.67,129.67,dwell,136.18,27.42,149.81,0,178.859,7.623,179.797,-18.60,20.84,147.25,-18.40,-7.74,173.62,54.081,54.415,-9.8039,-6.1471,136.18,27.42,-9.8690,-5.7082,,,0.22579,0
232.8561,78,14,1,5,245.67,129.67,dwell,186.70,19.16,125.25,0,178.949,7.702,179.804,-18.63,20.88,147.31,-18.11,-7.93,173.97,54.028,54.304,-10.7011,-3.5429,186.70,19.16,-10.2435,-4.7338,,,0.24691,0
232.9703,78,14,1,5,245.67,129.67,dwell,158.73,-15.19,168.94,0,178.878,7.654,179.823,-18.62,20.68,147.48,-17.27,-7.54,173.99,54.276,54.263,-8.5030,-4.8894,158.73,-15.19,-9.4603,-4.8038,,,0.22224,0
233.0737,78,14,1,5,245.67,129.67,capture,168.94,-16.67,165.23,0,178.868,7.546,179.872,-18.50,20.65,147.48,-17.89,-6.94,173.28,54.028,54.377,-8.1357,-4.9827,168.94,-16.67,-8.8642,-4.8843,,,0.20123,0
233.1742,78,14,1,5,245.67,129.67,capture,171.51,15.09,136.48,0,178.723,7.521,179.853,-18.58,20.58,147.20,-18.53,-8.14,173.90,53.910,54.574,-10.0897,-4.0724,171.51,15.09,-9.4157,-4.5189,,,0.20832,0
233.2591,78,14,1,5,245.67,129.67,capture,181.41,10.22,135.63,0,178.825,7.671,179.825,-18.52,20.46,146.98,-18.09,-8.45,172.95,53.730,54.560,-10.2123,-4.7700,181.41,10.22,-9.7742,-4.6319,,,0.20977,0
233.3430,78,14,1,5,245.67,129.67,capture,158.29,-3.57,159.33,0,178.826,7.724,179.816,-18.52,20.37,146.92,-18.36,-8.16,172.76,54.057,54.629,-9.1969,-6.0445,158.29,-3.57,-9.5144,-5.2676,,,0.22506,0
233.4293,78,14,1,5,245.67,129.67,capture,167.80,27.65,128.34,0,178.819,7.720,179.785,-18.54,20.71,147.22,-18.05,-7.69,173.43,53.796,55.020,-11.1398,-5.2723,167.80,27.65,-10.2458,-5.2697,,,0.19763,0
233.5263,78,14,1,5,245.67,129.67,capture,160.19,11.76,145.63,0,178.825,7.754,179.785,-18.49,20.57,147.26,-17.33,-8.98,173.95,53.705,55.293,-10.4117,-5.3384,160.19,11.76,-10.3204,-5.3006,,,0.20588,0
233.6181,78,14,1,5,245.67,129.67,capture,168.39,-1.50,152.24,0,178.837,7.762,179.770,-18.27,20.50,147.27,-17.98,-7.73,173.07,53.477,54.640,-9.7394,-5.5808,168.39,-1.50,-10.0590,-5.4267,,,0.22189,0
233.7275,78,14,1,5,245.67,129.67,capture,171.77,-0.11,149.34,0,178.778,7.711,179.770,-18.34,20.57,147.19,-18.12,-8.52,173.08,53.602,54.735,-9.0038,-5.2866,171.77,-0.11,-9.5842,-5.3637,,,0.23612,0
233.8279,78,14,1,5,245.67,129.67,capture,166.74,-8.00,158.69,0,178.868,7.620,179.816,-18.25,20.44,147.14,-17.71,-7.75,173.36,53.754,54.314,-10.0529,-5.1359,166.74,-8.00,-9.7951,-5.2612,,,0.21933,0
233.9424,78,14,1,5,245.67,129.67,capture,173.54,16.56,134.15,0,178.935,7.366,179.809,-18.24,20.40,147.30,-17.84,-8.68,173.64,53.701,54.421,-9.9995,-4.4893,173.54,16.56,-9.8871,-4.9138,,,0.21752,0
234.0398,78,14,1,5,245.67,129.67,capture,146.63,3.89,160.09,0,178.859,7.386,179.812,-18.32,20.58,147.30,-17.81,-7.94,173.23,53.935,54.167,-9.4932,-6.0832,146.63,3.89,-9.7098,-5.4400,,,0.21827,0
234.1351,78,14,1,5,245.67,129.67,capture,160.84,19.68,138.90,0,178.930,7.379,179.815,-18.25,20.44,147.29,-18.25,-8.29,173.95,53.713,54.444,-11.3533,-5.3063,160.84,19.68,-10.4494,-5.3799,,,0.18376,0
234.2305,78,14,1,5,245.67,129.67,capture,168.23,23.91,131.08,0,178.843,7.452,179.834,-18.05,20.56,147.12,-17.89,-8.61,173.08,53.589,54.292,-10.4112,-4.8711,168.23,23.91,-10.4322,-5.1509,,,0.21132,0
234.3317,78,14,1,5,245.67,129.67,capture,165.96,-28.48,177.10,0,178.928,7.628,179.863,-18.15,20.53,146.91,-17.64,-8.20,173.17,53.901,54.416,-8.3436,-4.2535,165.96,-28.48,-9.4923,-4.7471,,,0.22419,0
234.4231,78,14,1,5,245.67,129.67,capture,189.83,7.55,134.28,0,178.980,7.662,179.859,-18.33,20.53,146.87,-18.48,-8.08,172.66,53.694,54.277,-9.1301,-4.0974,189.83,7.55,-9.3293,-4.4547,,,0.22662,0
234.5113,78,14,1,5,245.67,129.67,capture,157.76,22.77,138.40,0,178.856,7.653,179.865,-18.22,20.53,147.08,-17.53,-7.94,173.30,53.338,54.490,-10.9171,-5.4110,157.76,22.77,-10.0438,-4.8850,,,0.19678,0
234.6222,78,14,1,5,245.67,129.67,capture,169.28,5.39,145.88,0,178.790,7.715,179.846,-18.30,20.43,147.22,-17.80,-8.21,173.80,53.414,54.437,-9.9820,-5.4904,169.28,5.39,-10.0160,-5.1575,,,0.17716,0
234.7326,78,14,1,5,245.67,129.67,capture,169.21,14.26,138.44,0,178.687,7.749,179.849,-18.35,20.52,147.00,-17.45,-8.02,173.07,53.221,54.358,-10.8922,-4.9550,169.21,14.26,-10.4103,-5.0664,,,0.21262,0
234.8353,78,14,1,5,245.67,129.67,capture,168.21,-4.94,155.30,0,178.931,7.729,179.837,-18.17,20.59,146.89,-17.75,-7.12,172.73,53.476,54.233,-10.1017,-5.2943,168.21,-4.94,-10.2714,-5.1689,,,0.22415,0
234.9386,78,14,1,5,245.67,129.67,capture,167.68,41.76,117.51,0,178.827,7.722,179.833,-18.26,20.53,147.29,-17.68,-8.47,173.86,53.508,54.207,-12.1888,-5.3803,167.68,41.76,-11.1342,-5.2641,,,0.21203,0
235.1232,79,44,4,8,379.67,389.00,dwell,139.09,254.49,275.63,0,178.805,7.762,179.829,-18.19,20.71,147.66,-18.22,-8.16,174.22,53.493,54.347,-18.3160,-6.4201,139.09,254.49,-18.3160,-6.4201,,,0.17835,0
235.2132,79,44,4,8,379.67,389.00,dwell,170.02,141.42,324.42,0,178.909,7.820,179.827,-18.27,20.75,147.74,-17.41,-8.70,174.50,53.858,54.282,-14.9909,-5.2440,170.02,141.42,-16.8197,-5.8909,,,0.21841,0
235.3322,79,44,4,8,379.67,389.00,dwell,303.16,207.93,196.57,0,178.971,7.924,179.825,-18.35,20.67,147.74,-18.32,-7.36,173.46,53.927,54.571,-17.8365,1.4752,303.16,207.93,-17.2772,-2.5761,,,0.23921,0
235.4583,79,44,4,8,379.67,389.00,dwell,278.50,323.20,120.68,0,178.914,7.913,179.819,-18.36,20.61,147.81,-17.68,-8.50,174.49,54.569,54.183,-22.4682,-0.5841,278.50,323.20,-19.6132,-1.6797,,,0.23830,0
235.5690,79,44,4,8,379.67,389.00,dwell,290.67,279.33,141.24,0,179.018,8.022,179.821,-18.28,20.54,147.84,-17.61,-7.68,174.27,54.436,53.969,-20.5238,0.6459,290.67,279.33,-20.0229,-0.6332,,,0.21349,0
235.6673,79,44,4,8,379.67,389.00,dwell,327.28,249.25,149.25,0,179.013,8.162,179.812,-18.36,20.39,148.02,-18.11,-7.78,174.27,54.662,53.786,-19.8847,2.1655,327.28,249.25,-19.9607,0.6262,,,0.22404,0
235.7547,79,44,4,8,379.67,389.00,dwell,321.42,285.22,119.01,0,179.173,8.102,179.821,-18.52,20.27,147.80,-18.00,-8.69,174.52,54.656,53.957,-21.4485,1.7782,321.42,285.22,-20.6302,1.1446,,,0.24101,0
235.8467,79,44,4,8,379.67,389.00,dwell,325.15,372.29,57.02,0,179.096,8.116,179.788,-18.65,20.13,147.52,-17.98,-8.21,173.89,54.467,53.827,-24.4669,1.6283,325.15,372.29,-22.3567,1.3623,,,0.22917,0
235.9451,79,44,4,8,379.67,389.00,dwell,393.09,357.25,34.47,1,179.058,8.266,179.809,-18.57,20.26,147.36,-17.86,-8.37,173.40,54.111,54.336,-24.0336,5.2258,393.09,357.25,-23.1113,3.1008,,,0.22516,0
236.0371,79,44,4,8,379.67,389.00,dwell,358.67,411.25,30.59,1,179.208,8.383,179.780,-18.59,20.25,147.25,-17.55,-8.36,173.60,53.964,54.345,-25.6996,3.3029,358.67,411.25,-24.2760,3.1918,,,0.23198,0
236.1411,79,44,4,8,379.67,389.00,dwell,399.51,461.38,75.05,0,179.193,8.360,179.760,-18.63,20.43,147.43,-18.14,-7.57,173.79,53.994,54.575,-28.1969,6.4112,399.51,461.38,-26.0404,4.6405,,,0.23249,0
236.2371,79,44,4,8,379.67,389.00,capture,399.26,474.62,87.83,0,179.228,8.129,179.794,-18.69,20.58,147.42,-18.14,-8.04,173.57,53.915,54.360,-28.1651,5.6958,399.26,474.62,-26.9965,5.1154,,,0.22275,0
236.3378,79,44,4,8,379.67,389.00,capture,418.60,477.87,97.02,0,179.139,7.987,179.822,-18.65,20.51,147.38,-17.51,-7.83,173.72,53.816,54.076,-28.1476,7.3663,418.60,477.87,-27.5145,6.1283,,,0.21712,0
236.4767,79,44,4,8,379.67,389.00,capture,413.89,470.18,88.10,0,179.110,8.132,179.840,-18.77,20.55,147.21,-17.96,-7.90,173.04,53.475,53.943,-27.9772,6.5291,413.89,470.18,-27.7227,6.3087,,,0.21049,0
236.5771,79,44,4,8,379.67,389.00,capture,421.01,463.83,85.49,0,179.151,8.157,179.845,-18.79,20.53,146.88,-17.70,-7.01,173.36,53.746,54.207,-27.5124,6.9099,421.01,463.83,-27.6281,6.5792,,,0.21297,0
236.6823,79,44,4,8,379.67,389.00,capture,418.33,492.29,110.29,0,179.050,8.072,179.848,-18.66,20.47,146.99,-18.63,-7.70,173.52,53.542,53.985,-28.8725,6.9139,418.33,492.29,-28.1881,6.7298,,,0.18755,0
236.7876,79,44,4,8,379.67,389.00,capture,420.01,493.20,111.74,0,179.205,8.111,179.846,-18.61,20.48,147.11,-18.41,-8.09,173.49,53.270,54.038,-28.6348,6.5158,420.01,493.20,-28.3891,6.6335,,,0.19251,0
236.8718,79,44,4,8,379.67,389.00,capture,427.97,461.74,87.32,0,179.147,8.169,179.837,-18.47,20.38,147.21,-18.39,-8.41,173.63,53.516,54.192,-28.2666,6.5858,427.97,461.74,-28.3340,6.6121,,,0.24795,0
236.9802,79,44,4,8,379.67,389.00,capture,426.51,462.69,87.32,0,179.008,8.060,179.860,-18.44,20.39,147.05,-17.80,-8.02,173.03,53.446,54.364,-27.0565,6.9279,426.51,462.69,-27.7591,6.7542,,,0.16672,0
237.0622,79,44,4,8,379.67,389.00,capture,404.87,491.30,105.36,0,179.005,8.090,179.897,-18.37,20.50,147.19,-17.98,-7.99,174.31,53.533,54.403,-28.5542,6.4593,404.87,491.30,-28.1169,6.6215,,,0.17737,0
237.1477,79,44,4,8,379.67,389.00,capture,394.18,493.26,105.27,0,179.034,8.113,179.892,-18.43,20.51,147.37,-18.37,-8.57,173.49,53.122,53.973,-29.3959,5.2638,394.18,493.26,-28.6925,6.0105,,,0.20363,0
237.2404,79,44,4,8,379.67,389.00,capture,407.32,478.86,94.02,0,179.075,8.186,179.885,-18.45,20.39,147.82,-18.47,-8.13,174.18,53.360,53.799,-28.4448,6.7186,407.32,478.86,-28.5810,6.3292,,,0.20598,0
237.3312,79,44,4,8,379.67,389.00,capture,409.18,482.43,97.98,0,179.126,8.180,179.866,-18.32,20.41,147.82,-18.00,-8.15,174.19,53.075,53.817,-28.0453,5.8414,409.18,482.43,-28.3400,6.1097,,,0.19477,0
237.4143,79,44,4,8,379.67,389.00,capture,421.27,478.57,98.76,0,179.134,8.140,179.860,-18.20,20.41,147.81,-17.54,-7.91,174.03,52.782,54.062,-27.8073,6.8426,421.27,478.57,-28.1003,6.4395,,,0.16352,0
237.5290,79,44,4,8,379.67,389.00,capture,403.14,477.44,91.50,0,179.190,8.056,179.858,-18.23,20.65,147.88,-18.28,-9.07,174.13,53.064,53.920,-28.7670,5.5780,403.14,477.44,-28.4003,6.0518,,,0.20326,0
237.6481,79,44,4,8,379.67,389.00,capture,393.83,482.05,94.12,0,179.086,8.173,179.828,-18.31,20.70,147.91,-18.11,-8.02,174.08,53.469,54.215,-29.7026,4.7218,393.83,482.05,-28.9863,5.4533,,,0.21046,0
237.7488,79,44,4,8,379.67,389.00,capture,386.62,478.17,89.44,0,179.044,8.151,179.830,-18.46,20.85,147.75,-17.50,-8.31,174.37,53.472,54.456,-28.1676,4.6437,386.62,478.17,-28.6179,5.0890,,,0.19112,0
237.8376,79,44,4,8,379.67,389.00,capture,394.74,470.59,82.97,0,179.052,8.089,179.834,-18.49,20.81,147.63,-18.58,-7.84,173.52,53.689,53.763,-27.6930,5.0553,394.74,470.59,-28.2017,5.0739,,,0.24213,0
237.9489,79,44,4,8,379.67,389.00,capture,408.84,485.54,100.85,0,179.031,7.986,179.845,-18.42,20.84,147.79,-17.94,-8.17,173.94,54.076,54.134,-29.5729,6.1485,408.84,485.54,-28.8187,5.5575,,,0.22378,0
238.1661,80,26,2,8,379.67,216.11,dwell,399.73,451.16,235.90,0,178.956,7.892,179.830,-18.52,20.68,147.62,-17.84,-7.96,173.90,53.898,54.376,-27.8573,5.2541,399.73,451.16,-27.8573,5.2541,,,0.20157,0
238.2787,80,26,2,8,379.67,216.11,dwell,441.44,270.65,82.40,0,178.876,8.024,179.841,-18.50,20.73,147.39,-18.19,-8.20,173.67,53.701,54.233,-20.9271,7.2440,441.44,270.65,-24.7387,6.1495,,,0.18653,0
238.3709,80,26,2,8,379.67,216.11,dwell,350.10,301.85,90.69,0,178.823,7.855,179.859,-18.52,20.64,147.41,-18.15,-7.62,173.90,53.788,54.168,-22.6334,3.4773,350.10,301.85,-23.7913,4.9470,,,0.23717,0
238.4615,80,26,2,8,379.67,216.11,dwell,439.86,323.88,123.44,0,178.782,7.916,179.869,-18.48,20.84,147.55,-18.02,-7.87,174.04,53.658,54.029,-23.0549,7.4003,439.86,323.88,-23.4599,6.0510,,,0.22047,0
238.5571,80,26,2,8,379.67,216.11,dwell,426.76,229.27,48.90,0,178.844,7.889,179.864,-18.46,20.85,147.18,-17.97,-8.34,173.64,53.809,53.861,-18.0513,7.0372,426.76,229.27,-21.0260,6.4948,,,0.22593,0
238.6588,80,26,2,8,379.67,216.11,dwell,419.49,281.09,76.21,0,178.683,7.733,179.867,-18.27,20.90,147.28,-17.35,-7.82,173.58,53.564,54.152,-20.2212,6.1621,419.49,281.09,-20.6638,6.3451,,,0.20199,0
238.7568,80,26,2,8,379.67,216.11,dwell,402.99,276.43,64.67,0,178.703,7.911,179.814,-18.37,20.89,147.48,-17.98,-8.34,173.76,53.391,54.201,-20.4515,5.6464,402.99,276.43,-20.5683,6.0307,,,0.19742,0
238.8797,80,26,2,8,379.67,216.11,dwell,437.26,223.24,58.03,0,178.777,8.009,179.842,-18.32,20.88,147.47,-17.39,-7.73,173.47,53.489,53.898,-18.7658,7.9128,437.26,223.24,-19.7572,6.8776,,,0.21441,0
239.0016,80,26,2,8,379.67,216.11,dwell,384.55,213.03,5.77,1,178.840,7.866,179.807,-18.43,20.69,147.57,-17.86,-8.17,173.71,53.444,53.860,-18.5763,4.7198,384.55,213.03,-19.2258,5.9066,,,0.21387,0
239.1148,80,26,2,8,379.67,216.11,dwell,420.32,225.57,41.74,0,178.671,7.881,179.816,-18.51,20.87,147.58,-18.29,-7.79,173.98,53.607,53.582,-18.2028,7.0859,420.32,225.57,-18.7654,6.4373,,,0.18666,0
239.1968,80,26,2,8,379.67,216.11,dwell,423.10,200.53,46.14,0,178.714,7.849,179.791,-18.34,20.85,147.63,-17.49,-7.42,173.88,53.392,53.737,-17.2970,6.9122,423.10,200.53,-18.1047,6.6510,,,0.19861,0
239.2869,80,26,2,8,379.67,216.11,capture,403.20,164.07,57.11,0,178.653,7.893,179.773,-18.29,20.91,147.54,-18.20,-7.79,173.83,53.342,53.925,-16.0415,6.2446,403.20,164.07,-17.1762,6.4681,,,0.20176,0
239.3781,80,26,2,8,379.67,216.11,capture,434.36,153.40,83.21,0,178.702,7.872,179.804,-18.30,20.81,147.45,-17.81,-7.71,173.62,53.312,53.900,-16.2141,7.0977,434.36,153.40,-16.7433,6.7514,,,0.19426,0
239.4824,80,26,2,8,379.67,216.11,capture,422.73,144.77,83.33,0,178.784,7.761,179.853,-18.25,20.79,147.73,-17.93,-8.00,174.18,53.426,54.019,-16.1470,6.8498,422.73,144.77,-16.4749,6.7957,,,0.21549,0
239.5781,80,26,2,8,379.67,216.11,capture,428.32,140.31,90.07,0,178.818,7.731,179.860,-18.27,20.71,147.63,-17.43,-8.09,173.74,53.653,54.055,-15.3141,7.6560,428.32,140.31,-15.9526,7.1828,,,0.19816,0
239.6883,80,26,2,8,379.67,216.11,capture,432.14,155.69,80.03,0,178.873,7.779,179.857,-18.21,20.73,147.44,-17.93,-7.59,173.69,53.236,53.864,-15.7724,7.3008,432.14,155.69,-15.8715,7.2359,,,0.19468,0
239.7934,80,26,2,8,379.67,216.11,capture,418.95,184.68,50.31,0,178.764,7.823,179.854,-18.27,20.85,147.52,-17.94,-8.15,173.66,53.156,54.119,-16.6726,6.1297,418.95,184.68,-16.2320,6.7381,,,0.20168,0
239.9008,80,26,2,8,379.67,216.11,capture,413.11,174.32,53.53,0,178.716,7.974,179.828,-18.22,20.80,147.32,-17.65,-7.90,173.92,53.354,54.075,-17.2366,6.6996,413.11,174.32,-16.6841,6.7208,,,0.21691,0
239.9891,80,26,2,8,379.67,216.11,capture,403.09,135.01,84.42,0,178.748,8.014,179.815,-18.18,20.80,147.32,-17.57,-8.23,173.40,53.588,54.179,-15.3435,5.6432,403.09,135.01,-16.0808,6.2359,,,0.19691,0
240.0912,80,26,2,8,379.67,216.11,capture,423.94,173.38,61.53,0,178.683,8.139,179.801,-18.08,20.75,147.36,-17.60,-7.28,173.55,53.557,53.905,-17.6048,6.6749,423.94,173.38,-16.7666,6.4334,,,0.21203,0
240.1919,80,26,2,8,379.67,216.11,capture,424.52,149.49,80.31,0,178.765,8.106,179.800,-17.98,20.79,147.33,-17.61,-7.15,173.58,53.748,53.783,-16.0693,7.3785,424.52,149.49,-16.4528,6.8587,,,0.21207,0
240.2973,80,26,2,8,379.67,216.11,capture,441.96,163.23,81.71,0,178.865,8.033,179.799,-17.90,20.74,147.29,-17.01,-7.31,173.59,53.950,54.322,-16.9560,7.6344,441.96,163.23,-16.6792,7.2078,,,0.22087,0
240.4020,80,26,2,8,379.67,216.11,capture,417.55,147.53,78.35,0,179.013,8.014,179.795,-17.86,20.67,147.24,-17.77,-7.66,172.87,54.009,55.056,-16.3597,6.5221,417.55,147.53,-16.5355,6.8992,,,0.22703,0
240.4998,80,26,2,8,379.67,216.11,capture,414.85,156.41,69.30,0,178.855,8.073,179.797,-17.90,20.70,147.58,-17.70,-8.49,173.83,53.939,54.616,-16.0074,6.1707,414.85,156.41,-16.2979,6.5714,,,0.22708,0
240.5941,80,26,2,8,379.67,216.11,capture,425.93,143.27,86.29,0,178.806,7.989,179.801,-17.89,20.63,147.52,-17.46,-8.38,173.68,53.817,54.628,-14.5778,6.5837,425.93,143.27,-15.5238,6.5769,,,0.22376,0
240.7017,80,26,2,8,379.67,216.11,capture,426.69,161.37,72.16,0,178.873,8.006,179.803,-17.83,20.73,147.44,-17.62,-8.06,173.35,53.604,55.064,-16.0588,6.2623,426.69,161.37,-15.7646,6.4353,,,0.20892,0
240.8156,80,26,2,8,379.67,216.11,capture,404.17,162.64,58.82,0,178.894,8.053,179.781,-17.85,20.84,147.54,-17.49,-7.54,174.21,53.441,55.050,-15.9814,5.8462,404.17,162.64,-15.8622,6.1702,,,0.17370,0
240.9188,80,26,2,8,379.67,216.11,capture,405.35,155.46,65.86,0,178.799,8.006,179.796,-17.94,20.85,147.54,-17.27,-7.02,173.27,53.350,54.998,-15.3108,6.1857,405.35,155.46,-15.6141,6.1772,,,0.21376,0
241.0134,80,26,2,8,379.67,216.11,capture,419.65,151.64,75.86,0,178.798,7.925,179.817,-17.79,20.95,147.47,-17.51,-7.22,173.57,53.524,55.125,-15.7224,6.5970,419.65,151.64,-15.6628,6.3661,,,0.20774,0
241.1190,80,26,2,8,379.67,216.11,capture,430.83,143.48,88.84,0,178.766,8.019,179.819,-17.81,20.85,147.47,-17.36,-7.89,173.71,53.803,54.717,-15.0596,7.1280,430.83,143.48,-15.3914,6.7090,,,0.21779,0
241.2123,80,26,2,8,379.67,216.11,capture,407.88,164.83,58.53,0,178.852,7.871,179.807,-17.75,20.89,147.49,-17.43,-7.73,174.01,53.765,54.648,-16.3952,6.0224,407.88,164.83,-15.8431,6.4000,,,0.22369,0
241.3899,81,40,4,4,201.00,389.00,dwell,272.03,-35.51,430.41,0,178.821,7.752,179.824,-17.78,20.83,147.46,-17.31,-7.77,173.61,54.222,55.224,-8.3117,-0.3851,272.03,-35.51,-8.3117,-0.3851,,,0.22153,0
241.4764,81,40,4,4,201.00,389.00,dwell,357.14,112.45,317.58,0,178.714,7.780,179.808,-17.74,20.77,147.55,-17.27,-8.03,174.26,54.012,55.035,-13.8275,4.0218,357.14,112.45,-10.7938,1.5980,,,0.21140,0
241.5778,81,40,4,4,201.00,389.00,dwell,343.80,263.23,190.29,0,178.692,7.597,179.818,-17.85,20.74,147.46,-17.21,-8.06,173.91,54.076,55.080,-20.1217,3.8197,343.80,263.23,-14.9914,2.5977,,,0.22276,0
241.6776,81,40,4,4,201.00,389.00,dwell,152.39,21.30,370.90,0,178.738,7.561,179.832,-17.91,20.95,147.34,-17.66,-7.73,173.83,53.876,54.916,-10.7130,-5.9604,152.39,21.30,-13.0661,-1.2534,,,0.22123,0
241.7876,81,40,4,4,201.00,389.00,dwell,280.17,254.39,156.17,0,178.748,7.530,179.833,-17.94,20.99,147.27,-17.33,-7.43,173.46,53.711,54.818,-19.0356,0.2354,280.17,254.39,-15.7524,-0.5835,,,0.21244,0
241.8830,81,40,4,4,201.00,389.00,dwell,156.10,235.98,159.47,0,178.843,7.452,179.796,-17.90,21.00,147.28,-17.87,-8.16,173.06,54.101,54.451,-19.5165,-5.5630,156.10,235.98,-17.4463,-2.8243,,,0.23169,0
241.9906,81,40,4,4,201.00,389.00,dwell,122.69,159.72,242.28,0,178.793,7.521,179.795,-17.89,20.94,147.71,-16.67,-7.79,174.31,54.040,54.496,-16.0669,-7.3021,122.69,159.72,-16.8255,-4.8393,,,0.21863,0
242.0802,81,40,4,4,201.00,389.00,dwell,122.02,285.85,129.91,0,178.916,7.504,179.840,-18.04,20.96,147.71,-17.36,-7.90,173.96,53.929,54.506,-21.3792,-6.9572,122.02,285.85,-18.8747,-5.7924,,,0.21930,0
242.1808,81,40,4,4,201.00,389.00,dwell,98.38,207.59,208.42,0,178.783,7.524,179.811,-18.02,20.79,147.87,-17.91,-7.84,174.00,53.878,54.467,-18.5343,-8.0885,98.38,207.59,-18.7215,-6.8256,,,0.21891,0
242.2766,81,40,4,4,201.00,389.00,dwell,69.63,257.12,186.15,0,178.782,7.610,179.822,-18.08,20.67,147.83,-17.19,-7.76,175.04,53.742,54.554,-19.4689,-9.8085,69.63,257.12,-19.0578,-8.1679,,,0.19937,0
242.3834,81,40,4,4,201.00,389.00,dwell,52.18,240.03,210.57,0,178.755,7.574,179.833,-18.25,20.72,147.56,-18.10,-8.76,173.71,53.763,54.480,-19.2170,-10.6293,52.18,240.03,-19.1295,-9.2756,,,0.22803,0
242.4890,81,40,4,4,201.00,389.00,capture,40.33,269.57,200.20,0,178.797,7.590,179.835,-18.35,20.68,147.46,-17.61,-7.20,173.75,53.471,54.774,-19.8979,-11.4797,40.33,269.57,-19.4753,-10.2674,,,0.20599,0
242.5861,81,40,4,4,201.00,389.00,capture,32.82,257.99,213.19,0,178.821,7.598,179.845,-18.37,20.74,147.44,-18.23,-8.20,173.72,53.256,54.780,-19.2852,-11.2706,32.82,257.99,-19.3897,-10.7188,,,0.20781,0
242.6683,81,40,4,4,201.00,389.00,capture,20.40,239.76,234.28,0,178.845,7.643,179.845,-18.36,20.90,147.53,-18.04,-8.00,174.18,53.416,54.804,-19.1356,-11.7498,20.40,239.76,-19.2754,-11.1827,,,0.23139,0
242.7615,81,40,4,4,201.00,389.00,capture,32.12,240.18,225.10,0,178.815,7.548,179.807,-18.38,21.00,147.36,-17.66,-7.50,173.31,53.575,54.449,-19.0487,-10.9779,32.12,240.18,-19.1734,-11.0906,,,0.19620,0
242.8659,81,40,4,4,201.00,389.00,capture,43.12,243.44,214.74,0,178.716,7.724,179.821,-18.34,21.00,147.06,-17.69,-7.95,173.37,53.590,54.330,-18.3831,-10.8857,43.12,243.44,-18.8177,-10.9984,,,0.21129,0
242.9821,81,40,4,4,201.00,389.00,capture,19.68,279.84,211.64,0,178.798,7.751,179.839,-18.19,21.07,146.94,-18.02,-7.81,173.01,54.058,53.969,-20.7942,-12.1072,19.68,279.84,-19.7072,-11.4974,,,0.22504,0
243.0975,81,40,4,4,201.00,389.00,capture,48.31,270.52,193.27,0,178.806,7.828,179.836,-18.28,20.81,146.92,-17.86,-7.11,172.73,54.306,53.966,-19.8289,-9.9169,48.31,270.52,-19.7619,-10.7861,,,0.24174,0
243.2062,81,40,4,4,201.00,389.00,capture,24.13,265.16,215.92,0,178.766,7.885,179.831,-18.25,20.75,147.18,-17.54,-8.24,173.05,54.385,54.195,-20.2742,-11.1784,24.13,265.16,-19.9925,-10.9627,,,0.24090,0
243.3009,81,40,4,4,201.00,389.00,capture,16.98,251.33,229.82,0,178.870,7.814,179.844,-18.34,20.71,147.16,-17.42,-7.33,173.52,54.184,54.423,-19.8452,-12.0709,16.98,251.33,-19.9262,-11.4614,,,0.22514,0
243.3903,81,40,4,4,201.00,389.00,capture,38.36,284.03,193.57,0,178.979,7.763,179.856,-18.44,20.66,147.21,-18.37,-8.26,173.39,54.261,54.095,-21.0856,-10.4854,38.36,284.03,-20.4479,-11.0222,,,0.22577,0
243.5122,81,40,4,4,201.00,389.00,capture,26.52,259.16,217.49,0,178.977,7.765,179.878,-18.53,20.59,147.24,-18.58,-8.20,173.60,54.374,54.157,-20.0234,-11.6039,26.52,259.16,-20.2569,-11.2839,,,0.22813,0
243.6147,81,40,4,4,201.00,389.00,capture,19.33,281.87,210.90,0,178.914,7.902,179.862,-18.53,20.41,146.96,-17.47,-7.79,173.19,53.929,54.028,-20.4768,-11.6442,19.33,281.87,-20.3559,-11.4461,,,0.21830,0
243.6981,81,40,4,4,201.00,389.00,capture,51.22,251.69,203.19,0,178.907,7.939,179.823,-18.47,20.24,146.95,-18.28,-7.95,173.05,54.397,53.818,-20.5757,-10.7066,51.22,251.69,-20.4548,-11.1133,,,0.21800,0
243.7972,81,40,4,4,201.00,389.00,capture,27.79,262.88,214.26,0,179.021,7.953,179.819,-18.54,20.24,147.10,-18.02,-9.43,173.05,54.032,53.688,-19.5951,-11.6296,27.79,262.88,-20.0679,-11.3456,,,0.25192,0
243.8908,81,40,4,4,201.00,389.00,capture,27.13,264.30,213.96,0,178.991,7.942,179.816,-18.54,20.35,147.09,-17.72,-8.50,172.80,53.626,53.694,-20.3336,-11.1714,27.13,264.30,-20.1875,-11.2672,,,0.24811,0
244.0036,81,40,4,4,201.00,389.00,capture,38.39,254.67,210.92,0,178.881,7.933,179.814,-18.52,20.44,147.22,-17.97,-8.43,173.20,54.042,53.866,-18.8649,-10.7741,38.39,254.67,-19.5923,-11.0453,,,0.24246,0
244.1241,81,40,4,4,201.00,389.00,capture,42.47,265.02,201.25,0,178.929,7.975,179.832,-18.59,20.40,147.07,-18.24,-7.78,173.25,54.039,53.623,-19.6428,-10.5470,42.47,265.02,-19.6150,-10.8211,,,0.21846,0
244.2210,81,40,4,4,201.00,389.00,capture,33.39,268.76,206.28,0,178.966,7.992,179.805,-18.56,20.62,147.00,-17.87,-7.85,173.03,53.760,53.676,-19.9740,-11.3699,33.39,268.76,-19.7766,-11.0680,,,0.20131,0
244.3329,81,40,4,4,201.00,389.00,capture,27.61,256.15,218.43,0,179.016,7.909,179.820,-18.66,20.63,147.17,-18.44,-8.21,173.40,53.439,53.556,-19.0779,-12.2837,27.61,256.15,-19.4622,-11.6151,,,0.21943,0
244.4369,81,40,4,4,201.00,389.00,capture,20.92,259.09,222.05,0,178.978,8.031,179.815,-18.60,20.61,147.39,-18.11,-7.83,173.92,53.467,53.705,-20.1233,-12.1444,20.92,259.09,-19.7596,-11.8533,,,0.20555,0
