file,run_label,row,col,hit,err_pt,head_tz_mm,head_yaw_deg,head_pitch_deg,n_samples
person-2,Experiment 2 (4×5 images),-1,-1,1,33.892087572175306,124.7,179.366,-1.939,8
person-2,Experiment 2 (4×5 images),-1,1,1,77.51783407706898,124.03,178.515,-1.323,12
person-2,Experiment 2 (4×5 images),-1,2,1,49.00406207652586,123.43,178.271,-1.595,7
person-2,Experiment 2 (4×5 images),-1,3,1,53.47078641650969,123.65,177.815,-2.34,6
person-2,Experiment 2 (4×5 images),-1,4,1,32.500235383763,123.48,177.881,-2.067,9
person-2,Experiment 2 (4×5 images),1,-1,1,37.918486256705975,125.14,179.496,-0.94,13
person-2,Experiment 2 (4×5 images),1,1,1,44.03453758131225,125.24,179.011,-1.124,10
person-2,Experiment 2 (4×5 images),1,2,1,49.907567562444875,125.26,178.896,-1.082,7
person-2,Experiment 2 (4×5 images),1,3,1,97.96398113592566,125.73,178.434,-0.314,3
person-2,Experiment 2 (4×5 images),1,4,1,48.02565980806511,125.14,177.805,-0.775,16
person-2,Experiment 2 (4×5 images),2,-1,1,76.60541103603585,127.41,179.121,0.324,48
person-2,Experiment 2 (4×5 images),2,1,1,66.31837226591138,128.08,179.445,0.014,10
person-2,Experiment 2 (4×5 images),2,2,1,54.52106015110124,128.1,178.448,0.45,7
person-2,Experiment 2 (4×5 images),2,3,1,17.59865051644585,127.28,178.497,0.436,9
person-2,Experiment 2 (4×5 images),2,4,1,49.20818021426925,127.85,178.295,0.444,24
person-2,Experiment 2 (4×5 images),3,-1,1,70.77341379359905,128.35,179.106,0.823,11
person-2,Experiment 2 (4×5 images),3,1,1,52.54151596594835,127.87,178.821,0.448,8
person-2,Experiment 2 (4×5 images),3,2,1,102.27684879776069,128.52,179.719,1.259,9
person-2,Experiment 2 (4×5 images),3,3,1,67.12738412898277,128.31,179.155,1.283,7
person-2,Experiment 2 (4×5 images),3,4,0,210.31005705862,132.57,178.225,4.39,119
person-2,Experiment 2 (4×5 images),-1,-1,0,21.693051883033892,167.58,-176.279,5.162,60
person-2,Experiment 2 (4×5 images),-1,1,1,44.298453697617944,167.99,-176.413,5.649,26
person-2,Experiment 2 (4×5 images),-1,2,1,23.46824450187955,168.37,-176.691,5.314,18
person-2,Experiment 2 (4×5 images),-1,3,1,38.04676333145828,169.11,-176.598,4.717,13
person-2,Experiment 2 (4×5 images),-1,4,1,35.138542940765205,168.76,-176.404,4.869,24
person-2,Experiment 2 (4×5 images),1,-1,0,108.07532419567383,170.2,-174.765,7.301,67
person-2,Experiment 2 (4×5 images),1,1,1,39.57437175748969,171.39,-175.154,7.589,23
person-2,Experiment 2 (4×5 images),1,2,1,29.024379407663456,170.84,-175.873,8.315,14
person-2,Experiment 2 (4×5 images),1,3,1,9.325331093317855,170.96,-176.211,7.852,15
person-2,Experiment 2 (4×5 images),1,4,1,15.049053126359805,171.08,-175.828,8.346,17
person-2,Experiment 2 (4×5 images),2,-1,0,91.9231722690204,173.51,-174.464,10.001,77
person-2,Experiment 2 (4×5 images),2,1,1,18.628134635545237,172.84,-174.315,9.396,23
person-2,Experiment 2 (4×5 images),2,2,1,29.666981646267978,173.73,-175.27,9.85,17
person-2,Experiment 2 (4×5 images),2,3,1,15.428885248131207,173.54,-174.629,9.82,14
person-2,Experiment 2 (4×5 images),2,4,1,33.44378118574514,173.83,-175.445,10.466,44
person-2,Experiment 2 (4×5 images),3,-1,1,51.141329665936496,174.95,-174.372,11.567,38
person-2,Experiment 2 (4×5 images),3,1,1,27.973508896811634,176.0,-174.196,11.61,15
person-2,Experiment 2 (4×5 images),3,2,1,46.16464881270079,175.73,-173.918,11.494,16
person-2,Experiment 2 (4×5 images),3,3,1,63.79859716326055,177.87,-174.269,10.865,21
person-2,Experiment 2 (4×5 images),3,4,0,8.040223877479994,179.7,-174.361,12.642,100
person-2,Experiment 2 (5×4 images),-1,-1,1,23.2841169040185,225.71,174.502,1.428,47
person-2,Experiment 2 (5×4 images),-1,1,1,52.87737985187995,226.54,173.969,1.16,16
person-2,Experiment 2 (5×4 images),-1,2,1,74.16641018682245,226.26,173.75,1.253,15
person-2,Experiment 2 (5×4 images),-1,3,1,28.189650583148413,226.72,173.443,1.536,18
person-2,Experiment 2 (5×4 images),1,-1,1,33.03886196587286,229.41,174.79,3.009,48
person-2,Experiment 2 (5×4 images),1,1,1,40.938838527735506,230.76,174.39,3.565,36
person-2,Experiment 2 (5×4 images),1,2,1,35.65892314694876,230.51,173.551,3.538,33
person-2,Experiment 2 (5×4 images),1,3,1,32.57895793299717,231.42,173.244,3.614,16
person-2,Experiment 2 (5×4 images),2,-1,1,40.649670355366986,233.75,173.998,4.477,26
person-2,Experiment 2 (5×4 images),2,1,1,32.43894110478946,234.63,173.349,4.656,39
person-2,Experiment 2 (5×4 images),2,2,1,38.508831454615716,231.82,172.379,4.211,14
person-2,Experiment 2 (5×4 images),2,3,1,48.50276899312039,235.06,172.24,4.854,24
person-2,Experiment 2 (5×4 images),3,-1,0,49.43162145833377,235.26,175.55,6.844,75
person-2,Experiment 2 (5×4 images),3,1,1,68.10863454805126,237.26,176.046,6.925,24
person-2,Experiment 2 (5×4 images),3,2,1,44.15402586401383,238.91,175.247,6.739,25
person-2,Experiment 2 (5×4 images),3,3,1,59.13624353981241,239.0,175.787,6.554,16
person-2,Experiment 2 (5×4 images),4,-1,1,66.62785978852993,239.15,176.144,7.476,66
person-2,Experiment 2 (5×4 images),4,1,0,91.89786504593022,241.76,176.513,7.901,97
person-2,Experiment 2 (5×4 images),4,2,1,36.95243564367585,242.11,175.858,7.501,35
person-2,Experiment 2 (5×4 images),4,3,1,62.54670574858449,242.91,176.739,7.886,48
person-2,Experiment 2 (5×4 images),-1,-1,1,20.693199365975286,212.12,175.754,7.862,12
person-2,Experiment 2 (5×4 images),-1,1,1,52.70360613847974,212.51,176.0,8.059,16
person-2,Experiment 2 (5×4 images),-1,2,1,50.92823578330592,212.97,175.531,7.769,6
person-2,Experiment 2 (5×4 images),-1,3,1,65.33773488574577,213.59,176.136,8.175,6
person-2,Experiment 2 (5×4 images),1,-1,1,42.694534779055765,215.8,176.521,9.334,8
person-2,Experiment 2 (5×4 images),1,1,1,50.311653719590666,215.67,175.976,9.07,9
person-2,Experiment 2 (5×4 images),1,2,1,41.021001938031695,215.67,175.822,9.533,14
person-2,Experiment 2 (5×4 images),1,3,1,53.21447641384816,216.9,175.318,9.505,9
person-2,Experiment 2 (5×4 images),2,-1,1,46.49452655958551,218.03,175.705,10.586,7
person-2,Experiment 2 (5×4 images),2,1,1,67.14509438521925,218.9,175.237,10.694,8
person-2,Experiment 2 (5×4 images),2,2,1,60.79800407908144,219.35,175.212,10.941,7
person-2,Experiment 2 (5×4 images),2,3,1,48.74527464277947,220.59,174.966,11.123,10
person-2,Experiment 2 (5×4 images),3,-1,1,73.10651475757818,222.24,176.405,13.458,32
person-2,Experiment 2 (5×4 images),3,1,1,71.07135006456537,221.61,176.03,13.353,9
person-2,Experiment 2 (5×4 images),3,2,1,43.69546658407478,223.11,175.49,12.633,11
person-2,Experiment 2 (5×4 images),3,3,1,52.02562926097092,223.19,174.871,12.606,8
person-2,Experiment 2 (5×4 images),4,-1,1,52.33701653705527,223.2,176.404,14.588,12
person-2,Experiment 2 (5×4 images),4,1,1,13.067187914773442,224.48,176.59,14.943,14
person-2,Experiment 2 (5×4 images),4,2,1,17.452684607245963,224.79,176.001,14.963,17
person-2,Experiment 2 (5×4 images),4,3,1,22.25584417630569,224.34,175.682,15.357,12
person-2,Experiment 3 (5×4 dots),-1,-1,0,91.92636020206609,125.6,-176.693,-2.238,125
person-2,Experiment 3 (5×4 dots),-1,1,1,40.23491270029053,126.29,-177.171,-0.86,55
person-2,Experiment 3 (5×4 dots),-1,2,1,65.58062290036592,126.31,-177.628,-1.337,24
person-2,Experiment 3 (5×4 dots),-1,3,1,66.9389759407776,127.22,-177.453,-0.437,35
person-2,Experiment 3 (5×4 dots),1,-1,0,164.93394101882123,130.28,-175.903,2.53,119
person-2,Experiment 3 (5×4 dots),1,1,1,47.41162093833115,129.65,-176.155,1.707,100
person-2,Experiment 3 (5×4 dots),1,2,1,37.69090208525127,130.41,-176.158,2.504,44
person-2,Experiment 3 (5×4 dots),1,3,1,65.1958779371825,130.89,-176.103,3.326,48
person-2,Experiment 3 (5×4 dots),2,-1,0,85.68528111642044,133.29,-175.198,4.2,106
person-2,Experiment 3 (5×4 dots),2,1,1,6.28243583333724,133.06,-175.857,5.34,97
person-2,Experiment 3 (5×4 dots),2,2,1,47.592454233838374,134.12,-175.86,6.367,48
person-2,Experiment 3 (5×4 dots),2,3,1,56.126069700273845,133.29,-176.177,6.508,18
person-2,Experiment 3 (5×4 dots),3,-1,0,108.67133752742717,134.86,-175.091,7.558,106
person-2,Experiment 3 (5×4 dots),3,1,0,61.288035537125815,135.12,-174.959,8.625,106
person-2,Experiment 3 (5×4 dots),3,2,0,36.971656711594605,135.85,-173.765,8.812,105
person-2,Experiment 3 (5×4 dots),3,3,1,44.17487068458718,135.49,-174.22,9.002,52
person-2,Experiment 3 (5×4 dots),4,-1,1,41.96036224819804,135.65,-174.351,9.816,65
person-2,Experiment 3 (5×4 dots),4,1,1,38.235466519973336,136.5,-173.95,9.777,49
person-2,Experiment 3 (5×4 dots),4,2,1,43.147769351381335,135.42,-174.213,9.639,16
person-2,Experiment 3 (5×4 dots),4,3,1,45.08310215590765,135.98,-174.088,9.187,94
person-2,Experiment 3 (5×4 dots),1,1,1,12.75053332217913,250.68,176.056,12.373,26
person-2,Experiment 3 (5×4 dots),2,3,1,13.249184880587906,250.7,176.858,12.926,15
person-2,Experiment 3 (5×4 dots),-1,1,1,20.668763872084845,251.94,177.336,11.793,18
person-2,Experiment 3 (5×4 dots),2,2,1,34.797724063507374,252.3,178.037,14.06,39
person-2,Experiment 3 (5×4 dots),-1,-1,1,48.06663083678739,252.71,177.134,13.269,61
person-2,Experiment 3 (5×4 dots),4,1,1,54.97657046415321,253.49,177.167,14.038,40
person-2,Experiment 3 (5×4 dots),4,2,1,63.73614751457772,253.42,177.159,14.981,22
person-2,Experiment 3 (5×4 dots),4,-1,1,14.68231929907532,254.04,177.264,15.138,50
person-2,Experiment 3 (5×4 dots),3,-1,1,22.029039924608643,254.69,176.833,14.651,19
person-2,Experiment 3 (5×4 dots),1,-1,1,74.36639093031208,254.04,177.581,13.182,24
person-2,Experiment 3 (5×4 dots),4,3,1,69.17075971825086,254.88,176.98,15.009,71
person-2,Experiment 3 (5×4 dots),-1,2,1,27.633693202320966,256.56,177.965,13.323,50
person-2,Experiment 3 (5×4 dots),3,2,1,33.121873437352534,257.77,178.221,14.523,67
person-2,Experiment 3 (5×4 dots),-1,3,1,33.6122671059243,257.57,178.207,13.767,19
person-2,Experiment 3 (5×4 dots),2,-1,1,8.226621420729172,258.55,179.301,15.001,58
person-2,Experiment 3 (5×4 dots),3,1,1,28.403978594556087,259.02,178.638,15.092,43
person-2,Experiment 3 (5×4 dots),1,2,1,36.12628544425791,258.02,178.365,14.557,32
person-2,Experiment 3 (5×4 dots),3,3,1,25.715271727127465,259.04,179.181,15.917,69
person-2,Experiment 3 (5×4 dots),2,1,1,22.296208197808006,260.36,179.64,15.599,36
person-2,Experiment 3 (5×4 dots),1,3,1,34.17293080787771,259.72,179.69,14.914,60
person-2,Experiment 3 (5×4 dots),2,2,1,61.03277152481281,219.65,177.794,11.804,23
person-2,Experiment 3 (5×4 dots),4,-1,1,35.73477857773852,219.18,178.694,12.886,18
person-2,Experiment 3 (5×4 dots),1,3,1,69.53124477528073,218.09,178.055,11.612,21
person-2,Experiment 3 (5×4 dots),-1,1,1,37.332464424412166,218.95,177.754,11.249,38
person-2,Experiment 3 (5×4 dots),-1,2,1,7.224236983931232,218.64,177.296,11.289,25
person-2,Experiment 3 (5×4 dots),3,1,1,49.556877423824794,220.19,178.714,13.391,17
person-2,Experiment 3 (5×4 dots),4,3,1,25.392853325296127,220.61,178.706,14.313,67
person-2,Experiment 3 (5×4 dots),3,2,1,64.74313090977292,220.62,178.795,14.606,14
person-2,Experiment 3 (5×4 dots),3,-1,1,48.64267365184606,220.99,178.35,14.737,18
person-2,Experiment 3 (5×4 dots),3,3,1,53.40065917196152,221.87,178.416,14.582,20
person-2,Experiment 3 (5×4 dots),1,-1,1,48.832794308743,221.89,177.605,14.791,57
person-2,Experiment 3 (5×4 dots),2,-1,1,53.659207970300876,225.29,177.489,15.593,17
person-2,Experiment 3 (5×4 dots),-1,-1,0,80.06143203815431,228.53,177.874,15.463,87
person-2,Experiment 3 (5×4 dots),2,1,1,37.029303261066104,230.54,178.897,17.169,15
person-2,Experiment 3 (5×4 dots),4,2,1,42.04350722763268,227.78,178.309,17.642,22
person-2,Experiment 3 (5×4 dots),2,3,1,55.264810684557666,227.41,177.509,17.291,17
person-2,Experiment 3 (5×4 dots),-1,3,1,48.01638262093473,227.95,176.823,16.368,16
person-2,Experiment 3 (5×4 dots),1,2,1,35.92823541450373,228.94,177.528,17.427,20
person-2,Experiment 3 (5×4 dots),1,1,1,35.12757606211964,229.24,177.478,17.764,15
person-2,Experiment 3 (5×4 dots),4,1,1,60.66841764872395,229.25,179.269,19.562,57
person-2,3×3 (×2),2,-1,1,88.3,140.83,179.741,1.004,16
person-2,3×3 (×2),-1,-1,1,85.66,135.76,-179.469,-2.189,18
person-2,3×3 (×2),1,-1,1,56.19,139.35,-179.519,-1.312,18
person-2,3×3 (×2),1,2,1,70.72,140.46,179.997,-0.709,16
person-2,3×3 (×2),2,1,1,117.91,141.95,179.825,1.674,18
person-2,3×3 (×2),2,2,1,112.97,141.29,178.73,-0.031,16
person-2,3×3 (×2),1,1,1,63.21,139.95,179.395,1.442,20
person-2,3×3 (×2),-1,1,1,95.76,137.9,179.359,-0.394,20
person-2,3×3 (×2),-1,2,0,158.48,137.19,176.571,0.144,20
person-2,3×3 (×2),1,2,1,87.56,139.76,177.304,0.921,16
person-2,3×3 (×2),-1,2,0,144.21,137.5,177.215,-0.393,20
person-2,3×3 (×2),-1,1,1,77.59,137.41,177.803,-0.074,20
person-2,3×3 (×2),2,2,0,150.69,143.46,178.45,2.965,18
person-2,3×3 (×2),-1,-1,1,38.76,139.35,178.532,0.773,18
person-2,3×3 (×2),1,1,1,99.44,142.16,179.131,2.992,20
person-2,3×3 (×2),2,-1,0,141.04,144.24,179.398,4.273,18
person-2,3×3 (×2),1,-1,1,89.65,141.75,179.715,3.091,16
person-2,3×3 (×2),2,1,0,213.19,144.28,178.994,4.413,16
person-2,9×9,8,4,0,318.4,149.76,179.075,5.552,18
person-2,9×9,2,8,0,129.15,148.13,177.763,4.449,20
person-2,9×9,2,6,0,98.94,148.46,178.347,4.273,16
person-2,9×9,5,2,0,247.01,149.6,179.207,4.311,18
person-2,9×9,8,5,0,328.72,151.55,179.468,6.357,18
person-2,9×9,5,8,0,262.43,152.46,178.521,6.708,16
person-2,9×9,3,-1,0,195.96,150.41,179.98,5.932,18
person-2,9×9,7,1,0,349.0,154.31,-179.743,7.373,22
person-2,9×9,3,5,0,226.94,151.77,179.629,6.628,16
person-2,9×9,1,7,0,160.32,150.94,179.556,6.029,16
person-2,9×9,2,7,0,167.89,152.29,179.784,6.237,16
person-2,9×9,-1,4,0,230.74,150.64,178.786,5.663,20
person-2,9×9,2,5,0,213.36,152.34,178.783,6.556,16
person-2,9×9,7,8,0,334.44,156.78,178.509,8.311,16
person-2,9×9,7,6,0,309.78,155.55,178.677,8.25,18
person-2,9×9,8,-1,0,326.23,157.27,179.939,9.283,20
person-2,9×9,6,8,0,272.28,157.21,179.063,8.81,14
person-2,9×9,3,4,0,234.71,155.07,178.775,8.267,16
person-2,9×9,7,4,0,291.27,154.09,178.874,8.803,20
person-2,9×9,-1,1,0,147.4,149.51,-179.328,6.495,16
person-2,9×9,6,-1,0,265.3,155.38,179.423,9.206,18
person-2,9×9,5,1,0,224.53,153.32,179.913,8.563,20
person-2,9×9,8,3,0,333.83,154.68,179.513,9.342,16
person-2,9×9,5,-1,0,243.43,154.32,179.983,9.188,18
person-2,9×9,1,8,0,114.97,151.91,178.717,6.821,20
person-2,9×9,4,8,0,220.99,153.18,178.807,8.896,16
person-2,9×9,-1,3,0,142.09,150.85,178.806,7.166,16
person-2,9×9,8,8,0,340.21,155.33,178.993,8.936,16
person-2,9×9,3,3,0,212.08,154.86,179.746,8.957,18
person-2,9×9,3,8,0,166.24,153.09,178.979,9.209,16
person-2,9×9,5,5,0,241.27,153.05,178.826,8.185,16
person-2,9×9,4,2,0,181.55,153.49,178.949,8.18,16
person-2,9×9,3,6,0,173.41,151.98,178.833,8.319,20
person-2,9×9,1,3,0,134.95,150.19,179.59,7.394,18
person-2,9×9,4,6,0,221.02,154.12,178.699,8.495,16
person-2,9×9,4,7,0,195.44,153.21,178.297,8.961,18
person-2,9×9,1,5,0,111.44,152.24,178.647,7.458,18
person-2,9×9,6,1,0,259.05,154.42,179.743,9.542,16
person-2,9×9,-1,5,0,116.73,151.79,177.943,7.746,18
person-2,9×9,-1,7,0,149.96,151.51,178.354,7.501,18
person-2,9×9,6,4,0,300.7,155.62,179.193,9.917,18
person-2,9×9,-1,2,0,167.88,151.34,179.006,7.33,14
person-2,9×9,3,7,0,202.42,154.5,179.063,9.493,16
person-2,9×9,4,1,0,227.02,154.64,179.313,9.692,18
person-2,9×9,3,2,0,201.75,154.12,-179.951,10.298,22
person-2,9×9,-1,8,0,80.17,151.62,179.247,8.459,18
person-2,9×9,2,2,0,179.69,153.61,-179.61,9.43,14
person-2,9×9,6,2,0,257.83,151.97,-178.147,9.801,16
person-2,9×9,5,3,0,241.47,152.18,-179.027,10.152,20
person-2,9×9,6,6,0,281.29,152.88,-178.594,10.673,14
person-2,9×9,8,2,0,307.93,154.04,-179.344,12.034,16
person-2,9×9,4,5,0,191.33,154.05,-178.741,11.623,18
person-2,9×9,1,2,0,196.56,150.82,-178.686,9.969,16
person-2,9×9,2,4,0,247.33,152.82,-178.412,10.797,18
person-2,9×9,4,3,0,284.16,154.06,-178.242,11.74,18
person-2,9×9,5,7,0,240.0,155.22,-178.89,12.962,18
person-2,9×9,7,5,0,331.65,156.81,-178.808,14.099,20
person-2,9×9,2,3,0,213.66,155.78,-178.118,12.728,18
person-2,9×9,8,1,0,306.23,156.03,-178.861,13.856,16
person-2,9×9,1,1,0,179.23,154.56,-178.511,12.536,18
person-2,9×9,1,-1,0,191.84,153.87,-179.408,13.469,16
person-2,9×9,6,5,0,290.09,157.04,-179.104,15.8,16
person-2,9×9,1,6,0,163.33,156.04,-179.562,14.091,20
person-2,9×9,7,-1,0,316.58,158.88,-177.713,15.53,18
person-2,9×9,4,4,0,299.19,156.82,-178.972,15.673,18
person-2,9×9,8,7,0,327.43,156.85,-178.426,15.188,18
person-2,9×9,6,3,0,260.2,157.75,-178.438,15.258,22
person-2,9×9,5,4,0,304.69,157.02,-179.096,15.721,16
person-2,9×9,5,6,0,261.51,155.7,-179.83,16.231,18
person-2,9×9,8,6,0,274.16,157.17,-179.034,15.327,18
person-2,9×9,-1,6,0,176.61,155.58,-178.892,14.684,18
person-2,9×9,-1,-1,0,220.91,155.32,-178.913,14.396,16
person-2,9×9,7,3,0,338.56,156.94,-178.481,15.924,18
person-2,9×9,1,4,0,236.12,154.88,-179.044,14.691,18
person-2,9×9,6,7,0,315.94,157.51,-179.038,16.477,16
person-2,9×9,7,2,0,314.15,158.09,-178.387,17.044,16
person-2,9×9,7,7,0,285.13,157.77,-179.105,16.51,14
person-2,9×9,2,-1,0,241.71,156.43,-179.128,15.709,16
person-2,9×9,2,1,0,243.01,157.02,-178.837,15.885,18
person-2,9×9,4,-1,0,256.76,158.46,-178.011,16.104,20
person-2,9×9,3,1,0,253.53,158.14,-179.031,16.403,16
person-2,6×9,1,4,0,151.11,126.37,-178.427,2.358,24
person-2,6×9,3,7,1,23.48,127.45,-179.31,3.485,18
person-2,6×9,5,2,1,13.89,126.74,-177.846,3.719,20
person-2,6×9,1,6,0,112.73,125.59,-179.713,2.92,20
person-2,6×9,5,-1,1,13.36,127.72,-178.396,4.076,22
person-2,6×9,5,5,1,34.88,126.11,-178.619,3.814,18
person-2,6×9,5,8,0,50.58,126.23,-179.676,3.729,22
person-2,6×9,3,4,1,11.85,128.11,-179.22,5.218,18
person-2,6×9,5,4,0,59.48,126.69,-178.956,4.746,22
person-2,6×9,1,2,0,157.05,125.14,-178.242,4.823,18
person-2,6×9,2,7,0,79.62,126.96,179.687,5.086,16
person-2,6×9,3,3,1,20.05,128.46,-179.092,6.063,18
person-2,6×9,3,-1,1,21.55,126.42,-178.344,6.011,16
person-2,6×9,1,8,0,209.3,125.58,-179.31,5.484,18
person-2,6×9,4,-1,0,118.39,126.82,-178.107,6.415,20
person-2,6×9,1,5,0,198.88,125.44,-179.484,6.139,18
person-2,6×9,4,5,0,208.21,125.79,-178.022,6.472,14
person-2,6×9,-1,8,0,283.82,124.58,179.511,5.829,18
person-2,6×9,2,5,0,185.57,124.89,-179.332,6.616,16
person-2,6×9,4,6,0,187.6,125.15,-179.112,5.9,18
person-2,6×9,1,3,0,234.89,124.36,-178.447,5.615,16
person-2,6×9,2,4,0,161.6,125.35,-178.572,6.512,16
person-2,6×9,-1,6,0,148.56,124.05,-179.116,6.152,18
person-2,6×9,2,1,0,144.12,127.3,-178.722,7.904,20
person-2,6×9,2,6,0,154.52,126.37,-179.106,7.021,18
person-2,6×9,-1,4,0,125.25,124.65,-179.669,5.59,16
person-2,6×9,4,2,0,195.26,128.13,-178.901,8.122,20
person-2,6×9,3,5,0,173.15,128.02,-179.955,8.298,18
person-2,6×9,2,3,0,161.48,128.79,-179.438,8.906,16
person-2,6×9,3,1,0,181.89,129.59,-179.405,8.559,18
person-2,6×9,4,4,0,231.07,128.8,-178.507,8.011,16
person-2,6×9,2,8,0,167.92,128.74,179.961,8.788,20
person-2,6×9,-1,5,0,97.29,127.27,-179.711,8.092,20
person-2,6×9,4,8,0,218.72,128.71,-179.583,8.343,22
person-2,6×9,-1,-1,0,149.79,126.43,-178.927,7.464,16
person-2,6×9,5,7,0,261.47,127.54,-179.559,8.679,16
person-2,6×9,3,8,0,153.94,129.48,-179.185,9.386,16
person-2,6×9,5,3,0,220.27,129.27,-178.933,8.825,18
person-2,6×9,2,-1,0,117.03,129.08,-178.016,8.831,18
person-2,6×9,4,3,0,232.76,128.68,-177.999,9.349,16
person-2,6×9,5,6,0,249.01,129.91,-178.932,9.279,18
person-2,6×9,5,1,0,215.74,129.89,-179.088,8.265,14
person-2,6×9,1,7,0,183.28,129.72,179.956,8.714,14
person-2,6×9,1,-1,0,128.95,128.89,-179.216,9.145,18
person-2,6×9,4,1,0,200.81,130.39,-179.222,9.235,18
person-2,6×9,-1,2,0,100.41,127.6,-179.082,8.055,18
person-2,6×9,-1,7,0,133.09,127.83,179.328,8.546,20
person-2,6×9,4,7,0,220.9,130.38,-179.377,9.693,18
person-2,6×9,1,1,0,116.18,130.01,-179.692,9.285,20
person-2,6×9,-1,3,0,80.89,128.42,-179.965,8.682,16
person-2,6×9,3,2,0,169.76,130.36,-179.497,10.265,18
person-2,6×9,3,6,0,255.74,131.07,179.872,10.311,20
person-2,6×9,-1,1,0,61.66,129.87,-179.378,9.565,18
person-2,6×9,2,2,0,176.49,132.62,179.95,11.672,16
person-2,4×5,-1,3,0,181.86,126.75,-178.45,-4.451,24
person-2,4×5,1,2,0,179.87,129.24,-179.443,-2.53,24
person-2,4×5,2,4,0,168.18,131.21,-179.733,-1.471,24
person-2,4×5,3,1,0,241.14,130.92,-178.084,-1.628,24
person-2,4×5,2,-1,0,185.78,130.36,-178.59,-1.624,21
person-2,4×5,3,4,0,246.0,131.73,-179.967,-1.27,27
person-2,4×5,2,3,0,185.82,131.42,-179.271,-0.897,21
person-2,4×5,3,3,0,255.94,132.04,-179.231,-0.85,27
person-2,4×5,-1,-1,0,156.71,129.07,-178.679,-1.98,24
person-2,4×5,1,4,0,178.09,130.11,179.466,-1.707,21
person-2,4×5,-1,1,0,206.6,127.6,-179.817,-2.692,18
person-2,4×5,1,-1,0,210.1,129.67,-179.633,-1.68,24
person-2,4×5,2,1,0,202.08,131.06,-179.509,-0.806,24
person-2,4×5,1,1,0,176.02,129.8,-179.46,-1.014,26
person-2,4×5,2,2,0,193.89,130.34,-179.6,-0.898,20
person-2,4×5,3,-1,0,201.58,131.46,-179.682,-0.471,21
person-2,4×5,3,2,0,194.15,130.12,-179.982,-0.484,23
person-2,4×5,1,3,0,165.47,127.97,179.805,-1.474,26
person-2,4×5,-1,2,0,162.45,127.35,-179.187,-2.403,24
person-2,4×5,-1,4,0,125.9,128.6,179.233,-2.33,26
person-2,4×5,-1,2,0,165.94,139.11,-178.279,4.241,23
person-2,4×5,-1,4,0,138.7,140.68,-179.205,4.687,23
person-2,4×5,3,1,0,146.57,144.19,-178.177,6.902,20
person-2,4×5,2,3,1,52.36,143.23,-177.949,6.431,24
person-2,4×5,3,2,1,71.51,144.06,-177.847,7.143,22
person-2,4×5,2,2,1,65.37,144.75,-178.391,7.562,24
person-2,4×5,3,-1,1,75.16,145.58,-177.188,7.533,22
person-2,4×5,1,1,1,31.54,143.18,-178.222,6.334,24
person-2,4×5,2,1,1,81.87,144.33,-178.515,7.245,19
person-2,4×5,1,3,1,62.77,143.08,-178.701,6.915,20
person-2,4×5,3,4,0,103.72,144.95,-178.131,8.27,22
person-2,4×5,-1,-1,1,81.65,141.48,-178.071,6.003,19
person-2,4×5,1,2,1,91.7,143.47,-177.746,8.252,23
person-2,4×5,2,-1,0,88.47,144.62,-177.026,8.352,17
person-2,4×5,2,4,1,55.56,145.1,-177.42,9.209,23
person-2,4×5,-1,3,0,151.16,141.04,-177.06,8.234,28
person-2,4×5,1,-1,0,102.35,144.64,-176.139,9.678,23
person-2,4×5,3,3,1,61.81,146.03,-176.707,9.722,20
person-2,4×5,-1,1,0,150.84,141.84,-175.563,8.24,23
person-2,4×5,1,4,0,100.17,144.04,-176.799,9.71,23
person-2,5×4,-1,2,0,113.93,163.08,-179.516,5.669,21
person-2,5×4,3,2,0,244.27,164.41,-178.763,7.407,17
person-2,5×4,4,2,0,275.48,165.93,-178.868,8.578,23
person-2,5×4,4,1,0,294.37,166.46,-178.204,7.787,27
person-2,5×4,3,3,0,265.64,165.79,-179.462,8.496,18
person-2,5×4,1,1,0,278.95,166.49,-178.513,7.542,17
person-2,5×4,2,3,0,298.35,167.35,-179.524,8.498,21
person-2,5×4,2,-1,0,304.93,168.23,-178.961,8.361,18
person-2,5×4,2,1,0,312.51,168.25,-178.849,8.705,18
person-2,5×4,4,-1,0,330.88,170.51,-177.472,9.544,24
person-2,5×4,4,3,0,270.41,168.54,-177.471,10.333,21
person-2,5×4,-1,-1,0,210.68,166.1,-178.68,9.08,26
person-2,5×4,1,2,0,281.0,168.23,-178.607,10.509,25
person-2,5×4,1,-1,0,283.71,168.26,-178.012,10.166,22
person-2,5×4,2,2,0,296.71,168.56,-177.933,9.697,25
person-2,5×4,3,1,0,286.25,170.01,-177.833,10.799,22
person-2,5×4,-1,1,0,220.21,167.78,-178.041,10.397,23
person-2,5×4,3,-1,0,316.23,170.4,-177.259,12.147,21
person-2,5×4,1,3,0,305.51,169.77,-178.314,11.294,25
person-2,5×4,-1,3,0,239.7,168.35,-178.63,9.898,19
person-2,5×4,2,-1,0,128.43,142.5,177.437,2.124,21
person-2,5×4,-1,3,0,73.61,140.88,176.321,1.495,21
person-2,5×4,4,-1,0,154.08,145.54,177.748,3.371,21
person-2,5×4,-1,2,0,110.35,143.99,176.913,2.555,19
person-2,5×4,1,-1,0,130.19,145.55,178.015,3.937,23
person-2,5×4,2,3,0,85.37,146.73,176.581,3.54,22
person-2,5×4,3,1,0,159.1,148.39,177.496,4.16,22
person-2,5×4,3,2,0,139.77,147.8,177.034,4.279,22
person-2,5×4,-1,1,0,109.98,146.11,177.298,3.835,19
person-2,5×4,4,2,0,169.24,150.24,177.285,5.768,24
person-2,5×4,2,2,0,243.09,148.13,176.862,5.28,19
person-2,5×4,4,1,0,213.2,150.29,177.221,6.212,21
person-2,5×4,1,2,0,207.7,149.18,177.124,5.357,21
person-2,5×4,-1,-1,0,221.66,149.4,178.377,5.581,22
person-2,5×4,3,-1,0,316.92,152.11,178.56,7.572,22
person-2,5×4,4,3,0,274.16,155.07,178.501,8.733,20
person-2,5×4,2,1,0,317.16,154.14,177.786,8.145,22
person-2,5×4,1,3,0,259.72,153.5,177.378,8.207,24
person-2,5×4,1,1,0,291.67,152.28,178.083,8.148,19
person-2,5×4,3,3,0,246.72,154.12,177.622,8.943,24
person-2,5×4,-1,-1,0,75.15,148.63,-176.104,1.16,20
person-2,5×4,3,1,1,58.91,152.66,-176.984,2.997,14
person-2,5×4,1,3,0,80.09,150.23,-176.507,1.997,16
person-2,5×4,-1,1,0,74.14,149.35,-176.523,1.808,14
person-2,5×4,3,3,1,21.38,151.3,-177.81,3.31,18
person-2,5×4,3,2,1,21.68,153.73,-177.855,4.054,20
person-2,5×4,1,-1,1,68.34,150.85,-176.664,2.688,16
person-2,5×4,4,1,1,84.41,154.57,-177.461,4.738,18
person-2,5×4,4,2,0,91.28,155.48,-177.769,5.001,16
person-2,5×4,4,3,1,76.46,154.19,-177.273,4.692,18
person-2,5×4,2,-1,0,97.77,153.4,-177.11,4.624,20
person-2,5×4,2,2,1,55.6,152.97,-177.774,3.271,16
person-2,5×4,2,3,1,52.7,154.26,-177.186,4.405,18
person-2,5×4,1,2,0,71.88,151.0,-177.228,2.877,16
person-2,5×4,-1,3,0,78.69,150.21,-177.123,3.189,18
person-2,5×4,3,-1,0,132.34,153.32,-177.241,5.025,16
person-2,5×4,2,1,0,94.31,152.98,-176.176,4.603,14
person-2,5×4,-1,2,0,108.0,151.47,-177.037,3.697,16
person-2,5×4,4,-1,0,222.47,156.89,-176.381,6.131,14
person-2,5×4,1,1,0,145.62,152.35,-177.088,5.797,18
person-2,5×4,2,2,0,85.71,126.17,-178.451,-3.087,25
person-2,5×4,4,1,1,16.32,127.39,179.619,-3.628,22
person-2,5×4,4,3,0,63.71,127.35,179.761,-2.822,21
person-2,5×4,4,-1,1,55.99,127.3,-179.641,-2.157,22
person-2,5×4,1,3,1,69.08,124.63,179.484,-3.574,25
person-2,5×4,3,3,1,24.44,124.92,179.861,-4.056,16
person-2,5×4,2,3,1,43.26,126.04,179.568,-3.161,19
person-2,5×4,-1,2,0,70.63,122.72,178.568,-3.558,18
person-2,5×4,2,-1,0,90.15,123.44,-179.765,-3.175,18
person-2,5×4,3,2,1,8.48,125.17,178.503,-2.523,18
person-2,5×4,1,-1,0,138.28,122.59,-179.715,-4.059,22
person-2,5×4,-1,3,1,52.42,119.22,178.096,-3.057,18
person-2,5×4,-1,1,1,43.17,119.77,-179.497,-3.158,16
person-2,5×4,2,1,1,57.71,122.32,-179.943,-1.497,18
person-2,5×4,1,2,0,77.13,121.05,-179.603,-2.376,19
person-2,5×4,4,2,1,53.08,124.03,179.482,-1.976,18
person-2,5×4,-1,-1,0,80.46,120.01,-179.087,-3.006,23
person-2,5×4,1,1,0,111.33,121.7,-178.977,-2.053,19
person-2,5×4,3,1,1,6.0,123.74,179.882,-1.683,22
person-2,5×4,3,-1,1,50.34,122.18,-178.439,-2.192,20
person-2,5×4,1,3,1,51.96,153.01,-179.686,4.621,16
person-2,5×4,4,2,1,20.12,154.75,179.712,6.352,22
person-2,5×4,3,-1,0,150.02,153.79,179.644,6.055,16
person-2,5×4,3,1,0,81.65,154.61,-179.244,6.125,16
person-2,5×4,-1,2,0,152.44,151.12,179.199,4.678,18
person-2,5×4,2,2,0,120.06,152.23,179.275,5.955,14
person-2,5×4,4,-1,0,96.01,158.17,179.564,7.284,14
person-2,5×4,3,2,1,44.79,152.15,-179.636,6.783,13
person-2,5×4,-1,1,0,233.96,147.94,-179.175,5.347,14
person-2,5×4,2,-1,0,149.58,150.65,-178.87,6.963,18
person-2,5×4,-1,3,0,154.45,149.95,179.829,5.794,13
person-2,5×4,2,1,0,103.23,151.66,-178.506,7.028,16
person-2,5×4,2,3,1,41.8,152.16,-179.357,7.059,10
person-2,5×4,4,3,1,60.27,152.5,-179.327,7.796,12
person-2,5×4,3,3,1,42.48,152.71,-179.776,8.444,14
person-2,5×4,1,1,0,272.77,150.41,179.596,7.227,14
person-2,5×4,1,2,0,221.49,149.72,179.444,7.504,18
person-2,5×4,-1,-1,0,266.66,148.82,179.685,6.544,18
person-2,5×4,1,-1,0,288.98,149.77,179.873,7.449,18
person-2,5×4,4,1,1,61.13,152.89,179.269,9.22,18
person-2,3×3 (×2),1,1,0,146.46,251.16,176.17,-2.878,29
person-2,3×3 (×2),2,-1,0,121.45,253.48,177.99,-1.879,22
person-2,3×3 (×2),-1,2,0,166.9,250.33,177.78,-3.394,24
person-2,3×3 (×2),2,2,0,84.03,254.31,177.051,-1.546,23
person-2,3×3 (×2),-1,-1,1,78.43,251.52,177.851,-2.752,19
person-2,3×3 (×2),1,-1,0,97.84,252.49,178.496,-1.71,24
person-2,3×3 (×2),2,1,1,25.4,254.52,178.542,-0.66,21
person-2,3×3 (×2),-1,1,1,113.95,251.69,179.254,-2.217,26
person-2,3×3 (×2),1,2,1,115.47,252.52,178.807,-0.64,19
person-2,3×3 (×2),-1,2,0,139.88,250.68,178.336,-1.741,28
person-2,3×3 (×2),1,-1,1,82.46,252.44,179.165,0.67,26
person-2,3×3 (×2),2,-1,1,59.92,255.34,-179.667,1.421,22
person-2,3×3 (×2),2,1,1,73.32,257.22,179.09,1.923,24
person-2,3×3 (×2),-1,-1,1,123.2,252.29,179.091,0.257,24
person-2,3×3 (×2),1,2,1,93.42,256.03,179.223,0.596,20
person-2,3×3 (×2),1,1,1,70.27,255.91,178.328,0.899,14
person-2,3×3 (×2),-1,1,1,128.82,253.64,178.627,0.642,23
person-2,3×3 (×2),2,2,1,56.11,257.9,178.032,1.671,23
person-2,4×4,2,3,0,117.99,257.02,173.872,0.261,22
person-2,4×4,1,3,1,76.12,260.0,174.205,1.501,24
person-2,4×4,3,1,1,48.48,261.74,174.685,2.418,22
person-2,4×4,1,1,1,44.86,259.42,174.083,2.152,23
person-2,4×4,-1,-1,1,43.24,257.4,172.683,0.986,22
person-2,4×4,1,-1,1,21.26,260.19,176.179,2.114,20
person-2,4×4,-1,3,0,97.19,259.68,176.773,2.042,21
person-2,4×4,1,2,1,67.74,261.6,175.86,2.279,21
person-2,4×4,-1,1,1,59.46,261.41,176.179,1.99,21
person-2,4×4,3,3,1,51.78,264.56,176.07,5.114,19
person-2,4×4,3,2,1,16.32,262.61,174.373,3.813,18
person-2,4×4,2,1,0,85.53,263.21,174.7,3.557,20
person-2,4×4,-1,2,0,153.85,261.15,173.44,2.296,22
person-2,4×4,3,-1,1,52.64,265.11,175.219,4.63,22
person-2,4×4,2,-1,1,47.2,264.23,175.509,4.325,22
person-2,4×4,2,2,0,86.69,264.45,175.009,6.125,20
person-2,5×4,2,1,0,76.28,268.48,175.547,6.85,20
person-2,5×4,4,2,1,77.3,269.78,175.108,8.211,22
person-2,5×4,1,3,0,115.12,269.0,175.007,7.297,22
person-2,5×4,2,3,0,97.26,268.44,173.854,6.364,18
person-2,5×4,4,1,1,9.86,269.8,175.442,7.553,20
person-2,5×4,3,-1,1,48.83,270.19,175.651,7.329,20
person-2,5×4,4,-1,1,8.4,269.96,175.498,8.237,22
person-2,5×4,-1,2,0,99.25,269.63,175.433,7.062,20
person-2,5×4,3,2,1,49.88,274.5,176.19,9.445,22
person-2,5×4,2,-1,1,23.62,274.24,177.005,9.617,22
person-2,5×4,4,3,1,64.31,276.45,176.045,10.707,18
person-2,5×4,2,2,1,23.8,275.18,176.452,10.019,22
person-2,5×4,-1,-1,1,53.9,273.28,177.176,8.945,20
person-2,5×4,1,-1,1,61.38,275.2,176.527,9.668,20
person-2,5×4,-1,3,0,57.94,273.83,177.01,9.218,22
person-2,5×4,1,1,1,27.2,274.43,178.413,10.059,20
person-2,5×4,1,2,1,20.76,275.85,177.15,10.31,16
person-2,5×4,-1,1,1,11.45,275.64,175.627,8.962,20
person-2,5×4,3,3,1,23.03,277.98,176.516,11.027,18
person-2,5×4,3,1,0,79.07,276.95,176.082,10.784,20
person-2,5×4,-1,-1,1,83.65,278.3,175.012,10.068,20
person-2,5×4,1,-1,0,132.1,279.66,174.929,10.251,20
person-2,5×4,-1,1,1,57.42,281.28,174.026,9.913,18
person-2,5×4,2,3,0,96.92,282.13,173.568,11.296,20
person-2,5×4,-1,2,1,24.72,280.92,174.371,10.439,20
person-2,5×4,4,2,0,156.95,282.53,173.845,12.96,16
person-2,5×4,4,-1,0,162.99,282.36,175.618,12.797,16
person-2,5×4,1,2,1,35.06,283.7,174.808,11.22,18
person-2,5×4,3,2,0,100.95,283.77,175.422,13.696,18
person-2,5×4,1,1,0,65.63,284.64,175.112,11.35,18
person-2,5×4,4,3,0,169.6,283.12,175.124,13.456,16
person-2,5×4,3,1,0,117.09,285.94,175.474,12.525,18
person-2,5×4,3,-1,0,129.94,283.76,175.63,13.553,16
person-2,5×4,2,1,0,98.53,284.18,175.037,13.02,18
person-2,5×4,2,2,0,86.35,286.96,174.997,12.519,14
person-2,5×4,-1,3,1,41.82,283.21,174.749,11.772,16
person-2,5×4,2,-1,0,102.36,284.46,175.057,12.671,14
person-2,5×4,4,1,0,192.67,284.25,175.279,13.643,20
person-2,5×4,1,3,0,71.76,284.69,174.641,11.507,18
person-2,5×4,3,3,0,115.51,285.82,175.188,13.613,16
person-2,5×4,3,3,1,35.5,237.27,171.771,2.659,20
person-2,5×4,2,3,1,30.12,237.16,171.488,2.949,14
person-2,5×4,1,3,1,6.8,237.52,171.913,3.476,18
person-2,5×4,4,-1,1,49.21,239.78,173.55,5.229,16
person-2,5×4,3,1,1,46.65,239.63,172.543,6.084,18
person-2,5×4,4,2,1,43.91,241.47,172.824,6.558,18
person-2,5×4,1,1,1,64.04,239.55,172.498,4.95,16
person-2,5×4,-1,1,1,41.22,238.37,172.592,4.415,16
person-2,5×4,-1,3,1,56.39,239.02,172.221,5.066,20
person-2,5×4,1,2,0,89.99,237.73,171.428,5.335,16
person-2,5×4,-1,-1,1,41.07,236.88,171.598,5.029,14
person-2,5×4,3,2,0,112.53,240.54,170.379,6.167,16
person-2,5×4,2,-1,1,69.29,238.15,171.171,5.561,16
person-2,5×4,4,1,0,114.73,238.67,170.893,6.389,14
person-2,5×4,-1,2,1,50.19,234.71,170.526,4.311,16
person-2,5×4,3,-1,0,95.19,237.69,171.639,6.042,20
person-2,5×4,2,1,1,81.73,236.87,171.412,5.588,20
person-2,5×4,2,2,1,88.76,237.4,170.86,5.585,16
person-2,5×4,4,3,0,80.96,237.78,170.834,6.422,18
person-2,5×4,1,-1,0,70.91,237.06,170.984,5.463,16
person-2,3×3 (×2),2,2,1,12.16,204.36,177.57,5.094,16
person-2,3×3 (×2),2,1,1,87.74,204.78,177.254,4.938,20
person-2,3×3 (×2),-1,-1,1,79.73,201.2,176.585,2.905,23
person-2,3×3 (×2),1,-1,1,57.98,204.86,176.606,4.022,20
person-2,3×3 (×2),-1,2,1,21.66,202.83,176.282,3.323,22
person-2,3×3 (×2),-1,1,1,35.66,204.36,175.939,3.464,22
person-2,3×3 (×2),1,2,1,38.12,206.74,176.644,4.939,22
person-2,3×3 (×2),1,1,1,74.99,205.35,176.177,4.574,21
person-2,3×3 (×2),2,-1,1,58.7,207.42,177.886,6.019,17
person-2,3×3 (×2),-1,-1,1,49.23,203.63,176.828,4.31,20
person-2,3×3 (×2),1,2,1,36.66,208.02,175.797,5.411,18
person-2,3×3 (×2),-1,1,1,34.05,205.18,176.922,5.008,20
person-2,3×3 (×2),2,2,1,86.4,209.86,177.008,6.888,16
person-2,3×3 (×2),1,1,1,63.67,208.95,176.253,7.098,18
person-2,3×3 (×2),-1,2,1,18.19,207.53,176.089,5.92,20
person-2,3×3 (×2),1,-1,1,41.63,210.22,176.831,7.719,20
person-2,3×3 (×2),2,-1,0,97.75,212.85,178.038,8.876,20
person-2,3×3 (×2),2,1,0,94.77,212.61,176.668,8.83,18
person-2,3×3 (×2),1,2,1,90.66,220.0,179.574,4.656,25
person-2,3×3 (×2),-1,-1,1,43.15,219.32,179.798,4.434,25
person-2,3×3 (×2),-1,2,1,5.75,221.02,179.95,5.066,26
person-2,3×3 (×2),1,1,0,68.25,223.13,-179.467,6.25,21
person-2,3×3 (×2),-1,1,1,46.11,222.29,179.824,5.464,19
person-2,3×3 (×2),2,2,1,42.45,226.6,-179.231,7.384,21
person-2,3×3 (×2),1,-1,1,47.77,226.24,-179.379,7.279,20
person-2,3×3 (×2),2,1,1,20.11,225.88,-179.169,8.153,22
person-2,3×3 (×2),2,-1,1,62.0,226.92,-179.237,8.2,16
person-2,3×3 (×2),1,-1,1,60.13,225.8,-179.041,7.885,22
person-2,3×3 (×2),-1,1,1,62.03,224.36,179.88,7.616,20
person-2,3×3 (×2),-1,-1,1,50.93,225.46,-179.668,7.388,18
person-2,3×3 (×2),2,2,1,26.82,228.3,179.866,9.224,18
person-2,3×3 (×2),1,1,1,79.25,228.42,-179.898,9.124,18
person-2,3×3 (×2),2,-1,1,19.43,229.33,-179.071,8.816,20
person-2,3×3 (×2),-1,2,1,109.67,230.13,-179.675,7.744,20
person-2,3×3 (×2),1,2,1,33.8,230.34,179.828,9.396,20
person-2,3×3 (×2),2,1,1,27.93,231.53,-179.283,10.974,20
person-2,4×4,-1,-1,1,31.03,231.13,-179.439,8.217,23
person-2,4×4,-1,2,1,15.76,232.01,-178.83,10.553,20
person-2,4×4,1,1,1,41.33,236.1,-178.804,10.977,20
person-2,4×4,3,2,1,59.43,237.8,-177.902,13.149,20
person-2,4×4,1,-1,1,30.45,236.79,-178.902,12.949,18
person-2,4×4,2,2,0,65.61,237.02,-178.821,13.478,18
person-2,4×4,-1,1,1,32.91,236.15,-179.18,12.188,18
person-2,4×4,2,-1,1,34.27,237.41,-178.391,14.26,18
person-2,4×4,3,3,1,16.18,238.36,-178.346,14.931,18
person-2,4×4,1,2,1,45.09,240.28,-178.252,14.302,22
person-2,4×4,3,-1,1,18.4,241.31,-178.368,15.491,22
person-2,4×4,1,3,1,26.0,241.21,-179.766,13.603,18
person-2,4×4,2,3,1,17.64,242.58,-179.554,14.434,16
person-2,4×4,2,1,1,34.2,243.58,-178.992,14.649,20
person-2,4×4,3,1,1,14.6,244.5,-178.272,15.516,18
person-2,4×4,-1,3,1,55.9,242.89,-179.589,13.069,20
person-2,3×3 (×2),2,-1,1,88.3,140.83,179.741,1.004,16
person-2,3×3 (×2),-1,-1,1,85.66,135.76,-179.469,-2.189,18
person-2,3×3 (×2),1,-1,1,56.19,139.35,-179.519,-1.312,18
person-2,3×3 (×2),1,2,1,70.72,140.46,179.997,-0.709,16
person-2,3×3 (×2),2,1,1,117.91,141.95,179.825,1.674,18
person-2,3×3 (×2),2,2,1,112.97,141.29,178.73,-0.031,16
person-2,3×3 (×2),1,1,1,63.21,139.95,179.395,1.442,20
person-2,3×3 (×2),-1,1,1,95.76,137.9,179.359,-0.394,20
person-2,3×3 (×2),-1,2,0,158.48,137.19,176.571,0.144,20
person-2,3×3 (×2),1,2,1,87.56,139.76,177.304,0.921,16
person-2,3×3 (×2),-1,2,0,144.21,137.5,177.215,-0.393,20
person-2,3×3 (×2),-1,1,1,77.59,137.41,177.803,-0.074,20
person-2,3×3 (×2),2,2,0,150.69,143.46,178.45,2.965,18
person-2,3×3 (×2),-1,-1,1,38.76,139.35,178.532,0.773,18
person-2,3×3 (×2),1,1,1,99.44,142.16,179.131,2.992,20
person-2,3×3 (×2),2,-1,0,141.04,144.24,179.398,4.273,18
person-2,3×3 (×2),1,-1,1,89.65,141.75,179.715,3.091,16
person-2,3×3 (×2),2,1,0,213.19,144.28,178.994,4.413,16
person-2,9×9,8,4,0,318.4,149.76,179.075,5.552,18
person-2,9×9,2,8,0,129.15,148.13,177.763,4.449,20
person-2,9×9,2,6,0,98.94,148.46,178.347,4.273,16
person-2,9×9,5,2,0,247.01,149.6,179.207,4.311,18
person-2,9×9,8,5,0,328.72,151.55,179.468,6.357,18
person-2,9×9,5,8,0,262.43,152.46,178.521,6.708,16
person-2,9×9,3,-1,0,195.96,150.41,179.98,5.932,18
person-2,9×9,7,1,0,349.0,154.31,-179.743,7.373,22
person-2,9×9,3,5,0,226.94,151.77,179.629,6.628,16
person-2,9×9,1,7,0,160.32,150.94,179.556,6.029,16
person-2,9×9,2,7,0,167.89,152.29,179.784,6.237,16
person-2,9×9,-1,4,0,230.74,150.64,178.786,5.663,20
person-2,9×9,2,5,0,213.36,152.34,178.783,6.556,16
person-2,9×9,7,8,0,334.44,156.78,178.509,8.311,16
person-2,9×9,7,6,0,309.78,155.55,178.677,8.25,18
person-2,9×9,8,-1,0,326.23,157.27,179.939,9.283,20
person-2,9×9,6,8,0,272.28,157.21,179.063,8.81,14
person-2,9×9,3,4,0,234.71,155.07,178.775,8.267,16
person-2,9×9,7,4,0,291.27,154.09,178.874,8.803,20
person-2,9×9,-1,1,0,147.4,149.51,-179.328,6.495,16
person-2,9×9,6,-1,0,265.3,155.38,179.423,9.206,18
person-2,9×9,5,1,0,224.53,153.32,179.913,8.563,20
person-2,9×9,8,3,0,333.83,154.68,179.513,9.342,16
person-2,9×9,5,-1,0,243.43,154.32,179.983,9.188,18
person-2,9×9,1,8,0,114.97,151.91,178.717,6.821,20
person-2,9×9,4,8,0,220.99,153.18,178.807,8.896,16
person-2,9×9,-1,3,0,142.09,150.85,178.806,7.166,16
person-2,9×9,8,8,0,340.21,155.33,178.993,8.936,16
person-2,9×9,3,3,0,212.08,154.86,179.746,8.957,18
person-2,9×9,3,8,0,166.24,153.09,178.979,9.209,16
person-2,9×9,5,5,0,241.27,153.05,178.826,8.185,16
person-2,9×9,4,2,0,181.55,153.49,178.949,8.18,16
person-2,9×9,3,6,0,173.41,151.98,178.833,8.319,20
person-2,9×9,1,3,0,134.95,150.19,179.59,7.394,18
person-2,9×9,4,6,0,221.02,154.12,178.699,8.495,16
person-2,9×9,4,7,0,195.44,153.21,178.297,8.961,18
person-2,9×9,1,5,0,111.44,152.24,178.647,7.458,18
person-2,9×9,6,1,0,259.05,154.42,179.743,9.542,16
person-2,9×9,-1,5,0,116.73,151.79,177.943,7.746,18
person-2,9×9,-1,7,0,149.96,151.51,178.354,7.501,18
person-2,9×9,6,4,0,300.7,155.62,179.193,9.917,18
person-2,9×9,-1,2,0,167.88,151.34,179.006,7.33,14
person-2,9×9,3,7,0,202.42,154.5,179.063,9.493,16
person-2,9×9,4,1,0,227.02,154.64,179.313,9.692,18
person-2,9×9,3,2,0,201.75,154.12,-179.951,10.298,22
person-2,9×9,-1,8,0,80.17,151.62,179.247,8.459,18
person-2,9×9,2,2,0,179.69,153.61,-179.61,9.43,14
person-2,9×9,6,2,0,257.83,151.97,-178.147,9.801,16
person-2,9×9,5,3,0,241.47,152.18,-179.027,10.152,20
person-2,9×9,6,6,0,281.29,152.88,-178.594,10.673,14
person-2,9×9,8,2,0,307.93,154.04,-179.344,12.034,16
person-2,9×9,4,5,0,191.33,154.05,-178.741,11.623,18
person-2,9×9,1,2,0,196.56,150.82,-178.686,9.969,16
person-2,9×9,2,4,0,247.33,152.82,-178.412,10.797,18
person-2,9×9,4,3,0,284.16,154.06,-178.242,11.74,18
person-2,9×9,5,7,0,240.0,155.22,-178.89,12.962,18
person-2,9×9,7,5,0,331.65,156.81,-178.808,14.099,20
person-2,9×9,2,3,0,213.66,155.78,-178.118,12.728,18
person-2,9×9,8,1,0,306.23,156.03,-178.861,13.856,16
person-2,9×9,1,1,0,179.23,154.56,-178.511,12.536,18
person-2,9×9,1,-1,0,191.84,153.87,-179.408,13.469,16
person-2,9×9,6,5,0,290.09,157.04,-179.104,15.8,16
person-2,9×9,1,6,0,163.33,156.04,-179.562,14.091,20
person-2,9×9,7,-1,0,316.58,158.88,-177.713,15.53,18
person-2,9×9,4,4,0,299.19,156.82,-178.972,15.673,18
person-2,9×9,8,7,0,327.43,156.85,-178.426,15.188,18
person-2,9×9,6,3,0,260.2,157.75,-178.438,15.258,22
person-2,9×9,5,4,0,304.69,157.02,-179.096,15.721,16
person-2,9×9,5,6,0,261.51,155.7,-179.83,16.231,18
person-2,9×9,8,6,0,274.16,157.17,-179.034,15.327,18
person-2,9×9,-1,6,0,176.61,155.58,-178.892,14.684,18
person-2,9×9,-1,-1,0,220.91,155.32,-178.913,14.396,16
person-2,9×9,7,3,0,338.56,156.94,-178.481,15.924,18
person-2,9×9,1,4,0,236.12,154.88,-179.044,14.691,18
person-2,9×9,6,7,0,315.94,157.51,-179.038,16.477,16
person-2,9×9,7,2,0,314.15,158.09,-178.387,17.044,16
person-2,9×9,7,7,0,285.13,157.77,-179.105,16.51,14
person-2,9×9,2,-1,0,241.71,156.43,-179.128,15.709,16
person-2,9×9,2,1,0,243.01,157.02,-178.837,15.885,18
person-2,9×9,4,-1,0,256.76,158.46,-178.011,16.104,20
person-2,9×9,3,1,0,253.53,158.14,-179.031,16.403,16
person-2,6×9,1,4,0,151.11,126.37,-178.427,2.358,24
person-2,6×9,3,7,1,23.48,127.45,-179.31,3.485,18
person-2,6×9,5,2,1,13.89,126.74,-177.846,3.719,20
person-2,6×9,1,6,0,112.73,125.59,-179.713,2.92,20
person-2,6×9,5,-1,1,13.36,127.72,-178.396,4.076,22
person-2,6×9,5,5,1,34.88,126.11,-178.619,3.814,18
person-2,6×9,5,8,0,50.58,126.23,-179.676,3.729,22
person-2,6×9,3,4,1,11.85,128.11,-179.22,5.218,18
person-2,6×9,5,4,0,59.48,126.69,-178.956,4.746,22
person-2,6×9,1,2,0,157.05,125.14,-178.242,4.823,18
person-2,6×9,2,7,0,79.62,126.96,179.687,5.086,16
person-2,6×9,3,3,1,20.05,128.46,-179.092,6.063,18
person-2,6×9,3,-1,1,21.55,126.42,-178.344,6.011,16
person-2,6×9,1,8,0,209.3,125.58,-179.31,5.484,18
person-2,6×9,4,-1,0,118.39,126.82,-178.107,6.415,20
person-2,6×9,1,5,0,198.88,125.44,-179.484,6.139,18
person-2,6×9,4,5,0,208.21,125.79,-178.022,6.472,14
person-2,6×9,-1,8,0,283.82,124.58,179.511,5.829,18
person-2,6×9,2,5,0,185.57,124.89,-179.332,6.616,16
person-2,6×9,4,6,0,187.6,125.15,-179.112,5.9,18
person-2,6×9,1,3,0,234.89,124.36,-178.447,5.615,16
person-2,6×9,2,4,0,161.6,125.35,-178.572,6.512,16
person-2,6×9,-1,6,0,148.56,124.05,-179.116,6.152,18
person-2,6×9,2,1,0,144.12,127.3,-178.722,7.904,20
person-2,6×9,2,6,0,154.52,126.37,-179.106,7.021,18
person-2,6×9,-1,4,0,125.25,124.65,-179.669,5.59,16
person-2,6×9,4,2,0,195.26,128.13,-178.901,8.122,20
person-2,6×9,3,5,0,173.15,128.02,-179.955,8.298,18
person-2,6×9,2,3,0,161.48,128.79,-179.438,8.906,16
person-2,6×9,3,1,0,181.89,129.59,-179.405,8.559,18
person-2,6×9,4,4,0,231.07,128.8,-178.507,8.011,16
person-2,6×9,2,8,0,167.92,128.74,179.961,8.788,20
person-2,6×9,-1,5,0,97.29,127.27,-179.711,8.092,20
person-2,6×9,4,8,0,218.72,128.71,-179.583,8.343,22
person-2,6×9,-1,-1,0,149.79,126.43,-178.927,7.464,16
person-2,6×9,5,7,0,261.47,127.54,-179.559,8.679,16
person-2,6×9,3,8,0,153.94,129.48,-179.185,9.386,16
person-2,6×9,5,3,0,220.27,129.27,-178.933,8.825,18
person-2,6×9,2,-1,0,117.03,129.08,-178.016,8.831,18
person-2,6×9,4,3,0,232.76,128.68,-177.999,9.349,16
person-2,6×9,5,6,0,249.01,129.91,-178.932,9.279,18
person-2,6×9,5,1,0,215.74,129.89,-179.088,8.265,14
person-2,6×9,1,7,0,183.28,129.72,179.956,8.714,14
person-2,6×9,1,-1,0,128.95,128.89,-179.216,9.145,18
person-2,6×9,4,1,0,200.81,130.39,-179.222,9.235,18
person-2,6×9,-1,2,0,100.41,127.6,-179.082,8.055,18
person-2,6×9,-1,7,0,133.09,127.83,179.328,8.546,20
person-2,6×9,4,7,0,220.9,130.38,-179.377,9.693,18
person-2,6×9,1,1,0,116.18,130.01,-179.692,9.285,20
person-2,6×9,-1,3,0,80.89,128.42,-179.965,8.682,16
person-2,6×9,3,2,0,169.76,130.36,-179.497,10.265,18
person-2,6×9,3,6,0,255.74,131.07,179.872,10.311,20
person-2,6×9,-1,1,0,61.66,129.87,-179.378,9.565,18
person-2,6×9,2,2,0,176.49,132.62,179.95,11.672,16
person-2,4×5,-1,3,0,181.86,126.75,-178.45,-4.451,24
person-2,4×5,1,2,0,179.87,129.24,-179.443,-2.53,24
person-2,4×5,2,4,0,168.18,131.21,-179.733,-1.471,24
person-2,4×5,3,1,0,241.14,130.92,-178.084,-1.628,24
person-2,4×5,2,-1,0,185.78,130.36,-178.59,-1.624,21
person-2,4×5,3,4,0,246.0,131.73,-179.967,-1.27,27
person-2,4×5,2,3,0,185.82,131.42,-179.271,-0.897,21
person-2,4×5,3,3,0,255.94,132.04,-179.231,-0.85,27
person-2,4×5,-1,-1,0,156.71,129.07,-178.679,-1.98,24
person-2,4×5,1,4,0,178.09,130.11,179.466,-1.707,21
person-2,4×5,-1,1,0,206.6,127.6,-179.817,-2.692,18
person-2,4×5,1,-1,0,210.1,129.67,-179.633,-1.68,24
person-2,4×5,2,1,0,202.08,131.06,-179.509,-0.806,24
person-2,4×5,1,1,0,176.02,129.8,-179.46,-1.014,26
person-2,4×5,2,2,0,193.89,130.34,-179.6,-0.898,20
person-2,4×5,3,-1,0,201.58,131.46,-179.682,-0.471,21
person-2,4×5,3,2,0,194.15,130.12,-179.982,-0.484,23
person-2,4×5,1,3,0,165.47,127.97,179.805,-1.474,26
person-2,4×5,-1,2,0,162.45,127.35,-179.187,-2.403,24
person-2,4×5,-1,4,0,125.9,128.6,179.233,-2.33,26
person-2,4×5,-1,2,0,165.94,139.11,-178.279,4.241,23
person-2,4×5,-1,4,0,138.7,140.68,-179.205,4.687,23
person-2,4×5,3,1,0,146.57,144.19,-178.177,6.902,20
person-2,4×5,2,3,1,52.36,143.23,-177.949,6.431,24
person-2,4×5,3,2,1,71.51,144.06,-177.847,7.143,22
person-2,4×5,2,2,1,65.37,144.75,-178.391,7.562,24
person-2,4×5,3,-1,1,75.16,145.58,-177.188,7.533,22
person-2,4×5,1,1,1,31.54,143.18,-178.222,6.334,24
person-2,4×5,2,1,1,81.87,144.33,-178.515,7.245,19
person-2,4×5,1,3,1,62.77,143.08,-178.701,6.915,20
person-2,4×5,3,4,0,103.72,144.95,-178.131,8.27,22
person-2,4×5,-1,-1,1,81.65,141.48,-178.071,6.003,19
person-2,4×5,1,2,1,91.7,143.47,-177.746,8.252,23
person-2,4×5,2,-1,0,88.47,144.62,-177.026,8.352,17
person-2,4×5,2,4,1,55.56,145.1,-177.42,9.209,23
person-2,4×5,-1,3,0,151.16,141.04,-177.06,8.234,28
person-2,4×5,1,-1,0,102.35,144.64,-176.139,9.678,23
person-2,4×5,3,3,1,61.81,146.03,-176.707,9.722,20
person-2,4×5,-1,1,0,150.84,141.84,-175.563,8.24,23
person-2,4×5,1,4,0,100.17,144.04,-176.799,9.71,23
person-2,5×4,-1,2,0,113.93,163.08,-179.516,5.669,21
person-2,5×4,3,2,0,244.27,164.41,-178.763,7.407,17
person-2,5×4,4,2,0,275.48,165.93,-178.868,8.578,23
person-2,5×4,4,1,0,294.37,166.46,-178.204,7.787,27
person-2,5×4,3,3,0,265.64,165.79,-179.462,8.496,18
person-2,5×4,1,1,0,278.95,166.49,-178.513,7.542,17
person-2,5×4,2,3,0,298.35,167.35,-179.524,8.498,21
person-2,5×4,2,-1,0,304.93,168.23,-178.961,8.361,18
person-2,5×4,2,1,0,312.51,168.25,-178.849,8.705,18
person-2,5×4,4,-1,0,330.88,170.51,-177.472,9.544,24
person-2,5×4,4,3,0,270.41,168.54,-177.471,10.333,21
person-2,5×4,-1,-1,0,210.68,166.1,-178.68,9.08,26
person-2,5×4,1,2,0,281.0,168.23,-178.607,10.509,25
person-2,5×4,1,-1,0,283.71,168.26,-178.012,10.166,22
person-2,5×4,2,2,0,296.71,168.56,-177.933,9.697,25
person-2,5×4,3,1,0,286.25,170.01,-177.833,10.799,22
person-2,5×4,-1,1,0,220.21,167.78,-178.041,10.397,23
person-2,5×4,3,-1,0,316.23,170.4,-177.259,12.147,21
person-2,5×4,1,3,0,305.51,169.77,-178.314,11.294,25
person-2,5×4,-1,3,0,239.7,168.35,-178.63,9.898,19
person-2,5×4,2,-1,0,128.43,142.5,177.437,2.124,21
person-2,5×4,-1,3,0,73.61,140.88,176.321,1.495,21
person-2,5×4,4,-1,0,154.08,145.54,177.748,3.371,21
person-2,5×4,-1,2,0,110.35,143.99,176.913,2.555,19
person-2,5×4,1,-1,0,130.19,145.55,178.015,3.937,23
person-2,5×4,2,3,0,85.37,146.73,176.581,3.54,22
person-2,5×4,3,1,0,159.1,148.39,177.496,4.16,22
person-2,5×4,3,2,0,139.77,147.8,177.034,4.279,22
person-2,5×4,-1,1,0,109.98,146.11,177.298,3.835,19
person-2,5×4,4,2,0,169.24,150.24,177.285,5.768,24
person-2,5×4,2,2,0,243.09,148.13,176.862,5.28,19
person-2,5×4,4,1,0,213.2,150.29,177.221,6.212,21
person-2,5×4,1,2,0,207.7,149.18,177.124,5.357,21
person-2,5×4,-1,-1,0,221.66,149.4,178.377,5.581,22
person-2,5×4,3,-1,0,316.92,152.11,178.56,7.572,22
person-2,5×4,4,3,0,274.16,155.07,178.501,8.733,20
person-2,5×4,2,1,0,317.16,154.14,177.786,8.145,22
person-2,5×4,1,3,0,259.72,153.5,177.378,8.207,24
person-2,5×4,1,1,0,291.67,152.28,178.083,8.148,19
person-2,5×4,3,3,0,246.72,154.12,177.622,8.943,24
person-2,5×4,-1,-1,0,75.15,148.63,-176.104,1.16,20
person-2,5×4,3,1,1,58.91,152.66,-176.984,2.997,14
person-2,5×4,1,3,0,80.09,150.23,-176.507,1.997,16
person-2,5×4,-1,1,0,74.14,149.35,-176.523,1.808,14
person-2,5×4,3,3,1,21.38,151.3,-177.81,3.31,18
person-2,5×4,3,2,1,21.68,153.73,-177.855,4.054,20
person-2,5×4,1,-1,1,68.34,150.85,-176.664,2.688,16
person-2,5×4,4,1,1,84.41,154.57,-177.461,4.738,18
person-2,5×4,4,2,0,91.28,155.48,-177.769,5.001,16
person-2,5×4,4,3,1,76.46,154.19,-177.273,4.692,18
person-2,5×4,2,-1,0,97.77,153.4,-177.11,4.624,20
person-2,5×4,2,2,1,55.6,152.97,-177.774,3.271,16
person-2,5×4,2,3,1,52.7,154.26,-177.186,4.405,18
person-2,5×4,1,2,0,71.88,151.0,-177.228,2.877,16
person-2,5×4,-1,3,0,78.69,150.21,-177.123,3.189,18
person-2,5×4,3,-1,0,132.34,153.32,-177.241,5.025,16
person-2,5×4,2,1,0,94.31,152.98,-176.176,4.603,14
person-2,5×4,-1,2,0,108.0,151.47,-177.037,3.697,16
person-2,5×4,4,-1,0,222.47,156.89,-176.381,6.131,14
person-2,5×4,1,1,0,145.62,152.35,-177.088,5.797,18
person-2,5×4,2,2,0,85.71,126.17,-178.451,-3.087,25
person-2,5×4,4,1,1,16.32,127.39,179.619,-3.628,22
person-2,5×4,4,3,0,63.71,127.35,179.761,-2.822,21
person-2,5×4,4,-1,1,55.99,127.3,-179.641,-2.157,22
person-2,5×4,1,3,1,69.08,124.63,179.484,-3.574,25
person-2,5×4,3,3,1,24.44,124.92,179.861,-4.056,16
person-2,5×4,2,3,1,43.26,126.04,179.568,-3.161,19
person-2,5×4,-1,2,0,70.63,122.72,178.568,-3.558,18
person-2,5×4,2,-1,0,90.15,123.44,-179.765,-3.175,18
person-2,5×4,3,2,1,8.48,125.17,178.503,-2.523,18
person-2,5×4,1,-1,0,138.28,122.59,-179.715,-4.059,22
person-2,5×4,-1,3,1,52.42,119.22,178.096,-3.057,18
person-2,5×4,-1,1,1,43.17,119.77,-179.497,-3.158,16
person-2,5×4,2,1,1,57.71,122.32,-179.943,-1.497,18
person-2,5×4,1,2,0,77.13,121.05,-179.603,-2.376,19
person-2,5×4,4,2,1,53.08,124.03,179.482,-1.976,18
person-2,5×4,-1,-1,0,80.46,120.01,-179.087,-3.006,23
person-2,5×4,1,1,0,111.33,121.7,-178.977,-2.053,19
person-2,5×4,3,1,1,6.0,123.74,179.882,-1.683,22
person-2,5×4,3,-1,1,50.34,122.18,-178.439,-2.192,20
person-2,5×4,1,3,1,51.96,153.01,-179.686,4.621,16
person-2,5×4,4,2,1,20.12,154.75,179.712,6.352,22
person-2,5×4,3,-1,0,150.02,153.79,179.644,6.055,16
person-2,5×4,3,1,0,81.65,154.61,-179.244,6.125,16
person-2,5×4,-1,2,0,152.44,151.12,179.199,4.678,18
person-2,5×4,2,2,0,120.06,152.23,179.275,5.955,14
person-2,5×4,4,-1,0,96.01,158.17,179.564,7.284,14
person-2,5×4,3,2,1,44.79,152.15,-179.636,6.783,13
person-2,5×4,-1,1,0,233.96,147.94,-179.175,5.347,14
person-2,5×4,2,-1,0,149.58,150.65,-178.87,6.963,18
person-2,5×4,-1,3,0,154.45,149.95,179.829,5.794,13
person-2,5×4,2,1,0,103.23,151.66,-178.506,7.028,16
person-2,5×4,2,3,1,41.8,152.16,-179.357,7.059,10
person-2,5×4,4,3,1,60.27,152.5,-179.327,7.796,12
person-2,5×4,3,3,1,42.48,152.71,-179.776,8.444,14
person-2,5×4,1,1,0,272.77,150.41,179.596,7.227,14
person-2,5×4,1,2,0,221.49,149.72,179.444,7.504,18
person-2,5×4,-1,-1,0,266.66,148.82,179.685,6.544,18
person-2,5×4,1,-1,0,288.98,149.77,179.873,7.449,18
person-2,5×4,4,1,1,61.13,152.89,179.269,9.22,18
person-2,3×3 (×2),1,1,0,146.46,251.16,176.17,-2.878,29
person-2,3×3 (×2),2,-1,0,121.45,253.48,177.99,-1.879,22
person-2,3×3 (×2),-1,2,0,166.9,250.33,177.78,-3.394,24
person-2,3×3 (×2),2,2,0,84.03,254.31,177.051,-1.546,23
person-2,3×3 (×2),-1,-1,1,78.43,251.52,177.851,-2.752,19
person-2,3×3 (×2),1,-1,0,97.84,252.49,178.496,-1.71,24
person-2,3×3 (×2),2,1,1,25.4,254.52,178.542,-0.66,21
person-2,3×3 (×2),-1,1,1,113.95,251.69,179.254,-2.217,26
person-2,3×3 (×2),1,2,1,115.47,252.52,178.807,-0.64,19
person-2,3×3 (×2),-1,2,0,139.88,250.68,178.336,-1.741,28
person-2,3×3 (×2),1,-1,1,82.46,252.44,179.165,0.67,26
person-2,3×3 (×2),2,-1,1,59.92,255.34,-179.667,1.421,22
person-2,3×3 (×2),2,1,1,73.32,257.22,179.09,1.923,24
person-2,3×3 (×2),-1,-1,1,123.2,252.29,179.091,0.257,24
person-2,3×3 (×2),1,2,1,93.42,256.03,179.223,0.596,20
person-2,3×3 (×2),1,1,1,70.27,255.91,178.328,0.899,14
person-2,3×3 (×2),-1,1,1,128.82,253.64,178.627,0.642,23
person-2,3×3 (×2),2,2,1,56.11,257.9,178.032,1.671,23
person-2,4×4,2,3,0,117.99,257.02,173.872,0.261,22
person-2,4×4,1,3,1,76.12,260.0,174.205,1.501,24
person-2,4×4,3,1,1,48.48,261.74,174.685,2.418,22
person-2,4×4,1,1,1,44.86,259.42,174.083,2.152,23
person-2,4×4,-1,-1,1,43.24,257.4,172.683,0.986,22
person-2,4×4,1,-1,1,21.26,260.19,176.179,2.114,20
person-2,4×4,-1,3,0,97.19,259.68,176.773,2.042,21
person-2,4×4,1,2,1,67.74,261.6,175.86,2.279,21
person-2,4×4,-1,1,1,59.46,261.41,176.179,1.99,21
person-2,4×4,3,3,1,51.78,264.56,176.07,5.114,19
person-2,4×4,3,2,1,16.32,262.61,174.373,3.813,18
person-2,4×4,2,1,0,85.53,263.21,174.7,3.557,20
person-2,4×4,-1,2,0,153.85,261.15,173.44,2.296,22
person-2,4×4,3,-1,1,52.64,265.11,175.219,4.63,22
person-2,4×4,2,-1,1,47.2,264.23,175.509,4.325,22
person-2,4×4,2,2,0,86.69,264.45,175.009,6.125,20
person-2,5×4,2,1,0,76.28,268.48,175.547,6.85,20
person-2,5×4,4,2,1,77.3,269.78,175.108,8.211,22
person-2,5×4,1,3,0,115.12,269.0,175.007,7.297,22
person-2,5×4,2,3,0,97.26,268.44,173.854,6.364,18
person-2,5×4,4,1,1,9.86,269.8,175.442,7.553,20
person-2,5×4,3,-1,1,48.83,270.19,175.651,7.329,20
person-2,5×4,4,-1,1,8.4,269.96,175.498,8.237,22
person-2,5×4,-1,2,0,99.25,269.63,175.433,7.062,20
person-2,5×4,3,2,1,49.88,274.5,176.19,9.445,22
person-2,5×4,2,-1,1,23.62,274.24,177.005,9.617,22
person-2,5×4,4,3,1,64.31,276.45,176.045,10.707,18
person-2,5×4,2,2,1,23.8,275.18,176.452,10.019,22
person-2,5×4,-1,-1,1,53.9,273.28,177.176,8.945,20
person-2,5×4,1,-1,1,61.38,275.2,176.527,9.668,20
person-2,5×4,-1,3,0,57.94,273.83,177.01,9.218,22
person-2,5×4,1,1,1,27.2,274.43,178.413,10.059,20
person-2,5×4,1,2,1,20.76,275.85,177.15,10.31,16
person-2,5×4,-1,1,1,11.45,275.64,175.627,8.962,20
person-2,5×4,3,3,1,23.03,277.98,176.516,11.027,18
person-2,5×4,3,1,0,79.07,276.95,176.082,10.784,20
person-2,5×4,-1,-1,1,83.65,278.3,175.012,10.068,20
person-2,5×4,1,-1,0,132.1,279.66,174.929,10.251,20
person-2,5×4,-1,1,1,57.42,281.28,174.026,9.913,18
person-2,5×4,2,3,0,96.92,282.13,173.568,11.296,20
person-2,5×4,-1,2,1,24.72,280.92,174.371,10.439,20
person-2,5×4,4,2,0,156.95,282.53,173.845,12.96,16
person-2,5×4,4,-1,0,162.99,282.36,175.618,12.797,16
person-2,5×4,1,2,1,35.06,283.7,174.808,11.22,18
person-2,5×4,3,2,0,100.95,283.77,175.422,13.696,18
person-2,5×4,1,1,0,65.63,284.64,175.112,11.35,18
person-2,5×4,4,3,0,169.6,283.12,175.124,13.456,16
person-2,5×4,3,1,0,117.09,285.94,175.474,12.525,18
person-2,5×4,3,-1,0,129.94,283.76,175.63,13.553,16
person-2,5×4,2,1,0,98.53,284.18,175.037,13.02,18
person-2,5×4,2,2,0,86.35,286.96,174.997,12.519,14
person-2,5×4,-1,3,1,41.82,283.21,174.749,11.772,16
person-2,5×4,2,-1,0,102.36,284.46,175.057,12.671,14
person-2,5×4,4,1,0,192.67,284.25,175.279,13.643,20
person-2,5×4,1,3,0,71.76,284.69,174.641,11.507,18
person-2,5×4,3,3,0,115.51,285.82,175.188,13.613,16
person-2,5×4,3,3,1,35.5,237.27,171.771,2.659,20
person-2,5×4,2,3,1,30.12,237.16,171.488,2.949,14
person-2,5×4,1,3,1,6.8,237.52,171.913,3.476,18
person-2,5×4,4,-1,1,49.21,239.78,173.55,5.229,16
person-2,5×4,3,1,1,46.65,239.63,172.543,6.084,18
person-2,5×4,4,2,1,43.91,241.47,172.824,6.558,18
person-2,5×4,1,1,1,64.04,239.55,172.498,4.95,16
person-2,5×4,-1,1,1,41.22,238.37,172.592,4.415,16
person-2,5×4,-1,3,1,56.39,239.02,172.221,5.066,20
person-2,5×4,1,2,0,89.99,237.73,171.428,5.335,16
person-2,5×4,-1,-1,1,41.07,236.88,171.598,5.029,14
person-2,5×4,3,2,0,112.53,240.54,170.379,6.167,16
person-2,5×4,2,-1,1,69.29,238.15,171.171,5.561,16
person-2,5×4,4,1,0,114.73,238.67,170.893,6.389,14
person-2,5×4,-1,2,1,50.19,234.71,170.526,4.311,16
person-2,5×4,3,-1,0,95.19,237.69,171.639,6.042,20
person-2,5×4,2,1,1,81.73,236.87,171.412,5.588,20
person-2,5×4,2,2,1,88.76,237.4,170.86,5.585,16
person-2,5×4,4,3,0,80.96,237.78,170.834,6.422,18
person-2,5×4,1,-1,0,70.91,237.06,170.984,5.463,16
person-2,3×3 (×2),2,2,1,12.16,204.36,177.57,5.094,16
person-2,3×3 (×2),2,1,1,87.74,204.78,177.254,4.938,20
person-2,3×3 (×2),-1,-1,1,79.73,201.2,176.585,2.905,23
person-2,3×3 (×2),1,-1,1,57.98,204.86,176.606,4.022,20
person-2,3×3 (×2),-1,2,1,21.66,202.83,176.282,3.323,22
person-2,3×3 (×2),-1,1,1,35.66,204.36,175.939,3.464,22
person-2,3×3 (×2),1,2,1,38.12,206.74,176.644,4.939,22
person-2,3×3 (×2),1,1,1,74.99,205.35,176.177,4.574,21
person-2,3×3 (×2),2,-1,1,58.7,207.42,177.886,6.019,17
person-2,3×3 (×2),-1,-1,1,49.23,203.63,176.828,4.31,20
person-2,3×3 (×2),1,2,1,36.66,208.02,175.797,5.411,18
person-2,3×3 (×2),-1,1,1,34.05,205.18,176.922,5.008,20
person-2,3×3 (×2),2,2,1,86.4,209.86,177.008,6.888,16
person-2,3×3 (×2),1,1,1,63.67,208.95,176.253,7.098,18
person-2,3×3 (×2),-1,2,1,18.19,207.53,176.089,5.92,20
person-2,3×3 (×2),1,-1,1,41.63,210.22,176.831,7.719,20
person-2,3×3 (×2),2,-1,0,97.75,212.85,178.038,8.876,20
person-2,3×3 (×2),2,1,0,94.77,212.61,176.668,8.83,18
person-2,3×3 (×2),1,2,1,90.66,220.0,179.574,4.656,25
person-2,3×3 (×2),-1,-1,1,43.15,219.32,179.798,4.434,25
person-2,3×3 (×2),-1,2,1,5.75,221.02,179.95,5.066,26
person-2,3×3 (×2),1,1,0,68.25,223.13,-179.467,6.25,21
person-2,3×3 (×2),-1,1,1,46.11,222.29,179.824,5.464,19
person-2,3×3 (×2),2,2,1,42.45,226.6,-179.231,7.384,21
person-2,3×3 (×2),1,-1,1,47.77,226.24,-179.379,7.279,20
person-2,3×3 (×2),2,1,1,20.11,225.88,-179.169,8.153,22
person-2,3×3 (×2),2,-1,1,62.0,226.92,-179.237,8.2,16
person-2,3×3 (×2),1,-1,1,60.13,225.8,-179.041,7.885,22
person-2,3×3 (×2),-1,1,1,62.03,224.36,179.88,7.616,20
person-2,3×3 (×2),-1,-1,1,50.93,225.46,-179.668,7.388,18
person-2,3×3 (×2),2,2,1,26.82,228.3,179.866,9.224,18
person-2,3×3 (×2),1,1,1,79.25,228.42,-179.898,9.124,18
person-2,3×3 (×2),2,-1,1,19.43,229.33,-179.071,8.816,20
person-2,3×3 (×2),-1,2,1,109.67,230.13,-179.675,7.744,20
person-2,3×3 (×2),1,2,1,33.8,230.34,179.828,9.396,20
person-2,3×3 (×2),2,1,1,27.93,231.53,-179.283,10.974,20
person-2,4×4,-1,-1,1,31.03,231.13,-179.439,8.217,23
person-2,4×4,-1,2,1,15.76,232.01,-178.83,10.553,20
person-2,4×4,1,1,1,41.33,236.1,-178.804,10.977,20
person-2,4×4,3,2,1,59.43,237.8,-177.902,13.149,20
person-2,4×4,1,-1,1,30.45,236.79,-178.902,12.949,18
person-2,4×4,2,2,0,65.61,237.02,-178.821,13.478,18
person-2,4×4,-1,1,1,32.91,236.15,-179.18,12.188,18
person-2,4×4,2,-1,1,34.27,237.41,-178.391,14.26,18
person-2,4×4,3,3,1,16.18,238.36,-178.346,14.931,18
person-2,4×4,1,2,1,45.09,240.28,-178.252,14.302,22
person-2,4×4,3,-1,1,18.4,241.31,-178.368,15.491,22
person-2,4×4,1,3,1,26.0,241.21,-179.766,13.603,18
person-2,4×4,2,3,1,17.64,242.58,-179.554,14.434,16
person-2,4×4,2,1,1,34.2,243.58,-178.992,14.649,20
person-2,4×4,3,1,1,14.6,244.5,-178.272,15.516,18
person-2,4×4,-1,3,1,55.9,242.89,-179.589,13.069,20
person-2,5×4,2,-1,1,53.21,235.78,-176.978,10.051,16
person-2,5×4,1,2,1,11.09,234.27,-177.792,11.325,18
person-2,5×4,4,3,1,67.44,237.13,-177.814,13.504,20
person-2,5×4,2,1,1,18.48,235.95,-177.569,12.807,22
person-2,5×4,1,-1,1,47.76,235.8,-177.064,12.682,22
person-2,5×4,1,1,1,25.84,238.09,-178.153,13.314,18
person-2,5×4,-1,3,0,96.41,237.37,-178.643,12.263,22
person-2,5×4,3,-1,1,52.89,241.19,-177.663,14.099,18
person-2,5×4,2,2,1,44.92,239.82,-178.151,13.869,20
person-2,5×4,-1,1,1,45.22,241.28,-178.242,12.161,20
person-2,5×4,3,3,0,66.28,242.68,-178.413,14.242,18
person-2,5×4,-1,2,1,62.5,239.87,-178.483,12.816,20
person-2,5×4,-1,-1,1,67.74,241.79,-178.111,12.94,20
person-2,5×4,2,3,1,80.88,241.32,-178.31,14.373,24
person-2,5×4,4,2,1,49.37,243.64,-177.513,15.594,18
person-2,5×4,4,1,1,33.27,244.0,-177.445,15.228,22
person-2,5×4,4,-1,1,59.23,242.44,-177.141,15.079,18
person-2,5×4,1,3,0,126.55,241.5,-178.607,13.753,20
person-2,5×4,3,2,1,69.77,241.41,-178.043,15.047,20
person-2,5×4,3,1,0,85.39,243.65,-177.957,15.358,18
person-2,3×3 (×2),2,-1,1,88.3,140.83,179.741,1.004,16
person-2,3×3 (×2),-1,-1,1,85.66,135.76,-179.469,-2.189,18
person-2,3×3 (×2),1,-1,1,56.19,139.35,-179.519,-1.312,18
person-2,3×3 (×2),1,2,1,70.72,140.46,179.997,-0.709,16
person-2,3×3 (×2),2,1,1,117.91,141.95,179.825,1.674,18
person-2,3×3 (×2),2,2,1,112.97,141.29,178.73,-0.031,16
person-2,3×3 (×2),1,1,1,63.21,139.95,179.395,1.442,20
person-2,3×3 (×2),-1,1,1,95.76,137.9,179.359,-0.394,20
person-2,3×3 (×2),-1,2,0,158.48,137.19,176.571,0.144,20
person-2,3×3 (×2),1,2,1,87.56,139.76,177.304,0.921,16
person-2,3×3 (×2),-1,2,0,144.21,137.5,177.215,-0.393,20
person-2,3×3 (×2),-1,1,1,77.59,137.41,177.803,-0.074,20
person-2,3×3 (×2),2,2,0,150.69,143.46,178.45,2.965,18
person-2,3×3 (×2),-1,-1,1,38.76,139.35,178.532,0.773,18
person-2,3×3 (×2),1,1,1,99.44,142.16,179.131,2.992,20
person-2,3×3 (×2),2,-1,0,141.04,144.24,179.398,4.273,18
person-2,3×3 (×2),1,-1,1,89.65,141.75,179.715,3.091,16
person-2,3×3 (×2),2,1,0,213.19,144.28,178.994,4.413,16
person-2,9×9,8,4,0,318.4,149.76,179.075,5.552,18
person-2,9×9,2,8,0,129.15,148.13,177.763,4.449,20
person-2,9×9,2,6,0,98.94,148.46,178.347,4.273,16
person-2,9×9,5,2,0,247.01,149.6,179.207,4.311,18
person-2,9×9,8,5,0,328.72,151.55,179.468,6.357,18
person-2,9×9,5,8,0,262.43,152.46,178.521,6.708,16
person-2,9×9,3,-1,0,195.96,150.41,179.98,5.932,18
person-2,9×9,7,1,0,349.0,154.31,-179.743,7.373,22
person-2,9×9,3,5,0,226.94,151.77,179.629,6.628,16
person-2,9×9,1,7,0,160.32,150.94,179.556,6.029,16
person-2,9×9,2,7,0,167.89,152.29,179.784,6.237,16
person-2,9×9,-1,4,0,230.74,150.64,178.786,5.663,20
person-2,9×9,2,5,0,213.36,152.34,178.783,6.556,16
person-2,9×9,7,8,0,334.44,156.78,178.509,8.311,16
person-2,9×9,7,6,0,309.78,155.55,178.677,8.25,18
person-2,9×9,8,-1,0,326.23,157.27,179.939,9.283,20
person-2,9×9,6,8,0,272.28,157.21,179.063,8.81,14
person-2,9×9,3,4,0,234.71,155.07,178.775,8.267,16
person-2,9×9,7,4,0,291.27,154.09,178.874,8.803,20
person-2,9×9,-1,1,0,147.4,149.51,-179.328,6.495,16
person-2,9×9,6,-1,0,265.3,155.38,179.423,9.206,18
person-2,9×9,5,1,0,224.53,153.32,179.913,8.563,20
person-2,9×9,8,3,0,333.83,154.68,179.513,9.342,16
person-2,9×9,5,-1,0,243.43,154.32,179.983,9.188,18
person-2,9×9,1,8,0,114.97,151.91,178.717,6.821,20
person-2,9×9,4,8,0,220.99,153.18,178.807,8.896,16
person-2,9×9,-1,3,0,142.09,150.85,178.806,7.166,16
person-2,9×9,8,8,0,340.21,155.33,178.993,8.936,16
person-2,9×9,3,3,0,212.08,154.86,179.746,8.957,18
person-2,9×9,3,8,0,166.24,153.09,178.979,9.209,16
person-2,9×9,5,5,0,241.27,153.05,178.826,8.185,16
person-2,9×9,4,2,0,181.55,153.49,178.949,8.18,16
person-2,9×9,3,6,0,173.41,151.98,178.833,8.319,20
person-2,9×9,1,3,0,134.95,150.19,179.59,7.394,18
person-2,9×9,4,6,0,221.02,154.12,178.699,8.495,16
person-2,9×9,4,7,0,195.44,153.21,178.297,8.961,18
person-2,9×9,1,5,0,111.44,152.24,178.647,7.458,18
person-2,9×9,6,1,0,259.05,154.42,179.743,9.542,16
person-2,9×9,-1,5,0,116.73,151.79,177.943,7.746,18
person-2,9×9,-1,7,0,149.96,151.51,178.354,7.501,18
person-2,9×9,6,4,0,300.7,155.62,179.193,9.917,18
person-2,9×9,-1,2,0,167.88,151.34,179.006,7.33,14
person-2,9×9,3,7,0,202.42,154.5,179.063,9.493,16
person-2,9×9,4,1,0,227.02,154.64,179.313,9.692,18
person-2,9×9,3,2,0,201.75,154.12,-179.951,10.298,22
person-2,9×9,-1,8,0,80.17,151.62,179.247,8.459,18
person-2,9×9,2,2,0,179.69,153.61,-179.61,9.43,14
person-2,9×9,6,2,0,257.83,151.97,-178.147,9.801,16
person-2,9×9,5,3,0,241.47,152.18,-179.027,10.152,20
person-2,9×9,6,6,0,281.29,152.88,-178.594,10.673,14
person-2,9×9,8,2,0,307.93,154.04,-179.344,12.034,16
person-2,9×9,4,5,0,191.33,154.05,-178.741,11.623,18
person-2,9×9,1,2,0,196.56,150.82,-178.686,9.969,16
person-2,9×9,2,4,0,247.33,152.82,-178.412,10.797,18
person-2,9×9,4,3,0,284.16,154.06,-178.242,11.74,18
person-2,9×9,5,7,0,240.0,155.22,-178.89,12.962,18
person-2,9×9,7,5,0,331.65,156.81,-178.808,14.099,20
person-2,9×9,2,3,0,213.66,155.78,-178.118,12.728,18
person-2,9×9,8,1,0,306.23,156.03,-178.861,13.856,16
person-2,9×9,1,1,0,179.23,154.56,-178.511,12.536,18
person-2,9×9,1,-1,0,191.84,153.87,-179.408,13.469,16
person-2,9×9,6,5,0,290.09,157.04,-179.104,15.8,16
person-2,9×9,1,6,0,163.33,156.04,-179.562,14.091,20
person-2,9×9,7,-1,0,316.58,158.88,-177.713,15.53,18
person-2,9×9,4,4,0,299.19,156.82,-178.972,15.673,18
person-2,9×9,8,7,0,327.43,156.85,-178.426,15.188,18
person-2,9×9,6,3,0,260.2,157.75,-178.438,15.258,22
person-2,9×9,5,4,0,304.69,157.02,-179.096,15.721,16
person-2,9×9,5,6,0,261.51,155.7,-179.83,16.231,18
person-2,9×9,8,6,0,274.16,157.17,-179.034,15.327,18
person-2,9×9,-1,6,0,176.61,155.58,-178.892,14.684,18
person-2,9×9,-1,-1,0,220.91,155.32,-178.913,14.396,16
person-2,9×9,7,3,0,338.56,156.94,-178.481,15.924,18
person-2,9×9,1,4,0,236.12,154.88,-179.044,14.691,18
person-2,9×9,6,7,0,315.94,157.51,-179.038,16.477,16
person-2,9×9,7,2,0,314.15,158.09,-178.387,17.044,16
person-2,9×9,7,7,0,285.13,157.77,-179.105,16.51,14
person-2,9×9,2,-1,0,241.71,156.43,-179.128,15.709,16
person-2,9×9,2,1,0,243.01,157.02,-178.837,15.885,18
person-2,9×9,4,-1,0,256.76,158.46,-178.011,16.104,20
person-2,9×9,3,1,0,253.53,158.14,-179.031,16.403,16
person-2,6×9,1,4,0,151.11,126.37,-178.427,2.358,24
person-2,6×9,3,7,1,23.48,127.45,-179.31,3.485,18
person-2,6×9,5,2,1,13.89,126.74,-177.846,3.719,20
person-2,6×9,1,6,0,112.73,125.59,-179.713,2.92,20
person-2,6×9,5,-1,1,13.36,127.72,-178.396,4.076,22
person-2,6×9,5,5,1,34.88,126.11,-178.619,3.814,18
person-2,6×9,5,8,0,50.58,126.23,-179.676,3.729,22
person-2,6×9,3,4,1,11.85,128.11,-179.22,5.218,18
person-2,6×9,5,4,0,59.48,126.69,-178.956,4.746,22
person-2,6×9,1,2,0,157.05,125.14,-178.242,4.823,18
person-2,6×9,2,7,0,79.62,126.96,179.687,5.086,16
person-2,6×9,3,3,1,20.05,128.46,-179.092,6.063,18
person-2,6×9,3,-1,1,21.55,126.42,-178.344,6.011,16
person-2,6×9,1,8,0,209.3,125.58,-179.31,5.484,18
person-2,6×9,4,-1,0,118.39,126.82,-178.107,6.415,20
person-2,6×9,1,5,0,198.88,125.44,-179.484,6.139,18
person-2,6×9,4,5,0,208.21,125.79,-178.022,6.472,14
person-2,6×9,-1,8,0,283.82,124.58,179.511,5.829,18
person-2,6×9,2,5,0,185.57,124.89,-179.332,6.616,16
person-2,6×9,4,6,0,187.6,125.15,-179.112,5.9,18
person-2,6×9,1,3,0,234.89,124.36,-178.447,5.615,16
person-2,6×9,2,4,0,161.6,125.35,-178.572,6.512,16
person-2,6×9,-1,6,0,148.56,124.05,-179.116,6.152,18
person-2,6×9,2,1,0,144.12,127.3,-178.722,7.904,20
person-2,6×9,2,6,0,154.52,126.37,-179.106,7.021,18
person-2,6×9,-1,4,0,125.25,124.65,-179.669,5.59,16
person-2,6×9,4,2,0,195.26,128.13,-178.901,8.122,20
person-2,6×9,3,5,0,173.15,128.02,-179.955,8.298,18
person-2,6×9,2,3,0,161.48,128.79,-179.438,8.906,16
person-2,6×9,3,1,0,181.89,129.59,-179.405,8.559,18
person-2,6×9,4,4,0,231.07,128.8,-178.507,8.011,16
person-2,6×9,2,8,0,167.92,128.74,179.961,8.788,20
person-2,6×9,-1,5,0,97.29,127.27,-179.711,8.092,20
person-2,6×9,4,8,0,218.72,128.71,-179.583,8.343,22
person-2,6×9,-1,-1,0,149.79,126.43,-178.927,7.464,16
person-2,6×9,5,7,0,261.47,127.54,-179.559,8.679,16
person-2,6×9,3,8,0,153.94,129.48,-179.185,9.386,16
person-2,6×9,5,3,0,220.27,129.27,-178.933,8.825,18
person-2,6×9,2,-1,0,117.03,129.08,-178.016,8.831,18
person-2,6×9,4,3,0,232.76,128.68,-177.999,9.349,16
person-2,6×9,5,6,0,249.01,129.91,-178.932,9.279,18
person-2,6×9,5,1,0,215.74,129.89,-179.088,8.265,14
person-2,6×9,1,7,0,183.28,129.72,179.956,8.714,14
person-2,6×9,1,-1,0,128.95,128.89,-179.216,9.145,18
person-2,6×9,4,1,0,200.81,130.39,-179.222,9.235,18
person-2,6×9,-1,2,0,100.41,127.6,-179.082,8.055,18
person-2,6×9,-1,7,0,133.09,127.83,179.328,8.546,20
person-2,6×9,4,7,0,220.9,130.38,-179.377,9.693,18
person-2,6×9,1,1,0,116.18,130.01,-179.692,9.285,20
person-2,6×9,-1,3,0,80.89,128.42,-179.965,8.682,16
person-2,6×9,3,2,0,169.76,130.36,-179.497,10.265,18
person-2,6×9,3,6,0,255.74,131.07,179.872,10.311,20
person-2,6×9,-1,1,0,61.66,129.87,-179.378,9.565,18
person-2,6×9,2,2,0,176.49,132.62,179.95,11.672,16
person-2,4×5,-1,3,0,181.86,126.75,-178.45,-4.451,24
person-2,4×5,1,2,0,179.87,129.24,-179.443,-2.53,24
person-2,4×5,2,4,0,168.18,131.21,-179.733,-1.471,24
person-2,4×5,3,1,0,241.14,130.92,-178.084,-1.628,24
person-2,4×5,2,-1,0,185.78,130.36,-178.59,-1.624,21
person-2,4×5,3,4,0,246.0,131.73,-179.967,-1.27,27
person-2,4×5,2,3,0,185.82,131.42,-179.271,-0.897,21
person-2,4×5,3,3,0,255.94,132.04,-179.231,-0.85,27
person-2,4×5,-1,-1,0,156.71,129.07,-178.679,-1.98,24
person-2,4×5,1,4,0,178.09,130.11,179.466,-1.707,21
person-2,4×5,-1,1,0,206.6,127.6,-179.817,-2.692,18
person-2,4×5,1,-1,0,210.1,129.67,-179.633,-1.68,24
person-2,4×5,2,1,0,202.08,131.06,-179.509,-0.806,24
person-2,4×5,1,1,0,176.02,129.8,-179.46,-1.014,26
person-2,4×5,2,2,0,193.89,130.34,-179.6,-0.898,20
person-2,4×5,3,-1,0,201.58,131.46,-179.682,-0.471,21
person-2,4×5,3,2,0,194.15,130.12,-179.982,-0.484,23
person-2,4×5,1,3,0,165.47,127.97,179.805,-1.474,26
person-2,4×5,-1,2,0,162.45,127.35,-179.187,-2.403,24
person-2,4×5,-1,4,0,125.9,128.6,179.233,-2.33,26
person-2,4×5,-1,2,0,165.94,139.11,-178.279,4.241,23
person-2,4×5,-1,4,0,138.7,140.68,-179.205,4.687,23
person-2,4×5,3,1,0,146.57,144.19,-178.177,6.902,20
person-2,4×5,2,3,1,52.36,143.23,-177.949,6.431,24
person-2,4×5,3,2,1,71.51,144.06,-177.847,7.143,22
person-2,4×5,2,2,1,65.37,144.75,-178.391,7.562,24
person-2,4×5,3,-1,1,75.16,145.58,-177.188,7.533,22
person-2,4×5,1,1,1,31.54,143.18,-178.222,6.334,24
person-2,4×5,2,1,1,81.87,144.33,-178.515,7.245,19
person-2,4×5,1,3,1,62.77,143.08,-178.701,6.915,20
person-2,4×5,3,4,0,103.72,144.95,-178.131,8.27,22
person-2,4×5,-1,-1,1,81.65,141.48,-178.071,6.003,19
person-2,4×5,1,2,1,91.7,143.47,-177.746,8.252,23
person-2,4×5,2,-1,0,88.47,144.62,-177.026,8.352,17
person-2,4×5,2,4,1,55.56,145.1,-177.42,9.209,23
person-2,4×5,-1,3,0,151.16,141.04,-177.06,8.234,28
person-2,4×5,1,-1,0,102.35,144.64,-176.139,9.678,23
person-2,4×5,3,3,1,61.81,146.03,-176.707,9.722,20
person-2,4×5,-1,1,0,150.84,141.84,-175.563,8.24,23
person-2,4×5,1,4,0,100.17,144.04,-176.799,9.71,23
person-2,5×4,-1,2,0,113.93,163.08,-179.516,5.669,21
person-2,5×4,3,2,0,244.27,164.41,-178.763,7.407,17
person-2,5×4,4,2,0,275.48,165.93,-178.868,8.578,23
person-2,5×4,4,1,0,294.37,166.46,-178.204,7.787,27
person-2,5×4,3,3,0,265.64,165.79,-179.462,8.496,18
person-2,5×4,1,1,0,278.95,166.49,-178.513,7.542,17
person-2,5×4,2,3,0,298.35,167.35,-179.524,8.498,21
person-2,5×4,2,-1,0,304.93,168.23,-178.961,8.361,18
person-2,5×4,2,1,0,312.51,168.25,-178.849,8.705,18
person-2,5×4,4,-1,0,330.88,170.51,-177.472,9.544,24
person-2,5×4,4,3,0,270.41,168.54,-177.471,10.333,21
person-2,5×4,-1,-1,0,210.68,166.1,-178.68,9.08,26
person-2,5×4,1,2,0,281.0,168.23,-178.607,10.509,25
person-2,5×4,1,-1,0,283.71,168.26,-178.012,10.166,22
person-2,5×4,2,2,0,296.71,168.56,-177.933,9.697,25
person-2,5×4,3,1,0,286.25,170.01,-177.833,10.799,22
person-2,5×4,-1,1,0,220.21,167.78,-178.041,10.397,23
person-2,5×4,3,-1,0,316.23,170.4,-177.259,12.147,21
person-2,5×4,1,3,0,305.51,169.77,-178.314,11.294,25
person-2,5×4,-1,3,0,239.7,168.35,-178.63,9.898,19
person-2,5×4,2,-1,0,128.43,142.5,177.437,2.124,21
person-2,5×4,-1,3,0,73.61,140.88,176.321,1.495,21
person-2,5×4,4,-1,0,154.08,145.54,177.748,3.371,21
person-2,5×4,-1,2,0,110.35,143.99,176.913,2.555,19
person-2,5×4,1,-1,0,130.19,145.55,178.015,3.937,23
person-2,5×4,2,3,0,85.37,146.73,176.581,3.54,22
person-2,5×4,3,1,0,159.1,148.39,177.496,4.16,22
person-2,5×4,3,2,0,139.77,147.8,177.034,4.279,22
person-2,5×4,-1,1,0,109.98,146.11,177.298,3.835,19
person-2,5×4,4,2,0,169.24,150.24,177.285,5.768,24
person-2,5×4,2,2,0,243.09,148.13,176.862,5.28,19
person-2,5×4,4,1,0,213.2,150.29,177.221,6.212,21
person-2,5×4,1,2,0,207.7,149.18,177.124,5.357,21
person-2,5×4,-1,-1,0,221.66,149.4,178.377,5.581,22
person-2,5×4,3,-1,0,316.92,152.11,178.56,7.572,22
person-2,5×4,4,3,0,274.16,155.07,178.501,8.733,20
person-2,5×4,2,1,0,317.16,154.14,177.786,8.145,22
person-2,5×4,1,3,0,259.72,153.5,177.378,8.207,24
person-2,5×4,1,1,0,291.67,152.28,178.083,8.148,19
person-2,5×4,3,3,0,246.72,154.12,177.622,8.943,24
person-2,5×4,-1,-1,0,75.15,148.63,-176.104,1.16,20
person-2,5×4,3,1,1,58.91,152.66,-176.984,2.997,14
person-2,5×4,1,3,0,80.09,150.23,-176.507,1.997,16
person-2,5×4,-1,1,0,74.14,149.35,-176.523,1.808,14
person-2,5×4,3,3,1,21.38,151.3,-177.81,3.31,18
person-2,5×4,3,2,1,21.68,153.73,-177.855,4.054,20
person-2,5×4,1,-1,1,68.34,150.85,-176.664,2.688,16
person-2,5×4,4,1,1,84.41,154.57,-177.461,4.738,18
person-2,5×4,4,2,0,91.28,155.48,-177.769,5.001,16
person-2,5×4,4,3,1,76.46,154.19,-177.273,4.692,18
person-2,5×4,2,-1,0,97.77,153.4,-177.11,4.624,20
person-2,5×4,2,2,1,55.6,152.97,-177.774,3.271,16
person-2,5×4,2,3,1,52.7,154.26,-177.186,4.405,18
person-2,5×4,1,2,0,71.88,151.0,-177.228,2.877,16
person-2,5×4,-1,3,0,78.69,150.21,-177.123,3.189,18
person-2,5×4,3,-1,0,132.34,153.32,-177.241,5.025,16
person-2,5×4,2,1,0,94.31,152.98,-176.176,4.603,14
person-2,5×4,-1,2,0,108.0,151.47,-177.037,3.697,16
person-2,5×4,4,-1,0,222.47,156.89,-176.381,6.131,14
person-2,5×4,1,1,0,145.62,152.35,-177.088,5.797,18
person-2,5×4,2,2,0,85.71,126.17,-178.451,-3.087,25
person-2,5×4,4,1,1,16.32,127.39,179.619,-3.628,22
person-2,5×4,4,3,0,63.71,127.35,179.761,-2.822,21
person-2,5×4,4,-1,1,55.99,127.3,-179.641,-2.157,22
person-2,5×4,1,3,1,69.08,124.63,179.484,-3.574,25
person-2,5×4,3,3,1,24.44,124.92,179.861,-4.056,16
person-2,5×4,2,3,1,43.26,126.04,179.568,-3.161,19
person-2,5×4,-1,2,0,70.63,122.72,178.568,-3.558,18
person-2,5×4,2,-1,0,90.15,123.44,-179.765,-3.175,18
person-2,5×4,3,2,1,8.48,125.17,178.503,-2.523,18
person-2,5×4,1,-1,0,138.28,122.59,-179.715,-4.059,22
person-2,5×4,-1,3,1,52.42,119.22,178.096,-3.057,18
person-2,5×4,-1,1,1,43.17,119.77,-179.497,-3.158,16
person-2,5×4,2,1,1,57.71,122.32,-179.943,-1.497,18
person-2,5×4,1,2,0,77.13,121.05,-179.603,-2.376,19
person-2,5×4,4,2,1,53.08,124.03,179.482,-1.976,18
person-2,5×4,-1,-1,0,80.46,120.01,-179.087,-3.006,23
person-2,5×4,1,1,0,111.33,121.7,-178.977,-2.053,19
person-2,5×4,3,1,1,6.0,123.74,179.882,-1.683,22
person-2,5×4,3,-1,1,50.34,122.18,-178.439,-2.192,20
person-2,5×4,1,3,1,51.96,153.01,-179.686,4.621,16
person-2,5×4,4,2,1,20.12,154.75,179.712,6.352,22
person-2,5×4,3,-1,0,150.02,153.79,179.644,6.055,16
person-2,5×4,3,1,0,81.65,154.61,-179.244,6.125,16
person-2,5×4,-1,2,0,152.44,151.12,179.199,4.678,18
person-2,5×4,2,2,0,120.06,152.23,179.275,5.955,14
person-2,5×4,4,-1,0,96.01,158.17,179.564,7.284,14
person-2,5×4,3,2,1,44.79,152.15,-179.636,6.783,13
person-2,5×4,-1,1,0,233.96,147.94,-179.175,5.347,14
person-2,5×4,2,-1,0,149.58,150.65,-178.87,6.963,18
person-2,5×4,-1,3,0,154.45,149.95,179.829,5.794,13
person-2,5×4,2,1,0,103.23,151.66,-178.506,7.028,16
person-2,5×4,2,3,1,41.8,152.16,-179.357,7.059,10
person-2,5×4,4,3,1,60.27,152.5,-179.327,7.796,12
person-2,5×4,3,3,1,42.48,152.71,-179.776,8.444,14
person-2,5×4,1,1,0,272.77,150.41,179.596,7.227,14
person-2,5×4,1,2,0,221.49,149.72,179.444,7.504,18
person-2,5×4,-1,-1,0,266.66,148.82,179.685,6.544,18
person-2,5×4,1,-1,0,288.98,149.77,179.873,7.449,18
person-2,5×4,4,1,1,61.13,152.89,179.269,9.22,18
person-2,3×3 (×2),1,1,0,146.46,251.16,176.17,-2.878,29
person-2,3×3 (×2),2,-1,0,121.45,253.48,177.99,-1.879,22
person-2,3×3 (×2),-1,2,0,166.9,250.33,177.78,-3.394,24
person-2,3×3 (×2),2,2,0,84.03,254.31,177.051,-1.546,23
person-2,3×3 (×2),-1,-1,1,78.43,251.52,177.851,-2.752,19
person-2,3×3 (×2),1,-1,0,97.84,252.49,178.496,-1.71,24
person-2,3×3 (×2),2,1,1,25.4,254.52,178.542,-0.66,21
person-2,3×3 (×2),-1,1,1,113.95,251.69,179.254,-2.217,26
person-2,3×3 (×2),1,2,1,115.47,252.52,178.807,-0.64,19
person-2,3×3 (×2),-1,2,0,139.88,250.68,178.336,-1.741,28
person-2,3×3 (×2),1,-1,1,82.46,252.44,179.165,0.67,26
person-2,3×3 (×2),2,-1,1,59.92,255.34,-179.667,1.421,22
person-2,3×3 (×2),2,1,1,73.32,257.22,179.09,1.923,24
person-2,3×3 (×2),-1,-1,1,123.2,252.29,179.091,0.257,24
person-2,3×3 (×2),1,2,1,93.42,256.03,179.223,0.596,20
person-2,3×3 (×2),1,1,1,70.27,255.91,178.328,0.899,14
person-2,3×3 (×2),-1,1,1,128.82,253.64,178.627,0.642,23
person-2,3×3 (×2),2,2,1,56.11,257.9,178.032,1.671,23
person-2,4×4,2,3,0,117.99,257.02,173.872,0.261,22
person-2,4×4,1,3,1,76.12,260.0,174.205,1.501,24
person-2,4×4,3,1,1,48.48,261.74,174.685,2.418,22
person-2,4×4,1,1,1,44.86,259.42,174.083,2.152,23
person-2,4×4,-1,-1,1,43.24,257.4,172.683,0.986,22
person-2,4×4,1,-1,1,21.26,260.19,176.179,2.114,20
person-2,4×4,-1,3,0,97.19,259.68,176.773,2.042,21
person-2,4×4,1,2,1,67.74,261.6,175.86,2.279,21
person-2,4×4,-1,1,1,59.46,261.41,176.179,1.99,21
person-2,4×4,3,3,1,51.78,264.56,176.07,5.114,19
person-2,4×4,3,2,1,16.32,262.61,174.373,3.813,18
person-2,4×4,2,1,0,85.53,263.21,174.7,3.557,20
person-2,4×4,-1,2,0,153.85,261.15,173.44,2.296,22
person-2,4×4,3,-1,1,52.64,265.11,175.219,4.63,22
person-2,4×4,2,-1,1,47.2,264.23,175.509,4.325,22
person-2,4×4,2,2,0,86.69,264.45,175.009,6.125,20
person-2,5×4,2,1,0,76.28,268.48,175.547,6.85,20
person-2,5×4,4,2,1,77.3,269.78,175.108,8.211,22
person-2,5×4,1,3,0,115.12,269.0,175.007,7.297,22
person-2,5×4,2,3,0,97.26,268.44,173.854,6.364,18
person-2,5×4,4,1,1,9.86,269.8,175.442,7.553,20
person-2,5×4,3,-1,1,48.83,270.19,175.651,7.329,20
person-2,5×4,4,-1,1,8.4,269.96,175.498,8.237,22
person-2,5×4,-1,2,0,99.25,269.63,175.433,7.062,20
person-2,5×4,3,2,1,49.88,274.5,176.19,9.445,22
person-2,5×4,2,-1,1,23.62,274.24,177.005,9.617,22
person-2,5×4,4,3,1,64.31,276.45,176.045,10.707,18
person-2,5×4,2,2,1,23.8,275.18,176.452,10.019,22
person-2,5×4,-1,-1,1,53.9,273.28,177.176,8.945,20
person-2,5×4,1,-1,1,61.38,275.2,176.527,9.668,20
person-2,5×4,-1,3,0,57.94,273.83,177.01,9.218,22
person-2,5×4,1,1,1,27.2,274.43,178.413,10.059,20
person-2,5×4,1,2,1,20.76,275.85,177.15,10.31,16
person-2,5×4,-1,1,1,11.45,275.64,175.627,8.962,20
person-2,5×4,3,3,1,23.03,277.98,176.516,11.027,18
person-2,5×4,3,1,0,79.07,276.95,176.082,10.784,20
person-2,5×4,-1,-1,1,83.65,278.3,175.012,10.068,20
person-2,5×4,1,-1,0,132.1,279.66,174.929,10.251,20
person-2,5×4,-1,1,1,57.42,281.28,174.026,9.913,18
person-2,5×4,2,3,0,96.92,282.13,173.568,11.296,20
person-2,5×4,-1,2,1,24.72,280.92,174.371,10.439,20
person-2,5×4,4,2,0,156.95,282.53,173.845,12.96,16
person-2,5×4,4,-1,0,162.99,282.36,175.618,12.797,16
person-2,5×4,1,2,1,35.06,283.7,174.808,11.22,18
person-2,5×4,3,2,0,100.95,283.77,175.422,13.696,18
person-2,5×4,1,1,0,65.63,284.64,175.112,11.35,18
person-2,5×4,4,3,0,169.6,283.12,175.124,13.456,16
person-2,5×4,3,1,0,117.09,285.94,175.474,12.525,18
person-2,5×4,3,-1,0,129.94,283.76,175.63,13.553,16
person-2,5×4,2,1,0,98.53,284.18,175.037,13.02,18
person-2,5×4,2,2,0,86.35,286.96,174.997,12.519,14
person-2,5×4,-1,3,1,41.82,283.21,174.749,11.772,16
person-2,5×4,2,-1,0,102.36,284.46,175.057,12.671,14
person-2,5×4,4,1,0,192.67,284.25,175.279,13.643,20
person-2,5×4,1,3,0,71.76,284.69,174.641,11.507,18
person-2,5×4,3,3,0,115.51,285.82,175.188,13.613,16
person-2,5×4,3,3,1,35.5,237.27,171.771,2.659,20
person-2,5×4,2,3,1,30.12,237.16,171.488,2.949,14
person-2,5×4,1,3,1,6.8,237.52,171.913,3.476,18
person-2,5×4,4,-1,1,49.21,239.78,173.55,5.229,16
person-2,5×4,3,1,1,46.65,239.63,172.543,6.084,18
person-2,5×4,4,2,1,43.91,241.47,172.824,6.558,18
person-2,5×4,1,1,1,64.04,239.55,172.498,4.95,16
person-2,5×4,-1,1,1,41.22,238.37,172.592,4.415,16
person-2,5×4,-1,3,1,56.39,239.02,172.221,5.066,20
person-2,5×4,1,2,0,89.99,237.73,171.428,5.335,16
person-2,5×4,-1,-1,1,41.07,236.88,171.598,5.029,14
person-2,5×4,3,2,0,112.53,240.54,170.379,6.167,16
person-2,5×4,2,-1,1,69.29,238.15,171.171,5.561,16
person-2,5×4,4,1,0,114.73,238.67,170.893,6.389,14
person-2,5×4,-1,2,1,50.19,234.71,170.526,4.311,16
person-2,5×4,3,-1,0,95.19,237.69,171.639,6.042,20
person-2,5×4,2,1,1,81.73,236.87,171.412,5.588,20
person-2,5×4,2,2,1,88.76,237.4,170.86,5.585,16
person-2,5×4,4,3,0,80.96,237.78,170.834,6.422,18
person-2,5×4,1,-1,0,70.91,237.06,170.984,5.463,16
person-2,3×3 (×2),2,2,1,12.16,204.36,177.57,5.094,16
person-2,3×3 (×2),2,1,1,87.74,204.78,177.254,4.938,20
person-2,3×3 (×2),-1,-1,1,79.73,201.2,176.585,2.905,23
person-2,3×3 (×2),1,-1,1,57.98,204.86,176.606,4.022,20
person-2,3×3 (×2),-1,2,1,21.66,202.83,176.282,3.323,22
person-2,3×3 (×2),-1,1,1,35.66,204.36,175.939,3.464,22
person-2,3×3 (×2),1,2,1,38.12,206.74,176.644,4.939,22
person-2,3×3 (×2),1,1,1,74.99,205.35,176.177,4.574,21
person-2,3×3 (×2),2,-1,1,58.7,207.42,177.886,6.019,17
person-2,3×3 (×2),-1,-1,1,49.23,203.63,176.828,4.31,20
person-2,3×3 (×2),1,2,1,36.66,208.02,175.797,5.411,18
person-2,3×3 (×2),-1,1,1,34.05,205.18,176.922,5.008,20
person-2,3×3 (×2),2,2,1,86.4,209.86,177.008,6.888,16
person-2,3×3 (×2),1,1,1,63.67,208.95,176.253,7.098,18
person-2,3×3 (×2),-1,2,1,18.19,207.53,176.089,5.92,20
person-2,3×3 (×2),1,-1,1,41.63,210.22,176.831,7.719,20
person-2,3×3 (×2),2,-1,0,97.75,212.85,178.038,8.876,20
person-2,3×3 (×2),2,1,0,94.77,212.61,176.668,8.83,18
person-2,3×3 (×2),1,2,1,90.66,220.0,179.574,4.656,25
person-2,3×3 (×2),-1,-1,1,43.15,219.32,179.798,4.434,25
person-2,3×3 (×2),-1,2,1,5.75,221.02,179.95,5.066,26
person-2,3×3 (×2),1,1,0,68.25,223.13,-179.467,6.25,21
person-2,3×3 (×2),-1,1,1,46.11,222.29,179.824,5.464,19
person-2,3×3 (×2),2,2,1,42.45,226.6,-179.231,7.384,21
person-2,3×3 (×2),1,-1,1,47.77,226.24,-179.379,7.279,20
person-2,3×3 (×2),2,1,1,20.11,225.88,-179.169,8.153,22
person-2,3×3 (×2),2,-1,1,62.0,226.92,-179.237,8.2,16
person-2,3×3 (×2),1,-1,1,60.13,225.8,-179.041,7.885,22
person-2,3×3 (×2),-1,1,1,62.03,224.36,179.88,7.616,20
person-2,3×3 (×2),-1,-1,1,50.93,225.46,-179.668,7.388,18
person-2,3×3 (×2),2,2,1,26.82,228.3,179.866,9.224,18
person-2,3×3 (×2),1,1,1,79.25,228.42,-179.898,9.124,18
person-2,3×3 (×2),2,-1,1,19.43,229.33,-179.071,8.816,20
person-2,3×3 (×2),-1,2,1,109.67,230.13,-179.675,7.744,20
person-2,3×3 (×2),1,2,1,33.8,230.34,179.828,9.396,20
person-2,3×3 (×2),2,1,1,27.93,231.53,-179.283,10.974,20
person-2,4×4,-1,-1,1,31.03,231.13,-179.439,8.217,23
person-2,4×4,-1,2,1,15.76,232.01,-178.83,10.553,20
person-2,4×4,1,1,1,41.33,236.1,-178.804,10.977,20
person-2,4×4,3,2,1,59.43,237.8,-177.902,13.149,20
person-2,4×4,1,-1,1,30.45,236.79,-178.902,12.949,18
person-2,4×4,2,2,0,65.61,237.02,-178.821,13.478,18
person-2,4×4,-1,1,1,32.91,236.15,-179.18,12.188,18
person-2,4×4,2,-1,1,34.27,237.41,-178.391,14.26,18
person-2,4×4,3,3,1,16.18,238.36,-178.346,14.931,18
person-2,4×4,1,2,1,45.09,240.28,-178.252,14.302,22
person-2,4×4,3,-1,1,18.4,241.31,-178.368,15.491,22
person-2,4×4,1,3,1,26.0,241.21,-179.766,13.603,18
person-2,4×4,2,3,1,17.64,242.58,-179.554,14.434,16
person-2,4×4,2,1,1,34.2,243.58,-178.992,14.649,20
person-2,4×4,3,1,1,14.6,244.5,-178.272,15.516,18
person-2,4×4,-1,3,1,55.9,242.89,-179.589,13.069,20
person-2,5×4,2,-1,1,53.21,235.78,-176.978,10.051,16
person-2,5×4,1,2,1,11.09,234.27,-177.792,11.325,18
person-2,5×4,4,3,1,67.44,237.13,-177.814,13.504,20
person-2,5×4,2,1,1,18.48,235.95,-177.569,12.807,22
person-2,5×4,1,-1,1,47.76,235.8,-177.064,12.682,22
person-2,5×4,1,1,1,25.84,238.09,-178.153,13.314,18
person-2,5×4,-1,3,0,96.41,237.37,-178.643,12.263,22
person-2,5×4,3,-1,1,52.89,241.19,-177.663,14.099,18
person-2,5×4,2,2,1,44.92,239.82,-178.151,13.869,20
person-2,5×4,-1,1,1,45.22,241.28,-178.242,12.161,20
person-2,5×4,3,3,0,66.28,242.68,-178.413,14.242,18
person-2,5×4,-1,2,1,62.5,239.87,-178.483,12.816,20
person-2,5×4,-1,-1,1,67.74,241.79,-178.111,12.94,20
person-2,5×4,2,3,1,80.88,241.32,-178.31,14.373,24
person-2,5×4,4,2,1,49.37,243.64,-177.513,15.594,18
person-2,5×4,4,1,1,33.27,244.0,-177.445,15.228,22
person-2,5×4,4,-1,1,59.23,242.44,-177.141,15.079,18
person-2,5×4,1,3,0,126.55,241.5,-178.607,13.753,20
person-2,5×4,3,2,1,69.77,241.41,-178.043,15.047,20
person-2,5×4,3,1,0,85.39,243.65,-177.957,15.358,18
person-2,6×4,-1,2,1,59.84,235.25,-179.191,9.506,20
person-2,6×4,4,3,1,22.89,237.63,179.701,12.874,20
person-2,6×4,5,3,0,88.29,236.61,-179.536,13.886,20
person-2,6×4,2,3,0,89.14,239.18,-179.903,13.515,16
person-2,6×4,5,2,0,77.24,239.2,-179.096,14.769,20
person-2,6×4,4,2,0,107.82,240.89,-178.942,14.668,20
person-2,6×4,-1,-1,0,76.15,239.0,-178.618,12.947,18
person-2,6×4,-1,1,0,73.94,241.87,-179.736,12.697,18
person-2,6×4,1,1,0,66.86,241.49,-179.524,13.275,18
person-2,6×4,1,3,0,105.81,244.77,179.798,13.396,24
person-2,6×4,1,-1,0,75.85,243.45,-178.925,14.012,18
person-2,6×4,2,-1,0,77.98,244.79,-178.793,14.735,14
person-2,6×4,3,2,1,77.57,243.23,-178.229,15.245,18
person-2,6×4,-1,3,0,113.34,244.4,-178.695,13.562,20
person-2,6×4,3,-1,0,76.55,243.94,-176.783,15.267,18
person-2,6×4,4,-1,0,84.96,245.4,-176.978,16.142,20
person-2,6×4,2,1,1,58.9,244.88,-177.191,15.394,18
person-2,6×4,3,1,0,119.41,243.97,-177.287,15.697,20
person-2,6×4,4,1,0,101.57,247.01,-177.526,15.87,20
person-2,6×4,5,-1,0,133.56,246.31,-176.232,15.644,20
person-2,6×4,5,1,0,93.28,244.51,-176.835,16.236,18
person-2,6×4,3,3,0,90.69,246.76,-177.39,15.709,18
person-2,6×4,1,2,0,84.61,245.66,-176.861,14.945,16
person-2,6×4,2,2,0,96.03,247.32,-177.348,15.534,16
person-2,3×3 (×2),2,-1,1,88.3,140.83,179.741,1.004,16
person-2,3×3 (×2),-1,-1,1,85.66,135.76,-179.469,-2.189,18
person-2,3×3 (×2),1,-1,1,56.19,139.35,-179.519,-1.312,18
person-2,3×3 (×2),1,2,1,70.72,140.46,179.997,-0.709,16
person-2,3×3 (×2),2,1,1,117.91,141.95,179.825,1.674,18
person-2,3×3 (×2),2,2,1,112.97,141.29,178.73,-0.031,16
person-2,3×3 (×2),1,1,1,63.21,139.95,179.395,1.442,20
person-2,3×3 (×2),-1,1,1,95.76,137.9,179.359,-0.394,20
person-2,3×3 (×2),-1,2,0,158.48,137.19,176.571,0.144,20
person-2,3×3 (×2),1,2,1,87.56,139.76,177.304,0.921,16
person-2,3×3 (×2),-1,2,0,144.21,137.5,177.215,-0.393,20
person-2,3×3 (×2),-1,1,1,77.59,137.41,177.803,-0.074,20
person-2,3×3 (×2),2,2,0,150.69,143.46,178.45,2.965,18
person-2,3×3 (×2),-1,-1,1,38.76,139.35,178.532,0.773,18
person-2,3×3 (×2),1,1,1,99.44,142.16,179.131,2.992,20
person-2,3×3 (×2),2,-1,0,141.04,144.24,179.398,4.273,18
person-2,3×3 (×2),1,-1,1,89.65,141.75,179.715,3.091,16
person-2,3×3 (×2),2,1,0,213.19,144.28,178.994,4.413,16
person-2,9×9,8,4,0,318.4,149.76,179.075,5.552,18
person-2,9×9,2,8,0,129.15,148.13,177.763,4.449,20
person-2,9×9,2,6,0,98.94,148.46,178.347,4.273,16
person-2,9×9,5,2,0,247.01,149.6,179.207,4.311,18
person-2,9×9,8,5,0,328.72,151.55,179.468,6.357,18
person-2,9×9,5,8,0,262.43,152.46,178.521,6.708,16
person-2,9×9,3,-1,0,195.96,150.41,179.98,5.932,18
person-2,9×9,7,1,0,349.0,154.31,-179.743,7.373,22
person-2,9×9,3,5,0,226.94,151.77,179.629,6.628,16
person-2,9×9,1,7,0,160.32,150.94,179.556,6.029,16
person-2,9×9,2,7,0,167.89,152.29,179.784,6.237,16
person-2,9×9,-1,4,0,230.74,150.64,178.786,5.663,20
person-2,9×9,2,5,0,213.36,152.34,178.783,6.556,16
person-2,9×9,7,8,0,334.44,156.78,178.509,8.311,16
person-2,9×9,7,6,0,309.78,155.55,178.677,8.25,18
person-2,9×9,8,-1,0,326.23,157.27,179.939,9.283,20
person-2,9×9,6,8,0,272.28,157.21,179.063,8.81,14
person-2,9×9,3,4,0,234.71,155.07,178.775,8.267,16
person-2,9×9,7,4,0,291.27,154.09,178.874,8.803,20
person-2,9×9,-1,1,0,147.4,149.51,-179.328,6.495,16
person-2,9×9,6,-1,0,265.3,155.38,179.423,9.206,18
person-2,9×9,5,1,0,224.53,153.32,179.913,8.563,20
person-2,9×9,8,3,0,333.83,154.68,179.513,9.342,16
person-2,9×9,5,-1,0,243.43,154.32,179.983,9.188,18
person-2,9×9,1,8,0,114.97,151.91,178.717,6.821,20
person-2,9×9,4,8,0,220.99,153.18,178.807,8.896,16
person-2,9×9,-1,3,0,142.09,150.85,178.806,7.166,16
person-2,9×9,8,8,0,340.21,155.33,178.993,8.936,16
person-2,9×9,3,3,0,212.08,154.86,179.746,8.957,18
person-2,9×9,3,8,0,166.24,153.09,178.979,9.209,16
person-2,9×9,5,5,0,241.27,153.05,178.826,8.185,16
person-2,9×9,4,2,0,181.55,153.49,178.949,8.18,16
person-2,9×9,3,6,0,173.41,151.98,178.833,8.319,20
person-2,9×9,1,3,0,134.95,150.19,179.59,7.394,18
person-2,9×9,4,6,0,221.02,154.12,178.699,8.495,16
person-2,9×9,4,7,0,195.44,153.21,178.297,8.961,18
person-2,9×9,1,5,0,111.44,152.24,178.647,7.458,18
person-2,9×9,6,1,0,259.05,154.42,179.743,9.542,16
person-2,9×9,-1,5,0,116.73,151.79,177.943,7.746,18
person-2,9×9,-1,7,0,149.96,151.51,178.354,7.501,18
person-2,9×9,6,4,0,300.7,155.62,179.193,9.917,18
person-2,9×9,-1,2,0,167.88,151.34,179.006,7.33,14
person-2,9×9,3,7,0,202.42,154.5,179.063,9.493,16
person-2,9×9,4,1,0,227.02,154.64,179.313,9.692,18
person-2,9×9,3,2,0,201.75,154.12,-179.951,10.298,22
person-2,9×9,-1,8,0,80.17,151.62,179.247,8.459,18
person-2,9×9,2,2,0,179.69,153.61,-179.61,9.43,14
person-2,9×9,6,2,0,257.83,151.97,-178.147,9.801,16
person-2,9×9,5,3,0,241.47,152.18,-179.027,10.152,20
person-2,9×9,6,6,0,281.29,152.88,-178.594,10.673,14
person-2,9×9,8,2,0,307.93,154.04,-179.344,12.034,16
person-2,9×9,4,5,0,191.33,154.05,-178.741,11.623,18
person-2,9×9,1,2,0,196.56,150.82,-178.686,9.969,16
person-2,9×9,2,4,0,247.33,152.82,-178.412,10.797,18
person-2,9×9,4,3,0,284.16,154.06,-178.242,11.74,18
person-2,9×9,5,7,0,240.0,155.22,-178.89,12.962,18
person-2,9×9,7,5,0,331.65,156.81,-178.808,14.099,20
person-2,9×9,2,3,0,213.66,155.78,-178.118,12.728,18
person-2,9×9,8,1,0,306.23,156.03,-178.861,13.856,16
person-2,9×9,1,1,0,179.23,154.56,-178.511,12.536,18
person-2,9×9,1,-1,0,191.84,153.87,-179.408,13.469,16
person-2,9×9,6,5,0,290.09,157.04,-179.104,15.8,16
person-2,9×9,1,6,0,163.33,156.04,-179.562,14.091,20
person-2,9×9,7,-1,0,316.58,158.88,-177.713,15.53,18
person-2,9×9,4,4,0,299.19,156.82,-178.972,15.673,18
person-2,9×9,8,7,0,327.43,156.85,-178.426,15.188,18
person-2,9×9,6,3,0,260.2,157.75,-178.438,15.258,22
person-2,9×9,5,4,0,304.69,157.02,-179.096,15.721,16
person-2,9×9,5,6,0,261.51,155.7,-179.83,16.231,18
person-2,9×9,8,6,0,274.16,157.17,-179.034,15.327,18
person-2,9×9,-1,6,0,176.61,155.58,-178.892,14.684,18
person-2,9×9,-1,-1,0,220.91,155.32,-178.913,14.396,16
person-2,9×9,7,3,0,338.56,156.94,-178.481,15.924,18
person-2,9×9,1,4,0,236.12,154.88,-179.044,14.691,18
person-2,9×9,6,7,0,315.94,157.51,-179.038,16.477,16
person-2,9×9,7,2,0,314.15,158.09,-178.387,17.044,16
person-2,9×9,7,7,0,285.13,157.77,-179.105,16.51,14
person-2,9×9,2,-1,0,241.71,156.43,-179.128,15.709,16
person-2,9×9,2,1,0,243.01,157.02,-178.837,15.885,18
person-2,9×9,4,-1,0,256.76,158.46,-178.011,16.104,20
person-2,9×9,3,1,0,253.53,158.14,-179.031,16.403,16
person-2,6×9,1,4,0,151.11,126.37,-178.427,2.358,24
person-2,6×9,3,7,1,23.48,127.45,-179.31,3.485,18
person-2,6×9,5,2,1,13.89,126.74,-177.846,3.719,20
person-2,6×9,1,6,0,112.73,125.59,-179.713,2.92,20
person-2,6×9,5,-1,1,13.36,127.72,-178.396,4.076,22
person-2,6×9,5,5,1,34.88,126.11,-178.619,3.814,18
person-2,6×9,5,8,0,50.58,126.23,-179.676,3.729,22
person-2,6×9,3,4,1,11.85,128.11,-179.22,5.218,18
person-2,6×9,5,4,0,59.48,126.69,-178.956,4.746,22
person-2,6×9,1,2,0,157.05,125.14,-178.242,4.823,18
person-2,6×9,2,7,0,79.62,126.96,179.687,5.086,16
person-2,6×9,3,3,1,20.05,128.46,-179.092,6.063,18
person-2,6×9,3,-1,1,21.55,126.42,-178.344,6.011,16
person-2,6×9,1,8,0,209.3,125.58,-179.31,5.484,18
person-2,6×9,4,-1,0,118.39,126.82,-178.107,6.415,20
person-2,6×9,1,5,0,198.88,125.44,-179.484,6.139,18
person-2,6×9,4,5,0,208.21,125.79,-178.022,6.472,14
person-2,6×9,-1,8,0,283.82,124.58,179.511,5.829,18
person-2,6×9,2,5,0,185.57,124.89,-179.332,6.616,16
person-2,6×9,4,6,0,187.6,125.15,-179.112,5.9,18
person-2,6×9,1,3,0,234.89,124.36,-178.447,5.615,16
person-2,6×9,2,4,0,161.6,125.35,-178.572,6.512,16
person-2,6×9,-1,6,0,148.56,124.05,-179.116,6.152,18
person-2,6×9,2,1,0,144.12,127.3,-178.722,7.904,20
person-2,6×9,2,6,0,154.52,126.37,-179.106,7.021,18
person-2,6×9,-1,4,0,125.25,124.65,-179.669,5.59,16
person-2,6×9,4,2,0,195.26,128.13,-178.901,8.122,20
person-2,6×9,3,5,0,173.15,128.02,-179.955,8.298,18
person-2,6×9,2,3,0,161.48,128.79,-179.438,8.906,16
person-2,6×9,3,1,0,181.89,129.59,-179.405,8.559,18
person-2,6×9,4,4,0,231.07,128.8,-178.507,8.011,16
person-2,6×9,2,8,0,167.92,128.74,179.961,8.788,20
person-2,6×9,-1,5,0,97.29,127.27,-179.711,8.092,20
person-2,6×9,4,8,0,218.72,128.71,-179.583,8.343,22
person-2,6×9,-1,-1,0,149.79,126.43,-178.927,7.464,16
person-2,6×9,5,7,0,261.47,127.54,-179.559,8.679,16
person-2,6×9,3,8,0,153.94,129.48,-179.185,9.386,16
person-2,6×9,5,3,0,220.27,129.27,-178.933,8.825,18
person-2,6×9,2,-1,0,117.03,129.08,-178.016,8.831,18
person-2,6×9,4,3,0,232.76,128.68,-177.999,9.349,16
person-2,6×9,5,6,0,249.01,129.91,-178.932,9.279,18
person-2,6×9,5,1,0,215.74,129.89,-179.088,8.265,14
person-2,6×9,1,7,0,183.28,129.72,179.956,8.714,14
person-2,6×9,1,-1,0,128.95,128.89,-179.216,9.145,18
person-2,6×9,4,1,0,200.81,130.39,-179.222,9.235,18
person-2,6×9,-1,2,0,100.41,127.6,-179.082,8.055,18
person-2,6×9,-1,7,0,133.09,127.83,179.328,8.546,20
person-2,6×9,4,7,0,220.9,130.38,-179.377,9.693,18
person-2,6×9,1,1,0,116.18,130.01,-179.692,9.285,20
person-2,6×9,-1,3,0,80.89,128.42,-179.965,8.682,16
person-2,6×9,3,2,0,169.76,130.36,-179.497,10.265,18
person-2,6×9,3,6,0,255.74,131.07,179.872,10.311,20
person-2,6×9,-1,1,0,61.66,129.87,-179.378,9.565,18
person-2,6×9,2,2,0,176.49,132.62,179.95,11.672,16
person-2,4×5,-1,3,0,181.86,126.75,-178.45,-4.451,24
person-2,4×5,1,2,0,179.87,129.24,-179.443,-2.53,24
person-2,4×5,2,4,0,168.18,131.21,-179.733,-1.471,24
person-2,4×5,3,1,0,241.14,130.92,-178.084,-1.628,24
person-2,4×5,2,-1,0,185.78,130.36,-178.59,-1.624,21
person-2,4×5,3,4,0,246.0,131.73,-179.967,-1.27,27
person-2,4×5,2,3,0,185.82,131.42,-179.271,-0.897,21
person-2,4×5,3,3,0,255.94,132.04,-179.231,-0.85,27
person-2,4×5,-1,-1,0,156.71,129.07,-178.679,-1.98,24
person-2,4×5,1,4,0,178.09,130.11,179.466,-1.707,21
person-2,4×5,-1,1,0,206.6,127.6,-179.817,-2.692,18
person-2,4×5,1,-1,0,210.1,129.67,-179.633,-1.68,24
person-2,4×5,2,1,0,202.08,131.06,-179.509,-0.806,24
person-2,4×5,1,1,0,176.02,129.8,-179.46,-1.014,26
person-2,4×5,2,2,0,193.89,130.34,-179.6,-0.898,20
person-2,4×5,3,-1,0,201.58,131.46,-179.682,-0.471,21
person-2,4×5,3,2,0,194.15,130.12,-179.982,-0.484,23
person-2,4×5,1,3,0,165.47,127.97,179.805,-1.474,26
person-2,4×5,-1,2,0,162.45,127.35,-179.187,-2.403,24
person-2,4×5,-1,4,0,125.9,128.6,179.233,-2.33,26
person-2,4×5,-1,2,0,165.94,139.11,-178.279,4.241,23
person-2,4×5,-1,4,0,138.7,140.68,-179.205,4.687,23
person-2,4×5,3,1,0,146.57,144.19,-178.177,6.902,20
person-2,4×5,2,3,1,52.36,143.23,-177.949,6.431,24
person-2,4×5,3,2,1,71.51,144.06,-177.847,7.143,22
person-2,4×5,2,2,1,65.37,144.75,-178.391,7.562,24
person-2,4×5,3,-1,1,75.16,145.58,-177.188,7.533,22
person-2,4×5,1,1,1,31.54,143.18,-178.222,6.334,24
person-2,4×5,2,1,1,81.87,144.33,-178.515,7.245,19
person-2,4×5,1,3,1,62.77,143.08,-178.701,6.915,20
person-2,4×5,3,4,0,103.72,144.95,-178.131,8.27,22
person-2,4×5,-1,-1,1,81.65,141.48,-178.071,6.003,19
person-2,4×5,1,2,1,91.7,143.47,-177.746,8.252,23
person-2,4×5,2,-1,0,88.47,144.62,-177.026,8.352,17
person-2,4×5,2,4,1,55.56,145.1,-177.42,9.209,23
person-2,4×5,-1,3,0,151.16,141.04,-177.06,8.234,28
person-2,4×5,1,-1,0,102.35,144.64,-176.139,9.678,23
person-2,4×5,3,3,1,61.81,146.03,-176.707,9.722,20
person-2,4×5,-1,1,0,150.84,141.84,-175.563,8.24,23
person-2,4×5,1,4,0,100.17,144.04,-176.799,9.71,23
person-2,5×4,-1,2,0,113.93,163.08,-179.516,5.669,21
person-2,5×4,3,2,0,244.27,164.41,-178.763,7.407,17
person-2,5×4,4,2,0,275.48,165.93,-178.868,8.578,23
person-2,5×4,4,1,0,294.37,166.46,-178.204,7.787,27
person-2,5×4,3,3,0,265.64,165.79,-179.462,8.496,18
person-2,5×4,1,1,0,278.95,166.49,-178.513,7.542,17
person-2,5×4,2,3,0,298.35,167.35,-179.524,8.498,21
person-2,5×4,2,-1,0,304.93,168.23,-178.961,8.361,18
person-2,5×4,2,1,0,312.51,168.25,-178.849,8.705,18
person-2,5×4,4,-1,0,330.88,170.51,-177.472,9.544,24
person-2,5×4,4,3,0,270.41,168.54,-177.471,10.333,21
person-2,5×4,-1,-1,0,210.68,166.1,-178.68,9.08,26
person-2,5×4,1,2,0,281.0,168.23,-178.607,10.509,25
person-2,5×4,1,-1,0,283.71,168.26,-178.012,10.166,22
person-2,5×4,2,2,0,296.71,168.56,-177.933,9.697,25
person-2,5×4,3,1,0,286.25,170.01,-177.833,10.799,22
person-2,5×4,-1,1,0,220.21,167.78,-178.041,10.397,23
person-2,5×4,3,-1,0,316.23,170.4,-177.259,12.147,21
person-2,5×4,1,3,0,305.51,169.77,-178.314,11.294,25
person-2,5×4,-1,3,0,239.7,168.35,-178.63,9.898,19
person-2,5×4,2,-1,0,128.43,142.5,177.437,2.124,21
person-2,5×4,-1,3,0,73.61,140.88,176.321,1.495,21
person-2,5×4,4,-1,0,154.08,145.54,177.748,3.371,21
person-2,5×4,-1,2,0,110.35,143.99,176.913,2.555,19
person-2,5×4,1,-1,0,130.19,145.55,178.015,3.937,23
person-2,5×4,2,3,0,85.37,146.73,176.581,3.54,22
person-2,5×4,3,1,0,159.1,148.39,177.496,4.16,22
person-2,5×4,3,2,0,139.77,147.8,177.034,4.279,22
person-2,5×4,-1,1,0,109.98,146.11,177.298,3.835,19
person-2,5×4,4,2,0,169.24,150.24,177.285,5.768,24
person-2,5×4,2,2,0,243.09,148.13,176.862,5.28,19
person-2,5×4,4,1,0,213.2,150.29,177.221,6.212,21
person-2,5×4,1,2,0,207.7,149.18,177.124,5.357,21
person-2,5×4,-1,-1,0,221.66,149.4,178.377,5.581,22
person-2,5×4,3,-1,0,316.92,152.11,178.56,7.572,22
person-2,5×4,4,3,0,274.16,155.07,178.501,8.733,20
person-2,5×4,2,1,0,317.16,154.14,177.786,8.145,22
person-2,5×4,1,3,0,259.72,153.5,177.378,8.207,24
person-2,5×4,1,1,0,291.67,152.28,178.083,8.148,19
person-2,5×4,3,3,0,246.72,154.12,177.622,8.943,24
person-2,5×4,-1,-1,0,75.15,148.63,-176.104,1.16,20
person-2,5×4,3,1,1,58.91,152.66,-176.984,2.997,14
person-2,5×4,1,3,0,80.09,150.23,-176.507,1.997,16
person-2,5×4,-1,1,0,74.14,149.35,-176.523,1.808,14
person-2,5×4,3,3,1,21.38,151.3,-177.81,3.31,18
person-2,5×4,3,2,1,21.68,153.73,-177.855,4.054,20
person-2,5×4,1,-1,1,68.34,150.85,-176.664,2.688,16
person-2,5×4,4,1,1,84.41,154.57,-177.461,4.738,18
person-2,5×4,4,2,0,91.28,155.48,-177.769,5.001,16
person-2,5×4,4,3,1,76.46,154.19,-177.273,4.692,18
person-2,5×4,2,-1,0,97.77,153.4,-177.11,4.624,20
person-2,5×4,2,2,1,55.6,152.97,-177.774,3.271,16
person-2,5×4,2,3,1,52.7,154.26,-177.186,4.405,18
person-2,5×4,1,2,0,71.88,151.0,-177.228,2.877,16
person-2,5×4,-1,3,0,78.69,150.21,-177.123,3.189,18
person-2,5×4,3,-1,0,132.34,153.32,-177.241,5.025,16
person-2,5×4,2,1,0,94.31,152.98,-176.176,4.603,14
person-2,5×4,-1,2,0,108.0,151.47,-177.037,3.697,16
person-2,5×4,4,-1,0,222.47,156.89,-176.381,6.131,14
person-2,5×4,1,1,0,145.62,152.35,-177.088,5.797,18
person-2,5×4,2,2,0,85.71,126.17,-178.451,-3.087,25
person-2,5×4,4,1,1,16.32,127.39,179.619,-3.628,22
person-2,5×4,4,3,0,63.71,127.35,179.761,-2.822,21
person-2,5×4,4,-1,1,55.99,127.3,-179.641,-2.157,22
person-2,5×4,1,3,1,69.08,124.63,179.484,-3.574,25
person-2,5×4,3,3,1,24.44,124.92,179.861,-4.056,16
person-2,5×4,2,3,1,43.26,126.04,179.568,-3.161,19
person-2,5×4,-1,2,0,70.63,122.72,178.568,-3.558,18
person-2,5×4,2,-1,0,90.15,123.44,-179.765,-3.175,18
person-2,5×4,3,2,1,8.48,125.17,178.503,-2.523,18
person-2,5×4,1,-1,0,138.28,122.59,-179.715,-4.059,22
person-2,5×4,-1,3,1,52.42,119.22,178.096,-3.057,18
person-2,5×4,-1,1,1,43.17,119.77,-179.497,-3.158,16
person-2,5×4,2,1,1,57.71,122.32,-179.943,-1.497,18
person-2,5×4,1,2,0,77.13,121.05,-179.603,-2.376,19
person-2,5×4,4,2,1,53.08,124.03,179.482,-1.976,18
person-2,5×4,-1,-1,0,80.46,120.01,-179.087,-3.006,23
person-2,5×4,1,1,0,111.33,121.7,-178.977,-2.053,19
person-2,5×4,3,1,1,6.0,123.74,179.882,-1.683,22
person-2,5×4,3,-1,1,50.34,122.18,-178.439,-2.192,20
person-2,5×4,1,3,1,51.96,153.01,-179.686,4.621,16
person-2,5×4,4,2,1,20.12,154.75,179.712,6.352,22
person-2,5×4,3,-1,0,150.02,153.79,179.644,6.055,16
person-2,5×4,3,1,0,81.65,154.61,-179.244,6.125,16
person-2,5×4,-1,2,0,152.44,151.12,179.199,4.678,18
person-2,5×4,2,2,0,120.06,152.23,179.275,5.955,14
person-2,5×4,4,-1,0,96.01,158.17,179.564,7.284,14
person-2,5×4,3,2,1,44.79,152.15,-179.636,6.783,13
person-2,5×4,-1,1,0,233.96,147.94,-179.175,5.347,14
person-2,5×4,2,-1,0,149.58,150.65,-178.87,6.963,18
person-2,5×4,-1,3,0,154.45,149.95,179.829,5.794,13
person-2,5×4,2,1,0,103.23,151.66,-178.506,7.028,16
person-2,5×4,2,3,1,41.8,152.16,-179.357,7.059,10
person-2,5×4,4,3,1,60.27,152.5,-179.327,7.796,12
person-2,5×4,3,3,1,42.48,152.71,-179.776,8.444,14
person-2,5×4,1,1,0,272.77,150.41,179.596,7.227,14
person-2,5×4,1,2,0,221.49,149.72,179.444,7.504,18
person-2,5×4,-1,-1,0,266.66,148.82,179.685,6.544,18
person-2,5×4,1,-1,0,288.98,149.77,179.873,7.449,18
person-2,5×4,4,1,1,61.13,152.89,179.269,9.22,18
person-2,3×3 (×2),1,1,0,146.46,251.16,176.17,-2.878,29
person-2,3×3 (×2),2,-1,0,121.45,253.48,177.99,-1.879,22
person-2,3×3 (×2),-1,2,0,166.9,250.33,177.78,-3.394,24
person-2,3×3 (×2),2,2,0,84.03,254.31,177.051,-1.546,23
person-2,3×3 (×2),-1,-1,1,78.43,251.52,177.851,-2.752,19
person-2,3×3 (×2),1,-1,0,97.84,252.49,178.496,-1.71,24
person-2,3×3 (×2),2,1,1,25.4,254.52,178.542,-0.66,21
person-2,3×3 (×2),-1,1,1,113.95,251.69,179.254,-2.217,26
person-2,3×3 (×2),1,2,1,115.47,252.52,178.807,-0.64,19
person-2,3×3 (×2),-1,2,0,139.88,250.68,178.336,-1.741,28
person-2,3×3 (×2),1,-1,1,82.46,252.44,179.165,0.67,26
person-2,3×3 (×2),2,-1,1,59.92,255.34,-179.667,1.421,22
person-2,3×3 (×2),2,1,1,73.32,257.22,179.09,1.923,24
person-2,3×3 (×2),-1,-1,1,123.2,252.29,179.091,0.257,24
person-2,3×3 (×2),1,2,1,93.42,256.03,179.223,0.596,20
person-2,3×3 (×2),1,1,1,70.27,255.91,178.328,0.899,14
person-2,3×3 (×2),-1,1,1,128.82,253.64,178.627,0.642,23
person-2,3×3 (×2),2,2,1,56.11,257.9,178.032,1.671,23
person-2,4×4,2,3,0,117.99,257.02,173.872,0.261,22
person-2,4×4,1,3,1,76.12,260.0,174.205,1.501,24
person-2,4×4,3,1,1,48.48,261.74,174.685,2.418,22
person-2,4×4,1,1,1,44.86,259.42,174.083,2.152,23
person-2,4×4,-1,-1,1,43.24,257.4,172.683,0.986,22
person-2,4×4,1,-1,1,21.26,260.19,176.179,2.114,20
person-2,4×4,-1,3,0,97.19,259.68,176.773,2.042,21
person-2,4×4,1,2,1,67.74,261.6,175.86,2.279,21
person-2,4×4,-1,1,1,59.46,261.41,176.179,1.99,21
person-2,4×4,3,3,1,51.78,264.56,176.07,5.114,19
person-2,4×4,3,2,1,16.32,262.61,174.373,3.813,18
person-2,4×4,2,1,0,85.53,263.21,174.7,3.557,20
person-2,4×4,-1,2,0,153.85,261.15,173.44,2.296,22
person-2,4×4,3,-1,1,52.64,265.11,175.219,4.63,22
person-2,4×4,2,-1,1,47.2,264.23,175.509,4.325,22
person-2,4×4,2,2,0,86.69,264.45,175.009,6.125,20
person-2,5×4,2,1,0,76.28,268.48,175.547,6.85,20
person-2,5×4,4,2,1,77.3,269.78,175.108,8.211,22
person-2,5×4,1,3,0,115.12,269.0,175.007,7.297,22
person-2,5×4,2,3,0,97.26,268.44,173.854,6.364,18
person-2,5×4,4,1,1,9.86,269.8,175.442,7.553,20
person-2,5×4,3,-1,1,48.83,270.19,175.651,7.329,20
person-2,5×4,4,-1,1,8.4,269.96,175.498,8.237,22
person-2,5×4,-1,2,0,99.25,269.63,175.433,7.062,20
person-2,5×4,3,2,1,49.88,274.5,176.19,9.445,22
person-2,5×4,2,-1,1,23.62,274.24,177.005,9.617,22
person-2,5×4,4,3,1,64.31,276.45,176.045,10.707,18
person-2,5×4,2,2,1,23.8,275.18,176.452,10.019,22
person-2,5×4,-1,-1,1,53.9,273.28,177.176,8.945,20
person-2,5×4,1,-1,1,61.38,275.2,176.527,9.668,20
person-2,5×4,-1,3,0,57.94,273.83,177.01,9.218,22
person-2,5×4,1,1,1,27.2,274.43,178.413,10.059,20
person-2,5×4,1,2,1,20.76,275.85,177.15,10.31,16
person-2,5×4,-1,1,1,11.45,275.64,175.627,8.962,20
person-2,5×4,3,3,1,23.03,277.98,176.516,11.027,18
person-2,5×4,3,1,0,79.07,276.95,176.082,10.784,20
person-2,5×4,-1,-1,1,83.65,278.3,175.012,10.068,20
person-2,5×4,1,-1,0,132.1,279.66,174.929,10.251,20
person-2,5×4,-1,1,1,57.42,281.28,174.026,9.913,18
person-2,5×4,2,3,0,96.92,282.13,173.568,11.296,20
person-2,5×4,-1,2,1,24.72,280.92,174.371,10.439,20
person-2,5×4,4,2,0,156.95,282.53,173.845,12.96,16
person-2,5×4,4,-1,0,162.99,282.36,175.618,12.797,16
person-2,5×4,1,2,1,35.06,283.7,174.808,11.22,18
person-2,5×4,3,2,0,100.95,283.77,175.422,13.696,18
person-2,5×4,1,1,0,65.63,284.64,175.112,11.35,18
person-2,5×4,4,3,0,169.6,283.12,175.124,13.456,16
person-2,5×4,3,1,0,117.09,285.94,175.474,12.525,18
person-2,5×4,3,-1,0,129.94,283.76,175.63,13.553,16
person-2,5×4,2,1,0,98.53,284.18,175.037,13.02,18
person-2,5×4,2,2,0,86.35,286.96,174.997,12.519,14
person-2,5×4,-1,3,1,41.82,283.21,174.749,11.772,16
person-2,5×4,2,-1,0,102.36,284.46,175.057,12.671,14
person-2,5×4,4,1,0,192.67,284.25,175.279,13.643,20
person-2,5×4,1,3,0,71.76,284.69,174.641,11.507,18
person-2,5×4,3,3,0,115.51,285.82,175.188,13.613,16
person-2,5×4,3,3,1,35.5,237.27,171.771,2.659,20
person-2,5×4,2,3,1,30.12,237.16,171.488,2.949,14
person-2,5×4,1,3,1,6.8,237.52,171.913,3.476,18
person-2,5×4,4,-1,1,49.21,239.78,173.55,5.229,16
person-2,5×4,3,1,1,46.65,239.63,172.543,6.084,18
person-2,5×4,4,2,1,43.91,241.47,172.824,6.558,18
person-2,5×4,1,1,1,64.04,239.55,172.498,4.95,16
person-2,5×4,-1,1,1,41.22,238.37,172.592,4.415,16
person-2,5×4,-1,3,1,56.39,239.02,172.221,5.066,20
person-2,5×4,1,2,0,89.99,237.73,171.428,5.335,16
person-2,5×4,-1,-1,1,41.07,236.88,171.598,5.029,14
person-2,5×4,3,2,0,112.53,240.54,170.379,6.167,16
person-2,5×4,2,-1,1,69.29,238.15,171.171,5.561,16
person-2,5×4,4,1,0,114.73,238.67,170.893,6.389,14
person-2,5×4,-1,2,1,50.19,234.71,170.526,4.311,16
person-2,5×4,3,-1,0,95.19,237.69,171.639,6.042,20
person-2,5×4,2,1,1,81.73,236.87,171.412,5.588,20
person-2,5×4,2,2,1,88.76,237.4,170.86,5.585,16
person-2,5×4,4,3,0,80.96,237.78,170.834,6.422,18
person-2,5×4,1,-1,0,70.91,237.06,170.984,5.463,16
person-2,3×3 (×2),2,2,1,12.16,204.36,177.57,5.094,16
person-2,3×3 (×2),2,1,1,87.74,204.78,177.254,4.938,20
person-2,3×3 (×2),-1,-1,1,79.73,201.2,176.585,2.905,23
person-2,3×3 (×2),1,-1,1,57.98,204.86,176.606,4.022,20
person-2,3×3 (×2),-1,2,1,21.66,202.83,176.282,3.323,22
person-2,3×3 (×2),-1,1,1,35.66,204.36,175.939,3.464,22
person-2,3×3 (×2),1,2,1,38.12,206.74,176.644,4.939,22
person-2,3×3 (×2),1,1,1,74.99,205.35,176.177,4.574,21
person-2,3×3 (×2),2,-1,1,58.7,207.42,177.886,6.019,17
person-2,3×3 (×2),-1,-1,1,49.23,203.63,176.828,4.31,20
person-2,3×3 (×2),1,2,1,36.66,208.02,175.797,5.411,18
person-2,3×3 (×2),-1,1,1,34.05,205.18,176.922,5.008,20
person-2,3×3 (×2),2,2,1,86.4,209.86,177.008,6.888,16
person-2,3×3 (×2),1,1,1,63.67,208.95,176.253,7.098,18
person-2,3×3 (×2),-1,2,1,18.19,207.53,176.089,5.92,20
person-2,3×3 (×2),1,-1,1,41.63,210.22,176.831,7.719,20
person-2,3×3 (×2),2,-1,0,97.75,212.85,178.038,8.876,20
person-2,3×3 (×2),2,1,0,94.77,212.61,176.668,8.83,18
person-2,3×3 (×2),1,2,1,90.66,220.0,179.574,4.656,25
person-2,3×3 (×2),-1,-1,1,43.15,219.32,179.798,4.434,25
person-2,3×3 (×2),-1,2,1,5.75,221.02,179.95,5.066,26
person-2,3×3 (×2),1,1,0,68.25,223.13,-179.467,6.25,21
person-2,3×3 (×2),-1,1,1,46.11,222.29,179.824,5.464,19
person-2,3×3 (×2),2,2,1,42.45,226.6,-179.231,7.384,21
person-2,3×3 (×2),1,-1,1,47.77,226.24,-179.379,7.279,20
person-2,3×3 (×2),2,1,1,20.11,225.88,-179.169,8.153,22
person-2,3×3 (×2),2,-1,1,62.0,226.92,-179.237,8.2,16
person-2,3×3 (×2),1,-1,1,60.13,225.8,-179.041,7.885,22
person-2,3×3 (×2),-1,1,1,62.03,224.36,179.88,7.616,20
person-2,3×3 (×2),-1,-1,1,50.93,225.46,-179.668,7.388,18
person-2,3×3 (×2),2,2,1,26.82,228.3,179.866,9.224,18
person-2,3×3 (×2),1,1,1,79.25,228.42,-179.898,9.124,18
person-2,3×3 (×2),2,-1,1,19.43,229.33,-179.071,8.816,20
person-2,3×3 (×2),-1,2,1,109.67,230.13,-179.675,7.744,20
person-2,3×3 (×2),1,2,1,33.8,230.34,179.828,9.396,20
person-2,3×3 (×2),2,1,1,27.93,231.53,-179.283,10.974,20
