t_s,trial,cell_idx,row,col,target_x,target_y,phase,pred_x,pred_y,err_pt,in_cell,head_yaw_deg,head_pitch_deg,head_roll_deg,head_tx_mm,head_ty_mm,head_tz_mm,eye_cam_x_mm,eye_cam_y_mm,eye_cam_z_mm,pupil_left_px,pupil_right_px,raw_pitch_deg,raw_yaw_deg,raw_pred_x,raw_pred_y,filt_pitch_deg,filt_yaw_deg,filt_pred_x,filt_pred_y,ear,blink_held
0.0750,1,17,4,1,150.75,700.20,dwell,89.24,363.84,341.94,0,177.680,-0.480,-178.622,-8.96,14.70,143.54,-7.39,-17.39,165.35,54.967,56.409,-20.0731,-1.0955,89.24,363.84,-19.5459,-0.4019,106.70,346.53,0.25968,0
0.1835,1,17,4,1,150.75,700.20,dwell,130.01,327.61,373.16,0,177.914,-0.439,-178.647,-8.81,14.57,143.23,-7.45,-17.55,165.02,54.703,56.153,-18.9121,0.5525,130.01,327.61,-19.2734,0.0077,116.50,339.32,0.25080,0
0.3080,1,17,4,1,150.75,700.20,dwell,123.11,303.83,397.33,0,177.469,-0.458,-178.703,-9.78,15.66,143.28,-7.88,-16.49,164.97,54.403,55.319,-18.5764,-0.1189,123.11,303.83,-18.9188,-0.0565,123.82,314.99,0.26387,0
0.4056,1,17,4,1,150.75,700.20,dwell,106.55,287.74,414.82,0,177.203,-0.442,-178.703,-9.27,15.73,143.72,-7.27,-16.39,165.45,53.652,55.422,-18.1148,-0.6644,106.55,287.74,-18.5739,-0.3160,113.61,302.58,0.26050,0
0.5082,1,17,4,1,150.75,700.20,dwell,194.67,198.02,504.09,0,177.196,-0.379,-178.570,-8.58,15.84,143.42,-6.55,-16.22,165.25,53.462,54.793,-15.3171,3.1683,194.67,198.02,-17.0951,1.2522,146.39,254.11,0.26162,0
0.6081,1,17,4,1,150.75,700.20,dwell,165.85,127.30,573.10,0,177.340,-0.295,-178.474,-8.30,15.88,142.82,-6.43,-16.13,164.73,54.180,55.309,-13.0091,1.8255,165.85,127.30,-15.2208,1.5047,153.91,194.71,0.27855,0
0.7209,1,17,4,1,150.75,700.20,dwell,152.67,87.17,613.03,0,177.716,-0.491,-178.354,-8.04,16.55,143.01,-6.38,-15.74,164.52,55.069,56.137,-11.8410,1.2546,152.67,87.17,-13.6450,1.3949,152.60,140.21,0.29844,0
0.8417,1,17,4,1,150.75,700.20,dwell,149.15,59.21,641.00,0,178.648,-0.325,-178.240,-8.27,17.20,143.68,-7.20,-14.81,165.64,54.935,55.854,-11.1206,0.9154,149.15,59.21,-12.3120,1.1550,152.70,93.26,0.30627,0
0.9385,1,17,4,1,150.75,700.20,dwell,163.95,2.70,697.63,0,179.443,-0.165,-178.122,-8.40,17.22,144.11,-7.60,-14.72,166.19,54.984,55.849,-9.1413,1.3726,163.95,2.70,-10.8453,1.2491,158.97,50.29,0.30512,0
1.0378,1,17,4,1,150.75,700.20,capture,208.84,302.91,401.51,0,179.507,0.346,-178.140,-9.98,18.02,147.10,-8.84,-13.44,169.83,53.288,53.738,-19.4436,3.7069,208.84,302.91,-14.7085,2.3354,188.53,151.20,0.25308,0
1.1372,1,17,4,1,150.75,700.20,capture,168.32,344.43,356.20,0,179.349,0.716,-178.170,-10.91,18.51,147.22,-9.56,-12.90,170.01,52.861,53.749,-20.9823,1.7896,168.32,344.43,-17.6354,2.0997,183.48,235.60,0.24463,0
1.2476,1,17,4,1,150.75,700.20,capture,186.23,472.86,230.09,0,179.388,1.105,-178.172,-10.83,18.27,147.87,-9.63,-12.98,170.89,53.146,54.219,-24.6333,2.8833,186.23,472.86,-21.0555,2.4457,182.58,348.45,0.24123,0
1.3636,1,17,4,1,150.75,700.20,capture,161.82,487.42,213.07,0,179.455,1.315,-178.113,-11.00,18.61,147.92,-9.75,-12.73,170.82,52.783,53.891,-25.2208,1.8674,161.82,487.42,-23.3311,2.1559,172.07,420.67,0.22414,0
1.4610,1,17,4,1,150.75,700.20,capture,162.25,528.79,171.80,0,179.446,1.468,-178.108,-11.21,18.36,147.88,-9.95,-12.92,170.86,52.762,53.801,-26.2699,1.8989,162.25,528.79,-24.6913,2.0477,168.62,471.06,0.23344,0
1.5620,1,17,4,1,150.75,700.20,capture,156.14,503.20,197.08,0,179.581,1.411,-178.111,-11.04,18.74,147.52,-9.95,-12.73,170.24,52.853,53.863,-25.7104,1.6340,156.14,503.20,-25.1661,1.8669,162.64,483.65,0.22297,0
1.6625,1,17,4,1,150.75,700.20,capture,151.54,525.50,174.70,0,179.688,1.481,-178.091,-11.22,18.73,147.63,-10.11,-12.61,170.52,52.504,53.843,-26.3258,1.4355,151.54,525.50,-25.6918,1.6805,158.53,502.38,0.21567,0
1.7730,1,17,4,1,150.75,700.20,capture,137.61,512.90,187.76,0,179.892,1.396,-178.008,-11.06,19.02,148.13,-9.99,-12.48,170.81,52.298,53.295,-26.1020,0.9267,137.61,512.90,-25.8766,1.3496,148.06,505.20,0.22728,0
1.8652,1,17,4,1,150.75,700.20,capture,147.78,524.60,175.62,0,-179.991,1.321,-178.062,-11.46,18.91,147.90,-10.54,-12.62,170.56,52.409,53.537,-26.3538,1.1925,147.78,524.60,-26.0892,1.2810,150.39,514.90,0.23089,0
1.9609,1,17,4,1,150.75,700.20,capture,163.29,505.00,195.60,0,179.962,1.326,-178.127,-12.08,18.69,148.17,-11.07,-12.77,170.91,51.792,53.045,-25.7383,1.5562,163.29,505.00,-25.9393,1.3972,159.16,512.17,0.21117,0
2.0629,1,17,4,1,150.75,700.20,capture,215.43,532.06,180.15,0,179.782,1.404,-178.239,-12.73,18.64,147.85,-11.67,-12.74,170.71,52.653,53.733,-26.3538,3.5075,215.43,532.06,-26.1222,2.3352,187.84,521.09,0.23378,0
2.1597,1,17,4,1,150.75,700.20,capture,194.39,507.76,197.32,0,-179.888,1.387,-178.243,-11.83,18.77,147.67,-11.16,-12.70,170.42,52.867,53.909,-25.7803,2.8623,194.39,507.76,-25.9767,2.5628,186.96,514.49,0.21713,0
2.2715,1,17,4,1,150.75,700.20,capture,126.21,554.61,147.65,0,179.962,1.496,-178.226,-11.81,19.12,148.55,-10.69,-12.19,171.49,52.590,53.780,-27.2910,0.1547,126.21,554.61,-26.5563,1.5034,159.62,528.82,0.22796,0
2.3604,1,17,4,1,150.75,700.20,capture,126.50,544.31,157.77,0,179.859,1.580,-178.207,-11.55,19.09,148.28,-10.41,-12.21,171.25,52.488,53.442,-27.0113,0.2474,126.50,544.31,-26.7538,0.9543,143.79,535.56,0.22449,0
2.4605,1,17,4,1,150.75,700.20,capture,139.70,506.70,193.82,0,-179.925,1.549,-178.095,-11.12,18.93,148.11,-10.15,-12.48,170.93,52.431,53.712,-25.9202,0.9092,139.70,506.70,-26.3957,0.9347,139.36,524.38,0.22030,0
2.5636,1,17,4,1,150.75,700.20,capture,142.59,524.13,176.26,0,-179.863,1.640,-178.020,-10.96,18.49,148.05,-9.89,-12.78,171.05,52.528,53.551,-26.2419,1.1593,142.59,524.13,-26.3282,1.0337,139.44,527.17,0.22291,0
2.6595,1,17,4,1,150.75,700.20,capture,123.38,484.50,217.43,0,-179.842,1.863,-178.046,-11.31,18.02,148.67,-10.35,-13.05,171.95,52.594,53.593,-25.0809,0.1268,123.38,484.50,-25.7971,0.6478,134.23,511.44,0.24571,0
2.7705,1,17,4,1,150.75,700.20,capture,134.44,475.36,225.43,0,179.999,2.157,-178.084,-11.66,17.74,148.75,-10.55,-13.16,172.25,52.254,53.341,-24.7592,0.4424,134.44,475.36,-25.3380,0.5578,136.01,496.56,0.24452,0
2.8608,1,17,4,1,150.75,700.20,capture,176.86,455.19,246.39,0,-179.963,2.236,-178.027,-11.31,18.24,148.71,-10.23,-12.79,172.03,52.684,53.707,-24.2976,2.3535,176.86,455.19,-24.8809,1.3383,151.88,474.49,0.23202,0
2.9611,1,17,4,1,150.75,700.20,capture,163.48,531.66,169.02,0,-179.958,1.783,-178.002,-11.04,19.50,148.86,-9.92,-12.13,171.37,52.414,53.085,-26.7735,2.0930,163.48,531.66,-25.6998,1.6682,155.52,491.22,0.22788,0
3.0624,2,10,2,2,251.25,389.00,dwell,155.28,513.67,157.33,0,-179.916,1.937,-177.913,-10.64,19.17,149.40,-9.48,-11.93,172.63,52.458,53.502,-26.2139,1.8989,155.28,513.67,-25.9244,1.7693,152.80,502.76,0.23068,0
3.1614,2,10,2,2,251.25,389.00,dwell,171.24,517.05,150.99,0,-179.795,1.946,-177.819,-10.36,19.11,148.89,-9.24,-12.09,171.97,52.589,53.429,-26.2419,2.7137,171.24,517.05,-26.0613,2.1801,159.00,509.36,0.22847,0
3.2729,2,10,2,2,251.25,389.00,dwell,133.91,506.85,166.30,0,-179.716,1.869,-177.802,-10.64,19.06,149.00,-9.59,-12.25,171.95,52.075,52.770,-26.0181,1.0238,133.91,506.85,-26.0425,1.6790,149.33,508.82,0.23189,0
3.3617,2,10,2,2,251.25,389.00,dwell,215.76,426.18,51.40,1,-179.596,1.961,-177.864,-10.70,18.27,148.70,-9.85,-12.88,171.88,53.091,53.543,-23.3464,4.2035,215.76,426.18,-24.8553,2.7910,179.61,477.01,0.25006,0
3.4609,2,10,2,2,251.25,389.00,dwell,261.20,299.06,90.49,0,-179.487,1.999,-177.863,-10.70,18.00,148.56,-9.81,-13.17,171.70,52.787,53.291,-19.4157,5.7631,261.20,299.06,-22.3609,4.1219,215.95,394.95,0.24987,0
3.5591,2,10,2,2,251.25,389.00,dwell,241.64,248.55,140.78,0,-179.480,2.019,-177.840,-10.59,17.85,148.30,-9.59,-13.32,171.43,52.979,53.469,-17.8770,4.8189,241.64,248.55,-20.2482,4.4343,226.74,325.95,0.24784,0
3.6620,2,10,2,2,251.25,389.00,dwell,219.54,239.83,152.50,0,-179.547,2.117,-177.837,-10.39,17.74,147.78,-9.33,-13.33,171.05,53.407,54.043,-17.6112,3.9132,219.54,239.83,-19.0139,4.2052,222.74,285.89,0.25716,0
3.7678,2,10,2,2,251.25,389.00,dwell,234.71,262.71,127.37,0,-179.432,1.890,-177.743,-9.67,18.42,147.42,-8.63,-13.01,170.21,53.614,53.980,-18.4645,4.9239,234.71,262.71,-18.7677,4.5150,224.35,271.98,0.26026,0
3.8575,2,10,2,2,251.25,389.00,dwell,236.79,264.59,125.25,0,-179.226,1.721,-177.637,-9.56,18.39,147.76,-8.60,-13.06,170.53,53.186,53.463,-18.4784,5.0917,236.79,264.59,-18.6375,4.7692,228.81,269.25,0.26146,0
3.9573,2,10,2,2,251.25,389.00,dwell,212.85,256.83,137.64,0,-179.368,1.815,-177.608,-10.04,18.36,148.64,-8.85,-12.83,171.74,53.302,53.378,-18.3106,3.9237,212.85,256.83,-18.4919,4.4022,223.50,263.43,0.25769,0
4.0565,2,10,2,2,251.25,389.00,capture,225.96,249.14,142.13,0,-179.676,1.758,-177.611,-10.34,17.97,147.77,-8.93,-13.35,170.68,53.598,54.170,-17.9049,4.3538,225.96,249.14,-18.2336,4.3814,225.71,259.85,0.25008,0
4.1552,2,10,2,2,251.25,389.00,capture,221.21,249.91,142.29,0,-179.556,1.826,-177.676,-10.21,17.72,148.82,-9.27,-13.50,171.90,53.437,53.899,-17.8770,4.1720,221.21,249.91,-18.0784,4.2918,223.47,256.62,0.26166,0
4.2635,2,10,2,2,251.25,389.00,capture,261.04,251.51,137.84,0,-179.535,1.950,-177.715,-10.46,17.72,148.53,-9.45,-13.40,171.74,53.378,53.721,-17.8630,5.7527,261.04,251.51,-17.9854,4.9233,241.10,254.11,0.25399,0
4.3551,2,10,2,2,251.25,389.00,capture,241.62,259.92,129.44,0,-179.492,1.898,-177.728,-10.39,18.10,147.52,-9.39,-13.18,170.51,53.324,53.820,-18.2686,4.9658,241.62,259.92,-18.1076,4.9417,241.48,254.63,0.25333,0
4.4546,2,10,2,2,251.25,389.00,capture,238.20,265.40,124.29,0,-179.652,1.782,-177.728,-10.59,18.32,147.40,-9.36,-13.04,170.27,53.667,54.227,-18.5064,4.7875,238.20,265.40,-18.2795,4.8750,240.86,258.13,0.25232,0
4.5535,2,10,2,2,251.25,389.00,capture,224.67,272.72,119.28,0,-179.777,1.695,-177.648,-10.46,18.52,147.95,-9.07,-12.85,170.79,53.031,53.628,-18.8142,4.3503,224.67,272.72,-18.5112,4.6484,232.45,263.30,0.25900,0
4.6553,2,10,2,2,251.25,389.00,capture,224.55,256.69,134.97,0,-179.868,1.811,-177.656,-10.38,18.16,147.69,-9.10,-13.01,170.81,53.271,53.977,-18.2127,4.3049,224.55,256.69,-18.3812,4.4980,228.61,262.47,0.25215,0
4.7633,2,10,2,2,251.25,389.00,capture,220.40,284.91,108.57,0,-179.931,1.617,-177.628,-10.47,18.41,147.22,-9.11,-13.08,169.91,53.503,53.993,-19.1359,4.2105,220.40,284.91,-18.7060,4.3745,225.36,271.09,0.26620,0
4.8535,2,10,2,2,251.25,389.00,capture,224.07,263.73,128.19,0,179.961,1.661,-177.665,-10.89,18.19,147.16,-9.56,-13.09,170.13,53.402,54.065,-18.4225,4.1335,224.07,263.73,-18.5850,4.2712,226.86,269.24,0.25691,0
4.9543,2,10,2,2,251.25,389.00,capture,245.04,236.84,152.29,0,179.907,1.540,-177.709,-10.99,18.45,147.39,-9.70,-13.02,170.11,53.071,53.690,-17.6392,4.8924,245.04,236.84,-18.1753,4.5385,235.31,253.70,0.25622,0
5.0561,2,10,2,2,251.25,389.00,capture,222.26,254.17,137.91,0,179.926,1.598,-177.780,-10.83,18.53,147.72,-9.67,-12.78,170.66,53.580,54.252,-18.2546,4.0146,222.26,254.17,-18.2101,4.3087,229.24,253.13,0.25702,0
5.1538,2,10,2,2,251.25,389.00,capture,249.87,278.11,110.89,0,179.983,1.641,-177.752,-10.72,18.36,147.47,-9.49,-12.93,170.42,52.991,53.506,-18.8701,5.3015,249.87,278.11,-18.4934,4.7366,237.52,264.81,0.25924,0
5.2631,2,10,2,2,251.25,389.00,capture,250.22,265.76,123.24,0,-179.928,1.722,-177.737,-10.60,18.34,147.39,-9.45,-12.90,170.43,53.467,54.110,-18.4924,5.3120,250.22,265.76,-18.4930,4.9862,242.53,265.23,0.25502,0
5.3552,2,10,2,2,251.25,389.00,capture,226.29,254.02,137.27,0,-179.929,1.758,-177.711,-10.50,18.08,147.65,-9.25,-13.17,170.66,53.212,53.784,-18.1008,4.3049,226.29,254.02,-18.3252,4.6954,234.84,261.91,0.25394,0
5.4549,2,10,2,2,251.25,389.00,capture,220.86,257.82,134.66,0,-179.892,1.855,-177.700,-10.58,17.74,147.93,-9.39,-13.43,171.05,53.740,54.327,-18.1287,4.0601,220.86,257.82,-18.2397,4.4181,228.94,261.95,0.25685,0
5.5548,2,10,2,2,251.25,389.00,capture,237.67,263.65,126.08,0,-179.729,1.906,-177.751,-10.23,17.39,147.65,-9.28,-13.80,170.76,53.588,54.115,-18.1567,4.8609,237.67,263.65,-18.2038,4.6091,231.63,264.80,0.25249,0
5.6537,2,10,2,2,251.25,389.00,capture,250.01,257.17,131.83,0,-179.789,1.892,-177.781,-10.65,17.51,148.24,-9.51,-13.74,171.27,53.503,54.110,-17.9889,5.2211,250.01,257.17,-18.1114,4.8730,241.47,260.62,0.25801,0
5.7634,2,10,2,2,251.25,389.00,capture,225.86,272.20,119.53,0,-179.749,1.685,-177.807,-10.58,17.95,148.23,-9.53,-13.53,170.94,53.861,54.297,-18.6183,4.2664,225.86,272.20,-18.3303,4.6112,234.68,263.31,0.25943,0
5.8550,2,10,2,2,251.25,389.00,capture,224.73,249.01,142.48,0,-179.675,1.505,-177.819,-10.27,17.57,147.79,-9.27,-13.97,170.42,52.998,53.505,-17.7511,4.2105,224.73,249.01,-18.0815,4.4389,229.22,260.06,0.25777,0
5.9543,2,10,2,2,251.25,389.00,capture,234.31,288.94,101.49,0,-179.510,1.563,-177.789,-10.16,17.46,148.55,-9.23,-13.87,171.47,52.689,53.222,-18.9261,4.8015,234.31,288.94,-18.4473,4.5949,230.66,272.89,0.25917,0
6.0551,3,19,4,3,351.75,700.20,dwell,222.57,234.07,483.70,0,-179.438,1.611,-177.741,-10.00,17.06,148.58,-8.98,-14.26,171.53,52.829,53.745,-17.1356,4.1790,222.57,234.07,-17.8736,4.4141,226.12,258.27,0.25800,0
6.1542,3,19,4,3,351.75,700.20,dwell,228.94,242.10,474.27,0,-179.510,1.581,-177.670,-10.04,16.91,147.95,-8.82,-14.47,170.79,53.446,54.371,-17.3034,4.4867,228.94,242.10,-17.6262,4.4453,227.11,252.50,0.25743,0
6.2684,3,19,4,3,351.75,700.20,dwell,214.44,265.11,456.24,0,-179.863,1.627,-177.698,-10.46,16.86,147.73,-9.02,-14.44,170.67,53.328,54.268,-18.0308,3.8188,214.44,265.11,-17.8024,4.1712,223.27,258.17,0.25846,0
6.3550,3,19,4,3,351.75,700.20,dwell,228.02,264.31,453.11,0,179.788,1.598,-177.761,-10.76,16.97,147.07,-9.26,-14.39,169.92,53.701,54.664,-18.0168,4.2804,228.02,264.31,-17.8934,4.2177,226.87,260.20,0.25965,0
6.4555,3,19,4,3,351.75,700.20,dwell,414.09,507.46,202.57,0,179.671,1.710,-177.799,-10.80,17.61,149.42,-9.43,-13.60,172.49,51.932,52.381,-24.6193,12.2887,414.09,507.46,-20.9856,7.9669,309.19,362.00,0.24131,0
6.5569,3,19,4,3,351.75,700.20,dwell,382.19,514.52,188.16,0,179.595,1.797,-177.777,-10.66,17.47,149.48,-9.22,-13.72,172.56,52.527,52.700,-24.9130,11.1556,382.19,514.52,-22.8333,9.4664,341.79,432.07,0.23071,0
6.6555,3,19,4,3,351.75,700.20,dwell,383.04,505.93,196.77,0,179.826,1.846,-177.746,-10.22,17.62,149.25,-9.06,-13.60,172.32,52.473,52.774,-24.7172,11.3305,383.04,505.93,-23.7002,10.3238,358.48,464.39,0.22267,0
6.7651,3,19,4,3,351.75,700.20,dwell,371.06,493.64,207.46,0,-179.934,2.120,-177.741,-9.86,17.37,150.02,-8.85,-13.56,173.48,51.449,52.203,-24.3955,10.9668,371.06,493.64,-24.0154,10.6150,362.54,478.23,0.21236,0
6.8555,3,19,4,3,351.75,700.20,dwell,337.60,508.57,192.15,0,-179.924,2.181,-177.712,-10.13,17.67,150.13,-8.89,-13.40,173.39,52.030,52.460,-25.0389,9.6379,337.60,508.57,-24.4709,10.1894,352.47,489.71,0.22656,0
6.9553,3,19,4,3,351.75,700.20,dwell,324.83,517.16,185.01,0,179.917,2.210,-177.745,-10.49,17.82,150.24,-9.15,-13.25,173.49,52.510,52.735,-25.3886,9.0294,324.83,517.16,-24.8814,9.6887,342.24,500.79,0.22844,0
7.0546,3,19,4,3,351.75,700.20,dwell,368.10,540.87,160.17,0,179.763,2.113,-177.771,-10.62,18.11,148.92,-9.22,-13.10,171.98,52.676,53.159,-25.9062,10.6870,368.10,540.87,-25.3366,10.1225,354.35,517.03,0.23105,0
7.1550,3,19,4,3,351.75,700.20,capture,402.98,542.61,165.70,0,179.800,1.985,-177.769,-10.60,18.06,148.36,-9.33,-13.23,171.32,52.823,53.305,-25.7523,12.0019,402.98,542.61,-25.5207,10.9566,375.89,529.03,0.22978,0
7.2637,3,19,4,3,351.75,700.20,capture,436.90,512.39,206.21,0,179.833,2.053,-177.756,-10.85,17.92,148.74,-9.57,-13.19,171.95,52.698,53.392,-24.7592,13.1489,436.90,512.39,-25.1934,11.9302,403.76,522.75,0.22710,0
7.3581,3,19,4,3,351.75,700.20,capture,401.28,488.67,217.25,0,-179.993,2.083,-177.779,-10.71,18.03,148.72,-9.66,-13.10,171.90,51.460,52.784,-24.3395,11.8131,401.28,488.67,-24.8257,11.8788,402.33,507.04,0.20101,0
7.4547,3,19,4,3,351.75,700.20,capture,416.55,515.12,196.10,0,179.936,2.093,-177.782,-11.04,18.09,148.56,-9.76,-13.05,171.72,52.056,53.513,-24.9970,12.3166,416.55,515.12,-24.8992,12.0702,410.14,510.27,0.20401,0
7.5552,3,19,4,3,351.75,700.20,capture,402.39,504.97,201.69,0,179.934,2.081,-177.771,-10.96,18.13,149.51,-9.71,-13.03,172.65,52.283,53.176,-24.8151,11.8270,402.39,504.97,-24.8627,11.9639,405.94,507.39,0.21899,0
7.6590,3,19,4,3,351.75,700.20,capture,396.43,519.32,186.32,0,179.934,2.131,-177.750,-10.51,18.34,149.91,-9.24,-12.76,173.14,51.942,52.574,-25.2907,11.8061,396.43,519.32,-25.0474,11.8958,399.13,510.61,0.22843,0
7.7700,3,19,4,3,351.75,700.20,capture,421.14,533.77,180.32,0,179.841,2.269,-177.766,-11.02,18.45,149.59,-9.70,-12.52,172.99,51.681,52.408,-25.6124,12.5824,421.14,533.77,-25.2948,12.1968,411.32,519.87,0.22582,0
7.8592,3,19,4,3,351.75,700.20,capture,397.94,529.16,177.17,0,-179.991,2.126,-177.873,-11.18,18.88,148.79,-10.27,-12.39,171.80,51.681,52.326,-25.7383,11.5753,397.94,529.16,-25.4860,11.9314,407.66,521.32,0.21877,0
7.9573,3,19,4,3,351.75,700.20,capture,393.11,535.26,170.04,0,179.799,2.080,-177.899,-11.71,18.97,149.01,-10.36,-12.22,172.11,52.612,53.551,-25.9622,11.2325,393.11,535.26,-25.6922,11.6297,403.90,526.91,0.22127,0
8.0576,3,19,4,3,351.75,700.20,capture,339.39,564.91,135.85,0,179.686,1.938,-177.945,-11.44,19.65,149.69,-10.16,-11.67,172.61,51.422,51.903,-27.1931,9.3162,339.39,564.91,-26.3619,10.5908,373.08,538.61,0.22802,0
8.1549,3,19,4,3,351.75,700.20,capture,359.32,523.81,176.55,0,179.609,1.871,-177.914,-11.58,19.24,149.05,-10.19,-12.05,172.01,51.988,52.548,-25.8782,9.9806,359.32,523.81,-26.1549,10.3254,367.81,535.69,0.22256,0
8.2642,3,19,4,3,351.75,700.20,capture,357.90,534.52,165.79,0,179.512,1.783,-177.936,-11.87,19.33,149.48,-10.51,-12.01,172.37,52.272,52.919,-26.1999,9.8477,357.90,534.52,-26.1743,10.1164,364.82,534.68,0.22794,0
8.3570,3,19,4,3,351.75,700.20,capture,429.80,534.65,183.02,0,179.479,1.797,-177.908,-11.84,18.87,148.82,-10.44,-12.38,171.83,51.613,52.732,-25.7104,12.5684,429.80,534.65,-25.9748,11.1845,392.78,538.03,0.21151,0
8.4547,3,19,4,3,351.75,700.20,capture,418.64,508.29,203.24,0,179.439,1.940,-177.822,-11.61,18.53,148.76,-10.09,-12.56,171.99,52.278,53.247,-24.9550,12.2327,418.64,508.29,-25.5306,11.6448,402.29,527.13,0.22460,0
8.5535,3,19,4,3,351.75,700.20,capture,396.14,523.79,181.91,0,179.274,1.954,-177.858,-11.83,18.58,148.53,-10.30,-12.60,171.62,52.164,53.229,-25.5005,11.3235,396.14,523.79,-25.5175,11.5050,400.89,525.27,0.21758,0
8.6535,3,19,4,3,351.75,700.20,capture,418.03,547.10,166.83,0,179.477,1.857,-177.841,-11.27,18.63,147.88,-10.02,-12.69,170.81,52.174,53.205,-25.9901,12.3446,418.03,547.10,-25.7208,11.8714,405.82,534.56,0.21233,0
8.7643,3,19,4,3,351.75,700.20,capture,419.40,523.33,189.36,0,179.465,1.813,-177.810,-11.28,18.90,148.35,-9.83,-12.39,171.30,52.462,53.107,-25.4446,12.4076,419.40,523.33,-25.6020,12.1049,411.15,527.80,0.23007,0
8.8549,3,19,4,3,351.75,700.20,capture,374.42,508.59,192.95,0,179.355,1.603,-177.832,-11.47,19.20,148.88,-9.97,-12.31,171.53,52.646,53.225,-25.3467,10.6380,374.42,508.59,-25.4920,11.4712,395.91,517.72,0.23811,0
8.9521,3,19,4,3,351.75,700.20,capture,386.47,539.93,163.99,0,179.183,1.513,-177.969,-11.53,19.00,148.79,-10.12,-12.45,171.52,51.784,52.549,-26.0741,11.0367,386.47,539.93,-25.7403,11.2848,393.38,528.40,0.22985,0
9.0534,3,19,4,3,351.75,700.20,capture,396.40,539.43,166.85,0,179.230,1.470,-177.918,-11.39,19.19,148.80,-9.93,-12.24,171.57,51.658,52.604,-26.0601,11.4983,396.40,539.43,-25.8804,11.3782,393.48,532.07,0.21661,0
9.1534,4,8,2,0,50.25,389.00,dwell,408.74,550.18,393.05,0,179.343,1.447,-177.836,-11.27,19.08,149.03,-9.83,-12.34,171.80,52.534,53.470,-26.2279,12.0579,408.74,550.18,-26.0306,11.6714,398.80,540.81,0.22654,0
9.2636,4,8,2,0,50.25,389.00,dwell,395.14,514.30,366.95,0,179.272,1.444,-177.794,-11.66,18.85,148.40,-10.07,-12.55,171.19,52.335,53.404,-25.2627,11.3724,395.14,514.30,-25.7003,11.5433,399.04,531.57,0.22666,0
9.3552,4,8,2,0,50.25,389.00,dwell,409.35,546.83,392.25,0,179.252,1.621,-177.804,-11.42,18.93,148.79,-9.93,-12.26,171.88,52.285,52.860,-26.1020,12.0439,409.35,546.83,-25.8733,11.7597,402.14,536.76,0.23187,0
9.4527,4,8,2,0,50.25,389.00,dwell,117.56,443.86,86.84,0,179.173,1.705,-177.954,-11.66,19.17,149.45,-10.33,-12.07,172.48,51.737,52.917,-24.3395,-0.1652,117.56,443.86,-25.2019,6.0139,261.98,486.35,0.21856,0
9.5553,4,8,2,0,50.25,389.00,dwell,19.69,375.81,33.29,1,179.486,1.816,-178.011,-11.31,18.22,147.94,-10.32,-12.97,171.06,52.473,53.868,-22.1014,-4.4902,19.69,375.81,-23.7978,0.6786,137.65,437.51,0.24641,0
9.6535,4,8,2,0,50.25,389.00,dwell,26.51,329.44,64.12,1,179.869,1.729,-177.991,-10.89,18.47,147.57,-10.00,-12.91,170.43,52.424,53.965,-20.7585,-4.2559,26.51,329.44,-22.4253,-1.7555,81.03,385.64,0.25243,0
9.7643,4,8,2,0,50.25,389.00,dwell,1.16,310.19,92.85,0,179.821,1.485,-178.025,-11.31,18.89,147.80,-10.15,-12.70,170.36,52.686,54.328,-20.2829,-5.5463,1.16,310.19,-21.4501,-3.6056,43.88,348.38,0.25627,0
9.8572,4,8,2,0,50.25,389.00,dwell,39.30,279.50,110.04,0,-179.811,1.707,-177.998,-10.92,18.30,148.32,-10.15,-12.85,171.49,52.618,53.780,-19.1499,-3.9447,39.30,279.50,-20.3968,-3.7651,39.76,319.47,0.25952,0
9.9548,4,8,2,0,50.25,389.00,dwell,5.60,290.06,108.55,0,-179.714,1.706,-177.973,-11.30,18.35,148.43,-10.35,-12.97,171.37,52.433,53.556,-19.5136,-5.4449,5.60,290.06,-20.0004,-4.5381,25.63,305.68,0.24813,0
10.0544,4,8,2,0,50.25,389.00,dwell,0.87,306.50,96.15,0,-179.692,1.694,-177.973,-11.46,18.53,148.25,-10.48,-12.80,171.17,53.202,54.211,-20.0871,-5.6303,0.87,306.50,-20.0389,-5.0362,15.20,304.99,0.25799,0
10.1539,4,8,2,0,50.25,389.00,capture,10.95,302.42,95.08,0,-179.714,1.692,-178.028,-11.48,18.47,148.22,-10.55,-12.85,171.16,53.116,54.212,-19.9332,-5.2596,10.95,302.42,-19.9929,-5.1353,13.72,304.34,0.25740,0
10.2644,4,8,2,0,50.25,389.00,capture,10.07,296.83,100.55,0,-179.719,1.805,-178.038,-11.48,18.39,148.87,-10.53,-12.80,171.98,52.756,53.888,-19.7514,-5.3120,10.07,296.83,-19.8869,-5.2137,11.99,301.16,0.25061,0
10.3556,4,8,2,0,50.25,389.00,capture,33.14,285.28,105.12,0,-179.720,1.853,-178.044,-11.37,18.27,148.44,-10.42,-12.95,171.51,52.995,54.180,-19.3457,-4.3608,33.14,285.28,-19.6523,-4.8471,20.69,295.00,0.25806,0
10.4559,4,8,2,0,50.25,389.00,capture,24.26,274.39,117.52,0,-179.654,2.026,-178.092,-11.37,17.94,148.62,-10.57,-13.11,171.92,52.595,53.992,-18.9121,-4.8085,24.26,274.39,-19.3293,-4.8304,22.43,287.61,0.25626,0
10.5555,4,8,2,0,50.25,389.00,capture,18.06,282.06,111.68,0,-179.727,1.887,-178.069,-11.54,18.16,147.96,-10.51,-13.19,170.86,52.815,54.003,-19.2058,-5.0917,18.06,282.06,-19.2751,-4.9443,21.34,284.25,0.25168,0
10.6534,4,8,2,0,50.25,389.00,capture,17.25,290.30,104.07,0,-179.753,1.962,-178.064,-11.63,18.06,148.19,-10.65,-13.10,171.35,52.607,53.870,-19.4436,-5.1127,17.25,290.30,-19.3476,-5.0167,19.83,287.25,0.25557,0
10.7634,4,8,2,0,50.25,389.00,capture,18.67,292.30,101.72,0,-179.687,1.878,-178.048,-11.39,18.32,148.04,-10.47,-12.99,170.99,53.124,54.177,-19.5835,-4.9623,18.67,292.30,-19.4490,-4.9933,18.36,288.02,0.25664,0
10.8552,4,8,2,0,50.25,389.00,capture,37.49,277.91,111.82,0,-179.502,1.963,-178.020,-10.99,18.12,147.70,-10.22,-13.03,170.87,52.730,54.037,-19.0660,-4.1020,37.49,277.91,-19.2835,-4.6068,24.89,284.76,0.26357,0
10.9547,4,8,2,0,50.25,389.00,capture,17.91,272.74,120.68,0,-179.387,1.992,-178.075,-10.85,18.46,148.20,-10.18,-12.72,171.33,52.246,53.689,-19.0240,-4.9274,17.91,272.74,-19.1714,-4.7447,21.76,277.39,0.24625,0
11.0533,4,8,2,0,50.25,389.00,capture,21.48,286.62,106.34,0,-179.357,1.903,-178.062,-10.81,18.42,147.69,-10.01,-12.90,170.64,53.238,54.353,-19.4296,-4.7140,21.48,286.62,-19.2826,-4.7315,21.53,281.96,0.25358,0
11.1529,4,8,2,0,50.25,389.00,capture,25.00,278.69,113.17,0,-179.256,1.960,-177.995,-10.63,18.35,147.37,-9.83,-12.82,170.51,53.041,54.343,-19.1639,-4.5182,25.00,278.69,-19.2317,-4.6400,21.90,280.83,0.25714,0
11.2632,4,8,2,0,50.25,389.00,capture,3.39,299.67,100.87,0,-179.314,1.906,-177.970,-11.12,18.55,148.28,-10.20,-12.73,171.27,52.840,54.318,-19.9052,-5.4659,3.39,299.67,-19.5235,-4.9980,15.76,287.55,0.25095,0
11.3544,4,8,2,0,50.25,389.00,capture,-6.99,305.64,101.13,0,-179.443,1.924,-178.003,-11.11,18.44,147.52,-10.18,-12.77,170.60,53.010,54.208,-20.0451,-5.8960,-6.99,305.64,-19.7480,-5.3863,6.17,296.16,0.25333,0
11.4530,4,8,2,0,50.25,389.00,capture,5.30,318.96,83.22,1,-179.470,1.851,-178.054,-11.10,18.41,147.78,-10.27,-12.91,170.73,53.281,54.320,-20.4368,-5.3435,5.30,318.96,-20.0508,-5.3676,5.92,306.56,0.25433,0
11.5545,4,8,2,0,50.25,389.00,capture,20.56,267.40,125.17,0,-179.475,1.928,-178.075,-10.82,18.22,147.73,-9.99,-12.95,170.88,52.752,53.909,-18.7582,-4.8329,20.56,267.40,-19.4901,-5.1369,11.02,290.55,0.24996,0
11.6562,4,8,2,0,50.25,389.00,capture,23.82,267.53,124.31,0,-179.297,1.888,-178.020,-10.42,18.40,147.49,-9.69,-12.88,170.49,53.233,54.321,-18.8142,-4.5532,23.82,267.53,-19.1941,-4.8823,14.80,279.52,0.26182,0
11.7646,4,8,2,0,50.25,389.00,capture,0.92,313.99,89.77,1,-179.560,1.786,-178.012,-10.93,18.48,147.62,-9.80,-12.88,170.49,52.724,53.985,-20.2969,-5.4624,0.92,313.99,-19.6697,-5.1317,10.80,293.95,0.25319,0
11.8544,4,8,2,0,50.25,389.00,capture,11.16,298.43,98.64,0,-179.530,1.790,-178.001,-10.75,18.40,147.34,-9.85,-12.88,170.34,53.314,54.320,-19.7794,-5.0393,11.16,298.43,-19.7165,-5.0924,10.09,296.43,0.25867,0
11.9537,4,8,2,0,50.25,389.00,capture,8.66,315.94,84.07,1,-179.507,1.839,-178.017,-10.90,18.37,147.44,-10.05,-12.86,170.51,53.175,54.180,-20.3249,-5.1337,8.66,315.94,-19.9819,-5.1102,10.28,304.93,0.26061,0
12.0544,4,8,2,0,50.25,389.00,capture,-1.14,287.66,113.63,0,-179.346,1.845,-177.999,-10.71,18.37,147.62,-9.97,-12.89,170.64,52.643,53.897,-19.4436,-5.5953,-1.14,287.66,-19.7504,-5.3200,4.45,297.41,0.25537,0
12.1541,5,11,2,3,351.75,389.00,dwell,-9.26,297.91,372.33,0,-179.286,1.839,-177.926,-11.10,18.33,147.72,-10.21,-12.94,170.73,52.384,53.406,-19.7654,-5.9905,-9.26,297.91,-19.7569,-5.6124,-0.17,297.65,0.25526,0
12.2634,5,11,2,3,351.75,389.00,dwell,7.51,284.48,359.76,0,-179.453,1.962,-177.929,-11.34,18.21,147.83,-10.30,-12.91,171.04,53.331,54.368,-19.3177,-5.4134,7.51,284.48,-19.5677,-5.5267,3.99,292.41,0.24488,0
12.3552,5,11,2,3,351.75,389.00,dwell,-5.46,277.82,374.11,0,-179.453,2.015,-177.906,-11.27,18.45,148.32,-10.32,-12.70,171.49,53.491,54.718,-19.2058,-5.9380,-5.46,277.82,-19.4120,-5.7038,-0.55,284.33,0.25581,0
12.4538,5,11,2,3,351.75,389.00,dwell,213.74,300.13,164.15,0,-179.758,2.058,-177.910,-11.41,18.30,148.13,-10.14,-12.83,171.31,52.729,53.565,-19.6674,3.5233,213.74,300.13,-19.5223,-1.3610,101.40,290.65,0.24383,0
12.5548,5,11,2,3,351.75,389.00,dwell,317.94,262.87,130.59,0,-179.944,2.041,-177.893,-11.50,18.16,148.43,-10.22,-13.02,171.54,52.856,53.167,-18.2546,7.7355,317.94,262.87,-18.9680,3.1232,206.16,278.07,0.24330,0
12.6547,5,11,2,3,351.75,389.00,dwell,328.66,293.28,98.46,0,180.000,2.032,-177.840,-11.30,18.28,148.97,-10.02,-12.91,172.08,52.476,52.965,-19.1639,8.3720,328.66,293.28,-19.0532,5.7096,264.14,283.52,0.25385,0
12.7637,5,11,2,3,351.75,389.00,dwell,363.98,272.74,116.90,0,179.952,2.115,-177.850,-11.44,17.94,148.60,-10.23,-13.13,171.86,53.063,53.380,-18.3386,9.6379,363.98,272.74,-18.7438,7.6053,312.14,280.88,0.25116,0
12.8540,5,11,2,3,351.75,389.00,dwell,389.87,262.21,132.40,0,179.878,2.063,-177.885,-11.56,18.03,148.16,-10.35,-13.18,171.24,53.231,53.573,-17.9609,10.5471,389.87,262.21,-18.4040,9.0008,349.27,272.54,0.25417,0
12.9549,5,11,2,3,351.75,389.00,dwell,374.98,254.32,136.66,0,179.907,2.078,-177.902,-11.50,18.14,148.27,-10.37,-13.01,171.43,53.001,53.287,-17.8210,9.9666,374.98,254.32,-18.1483,9.4507,360.99,263.78,0.24573,0
13.0542,5,11,2,3,351.75,389.00,dwell,345.29,278.85,110.34,0,179.629,1.903,-177.928,-11.85,18.23,147.82,-10.39,-13.13,170.69,53.513,54.045,-18.6603,8.7636,345.29,278.85,-18.3709,9.1407,355.51,270.20,0.24999,0
13.1537,5,11,2,3,351.75,389.00,dwell,360.90,265.03,124.31,0,179.346,1.829,-177.983,-11.86,18.33,148.18,-10.35,-12.98,171.11,53.105,53.446,-18.2406,9.3441,360.90,265.03,-18.3149,9.2303,357.83,267.20,0.24557,0
13.2633,5,11,2,3,351.75,389.00,capture,398.07,252.48,144.17,0,179.436,1.938,-177.976,-11.61,17.74,147.87,-10.35,-13.39,171.05,53.047,53.703,-17.5552,10.7919,398.07,252.48,-17.9837,9.9269,374.65,264.27,0.25262,0
13.3544,5,11,2,3,351.75,389.00,capture,367.53,270.11,119.93,0,179.389,1.986,-177.972,-11.74,17.89,148.18,-10.36,-13.26,171.33,52.971,53.318,-18.2406,9.6449,367.53,270.11,-18.0936,9.8045,371.97,265.64,0.24781,0
13.4530,5,11,2,3,351.75,389.00,capture,359.63,283.57,105.72,0,179.456,1.975,-177.970,-11.46,17.98,148.08,-10.20,-13.23,171.16,52.866,52.980,-18.6883,9.4630,359.63,283.57,-18.3509,9.6562,365.36,272.81,0.25313,0
13.5540,5,11,2,3,351.75,389.00,capture,367.88,276.90,113.25,0,179.409,1.828,-177.980,-11.84,18.20,147.81,-10.48,-13.17,170.66,53.268,53.586,-18.5204,9.6379,367.88,276.90,-18.4247,9.6483,368.38,273.72,0.25087,0
13.6526,5,11,2,3,351.75,389.00,capture,358.47,273.50,115.69,0,179.453,1.744,-177.945,-11.71,18.47,147.67,-10.37,-12.89,170.54,52.826,53.468,-18.5204,9.3232,358.47,273.50,-18.4656,9.5096,363.34,272.19,0.25274,0
13.7633,5,11,2,3,351.75,389.00,capture,337.29,281.84,108.13,0,179.356,1.649,-177.908,-11.98,18.51,148.03,-10.47,-12.88,170.84,52.380,53.180,-18.8421,8.4559,337.29,281.84,-18.6290,9.0497,352.72,276.31,0.25359,0
13.8544,5,11,2,3,351.75,389.00,capture,348.03,284.58,104.49,0,179.166,1.692,-177.920,-12.13,18.23,147.56,-10.55,-13.03,170.54,52.900,53.607,-18.8002,8.8266,348.03,284.58,-18.7024,8.9536,351.47,281.65,0.24526,0
13.9537,5,11,2,3,351.75,389.00,capture,340.75,263.18,126.30,0,178.980,1.764,-177.978,-12.05,18.04,147.74,-10.48,-13.18,170.78,53.084,53.846,-18.1427,8.4909,340.75,263.18,-18.4593,8.7509,346.51,274.40,0.24659,0
14.0547,5,11,2,3,351.75,389.00,capture,337.55,224.30,165.31,0,179.124,1.847,-177.996,-11.81,17.87,147.91,-10.51,-13.31,171.02,53.029,53.310,-16.9397,8.3090,337.55,224.30,-17.7915,8.5579,341.64,252.97,0.24606,0
14.1545,5,11,2,3,351.75,389.00,capture,352.59,274.73,114.27,0,179.161,1.795,-177.993,-11.76,18.03,147.90,-10.37,-13.28,170.83,53.355,53.826,-18.4505,9.0714,352.59,274.73,-18.0766,8.7795,346.15,261.50,0.25364,0
14.2634,5,11,2,3,351.75,389.00,capture,354.99,258.88,130.16,0,179.280,1.887,-178.044,-11.66,18.08,147.73,-10.46,-13.09,170.87,53.212,53.228,-18.0028,9.1203,354.99,258.88,-18.0449,8.9259,349.98,259.78,0.24807,0
14.3532,5,11,2,3,351.75,389.00,capture,346.66,251.52,137.57,0,179.370,1.933,-178.063,-12.10,18.02,148.07,-10.89,-13.16,171.19,53.687,54.325,-17.8070,8.6098,346.66,251.52,-17.9430,8.7909,350.89,256.49,0.26106,0
14.4536,5,11,2,3,351.75,389.00,capture,359.41,269.26,119.98,0,179.199,1.965,-178.065,-12.34,18.00,148.01,-10.86,-13.17,171.13,52.992,53.442,-18.2966,9.0923,359.41,269.26,-18.0957,8.9213,355.56,262.11,0.24874,0
14.5531,5,11,2,3,351.75,389.00,capture,371.34,271.42,119.20,0,179.064,1.785,-178.062,-12.45,18.44,147.99,-10.93,-12.96,170.78,52.526,53.026,-18.4505,9.5540,371.34,271.42,-18.2490,9.1957,362.71,263.70,0.25287,0
14.6544,5,11,2,3,351.75,389.00,capture,362.85,268.38,121.13,0,179.236,1.794,-178.005,-12.00,18.34,149.00,-10.68,-12.92,172.00,52.673,53.027,-18.3526,9.4001,362.85,268.38,-18.2940,9.2847,360.07,266.11,0.25456,0
14.7637,5,11,2,3,351.75,389.00,capture,386.25,268.28,125.55,0,179.312,1.925,-177.979,-11.86,18.06,148.74,-10.53,-13.05,171.95,52.336,52.943,-18.1847,10.3443,386.25,268.28,-18.2470,9.7472,370.76,268.62,0.24395,0
14.8556,5,11,2,3,351.75,389.00,capture,378.22,267.49,124.36,0,179.320,1.814,-177.929,-11.72,18.16,148.81,-10.27,-13.18,171.69,52.686,53.038,-18.1987,10.1065,378.22,267.49,-18.2262,9.9038,372.96,267.82,0.25442,0
14.9593,5,11,2,3,351.75,389.00,capture,372.45,267.61,123.14,0,179.332,1.768,-177.927,-11.75,18.21,148.58,-10.37,-13.11,171.51,52.662,52.847,-18.2267,9.8687,372.45,267.61,-18.2264,9.8887,372.96,267.66,0.25654,0
15.0636,5,11,2,3,351.75,389.00,capture,363.30,275.33,114.25,0,179.423,1.833,-177.936,-11.78,18.13,148.30,-10.51,-13.08,171.38,52.783,53.364,-18.4645,9.5050,363.30,275.33,-18.3300,9.7221,369.17,271.45,0.25308,0
15.1609,5,11,2,3,351.75,389.00,capture,371.92,306.44,84.99,0,179.369,1.715,-178.021,-12.03,18.27,148.26,-10.75,-13.13,171.08,53.042,53.150,-19.4017,9.8057,371.92,306.44,-18.7945,9.7579,372.11,285.81,0.24050,0
15.2708,6,3,0,3,351.75,77.80,dwell,375.89,272.31,196.00,0,179.290,1.821,-178.068,-12.04,17.80,148.61,-10.70,-13.38,171.73,52.831,53.242,-18.2546,9.8407,375.89,272.31,-18.5606,9.7938,373.95,282.45,0.24876,0
15.3607,6,3,0,3,351.75,77.80,dwell,385.92,261.47,186.83,0,179.260,1.916,-178.032,-12.13,17.76,148.31,-10.72,-13.38,171.46,52.482,53.070,-17.8909,10.1764,385.92,261.47,-18.2702,9.9596,379.40,273.56,0.25421,0
15.4595,6,3,0,3,351.75,77.80,dwell,384.37,269.45,194.41,0,179.265,1.766,-177.987,-11.96,17.87,148.42,-10.52,-13.52,171.23,52.809,53.357,-18.1427,10.2254,384.37,269.45,-18.2157,10.0735,380.28,271.45,0.25392,0
15.5588,6,3,0,3,351.75,77.80,dwell,391.45,250.89,177.59,0,179.193,1.774,-178.005,-12.16,17.83,148.79,-10.73,-13.43,171.78,52.359,53.048,-17.5692,10.3793,391.45,250.89,-17.9319,10.2073,386.09,262.52,0.25049,0
15.6570,6,3,0,3,351.75,77.80,dwell,395.84,156.49,90.20,0,179.255,1.584,-177.991,-11.82,17.57,146.74,-10.46,-13.93,169.41,54.398,54.730,-14.5478,10.3233,395.84,156.49,-16.4120,10.2576,389.49,216.87,0.27537,0
15.7652,6,3,0,3,351.75,77.80,dwell,398.73,90.32,48.62,1,179.407,1.400,-177.989,-11.51,17.28,145.93,-10.29,-14.30,168.50,54.354,54.648,-12.2887,10.3233,398.73,90.32,-14.5312,10.2857,393.02,160.17,0.28642,0
15.8573,6,3,0,3,351.75,77.80,dwell,368.25,90.57,20.87,1,179.482,1.144,-178.014,-11.51,17.55,145.55,-10.30,-14.19,167.91,54.529,54.850,-12.4215,9.1273,368.25,90.57,-13.5679,9.7843,382.86,126.94,0.28285,0
15.9559,6,3,0,3,351.75,77.80,dwell,374.65,84.80,23.95,1,179.628,1.035,-177.963,-11.43,17.45,145.66,-10.22,-14.21,168.12,54.461,54.602,-12.1628,9.3931,374.65,84.80,-12.9287,9.6139,378.88,108.49,0.28035,0
16.0563,6,3,0,3,351.75,77.80,dwell,380.16,99.32,35.64,1,179.712,0.949,-177.848,-11.38,17.33,145.64,-10.02,-14.34,168.07,54.846,55.236,-12.5544,9.6868,380.16,99.32,-12.7608,9.6456,378.69,105.55,0.29118,0
16.1549,6,3,0,3,351.75,77.80,dwell,380.12,89.01,30.51,1,179.726,1.065,-177.856,-11.52,17.02,145.97,-10.25,-14.45,168.68,54.581,54.961,-12.1348,9.6099,380.12,89.01,-12.4833,9.6302,379.98,99.64,0.28959,0
16.2644,6,3,0,3,351.75,77.80,capture,412.24,87.73,61.30,0,179.832,1.084,-177.857,-11.74,16.99,145.85,-10.58,-14.55,168.47,54.467,55.059,-12.0089,10.7430,412.24,87.73,-12.2748,10.1124,395.23,94.54,0.29908,0
16.3551,6,3,0,3,351.75,77.80,capture,381.39,74.09,29.88,1,179.716,0.923,-177.918,-11.87,17.44,145.61,-10.58,-14.30,167.94,54.431,54.964,-11.7711,9.4840,381.39,74.09,-12.0561,9.8449,390.22,83.28,0.29612,0
16.4541,6,3,0,3,351.75,77.80,capture,375.07,80.52,23.48,1,179.831,0.883,-177.951,-11.44,17.42,146.07,-10.37,-14.25,168.52,54.628,55.140,-11.9949,9.3861,375.07,80.52,-12.0294,9.6465,381.71,81.99,0.29645,0
16.5541,6,3,0,3,351.75,77.80,capture,379.78,72.51,28.53,1,179.742,0.724,-177.935,-11.68,17.56,145.95,-10.35,-14.26,168.18,54.813,55.375,-11.7431,9.4840,379.78,72.51,-11.9043,9.5759,381.87,77.49,0.29208,0
16.6549,6,3,0,3,351.75,77.80,capture,380.56,38.90,48.40,1,179.763,0.542,-177.838,-11.45,17.62,145.70,-10.06,-14.28,167.81,54.584,55.236,-10.5821,9.5470,380.56,38.90,-11.3233,9.5634,379.82,60.70,0.29123,0
16.7640,6,3,0,3,351.75,77.80,capture,378.41,66.90,28.80,1,179.606,0.512,-177.785,-11.59,17.55,145.95,-10.04,-14.24,168.20,53.785,54.491,-11.5053,9.5120,378.41,66.90,-11.4029,9.5411,379.33,63.90,0.28531,0
16.8558,6,3,0,3,351.75,77.80,capture,400.45,44.87,58.79,1,179.629,0.679,-177.837,-11.33,17.31,146.36,-10.08,-14.27,168.92,54.485,54.996,-10.6660,10.3863,400.45,44.87,-11.0863,9.9015,387.19,56.44,0.29042,0
16.9529,6,3,0,3,351.75,77.80,capture,417.24,43.39,73.98,0,179.645,0.694,-177.861,-11.30,17.52,146.13,-10.02,-14.17,168.54,54.515,55.050,-10.6520,11.0227,417.24,43.39,-10.8959,10.3945,400.37,49.45,0.28536,0
17.0553,6,3,0,3,351.75,77.80,capture,404.64,57.23,56.75,0,179.684,0.716,-177.832,-11.28,17.61,146.33,-9.95,-14.07,168.75,54.465,54.785,-11.1766,10.5961,404.64,57.23,-11.0182,10.4829,401.94,52.34,0.28570,0
17.1543,6,3,0,3,351.75,77.80,capture,364.25,64.20,18.47,1,179.819,0.628,-177.823,-11.07,17.64,146.11,-9.88,-14.16,168.37,54.335,54.973,-11.4913,9.1063,364.25,64.20,-11.2221,9.8864,384.70,57.48,0.29555,0
17.2641,6,3,0,3,351.75,77.80,capture,375.42,66.56,26.20,1,179.824,0.761,-177.790,-11.25,17.45,146.26,-9.93,-14.12,168.83,54.183,54.790,-11.4983,9.4980,375.42,66.56,-11.3407,9.7188,381.36,62.25,0.28776,0
17.3551,6,3,0,3,351.75,77.80,capture,366.34,78.99,14.64,1,179.859,0.731,-177.789,-11.22,17.46,145.88,-9.97,-14.26,168.26,54.709,55.322,-11.9250,9.1693,366.34,78.99,-11.5941,9.4799,374.87,69.63,0.28875,0
17.4540,6,3,0,3,351.75,77.80,capture,367.22,64.06,20.69,1,179.714,0.728,-177.818,-11.50,17.53,145.87,-10.11,-14.16,168.28,54.711,55.178,-11.4564,9.0784,367.22,64.06,-11.5348,9.3056,372.89,66.75,0.28706,0
17.5554,6,3,0,3,351.75,77.80,capture,371.75,46.12,37.46,1,179.809,0.776,-177.847,-11.20,17.48,146.25,-10.04,-14.16,168.73,54.711,54.857,-10.8339,9.3092,371.75,46.12,-11.2294,9.3072,371.08,57.74,0.29171,0
17.6546,6,3,0,3,351.75,77.80,capture,364.31,65.66,17.47,1,179.791,0.799,-177.830,-11.40,17.23,145.69,-10.09,-14.41,168.16,54.541,55.158,-11.4214,8.9804,364.31,65.66,-11.3119,9.1658,369.23,62.70,0.28648,0
17.7645,6,3,0,3,351.75,77.80,capture,365.24,33.82,46.00,1,179.763,0.768,-177.820,-11.38,17.36,146.00,-10.05,-14.34,168.39,54.343,54.904,-10.3793,8.9734,365.24,33.82,-10.9074,9.0827,367.24,49.37,0.29209,0
17.8543,6,3,0,3,351.75,77.80,capture,385.96,59.83,38.64,1,179.660,0.675,-177.829,-11.38,17.25,145.56,-9.97,-14.53,167.83,54.763,55.280,-11.1696,9.8267,385.96,59.83,-11.0198,9.4018,375.25,54.72,0.30158,0
17.9542,6,3,0,3,351.75,77.80,capture,381.72,69.00,31.24,1,179.510,0.740,-177.839,-11.44,17.10,145.74,-9.96,-14.53,168.22,54.325,54.834,-11.4494,9.6729,381.72,69.00,-11.2049,9.5189,378.17,61.48,0.29660,0
18.0541,6,3,0,3,351.75,77.80,capture,361.58,52.42,27.21,1,179.374,0.553,-177.761,-11.69,17.26,145.51,-10.02,-14.62,167.61,54.633,55.266,-10.9528,8.8056,361.58,52.42,-11.0956,9.2087,371.64,57.22,0.30707,0
18.1548,6,3,0,3,351.75,77.80,capture,377.92,73.34,26.54,1,179.295,0.574,-177.756,-11.76,17.12,145.28,-10.19,-14.60,167.62,54.428,54.986,-11.5753,9.4630,377.92,73.34,-11.3031,9.3182,374.66,64.99,0.29515,0
18.2636,7,7,1,3,351.75,233.40,dwell,361.11,40.49,193.14,0,179.333,0.531,-177.734,-11.51,17.46,145.39,-10.00,-14.33,167.64,54.175,54.644,-10.6031,8.8406,361.11,40.49,-11.0003,9.1116,367.39,52.49,0.30357,0
18.3554,7,7,1,3,351.75,233.40,dwell,389.35,34.84,202.09,0,179.545,0.586,-177.734,-11.06,17.30,145.24,-9.80,-14.40,167.63,54.605,54.984,-10.2953,10.0505,389.35,34.84,-10.6978,9.5130,374.87,45.75,0.29677,0
18.4543,7,7,1,3,351.75,233.40,dwell,389.48,52.30,184.99,0,179.689,0.703,-177.722,-11.02,17.10,145.28,-9.74,-14.51,167.80,54.456,54.899,-10.8339,10.0925,389.48,52.30,-10.7568,9.7656,381.15,49.49,0.29146,0
18.5538,7,7,1,3,351.75,233.40,dwell,353.23,138.41,95.00,0,179.451,0.953,-177.712,-11.50,17.24,146.61,-9.85,-14.16,169.40,53.652,54.145,-13.8483,8.7986,353.23,138.41,-12.1344,9.3457,370.75,86.83,0.28044,0
18.7315,7,7,1,3,351.75,233.40,dwell,502.02,594.15,390.80,0,179.702,1.405,-177.959,-11.91,18.66,149.90,-10.69,-12.68,172.79,50.792,51.087,-26.7735,15.1772,502.02,594.15,-18.1695,11.4814,416.30,266.68,0.19064,0
18.8223,7,7,1,3,351.75,233.40,dwell,374.42,246.90,26.39,1,179.231,1.598,-177.970,-11.86,18.11,148.15,-10.11,-13.07,171.23,52.703,53.141,-17.5552,9.8197,374.42,246.90,-17.8784,10.7560,397.75,260.43,0.25480,0
18.9207,7,7,1,3,351.75,233.40,dwell,382.47,145.76,92.87,0,179.181,1.763,-177.908,-11.34,17.72,147.77,-9.78,-13.42,170.91,53.546,53.814,-14.3170,10.0156,382.47,145.76,-16.2859,10.4334,388.34,210.30,0.26756,0
19.0201,7,7,1,3,351.75,233.40,dwell,365.93,186.07,49.41,1,179.055,1.757,-177.883,-11.47,17.86,147.28,-9.83,-13.41,170.24,54.075,54.301,-15.6528,9.4630,365.93,186.07,-16.0108,10.0150,379.12,199.04,0.28282,0
19.1202,7,7,1,3,351.75,233.40,dwell,362.02,188.67,45.89,1,179.043,1.817,-177.884,-11.46,17.85,147.55,-9.93,-13.36,170.62,53.826,53.857,-15.7507,9.3301,362.02,188.67,-15.8982,9.7168,371.49,194.36,0.27426,0
19.2303,7,7,1,3,351.75,233.40,dwell,348.38,144.88,88.58,0,179.231,1.811,-177.886,-11.07,17.86,147.85,-9.76,-13.40,170.85,53.949,53.942,-14.4219,8.7846,348.38,144.88,-15.2568,9.3100,359.66,172.41,0.28914,0
19.3222,7,7,1,3,351.75,233.40,capture,352.38,135.74,97.66,0,179.410,1.868,-177.828,-10.92,17.53,147.67,-9.58,-13.66,170.76,53.796,54.135,-14.0022,8.9595,352.38,135.74,-14.7065,9.1573,355.74,158.27,0.28000,0
19.4227,7,7,1,3,351.75,233.40,capture,342.75,154.29,79.62,0,179.457,1.857,-177.834,-10.97,17.55,147.45,-9.62,-13.70,170.46,54.253,54.509,-14.6177,8.6028,342.75,154.29,-14.6675,8.9132,350.43,156.46,0.28667,0
19.5199,7,7,1,3,351.75,233.40,capture,336.55,165.72,69.37,1,179.438,1.748,-177.845,-11.09,17.93,147.48,-9.70,-13.44,170.33,54.080,53.944,-15.1073,8.3580,336.55,165.72,-14.8561,8.6723,345.02,158.36,0.29607,0
19.6222,7,7,1,3,351.75,233.40,capture,339.54,153.24,81.08,0,179.504,1.767,-177.807,-10.95,17.77,148.10,-9.58,-13.49,171.09,54.154,54.284,-14.6597,8.5048,339.54,153.24,-14.7711,8.5994,341.64,156.94,0.28103,0
19.7305,7,7,1,3,351.75,233.40,capture,330.73,149.63,86.36,0,179.479,1.724,-177.769,-10.70,18.20,148.56,-9.22,-13.12,171.47,53.217,53.438,-14.7016,8.2670,330.73,149.63,-14.7412,8.4551,335.31,151.22,0.27352,0
19.8223,7,7,1,3,351.75,233.40,capture,342.72,159.73,74.22,1,179.465,1.678,-177.722,-10.68,18.18,148.22,-9.16,-13.16,171.10,53.537,53.871,-14.9674,8.7986,342.72,159.73,-14.8376,8.6018,338.12,155.24,0.27838,0
19.9205,7,7,1,3,351.75,233.40,capture,364.38,150.05,84.31,0,179.456,1.639,-177.680,-10.51,17.92,148.26,-8.98,-13.43,171.13,53.244,53.644,-14.5058,9.6868,364.38,150.05,-14.6931,9.0774,348.51,154.67,0.27752,0
20.0207,7,7,1,3,351.75,233.40,capture,338.72,153.80,80.65,0,179.466,1.576,-177.670,-10.42,17.84,147.80,-8.94,-13.56,170.61,53.310,53.601,-14.6457,8.7077,338.72,153.80,-14.6727,8.9180,343.92,155.07,0.27959,0
20.1213,7,7,1,3,351.75,233.40,capture,346.77,150.81,82.74,0,179.493,1.581,-177.637,-10.29,17.80,147.43,-8.79,-13.54,170.31,54.092,54.564,-14.5058,9.0644,346.77,150.81,-14.6007,8.9811,344.45,153.63,0.28272,0
20.2314,7,7,1,3,351.75,233.40,capture,356.10,157.31,76.21,1,179.496,1.537,-177.641,-10.48,17.86,148.31,-9.00,-13.54,171.11,53.587,54.119,-14.7156,9.4071,356.10,157.31,-14.6504,9.1665,350.20,154.74,0.28045,0
20.3222,7,7,1,3,351.75,233.40,capture,336.40,147.56,87.20,0,179.636,1.440,-177.636,-10.37,17.93,148.00,-9.03,-13.56,170.69,54.312,54.324,-14.4638,8.6167,336.40,147.56,-14.5709,8.9324,344.03,151.55,0.28941,0
20.4234,7,7,1,3,351.75,233.40,capture,370.71,154.26,81.38,0,179.655,1.494,-177.642,-10.53,17.79,147.94,-9.13,-13.55,170.82,54.094,54.250,-14.5478,9.9246,370.71,154.26,-14.5608,9.3699,356.58,153.44,0.28248,0
20.5214,7,7,1,3,351.75,233.40,capture,360.95,144.45,89.42,0,179.655,1.610,-177.693,-10.59,17.56,148.34,-9.25,-13.68,171.36,54.218,54.283,-14.2190,9.4770,360.95,144.45,-14.4143,9.4159,358.93,150.47,0.28000,0
20.6266,7,7,1,3,351.75,233.40,capture,350.47,165.06,68.35,1,179.691,1.680,-177.710,-10.64,17.42,147.26,-9.32,-13.84,170.26,54.479,54.801,-14.8415,9.0714,350.47,165.06,-14.5981,9.2679,356.03,157.75,0.28320,0
20.7377,7,7,1,3,351.75,233.40,capture,360.50,152.92,80.95,0,179.691,1.793,-177.720,-10.64,17.43,147.95,-9.29,-13.75,171.06,53.952,54.226,-14.4638,9.4421,360.50,152.92,-14.5403,9.3429,357.80,155.13,0.27383,0
20.8286,7,7,1,3,351.75,233.40,capture,375.61,134.11,102.11,0,179.563,1.633,-177.677,-10.77,17.66,147.96,-9.18,-13.78,170.69,53.670,53.988,-13.8833,9.9666,375.61,134.11,-14.2553,9.6137,365.71,145.01,0.27957,0
20.9276,7,7,1,3,351.75,233.40,capture,378.08,148.73,88.67,0,179.404,1.559,-177.679,-10.93,17.75,147.18,-9.31,-13.65,169.96,53.972,54.519,-14.3519,10.0505,378.08,148.73,-14.2969,9.8033,371.88,146.44,0.27951,0
21.0274,7,7,1,3,351.75,233.40,capture,364.69,141.43,92.87,0,179.592,1.506,-177.700,-10.74,17.80,147.53,-9.49,-13.63,170.31,54.687,54.838,-14.1701,9.5540,364.69,141.43,-14.2423,9.6959,368.13,144.01,0.28804,0
21.1279,7,7,1,3,351.75,233.40,capture,362.17,162.17,71.99,1,179.703,1.581,-177.700,-10.55,17.58,147.20,-9.26,-13.71,170.15,54.677,54.645,-14.7576,9.5610,362.17,162.17,-14.4648,9.6378,364.85,153.05,0.29174,0
21.2358,7,7,1,3,351.75,233.40,capture,359.59,156.53,77.27,1,179.551,1.597,-177.730,-10.90,17.83,147.35,-9.40,-13.49,170.25,53.909,53.750,-14.6876,9.3371,359.59,156.53,-14.5610,9.5082,364.24,152.89,0.29297,0
21.3270,8,5,1,1,150.75,233.40,dwell,359.37,163.22,220.10,0,179.577,1.698,-177.755,-10.67,17.49,147.50,-9.33,-13.73,170.55,53.990,53.859,-14.7995,9.4071,359.37,163.22,-14.6642,9.4646,361.16,159.04,0.28437,0
21.4245,8,5,1,1,150.75,233.40,dwell,364.16,168.84,222.96,0,179.558,1.641,-177.766,-10.89,17.61,147.28,-9.49,-13.76,170.12,54.258,54.329,-14.9954,9.5330,364.16,168.84,-14.8075,9.4940,363.64,162.76,0.28287,0
21.5212,8,5,1,1,150.75,233.40,dwell,362.99,166.78,222.45,0,179.685,1.581,-177.742,-10.76,17.54,147.34,-9.48,-13.86,170.15,54.482,54.656,-14.8975,9.5190,362.99,166.78,-14.8463,9.5047,362.76,165.12,0.28469,0
21.6220,8,5,1,1,150.75,233.40,dwell,351.30,148.38,217.83,0,179.881,1.677,-177.746,-10.41,17.50,147.82,-9.29,-13.74,170.85,54.055,54.066,-14.3519,9.1133,351.30,148.38,-14.6331,9.3355,356.23,157.71,0.28372,0
21.7327,8,5,1,1,150.75,233.40,dwell,169.47,149.42,86.04,0,179.852,1.632,-177.803,-11.03,17.57,147.09,-9.81,-13.81,169.94,54.356,54.935,-14.6597,1.2476,169.47,149.42,-14.6445,5.5443,269.19,151.71,0.27978,0
21.8243,8,5,1,1,150.75,233.40,dwell,141.62,132.80,101.01,0,179.895,1.726,-177.804,-10.87,17.68,147.29,-9.67,-13.54,170.34,53.917,54.628,-14.1631,0.0219,141.62,132.80,-14.4376,2.9251,207.18,141.64,0.27820,0
21.9215,8,5,1,1,150.75,233.40,dwell,135.08,136.52,98.14,0,179.885,1.717,-177.788,-10.77,17.91,147.57,-9.49,-13.40,170.51,53.914,54.820,-14.3659,-0.2028,135.08,136.52,-14.4065,1.4400,172.26,137.86,0.28003,0
22.0220,8,5,1,1,150.75,233.40,dwell,122.46,128.75,108.41,0,179.768,1.678,-177.716,-10.81,18.04,147.37,-9.30,-13.29,170.26,52.967,53.880,-14.1421,-0.7624,122.46,128.75,-14.2923,0.4131,148.74,133.18,0.27693,0
22.1235,8,5,1,1,150.75,233.40,dwell,124.12,125.28,111.35,0,179.956,1.577,-177.643,-10.42,18.21,147.34,-9.18,-13.23,170.11,53.111,53.833,-14.0652,-0.5560,124.12,125.28,-14.1945,-0.0282,135.77,129.09,0.27208,0
22.2316,8,5,1,1,150.75,233.40,dwell,120.38,112.83,124.33,0,179.891,1.486,-177.644,-10.77,18.32,147.60,-9.38,-13.14,170.32,53.156,53.954,-13.6735,-0.8699,120.38,112.83,-13.9693,-0.4062,130.21,121.47,0.28058,0
22.3237,8,5,1,1,150.75,233.40,capture,123.81,116.61,119.86,0,179.966,1.572,-177.620,-10.59,18.04,148.56,-9.31,-13.26,171.52,52.847,53.586,-13.7294,-0.6268,123.81,116.61,-13.8649,-0.5045,126.27,120.58,0.28108,0
22.4236,8,5,1,1,150.75,233.40,capture,121.00,140.46,97.58,0,179.993,1.619,-177.574,-10.30,17.94,148.50,-8.95,-13.36,171.45,52.551,53.496,-14.5058,-0.5560,121.00,140.46,-14.1423,-0.5272,122.54,129.67,0.27967,0
22.5224,8,5,1,1,150.75,233.40,capture,129.45,107.29,127.89,0,-179.840,1.753,-177.575,-10.10,17.60,148.74,-8.97,-13.59,171.85,52.344,53.224,-13.2818,-0.2483,129.45,107.29,-13.7690,-0.4061,124.77,121.58,0.27596,0
22.6218,8,5,1,1,150.75,233.40,capture,110.73,131.06,109.89,0,-179.837,1.656,-177.619,-10.49,17.96,148.18,-9.29,-13.44,170.99,53.190,54.363,-14.1981,-1.1453,110.73,131.06,-13.9522,-0.7261,120.82,123.78,0.27517,0
22.7321,8,5,1,1,150.75,233.40,capture,115.30,141.03,98.94,0,-179.694,1.534,-177.599,-10.31,17.93,148.20,-9.20,-13.55,170.92,53.497,54.367,-14.5058,-0.8542,115.30,141.03,-14.1930,-0.7820,117.71,131.75,0.27792,0
22.8228,8,5,1,1,150.75,233.40,capture,127.76,123.65,112.13,0,-179.458,1.510,-177.567,-9.98,17.82,147.74,-9.00,-13.59,170.55,53.660,54.385,-13.8693,-0.2754,127.76,123.65,-14.0548,-0.5655,120.75,129.12,0.28310,0
22.9211,8,5,1,1,150.75,233.40,capture,134.87,146.80,88.05,0,-179.479,1.697,-177.638,-10.25,17.53,147.90,-9.23,-13.64,171.04,53.158,53.966,-14.5757,0.0017,134.87,146.80,-14.2807,-0.3195,128.31,137.95,0.27311,0
23.0213,8,5,1,1,150.75,233.40,capture,133.96,122.70,111.97,0,-179.492,1.722,-177.727,-10.68,17.64,147.54,-9.72,-13.65,170.52,54.106,54.872,-13.8064,-0.3095,133.96,122.70,-14.0764,-0.3152,133.20,130.69,0.27607,0
23.1198,8,5,1,1,150.75,233.40,capture,127.47,121.82,113.99,0,-179.592,1.653,-177.743,-10.67,17.63,147.45,-9.53,-13.75,170.28,53.933,54.797,-13.7644,-0.5936,127.47,121.82,-13.9424,-0.4343,130.67,127.06,0.28139,0
23.2298,8,5,1,1,150.75,233.40,capture,143.81,130.61,103.03,0,-179.825,1.519,-177.694,-10.83,17.73,147.75,-9.41,-13.75,170.44,52.743,53.903,-14.0861,0.1495,143.81,130.61,-14.0045,-0.1811,136.50,128.18,0.27526,0
23.3212,8,5,1,1,150.75,233.40,capture,153.75,141.95,91.50,0,-179.968,1.411,-177.739,-10.92,17.75,147.18,-9.62,-13.76,169.85,53.713,54.386,-14.4498,0.5814,153.75,141.95,-14.1958,0.1491,144.54,134.31,0.28454,0
23.4208,8,5,1,1,150.75,233.40,capture,128.48,164.16,72.74,1,179.978,1.442,-177.777,-10.95,17.52,147.46,-9.72,-13.86,170.29,53.770,54.559,-15.1213,-0.4704,128.48,164.16,-14.6016,-0.1193,137.76,148.50,0.27687,0
23.5219,8,5,1,1,150.75,233.40,capture,137.86,139.95,94.34,0,179.632,1.419,-177.801,-11.23,17.72,147.25,-9.65,-13.71,170.00,53.350,54.443,-14.3799,-0.2194,137.86,139.95,-14.5055,-0.1625,138.85,143.71,0.28186,0
23.6223,8,5,1,1,150.75,233.40,capture,149.26,114.38,119.03,0,179.572,1.399,-177.792,-11.06,17.76,147.06,-9.63,-13.67,169.82,53.884,54.863,-13.5266,0.2614,149.26,114.38,-14.0842,0.0193,142.55,130.88,0.28142,0
23.7295,8,5,1,1,150.75,233.40,capture,137.17,110.73,123.42,0,179.790,1.537,-177.808,-10.65,17.52,147.29,-9.55,-13.76,170.29,53.827,54.807,-13.3308,-0.1679,137.17,110.73,-13.7571,-0.0609,138.68,123.26,0.27199,0
23.8205,8,5,1,1,150.75,233.40,capture,137.09,147.89,86.59,0,179.786,1.571,-177.840,-10.83,17.68,147.25,-9.60,-13.65,170.15,53.984,54.646,-14.6457,-0.1206,137.09,147.89,-14.1366,-0.0864,139.05,132.67,0.28135,0
23.9205,8,5,1,1,150.75,233.40,capture,125.77,139.94,96.74,0,179.767,1.551,-177.841,-10.84,17.66,147.02,-9.56,-13.72,169.85,54.071,54.976,-14.3659,-0.6548,125.77,139.94,-14.2369,-0.3358,133.31,136.07,0.28234,0
24.0201,8,5,1,1,150.75,233.40,capture,147.97,88.58,144.85,0,179.560,1.413,-177.811,-11.11,17.71,146.88,-9.55,-13.80,169.51,53.906,55.001,-12.6244,0.0988,147.97,88.58,-13.5321,-0.1486,140.55,115.08,0.27595,0
24.1214,8,5,1,1,150.75,233.40,capture,155.28,106.01,127.47,0,179.321,1.442,-177.861,-11.28,17.62,147.23,-9.73,-13.76,170.05,52.614,53.832,-13.2049,0.4249,155.28,106.01,-13.3887,0.1011,147.57,111.45,0.28074,0
24.2308,8,5,1,1,150.75,233.40,capture,138.08,144.11,90.18,0,179.369,1.450,-177.825,-11.20,17.51,147.23,-9.76,-13.89,170.04,53.899,54.663,-14.4498,-0.1740,138.08,144.11,-13.8427,-0.0163,143.04,126.01,0.27774,0
24.3230,9,0,0,0,50.25,77.80,dwell,129.23,158.57,112.97,0,179.523,1.514,-177.828,-10.86,17.45,147.10,-9.61,-13.89,170.01,53.831,54.890,-14.9115,-0.4153,129.23,158.57,-14.3059,-0.1874,135.87,140.38,0.28747,0
24.4249,9,0,0,0,50.25,77.80,dwell,133.51,120.63,93.64,0,179.621,1.459,-177.793,-10.68,17.70,146.87,-9.35,-13.74,169.62,53.709,54.875,-13.7155,-0.2903,133.51,120.63,-14.0486,-0.2323,134.08,130.48,0.27903,0
24.5218,9,0,0,0,50.25,77.80,dwell,134.95,132.09,100.60,0,179.671,1.457,-177.706,-10.89,17.72,146.99,-9.45,-13.68,169.80,52.894,54.126,-14.1141,-0.2299,134.95,132.09,-14.0768,-0.2313,135.01,130.98,0.27883,0
24.6232,9,0,0,0,50.25,77.80,dwell,130.88,148.16,107.01,0,179.710,1.432,-177.755,-11.00,17.54,147.11,-9.74,-13.90,169.87,54.475,55.303,-14.5897,-0.4135,130.88,148.16,-14.2988,-0.3099,133.93,139.46,0.28652,0
24.7323,9,0,0,0,50.25,77.80,dwell,35.04,74.46,15.57,1,-179.920,1.455,-177.767,-10.32,17.45,146.69,-9.41,-13.96,169.51,54.157,55.014,-11.9669,-4.6721,35.04,74.46,-13.2740,-2.2786,87.28,110.95,0.28334,0
24.8238,9,0,0,0,50.25,77.80,dwell,20.49,37.80,49.85,1,-179.656,1.368,-177.687,-9.91,17.23,147.15,-8.88,-14.29,169.81,53.175,54.739,-10.5681,-5.2596,20.49,37.80,-12.0739,-3.6256,55.45,79.29,0.29175,0
24.9213,9,0,0,0,50.25,77.80,dwell,31.00,53.55,30.96,1,-179.554,1.360,-177.706,-10.12,17.34,146.89,-9.13,-14.12,169.64,53.493,54.951,-11.1766,-4.8539,31.00,53.55,-11.6710,-4.1852,45.53,67.12,0.29674,0
25.0213,9,0,0,0,50.25,77.80,dwell,19.13,34.50,53.33,1,-179.499,1.260,-177.649,-10.28,17.49,146.71,-9.16,-14.08,169.30,53.557,54.753,-10.5261,-5.4624,19.13,34.50,-11.1626,-4.7584,34.33,51.87,0.29134,0
25.1211,9,0,0,0,50.25,77.80,dwell,35.07,12.14,67.39,1,-179.384,1.163,-177.607,-10.10,17.46,146.78,-9.05,-14.15,169.32,53.509,54.482,-9.7008,-4.7700,35.07,12.14,-10.5126,-4.7635,33.85,34.44,0.29709,0
25.2297,9,0,0,0,50.25,77.80,dwell,15.93,11.73,74.45,1,-179.212,1.056,-177.576,-9.92,17.61,147.27,-8.98,-14.05,169.73,53.432,54.683,-9.7218,-5.5323,15.93,11.73,-10.1623,-5.1022,25.20,23.64,0.29232,0
25.3214,9,0,0,0,50.25,77.80,dwell,26.69,8.74,72.97,1,-179.162,0.972,-177.581,-10.09,17.59,147.13,-9.12,-14.08,169.57,53.644,54.602,-9.6029,-5.1477,26.69,8.74,-9.9166,-5.1220,26.77,17.31,0.29843,0
25.4207,9,0,0,0,50.25,77.80,capture,25.10,12.34,70.13,1,-179.020,0.869,-177.591,-9.89,17.57,147.03,-9.05,-14.16,169.39,53.850,54.822,-9.7078,-5.1582,25.10,12.34,-9.8247,-5.1378,25.38,15.53,0.29877,0
25.5225,9,0,0,0,50.25,77.80,capture,38.09,-2.28,81.00,0,-179.152,0.778,-177.532,-9.98,17.58,147.03,-8.77,-14.17,169.36,53.328,54.905,-9.1763,-4.6336,38.09,-2.28,-9.5412,-4.9211,30.85,7.76,0.29259,0
25.6221,9,0,0,0,50.25,77.80,capture,33.56,24.26,56.08,1,-179.062,0.809,-177.561,-9.66,17.37,147.10,-8.77,-14.29,169.58,53.719,55.053,-10.0715,-4.6686,33.56,24.26,-9.7699,-4.8126,30.74,16.04,0.30275,0
25.7306,9,0,0,0,50.25,77.80,capture,27.08,9.52,72.10,1,-179.245,0.732,-177.564,-10.24,17.50,146.79,-9.05,-14.25,169.11,53.810,54.939,-9.5679,-5.1756,27.08,9.52,-9.6823,-4.9697,31.67,12.57,0.29100,0
25.8243,9,0,0,0,50.25,77.80,capture,37.98,33.95,45.53,1,-179.093,0.800,-177.631,-9.89,17.39,146.56,-9.11,-14.24,169.07,54.072,55.242,-10.4212,-4.5602,37.98,33.95,-10.0005,-4.7937,33.30,22.45,0.28941,0
25.9214,9,0,0,0,50.25,77.80,capture,32.21,16.27,64.12,1,-178.959,0.803,-177.642,-10.12,17.62,146.45,-9.33,-14.06,168.89,54.118,55.390,-9.8547,-4.9553,32.21,16.27,-9.9374,-4.8636,34.20,18.49,0.30114,0
26.0216,9,0,0,0,50.25,77.80,capture,30.30,32.02,49.93,1,-178.913,0.767,-177.648,-10.14,17.62,146.37,-9.30,-14.11,168.75,54.051,55.300,-10.4212,-5.0113,30.30,32.02,-10.1462,-4.9270,32.73,24.42,0.30064,0
26.1207,9,0,0,0,50.25,77.80,capture,28.03,15.48,66.16,1,-179.069,0.751,-177.639,-10.21,17.46,146.00,-9.14,-14.24,168.40,54.089,55.392,-9.7568,-5.1687,28.03,15.48,-9.9786,-5.0314,30.85,21.51,0.29146,0
26.2301,9,0,0,0,50.25,77.80,capture,30.63,17.17,63.72,1,-179.150,0.787,-177.642,-10.25,17.53,146.42,-9.21,-14.12,168.90,53.906,55.142,-9.8547,-5.0463,30.63,17.17,-9.9256,-5.0378,30.71,19.11,0.29455,0
26.3239,9,0,0,0,50.25,77.80,capture,35.97,26.29,53.45,1,-179.154,0.999,-177.643,-9.98,17.18,146.50,-9.01,-14.26,169.28,53.421,54.775,-10.0925,-4.7000,35.97,26.29,-9.9971,-4.8929,31.67,23.74,0.29604,0
26.4235,9,0,0,0,50.25,77.80,capture,42.34,20.88,57.46,1,-178.989,0.995,-177.624,-9.98,17.75,146.10,-9.16,-13.86,168.64,54.242,55.416,-10.0925,-4.4518,42.34,20.88,-10.0385,-4.7005,36.68,19.50,0.29776,0
26.5218,9,0,0,0,50.25,77.80,capture,36.60,-14.26,93.07,0,-179.104,0.893,-177.636,-10.37,17.85,145.33,-9.33,-13.86,167.72,54.267,55.357,-8.8126,-4.9274,36.60,-14.26,-9.5041,-4.7983,38.54,4.46,0.28815,0
26.6207,9,0,0,0,50.25,77.80,capture,43.33,16.42,61.77,1,-178.940,0.894,-177.648,-10.02,17.88,145.50,-9.27,-13.77,167.99,54.543,55.550,-9.9526,-4.4587,43.33,16.42,-9.6971,-4.6519,39.29,9.51,0.30178,0
26.7305,9,0,0,0,50.25,77.80,capture,39.46,8.02,70.61,1,-178.920,0.867,-177.647,-10.11,17.95,146.03,-9.24,-13.72,168.47,54.112,55.193,-9.6729,-4.6686,39.46,8.02,-9.6867,-4.6591,39.65,8.39,0.30049,0
26.8230,9,0,0,0,50.25,77.80,capture,27.06,30.86,52.36,1,-178.950,1.017,-177.666,-10.28,17.48,146.19,-9.40,-14.00,168.92,54.041,55.101,-10.3583,-5.2071,27.06,30.86,-9.9769,-4.8955,34.93,20.24,0.30322,0
26.9216,9,0,0,0,50.25,77.80,capture,50.52,0.58,77.22,1,-178.855,1.006,-177.634,-9.91,17.75,146.38,-9.08,-13.87,168.92,54.126,55.150,-9.3581,-4.1335,50.52,0.58,-9.7088,-4.5645,40.05,10.33,0.30460,0
27.0214,9,0,0,0,50.25,77.80,capture,38.54,-3.80,82.44,0,-178.867,0.947,-177.607,-10.12,17.83,146.19,-9.20,-13.84,168.65,54.332,55.389,-9.2112,-4.7315,38.54,-3.80,-9.4926,-4.6366,40.30,3.82,0.30586,0
27.1206,9,0,0,0,50.25,77.80,capture,13.25,31.89,58.96,1,-178.911,0.898,-177.602,-10.36,17.99,145.99,-9.42,-13.68,168.43,53.996,55.286,-10.5541,-5.8086,13.25,31.89,-9.9502,-5.1442,29.76,15.05,0.29458,0
27.2305,9,0,0,0,50.25,77.80,capture,15.97,16.21,70.48,1,-179.074,0.873,-177.549,-10.50,17.93,146.03,-9.31,-13.73,168.49,53.831,55.192,-9.9666,-5.7457,15.97,16.21,-9.9573,-5.4058,23.90,15.84,0.30460,0
27.3238,9,0,0,0,50.25,77.80,capture,8.84,28.48,64.40,1,-179.351,0.836,-177.536,-10.69,17.87,145.63,-9.35,-13.81,168.05,54.061,55.389,-10.3793,-6.0604,8.84,28.48,-10.1400,-5.6915,17.88,21.78,0.30325,0
27.4222,10,14,3,2,251.25,544.60,dwell,20.98,-27.04,616.28,0,-179.343,0.752,-177.504,-10.33,18.15,145.99,-9.17,-13.60,168.32,53.753,55.103,-8.4349,-5.5393,20.98,-27.04,-9.3897,-5.6250,17.52,-1.19,0.30089,0
27.5202,10,14,3,2,251.25,544.60,dwell,49.53,2.20,578.69,0,-179.382,0.877,-177.540,-10.00,17.62,146.02,-8.90,-13.92,168.64,54.321,55.592,-9.3581,-4.1300,49.53,2.20,-9.3762,-4.9818,29.85,3.03,0.29501,0
27.6206,10,14,3,2,251.25,544.60,dwell,28.64,-7.85,595.62,0,-179.482,0.838,-177.449,-10.21,17.73,145.80,-8.82,-13.94,168.22,54.217,55.529,-9.0154,-5.0952,28.64,-7.85,-9.2190,-5.0310,29.81,-2.35,0.30165,0
27.7317,10,14,3,2,251.25,544.60,dwell,118.66,115.31,449.29,0,-179.480,1.137,-177.436,-10.36,17.83,147.67,-9.15,-13.47,170.62,53.217,53.982,-13.5476,-0.7877,118.66,115.31,-11.1616,-3.1120,70.89,47.63,0.28308,0
27.8242,10,14,3,2,251.25,544.60,dwell,251.16,375.06,169.54,0,-179.931,1.640,-177.541,-10.96,18.41,149.88,-9.43,-12.50,173.33,52.110,52.861,-21.7797,5.7107,251.16,375.06,-16.2881,1.1014,158.45,189.34,0.23687,0
27.9217,10,14,3,2,251.25,544.60,dwell,206.48,388.19,162.69,0,179.758,1.776,-177.623,-11.08,19.06,150.65,-9.55,-12.10,173.77,52.217,52.707,-22.5350,3.8433,206.48,388.19,-19.3775,2.4106,180.88,280.88,0.24113,0
28.0228,10,14,3,2,251.25,544.60,dwell,201.61,448.78,107.91,0,179.247,1.690,-177.814,-11.83,19.87,150.62,-10.16,-11.49,173.46,51.562,52.554,-24.5633,3.4918,201.61,448.78,-21.9098,2.9089,193.36,356.36,0.24772,0
28.1231,10,14,3,2,251.25,544.60,dwell,258.27,375.07,169.67,0,179.203,1.984,-177.748,-10.91,18.74,149.84,-9.29,-12.21,173.24,51.983,52.829,-21.9335,5.9975,258.27,375.07,-21.9209,4.3431,219.09,371.13,0.24367,0
28.2307,10,14,3,2,251.25,544.60,dwell,235.42,369.92,175.39,0,179.271,2.356,-177.728,-10.77,18.50,150.84,-9.30,-12.23,174.53,51.160,51.974,-21.8216,5.0987,235.42,369.92,-21.8762,4.6838,225.51,370.93,0.24338,0
28.3232,10,14,3,2,251.25,544.60,dwell,222.48,371.08,175.89,0,179.306,2.456,-177.725,-10.81,18.67,150.14,-9.34,-12.24,173.60,51.767,52.526,-21.9475,4.5322,222.48,371.08,-21.9080,4.6164,224.54,369.91,0.23566,0
28.4226,10,14,3,2,251.25,544.60,capture,200.70,376.19,175.84,0,179.226,2.455,-177.851,-11.14,18.95,150.37,-9.75,-12.05,173.71,51.126,52.225,-22.2553,3.4621,200.70,376.19,-22.0620,4.1129,216.33,370.79,0.23265,0
28.5230,10,14,3,2,251.25,544.60,capture,203.14,348.80,201.63,0,179.212,2.283,-177.907,-11.26,19.42,150.41,-9.87,-11.78,173.49,50.993,51.819,-21.5838,3.4341,203.14,348.80,-21.8535,3.8194,211.55,358.49,0.24340,0
28.6209,10,14,3,2,251.25,544.60,capture,186.95,359.11,196.32,0,179.075,2.116,-177.921,-11.32,19.48,150.34,-9.74,-11.79,173.32,51.021,51.734,-21.9196,2.7522,186.95,359.11,-21.8820,3.3571,201.09,358.77,0.24622,0
28.7316,10,14,3,2,251.25,544.60,capture,190.57,345.71,207.94,0,178.972,1.994,-177.920,-11.40,19.61,150.11,-9.80,-11.67,173.08,51.196,52.401,-21.5419,2.8501,190.57,345.71,-21.7349,3.1350,196.76,352.59,0.24493,0
28.8241,10,14,3,2,251.25,544.60,capture,240.70,358.86,186.03,0,179.150,2.114,-177.896,-10.81,19.21,150.21,-9.46,-11.83,173.50,51.122,52.054,-21.6957,5.2036,240.70,358.86,-21.7182,4.0310,213.07,357.44,0.24211,0
28.9236,10,14,3,2,251.25,544.60,capture,216.50,341.78,205.78,0,179.155,2.122,-177.770,-10.79,19.23,150.61,-9.13,-11.89,173.79,51.573,52.519,-21.2481,4.2175,216.50,341.78,-21.5143,4.1123,213.45,350.50,0.24480,0
29.0236,10,14,3,2,251.25,544.60,capture,222.56,343.74,202.90,0,179.208,2.263,-177.819,-10.78,19.04,150.18,-9.39,-11.92,173.57,51.552,52.289,-21.2481,4.4413,222.56,343.74,-21.3983,4.2562,217.90,348.44,0.23725,0
29.1218,10,14,3,2,251.25,544.60,capture,201.72,341.86,208.70,0,179.128,2.325,-177.832,-11.17,19.01,149.72,-9.62,-11.98,173.07,51.469,52.359,-21.2341,3.4061,201.72,341.86,-21.3280,3.8931,212.87,345.80,0.23967,0
29.2323,10,14,3,2,251.25,544.60,capture,205.87,325.23,224.01,0,179.177,2.343,-177.788,-11.02,19.16,150.55,-9.50,-11.86,173.86,51.319,52.246,-20.7865,3.6264,205.87,325.23,-21.0924,3.7776,208.68,335.64,0.23160,0
29.3242,10,14,3,2,251.25,544.60,capture,208.13,321.34,227.39,0,179.139,2.248,-177.853,-11.29,19.48,149.90,-9.83,-11.68,173.03,51.161,52.176,-20.7585,3.5845,208.13,321.34,-20.9481,3.6945,210.25,327.80,0.23587,0
29.4224,10,14,3,2,251.25,544.60,capture,229.87,348.51,197.25,0,179.053,2.302,-177.851,-11.02,18.99,149.61,-9.43,-12.02,172.93,51.881,52.595,-21.3600,4.6651,229.87,348.51,-21.1263,4.1171,217.52,339.70,0.24637,0
29.5215,10,14,3,2,251.25,544.60,capture,209.90,312.15,236.10,0,179.197,2.237,-177.754,-10.73,19.38,150.57,-9.20,-11.76,173.73,51.783,52.459,-20.4368,3.8782,209.90,312.15,-20.8277,4.0143,212.13,325.32,0.24929,0
29.6214,10,14,3,2,251.25,544.60,capture,212.82,334.77,213.32,0,179.348,2.274,-177.691,-10.62,19.31,151.39,-9.16,-11.73,174.68,51.258,52.504,-21.0942,4.1440,212.82,334.77,-20.9424,4.0702,211.45,329.59,0.23562,0
29.7315,10,14,3,2,251.25,544.60,capture,217.23,313.38,233.71,0,179.330,2.112,-177.694,-10.87,19.52,150.99,-9.34,-11.74,173.97,51.638,52.518,-20.4928,4.1790,217.23,313.38,-20.7484,4.1170,215.17,321.74,0.24573,0
29.8239,10,14,3,2,251.25,544.60,capture,189.13,345.83,208.25,0,179.236,2.232,-177.761,-11.16,19.18,150.73,-9.66,-11.81,174.09,51.194,51.939,-21.4300,2.9358,189.13,345.83,-21.0425,3.6033,205.53,333.97,0.24378,0
29.9233,10,14,3,2,251.25,544.60,capture,205.83,315.98,233.09,0,179.336,2.372,-177.786,-10.85,19.10,150.97,-9.50,-11.82,174.43,51.168,52.067,-20.4928,3.6474,205.83,315.98,-20.8040,3.6225,204.51,326.25,0.24224,0
30.0224,10,14,3,2,251.25,544.60,capture,201.49,344.91,205.80,0,179.106,2.368,-177.814,-11.35,19.30,151.00,-9.68,-11.72,174.30,51.145,52.077,-21.4440,3.3921,201.49,344.91,-21.0797,3.5231,205.36,332.97,0.24387,0
30.1230,10,14,3,2,251.25,544.60,capture,186.95,314.84,238.59,0,179.249,2.403,-177.838,-10.83,19.43,151.84,-9.51,-11.56,175.20,50.916,51.670,-20.6186,2.8449,186.95,314.84,-20.8814,3.2288,195.20,324.05,0.24162,0
30.2316,10,14,3,2,251.25,544.60,capture,207.61,325.59,223.32,0,179.463,2.317,-177.758,-10.66,19.47,151.84,-9.31,-11.65,175.02,51.023,51.926,-20.8984,3.8468,207.61,325.59,-20.8888,3.4957,199.48,324.71,0.24737,0
30.3245,10,14,3,2,251.25,544.60,capture,178.52,347.18,210.39,0,179.443,2.400,-177.753,-10.69,19.22,151.59,-9.24,-11.73,175.00,51.265,52.182,-21.5279,2.6473,178.52,347.18,-21.1636,3.1296,190.55,335.77,0.24002,0
30.4221,11,18,4,2,251.25,700.20,dwell,197.37,363.71,340.78,0,179.100,2.235,-177.840,-11.59,19.20,150.62,-9.91,-12.00,173.67,51.306,52.185,-21.9615,3.1631,197.37,363.71,-21.5115,3.1441,197.91,348.57,0.24669,0
30.5223,11,18,4,2,251.25,700.20,dwell,179.29,353.69,353.90,0,179.087,2.085,-177.892,-11.51,19.55,150.21,-10.06,-11.71,173.19,51.106,51.852,-21.7937,2.3588,179.29,353.69,-21.6336,2.8040,189.97,348.97,0.24000,0
30.6212,11,18,4,2,251.25,700.20,dwell,192.21,361.46,343.85,0,179.038,1.926,-177.940,-11.53,19.66,150.09,-10.05,-11.68,172.98,51.072,52.061,-22.0175,2.9043,192.21,361.46,-21.8008,2.8475,191.36,354.10,0.24535,0
30.7314,11,18,4,2,251.25,700.20,dwell,214.68,416.38,286.17,0,178.914,1.991,-178.002,-11.42,19.59,149.86,-9.89,-11.54,173.02,51.696,52.740,-23.5562,4.0006,214.68,416.38,-22.5785,3.3500,201.27,381.62,0.24242,0
30.8240,11,18,4,2,251.25,700.20,dwell,219.29,464.05,238.31,0,178.910,1.931,-177.944,-11.49,19.68,150.45,-9.88,-11.57,173.45,51.172,52.259,-24.9130,4.3224,219.29,464.05,-23.6181,3.7726,208.62,417.20,0.21711,0
30.9225,11,18,4,2,251.25,700.20,dwell,216.43,428.49,273.93,0,179.041,2.109,-177.892,-10.99,19.65,151.48,-9.53,-11.35,174.83,50.966,51.707,-23.9339,4.3364,216.43,428.49,-23.7581,4.0194,209.30,421.72,0.21419,0
31.0203,11,18,4,2,251.25,700.20,dwell,247.98,437.04,263.18,0,179.086,2.310,-177.875,-11.01,19.58,151.00,-9.53,-11.31,174.49,50.831,51.732,-24.0877,5.6687,247.98,437.04,-23.9026,4.7472,226.42,428.41,0.21286,0
31.1223,11,18,4,2,251.25,700.20,dwell,212.83,464.39,238.92,0,178.992,2.456,-177.825,-11.17,19.69,150.71,-9.49,-11.18,174.21,51.537,52.265,-24.9970,4.2349,212.83,464.39,-24.3892,4.5224,220.71,443.36,0.23410,0
31.2316,11,18,4,2,251.25,700.20,dwell,239.58,477.94,222.56,0,179.038,2.594,-177.756,-11.01,19.69,150.38,-9.40,-11.12,173.96,51.516,52.319,-25.3047,5.4694,239.58,477.94,-24.7886,4.9322,227.70,458.03,0.22443,0
31.3238,11,18,4,2,251.25,700.20,dwell,258.14,487.17,213.14,0,179.309,2.452,-177.740,-10.82,19.88,149.57,-9.51,-11.24,172.77,52.195,52.565,-25.5285,6.3017,258.14,487.17,-25.1140,5.5357,240.49,470.05,0.22529,0
31.4224,11,18,4,2,251.25,700.20,capture,265.29,498.48,202.21,0,179.251,2.490,-177.743,-11.25,19.82,150.15,-9.70,-11.13,173.55,51.768,52.411,-25.8083,6.4870,265.29,498.48,-25.4210,5.9579,253.18,482.78,0.22733,0
31.5218,11,18,4,2,251.25,700.20,capture,219.90,444.43,257.68,0,179.247,2.586,-177.805,-10.93,19.83,150.90,-9.52,-11.04,174.42,50.886,51.598,-24.4794,4.5742,219.90,444.43,-25.0129,5.3597,237.58,465.32,0.21418,0
31.6238,11,18,4,2,251.25,700.20,capture,217.22,463.73,238.91,0,179.155,2.642,-177.761,-10.78,19.81,151.20,-9.13,-11.05,174.71,50.966,51.812,-25.0249,4.5916,217.22,463.73,-25.0181,5.0274,227.55,464.50,0.21506,0
31.7341,11,18,4,2,251.25,700.20,capture,221.74,455.44,246.53,0,179.160,2.620,-177.763,-10.94,19.84,150.69,-9.41,-11.10,174.10,50.912,51.874,-24.7871,4.7000,221.74,455.44,-24.9182,4.8848,225.88,460.56,0.21205,0
31.8243,11,18,4,2,251.25,700.20,capture,220.06,473.76,228.57,0,178.928,2.550,-177.794,-11.55,19.98,150.69,-9.80,-11.03,174.01,51.470,52.064,-25.3467,4.4657,220.06,473.76,-25.1010,4.7050,226.17,465.47,0.22648,0
31.9227,11,18,4,2,251.25,700.20,capture,258.95,483.66,216.67,0,179.194,2.482,-177.732,-11.03,19.88,150.31,-9.62,-11.16,173.60,51.784,52.607,-25.4446,6.2877,258.95,483.66,-25.2503,5.3962,237.93,474.20,0.22097,0
32.0223,11,18,4,2,251.25,700.20,capture,249.22,443.48,256.73,0,179.258,2.575,-177.768,-11.08,19.59,150.30,-9.68,-11.28,173.82,51.787,52.672,-24.2836,5.7492,249.22,443.48,-24.8331,5.5491,243.48,462.58,0.22801,0
32.1230,11,18,4,2,251.25,700.20,capture,221.82,476.08,226.05,0,179.206,2.616,-177.760,-11.16,19.97,150.87,-9.60,-10.93,174.34,51.416,52.024,-25.4026,4.6791,221.82,476.08,-25.0793,5.1728,234.11,465.61,0.22167,0
32.2350,11,18,4,2,251.25,700.20,capture,267.11,443.08,257.61,0,179.281,2.809,-177.713,-10.87,19.55,150.87,-9.37,-11.14,174.61,51.522,52.145,-24.2276,6.6059,267.11,443.08,-24.7109,5.7963,246.83,458.13,0.22406,0
32.3248,11,18,4,2,251.25,700.20,capture,215.08,462.70,240.24,0,179.229,2.998,-177.695,-10.83,19.50,151.63,-9.24,-11.12,175.46,51.411,51.986,-24.9410,4.5182,215.08,462.70,-24.8103,5.2427,232.48,459.73,0.22890,0
32.4239,11,18,4,2,251.25,700.20,capture,240.08,446.12,254.32,0,179.261,2.978,-177.637,-10.65,19.70,151.66,-9.06,-11.09,175.27,51.388,52.149,-24.4654,5.6303,240.08,446.12,-24.6609,5.4098,234.48,452.52,0.22438,0
32.5220,11,18,4,2,251.25,700.20,capture,231.46,488.99,212.14,0,179.076,3.001,-177.677,-11.26,20.01,152.03,-9.55,-10.73,175.69,51.007,51.807,-25.7943,5.1687,231.46,488.99,-25.1505,5.3064,235.88,466.00,0.22776,0
32.6228,11,18,4,2,251.25,700.20,capture,217.23,471.01,231.70,0,178.867,2.925,-177.693,-11.33,19.89,151.24,-9.51,-10.96,174.76,51.573,52.400,-25.2907,4.4937,217.23,471.01,-25.2114,4.9523,228.23,469.25,0.22215,0
32.7322,11,18,4,2,251.25,700.20,capture,231.58,444.74,256.21,0,179.108,2.878,-177.649,-10.86,19.79,150.88,-9.39,-11.07,174.41,51.618,52.121,-24.4654,5.1931,231.58,444.74,-24.8910,5.0557,227.53,459.57,0.22510,0
32.8247,11,18,4,2,251.25,700.20,capture,236.70,512.72,188.04,0,178.915,2.727,-177.693,-11.58,20.12,151.19,-9.82,-10.87,174.52,51.614,52.189,-26.4238,5.3120,236.70,512.72,-25.5605,5.1661,234.73,480.64,0.22326,0
32.9225,11,18,4,2,251.25,700.20,capture,221.28,505.01,197.48,0,178.829,2.584,-177.775,-11.44,20.06,150.97,-9.80,-10.99,174.23,51.146,52.024,-26.2279,4.6476,221.28,505.01,-25.8526,4.9416,228.92,491.93,0.21862,0
33.0236,11,18,4,2,251.25,700.20,capture,212.14,497.49,206.45,0,178.744,2.580,-177.771,-11.42,19.72,150.75,-9.67,-11.21,174.16,51.491,52.593,-25.9342,4.2454,212.14,497.49,-25.8881,4.6389,221.55,496.72,0.22692,0
33.1225,11,18,4,2,251.25,700.20,capture,231.14,457.59,243.44,0,178.662,2.541,-177.783,-11.44,19.74,150.56,-9.68,-11.24,173.91,52.046,53.075,-24.7871,4.9518,231.14,457.59,-25.4148,4.7731,225.80,479.78,0.22935,0
33.2313,11,18,4,2,251.25,700.20,capture,201.17,466.61,238.90,0,178.737,2.585,-177.843,-11.50,19.77,150.74,-9.97,-11.14,174.20,51.505,52.320,-25.1368,3.6509,201.17,466.61,-25.2940,4.2816,215.77,473.61,0.22367,0
33.3254,11,18,4,2,251.25,700.20,capture,219.34,493.31,209.34,0,178.972,2.621,-177.805,-11.22,19.82,150.68,-9.78,-11.08,174.16,52.103,53.152,-25.8363,4.5707,219.34,493.31,-25.5266,4.4060,215.98,481.63,0.23151,0
33.4240,12,9,2,1,150.75,389.00,dwell,253.01,466.11,128.07,0,179.174,2.541,-177.736,-11.16,19.94,150.13,-9.69,-11.08,173.44,52.145,52.621,-25.0110,5.9625,253.01,466.11,-25.3026,5.0884,231.64,474.37,0.22749,0
33.5225,12,9,2,1,150.75,389.00,dwell,230.45,490.48,129.03,0,179.001,2.538,-177.726,-11.54,19.89,150.49,-9.79,-11.06,173.88,52.235,53.281,-25.7383,4.9693,230.45,490.48,-25.4911,5.0366,232.48,481.64,0.23015,0
33.6218,12,9,2,1,150.75,389.00,dwell,256.01,479.86,139.05,0,179.030,2.582,-177.743,-11.08,20.06,151.07,-9.53,-10.85,174.53,51.707,52.040,-25.4306,6.1723,256.01,479.86,-25.4653,5.5283,240.53,479.39,0.22628,0
33.7314,12,9,2,1,150.75,389.00,dwell,283.08,442.40,142.70,0,179.068,2.758,-177.728,-11.03,19.59,151.00,-9.46,-11.13,174.70,51.337,52.146,-24.1717,7.2179,283.08,442.40,-24.8995,6.2781,259.12,465.75,0.22212,0
33.8247,12,9,2,1,150.75,389.00,dwell,119.17,323.32,72.88,1,179.334,2.749,-177.723,-10.61,19.40,150.19,-9.32,-11.49,173.69,51.673,52.232,-20.9823,0.0385,119.17,323.32,-23.1348,3.4689,193.46,399.98,0.24517,0
33.9235,12,9,2,1,150.75,389.00,dwell,115.94,297.07,98.30,0,179.374,2.540,-177.776,-10.98,19.66,149.59,-9.62,-11.47,172.77,52.406,53.316,-20.2410,-0.3619,115.94,297.07,-21.8037,1.6919,159.16,350.41,0.25529,0
34.0238,12,9,2,1,150.75,389.00,dwell,111.50,259.58,135.24,0,179.406,2.480,-177.815,-10.86,19.84,150.00,-9.52,-11.20,173.30,51.644,52.430,-19.1359,-0.6706,111.50,259.58,-20.5875,0.6124,136.85,307.22,0.24497,0
34.1238,12,9,2,1,150.75,389.00,dwell,111.39,266.14,129.01,0,179.556,2.543,-177.850,-10.67,19.48,149.65,-9.49,-11.44,173.12,52.409,53.213,-19.2198,-0.6277,111.39,266.14,-19.9664,0.0491,124.81,290.52,0.25187,0
34.2325,12,9,2,1,150.75,389.00,dwell,104.04,264.43,133.04,0,179.438,2.557,-177.856,-10.98,19.65,149.59,-9.52,-11.30,173.01,52.326,52.950,-19.2338,-1.0509,104.04,264.43,-19.6382,-0.4456,116.76,277.67,0.25850,0
34.3314,12,9,2,1,150.75,389.00,dwell,108.36,241.06,153.90,0,179.224,2.521,-177.881,-11.17,19.44,149.70,-9.59,-11.56,173.04,52.404,53.229,-18.4225,-1.0159,108.36,241.06,-19.0963,-0.6987,113.68,262.54,0.24790,0
34.4281,12,9,2,1,150.75,389.00,dwell,110.91,226.33,167.48,0,179.429,2.639,-177.838,-10.72,19.20,150.31,-9.44,-11.63,173.88,52.110,53.263,-17.8909,-0.7991,110.91,226.33,-18.5575,-0.7430,110.26,247.32,0.24464,0
34.5285,12,9,2,1,150.75,389.00,capture,114.29,240.71,152.70,0,179.545,2.676,-177.804,-10.46,19.34,150.40,-9.15,-11.54,173.91,51.779,52.994,-18.3945,-0.4966,114.29,240.71,-18.4861,-0.6365,110.82,243.55,0.25070,0
34.6282,12,9,2,1,150.75,389.00,capture,104.44,249.24,147.23,0,179.738,2.678,-177.832,-10.50,19.50,151.05,-9.41,-11.42,174.53,52.090,52.714,-18.7302,-0.9206,104.44,249.24,-18.5925,-0.7600,108.52,244.95,0.24668,0
34.7393,12,9,2,1,150.75,389.00,capture,113.01,240.75,152.97,0,179.691,2.731,-177.890,-10.74,19.46,150.67,-9.51,-11.38,174.22,52.332,53.324,-18.4505,-0.6924,113.01,240.75,-18.5305,-0.7306,111.90,243.27,0.24363,0
34.8281,12,9,2,1,150.75,389.00,capture,100.81,235.52,161.40,0,179.765,2.794,-177.840,-10.67,19.27,150.05,-9.42,-11.54,173.65,52.698,53.750,-18.2267,-1.2205,100.81,235.52,-18.3992,-0.9422,106.67,241.04,0.24202,0
34.9296,12,9,2,1,150.75,389.00,capture,82.82,259.54,146.20,0,179.674,2.825,-177.804,-10.91,19.39,150.85,-9.50,-11.43,174.43,52.441,53.458,-19.0520,-1.9391,82.82,259.54,-18.6836,-1.3829,96.71,248.09,0.24583,0
35.0268,12,9,2,1,150.75,389.00,capture,95.82,219.56,178.13,0,179.523,2.883,-177.759,-10.53,19.47,149.91,-8.98,-11.30,173.55,52.269,53.557,-17.7930,-1.3979,95.82,219.56,-18.3043,-1.3893,94.49,235.52,0.25110,0
35.1343,12,9,2,1,150.75,389.00,capture,67.83,212.47,195.04,0,179.345,2.862,-177.793,-10.46,19.78,150.95,-8.93,-11.06,174.49,52.410,53.021,-17.6811,-2.6001,67.83,212.47,-18.0294,-1.9270,82.24,223.32,0.25454,0
35.2389,12,9,2,1,150.75,389.00,capture,89.09,235.24,165.66,0,179.343,2.805,-177.786,-10.42,19.63,149.69,-8.97,-11.27,173.17,52.372,53.313,-18.3386,-1.5877,89.09,235.24,-18.1625,-1.7804,85.20,229.69,0.24509,0
35.3305,12,9,2,1,150.75,389.00,capture,93.72,273.40,128.90,0,179.336,2.643,-177.742,-11.51,20.21,150.42,-9.98,-10.83,173.70,51.611,52.490,-19.7374,-1.5466,93.72,273.40,-18.8570,-1.6785,93.34,245.44,0.25102,0
35.4275,12,9,2,1,150.75,389.00,capture,81.37,269.60,138.09,0,179.230,2.626,-177.832,-11.69,20.19,149.98,-10.23,-10.75,173.40,52.204,53.108,-19.6115,-2.2031,81.37,269.60,-19.1820,-1.9022,89.58,256.09,0.25221,0
35.5293,12,9,2,1,150.75,389.00,capture,73.84,259.72,150.43,0,179.176,2.611,-177.862,-11.75,19.92,149.37,-10.27,-11.02,172.79,52.469,53.560,-19.2058,-2.6210,73.84,259.72,-19.1924,-2.2156,83.22,259.40,0.24743,0
35.6261,12,9,2,1,150.75,389.00,capture,75.18,278.16,134.15,0,179.041,2.385,-177.859,-12.02,20.43,149.48,-10.38,-10.77,172.54,52.270,53.191,-19.9332,-2.5546,75.18,278.16,-19.5132,-2.3619,80.88,264.87,0.24940,0
35.7386,12,9,2,1,150.75,389.00,capture,85.36,252.92,150.97,0,179.178,2.331,-177.874,-11.44,19.87,149.10,-10.08,-11.23,172.33,52.313,53.366,-18.9261,-2.0563,85.36,252.92,-19.2568,-2.2283,80.41,263.33,0.24469,0
35.8285,12,9,2,1,150.75,389.00,capture,128.24,228.41,162.16,0,179.445,2.480,-177.816,-11.17,19.48,149.15,-9.92,-11.39,172.68,52.341,53.455,-18.0168,-0.1950,128.24,228.41,-18.7185,-1.3385,100.08,250.08,0.24500,0
35.9298,12,9,2,1,150.75,389.00,capture,138.96,247.35,142.14,0,179.656,2.455,-177.804,-11.06,19.89,149.69,-9.89,-11.14,173.02,52.070,52.644,-18.7442,0.3917,138.96,247.35,-18.7298,-0.5628,117.23,246.37,0.24941,0
36.0261,12,9,2,1,150.75,389.00,capture,137.89,279.26,110.49,0,179.671,2.348,-177.746,-11.20,19.98,149.24,-9.79,-11.15,172.41,52.287,53.314,-19.7514,0.4424,137.89,279.26,-19.1624,-0.1271,126.55,259.96,0.25614,0
36.1290,12,9,2,1,150.75,389.00,capture,87.73,311.36,99.99,0,179.557,2.252,-177.705,-11.56,20.02,149.35,-10.02,-11.13,172.49,52.385,53.432,-20.8005,-1.7022,87.73,311.36,-19.8887,-0.8115,110.87,282.55,0.25853,0
36.2376,12,9,2,1,150.75,389.00,capture,109.60,251.21,143.80,0,179.598,2.208,-177.720,-11.13,19.94,149.01,-9.78,-11.19,172.18,52.807,53.787,-18.8701,-0.8673,109.60,251.21,-19.4499,-0.8354,108.61,269.67,0.26250,0
36.3277,12,9,2,1,150.75,389.00,capture,80.09,262.76,144.67,0,179.553,2.238,-177.718,-11.56,19.86,148.90,-10.12,-11.20,172.16,52.677,53.870,-19.2338,-2.2469,80.09,262.76,-19.3571,-1.4502,98.04,267.03,0.24537,0
36.4290,12,9,2,1,150.75,389.00,capture,118.05,265.39,127.87,0,179.585,2.238,-177.756,-11.17,19.95,149.35,-9.86,-11.14,172.58,52.137,52.811,-19.3177,-0.4660,118.05,265.39,-19.3400,-1.0220,105.26,265.78,0.25710,0
36.5278,13,15,3,3,351.75,544.60,dwell,102.70,259.98,378.21,0,179.699,2.423,-177.687,-11.04,19.60,149.51,-9.69,-11.26,173.05,52.175,52.439,-19.0660,-1.0893,102.70,259.98,-19.2232,-1.0506,103.11,264.99,0.25921,0
36.6306,13,15,3,3,351.75,544.60,dwell,112.44,229.05,396.03,0,179.714,2.429,-177.679,-11.02,19.74,149.43,-9.65,-11.26,172.78,52.041,52.751,-18.1287,-0.7798,112.44,229.05,-18.7393,-0.9322,107.14,248.21,0.25654,0
36.7388,13,15,3,3,351.75,544.60,dwell,83.29,243.50,403.40,0,179.660,2.280,-177.678,-11.38,19.92,148.99,-9.94,-11.27,172.08,52.544,53.695,-18.6463,-2.1140,83.29,243.50,-18.6992,-1.4419,98.54,245.42,0.25247,0
36.8282,13,15,3,3,351.75,544.60,dwell,369.66,409.08,136.70,0,179.347,2.262,-177.642,-11.65,20.10,149.19,-9.85,-10.97,172.41,52.307,52.763,-22.9827,10.4002,369.66,409.08,-20.6120,4.2241,224.39,311.20,0.24928,0
36.9295,13,15,3,3,351.75,544.60,dwell,364.69,366.30,178.77,0,179.316,2.400,-177.622,-11.21,20.05,149.95,-9.62,-10.85,173.41,52.105,52.500,-21.7797,10.2883,364.69,366.30,-21.1351,7.1829,289.14,334.77,0.24619,0
37.0274,13,15,3,3,351.75,544.60,dwell,386.96,381.55,166.81,0,179.304,2.497,-177.619,-11.25,20.16,150.04,-9.69,-10.73,173.52,52.290,52.670,-22.1713,11.1836,386.96,381.55,-21.5912,9.0943,335.21,354.16,0.24484,0
37.1286,13,15,3,3,351.75,544.60,dwell,354.52,376.13,168.50,0,179.217,2.405,-177.590,-11.27,20.35,150.13,-9.56,-10.73,173.35,52.126,52.435,-22.1993,9.9386,354.52,376.13,-21.8620,9.4913,343.99,362.99,0.25183,0
37.2382,13,15,3,3,351.75,544.60,dwell,354.71,376.89,167.74,0,179.283,2.652,-177.567,-10.99,19.94,151.10,-9.44,-10.77,174.82,52.294,52.806,-22.1154,10.0505,354.71,376.89,-21.9726,9.7449,347.30,370.90,0.23975,0
37.3294,13,15,3,3,351.75,544.60,dwell,362.28,399.21,145.77,0,179.378,2.675,-177.541,-10.69,19.91,150.48,-9.17,-10.97,173.97,51.560,51.901,-22.7029,10.4912,362.28,399.21,-22.2952,10.0825,352.74,383.54,0.24169,0
37.4291,13,15,3,3,351.75,544.60,dwell,334.46,370.93,174.53,0,179.444,2.802,-177.581,-10.96,19.99,151.12,-9.54,-10.76,174.79,51.350,51.629,-22.0594,9.2322,334.46,370.93,-22.1933,9.7119,346.19,377.16,0.23535,0
37.5272,13,15,3,3,351.75,544.60,capture,347.16,373.71,170.95,0,179.307,2.807,-177.637,-11.18,20.04,150.49,-9.60,-10.80,174.04,51.747,52.327,-22.1154,9.6379,347.16,373.71,-22.1599,9.6800,348.12,375.39,0.23182,0
37.6271,13,15,3,3,351.75,544.60,capture,352.70,351.59,193.01,0,179.213,2.650,-177.656,-11.24,20.35,150.61,-9.62,-10.68,173.90,50.907,51.289,-21.5419,9.7918,352.70,351.59,-21.8913,9.7288,350.35,363.33,0.23182,0
37.7367,13,15,3,3,351.75,544.60,capture,330.62,356.13,189.65,0,179.370,2.619,-177.601,-10.98,20.26,150.63,-9.50,-10.70,174.04,51.683,52.034,-21.7097,9.0294,330.62,356.13,-21.8128,9.4268,340.30,360.94,0.23917,0
37.8277,13,15,3,3,351.75,544.60,capture,396.93,388.94,162.09,0,179.297,2.455,-177.573,-11.20,20.10,149.48,-9.52,-11.02,172.65,52.588,53.365,-22.2972,11.6102,396.93,388.94,-22.0217,10.3865,366.02,374.63,0.24990,0
37.9252,13,15,3,3,351.75,544.60,capture,371.21,395.42,150.45,0,179.189,2.446,-177.629,-11.34,20.02,150.41,-9.72,-10.98,173.74,52.255,53.060,-22.5910,10.5821,371.21,395.42,-22.2692,10.4722,369.04,383.82,0.24376,0
38.0260,13,15,3,3,351.75,544.60,capture,387.57,386.07,162.53,0,179.116,2.544,-177.669,-11.52,19.71,149.96,-9.91,-11.17,173.46,51.870,52.298,-22.1713,11.0927,387.57,386.07,-22.2273,10.7416,378.41,386.66,0.24311,0
38.1244,13,15,3,3,351.75,544.60,capture,362.40,384.54,160.41,0,178.977,2.386,-177.729,-11.80,20.42,150.24,-10.14,-10.72,173.38,52.095,52.089,-22.4651,10.0366,362.40,384.54,-22.3299,10.4380,372.90,381.32,0.24979,0
38.2322,13,15,3,3,351.75,544.60,capture,372.54,398.68,147.39,0,178.916,2.367,-177.710,-11.61,20.17,149.52,-9.89,-10.86,172.79,52.242,52.854,-22.7309,10.5122,372.54,398.68,-22.5032,10.4699,371.89,390.59,0.24388,0
38.3255,13,15,3,3,351.75,544.60,capture,376.65,399.03,147.69,0,178.901,2.283,-177.684,-11.53,20.33,149.51,-9.81,-10.79,172.68,52.279,52.882,-22.7588,10.7220,376.65,399.03,-22.6140,10.5788,373.26,393.43,0.24505,0
38.4234,13,15,3,3,351.75,544.60,capture,346.01,391.19,153.52,0,179.099,2.141,-177.681,-11.22,20.57,149.64,-9.75,-10.67,172.67,52.618,52.659,-22.7169,9.6099,346.01,391.19,-22.6586,10.1583,359.97,391.12,0.25381,0
38.5234,13,15,3,3,351.75,544.60,capture,352.43,393.38,151.22,0,179.117,2.161,-177.704,-11.36,20.39,149.62,-9.81,-10.71,172.83,52.041,52.304,-22.7029,9.7988,352.43,393.38,-22.6777,10.0026,357.64,393.23,0.24827,0
38.6208,13,15,3,3,351.75,544.60,capture,375.64,404.77,141.86,0,179.187,2.167,-177.645,-11.15,20.29,149.73,-9.55,-10.81,172.93,52.340,52.369,-22.8847,10.8199,375.64,404.77,-22.7669,10.3544,363.97,398.87,0.25220,0
38.7325,13,15,3,3,351.75,544.60,capture,374.94,403.96,142.54,0,179.113,2.367,-177.608,-11.57,19.80,149.78,-9.85,-11.06,173.29,51.881,52.216,-22.7309,10.6590,374.94,403.96,-22.7513,10.4864,370.47,404.01,0.23901,0
38.8252,13,15,3,3,351.75,544.60,capture,358.52,392.00,152.75,0,179.284,2.441,-177.634,-11.42,19.91,150.12,-10.03,-11.03,173.54,51.897,52.227,-22.5071,10.0296,358.52,392.00,-22.6465,10.2903,364.88,397.81,0.24203,0
38.9238,13,15,3,3,351.75,544.60,capture,353.36,405.04,139.57,0,179.344,2.456,-177.648,-11.22,20.16,150.19,-9.75,-10.82,173.56,51.668,51.944,-22.9827,9.9246,353.36,405.04,-22.7921,10.1316,358.97,399.15,0.23747,0
39.0226,13,15,3,3,351.75,544.60,capture,331.19,380.60,165.28,0,179.013,2.356,-177.721,-12.02,20.58,150.08,-10.23,-10.52,173.27,51.554,52.201,-22.5210,8.7287,331.19,380.60,-22.6754,9.5171,350.62,388.59,0.24341,0
39.1239,13,15,3,3,351.75,544.60,capture,387.58,371.43,176.84,0,178.926,2.468,-177.766,-11.39,20.11,149.62,-9.75,-10.78,173.09,52.401,52.916,-21.8916,11.0787,387.58,371.43,-22.3347,10.1936,364.02,383.51,0.24329,0
39.2326,13,15,3,3,351.75,544.60,capture,362.29,378.01,166.92,0,179.176,2.610,-177.687,-10.80,20.08,150.11,-9.34,-10.73,173.69,51.930,52.416,-22.1713,10.3443,362.29,378.01,-22.2642,10.2585,359.92,380.92,0.24029,0
39.3254,13,15,3,3,351.75,544.60,capture,351.09,347.78,196.82,0,179.177,2.710,-177.646,-10.96,19.97,150.90,-9.33,-10.83,174.50,51.721,52.299,-21.3181,9.8127,351.09,347.78,-21.8515,10.0666,356.34,366.91,0.23656,0
39.4233,13,15,3,3,351.75,544.60,capture,327.05,324.84,221.15,0,179.277,2.589,-177.648,-11.10,20.55,150.97,-9.62,-10.49,174.27,51.147,51.484,-20.9124,8.7636,327.05,324.84,-21.4378,9.4950,344.01,344.92,0.23793,0
39.5232,14,4,1,0,50.25,233.40,dwell,369.98,381.75,352.47,0,179.303,2.561,-177.584,-11.37,20.25,150.38,-9.75,-10.72,173.75,51.915,52.085,-22.2832,10.5191,369.98,381.75,-21.7987,9.9317,356.09,362.92,0.24600,0
39.6236,14,4,1,0,50.25,233.40,dwell,344.69,380.70,329.23,0,179.412,2.534,-177.550,-10.97,20.36,150.64,-9.46,-10.62,174.00,51.475,51.613,-22.3812,9.6799,344.69,380.70,-22.0513,9.8228,348.98,369.84,0.23861,0
39.7358,14,4,1,0,50.25,233.40,dwell,361.68,382.04,345.08,0,179.571,2.675,-177.534,-10.94,20.24,151.18,-9.55,-10.56,174.80,51.632,51.925,-22.3252,10.3653,361.68,382.04,-22.1699,10.0574,354.21,375.55,0.23479,0
39.8274,14,4,1,0,50.25,233.40,dwell,196.77,254.66,148.05,0,179.608,2.892,-177.562,-10.79,19.54,150.18,-9.39,-11.10,174.00,51.737,52.384,-18.8282,3.1596,196.77,254.66,-20.6778,6.8672,278.94,322.40,0.23664,0
39.9259,14,4,1,0,50.25,233.40,dwell,27.62,144.23,92.00,0,-179.983,2.963,-177.498,-10.29,19.39,150.13,-9.20,-11.35,173.83,51.741,52.772,-15.3031,-4.5217,27.62,144.23,-18.1892,1.2182,150.44,233.70,0.25372,0
40.0242,14,4,1,0,50.25,233.40,dwell,28.40,137.25,98.60,0,-179.686,2.942,-177.496,-10.25,19.29,149.69,-9.25,-11.55,173.28,52.701,53.804,-15.0234,-4.5392,28.40,137.25,-16.7292,-1.6138,90.74,188.26,0.26416,0
40.1242,14,4,1,0,50.25,233.40,dwell,17.73,113.86,123.88,0,-179.574,2.705,-177.479,-10.48,19.70,148.96,-9.34,-11.39,172.19,52.211,53.352,-14.3239,-5.1791,17.73,113.86,-15.6186,-3.3458,56.65,151.46,0.26668,0
40.2355,14,4,1,0,50.25,233.40,dwell,41.66,99.62,134.06,0,-179.585,2.396,-177.518,-10.86,19.99,148.95,-9.70,-11.28,171.94,52.332,53.665,-13.8973,-4.3433,41.66,99.62,-14.8287,-3.8158,51.50,126.44,0.27129,0
40.3261,14,4,1,0,50.25,233.40,dwell,7.14,133.60,108.71,0,-179.591,2.178,-177.523,-10.87,19.85,148.26,-9.67,-11.44,171.23,52.197,53.588,-14.9814,-5.7212,7.14,133.60,-14.8970,-4.6995,31.21,130.95,0.25938,0
40.4263,14,4,1,0,50.25,233.40,dwell,25.78,120.51,115.51,0,-179.752,2.110,-177.546,-11.34,19.85,148.36,-10.00,-11.34,171.45,52.977,54.048,-14.5338,-5.1267,25.78,120.51,-14.7360,-4.8935,30.67,126.33,0.26561,0
40.5239,14,4,1,0,50.25,233.40,capture,-0.43,149.95,97.64,0,-179.759,1.826,-177.596,-11.41,20.34,148.99,-10.22,-11.14,171.69,51.986,53.241,-15.6668,-6.1548,-0.43,149.95,-15.1368,-5.4581,17.40,134.25,0.27736,0
40.6250,14,4,1,0,50.25,233.40,capture,35.90,123.35,110.99,0,-179.712,1.675,-177.577,-11.01,20.13,148.78,-9.80,-11.31,171.54,52.160,53.405,-14.6737,-4.5742,35.90,123.35,-14.9356,-5.0703,23.69,131.08,0.27429,0
40.7344,14,4,1,0,50.25,233.40,capture,39.79,110.50,123.34,0,-179.567,1.710,-177.545,-10.78,19.94,148.81,-9.68,-11.34,171.79,52.326,53.534,-14.1701,-4.3783,39.79,110.50,-14.6011,-4.7708,29.62,123.06,0.27847,0
40.8267,14,4,1,0,50.25,233.40,capture,13.43,105.69,132.91,0,-179.481,1.688,-177.562,-10.86,19.92,148.47,-9.80,-11.41,171.38,52.771,53.815,-13.9812,-5.5813,13.43,105.69,-14.3307,-5.1229,23.25,115.63,0.27855,0
40.9251,14,4,1,0,50.25,233.40,capture,43.54,135.31,98.32,0,-179.521,1.678,-177.507,-11.12,19.83,147.72,-9.85,-11.49,170.64,52.921,53.937,-14.9814,-4.2489,43.54,135.31,-14.6121,-4.7449,33.05,124.61,0.27478,0
41.0246,14,4,1,0,50.25,233.40,capture,23.64,115.27,121.09,0,-179.575,1.464,-177.511,-11.12,20.17,148.10,-9.88,-11.40,170.67,52.348,53.645,-14.3799,-5.1756,23.64,115.27,-14.5122,-4.9300,29.01,119.04,0.27444,0
41.1260,14,4,1,0,50.25,233.40,capture,25.77,118.28,117.69,0,-179.630,1.570,-177.515,-11.12,19.87,148.19,-9.86,-11.41,171.18,52.693,54.000,-14.3939,-5.0672,25.77,118.28,-14.4613,-4.9891,27.41,120.22,0.27446,0
41.2352,14,4,1,0,50.25,233.40,capture,26.91,102.27,133.19,0,-179.585,1.534,-177.504,-10.93,20.00,148.11,-9.74,-11.41,170.92,52.815,54.051,-13.8763,-5.0148,26.91,102.27,-14.2083,-5.0001,26.44,111.81,0.27123,0
41.3284,14,4,1,0,50.25,233.40,capture,13.93,115.84,123.04,0,-179.618,1.561,-177.463,-10.80,20.01,148.21,-9.49,-11.33,171.11,52.287,53.470,-14.3519,-5.4554,13.93,115.84,-14.2707,-5.1984,20.14,113.45,0.26185,0
41.4285,14,4,1,0,50.25,233.40,capture,6.41,100.20,140.23,0,-179.652,1.609,-177.482,-10.78,19.99,148.50,-9.53,-11.31,171.44,52.895,53.952,-13.8064,-5.8261,6.41,100.20,-14.0686,-5.4725,14.04,107.62,0.27438,0
41.5270,14,4,1,0,50.25,233.40,capture,41.47,90.33,143.34,0,-179.560,1.834,-177.540,-10.55,19.75,148.94,-9.52,-11.34,172.20,52.591,53.415,-13.4147,-4.2979,41.47,90.33,-13.7857,-4.9670,25.12,101.11,0.26483,0
41.6242,14,4,1,0,50.25,233.40,capture,19.81,106.15,130.84,0,-179.678,1.859,-177.490,-10.87,19.92,148.28,-9.48,-11.30,171.33,52.658,54.037,-14.0232,-5.2666,19.81,106.15,-13.8876,-5.0950,24.13,102.22,0.27143,0
41.7351,14,4,1,0,50.25,233.40,capture,25.07,107.10,128.78,0,-179.769,1.873,-177.493,-10.82,19.87,149.12,-9.48,-11.35,172.17,51.897,53.087,-14.0512,-4.9938,25.07,107.10,-13.9581,-5.0514,23.96,104.45,0.27128,0
41.8284,14,4,1,0,50.25,233.40,capture,51.46,86.99,146.41,0,-179.641,1.978,-177.454,-10.65,19.68,149.47,-9.46,-11.43,172.67,52.198,53.265,-13.3098,-3.8573,51.46,86.99,-13.6758,-4.5281,35.16,97.59,0.27118,0
41.9266,14,4,1,0,50.25,233.40,capture,18.45,93.49,143.48,0,-179.291,2.262,-177.450,-10.05,19.30,149.26,-9.21,-11.58,172.79,52.696,53.824,-13.4217,-5.0987,18.45,93.49,-13.5648,-4.7760,25.62,97.50,0.27794,0
42.0259,14,4,1,0,50.25,233.40,capture,37.47,87.28,146.67,0,-179.128,2.360,-177.389,-10.14,19.31,149.17,-9.12,-11.66,172.57,52.345,53.491,-13.2329,-4.3224,37.47,87.28,-13.4217,-4.5808,31.05,92.71,0.26446,0
42.1261,14,4,1,0,50.25,233.40,capture,27.75,91.56,143.61,0,-179.089,2.336,-177.357,-10.31,19.27,149.35,-9.22,-11.80,172.60,52.659,53.708,-13.3727,-4.7735,27.75,91.56,-13.4005,-4.6637,30.23,92.34,0.27290,0
42.2347,14,4,1,0,50.25,233.40,capture,8.45,116.17,124.46,0,-178.916,2.422,-177.368,-9.95,19.40,149.35,-9.09,-11.56,172.76,52.415,53.746,-14.2750,-5.4064,8.45,116.17,-13.7766,-4.9834,19.62,101.79,0.27433,0
42.3271,14,4,1,0,50.25,233.40,capture,9.87,126.22,114.54,0,-179.006,2.143,-177.356,-10.62,20.02,148.62,-9.48,-11.34,171.51,52.467,53.693,-14.7995,-5.5288,9.87,126.22,-14.2239,-5.2208,18.61,109.55,0.27430,0
42.4257,14,4,1,0,50.25,233.40,capture,4.92,87.82,152.47,0,-179.069,2.050,-177.376,-10.80,19.89,148.75,-9.70,-11.36,171.78,52.067,53.408,-13.4077,-5.9485,4.92,87.82,-13.8717,-5.5392,13.36,100.96,0.28001,0
42.5244,15,2,0,2,251.25,77.80,dwell,-17.88,151.40,279.01,0,-179.270,1.801,-177.487,-11.23,20.34,149.05,-10.10,-11.13,171.77,52.209,53.408,-15.7228,-6.8263,-17.88,151.40,-14.6806,-6.1030,2.19,120.88,0.27980,0
42.6248,15,2,0,2,251.25,77.80,dwell,41.51,107.25,211.79,0,-179.326,1.736,-177.492,-10.80,19.70,147.89,-9.65,-11.65,170.78,52.634,53.886,-13.9742,-4.3468,41.51,107.25,-14.3758,-5.3449,17.33,119.04,0.27493,0
42.7356,15,2,0,2,251.25,77.80,dwell,26.23,115.93,228.23,0,-179.258,1.837,-177.461,-10.63,19.65,148.76,-9.55,-11.54,171.88,52.206,53.399,-14.2750,-4.8924,26.23,115.93,-14.3324,-5.1489,20.11,117.63,0.27217,0
42.8267,15,2,0,2,251.25,77.80,dwell,43.99,124.34,212.42,0,-179.312,1.876,-177.464,-10.77,19.51,147.91,-9.61,-11.71,170.99,52.700,53.692,-14.5198,-4.1545,43.99,124.34,-14.4137,-4.7121,31.36,121.34,0.27370,0
42.9250,15,2,0,2,251.25,77.80,dwell,187.44,19.64,86.34,0,-179.415,1.589,-177.412,-10.82,19.77,147.10,-9.49,-11.80,169.68,53.345,54.246,-10.9178,1.8482,187.44,19.64,-12.8506,-1.6596,104.94,74.50,0.28764,0
43.0242,15,2,0,2,251.25,77.80,dwell,251.48,9.24,68.56,1,-179.377,1.428,-177.373,-10.55,19.68,146.59,-9.32,-11.87,169.21,53.742,54.397,-10.4632,4.6965,251.48,9.24,-11.7840,1.3562,172.75,45.71,0.28916,0
43.1250,15,2,0,2,251.25,77.80,dwell,253.28,63.46,14.49,1,-179.533,1.245,-177.349,-11.01,19.87,146.88,-9.58,-11.76,169.37,53.727,54.144,-12.4146,4.7840,253.28,63.46,-12.0608,2.9813,212.18,52.35,0.29305,0
43.2351,15,2,0,2,251.25,77.80,dwell,248.24,5.14,72.73,1,-179.601,1.180,-177.308,-10.80,19.71,146.88,-9.37,-11.85,169.46,53.267,53.937,-10.3023,4.5112,248.24,5.14,-11.2764,3.6955,227.74,32.18,0.28802,0
43.3269,15,2,0,2,251.25,77.80,dwell,254.68,4.21,73.67,1,-179.690,1.099,-177.304,-10.84,19.73,146.71,-9.40,-11.87,169.23,53.459,53.992,-10.2604,4.7735,254.68,4.21,-10.8259,4.1878,240.12,19.80,0.29274,0
43.4250,15,2,0,2,251.25,77.80,dwell,256.37,26.72,51.34,1,-179.578,1.025,-177.285,-10.62,19.84,147.11,-9.35,-11.80,169.60,53.501,54.073,-11.0857,4.9798,256.37,26.72,-10.9393,4.5438,246.40,22.34,0.29746,0
43.5241,15,2,0,2,251.25,77.80,dwell,232.85,47.76,35.23,1,-179.779,1.128,-177.247,-11.09,19.51,146.99,-9.47,-11.93,169.73,53.480,54.205,-11.7501,3.8922,232.85,47.76,-11.2898,4.2562,242.11,34.84,0.29335,0
43.6258,15,2,0,2,251.25,77.80,capture,243.60,34.36,44.11,1,-179.720,1.236,-177.267,-10.62,19.34,147.00,-9.29,-12.07,169.81,53.351,54.087,-11.2186,4.4657,243.60,34.36,-11.2593,4.3471,240.77,35.46,0.29490,0
43.7343,15,2,0,2,251.25,77.80,capture,254.76,18.41,59.49,1,-179.671,1.200,-177.262,-10.45,19.56,147.14,-9.10,-11.97,169.77,53.817,54.392,-10.7150,4.9623,254.76,18.41,-11.0231,4.6167,246.16,26.92,0.29407,0
43.8258,15,2,0,2,251.25,77.80,capture,243.69,28.24,50.13,1,-179.521,1.346,-177.215,-10.10,19.26,147.27,-8.82,-12.07,170.18,54.114,54.530,-10.9808,4.6336,243.69,28.24,-11.0050,4.6239,243.42,28.92,0.29133,0
43.9280,15,2,0,2,251.25,77.80,capture,231.31,20.00,61.14,1,-179.519,1.396,-177.234,-10.23,19.36,147.55,-8.92,-12.03,170.37,53.826,54.411,-10.7430,4.0356,231.31,20.00,-10.8905,4.3683,238.78,24.29,0.29266,0
44.0273,15,2,0,2,251.25,77.80,capture,250.36,23.72,54.09,1,-179.564,1.507,-177.267,-10.32,18.91,147.72,-8.99,-12.39,170.67,53.791,54.421,-10.7290,4.8224,250.36,23.72,-10.8210,4.5635,244.16,26.19,0.28830,0
44.1282,15,2,0,2,251.25,77.80,capture,267.08,33.55,47.00,1,-179.554,1.587,-177.284,-10.30,19.00,148.13,-9.01,-12.29,171.10,53.615,54.179,-11.1067,5.5673,267.08,33.55,-10.9446,5.0038,254.07,28.57,0.28806,0
44.2378,15,2,0,2,251.25,77.80,capture,244.26,-6.06,84.15,0,-179.289,1.575,-177.203,-10.10,19.15,147.74,-8.95,-12.22,170.60,53.928,54.502,-9.7498,4.5637,244.26,-6.06,-10.4261,4.8146,249.06,12.92,0.28997,0
44.3292,15,2,0,2,251.25,77.80,capture,242.42,11.89,66.50,1,-179.256,1.664,-177.197,-10.01,19.07,147.34,-8.78,-12.18,170.35,53.688,54.095,-10.3723,4.5497,242.42,11.89,-10.4026,4.6998,245.87,12.81,0.29159,0
44.4291,15,2,0,2,251.25,77.80,capture,233.07,-12.37,91.99,0,-179.250,1.545,-177.181,-9.92,19.35,147.46,-8.65,-12.12,170.18,53.736,54.334,-9.5819,4.1300,233.07,-12.37,-10.0468,4.4546,239.89,0.62,0.29261,0
44.5266,15,2,0,2,251.25,77.80,capture,223.54,2.88,79.88,1,-179.333,1.306,-177.160,-10.16,19.52,147.46,-8.76,-12.12,169.93,53.770,54.557,-10.1694,3.6894,223.54,2.88,-10.1002,4.1198,233.58,1.09,0.30042,0
44.6245,15,2,0,2,251.25,77.80,capture,243.21,3.97,74.26,1,-179.358,1.316,-177.154,-10.14,19.21,147.38,-8.80,-12.24,170.12,53.771,54.473,-10.0925,4.5427,243.21,3.97,-10.0969,4.3009,237.58,3.99,0.29113,0
44.7366,15,2,0,2,251.25,77.80,capture,254.98,13.00,64.91,1,-179.542,1.427,-177.184,-10.22,19.06,147.27,-8.74,-12.26,170.18,53.576,54.366,-10.3723,5.0463,254.98,13.00,-10.2157,4.6245,245.36,8.40,0.29312,0
44.8268,15,2,0,2,251.25,77.80,capture,211.96,26.14,64.91,1,-179.676,1.330,-177.196,-10.51,19.20,146.36,-9.00,-12.32,168.99,54.377,55.212,-10.8968,3.1176,211.96,26.14,-10.5095,3.9713,232.25,15.53,0.29560,0
44.9256,15,2,0,2,251.25,77.80,capture,235.99,-15.13,94.17,0,-179.700,1.272,-177.217,-10.65,19.31,146.59,-9.24,-12.21,169.23,53.737,54.586,-9.4421,4.0146,235.99,-15.13,-10.0453,3.9902,234.52,1.57,0.29341,0
45.0252,15,2,0,2,251.25,77.80,capture,249.47,9.29,68.53,1,-179.581,1.190,-177.227,-10.66,19.53,146.60,-9.40,-12.04,169.17,53.976,54.701,-10.3793,4.6336,249.47,9.29,-10.1887,4.2669,241.22,3.81,0.30491,0
45.1241,15,2,0,2,251.25,77.80,capture,261.58,8.04,70.52,1,-179.602,1.214,-177.262,-10.47,19.32,145.98,-9.14,-12.16,168.68,53.845,54.600,-10.2464,5.1861,261.58,8.04,-10.2135,4.6662,249.42,6.85,0.29831,0
45.2333,15,2,0,2,251.25,77.80,capture,242.14,-6.87,85.16,0,-179.650,1.195,-177.282,-10.51,19.43,146.47,-9.13,-12.09,169.11,54.087,54.715,-9.7708,4.3189,242.14,-6.87,-10.0225,4.5166,246.37,0.19,0.29173,0
45.3269,15,2,0,2,251.25,77.80,capture,257.96,8.92,69.20,1,-179.623,1.268,-177.279,-10.33,19.15,146.63,-9.00,-12.27,169.41,53.989,54.532,-10.2394,5.0882,257.96,8.92,-10.1159,4.7647,250.56,5.31,0.29428,0
45.4296,15,2,0,2,251.25,77.80,capture,262.80,46.15,33.69,1,-179.512,1.323,-177.259,-10.17,19.21,146.30,-8.92,-12.21,169.09,54.348,55.030,-11.5613,5.4309,262.80,46.15,-10.7515,5.0568,255.38,22.85,0.28877,0
45.5269,15,2,0,2,251.25,77.80,capture,234.74,-16.14,95.38,0,-179.449,1.207,-177.250,-10.29,19.38,146.40,-9.02,-12.22,168.94,54.218,54.720,-9.4141,4.0426,234.74,-16.14,-10.1764,4.6214,247.05,5.19,0.29409,0
45.6280,16,1,0,1,150.75,77.80,dwell,252.71,24.29,115.15,0,-179.195,1.190,-177.191,-10.22,19.24,146.76,-9.11,-12.29,169.40,54.295,54.816,-10.7989,4.9309,252.71,24.29,-10.4460,4.7551,249.18,14.26,0.29061,0
45.7369,16,1,0,1,150.75,77.80,dwell,250.39,11.93,119.45,0,-179.248,1.174,-177.204,-10.44,19.52,146.97,-9.17,-12.01,169.60,53.843,54.362,-10.4632,4.7350,250.39,11.93,-10.4534,4.7465,250.67,11.66,0.29518,0
45.8277,16,1,0,1,150.75,77.80,dwell,252.98,-0.25,128.62,0,-179.326,1.159,-177.208,-10.40,19.73,147.26,-9.07,-11.80,169.88,54.016,54.399,-10.0995,4.8469,252.98,-0.25,-10.3009,4.7897,251.32,5.34,0.30318,0
45.9267,16,1,0,1,150.75,77.80,dwell,148.00,-3.94,81.79,0,-179.380,1.128,-177.187,-10.36,19.81,146.99,-8.98,-11.74,169.58,53.819,54.780,-10.0016,0.2605,148.00,-3.94,-10.1714,2.7458,203.85,0.60,0.29324,0
46.0262,16,1,0,1,150.75,77.80,dwell,131.95,-22.26,101.81,0,-179.408,1.111,-177.189,-10.37,19.69,147.71,-9.03,-11.86,170.30,53.695,54.578,-9.2882,-0.4913,131.95,-22.26,-9.7867,1.2652,170.66,-9.02,0.30264,0
46.1269,16,1,0,1,150.75,77.80,dwell,116.98,-10.90,94.91,0,-179.079,1.275,-177.125,-9.46,19.36,147.93,-8.42,-12.00,170.80,53.789,54.570,-9.5959,-0.8332,116.98,-10.90,-9.7043,0.3121,142.52,-8.19,0.29865,0
46.2350,16,1,0,1,150.75,77.80,dwell,129.63,-10.27,90.57,0,-178.985,1.404,-177.138,-9.58,19.23,148.07,-8.49,-12.11,170.98,53.829,54.509,-9.5959,-0.3209,129.63,-10.27,-9.6570,0.0258,137.32,-8.68,0.29471,0
46.3272,16,1,0,1,150.75,77.80,dwell,111.78,-51.76,135.30,0,-179.068,1.302,-177.162,-10.18,19.62,147.28,-8.94,-11.92,169.89,53.496,54.349,-8.1761,-1.4303,111.78,-51.76,-9.0112,-0.6235,128.68,-29.53,0.29754,0
46.4263,16,1,0,1,150.75,77.80,dwell,119.51,-8.45,91.73,0,-179.144,1.133,-177.102,-10.30,19.77,147.03,-8.91,-11.89,169.47,53.914,54.926,-9.8127,-0.9984,119.51,-8.45,-9.3578,-0.7900,124.90,-20.87,0.30174,0
46.5240,16,1,0,1,150.75,77.80,dwell,127.38,-21.20,101.72,0,-179.171,1.006,-177.106,-9.96,19.76,147.19,-8.67,-11.92,169.61,53.676,54.652,-9.3232,-0.5613,127.38,-21.20,-9.3429,-0.6903,124.46,-20.63,0.30301,0
46.6241,16,1,0,1,150.75,77.80,capture,123.70,-8.67,90.60,0,-179.174,1.077,-177.172,-10.07,19.59,147.18,-8.90,-11.91,169.85,53.847,54.735,-9.7358,-0.7536,123.70,-8.67,-9.5121,-0.7178,124.85,-14.77,0.29744,0
46.7333,16,1,0,1,150.75,77.80,capture,124.15,-27.57,108.68,0,-179.319,1.073,-177.165,-10.25,19.42,147.49,-8.83,-12.13,170.08,53.615,54.611,-8.9874,-0.8227,124.15,-27.57,-9.2870,-0.7630,125.04,-19.47,0.29412,0
46.8274,16,1,0,1,150.75,77.80,capture,146.91,11.55,66.36,1,-179.354,1.251,-177.210,-10.07,19.09,147.33,-8.81,-12.26,170.22,53.792,54.523,-10.3303,0.3340,146.91,11.55,-9.7432,-0.2841,133.96,-4.46,0.29385,0
46.9253,16,1,0,1,150.75,77.80,capture,124.90,-5.41,87.13,0,-179.512,1.230,-177.271,-10.65,19.24,147.22,-9.28,-12.26,169.87,53.709,54.532,-9.7638,-0.8900,124.90,-5.41,-9.7521,-0.5452,132.66,-5.83,0.29981,0
47.0240,16,1,0,1,150.75,77.80,capture,133.79,-7.92,87.38,0,-179.240,1.253,-177.173,-10.33,19.38,147.31,-9.17,-12.10,170.02,53.539,54.029,-9.7218,-0.3829,133.79,-7.92,-9.7392,-0.4760,131.67,-7.42,0.29673,0
47.1247,16,1,0,1,150.75,77.80,capture,137.76,8.50,70.50,1,-179.208,1.058,-177.130,-10.69,19.65,146.42,-9.38,-12.06,168.79,53.957,54.831,-10.3863,-0.2911,137.76,8.50,-10.0223,-0.3956,136.00,-1.48,0.30154,0
47.2328,16,1,0,1,150.75,77.80,capture,134.64,-12.54,91.77,0,-179.267,0.951,-177.193,-10.50,19.76,147.01,-9.25,-11.93,169.42,54.003,54.660,-9.6449,-0.4196,134.64,-12.54,-9.8607,-0.4059,134.61,-6.65,0.29988,0
47.3264,16,1,0,1,150.75,77.80,capture,147.86,-24.00,101.84,0,-179.251,0.949,-177.207,-10.31,19.56,146.77,-9.08,-12.05,169.29,54.456,55.183,-9.1553,0.1915,147.86,-24.00,-9.5553,-0.1472,139.66,-13.03,0.30378,0
47.4242,16,1,0,1,150.75,77.80,capture,132.90,-4.47,84.18,0,-179.494,0.984,-177.219,-10.56,19.46,146.93,-9.05,-12.10,169.52,53.647,54.548,-9.8407,-0.4887,132.90,-4.47,-9.6787,-0.2948,137.50,-8.94,0.30152,0
47.5243,16,1,0,1,150.75,77.80,capture,159.06,-4.21,82.43,0,-179.300,1.273,-177.220,-10.05,19.07,147.34,-8.95,-12.19,170.35,53.892,54.367,-9.7568,0.8323,159.06,-4.21,-9.7122,0.1946,144.80,-5.31,0.30435,0
47.6222,16,1,0,1,150.75,77.80,capture,137.84,-5.39,84.19,0,-179.333,1.237,-177.205,-10.52,19.34,146.47,-9.19,-12.18,169.12,53.655,54.753,-9.7918,-0.2789,137.84,-5.39,-9.7464,-0.0096,143.96,-6.69,0.29200,0
47.7335,16,1,0,1,150.75,77.80,capture,110.27,21.44,69.39,1,-179.641,1.103,-177.251,-11.03,19.69,147.01,-9.47,-11.95,169.48,54.178,54.971,-10.8758,-1.5798,110.27,21.44,-10.2368,-0.6930,131.26,3.62,0.30748,0
47.8260,16,1,0,1,150.75,77.80,capture,133.02,12.58,67.59,1,-179.509,1.106,-177.235,-10.37,19.42,147.15,-9.12,-12.12,169.76,53.853,54.982,-10.4632,-0.3759,133.02,12.58,-10.3351,-0.5559,129.18,9.09,0.29131,0
47.9272,16,1,0,1,150.75,77.80,capture,124.06,-14.83,96.40,0,-179.629,1.097,-177.222,-10.74,19.61,147.60,-9.25,-11.93,170.20,53.238,54.077,-9.5330,-0.9398,124.06,-14.83,-9.9850,-0.7244,128.20,-2.56,0.30273,0
48.0294,16,1,0,1,150.75,77.80,capture,139.33,11.95,66.84,1,-179.533,0.953,-177.190,-10.30,19.97,147.23,-8.96,-11.75,169.60,53.778,54.486,-10.6101,-0.0437,139.33,11.95,-10.2548,-0.4314,131.20,2.25,0.30713,0
48.1266,16,1,0,1,150.75,77.80,capture,119.85,18.36,66.99,1,-179.703,0.998,-177.210,-10.71,19.71,147.39,-9.18,-11.82,169.99,53.674,54.705,-10.7639,-1.0229,119.85,18.36,-10.4742,-0.6852,127.92,10.29,0.30077,0
48.2354,16,1,0,1,150.75,77.80,capture,133.83,-13.82,93.17,0,-179.568,0.908,-177.147,-10.21,19.85,147.50,-8.83,-11.84,169.91,53.969,55.045,-9.6239,-0.3034,133.83,-13.82,-10.1061,-0.5204,128.20,-0.60,0.30298,0
48.3286,16,1,0,1,150.75,77.80,capture,156.01,-24.15,102.08,0,-179.580,1.172,-177.135,-10.45,19.07,147.55,-9.02,-12.24,170.49,53.751,54.525,-9.0224,0.5709,156.01,-24.15,-9.6330,-0.0447,141.26,-7.38,0.29407,0
48.4269,16,1,0,1,150.75,77.80,capture,133.79,-21.78,101.02,0,-179.529,1.096,-177.180,-10.38,19.47,147.23,-9.09,-12.13,169.75,54.115,54.725,-9.2252,-0.4092,133.79,-21.78,-9.4557,-0.2017,138.10,-15.57,0.29944,0
48.5259,16,1,0,1,150.75,77.80,capture,148.74,-7.13,84.96,0,-179.606,1.205,-177.197,-10.38,19.18,147.21,-8.96,-12.24,170.00,53.879,54.732,-9.6799,0.2903,148.74,-7.13,-9.5525,0.0111,142.67,-10.55,0.29430,0
48.6240,17,16,4,0,50.25,700.20,dwell,132.39,-33.09,737.88,0,-179.326,1.143,-177.157,-10.16,19.63,147.28,-9.02,-11.96,169.85,54.120,55.026,-8.8615,-0.4345,132.39,-33.09,-9.2533,-0.1797,137.52,-22.55,0.30351,0
48.7345,17,16,4,0,50.25,700.20,dwell,176.38,-26.39,737.46,0,-179.077,1.310,-177.111,-9.82,18.80,147.73,-8.73,-12.54,170.63,53.555,54.439,-8.8615,1.6419,176.38,-26.39,-9.0824,0.6217,153.09,-20.23,0.29334,0
48.8266,17,16,4,0,50.25,700.20,dwell,157.27,-10.35,718.56,0,-178.880,1.456,-177.093,-9.74,18.78,147.46,-8.71,-12.53,170.41,53.662,54.423,-9.4490,0.8410,157.27,-10.35,-9.2401,0.7172,154.81,-16.04,0.29548,0
48.9249,17,16,4,0,50.25,700.20,dwell,154.72,-20.66,728.39,0,-178.944,1.385,-177.111,-9.93,19.02,147.54,-8.71,-12.48,170.22,54.357,55.104,-9.1483,0.6435,154.72,-20.66,-9.2005,0.6852,155.58,-19.25,0.30553,0
49.0252,17,16,4,0,50.25,700.20,dwell,0.07,374.85,329.19,0,-179.369,1.816,-177.289,-11.19,20.06,150.72,-9.83,-10.85,174.18,51.205,52.181,-22.8008,-4.8854,0.07,374.85,-15.8173,-1.8322,94.12,156.05,0.23792,0
49.1241,17,16,4,0,50.25,700.20,dwell,48.04,424.15,276.06,0,-179.650,2.069,-177.408,-11.40,20.57,151.35,-10.05,-10.38,174.76,50.777,51.700,-24.4095,-2.7854,48.04,424.15,-20.1184,-2.2598,73.15,282.75,0.22568,0
49.2355,17,16,4,0,50.25,700.20,dwell,49.98,425.67,274.53,0,-179.791,2.151,-177.475,-11.31,20.69,151.02,-9.99,-10.36,174.29,51.373,52.382,-24.4934,-2.7015,49.98,425.67,-22.2817,-2.4565,62.01,351.32,0.22988,0
49.3274,17,16,4,0,50.25,700.20,dwell,34.67,392.11,308.49,0,-179.905,2.337,-177.571,-11.15,20.60,151.59,-9.89,-10.31,175.07,51.309,52.158,-23.5142,-3.4463,34.67,392.11,-22.8692,-2.8964,49.48,370.86,0.23514,0
49.4255,17,16,4,0,50.25,700.20,dwell,38.89,414.12,286.30,0,-179.868,2.672,-177.609,-10.75,20.27,152.20,-9.59,-10.37,176.02,51.114,51.953,-24.0877,-3.0739,38.89,414.12,-23.4346,-2.9743,43.07,391.98,0.22185,0
49.5248,17,16,4,0,50.25,700.20,dwell,30.21,371.58,329.23,0,-179.707,2.983,-177.482,-10.56,19.64,151.21,-9.32,-10.90,175.17,51.384,52.698,-22.6609,-3.4918,30.21,371.58,-23.0882,-3.2009,35.84,386.06,0.23242,0
49.6245,17,16,4,0,50.25,700.20,dwell,38.27,400.32,300.12,0,-179.666,3.186,-177.457,-10.71,19.80,152.05,-9.49,-10.73,176.00,51.344,52.341,-23.5981,-3.0652,38.27,400.32,-23.3129,-3.1423,37.27,390.62,0.23503,0
49.7348,17,16,4,0,50.25,700.20,capture,24.10,452.39,249.19,0,-179.711,2.925,-177.505,-11.22,20.82,151.54,-10.00,-10.20,174.87,50.863,51.903,-25.4166,-3.6719,24.10,452.39,-24.2549,-3.3726,34.56,412.22,0.22366,0
49.8266,17,16,4,0,50.25,700.20,capture,20.76,419.81,281.94,0,-179.777,2.980,-177.558,-11.24,20.53,151.59,-10.02,-10.21,175.28,50.990,51.952,-24.3955,-3.9587,20.76,419.81,-24.3171,-3.6284,28.85,417.33,0.22034,0
49.9264,17,16,4,0,50.25,700.20,capture,-9.52,455.40,251.99,0,-179.861,2.697,-177.614,-11.24,21.07,151.31,-9.99,-10.06,174.49,51.774,52.594,-25.5705,-5.1232,-9.52,455.40,-24.8750,-4.2901,12.57,431.40,0.22316,0
50.0253,17,16,4,0,50.25,700.20,capture,45.04,389.38,310.86,0,-179.767,2.842,-177.585,-10.79,20.37,151.13,-9.62,-10.36,174.84,51.206,51.797,-23.4023,-2.9235,45.04,389.38,-24.2424,-3.7045,24.14,417.43,0.22954,0
50.1249,17,16,4,0,50.25,700.20,capture,40.20,393.48,306.88,0,-179.844,3.110,-177.554,-10.78,20.16,152.18,-9.44,-10.35,176.17,51.424,52.329,-23.5002,-3.0652,40.20,393.48,-23.9214,-3.4279,30.41,407.53,0.22316,0
50.2348,17,16,4,0,50.25,700.20,capture,42.91,366.86,333.43,0,-179.637,3.313,-177.434,-10.31,20.11,152.53,-9.12,-10.37,176.56,51.518,52.439,-22.7169,-2.8361,42.91,366.86,-23.3952,-3.1710,32.99,389.28,0.22930,0
50.3280,17,16,4,0,50.25,700.20,capture,60.75,360.68,339.68,0,-179.605,3.346,-177.406,-10.34,20.45,152.98,-9.10,-10.16,176.85,50.576,51.455,-22.6330,-2.0825,60.75,360.68,-23.0603,-2.6930,45.19,374.38,0.22010,0
50.4298,17,16,4,0,50.25,700.20,capture,51.84,397.60,302.60,0,-179.521,3.370,-177.419,-10.53,20.80,153.35,-9.41,-9.82,177.21,51.016,51.883,-23.8639,-2.3902,51.84,397.60,-23.4083,-2.5603,49.16,382.10,0.21917,0
50.5295,17,16,4,0,50.25,700.20,capture,37.36,438.83,261.69,0,-179.448,3.304,-177.429,-10.65,20.92,153.37,-9.55,-9.79,177.11,50.741,51.439,-25.1089,-2.9043,37.36,438.83,-24.1485,-2.7083,44.76,405.86,0.23295,0
50.6279,17,16,4,0,50.25,700.20,capture,13.47,399.61,302.84,0,-179.572,3.524,-177.367,-10.55,20.15,153.05,-9.16,-10.22,177.21,51.486,52.437,-23.7660,-3.9831,13.47,399.61,-23.9833,-3.2612,30.00,407.52,0.22282,0
50.7389,17,16,4,0,50.25,700.20,capture,32.44,415.38,285.38,0,-179.686,3.587,-177.361,-10.47,20.40,152.87,-9.09,-10.08,176.90,51.415,52.545,-24.2976,-3.0914,32.44,415.38,-24.1198,-3.1876,30.68,409.22,0.22760,0
50.8304,17,16,4,0,50.25,700.20,capture,40.02,424.83,275.56,0,-179.690,3.532,-177.348,-10.25,20.39,152.63,-8.93,-10.21,176.50,50.350,51.488,-24.5493,-2.6613,40.02,424.83,-24.3069,-2.9598,33.65,416.22,0.21778,0
50.9287,17,16,4,0,50.25,700.20,capture,42.26,423.11,277.21,0,-179.612,3.439,-177.358,-10.11,20.33,152.72,-8.92,-10.34,176.50,50.822,51.912,-24.4654,-2.5406,42.26,423.11,-24.3747,-2.7806,36.84,419.77,0.22594,0
51.0297,17,16,4,0,50.25,700.20,capture,26.33,464.66,236.75,0,-179.866,3.140,-177.358,-10.94,20.45,151.58,-9.38,-10.49,174.99,51.397,52.106,-25.6684,-3.3414,26.33,464.66,-24.9465,-3.0245,36.01,439.44,0.22119,0
51.1293,17,16,4,0,50.25,700.20,capture,4.10,463.34,241.32,0,-179.891,3.028,-177.415,-11.22,20.40,152.30,-9.91,-10.45,175.84,50.708,51.673,-25.6264,-4.3818,4.10,463.34,-25.2434,-3.6156,23.64,450.29,0.22675,0
51.2390,17,16,4,0,50.25,700.20,capture,-12.92,490.27,219.23,0,179.826,2.969,-177.534,-11.66,20.36,152.08,-10.18,-10.47,175.65,50.639,51.788,-26.3538,-5.1931,-12.92,490.27,-25.7317,-4.3117,10.32,468.25,0.21686,0
51.3289,17,16,4,0,50.25,700.20,capture,33.18,437.46,263.29,0,179.784,2.803,-177.568,-11.35,20.54,151.41,-9.95,-10.45,174.77,50.890,51.836,-24.8711,-3.3904,33.18,437.46,-25.3572,-3.9102,19.39,454.20,0.21527,0
51.4304,17,16,4,0,50.25,700.20,capture,50.38,402.84,297.36,0,179.935,2.838,-177.544,-10.88,20.24,151.39,-9.62,-10.58,174.98,51.198,51.744,-23.7520,-2.6315,50.38,402.84,-24.6563,-3.3544,30.72,433.40,0.23456,0
51.5279,17,16,4,0,50.25,700.20,capture,56.81,440.36,259.92,0,179.923,2.889,-177.539,-10.93,20.19,152.14,-9.56,-10.58,175.78,51.077,51.761,-24.8291,-2.2311,56.81,440.36,-24.7302,-2.8683,41.99,436.35,0.22584,0
51.6289,17,16,4,0,50.25,700.20,capture,18.69,419.14,282.83,0,179.949,2.908,-177.498,-10.79,20.20,151.49,-9.40,-10.59,175.11,51.548,52.179,-24.2556,-3.8468,18.69,419.14,-24.5226,-3.2925,31.13,428.74,0.22676,0
51.7391,18,13,3,1,150.75,544.60,dwell,34.73,425.31,166.40,0,179.860,2.883,-177.507,-11.08,20.33,151.93,-9.62,-10.51,175.49,51.348,51.734,-24.4654,-3.2383,34.73,425.31,-24.4977,-3.2690,33.91,426.40,0.22211,0
51.8292,18,13,3,1,150.75,544.60,dwell,19.38,399.08,196.05,0,179.859,3.009,-177.513,-10.87,19.71,151.15,-9.49,-10.95,174.94,51.248,52.196,-23.5142,-3.9307,19.38,399.08,-24.0710,-3.5537,26.75,418.32,0.23277,0
51.9268,18,13,3,1,150.75,544.60,dwell,28.30,405.37,185.42,0,179.847,3.239,-177.461,-10.96,19.49,151.39,-9.48,-10.99,175.40,51.127,52.032,-23.6541,-3.5303,28.30,405.37,-23.8895,-3.5436,27.29,413.40,0.22480,0
52.0260,18,13,3,1,150.75,544.60,dwell,41.65,389.31,189.79,0,179.921,3.325,-177.443,-10.87,19.45,151.48,-9.51,-11.12,175.39,51.235,52.015,-23.1645,-2.9917,41.65,389.31,-23.5725,-3.3053,33.04,402.88,0.22557,0
52.1242,18,13,3,1,150.75,544.60,dwell,123.84,381.98,164.84,0,179.922,3.233,-177.458,-10.85,19.95,151.68,-9.47,-10.80,175.35,51.354,52.390,-22.9966,0.5018,123.84,381.98,-23.3223,-1.6069,73.98,390.51,0.23159,0
52.2353,18,13,3,1,150.75,544.60,dwell,150.76,331.67,212.93,0,-179.903,3.331,-177.337,-10.57,19.70,150.93,-9.19,-10.86,174.85,51.923,52.768,-21.3600,1.6209,150.76,331.67,-22.4544,-0.1384,107.25,365.60,0.23719,0
52.3276,18,13,3,1,150.75,544.60,dwell,136.86,343.86,201.22,0,-179.730,3.359,-177.261,-10.22,19.86,151.45,-8.91,-10.74,175.31,51.509,52.430,-21.8076,1.2222,136.86,343.86,-22.1676,0.4801,118.78,354.76,0.23489,0
52.4257,18,13,3,1,150.75,544.60,dwell,139.88,335.61,209.27,0,-179.608,3.426,-177.259,-10.35,19.67,151.40,-9.13,-10.88,175.34,51.643,52.629,-21.4999,1.2651,139.88,335.61,-21.8729,0.8324,128.89,347.33,0.23435,0
52.5241,18,13,3,1,150.75,544.60,dwell,98.28,332.81,218.19,0,-179.714,3.250,-177.381,-10.86,20.47,151.83,-9.61,-10.35,175.42,51.195,52.133,-21.7377,-0.7492,98.28,332.81,-21.8143,0.1532,118.82,336.33,0.22568,0
52.6248,18,13,3,1,150.75,544.60,dwell,93.63,357.08,196.03,0,-179.917,3.202,-177.404,-11.07,20.52,152.22,-9.58,-10.21,175.93,50.923,51.604,-22.4931,-0.9171,93.63,357.08,-22.1077,-0.3115,108.69,345.00,0.22078,0
52.7332,18,13,3,1,150.75,544.60,capture,111.69,329.04,219.07,0,-179.896,3.365,-177.401,-10.71,19.95,151.87,-9.37,-10.54,175.88,51.250,52.077,-21.4440,-0.1364,111.69,329.04,-21.8195,-0.2359,108.33,341.26,0.22764,0
52.8270,18,13,3,1,150.75,544.60,capture,115.09,346.40,201.38,0,-179.970,3.294,-177.403,-10.81,20.29,152.31,-9.38,-10.42,176.03,51.069,51.847,-22.0734,0.0594,115.09,346.40,-21.9286,-0.1091,111.61,341.43,0.23347,0
52.9265,18,13,3,1,150.75,544.60,capture,124.88,309.01,237.01,0,-179.873,3.353,-177.355,-10.44,19.73,151.35,-9.10,-10.85,175.24,51.428,52.403,-20.7306,0.4555,124.88,309.01,-21.4018,0.1374,115.64,330.58,0.23569,0
53.0251,18,13,3,1,150.75,544.60,capture,154.58,322.47,222.16,0,-179.584,3.298,-177.303,-9.94,19.76,151.23,-8.82,-10.95,174.97,51.484,52.105,-21.0803,1.9618,154.58,322.47,-21.2625,0.9372,130.54,327.05,0.24197,0
53.1245,18,13,3,1,150.75,544.60,capture,99.66,340.38,210.52,0,-179.656,3.080,-177.380,-10.49,20.32,152.10,-9.24,-10.60,175.56,50.841,51.784,-21.8916,-0.5420,99.66,340.38,-21.5325,0.3020,120.11,329.53,0.22235,0
53.2353,18,13,3,1,150.75,544.60,capture,112.55,335.33,212.72,0,-179.718,3.077,-177.391,-10.67,20.00,151.69,-9.34,-10.75,175.38,51.529,52.434,-21.6118,-0.0787,112.55,335.33,-21.5667,0.1373,117.65,334.10,0.23523,0
53.3279,18,13,3,1,150.75,544.60,capture,124.44,341.97,204.33,0,-179.764,3.026,-177.384,-10.78,19.82,150.99,-9.42,-10.99,174.59,51.755,52.346,-21.7237,0.4135,124.44,341.97,-21.6343,0.2561,121.06,338.83,0.23707,0
53.4266,18,13,3,1,150.75,544.60,capture,89.52,379.83,175.78,0,179.952,2.883,-177.417,-11.21,20.06,151.33,-9.62,-10.86,174.77,51.008,52.096,-22.9827,-1.0841,89.52,379.83,-22.2284,-0.3336,108.96,355.50,0.23235,0
53.5246,18,13,3,1,150.75,544.60,capture,98.39,379.23,173.46,0,179.881,2.649,-177.421,-11.13,20.21,150.86,-9.63,-10.89,174.07,51.721,52.309,-22.9687,-0.6845,98.39,379.23,-22.5497,-0.4852,104.14,365.43,0.23765,0
53.6242,18,13,3,1,150.75,544.60,capture,106.62,314.42,234.37,0,179.925,2.700,-177.433,-10.76,19.77,151.14,-9.40,-11.09,174.68,51.414,52.134,-20.8564,-0.4590,106.62,314.42,-21.8173,-0.4738,103.54,345.87,0.23443,0
53.7322,18,13,3,1,150.75,544.60,capture,85.01,366.88,189.49,0,-179.979,2.712,-177.449,-10.80,20.04,150.82,-9.52,-10.85,174.32,51.200,52.046,-22.5630,-1.2240,85.01,366.88,-22.1369,-0.7984,96.07,353.17,0.23448,0
53.8262,18,13,3,1,150.75,544.60,capture,98.38,360.43,191.47,0,179.981,2.759,-177.426,-10.82,19.77,150.87,-9.37,-11.06,174.43,51.429,52.468,-22.2693,-0.6688,98.38,360.43,-22.1942,-0.7422,96.89,357.85,0.24387,0
53.9269,18,13,3,1,150.75,544.60,capture,118.26,341.46,205.72,0,179.999,2.834,-177.470,-10.79,19.81,151.34,-9.49,-10.97,174.98,51.443,52.010,-21.6957,0.1189,118.26,341.46,-21.9775,-0.3671,106.28,350.23,0.22881,0
54.0249,18,13,3,1,150.75,544.60,capture,120.81,334.83,211.90,0,179.860,2.824,-177.480,-11.01,19.95,151.46,-9.51,-10.90,175.00,51.244,51.985,-21.5419,0.1399,120.81,334.83,-21.7905,-0.1489,113.47,342.69,0.23344,0
54.1237,18,13,3,1,150.75,544.60,capture,137.59,334.14,210.87,0,179.949,2.888,-177.419,-10.77,19.80,150.92,-9.36,-10.96,174.58,51.427,52.524,-21.4440,0.9591,137.59,334.14,-21.6404,0.3354,122.71,339.85,0.23445,0
54.2331,18,13,3,1,150.75,544.60,capture,100.84,367.27,184.22,0,179.600,2.824,-177.500,-11.81,19.98,151.18,-10.13,-10.91,174.66,51.196,52.343,-22.5630,-0.8655,100.84,367.27,-22.0394,-0.1824,118.02,350.61,0.23372,0
54.3267,18,13,3,1,150.75,544.60,capture,88.38,362.83,192.18,0,179.716,2.754,-177.550,-11.45,19.94,151.41,-10.15,-10.99,174.85,51.025,52.174,-22.4231,-1.3306,88.38,362.83,-22.2062,-0.6848,103.93,356.26,0.22595,0
54.4274,18,13,3,1,150.75,544.60,capture,93.73,369.39,184.25,0,179.552,2.625,-177.621,-11.51,20.02,150.94,-10.00,-11.00,174.24,50.962,52.065,-22.6190,-1.1348,93.73,369.39,-22.3882,-0.8841,100.15,361.95,0.23544,0
54.5250,18,13,3,1,150.75,544.60,capture,126.92,310.42,235.39,0,179.564,2.784,-177.548,-11.08,19.49,151.42,-9.53,-11.23,175.12,51.359,52.238,-20.6326,0.2701,126.92,310.42,-21.6347,-0.3934,108.88,342.58,0.23767,0
54.6248,18,13,3,1,150.75,544.60,capture,102.48,346.32,204.07,0,179.477,2.636,-177.573,-11.48,20.12,150.94,-9.93,-10.92,174.23,51.110,52.198,-21.9475,-0.7947,102.48,346.32,-21.7693,-0.5654,108.26,340.67,0.23366,0
54.7357,19,12,3,0,50.25,544.60,dwell,106.83,339.19,213.06,0,179.451,2.553,-177.559,-11.44,20.23,150.54,-9.87,-10.78,173.85,51.690,52.388,-21.7517,-0.6137,106.83,339.19,-21.7617,-0.5863,107.44,339.54,0.24260,0
54.8286,19,12,3,0,50.25,544.60,dwell,117.24,297.33,256.19,0,179.618,2.665,-177.479,-10.80,19.88,151.41,-9.34,-10.94,174.99,51.662,52.589,-20.3529,-0.0691,117.24,297.33,-21.1417,-0.3615,108.25,322.69,0.24676,0
54.9289,19,12,3,0,50.25,544.60,dwell,133.41,320.04,239.46,0,179.796,2.854,-177.423,-10.64,19.93,151.74,-9.26,-10.76,175.51,51.338,52.197,-21.0663,0.7965,133.41,320.04,-21.1085,0.1507,118.47,320.70,0.23814,0
55.0256,19,12,3,0,50.25,544.60,dwell,-21.16,309.11,246.08,0,179.644,2.796,-177.449,-11.24,19.96,151.76,-9.63,-10.94,175.23,50.636,51.782,-20.8704,-6.0429,-21.16,309.11,-21.0071,-2.6136,59.49,314.89,0.23624,0
55.1246,19,12,3,0,50.25,544.60,dwell,-23.50,332.25,224.79,0,179.730,2.645,-177.489,-10.93,20.29,151.18,-9.57,-10.76,174.47,50.845,52.219,-21.6678,-5.9730,-23.50,332.25,-21.2924,-4.1643,20.90,320.66,0.24172,0
55.2346,19,12,3,0,50.25,544.60,dwell,-30.72,346.21,214.28,0,179.782,2.653,-177.457,-10.78,19.94,151.55,-9.33,-10.96,175.02,50.868,52.028,-21.9895,-6.1443,-30.72,346.21,-21.5928,-5.0654,-3.44,333.58,0.23467,0
55.3271,19,12,3,0,50.25,544.60,dwell,-31.16,329.26,230.22,0,179.765,2.607,-177.516,-11.01,20.30,151.97,-9.63,-10.67,175.36,51.226,52.541,-21.5838,-6.3332,-31.16,329.26,-21.5889,-5.6411,-14.51,329.54,0.23968,0
55.4273,19,12,3,0,50.25,544.60,dwell,-19.59,347.95,208.69,0,179.633,2.593,-177.529,-11.12,20.26,151.00,-9.56,-10.69,174.40,51.241,52.323,-22.1294,-5.8261,-19.59,347.95,-21.8261,-5.7244,-16.15,338.08,0.23824,0
55.5254,19,12,3,0,50.25,544.60,dwell,34.23,297.93,247.19,0,179.897,2.733,-177.469,-10.65,19.86,151.71,-9.39,-10.91,175.36,51.713,52.616,-20.4508,-3.6020,34.23,297.93,-21.2365,-4.8219,2.78,322.69,0.23959,0
55.6256,19,12,3,0,50.25,544.60,dwell,37.51,303.26,241.68,0,-179.908,2.921,-177.473,-10.62,19.77,151.43,-9.46,-10.89,175.23,50.963,52.030,-20.6047,-3.4551,37.51,303.26,-20.9611,-4.2244,18.21,314.36,0.23321,0
55.7368,19,12,3,0,50.25,544.60,capture,-11.21,320.65,232.23,0,179.999,2.873,-177.532,-11.09,20.19,151.46,-9.75,-10.68,174.98,50.537,51.448,-21.3041,-5.6058,-11.21,320.65,-21.1087,-4.8197,8.19,314.57,0.23107,0
55.8281,19,12,3,0,50.25,544.60,capture,-16.30,337.75,217.29,0,179.864,2.837,-177.553,-11.23,20.17,151.40,-9.77,-10.69,174.92,50.682,51.893,-21.8216,-5.7911,-16.30,337.75,-21.4174,-5.2440,-1.87,324.78,0.23316,0
55.9292,19,12,3,0,50.25,544.60,capture,-0.36,365.98,185.65,0,179.935,2.818,-177.515,-10.94,19.95,150.65,-9.59,-10.92,174.17,51.293,52.506,-22.5910,-4.9204,-0.36,365.98,-21.9380,-5.1020,-2.65,344.45,0.24253,0
56.0262,19,12,3,0,50.25,544.60,capture,-27.25,356.61,203.34,0,179.895,2.706,-177.569,-11.33,20.28,151.64,-10.00,-10.71,175.01,51.241,52.751,-22.4231,-6.2073,-27.25,356.61,-22.1453,-5.5744,-11.10,347.64,0.23327,0
56.1251,19,12,3,0,50.25,544.60,capture,-41.99,374.12,193.84,0,179.709,2.666,-177.611,-11.48,20.11,151.35,-9.98,-10.83,174.77,51.053,52.062,-22.8847,-6.8088,-41.99,374.12,-22.4711,-6.1211,-23.97,360.51,0.22843,0
56.2348,19,12,3,0,50.25,544.60,capture,-3.82,361.53,190.89,0,179.813,2.621,-177.571,-10.99,20.06,150.47,-9.64,-10.91,173.86,51.973,52.788,-22.4651,-5.1232,-3.82,361.53,-22.4685,-5.6893,-17.44,361.48,0.24115,0
56.3279,19,12,3,0,50.25,544.60,capture,24.93,319.58,226.44,0,179.808,2.811,-177.581,-10.83,19.80,151.14,-9.47,-10.89,174.89,51.349,52.701,-21.1082,-4.0286,24.93,319.58,-21.8805,-4.9658,0.20,344.32,0.23441,0
56.4268,19,12,3,0,50.25,544.60,capture,39.15,311.70,233.17,0,179.888,2.966,-177.499,-10.68,19.42,150.65,-9.28,-11.25,174.43,51.091,52.454,-20.7445,-3.3852,39.15,311.70,-21.3782,-4.2604,16.46,331.78,0.23522,0
56.5250,19,12,3,0,50.25,544.60,capture,-26.34,343.25,215.43,0,179.806,2.950,-177.564,-11.19,20.01,151.30,-9.81,-10.80,174.90,50.956,52.041,-21.9475,-6.1758,-26.34,343.25,-21.6222,-5.0810,1.02,332.91,0.22960,0
56.6268,19,12,3,0,50.25,544.60,capture,-5.66,366.52,186.65,0,179.941,2.883,-177.611,-10.85,20.10,150.94,-9.69,-10.79,174.45,50.890,52.264,-22.6609,-5.1547,-5.66,366.52,-22.0712,-5.1127,-2.81,347.13,0.24630,0
56.7360,19,12,3,0,50.25,544.60,capture,-16.05,344.56,210.74,0,179.766,2.753,-177.626,-11.51,20.27,150.93,-10.02,-10.70,174.30,50.689,52.101,-22.0454,-5.8890,-16.05,344.56,-22.0601,-5.4495,-5.54,345.14,0.23702,0
56.8276,19,12,3,0,50.25,544.60,capture,-29.20,345.04,214.79,0,179.610,2.696,-177.661,-11.53,20.29,151.24,-10.04,-10.65,174.66,50.985,52.301,-22.0594,-6.4381,-29.20,345.04,-22.0598,-5.8838,-15.83,345.12,0.24033,0
56.9283,19,12,3,0,50.25,544.60,capture,-22.41,344.05,213.31,0,179.579,2.512,-177.676,-11.53,20.46,151.23,-10.09,-10.66,174.42,51.169,52.588,-22.0594,-6.1653,-22.41,344.05,-22.0596,-6.0079,-18.62,344.07,0.23714,0
57.0252,19,12,3,0,50.25,544.60,capture,-4.86,341.47,210.47,0,179.521,2.448,-177.704,-11.48,20.37,151.07,-10.04,-10.68,174.35,50.786,51.960,-21.9335,-5.4449,-4.86,341.47,-22.0063,-5.7692,-12.87,343.79,0.23673,0
57.1232,19,12,3,0,50.25,544.60,capture,12.06,347.53,200.74,0,179.641,2.608,-177.637,-11.38,20.14,150.96,-10.00,-10.67,174.56,51.117,52.450,-22.0594,-4.6581,12.06,347.53,-22.0290,-5.2888,-2.90,346.34,0.24412,0
57.2351,19,12,3,0,50.25,544.60,capture,10.25,291.69,256.05,0,179.669,2.889,-177.604,-10.90,19.71,151.83,-9.48,-10.88,175.71,51.205,52.264,-20.2270,-4.7770,10.25,291.69,-21.2392,-5.0660,0.03,324.06,0.24279,0
57.3278,19,12,3,0,50.25,544.60,capture,-2.25,337.53,213.63,0,179.682,2.843,-177.553,-11.02,20.13,151.51,-9.54,-10.74,175.02,51.279,52.205,-21.7937,-5.1232,-2.25,337.53,-21.4800,-5.0909,-0.47,327.36,0.24320,0
57.4278,19,12,3,0,50.25,544.60,capture,-17.78,353.76,202.61,0,179.684,2.819,-177.578,-11.16,20.09,151.97,-9.76,-10.77,175.49,51.245,52.236,-22.2832,-5.7527,-17.78,353.76,-21.8322,-5.3804,-7.39,339.10,0.24327,0
57.5262,19,12,3,0,50.25,544.60,capture,13.09,328.18,219.59,0,179.810,2.887,-177.575,-11.13,19.95,151.54,-9.85,-10.82,175.20,51.622,52.626,-21.4440,-4.5776,13.09,328.18,-21.6672,-5.0373,1.43,335.28,0.24231,0
57.6250,19,12,3,0,50.25,544.60,capture,-12.62,354.79,199.95,0,179.730,2.769,-177.632,-11.26,20.10,151.18,-9.87,-10.87,174.57,51.449,52.571,-22.2972,-5.6163,-12.62,354.79,-21.9402,-5.2871,-3.59,343.18,0.23929,0
57.7356,20,6,1,2,251.25,233.40,dwell,-25.05,329.26,292.46,0,179.690,2.688,-177.648,-11.40,20.28,151.27,-10.00,-10.68,174.66,51.325,52.425,-21.5698,-6.2877,-25.05,329.26,-21.7814,-5.7215,-12.12,336.19,0.24396,0
57.8277,20,6,1,2,251.25,233.40,dwell,-0.15,353.95,278.81,0,179.652,2.594,-177.679,-11.40,20.17,151.17,-10.01,-10.84,174.49,51.214,52.362,-22.2693,-5.1687,-0.15,353.95,-21.9926,-5.4831,-6.82,344.81,0.23846,0
57.9293,20,6,1,2,251.25,233.40,dwell,-5.08,340.79,277.92,0,179.484,2.604,-177.726,-11.51,20.16,151.26,-10.01,-10.76,174.70,50.540,52.076,-21.8636,-5.4729,-5.08,340.79,-21.9364,-5.4786,-5.45,343.16,0.23490,0
58.0264,20,6,1,2,251.25,233.40,dwell,-7.41,320.41,272.91,0,179.466,2.610,-177.660,-11.40,20.22,151.68,-9.84,-10.71,175.12,50.682,52.016,-21.2621,-5.5708,-7.41,320.41,-21.6485,-5.5178,-7.39,332.91,0.24913,0
58.1249,20,6,1,2,251.25,233.40,dwell,203.83,228.27,47.70,1,179.490,2.599,-177.555,-11.15,19.73,151.61,-9.54,-11.21,175.03,50.341,51.026,-18.0448,3.2907,203.83,228.27,-20.0338,-1.3887,90.99,287.80,0.23683,0
58.2349,20,6,1,2,251.25,233.40,dwell,216.83,184.90,59.47,1,179.582,2.493,-177.570,-11.26,19.66,150.39,-9.86,-11.40,173.65,51.159,51.768,-16.6180,3.6125,216.83,184.90,-18.4731,0.9915,151.73,241.15,0.26121,0
58.3279,20,6,1,2,251.25,233.40,dwell,241.01,146.75,87.25,0,179.547,2.350,-177.486,-11.25,19.38,149.57,-9.59,-11.76,172.70,52.499,53.142,-15.2332,4.5322,241.01,146.75,-16.9817,2.6671,193.40,199.31,0.26790,0
58.4276,20,6,1,2,251.25,233.40,dwell,230.44,116.85,118.39,0,179.818,2.304,-177.391,-10.72,19.40,149.31,-9.34,-11.69,172.54,52.182,52.797,-14.2470,4.1650,230.44,116.85,-15.7054,3.3703,208.56,160.52,0.26792,0
58.5257,20,6,1,2,251.25,233.40,dwell,224.36,121.43,115.15,0,179.836,2.261,-177.334,-10.98,19.43,149.20,-9.42,-11.68,172.40,52.033,52.955,-14.4079,3.8503,224.36,121.43,-15.1204,3.5858,216.54,142.78,0.26355,0
58.6260,20,6,1,2,251.25,233.40,dwell,251.50,107.55,125.85,0,179.866,2.339,-177.374,-10.83,19.04,149.79,-9.42,-11.94,173.17,52.071,52.600,-13.7994,5.0043,251.50,107.55,-14.5263,4.2228,231.62,128.72,0.26612,0
58.7359,20,6,1,2,251.25,233.40,capture,222.24,92.28,144.07,0,179.820,2.421,-177.347,-10.92,19.01,149.84,-9.35,-11.93,173.26,51.951,52.693,-13.3168,3.6859,222.24,92.28,-13.9830,3.9862,227.73,112.22,0.26899,0
58.8277,20,6,1,2,251.25,233.40,capture,223.54,98.81,137.42,0,179.959,2.471,-177.336,-10.51,18.96,149.97,-9.15,-12.00,173.38,52.371,53.082,-13.5196,3.8922,223.54,98.81,-13.7757,3.9449,224.20,106.43,0.27422,0
58.9280,20,6,1,2,251.25,233.40,capture,234.74,108.71,125.78,0,179.862,2.404,-177.331,-11.21,19.20,149.28,-9.63,-11.86,172.53,52.776,53.090,-13.9183,4.1755,234.74,108.71,-13.8386,4.0459,231.91,106.23,0.26902,0
59.0259,20,6,1,2,251.25,233.40,capture,249.96,96.86,136.55,0,179.781,2.250,-177.320,-11.13,19.51,149.10,-9.51,-11.69,172.17,52.415,53.283,-13.5826,4.8294,249.96,96.86,-13.7284,4.3835,239.24,100.81,0.26813,0
59.1236,20,6,1,2,251.25,233.40,capture,222.77,92.58,143.67,0,179.752,2.182,-177.293,-11.13,19.48,149.18,-9.51,-11.67,172.31,52.347,53.246,-13.4497,3.6614,222.77,92.58,-13.6078,4.0743,231.97,97.52,0.27446,0
59.2354,20,6,1,2,251.25,233.40,capture,240.69,83.84,149.93,0,179.634,2.246,-177.247,-11.29,19.31,149.28,-9.52,-11.70,172.58,52.120,53.205,-13.0860,4.3818,240.69,83.84,-13.3782,4.2085,236.05,92.31,0.27061,0
59.3274,20,6,1,2,251.25,233.40,capture,236.49,90.29,143.87,0,179.806,2.401,-177.202,-10.94,19.18,149.83,-9.44,-11.71,173.31,52.030,52.798,-13.2818,4.3468,236.49,90.29,-13.3365,4.2681,234.54,91.84,0.27491,0
59.4294,20,6,1,2,251.25,233.40,capture,218.49,102.34,135.09,0,179.832,2.281,-177.209,-10.89,19.60,149.97,-9.33,-11.55,173.10,51.781,52.601,-13.8344,3.6334,218.49,102.34,-13.5529,3.9910,227.36,94.27,0.27322,0
59.5251,20,6,1,2,251.25,233.40,capture,232.22,82.97,151.63,0,179.729,2.396,-177.189,-10.78,19.13,149.86,-9.06,-11.78,173.30,52.647,53.557,-13.0160,4.2070,232.22,82.97,-13.3248,4.0823,228.68,91.94,0.26794,0
59.6258,20,6,1,2,251.25,233.40,capture,210.05,82.81,156.12,0,179.858,2.470,-177.189,-10.70,19.24,150.78,-9.22,-11.68,174.21,52.063,52.918,-13.0860,3.2820,210.05,82.81,-13.2210,3.7334,220.13,87.01,0.27305,0
59.7349,20,6,1,2,251.25,233.40,capture,210.35,92.33,146.88,0,-179.962,2.518,-177.192,-10.57,19.28,149.84,-9.21,-11.66,173.27,52.604,53.413,-13.4147,3.3344,210.35,92.33,-13.3041,3.5608,215.78,89.22,0.27416,0
59.8284,20,6,1,2,251.25,233.40,capture,235.76,102.78,131.54,0,-179.717,2.692,-177.200,-10.44,19.05,150.08,-9.23,-11.72,173.74,52.453,53.107,-13.6875,4.4867,235.76,102.78,-13.4697,3.9611,224.08,95.92,0.27184,0
59.9286,20,6,1,2,251.25,233.40,capture,244.11,99.33,134.26,0,-179.716,2.795,-177.204,-10.69,19.08,150.20,-9.30,-11.69,173.84,52.205,52.935,-13.5896,4.7525,244.11,99.33,-13.5223,4.3112,233.99,96.95,0.27113,0
60.0257,20,6,1,2,251.25,233.40,capture,249.61,108.10,125.31,0,-179.851,2.492,-177.273,-10.90,19.65,150.37,-9.44,-11.58,173.41,51.667,52.520,-14.0372,4.9448,249.61,108.10,-13.7423,4.5836,241.84,98.98,0.27779,0
60.1257,20,6,1,2,251.25,233.40,capture,253.53,70.31,163.11,0,179.834,2.290,-177.366,-11.22,19.61,150.05,-9.58,-11.61,173.10,51.568,52.713,-12.7293,4.8749,253.53,70.31,-13.3050,4.7100,248.52,87.04,0.27239,0
60.2358,20,6,1,2,251.25,233.40,capture,266.45,93.56,140.67,0,179.847,2.059,-177.424,-10.97,19.76,149.44,-9.58,-11.58,172.33,51.875,52.632,-13.5196,5.5358,266.45,93.56,-13.3970,5.0692,255.70,89.49,0.27353,0
60.3290,20,6,1,2,251.25,233.40,capture,232.75,78.63,155.88,0,-179.882,2.114,-177.351,-10.75,19.17,149.64,-9.48,-11.92,172.86,52.636,53.203,-12.8552,4.1230,232.75,78.63,-13.1607,4.6592,244.61,87.95,0.27564,0
60.4270,20,6,1,2,251.25,233.40,capture,257.12,85.74,147.77,0,-179.899,2.141,-177.319,-10.88,19.19,148.92,-9.42,-11.91,172.13,52.841,53.787,-13.0720,5.1407,257.12,85.74,-13.1221,4.8684,250.62,86.98,0.27112,0
60.5254,20,6,1,2,251.25,233.40,capture,222.30,83.18,152.99,0,-179.810,1.914,-177.278,-10.84,19.59,148.76,-9.44,-11.81,171.56,52.896,53.644,-13.1210,3.6649,222.30,83.18,-13.1216,4.3510,238.17,83.65,0.27865,0
60.6250,20,6,1,2,251.25,233.40,capture,224.91,87.18,148.58,0,-179.877,1.806,-177.274,-10.98,19.61,148.97,-9.48,-11.73,171.85,53.068,53.704,-13.2538,3.7558,224.91,87.18,-13.1783,4.0925,232.85,85.18,0.27634,0
