t_s,trial,cell_idx,row,col,target_x,target_y,phase,pred_x,pred_y,err_pt,in_cell,head_yaw_deg,head_pitch_deg,head_roll_deg,head_tx_mm,head_ty_mm,head_tz_mm,eye_cam_x_mm,eye_cam_y_mm,eye_cam_z_mm,pupil_left_px,pupil_right_px,raw_pitch_deg,raw_yaw_deg,raw_pred_x,raw_pred_y,filt_pitch_deg,filt_yaw_deg,filt_pred_x,filt_pred_y,ear,blink_held
0.0248,1,59,6,5,245.67,561.89,dwell,15.85,491.20,240.44,0,178.668,7.047,179.740,-17.50,21.13,148.15,-16.95,-7.60,174.60,53.637,53.193,-28.8960,-12.2433,15.85,491.20,-28.8960,-12.2433,,,0.26951,0
0.1207,1,59,6,5,245.67,561.89,dwell,193.11,486.91,91.56,0,178.679,7.194,179.756,-17.50,21.35,147.83,-17.28,-8.00,174.02,53.365,53.314,-28.8858,-3.7868,193.11,486.91,-28.8914,-8.4379,,,0.18344,0
0.2126,1,59,6,5,245.67,561.89,dwell,201.22,396.59,171.17,0,178.806,7.355,179.764,-17.53,21.16,147.50,-16.90,-8.07,173.45,53.482,53.646,-25.7828,-3.5347,201.22,396.59,-27.4926,-6.2314,,,0.20967,0
0.3159,1,59,6,5,245.67,561.89,dwell,140.88,373.82,215.29,0,178.789,7.481,179.745,-17.62,21.20,147.66,-17.47,-7.87,173.73,53.413,53.610,-25.3889,-6.7534,140.88,373.82,-26.5459,-6.4663,,,0.18117,0
0.4014,1,59,6,5,245.67,561.89,dwell,101.85,347.86,257.86,0,178.711,7.660,179.753,-17.72,21.04,147.51,-17.51,-7.64,173.71,53.386,53.505,-23.7684,-8.3003,101.85,347.86,-25.2961,-7.2916,,,0.19652,0
0.5072,1,59,6,5,245.67,561.89,dwell,193.00,350.29,218.05,0,178.805,7.729,179.778,-17.81,21.10,147.72,-17.26,-7.70,174.37,53.507,53.308,-23.4442,-3.8012,193.00,350.29,-24.4627,-5.7209,,,0.19403,0
0.6255,1,59,6,5,245.67,561.89,dwell,155.31,412.96,174.20,0,178.808,7.876,179.765,-17.93,21.01,147.67,-17.05,-6.99,174.01,53.741,53.585,-26.0747,-5.5179,155.31,412.96,-25.1881,-5.6296,,,0.23003,0
0.7364,1,59,6,5,245.67,561.89,dwell,124.68,417.36,188.48,0,178.682,8.078,179.799,-17.97,20.95,147.67,-18.15,-8.49,173.77,53.977,53.429,-26.6043,-6.9774,124.68,417.36,-25.8254,-6.2361,,,0.19953,0
0.8483,1,59,6,5,245.67,561.89,dwell,158.29,365.72,214.75,0,178.862,8.266,179.837,-18.00,21.02,147.87,-18.07,-7.25,174.26,53.684,53.548,-24.2610,-5.3855,158.29,365.72,-25.1214,-5.8533,,,0.23122,0
0.9466,1,59,6,5,245.67,561.89,dwell,109.98,368.56,236.19,0,178.678,8.201,179.805,-18.08,20.98,147.93,-17.42,-7.79,174.11,53.712,53.840,-24.4008,-7.8589,109.98,368.56,-24.7971,-6.7559,,,0.21029,0
1.0474,1,59,6,5,245.67,561.89,dwell,110.28,354.97,247.28,0,178.588,8.234,179.809,-18.13,21.03,147.78,-17.48,-7.15,174.31,53.558,53.816,-23.4205,-7.2664,110.28,354.97,-24.1777,-6.9856,,,0.21862,0
1.1422,1,59,6,5,245.67,561.89,capture,94.76,391.84,227.35,0,178.658,8.204,179.815,-18.08,21.05,147.77,-17.48,-6.66,174.20,53.667,53.756,-24.9596,-8.8716,94.76,391.84,-24.5295,-7.8343,,,0.22357,0
1.2541,1,59,6,5,245.67,561.89,capture,86.64,375.26,245.19,0,178.817,8.251,179.795,-18.14,20.91,147.90,-17.76,-7.74,174.34,53.736,53.964,-24.2268,-8.3444,86.64,375.26,-24.3933,-8.0639,,,0.22433,0
1.3512,1,59,6,5,245.67,561.89,capture,82.54,379.74,244.52,0,178.860,8.239,179.785,-18.30,20.84,147.73,-17.43,-7.62,174.53,53.347,53.583,-24.7889,-9.0125,82.54,379.74,-24.5713,-8.4907,,,0.20548,0
1.4425,1,59,6,5,245.67,561.89,capture,91.29,382.76,236.47,0,179.001,8.227,179.820,-18.38,20.90,147.68,-18.32,-6.81,174.04,53.223,53.390,-24.7141,-8.5766,91.29,382.76,-24.6356,-8.5294,,,0.22046,0
1.5359,1,59,6,5,245.67,561.89,capture,73.52,375.95,253.39,0,178.980,8.202,179.842,-18.41,20.97,147.55,-18.65,-8.03,173.92,53.048,53.725,-23.7460,-9.5631,73.52,375.95,-24.2353,-8.9946,,,0.18811,0
1.6353,1,59,6,5,245.67,561.89,capture,95.27,371.65,242.51,0,178.814,8.225,179.835,-18.39,20.88,147.76,-18.04,-7.99,173.68,53.476,53.553,-24.4650,-9.0406,95.27,371.65,-24.3386,-9.0153,,,0.20634,0
1.7266,1,59,6,5,245.67,561.89,capture,73.96,367.01,259.73,0,178.793,8.122,179.781,-18.49,20.94,147.96,-17.31,-7.62,174.39,53.822,54.079,-23.4657,-10.0455,73.96,367.01,-23.9458,-9.4789,,,0.22923,0
1.8327,1,59,6,5,245.67,561.89,capture,67.53,375.56,257.78,0,178.886,8.079,179.786,-18.45,21.02,148.03,-18.05,-7.86,174.70,53.702,54.244,-24.5880,-8.6233,67.53,375.56,-24.2348,-9.0939,,,0.22053,0
1.9530,1,59,6,5,245.67,561.89,capture,84.91,385.32,238.79,0,178.847,8.080,179.781,-18.42,21.00,148.29,-18.06,-7.73,174.86,53.419,54.399,-24.8663,-8.9233,84.91,385.32,-24.5190,-9.0171,,,0.19044,0
2.0439,1,59,6,5,245.67,561.89,capture,78.66,367.55,256.24,0,178.822,8.155,179.778,-18.45,20.97,148.24,-18.14,-7.37,175.10,53.364,54.554,-23.9485,-9.2561,78.66,367.55,-24.2623,-9.1247,,,0.18433,0
2.1452,1,59,6,5,245.67,561.89,capture,88.99,378.84,240.94,0,178.735,8.144,179.784,-18.52,20.87,148.20,-17.58,-7.37,174.99,53.331,54.304,-24.1578,-8.9320,88.99,378.84,-24.2153,-9.0380,,,0.22696,0
2.2442,1,59,6,5,245.67,561.89,capture,55.96,359.59,277.33,0,178.743,8.099,179.806,-18.52,20.77,148.38,-17.99,-7.53,174.74,53.541,54.536,-24.5035,-9.7670,55.96,359.59,-24.3450,-9.3660,,,0.21941,0
2.3396,1,59,6,5,245.67,561.89,capture,82.13,394.35,234.12,0,178.776,8.109,179.835,-18.64,20.64,148.17,-18.19,-8.30,175.00,53.741,54.724,-25.2659,-8.8098,82.13,394.35,-24.7594,-9.1157,,,0.24094,0
2.4303,1,59,6,5,245.67,561.89,capture,78.53,400.31,232.47,0,178.850,8.190,179.842,-18.72,20.64,147.85,-18.71,-7.83,174.31,53.756,54.378,-24.7079,-8.8953,78.53,400.31,-24.7363,-9.0165,,,0.21052,0
2.5387,1,59,6,5,245.67,561.89,capture,79.83,384.78,242.63,0,178.928,8.223,179.850,-18.72,20.57,147.84,-17.79,-7.74,174.43,53.905,54.377,-24.6313,-8.9614,79.83,384.78,-24.6890,-8.9917,,,0.23456,0
2.6352,1,59,6,5,245.67,561.89,capture,89.18,378.47,241.10,0,178.877,8.095,179.859,-18.77,20.57,147.95,-18.14,-7.76,174.45,53.818,54.300,-24.8878,-9.2586,89.18,378.47,-24.7785,-9.1118,,,0.19779,0
2.7399,1,59,6,5,245.67,561.89,capture,75.63,368.59,257.44,0,178.863,8.197,179.859,-18.75,20.51,147.90,-19.04,-8.34,174.75,53.924,54.269,-23.4507,-8.5173,75.63,368.59,-24.1810,-8.8443,,,0.21513,0
2.8219,1,59,6,5,245.67,561.89,capture,74.72,350.77,271.65,0,178.804,8.130,179.850,-18.70,20.57,147.91,-18.62,-8.43,174.59,53.730,53.891,-23.4236,-8.9540,74.72,350.77,-23.8401,-8.8937,,,0.17501,0
2.9830,2,9,1,0,22.33,129.67,dwell,65.98,341.14,215.93,0,178.915,8.061,179.863,-18.66,20.61,147.90,-18.67,-7.54,174.27,53.793,54.048,-22.4613,-9.6855,65.98,341.14,-22.4613,-9.6855,,,0.21531,0
3.0904,2,9,1,0,22.33,129.67,dwell,75.45,392.83,268.47,0,178.993,8.111,179.863,-18.59,20.63,147.98,-17.96,-8.13,174.77,53.781,54.460,-25.0938,-9.5681,75.45,392.83,-23.6460,-9.6327,,,0.21653,0
3.1943,2,9,1,0,22.33,129.67,dwell,97.64,405.57,286.00,0,179.048,7.925,179.873,-18.48,20.63,147.81,-18.75,-8.13,174.04,53.773,54.538,-26.7169,-8.3814,97.64,405.57,-25.0279,-9.0696,,,0.18611,0
3.3015,2,9,1,0,22.33,129.67,dwell,106.50,405.26,288.16,0,178.877,7.918,179.852,-18.47,20.80,147.76,-17.92,-6.65,174.33,53.431,54.421,-25.8162,-7.6717,106.50,405.26,-25.3826,-8.4405,,,0.20627,0
3.3852,2,9,1,0,22.33,129.67,dwell,138.15,456.79,347.02,0,178.796,7.915,179.843,-18.22,20.66,147.83,-17.36,-8.22,174.16,53.462,53.994,-28.0862,-6.0996,138.15,456.79,-26.5992,-7.3871,,,0.21946,0
3.4676,2,9,1,0,22.33,129.67,dwell,128.50,449.46,336.96,0,178.880,7.872,179.815,-18.16,20.68,147.78,-17.88,-7.92,173.75,53.393,54.123,-27.0272,-7.0745,128.50,449.46,-26.7918,-7.2464,,,0.20834,0
3.5576,2,9,1,0,22.33,129.67,dwell,130.99,427.14,316.70,0,178.867,7.778,179.823,-18.29,20.88,147.49,-17.42,-8.02,173.62,53.854,53.982,-26.1985,-6.9742,130.99,427.14,-26.5248,-7.1239,,,0.21361,0
3.6513,2,9,1,0,22.33,129.67,dwell,130.89,429.27,318.66,0,178.828,7.736,179.786,-18.34,20.76,147.63,-17.64,-8.27,174.17,53.909,54.455,-25.9226,-6.7499,130.89,429.27,-26.2538,-6.9556,,,0.19899,0
3.7614,2,9,1,0,22.33,129.67,capture,130.85,403.91,294.93,0,178.815,7.787,179.797,-18.16,20.97,147.71,-17.44,-8.09,174.11,54.040,54.083,-25.1673,-6.5611,130.85,403.91,-25.7649,-6.7781,,,0.21190,0
3.8720,2,9,1,0,22.33,129.67,capture,169.91,387.70,297.25,0,178.868,7.800,179.795,-18.14,20.93,147.71,-17.43,-8.03,173.86,53.853,54.002,-25.1118,-4.9447,169.91,387.70,-25.4710,-5.9530,,,0.21020,0
3.9983,2,9,1,0,22.33,129.67,capture,124.02,416.28,304.12,0,178.867,7.740,179.829,-18.21,20.94,147.73,-17.63,-8.57,174.32,54.166,53.933,-25.7664,-7.6060,124.02,416.28,-25.6040,-6.6969,,,0.22713,0
4.0803,2,9,1,0,22.33,129.67,capture,133.51,408.74,300.40,0,178.936,7.638,179.823,-18.27,21.05,147.66,-18.01,-7.86,174.12,53.984,53.996,-25.3045,-6.0302,133.51,408.74,-25.4692,-6.3969,,,0.23468,0
4.1840,2,9,1,0,22.33,129.67,capture,144.01,390.45,287.77,0,178.981,7.716,179.848,-18.31,21.07,147.79,-18.21,-7.58,174.63,53.917,54.128,-24.5644,-6.4286,144.01,390.45,-25.0621,-6.4112,,,0.21398,0
4.2760,2,9,1,0,22.33,129.67,capture,144.25,411.24,306.83,0,179.046,7.572,179.860,-18.40,21.13,147.68,-18.23,-7.17,174.24,53.880,54.293,-25.8558,-6.4173,144.25,411.24,-25.4192,-6.4139,,,0.23402,0
4.3913,2,9,1,0,22.33,129.67,capture,154.06,417.47,316.52,0,179.070,7.496,179.829,-18.36,21.04,147.51,-17.76,-7.38,173.53,53.876,54.540,-26.7869,-6.5501,154.06,417.47,-26.0347,-6.4752,,,0.19387,0
4.4888,2,9,1,0,22.33,129.67,capture,144.33,405.28,301.41,0,179.000,7.584,179.831,-18.20,20.75,147.37,-18.09,-7.23,173.75,53.722,54.658,-25.0175,-6.7615,144.33,405.28,-25.5769,-6.6040,,,0.20543,0
4.5910,2,9,1,0,22.33,129.67,capture,134.11,420.77,311.83,0,179.073,7.631,179.830,-18.22,20.84,147.39,-17.55,-7.71,173.87,53.395,54.919,-26.6657,-6.5948,134.11,420.77,-26.0669,-6.5999,,,0.19441,0
4.6882,2,9,1,0,22.33,129.67,capture,159.18,398.82,301.94,0,179.030,7.585,179.833,-18.25,20.92,147.53,-17.87,-7.38,174.00,53.624,55.030,-25.2599,-5.7223,159.18,398.82,-25.7037,-6.2050,,,0.20666,0
4.7888,2,9,1,0,22.33,129.67,capture,155.45,420.57,319.91,0,179.019,7.665,179.851,-18.31,20.74,147.57,-18.01,-7.64,173.95,53.732,54.677,-26.5427,-5.9148,155.45,420.57,-26.0813,-6.0744,,,0.21951,0
4.8903,2,9,1,0,22.33,129.67,capture,146.77,396.74,294.64,0,179.039,7.881,179.818,-18.28,20.86,147.38,-18.03,-8.55,173.61,53.878,54.549,-25.8335,-5.9845,146.77,396.74,-25.9698,-6.0340,,,0.19376,0
4.9800,2,9,1,0,22.33,129.67,capture,140.97,413.94,308.04,0,178.982,7.896,179.785,-18.32,20.76,147.62,-17.77,-8.40,174.40,53.686,54.585,-26.8744,-6.6633,140.97,413.94,-26.3769,-6.3171,,,0.21349,0
5.0895,2,9,1,0,22.33,129.67,capture,139.42,395.62,290.59,0,178.846,7.994,179.779,-18.18,20.72,147.83,-17.86,-7.46,174.24,53.879,54.691,-25.8467,-6.4659,139.42,395.62,-26.1383,-6.3841,,,0.23055,0
5.1805,2,9,1,0,22.33,129.67,capture,156.40,414.89,315.16,0,178.838,7.929,179.796,-18.26,20.73,147.77,-18.11,-8.53,173.57,53.666,54.431,-25.3358,-5.7675,156.40,414.89,-25.7772,-6.1066,,,0.19366,0
5.2981,2,9,1,0,22.33,129.67,capture,155.73,419.89,319.41,0,178.902,8.013,179.808,-18.31,20.75,147.68,-17.94,-8.80,174.29,53.612,54.485,-25.0475,-6.0500,155.73,419.89,-25.4488,-6.0811,,,0.19934,0
5.4035,2,9,1,0,22.33,129.67,capture,146.02,406.91,303.58,0,178.846,7.940,179.813,-18.27,20.82,147.56,-17.81,-7.17,174.01,53.383,54.641,-25.6623,-5.8111,146.02,406.91,-25.5449,-5.9596,,,0.19651,0
5.5073,2,9,1,0,22.33,129.67,capture,118.33,422.23,307.91,0,178.844,7.840,179.798,-18.28,20.76,147.47,-17.85,-7.31,174.11,53.602,54.809,-25.1591,-8.0483,118.33,422.23,-25.3713,-6.8995,,,0.19473,0
5.6264,2,9,1,0,22.33,129.67,capture,119.29,397.50,284.84,0,178.881,7.749,179.792,-18.29,20.72,147.50,-17.92,-7.92,173.31,53.906,54.354,-24.7935,-7.9381,119.29,397.50,-25.1113,-7.3669,,,0.23122,0
5.8157,3,37,4,1,67.00,389.00,dwell,114.21,478.16,100.89,0,178.868,7.833,179.774,-18.42,20.55,147.53,-18.33,-8.23,173.61,53.882,54.419,-28.7666,-7.2977,114.21,478.16,-28.7666,-7.2977,,,0.23293,0
5.9217,3,37,4,1,67.00,389.00,dwell,179.21,364.94,114.76,0,178.776,7.907,179.770,-18.37,20.46,147.49,-17.70,-8.05,174.04,53.884,54.539,-24.0900,-5.0594,179.21,364.94,-26.6621,-6.2905,,,0.24580,0
6.0238,3,37,4,1,67.00,389.00,dwell,197.20,575.75,227.66,0,178.786,7.931,179.804,-18.42,20.35,147.34,-17.24,-8.15,173.87,54.000,54.008,-31.4768,-4.2336,197.20,575.75,-28.8287,-5.3649,,,0.21299,0
6.1249,3,37,4,1,67.00,389.00,dwell,139.07,586.27,210.02,0,178.872,7.895,179.812,-18.32,20.47,147.54,-17.98,-7.74,174.60,53.969,54.371,-32.7274,-6.8248,139.07,586.27,-30.5831,-6.0219,,,0.21562,0
6.2313,3,37,4,1,67.00,389.00,dwell,148.92,483.95,125.40,0,178.892,7.845,179.778,-18.26,20.47,147.64,-17.68,-8.07,174.07,53.687,54.455,-29.1413,-5.3684,148.92,483.95,-29.9343,-5.7278,,,0.23722,0
6.3375,3,37,4,1,67.00,389.00,dwell,184.17,560.63,207.81,0,178.920,7.936,179.758,-18.26,20.69,147.73,-17.87,-7.75,174.41,53.757,54.044,-30.8857,-4.4178,184.17,560.63,-30.3624,-5.1383,,,0.20943,0
6.4371,3,37,4,1,67.00,389.00,dwell,167.30,594.21,228.41,0,178.914,7.829,179.794,-18.22,20.57,147.53,-18.12,-8.00,173.93,53.777,54.294,-32.6912,-5.2882,167.30,594.21,-31.4104,-5.2057,,,0.21245,0
6.5464,3,37,4,1,67.00,389.00,dwell,140.24,583.48,207.81,0,178.955,7.803,179.767,-18.28,20.70,147.15,-17.77,-7.47,173.06,53.946,54.421,-31.6684,-6.6095,140.24,583.48,-31.5265,-5.8374,,,0.25537,0
6.6454,3,37,4,1,67.00,389.00,dwell,152.83,586.20,215.07,0,178.881,7.908,179.765,-18.20,20.60,147.00,-17.65,-7.84,173.23,53.949,54.484,-32.5406,-6.0062,152.83,586.20,-31.9828,-5.9133,,,0.23631,0
6.7438,3,37,4,1,67.00,389.00,dwell,190.64,689.54,324.98,0,178.954,8.007,179.751,-18.26,20.38,146.85,-17.58,-7.61,173.41,53.535,54.398,-36.2583,-3.9304,190.64,689.54,-33.9068,-5.0210,,,0.22409,0
6.8495,3,37,4,1,67.00,389.00,capture,169.41,683.91,312.19,0,179.072,8.061,179.773,-18.27,20.52,146.82,-18.26,-7.90,173.24,53.556,54.401,-36.6085,-4.6929,169.41,683.91,-35.1226,-4.8734,,,0.20263,0
6.9692,3,37,4,1,67.00,389.00,capture,176.49,664.69,296.64,0,179.104,8.080,179.744,-18.44,20.60,146.95,-17.71,-7.95,173.16,53.704,54.604,-35.6765,-4.2017,176.49,664.69,-35.3719,-4.5711,,,0.21814,0
7.0797,3,37,4,1,67.00,389.00,capture,158.20,666.27,291.88,0,178.913,8.029,179.769,-18.35,20.57,147.04,-17.46,-8.18,173.22,53.378,54.705,-36.1983,-5.7198,158.20,666.27,-35.7438,-5.0880,,,0.21997,0
7.1634,3,37,4,1,67.00,389.00,capture,171.89,665.86,296.06,0,178.959,7.870,179.810,-18.28,20.58,147.02,-18.02,-7.89,172.95,53.087,54.471,-36.0420,-5.0845,171.89,665.86,-35.8780,-5.0864,,,0.21721,0
7.2716,3,37,4,1,67.00,389.00,capture,164.64,665.22,292.97,0,178.962,7.887,179.783,-18.30,20.55,147.36,-18.47,-8.27,173.51,53.368,54.325,-35.8183,-5.4168,164.64,665.22,-35.8511,-5.2351,,,0.20523,0
7.3897,3,37,4,1,67.00,389.00,capture,160.21,696.27,321.10,0,179.058,7.958,179.795,-18.42,20.57,147.05,-17.52,-8.41,173.20,53.663,53.865,-35.7755,-5.3836,160.21,696.27,-35.8171,-5.3019,,,0.21188,0
7.4877,3,37,4,1,67.00,389.00,capture,187.58,695.34,329.22,0,179.032,7.945,179.815,-18.32,20.46,147.25,-17.66,-7.71,173.83,53.468,53.869,-36.7032,-4.6158,187.58,695.34,-36.2158,-4.9931,,,0.21451,0
7.5737,3,37,4,1,67.00,389.00,capture,179.74,690.01,321.43,0,178.879,7.850,179.816,-18.33,20.41,147.42,-17.45,-7.84,173.78,53.229,53.846,-37.2365,-4.5022,179.74,690.01,-36.6751,-4.7722,,,0.21724,0
7.6711,3,37,4,1,67.00,389.00,capture,198.80,666.77,307.45,0,178.943,7.772,179.822,-18.38,20.36,147.47,-17.38,-7.93,173.79,53.316,53.424,-35.9555,-3.7129,198.80,666.77,-36.3513,-4.2955,,,0.17400,0
7.7725,3,37,4,1,67.00,389.00,capture,201.73,688.45,328.36,0,179.038,7.752,179.812,-18.45,20.45,147.24,-17.70,-8.41,173.31,53.525,53.163,-36.7579,-3.8722,201.73,688.45,-36.5343,-4.1050,,,0.20570,0
7.8794,3,37,4,1,67.00,389.00,capture,168.35,675.61,304.00,0,179.016,7.873,179.819,-18.69,20.61,147.37,-17.48,-7.83,173.46,53.363,53.415,-35.8211,-5.3010,168.35,675.61,-36.2133,-4.6432,,,0.18190,0
7.9670,3,37,4,1,67.00,389.00,capture,178.45,684.85,316.15,0,179.023,7.861,179.827,-18.61,20.62,147.46,-18.15,-7.94,173.89,53.111,53.312,-36.6911,-4.9585,178.45,684.85,-36.4283,-4.7851,,,0.19851,0
8.0556,3,37,4,1,67.00,389.00,capture,148.35,681.01,303.13,0,179.040,7.821,179.799,-18.62,20.52,147.35,-18.72,-8.37,173.59,53.057,53.624,-37.0313,-5.1719,148.35,681.01,-36.6997,-4.9592,,,0.18250,0
8.1532,3,37,4,1,67.00,389.00,capture,149.81,656.22,279.76,0,179.204,7.811,179.824,-18.58,20.74,147.29,-17.92,-8.00,173.39,53.363,54.097,-35.2255,-5.9652,149.81,656.22,-36.0363,-5.4119,,,0.16330,0
8.2736,3,37,4,1,67.00,389.00,capture,184.69,673.91,308.26,0,179.146,7.876,179.832,-18.54,20.93,147.07,-18.41,-7.63,173.51,53.318,54.037,-35.5982,-4.4956,184.69,673.91,-35.8392,-4.9996,,,0.20669,0
8.3798,3,37,4,1,67.00,389.00,capture,181.79,655.39,290.07,0,179.025,7.977,179.848,-18.57,20.79,147.13,-18.10,-7.70,173.87,53.590,53.780,-36.0153,-4.5378,181.79,655.39,-35.9184,-4.7918,,,0.20761,0
8.4850,3,37,4,1,67.00,389.00,capture,166.47,680.09,307.62,0,178.924,7.872,179.859,-18.41,20.62,147.25,-17.91,-8.56,173.68,53.820,53.738,-37.0988,-5.3356,166.47,680.09,-36.4496,-5.0365,,,0.22290,0
8.6078,3,37,4,1,67.00,389.00,capture,159.95,677.30,302.91,0,178.857,7.950,179.860,-18.56,20.47,147.09,-18.54,-7.54,173.19,53.760,54.056,-35.1550,-5.5563,159.95,677.30,-35.8670,-5.2704,,,0.18805,0
8.7045,3,37,4,1,67.00,389.00,capture,183.12,696.98,329.14,0,178.772,7.864,179.910,-18.55,20.47,147.22,-18.55,-7.63,173.61,53.526,54.268,-36.7535,-3.6085,183.12,696.98,-36.2659,-4.5226,,,0.23389,0
8.9119,4,53,5,8,379.67,475.44,dwell,267.26,420.81,124.98,0,178.825,7.986,179.854,-18.50,20.39,147.48,-18.11,-8.47,173.24,53.614,54.194,-25.3259,-0.0270,267.26,420.81,-25.3259,-0.0270,,,0.18719,0
9.0190,4,53,5,8,379.67,475.44,dwell,384.02,584.57,109.21,0,178.924,8.136,179.875,-18.48,20.43,147.54,-17.99,-7.81,174.18,53.449,54.565,-33.2638,5.1284,384.02,584.57,-28.8979,2.2929,,,0.21472,0
9.1153,4,53,5,8,379.67,475.44,dwell,293.75,517.63,95.71,0,178.901,8.243,179.835,-18.45,20.32,147.43,-18.48,-8.63,174.25,53.462,54.677,-30.1583,1.1903,293.75,517.63,-29.4651,1.7967,,,0.21134,0
9.2344,4,53,5,8,379.67,475.44,dwell,370.49,605.10,129.98,0,178.822,8.246,179.812,-18.50,20.26,147.64,-17.83,-8.00,174.18,53.504,54.908,-34.4578,5.0122,370.49,605.10,-31.7118,3.2437,,,0.22501,0
9.3264,4,53,5,8,379.67,475.44,dwell,303.13,458.84,78.32,0,178.754,8.213,179.816,-18.42,20.42,147.62,-17.90,-8.30,173.66,53.666,54.582,-27.2057,0.9800,303.13,458.84,-29.6840,2.2250,,,0.20071,0
9.4095,4,53,5,8,379.67,475.44,dwell,334.80,410.47,78.96,0,178.738,8.249,179.822,-18.35,20.53,147.60,-17.34,-7.59,174.07,53.637,54.478,-26.3757,2.2851,334.80,410.47,-28.1953,2.2521,,,0.22403,0
9.5052,4,53,5,8,379.67,475.44,dwell,274.20,376.58,144.56,0,178.750,8.387,179.824,-18.39,20.67,147.30,-17.82,-7.67,173.42,53.385,54.630,-24.6526,0.0150,274.20,376.58,-26.6011,1.2454,,,0.19932,0
9.5973,4,53,5,8,379.67,475.44,dwell,383.28,311.67,163.81,0,178.744,8.440,179.804,-18.38,20.84,147.07,-18.04,-8.02,172.84,53.546,54.218,-21.5003,4.8574,383.28,311.67,-24.3057,2.8708,,,0.20460,0
9.7090,4,53,5,8,379.67,475.44,dwell,363.76,285.00,191.11,0,178.817,8.418,179.806,-18.48,20.93,147.00,-18.09,-7.52,173.05,53.919,54.661,-20.3327,4.1482,363.76,285.00,-22.5179,3.4456,,,0.20912,0
9.8152,4,53,5,8,379.67,475.44,dwell,415.46,249.85,228.42,0,178.760,8.550,179.811,-18.56,20.90,146.68,-18.64,-7.39,172.54,54.049,54.334,-19.1839,6.4710,415.46,249.85,-21.0176,4.8070,,,0.23853,0
9.9127,4,53,5,8,379.67,475.44,capture,407.55,242.73,234.38,0,178.834,8.586,179.798,-18.60,20.92,146.90,-18.15,-7.78,172.90,54.124,54.323,-19.2771,5.8323,407.55,242.73,-20.2343,5.2684,,,0.21245,0
10.0045,4,53,5,8,379.67,475.44,capture,409.88,239.20,238.17,0,178.774,8.497,179.778,-18.52,20.84,146.80,-17.79,-7.48,173.17,54.016,54.526,-20.2374,5.8554,409.88,239.20,-20.2357,5.5325,,,0.23659,0
10.0962,4,53,5,8,379.67,475.44,capture,418.37,231.55,246.95,0,178.764,8.436,179.763,-18.50,20.83,147.18,-17.84,-6.76,173.64,54.209,54.425,-19.0480,6.7385,418.37,231.55,-19.7012,6.0752,,,0.22017,0
10.1899,4,53,5,8,379.67,475.44,capture,418.23,235.38,243.14,0,178.802,8.327,179.766,-18.47,20.81,147.49,-18.18,-7.26,173.68,54.365,53.866,-19.2664,6.2027,418.23,235.38,-19.5056,6.1326,,,0.21191,0
10.2731,4,53,5,8,379.67,475.44,capture,430.60,240.35,240.55,0,178.909,8.265,179.809,-18.39,20.73,147.37,-17.30,-7.34,173.69,53.989,53.861,-19.0003,7.2405,430.60,240.35,-19.2782,6.6312,,,0.21858,0
10.3734,4,53,5,8,379.67,475.44,capture,426.64,255.86,224.55,0,178.851,8.170,179.786,-18.50,20.77,147.12,-17.80,-8.01,173.02,54.300,53.647,-20.0333,6.9177,426.64,255.86,-19.6180,6.7601,,,0.22030,0
10.4714,4,53,5,8,379.67,475.44,capture,427.06,254.91,225.57,0,178.870,8.221,179.813,-18.52,20.94,147.02,-18.18,-8.26,172.69,54.405,53.982,-19.4406,6.8772,427.06,254.91,-19.5382,6.8128,,,0.25555,0
10.5652,4,53,5,8,379.67,475.44,capture,408.13,236.10,241.03,0,178.954,8.225,179.817,-18.52,20.66,146.93,-17.76,-7.20,173.15,54.310,54.135,-18.8142,5.9801,408.13,236.10,-19.2124,6.4381,,,0.23003,0
10.6545,4,53,5,8,379.67,475.44,capture,396.40,217.98,258.01,0,178.878,8.089,179.818,-18.48,20.49,146.67,-18.35,-8.09,172.77,53.906,54.509,-17.5416,5.5901,396.40,217.98,-18.4605,6.0565,,,0.21503,0
10.7558,4,53,5,8,379.67,475.44,capture,422.11,234.88,244.28,0,178.827,8.012,179.809,-18.53,20.55,146.77,-18.29,-7.15,173.18,54.059,54.039,-19.1988,7.3567,422.11,234.88,-18.7927,6.6416,,,0.23483,0
10.8456,4,53,5,8,379.67,475.44,capture,427.20,241.34,238.88,0,178.794,8.168,179.823,-18.49,20.44,146.99,-17.96,-7.52,173.69,54.143,54.396,-19.0346,7.5520,427.20,241.34,-18.9016,7.0513,,,0.24621,0
10.9620,4,53,5,8,379.67,475.44,capture,432.59,226.19,254.81,0,178.843,8.203,179.837,-18.39,20.28,146.86,-18.06,-8.29,173.04,54.284,54.421,-18.9799,7.0927,432.59,226.19,-18.9368,7.0699,,,0.20096,0
11.0732,4,53,5,8,379.67,475.44,capture,426.23,232.72,247.15,0,178.763,8.372,179.850,-18.43,20.39,147.23,-17.83,-7.22,173.69,54.030,54.346,-18.3901,7.2164,426.23,232.72,-18.6908,7.1358,,,0.21097,0
11.1627,4,53,5,8,379.67,475.44,capture,429.41,234.67,245.86,0,178.692,8.502,179.885,-18.40,20.33,147.26,-18.10,-7.83,173.26,54.412,54.008,-18.9410,6.7474,429.41,234.67,-18.8034,6.9610,,,0.24589,0
11.2577,4,53,5,8,379.67,475.44,capture,432.02,248.01,233.38,0,178.795,8.496,179.895,-18.44,20.46,147.13,-17.83,-8.06,173.27,54.128,54.047,-19.5627,6.8483,432.02,248.01,-19.1451,6.9103,,,0.21823,0
11.3518,4,53,5,8,379.67,475.44,capture,426.13,218.26,261.35,0,178.771,8.545,179.872,-18.55,20.35,146.84,-18.23,-8.07,172.96,54.009,53.879,-18.2768,6.3894,426.13,218.26,-18.7544,6.6759,,,0.22227,0
11.4393,4,53,5,8,379.67,475.44,capture,438.03,224.12,258.01,0,178.788,8.395,179.866,-18.61,20.29,146.96,-17.81,-9.15,172.97,54.235,53.775,-18.1847,7.4657,438.03,224.12,-18.4980,7.0313,,,0.23589,0
11.5496,4,53,5,8,379.67,475.44,capture,418.60,238.10,240.52,0,178.793,8.370,179.854,-18.41,20.35,146.82,-17.86,-7.63,172.83,53.952,53.782,-19.8513,6.3910,418.60,238.10,-19.1070,6.7432,,,0.22361,0
11.6382,4,53,5,8,379.67,475.44,capture,406.86,251.35,225.74,0,178.789,8.468,179.832,-18.51,20.37,146.87,-18.35,-7.90,173.03,53.948,54.136,-19.6108,6.1286,406.86,251.35,-19.3337,6.4666,,,0.20691,0
11.7258,4,53,5,8,379.67,475.44,capture,397.97,217.90,258.19,0,178.940,8.374,179.872,-18.53,20.61,147.11,-18.19,-7.92,173.15,53.822,54.151,-18.1299,6.1398,397.97,217.90,-18.7920,6.3196,,,0.22959,0
11.8904,5,73,8,1,67.00,734.78,dwell,351.99,441.34,409.05,0,179.156,8.281,179.894,-18.49,20.63,147.16,-18.79,-8.91,172.99,53.666,54.663,-26.6790,3.7149,351.99,441.34,-26.6790,3.7149,,,0.21497,0
11.9924,5,73,8,1,67.00,734.78,dwell,405.48,456.69,438.07,0,179.360,8.424,179.890,-18.56,20.61,147.31,-18.15,-7.62,173.99,53.926,54.442,-27.0873,6.8085,405.48,456.69,-26.8627,5.1070,,,0.21980,0
12.0745,5,73,8,1,67.00,734.78,dwell,293.85,320.28,472.51,0,179.280,8.515,179.888,-18.48,20.68,147.46,-18.51,-6.81,173.94,53.586,54.381,-22.8937,1.1343,293.85,320.28,-25.0767,3.3193,,,0.22191,0
12.1832,5,73,8,1,67.00,734.78,dwell,272.37,509.02,305.19,0,179.243,8.583,179.882,-18.45,20.60,147.49,-17.82,-8.39,174.21,53.423,54.464,-29.2773,-0.4124,272.37,509.02,-26.9670,1.6400,,,0.20103,0
12.2755,5,73,8,1,67.00,734.78,dwell,298.61,566.58,286.24,0,179.217,8.454,179.874,-18.28,20.63,147.39,-17.91,-7.82,173.32,53.502,54.392,-30.6452,0.6474,298.61,566.58,-28.6222,1.1934,,,0.20407,0
12.3715,5,73,8,1,67.00,734.78,dwell,289.37,673.46,230.67,0,179.070,8.475,179.838,-18.34,20.59,147.42,-18.37,-8.08,173.70,53.699,54.512,-35.1862,0.6073,289.37,673.46,-31.5760,0.9296,,,0.23238,0
12.4787,5,73,8,1,67.00,734.78,dwell,242.61,656.09,192.43,0,179.078,8.577,179.791,-18.32,20.52,147.48,-17.95,-6.73,173.22,53.246,54.668,-35.2846,-1.8824,242.61,656.09,-33.2449,-0.3358,,,0.23079,0
12.5802,5,73,8,1,67.00,734.78,dwell,221.55,691.13,160.60,0,179.045,8.636,179.778,-18.30,20.59,147.29,-18.01,-9.06,173.48,52.881,54.526,-35.6765,-3.3656,221.55,691.13,-34.3391,-1.6992,,,0.21397,0
12.6905,5,73,8,1,67.00,734.78,dwell,213.66,729.59,146.75,0,179.011,8.687,179.819,-18.22,20.59,147.38,-17.76,-8.28,174.09,53.180,54.129,-37.3993,-2.9076,213.66,729.59,-35.7162,-2.2430,,,0.20909,0
12.7758,5,73,8,1,67.00,734.78,dwell,194.66,754.49,129.17,0,178.955,8.644,179.809,-18.34,20.44,147.20,-17.98,-8.27,173.19,53.107,54.153,-39.5946,-4.4626,194.66,754.49,-37.4615,-3.2418,,,0.20244,0
12.8768,5,73,8,1,67.00,734.78,capture,184.56,821.76,146.24,0,178.999,8.685,179.844,-18.35,20.32,147.34,-17.28,-8.38,173.11,53.315,54.009,-41.9626,-4.1184,184.56,821.76,-39.4870,-3.6363,,,0.19068,0
12.9725,5,73,8,1,67.00,734.78,capture,169.43,782.87,113.16,0,178.955,8.768,179.882,-18.28,20.41,147.22,-17.94,-7.49,173.45,53.639,53.981,-41.0517,-5.1661,169.43,782.87,-40.1911,-4.3247,,,0.22593,0
13.0545,5,73,8,1,67.00,734.78,capture,211.31,798.21,157.64,0,178.885,8.694,179.902,-18.25,20.49,147.23,-17.69,-7.96,173.65,53.756,53.705,-41.0168,-2.4264,211.31,798.21,-40.5626,-3.4705,,,0.21327,0
13.1655,5,73,8,1,67.00,734.78,capture,203.03,802.57,151.99,0,178.927,8.697,179.869,-18.18,20.47,147.26,-17.65,-8.73,173.70,53.858,53.769,-40.3301,-3.5929,203.03,802.57,-40.4580,-3.5256,,,0.21358,0
13.2475,5,73,8,1,67.00,734.78,capture,203.09,800.88,151.29,0,178.996,8.573,179.867,-18.18,20.38,147.30,-17.81,-8.22,172.89,54.095,53.519,-41.2873,-3.1848,203.09,800.88,-40.8312,-3.3722,,,0.22250,0
13.3625,5,73,8,1,67.00,734.78,capture,205.81,789.87,149.34,0,178.962,8.582,179.860,-18.19,20.31,147.29,-17.99,-7.97,173.27,53.898,53.558,-41.0335,-2.7705,205.81,789.87,-40.9222,-3.1014,,,0.21389,0
13.4707,5,73,8,1,67.00,734.78,capture,203.59,793.00,148.48,0,179.005,8.611,179.859,-18.32,20.34,147.08,-18.01,-8.30,173.53,53.901,53.387,-40.8621,-3.4852,203.59,793.00,-40.8952,-3.2741,,,0.24197,0
13.5904,5,73,8,1,67.00,734.78,capture,194.48,790.21,139.01,0,178.880,8.510,179.879,-18.20,20.20,146.91,-17.44,-8.29,173.12,53.952,53.754,-41.2788,-3.1248,194.48,790.21,-41.0678,-3.2069,,,0.19621,0
13.6973,5,73,8,1,67.00,734.78,capture,196.33,787.10,139.51,0,178.855,8.515,179.883,-18.39,20.37,147.08,-18.13,-8.04,173.21,53.824,53.935,-41.5315,-3.5977,196.33,787.10,-41.2765,-3.3828,,,0.19567,0
13.8164,5,73,8,1,67.00,734.78,capture,199.17,781.50,140.19,0,178.811,8.665,179.854,-18.51,20.47,147.02,-18.03,-7.96,172.88,53.470,53.890,-40.3572,-3.5148,199.17,781.50,-40.8628,-3.4422,,,0.21437,0
13.9170,5,73,8,1,67.00,734.78,capture,179.44,803.46,131.76,0,178.884,8.692,179.835,-18.39,20.49,147.18,-17.91,-8.13,173.18,53.530,53.604,-41.3255,-4.1218,179.44,803.46,-41.0710,-3.7480,,,0.21444,0
14.0173,5,73,8,1,67.00,734.78,capture,190.80,817.02,148.63,0,178.922,8.695,179.831,-18.37,20.59,147.48,-18.24,-7.81,174.34,53.426,53.673,-41.6868,-4.4896,190.80,817.02,-41.3481,-4.0817,,,0.22597,0
14.1077,5,73,8,1,67.00,734.78,capture,197.59,778.17,137.61,0,178.882,8.529,179.801,-18.27,20.77,147.34,-18.07,-7.69,173.57,53.456,53.835,-39.2800,-4.0073,197.59,778.17,-40.4174,-4.0482,,,0.19807,0
14.2160,5,73,8,1,67.00,734.78,capture,200.91,784.09,142.70,0,178.836,8.619,179.825,-18.22,20.79,147.29,-17.83,-8.28,173.61,53.255,54.058,-40.4682,-4.5788,200.91,784.09,-40.4403,-4.2870,,,0.18030,0
14.3156,5,73,8,1,67.00,734.78,capture,201.79,782.75,143.07,0,178.765,8.655,179.850,-18.33,20.95,147.25,-18.04,-7.14,173.49,53.442,53.975,-39.4615,-3.3061,201.79,782.75,-39.9998,-3.8456,,,0.18907,0
14.4077,5,73,8,1,67.00,734.78,capture,195.49,809.38,148.58,0,178.828,8.691,179.844,-18.29,20.84,147.54,-17.75,-7.32,173.67,53.260,54.321,-41.8124,-3.6183,195.49,809.38,-40.8155,-3.7433,,,0.17847,0
14.5026,5,73,8,1,67.00,734.78,capture,176.48,793.86,124.40,0,178.901,8.835,179.824,-18.28,21.09,147.45,-18.40,-8.37,174.51,53.402,54.525,-40.9189,-4.8259,176.48,793.86,-40.8620,-4.2305,,,0.21125,0
14.6179,5,73,8,1,67.00,734.78,capture,167.80,818.01,130.72,0,178.928,8.804,179.838,-18.27,21.26,147.44,-17.91,-7.05,173.80,53.384,54.391,-41.6282,-4.9795,167.80,818.01,-41.2068,-4.5675,,,0.20534,0
14.7187,5,73,8,1,67.00,734.78,capture,193.45,790.03,137.99,0,178.975,8.735,179.858,-18.29,21.13,147.68,-18.46,-7.70,173.85,53.603,54.840,-40.8059,-3.4455,193.45,790.03,-41.0264,-4.0626,,,0.19968,0
14.8326,5,73,8,1,67.00,734.78,capture,185.89,800.79,135.99,0,178.971,8.796,179.841,-18.24,21.20,147.67,-18.15,-7.41,173.71,53.483,54.507,-41.9220,-3.3589,185.89,800.79,-41.4294,-3.7459,,,0.21683,0
14.9285,5,73,8,1,67.00,734.78,capture,179.56,785.42,123.43,0,179.018,8.694,179.837,-18.21,21.20,147.67,-18.47,-7.51,173.37,53.492,54.476,-40.9635,-4.4086,179.56,785.42,-41.2198,-4.0441,,,0.21952,0
15.0999,6,54,6,0,22.33,561.89,dwell,215.48,762.97,278.82,0,178.939,8.771,179.830,-18.23,21.20,147.61,-17.97,-6.91,173.83,53.446,54.316,-38.5503,-2.7449,215.48,762.97,-38.5503,-2.7449,,,0.18670,0
15.2050,6,54,6,0,22.33,561.89,dwell,194.48,733.22,242.88,0,178.965,8.780,179.850,-18.22,21.19,147.43,-18.06,-7.51,173.74,53.306,54.127,-39.1380,-3.8463,194.48,733.22,-38.8148,-3.2405,,,0.21398,0
15.3138,6,54,6,0,22.33,561.89,dwell,80.51,685.36,136.49,0,178.985,8.722,179.877,-18.30,21.13,147.40,-17.74,-7.49,173.28,53.584,53.367,-35.5895,-9.0818,80.51,685.36,-37.3634,-5.8691,,,0.20219,0
15.4195,6,54,6,0,22.33,561.89,dwell,35.17,713.63,152.28,0,178.958,8.797,179.838,-18.27,21.07,147.18,-17.69,-6.56,173.14,53.730,53.757,-37.5623,-10.4277,35.17,713.63,-37.4529,-7.9205,,,0.20165,0
15.5263,6,54,6,0,22.33,561.89,dwell,79.30,672.86,124.74,0,178.941,8.766,179.843,-18.20,21.22,147.21,-17.42,-7.62,173.06,53.747,54.148,-35.8956,-9.4556,79.30,672.86,-36.7521,-8.6113,,,0.21745,0
15.6392,6,54,6,0,22.33,561.89,dwell,57.52,659.88,104.12,0,178.866,8.722,179.870,-18.24,21.07,147.12,-17.44,-7.61,174.02,53.510,54.173,-35.1809,-10.5251,57.52,659.88,-36.0451,-9.4725,,,0.20603,0
15.7278,6,54,6,0,22.33,561.89,dwell,63.61,546.44,44.07,0,179.024,8.757,179.866,-18.16,20.79,146.94,-18.19,-8.43,173.21,53.354,53.818,-31.4587,-9.8342,63.61,546.44,-33.9812,-9.6353,,,0.21802,0
15.8384,6,54,6,0,22.33,561.89,dwell,-21.09,574.66,45.26,0,179.035,8.844,179.904,-18.13,20.61,146.74,-17.67,-7.82,172.44,53.169,53.807,-32.3063,-13.6725,-21.09,574.66,-33.2275,-11.4520,,,0.19979,0
15.9318,6,54,6,0,22.33,561.89,capture,0.31,536.90,33.31,1,179.058,8.848,179.904,-18.32,20.66,146.86,-18.08,-8.19,172.94,53.438,53.680,-31.5744,-12.5627,0.31,536.90,-32.4836,-11.9518,,,0.21826,0
16.0198,6,54,6,0,22.33,561.89,capture,-8.58,538.34,38.86,0,179.003,8.701,179.879,-18.45,20.52,146.77,-18.20,-7.62,172.63,53.210,53.940,-30.8370,-13.5764,-8.58,538.34,-31.7426,-12.6829,,,0.19945,0
16.1190,6,54,6,0,22.33,561.89,capture,-1.47,551.94,25.80,0,178.889,8.674,179.860,-18.56,20.58,146.89,-17.96,-7.44,172.86,53.271,53.933,-31.7872,-12.9698,-1.47,551.94,-31.7627,-12.8120,,,0.18628,0
16.2194,6,54,6,0,22.33,561.89,capture,-30.48,513.10,71.90,0,178.824,8.547,179.819,-18.46,20.58,146.90,-18.51,-7.29,172.56,53.347,53.680,-30.1789,-14.6290,-30.48,513.10,-31.0500,-13.6296,,,0.19085,0
16.3330,6,54,6,0,22.33,561.89,capture,-35.13,528.33,66.54,0,178.996,8.557,179.853,-18.29,20.52,147.08,-18.19,-8.47,173.31,53.476,53.877,-31.0908,-14.3685,-35.13,528.33,-31.0683,-13.9621,,,0.21733,0
16.4164,6,54,6,0,22.33,561.89,capture,-18.21,527.61,53.09,0,179.005,8.629,179.912,-18.30,20.67,146.99,-17.42,-7.87,173.31,53.563,54.110,-30.3967,-13.4553,-18.21,527.61,-30.7661,-13.7341,,,0.21960,0
16.5209,6,54,6,0,22.33,561.89,capture,-10.45,532.47,44.05,0,178.904,8.464,179.872,-18.27,20.72,147.06,-18.03,-8.02,173.02,53.431,54.423,-31.1717,-13.6651,-10.45,532.47,-30.9486,-13.7030,,,0.19296,0
16.6243,6,54,6,0,22.33,561.89,capture,-2.58,527.88,42.16,0,178.827,8.423,179.864,-18.11,20.74,146.96,-18.08,-8.18,172.73,53.301,53.769,-30.3973,-13.3918,-2.58,527.88,-30.7005,-13.5629,,,0.21085,0
16.7326,6,54,6,0,22.33,561.89,capture,-0.64,525.45,43.08,0,178.874,8.224,179.867,-18.18,20.71,147.19,-17.84,-8.33,173.52,53.301,53.558,-30.3381,-12.3328,-0.64,525.45,-30.5374,-13.0094,,,0.18873,0
16.8221,6,54,6,0,22.33,561.89,capture,-13.46,518.04,56.60,0,178.876,8.259,179.855,-18.24,20.72,146.91,-18.23,-8.20,172.96,53.458,53.806,-30.3747,-13.3252,-13.46,518.04,-30.4642,-13.1515,,,0.20345,0
16.9165,6,54,6,0,22.33,561.89,capture,-18.61,538.36,47.22,0,178.851,8.170,179.839,-18.27,20.65,147.08,-18.15,-8.53,173.14,53.492,53.385,-30.8578,-13.2527,-18.61,538.36,-30.6413,-13.1970,,,0.19344,0
17.0024,6,54,6,0,22.33,561.89,capture,-14.92,540.12,43.15,0,178.853,8.135,179.821,-18.30,20.82,147.27,-17.79,-7.59,173.63,53.614,53.233,-30.5904,-13.2058,-14.92,540.12,-30.6184,-13.2010,,,0.18899,0
17.0971,6,54,6,0,22.33,561.89,capture,-12.18,510.49,61.91,0,178.915,8.200,179.796,-18.29,20.91,147.39,-18.26,-7.46,173.47,53.524,53.218,-29.9230,-13.6379,-12.18,510.49,-30.3055,-13.3976,,,0.22542,0
17.2015,6,54,6,0,22.33,561.89,capture,-22.89,541.12,49.76,0,178.898,8.228,179.805,-18.28,20.93,147.59,-17.82,-7.06,173.84,53.282,53.771,-31.7219,-14.4888,-22.89,541.12,-30.9428,-13.8886,,,0.20137,0
17.3264,6,54,6,0,22.33,561.89,capture,5.13,540.41,27.52,1,178.832,8.311,179.846,-18.27,21.09,147.80,-17.65,-7.23,174.10,53.661,53.976,-30.5154,-12.7798,5.13,540.41,-30.7505,-13.3897,,,0.19966,0
17.4333,6,54,6,0,22.33,561.89,capture,-21.89,521.84,59.66,0,178.878,8.179,179.792,-18.21,21.01,147.78,-17.37,-7.11,174.32,53.306,54.348,-29.7566,-13.8664,-21.89,521.84,-30.3032,-13.6042,,,0.20754,0
17.5566,6,54,6,0,22.33,561.89,capture,-17.20,542.81,43.90,0,179.003,8.288,179.803,-18.09,21.05,147.69,-17.60,-6.83,173.49,53.228,54.459,-30.9653,-13.6575,-17.20,542.81,-30.6012,-13.6282,,,0.18745,0
17.6399,6,54,6,0,22.33,561.89,capture,-3.82,551.85,28.01,0,179.192,8.360,179.832,-18.20,21.13,147.65,-17.63,-7.39,174.37,53.474,54.711,-31.0048,-12.8674,-3.82,551.85,-30.7828,-13.2858,,,0.19447,0
17.7242,6,54,6,0,22.33,561.89,capture,-8.05,537.87,38.73,0,179.232,8.419,179.853,-18.26,21.10,147.44,-17.95,-7.58,173.81,53.608,54.735,-29.2590,-13.4890,-8.05,537.87,-30.0971,-13.3773,,,0.20348,0
17.8300,6,54,6,0,22.33,561.89,capture,-30.69,539.07,57.72,0,179.261,8.406,179.851,-18.39,20.97,147.66,-18.18,-7.44,173.60,53.845,54.941,-29.3859,-14.2519,-30.69,539.07,-29.7770,-13.7709,,,0.21669,0
18.0348,7,38,4,2,111.67,389.00,dwell,58.42,493.73,117.49,0,179.152,8.437,179.862,-18.37,21.07,147.68,-17.79,-7.73,174.00,53.754,54.614,-28.8743,-9.8527,58.42,493.73,-28.8743,-9.8527,,,0.20712,0
18.1342,7,38,4,2,111.67,389.00,dwell,-4.27,423.09,120.84,0,179.019,8.568,179.853,-18.37,21.12,147.59,-18.43,-7.48,174.03,53.788,54.576,-26.8672,-13.2450,-4.27,423.09,-27.9711,-11.3792,,,0.22070,0
18.2203,7,38,4,2,111.67,389.00,dwell,-39.40,497.02,185.71,0,179.010,8.366,179.828,-18.42,21.06,147.54,-17.64,-8.35,173.88,53.589,54.586,-29.4573,-14.4950,-39.40,497.02,-28.6399,-12.7813,,,0.21909,0
18.3293,7,38,4,2,111.67,389.00,dwell,-37.59,399.22,149.61,0,178.929,8.350,179.854,-18.33,20.96,147.48,-17.58,-7.65,173.25,53.752,54.613,-24.6444,-14.6556,-37.59,399.22,-26.8419,-13.6248,,,0.22167,0
18.4205,7,38,4,2,111.67,389.00,dwell,16.71,377.21,95.69,0,178.964,8.341,179.828,-18.32,21.11,147.20,-18.02,-6.29,173.51,53.526,54.852,-24.3036,-11.8751,16.71,377.21,-25.6997,-12.8374,,,0.19743,0
18.5240,7,38,4,2,111.67,389.00,dwell,-10.56,353.56,127.26,0,179.079,8.261,179.806,-18.44,21.15,147.17,-18.15,-7.52,173.56,53.610,55.110,-24.0806,-12.6733,-10.56,353.56,-24.9711,-12.7636,,,0.20522,0
18.6322,7,38,4,2,111.67,389.00,dwell,-14.54,339.21,135.67,0,179.017,8.206,179.801,-18.49,21.03,147.16,-18.15,-7.51,173.12,53.773,54.555,-22.5066,-13.8411,-14.54,339.21,-23.8621,-13.2484,,,0.21314,0
18.7364,7,38,4,2,111.67,389.00,dwell,-15.19,332.80,138.75,0,178.967,8.215,179.792,-18.39,20.98,146.98,-17.88,-6.83,173.37,53.451,53.988,-22.6345,-13.9133,-15.19,332.80,-23.3097,-13.5476,,,0.21162,0
18.8429,7,38,4,2,111.67,389.00,capture,-31.39,322.70,157.67,0,178.902,8.106,179.756,-18.26,20.86,146.99,-17.68,-7.48,173.01,53.594,53.793,-21.3303,-14.5527,-31.39,322.70,-22.4190,-13.9999,,,0.19579,0
18.9249,7,38,4,2,111.67,389.00,capture,-17.61,323.23,145.05,0,178.757,8.241,179.736,-18.31,20.86,146.86,-18.61,-8.13,173.17,53.685,54.117,-21.9870,-13.2780,-17.61,323.23,-22.2246,-13.6751,,,0.20749,0
19.0520,7,38,4,2,111.67,389.00,capture,-31.33,348.62,148.59,0,178.907,8.167,179.750,-18.35,20.70,146.91,-18.04,-7.97,172.80,53.489,54.122,-22.7891,-13.8673,-31.33,348.62,-22.4786,-13.7616,,,0.21739,0
19.1547,7,38,4,2,111.67,389.00,capture,-26.07,345.98,144.30,0,178.845,8.167,179.761,-18.35,20.83,147.00,-18.30,-7.55,172.89,53.740,53.955,-23.1798,-13.6893,-26.07,345.98,-22.7942,-13.7290,,,0.20863,0
19.2616,7,38,4,2,111.67,389.00,capture,-14.62,333.51,137.94,0,178.834,8.039,179.764,-18.30,20.78,147.05,-17.32,-8.01,173.32,53.802,54.027,-22.9474,-13.5023,-14.62,333.51,-22.8631,-13.6270,,,0.22223,0
19.3546,7,38,4,2,111.67,389.00,capture,-23.35,326.98,148.58,0,178.829,7.978,179.795,-18.21,20.70,147.19,-18.64,-7.05,173.05,54.122,53.729,-23.0016,-13.7114,-23.35,326.98,-22.9254,-13.6650,,,0.24246,0
19.4554,7,38,4,2,111.67,389.00,capture,-22.14,338.87,142.89,0,178.744,7.938,179.812,-18.17,20.78,147.10,-17.35,-8.11,172.66,53.825,53.426,-23.7606,-13.9471,-22.14,338.87,-23.3013,-13.7919,,,0.20884,0
19.5529,7,38,4,2,111.67,389.00,capture,-18.79,309.62,152.71,0,178.690,7.774,179.822,-18.24,20.79,147.24,-17.71,-8.29,173.92,54.097,53.559,-23.1714,-13.5904,-18.79,309.62,-23.2429,-13.7013,,,0.23003,0
19.6488,7,38,4,2,111.67,389.00,capture,-13.92,321.24,142.70,0,178.682,7.700,179.830,-18.38,20.82,147.32,-18.02,-7.81,173.59,54.043,53.669,-21.6725,-14.1683,-13.92,321.24,-22.5362,-13.9114,,,0.20167,0
19.7499,7,38,4,2,111.67,389.00,capture,-14.73,325.74,141.34,0,178.664,7.894,179.831,-18.35,20.77,147.44,-17.59,-7.04,173.70,53.803,53.825,-21.9118,-13.5318,-14.73,325.74,-22.2552,-13.7406,,,0.21805,0
19.8428,7,38,4,2,111.67,389.00,capture,-7.93,349.78,125.86,0,178.619,7.903,179.823,-18.34,20.97,147.48,-17.72,-8.42,173.98,53.868,53.563,-23.8386,-13.4207,-7.93,349.78,-22.9677,-13.5967,,,0.20903,0
19.9396,7,38,4,2,111.67,389.00,capture,-1.68,312.63,136.67,0,178.621,8.077,179.842,-18.36,20.84,147.34,-17.88,-7.64,173.69,53.826,53.634,-21.9706,-12.4756,-1.68,312.63,-22.5190,-13.0922,,,0.22381,0
20.0246,7,38,4,2,111.67,389.00,capture,-8.77,301.35,148.95,0,178.768,8.004,179.824,-18.30,20.92,147.16,-18.27,-7.46,173.33,53.719,53.729,-22.0135,-12.7216,-8.77,301.35,-22.2915,-12.9254,,,0.22436,0
20.1290,7,38,4,2,111.67,389.00,capture,10.14,316.47,124.77,0,178.803,8.072,179.850,-18.22,20.81,147.12,-18.25,-7.61,173.05,53.844,53.727,-22.4149,-12.4044,10.14,316.47,-22.3470,-12.6909,,,0.20702,0
20.2256,7,38,4,2,111.67,389.00,capture,-27.77,319.79,155.67,0,178.909,8.087,179.869,-18.27,20.71,147.39,-17.57,-7.58,173.80,53.581,53.906,-22.0764,-13.5161,-27.77,319.79,-22.2252,-13.0623,,,0.19798,0
20.3289,7,38,4,2,111.67,389.00,capture,-18.65,327.07,144.28,0,178.972,8.291,179.872,-18.19,20.68,147.41,-17.68,-7.86,173.90,53.757,54.238,-22.9730,-14.0680,-18.65,327.07,-22.5618,-13.5149,,,0.19642,0
20.4254,7,38,4,2,111.67,389.00,capture,-17.56,332.63,140.99,0,179.072,8.199,179.842,-18.28,20.62,147.36,-17.71,-8.41,173.86,54.087,54.527,-22.5168,-14.0903,-17.56,332.63,-22.5415,-13.7738,,,0.21892,0
20.5237,7,38,4,2,111.67,389.00,capture,-33.85,316.00,162.80,0,179.065,8.240,179.803,-18.14,20.75,147.44,-17.59,-7.76,173.78,53.994,54.688,-22.9737,-14.6332,-33.85,316.00,-22.7360,-14.1605,,,0.22210,0
20.6343,7,38,4,2,111.67,389.00,capture,-34.63,312.90,164.91,0,179.028,8.291,179.862,-18.24,20.84,147.16,-17.66,-7.30,173.28,53.944,54.304,-23.1662,-13.8427,-34.63,312.90,-22.9296,-14.0175,,,0.21384,0
20.7361,7,38,4,2,111.67,389.00,capture,-5.35,316.69,137.56,0,179.162,8.184,179.862,-18.17,20.64,147.05,-18.09,-8.07,173.28,53.712,54.301,-22.3094,-13.1029,-5.35,316.69,-22.6505,-13.6059,,,0.22891,0
20.9347,8,43,4,7,335.00,389.00,dwell,123.69,423.45,214.10,0,179.086,8.328,179.843,-18.33,20.75,147.13,-17.80,-8.18,173.14,53.732,54.197,-25.2736,-7.2047,123.69,423.45,-25.2736,-7.2047,,,0.22548,0
21.0245,8,43,4,7,335.00,389.00,dwell,201.10,570.59,225.62,0,179.071,8.422,179.822,-18.39,20.85,147.29,-17.94,-8.15,173.51,53.772,54.235,-32.7108,-3.5863,201.10,570.59,-28.6204,-5.5764,,,0.19739,0
21.1534,8,43,4,7,335.00,389.00,dwell,236.56,447.82,114.67,0,179.031,8.448,179.822,-18.28,21.08,147.52,-17.75,-8.07,173.39,54.148,54.158,-26.9999,-1.8924,236.56,447.82,-27.8912,-3.9186,,,0.20964,0
21.2583,8,43,4,7,335.00,389.00,dwell,219.57,443.88,127.81,0,178.911,8.419,179.831,-18.23,21.02,147.24,-17.97,-7.60,173.89,54.270,54.354,-27.2725,-2.4061,219.57,443.88,-27.6127,-3.2380,,,0.23578,0
21.3627,8,43,4,7,335.00,389.00,dwell,206.48,531.48,191.88,0,178.779,8.396,179.810,-18.29,20.88,147.22,-18.26,-7.42,173.31,54.261,54.282,-30.9532,-3.5020,206.48,531.48,-29.1159,-3.3568,,,0.21590,0
21.4617,8,43,4,7,335.00,389.00,dwell,305.72,566.49,179.89,0,178.659,8.407,179.836,-18.45,20.71,147.13,-17.40,-7.44,173.22,54.193,54.084,-31.7408,1.8266,305.72,566.49,-30.2971,-1.0243,,,0.21706,0
21.5712,8,43,4,7,335.00,389.00,dwell,311.49,475.48,89.62,0,178.799,8.607,179.828,-18.39,20.53,147.23,-17.95,-7.62,173.34,53.875,54.069,-28.0999,1.7874,311.49,475.48,-29.3084,0.2410,,,0.21006,0
21.6598,8,43,4,7,335.00,389.00,dwell,362.94,560.71,173.97,0,178.818,8.463,179.837,-18.39,20.66,147.41,-17.82,-8.63,173.88,53.840,53.943,-30.5190,3.9173,362.94,560.71,-29.8531,1.8953,,,0.24489,0
21.7595,8,43,4,7,335.00,389.00,dwell,396.75,563.14,184.76,0,178.790,8.374,179.825,-18.24,20.78,147.69,-18.36,-6.88,174.16,53.774,53.795,-31.3271,5.2258,396.75,563.14,-30.5164,3.3940,,,0.18833,0
21.8503,8,43,4,7,335.00,389.00,capture,410.75,609.40,233.05,0,178.818,8.435,179.811,-18.11,20.81,147.68,-18.19,-8.70,174.60,53.650,53.971,-32.7521,6.8203,410.75,609.40,-31.5225,4.9359,,,0.23940,0
21.9502,8,43,4,7,335.00,389.00,capture,407.66,574.09,198.84,0,178.848,8.541,179.812,-18.05,20.77,147.74,-18.23,-7.26,174.20,53.656,54.024,-31.4913,6.2475,407.66,574.09,-31.5085,5.5261,,,0.21349,0
22.0518,8,43,4,7,335.00,389.00,capture,416.54,618.65,243.70,0,178.711,8.571,179.852,-18.05,20.58,147.77,-17.79,-7.06,174.15,53.244,53.883,-33.4142,6.7185,416.54,618.65,-32.3661,6.0627,,,0.21534,0
22.1454,8,43,4,7,335.00,389.00,capture,422.68,600.59,229.04,0,178.803,8.503,179.839,-18.12,20.49,147.87,-17.96,-7.72,174.16,53.229,54.252,-32.2106,7.3885,422.68,600.59,-32.2961,6.6593,,,0.18917,0
22.2580,8,43,4,7,335.00,389.00,capture,438.21,624.23,256.88,0,178.844,8.520,179.841,-18.26,20.71,148.08,-17.99,-9.13,174.17,52.973,53.941,-32.8012,8.0170,438.21,624.23,-32.5234,7.2703,,,0.22268,0
22.3587,8,43,4,7,335.00,389.00,capture,419.39,602.74,229.80,0,178.783,8.467,179.856,-18.26,20.90,148.09,-18.00,-7.70,174.86,53.527,53.997,-33.3369,6.3079,419.39,602.74,-32.8895,6.8372,,,0.21980,0
22.4548,8,43,4,7,335.00,389.00,capture,392.83,603.53,222.19,0,178.688,8.415,179.834,-18.28,20.94,147.95,-17.44,-7.60,174.59,53.896,53.722,-33.0924,5.1958,392.83,603.53,-32.9808,6.0986,,,0.23345,0
22.5469,8,43,4,7,335.00,389.00,capture,412.77,617.08,240.97,0,178.697,8.355,179.807,-18.34,20.86,147.74,-18.70,-7.89,174.09,54.028,53.247,-34.0366,6.3606,412.77,617.08,-33.4559,6.2165,,,0.19882,0
22.6447,8,43,4,7,335.00,389.00,capture,417.38,616.63,242.08,0,178.704,8.402,179.798,-18.45,20.83,147.75,-18.09,-7.16,173.74,53.900,53.311,-33.5250,5.9606,417.38,616.63,-33.4870,6.1013,,,0.23414,0
22.7345,8,43,4,7,335.00,389.00,capture,420.20,580.45,209.55,0,178.650,8.474,179.804,-18.56,20.90,147.53,-17.78,-8.37,173.40,53.961,53.637,-31.8973,6.5798,420.20,580.45,-32.7716,6.3166,,,0.21020,0
22.8194,8,43,4,7,335.00,389.00,capture,432.45,604.28,236.31,0,178.777,8.389,179.768,-18.48,21.03,147.57,-17.72,-7.01,173.76,53.652,53.974,-33.5579,7.2686,432.45,604.28,-33.1254,6.7450,,,0.21018,0
22.9304,8,43,4,7,335.00,389.00,capture,437.64,595.35,230.47,0,178.792,8.312,179.791,-18.47,21.14,147.72,-18.44,-7.92,174.36,53.366,54.083,-32.6350,7.5757,437.64,595.35,-32.9047,7.1189,,,0.22714,0
23.0379,8,43,4,7,335.00,389.00,capture,436.34,591.07,226.06,0,178.854,8.338,179.806,-18.53,21.16,147.62,-17.88,-7.17,173.75,53.425,53.885,-32.1799,6.9739,436.34,591.07,-32.5786,7.0536,,,0.19961,0
23.1368,8,43,4,7,335.00,389.00,capture,423.55,610.75,238.78,0,178.966,8.372,179.784,-18.62,21.04,147.44,-17.94,-8.31,173.84,53.500,54.485,-34.0630,7.0302,423.55,610.75,-33.2465,7.0431,,,0.19524,0
23.2246,8,43,4,7,335.00,389.00,capture,416.24,566.84,195.52,0,178.939,8.463,179.802,-18.61,20.93,147.11,-17.24,-7.25,173.20,54.036,54.515,-30.9696,6.6436,416.24,566.84,-32.2219,6.8633,,,0.21419,0
23.3310,8,43,4,7,335.00,389.00,capture,401.76,602.91,224.09,0,179.005,8.312,179.786,-18.60,20.83,147.22,-18.42,-7.16,173.20,53.793,54.384,-33.3352,5.0060,401.76,602.91,-32.7229,6.0275,,,0.20514,0
23.4287,8,43,4,7,335.00,389.00,capture,410.87,618.52,241.73,0,178.852,8.331,179.779,-18.51,20.82,147.23,-18.28,-8.17,173.38,53.730,54.076,-33.6808,6.2792,410.87,618.52,-33.1540,6.1408,,,0.18593,0
23.5421,8,43,4,7,335.00,389.00,capture,420.30,623.45,249.49,0,178.806,8.370,179.810,-18.48,20.73,147.42,-18.24,-7.66,173.36,53.625,54.108,-35.0922,6.5999,420.30,623.45,-34.0262,6.3474,,,0.20808,0
23.6431,8,43,4,7,335.00,389.00,capture,395.47,597.12,216.73,0,178.774,8.317,179.844,-18.52,20.52,147.15,-17.65,-7.30,173.46,53.542,53.627,-32.5915,5.6238,395.47,597.12,-33.3806,6.0218,,,0.23037,0
23.7399,8,43,4,7,335.00,389.00,capture,391.97,590.32,209.23,0,178.725,8.269,179.809,-18.52,20.71,147.49,-17.71,-8.04,173.93,53.314,54.074,-33.1310,5.5128,391.97,590.32,-33.2683,5.7927,,,0.19566,0
23.9731,9,65,7,2,111.67,648.33,dwell,309.87,732.77,215.44,0,178.779,8.315,179.811,-18.56,20.76,147.43,-18.20,-7.25,174.09,53.067,54.113,-38.2857,1.8539,309.87,732.77,-38.2857,1.8539,,,0.21181,0
24.0731,9,65,7,2,111.67,648.33,dwell,384.28,590.83,278.61,0,178.777,8.278,179.828,-18.55,20.76,147.70,-17.92,-7.83,174.36,53.237,54.259,-31.4583,4.9339,384.28,590.83,-35.2134,3.2399,,,0.19336,0
24.1866,9,65,7,2,111.67,648.33,dwell,258.65,573.11,165.11,0,178.761,8.390,179.821,-18.50,20.64,147.58,-18.52,-7.98,173.95,53.284,54.254,-32.1312,-1.1287,258.65,573.11,-33.8264,1.2740,,,0.19204,0
24.2686,9,65,7,2,111.67,648.33,dwell,169.59,639.50,58.59,0,178.809,8.414,179.775,-18.53,20.66,147.68,-18.15,-8.05,174.05,53.116,54.817,-35.3072,-4.6633,169.59,639.50,-34.4928,-1.3978,,,0.18776,0
24.3655,9,65,7,2,111.67,648.33,dwell,167.63,510.24,149.00,0,178.813,8.497,179.758,-18.54,20.50,147.56,-18.28,-8.83,173.89,53.534,54.553,-29.9603,-4.6326,167.63,510.24,-32.4531,-2.8534,,,0.20911,0
24.4725,9,65,7,2,111.67,648.33,dwell,146.24,577.69,78.65,0,178.731,8.456,179.743,-18.54,20.40,147.67,-17.52,-8.52,174.07,53.439,55.036,-32.2197,-5.8389,146.24,577.69,-32.3481,-4.1969,,,0.19140,0
24.5643,9,65,7,2,111.67,648.33,dwell,115.27,547.63,100.77,0,178.885,8.496,179.762,-18.71,20.30,147.71,-18.08,-7.36,173.86,53.249,54.508,-31.1092,-7.2988,115.27,547.63,-31.7906,-5.5927,,,0.20124,0
24.6815,9,65,7,2,111.67,648.33,dwell,193.72,591.01,100.09,0,178.981,8.516,179.726,-18.58,20.35,147.89,-18.46,-8.38,174.28,53.309,54.667,-32.6999,-3.5101,193.72,591.01,-32.1998,-4.6555,,,0.19504,0
24.7974,9,65,7,2,111.67,648.33,dwell,174.47,581.49,91.72,0,178.854,8.506,179.742,-18.54,20.57,147.77,-18.43,-8.88,174.24,53.305,54.148,-32.0676,-4.6743,174.47,581.49,-32.1403,-4.6640,,,0.20336,0
24.9017,9,65,7,2,111.67,648.33,dwell,167.80,611.53,67.12,0,178.776,8.354,179.774,-18.43,20.52,147.70,-17.45,-8.48,174.23,53.240,54.627,-33.5060,-5.1550,167.80,611.53,-32.7549,-4.8849,,,0.18619,0
24.9976,9,65,7,2,111.67,648.33,dwell,81.58,591.72,64.11,0,178.674,8.465,179.769,-18.41,20.61,147.76,-17.73,-7.93,174.47,52.929,54.711,-32.9150,-9.3837,81.58,591.72,-32.8269,-6.9094,,,0.21133,0
25.1060,9,65,7,2,111.67,648.33,capture,42.54,571.14,103.62,0,178.838,8.415,179.765,-18.36,20.66,147.57,-17.76,-7.93,173.89,52.640,54.724,-31.7428,-11.1742,42.54,571.14,-32.3391,-8.8286,,,0.19565,0
25.2168,9,65,7,2,111.67,648.33,capture,63.37,588.56,76.85,0,178.743,8.371,179.740,-18.35,20.71,147.70,-18.11,-7.87,174.05,52.885,54.737,-32.2188,-10.7646,63.37,588.56,-32.2850,-9.6998,,,0.19516,0
25.3351,9,65,7,2,111.67,648.33,capture,57.29,603.16,70.69,0,178.857,8.386,179.757,-18.35,20.61,147.82,-18.17,-8.11,174.20,53.213,54.510,-32.9070,-10.6295,57.29,603.16,-32.5649,-10.1182,,,0.18373,0
25.4573,9,65,7,2,111.67,648.33,capture,86.00,585.99,67.42,0,178.856,8.410,179.766,-18.42,20.39,147.75,-17.90,-7.84,174.54,53.239,54.924,-32.7566,-8.3040,86.00,585.99,-32.6512,-9.3018,,,0.18803,0
25.5451,9,65,7,2,111.67,648.33,capture,89.72,601.32,51.88,0,178.956,8.374,179.758,-18.37,20.35,147.93,-17.30,-7.26,174.29,53.060,54.732,-33.6325,-8.1258,89.72,601.32,-33.0928,-8.7726,,,0.19213,0
25.6401,9,65,7,2,111.67,648.33,capture,91.29,595.30,56.81,0,178.948,8.419,179.787,-18.38,20.52,147.80,-17.87,-8.22,174.81,53.141,54.383,-33.8800,-8.9661,91.29,595.30,-33.4470,-8.8597,,,0.20049,0
25.7271,9,65,7,2,111.67,648.33,capture,105.33,572.45,76.15,0,179.054,8.306,179.813,-18.50,20.55,147.99,-18.10,-8.30,174.43,52.981,54.356,-32.2426,-8.0021,105.33,572.45,-32.9051,-8.4738,,,0.20756,0
25.8239,9,65,7,2,111.67,648.33,capture,100.29,568.86,80.28,0,179.031,8.309,179.833,-18.57,20.64,148.10,-17.68,-7.16,174.59,53.046,54.045,-32.1266,-8.1982,100.29,568.86,-32.5548,-8.3498,,,0.21768,0
25.9324,9,65,7,2,111.67,648.33,capture,101.38,571.98,77.04,0,178.984,8.297,179.839,-18.46,20.69,147.92,-18.50,-7.49,174.36,53.088,53.814,-31.6883,-7.9178,101.38,571.98,-32.1649,-8.1554,,,0.22006,0
26.0223,9,65,7,2,111.67,648.33,capture,78.55,573.74,81.61,0,178.908,8.432,179.817,-18.39,20.86,147.71,-18.02,-8.02,174.14,53.520,53.931,-32.1843,-8.8575,78.55,573.74,-32.1736,-8.4713,,,0.19639,0
26.1331,9,65,7,2,111.67,648.33,capture,73.05,553.24,102.64,0,179.002,8.454,179.791,-18.28,20.90,147.55,-18.43,-7.76,173.58,53.518,54.399,-31.9483,-9.2448,73.05,553.24,-32.0722,-8.8194,,,0.18476,0
26.2327,9,65,7,2,111.67,648.33,capture,85.82,558.73,93.26,0,178.955,8.522,179.782,-18.31,20.97,147.47,-17.53,-7.24,173.22,53.624,54.421,-30.9840,-9.1068,85.82,558.73,-31.5825,-8.9487,,,0.21319,0
26.3426,9,65,7,2,111.67,648.33,capture,110.44,618.07,30.29,1,178.969,8.679,179.769,-18.27,20.90,147.76,-17.46,-7.74,173.89,53.493,54.362,-33.2308,-7.5871,110.44,618.07,-32.3243,-8.3360,,,0.20608,0
26.4350,9,65,7,2,111.67,648.33,capture,89.67,581.95,69.93,0,178.921,8.605,179.754,-18.40,21.06,147.86,-17.93,-7.72,174.10,53.311,54.310,-32.2784,-8.7150,89.67,581.95,-32.3036,-8.5066,,,0.20659,0
26.5305,9,65,7,2,111.67,648.33,capture,77.39,578.62,77.68,0,178.941,8.720,179.766,-18.46,21.00,147.83,-18.10,-8.04,174.20,53.253,54.224,-31.7691,-9.6327,77.39,578.62,-32.0631,-9.0133,,,0.21123,0
26.6211,9,65,7,2,111.67,648.33,capture,70.82,583.87,76.31,0,178.866,8.761,179.773,-18.57,20.96,147.70,-17.97,-7.52,174.16,53.295,54.519,-32.6228,-9.3962,70.82,583.87,-32.3150,-9.1856,,,0.21976,0
26.7253,9,65,7,2,111.67,648.33,capture,80.89,582.19,72.95,0,178.902,8.711,179.777,-18.49,20.94,147.45,-18.19,-7.20,174.39,53.258,54.535,-31.5936,-9.1424,80.89,582.19,-31.9904,-9.1662,,,0.17015,0
26.8192,9,65,7,2,111.67,648.33,capture,63.62,581.21,82.55,0,178.824,8.719,179.761,-18.53,21.13,147.44,-17.76,-7.96,173.79,53.640,54.408,-32.3067,-10.2573,63.62,581.21,-32.1327,-9.6572,,,0.21966,0
26.9164,9,65,7,2,111.67,648.33,capture,75.52,595.13,64.32,0,178.879,8.766,179.787,-18.52,21.05,147.27,-17.65,-7.84,173.64,53.395,54.625,-32.6978,-9.5182,75.52,595.13,-32.3870,-9.5946,,,0.19505,0
27.0244,9,65,7,2,111.67,648.33,capture,76.40,569.30,86.54,0,178.961,8.692,179.797,-18.49,21.36,147.26,-17.92,-7.40,173.29,53.644,54.584,-32.4810,-9.3255,76.40,569.30,-32.4293,-9.4735,,,0.20307,0
27.1987,10,19,2,1,67.00,216.11,dwell,55.37,541.97,326.07,0,178.982,8.713,179.784,-18.36,21.25,147.43,-17.95,-7.27,173.25,53.630,54.486,-30.6714,-10.2348,55.37,541.97,-30.6714,-10.2348,,,0.19740,0
27.2906,10,19,2,1,67.00,216.11,dwell,-36.37,563.50,362.44,0,179.107,8.420,179.749,-18.47,21.18,147.21,-18.09,-8.27,173.34,53.454,54.637,-31.7403,-14.6059,-36.37,563.50,-31.1524,-12.2018,,,0.22175,0
27.3889,10,19,2,1,67.00,216.11,dwell,69.78,418.73,202.64,0,179.090,8.268,179.756,-18.49,20.92,147.08,-18.05,-7.92,172.87,53.644,54.239,-26.1509,-9.7610,69.78,418.73,-28.9017,-11.1035,,,0.20027,0
27.4799,10,19,2,1,67.00,216.11,dwell,82.80,514.02,298.33,0,179.074,8.338,179.743,-18.46,20.81,147.26,-17.71,-8.37,173.74,53.568,54.450,-30.1078,-8.4357,82.80,514.02,-29.4445,-9.9030,,,0.22823,0
27.5877,10,19,2,1,67.00,216.11,dwell,91.38,410.77,196.18,0,178.929,8.244,179.758,-18.48,20.83,147.46,-17.94,-7.65,174.02,53.470,54.159,-26.2701,-7.9867,91.38,410.77,-28.0160,-9.0407,,,0.20999,0
27.6697,10,19,2,1,67.00,216.11,dwell,52.82,415.26,199.65,0,178.892,8.213,179.793,-18.59,20.74,147.32,-17.94,-7.15,173.94,53.482,54.104,-25.9101,-10.1357,52.82,415.26,-27.0684,-9.5334,,,0.22177,0
27.7770,10,19,2,1,67.00,216.11,dwell,69.02,378.99,162.89,0,178.928,8.186,179.770,-18.58,20.80,147.38,-18.04,-8.11,173.66,53.560,54.220,-24.2221,-10.2974,69.02,378.99,-25.7875,-9.8772,,,0.21452,0
27.8806,10,19,2,1,67.00,216.11,dwell,72.88,321.12,105.17,0,178.816,8.135,179.798,-18.65,20.74,147.51,-17.83,-7.05,173.44,53.031,54.117,-22.6997,-9.4194,72.88,321.12,-24.3980,-9.6712,,,0.19695,0
27.9674,10,19,2,1,67.00,216.11,dwell,34.24,356.19,143.86,0,178.823,8.197,179.782,-18.59,20.79,147.57,-18.53,-8.41,173.88,53.225,54.207,-22.9800,-10.7005,34.24,356.19,-23.7599,-10.1344,,,0.17765,0
28.0517,10,19,2,1,67.00,216.11,dwell,54.51,299.84,84.66,0,178.898,8.072,179.769,-18.55,20.94,147.51,-18.01,-7.28,173.49,53.507,53.931,-21.1073,-9.1913,54.51,299.84,-22.5662,-9.7100,,,0.20005,0
28.1466,10,19,2,1,67.00,216.11,capture,37.88,296.24,85.26,0,179.075,7.912,179.776,-18.44,21.04,147.68,-18.12,-7.51,173.93,53.520,54.148,-21.6718,-11.1937,37.88,296.24,-22.1638,-10.3776,,,0.21989,0
28.2449,10,19,2,1,67.00,216.11,capture,43.68,321.07,107.52,0,179.226,7.846,179.777,-18.34,20.91,147.71,-17.25,-8.11,173.68,53.356,54.069,-22.1626,-10.9828,43.68,321.07,-22.1632,-10.6500,,,0.23026,0
28.3490,10,19,2,1,67.00,216.11,capture,40.89,295.67,83.73,0,179.208,7.893,179.772,-18.29,20.94,147.55,-17.85,-8.22,173.60,53.510,53.898,-21.0098,-11.4029,40.89,295.67,-21.6442,-10.9888,,,0.20467,0
28.4429,10,19,2,1,67.00,216.11,capture,51.07,296.53,81.98,0,179.208,7.848,179.844,-18.40,20.88,147.67,-17.99,-6.93,174.11,53.657,54.152,-22.1663,-10.3825,51.07,296.53,-21.8791,-10.7160,,,0.24391,0
28.5616,10,19,2,1,67.00,216.11,capture,62.73,290.34,74.35,0,179.140,7.899,179.810,-18.45,20.85,147.73,-17.66,-8.24,174.22,53.694,54.127,-21.3569,-10.4590,62.73,290.34,-21.6441,-10.6003,,,0.22214,0
28.6678,10,19,2,1,67.00,216.11,capture,52.83,316.89,101.77,0,179.205,7.748,179.796,-18.49,20.90,147.68,-17.64,-8.11,173.36,53.816,54.142,-21.5115,-10.4208,52.83,316.89,-21.5845,-10.5196,,,0.22717,0
28.7626,10,19,2,1,67.00,216.11,capture,43.64,322.68,109.10,0,179.012,7.690,179.808,-18.56,20.69,147.74,-17.97,-8.06,174.05,54.119,54.439,-22.7933,-10.5761,43.64,322.68,-22.1284,-10.5450,,,0.23119,0
28.8656,10,19,2,1,67.00,216.11,capture,65.93,324.70,108.59,0,178.988,7.772,179.824,-18.50,20.55,147.95,-17.77,-7.96,175.02,53.776,54.432,-22.4866,-9.3620,65.93,324.70,-22.2896,-10.0127,,,0.21274,0
28.9596,10,19,2,1,67.00,216.11,capture,46.41,287.19,74.00,0,178.913,7.588,179.824,-18.48,20.56,147.52,-18.17,-8.11,173.96,53.378,54.767,-21.2205,-11.3547,46.41,287.19,-21.8085,-10.6166,,,0.20739,0
29.0690,10,19,2,1,67.00,216.11,capture,52.41,292.41,77.68,0,178.917,7.600,179.838,-18.38,20.72,147.30,-18.19,-8.12,173.24,53.396,54.339,-20.7146,-10.6835,52.41,292.41,-21.3163,-10.6467,,,0.19459,0
29.1649,10,19,2,1,67.00,216.11,capture,47.47,298.52,84.69,0,178.935,7.542,179.840,-18.21,20.67,147.25,-17.31,-8.19,173.00,53.696,54.521,-21.6114,-9.8380,47.47,298.52,-21.4491,-10.2828,,,0.18462,0
29.2762,10,19,2,1,67.00,216.11,capture,59.82,302.02,86.21,0,178.848,7.539,179.813,-18.25,20.70,147.56,-18.20,-8.41,174.15,53.867,54.327,-21.8244,-9.6897,59.82,302.02,-21.6180,-10.0159,,,0.21285,0
29.3625,10,19,2,1,67.00,216.11,capture,85.88,299.29,85.29,0,178.920,7.678,179.809,-18.23,20.76,147.76,-18.22,-7.59,173.79,53.692,53.933,-21.8330,-8.4991,85.88,299.29,-21.7148,-9.3333,,,0.20027,0
29.4812,10,19,2,1,67.00,216.11,capture,62.18,287.30,71.35,0,179.046,7.761,179.791,-18.19,20.74,147.76,-17.97,-7.66,174.18,53.902,53.968,-20.3535,-10.2609,62.18,287.30,-21.1022,-9.7507,,,0.22105,0
29.5832,10,19,2,1,67.00,216.11,capture,69.57,281.33,65.27,0,179.156,7.733,179.817,-18.21,20.70,147.62,-18.24,-8.20,173.80,54.124,54.396,-20.9279,-9.3280,69.57,281.33,-21.0238,-9.5605,,,0.23435,0
29.6774,10,19,2,1,67.00,216.11,capture,59.15,256.57,41.21,1,179.165,7.810,179.826,-18.31,20.77,147.75,-18.31,-7.43,174.35,54.212,54.044,-19.3925,-10.3170,59.15,256.57,-20.2897,-9.9009,,,0.23286,0
29.7757,10,19,2,1,67.00,216.11,capture,61.23,298.29,82.38,0,179.219,7.728,179.816,-18.23,20.99,147.71,-17.73,-7.10,174.27,53.919,53.658,-21.5476,-10.2832,61.23,298.29,-20.8557,-10.0730,,,0.20357,0
29.8794,10,19,2,1,67.00,216.11,capture,54.70,351.97,136.41,0,179.183,7.627,179.814,-18.36,20.98,147.61,-17.82,-7.95,173.56,53.789,53.408,-24.4872,-10.5534,54.70,351.97,-22.4899,-10.2892,,,0.21682,0
29.9614,10,19,2,1,67.00,216.11,capture,72.45,321.66,105.69,0,179.195,7.629,179.795,-18.33,21.11,147.53,-17.70,-8.09,173.78,53.446,53.804,-21.7867,-9.3900,72.45,321.66,-22.1735,-9.8846,,,0.23218,0
30.0563,10,19,2,1,67.00,216.11,capture,67.69,293.52,77.41,0,179.136,7.626,179.796,-18.36,20.87,147.57,-17.55,-8.13,173.93,53.564,54.164,-20.9262,-9.2633,67.69,293.52,-21.6122,-9.6050,,,0.20957,0
30.2337,11,48,5,3,156.33,475.44,dwell,43.08,347.51,170.86,0,179.088,7.635,179.795,-18.24,20.74,147.21,-17.21,-7.61,173.68,53.708,54.029,-22.6492,-11.2946,43.08,347.51,-22.6492,-11.2946,,,0.19945,0
30.3157,11,48,5,3,156.33,475.44,dwell,-12.01,374.36,196.36,0,179.050,7.607,179.785,-18.28,20.76,146.91,-18.37,-7.89,173.22,53.743,54.001,-23.8782,-13.2114,-12.01,374.36,-23.2023,-12.1572,,,0.20339,0
30.4285,11,48,5,3,156.33,475.44,dwell,101.96,503.80,61.32,0,179.042,7.661,179.801,-18.34,20.86,147.03,-17.78,-7.30,173.64,53.769,54.171,-28.4811,-7.5792,101.96,503.80,-25.5777,-10.0971,,,0.21736,0
30.5263,11,48,5,3,156.33,475.44,dwell,131.69,542.42,71.37,0,179.110,7.701,179.798,-18.30,21.11,147.30,-18.10,-7.89,173.21,53.426,54.193,-30.8928,-6.4623,131.69,542.42,-27.9695,-8.4614,,,0.19572,0
30.6301,11,48,5,3,156.33,475.44,dwell,215.77,531.37,81.61,0,179.099,7.876,179.798,-18.38,21.04,147.32,-17.92,-7.21,173.64,53.655,53.906,-30.9981,-3.4368,215.77,531.37,-29.3324,-6.2003,,,0.22206,0
30.7477,11,48,5,3,156.33,475.44,dwell,166.83,549.85,75.14,0,179.167,7.926,179.822,-18.46,21.16,147.26,-17.77,-6.95,173.36,53.547,54.077,-31.1690,-5.0150,166.83,549.85,-30.1589,-5.6670,,,0.19676,0
30.8503,11,48,5,3,156.33,475.44,dwell,157.51,577.54,102.10,0,179.074,7.963,179.797,-18.36,21.11,147.32,-16.95,-7.28,173.99,53.628,53.847,-32.8873,-5.3249,157.51,577.54,-31.3867,-5.5130,,,0.21660,0
30.9559,11,48,5,3,156.33,475.44,dwell,182.10,515.46,47.59,0,179.087,7.981,179.803,-18.25,21.08,147.32,-17.64,-8.18,173.24,53.805,54.381,-29.8211,-4.5504,182.10,515.46,-30.6821,-5.0798,,,0.21789,0
31.0578,11,48,5,3,156.33,475.44,dwell,156.16,563.67,88.23,0,179.065,7.998,179.820,-18.28,20.91,147.02,-17.43,-7.46,173.09,53.641,53.801,-32.4897,-5.7888,156.16,563.67,-31.4956,-5.3989,,,0.20911,0
31.1475,11,48,5,3,156.33,475.44,dwell,174.05,615.61,141.28,0,179.111,7.977,179.814,-18.25,20.81,146.98,-18.12,-7.26,173.41,53.532,53.946,-32.9190,-4.3643,174.05,615.61,-32.1361,-4.9333,,,0.20327,0
31.2585,11,48,5,3,156.33,475.44,capture,162.97,660.40,185.07,0,179.152,8.080,179.836,-18.39,20.56,147.07,-18.19,-7.42,173.35,53.724,53.831,-35.0157,-4.8152,162.97,660.40,-33.4319,-4.8801,,,0.22054,0
31.3568,11,48,5,3,156.33,475.44,capture,184.00,630.49,157.49,0,179.091,8.154,179.815,-18.48,20.41,146.89,-17.99,-8.51,173.09,53.570,54.332,-34.3663,-4.4140,184.00,630.49,-33.8524,-4.6704,,,0.22617,0
31.4492,11,48,5,3,156.33,475.44,capture,164.77,657.93,182.68,0,179.104,8.116,179.812,-18.41,20.30,146.84,-17.86,-7.60,172.82,53.516,54.610,-36.3793,-4.8952,164.77,657.93,-34.9895,-4.7716,,,0.20079,0
31.5487,11,48,5,3,156.33,475.44,capture,169.22,653.08,178.10,0,179.229,8.057,179.819,-18.44,20.38,146.71,-17.64,-8.00,172.76,53.516,54.711,-35.4005,-4.3437,169.22,653.08,-35.1744,-4.5790,,,0.20430,0
31.6854,11,48,5,3,156.33,475.44,capture,168.57,677.84,202.77,0,179.152,8.083,179.833,-18.44,20.48,146.61,-17.76,-7.34,172.62,53.324,54.549,-36.5274,-4.8974,168.57,677.84,-35.7833,-4.7223,,,0.20465,0
31.7862,11,48,5,3,156.33,475.44,capture,175.59,667.42,192.94,0,179.108,8.210,179.830,-18.29,20.62,146.57,-17.89,-7.45,172.56,53.615,54.814,-36.0175,-5.0384,175.59,667.42,-35.8887,-4.8645,,,0.24695,0
31.8719,11,48,5,3,156.33,475.44,capture,167.27,642.91,167.82,0,179.071,8.147,179.824,-18.35,20.72,146.58,-18.02,-7.84,172.43,53.904,54.210,-34.7583,-5.4792,167.27,642.91,-35.3800,-5.1412,,,0.23602,0
31.9682,11,48,5,3,156.33,475.44,capture,171.18,641.19,166.41,0,179.145,8.123,179.814,-18.35,20.54,146.47,-17.68,-8.03,172.56,53.371,53.795,-34.3025,-5.1899,171.18,641.19,-34.8951,-5.1631,,,0.18958,0
32.0620,11,48,5,3,156.33,475.44,capture,161.30,637.76,162.39,0,179.099,8.225,179.787,-18.38,20.57,146.48,-18.05,-8.54,172.33,53.516,53.878,-34.0751,-5.7748,161.30,637.76,-34.5261,-5.4384,,,0.21970,0
32.1440,11,48,5,3,156.33,475.44,capture,148.98,645.92,170.63,0,179.075,8.137,179.793,-18.43,20.60,146.59,-18.46,-8.01,172.68,53.294,53.934,-35.1878,-5.5514,148.98,645.92,-34.8239,-5.4892,,,0.19808,0
32.2404,11,48,5,3,156.33,475.44,capture,182.64,657.31,183.76,0,179.149,8.040,179.760,-18.58,20.78,146.77,-18.45,-7.41,173.07,53.350,54.448,-35.0319,-5.2085,182.64,657.31,-34.9175,-5.3629,,,0.18635,0
32.3268,11,48,5,3,156.33,475.44,capture,170.55,681.64,206.69,0,179.009,8.266,179.784,-18.44,20.66,146.97,-17.20,-7.89,173.26,53.387,54.599,-36.6408,-4.5155,170.55,681.64,-35.6930,-4.9816,,,0.20233,0
32.4106,11,48,5,3,156.33,475.44,capture,158.95,635.62,160.20,0,178.830,8.123,179.801,-18.54,20.56,147.12,-18.54,-8.22,173.26,53.933,54.400,-35.2612,-6.1575,158.95,635.62,-35.4987,-5.5107,,,0.23156,0
32.5090,11,48,5,3,156.33,475.44,capture,189.31,651.28,178.90,0,178.774,8.195,179.757,-18.57,20.46,147.17,-17.93,-8.33,173.06,54.641,53.738,-35.4653,-3.5834,189.31,651.28,-35.4836,-4.6434,,,0.26105,0
32.5910,11,48,5,3,156.33,475.44,capture,175.59,641.33,167.00,0,178.779,8.182,179.754,-18.56,20.52,147.22,-18.07,-7.87,173.64,54.625,53.999,-35.0314,-4.9051,175.59,641.33,-35.2801,-4.7612,,,0.24217,0
32.6955,11,48,5,3,156.33,475.44,capture,165.74,634.05,158.88,0,178.869,8.147,179.734,-18.54,20.43,147.16,-17.24,-8.10,173.32,54.606,54.124,-34.3793,-4.8700,165.74,634.05,-34.8748,-4.8101,,,0.23473,0
32.7955,11,48,5,3,156.33,475.44,capture,159.78,631.80,156.39,0,178.816,8.206,179.723,-18.52,20.51,147.43,-17.36,-8.14,173.61,55.013,54.036,-34.2780,-6.0370,159.78,631.80,-34.6062,-5.3622,,,0.24143,0
32.8926,11,48,5,3,156.33,475.44,capture,172.76,639.59,164.97,0,178.871,8.128,179.711,-18.47,20.45,147.22,-18.10,-9.57,173.01,54.850,53.886,-34.8960,-4.8176,172.76,639.59,-34.7366,-5.1172,,,0.21248,0
32.9978,11,48,5,3,156.33,475.44,capture,173.41,642.12,167.55,0,178.811,8.103,179.694,-18.39,20.43,147.30,-17.93,-7.51,173.60,54.435,54.141,-34.9798,-4.5512,173.41,642.12,-34.8461,-4.8625,,,0.22279,0
33.1864,12,76,8,4,201.00,734.78,dwell,119.70,723.68,82.05,0,178.928,8.111,179.691,-18.34,20.51,147.15,-17.76,-8.42,173.30,54.368,54.095,-36.7692,-7.6175,119.70,723.68,-36.7692,-7.6175,,,0.21219,0
33.2764,12,76,8,4,201.00,734.78,dwell,227.94,696.52,46.79,0,178.939,8.188,179.705,-18.38,20.57,147.34,-17.72,-7.61,173.89,54.298,54.182,-36.7471,-2.9203,227.94,696.52,-36.7593,-5.5038,,,0.23257,0
33.3806,12,76,8,4,201.00,734.78,dwell,193.80,577.93,157.01,0,179.010,8.165,179.691,-18.46,20.53,147.32,-18.48,-7.61,173.58,54.176,54.325,-32.1667,-3.8467,193.80,577.93,-34.6926,-4.7581,,,0.22259,0
33.4718,12,76,8,4,201.00,734.78,dwell,248.30,539.40,201.02,0,179.138,8.233,179.728,-18.29,20.48,147.74,-17.81,-8.57,173.79,54.415,54.218,-30.4929,-1.2097,248.30,539.40,-32.8028,-3.1613,,,0.23018,0
33.5613,12,76,8,4,201.00,734.78,dwell,237.83,566.79,171.98,0,179.135,8.361,179.706,-18.27,20.45,147.67,-17.80,-7.99,174.32,53.929,54.435,-32.5426,-1.8156,237.83,566.79,-32.6857,-2.5558,,,0.22650,0
33.6517,12,76,8,4,201.00,734.78,dwell,301.92,575.13,188.87,0,179.078,8.268,179.714,-18.20,20.56,147.22,-17.92,-7.95,173.47,53.914,54.087,-31.7301,0.9777,301.92,575.13,-32.2557,-0.9657,,,0.22587,0
33.7595,12,76,8,4,201.00,734.78,dwell,259.04,567.05,177.49,0,179.165,8.319,179.776,-18.30,20.62,147.34,-17.63,-8.33,173.61,53.842,54.059,-31.9011,-0.3868,259.04,567.05,-32.0961,-0.7052,,,0.20806,0
33.8476,12,76,8,4,201.00,734.78,dwell,305.82,548.41,213.82,0,179.079,8.295,179.804,-18.40,20.61,147.19,-17.41,-8.49,173.77,53.948,54.382,-31.0061,1.7274,305.82,548.41,-31.6056,0.3895,,,0.23740,0
33.9501,12,76,8,4,201.00,734.78,dwell,293.78,524.83,229.53,0,179.178,8.289,179.814,-18.32,20.57,147.62,-17.89,-7.58,173.92,53.614,54.261,-29.8477,-0.1651,293.78,524.83,-30.8145,0.1399,,,0.22700,0
34.0670,12,76,8,4,201.00,734.78,dwell,300.03,539.19,219.23,0,179.219,8.177,179.855,-18.24,20.55,147.54,-17.91,-7.57,173.52,53.614,54.441,-30.9358,0.8449,300.03,539.19,-30.8691,0.4571,,,0.21966,0
34.1615,12,76,8,4,201.00,734.78,dwell,323.78,584.71,193.89,0,179.139,8.335,179.817,-18.31,20.80,147.42,-17.58,-8.44,173.51,53.189,54.280,-32.5420,2.5157,323.78,584.71,-31.6219,1.3835,,,0.20993,0
34.2614,12,76,8,4,201.00,734.78,capture,292.84,538.34,216.85,0,179.068,8.266,179.795,-18.33,20.79,147.46,-17.26,-7.61,173.92,53.305,54.017,-30.9626,0.9745,292.84,538.34,-31.3252,1.1994,,,0.21262,0
34.3724,12,76,8,4,201.00,734.78,capture,287.99,549.33,204.84,0,179.152,8.285,179.799,-18.42,20.90,147.37,-17.72,-8.21,173.39,53.257,54.205,-31.1819,-0.1270,287.99,549.33,-31.2607,0.6026,,,0.20322,0
34.4838,12,76,8,4,201.00,734.78,capture,299.45,536.12,221.71,0,179.134,8.275,179.808,-18.34,20.69,147.56,-17.99,-7.48,173.89,53.595,53.899,-30.9628,1.0614,299.45,536.12,-31.1267,0.8090,,,0.19830,0
34.5897,12,76,8,4,201.00,734.78,capture,311.22,518.04,243.15,0,179.096,8.364,179.843,-18.31,20.72,147.65,-18.09,-7.64,173.92,53.590,53.953,-29.8626,2.4061,311.22,518.04,-30.5578,1.5277,,,0.20971,0
34.6907,12,76,8,4,201.00,734.78,capture,308.92,549.18,214.69,0,179.010,8.531,179.830,-18.43,20.84,147.61,-18.15,-7.14,173.70,53.848,53.926,-31.0515,2.1182,308.92,549.18,-30.7800,1.7934,,,0.20142,0
34.7930,12,76,8,4,201.00,734.78,capture,303.89,523.02,235.43,0,178.945,8.447,179.819,-18.37,20.95,147.55,-17.79,-8.11,173.64,53.635,53.926,-31.4429,0.9833,303.89,523.02,-31.0783,1.4289,,,0.20772,0
34.8983,12,76,8,4,201.00,734.78,capture,289.15,560.22,195.55,0,179.007,8.458,179.820,-18.41,20.88,147.48,-17.13,-7.16,173.84,53.704,54.151,-31.1267,0.4196,289.15,560.22,-31.1001,0.9747,,,0.18446,0
35.0232,12,76,8,4,201.00,734.78,capture,291.69,517.72,235.24,0,179.019,8.519,179.792,-18.45,20.92,147.40,-17.86,-7.20,173.43,53.646,53.853,-29.7053,1.3047,291.69,517.72,-30.4724,1.1232,,,0.18543,0
35.1261,12,76,8,4,201.00,734.78,capture,292.27,549.82,206.25,0,179.178,8.373,179.773,-18.31,20.96,147.18,-17.26,-7.24,173.37,53.467,53.877,-31.4095,0.9902,292.27,549.82,-30.8941,1.0634,,,0.20970,0
35.2394,12,76,8,4,201.00,734.78,capture,309.49,557.77,207.61,0,179.188,8.358,179.758,-18.40,20.81,147.21,-17.43,-8.35,172.80,53.335,53.728,-31.0163,1.1891,309.49,557.77,-30.9491,1.1200,,,0.18625,0
35.3550,12,76,8,4,201.00,734.78,capture,316.01,547.65,219.65,0,179.023,8.348,179.770,-18.28,20.87,147.27,-17.48,-8.12,173.82,53.599,53.971,-32.4842,1.4621,316.01,547.65,-31.6399,1.2739,,,0.20945,0
35.4593,12,76,8,4,201.00,734.78,capture,303.04,542.97,217.26,0,178.983,8.364,179.773,-18.27,21.01,147.17,-18.07,-7.95,173.45,53.223,54.440,-31.0529,1.0181,303.04,542.97,-31.3758,1.1588,,,0.18244,0
35.5541,12,76,8,4,201.00,734.78,capture,304.80,527.97,231.40,0,178.858,8.494,179.802,-18.34,20.95,147.21,-18.43,-8.50,173.71,52.904,54.387,-29.7359,1.3689,304.80,527.97,-30.6378,1.2534,,,0.21157,0
35.6535,12,76,8,4,201.00,734.78,capture,304.61,562.98,200.62,0,178.905,8.464,179.799,-18.49,20.74,147.00,-18.23,-7.46,173.13,52.759,54.229,-32.4415,0.6476,304.61,562.98,-31.4495,0.9808,,,0.17704,0
35.7564,12,76,8,4,201.00,734.78,capture,299.54,580.35,183.19,0,178.904,8.445,179.805,-18.62,20.78,146.80,-18.31,-7.53,172.51,52.941,53.916,-32.3215,0.5492,299.54,580.35,-31.8419,0.7865,,,0.18899,0
35.8634,12,76,8,4,201.00,734.78,capture,287.62,530.31,222.06,0,178.834,8.589,179.816,-18.63,20.73,146.88,-18.08,-7.79,173.20,52.942,54.195,-30.3191,0.8419,287.62,530.31,-31.1566,0.8114,,,0.19533,0
35.9529,12,76,8,4,201.00,734.78,capture,296.33,523.79,231.52,0,178.924,8.674,179.806,-18.59,20.81,146.95,-18.30,-8.31,173.36,52.864,53.844,-29.1931,1.6749,296.33,523.79,-30.2730,1.2000,,,0.17511,0
36.0430,12,76,8,4,201.00,734.78,capture,305.64,517.57,241.10,0,178.844,8.617,179.811,-18.47,20.91,146.77,-18.33,-7.13,173.12,52.963,53.741,-30.7527,0.7157,305.64,517.57,-30.4889,0.9821,,,0.18142,0
36.2652,13,21,2,3,156.33,216.11,dwell,212.77,415.20,206.93,0,178.840,8.395,179.763,-18.37,20.85,146.89,-18.00,-7.37,173.12,53.137,54.119,-26.2727,-2.9393,212.77,415.20,-26.2727,-2.9393,,,0.20752,0
36.3603,13,21,2,3,156.33,216.11,dwell,206.00,453.09,242.13,0,178.727,8.324,179.785,-18.32,20.79,147.00,-17.91,-7.51,172.89,53.262,54.207,-27.7556,-3.6516,206.00,453.09,-26.9400,-3.2598,,,0.19053,0
36.4622,13,21,2,3,156.33,216.11,dwell,264.83,452.94,260.50,0,178.761,8.272,179.779,-18.29,21.03,147.01,-17.77,-7.43,173.07,53.284,53.925,-27.0481,0.0724,264.83,452.94,-26.9887,-1.7603,,,0.19882,0
36.5576,13,21,2,3,156.33,216.11,dwell,303.00,412.17,244.85,0,178.711,8.326,179.845,-18.26,20.95,147.27,-17.35,-7.75,173.69,53.345,53.884,-25.5179,1.8457,303.00,412.17,-26.3268,-0.1376,,,0.18770,0
36.6760,13,21,2,3,156.33,216.11,dwell,312.34,360.64,212.67,0,178.623,8.315,179.864,-18.30,20.93,147.40,-17.91,-7.52,173.92,52.953,53.622,-24.2539,1.1505,312.34,360.64,-25.3940,0.4421,,,0.18150,0
36.7580,13,21,2,3,156.33,216.11,dwell,304.22,307.76,173.98,0,178.549,8.193,179.851,-18.30,20.95,147.44,-17.83,-7.70,173.87,52.864,54.164,-22.4241,1.2127,304.22,307.76,-24.0575,0.7888,,,0.20532,0
36.8645,13,21,2,3,156.33,216.11,dwell,301.06,363.18,206.34,0,178.658,8.192,179.855,-18.27,20.95,147.41,-18.17,-7.78,173.81,52.713,54.065,-22.8075,0.8832,301.06,363.18,-23.4950,0.8313,,,0.19126,0
36.9846,13,21,2,3,156.33,216.11,dwell,288.23,351.87,189.28,0,178.689,8.213,179.861,-18.40,20.85,147.49,-18.11,-8.03,174.06,53.210,54.294,-24.2873,0.1546,288.23,351.87,-23.8515,0.5268,,,0.18874,0
37.0998,13,21,2,3,156.33,216.11,dwell,254.15,317.73,141.05,0,178.789,7.925,179.864,-18.29,20.83,147.71,-18.48,-7.90,173.95,53.455,53.767,-21.9349,-0.8216,254.15,317.73,-22.9891,-0.0800,,,0.22319,0
37.2200,13,21,2,3,156.33,216.11,dwell,276.04,325.71,162.30,0,178.968,7.918,179.869,-18.35,20.71,147.68,-17.88,-7.35,174.07,53.577,53.550,-22.2470,0.1414,276.04,325.71,-22.6551,0.0197,,,0.20596,0
37.3239,13,21,2,3,156.33,216.11,dwell,272.63,278.33,131.89,0,178.867,7.773,179.865,-18.32,20.59,147.67,-18.26,-8.67,174.55,53.848,53.721,-21.2861,-0.1303,272.63,278.33,-22.0391,-0.0478,,,0.21537,0
37.4079,13,21,2,3,156.33,216.11,capture,274.69,285.79,137.34,0,178.798,7.809,179.839,-18.33,20.62,147.49,-18.04,-8.00,174.06,54.051,53.885,-20.5023,0.4902,274.69,285.79,-21.3475,0.1943,,,0.22166,0
37.4970,13,21,2,3,156.33,216.11,capture,286.56,288.07,148.79,0,178.874,7.731,179.840,-18.38,20.63,147.51,-18.02,-7.84,174.11,54.058,53.734,-21.0909,0.1223,286.56,288.07,-21.2321,0.1619,,,0.21822,0
37.6040,13,21,2,3,156.33,216.11,capture,286.39,290.09,149.62,0,178.880,7.713,179.824,-18.49,20.53,147.46,-18.77,-8.36,174.26,53.575,53.666,-21.2649,0.9085,286.39,290.09,-21.2468,0.4979,,,0.18781,0
37.7047,13,21,2,3,156.33,216.11,capture,268.66,284.14,131.32,0,178.919,7.581,179.847,-18.56,20.42,147.31,-18.71,-8.74,172.79,54.105,53.684,-20.4841,-0.4344,268.66,284.14,-20.9036,0.0783,,,0.23776,0
37.8107,13,21,2,3,156.33,216.11,capture,293.94,267.43,146.86,0,178.778,7.505,179.853,-18.57,20.30,147.30,-17.79,-7.94,173.37,54.039,53.861,-19.5651,0.9896,293.94,267.43,-20.3012,0.4884,,,0.24029,0
37.9074,13,21,2,3,156.33,216.11,capture,298.79,269.17,152.02,0,178.843,7.452,179.831,-18.47,20.21,147.52,-18.08,-8.30,173.20,53.634,53.911,-20.2230,0.4355,298.79,269.17,-20.2661,0.4646,,,0.17119,0
38.0182,13,21,2,3,156.33,216.11,capture,276.90,285.90,139.31,0,178.779,7.352,179.825,-18.40,20.04,147.51,-18.33,-8.96,173.53,53.649,53.676,-21.2012,-0.2486,276.90,285.90,-20.6868,0.1437,,,0.18977,0
38.1111,13,21,2,3,156.33,216.11,capture,296.55,273.18,151.39,0,178.722,7.514,179.833,-18.36,20.22,147.29,-18.57,-8.16,172.83,53.831,53.444,-20.9096,1.2815,296.55,273.18,-20.7871,0.6557,,,0.20708,0
38.2007,13,21,2,3,156.33,216.11,capture,277.53,265.63,130.92,0,178.751,7.457,179.822,-18.48,20.36,147.22,-17.58,-7.63,173.53,53.724,53.342,-20.1974,0.0191,277.53,265.63,-20.5217,0.3692,,,0.21247,0
38.2988,13,21,2,3,156.33,216.11,capture,293.27,284.27,152.96,0,178.715,7.511,179.817,-18.45,20.41,147.02,-17.97,-8.78,172.66,53.714,53.445,-21.5316,0.3484,293.27,284.27,-20.9762,0.3598,,,0.22431,0
38.3937,13,21,2,3,156.33,216.11,capture,267.50,290.87,133.97,0,178.799,7.583,179.799,-18.42,20.37,147.22,-18.23,-8.34,173.02,53.475,53.325,-21.2887,0.3068,267.50,290.87,-21.1168,0.3360,,,0.21178,0
38.4914,13,21,2,3,156.33,216.11,capture,269.35,266.83,123.88,0,178.692,7.453,179.772,-18.42,20.49,147.30,-18.26,-7.84,173.07,53.234,54.010,-19.5865,-0.7509,269.35,266.83,-20.4282,-0.1531,,,0.21457,0
38.5793,13,21,2,3,156.33,216.11,capture,252.23,298.00,126.10,0,178.841,7.462,179.801,-18.46,20.44,147.51,-17.56,-8.45,173.78,53.531,54.232,-21.3670,-1.2303,252.23,298.00,-20.8506,-0.6378,,,0.18404,0
38.6625,13,21,2,3,156.33,216.11,capture,269.61,243.87,116.63,0,178.973,7.555,179.794,-18.38,20.49,147.66,-17.86,-8.58,174.19,53.657,54.507,-19.5468,0.0421,269.61,243.87,-20.2639,-0.3318,,,0.18663,0
38.7515,13,21,2,3,156.33,216.11,capture,270.12,274.45,127.87,0,179.113,7.696,179.814,-18.50,20.41,147.58,-18.01,-8.13,174.00,53.353,54.545,-20.4364,-0.0942,270.12,274.45,-20.3416,-0.2249,,,0.20874,0
38.8436,13,21,2,3,156.33,216.11,capture,270.44,294.55,138.47,0,179.147,7.718,179.798,-18.56,20.44,147.58,-17.86,-8.40,174.07,53.504,53.964,-22.0748,-0.3947,270.44,294.55,-21.1215,-0.3013,,,0.20170,0
38.9371,13,21,2,3,156.33,216.11,capture,292.08,275.82,148.30,0,179.168,7.669,179.804,-18.42,20.51,147.62,-18.11,-7.97,174.20,53.792,53.529,-21.0177,0.2072,292.08,275.82,-21.0748,-0.0725,,,0.22097,0
39.0338,13,21,2,3,156.33,216.11,capture,290.51,274.64,146.39,0,179.119,7.649,179.804,-18.62,20.66,147.69,-17.85,-7.66,174.19,53.744,53.623,-20.5235,0.4923,290.51,274.64,-20.8267,0.1817,,,0.22595,0
39.1301,13,21,2,3,156.33,216.11,capture,303.19,270.28,156.53,0,179.107,7.571,179.837,-18.65,20.61,147.68,-18.27,-7.96,174.39,53.787,53.686,-19.7119,1.0826,303.19,270.28,-20.3251,0.5871,,,0.22430,0
39.2156,13,21,2,3,156.33,216.11,capture,281.98,267.32,135.68,0,179.101,7.523,179.813,-18.75,20.68,147.61,-17.78,-7.83,174.32,53.645,53.486,-19.5540,0.3212,281.98,267.32,-19.9781,0.4675,,,0.22185,0
39.3040,13,21,2,3,156.33,216.11,capture,288.67,247.17,135.93,0,179.064,7.557,179.775,-18.74,20.74,147.69,-18.24,-8.13,173.87,53.897,53.613,-19.0497,-0.0565,288.67,247.17,-19.5603,0.2317,,,0.23123,0
39.4847,14,71,7,8,379.67,648.33,dwell,225.31,346.90,338.66,0,179.193,7.616,179.793,-18.83,21.03,147.73,-18.27,-7.42,173.47,53.777,53.931,-22.9615,-2.8763,225.31,346.90,-22.9615,-2.8763,,,0.21794,0
39.5784,14,71,7,8,379.67,648.33,dwell,192.28,209.02,477.61,0,179.144,7.757,179.795,-18.87,21.15,147.86,-18.24,-7.93,174.57,53.621,53.888,-17.6194,-3.6229,192.28,209.02,-20.5576,-3.2122,,,0.21016,0
39.6823,14,71,7,8,379.67,648.33,dwell,284.25,248.31,411.25,0,179.095,7.972,179.768,-18.80,21.22,148.10,-17.88,-7.64,174.80,53.687,53.976,-19.9279,0.6847,284.25,248.31,-20.2742,-1.4586,,,0.18636,0
39.7794,14,71,7,8,379.67,648.33,dwell,329.44,432.76,221.35,0,179.103,7.985,179.765,-18.71,21.09,147.81,-18.87,-7.45,173.97,53.819,53.989,-27.6591,2.4684,329.44,432.76,-23.5974,0.3086,,,0.22358,0
39.8812,14,71,7,8,379.67,648.33,dwell,420.66,318.73,332.14,0,179.015,8.036,179.780,-18.62,21.16,147.52,-17.94,-7.47,173.43,53.869,54.093,-23.3130,6.7943,420.66,318.73,-23.4694,3.2272,,,0.21267,0
39.9846,14,71,7,8,379.67,648.33,dwell,384.13,358.49,289.88,0,178.911,8.098,179.753,-18.56,21.01,147.57,-17.36,-7.49,173.60,53.554,54.254,-23.6135,4.7861,384.13,358.49,-23.5343,3.9287,,,0.21941,0
40.0892,14,71,7,8,379.67,648.33,dwell,330.32,314.42,337.54,0,178.964,8.242,179.752,-18.31,21.04,147.53,-17.74,-8.72,173.91,53.344,54.320,-21.6148,2.6664,330.32,314.42,-22.6705,3.3607,,,0.22177,0
40.1750,14,71,7,8,379.67,648.33,dwell,428.81,380.85,271.96,0,178.972,8.340,179.748,-18.24,21.20,147.48,-17.91,-7.10,174.00,52.933,54.289,-23.9446,7.2207,428.81,380.85,-23.2439,5.0977,,,0.19543,0
40.2922,14,71,7,8,379.67,648.33,dwell,429.61,389.64,263.47,0,178.990,8.320,179.742,-18.43,21.18,147.61,-17.69,-6.51,174.14,53.119,54.693,-25.0246,7.3422,429.61,389.64,-24.0452,6.1077,,,0.20560,0
40.3978,14,71,7,8,379.67,648.33,capture,433.84,391.56,262.43,0,178.943,8.346,179.780,-18.51,21.03,147.57,-17.88,-7.03,174.16,53.259,54.680,-24.6080,7.6342,433.84,391.56,-24.2984,6.7946,,,0.18922,0
40.4798,14,71,7,8,379.67,648.33,capture,408.28,392.41,257.52,0,178.790,8.322,179.785,-18.46,21.11,147.90,-18.12,-6.79,174.18,53.131,54.601,-25.3255,6.3272,408.28,392.41,-24.7606,6.5843,,,0.19428,0
40.5618,14,71,7,8,379.67,648.33,capture,432.96,403.59,250.48,0,178.836,8.372,179.800,-18.52,21.16,147.52,-17.69,-7.98,173.48,53.310,54.613,-25.9228,7.2893,432.96,403.59,-25.2836,6.9016,,,0.19387,0
40.6558,14,71,7,8,379.67,648.33,capture,430.86,394.78,258.67,0,178.820,8.485,179.821,-18.54,21.23,147.56,-17.87,-7.04,173.86,53.350,54.428,-25.1858,6.7767,430.86,394.78,-25.2396,6.8454,,,0.20630,0
40.7832,14,71,7,8,379.67,648.33,capture,410.79,367.74,282.31,0,178.901,8.492,179.838,-18.48,21.18,147.69,-18.04,-6.73,174.32,53.408,54.211,-23.4188,6.0534,410.79,367.74,-24.4202,6.4890,,,0.21280,0
40.8771,14,71,7,8,379.67,648.33,capture,415.56,388.60,262.20,0,178.876,8.611,179.835,-18.42,21.08,147.98,-17.77,-7.94,174.32,53.457,54.357,-25.3820,6.7171,415.56,388.60,-24.8530,6.5916,,,0.20729,0
40.9709,14,71,7,8,379.67,648.33,capture,431.59,375.10,278.12,0,178.905,8.668,179.869,-18.43,20.95,147.90,-17.44,-7.16,174.61,53.353,54.131,-24.4483,7.7593,431.59,375.10,-24.6709,7.1171,,,0.17245,0
41.0664,14,71,7,8,379.67,648.33,capture,417.92,394.15,257.05,0,178.999,8.828,179.866,-18.30,21.03,147.37,-18.29,-7.48,174.15,53.123,54.054,-24.5521,6.5080,417.92,394.15,-24.6175,6.8430,,,0.19493,0
41.1851,14,71,7,8,379.67,648.33,capture,411.60,373.07,277.11,0,178.973,8.824,179.881,-18.23,21.18,147.34,-17.72,-7.78,173.20,53.434,54.141,-24.6932,6.7925,411.60,373.07,-24.6516,6.8203,,,0.21078,0
41.2964,14,71,7,8,379.67,648.33,capture,410.24,383.99,266.11,0,179.057,8.760,179.887,-18.20,20.90,147.27,-18.32,-7.81,173.42,53.341,53.940,-24.0189,5.4710,410.24,383.99,-24.3669,6.2131,,,0.21596,0
41.3958,14,71,7,8,379.67,648.33,capture,410.52,380.78,269.33,0,179.152,8.666,179.893,-18.33,20.90,147.14,-17.70,-7.66,173.61,54.059,53.792,-24.6153,6.0417,410.52,380.78,-24.4787,6.1360,,,0.20270,0
41.4978,14,71,7,8,379.67,648.33,capture,417.73,348.46,302.28,0,179.066,8.657,179.879,-18.34,20.99,147.13,-17.53,-7.33,173.48,54.225,53.894,-22.7203,6.8320,417.73,348.46,-23.6874,6.4492,,,0.21635,0
41.6078,14,71,7,8,379.67,648.33,capture,415.93,378.85,271.91,0,178.993,8.595,179.838,-18.42,20.83,146.82,-17.24,-8.16,173.08,54.422,53.684,-24.9474,6.3287,415.93,378.85,-24.2544,6.3950,,,0.23050,0
41.6973,14,71,7,8,379.67,648.33,capture,425.02,379.00,273.13,0,179.095,8.568,179.830,-18.36,20.77,146.70,-17.63,-7.94,172.77,53.955,53.820,-24.0761,6.3464,425.02,379.00,-24.1742,6.3731,,,0.23318,0
41.8092,14,71,7,8,379.67,648.33,capture,439.31,409.58,246.09,0,179.145,8.499,179.790,-18.41,20.82,146.69,-18.07,-7.64,172.41,53.939,54.002,-26.0182,7.4604,439.31,409.58,-25.0040,6.8624,,,0.21159,0
41.9019,14,71,7,8,379.67,648.33,capture,426.11,395.07,257.49,0,179.103,8.637,179.804,-18.36,20.85,146.63,-18.03,-7.10,172.63,54.006,53.969,-25.2087,7.1946,426.11,395.07,-25.0961,7.0119,,,0.22510,0
41.9858,14,71,7,8,379.67,648.33,capture,410.03,377.38,272.65,0,179.128,8.708,179.804,-18.47,20.73,146.67,-17.70,-8.59,173.21,53.694,53.667,-24.8857,6.2698,410.03,377.38,-25.0014,6.6779,,,0.20331,0
42.0686,14,71,7,8,379.67,648.33,capture,413.57,379.25,271.21,0,179.036,8.691,179.825,-18.43,20.67,147.13,-18.45,-8.16,173.11,53.464,53.827,-24.6409,6.6245,413.57,379.25,-24.8392,6.6539,,,0.19385,0
42.1512,14,71,7,8,379.67,648.33,capture,414.99,388.70,262.03,0,179.125,8.675,179.783,-18.44,20.66,147.12,-18.30,-8.12,173.35,53.381,53.681,-23.4687,6.3593,414.99,388.70,-24.2225,6.5213,,,0.17931,0
42.2660,14,71,7,8,379.67,648.33,capture,422.77,384.35,267.48,0,179.060,8.840,179.812,-18.32,20.75,147.23,-17.85,-7.60,173.60,53.375,53.692,-24.9298,6.9449,422.77,384.35,-24.5408,6.7119,,,0.22671,0
42.4515,15,24,2,6,290.33,216.11,dwell,365.32,306.58,117.51,0,179.000,8.721,179.806,-18.32,20.88,147.02,-17.61,-7.50,173.58,53.233,53.910,-21.3269,4.3553,365.32,306.58,-21.3269,4.3553,,,0.20522,0
42.5423,15,24,2,6,290.33,216.11,dwell,366.81,254.36,85.51,0,179.017,8.720,179.785,-18.26,20.87,146.85,-17.51,-7.83,172.83,53.023,54.248,-19.5813,3.4949,366.81,254.36,-20.5414,3.9681,,,0.16187,0
42.6338,15,24,2,6,290.33,216.11,dwell,364.13,236.58,76.58,0,178.939,8.425,179.747,-18.24,20.89,147.20,-17.58,-6.66,173.55,53.225,54.282,-18.2716,4.1113,364.13,236.58,-19.5200,4.0325,,,0.15949,0
42.7294,15,24,2,6,290.33,216.11,dwell,380.58,293.67,119.00,0,178.918,8.380,179.768,-18.34,20.82,147.25,-18.00,-7.64,173.32,53.377,54.171,-21.3868,4.7103,380.58,293.67,-20.3600,4.3375,,,0.20248,0
42.8122,15,24,2,6,290.33,216.11,dwell,350.36,195.73,63.39,0,178.877,8.374,179.751,-18.28,20.81,147.37,-17.85,-7.78,173.53,53.395,54.429,-17.2062,3.2311,350.36,195.73,-18.9408,3.8397,,,0.19063,0
42.8942,15,24,2,6,290.33,216.11,dwell,337.47,225.83,48.13,0,178.882,8.424,179.756,-18.27,20.80,147.41,-17.49,-8.34,173.38,53.344,54.200,-18.0016,2.5967,337.47,225.83,-18.5182,3.2803,,,0.17917,0
42.9909,15,24,2,6,290.33,216.11,dwell,321.55,134.51,87.37,0,178.998,8.203,179.746,-18.25,20.80,147.67,-18.08,-7.52,174.61,53.369,54.332,-14.8961,1.2353,321.55,134.51,-16.8882,2.3600,,,0.22068,0
43.0921,15,24,2,6,290.33,216.11,dwell,308.55,96.87,120.62,0,179.128,8.291,179.775,-18.11,20.88,147.86,-17.40,-7.31,174.59,53.474,54.577,-13.8538,1.1221,308.55,96.87,-15.5227,1.8030,,,0.20999,0
43.2023,15,24,2,6,290.33,216.11,capture,336.03,108.90,116.54,0,179.130,8.205,179.745,-17.96,21.09,147.88,-17.54,-7.08,174.46,53.854,54.487,-13.8482,3.0164,336.03,108.90,-14.7692,2.3490,,,0.22980,0
43.3011,15,24,2,6,290.33,216.11,capture,326.73,111.42,110.84,0,179.036,8.077,179.714,-17.86,21.04,147.80,-17.83,-8.54,174.70,54.248,54.382,-13.8949,2.0889,326.73,111.42,-14.3758,2.2320,,,0.20949,0
43.3898,15,24,2,6,290.33,216.11,capture,329.42,112.59,110.65,0,178.934,8.075,179.732,-17.84,20.96,147.95,-16.95,-7.44,174.68,54.139,53.996,-14.3617,2.3106,329.42,112.59,-14.3694,2.2673,,,0.23329,0
43.5001,15,24,2,6,290.33,216.11,capture,316.28,97.24,121.67,0,178.908,7.995,179.749,-17.92,20.91,147.79,-18.03,-8.21,174.10,53.757,54.544,-14.1119,1.7951,316.28,97.24,-14.2536,2.0548,,,0.20684,0
43.5925,15,24,2,6,290.33,216.11,capture,332.84,91.95,131.24,0,178.865,7.963,179.731,-18.11,20.72,147.92,-17.50,-7.86,174.83,53.899,54.357,-13.0088,2.7841,332.84,91.95,-13.6934,2.3830,,,0.22239,0
43.6877,15,24,2,6,290.33,216.11,capture,312.31,87.98,130.00,0,178.958,7.728,179.749,-18.16,20.58,147.99,-18.00,-8.03,174.70,53.960,54.241,-12.7814,1.7588,312.31,87.98,-13.2830,2.1021,,,0.23504,0
43.7906,15,24,2,6,290.33,216.11,capture,309.52,88.46,129.08,0,178.944,7.692,179.806,-18.27,20.62,148.09,-17.95,-7.49,174.12,53.728,54.338,-13.0139,2.0676,309.52,88.46,-13.1619,2.0866,,,0.19996,0
43.9036,15,24,2,6,290.33,216.11,capture,294.52,129.11,87.10,0,178.860,7.658,179.778,-18.27,20.66,148.00,-16.85,-7.99,174.69,53.800,54.816,-14.9302,0.9062,294.52,129.11,-13.9576,1.5554,,,0.22614,0
43.9960,15,24,2,6,290.33,216.11,capture,297.65,95.79,120.54,0,179.046,7.991,179.780,-18.36,20.67,148.00,-17.89,-7.85,174.17,53.968,54.695,-14.3037,0.2831,297.65,95.79,-14.1133,0.9829,,,0.23780,0
44.1061,15,24,2,6,290.33,216.11,capture,311.53,87.31,130.53,0,179.047,7.973,179.794,-18.30,20.61,147.94,-17.59,-8.07,174.27,54.181,54.265,-13.5143,1.8174,311.53,87.31,-13.8438,1.3584,,,0.21668,0
44.1881,15,24,2,6,290.33,216.11,capture,323.89,93.34,127.27,0,179.032,7.920,179.814,-18.38,20.43,148.04,-18.33,-8.12,174.20,54.249,54.568,-14.1124,1.7541,323.89,93.34,-13.9647,1.5365,,,0.23640,0
44.2701,15,24,2,6,290.33,216.11,capture,328.55,92.28,129.59,0,178.883,7.916,179.779,-18.22,20.46,148.31,-18.19,-7.67,175.09,54.168,54.814,-13.1468,2.7701,328.55,92.28,-13.5966,2.0916,,,0.22296,0
44.3750,15,24,2,6,290.33,216.11,capture,336.98,125.48,101.93,0,178.982,7.738,179.802,-18.03,20.58,148.23,-18.07,-7.73,174.44,54.142,54.826,-16.0106,2.9610,336.98,125.48,-14.6829,2.4829,,,0.23906,0
44.4787,15,24,2,6,290.33,216.11,capture,320.53,114.07,106.42,0,179.056,7.634,179.815,-18.13,20.59,147.96,-18.07,-8.71,174.15,53.888,55.045,-14.7628,2.0108,320.53,114.07,-14.7189,2.2704,,,0.20006,0
44.5982,15,24,2,6,290.33,216.11,capture,300.92,66.50,149.99,0,179.013,7.629,179.777,-18.09,20.75,147.86,-17.63,-8.37,174.22,53.718,54.559,-12.9754,0.9741,300.92,66.50,-13.9343,1.6871,,,0.21629,0
44.6802,15,24,2,6,290.33,216.11,capture,307.71,110.49,107.04,0,178.878,7.699,179.808,-18.17,20.93,147.76,-17.93,-7.01,174.28,53.960,54.240,-13.8464,1.0766,307.71,110.49,-13.8947,1.4124,,,0.22714,0
44.7622,15,24,2,6,290.33,216.11,capture,318.19,113.78,106.05,0,178.811,7.719,179.787,-18.12,21.05,147.83,-17.23,-7.35,174.09,53.778,53.821,-13.4866,2.1343,318.19,113.78,-13.7111,1.7372,,,0.22446,0
44.8559,15,24,2,6,290.33,216.11,capture,314.82,104.11,114.65,0,178.779,7.684,179.763,-18.17,21.17,147.72,-17.90,-7.20,173.82,53.629,53.637,-13.8708,2.4176,314.82,104.11,-13.7829,2.0434,,,0.22455,0
44.9641,15,24,2,6,290.33,216.11,capture,314.74,110.61,108.29,0,178.833,7.683,179.737,-18.13,21.15,147.73,-17.66,-7.63,174.37,53.459,53.515,-14.2510,1.8763,314.74,110.61,-13.9936,1.9682,,,0.22567,0
45.0689,15,24,2,6,290.33,216.11,capture,303.84,109.80,107.17,0,178.690,7.589,179.764,-18.07,20.95,147.75,-17.61,-7.66,173.28,53.640,53.570,-14.2597,1.6348,303.84,109.80,-14.1133,1.8182,,,0.20738,0
45.2664,16,1,0,1,67.00,43.22,dwell,240.02,65.09,174.40,0,178.822,7.593,179.777,-18.13,20.83,147.81,-17.49,-8.34,173.81,53.476,53.639,-12.6321,-2.0919,240.02,65.09,-12.6321,-2.0919,,,0.19329,0
45.3715,16,1,0,1,67.00,43.22,dwell,228.81,105.42,173.35,0,178.809,7.488,179.775,-18.06,21.03,147.80,-17.69,-7.05,173.83,53.676,53.663,-14.5109,-2.1125,228.81,105.42,-13.4775,-2.1012,,,0.19555,0
45.4750,16,1,0,1,67.00,43.22,dwell,233.89,-0.62,172.55,0,178.905,7.471,179.774,-18.12,21.04,147.50,-17.68,-8.10,173.98,53.772,53.684,-9.5181,-1.8692,233.89,-0.62,-11.6958,-1.9968,,,0.19618,0
45.5767,16,1,0,1,67.00,43.22,dwell,149.52,81.62,91.02,0,178.916,7.413,179.790,-18.21,21.04,147.50,-18.59,-6.83,173.71,53.820,54.031,-12.5450,-6.0601,149.52,81.62,-12.0779,-3.8253,,,0.24318,0
45.6854,16,1,0,1,67.00,43.22,dwell,171.00,120.03,129.29,0,178.902,7.568,179.805,-18.29,21.16,147.76,-18.15,-7.13,174.20,53.717,54.335,-14.1909,-4.9776,171.00,120.03,-13.0288,-4.3438,,,0.19995,0
45.7955,16,1,0,1,67.00,43.22,dwell,192.04,70.82,128.05,0,178.928,7.486,179.815,-18.29,21.03,147.91,-17.73,-7.83,174.51,53.544,54.330,-12.1757,-3.8064,192.04,70.82,-12.6449,-4.1020,,,0.20040,0
45.8947,16,1,0,1,67.00,43.22,dwell,93.73,84.45,49.13,0,178.906,7.489,179.820,-18.30,21.04,147.83,-18.30,-7.56,174.50,53.185,54.311,-13.4720,-8.2065,93.73,84.45,-13.0171,-5.9490,,,0.16751,0
46.0009,16,1,0,1,67.00,43.22,dwell,133.27,45.26,66.30,0,179.017,7.559,179.833,-18.28,21.12,148.21,-17.42,-7.79,174.03,53.746,54.093,-12.7797,-6.6895,133.27,45.26,-12.9103,-6.2822,,,0.23879,0
46.1361,16,1,0,1,67.00,43.22,capture,92.51,75.11,40.84,0,178.837,7.650,179.823,-18.24,21.06,148.08,-18.40,-7.34,175.30,53.812,54.108,-12.4301,-8.6913,92.51,75.11,-12.6942,-7.3663,,,0.22817,0
46.2295,16,1,0,1,67.00,43.22,capture,120.93,59.24,56.26,0,178.791,7.558,179.869,-18.22,21.04,147.88,-17.86,-7.14,174.51,53.401,54.220,-12.8125,-8.1091,120.93,59.24,-12.7474,-7.7006,,,0.21365,0
46.3115,16,1,0,1,67.00,43.22,capture,110.91,68.40,50.62,0,178.887,7.475,179.881,-18.22,20.94,147.91,-17.92,-6.88,174.38,53.759,54.550,-13.4795,-8.1306,110.91,68.40,-13.0768,-7.8941,,,0.21817,0
46.4060,16,1,0,1,67.00,43.22,capture,130.62,46.97,63.73,0,178.940,7.598,179.881,-18.20,20.98,147.61,-17.27,-8.25,173.78,53.812,54.722,-12.6340,-5.8391,130.62,46.97,-12.8776,-6.9693,,,0.21079,0
46.5100,16,1,0,1,67.00,43.22,capture,145.69,73.09,84.17,0,178.788,7.614,179.870,-18.25,21.05,147.59,-17.55,-6.33,173.54,53.619,54.342,-12.3156,-6.9097,145.69,73.09,-12.6247,-6.9425,,,0.20413,0
46.6114,16,1,0,1,67.00,43.22,capture,117.16,71.18,57.43,0,178.849,7.538,179.843,-18.23,21.03,147.59,-17.64,-7.15,174.19,53.654,54.430,-12.9847,-7.2394,117.16,71.18,-12.7867,-7.0761,,,0.24185,0
46.7140,16,1,0,1,67.00,43.22,capture,137.81,58.27,72.39,0,178.970,7.505,179.883,-18.40,20.76,147.47,-18.20,-8.42,174.05,53.524,54.695,-12.5367,-6.1592,137.81,58.27,-12.6742,-6.6635,,,0.17975,0
46.8233,16,1,0,1,67.00,43.22,capture,119.35,67.90,57.87,0,178.876,7.591,179.861,-18.40,20.52,147.51,-17.45,-7.41,173.38,53.691,54.552,-12.8596,-6.3459,119.35,67.90,-12.7576,-6.5205,,,0.21023,0
46.9264,16,1,0,1,67.00,43.22,capture,117.87,105.48,80.40,0,178.775,7.689,179.846,-18.47,20.51,147.49,-18.08,-7.57,174.08,53.665,54.567,-14.2405,-6.4247,117.87,105.48,-13.4249,-6.4774,,,0.20562,0
47.0089,16,1,0,1,67.00,43.22,capture,109.57,96.72,68.37,0,178.898,7.627,179.813,-18.51,20.57,147.65,-17.39,-8.16,173.88,53.306,54.623,-13.1883,-7.4995,109.57,96.72,-13.3184,-6.9374,,,0.18684,0
47.1148,16,1,0,1,67.00,43.22,capture,120.97,64.33,57.95,0,178.919,7.603,179.838,-18.31,20.55,147.36,-18.14,-7.63,173.72,53.132,54.650,-12.0628,-7.5344,120.97,64.33,-12.7534,-7.2060,,,0.22976,0
47.2151,16,1,0,1,67.00,43.22,capture,127.32,70.95,66.39,0,178.898,7.752,179.870,-18.16,20.49,147.43,-18.13,-8.08,173.67,53.322,54.446,-11.9750,-7.4329,127.32,70.95,-12.4031,-7.3081,,,0.22528,0
47.3082,16,1,0,1,67.00,43.22,capture,134.16,62.15,69.78,0,178.843,7.634,179.827,-18.12,20.43,147.51,-17.63,-8.02,174.03,53.306,54.461,-12.2325,-6.6466,134.16,62.15,-12.3264,-7.0105,,,0.18010,0
47.4095,16,1,0,1,67.00,43.22,capture,127.85,88.04,75.57,0,178.809,7.749,179.842,-18.37,20.48,147.69,-17.96,-7.79,174.69,53.048,54.438,-13.7151,-6.9687,127.85,88.04,-12.9513,-6.9916,,,0.19912,0
47.5188,16,1,0,1,67.00,43.22,capture,103.63,52.76,37.85,0,178.797,7.623,179.815,-18.29,20.55,147.61,-17.99,-7.64,173.99,53.625,54.119,-12.2615,-7.7407,103.63,52.76,-12.6409,-7.3287,,,0.20873,0
47.6501,16,1,0,1,67.00,43.22,capture,106.32,82.99,55.92,0,178.850,7.629,179.802,-18.40,20.48,147.44,-17.29,-7.85,173.46,53.645,54.630,-12.4748,-7.3751,106.32,82.99,-12.5662,-7.3496,,,0.23761,0
47.7428,16,1,0,1,67.00,43.22,capture,111.64,77.56,56.32,0,178.796,7.563,179.809,-18.40,20.41,147.71,-17.95,-7.51,174.31,53.483,54.850,-13.6579,-7.9851,111.64,77.56,-13.0574,-7.6355,,,0.23291,0
47.8528,16,1,0,1,67.00,43.22,capture,102.49,80.54,51.50,0,178.840,7.552,179.835,-18.42,20.41,147.70,-18.18,-8.16,174.35,53.368,54.817,-13.0920,-8.1818,102.49,80.54,-13.0730,-7.8814,,,0.20032,0
47.9442,16,1,0,1,67.00,43.22,capture,109.03,80.15,55.95,0,178.739,7.594,179.824,-18.42,20.40,147.46,-17.59,-7.96,173.71,53.059,54.923,-12.3824,-8.0095,109.03,80.15,-12.7622,-7.9390,,,0.18673,0
48.0519,16,1,0,1,67.00,43.22,capture,108.75,79.15,55.08,0,178.701,7.619,179.803,-18.37,20.41,147.38,-18.36,-7.58,173.74,53.296,54.599,-12.6560,-8.3085,108.75,79.15,-12.7144,-8.1053,,,0.20528,0
48.2640,17,44,4,8,379.67,389.00,dwell,208.18,137.26,304.60,0,178.741,7.663,179.798,-18.44,20.57,147.39,-18.61,-7.76,173.98,52.932,54.872,-15.1340,-2.5439,208.18,137.26,-15.1340,-2.5439,,,0.21155,0
48.3517,17,44,4,8,379.67,389.00,dwell,216.61,53.99,372.58,0,178.815,7.636,179.820,-18.43,20.65,147.72,-17.50,-7.93,173.95,52.935,55.066,-12.2783,-2.9374,216.61,53.99,-13.8489,-2.7209,,,0.19848,0
48.4872,17,44,4,8,379.67,389.00,dwell,202.40,145.08,301.53,0,178.810,7.803,179.830,-18.29,20.67,147.56,-17.99,-8.32,174.43,53.045,55.232,-15.1365,-3.4573,202.40,145.08,-14.4283,-3.0523,,,0.19463,0
48.5938,17,44,4,8,379.67,389.00,dwell,296.95,161.46,242.11,0,178.801,7.677,179.827,-18.26,20.71,147.70,-17.83,-7.29,174.32,53.321,55.289,-15.8673,0.5886,296.95,161.46,-15.0759,-1.4139,,,0.20206,0
48.6850,17,44,4,8,379.67,389.00,dwell,227.27,310.71,171.33,0,178.916,7.675,179.823,-18.27,20.56,147.60,-17.84,-7.94,173.66,53.187,54.961,-21.2080,-2.3648,227.27,310.71,-17.8353,-1.8418,,,0.17613,0
48.7881,17,44,4,8,379.67,389.00,dwell,285.18,224.04,190.10,0,178.787,7.756,179.813,-18.34,20.66,147.79,-18.39,-7.65,174.15,53.545,55.113,-19.6773,0.3928,285.18,224.04,-18.6642,-0.8363,,,0.21759,0
48.9043,17,44,4,8,379.67,389.00,dwell,358.55,137.98,251.91,0,178.847,7.670,179.825,-18.28,20.58,147.91,-18.05,-7.77,174.54,53.398,54.961,-15.3432,3.2923,358.55,137.98,-17.1697,1.0216,,,0.20138,0
48.9863,17,44,4,8,379.67,389.00,dwell,374.79,282.12,106.99,0,178.824,7.716,179.838,-18.38,20.52,148.21,-17.57,-7.49,174.68,53.668,54.593,-20.8141,4.4817,374.79,282.12,-18.8097,2.5787,,,0.20794,0
49.0905,17,44,4,8,379.67,389.00,dwell,367.82,292.80,96.93,0,178.778,7.723,179.808,-18.34,20.61,147.96,-18.28,-7.35,174.00,53.387,54.520,-21.8901,4.5118,367.82,292.80,-20.1959,3.4486,,,0.18097,0
49.1836,17,44,4,8,379.67,389.00,dwell,409.31,292.69,100.77,0,178.710,7.517,179.814,-18.41,20.66,148.08,-17.97,-8.37,174.71,53.720,54.433,-21.8044,5.9339,409.31,292.69,-20.9197,4.5670,,,0.19867,0
49.3001,17,44,4,8,379.67,389.00,capture,425.87,313.36,88.63,0,178.653,7.653,179.805,-18.34,20.58,147.97,-18.10,-7.92,174.60,53.658,54.225,-22.2153,6.8781,425.87,313.36,-21.5027,5.6070,,,0.21403,0
49.4314,17,44,4,8,379.67,389.00,capture,407.39,309.53,84.17,0,178.723,7.724,179.836,-18.34,20.46,147.65,-17.82,-8.45,173.45,54.103,54.263,-21.6148,6.7034,407.39,309.53,-21.5532,6.1004,,,0.20681,0
49.5216,17,44,4,8,379.67,389.00,capture,427.79,306.72,95.32,0,178.783,7.893,179.838,-18.40,20.61,147.59,-18.27,-8.64,174.12,53.902,54.512,-21.9801,7.1026,427.79,306.72,-21.7453,6.5514,,,0.23232,0
49.6093,17,44,4,8,379.67,389.00,capture,422.44,306.89,92.58,0,178.731,7.982,179.824,-18.45,20.19,147.52,-18.43,-8.99,174.19,54.037,54.662,-21.7912,6.1584,422.44,306.89,-21.7660,6.3745,,,0.23276,0
49.7112,17,44,4,8,379.67,389.00,capture,409.98,326.18,69.75,0,178.672,7.864,179.811,-18.49,20.43,147.43,-18.04,-7.76,173.54,53.600,54.662,-22.5349,6.1017,409.98,326.18,-22.1120,6.2517,,,0.20501,0
49.8204,17,44,4,8,379.67,389.00,capture,413.82,326.09,71.58,0,178.732,7.939,179.787,-18.44,20.60,147.25,-18.41,-7.48,173.52,54.017,54.522,-23.0257,6.9131,413.82,326.09,-22.5232,6.5494,,,0.21013,0
49.9234,17,44,4,8,379.67,389.00,capture,407.43,287.30,105.42,0,178.747,7.864,179.801,-18.44,20.49,147.22,-18.06,-8.05,173.61,54.030,54.699,-21.3614,6.1828,407.43,287.30,-22.0004,6.3844,,,0.21633,0
50.0199,17,44,4,8,379.67,389.00,capture,417.04,291.73,104.20,0,178.617,7.761,179.829,-18.42,20.51,147.21,-18.48,-7.54,173.56,54.243,54.512,-21.2095,6.7209,417.04,291.73,-21.6445,6.5358,,,0.21031,0
50.1019,17,44,4,8,379.67,389.00,capture,412.67,307.36,88.06,0,178.714,7.795,179.825,-18.55,20.31,147.22,-17.56,-8.59,173.97,53.893,54.660,-22.0962,6.0063,412.67,307.36,-21.8477,6.2975,,,0.22179,0
50.1885,17,44,4,8,379.67,389.00,capture,396.75,323.96,67.25,0,178.707,7.742,179.834,-18.63,20.38,147.03,-17.70,-8.13,173.32,53.938,54.517,-22.2782,5.8540,396.75,323.96,-22.0414,6.0979,,,0.21605,0
50.2825,17,44,4,8,379.67,389.00,capture,412.27,283.51,110.41,0,178.836,7.738,179.856,-18.61,20.54,147.31,-17.93,-8.37,173.39,53.967,54.669,-20.9938,6.6571,412.27,283.51,-21.5700,6.3496,,,0.23259,0
50.3731,17,44,4,8,379.67,389.00,capture,425.78,295.69,104.08,0,178.803,7.782,179.815,-18.70,20.52,147.34,-18.16,-8.61,173.58,53.875,54.751,-21.5089,6.4774,425.78,295.69,-21.5425,6.4071,,,0.21991,0
50.4918,17,44,4,8,379.67,389.00,capture,437.80,293.19,112.07,0,178.824,7.873,179.829,-18.51,20.48,147.48,-18.20,-7.78,174.32,53.450,54.593,-21.1864,7.2168,437.80,293.19,-21.3823,6.7715,,,0.19945,0
50.5925,17,44,4,8,379.67,389.00,capture,431.36,320.89,85.51,0,178.946,7.800,179.843,-18.56,20.39,147.51,-18.17,-8.53,173.92,53.516,54.054,-22.3974,6.6594,431.36,320.89,-21.8391,6.7210,,,0.21912,0
50.6791,17,44,4,8,379.67,389.00,capture,427.35,297.40,103.27,0,178.897,7.909,179.830,-18.60,20.19,147.30,-18.32,-8.42,173.31,53.729,54.133,-21.3825,7.5447,427.35,297.40,-21.6336,7.0917,,,0.22669,0
50.8098,17,44,4,8,379.67,389.00,capture,426.90,325.36,79.25,0,178.890,8.003,179.801,-18.59,20.35,147.47,-17.61,-8.55,173.73,53.865,54.214,-21.9799,8.1151,426.90,325.36,-21.7894,7.5522,,,0.23512,0
50.8968,17,44,4,8,379.67,389.00,capture,415.60,297.62,98.19,0,178.967,8.115,179.787,-18.45,20.26,147.34,-18.02,-8.44,173.18,53.952,53.850,-21.8491,6.2144,415.60,297.62,-21.8163,6.9502,,,0.21801,0
50.9961,17,44,4,8,379.67,389.00,capture,408.68,303.77,90.03,0,178.902,8.153,179.806,-18.36,20.36,147.51,-18.29,-8.23,174.03,53.828,53.629,-22.7002,6.6870,408.68,303.77,-22.2141,6.8318,,,0.20243,0
51.1066,17,44,4,8,379.67,389.00,capture,431.05,304.09,99.25,0,178.935,8.160,179.772,-18.43,20.20,147.44,-17.53,-8.13,174.05,53.628,53.733,-22.2726,7.0132,431.05,304.09,-22.2404,6.9134,,,0.20500,0
51.2053,17,44,4,8,379.67,389.00,capture,422.61,303.47,95.71,0,178.822,8.252,179.781,-18.41,20.21,147.58,-18.10,-8.04,173.66,54.003,53.719,-21.9628,6.9386,422.61,303.47,-22.1155,6.9248,,,0.20520,0
51.3104,17,44,4,8,379.67,389.00,capture,415.27,293.29,102.12,0,178.935,8.224,179.741,-18.37,20.12,147.31,-17.96,-8.05,173.65,53.847,53.677,-21.0502,6.6316,415.27,293.29,-21.6361,6.7928,,,0.21504,0
51.4869,18,32,3,5,245.67,302.56,dwell,429.00,415.53,215.35,0,178.925,8.283,179.760,-18.51,20.23,147.47,-17.93,-8.23,173.69,53.920,54.063,-26.6699,7.0381,429.00,415.53,-26.6699,7.0381,,,0.22095,0
51.5832,18,32,3,5,245.67,302.56,dwell,376.94,110.78,232.40,0,178.967,8.335,179.763,-18.54,20.32,147.31,-17.86,-8.31,173.17,53.763,54.330,-14.7780,5.3274,376.94,110.78,-21.3186,6.2683,,,0.22821,0
51.6833,18,32,3,5,245.67,302.56,dwell,308.59,276.32,68.17,0,178.999,8.286,179.780,-18.52,20.28,147.42,-18.31,-8.11,173.56,53.784,54.358,-21.2448,1.0401,308.59,276.32,-21.2854,3.9156,,,0.21209,0
51.7710,18,32,3,5,245.67,302.56,dwell,342.00,214.59,130.45,0,178.876,8.255,179.802,-18.60,20.32,147.34,-18.07,-7.50,172.96,53.656,54.494,-18.6986,3.1704,342.00,214.59,-20.1213,3.5803,,,0.22286,0
51.8762,18,32,3,5,245.67,302.56,dwell,307.25,350.38,77.97,0,178.821,8.192,179.839,-18.45,20.27,147.18,-18.04,-8.72,173.37,53.536,54.566,-22.5704,1.2516,307.25,350.38,-21.2234,2.5324,,,0.20154,0
51.9905,18,32,3,5,245.67,302.56,dwell,273.58,308.18,28.47,0,178.777,8.086,179.831,-18.34,20.34,147.20,-18.39,-8.36,173.00,53.551,54.712,-21.2650,0.1339,273.58,308.18,-21.2421,1.4531,,,0.22248,0
52.1062,18,32,3,5,245.67,302.56,dwell,329.15,274.80,87.98,0,178.719,8.142,179.807,-18.38,20.21,147.40,-17.73,-7.22,173.88,53.858,54.839,-19.8056,2.3361,329.15,274.80,-20.5957,1.8504,,,0.22160,0
52.2131,18,32,3,5,245.67,302.56,dwell,190.35,279.29,60.01,0,178.783,8.169,179.830,-18.33,20.15,147.38,-18.16,-7.90,173.97,54.035,54.853,-20.2383,-4.2569,190.35,279.29,-20.4349,-0.8979,,,0.19810,0
52.3157,18,32,3,5,245.67,302.56,dwell,231.67,316.60,19.83,1,178.787,8.261,179.821,-18.40,20.19,147.66,-17.50,-8.16,173.92,53.726,54.752,-21.3580,-1.6418,231.67,316.60,-20.8503,-1.2326,,,0.21031,0
52.4241,18,32,3,5,245.67,302.56,dwell,235.30,254.29,49.37,0,178.826,8.132,179.835,-18.37,20.35,147.69,-17.84,-8.86,173.94,53.755,54.908,-19.3629,-1.7820,235.30,254.29,-20.1809,-1.4798,,,0.23799,0
52.5143,18,32,3,5,245.67,302.56,capture,211.76,297.70,34.25,0,178.785,8.148,179.830,-18.24,20.28,147.65,-17.78,-7.79,173.95,53.658,54.354,-21.2699,-2.8801,211.76,297.70,-20.6710,-2.1100,,,0.22167,0
52.6126,18,32,3,5,245.67,302.56,capture,211.93,268.07,48.24,0,178.756,8.273,179.830,-18.31,20.11,147.38,-17.83,-8.45,173.74,53.708,54.700,-20.2065,-3.3908,211.93,268.07,-20.4620,-2.6863,,,0.21603,0
52.7030,18,32,3,5,245.67,302.56,capture,198.98,286.58,49.34,0,178.732,8.227,179.793,-18.31,20.02,147.62,-18.14,-9.17,173.94,53.814,54.568,-20.5159,-3.0636,198.98,286.58,-20.4863,-2.8561,,,0.22382,0
52.8007,18,32,3,5,245.67,302.56,capture,195.76,273.08,57.96,0,178.749,8.249,179.805,-18.13,20.02,147.63,-17.53,-8.95,173.90,53.835,54.106,-19.9213,-3.5051,195.76,273.08,-20.2320,-3.1481,,,0.22410,0
52.9031,18,32,3,5,245.67,302.56,capture,191.96,295.82,54.13,0,178.686,8.229,179.803,-18.24,20.19,147.59,-18.09,-7.82,174.02,53.492,54.204,-21.4031,-4.1789,191.96,295.82,-20.7590,-3.6120,,,0.21192,0
52.9936,18,32,3,5,245.67,302.56,capture,204.84,285.20,44.36,0,178.705,8.237,179.805,-18.27,20.05,147.52,-17.83,-9.10,173.73,53.183,54.270,-20.1570,-3.7527,204.84,285.20,-20.4881,-3.6753,,,0.16736,0
53.1009,18,32,3,5,245.67,302.56,capture,222.91,314.10,25.52,0,178.831,8.138,179.802,-18.28,20.02,147.30,-18.09,-8.48,173.62,53.099,54.473,-21.3484,-2.3081,222.91,314.10,-20.8752,-3.0601,,,0.19427,0
53.2024,18,32,3,5,245.67,302.56,capture,202.74,296.46,43.36,0,178.926,8.142,179.790,-18.34,20.09,147.18,-18.23,-8.33,173.37,53.061,54.850,-20.9717,-3.8669,202.74,296.46,-20.9186,-3.4232,,,0.19067,0
53.2937,18,32,3,5,245.67,302.56,capture,217.46,283.82,33.86,0,178.782,8.011,179.783,-18.47,20.20,147.45,-17.91,-7.77,173.22,53.478,54.717,-20.0375,-2.6554,217.46,283.82,-20.5221,-3.0777,,,0.18994,0
53.4118,18,32,3,5,245.67,302.56,capture,202.05,263.32,58.67,0,178.759,8.128,179.748,-18.58,20.17,147.52,-17.81,-9.31,174.20,53.935,54.861,-21.3631,-3.7324,202.05,263.32,-20.9005,-3.3723,,,0.20834,0
53.5318,18,32,3,5,245.67,302.56,capture,193.18,273.75,59.87,0,178.882,8.253,179.765,-18.70,20.16,147.64,-18.41,-9.15,173.71,53.884,54.683,-20.4277,-3.8828,193.18,273.75,-20.6878,-3.6020,,,0.22456,0
53.6305,18,32,3,5,245.67,302.56,capture,194.18,283.13,55.03,0,178.700,8.223,179.761,-18.59,20.49,147.62,-18.29,-7.24,173.79,53.952,54.626,-21.3877,-3.8257,194.18,283.13,-21.0027,-3.7027,,,0.21899,0
53.7338,18,32,3,5,245.67,302.56,capture,211.90,285.18,37.97,0,178.643,8.314,179.788,-18.50,20.42,147.43,-18.03,-7.41,173.56,53.871,54.212,-19.8059,-3.2612,211.90,285.18,-20.4642,-3.5040,,,0.22803,0
53.8192,18,32,3,5,245.67,302.56,capture,201.20,268.22,56.18,0,178.730,8.198,179.799,-18.39,20.41,147.38,-18.02,-8.55,173.33,53.841,54.325,-19.4043,-2.9032,201.20,268.22,-19.9872,-3.2336,,,0.23594,0
53.9175,18,32,3,5,245.67,302.56,capture,204.81,268.47,53.21,0,178.612,8.131,179.820,-18.62,20.47,147.32,-17.95,-8.16,173.87,53.755,54.509,-20.1474,-3.3889,204.81,268.47,-20.0593,-3.3035,,,0.19564,0
53.9995,18,32,3,5,245.67,302.56,capture,214.24,266.51,47.82,0,178.744,8.115,179.841,-18.60,20.49,147.13,-18.21,-8.13,173.73,53.824,54.220,-20.6465,-3.3568,214.24,266.51,-20.3236,-3.3275,,,0.20734,0
54.1147,18,32,3,5,245.67,302.56,capture,201.71,286.68,46.74,0,178.753,8.126,179.884,-18.63,20.55,147.36,-17.81,-8.15,174.20,53.417,53.951,-21.5363,-3.7223,201.71,286.68,-20.8693,-3.5051,,,0.21854,0
54.2045,18,32,3,5,245.67,302.56,capture,208.70,273.98,46.72,0,178.834,8.245,179.842,-18.45,20.75,147.67,-17.83,-7.74,173.98,53.524,54.318,-19.9798,-3.6845,208.70,273.98,-20.4690,-3.5859,,,0.22329,0
54.3062,18,32,3,5,245.67,302.56,capture,204.63,263.69,56.52,0,178.815,8.313,179.815,-18.41,20.85,147.63,-18.09,-8.06,173.79,53.689,53.493,-19.6107,-3.4034,204.63,263.69,-20.0828,-3.5038,,,0.20923,0
54.3963,18,32,3,5,245.67,302.56,capture,213.05,254.44,58.13,0,178.705,8.325,179.803,-18.42,20.92,147.66,-17.87,-7.67,173.94,53.524,53.755,-19.9662,-2.8386,213.05,254.44,-20.0303,-3.2044,,,0.21955,0
54.5692,19,78,8,6,290.33,734.78,dwell,204.82,371.84,372.88,0,178.755,8.414,179.790,-18.32,21.12,147.48,-17.89,-7.05,173.83,53.691,53.812,-24.9241,-3.7196,204.82,371.84,-24.9241,-3.7196,,,0.19988,0
54.6739,19,78,8,6,290.33,734.78,dwell,225.48,427.05,314.49,0,178.771,8.451,179.772,-18.22,21.17,147.59,-17.78,-7.09,173.62,53.672,53.953,-27.1476,-2.6440,225.48,427.05,-25.9247,-3.2356,,,0.22769,0
54.7653,19,78,8,6,290.33,734.78,dwell,164.20,480.74,283.63,0,178.904,8.467,179.764,-18.01,21.15,147.46,-16.97,-7.70,173.99,53.941,53.649,-29.3945,-5.0513,164.20,480.74,-27.4861,-4.0526,,,0.24740,0
54.8639,19,78,8,6,290.33,734.78,dwell,139.03,503.66,276.24,0,179.069,8.521,179.780,-18.03,21.32,147.45,-17.56,-7.06,173.68,53.877,53.824,-29.8503,-5.5127,139.03,503.66,-28.5500,-4.7097,,,0.22814,0
54.9805,19,78,8,6,290.33,734.78,dwell,214.83,566.25,184.67,0,179.091,8.632,179.801,-18.16,21.38,147.33,-17.91,-7.77,173.24,53.941,54.217,-31.8874,-2.8792,214.83,566.25,-30.0518,-3.8859,,,0.23638,0
55.0625,19,78,8,6,290.33,734.78,dwell,166.91,632.85,160.07,0,179.131,8.597,179.799,-18.19,21.12,147.32,-17.82,-7.51,173.70,53.795,53.886,-35.0868,-5.1855,166.91,632.85,-32.3175,-4.4708,,,0.24114,0
55.1609,19,78,8,6,290.33,734.78,dwell,160.96,632.87,164.69,0,179.127,8.512,179.801,-18.10,21.24,147.45,-17.22,-6.90,173.32,53.677,53.867,-34.9038,-5.8225,160.96,632.87,-33.4813,-5.0790,,,0.20972,0
55.2429,19,78,8,6,290.33,734.78,dwell,191.82,690.32,108.08,0,179.048,8.469,179.800,-18.05,21.31,147.56,-17.18,-7.17,173.96,53.867,54.200,-36.0218,-3.2487,191.82,690.32,-34.6246,-4.2554,,,0.22447,0
55.3296,19,78,8,6,290.33,734.78,dwell,177.69,747.88,113.40,0,179.041,8.526,179.813,-18.19,21.14,147.30,-17.52,-7.99,173.75,53.838,54.631,-39.7628,-4.6983,177.69,747.88,-36.9368,-4.4547,,,0.21535,0
55.4247,19,78,8,6,290.33,734.78,capture,174.76,788.96,127.64,0,179.019,8.666,179.814,-18.11,21.11,147.09,-18.05,-8.11,173.81,54.212,54.375,-40.1535,-4.1479,174.76,788.96,-38.3843,-4.3167,,,0.20619,0
55.5085,19,78,8,6,290.33,734.78,capture,153.34,776.38,143.17,0,178.986,8.752,179.774,-18.17,20.96,147.05,-17.41,-7.71,173.47,54.293,54.117,-39.7230,-6.1044,153.34,776.38,-38.9867,-5.1212,,,0.19988,0
55.6064,19,78,8,6,290.33,734.78,capture,168.44,806.75,141.56,0,178.994,8.773,179.759,-18.22,20.97,147.30,-18.56,-7.40,173.98,54.249,54.068,-40.9510,-5.3184,168.44,806.75,-39.8706,-5.2099,,,0.22686,0
55.7098,19,78,8,6,290.33,734.78,capture,154.41,793.35,148.01,0,179.010,8.796,179.759,-18.25,20.90,147.31,-17.81,-7.19,173.62,53.922,53.707,-40.3499,-5.9608,154.41,793.35,-40.0863,-5.5478,,,0.21380,0
55.8062,19,78,8,6,290.33,734.78,capture,175.10,797.39,131.15,0,178.927,8.781,179.742,-18.43,21.10,147.11,-18.57,-7.52,173.60,53.528,53.451,-39.7669,-4.8254,175.10,797.39,-39.9426,-5.2227,,,0.22155,0
55.8943,19,78,8,6,290.33,734.78,capture,186.47,796.29,120.71,0,179.068,8.635,179.743,-18.30,20.93,147.30,-18.14,-7.75,173.76,53.672,53.807,-40.0789,-3.9597,186.47,796.29,-40.0039,-4.6544,,,0.22240,0
55.9967,19,78,8,6,290.33,734.78,capture,165.87,804.30,142.56,0,179.018,8.659,179.734,-18.22,20.97,147.18,-18.36,-7.98,172.66,53.714,54.060,-41.9845,-4.8980,165.87,804.30,-40.8951,-4.7640,,,0.19176,0
56.1080,19,78,8,6,290.33,734.78,capture,187.40,779.68,112.30,0,178.914,8.872,179.727,-18.30,20.92,147.42,-17.90,-7.15,174.07,53.963,54.411,-40.0156,-4.2499,187.40,779.68,-40.4994,-4.5327,,,0.19990,0
56.2140,19,78,8,6,290.33,734.78,capture,144.53,795.43,157.92,0,178.939,8.825,179.742,-18.23,20.82,147.46,-18.15,-7.79,173.90,54.204,54.136,-40.7091,-5.9725,144.53,795.43,-40.5938,-5.1806,,,0.22685,0
56.3062,19,78,8,6,290.33,734.78,capture,142.16,808.51,165.50,0,178.895,8.845,179.730,-18.39,20.97,147.62,-18.07,-7.36,173.46,54.428,54.268,-41.0071,-6.4358,142.16,808.51,-40.7798,-5.7455,,,0.22562,0
56.4008,19,78,8,6,290.33,734.78,capture,151.09,801.22,154.28,0,178.818,8.752,179.758,-18.34,20.82,147.73,-18.20,-8.21,173.94,54.266,53.674,-41.2239,-6.0324,151.09,801.22,-40.9796,-5.8746,,,0.21619,0
56.4828,19,78,8,6,290.33,734.78,capture,181.79,796.87,125.05,0,178.863,8.867,179.781,-18.40,20.86,147.87,-17.82,-8.14,174.49,53.694,53.855,-41.4843,-3.7219,181.79,796.87,-41.2067,-4.9059,,,0.20587,0
56.5767,19,78,8,6,290.33,734.78,capture,167.95,786.03,132.68,0,178.742,8.861,179.806,-18.35,20.98,147.87,-17.56,-6.67,174.17,53.573,53.697,-40.6033,-5.1721,167.95,786.03,-40.9352,-5.0257,,,0.20928,0
56.6822,19,78,8,6,290.33,734.78,capture,172.32,783.90,127.83,0,178.808,8.918,179.820,-18.34,20.94,147.79,-17.64,-7.51,174.20,53.380,53.810,-40.6681,-4.6258,172.32,783.90,-40.8150,-4.8457,,,0.19536,0
56.7679,19,78,8,6,290.33,734.78,capture,165.61,806.41,143.83,0,178.926,8.855,179.816,-18.45,20.83,147.87,-17.72,-6.90,174.09,53.645,53.945,-41.7207,-5.3525,165.61,806.41,-41.2226,-5.0738,,,0.20968,0
56.8609,19,78,8,6,290.33,734.78,capture,187.11,793.69,118.85,0,178.879,8.822,179.786,-18.43,20.75,147.77,-17.60,-7.86,173.99,53.552,53.963,-40.8912,-4.3476,187.11,793.69,-41.0735,-4.7470,,,0.22698,0
56.9458,19,78,8,6,290.33,734.78,capture,163.22,805.50,145.46,0,178.872,8.786,179.749,-18.58,20.79,147.77,-18.33,-8.92,174.35,53.202,54.137,-40.6816,-5.2941,163.22,805.50,-40.8971,-4.9932,,,0.17360,0
57.0310,19,78,8,6,290.33,734.78,capture,161.66,794.94,142.04,0,178.829,8.575,179.751,-18.69,20.91,147.90,-18.05,-7.52,174.39,53.128,54.108,-40.7016,-5.5924,161.66,794.94,-40.8091,-5.2628,,,0.20839,0
57.1277,19,78,8,6,290.33,734.78,capture,174.64,816.49,141.64,0,178.948,8.697,179.765,-18.67,21.01,147.93,-18.76,-7.51,174.50,53.484,54.436,-41.2837,-5.3583,174.64,816.49,-41.0227,-5.3058,,,0.22056,0
57.2243,19,78,8,6,290.33,734.78,capture,188.94,787.91,114.47,0,179.011,8.701,179.798,-18.68,20.98,147.88,-18.63,-7.86,174.45,53.987,54.392,-40.8181,-3.9965,188.94,787.91,-40.9306,-4.7166,,,0.23301,0
57.4425,20,8,0,8,379.67,43.22,dwell,225.95,790.09,762.52,0,179.047,8.550,179.792,-18.72,20.93,148.02,-18.37,-7.74,174.35,54.122,54.016,-40.3380,-2.0094,225.95,790.09,-40.3380,-2.0094,,,0.23112,0
57.5245,20,8,0,8,379.67,43.22,dwell,235.38,671.46,644.59,0,179.132,8.529,179.783,-18.65,20.84,147.94,-18.33,-7.97,174.38,53.764,54.275,-35.3088,-1.9310,235.38,671.46,-38.0748,-1.9741,,,0.21193,0
57.6381,20,8,0,8,379.67,43.22,dwell,257.73,612.80,582.48,0,179.119,8.356,179.805,-18.55,20.82,147.79,-17.78,-8.25,173.69,53.877,53.928,-32.4874,-0.8033,257.73,612.80,-35.5605,-1.4473,,,0.21299,0
57.7427,20,8,0,8,379.67,43.22,dwell,323.62,666.10,625.39,0,179.047,8.243,179.815,-18.49,20.95,147.79,-17.88,-7.03,174.02,53.735,54.063,-35.4566,2.5101,323.62,666.10,-35.5137,0.3336,,,0.22410,0
57.8334,20,8,0,8,379.67,43.22,dwell,365.09,628.84,585.80,0,179.069,8.219,179.818,-18.57,21.01,147.75,-18.35,-7.55,174.06,53.809,53.683,-34.6301,3.4911,365.09,628.84,-35.1161,1.7544,,,0.21232,0
57.9294,20,8,0,8,379.67,43.22,dwell,355.48,520.58,477.97,0,178.910,8.095,179.808,-18.55,20.97,147.72,-17.54,-7.50,173.57,53.781,54.001,-30.8309,3.2767,355.48,520.58,-33.1878,2.4395,,,0.21849,0
58.0280,20,8,0,8,379.67,43.22,dwell,402.36,540.48,497.78,0,178.949,8.012,179.799,-18.47,21.07,147.90,-18.05,-7.37,174.33,53.670,54.166,-31.6942,5.8398,402.36,540.48,-32.5157,3.9696,,,0.22424,0
58.1237,20,8,0,8,379.67,43.22,dwell,431.04,521.44,480.97,0,179.041,8.143,179.807,-18.50,21.06,147.62,-17.91,-7.52,173.88,53.626,53.706,-30.4962,7.5520,431.04,521.44,-31.6069,5.5817,,,0.21718,0
58.2270,20,8,0,8,379.67,43.22,capture,450.44,480.21,442.68,0,179.097,7.965,179.800,-18.52,21.17,147.60,-18.10,-7.93,174.14,53.497,53.743,-27.4547,8.3700,450.44,480.21,-29.7384,6.8364,,,0.19901,0
58.3303,20,8,0,8,379.67,43.22,capture,429.83,470.47,430.18,0,179.142,7.945,179.832,-18.47,21.24,147.47,-18.09,-7.33,173.03,53.439,53.874,-28.5400,7.5821,429.83,470.47,-29.1991,7.1720,,,0.20001,0
58.4395,20,8,0,8,379.67,43.22,capture,427.17,467.71,427.14,0,179.126,7.972,179.812,-18.40,21.28,147.26,-17.49,-7.80,173.48,53.634,53.976,-28.9683,7.0617,427.17,467.71,-29.0953,7.1223,,,0.21492,0
58.5456,20,8,0,8,379.67,43.22,capture,414.06,461.71,419.90,0,179.087,7.917,179.825,-18.38,21.38,147.16,-18.37,-7.92,173.29,53.044,53.910,-27.6778,6.0579,414.06,461.71,-28.4574,6.6434,,,0.19478,0
58.6450,20,8,0,8,379.67,43.22,capture,400.96,477.13,434.43,0,179.017,7.908,179.823,-18.43,21.23,147.33,-18.47,-7.71,173.82,53.325,54.192,-28.5371,5.6014,400.96,477.13,-28.4933,6.1745,,,0.21582,0
58.7364,20,8,0,8,379.67,43.22,capture,410.44,480.09,437.95,0,178.994,7.745,179.797,-18.35,21.42,147.49,-18.23,-7.87,173.72,53.059,54.131,-28.8241,5.6512,410.44,480.09,-28.6422,5.9390,,,0.19034,0
58.8464,20,8,0,8,379.67,43.22,capture,402.09,460.40,417.78,0,178.907,7.572,179.833,-18.29,21.42,147.25,-18.07,-7.37,173.53,52.956,54.671,-27.6860,5.3806,402.09,460.40,-28.2119,5.6877,,,0.19121,0
58.9284,20,8,0,8,379.67,43.22,capture,421.73,476.23,435.05,0,178.879,7.510,179.829,-18.24,21.41,147.11,-17.66,-7.32,173.68,53.096,54.799,-28.2682,6.6784,421.73,476.23,-28.2372,6.1335,,,0.19885,0
59.0417,20,8,0,8,379.67,43.22,capture,430.25,464.19,424.00,0,178.842,7.400,179.815,-18.37,21.40,147.26,-17.52,-7.74,173.70,53.328,54.640,-27.4712,6.9545,430.25,464.19,-27.8925,6.5030,,,0.19800,0
59.1441,20,8,0,8,379.67,43.22,capture,428.45,474.07,433.60,0,178.852,7.346,179.818,-18.39,21.39,147.58,-17.64,-7.23,173.92,53.523,54.602,-28.5593,7.2938,428.45,474.07,-28.1926,6.8588,,,0.19331,0
59.2315,20,8,0,8,379.67,43.22,capture,415.35,489.84,448.04,0,178.884,7.364,179.810,-18.23,21.44,147.25,-18.02,-8.21,173.61,53.843,54.409,-28.8964,6.3597,415.35,489.84,-28.5093,6.6342,,,0.20829,0
59.3243,20,8,0,8,379.67,43.22,capture,401.08,506.65,463.92,0,178.872,7.399,179.795,-18.29,21.33,146.98,-18.21,-7.29,173.05,53.292,53.935,-30.3355,6.2106,401.08,506.65,-29.3311,6.4436,,,0.18131,0
59.4063,20,8,0,8,379.67,43.22,capture,394.85,497.57,454.60,0,178.919,7.481,179.810,-18.41,21.19,147.22,-17.87,-8.33,173.49,53.488,53.606,-29.1708,5.6206,394.85,497.57,-29.2590,6.0733,,,0.22472,0
59.4953,20,8,0,8,379.67,43.22,capture,409.33,471.50,429.30,0,178.883,7.564,179.766,-18.43,21.07,147.38,-18.58,-7.45,173.50,53.980,53.783,-27.9784,6.2733,409.33,471.50,-28.6827,6.1633,,,0.18701,0
59.5773,20,8,0,8,379.67,43.22,capture,420.31,493.57,452.18,0,178.919,7.437,179.810,-18.30,21.27,147.19,-17.79,-6.82,173.52,54.068,54.059,-29.9880,6.4034,420.31,493.57,-29.2701,6.2713,,,0.21207,0
59.6886,20,8,0,8,379.67,43.22,capture,398.12,482.54,439.71,0,178.918,7.438,179.839,-18.25,21.16,147.19,-18.04,-7.40,173.58,53.704,54.234,-28.0691,5.9221,398.12,482.54,-28.7296,6.1142,,,0.22659,0
59.7900,20,8,0,8,379.67,43.22,capture,410.96,501.54,459.38,0,179.023,7.570,179.803,-18.27,21.17,147.27,-17.61,-7.09,173.63,53.814,54.164,-28.1898,6.4058,410.96,501.54,-28.4867,6.2454,,,0.22343,0
59.8858,20,8,0,8,379.67,43.22,capture,432.56,468.43,428.48,0,178.967,7.624,179.786,-18.39,21.18,147.22,-17.40,-7.10,173.35,53.423,54.207,-28.5483,7.8197,432.56,468.43,-28.5144,6.9538,,,0.20995,0
59.9875,20,8,0,8,379.67,43.22,capture,433.38,469.25,429.40,0,178.959,7.597,179.799,-18.42,21.12,147.27,-17.84,-7.48,173.36,53.607,54.398,-28.2053,7.1982,433.38,469.25,-28.3753,7.0638,,,0.18976,0
60.0973,20,8,0,8,379.67,43.22,capture,401.06,479.29,436.59,0,178.986,7.655,179.819,-18.39,21.18,147.34,-18.34,-7.78,173.70,53.676,54.428,-28.6208,5.3751,401.06,479.29,-28.4858,6.3039,,,0.19608,0
60.3043,21,68,7,5,245.67,648.33,dwell,409.48,555.77,188.16,0,178.928,7.774,179.839,-18.36,21.20,147.40,-18.04,-7.52,173.54,53.624,54.252,-31.4401,5.5237,409.48,555.77,-31.4401,5.5237,,,0.20898,0
60.3981,21,68,7,5,245.67,648.33,dwell,426.25,450.21,268.07,0,178.949,7.808,179.831,-18.52,21.16,147.57,-18.25,-7.62,174.02,54.111,54.335,-26.8882,6.9292,426.25,450.21,-29.3917,6.1562,,,0.23552,0
60.4928,21,68,7,5,245.67,648.33,dwell,443.31,687.08,201.41,0,178.856,7.869,179.816,-18.47,21.06,147.64,-17.52,-7.02,173.97,53.871,54.439,-36.9549,7.6470,443.31,687.08,-32.7952,6.8271,,,0.22662,0
60.5950,21,68,7,5,245.67,648.33,dwell,382.81,699.46,146.36,0,178.982,7.828,179.821,-18.47,21.11,147.59,-17.86,-7.50,174.25,53.692,54.461,-37.4583,5.0358,382.81,699.46,-34.8936,6.0210,,,0.20910,0
60.6937,21,68,7,5,245.67,648.33,dwell,360.01,666.46,115.77,0,178.934,7.846,179.821,-18.54,21.12,147.53,-18.26,-7.05,174.29,53.923,53.986,-36.3723,3.7797,360.01,666.46,-35.5590,5.0124,,,0.20633,0
60.8034,21,68,7,5,245.67,648.33,dwell,358.58,697.20,123.03,0,178.910,8.003,179.861,-18.53,21.22,147.38,-18.00,-7.68,173.62,53.938,53.763,-36.4955,3.6935,358.58,697.20,-35.9805,4.4189,,,0.23656,0
60.8947,21,68,7,5,245.67,648.33,dwell,380.03,725.23,154.81,0,178.823,8.036,179.845,-18.40,21.03,147.48,-17.59,-7.26,173.82,53.787,53.716,-38.1731,4.3664,380.03,725.23,-36.9672,4.3953,,,0.21912,0
60.9957,21,68,7,5,245.67,648.33,dwell,418.46,779.89,217.17,0,178.887,8.119,179.825,-18.31,21.17,147.67,-18.04,-7.86,173.78,54.182,53.537,-40.0961,6.6194,418.46,779.89,-38.3752,5.3962,,,0.23314,0
61.0928,21,68,7,5,245.67,648.33,capture,406.97,777.91,206.90,0,178.925,8.192,179.842,-18.15,20.97,147.42,-17.81,-7.15,173.96,54.143,53.503,-40.6447,6.4160,406.97,777.91,-39.3965,5.8551,,,0.22911,0
61.2026,21,68,7,5,245.67,648.33,capture,388.59,803.59,211.03,0,178.917,8.142,179.851,-18.15,21.01,147.52,-17.86,-7.32,174.08,54.061,53.542,-40.5750,5.3942,388.59,803.59,-39.9268,5.6477,,,0.22386,0
61.3070,21,68,7,5,245.67,648.33,capture,395.76,791.28,207.27,0,178.900,8.239,179.829,-18.17,20.84,147.36,-18.28,-7.24,173.84,53.813,53.789,-41.5930,5.4286,395.76,791.28,-40.6766,5.5491,,,0.22114,0
61.3890,21,68,7,5,245.67,648.33,capture,382.83,807.86,210.39,0,178.929,8.310,179.813,-18.19,20.84,147.35,-17.52,-7.42,173.81,54.302,53.915,-42.2407,5.0005,382.83,807.86,-41.3805,5.3022,,,0.22684,0
61.4710,21,68,7,5,245.67,648.33,capture,381.25,799.59,203.13,0,178.982,8.364,179.806,-18.14,20.67,147.17,-17.59,-8.17,173.27,54.384,54.476,-41.4345,5.2890,381.25,799.59,-41.4048,5.2963,,,0.24620,0
61.5742,21,68,7,5,245.67,648.33,capture,378.07,805.36,205.40,0,179.050,8.410,179.861,-18.24,20.70,147.21,-17.98,-7.42,173.82,54.247,54.256,-41.0723,4.2160,378.07,805.36,-41.2551,4.8101,,,0.23385,0
61.6831,21,68,7,5,245.67,648.33,capture,387.84,806.98,213.03,0,179.252,8.497,179.854,-18.27,20.60,147.24,-18.32,-7.91,173.57,53.733,54.190,-41.2517,4.8495,387.84,806.98,-41.2536,4.8279,,,0.22097,0
61.7702,21,68,7,5,245.67,648.33,capture,378.87,821.48,218.46,0,179.219,8.613,179.814,-18.36,20.59,147.42,-18.09,-7.41,174.03,53.721,54.262,-40.8631,5.0212,378.87,821.48,-41.0779,4.9149,,,0.18657,0
61.8644,21,68,7,5,245.67,648.33,capture,380.40,798.29,201.59,0,179.142,8.588,179.857,-18.26,20.65,147.52,-17.95,-8.34,173.78,53.691,54.244,-39.9667,4.8557,380.40,798.29,-40.5778,4.8883,,,0.20382,0
61.9636,21,68,7,5,245.67,648.33,capture,379.99,778.93,187.35,0,179.079,8.500,179.866,-18.18,20.70,147.74,-17.41,-7.83,174.34,53.634,54.358,-39.5214,4.7616,379.99,778.93,-40.1024,4.8313,,,0.20416,0
62.0726,21,68,7,5,245.67,648.33,capture,387.26,789.40,199.87,0,179.133,8.387,179.886,-18.08,20.73,147.64,-17.30,-7.46,174.01,53.718,54.123,-40.8710,4.5601,387.26,789.40,-40.4483,4.7093,,,0.20934,0
62.1812,21,68,7,5,245.67,648.33,capture,397.34,797.06,212.43,0,179.024,8.480,179.881,-18.11,20.75,147.50,-17.76,-6.75,173.84,53.869,54.422,-39.9471,5.9783,397.34,797.06,-40.2228,5.2803,,,0.21158,0
62.2766,21,68,7,5,245.67,648.33,capture,385.01,788.94,197.96,0,178.921,8.475,179.834,-18.21,20.85,147.46,-17.56,-6.76,173.86,53.938,53.716,-40.6016,5.0393,385.01,788.94,-40.3932,5.1718,,,0.21945,0
62.3586,21,68,7,5,245.67,648.33,capture,391.26,792.86,205.15,0,178.830,8.356,179.830,-18.12,20.71,147.48,-17.34,-7.74,173.90,53.820,53.746,-41.0153,5.0938,391.26,792.86,-40.6732,5.1367,,,0.20961,0
62.4417,21,68,7,5,245.67,648.33,capture,374.20,796.67,196.28,0,178.842,8.508,179.820,-18.11,20.51,147.52,-18.24,-8.08,173.89,53.639,54.174,-41.5648,4.1977,374.20,796.67,-41.0744,4.7141,,,0.19774,0
62.5461,21,68,7,5,245.67,648.33,capture,394.59,810.53,220.20,0,178.645,8.461,179.842,-18.06,20.49,147.32,-17.64,-7.98,173.62,53.781,54.168,-40.2716,5.6713,394.59,810.53,-40.7132,5.1449,,,0.19887,0
62.6281,21,68,7,5,245.67,648.33,capture,408.29,797.93,220.96,0,178.629,8.305,179.796,-18.06,20.62,147.34,-17.22,-8.74,173.83,53.591,54.165,-41.3304,5.6614,408.29,797.93,-40.9909,5.3773,,,0.20878,0
62.7295,21,68,7,5,245.67,648.33,capture,382.61,795.09,200.73,0,178.736,8.322,179.785,-18.08,20.64,147.44,-17.48,-8.05,173.57,53.633,54.141,-41.2482,5.5674,382.61,795.09,-41.1067,5.4628,,,0.18509,0
62.8482,21,68,7,5,245.67,648.33,capture,402.00,790.55,211.34,0,178.617,8.455,179.776,-18.17,20.74,147.45,-17.40,-7.93,173.38,53.773,54.070,-39.4339,5.7608,402.00,790.55,-40.3539,5.5969,,,0.20102,0
62.9453,21,68,7,5,245.67,648.33,capture,381.24,768.89,181.42,0,178.654,8.552,179.772,-18.15,20.68,147.48,-18.27,-7.60,173.59,53.582,54.050,-39.5415,5.0846,381.24,768.89,-39.9883,5.3664,,,0.20164,0
63.1583,22,26,2,8,379.67,216.11,dwell,371.54,662.15,446.11,0,178.745,8.574,179.754,-18.22,20.56,147.37,-17.60,-8.01,173.50,53.039,53.789,-35.9349,4.4573,371.54,662.15,-35.9349,4.4573,,,0.19728,0
63.2519,22,26,2,8,379.67,216.11,dwell,441.92,590.00,379.04,0,178.878,8.349,179.819,-18.34,20.60,147.46,-17.78,-7.83,173.75,53.319,54.047,-32.7873,7.4347,441.92,590.00,-34.5185,5.7971,,,0.24225,0
63.3445,22,26,2,8,379.67,216.11,dwell,371.64,501.18,285.18,0,178.844,8.236,179.795,-18.49,20.88,147.31,-18.68,-7.37,173.54,53.399,54.245,-28.7799,3.7914,371.64,501.18,-31.9361,4.8945,,,0.19062,0
63.4328,22,26,2,8,379.67,216.11,dwell,434.79,373.08,166.37,0,178.869,8.294,179.803,-18.40,20.93,147.18,-17.37,-7.55,173.17,53.258,54.445,-24.4554,7.4842,434.79,373.08,-28.5698,6.0599,,,0.20552,0
63.5593,22,26,2,8,379.67,216.11,dwell,381.18,346.88,130.78,0,178.971,8.158,179.800,-18.35,21.05,147.32,-17.15,-7.47,173.54,52.902,54.429,-22.7393,5.1122,381.18,346.88,-25.9461,5.6334,,,0.20333,0
63.6598,22,26,2,8,379.67,216.11,dwell,429.03,386.93,177.81,0,178.889,8.167,179.807,-18.43,21.00,147.42,-17.94,-7.58,173.87,53.166,54.721,-24.6025,6.9332,429.03,386.93,-25.3414,6.2183,,,0.17783,0
63.7497,22,26,2,8,379.67,216.11,dwell,414.49,264.15,59.33,0,178.805,8.181,179.793,-18.43,20.69,147.48,-17.49,-7.65,173.55,53.082,54.534,-20.5061,5.9187,414.49,264.15,-23.1655,6.0835,,,0.19177,0
63.8515,22,26,2,8,379.67,216.11,dwell,396.21,271.33,57.64,0,178.763,8.261,179.800,-18.40,20.69,147.55,-18.10,-8.36,174.77,53.316,54.272,-20.5271,5.2902,396.21,271.33,-21.9782,5.7265,,,0.19929,0
63.9363,22,26,2,8,379.67,216.11,dwell,373.65,276.07,60.26,0,178.885,8.203,179.784,-18.38,20.57,147.67,-18.24,-8.13,174.30,53.469,54.114,-21.3542,4.8589,373.65,276.07,-21.6974,5.3361,,,0.19083,0
64.0418,22,26,2,8,379.67,216.11,dwell,421.26,164.83,66.03,0,178.917,8.161,179.789,-18.24,20.53,147.66,-17.39,-6.94,174.20,53.617,54.116,-16.8881,6.4167,421.26,164.83,-19.5332,5.8223,,,0.23051,0
64.1457,22,26,2,8,379.67,216.11,dwell,398.32,167.49,52.08,0,178.805,8.126,179.765,-18.13,20.68,147.84,-17.50,-7.02,173.80,54.060,54.250,-16.6323,5.2853,398.32,167.49,-18.2278,5.5807,,,0.20749,0
64.2314,22,26,2,8,379.67,216.11,capture,431.00,94.28,132.20,0,178.970,8.088,179.776,-18.17,20.68,147.77,-17.67,-7.56,174.25,54.186,53.827,-13.2781,7.0225,431.00,94.28,-16.0004,6.2295,,,0.23343,0
64.3346,22,26,2,8,379.67,216.11,capture,421.96,108.13,115.97,0,178.995,8.213,179.794,-18.25,20.57,147.74,-16.86,-7.97,174.20,54.399,54.026,-13.4928,6.9054,421.96,108.13,-14.8720,6.5337,,,0.24565,0
64.4166,22,26,2,8,379.67,216.11,capture,404.85,110.92,108.16,0,179.021,8.257,179.772,-18.39,20.65,148.01,-18.09,-7.98,174.46,53.844,54.079,-13.3888,6.1239,404.85,110.92,-14.2045,6.3493,,,0.22277,0
64.4986,22,26,2,8,379.67,216.11,capture,432.29,116.61,112.56,0,179.005,8.204,179.765,-18.48,20.74,147.91,-18.02,-7.82,174.89,53.591,54.368,-14.9329,7.2112,432.29,116.61,-14.5323,6.7371,,,0.22207,0
64.5901,22,26,2,8,379.67,216.11,capture,433.54,114.92,114.64,0,179.026,8.039,179.777,-18.46,20.64,147.42,-18.20,-8.30,173.39,53.968,54.446,-14.6872,7.4734,433.54,114.92,-14.6020,7.0684,,,0.24390,0
64.6772,22,26,2,8,379.67,216.11,capture,407.39,108.26,111.36,0,179.107,8.028,179.782,-18.47,20.35,147.48,-17.63,-8.79,174.09,53.838,54.698,-14.5961,5.9230,407.39,108.26,-14.5994,6.5530,,,0.21285,0
64.7668,22,26,2,8,379.67,216.11,capture,426.66,93.71,131.11,0,179.084,7.933,179.824,-18.48,20.35,147.31,-17.86,-8.27,173.84,53.725,54.412,-14.3246,6.6143,426.66,93.71,-14.4757,6.5806,,,0.18524,0
64.8805,22,26,2,8,379.67,216.11,capture,396.63,100.94,116.41,0,179.012,7.857,179.821,-18.36,20.32,147.35,-18.39,-7.77,173.73,53.847,54.289,-13.7398,5.5262,396.63,100.94,-14.1446,6.1061,,,0.18267,0
64.9811,22,26,2,8,379.67,216.11,capture,407.87,93.31,126.00,0,178.931,7.991,179.837,-18.35,20.41,147.18,-17.71,-8.12,172.92,53.508,54.328,-13.7664,6.2775,407.87,93.31,-13.9744,6.1832,,,0.18294,0
65.0813,22,26,2,8,379.67,216.11,capture,403.54,108.55,110.18,0,179.054,8.026,179.821,-18.27,20.44,147.15,-17.98,-8.44,173.40,53.592,54.551,-14.4535,5.8887,403.54,108.55,-14.1900,6.0507,,,0.21841,0
65.1768,22,26,2,8,379.67,216.11,capture,425.03,122.73,103.82,0,178.967,7.940,179.858,-18.21,20.48,147.14,-17.65,-8.02,173.63,53.587,54.349,-14.7579,6.6711,425.03,122.73,-14.4456,6.3299,,,0.22843,0
65.2820,22,26,2,8,379.67,216.11,capture,430.82,120.97,108.02,0,178.744,7.890,179.860,-18.25,20.57,147.27,-17.93,-8.31,173.21,53.542,54.259,-15.2328,7.4931,430.82,120.97,-14.7998,6.8533,,,0.18787,0
65.3921,22,26,2,8,379.67,216.11,capture,412.62,119.55,102.03,0,178.855,7.878,179.846,-18.37,20.68,147.32,-17.93,-7.90,173.63,53.707,53.994,-14.0499,6.2086,412.62,119.55,-14.4624,6.5632,,,0.21618,0
65.4834,22,26,2,8,379.67,216.11,capture,427.62,120.39,107.06,0,178.932,7.973,179.844,-18.40,20.78,147.55,-17.49,-7.97,174.48,53.669,54.057,-13.3947,7.1251,427.62,120.39,-13.9819,6.8161,,,0.17478,0
65.5931,22,26,2,8,379.67,216.11,capture,415.99,116.25,106.26,0,178.932,8.037,179.850,-18.38,20.92,147.46,-18.35,-7.81,173.85,53.712,54.089,-14.1438,6.6269,415.99,116.25,-14.0547,6.7309,,,0.23191,0
65.6853,22,26,2,8,379.67,216.11,capture,429.35,111.97,115.39,0,178.974,8.130,179.846,-18.18,20.87,147.28,-17.48,-7.87,173.36,53.533,54.256,-14.5594,6.5810,429.35,111.97,-14.2818,6.6634,,,0.18984,0
65.7963,22,26,2,8,379.67,216.11,capture,423.86,127.51,99.01,0,178.952,7.964,179.819,-18.24,20.83,147.55,-17.47,-7.56,173.41,53.596,54.305,-14.2112,7.2756,423.86,127.51,-14.2500,6.9389,,,0.19902,0
65.8818,22,26,2,8,379.67,216.11,capture,428.19,128.38,100.26,0,178.943,7.807,179.856,-18.21,20.71,147.58,-17.39,-8.37,173.85,53.732,54.311,-14.2935,6.6884,428.19,128.38,-14.2696,6.8262,,,0.19705,0
65.9891,22,26,2,8,379.67,216.11,capture,408.81,129.18,91.69,0,178.822,7.738,179.836,-18.17,20.81,147.30,-17.68,-7.71,173.94,53.544,54.785,-15.3569,6.6224,408.81,129.18,-14.7589,6.7345,,,0.18675,0
66.0802,22,26,2,8,379.67,216.11,capture,424.99,147.04,82.61,0,178.853,7.652,179.811,-18.13,20.85,147.29,-17.39,-7.13,173.29,53.237,54.509,-15.6556,7.2241,424.99,147.04,-15.1624,6.9548,,,0.18867,0
66.2913,23,52,5,7,335.00,475.44,dwell,443.67,140.84,351.81,0,178.897,7.698,179.809,-18.19,20.90,147.32,-17.68,-8.32,173.28,53.250,54.836,-16.2974,7.5195,443.67,140.84,-16.2974,7.5195,,,0.18642,0
66.3805,23,52,5,7,335.00,475.44,dwell,443.49,178.44,316.20,0,178.850,7.716,179.836,-18.26,21.00,147.38,-17.56,-7.45,174.02,53.485,54.583,-16.3311,7.9855,443.49,178.44,-16.3126,7.7292,,,0.22031,0
66.4728,23,52,5,7,335.00,475.44,dwell,369.62,320.21,159.05,0,178.811,7.974,179.817,-18.20,21.12,147.46,-17.82,-7.37,174.07,53.540,54.499,-22.3973,3.1075,369.62,320.21,-19.0507,5.6494,,,0.19786,0
66.5653,23,52,5,7,335.00,475.44,dwell,391.70,256.08,226.57,0,178.761,8.069,179.834,-18.19,21.14,147.46,-18.25,-7.34,173.96,53.101,53.947,-19.4718,5.3011,391.70,256.08,-19.2402,5.4927,,,0.20673,0
66.6607,23,52,5,7,335.00,475.44,dwell,407.96,238.51,247.91,0,178.751,8.106,179.852,-18.17,21.10,147.67,-17.59,-7.85,173.84,52.956,54.032,-19.9113,6.0731,407.96,238.51,-19.5422,5.7539,,,0.20576,0
66.7522,23,52,5,7,335.00,475.44,dwell,421.88,261.94,230.50,0,178.707,8.166,179.846,-18.17,21.09,147.90,-17.93,-7.82,173.95,53.282,54.098,-19.8628,7.2504,421.88,261.94,-19.6865,6.4273,,,0.19490,0
66.8511,23,52,5,7,335.00,475.44,dwell,382.34,326.71,156.09,0,178.734,8.232,179.823,-18.18,20.89,147.99,-17.55,-7.58,174.63,53.506,54.120,-22.7253,4.4788,382.34,326.71,-21.0540,5.5505,,,0.19686,0
66.9550,23,52,5,7,335.00,475.44,dwell,404.83,348.40,144.97,0,178.711,8.277,179.818,-18.15,20.95,148.07,-17.18,-7.36,174.87,53.436,54.041,-23.1365,5.4454,404.83,348.40,-21.9911,5.5032,,,0.19613,0
67.0500,23,52,5,7,335.00,475.44,dwell,391.77,342.10,144.93,0,178.817,8.264,179.830,-18.13,20.98,147.95,-17.56,-7.55,174.14,53.525,53.937,-22.5724,5.1905,391.77,342.10,-22.2527,5.3625,,,0.20895,0
67.1608,23,52,5,7,335.00,475.44,dwell,414.43,443.29,85.69,0,178.873,8.147,179.826,-18.28,20.88,147.87,-17.91,-7.85,174.32,53.318,54.114,-27.1122,6.4081,414.43,443.29,-24.4395,5.8330,,,0.18513,0
67.2599,23,52,5,7,335.00,475.44,dwell,402.67,431.75,80.55,0,178.888,8.063,179.816,-18.32,20.81,147.61,-18.13,-9.01,173.70,53.222,54.120,-26.6970,5.5232,402.67,431.75,-25.4553,5.6936,,,0.17935,0
67.3643,23,52,5,7,335.00,475.44,capture,423.39,448.07,92.53,0,178.857,8.126,179.828,-18.27,20.72,147.62,-17.89,-7.20,173.86,53.412,54.643,-27.6491,6.8119,423.39,448.07,-26.4425,6.1968,,,0.20838,0
67.4472,23,52,5,7,335.00,475.44,capture,435.01,449.82,103.24,0,178.810,8.144,179.813,-18.34,20.85,147.71,-17.82,-7.35,174.15,53.598,54.680,-27.2771,6.9324,435.01,449.82,-26.8181,6.5278,,,0.22599,0
67.5367,23,52,5,7,335.00,475.44,capture,409.51,433.61,85.45,0,178.918,8.276,179.827,-18.38,20.89,147.88,-18.01,-8.38,174.18,53.800,54.820,-27.1342,5.9982,409.51,433.61,-26.9603,6.2895,,,0.21211,0
67.6359,23,52,5,7,335.00,475.44,capture,412.18,451.09,80.93,0,178.852,8.361,179.818,-18.29,20.79,148.16,-17.84,-7.73,174.28,53.888,54.491,-28.0176,6.5261,412.18,451.09,-27.4361,6.3960,,,0.23927,0
67.7287,23,52,5,7,335.00,475.44,capture,396.52,430.19,76.37,0,178.935,8.239,179.818,-18.28,20.72,148.24,-17.75,-7.75,175.07,54.108,54.406,-26.9321,5.3424,396.52,430.19,-27.2093,5.9219,,,0.22415,0
67.8451,23,52,5,7,335.00,475.44,capture,400.21,450.62,69.78,0,178.820,8.260,179.807,-18.23,20.84,147.90,-17.65,-8.73,174.55,53.837,54.375,-27.4439,5.7182,400.21,450.62,-27.3149,5.8302,,,0.19945,0
67.9379,23,52,5,7,335.00,475.44,capture,424.69,431.10,100.05,0,178.946,8.350,179.773,-18.09,20.85,147.99,-18.03,-8.88,174.17,53.432,54.405,-25.7665,7.5805,424.69,431.10,-26.6181,6.6178,,,0.19563,0
68.0231,23,52,5,7,335.00,475.44,capture,399.93,450.56,69.54,0,178.991,8.390,179.773,-18.21,20.77,148.06,-18.04,-8.15,174.32,53.130,54.774,-26.8102,5.8510,399.93,450.56,-26.7046,6.2728,,,0.19152,0
68.1299,23,52,5,7,335.00,475.44,capture,441.95,437.53,113.47,0,178.962,8.362,179.783,-18.16,20.73,147.96,-17.75,-8.51,174.88,53.068,54.416,-27.2417,8.0752,441.95,437.53,-26.9463,7.0838,,,0.20741,0
68.2371,23,52,5,7,335.00,475.44,capture,420.16,450.13,88.84,0,178.923,8.315,179.787,-18.17,20.64,147.89,-17.96,-7.67,173.79,53.716,54.294,-25.9843,7.0460,420.16,450.13,-26.5134,7.0668,,,0.23998,0
68.3244,23,52,5,7,335.00,475.44,capture,414.70,452.48,82.94,0,178.871,8.376,179.820,-18.29,20.66,148.02,-17.53,-8.03,174.40,53.516,54.108,-27.1475,6.0610,414.70,452.48,-26.7988,6.6142,,,0.18004,0
68.4335,23,52,5,7,335.00,475.44,capture,431.03,459.08,97.41,0,178.978,8.301,179.820,-18.27,20.60,147.95,-18.17,-7.73,174.53,53.679,53.742,-28.1890,7.4765,431.03,459.08,-27.4244,7.0022,,,0.20171,0
68.5435,23,52,5,7,335.00,475.44,capture,453.75,445.41,122.49,0,179.066,8.165,179.806,-18.25,20.68,147.71,-17.48,-8.62,174.10,53.812,53.997,-26.4703,8.2316,453.75,445.41,-26.9950,7.5555,,,0.23671,0
68.6468,23,52,5,7,335.00,475.44,capture,439.09,430.14,113.52,0,178.968,8.169,179.813,-18.28,20.63,147.95,-17.38,-8.05,174.35,54.068,53.837,-26.9315,7.4835,439.09,430.14,-26.9664,7.5231,,,0.23902,0
68.7353,23,52,5,7,335.00,475.44,capture,429.04,427.84,105.40,0,178.821,8.220,179.800,-18.40,20.94,148.07,-18.14,-8.58,174.57,53.755,54.054,-27.0382,6.8611,429.04,427.84,-26.9987,7.2252,,,0.21799,0
68.8429,23,52,5,7,335.00,475.44,capture,397.11,431.77,75.93,0,178.771,8.238,179.815,-18.30,21.15,148.17,-18.24,-7.34,174.53,53.682,54.256,-26.5407,5.2986,397.11,431.77,-26.7926,6.3582,,,0.20624,0
68.9464,23,52,5,7,335.00,475.44,capture,416.34,447.59,85.98,0,178.877,8.275,179.808,-18.36,21.20,148.08,-17.82,-7.50,174.94,53.451,54.798,-26.9323,6.2149,416.34,447.59,-26.8555,6.2937,,,0.19504,0
69.0501,23,52,5,7,335.00,475.44,capture,405.16,442.94,77.32,0,178.842,8.334,179.796,-18.41,21.22,148.01,-18.30,-7.70,174.42,53.611,54.890,-27.6207,6.0293,405.16,442.94,-27.1998,6.1747,,,0.20967,0
69.1707,23,52,5,7,335.00,475.44,capture,425.63,450.14,94.10,0,178.849,8.288,179.809,-18.35,21.25,147.82,-17.58,-7.44,173.75,53.851,54.791,-27.2208,7.1179,425.63,450.14,-27.2093,6.5992,,,0.20331,0
69.2739,23,52,5,7,335.00,475.44,capture,424.58,444.67,94.72,0,178.867,8.185,179.791,-18.38,21.37,147.74,-18.17,-7.42,174.35,53.689,54.760,-26.7664,6.6360,424.58,444.67,-27.0100,6.6157,,,0.20304,0
69.4480,24,20,2,2,111.67,216.11,dwell,337.95,255.99,229.77,0,178.914,8.195,179.812,-18.44,21.21,147.48,-18.40,-8.10,173.34,53.403,54.797,-18.6972,2.7988,337.95,255.99,-18.6972,2.7988,,,0.19289,0
69.5337,24,20,2,2,111.67,216.11,dwell,325.09,222.77,213.53,0,179.017,8.199,179.785,-18.37,21.25,147.76,-17.66,-7.19,174.16,53.077,54.556,-18.2764,2.0159,325.09,222.77,-18.5079,2.4465,,,0.19747,0
69.6366,24,20,2,2,111.67,216.11,dwell,361.05,231.67,249.87,0,178.936,8.263,179.799,-18.43,21.33,147.60,-17.80,-7.77,174.00,52.936,54.621,-19.7396,3.5300,361.05,231.67,-19.0622,2.9341,,,0.19059,0
69.7364,24,20,2,2,111.67,216.11,dwell,256.83,321.53,179.40,0,179.007,8.323,179.812,-18.39,21.06,147.66,-17.58,-8.33,173.73,52.653,54.577,-23.2505,-0.9217,256.83,321.53,-20.9469,1.1990,,,0.18931,0
69.8396,24,20,2,2,111.67,216.11,dwell,315.13,202.78,203.90,0,178.918,8.318,179.846,-18.39,21.02,147.74,-17.99,-7.99,174.09,52.645,54.783,-18.1560,1.8542,315.13,202.78,-19.6910,1.4938,,,0.18244,0
69.9480,24,20,2,2,111.67,216.11,dwell,185.30,216.07,73.63,0,178.995,8.302,179.817,-18.24,20.92,147.79,-17.59,-7.88,174.35,52.836,54.532,-19.2733,-4.2116,185.30,216.07,-19.5030,-1.0736,,,0.19913,0
70.0554,24,20,2,2,111.67,216.11,dwell,199.78,273.60,105.21,0,179.003,8.158,179.836,-18.27,20.95,147.55,-18.20,-7.78,173.45,52.564,54.549,-20.9970,-3.5384,199.78,273.60,-20.1753,-2.1828,,,0.18676,0
70.1473,24,20,2,2,111.67,216.11,dwell,161.89,232.70,52.89,0,178.949,8.176,179.838,-18.38,20.85,147.79,-18.04,-7.87,174.32,52.771,54.376,-18.6007,-5.6317,161.89,232.70,-19.4668,-3.7348,,,0.18195,0
70.2497,24,20,2,2,111.67,216.11,dwell,132.44,235.81,28.63,1,178.923,8.109,179.827,-18.50,20.97,147.84,-18.30,-8.35,173.89,52.729,54.359,-18.9634,-6.2573,132.44,235.81,-19.2403,-4.8699,,,0.16656,0
70.3589,24,20,2,2,111.67,216.11,capture,118.04,181.51,35.18,1,178.902,8.172,179.824,-18.58,20.95,147.90,-18.59,-7.81,174.42,53.269,54.575,-15.8470,-7.6082,118.04,181.51,-17.7133,-6.1021,,,0.20394,0
70.4597,24,20,2,2,111.67,216.11,capture,134.06,162.03,58.53,0,178.951,8.080,179.783,-18.73,21.06,148.01,-18.05,-7.75,174.48,53.284,54.153,-16.3156,-6.5308,134.06,162.03,-17.0843,-6.2950,,,0.18922,0
70.5861,24,20,2,2,111.67,216.11,capture,117.72,144.67,71.70,0,179.050,8.042,179.824,-18.69,21.09,147.97,-19.06,-7.23,174.30,53.961,53.908,-15.4960,-7.2802,117.72,144.67,-16.3696,-6.7384,,,0.20117,0
70.6885,24,20,2,2,111.67,216.11,capture,121.89,142.05,74.76,0,179.048,7.947,179.834,-18.71,20.97,147.86,-18.71,-6.12,174.19,53.795,54.003,-15.1241,-6.9874,121.89,142.05,-15.8091,-6.8504,,,0.23129,0
70.7849,24,20,2,2,111.67,216.11,capture,126.67,159.97,58.11,0,178.967,8.026,179.826,-18.63,21.01,147.65,-17.96,-6.92,174.17,53.914,54.695,-15.5109,-7.2281,126.67,159.97,-15.6749,-7.0204,,,0.23888,0
70.8675,24,20,2,2,111.67,216.11,capture,114.46,159.90,56.28,0,178.895,7.885,179.814,-18.66,21.08,147.57,-18.57,-6.95,174.34,54.108,54.664,-15.0208,-7.3303,114.46,159.90,-15.3806,-7.1598,,,0.18976,0
70.9663,24,20,2,2,111.67,216.11,capture,126.47,152.78,65.04,0,178.915,7.828,179.835,-18.62,20.70,147.81,-18.25,-8.10,174.27,54.227,54.639,-15.8236,-6.9829,126.47,152.78,-15.5800,-7.0802,,,0.22831,0
71.0667,24,20,2,2,111.67,216.11,capture,146.62,170.35,57.58,0,178.911,7.930,179.825,-18.59,20.52,147.77,-18.40,-8.69,173.94,54.017,53.826,-16.1348,-5.6365,146.62,170.35,-15.8296,-6.4305,,,0.22371,0
71.1667,24,20,2,2,111.67,216.11,capture,121.44,173.04,44.17,1,178.968,7.962,179.814,-18.51,20.58,147.60,-17.96,-7.26,174.31,54.222,54.085,-16.2891,-7.2044,121.44,173.04,-16.0364,-6.7788,,,0.22070,0
71.2832,24,20,2,2,111.67,216.11,capture,124.83,165.41,52.38,0,179.129,7.944,179.799,-18.45,20.59,147.63,-17.94,-8.33,173.98,54.159,54.096,-15.7255,-6.9429,124.83,165.41,-15.8965,-6.8526,,,0.23574,0
71.3652,24,20,2,2,111.67,216.11,capture,116.69,190.88,25.73,1,179.071,8.028,179.825,-18.48,20.48,147.52,-17.89,-7.72,173.85,54.117,54.191,-17.0963,-7.6649,116.69,190.88,-16.4364,-7.2181,,,0.22808,0
71.4694,24,20,2,2,111.67,216.11,capture,95.76,182.62,37.08,1,179.160,8.004,179.817,-18.41,20.57,147.43,-18.09,-7.04,173.68,54.131,53.742,-16.5594,-7.6174,95.76,182.62,-16.4917,-7.3978,,,0.24099,0
71.5746,24,20,2,2,111.67,216.11,capture,120.98,175.41,41.75,1,179.100,8.028,179.853,-18.46,20.56,147.37,-18.64,-7.78,173.50,53.965,54.066,-16.9194,-7.5602,120.98,175.41,-16.6842,-7.4709,,,0.19701,0
71.6853,24,20,2,2,111.67,216.11,capture,123.09,149.35,67.73,0,179.086,8.049,179.859,-18.44,20.51,147.58,-17.68,-8.17,174.01,54.044,54.222,-15.5212,-7.3517,123.09,149.35,-16.1609,-7.4172,,,0.22701,0
71.7791,24,20,2,2,111.67,216.11,capture,107.69,144.65,71.57,0,179.126,7.945,179.868,-18.35,20.52,147.66,-17.84,-8.92,174.44,53.785,54.481,-15.4035,-7.3800,107.69,144.65,-15.8201,-7.4005,,,0.24136,0
71.8850,24,20,2,2,111.67,216.11,capture,111.12,163.09,53.02,0,179.114,7.727,179.830,-18.32,20.43,147.61,-17.97,-8.27,173.38,54.134,54.411,-16.1093,-7.6823,111.12,163.09,-15.9502,-7.5273,,,0.23303,0
71.9835,24,20,2,2,111.67,216.11,capture,105.64,164.04,52.42,0,179.064,7.656,179.826,-18.36,20.42,147.71,-18.13,-8.03,173.34,54.351,54.812,-16.0224,-7.7170,105.64,164.04,-15.9827,-7.6127,,,0.24760,0
72.0655,24,20,2,2,111.67,216.11,capture,111.79,171.61,44.50,0,179.100,7.683,179.832,-18.25,20.45,147.78,-17.95,-7.54,173.85,53.786,54.754,-16.5192,-7.7401,111.79,171.61,-16.2241,-7.6700,,,0.21932,0
72.1782,24,20,2,2,111.67,216.11,capture,116.76,146.28,70.02,0,179.051,7.628,179.814,-18.32,20.41,147.72,-18.15,-7.17,174.19,53.702,54.773,-16.0161,-7.1128,116.76,146.28,-16.1305,-7.4193,,,0.22096,0
72.2682,24,20,2,2,111.67,216.11,capture,116.67,170.37,46.01,0,179.040,7.628,179.790,-18.32,20.30,147.77,-17.73,-8.41,174.55,53.757,54.883,-16.6237,-7.2860,116.67,170.37,-16.3525,-7.3593,,,0.20788,0
72.4644,25,57,6,3,156.33,561.89,dwell,228.01,174.10,394.36,0,179.130,7.796,179.771,-18.32,20.58,147.82,-17.96,-7.81,174.14,53.673,54.605,-16.9834,-2.4960,228.01,174.10,-16.9834,-2.4960,,,0.21357,0
72.5700,25,57,6,3,156.33,561.89,dwell,83.11,252.53,317.91,0,179.098,8.029,179.787,-18.30,20.57,147.69,-17.71,-6.94,174.16,54.093,54.135,-19.0122,-8.6500,83.11,252.53,-17.8963,-5.2653,,,0.22540,0
72.6605,25,57,6,3,156.33,561.89,dwell,156.61,269.19,292.70,0,179.058,7.922,179.791,-18.33,20.38,147.98,-17.79,-8.52,173.94,54.267,54.548,-20.2268,-6.3828,156.61,269.19,-18.9450,-5.7682,,,0.22674,0
72.7716,25,57,6,3,156.33,561.89,dwell,122.29,369.78,195.10,0,178.947,8.092,179.780,-18.28,20.47,147.70,-18.06,-8.71,173.74,53.826,54.266,-23.8908,-6.8149,122.29,369.78,-21.1706,-6.2392,,,0.22428,0
72.8834,25,57,6,3,156.33,561.89,dwell,170.87,383.89,178.59,0,178.916,8.346,179.767,-18.27,20.60,147.67,-18.25,-8.10,173.49,53.706,54.323,-24.4666,-5.2302,170.87,383.89,-22.6538,-5.7852,,,0.24303,0
72.9902,25,57,6,3,156.33,561.89,dwell,187.25,434.17,131.41,0,178.812,8.185,179.744,-18.34,20.54,147.64,-17.94,-8.08,174.15,53.693,54.654,-26.5765,-4.2394,187.25,434.17,-24.4190,-5.0896,,,0.21772,0
73.0836,25,57,6,3,156.33,561.89,dwell,202.62,424.36,145.11,0,178.857,8.218,179.717,-18.31,20.49,147.61,-18.08,-8.28,174.21,53.563,54.922,-26.8183,-3.8039,202.62,424.36,-25.4987,-4.5110,,,0.19058,0
73.1759,25,57,6,3,156.33,561.89,dwell,186.13,409.16,155.61,0,178.800,8.423,179.735,-18.39,20.57,147.62,-17.27,-7.08,173.70,53.408,54.863,-26.5700,-4.6249,186.13,409.16,-25.9808,-4.5623,,,0.19389,0
73.2787,25,57,6,3,156.33,561.89,capture,190.10,466.94,100.77,0,178.754,8.307,179.773,-18.40,20.54,147.55,-17.81,-8.00,173.54,53.536,54.892,-27.9285,-3.9596,190.10,466.94,-26.8573,-4.2911,,,0.22763,0
73.3879,25,57,6,3,156.33,561.89,capture,184.04,479.38,87.04,0,178.891,8.402,179.783,-18.29,20.58,147.41,-17.36,-7.81,173.43,53.726,54.612,-29.3184,-4.1907,184.04,479.38,-27.9648,-4.2459,,,0.20172,0
73.4816,25,57,6,3,156.33,561.89,capture,210.39,457.29,117.74,0,178.819,8.425,179.802,-18.23,20.78,147.66,-17.71,-7.87,173.66,53.371,54.406,-27.5232,-2.5093,210.39,457.29,-27.7661,-3.4644,,,0.18574,0
73.5922,25,57,6,3,156.33,561.89,capture,177.53,449.87,114.01,0,178.848,8.423,179.824,-18.21,20.87,147.54,-17.89,-7.65,173.83,53.148,54.161,-27.3664,-4.2406,177.53,449.87,-27.5862,-3.8137,,,0.19867,0
73.7066,25,57,6,3,156.33,561.89,capture,166.80,469.88,92.60,0,178.914,8.483,179.851,-18.30,20.93,147.79,-17.90,-6.60,174.42,52.992,54.422,-28.7775,-4.7847,166.80,469.88,-28.1223,-4.2507,,,0.17952,0
73.8022,25,57,6,3,156.33,561.89,capture,188.76,483.12,85.18,0,178.877,8.454,179.818,-18.26,20.76,148.04,-17.82,-7.64,174.75,53.280,54.050,-28.5108,-3.8666,188.76,483.12,-28.2971,-4.0778,,,0.18493,0
73.8922,25,57,6,3,156.33,561.89,capture,191.26,463.42,104.48,0,178.835,8.527,179.765,-18.11,20.80,148.29,-17.66,-7.40,174.75,53.231,54.213,-27.8862,-3.7212,191.26,463.42,-28.1122,-3.9174,,,0.21576,0
73.9917,25,57,6,3,156.33,561.89,capture,192.49,464.80,103.60,0,178.768,8.611,179.756,-18.22,20.82,148.21,-18.10,-7.51,174.97,53.119,54.553,-28.0668,-3.9875,192.49,464.80,-28.0918,-3.9489,,,0.16250,0
74.0788,25,57,6,3,156.33,561.89,capture,180.44,477.92,87.36,0,178.754,8.725,179.779,-18.21,20.90,148.07,-17.91,-7.74,174.75,53.423,54.506,-28.0743,-5.0941,180.44,477.92,-28.0839,-4.4642,,,0.18084,0
74.1749,25,57,6,3,156.33,561.89,capture,222.38,478.49,106.38,0,178.667,8.709,179.777,-18.23,20.96,148.01,-17.97,-7.51,173.88,53.288,54.375,-27.5162,-2.0785,222.38,478.49,-27.8284,-3.3907,,,0.20495,0
74.2678,25,57,6,3,156.33,561.89,capture,192.16,463.19,105.00,0,178.766,8.720,179.782,-18.14,20.86,148.11,-17.72,-7.25,174.86,53.262,54.143,-27.1395,-3.3756,192.16,463.19,-27.5184,-3.3839,,,0.21176,0
74.3746,25,57,6,3,156.33,561.89,capture,204.99,489.54,87.19,0,178.709,8.627,179.786,-18.09,20.82,147.93,-17.83,-6.85,174.97,53.727,54.010,-29.2615,-3.6054,204.99,489.54,-28.3028,-3.4836,,,0.19246,0
74.4817,25,57,6,3,156.33,561.89,capture,218.68,457.62,121.49,0,178.739,8.601,179.823,-18.13,20.96,147.85,-18.05,-7.37,174.68,53.430,53.963,-27.3271,-3.0004,218.68,457.62,-27.8638,-3.2662,,,0.20558,0
74.5687,25,57,6,3,156.33,561.89,capture,188.04,459.90,106.80,0,178.797,8.541,179.825,-18.20,20.82,147.84,-18.06,-7.41,174.27,53.656,53.902,-27.9442,-3.8559,188.04,459.90,-27.9000,-3.5316,,,0.19539,0
74.6860,25,57,6,3,156.33,561.89,capture,187.50,470.85,96.23,0,178.728,8.379,179.781,-18.16,20.85,147.83,-17.97,-8.35,174.19,53.566,53.661,-27.5211,-4.1825,187.50,470.85,-27.7295,-3.8245,,,0.20158,0
74.7876,25,57,6,3,156.33,561.89,capture,204.94,462.24,110.87,0,178.812,8.365,179.789,-18.30,20.72,147.73,-17.63,-7.58,173.89,53.527,53.547,-27.2579,-3.8708,204.94,462.24,-27.5173,-3.8453,,,0.20387,0
74.8851,25,57,6,3,156.33,561.89,capture,180.98,455.05,109.64,0,178.786,8.231,179.791,-18.28,20.75,147.43,-17.61,-7.63,173.19,53.732,53.922,-26.9278,-4.6007,180.98,455.05,-27.2520,-4.1853,,,0.23231,0
74.9677,25,57,6,3,156.33,561.89,capture,191.88,432.65,134.04,0,178.669,8.142,179.785,-18.27,20.72,147.34,-18.10,-8.52,173.78,53.508,54.754,-26.7918,-4.1936,191.88,432.65,-27.0449,-4.1890,,,0.20586,0
75.0780,25,57,6,3,156.33,561.89,capture,182.12,444.51,120.18,0,178.681,8.223,179.805,-18.19,20.74,147.20,-18.30,-7.72,173.45,53.516,54.573,-26.6813,-4.5871,182.12,444.51,-26.8813,-4.3682,,,0.23183,0
75.1740,25,57,6,3,156.33,561.89,capture,176.52,479.95,84.39,0,178.682,8.209,179.797,-18.17,20.78,147.26,-17.75,-7.75,173.75,53.829,54.586,-28.2405,-4.3249,176.52,479.95,-27.4929,-4.3487,,,0.20560,0
75.3182,26,11,1,2,111.67,129.67,dwell,228.99,290.23,198.86,0,178.700,8.112,179.762,-18.20,20.72,147.38,-18.17,-8.01,173.41,53.795,54.273,-20.0253,-1.7027,228.99,290.23,-20.0253,-1.7027,,,0.23537,0
75.4302,26,11,1,2,111.67,129.67,dwell,266.01,353.44,271.84,0,178.652,8.158,179.739,-18.16,20.84,147.33,-18.09,-7.22,173.19,53.456,54.100,-23.9511,-0.6864,266.01,353.44,-21.7919,-1.2454,,,0.20771,0
75.5165,26,11,1,2,111.67,129.67,dwell,248.95,415.76,317.33,0,178.653,8.092,179.728,-18.11,20.82,147.34,-17.84,-7.61,173.37,53.577,54.203,-26.1594,-1.8654,248.95,415.76,-23.7573,-1.5244,,,0.20244,0
75.6040,26,11,1,2,111.67,129.67,dwell,267.51,416.63,326.55,0,178.794,8.002,179.745,-18.14,20.73,147.26,-17.29,-7.81,172.97,53.896,54.054,-26.6484,-0.5990,267.51,416.63,-25.0583,-1.1080,,,0.21107,0
75.7120,26,11,1,2,111.67,129.67,dwell,236.21,310.58,219.64,0,178.884,7.888,179.721,-18.26,20.77,147.05,-17.82,-7.49,173.66,53.834,54.266,-20.2743,-2.4749,236.21,310.58,-22.9055,-1.7231,,,0.20546,0
75.8112,26,11,1,2,111.67,129.67,dwell,207.79,255.81,158.59,0,178.874,7.848,179.752,-18.09,20.74,146.86,-17.55,-7.05,172.90,53.973,54.189,-19.9601,-3.6382,207.79,255.81,-21.5801,-2.5849,,,0.19793,0
75.9116,26,11,1,2,111.67,129.67,dwell,242.21,295.26,210.86,0,178.884,7.959,179.784,-18.12,20.81,146.74,-17.78,-8.45,172.56,53.849,53.973,-21.4190,-1.4767,242.21,295.26,-21.5076,-2.0862,,,0.23346,0
76.0070,26,11,1,2,111.67,129.67,dwell,246.36,231.46,168.83,0,178.901,7.920,179.770,-18.18,20.88,146.83,-17.78,-7.67,173.27,53.925,53.830,-18.6026,-1.2898,246.36,231.46,-20.2004,-1.7278,,,0.20578,0
76.1076,26,11,1,2,111.67,129.67,dwell,282.57,217.04,191.94,0,178.950,7.794,179.783,-18.23,20.84,147.02,-18.53,-8.16,173.45,53.680,53.978,-17.9792,0.1729,282.57,217.04,-19.2008,-0.8725,,,0.22463,0
76.1913,26,11,1,2,111.67,129.67,capture,274.49,215.12,183.89,0,178.885,7.704,179.760,-18.22,20.78,147.10,-17.60,-8.43,173.34,53.848,53.868,-18.0818,-0.0582,274.49,215.12,-18.6973,-0.5061,,,0.22886,0
76.2797,26,11,1,2,111.67,129.67,capture,255.77,207.60,163.83,0,178.921,7.775,179.730,-18.06,20.95,147.07,-17.23,-8.30,173.11,53.449,53.727,-18.2366,-0.9553,255.77,207.60,-18.4900,-0.7082,,,0.19101,0
76.3754,26,11,1,2,111.67,129.67,capture,271.46,186.87,169.72,0,178.874,7.664,179.740,-18.01,20.92,147.34,-17.79,-7.96,173.86,53.440,53.517,-17.0621,0.5563,271.46,186.87,-17.8474,-0.1392,,,0.21796,0
76.4672,26,11,1,2,111.67,129.67,capture,263.83,199.07,167.24,0,178.905,7.611,179.746,-18.03,20.87,147.34,-16.79,-7.24,173.60,53.664,53.368,-17.7510,-1.3839,263.83,199.07,-17.8040,-0.6993,,,0.21208,0
76.5773,26,11,1,2,111.67,129.67,capture,267.90,168.65,161.02,0,178.832,7.572,179.743,-18.05,20.78,147.21,-17.86,-7.22,173.60,53.711,53.921,-17.3342,-0.2853,267.90,168.65,-17.5926,-0.5130,,,0.20735,0
76.6700,26,11,1,2,111.67,129.67,capture,235.71,200.11,142.65,0,178.856,7.651,179.762,-18.11,20.87,147.01,-17.30,-7.85,173.55,53.749,54.094,-17.0582,-1.4203,235.71,200.11,-17.3521,-0.9213,,,0.22301,0
76.7773,26,11,1,2,111.67,129.67,capture,257.87,177.06,153.69,0,178.863,7.578,179.785,-18.21,20.82,147.00,-17.03,-7.78,173.31,53.795,54.313,-16.4012,-0.5790,257.87,177.06,-16.9242,-0.7673,,,0.22798,0
76.9133,26,11,1,2,111.67,129.67,capture,261.92,194.36,163.59,0,178.952,7.529,179.783,-18.23,20.89,147.23,-18.12,-7.46,173.74,53.959,54.139,-18.5626,-1.2780,261.92,194.36,-17.6615,-0.9971,,,0.19190,0
77.0280,26,11,1,2,111.67,129.67,capture,256.64,202.34,162.17,0,178.898,7.416,179.778,-18.22,20.93,147.23,-17.87,-7.26,173.51,54.079,54.363,-17.5138,-1.1624,256.64,202.34,-17.5950,-1.0715,,,0.20132,0
77.1222,26,11,1,2,111.67,129.67,capture,283.49,186.17,180.88,0,178.784,7.448,179.810,-18.29,20.88,147.23,-17.93,-7.70,173.30,53.686,54.239,-16.2456,0.2815,283.49,186.17,-16.9878,-0.4626,,,0.20367,0
77.2276,26,11,1,2,111.67,129.67,capture,262.58,200.61,166.76,0,178.741,7.495,179.780,-18.26,20.81,147.15,-18.14,-7.60,173.22,53.597,53.884,-18.2707,-0.5624,262.58,200.61,-17.5651,-0.5075,,,0.21200,0
77.3425,26,11,1,2,111.67,129.67,capture,254.93,200.81,159.96,0,178.775,7.666,179.789,-18.27,20.90,147.00,-18.22,-8.22,173.46,53.682,53.694,-18.1075,-0.8251,254.93,200.81,-17.8092,-0.6504,,,0.20216,0
77.4531,26,11,1,2,111.67,129.67,capture,230.40,173.86,126.69,0,178.785,7.636,179.767,-18.40,20.79,147.09,-17.92,-7.02,173.33,53.555,53.834,-15.8950,-2.5080,230.40,173.86,-16.9478,-1.4863,,,0.23518,0
77.5479,26,11,1,2,111.67,129.67,capture,256.06,193.75,157.98,0,178.841,7.505,179.773,-18.64,20.68,147.20,-18.45,-7.85,173.27,53.610,53.457,-16.7889,-1.3424,256.06,193.75,-16.8763,-1.4216,,,0.22579,0
77.6324,26,11,1,2,111.67,129.67,capture,227.63,215.80,144.45,0,178.985,7.526,179.782,-18.60,20.74,147.07,-18.21,-7.84,172.93,53.397,53.465,-18.4727,-2.8160,227.63,215.80,-17.5947,-2.0491,,,0.19844,0
77.7312,26,11,1,2,111.67,129.67,capture,256.88,227.89,175.31,0,178.804,7.451,179.820,-18.47,20.73,147.24,-17.66,-8.09,173.37,53.285,53.869,-19.9232,-0.6400,256.88,227.89,-18.6425,-1.4150,,,0.19103,0
77.8276,26,11,1,2,111.67,129.67,capture,288.69,202.04,191.25,0,178.860,7.555,179.812,-18.44,20.54,147.18,-18.09,-8.31,173.26,53.034,54.010,-17.3227,0.6652,288.69,202.04,-18.0486,-0.4789,,,0.17317,0
77.9280,26,11,1,2,111.67,129.67,capture,257.39,176.78,153.15,0,178.850,7.575,179.850,-18.41,20.65,147.30,-17.57,-7.11,173.31,53.338,53.909,-16.6194,-0.5343,257.39,176.78,-17.4055,-0.5038,,,0.20482,0
78.1345,27,13,1,4,201.00,129.67,dwell,173.11,179.50,57.11,0,178.895,7.663,179.812,-18.45,20.52,147.67,-18.44,-8.16,174.09,53.503,54.088,-17.4160,-4.8050,173.11,179.50,-17.4160,-4.8050,,,0.20088,0
78.2440,27,13,1,4,201.00,129.67,dwell,271.00,41.18,112.83,0,178.944,7.731,179.824,-18.34,20.59,147.36,-18.31,-8.20,173.29,53.495,54.464,-10.9649,-0.5689,271.00,41.18,-14.5130,-2.8987,,,0.20154,0
78.3568,27,13,1,4,201.00,129.67,dwell,405.20,133.20,204.23,0,178.977,7.707,179.818,-18.41,20.53,147.48,-17.82,-7.68,173.51,53.589,53.970,-15.5251,6.3745,405.20,133.20,-14.9685,1.2742,,,0.20210,0
78.4732,27,13,1,4,201.00,129.67,dwell,297.55,221.18,133.03,0,178.989,7.660,179.814,-18.54,20.47,147.41,-17.83,-8.18,173.90,53.910,53.805,-18.6573,0.6823,297.55,221.18,-16.6284,1.0079,,,0.21725,0
78.5723,27,13,1,4,201.00,129.67,dwell,205.16,26.64,103.11,0,178.977,7.693,179.788,-18.48,20.37,147.23,-17.86,-8.35,172.87,54.151,53.758,-11.5473,-3.1585,205.16,26.64,-14.3419,-0.8670,,,0.22264,0
78.6782,27,13,1,4,201.00,129.67,dwell,306.95,122.38,106.20,0,178.996,7.615,179.762,-18.45,20.54,147.38,-17.79,-7.73,173.65,54.693,53.702,-14.3447,1.2318,306.95,122.38,-14.3432,0.0775,,,0.22744,0
78.7950,27,13,1,4,201.00,129.67,dwell,258.06,45.49,101.69,0,179.021,7.593,179.768,-18.50,20.56,147.24,-18.48,-7.97,173.91,54.453,53.765,-11.7668,-0.8640,258.06,45.49,-13.1838,-0.3462,,,0.25342,0
78.8919,27,13,1,4,201.00,129.67,dwell,240.35,39.38,98.49,0,179.090,7.752,179.775,-18.53,20.58,147.27,-17.99,-7.58,173.67,54.272,53.762,-11.2215,-1.6421,240.35,39.38,-12.3008,-0.9294,,,0.23493,0
78.9996,27,13,1,4,201.00,129.67,dwell,248.11,92.24,60.17,0,179.053,7.675,179.763,-18.62,20.58,147.34,-17.96,-8.21,173.97,53.925,53.796,-13.8320,-1.1213,248.11,92.24,-12.9898,-1.0157,,,0.21258,0
79.0888,27,13,1,4,201.00,129.67,capture,263.67,44.91,105.41,0,178.974,7.765,179.770,-18.56,20.64,147.20,-17.80,-8.13,173.51,53.738,54.043,-11.4606,-1.4890,263.67,44.91,-12.3017,-1.2287,,,0.21138,0
79.1860,27,13,1,4,201.00,129.67,capture,267.11,60.83,95.44,0,179.017,7.677,179.772,-18.63,20.63,147.26,-17.86,-7.30,173.85,53.886,54.020,-12.5289,-0.3343,267.11,60.83,-12.4039,-0.8262,,,0.22670,0
79.2696,27,13,1,4,201.00,129.67,capture,291.45,47.06,122.50,0,178.992,7.586,179.805,-18.71,20.60,147.32,-18.48,-8.73,173.28,53.948,54.094,-11.5246,0.9361,291.45,47.06,-12.0082,-0.0332,,,0.23226,0
79.3671,27,13,1,4,201.00,129.67,capture,272.52,64.40,96.82,0,178.900,7.493,179.791,-18.61,20.44,147.28,-18.07,-7.77,173.82,53.968,54.138,-12.5317,-0.2830,272.52,64.40,-12.2438,-0.1456,,,0.21774,0
79.4694,27,13,1,4,201.00,129.67,capture,276.73,58.05,104.23,0,178.971,7.486,179.783,-18.52,20.64,147.07,-17.59,-7.48,173.13,53.838,54.504,-12.6432,0.1242,276.73,58.05,-12.4236,-0.0242,,,0.18967,0
79.5852,27,13,1,4,201.00,129.67,capture,286.13,50.99,115.92,0,178.929,7.549,179.763,-18.62,20.75,147.08,-17.54,-8.49,173.15,53.837,54.702,-11.2442,0.6574,286.13,50.99,-11.8928,0.2825,,,0.20572,0
79.6915,27,13,1,4,201.00,129.67,capture,262.04,56.78,95.07,0,178.906,7.521,179.748,-18.64,20.70,146.89,-17.84,-7.94,172.80,53.590,54.789,-11.1902,-0.8376,262.04,56.78,-11.5766,-0.2215,,,0.20025,0
79.8282,27,13,1,4,201.00,129.67,capture,260.49,45.28,103.25,0,179.003,7.468,179.743,-18.50,20.86,147.15,-18.44,-6.34,173.67,53.856,55.173,-12.5026,-1.3346,260.49,45.28,-11.9933,-0.7224,,,0.24855,0
79.9216,27,13,1,4,201.00,129.67,capture,271.34,68.53,93.20,0,178.950,7.618,179.720,-18.59,20.74,147.15,-18.11,-7.15,173.31,53.781,55.018,-12.3328,-0.0184,271.34,68.53,-12.1461,-0.4056,,,0.20884,0
80.0314,27,13,1,4,201.00,129.67,capture,253.06,33.87,109.03,0,178.956,7.794,179.728,-18.63,20.81,147.26,-18.15,-7.34,173.79,53.763,54.757,-11.7177,-1.0813,253.06,33.87,-11.9533,-0.7097,,,0.22113,0
80.1495,27,13,1,4,201.00,129.67,capture,271.66,37.80,115.90,0,178.926,7.800,179.733,-18.61,20.85,147.41,-18.01,-7.50,173.63,53.573,54.804,-11.5892,-0.0980,271.66,37.80,-11.7894,-0.4344,,,0.19802,0
80.2575,27,13,1,4,201.00,129.67,capture,264.75,37.95,111.70,0,178.910,7.638,179.748,-18.72,20.86,147.16,-18.06,-7.72,172.70,53.904,54.335,-11.0882,-0.0659,264.75,37.95,-11.4739,-0.2686,,,0.21993,0
80.3534,27,13,1,4,201.00,129.67,capture,263.23,45.36,104.79,0,178.824,7.739,179.790,-18.80,20.81,147.02,-17.74,-8.48,173.25,53.992,54.470,-11.6198,-1.5064,263.23,45.36,-11.5396,-0.8256,,,0.22271,0
80.4533,27,13,1,4,201.00,129.67,capture,271.85,7.43,141.29,0,178.804,7.748,179.802,-18.80,20.92,146.99,-18.15,-7.94,173.14,54.075,54.699,-9.5338,-0.1217,271.85,7.43,-10.6370,-0.5089,,,0.24877,0
80.5460,27,13,1,4,201.00,129.67,capture,266.59,70.46,88.36,0,178.709,7.617,179.825,-18.78,21.06,147.47,-18.30,-7.12,174.06,53.722,54.568,-11.6808,-0.5537,266.59,70.46,-11.1067,-0.5290,,,0.20907,0
80.6538,27,13,1,4,201.00,129.67,capture,266.64,51.07,102.40,0,178.647,7.625,179.829,-18.91,21.09,147.59,-18.59,-7.58,173.69,53.722,54.953,-12.2211,-0.9604,266.64,51.07,-11.6082,-0.7231,,,0.21775,0
80.7651,27,13,1,4,201.00,129.67,capture,269.48,66.31,93.29,0,178.779,7.498,179.869,-18.81,21.18,147.81,-18.17,-7.24,174.32,53.571,54.520,-11.8900,-0.3959,269.48,66.31,-11.7350,-0.5759,,,0.19760,0
80.8580,27,13,1,4,201.00,129.67,capture,262.61,84.81,76.21,0,178.818,7.687,179.860,-18.76,21.09,147.78,-17.83,-7.69,174.25,53.268,54.630,-13.4209,-0.4732,262.61,84.81,-12.4937,-0.5297,,,0.17721,0
80.9609,27,13,1,4,201.00,129.67,capture,277.47,67.35,98.65,0,178.720,7.709,179.839,-18.65,20.85,148.03,-18.14,-7.97,174.09,53.296,54.509,-12.9504,-0.3507,277.47,67.35,-12.6992,-0.4491,,,0.19172,0
81.0502,27,13,1,4,201.00,129.67,capture,293.19,40.74,128.09,0,178.727,7.626,179.831,-18.69,20.77,147.84,-17.76,-6.16,174.23,53.062,54.215,-10.9035,0.9961,293.19,40.74,-11.8911,0.2012,,,0.20269,0
81.2678,28,36,4,0,22.33,389.00,dwell,144.00,37.54,371.92,0,178.652,7.706,179.821,-18.65,20.62,147.69,-18.42,-7.16,173.71,53.298,54.034,-11.0225,-6.4016,144.00,37.54,-11.0225,-6.4016,,,0.19803,0
81.3805,28,36,4,0,22.33,389.00,dwell,200.31,116.76,325.25,0,178.551,7.710,179.811,-18.74,20.77,147.58,-18.42,-7.80,174.04,53.351,53.969,-13.9329,-3.3595,200.31,116.76,-12.3321,-5.0327,,,0.20971,0
81.4625,28,36,4,0,22.33,389.00,dwell,154.55,102.32,315.70,0,178.663,7.675,179.804,-18.61,20.73,147.44,-17.93,-8.36,173.79,53.763,53.512,-14.8699,-4.9904,154.55,102.32,-13.4741,-5.0136,,,0.20770,0
81.5668,28,36,4,0,22.33,389.00,dwell,116.50,247.89,169.64,0,178.792,7.698,179.801,-18.57,20.66,147.34,-18.29,-8.76,173.57,53.599,53.383,-20.3311,-7.6940,116.50,247.89,-16.5597,-6.2198,,,0.19691,0
81.6650,28,36,4,0,22.33,389.00,dwell,126.33,176.63,236.47,0,178.873,7.601,179.832,-18.63,20.70,147.42,-18.05,-6.98,174.22,53.346,53.027,-16.4036,-6.9402,126.33,176.63,-16.4895,-6.5440,,,0.20596,0
81.7822,28,36,4,0,22.33,389.00,dwell,72.56,191.27,204.01,0,178.847,7.721,179.852,-18.51,20.81,147.43,-18.25,-7.25,173.85,53.398,53.707,-17.5466,-10.1349,72.56,191.27,-16.9652,-8.1599,,,0.19228,0
81.8642,28,36,4,0,22.33,389.00,dwell,11.59,202.35,186.96,0,178.849,7.623,179.853,-18.63,20.97,147.41,-17.69,-7.63,173.04,53.327,53.577,-17.2962,-12.1032,11.59,202.35,-17.1141,-9.9344,,,0.19265,0
81.9693,28,36,4,0,22.33,389.00,dwell,-10.84,239.94,152.71,0,178.896,7.544,179.850,-18.57,21.06,147.29,-17.31,-7.00,173.49,53.461,53.661,-19.3115,-13.0899,-10.84,239.94,-18.1029,-11.3544,,,0.19407,0
82.0718,28,36,4,0,22.33,389.00,capture,-16.87,208.61,184.60,0,178.831,7.553,179.813,-18.64,21.12,147.14,-17.63,-7.29,173.13,53.512,53.366,-18.2337,-13.6660,-16.87,208.61,-18.1618,-12.3946,,,0.20078,0
82.1727,28,36,4,0,22.33,389.00,capture,-30.47,210.76,185.90,0,178.854,7.699,179.795,-18.69,21.12,147.08,-17.81,-7.93,173.40,53.670,53.419,-18.3688,-14.1626,-30.47,210.76,-18.2549,-13.1902,,,0.20402,0
82.2748,28,36,4,0,22.33,389.00,capture,2.87,199.09,190.90,0,178.903,7.791,179.802,-18.68,21.06,147.16,-17.91,-7.44,173.34,53.552,53.827,-17.0652,-13.1829,2.87,199.09,-17.7196,-13.1869,,,0.20630,0
82.3831,28,36,4,0,22.33,389.00,capture,-14.32,229.89,163.28,0,178.966,7.833,179.823,-18.67,20.82,147.05,-18.19,-8.17,172.88,53.417,53.878,-19.5018,-13.3924,-14.32,229.89,-18.5216,-13.2794,,,0.21670,0
82.4864,28,36,4,0,22.33,389.00,capture,-3.50,208.83,182.01,0,178.959,7.892,179.819,-18.65,20.74,147.26,-18.01,-7.20,173.67,53.472,53.639,-17.6239,-13.0376,-3.50,208.83,-18.1176,-13.1706,,,0.20138,0
82.5895,28,36,4,0,22.33,389.00,capture,-4.61,223.68,167.50,0,179.042,7.831,179.840,-18.55,20.81,147.40,-17.81,-6.93,173.60,53.431,53.633,-18.7249,-12.0518,-4.61,223.68,-18.3909,-12.6671,,,0.20853,0
82.6977,28,36,4,0,22.33,389.00,capture,-17.28,186.64,206.20,0,179.085,7.980,179.849,-18.53,20.81,147.23,-18.57,-7.52,173.68,53.180,53.967,-17.8131,-12.6626,-17.28,186.64,-18.1309,-12.6651,,,0.19554,0
82.7864,28,36,4,0,22.33,389.00,capture,-39.26,200.39,198.41,0,179.102,8.031,179.838,-18.43,20.94,147.28,-17.86,-7.33,173.98,52.972,53.314,-17.5218,-14.3387,-39.26,200.39,-17.8568,-13.4182,,,0.19212,0
82.8903,28,36,4,0,22.33,389.00,capture,-7.54,182.44,208.71,0,179.067,8.133,179.845,-18.41,20.74,147.60,-17.66,-7.20,174.07,52.944,53.984,-16.8753,-13.1274,-7.54,182.44,-17.4151,-13.2874,,,0.20243,0
83.0102,28,36,4,0,22.33,389.00,capture,-13.40,210.05,182.48,0,178.952,8.128,179.849,-18.42,20.87,147.61,-18.00,-7.89,173.80,53.505,53.669,-17.6340,-14.0568,-13.40,210.05,-17.5136,-13.6336,,,0.23006,0
83.1091,28,36,4,0,22.33,389.00,capture,-21.48,197.54,196.41,0,178.915,8.053,179.867,-18.44,20.95,147.77,-17.43,-7.50,174.17,53.336,54.017,-18.0024,-13.8400,-21.48,197.54,-17.7336,-13.7265,,,0.22825,0
83.1911,28,36,4,0,22.33,389.00,capture,-10.17,189.82,201.81,0,178.991,8.198,179.885,-18.37,20.93,147.74,-17.72,-7.76,174.54,53.362,54.274,-16.8642,-13.1893,-10.17,189.82,-17.3423,-13.4847,,,0.20342,0
83.2877,28,36,4,0,22.33,389.00,capture,-22.51,189.65,204.33,0,178.967,8.064,179.869,-18.45,21.02,147.67,-17.80,-8.12,174.23,53.629,54.520,-16.8043,-13.4704,-22.51,189.65,-17.1002,-13.4783,,,0.21260,0
83.4000,28,36,4,0,22.33,389.00,capture,-21.51,209.04,185.22,0,179.054,8.203,179.823,-18.46,20.79,147.70,-17.66,-7.80,174.30,54.074,54.233,-18.5373,-13.9613,-21.51,209.04,-17.7469,-13.6957,,,0.21159,0
83.5211,28,36,4,0,22.33,389.00,capture,-26.54,213.08,182.58,0,179.043,8.189,179.838,-18.39,20.97,147.83,-18.50,-7.78,174.27,53.821,54.200,-18.3956,-13.8882,-26.54,213.08,-18.0388,-13.7823,,,0.22342,0
83.6157,28,36,4,0,22.33,389.00,capture,-31.24,216.25,180.87,0,179.118,8.243,179.810,-18.32,20.87,147.80,-18.25,-7.52,174.62,53.770,54.489,-18.0544,-14.1730,-31.24,216.25,-18.0458,-13.9581,,,0.20905,0
83.7300,28,36,4,0,22.33,389.00,capture,-30.28,213.58,183.14,0,179.181,8.186,179.785,-18.25,20.97,147.99,-17.89,-7.46,174.29,54.101,54.487,-18.1156,-14.5296,-30.28,213.58,-18.0772,-14.2153,,,0.25548,0
83.8120,28,36,4,0,22.33,389.00,capture,-16.21,189.39,203.30,0,179.069,8.057,179.786,-18.21,20.95,147.90,-17.54,-7.59,174.02,54.113,54.380,-16.9725,-14.1920,-16.21,189.39,-17.5801,-14.2048,,,0.21402,0
83.9157,28,36,4,0,22.33,389.00,capture,-17.69,199.55,193.63,0,179.065,8.062,179.809,-18.19,20.99,147.78,-17.86,-7.65,173.82,54.035,53.833,-17.4887,-14.0389,-17.69,199.55,-17.5390,-14.1301,,,0.23918,0
84.0788,29,42,4,6,290.33,389.00,dwell,165.03,288.77,160.46,0,178.891,8.008,179.801,-18.16,21.06,147.63,-16.79,-6.95,173.84,53.912,53.937,-21.5008,-5.5142,165.03,288.77,-21.5008,-5.5142,,,0.21911,0
84.1757,29,42,4,6,290.33,389.00,dwell,123.43,278.03,200.43,0,178.944,8.121,179.816,-18.23,20.98,147.81,-18.15,-7.54,174.15,53.739,54.183,-20.4780,-7.3877,123.43,278.03,-21.0405,-6.3572,,,0.21939,0
84.2737,29,42,4,6,290.33,389.00,dwell,44.93,283.90,266.96,0,178.764,8.068,179.832,-18.36,21.16,147.46,-17.76,-7.83,173.48,53.936,53.684,-19.8985,-10.3210,44.93,283.90,-20.5266,-8.1409,,,0.23291,0
84.3860,29,42,4,6,290.33,389.00,dwell,141.84,315.01,165.91,0,178.717,8.043,179.856,-18.44,21.27,147.59,-17.85,-6.92,174.09,53.779,53.785,-22.9876,-5.8639,141.84,315.01,-21.6341,-7.1163,,,0.22550,0
84.4814,29,42,4,6,290.33,389.00,dwell,100.23,257.95,230.90,0,178.754,7.997,179.857,-18.54,21.25,147.43,-17.99,-7.56,173.71,53.715,53.809,-19.3869,-7.8346,100.23,257.95,-20.6228,-7.4395,,,0.20834,0
84.5820,29,42,4,6,290.33,389.00,dwell,205.21,308.50,117.16,0,178.780,8.058,179.843,-18.50,21.17,147.54,-18.68,-7.73,174.03,53.792,53.767,-21.4757,-3.1021,205.21,308.50,-21.0066,-5.4877,,,0.21022,0
84.6645,29,42,4,6,290.33,389.00,dwell,280.64,312.33,77.28,0,178.753,8.091,179.834,-18.49,21.16,147.66,-18.31,-7.27,173.89,54.190,53.819,-21.9645,-0.0513,280.64,312.33,-21.4377,-3.0413,,,0.21214,0
84.7465,29,42,4,6,290.33,389.00,dwell,234.17,316.83,91.45,0,178.874,8.122,179.836,-18.47,21.27,147.83,-18.14,-8.23,174.20,54.516,54.551,-21.7434,-1.9964,234.17,316.83,-21.5752,-2.5711,,,0.22289,0
84.8513,29,42,4,6,290.33,389.00,dwell,226.03,302.42,107.85,0,178.753,8.023,179.809,-18.50,21.21,147.73,-18.49,-6.89,174.01,54.600,53.982,-21.1264,-2.4193,226.03,302.42,-21.3733,-2.5028,,,0.22427,0
84.9675,29,42,4,6,290.33,389.00,capture,252.96,352.33,52.36,0,178.683,8.069,179.817,-18.41,21.05,147.36,-18.00,-7.10,173.68,54.877,53.807,-24.6064,-1.1127,252.96,352.33,-22.8282,-1.8772,,,0.24816,0
85.0787,29,42,4,6,290.33,389.00,capture,254.72,338.64,61.68,0,178.773,8.033,179.821,-18.36,21.16,147.14,-18.06,-7.27,173.55,54.912,53.713,-23.9792,-1.0497,254.72,338.64,-23.3461,-1.5049,,,0.24744,0
85.1670,29,42,4,6,290.33,389.00,capture,251.91,370.18,42.78,0,178.711,7.906,179.815,-18.35,21.03,147.17,-17.83,-7.61,173.80,54.898,53.911,-23.9409,-1.2533,251.91,370.18,-23.6138,-1.3917,,,0.24649,0
85.2553,29,42,4,6,290.33,389.00,capture,250.52,347.55,57.47,0,178.732,7.901,179.814,-18.41,21.06,147.25,-17.77,-7.54,173.85,54.662,53.844,-22.9686,-0.9555,250.52,347.55,-23.3234,-1.1954,,,0.21988,0
85.3600,29,42,4,6,290.33,389.00,capture,282.52,331.83,57.70,0,178.710,7.934,179.813,-18.38,21.01,147.34,-17.67,-8.06,173.65,54.638,53.958,-22.7125,0.5623,282.52,331.83,-23.0485,-0.4044,,,0.22937,0
85.4836,29,42,4,6,290.33,389.00,capture,284.83,339.60,49.71,0,178.760,7.836,179.838,-18.33,21.05,147.53,-18.14,-7.26,173.52,54.443,53.885,-22.9673,1.3010,284.83,339.60,-23.0120,0.3630,,,0.23413,0
85.5656,29,42,4,6,290.33,389.00,capture,268.79,330.84,62.02,0,178.826,7.810,179.815,-18.18,21.16,147.35,-18.03,-6.90,173.40,54.196,53.862,-22.0094,-0.6625,268.79,330.84,-22.5608,-0.0985,,,0.22801,0
85.6750,29,42,4,6,290.33,389.00,capture,271.40,340.88,51.71,0,178.850,7.794,179.825,-18.29,21.05,147.34,-18.29,-6.22,173.61,54.173,54.048,-24.1399,-0.1190,271.40,340.88,-23.2714,-0.1077,,,0.23970,0
85.7766,29,42,4,6,290.33,389.00,capture,269.90,347.74,46.04,1,178.768,7.822,179.807,-18.33,21.19,147.16,-17.56,-8.11,173.37,53.884,54.434,-23.1890,-0.8508,269.90,347.74,-23.2343,-0.4421,,,0.18403,0
85.8784,29,42,4,6,290.33,389.00,capture,291.36,337.96,51.05,0,178.796,7.860,179.763,-18.41,21.20,147.36,-17.80,-7.41,173.73,53.893,53.856,-23.6877,1.2308,291.36,337.96,-23.4383,0.3107,,,0.21898,0
85.9784,29,42,4,6,290.33,389.00,capture,267.86,353.76,41.80,0,178.852,7.935,179.771,-18.38,21.21,147.44,-17.78,-7.30,173.42,53.943,54.392,-23.7515,-0.5747,267.86,353.76,-23.5793,-0.0877,,,0.20389,0
86.0829,29,42,4,6,290.33,389.00,capture,236.59,323.71,84.56,0,178.810,8.009,179.767,-18.39,20.94,147.54,-18.06,-7.85,173.71,53.332,54.339,-22.0605,-1.6098,236.59,323.71,-22.8958,-0.7727,,,0.21070,0
86.1993,29,42,4,6,290.33,389.00,capture,275.73,336.24,54.74,0,178.810,7.983,179.762,-18.41,20.89,147.61,-18.08,-8.04,174.07,53.679,54.408,-22.0805,0.5233,275.73,336.24,-22.5289,-0.1895,,,0.20661,0
86.2836,29,42,4,6,290.33,389.00,capture,309.60,361.37,33.68,1,178.717,7.982,179.785,-18.45,20.96,147.49,-17.37,-8.07,173.58,53.683,54.216,-23.9317,1.3341,309.60,361.37,-23.1602,0.4962,,,0.21808,0
86.3658,29,42,4,6,290.33,389.00,capture,272.63,347.88,44.77,1,178.757,8.125,179.812,-18.37,20.98,147.67,-17.80,-7.60,173.79,53.349,54.196,-23.8819,-0.6369,272.63,347.88,-23.4850,-0.0137,,,0.20831,0
86.4694,29,42,4,6,290.33,389.00,capture,252.36,362.61,46.24,0,178.633,8.065,179.819,-18.40,20.97,147.65,-17.94,-7.52,174.18,53.793,54.143,-24.1047,-0.7617,252.36,362.61,-23.7639,-0.3503,,,0.19957,0
86.5712,29,42,4,6,290.33,389.00,capture,252.68,339.44,62.24,0,178.778,8.124,179.821,-18.44,20.93,147.73,-17.32,-7.10,174.36,53.883,53.882,-23.3868,-1.5394,252.68,339.44,-23.5942,-0.8854,,,0.22790,0
86.6750,29,42,4,6,290.33,389.00,capture,251.37,329.88,70.80,0,178.796,8.110,179.785,-18.49,21.00,147.62,-18.12,-7.71,174.40,53.937,53.929,-22.7902,-1.4807,251.37,329.88,-23.2324,-1.1533,,,0.22842,0
86.7742,29,42,4,6,290.33,389.00,capture,273.50,357.01,36.15,1,178.817,8.126,179.777,-18.33,20.92,147.60,-17.95,-7.37,173.78,53.481,53.274,-23.7425,-0.0479,273.50,357.01,-23.4620,-0.6559,,,0.19409,0
86.8736,29,42,4,6,290.33,389.00,capture,260.65,366.90,37.01,0,178.765,8.170,179.784,-18.23,20.84,147.44,-17.75,-7.88,173.73,53.687,53.378,-24.1902,-0.6526,260.65,366.90,-23.7897,-0.6544,,,0.22175,0
86.9845,29,42,4,6,290.33,389.00,capture,273.43,346.06,46.15,1,178.835,8.116,179.787,-18.23,20.93,147.47,-18.11,-8.01,173.16,53.681,53.488,-23.3633,-0.4571,273.43,346.06,-23.5978,-0.5656,,,0.20138,0
87.1670,30,40,4,4,201.00,389.00,dwell,256.12,431.86,69.82,0,178.707,8.096,179.779,-18.24,21.01,147.20,-17.75,-7.92,173.73,53.610,53.768,-26.4837,-0.3899,256.12,431.86,-26.4837,-0.3899,,,0.20923,0
87.2579,30,40,4,4,201.00,389.00,dwell,305.61,389.13,104.61,0,178.709,8.048,179.778,-18.17,21.03,147.18,-17.89,-7.21,173.68,53.984,53.828,-24.7805,1.5083,305.61,389.13,-25.7173,0.4643,,,0.20884,0
87.3590,30,40,4,4,201.00,389.00,dwell,276.03,403.17,76.36,0,178.662,8.242,179.784,-18.10,21.14,147.11,-17.57,-7.59,173.43,53.838,53.589,-25.4944,0.7205,276.03,403.17,-25.6170,0.5796,,,0.19978,0
87.4525,30,40,4,4,201.00,389.00,dwell,296.07,438.94,107.39,0,178.738,8.254,179.806,-18.10,21.23,147.08,-17.69,-7.23,173.27,53.758,53.665,-27.1534,1.0394,296.07,438.94,-26.3083,0.7865,,,0.21828,0
87.5558,30,40,4,4,201.00,389.00,dwell,278.68,330.85,97.03,0,178.847,8.132,179.853,-18.12,21.29,147.14,-17.53,-6.76,174.09,53.947,54.042,-22.6896,0.0307,278.68,330.85,-24.6799,0.4464,,,0.23213,0
87.6779,30,40,4,4,201.00,389.00,dwell,268.78,362.92,72.62,0,178.861,8.166,179.855,-18.10,21.41,147.08,-18.14,-7.02,173.92,53.989,54.261,-24.5041,0.0960,268.78,362.92,-24.6008,0.2887,,,0.21874,0
87.7599,30,40,4,4,201.00,389.00,dwell,217.36,330.29,60.95,0,178.838,8.006,179.838,-18.05,21.28,147.13,-17.48,-7.31,173.70,54.029,54.246,-22.9803,-2.6057,217.36,330.29,-23.8716,-1.0138,,,0.20185,0
87.8739,30,40,4,4,201.00,389.00,dwell,246.24,421.07,55.45,0,178.917,8.053,179.812,-18.05,21.35,147.38,-17.78,-6.86,173.81,53.818,54.284,-26.8807,-1.0436,246.24,421.07,-25.2257,-1.0272,,,0.23640,0
87.9844,30,40,4,4,201.00,389.00,dwell,260.88,395.28,60.21,0,179.044,8.176,179.844,-18.15,21.46,147.40,-17.11,-7.00,173.67,53.721,53.790,-25.2453,-0.8682,260.88,395.28,-25.2345,-0.9557,,,0.22015,0
88.0898,30,40,4,4,201.00,389.00,capture,272.60,378.52,72.36,0,179.021,8.082,179.838,-18.02,21.35,147.21,-17.53,-7.87,173.25,53.893,53.909,-23.9040,-0.0190,272.60,378.52,-24.6358,-0.5342,,,0.20676,0
88.1799,30,40,4,4,201.00,389.00,capture,294.35,370.69,95.13,0,179.190,8.251,179.859,-18.14,21.44,147.18,-17.71,-7.42,173.65,53.550,53.931,-24.2106,0.2711,294.35,370.69,-24.4444,-0.1718,,,0.23983,0
88.2818,30,40,4,4,201.00,389.00,capture,278.57,403.39,78.89,0,179.094,8.142,179.847,-18.28,21.35,147.40,-17.71,-7.77,172.84,53.567,54.340,-25.2269,-0.7674,278.57,403.39,-24.7965,-0.4398,,,0.22308,0
88.3645,30,40,4,4,201.00,389.00,capture,257.40,393.55,56.58,0,179.064,8.111,179.832,-18.19,21.22,147.11,-17.15,-7.14,173.16,53.748,53.754,-25.2137,-1.2066,257.40,393.55,-24.9843,-0.7849,,,0.21865,0
88.4689,30,40,4,4,201.00,389.00,capture,266.98,381.22,66.44,0,179.082,8.198,179.825,-18.36,21.15,147.42,-17.72,-7.14,173.40,53.759,53.807,-25.2915,-0.0464,266.98,381.22,-25.1225,-0.4525,,,0.23721,0
88.5646,30,40,4,4,201.00,389.00,capture,249.04,386.13,48.13,0,179.019,8.089,179.826,-18.42,21.19,147.39,-18.12,-7.64,173.45,53.875,53.621,-24.4169,-1.5304,249.04,386.13,-24.8050,-0.9376,,,0.21961,0
88.6587,30,40,4,4,201.00,389.00,capture,288.51,387.48,87.52,0,179.019,8.111,179.854,-18.36,21.17,147.44,-17.69,-6.87,173.80,53.395,54.143,-25.4874,0.6945,288.51,387.48,-25.1121,-0.2032,,,0.20479,0
88.7504,30,40,4,4,201.00,389.00,capture,270.73,390.86,69.75,0,178.890,8.077,179.846,-18.43,21.31,147.42,-18.22,-7.24,173.85,53.246,54.370,-25.2227,0.0326,270.73,390.86,-25.1618,-0.0970,,,0.19900,0
88.8393,30,40,4,4,201.00,389.00,capture,281.32,357.35,86.33,0,178.740,8.092,179.876,-18.30,21.16,147.51,-17.85,-7.28,174.51,53.088,54.328,-23.6909,0.0996,281.32,357.35,-24.4999,-0.0086,,,0.17722,0
88.9640,30,40,4,4,201.00,389.00,capture,280.41,374.02,80.81,0,178.778,8.072,179.883,-18.26,21.21,147.46,-18.03,-7.20,173.67,53.018,54.325,-23.6056,1.0358,280.41,374.02,-24.0975,0.4614,,,0.19348,0
89.0555,30,40,4,4,201.00,389.00,capture,258.35,391.41,57.40,0,178.777,7.958,179.891,-18.15,21.06,147.82,-17.95,-7.84,174.69,53.417,54.760,-25.0870,-1.6078,258.35,391.41,-24.5428,-0.4697,,,0.21323,0
89.1390,30,40,4,4,201.00,389.00,capture,256.35,381.76,55.82,0,178.798,8.027,179.908,-18.09,21.03,147.97,-18.14,-7.99,174.28,53.328,54.367,-24.8575,-1.7733,256.35,381.76,-24.6844,-1.0563,,,0.20136,0
89.2432,30,40,4,4,201.00,389.00,capture,276.08,385.08,75.18,0,178.676,8.006,179.876,-18.21,21.01,148.06,-17.51,-7.67,174.99,53.630,54.280,-24.7214,0.1241,276.08,385.08,-24.7010,-0.5251,,,0.20915,0
89.3399,30,40,4,4,201.00,389.00,capture,300.62,403.01,100.60,0,178.772,7.904,179.874,-18.25,20.99,147.99,-17.91,-7.17,174.85,53.498,54.227,-25.3744,0.9060,300.62,403.01,-25.0040,0.1189,,,0.19022,0
89.4399,30,40,4,4,201.00,389.00,capture,280.80,409.39,82.36,0,178.752,7.985,179.885,-18.20,21.12,148.06,-17.79,-7.37,174.78,53.301,54.276,-26.7093,0.4923,280.80,409.39,-25.7714,0.2869,,,0.21306,0
89.5649,30,40,4,4,201.00,389.00,capture,281.14,380.45,80.59,0,178.808,7.781,179.880,-18.27,20.96,148.06,-18.01,-7.09,174.46,53.532,54.317,-24.2418,0.0375,281.14,380.45,-25.0831,0.1747,,,0.21620,0
89.6606,30,40,4,4,201.00,389.00,capture,267.69,375.31,68.08,0,178.918,7.935,179.883,-18.31,20.79,148.25,-17.66,-8.07,174.93,53.743,54.436,-25.1286,-0.3878,267.69,375.31,-25.1036,-0.0784,,,0.21997,0
89.7526,30,40,4,4,201.00,389.00,capture,252.78,399.55,52.84,0,178.785,8.013,179.883,-18.27,20.88,148.40,-17.88,-8.02,175.12,53.603,54.339,-25.7744,-1.5295,252.78,399.55,-25.4055,-0.7314,,,0.21443,0
89.8714,30,40,4,4,201.00,389.00,capture,271.54,381.94,70.89,0,178.873,8.079,179.861,-18.38,20.94,148.39,-18.29,-8.13,174.77,53.872,54.174,-24.9013,-0.2353,271.54,381.94,-25.1786,-0.5081,,,0.22265,0
89.9601,30,40,4,4,201.00,389.00,capture,259.36,407.09,61.10,0,178.843,8.009,179.851,-18.43,20.79,148.61,-18.52,-7.36,175.21,53.652,54.505,-25.6054,-1.1438,259.36,407.09,-25.3706,-0.7942,,,0.19552,0
90.1557,31,25,2,7,335.00,216.11,dwell,341.17,369.87,153.88,0,178.951,8.044,179.871,-18.27,20.82,148.22,-18.18,-7.77,174.49,53.114,54.487,-23.6892,3.0165,341.17,369.87,-23.6892,3.0165,,,0.22305,0
90.2599,31,25,2,7,335.00,216.11,dwell,268.51,156.63,89.21,0,178.895,8.007,179.866,-18.24,20.94,148.03,-17.52,-7.61,174.57,53.374,54.325,-16.7819,-0.5555,268.51,156.63,-20.5809,1.4091,,,0.20451,0
90.3635,31,25,2,7,335.00,216.11,dwell,353.81,230.41,23.63,1,178.991,8.059,179.856,-18.26,20.84,147.85,-18.24,-7.80,174.70,52.883,54.396,-18.8983,3.4422,353.81,230.41,-19.8237,2.3240,,,0.17804,0
90.4605,31,25,2,7,335.00,216.11,dwell,296.40,240.64,45.73,0,179.021,8.072,179.833,-18.37,20.86,147.80,-17.98,-7.41,173.97,53.003,54.254,-20.0020,0.9784,296.40,240.64,-19.9040,1.7185,,,0.22359,0
90.5610,31,25,2,7,335.00,216.11,dwell,300.88,353.49,141.55,0,178.867,7.982,179.876,-18.33,20.85,147.86,-17.74,-7.26,174.41,53.021,54.301,-24.0180,0.9685,300.88,353.49,-21.7553,1.3810,,,0.21830,0
90.6658,31,25,2,7,335.00,216.11,dwell,219.02,186.23,119.77,0,178.862,7.992,179.882,-18.34,20.62,147.93,-18.40,-8.72,174.51,53.262,54.786,-17.4194,-1.9260,219.02,186.23,-19.8041,-0.1071,,,0.20462,0
90.7940,31,25,2,7,335.00,216.11,dwell,312.16,188.02,36.20,0,179.013,7.871,179.870,-18.20,20.61,147.85,-18.07,-7.89,174.64,53.360,54.535,-17.2675,2.2545,312.16,188.02,-18.6626,0.9556,,,0.19380,0
90.9086,31,25,2,7,335.00,216.11,dwell,337.75,214.39,3.24,1,178.895,7.967,179.884,-18.36,20.58,147.83,-18.28,-7.11,173.96,53.574,54.817,-18.6146,2.9426,337.75,214.39,-18.6410,1.8498,,,0.20279,0
91.0095,31,25,2,7,335.00,216.11,dwell,328.74,110.87,105.43,0,178.864,8.045,179.891,-18.42,20.53,147.79,-17.31,-8.14,174.04,53.598,54.348,-14.1649,2.1373,328.74,110.87,-16.6267,1.9791,,,0.20747,0
91.1193,31,25,2,7,335.00,216.11,capture,334.15,116.54,99.57,0,178.830,8.086,179.884,-18.32,20.63,147.85,-18.13,-7.60,174.67,53.298,54.317,-14.0838,2.6799,334.15,116.54,-15.4824,2.2945,,,0.18017,0
91.2384,31,25,2,7,335.00,216.11,capture,325.25,109.85,106.71,0,178.813,8.005,179.878,-18.25,20.44,147.76,-17.95,-8.10,174.43,53.544,53.961,-14.3438,2.2302,325.25,109.85,-14.9700,2.2656,,,0.19876,0
91.3397,31,25,2,7,335.00,216.11,capture,337.69,105.34,110.80,0,178.872,7.950,179.856,-18.34,20.44,147.83,-17.88,-7.20,174.30,53.504,53.698,-13.5931,2.7554,337.69,105.34,-14.3504,2.4860,,,0.21976,0
91.4298,31,25,2,7,335.00,216.11,capture,361.42,91.61,127.27,0,178.855,7.918,179.828,-18.37,20.42,147.82,-18.45,-7.47,174.06,53.424,53.801,-13.8695,3.9545,361.42,91.61,-14.1340,3.1468,,,0.20931,0
91.5187,31,25,2,7,335.00,216.11,capture,336.02,121.41,94.71,0,178.937,7.658,179.815,-18.39,20.35,147.74,-17.96,-8.46,174.15,53.532,53.926,-15.0358,2.6499,336.02,121.41,-14.5398,2.9232,,,0.19595,0
91.6134,31,25,2,7,335.00,216.11,capture,332.54,127.66,88.49,0,178.956,7.720,179.849,-18.32,20.26,147.67,-17.29,-8.42,174.05,53.682,53.899,-13.6639,2.5570,332.54,127.66,-14.1457,2.7584,,,0.23078,0
91.7135,31,25,2,7,335.00,216.11,capture,340.71,121.32,94.96,0,178.950,7.732,179.862,-18.28,20.28,147.36,-17.60,-8.26,173.54,53.438,53.827,-14.9640,2.9270,340.71,121.32,-14.5139,2.8343,,,0.19950,0
91.8211,31,25,2,7,335.00,216.11,capture,328.27,115.38,100.96,0,178.816,7.715,179.848,-18.11,20.27,147.14,-17.72,-8.10,173.25,53.499,53.841,-14.1168,2.2737,328.27,115.38,-14.3352,2.5820,,,0.20427,0
91.9208,31,25,2,7,335.00,216.11,capture,330.47,103.67,112.53,0,178.742,7.719,179.828,-18.02,20.12,147.31,-17.76,-8.35,173.08,53.372,53.583,-13.6079,2.5490,330.47,103.67,-14.0079,2.5672,,,0.20125,0
92.0207,31,25,2,7,335.00,216.11,capture,331.05,119.21,96.98,0,178.683,7.863,179.819,-18.14,20.09,147.58,-17.34,-8.44,173.46,53.175,53.671,-15.2583,3.0341,331.05,119.21,-14.5706,2.7773,,,0.18847,0
92.1053,31,25,2,7,335.00,216.11,capture,349.02,117.69,99.41,0,178.748,7.896,179.798,-18.07,20.23,147.61,-17.78,-8.33,174.32,53.247,53.515,-14.3000,3.5780,349.02,117.69,-14.4488,3.1376,,,0.20291,0
92.2108,31,25,2,7,335.00,216.11,capture,370.11,87.82,133.01,0,178.827,7.765,179.778,-18.00,20.41,147.34,-17.78,-7.60,173.73,53.461,53.240,-12.9624,4.3396,370.11,87.82,-13.7799,3.6785,,,0.17831,0
92.3275,31,25,2,7,335.00,216.11,capture,352.02,93.27,124.01,0,178.776,7.739,179.763,-18.04,20.63,147.70,-17.82,-8.46,174.14,53.335,53.114,-12.8116,3.0969,352.02,93.27,-13.3442,3.4168,,,0.19990,0
92.4162,31,25,2,7,335.00,216.11,capture,324.38,104.66,111.96,0,178.911,7.846,179.804,-18.06,20.56,147.32,-18.30,-7.74,173.60,53.364,53.434,-13.8359,2.2879,324.38,104.66,-13.5654,2.9088,,,0.18765,0
92.5148,31,25,2,7,335.00,216.11,capture,334.38,118.09,98.02,0,179.057,7.779,179.791,-18.12,20.63,147.47,-17.15,-7.49,173.98,53.792,53.624,-14.0890,3.2865,334.38,118.09,-13.8010,3.0787,,,0.23446,0
92.6160,31,25,2,7,335.00,216.11,capture,330.83,123.58,92.63,0,179.070,7.824,179.826,-18.23,20.50,147.62,-18.01,-8.14,174.24,53.900,53.745,-14.8023,2.9556,330.83,123.58,-14.2516,3.0233,,,0.21399,0
92.7096,31,25,2,7,335.00,216.11,capture,327.23,63.40,152.91,0,179.029,7.917,179.826,-18.26,20.58,147.67,-18.15,-7.78,174.10,54.118,53.596,-13.0326,2.4841,327.23,63.40,-13.7030,2.7807,,,0.22821,0
92.7916,31,25,2,7,335.00,216.11,capture,329.48,102.96,113.29,0,179.071,7.782,179.830,-18.21,20.63,147.62,-18.11,-7.74,173.63,54.246,53.452,-13.7088,2.1195,329.48,102.96,-13.7056,2.4832,,,0.23385,0
93.0069,32,61,6,7,335.00,561.89,dwell,442.73,262.71,317.98,0,179.175,7.877,179.825,-18.35,20.55,147.54,-18.58,-8.10,174.30,54.134,53.372,-20.1333,7.9935,442.73,262.71,-20.1333,7.9935,,,0.21463,0
93.1044,32,61,6,7,335.00,561.89,dwell,301.96,176.99,386.31,0,179.156,7.956,179.801,-18.36,20.69,147.53,-18.14,-7.89,173.78,54.005,53.430,-16.9186,1.1430,301.96,176.99,-18.6867,4.9108,,,0.21548,0
93.2116,32,61,6,7,335.00,561.89,dwell,418.80,324.25,251.98,0,179.139,7.957,179.798,-18.31,20.69,147.73,-18.01,-7.26,173.45,53.947,53.190,-22.4969,6.4821,418.80,324.25,-20.4013,5.6179,,,0.19936,0
93.3122,32,61,6,7,335.00,561.89,dwell,339.07,352.53,209.40,0,179.054,7.966,179.791,-18.29,20.66,147.58,-17.65,-7.85,173.59,53.703,53.160,-23.1550,2.3953,339.07,352.53,-21.6405,4.1677,,,0.21136,0
93.4266,32,61,6,7,335.00,561.89,dwell,361.92,269.68,293.45,0,179.150,8.016,179.828,-18.31,20.76,147.65,-17.90,-7.96,173.66,53.519,53.431,-20.2334,4.0103,361.92,269.68,-21.0073,4.0969,,,0.22066,0
93.5144,32,61,6,7,335.00,561.89,dwell,413.47,397.76,181.92,0,179.271,7.947,179.828,-18.24,20.72,147.84,-17.82,-8.37,174.46,53.533,53.742,-24.6513,6.9092,413.47,397.76,-22.6471,5.3624,,,0.21480,0
93.6251,32,61,6,7,335.00,561.89,dwell,443.40,429.83,170.85,0,179.213,8.136,179.817,-18.39,20.64,147.66,-18.22,-7.78,174.09,53.752,53.657,-25.8499,7.7281,443.40,429.83,-24.0884,6.4270,,,0.20701,0
93.7211,32,61,6,7,335.00,561.89,dwell,411.07,420.91,160.19,0,179.150,8.186,179.814,-18.45,20.44,147.75,-18.10,-8.02,173.81,53.654,53.708,-26.0023,6.8578,411.07,420.91,-24.9496,6.6208,,,0.19613,0
93.8245,32,61,6,7,335.00,561.89,dwell,383.71,498.80,79.70,0,179.176,8.172,179.803,-18.54,20.45,147.90,-17.59,-8.69,174.16,53.383,53.771,-28.8103,5.2721,383.71,498.80,-26.6869,6.0139,,,0.20582,0
93.9321,32,61,6,7,335.00,561.89,dwell,431.80,475.69,129.62,0,179.177,8.043,179.810,-18.61,20.58,148.12,-17.82,-7.95,174.65,53.277,53.752,-29.1202,6.7943,431.80,475.69,-27.7819,6.3651,,,0.21507,0
94.0322,32,61,6,7,335.00,561.89,capture,426.98,526.19,98.66,0,179.121,7.930,179.822,-18.60,20.58,148.20,-18.38,-8.11,174.33,53.757,53.818,-30.1945,6.9514,426.98,526.19,-28.8676,6.6289,,,0.20730,0
94.1281,32,61,6,7,335.00,561.89,capture,406.41,513.82,86.08,0,179.051,7.992,179.838,-18.56,20.45,147.77,-17.74,-8.21,173.70,53.774,53.616,-28.7091,5.7105,406.41,513.82,-28.7963,6.2157,,,0.21867,0
94.2212,32,61,6,7,335.00,561.89,capture,405.98,511.63,86.97,0,178.969,8.149,179.830,-18.48,20.72,147.82,-18.09,-8.91,174.49,53.757,53.600,-29.8393,5.8168,405.98,511.63,-29.2656,6.0362,,,0.20003,0
94.3393,32,61,6,7,335.00,561.89,capture,416.40,518.24,92.36,0,179.004,8.250,179.818,-18.47,20.86,148.04,-18.17,-7.47,174.85,53.780,53.283,-28.6953,5.8914,416.40,518.24,-29.0090,5.9710,,,0.21568,0
94.4454,32,61,6,7,335.00,561.89,capture,432.82,539.62,100.32,0,178.951,8.273,179.798,-18.46,20.98,148.43,-17.55,-7.63,174.99,53.655,53.923,-30.3088,7.1127,432.82,539.62,-29.5939,6.4848,,,0.22462,0
94.5291,32,61,6,7,335.00,561.89,capture,408.75,560.69,73.76,0,178.979,8.278,179.821,-18.40,21.24,148.42,-18.15,-6.59,175.09,53.272,53.483,-31.4245,6.3507,408.75,560.69,-30.4177,6.4244,,,0.17450,0
94.6111,32,61,6,7,335.00,561.89,capture,429.46,539.42,97.10,0,179.011,8.263,179.846,-18.38,21.10,148.31,-17.78,-8.03,175.07,53.220,53.677,-31.3506,8.1733,429.46,539.42,-30.8375,7.2114,,,0.19243,0
94.7256,32,61,6,7,335.00,561.89,capture,417.35,532.03,87.60,0,178.970,8.344,179.861,-18.33,21.12,148.23,-17.90,-8.54,174.65,52.986,53.848,-30.6948,6.3259,417.35,532.03,-30.7733,6.8130,,,0.18592,0
94.8395,32,61,6,7,335.00,561.89,capture,415.09,521.76,89.58,0,178.904,8.416,179.844,-18.27,21.11,148.05,-17.69,-6.67,174.64,53.379,53.585,-29.7532,7.2330,415.09,521.76,-30.3143,7.0020,,,0.20970,0
94.9567,32,61,6,7,335.00,561.89,capture,391.70,539.69,60.89,0,178.894,8.383,179.862,-18.28,21.12,148.18,-18.09,-7.64,174.66,53.510,53.766,-30.2706,4.8242,391.70,539.69,-30.2946,6.0220,,,0.21069,0
95.0417,32,61,6,7,335.00,561.89,capture,400.94,552.76,66.57,0,178.929,8.345,179.866,-18.17,21.14,147.90,-17.85,-7.16,174.20,53.738,53.741,-31.4653,6.4953,400.94,552.76,-30.8214,6.2350,,,0.21303,0
95.1477,32,61,6,7,335.00,561.89,capture,428.88,535.76,97.45,0,178.968,8.499,179.881,-18.22,21.05,147.98,-17.25,-7.57,174.28,53.451,53.354,-30.4728,7.1939,428.88,535.76,-30.6646,6.6665,,,0.19564,0
95.2650,32,61,6,7,335.00,561.89,capture,432.72,530.49,102.64,0,178.886,8.436,179.846,-18.34,21.15,147.80,-18.24,-7.31,173.98,53.387,53.454,-30.3264,6.1305,432.72,530.49,-30.5124,6.4253,,,0.20297,0
95.3569,32,61,6,7,335.00,561.89,capture,444.68,502.45,124.75,0,178.937,8.622,179.823,-18.17,21.07,147.64,-17.39,-7.57,174.34,53.873,53.557,-29.8957,8.0135,444.68,502.45,-30.2349,7.1400,,,0.22414,0
95.4497,32,61,6,7,335.00,561.89,capture,440.35,516.61,114.67,0,178.953,8.631,179.805,-18.12,21.02,147.83,-17.63,-7.18,174.24,53.156,53.729,-30.2530,7.5614,440.35,516.61,-30.2430,7.3296,,,0.17996,0
95.5528,32,61,6,7,335.00,561.89,capture,431.14,520.23,104.78,0,178.852,8.599,179.771,-18.03,20.93,147.99,-17.04,-8.27,174.88,52.982,53.767,-30.0849,7.4424,431.14,520.23,-30.1719,7.3804,,,0.18888,0
95.6663,32,61,6,7,335.00,561.89,capture,437.35,530.02,107.20,0,178.829,8.720,179.813,-18.00,20.82,147.85,-17.83,-8.08,174.55,53.367,53.446,-30.3973,7.6823,437.35,530.02,-30.2733,7.5162,,,0.19883,0
95.7527,32,61,6,7,335.00,561.89,capture,400.29,524.18,75.40,0,178.867,8.589,179.771,-17.99,20.72,147.85,-17.49,-7.87,174.32,53.439,54.040,-29.8107,5.4214,400.29,524.18,-30.0651,6.5735,,,0.20179,0
95.8550,32,61,6,7,335.00,561.89,capture,417.09,511.16,96.50,0,178.863,8.681,179.777,-18.14,20.79,147.93,-18.12,-7.56,173.83,53.734,53.874,-29.1031,5.9791,417.09,511.16,-29.6322,6.3060,,,0.21750,0
95.9540,32,61,6,7,335.00,561.89,capture,426.04,537.25,94.32,0,178.772,8.571,179.775,-18.09,20.81,147.82,-17.77,-7.54,173.73,53.693,53.638,-30.5162,6.5891,426.04,537.25,-30.0300,6.4334,,,0.19793,0
96.0635,32,61,6,7,335.00,561.89,capture,409.38,546.24,76.01,0,178.757,8.485,179.782,-17.98,20.54,147.50,-17.57,-7.91,173.75,54.143,54.068,-31.8607,6.3401,409.38,546.24,-30.8538,6.3914,,,0.23649,0
96.2660,33,16,1,7,335.00,129.67,dwell,381.17,428.57,302.45,0,178.755,8.364,179.819,-17.96,20.64,147.40,-17.98,-7.65,173.84,54.041,54.534,-26.3880,5.1367,381.17,428.57,-26.3880,5.1367,,,0.23682,0
96.3667,33,16,1,7,335.00,129.67,dwell,427.18,375.37,262.43,0,178.760,8.181,179.788,-18.00,20.73,147.45,-18.07,-8.20,173.50,53.985,54.233,-23.9725,6.7668,427.18,375.37,-25.3010,5.8702,,,0.23321,0
96.4822,33,16,1,7,335.00,129.67,dwell,417.49,275.81,167.82,0,178.732,8.159,179.812,-17.88,20.65,147.36,-17.63,-7.61,173.40,53.922,54.084,-21.8946,7.2218,417.49,275.81,-23.7681,6.4784,,,0.23023,0
96.5976,33,16,1,7,335.00,129.67,dwell,441.74,242.37,155.23,0,178.822,8.088,179.790,-17.79,20.63,147.26,-16.97,-8.33,173.17,53.762,54.344,-18.6095,7.6811,441.74,242.37,-21.4467,7.0196,,,0.20537,0
96.6983,33,16,1,7,335.00,129.67,dwell,366.08,309.94,182.93,0,178.852,8.157,179.803,-17.76,20.64,147.14,-17.68,-8.05,173.10,53.993,54.344,-22.2879,3.9326,366.08,309.94,-21.8252,5.6305,,,0.21678,0
96.7922,33,16,1,7,335.00,129.67,dwell,375.33,255.49,132.13,0,178.946,8.081,179.806,-17.78,20.58,147.05,-17.18,-7.80,172.76,54.000,54.151,-19.7926,4.4302,375.33,255.49,-20.9105,5.0903,,,0.21878,0
96.9060,33,16,1,7,335.00,129.67,dwell,420.94,104.66,89.50,0,179.037,7.935,179.835,-17.89,20.80,147.06,-17.44,-7.77,173.30,54.041,54.471,-13.3852,6.6795,420.94,104.66,-17.5241,5.8055,,,0.22159,0
97.0202,33,16,1,7,335.00,129.67,dwell,399.61,121.88,65.08,0,178.960,7.933,179.851,-17.90,20.83,147.15,-17.64,-8.06,174.15,53.652,54.200,-14.9418,5.8515,399.61,121.88,-16.3621,5.8262,,,0.22538,0
97.1254,33,16,1,7,335.00,129.67,dwell,366.48,88.18,52.08,0,178.893,8.033,179.833,-18.02,20.79,146.94,-18.38,-7.49,172.84,53.782,53.823,-13.7670,3.7974,366.48,88.18,-15.1943,4.9132,,,0.20853,0
97.2290,33,16,1,7,335.00,129.67,dwell,366.27,111.76,36.03,0,178.814,8.131,179.787,-18.03,20.97,146.77,-17.50,-7.57,172.75,53.449,54.076,-12.4699,3.9358,366.27,111.76,-13.9683,4.4734,,,0.21039,0
97.3243,33,16,1,7,335.00,129.67,dwell,359.01,11.75,120.34,0,178.766,8.024,179.829,-18.07,21.02,146.98,-17.93,-7.47,173.03,53.374,53.877,-10.1453,3.8333,359.01,11.75,-12.2480,4.1854,,,0.18728,0
97.4199,33,16,1,7,335.00,129.67,capture,354.34,-16.00,146.94,0,178.888,7.984,179.823,-18.06,20.86,146.98,-17.88,-7.84,172.93,53.431,53.963,-9.2851,3.7433,354.34,-16.00,-10.9147,3.9864,,,0.20112,0
97.5279,33,16,1,7,335.00,129.67,capture,350.74,-17.72,148.22,0,178.996,7.935,179.825,-18.09,20.91,147.08,-17.81,-7.47,173.33,53.505,54.134,-8.9000,3.7871,350.74,-17.72,-10.0081,3.8967,,,0.21582,0
97.6408,33,16,1,7,335.00,129.67,capture,334.89,-24.22,153.89,0,179.014,7.886,179.839,-18.21,21.09,146.93,-17.63,-6.85,172.90,53.569,54.043,-8.8400,2.3096,334.89,-24.22,-9.4825,3.1825,,,0.22563,0
97.7276,33,16,1,7,335.00,129.67,capture,320.64,-38.98,169.26,0,178.971,7.824,179.846,-18.22,21.21,146.98,-17.93,-7.69,173.07,53.738,54.138,-7.7836,2.6636,320.64,-38.98,-8.7180,2.9490,,,0.18831,0
97.8357,33,16,1,7,335.00,129.67,capture,342.36,-36.51,166.34,0,178.933,7.867,179.840,-18.33,21.06,147.10,-18.51,-7.55,173.32,54.002,54.408,-8.7460,3.4675,342.36,-36.51,-8.7306,3.1823,,,0.21935,0
97.9235,33,16,1,7,335.00,129.67,capture,339.64,-15.85,145.59,0,178.816,7.894,179.862,-18.53,21.03,146.95,-18.27,-7.06,173.46,54.101,54.706,-9.1158,2.9114,339.64,-15.85,-8.9039,3.0604,,,0.22256,0
98.0136,33,16,1,7,335.00,129.67,capture,341.02,-12.00,141.79,0,178.738,7.814,179.843,-18.60,21.14,147.04,-17.95,-7.67,173.64,53.893,54.723,-9.3706,2.3431,341.02,-12.00,-9.1140,2.7376,,,0.21329,0
98.1094,33,16,1,7,335.00,129.67,capture,335.97,-22.83,152.50,0,178.703,7.782,179.846,-18.44,21.33,147.17,-18.24,-7.13,173.28,54.287,54.881,-9.7363,2.7148,335.97,-22.83,-9.3940,2.7274,,,0.22371,0
98.2097,33,16,1,7,335.00,129.67,capture,323.41,-3.29,133.46,0,178.905,7.742,179.843,-18.32,21.32,147.30,-18.08,-6.84,173.33,54.456,54.841,-10.4360,1.7745,323.41,-3.29,-9.8629,2.2986,,,0.23633,0
98.3233,33,16,1,7,335.00,129.67,capture,333.49,-9.76,139.43,0,178.867,7.746,179.834,-18.27,21.22,147.34,-18.25,-7.51,173.54,54.343,55.092,-9.5790,2.2536,333.49,-9.76,-9.7352,2.2783,,,0.23584,0
98.4155,33,16,1,7,335.00,129.67,capture,354.64,-36.50,167.32,0,178.927,7.553,179.829,-18.38,21.29,147.10,-18.16,-7.69,173.00,54.333,54.879,-8.1416,3.2097,354.64,-36.50,-9.0181,2.6974,,,0.26137,0
98.4997,33,16,1,7,335.00,129.67,capture,350.42,14.78,115.92,0,178.888,7.615,179.810,-18.36,21.09,147.12,-18.24,-6.88,173.25,53.878,54.513,-11.0666,3.5027,350.42,14.78,-9.9399,3.0598,,,0.19883,0
98.5817,33,16,1,7,335.00,129.67,capture,327.34,-34.65,164.50,0,178.877,7.596,179.808,-18.39,21.23,147.27,-17.84,-7.37,173.50,53.603,54.579,-8.4274,2.3555,327.34,-34.65,-9.2593,2.7429,,,0.20480,0
98.6637,33,16,1,7,335.00,129.67,capture,351.31,-5.41,136.06,0,178.951,7.644,179.830,-18.26,21.21,147.39,-17.61,-7.55,173.69,53.822,54.329,-9.1288,3.1727,351.31,-5.41,-9.2005,2.9363,,,0.21118,0
98.7655,33,16,1,7,335.00,129.67,capture,340.63,-15.21,144.99,0,178.959,7.547,179.813,-18.26,21.35,147.47,-17.86,-7.42,173.91,53.793,54.145,-9.4590,3.2708,340.63,-15.21,-9.3168,3.0868,,,0.21174,0
98.8613,33,16,1,7,335.00,129.67,capture,355.27,-23.51,154.51,0,178.978,7.568,179.794,-18.36,21.29,147.24,-17.74,-7.76,173.05,53.718,53.904,-8.6827,3.6889,355.27,-23.51,-9.0315,3.3578,,,0.20368,0
98.9628,33,16,1,7,335.00,129.67,capture,343.67,-22.36,152.27,0,179.027,7.513,179.808,-18.30,21.22,147.07,-17.56,-7.34,173.25,53.829,54.121,-9.6734,2.9921,343.67,-22.36,-9.3203,3.1932,,,0.19397,0
99.0685,33,16,1,7,335.00,129.67,capture,334.82,-20.29,149.96,0,179.154,7.467,179.818,-18.37,21.16,147.22,-17.97,-7.04,173.46,54.016,54.478,-9.6932,2.2398,334.82,-20.29,-9.4881,2.7642,,,0.21353,0
99.1774,33,16,1,7,335.00,129.67,capture,338.70,-11.57,141.29,0,179.195,7.465,179.812,-18.39,21.28,147.49,-17.96,-7.16,173.90,53.799,54.373,-9.4121,3.1317,338.70,-11.57,-9.4539,2.9296,,,0.21219,0
99.2733,33,16,1,7,335.00,129.67,capture,353.50,-8.14,139.04,0,179.276,7.545,179.801,-18.50,21.07,147.60,-18.07,-7.71,174.11,54.048,54.120,-9.7173,3.3510,353.50,-8.14,-9.5724,3.1192,,,0.20359,0
99.4475,34,15,1,6,290.33,129.67,dwell,356.18,-21.34,164.74,0,179.272,7.643,179.818,-18.62,21.16,147.71,-18.55,-8.66,174.00,54.112,54.064,-8.6276,3.5630,356.18,-21.34,-8.6276,3.5630,,,0.21749,0
99.5637,34,15,1,6,290.33,129.67,dwell,312.57,50.41,82.32,0,179.195,7.578,179.823,-18.57,20.96,147.80,-17.96,-6.98,174.53,53.845,54.219,-11.3345,1.8409,312.57,50.41,-9.8457,2.7881,,,0.21645,0
99.6670,34,15,1,6,290.33,129.67,dwell,356.28,76.40,84.77,0,179.136,7.637,179.799,-18.58,21.06,147.77,-18.09,-8.06,173.98,53.961,54.474,-12.3815,3.9286,356.28,76.40,-10.9868,3.3013,,,0.23169,0
99.7498,34,15,1,6,290.33,129.67,dwell,307.75,135.70,18.43,1,179.124,7.689,179.781,-18.67,21.06,147.65,-18.31,-7.98,173.53,53.468,54.452,-15.7166,1.3894,307.75,135.70,-13.1152,2.4409,,,0.21565,0
99.8601,34,15,1,6,290.33,129.67,dwell,356.16,56.73,98.25,0,179.086,7.573,179.784,-18.56,21.16,147.40,-18.19,-6.96,173.81,53.333,54.658,-11.6213,3.2257,356.16,56.73,-12.4430,2.7941,,,0.18466,0
99.9577,34,15,1,6,290.33,129.67,dwell,240.42,131.78,49.96,0,178.982,7.638,179.793,-18.62,21.15,147.42,-18.21,-7.10,174.24,53.348,54.795,-14.6240,-1.9528,240.42,131.78,-13.4244,0.6580,,,0.21886,0
100.0492,34,15,1,6,290.33,129.67,dwell,328.43,125.08,38.37,0,178.925,7.746,179.791,-18.49,21.18,147.40,-18.38,-7.38,173.83,53.528,54.029,-15.5302,2.8506,328.43,125.08,-14.3720,1.6447,,,0.21373,0
100.1672,34,15,1,6,290.33,129.67,dwell,316.71,200.26,75.36,0,178.864,7.726,179.781,-18.51,21.07,147.23,-17.95,-7.70,173.52,53.989,54.105,-17.6467,2.4011,316.71,200.26,-15.8456,1.9851,,,0.20713,0
100.2568,34,15,1,6,290.33,129.67,dwell,333.76,183.99,69.55,0,178.820,7.792,179.766,-18.54,21.10,147.08,-18.16,-7.94,173.40,53.890,54.166,-16.6756,3.0551,333.76,183.99,-16.2191,2.4666,,,0.23457,0
100.3764,34,15,1,6,290.33,129.67,capture,302.16,192.49,63.93,0,178.801,7.666,179.769,-18.55,21.03,147.20,-18.58,-7.46,173.34,54.071,53.891,-16.7283,0.4498,302.16,192.49,-16.4482,1.5590,,,0.22271,0
100.4868,34,15,1,6,290.33,129.67,capture,281.80,205.06,75.87,0,178.873,7.505,179.772,-18.55,20.96,147.47,-18.00,-7.82,173.91,54.052,54.368,-16.7035,-0.4495,281.80,205.06,-16.5631,0.6552,,,0.20752,0
100.5898,34,15,1,6,290.33,129.67,capture,306.94,195.68,68.07,0,178.877,7.626,179.789,-18.50,20.83,147.67,-17.17,-7.90,173.66,53.811,54.425,-17.7989,0.6092,306.94,195.68,-17.1192,0.6345,,,0.21640,0
100.6973,34,15,1,6,290.33,129.67,capture,280.29,214.18,85.11,0,178.943,7.757,179.774,-18.39,20.73,147.39,-17.64,-7.82,173.35,53.529,54.162,-18.5632,-0.1690,280.29,214.18,-17.7690,0.2729,,,0.21645,0
100.7945,34,15,1,6,290.33,129.67,capture,296.18,212.69,83.23,0,178.955,7.835,179.765,-18.44,20.71,147.37,-17.59,-7.27,173.14,53.296,54.061,-18.1929,1.4285,296.18,212.69,-17.9598,0.7929,,,0.19448,0
100.8968,34,15,1,6,290.33,129.67,capture,299.22,209.10,79.93,0,178.877,7.858,179.774,-18.44,20.79,147.21,-17.70,-7.66,173.40,53.196,54.534,-17.4629,0.3689,299.22,209.10,-17.7362,0.6021,,,0.19017,0
100.9961,34,15,1,6,290.33,129.67,capture,314.88,202.57,76.92,0,178.999,7.708,179.789,-18.44,20.78,147.59,-17.75,-7.69,173.81,53.588,54.554,-17.5282,1.5554,314.88,202.57,-17.6426,1.0311,,,0.20390,0
101.0958,34,15,1,6,290.33,129.67,capture,284.18,191.61,62.25,0,179.066,7.677,179.802,-18.35,20.69,147.67,-18.27,-7.71,174.32,53.604,54.539,-16.8880,0.0308,284.18,191.61,-17.3030,0.5810,,,0.21911,0
101.1911,34,15,1,6,290.33,129.67,capture,306.62,227.30,98.98,0,178.893,7.810,179.835,-18.39,20.67,147.69,-18.10,-7.76,174.23,53.255,54.365,-18.7765,1.4264,306.62,227.30,-17.9661,0.9614,,,0.19874,0
101.3104,34,15,1,6,290.33,129.67,capture,306.22,209.52,81.42,0,178.913,7.854,179.843,-18.55,20.72,147.69,-18.17,-6.80,173.90,53.139,54.335,-17.7110,0.8493,306.22,209.52,-17.8513,0.9110,,,0.20199,0
101.4308,34,15,1,6,290.33,129.67,capture,305.67,184.91,57.33,0,179.046,7.932,179.829,-18.54,20.89,147.73,-17.62,-7.53,174.13,53.420,54.699,-17.3572,1.7787,305.67,184.91,-17.6290,1.3015,,,0.22435,0
101.5252,34,15,1,6,290.33,129.67,capture,308.68,183.40,56.78,0,178.981,8.008,179.832,-18.53,21.06,147.77,-17.93,-7.80,174.45,53.672,54.460,-16.6396,1.7130,308.68,183.40,-17.1837,1.4867,,,0.19192,0
101.6216,34,15,1,6,290.33,129.67,capture,343.70,224.38,108.71,0,179.051,7.963,179.851,-18.50,20.98,147.66,-17.84,-7.21,173.65,53.323,54.173,-18.9587,3.2757,343.70,224.38,-17.9825,2.2917,,,0.22260,0
101.7122,34,15,1,6,290.33,129.67,capture,314.72,213.03,86.86,0,179.108,7.958,179.843,-18.39,21.04,147.56,-17.90,-8.01,173.62,53.621,54.107,-17.0153,0.9288,314.72,213.03,-17.5472,1.6784,,,0.20427,0
101.8022,34,15,1,6,290.33,129.67,capture,313.27,202.57,76.43,0,179.063,7.960,179.843,-18.29,20.83,147.42,-17.77,-8.08,173.71,53.310,53.791,-17.9565,1.1508,313.27,202.57,-17.7314,1.4410,,,0.18012,0
101.8903,34,15,1,6,290.33,129.67,capture,291.82,219.19,89.54,0,179.067,7.966,179.832,-18.27,20.74,147.52,-17.87,-8.26,173.42,53.215,53.820,-17.8379,0.8276,291.82,219.19,-17.7793,1.1650,,,0.21746,0
101.9840,34,15,1,6,290.33,129.67,capture,301.58,193.89,65.20,0,178.983,8.069,179.848,-18.30,20.84,147.39,-17.65,-7.63,173.76,52.878,53.837,-16.5168,1.6939,301.58,193.89,-17.2112,1.4030,,,0.20662,0
102.0804,34,15,1,6,290.33,129.67,capture,327.32,215.99,93.91,0,179.018,8.071,179.842,-18.31,20.83,147.18,-18.15,-7.76,173.21,53.097,54.020,-18.4671,2.0038,327.32,215.99,-17.7764,1.6734,,,0.19547,0
102.1851,34,15,1,6,290.33,129.67,capture,308.80,226.88,98.95,0,179.081,8.056,179.853,-18.33,20.65,147.41,-17.69,-7.48,173.83,53.151,53.751,-18.3119,1.6766,308.80,226.88,-18.0173,1.6748,,,0.22352,0
102.3717,35,0,0,0,22.33,43.22,dwell,202.17,30.80,180.27,0,179.097,8.073,179.835,-18.23,20.57,147.56,-17.78,-7.97,174.13,53.156,53.961,-10.9048,-3.0128,202.17,30.80,-10.9048,-3.0128,,,0.20348,0
102.4843,35,0,0,0,22.33,43.22,dwell,270.03,259.87,329.07,0,178.978,7.908,179.847,-18.21,20.45,147.61,-18.22,-8.05,173.57,53.269,53.989,-19.8378,-0.0872,270.03,259.87,-14.9246,-1.6963,,,0.18047,0
102.5786,35,0,0,0,22.33,43.22,dwell,191.97,-11.51,178.25,0,178.910,7.915,179.858,-18.21,20.51,147.48,-18.07,-7.75,173.69,53.292,53.715,-9.0470,-3.7212,191.97,-11.51,-12.2797,-2.6075,,,0.21136,0
102.6750,35,0,0,0,22.33,43.22,dwell,148.56,150.16,165.44,0,178.919,7.889,179.864,-18.14,20.70,147.54,-18.13,-7.96,173.51,53.908,53.636,-15.2680,-6.1916,148.56,150.16,-13.6244,-4.2203,,,0.20534,0
102.7862,35,0,0,0,22.33,43.22,dwell,196.85,252.75,272.69,0,179.157,7.702,179.882,-18.18,20.64,147.34,-18.03,-8.24,173.76,54.135,53.573,-19.9176,-3.2098,196.85,252.75,-16.4564,-3.7656,,,0.23322,0
102.8911,35,0,0,0,22.33,43.22,dwell,188.11,122.30,183.67,0,179.118,7.654,179.858,-18.40,20.61,147.39,-17.80,-8.48,174.08,53.803,53.677,-14.0646,-3.7901,188.11,122.30,-15.3801,-3.7766,,,0.20584,0
102.9897,35,0,0,0,22.33,43.22,dwell,64.78,145.75,110.97,0,179.144,7.687,179.835,-18.47,20.73,147.44,-18.03,-7.46,174.11,53.895,53.800,-15.8907,-10.5435,64.78,145.75,-15.6099,-6.8217,,,0.22368,0
103.0962,35,0,0,0,22.33,43.22,dwell,110.06,171.95,155.78,0,179.178,7.662,179.806,-18.51,20.66,147.58,-18.04,-8.34,173.38,54.080,53.790,-16.0638,-7.6907,110.06,171.95,-15.8141,-7.2127,,,0.21868,0
103.2041,35,0,0,0,22.33,43.22,dwell,100.99,161.28,141.86,0,179.289,7.843,179.802,-18.56,20.43,147.67,-18.11,-7.78,174.16,53.970,53.610,-16.4710,-8.3943,100.99,161.28,-16.1097,-7.7445,,,0.23760,0
103.3004,35,0,0,0,22.33,43.22,dwell,126.49,123.57,131.55,0,179.180,7.908,179.782,-18.57,20.61,147.75,-18.06,-7.72,174.00,53.816,53.842,-13.5900,-7.0785,126.49,123.57,-14.9759,-7.4448,,,0.18857,0
103.4105,35,0,0,0,22.33,43.22,dwell,68.83,125.53,94.53,0,179.129,7.885,179.797,-18.47,20.66,147.88,-17.72,-7.84,174.09,53.592,54.036,-14.1740,-9.9725,68.83,125.53,-14.6150,-8.5823,,,0.21077,0
103.5168,35,0,0,0,22.33,43.22,capture,55.10,174.30,135.11,0,179.087,7.920,179.811,-18.40,20.64,148.01,-17.87,-8.27,174.33,53.379,54.268,-17.2845,-10.6324,55.10,174.30,-15.8163,-9.5048,,,0.19832,0
103.6131,35,0,0,0,22.33,43.22,capture,48.94,155.81,115.69,0,179.225,8.051,179.845,-18.41,20.61,147.83,-18.01,-8.22,174.11,53.297,54.349,-15.7821,-10.7015,48.94,155.81,-15.8009,-10.0433,,,0.20377,0
103.6978,35,0,0,0,22.33,43.22,capture,60.36,157.16,120.12,0,179.294,7.964,179.877,-18.29,20.72,147.73,-18.08,-7.75,174.13,53.276,54.248,-15.6803,-9.4409,60.36,157.16,-15.7466,-9.7722,,,0.18438,0
103.8161,35,0,0,0,22.33,43.22,capture,54.51,163.20,124.22,0,179.103,8.030,179.839,-18.28,20.81,147.67,-18.01,-7.97,174.28,53.477,54.402,-17.0962,-11.1622,54.51,163.20,-16.3539,-10.3977,,,0.20552,0
103.9136,35,0,0,0,22.33,43.22,capture,19.82,171.35,128.15,0,178.964,7.958,179.844,-18.44,20.77,148.06,-18.50,-8.13,174.61,53.716,54.202,-16.4817,-11.9081,19.82,171.35,-16.4114,-11.0774,,,0.20242,0
104.0088,35,0,0,0,22.33,43.22,capture,33.13,166.68,123.93,0,178.938,7.945,179.825,-18.34,20.79,148.19,-17.65,-7.17,174.83,53.978,54.430,-16.1345,-11.3098,33.13,166.68,-16.2868,-11.1820,,,0.21818,0
104.1017,35,0,0,0,22.33,43.22,capture,58.22,151.44,114.01,0,179.002,7.820,179.835,-18.36,20.83,148.29,-18.04,-8.04,174.70,54.070,54.104,-15.0167,-10.9407,58.22,151.44,-15.7153,-11.0734,,,0.20828,0
104.1837,35,0,0,0,22.33,43.22,capture,53.08,142.44,103.87,0,178.944,7.848,179.807,-18.30,20.96,148.09,-17.89,-7.15,174.72,53.687,54.276,-15.3284,-10.6417,53.08,142.44,-15.5412,-10.8791,,,0.22771,0
104.2901,35,0,0,0,22.33,43.22,capture,23.05,129.72,86.50,0,178.848,7.768,179.802,-18.38,21.04,147.99,-18.38,-7.54,174.80,54.167,54.325,-14.3964,-11.2207,23.05,129.72,-15.0260,-11.0329,,,0.23515,0
104.3862,35,0,0,0,22.33,43.22,capture,29.81,138.28,95.35,0,178.919,7.726,179.818,-18.36,21.07,148.25,-18.24,-7.78,174.74,54.259,54.618,-15.4917,-11.0055,29.81,138.28,-15.2356,-11.0205,,,0.21898,0
104.5030,35,0,0,0,22.33,43.22,capture,51.33,146.40,107.17,0,179.106,7.780,179.801,-18.35,21.01,148.12,-18.01,-7.29,175.04,54.413,54.617,-15.6701,-10.2917,51.33,146.40,-15.4311,-10.6926,,,0.22944,0
104.5967,35,0,0,0,22.33,43.22,capture,35.82,126.96,84.82,0,179.168,7.741,179.795,-18.32,21.08,148.08,-17.93,-7.05,174.20,54.152,54.185,-14.7827,-11.3476,35.82,126.96,-15.1393,-10.9873,,,0.22160,0
104.6991,35,0,0,0,22.33,43.22,capture,40.78,155.23,113.52,0,179.098,7.803,179.825,-18.32,20.87,147.95,-17.97,-7.54,174.15,53.824,53.933,-16.1352,-11.1708,40.78,155.23,-15.5875,-11.0699,,,0.19340,0
104.7918,35,0,0,0,22.33,43.22,capture,47.17,135.19,95.26,0,179.177,7.696,179.845,-18.29,21.00,147.79,-18.12,-7.23,174.36,54.144,53.784,-14.8607,-10.6589,47.17,135.19,-15.2604,-10.8849,,,0.23947,0
104.8738,35,0,0,0,22.33,43.22,capture,30.89,147.72,104.85,0,179.207,7.658,179.848,-18.30,21.02,147.82,-17.68,-7.82,174.43,54.290,53.573,-16.4238,-11.2341,30.89,147.72,-15.7840,-11.0421,,,0.21834,0
104.9914,35,0,0,0,22.33,43.22,capture,45.41,140.29,99.77,0,179.263,7.598,179.864,-18.31,20.83,147.41,-17.82,-7.86,173.65,53.889,53.919,-14.8415,-10.4603,45.41,140.29,-15.3598,-10.7803,,,0.20650,0
105.0970,35,0,0,0,22.33,43.22,capture,21.36,142.43,99.21,0,179.159,7.527,179.875,-18.33,20.78,147.57,-17.79,-6.95,174.19,54.175,54.065,-15.4332,-11.7469,21.36,142.43,-15.3929,-11.2152,,,0.21168,0
105.1969,35,0,0,0,22.33,43.22,capture,57.74,156.26,118.45,0,179.163,7.503,179.900,-18.35,20.78,147.70,-17.20,-7.80,173.99,54.020,54.124,-16.4416,-10.5318,57.74,156.26,-15.8648,-10.9077,,,0.21571,0
105.3027,35,0,0,0,22.33,43.22,capture,44.34,130.70,90.20,0,179.155,7.524,179.893,-18.33,20.68,147.59,-17.69,-7.62,173.68,54.066,54.019,-14.9633,-11.2036,44.34,130.70,-15.4591,-11.0409,,,0.22767,0
105.3938,35,0,0,0,22.33,43.22,capture,37.76,124.86,83.08,0,178.909,7.461,179.893,-18.23,20.40,147.33,-17.72,-7.69,173.04,54.095,53.855,-15.3564,-10.9075,37.76,124.86,-15.4129,-10.9809,,,0.21868,0
105.5946,36,34,3,7,335.00,302.56,dwell,104.46,190.67,256.26,0,178.844,7.481,179.894,-18.27,20.40,147.37,-18.01,-8.04,173.68,54.051,53.977,-17.2072,-8.0628,104.46,190.67,-17.2072,-8.0628,,,0.21094,0
105.6882,36,34,3,7,335.00,302.56,dwell,68.23,125.31,320.28,0,178.965,7.579,179.891,-18.42,20.27,147.40,-18.52,-8.06,173.97,53.812,53.869,-15.2780,-9.5592,68.23,125.31,-16.3391,-8.7362,,,0.18478,0
105.7845,36,34,3,7,335.00,302.56,dwell,76.01,237.17,267.12,0,178.999,7.780,179.860,-18.55,20.30,147.44,-18.06,-9.47,173.49,53.891,53.906,-19.5896,-9.2515,76.01,237.17,-17.8018,-8.9681,,,0.22292,0
105.8735,36,34,3,7,335.00,302.56,dwell,220.20,246.72,127.66,0,178.954,7.881,179.851,-18.55,20.27,147.65,-18.47,-7.23,174.17,53.807,53.920,-19.0051,-2.2213,220.20,246.72,-18.3433,-5.9320,,,0.22682,0
105.9813,36,34,3,7,335.00,302.56,dwell,180.11,114.66,243.51,0,178.963,7.783,179.827,-18.61,20.39,147.51,-18.10,-7.82,173.56,53.367,54.171,-12.8714,-4.6524,180.11,114.66,-15.8809,-5.3562,,,0.22063,0
106.0783,36,34,3,7,335.00,302.56,dwell,198.36,114.10,232.78,0,178.913,7.834,179.844,-18.66,20.35,147.30,-18.27,-8.01,173.25,53.625,54.237,-14.1713,-4.1130,198.36,114.10,-15.1116,-4.7967,,,0.21046,0
106.1715,36,34,3,7,335.00,302.56,dwell,279.75,160.27,152.64,0,178.986,7.838,179.828,-18.64,20.28,147.20,-18.36,-8.15,173.35,53.928,54.187,-16.4314,0.3161,279.75,160.27,-15.7055,-2.4960,,,0.21942,0
106.2731,36,34,3,7,335.00,302.56,dwell,257.42,142.57,177.80,0,178.932,7.755,179.820,-18.69,20.43,147.33,-18.24,-8.12,173.73,53.772,54.054,-15.5152,-1.3052,257.42,142.57,-15.6199,-1.9601,,,0.21519,0
106.3780,36,34,3,7,335.00,302.56,dwell,281.31,73.64,235.13,0,179.003,7.726,179.836,-18.74,20.38,147.43,-18.33,-9.00,173.54,53.786,54.140,-13.1687,-0.1532,281.31,73.64,-14.5168,-1.1470,,,0.20813,0
106.4773,36,34,3,7,335.00,302.56,dwell,307.38,72.46,231.75,0,178.997,7.850,179.848,-18.71,20.28,147.28,-18.54,-8.03,173.55,53.600,54.017,-12.5783,1.7183,307.38,72.46,-13.6445,0.1424,,,0.21998,0
106.5645,36,34,3,7,335.00,302.56,capture,315.23,69.00,234.39,0,178.874,7.944,179.887,-18.67,20.16,147.26,-17.99,-8.76,173.68,53.454,53.669,-12.1539,1.6688,315.23,69.00,-12.9737,0.8293,,,0.21459,0
106.6752,36,34,3,7,335.00,302.56,capture,330.23,82.59,220.02,0,178.830,7.944,179.891,-18.71,20.25,147.17,-18.42,-8.14,173.60,53.171,53.756,-12.1770,2.0126,330.23,82.59,-12.6152,1.3617,,,0.19598,0
106.7731,36,34,3,7,335.00,302.56,capture,336.40,117.01,185.55,0,178.744,7.959,179.882,-18.66,20.23,147.14,-18.67,-7.65,173.90,53.233,53.797,-13.3652,2.9181,336.40,117.01,-12.9527,2.0621,,,0.19594,0
106.8611,36,34,3,7,335.00,302.56,capture,344.26,94.17,208.59,0,178.747,7.983,179.871,-18.59,20.19,147.24,-18.20,-8.56,173.24,53.399,53.840,-13.4334,3.1907,344.26,94.17,-13.1690,2.5700,,,0.22260,0
106.9587,36,34,3,7,335.00,302.56,capture,338.66,90.73,211.86,0,178.721,8.002,179.863,-18.55,20.28,147.22,-17.82,-8.80,173.45,53.206,54.428,-13.8208,2.7307,338.66,90.73,-13.4623,2.6423,,,0.20418,0
107.0647,36,34,3,7,335.00,302.56,capture,337.93,88.65,213.93,0,178.796,8.080,179.886,-18.35,20.26,147.20,-17.68,-8.53,173.21,53.544,54.352,-12.9708,2.9157,337.93,88.65,-13.2411,2.7653,,,0.19841,0
107.1644,36,34,3,7,335.00,302.56,capture,342.87,96.61,206.10,0,178.875,8.004,179.874,-18.32,20.29,147.22,-17.78,-7.94,172.97,53.635,54.527,-13.6956,3.1067,342.87,96.61,-13.4456,2.9189,,,0.22335,0
107.2685,36,34,3,7,335.00,302.56,capture,346.97,85.07,217.81,0,178.860,8.023,179.878,-18.39,20.28,147.17,-17.73,-8.04,173.33,53.694,54.350,-13.2649,3.1010,346.97,85.07,-13.3643,3.0008,,,0.22301,0
107.3505,36,34,3,7,335.00,302.56,capture,336.10,42.78,259.78,0,178.899,8.032,179.868,-18.52,20.28,147.15,-17.81,-8.19,173.50,53.353,54.142,-10.9792,2.3310,336.10,42.78,-12.2910,2.6994,,,0.22098,0
107.4526,36,34,3,7,335.00,302.56,capture,339.26,78.83,223.77,0,178.868,8.100,179.873,-18.67,20.48,146.92,-17.85,-8.44,173.09,53.471,54.164,-12.2084,2.5247,339.26,78.83,-12.2538,2.6208,,,0.18603,0
107.5456,36,34,3,7,335.00,302.56,capture,347.02,93.50,209.40,0,178.874,8.097,179.888,-18.59,20.54,146.96,-18.04,-7.26,173.08,53.540,54.813,-12.9761,2.9849,347.02,93.50,-12.5788,2.7846,,,0.19462,0
107.6464,36,34,3,7,335.00,302.56,capture,348.85,86.38,216.62,0,178.789,8.012,179.854,-18.58,20.48,147.17,-18.22,-8.63,173.52,53.472,54.670,-13.4768,3.1298,348.85,86.38,-12.9829,2.9400,,,0.21021,0
107.7591,36,34,3,7,335.00,302.56,capture,302.30,93.79,211.31,0,178.981,7.996,179.828,-18.45,20.53,147.20,-18.44,-8.02,173.51,53.291,54.568,-13.5792,1.5341,302.30,93.79,-13.2513,2.3073,,,0.18896,0
107.8664,36,34,3,7,335.00,302.56,capture,328.86,93.84,208.81,0,178.952,8.069,179.802,-18.44,20.61,147.11,-18.40,-6.90,172.94,53.468,54.084,-13.5231,2.5515,328.86,93.84,-13.3736,2.4172,,,0.21035,0
107.9829,36,34,3,7,335.00,302.56,capture,339.95,93.76,208.85,0,178.913,8.056,179.809,-18.43,20.52,147.02,-18.24,-8.06,173.29,53.649,54.330,-13.3267,2.6552,339.95,93.76,-13.3525,2.5243,,,0.20508,0
108.0794,36,34,3,7,335.00,302.56,capture,338.42,82.64,219.94,0,178.798,8.010,179.810,-18.35,20.47,146.85,-18.36,-8.40,173.31,54.121,54.077,-13.4737,2.9704,338.42,82.64,-13.4070,2.7250,,,0.23399,0
108.1807,36,34,3,7,335.00,302.56,capture,319.55,82.62,220.48,0,178.859,8.006,179.812,-18.18,20.53,146.98,-17.71,-8.65,173.35,53.732,54.187,-13.7704,2.2913,319.55,82.62,-13.5706,2.5298,,,0.21616,0
108.2734,36,34,3,7,335.00,302.56,capture,318.02,90.60,212.63,0,178.862,8.024,179.844,-18.14,20.63,146.87,-17.50,-7.98,173.23,53.909,54.194,-13.1492,1.8098,318.02,90.60,-13.3810,2.2058,,,0.22925,0
108.3554,36,34,3,7,335.00,302.56,capture,334.36,65.84,236.72,0,178.960,8.114,179.805,-18.19,20.68,147.09,-17.68,-8.00,173.18,53.723,53.649,-11.3710,2.3827,334.36,65.84,-12.4765,2.2854,,,0.22707,0
108.4673,36,34,3,7,335.00,302.56,capture,346.56,88.59,214.28,0,178.957,8.085,179.819,-18.31,20.62,147.27,-18.03,-8.50,173.52,53.592,53.845,-13.7750,2.9434,346.56,88.59,-13.0608,2.5815,,,0.21147,0
108.6490,37,69,7,6,290.33,648.33,dwell,439.08,184.24,487.35,0,178.961,8.166,179.829,-18.22,20.76,147.26,-17.30,-8.20,173.80,53.514,53.735,-17.4285,8.8368,439.08,184.24,-17.4285,8.8368,,,0.22098,0
108.7456,37,69,7,6,290.33,648.33,dwell,412.98,297.27,371.87,0,179.074,8.112,179.819,-18.46,20.66,146.98,-17.76,-7.70,173.12,53.744,53.285,-21.6896,6.2745,412.98,297.27,-19.3460,7.6838,,,0.23407,0
108.8734,37,69,7,6,290.33,648.33,dwell,439.32,384.79,302.74,0,179.055,8.314,179.849,-18.49,20.74,147.18,-17.70,-8.44,173.10,54.025,53.618,-25.4934,7.8337,439.32,384.79,-22.1123,7.7513,,,0.24437,0
109.0003,37,69,7,6,290.33,648.33,dwell,302.76,427.13,221.55,0,179.165,8.409,179.824,-18.50,20.64,147.43,-17.68,-8.77,173.77,54.148,53.533,-26.0025,1.2751,302.76,427.13,-23.8629,4.8370,,,0.22102,0
109.0950,37,69,7,6,290.33,648.33,dwell,381.26,439.09,228.15,0,179.128,8.329,179.840,-18.52,20.67,147.46,-18.01,-8.36,173.79,53.993,53.590,-28.2642,4.2124,381.26,439.09,-25.8435,4.5559,,,0.23268,0
109.1770,37,69,7,6,290.33,648.33,dwell,348.31,498.52,160.64,0,179.039,8.381,179.867,-18.45,20.73,147.78,-17.45,-8.55,174.06,54.229,53.399,-28.6184,3.9620,348.31,498.52,-27.0922,4.2887,,,0.22898,0
109.2655,37,69,7,6,290.33,648.33,dwell,348.73,609.45,70.16,0,179.094,8.450,179.860,-18.51,20.57,147.60,-17.85,-7.92,174.40,54.308,53.368,-31.9332,2.7704,348.73,609.45,-29.2706,3.6054,,,0.22963,0
109.3692,37,69,7,6,290.33,648.33,dwell,345.40,626.33,59.30,0,179.047,8.533,179.868,-18.42,20.69,147.66,-17.62,-7.53,174.09,54.640,53.500,-34.9678,3.0177,345.40,626.33,-31.8343,3.3409,,,0.23177,0
109.4552,37,69,7,6,290.33,648.33,dwell,381.88,638.28,92.10,0,179.142,8.445,179.851,-18.27,20.74,147.85,-18.33,-8.54,174.24,54.332,53.618,-34.2992,4.9349,381.88,638.28,-32.9435,4.0582,,,0.22916,0
109.5740,37,69,7,6,290.33,648.33,dwell,378.70,757.23,140.24,0,178.954,8.467,179.821,-18.22,20.71,147.85,-17.74,-8.09,174.34,54.188,53.790,-39.1521,4.5571,378.70,757.23,-35.7374,4.2827,,,0.24624,0
109.6634,37,69,7,6,290.33,648.33,dwell,371.77,718.19,107.29,0,178.887,8.435,179.836,-18.09,20.97,147.44,-17.89,-7.54,173.75,53.944,53.954,-37.3902,4.8523,371.77,718.19,-36.4811,4.5390,,,0.22800,0
109.7708,37,69,7,6,290.33,648.33,capture,393.09,794.26,178.48,0,178.896,8.654,179.854,-18.14,20.92,147.52,-18.26,-8.41,174.03,53.841,53.945,-41.5652,4.8283,393.09,794.26,-38.7689,4.6692,,,0.22798,0
109.8894,37,69,7,6,290.33,648.33,capture,379.04,805.66,180.61,0,178.808,8.466,179.812,-18.03,20.97,147.54,-18.07,-7.22,173.96,53.676,54.239,-40.9663,5.1290,379.04,805.66,-39.7578,4.8761,,,0.20705,0
109.9749,37,69,7,6,290.33,648.33,capture,398.91,781.12,171.53,0,178.854,8.564,179.795,-18.03,20.87,147.38,-17.59,-7.76,173.89,53.584,54.370,-40.7175,5.7091,398.91,781.12,-40.1896,5.2510,,,0.21565,0
110.0812,37,69,7,6,290.33,648.33,capture,413.00,821.37,212.11,0,178.943,8.476,179.822,-18.01,20.73,147.31,-17.79,-8.01,173.29,53.938,54.397,-41.7881,5.9832,413.00,821.37,-40.9089,5.5805,,,0.20147,0
110.1807,37,69,7,6,290.33,648.33,capture,405.33,812.68,200.58,0,178.983,8.547,179.815,-18.00,20.58,147.31,-17.80,-8.15,173.03,53.854,54.542,-40.9936,5.7163,405.33,812.68,-40.9470,5.6416,,,0.22030,0
110.2964,37,69,7,6,290.33,648.33,capture,412.58,785.70,183.89,0,178.987,8.470,179.835,-18.09,20.48,147.43,-17.77,-8.26,174.21,54.133,54.560,-40.6227,6.0562,412.58,785.70,-40.8011,5.8282,,,0.20978,0
110.3889,37,69,7,6,290.33,648.33,capture,391.14,800.57,182.59,0,179.006,8.495,179.819,-18.03,20.43,147.23,-17.47,-8.20,173.56,53.979,54.544,-41.4616,6.0572,391.14,800.57,-41.0983,5.9312,,,0.21192,0
110.4841,37,69,7,6,290.33,648.33,capture,377.50,806.06,180.21,0,179.021,8.629,179.815,-18.00,20.59,147.41,-17.93,-8.65,173.30,53.798,54.525,-41.1348,4.8018,377.50,806.06,-41.1147,5.4230,,,0.20664,0
110.5740,37,69,7,6,290.33,648.33,capture,379.84,775.55,155.55,0,178.915,8.819,179.797,-17.98,20.63,147.26,-17.64,-8.68,173.48,53.788,54.384,-39.9278,4.0350,379.84,775.55,-40.5806,4.7984,,,0.21262,0
110.6813,37,69,7,6,290.33,648.33,capture,411.09,791.25,187.10,0,178.896,9.004,179.791,-17.93,20.78,147.13,-17.49,-7.28,173.23,53.982,54.139,-40.2994,5.8625,411.09,791.25,-40.4541,5.2772,,,0.21083,0
110.7840,37,69,7,6,290.33,648.33,capture,383.53,817.31,192.97,0,178.806,8.925,179.770,-18.10,20.79,147.18,-17.40,-8.09,173.30,53.805,53.863,-42.2378,5.0717,383.53,817.31,-41.2567,5.1847,,,0.21252,0
110.8909,37,69,7,6,290.33,648.33,capture,402.58,769.71,165.32,0,178.863,8.766,179.765,-18.04,20.83,147.83,-17.87,-7.96,174.52,53.536,53.982,-39.9867,5.5242,402.58,769.71,-40.6852,5.3375,,,0.24167,0
110.9896,37,69,7,6,290.33,648.33,capture,398.69,793.19,180.90,0,178.899,8.833,179.807,-18.15,20.70,147.70,-17.88,-6.98,173.90,53.972,54.122,-41.0125,5.0129,398.69,793.19,-40.8325,5.1914,,,0.22911,0
111.1023,37,69,7,6,290.33,648.33,capture,385.84,815.54,192.56,0,178.999,8.766,179.822,-18.20,20.69,147.65,-18.15,-7.39,173.70,53.914,53.973,-41.5980,5.4149,385.84,815.54,-41.1770,5.2920,,,0.23187,0
111.1922,37,69,7,6,290.33,648.33,capture,395.52,789.41,175.97,0,179.021,8.853,179.787,-18.21,20.74,147.64,-17.59,-7.30,174.09,53.388,53.902,-39.5671,5.7056,395.52,789.41,-40.4525,5.4781,,,0.19102,0
111.2742,37,69,7,6,290.33,648.33,capture,397.75,794.11,181.08,0,178.894,8.820,179.793,-18.09,20.91,147.86,-17.96,-7.62,174.00,53.395,53.842,-41.3029,6.4194,397.75,794.11,-40.8352,5.9017,,,0.22025,0
111.3906,37,69,7,6,290.33,648.33,capture,384.28,812.51,189.16,0,178.944,8.756,179.799,-18.10,20.80,148.12,-17.62,-7.67,174.68,53.732,53.933,-40.4536,5.9185,384.28,812.51,-40.6635,5.9093,,,0.20383,0
111.4923,37,69,7,6,290.33,648.33,capture,373.65,761.99,140.92,0,178.915,8.696,179.795,-18.22,20.75,147.83,-18.24,-7.50,173.68,53.517,54.022,-38.2662,4.3272,373.65,761.99,-39.5847,5.1973,,,0.20611,0
111.6860,38,72,8,0,22.33,734.78,dwell,299.09,784.69,281.22,0,178.888,8.854,179.829,-18.20,20.79,147.87,-17.91,-8.26,173.85,53.712,54.327,-40.1688,1.0058,299.09,784.69,-40.1688,1.0058,,,0.20963,0
111.7844,38,72,8,0,22.33,734.78,dwell,355.01,650.19,343.26,0,178.961,9.016,179.819,-18.35,20.72,148.12,-17.62,-7.23,174.38,53.801,54.041,-35.2796,3.7961,355.01,650.19,-37.9687,2.2614,,,0.21897,0
111.8738,38,72,8,0,22.33,734.78,dwell,284.28,586.32,301.09,0,178.962,9.061,179.822,-18.32,20.70,148.29,-18.22,-7.57,174.79,53.888,54.086,-32.1943,0.6740,284.28,586.32,-35.3702,1.5471,,,0.23737,0
111.9708,38,72,8,0,22.33,734.78,dwell,264.97,611.49,272.16,0,178.928,8.903,179.832,-18.28,20.68,148.10,-18.57,-8.48,173.95,53.603,54.557,-32.3910,-0.3994,264.97,611.49,-34.0296,0.6712,,,0.20911,0
112.0780,38,72,8,0,22.33,734.78,dwell,252.18,605.34,263.79,0,178.921,9.054,179.856,-18.34,20.87,148.18,-18.17,-7.27,174.13,53.637,54.810,-33.4306,-1.0843,252.18,605.34,-33.7600,-0.1188,,,0.19701,0
112.1968,38,72,8,0,22.33,734.78,dwell,198.84,635.64,202.44,0,178.914,8.860,179.869,-18.20,20.90,148.14,-17.91,-6.74,174.21,53.380,54.373,-34.6480,-3.5247,198.84,635.64,-34.1596,-1.6515,,,0.20384,0
112.2982,38,72,8,0,22.33,734.78,dwell,219.92,573.08,255.32,0,178.879,8.980,179.838,-18.06,20.89,148.23,-17.46,-8.30,174.59,53.043,54.273,-31.2160,-2.4373,219.92,573.08,-32.8350,-2.0051,,,0.19865,0
112.3986,38,72,8,0,22.33,734.78,dwell,196.00,517.23,278.37,0,179.001,8.818,179.812,-17.97,20.84,148.32,-17.02,-7.79,175.01,52.843,54.458,-29.6585,-3.9388,196.00,517.23,-31.4056,-2.8753,,,0.16114,0
112.4854,38,72,8,0,22.33,734.78,dwell,204.31,485.73,308.45,0,178.864,8.852,179.794,-18.00,20.89,148.14,-18.20,-7.76,174.51,52.758,54.503,-29.4268,-3.4451,204.31,485.73,-30.5151,-3.1317,,,0.19774,0
112.5779,38,72,8,0,22.33,734.78,capture,170.09,479.34,295.09,0,178.832,8.870,179.824,-18.01,21.06,148.24,-17.86,-7.14,174.38,52.786,54.267,-28.5010,-4.3281,170.09,479.34,-29.6088,-3.6701,,,0.19491,0
112.6819,38,72,8,0,22.33,734.78,capture,169.70,489.72,285.95,0,178.878,8.882,179.863,-17.90,20.99,148.09,-17.77,-8.18,174.52,52.844,54.165,-29.2001,-5.1431,169.70,489.72,-29.4249,-4.3329,,,0.18705,0
112.7778,38,72,8,0,22.33,734.78,capture,147.19,492.29,272.74,0,178.933,8.858,179.843,-18.04,20.66,147.86,-17.07,-7.91,174.69,52.731,54.108,-29.0395,-5.8500,147.19,492.29,-29.2514,-5.0156,,,0.19920,0
112.8864,38,72,8,0,22.33,734.78,capture,162.22,492.07,280.13,0,178.932,8.753,179.853,-17.99,20.53,147.62,-18.05,-8.20,173.67,53.224,54.360,-29.1890,-4.4892,162.22,492.07,-29.2234,-4.7787,,,0.20592,0
112.9996,38,72,8,0,22.33,734.78,capture,159.92,466.25,301.72,0,178.808,8.757,179.852,-18.08,20.20,147.83,-17.40,-8.82,174.19,53.026,53.945,-28.2059,-5.8798,159.92,466.25,-28.7655,-5.2742,,,0.18394,0
113.0836,38,72,8,0,22.33,734.78,capture,159.73,510.91,262.67,0,178.733,8.568,179.884,-18.13,20.24,147.72,-17.67,-8.13,174.09,53.356,54.124,-29.6164,-5.0827,159.73,510.91,-29.1484,-5.1880,,,0.21192,0
113.1770,38,72,8,0,22.33,734.78,capture,157.70,457.48,308.57,0,178.586,8.527,179.882,-18.10,20.26,147.73,-18.20,-8.95,173.69,53.557,53.885,-28.2199,-5.3548,157.70,457.48,-28.7306,-5.2631,,,0.23602,0
113.2736,38,72,8,0,22.33,734.78,capture,174.67,471.20,304.43,0,178.744,8.575,179.870,-18.16,20.51,147.64,-17.99,-8.01,174.43,53.450,53.848,-28.6867,-4.2203,174.67,471.20,-28.7108,-4.7938,,,0.18277,0
113.3733,38,72,8,0,22.33,734.78,capture,169.22,487.45,287.66,0,178.857,8.636,179.863,-18.15,20.67,147.62,-17.50,-6.91,173.66,53.418,53.916,-27.2786,-4.9313,169.22,487.45,-28.0663,-4.8557,,,0.17985,0
113.4637,38,72,8,0,22.33,734.78,capture,156.07,489.54,279.33,0,178.840,8.736,179.877,-18.14,20.67,147.82,-17.73,-8.04,173.71,53.250,54.441,-28.7912,-5.6843,156.07,489.54,-28.3925,-5.2286,,,0.18267,0
113.5582,38,72,8,0,22.33,734.78,capture,147.95,476.14,287.53,0,178.819,8.594,179.869,-18.23,20.74,148.20,-18.14,-8.52,174.70,53.566,54.488,-28.0567,-6.3052,147.95,476.14,-28.2414,-5.7130,,,0.21166,0
113.6591,38,72,8,0,22.33,734.78,capture,153.57,488.57,279.00,0,178.894,8.527,179.872,-18.24,20.72,148.28,-17.78,-8.40,175.14,53.487,54.892,-28.8299,-4.9290,153.57,488.57,-28.5062,-5.3602,,,0.23116,0
113.7572,38,72,8,0,22.33,734.78,capture,175.47,487.62,290.75,0,178.857,8.691,179.855,-18.30,20.78,148.08,-18.11,-7.77,174.54,53.404,55.320,-28.2733,-4.9005,175.47,487.62,-28.4014,-5.1533,,,0.19270,0
113.8514,38,72,8,0,22.33,734.78,capture,158.34,486.27,283.29,0,178.873,8.747,179.834,-18.29,20.94,148.12,-17.79,-7.88,175.06,53.530,55.133,-28.5123,-6.1900,158.34,486.27,-28.4513,-5.6198,,,0.20606,0
113.9516,38,72,8,0,22.33,734.78,capture,158.29,492.38,277.92,0,178.998,8.702,179.866,-18.26,20.77,148.18,-17.89,-8.04,174.97,53.039,55.110,-29.2984,-6.2249,158.29,492.38,-28.8325,-5.8921,,,0.19809,0
114.0434,38,72,8,0,22.33,734.78,capture,149.65,475.91,288.48,0,178.990,8.828,179.825,-18.19,20.82,148.05,-17.65,-7.10,174.11,53.387,54.794,-28.4156,-5.9391,149.65,475.91,-28.6449,-5.9133,,,0.21270,0
114.1567,38,72,8,0,22.33,734.78,capture,154.40,484.08,283.36,0,179.079,8.714,179.801,-18.11,20.77,147.98,-17.92,-7.92,173.91,53.576,54.714,-28.5431,-5.8038,154.40,484.08,-28.5991,-5.8640,,,0.19598,0
114.2589,38,72,8,0,22.33,734.78,capture,169.71,486.29,288.90,0,179.102,8.628,179.803,-18.03,20.66,147.84,-17.66,-8.03,174.09,53.544,54.560,-29.1009,-4.9794,169.71,486.29,-28.8249,-5.4659,,,0.19769,0
114.3632,38,72,8,0,22.33,734.78,capture,141.56,477.64,283.43,0,179.053,8.663,179.796,-18.06,20.81,147.74,-17.74,-8.00,174.30,53.652,54.308,-28.6857,-6.4426,141.56,477.64,-28.7622,-5.9054,,,0.21916,0
114.4608,38,72,8,0,22.33,734.78,capture,182.18,504.47,280.34,0,179.035,8.889,179.814,-18.29,20.82,147.80,-17.97,-7.72,174.19,53.549,54.225,-28.2757,-4.6071,182.18,504.47,-28.5433,-5.3212,,,0.20187,0
114.6307,39,22,2,4,201.00,216.11,dwell,182.84,368.14,153.11,0,179.093,8.783,179.833,-18.39,20.78,147.69,-17.58,-7.60,174.11,53.012,54.103,-24.8263,-4.0795,182.84,368.14,-24.8263,-4.0795,,,0.20336,0
114.7370,39,22,2,4,201.00,216.11,dwell,216.88,594.06,378.28,0,179.053,8.647,179.832,-18.24,20.61,147.55,-18.13,-7.87,173.87,53.743,53.802,-32.8993,-3.2201,216.88,594.06,-28.4591,-3.6928,,,0.20813,0
114.8340,39,22,2,4,201.00,216.11,dwell,118.21,432.71,231.88,0,179.083,8.340,179.801,-18.29,20.54,147.47,-18.16,-7.92,173.51,53.526,53.956,-27.1656,-7.3182,118.21,432.71,-27.8770,-5.3242,,,0.20348,0
114.9234,39,22,2,4,201.00,216.11,dwell,171.52,364.70,151.49,0,179.129,8.300,179.811,-18.30,20.57,147.46,-18.61,-7.81,173.15,53.845,54.143,-23.4160,-4.3106,171.52,364.70,-25.8696,-4.8681,,,0.20903,0
115.0096,39,22,2,4,201.00,216.11,dwell,85.51,489.86,297.11,0,179.125,8.254,179.822,-18.22,20.65,147.58,-17.94,-8.32,174.12,53.534,53.978,-28.5484,-9.2497,85.51,489.86,-27.0751,-6.8398,,,0.18698,0
115.1265,39,22,2,4,201.00,216.11,dwell,138.89,269.86,82.14,0,179.129,8.094,179.810,-18.20,20.71,147.79,-18.17,-8.08,174.27,53.998,53.963,-19.6784,-6.5418,138.89,269.86,-23.7466,-6.7057,,,0.23116,0
115.2370,39,22,2,4,201.00,216.11,dwell,52.11,295.65,168.80,0,179.178,7.978,179.830,-18.24,20.92,147.53,-17.86,-7.43,173.95,54.293,54.093,-21.6255,-11.0214,52.11,295.65,-22.7921,-8.6478,,,0.23931,0
115.3277,39,22,2,4,201.00,216.11,dwell,69.54,332.12,175.33,0,179.175,7.857,179.813,-18.27,20.78,147.29,-18.17,-7.56,173.36,54.461,54.622,-23.2561,-9.8509,69.54,332.12,-23.0009,-9.1892,,,0.24274,0
115.4135,39,22,2,4,201.00,216.11,dwell,92.07,308.52,142.85,0,179.081,7.811,179.806,-18.14,20.68,147.39,-17.95,-7.86,173.48,54.519,54.495,-20.8363,-9.1367,92.07,308.52,-22.0268,-9.1655,,,0.23922,0
115.5125,39,22,2,4,201.00,216.11,capture,79.77,317.21,157.85,0,179.150,7.783,179.838,-17.96,20.67,147.47,-17.70,-7.63,173.69,54.502,54.274,-22.7306,-9.8528,79.77,317.21,-22.3435,-9.4748,,,0.23235,0
115.6363,39,22,2,4,201.00,216.11,capture,64.44,296.92,158.68,0,178.965,7.907,179.844,-17.97,20.59,147.68,-17.54,-7.49,173.98,54.140,54.159,-22.8791,-9.9150,64.44,296.92,-22.5845,-9.6729,,,0.21504,0
115.7337,39,22,2,4,201.00,216.11,capture,47.71,304.95,177.17,0,178.986,7.996,179.822,-17.82,20.63,147.53,-17.41,-8.82,174.17,54.362,54.323,-21.6516,-9.8498,47.71,304.95,-22.1647,-9.7525,,,0.23659,0
115.8340,39,22,2,4,201.00,216.11,capture,60.50,290.67,159.06,0,179.056,8.053,179.815,-17.96,20.63,147.80,-17.34,-8.35,174.08,54.084,54.137,-20.7125,-10.1277,60.50,290.67,-21.5112,-9.9214,,,0.19066,0
115.9427,39,22,2,4,201.00,216.11,capture,74.28,286.42,144.92,0,178.956,7.953,179.805,-17.91,20.57,147.87,-17.56,-8.53,174.31,53.553,54.034,-21.3414,-9.8406,74.28,286.42,-21.4348,-9.8850,,,0.21198,0
116.0247,39,22,2,4,201.00,216.11,capture,61.00,298.28,162.33,0,178.797,7.908,179.789,-17.83,20.73,147.80,-17.31,-7.70,174.03,54.130,54.053,-21.5434,-10.0190,61.00,298.28,-21.4837,-9.9453,,,0.22178,0
116.1104,39,22,2,4,201.00,216.11,capture,57.30,319.60,177.09,0,178.843,7.929,179.813,-17.92,20.77,147.58,-17.36,-7.87,174.22,54.038,54.109,-22.5519,-10.6268,57.30,319.60,-21.9643,-10.2520,,,0.22568,0
116.2067,39,22,2,4,201.00,216.11,capture,61.26,296.47,161.20,0,178.971,7.962,179.861,-17.95,20.74,147.90,-17.48,-7.64,174.40,53.989,54.098,-21.7197,-10.0952,61.26,296.47,-21.8543,-10.1814,,,0.23925,0
116.2894,39,22,2,4,201.00,216.11,capture,38.74,315.81,190.44,0,179.044,7.881,179.845,-18.07,20.85,147.81,-18.08,-7.38,174.37,53.848,53.960,-22.1167,-11.0555,38.74,315.81,-21.9724,-10.5748,,,0.22373,0
116.3773,39,22,2,4,201.00,216.11,capture,81.50,306.23,149.67,0,178.966,7.837,179.833,-18.12,20.78,147.98,-17.54,-7.68,174.89,53.967,54.351,-21.4922,-9.6308,81.50,306.23,-21.7563,-10.1500,,,0.21674,0
116.4750,39,22,2,4,201.00,216.11,capture,87.93,312.26,148.42,0,178.975,7.882,179.812,-18.09,20.85,148.00,-17.74,-7.24,174.34,54.073,54.464,-21.7277,-9.3513,87.93,312.26,-21.7434,-9.7906,,,0.24039,0
116.5697,39,22,2,4,201.00,216.11,capture,27.77,292.12,189.17,0,178.969,7.763,179.815,-18.20,20.81,147.88,-17.82,-7.93,174.33,54.190,54.268,-22.1727,-12.1296,27.77,292.12,-21.9366,-10.8431,,,0.24890,0
116.6845,39,22,2,4,201.00,216.11,capture,72.35,274.55,141.30,0,178.984,7.832,179.819,-18.14,20.77,147.95,-17.68,-7.66,174.41,53.907,54.249,-19.9109,-9.2922,72.35,274.55,-21.0250,-10.1452,,,0.21404,0
116.7665,39,22,2,4,201.00,216.11,capture,62.25,293.23,158.74,0,178.918,7.916,179.820,-18.20,20.59,148.03,-17.27,-7.13,174.79,53.923,54.427,-20.8805,-9.6979,62.25,293.23,-20.9600,-9.9439,,,0.20748,0
116.8687,39,22,2,4,201.00,216.11,capture,68.09,274.81,145.29,0,178.968,7.842,179.813,-18.29,20.55,147.88,-17.74,-7.58,173.70,53.925,54.283,-20.9541,-10.1816,68.09,274.81,-20.9573,-10.0509,,,0.20894,0
116.9781,39,22,2,4,201.00,216.11,capture,68.00,296.50,155.41,0,178.976,7.686,179.821,-18.16,20.70,147.58,-17.96,-7.34,173.99,53.831,54.478,-21.0127,-10.1976,68.00,296.50,-20.9822,-10.1169,,,0.22285,0
117.0746,39,22,2,4,201.00,216.11,capture,80.56,269.49,131.74,0,178.886,7.715,179.810,-18.19,20.61,147.74,-17.92,-7.75,174.03,53.787,54.608,-20.5558,-9.6398,80.56,269.49,-20.7904,-9.9022,,,0.22868,0
117.1724,39,22,2,4,201.00,216.11,capture,62.29,267.37,147.88,0,178.769,7.841,179.825,-18.25,20.51,147.39,-17.63,-7.80,173.63,53.564,54.436,-20.5336,-10.0422,62.29,267.37,-20.6748,-9.9652,,,0.21746,0
117.2544,39,22,2,4,201.00,216.11,capture,65.96,301.62,159.84,0,178.884,7.818,179.849,-18.23,20.63,147.32,-18.02,-7.89,173.64,53.810,54.601,-21.1380,-10.1969,65.96,301.62,-20.8833,-10.0695,,,0.21822,0
117.4568,40,49,5,4,201.00,475.44,dwell,33.79,424.26,174.87,0,178.866,7.949,179.873,-18.30,20.71,147.50,-17.79,-8.32,173.45,54.333,54.364,-25.1441,-11.6455,33.79,424.26,-25.1441,-11.6455,,,0.23002,0
117.5540,40,49,5,4,201.00,475.44,dwell,171.56,369.17,110.28,0,178.803,7.902,179.881,-18.44,20.67,147.57,-18.00,-7.09,173.23,54.012,54.754,-24.5848,-4.7880,171.56,369.17,-24.8924,-8.5596,,,0.22389,0
117.6454,40,49,5,4,201.00,475.44,dwell,161.68,442.30,51.43,0,178.918,7.970,179.885,-18.39,20.80,147.50,-17.75,-7.64,173.86,53.964,54.959,-26.2554,-5.1073,161.68,442.30,-25.5058,-7.0060,,,0.24492,0
117.7545,40,49,5,4,201.00,475.44,dwell,192.58,375.45,100.35,0,178.873,7.899,179.863,-18.33,20.60,147.79,-17.96,-8.18,173.92,53.618,54.787,-23.9960,-3.8524,192.58,375.45,-24.8264,-5.5869,,,0.23075,0
117.8483,40,49,5,4,201.00,475.44,dwell,295.77,415.73,112.01,0,178.826,8.064,179.874,-18.29,20.51,147.77,-18.06,-8.16,174.23,53.399,54.485,-26.8391,0.7375,295.77,415.73,-25.7321,-2.7409,,,0.20230,0
117.9470,40,49,5,4,201.00,475.44,dwell,274.44,414.77,95.26,0,178.875,8.121,179.850,-18.27,20.53,147.61,-18.12,-7.93,173.97,53.299,53.998,-27.0159,0.0194,274.44,414.77,-26.3098,-1.4988,,,0.19655,0
118.0342,40,49,5,4,201.00,475.44,dwell,313.86,430.87,121.34,0,178.970,8.104,179.900,-18.37,20.56,147.64,-17.51,-7.34,173.93,53.012,54.012,-26.7149,1.8415,313.86,430.87,-26.4921,0.0043,,,0.19594,0
118.1555,40,49,5,4,201.00,475.44,dwell,330.11,490.77,130.02,0,179.021,8.106,179.897,-18.35,20.47,147.58,-18.19,-7.73,173.55,53.153,53.836,-28.8374,2.8193,330.11,490.77,-27.5475,1.2711,,,0.20169,0
118.2385,40,49,5,4,201.00,475.44,capture,335.22,449.02,136.80,0,178.913,8.067,179.903,-18.37,20.50,147.49,-17.96,-8.71,173.61,52.744,54.236,-26.8867,2.7474,335.22,449.02,-27.2501,1.9354,,,0.19187,0
118.3505,40,49,5,4,201.00,475.44,capture,344.88,442.73,147.55,0,178.889,7.925,179.892,-18.45,20.46,147.44,-17.73,-8.50,173.68,53.002,53.873,-26.7172,2.1528,344.88,442.73,-27.0103,2.0332,,,0.19467,0
118.4458,40,49,5,4,201.00,475.44,capture,333.50,458.26,133.61,0,178.838,8.002,179.849,-18.27,20.18,147.37,-18.32,-8.63,173.55,53.024,54.136,-28.5839,2.7042,333.50,458.26,-27.7184,2.3352,,,0.17964,0
118.5287,40,49,5,4,201.00,475.44,capture,361.77,430.75,166.87,0,178.854,8.016,179.873,-18.21,20.24,147.38,-17.31,-9.18,173.67,53.067,54.420,-26.3197,3.8282,361.77,430.75,-27.0890,3.0070,,,0.22016,0
118.6206,40,49,5,4,201.00,475.44,capture,348.89,437.90,152.58,0,178.874,8.011,179.878,-18.26,20.25,147.25,-17.21,-8.20,173.14,52.968,54.659,-27.1920,3.4248,348.89,437.90,-27.1353,3.1950,,,0.19383,0
118.7044,40,49,5,4,201.00,475.44,capture,335.80,410.56,149.60,0,178.975,7.970,179.870,-18.23,20.29,147.14,-17.80,-7.62,173.26,53.171,54.597,-26.1529,3.0376,335.80,410.56,-26.6932,3.1242,,,0.19496,0
118.8127,40,49,5,4,201.00,475.44,capture,368.09,419.68,176.15,0,178.989,7.931,179.862,-18.26,20.48,147.22,-18.58,-8.48,173.67,53.611,54.798,-26.3331,4.5825,368.09,419.68,-26.5312,3.7804,,,0.19439,0
118.9238,40,49,5,4,201.00,475.44,capture,360.16,444.03,162.23,0,178.993,8.052,179.876,-18.23,20.53,147.44,-17.48,-7.95,173.87,53.735,54.544,-27.1223,4.4846,360.16,444.03,-26.7972,4.0973,,,0.19785,0
119.0371,40,49,5,4,201.00,475.44,capture,338.98,423.83,147.32,0,178.933,7.969,179.831,-18.25,20.47,147.39,-17.57,-7.10,173.19,53.758,54.717,-26.3024,2.8222,338.98,423.83,-26.5745,3.5235,,,0.21071,0
119.1546,40,49,5,4,201.00,475.44,capture,350.35,469.29,149.48,0,178.892,8.063,179.827,-18.35,20.45,147.32,-18.39,-8.35,173.61,53.751,54.667,-27.9111,3.4798,350.35,469.29,-27.1760,3.5038,,,0.22345,0
119.2733,40,49,5,4,201.00,475.44,capture,348.62,443.79,150.98,0,179.006,7.878,179.810,-18.50,20.45,147.52,-17.70,-7.45,173.39,53.679,54.415,-26.8106,3.6280,348.62,443.79,-27.0116,3.5597,,,0.20292,0
119.3979,40,49,5,4,201.00,475.44,capture,343.12,433.35,148.22,0,178.938,8.029,179.828,-18.52,20.38,147.34,-17.91,-7.93,173.23,53.838,54.451,-27.3026,3.2830,343.12,433.35,-27.1425,3.4352,,,0.20300,0
119.4921,40,49,5,4,201.00,475.44,capture,353.54,450.71,154.53,0,178.971,8.007,179.824,-18.53,20.46,147.31,-18.01,-8.90,173.64,53.897,54.086,-27.1092,2.9566,353.54,450.71,-27.1275,3.2198,,,0.22676,0
119.6008,40,49,5,4,201.00,475.44,capture,349.41,454.58,149.87,0,179.025,8.091,179.835,-18.46,20.48,147.24,-17.57,-8.39,173.31,53.839,54.159,-26.3971,3.5845,349.41,454.58,-26.7988,3.3839,,,0.20703,0
119.6924,40,49,5,4,201.00,475.44,capture,344.22,459.23,144.13,0,178.936,8.235,179.831,-18.47,20.37,147.43,-17.78,-8.37,173.57,53.837,53.703,-27.4591,2.6589,344.22,459.23,-27.0959,3.0577,,,0.21369,0
119.7842,40,49,5,4,201.00,475.44,capture,343.32,440.96,146.44,0,178.764,8.328,179.815,-18.44,20.40,147.41,-18.42,-8.67,173.53,53.596,53.936,-27.1558,3.4381,343.32,440.96,-27.1229,3.2288,,,0.19391,0
119.8856,40,49,5,4,201.00,475.44,capture,366.39,423.15,173.46,0,178.775,8.077,179.803,-18.35,20.33,147.84,-17.73,-8.51,174.80,53.254,54.145,-27.1691,3.9812,366.39,423.15,-27.1437,3.5674,,,0.22538,0
119.9764,40,49,5,4,201.00,475.44,capture,339.89,438.21,143.79,0,178.819,8.064,179.779,-18.51,20.41,147.93,-18.09,-8.65,174.28,52.884,54.239,-27.3851,2.6781,339.89,438.21,-27.2523,3.1672,,,0.16172,0
120.0702,40,49,5,4,201.00,475.44,capture,344.10,447.23,145.85,0,178.799,8.113,179.790,-18.36,20.58,147.88,-17.66,-7.53,174.32,53.060,54.045,-27.1078,3.2089,344.10,447.23,-27.1873,3.1860,,,0.19251,0
120.1715,40,49,5,4,201.00,475.44,capture,353.86,422.88,161.65,0,178.863,8.191,179.824,-18.34,20.78,147.91,-17.67,-7.56,174.46,53.559,53.897,-26.7424,2.9461,353.86,422.88,-26.9871,3.0781,,,0.22377,0
120.2672,40,49,5,4,201.00,475.44,capture,354.61,445.97,156.41,0,178.866,8.328,179.820,-18.31,20.96,147.91,-18.46,-8.53,174.67,53.892,54.134,-27.7614,3.4268,354.61,445.97,-27.3355,3.2350,,,0.22744,0
120.4822,41,63,7,0,22.33,648.33,dwell,300.52,570.12,288.97,0,178.814,8.284,179.821,-18.13,20.90,147.97,-17.66,-8.02,174.34,54.030,54.224,-32.2944,1.0932,300.52,570.12,-32.2944,1.0932,,,0.22861,0
120.5764,41,63,7,0,22.33,648.33,dwell,264.29,420.26,332.51,0,178.900,8.290,179.833,-18.15,20.68,148.22,-17.40,-8.02,175.01,54.190,54.220,-27.3820,0.0728,264.29,420.26,-30.0838,0.6341,,,0.22646,0
120.6737,41,63,7,0,22.33,648.33,dwell,255.87,577.19,244.13,0,178.901,8.299,179.843,-18.15,20.91,148.42,-17.45,-7.47,175.12,54.246,54.410,-32.2441,-1.1841,255.87,577.19,-31.0560,-0.1841,,,0.26098,0
120.7788,41,63,7,0,22.33,648.33,dwell,305.84,299.34,449.64,0,178.963,8.411,179.867,-18.24,20.87,148.33,-18.24,-7.53,174.93,54.113,54.280,-21.7037,2.0708,305.84,299.34,-26.8475,0.8306,,,0.23220,0
120.8932,41,63,7,0,22.33,648.33,dwell,213.79,383.45,326.83,0,178.967,8.359,179.892,-18.14,21.10,148.45,-18.25,-7.47,174.34,53.893,54.286,-24.2536,-2.7470,213.79,383.45,-25.6802,-0.7793,,,0.22221,0
121.0092,41,63,7,0,22.33,648.33,dwell,155.30,581.43,148.85,0,178.918,8.408,179.883,-18.19,20.74,148.48,-17.80,-7.54,175.19,53.968,54.376,-32.6838,-5.3819,155.30,581.43,-28.8318,-2.8505,,,0.24339,0
121.1070,41,63,7,0,22.33,648.33,dwell,172.45,478.52,226.65,0,178.914,8.444,179.868,-18.17,20.73,148.68,-17.19,-8.34,175.58,54.349,54.372,-29.4812,-4.9759,172.45,478.52,-29.1240,-3.8069,,,0.23126,0
121.2133,41,63,7,0,22.33,648.33,dwell,121.70,537.98,148.50,0,178.967,8.449,179.886,-17.94,20.88,148.42,-17.65,-7.15,174.99,54.586,53.878,-30.8321,-7.3389,121.70,537.98,-29.8927,-5.3963,,,0.22719,0
121.3198,41,63,7,0,22.33,648.33,dwell,109.13,551.82,129.80,0,178.849,8.463,179.869,-18.05,20.94,148.20,-17.56,-7.99,174.98,54.487,54.085,-31.9202,-7.3397,109.13,551.82,-30.8050,-6.2708,,,0.24630,0
121.4018,41,63,7,0,22.33,648.33,capture,102.32,540.92,133.92,0,178.736,8.479,179.848,-18.12,20.91,148.23,-17.60,-6.99,174.52,54.322,54.167,-31.3250,-7.4085,102.32,540.92,-31.0390,-6.7828,,,0.25733,0
121.4902,41,63,7,0,22.33,648.33,capture,79.16,549.59,113.93,0,178.631,8.393,179.810,-18.14,20.82,148.17,-17.84,-8.03,174.74,54.003,54.388,-31.0412,-9.7779,79.16,549.59,-31.0400,-8.1306,,,0.19817,0
121.5902,41,63,7,0,22.33,648.33,capture,115.44,545.88,138.44,0,178.626,8.473,179.816,-18.06,20.77,148.17,-17.57,-7.35,174.39,53.890,54.383,-31.3210,-7.5860,115.44,545.88,-31.1664,-7.8855,,,0.21638,0
121.6882,41,63,7,0,22.33,648.33,capture,123.15,579.02,122.35,0,178.485,8.646,179.853,-18.06,20.86,147.95,-17.16,-7.65,174.94,54.084,54.343,-31.7854,-7.0618,123.15,579.02,-31.4450,-7.5149,,,0.22753,0
121.7745,41,63,7,0,22.33,648.33,capture,118.01,545.90,140.17,0,178.533,8.549,179.840,-18.03,20.89,147.79,-17.79,-8.00,174.45,54.025,54.072,-30.9633,-7.8415,118.01,545.90,-31.2282,-7.6618,,,0.23140,0
121.8711,41,63,7,0,22.33,648.33,capture,92.98,558.28,114.46,0,178.569,8.552,179.853,-18.10,20.73,147.67,-17.39,-7.62,173.66,54.277,54.283,-32.3100,-9.1175,92.98,558.28,-31.7151,-8.3169,,,0.21265,0
121.9733,41,63,7,0,22.33,648.33,capture,108.15,564.43,120.02,0,178.678,8.620,179.863,-18.18,20.69,147.68,-17.62,-8.31,173.83,54.139,54.052,-31.7699,-7.8552,108.15,564.43,-31.7397,-8.1091,,,0.22551,0
122.0734,41,63,7,0,22.33,648.33,capture,115.44,549.34,135.90,0,178.651,8.649,179.831,-18.19,20.88,147.85,-17.26,-6.93,174.29,53.396,53.912,-31.5465,-7.6029,115.44,549.34,-31.6528,-7.8813,,,0.19144,0
122.1554,41,63,7,0,22.33,648.33,capture,87.41,548.69,119.01,0,178.774,8.773,179.849,-18.29,20.95,148.19,-18.72,-7.52,174.59,53.401,53.902,-30.1437,-8.7468,87.41,548.69,-30.9737,-8.2708,,,0.20616,0
122.2582,41,63,7,0,22.33,648.33,capture,92.08,549.28,121.15,0,178.778,8.651,179.838,-18.37,21.04,148.26,-18.04,-7.98,175.03,53.291,54.110,-31.5076,-8.2841,92.08,549.28,-31.2139,-8.2768,,,0.19707,0
122.3602,41,63,7,0,22.33,648.33,capture,106.49,559.95,122.04,0,178.913,8.680,179.817,-18.49,21.03,148.28,-18.14,-7.41,174.40,53.357,54.056,-31.7942,-8.1070,106.49,559.95,-31.4750,-8.2004,,,0.19728,0
122.4535,41,63,7,0,22.33,648.33,capture,113.55,531.28,148.40,0,179.039,8.769,179.803,-18.49,20.94,148.14,-17.58,-7.92,174.76,53.543,54.213,-30.8103,-7.6254,113.55,531.28,-31.1759,-7.9416,,,0.22200,0
122.5391,41,63,7,0,22.33,648.33,capture,99.53,558.26,118.63,0,179.045,8.671,179.796,-18.33,20.89,148.04,-18.61,-8.40,174.45,53.551,53.631,-31.3050,-8.4658,99.53,558.26,-31.2340,-8.1775,,,0.19313,0
122.6425,41,63,7,0,22.33,648.33,capture,104.46,544.70,132.23,0,179.078,8.617,179.775,-18.36,20.71,148.04,-18.18,-7.53,174.69,53.870,53.826,-30.6126,-8.0317,104.46,544.70,-30.9544,-8.1119,,,0.21509,0
122.7456,41,63,7,0,22.33,648.33,capture,101.74,541.60,133.03,0,179.059,8.579,179.773,-18.40,20.56,148.10,-17.55,-7.80,174.90,53.713,53.487,-31.0511,-7.9118,101.74,541.60,-30.9979,-8.0218,,,0.19516,0
122.8276,41,63,7,0,22.33,648.33,capture,103.71,562.09,118.58,0,179.170,8.695,179.808,-18.41,20.45,148.12,-18.22,-7.49,174.59,53.872,53.370,-31.8881,-8.4297,103.71,562.09,-31.3985,-8.2054,,,0.19833,0
122.9374,41,63,7,0,22.33,648.33,capture,108.90,552.13,129.42,0,179.346,8.582,179.814,-18.40,20.49,148.30,-17.98,-8.47,175.09,53.750,53.694,-31.4571,-8.1005,108.90,552.13,-31.4249,-8.1582,,,0.21183,0
123.0334,41,63,7,0,22.33,648.33,capture,118.91,538.75,146.07,0,179.234,8.389,179.854,-18.42,20.47,148.02,-18.37,-8.32,174.65,54.187,53.743,-29.7993,-7.1387,118.91,538.75,-30.6934,-7.6994,,,0.21183,0
123.1344,41,63,7,0,22.33,648.33,capture,96.73,570.20,107.89,0,179.186,8.364,179.865,-18.34,20.38,148.00,-18.14,-8.51,174.50,54.167,53.888,-32.1896,-8.2785,96.73,570.20,-31.3667,-7.9600,,,0.23419,0
123.3357,42,45,5,0,22.33,475.44,dwell,6.31,528.33,55.26,0,179.007,8.363,179.856,-18.33,20.54,147.87,-17.65,-8.08,174.29,53.872,54.096,-30.3337,-12.4174,6.31,528.33,-30.3337,-12.4174,,,0.22610,0
123.4402,42,45,5,0,22.33,475.44,dwell,127.17,527.55,117.07,0,178.893,8.405,179.841,-18.40,20.51,148.00,-17.95,-7.51,173.87,53.537,54.106,-29.6949,-6.8457,127.17,527.55,-30.0463,-9.9101,,,0.22269,0
123.5372,42,45,5,0,22.33,475.44,dwell,-36.55,518.14,72.73,0,178.793,8.546,179.821,-18.32,20.64,148.02,-18.13,-7.63,174.41,53.807,53.848,-28.8750,-14.3881,-36.55,518.14,-29.5192,-11.9252,,,0.19542,0
123.6451,42,45,5,0,22.33,475.44,dwell,-7.10,544.53,75.09,0,178.813,8.615,179.818,-18.33,20.65,147.88,-17.77,-7.85,174.19,53.973,54.177,-30.7033,-13.2596,-7.10,544.53,-30.0521,-12.5257,,,0.21264,0
123.7402,42,45,5,0,22.33,475.44,dwell,5.87,397.36,79.80,0,178.942,8.515,179.836,-18.32,20.69,147.82,-17.97,-7.21,174.62,53.878,54.326,-24.9699,-12.5971,5.87,397.36,-27.7651,-12.5578,,,0.22176,0
123.8393,42,45,5,0,22.33,475.44,dwell,77.51,482.83,55.67,0,178.826,8.382,179.852,-18.28,20.90,147.84,-18.01,-7.86,174.30,54.084,54.136,-29.2929,-8.9152,77.51,482.83,-28.4526,-10.9186,,,0.21308,0
123.9351,42,45,5,0,22.33,475.44,dwell,52.34,511.61,46.99,0,179.000,8.352,179.847,-18.32,20.86,147.82,-17.41,-7.90,173.99,53.531,54.322,-28.7790,-10.9447,52.34,511.61,-28.5995,-10.9303,,,0.20982,0
124.0356,42,45,5,0,22.33,475.44,dwell,44.13,500.62,33.30,1,178.957,8.350,179.861,-18.34,20.64,147.60,-17.55,-7.35,173.75,53.836,54.231,-28.9485,-10.4079,44.13,500.62,-28.7565,-10.6952,,,0.22916,0
124.1197,42,45,5,0,22.33,475.44,dwell,6.61,480.94,16.66,1,179.019,8.334,179.827,-18.23,20.63,147.49,-18.11,-7.63,173.84,53.691,54.160,-29.2503,-12.4254,6.61,480.94,-28.9787,-11.4738,,,0.22920,0
124.2342,42,45,5,0,22.33,475.44,capture,-40.32,473.46,62.68,0,178.958,8.287,179.829,-18.16,20.68,147.57,-17.82,-7.64,174.07,53.512,54.314,-27.7549,-14.4699,-40.32,473.46,-28.4280,-12.8221,,,0.21178,0
124.3356,42,45,5,0,22.33,475.44,capture,-20.39,466.90,43.57,0,178.898,8.308,179.784,-18.15,20.79,147.63,-17.59,-7.33,174.10,53.262,53.857,-27.9875,-13.2832,-20.39,466.90,-28.2298,-13.0296,,,0.18165,0
124.4378,42,45,5,0,22.33,475.44,capture,1.75,475.40,20.58,1,178.928,8.287,179.821,-18.34,20.69,147.55,-18.17,-7.33,173.98,53.769,54.243,-27.7915,-12.3496,1.75,475.40,-28.0325,-12.7236,,,0.20979,0
124.5390,42,45,5,0,22.33,475.44,capture,-16.34,465.27,39.99,0,178.787,8.398,179.815,-18.52,20.66,147.70,-18.00,-8.97,174.22,53.785,54.338,-29.1369,-14.0648,-16.34,465.27,-28.5295,-13.3272,,,0.23440,0
124.6346,42,45,5,0,22.33,475.44,capture,-15.69,482.73,38.72,0,178.885,8.376,179.801,-18.44,20.58,147.82,-18.02,-8.15,173.98,53.919,54.358,-28.3366,-13.5225,-15.69,482.73,-28.4427,-13.4151,,,0.22077,0
124.7453,42,45,5,0,22.33,475.44,capture,-3.45,475.75,25.79,0,178.883,8.338,179.828,-18.43,20.80,147.84,-18.26,-6.82,174.44,53.877,54.655,-28.3513,-12.5760,-3.45,475.75,-28.4016,-13.0375,,,0.20690,0
124.8550,42,45,5,0,22.33,475.44,capture,-25.12,474.51,47.46,0,178.976,8.336,179.829,-18.54,20.77,147.88,-18.48,-7.74,174.14,53.807,54.462,-28.5367,-14.2420,-25.12,474.51,-28.4624,-13.5795,,,0.21139,0
124.9482,42,45,5,0,22.33,475.44,capture,11.74,457.30,21.01,1,179.017,8.425,179.835,-18.49,20.71,147.58,-17.71,-7.19,173.84,54.190,54.620,-27.3232,-12.4526,11.74,457.30,-27.9498,-13.0724,,,0.24386,0
125.0583,42,45,5,0,22.33,475.44,capture,-11.40,472.32,33.88,0,178.933,8.478,179.851,-18.47,20.67,147.48,-18.21,-8.15,173.78,54.165,54.490,-27.1514,-13.6968,-11.40,472.32,-27.5905,-13.3534,,,0.25267,0
125.1494,42,45,5,0,22.33,475.44,capture,-3.63,487.61,28.67,0,178.837,8.309,179.821,-18.40,20.49,147.32,-17.77,-8.48,173.96,54.370,54.720,-29.6362,-12.6529,-3.63,487.61,-28.5110,-13.0382,,,0.22999,0
125.2453,42,45,5,0,22.33,475.44,capture,-4.93,456.79,33.03,0,178.793,8.212,179.823,-18.47,20.45,147.20,-17.94,-7.91,173.68,53.954,54.920,-26.9885,-13.0920,-4.93,456.79,-27.8259,-13.0624,,,0.21692,0
125.3357,42,45,5,0,22.33,475.44,capture,-33.61,489.22,57.61,0,178.893,8.289,179.818,-18.52,20.40,147.29,-17.55,-7.45,173.49,53.883,54.621,-28.0923,-14.7853,-33.61,489.22,-27.9458,-13.8377,,,0.24692,0
125.4399,42,45,5,0,22.33,475.44,capture,-22.30,472.58,44.73,0,178.986,8.223,179.837,-18.39,20.57,147.49,-17.36,-8.16,173.46,53.373,54.795,-27.9543,-13.9486,-22.30,472.58,-27.9496,-13.8876,,,0.18696,0
125.5234,42,45,5,0,22.33,475.44,capture,-16.39,458.68,42.20,0,178.983,8.261,179.820,-18.34,20.51,147.49,-17.87,-8.20,173.73,53.504,54.293,-27.5792,-13.6376,-16.39,458.68,-27.7829,-13.7751,,,0.19330,0
125.6172,42,45,5,0,22.33,475.44,capture,1.00,435.45,45.33,1,178.894,8.337,179.821,-18.31,20.53,147.37,-17.97,-7.78,173.93,53.818,54.512,-26.9911,-12.8274,1.00,435.45,-27.4266,-13.3486,,,0.19969,0
125.7337,42,45,5,0,22.33,475.44,capture,3.66,456.29,26.75,1,178.830,8.223,179.790,-18.25,20.39,147.25,-17.78,-8.67,173.38,53.795,54.616,-26.9497,-12.8576,3.66,456.29,-27.2120,-13.1277,,,0.22463,0
125.8275,42,45,5,0,22.33,475.44,capture,4.96,481.03,18.25,1,178.756,8.177,179.787,-18.40,20.40,147.20,-18.13,-7.12,173.38,54.028,54.741,-28.0174,-12.4903,4.96,481.03,-27.5744,-12.8409,,,0.24586,0
125.9425,42,45,5,0,22.33,475.44,capture,-8.46,491.21,34.59,0,178.839,8.272,179.778,-18.32,20.31,147.30,-17.58,-8.25,173.59,53.797,54.818,-29.0757,-13.0500,-8.46,491.21,-28.2500,-12.9350,,,0.22206,0
126.0624,42,45,5,0,22.33,475.44,capture,-19.93,484.52,43.23,0,178.797,8.228,179.775,-18.34,20.46,147.13,-17.54,-7.78,173.50,53.566,54.490,-28.9950,-13.9608,-19.93,484.52,-28.5852,-13.3966,,,0.21963,0
126.1731,42,45,5,0,22.33,475.44,capture,-22.97,444.16,55.06,0,178.887,8.211,179.797,-18.33,20.42,147.10,-17.86,-8.58,173.35,53.516,54.740,-26.6388,-13.5512,-22.97,444.16,-27.7093,-13.4662,,,0.21084,0
126.3469,43,62,6,8,379.67,561.89,dwell,-24.23,564.99,403.91,0,178.927,8.274,179.759,-18.23,20.35,147.23,-17.68,-7.36,173.88,53.124,54.772,-32.1128,-14.0484,-24.23,564.99,-32.1128,-14.0484,,,0.19262,0
126.4501,43,62,6,8,379.67,561.89,dwell,218.04,324.27,287.38,0,178.982,8.312,179.768,-18.16,20.35,147.26,-17.67,-8.80,173.40,53.070,54.691,-21.2102,-2.5804,218.04,324.27,-27.2066,-8.8878,,,0.18619,0
126.5506,43,62,6,8,379.67,561.89,dwell,249.28,553.08,130.68,0,178.999,8.337,179.779,-18.16,20.43,147.21,-17.55,-8.21,173.82,53.175,54.708,-31.4950,-1.3259,249.28,553.08,-29.1364,-5.4850,,,0.20146,0
126.6443,43,62,6,8,379.67,561.89,dwell,167.20,442.26,243.83,0,178.958,8.395,179.776,-18.14,20.35,147.35,-17.49,-7.48,173.98,52.973,54.405,-26.5490,-5.8189,167.20,442.26,-27.9721,-5.6352,,,0.17550,0
126.7344,43,62,6,8,379.67,561.89,dwell,249.98,472.13,157.72,0,178.941,8.338,179.789,-18.14,20.36,147.41,-17.91,-7.92,173.74,53.061,54.452,-28.5831,-0.9110,249.98,472.13,-28.2470,-3.5093,,,0.19694,0
126.8194,43,62,6,8,379.67,561.89,dwell,346.54,495.93,73.81,0,178.892,8.263,179.790,-18.10,20.40,147.64,-18.12,-8.01,174.12,53.541,54.466,-29.5721,3.1098,346.54,495.93,-28.8433,-0.5307,,,0.20462,0
126.9014,43,62,6,8,379.67,561.89,dwell,351.14,473.83,92.56,0,178.753,8.086,179.816,-17.99,20.62,147.81,-17.32,-7.72,174.42,53.348,54.465,-28.0110,3.3213,351.14,473.83,-28.4688,1.2027,,,0.20260,0
126.9856,43,62,6,8,379.67,561.89,dwell,349.91,433.84,131.46,0,178.717,8.145,179.830,-18.03,20.66,147.54,-17.46,-7.51,174.13,53.674,54.367,-27.4643,3.5079,349.91,433.84,-28.0168,2.2400,,,0.22555,0
127.0752,43,62,6,8,379.67,561.89,dwell,383.24,449.25,112.70,0,178.694,8.179,179.856,-17.94,20.61,147.45,-17.52,-7.91,173.55,53.697,54.317,-26.8289,5.5710,383.24,449.25,-27.4822,3.7390,,,0.22729,0
127.1572,43,62,6,8,379.67,561.89,capture,406.43,444.50,120.40,0,178.668,8.374,179.872,-18.00,20.57,147.34,-17.45,-7.53,173.55,53.570,54.308,-27.0836,5.8471,406.43,444.50,-27.3028,4.6876,,,0.22988,0
127.2481,43,62,6,8,379.67,561.89,capture,399.49,431.18,132.20,0,178.702,8.483,179.871,-18.24,20.52,147.18,-18.13,-7.57,173.68,53.550,54.226,-26.3620,5.3503,399.49,431.18,-26.8795,4.9858,,,0.21937,0
127.3534,43,62,6,8,379.67,561.89,capture,426.90,460.31,112.02,0,178.859,8.420,179.864,-18.18,20.48,147.41,-18.38,-8.05,173.89,53.621,54.095,-27.8583,6.2527,426.90,460.31,-27.3199,5.5559,,,0.21132,0
127.4354,43,62,6,8,379.67,561.89,capture,432.64,413.58,157.49,0,178.934,8.390,179.876,-18.11,20.37,147.41,-17.48,-8.69,173.40,53.729,54.285,-26.2970,7.4174,432.64,413.58,-26.8596,6.3936,,,0.20943,0
127.5420,43,62,6,8,379.67,561.89,capture,405.41,440.87,123.73,0,178.988,8.469,179.868,-18.18,20.26,147.42,-17.46,-8.90,174.19,53.415,54.015,-26.8817,5.6355,405.41,440.87,-26.8696,6.0525,,,0.23156,0
127.6446,43,62,6,8,379.67,561.89,capture,430.73,438.28,133.74,0,178.998,8.457,179.869,-18.11,20.30,147.45,-17.60,-7.89,173.66,53.325,54.427,-27.2506,6.8770,430.73,438.28,-27.0410,6.4235,,,0.20954,0
127.7373,43,62,6,8,379.67,561.89,capture,412.42,441.13,125.12,0,179.028,8.546,179.874,-18.07,20.14,147.51,-17.83,-8.50,173.99,53.368,54.018,-26.1979,6.0096,412.42,441.13,-26.6616,6.2372,,,0.21102,0
127.8435,43,62,6,8,379.67,561.89,capture,415.67,442.35,124.84,0,179.001,8.518,179.845,-18.09,19.93,147.42,-17.99,-7.63,173.80,53.579,54.179,-27.0793,6.9780,415.67,442.35,-26.8496,6.5706,,,0.18460,0
127.9420,43,62,6,8,379.67,561.89,capture,425.48,441.53,128.78,0,179.030,8.507,179.832,-17.97,19.96,147.48,-17.61,-8.36,173.86,53.325,54.464,-27.6933,6.6531,425.48,441.53,-27.2293,6.6077,,,0.19803,0
128.0558,43,62,6,8,379.67,561.89,capture,433.78,431.28,141.38,0,179.013,8.423,179.870,-18.02,19.97,147.42,-18.02,-8.22,173.94,53.479,54.743,-26.9159,7.3068,433.78,431.28,-27.0882,6.9223,,,0.19968,0
128.1603,43,62,6,8,379.67,561.89,capture,425.67,431.70,138.08,0,179.114,8.395,179.874,-17.99,20.26,147.32,-17.92,-8.92,173.65,53.358,54.669,-26.1148,6.7742,425.67,431.70,-26.6502,6.8557,,,0.20342,0
128.2701,43,62,6,8,379.67,561.89,capture,403.14,466.36,98.37,0,179.218,8.412,179.852,-18.00,20.17,147.31,-17.73,-9.07,173.27,53.526,54.504,-27.6186,5.6958,403.14,466.36,-27.0860,6.3337,,,0.21239,0
128.3527,43,62,6,8,379.67,561.89,capture,435.54,454.37,121.17,0,179.089,8.553,179.850,-18.19,20.32,147.13,-17.78,-8.63,173.27,53.287,54.512,-27.5156,7.6461,435.54,454.37,-27.2793,6.9243,,,0.18430,0
128.4468,43,62,6,8,379.67,561.89,capture,414.13,470.75,97.44,0,179.183,8.453,179.850,-18.16,20.44,147.36,-17.72,-8.28,173.96,53.209,54.098,-27.2326,6.2762,414.13,470.75,-27.2583,6.6327,,,0.17562,0
128.5548,43,62,6,8,379.67,561.89,capture,410.14,457.39,108.85,0,179.045,8.443,179.860,-18.09,20.50,147.23,-17.91,-8.04,173.64,53.173,54.520,-28.8611,5.7816,410.14,457.39,-27.9796,6.2497,,,0.18808,0
128.6705,43,62,6,8,379.67,561.89,capture,402.36,449.29,114.86,0,178.890,8.466,179.863,-18.15,20.37,147.47,-17.66,-8.05,173.66,53.739,54.343,-26.8742,5.6272,402.36,449.29,-27.4822,5.9696,,,0.22041,0
128.7776,43,62,6,8,379.67,561.89,capture,415.38,433.99,132.79,0,178.823,8.381,179.872,-18.21,20.21,147.42,-17.99,-8.09,173.61,53.925,54.648,-26.8208,6.0669,415.38,433.99,-27.1845,6.0134,,,0.21264,0
128.8811,43,62,6,8,379.67,561.89,capture,446.00,480.22,105.21,0,178.894,8.455,179.883,-18.19,20.26,147.26,-18.13,-7.46,173.37,53.992,54.460,-28.3464,7.5874,446.00,480.22,-27.7074,6.7217,,,0.21259,0
128.9879,43,62,6,8,379.67,561.89,capture,424.82,451.48,119.29,0,178.876,8.544,179.843,-18.16,20.34,146.99,-17.65,-8.26,173.31,53.595,54.372,-26.5997,6.7467,424.82,451.48,-27.2089,6.7329,,,0.23308,0
129.0853,43,62,6,8,379.67,561.89,capture,433.88,448.25,125.91,0,178.861,8.551,179.851,-18.15,20.41,147.26,-17.21,-8.74,173.29,53.742,54.241,-27.2420,6.9084,433.88,448.25,-27.2238,6.8119,,,0.23167,0
129.2946,44,27,3,0,22.33,302.56,dwell,227.20,266.48,208.02,0,178.798,8.574,179.870,-18.22,20.43,147.63,-17.16,-8.94,173.97,53.431,54.235,-19.9335,-2.2262,227.20,266.48,-19.9335,-2.2262,,,0.20904,0
129.3942,44,27,3,0,22.33,302.56,dwell,264.06,548.57,344.90,0,178.905,8.536,179.868,-18.20,20.50,147.57,-18.06,-7.85,173.89,53.251,54.135,-31.6998,-0.9368,264.06,548.57,-25.2283,-1.6460,,,0.20604,0
129.4802,44,27,3,0,22.33,302.56,dwell,158.17,357.54,146.54,0,178.977,8.413,179.845,-18.15,20.49,147.69,-17.95,-7.96,174.28,53.373,54.137,-23.1582,-5.7388,158.17,357.54,-24.2968,-3.4877,,,0.20726,0
129.5740,44,27,3,0,22.33,302.56,dwell,211.82,364.68,199.41,0,178.919,8.332,179.831,-18.20,20.36,147.79,-17.55,-8.00,174.19,53.501,53.918,-23.5118,-3.4103,211.82,364.68,-23.9435,-3.4529,,,0.20310,0
129.6902,44,27,3,0,22.33,302.56,dwell,206.48,400.81,208.72,0,179.059,8.165,179.829,-18.28,20.55,147.83,-17.58,-8.12,174.10,53.312,54.336,-26.0347,-3.5203,206.48,400.81,-24.8846,-3.4832,,,0.18676,0
129.7922,44,27,3,0,22.33,302.56,dwell,233.56,379.58,224.83,0,179.018,8.245,179.843,-18.14,20.53,148.12,-17.78,-8.44,174.90,53.463,54.126,-23.4936,-2.1651,233.56,379.58,-24.2587,-2.8901,,,0.21269,0
129.8821,44,27,3,0,22.33,302.56,dwell,146.92,368.80,141.10,0,179.156,8.190,179.837,-18.33,20.62,148.06,-18.67,-7.47,174.19,54.172,54.118,-23.3364,-5.7578,146.92,368.80,-23.8436,-4.1805,,,0.19403,0
129.9656,44,27,3,0,22.33,302.56,dwell,167.17,368.64,159.20,0,179.125,8.177,179.826,-18.31,20.66,148.27,-18.08,-7.66,174.97,53.832,54.040,-24.4432,-4.9050,167.17,368.64,-24.1135,-4.5065,,,0.22037,0
130.0506,44,27,3,0,22.33,302.56,dwell,120.46,347.48,107.92,0,179.230,8.247,179.804,-18.32,20.67,148.21,-17.77,-7.97,175.12,53.743,53.839,-23.6774,-7.2318,120.46,347.48,-23.9172,-5.7329,,,0.21742,0
130.1460,44,27,3,0,22.33,302.56,dwell,62.03,390.07,96.10,0,179.176,8.137,179.832,-18.21,20.55,148.26,-18.07,-7.89,174.69,53.697,54.527,-25.0195,-10.2492,62.03,390.07,-24.4133,-7.7652,,,0.18826,0
130.2569,44,27,3,0,22.33,302.56,capture,98.50,334.21,82.48,0,179.124,8.165,179.858,-18.40,20.66,148.43,-17.63,-6.50,175.19,53.900,54.781,-22.8290,-8.7164,98.50,334.21,-23.7004,-8.1933,,,0.22238,0
130.3599,44,27,3,0,22.33,302.56,capture,93.23,317.19,72.39,0,179.160,8.246,179.856,-18.32,20.92,148.23,-17.63,-8.20,174.99,53.828,54.636,-21.3336,-8.2453,93.23,317.19,-22.6353,-8.2167,,,0.21553,0
130.4558,44,27,3,0,22.33,302.56,capture,82.19,348.78,75.63,0,179.089,8.272,179.861,-18.37,21.01,148.09,-18.17,-7.24,174.54,54.116,54.466,-23.6933,-8.7883,82.19,348.78,-23.1114,-8.4739,,,0.25240,0
130.5726,44,27,3,0,22.33,302.56,capture,90.49,338.26,76.94,0,179.068,8.188,179.865,-18.46,21.00,148.39,-17.83,-7.46,175.01,54.245,54.140,-23.0140,-8.5782,90.49,338.26,-23.0676,-8.5208,,,0.22312,0
130.6547,44,27,3,0,22.33,302.56,capture,111.03,352.99,102.03,0,178.964,8.103,179.875,-18.60,20.73,148.23,-18.31,-7.57,175.07,53.869,53.774,-22.8330,-8.2616,111.03,352.99,-22.9620,-8.4042,,,0.22780,0
130.7439,44,27,3,0,22.33,302.56,capture,83.91,333.54,68.93,0,179.068,8.193,179.882,-18.54,20.71,147.88,-17.47,-7.82,174.49,54.195,53.738,-23.5686,-8.3773,83.91,333.54,-23.2350,-8.3921,,,0.25636,0
130.8463,44,27,3,0,22.33,302.56,capture,90.33,299.99,68.05,0,179.079,8.205,179.878,-18.45,20.58,147.54,-17.73,-8.82,173.65,54.266,53.329,-22.1405,-8.0377,90.33,299.99,-22.7425,-8.2326,,,0.21791,0
130.9429,44,27,3,0,22.33,302.56,capture,80.63,320.72,61.06,0,179.058,8.082,179.865,-18.43,20.70,147.46,-17.59,-8.08,173.61,54.050,53.512,-21.3572,-9.6843,80.63,320.72,-22.1191,-8.8858,,,0.23310,0
131.0398,44,27,3,0,22.33,302.56,capture,74.22,327.94,57.76,0,179.032,8.147,179.856,-18.40,20.64,147.67,-17.40,-8.61,173.85,54.131,53.588,-22.7643,-9.2483,74.22,327.94,-22.4094,-9.0489,,,0.19916,0
131.1427,44,27,3,0,22.33,302.56,capture,73.33,332.74,59.26,0,179.261,8.120,179.850,-18.27,20.53,148.02,-17.45,-8.77,174.69,54.132,53.728,-22.2462,-9.9494,73.33,332.74,-22.3360,-9.4541,,,0.21646,0
131.2247,44,27,3,0,22.33,302.56,capture,94.03,322.61,74.45,0,179.250,8.165,179.905,-18.40,20.69,147.95,-17.78,-7.22,174.56,54.488,53.588,-23.0522,-8.1121,94.03,322.61,-22.6583,-8.8502,,,0.24155,0
131.3218,44,27,3,0,22.33,302.56,capture,71.19,347.08,66.10,0,179.072,8.124,179.881,-18.41,20.69,148.20,-17.56,-7.28,174.52,54.375,53.888,-23.5494,-9.5191,71.19,347.08,-23.0593,-9.1512,,,0.21829,0
131.4286,44,27,3,0,22.33,302.56,capture,84.95,345.42,75.88,0,178.976,8.062,179.883,-18.48,20.82,148.07,-17.89,-7.06,174.83,54.591,54.173,-24.2577,-8.6713,84.95,345.42,-23.5986,-8.9352,,,0.23863,0
131.5216,44,27,3,0,22.33,302.56,capture,90.11,348.91,82.11,0,178.852,8.043,179.846,-18.51,21.05,148.32,-18.27,-7.06,174.37,54.600,54.222,-23.2856,-8.2630,90.11,348.91,-23.4577,-8.6328,,,0.23560,0
131.6069,44,27,3,0,22.33,302.56,capture,93.22,330.00,76.01,0,178.917,8.000,179.813,-18.44,20.95,147.98,-17.71,-8.01,173.93,54.642,54.214,-22.8517,-7.7625,93.22,330.00,-23.1850,-8.2411,,,0.26065,0
131.7211,44,27,3,0,22.33,302.56,capture,102.66,325.41,83.51,0,178.955,7.913,179.772,-18.44,20.84,147.78,-18.00,-7.78,173.90,54.395,54.217,-21.6593,-8.3254,102.66,325.41,-22.4984,-8.2791,,,0.20623,0
131.8113,44,27,3,0,22.33,302.56,capture,81.74,359.24,82.11,0,178.942,7.946,179.763,-18.41,21.04,147.60,-18.07,-7.45,173.60,54.545,54.220,-23.5089,-8.8904,81.74,359.24,-22.9532,-8.5542,,,0.23475,0
131.8933,44,27,3,0,22.33,302.56,capture,72.78,319.81,53.32,0,178.877,7.932,179.742,-18.40,21.20,147.75,-18.20,-7.23,173.79,54.674,54.164,-22.1469,-9.7313,72.78,319.81,-22.5904,-9.0839,,,0.22739,0
131.9908,44,27,3,0,22.33,302.56,capture,62.79,300.85,40.49,0,179.019,7.923,179.779,-18.38,21.15,147.64,-17.81,-6.83,173.51,54.684,54.261,-22.0414,-9.5772,62.79,300.85,-22.3433,-9.3059,,,0.23431,0
132.0837,44,27,3,0,22.33,302.56,capture,85.67,323.52,66.72,0,179.083,7.969,179.761,-18.51,21.14,147.81,-17.68,-7.47,174.43,54.569,54.303,-23.1944,-9.0048,85.67,323.52,-22.7263,-9.1704,,,0.22558,0
132.2804,45,66,7,3,156.33,648.33,dwell,80.28,253.90,401.70,0,179.124,8.067,179.794,-18.46,21.14,147.65,-17.71,-7.04,173.97,54.624,54.201,-20.0274,-9.6094,80.28,253.90,-20.0274,-9.6094,,,0.23815,0
132.3690,45,66,7,3,156.33,648.33,dwell,138.32,311.14,337.67,0,179.201,8.130,179.752,-18.58,21.15,147.79,-17.54,-7.33,174.46,54.188,54.144,-21.2540,-6.7771,138.32,311.14,-20.5794,-8.3349,,,0.21013,0
132.4742,45,66,7,3,156.33,648.33,dwell,39.63,487.34,198.84,0,179.131,8.234,179.777,-18.67,21.18,147.72,-18.36,-7.14,173.79,53.859,54.330,-28.5922,-11.0239,39.63,487.34,-24.1851,-9.5449,,,0.21431,0
132.5713,45,66,7,3,156.33,648.33,dwell,129.73,514.21,136.74,0,178.986,8.507,179.803,-18.65,21.18,147.63,-18.69,-7.17,174.21,54.043,54.438,-29.0754,-6.3363,129.73,514.21,-26.3858,-8.1010,,,0.22628,0
132.6775,45,66,7,3,156.33,648.33,dwell,49.09,469.12,208.85,0,179.016,8.627,179.769,-18.58,21.16,147.56,-17.57,-7.88,173.71,53.878,54.354,-28.4596,-10.4295,49.09,469.12,-27.3190,-9.1489,,,0.21442,0
132.7924,45,66,7,3,156.33,648.33,dwell,80.61,553.23,121.57,0,179.102,8.579,179.763,-18.57,21.25,147.24,-18.26,-6.82,173.31,53.967,54.315,-30.7940,-10.0334,80.61,553.23,-28.8828,-9.5469,,,0.22353,0
132.8764,45,66,7,3,156.33,648.33,dwell,52.51,534.79,153.86,0,179.105,8.544,179.780,-18.51,21.06,147.26,-18.04,-7.65,173.38,54.062,54.127,-30.2970,-10.4283,52.51,534.79,-29.5192,-9.9435,,,0.22632,0
132.9796,45,66,7,3,156.33,648.33,dwell,70.98,578.07,110.55,0,179.088,8.552,179.747,-18.32,20.93,147.58,-17.76,-7.94,173.63,54.299,54.525,-32.7818,-9.8612,70.98,578.07,-30.9874,-9.9065,,,0.21137,0
133.0933,45,66,7,3,156.33,648.33,dwell,63.61,624.60,95.71,0,179.126,8.616,179.799,-18.39,20.97,147.47,-18.27,-7.84,173.51,54.172,54.247,-34.8025,-9.5514,63.61,624.60,-32.7042,-9.7467,,,0.22665,0
133.2120,45,66,7,3,156.33,648.33,dwell,82.90,596.73,89.75,0,179.190,8.623,179.800,-18.31,21.07,147.68,-17.59,-8.23,174.07,53.898,54.170,-32.4162,-8.1587,82.90,596.73,-32.5746,-9.0321,,,0.21414,0
133.3268,45,66,7,3,156.33,648.33,capture,44.97,660.20,111.99,0,179.327,8.563,179.796,-18.44,20.99,147.83,-18.08,-7.32,174.11,53.696,54.229,-35.7998,-10.8473,44.97,660.20,-34.0259,-9.8490,,,0.23192,0
133.4148,45,66,7,3,156.33,648.33,capture,51.07,666.44,106.81,0,179.251,8.575,179.780,-18.42,21.07,147.87,-18.49,-7.17,174.32,53.829,53.902,-36.1954,-10.3874,51.07,666.44,-35.0022,-10.0912,,,0.21623,0
133.5136,45,66,7,3,156.33,648.33,capture,76.51,628.87,82.16,0,179.287,8.651,179.791,-18.36,21.16,147.97,-18.13,-7.05,175.20,53.947,53.725,-33.7863,-9.5245,76.51,628.87,-34.4550,-9.8362,,,0.22842,0
133.6028,45,66,7,3,156.33,648.33,capture,77.78,633.07,80.02,0,179.122,8.598,179.788,-18.36,21.15,147.96,-18.41,-7.60,174.40,53.989,53.653,-34.4926,-8.6982,77.78,633.07,-34.4719,-9.3241,,,0.22689,0
133.7017,45,66,7,3,156.33,648.33,capture,86.01,609.30,80.43,0,179.034,8.550,179.817,-18.16,20.97,148.04,-17.61,-6.76,174.25,53.603,54.069,-34.4414,-9.0086,86.01,609.30,-34.4582,-9.1822,,,0.20367,0
133.8085,45,66,7,3,156.33,648.33,capture,91.24,636.88,66.09,0,178.989,8.453,179.791,-18.13,20.84,147.90,-17.67,-8.10,174.31,53.558,54.296,-35.2085,-9.5301,91.24,636.88,-34.7958,-9.3387,,,0.22127,0
133.9122,45,66,7,3,156.33,648.33,capture,77.93,645.80,78.44,0,179.100,8.521,179.816,-18.31,20.97,147.98,-17.97,-6.99,174.02,53.567,54.249,-34.9041,-9.2425,77.93,645.80,-34.8445,-9.2954,,,0.20332,0
133.9991,45,66,7,3,156.33,648.33,capture,93.97,650.64,62.41,0,179.196,8.489,179.832,-18.24,21.01,148.09,-18.64,-7.92,175.34,53.685,54.317,-34.6849,-9.1569,93.97,650.64,-34.7727,-9.2331,,,0.21981,0
134.0881,45,66,7,3,156.33,648.33,capture,71.51,629.01,87.00,0,179.112,8.461,179.856,-18.19,20.78,148.05,-17.81,-7.71,174.70,53.917,54.097,-34.8991,-9.2852,71.51,629.01,-34.8296,-9.2565,,,0.22070,0
134.1884,45,66,7,3,156.33,648.33,capture,53.50,653.82,102.98,0,179.087,8.606,179.869,-18.26,20.56,147.87,-17.60,-7.50,173.89,54.101,54.379,-34.8340,-11.0970,53.50,653.82,-34.8316,-10.0847,,,0.23657,0
134.2769,45,66,7,3,156.33,648.33,capture,65.98,641.29,90.63,0,179.233,8.664,179.845,-18.22,20.78,147.62,-17.83,-7.76,174.16,53.991,53.956,-35.6261,-10.0423,65.98,641.29,-35.1891,-10.0656,,,0.24797,0
134.3718,45,66,7,3,156.33,648.33,capture,91.59,633.61,66.40,0,179.281,8.764,179.823,-18.23,20.86,147.46,-18.08,-7.93,173.73,53.927,53.821,-33.8602,-8.3883,91.59,633.61,-34.5911,-9.3109,,,0.21671,0
134.4538,45,66,7,3,156.33,648.33,capture,84.38,648.12,71.95,0,179.088,8.814,179.820,-18.20,20.84,147.41,-18.23,-7.41,174.06,54.063,54.341,-36.0409,-8.7653,84.38,648.12,-35.2435,-9.0653,,,0.21541,0
134.5523,45,66,7,3,156.33,648.33,capture,89.10,672.69,71.51,0,178.958,8.710,179.829,-18.20,20.92,147.40,-17.39,-7.84,173.49,53.912,54.482,-34.8301,-8.4816,89.10,672.69,-35.0575,-8.8027,,,0.24433,0
134.6553,45,66,7,3,156.33,648.33,capture,88.95,645.15,67.46,0,178.956,8.644,179.840,-18.22,20.83,147.28,-17.72,-8.12,172.94,53.834,54.543,-34.4920,-8.9775,88.95,645.15,-34.8030,-8.8813,,,0.20988,0
134.7561,45,66,7,3,156.33,648.33,capture,66.11,650.81,90.26,0,178.883,8.775,179.874,-18.24,20.74,147.18,-18.28,-7.92,173.52,53.888,54.639,-34.8418,-9.5851,66.11,650.81,-34.8204,-9.1980,,,0.22823,0
134.8635,45,66,7,3,156.33,648.33,capture,63.26,615.83,98.59,0,178.840,8.810,179.863,-18.33,20.78,147.19,-17.59,-7.72,173.34,53.436,54.711,-33.3878,-10.4064,63.26,615.83,-34.1757,-9.7418,,,0.19578,0
134.9591,45,66,7,3,156.33,648.33,capture,65.02,636.02,92.14,0,178.834,8.788,179.843,-18.40,20.72,147.25,-18.15,-7.59,173.55,53.690,54.307,-35.0965,-10.1529,65.02,636.02,-34.5901,-9.9268,,,0.19339,0
135.0538,45,66,7,3,156.33,648.33,capture,63.33,634.39,94.04,0,178.837,8.702,179.821,-18.55,20.56,147.05,-17.87,-7.72,172.93,53.307,54.221,-34.5212,-10.5032,63.33,634.39,-34.5591,-10.1862,,,0.18874,0
135.2713,46,75,8,3,156.33,734.78,dwell,-20.69,653.15,194.94,0,178.954,8.750,179.830,-18.50,20.64,146.99,-18.05,-7.63,173.27,53.058,53.847,-35.8327,-13.6239,-20.69,653.15,-35.8327,-13.6239,,,0.18215,0
135.3857,46,75,8,3,156.33,734.78,dwell,-31.46,801.32,199.23,0,178.983,8.797,179.827,-18.46,20.94,147.11,-17.31,-7.79,173.10,53.003,54.069,-40.6224,-14.1311,-31.46,801.32,-37.9881,-13.8521,,,0.18223,0
135.5084,46,75,8,3,156.33,734.78,dwell,208.06,590.25,153.51,0,178.953,8.757,179.800,-18.46,20.91,147.24,-17.86,-7.73,173.65,53.037,53.829,-32.1740,-3.2664,208.06,590.25,-35.3718,-9.0885,,,0.17867,0
135.6061,46,75,8,3,156.33,734.78,dwell,89.09,761.16,72.23,0,178.893,8.706,179.777,-18.50,20.83,147.39,-17.75,-8.64,173.78,52.936,53.868,-39.1046,-8.5819,89.09,761.16,-37.0515,-8.8606,,,0.20417,0
135.6995,46,75,8,3,156.33,734.78,dwell,29.06,749.35,128.10,0,178.914,8.731,179.794,-18.52,20.81,147.53,-18.13,-7.96,173.89,52.807,53.699,-39.4147,-11.9026,29.06,749.35,-38.1150,-10.2295,,,0.18347,0
135.8032,46,75,8,3,156.33,734.78,dwell,77.78,675.48,98.42,0,178.907,8.753,179.804,-18.58,20.61,147.66,-18.45,-7.68,174.24,52.947,54.012,-36.8577,-9.0467,77.78,675.48,-37.5492,-9.6972,,,0.18780,0
135.9065,46,75,8,3,156.33,734.78,dwell,38.84,690.37,125.61,0,178.851,8.727,179.782,-18.57,20.44,147.59,-17.76,-8.05,173.98,53.146,54.003,-36.6288,-10.5796,38.84,690.37,-37.1350,-10.0943,,,0.18721,0
136.0182,46,75,8,3,156.33,734.78,dwell,42.70,747.85,114.38,0,178.899,8.661,179.777,-18.57,20.43,147.51,-17.50,-8.19,173.90,53.135,53.929,-38.6531,-11.2184,42.70,747.85,-37.8181,-10.6002,,,0.18463,0
136.1002,46,75,8,3,156.33,734.78,dwell,91.93,748.78,65.91,0,178.912,8.609,179.770,-18.59,20.34,147.30,-18.13,-8.65,173.79,52.967,53.635,-38.6394,-8.6749,91.93,748.78,-38.1877,-9.7338,,,0.19195,0
136.2195,46,75,8,3,156.33,734.78,dwell,94.63,738.71,61.83,0,178.824,8.610,179.769,-18.60,20.52,147.18,-17.65,-8.15,173.35,53.215,53.568,-38.3202,-8.5856,94.63,738.71,-38.2473,-9.2171,,,0.17903,0
136.3204,46,75,8,3,156.33,734.78,capture,57.33,761.62,102.58,0,178.806,8.457,179.726,-18.60,20.62,147.12,-18.17,-8.61,172.98,53.481,53.934,-38.8072,-9.9354,57.33,761.62,-38.4992,-9.5403,,,0.21478,0
136.4212,46,75,8,3,156.33,734.78,capture,70.20,787.80,101.14,0,178.856,8.708,179.762,-18.63,20.70,147.31,-18.98,-7.84,173.24,53.587,54.282,-42.0113,-9.2955,70.20,787.80,-40.0797,-9.4301,,,0.18775,0
136.5091,46,75,8,3,156.33,734.78,capture,89.01,752.68,69.66,0,178.928,8.609,179.792,-18.54,20.80,147.37,-17.92,-8.39,173.41,53.476,54.424,-39.4042,-8.6841,89.01,752.68,-39.7757,-9.0944,,,0.23018,0
136.5994,46,75,8,3,156.33,734.78,capture,86.48,781.16,83.85,0,178.877,8.509,179.788,-18.66,20.73,147.39,-18.89,-8.24,173.56,53.685,54.378,-40.3099,-8.7762,86.48,781.16,-40.0161,-8.9512,,,0.20912,0
136.6843,46,75,8,3,156.33,734.78,capture,91.45,782.12,80.32,0,178.857,8.625,179.792,-18.47,20.69,147.32,-18.34,-8.27,174.13,53.864,54.813,-40.5865,-9.1140,91.45,782.12,-40.2727,-9.0245,,,0.21017,0
136.7897,46,75,8,3,156.33,734.78,capture,70.72,760.80,89.48,0,178.937,8.549,179.776,-18.41,20.62,147.38,-18.24,-8.33,173.98,53.862,54.695,-38.9706,-9.8622,70.72,760.80,-39.6868,-9.4014,,,0.23060,0
136.8874,46,75,8,3,156.33,734.78,capture,73.19,729.86,83.29,0,178.907,8.430,179.798,-18.44,20.36,147.28,-18.02,-7.73,173.25,53.608,54.700,-37.9934,-8.8157,73.19,729.86,-38.9248,-9.1378,,,0.20574,0
136.9898,46,75,8,3,156.33,734.78,capture,64.76,749.31,92.72,0,178.972,8.428,179.770,-18.40,20.26,147.51,-17.90,-7.73,174.05,54.079,54.668,-38.6141,-9.7330,64.76,749.31,-38.7850,-9.4057,,,0.20919,0
137.0927,46,75,8,3,156.33,734.78,capture,57.95,766.84,103.48,0,178.930,8.430,179.758,-18.48,20.39,147.33,-18.16,-8.86,173.81,53.822,54.511,-39.2231,-10.6449,57.95,766.84,-38.9821,-9.9633,,,0.21395,0
137.2069,46,75,8,3,156.33,734.78,capture,48.54,775.60,115.26,0,178.960,8.563,179.800,-18.42,20.61,147.45,-17.60,-8.03,173.65,54.289,54.372,-39.7256,-10.4185,48.54,775.60,-39.3167,-10.1681,,,0.22409,0
137.2924,46,75,8,3,156.33,734.78,capture,65.05,734.92,91.28,0,178.973,8.494,179.843,-18.29,20.78,147.70,-17.81,-7.37,174.60,54.560,54.208,-38.9069,-9.9961,65.05,734.92,-39.1323,-10.0907,,,0.23980,0
137.3799,46,75,8,3,156.33,734.78,capture,66.48,733.72,89.86,0,178.979,8.553,179.838,-18.40,20.61,147.39,-18.35,-8.62,173.58,54.219,54.207,-38.6157,-10.2193,66.48,733.72,-38.8998,-10.1485,,,0.24558,0
137.4979,46,75,8,3,156.33,734.78,capture,58.33,737.54,98.04,0,178.891,8.591,179.831,-18.42,20.52,147.29,-17.90,-7.72,173.94,54.170,54.293,-38.8761,-9.9691,58.33,737.54,-38.8891,-10.0678,,,0.22831,0
137.5971,46,75,8,3,156.33,734.78,capture,82.64,759.38,77.69,0,178.978,8.580,179.816,-18.44,20.47,147.63,-17.75,-8.55,173.55,53.910,54.324,-38.9022,-9.1094,82.64,759.38,-38.8950,-9.6365,,,0.23079,0
137.6912,46,75,8,3,156.33,734.78,capture,57.55,758.82,101.67,0,179.009,8.607,179.823,-18.29,20.41,147.57,-17.85,-7.11,173.96,53.893,54.103,-38.5130,-9.9068,57.55,758.82,-38.7231,-9.7582,,,0.19704,0
137.7893,46,75,8,3,156.33,734.78,capture,70.11,733.03,86.24,0,179.009,8.667,179.828,-18.28,20.52,147.54,-17.79,-7.33,173.73,53.710,53.878,-38.0303,-10.3703,70.11,733.03,-38.4113,-10.0336,,,0.20278,0
137.8713,46,75,8,3,156.33,734.78,capture,77.34,768.52,85.90,0,179.106,8.675,179.821,-18.34,20.35,147.54,-18.08,-7.80,173.84,53.646,53.793,-39.9758,-9.3439,77.34,768.52,-39.1153,-9.7232,,,0.19303,0
137.9639,46,75,8,3,156.33,734.78,capture,71.22,746.69,85.94,0,179.034,8.720,179.809,-18.21,20.52,147.59,-18.27,-7.79,173.95,53.993,53.870,-38.8954,-9.2985,71.22,746.69,-39.0163,-9.5321,,,0.22824,0
138.0545,46,75,8,3,156.33,734.78,capture,70.97,764.99,90.55,0,179.053,8.467,179.820,-18.06,20.48,147.90,-19.00,-7.85,174.21,53.843,53.730,-39.9372,-9.6630,70.97,764.99,-39.4307,-9.5910,,,0.21322,0
138.1579,46,75,8,3,156.33,734.78,capture,71.51,726.00,85.28,0,179.177,8.532,179.844,-18.01,20.42,147.77,-18.06,-7.63,174.11,53.991,53.874,-39.1501,-9.9746,71.51,726.00,-39.3045,-9.7636,,,0.20695,0
138.3548,47,17,1,8,379.67,129.67,dwell,135.57,573.93,506.91,0,179.003,8.566,179.810,-17.96,20.56,147.74,-17.73,-7.73,173.99,54.136,53.538,-31.4084,-6.7664,135.57,573.93,-31.4084,-6.7664,,,0.22849,0
138.4679,47,17,1,8,379.67,129.67,dwell,193.40,447.91,368.75,0,179.087,8.443,179.831,-17.81,20.40,147.90,-17.38,-8.02,174.24,53.974,53.863,-28.1893,-3.5227,193.40,447.91,-29.9598,-5.3067,,,0.22689,0
138.5760,47,17,1,8,379.67,129.67,dwell,80.94,478.80,459.49,0,179.016,8.328,179.846,-17.92,20.52,147.80,-17.93,-7.64,174.32,53.640,53.963,-29.4994,-9.1586,80.94,478.80,-29.7526,-7.0401,,,0.20497,0
138.6583,47,17,1,8,379.67,129.67,dwell,226.65,338.18,258.63,0,179.081,8.234,179.871,-17.97,20.62,147.83,-17.53,-7.30,174.26,53.934,53.866,-22.5560,-1.8526,226.65,338.18,-26.5141,-4.7057,,,0.22958,0
138.7671,47,17,1,8,379.67,129.67,dwell,220.74,240.13,193.55,0,179.148,8.194,179.861,-18.01,20.71,148.02,-18.02,-8.34,174.35,54.414,54.224,-19.3861,-2.2995,220.74,240.13,-23.3065,-3.6229,,,0.23629,0
138.8583,47,17,1,8,379.67,129.67,dwell,262.82,211.93,142.90,0,179.105,8.072,179.858,-18.12,20.74,147.86,-17.16,-7.76,174.25,54.347,54.364,-17.4597,-0.9969,262.82,211.93,-20.6755,-2.4412,,,0.22966,0
138.9403,47,17,1,8,379.67,129.67,dwell,242.16,211.93,160.24,0,179.029,8.074,179.822,-18.26,20.69,147.67,-17.38,-8.12,173.82,54.561,53.783,-17.6731,-2.0809,242.16,211.93,-19.3244,-2.2791,,,0.21984,0
139.0416,47,17,1,8,379.67,129.67,dwell,237.49,86.97,148.45,0,179.095,8.021,179.805,-18.37,20.44,147.93,-17.89,-7.42,174.64,54.644,53.814,-12.7631,-2.0378,237.49,86.97,-16.3718,-2.1705,,,0.22537,0
139.1572,47,17,1,8,379.67,129.67,dwell,288.14,45.77,124.16,0,179.033,7.846,179.849,-18.45,20.42,147.69,-17.83,-7.99,174.51,54.537,53.856,-11.5224,0.5271,288.14,45.77,-14.1896,-0.9566,,,0.20598,0
139.2546,47,17,1,8,379.67,129.67,capture,259.07,-2.35,178.81,0,179.029,7.842,179.852,-18.47,20.63,147.51,-18.18,-7.57,173.71,54.401,53.902,-9.6175,-0.6321,259.07,-2.35,-12.1321,-0.8106,,,0.23014,0
139.3553,47,17,1,8,379.67,129.67,capture,283.78,-29.65,185.95,0,178.971,7.671,179.887,-18.69,20.82,147.55,-18.19,-6.62,173.71,53.851,53.650,-9.1010,0.2478,283.78,-29.65,-10.7681,-0.3343,,,0.21873,0
139.4373,47,17,1,8,379.67,129.67,capture,275.48,15.44,154.60,0,179.023,7.508,179.875,-18.72,20.70,147.64,-18.14,-7.66,174.01,53.737,53.951,-9.8973,0.0469,275.48,15.44,-10.3762,-0.1628,,,0.24112,0
139.5484,47,17,1,8,379.67,129.67,capture,285.59,21.61,143.27,0,179.029,7.502,179.861,-18.76,20.86,147.62,-18.58,-7.80,174.47,53.581,53.867,-11.4200,0.5757,285.59,21.61,-10.8459,0.1696,,,0.19172,0
139.6304,47,17,1,8,379.67,129.67,capture,289.19,-10.39,166.74,0,179.085,7.465,179.858,-18.68,20.87,147.34,-17.81,-7.90,173.95,53.812,53.648,-9.2855,0.2779,289.19,-10.39,-10.1437,0.2183,,,0.20390,0
139.7242,47,17,1,8,379.67,129.67,capture,297.04,-11.79,163.82,0,179.116,7.514,179.882,-18.73,20.83,147.47,-18.72,-7.50,173.97,53.850,53.607,-9.3740,0.6423,297.04,-11.79,-9.7973,0.4091,,,0.22243,0
139.8153,47,17,1,8,379.67,129.67,capture,306.60,29.00,124.39,0,178.982,7.495,179.843,-18.57,20.79,147.32,-18.38,-6.97,173.75,53.561,53.624,-11.2707,1.1435,306.60,29.00,-10.4604,0.7396,,,0.22662,0
139.9395,47,17,1,8,379.67,129.67,capture,299.17,2.17,150.78,0,178.892,7.663,179.847,-18.43,20.73,147.27,-18.47,-8.45,173.38,53.427,53.961,-9.4153,0.4011,299.17,2.17,-9.9901,0.5873,,,0.19718,0
140.0509,47,17,1,8,379.67,129.67,capture,300.74,5.60,147.04,0,178.787,7.743,179.835,-18.39,20.72,147.27,-18.19,-7.46,173.50,53.549,54.045,-10.8197,1.4393,300.74,5.60,-10.3634,0.9707,,,0.22366,0
140.1754,47,17,1,8,379.67,129.67,capture,295.93,-3.72,157.49,0,178.881,7.779,179.861,-18.39,20.43,147.27,-17.71,-7.98,173.57,53.549,54.399,-9.7818,0.4780,295.93,-3.72,-10.1017,0.7490,,,0.23237,0
140.2725,47,17,1,8,379.67,129.67,capture,297.03,7.70,147.33,0,178.774,7.833,179.875,-18.36,20.15,147.32,-18.36,-8.19,173.50,53.776,54.241,-9.9503,0.7415,297.03,7.70,-10.0336,0.7456,,,0.21271,0
140.3639,47,17,1,8,379.67,129.67,capture,299.94,12.31,141.88,0,178.847,7.930,179.910,-18.30,20.19,147.48,-17.86,-7.54,173.62,53.707,54.437,-9.6854,1.2331,299.94,12.31,-9.8769,0.9650,,,0.21324,0
140.4620,47,17,1,8,379.67,129.67,capture,299.91,20.46,135.23,0,178.819,8.024,179.902,-18.34,20.29,147.54,-18.31,-8.42,174.21,54.029,54.669,-10.4946,1.2459,299.91,20.46,-10.1549,1.0914,,,0.21004,0
140.5592,47,17,1,8,379.67,129.67,capture,282.15,18.83,147.63,0,178.876,7.996,179.910,-18.34,20.45,147.47,-18.35,-8.50,173.96,53.994,54.811,-10.8341,-0.2321,282.15,18.83,-10.4605,0.4958,,,0.21229,0
140.6854,47,17,1,8,379.67,129.67,capture,282.29,6.80,156.78,0,178.968,7.983,179.870,-18.29,20.37,147.57,-17.77,-8.46,173.91,53.964,54.254,-9.4905,0.4801,282.29,6.80,-10.0240,0.4887,,,0.23324,0
140.7887,47,17,1,8,379.67,129.67,capture,281.85,-2.48,164.41,0,178.982,7.931,179.862,-18.20,20.37,147.66,-18.36,-8.05,174.29,53.501,54.295,-9.2692,-0.1382,281.85,-2.48,-9.6843,0.2066,,,0.22046,0
140.8932,47,17,1,8,379.67,129.67,capture,263.82,7.10,168.65,0,178.919,7.734,179.874,-18.23,20.55,147.87,-17.69,-7.87,174.68,53.594,54.282,-10.4456,-0.9456,263.82,7.10,-10.0269,-0.3119,,,0.22115,0
140.9789,47,17,1,8,379.67,129.67,capture,257.63,0.93,177.39,0,178.836,7.788,179.865,-18.18,20.56,148.14,-17.73,-7.79,174.47,53.608,54.172,-8.9547,-0.7118,257.63,0.93,-9.5444,-0.4918,,,0.21958,0
141.0834,47,17,1,8,379.67,129.67,capture,297.38,-9.65,161.80,0,178.875,7.905,179.847,-18.14,20.70,147.97,-17.72,-8.06,174.74,53.914,53.787,-9.0156,0.9958,297.38,-9.65,-9.3064,0.1776,,,0.21521,0
141.1847,47,17,1,8,379.67,129.67,capture,277.00,13.27,155.21,0,178.863,8.123,179.866,-18.13,20.77,148.18,-17.54,-8.09,174.41,53.847,53.692,-10.6533,0.5775,277.00,13.27,-9.9125,0.3575,,,0.21453,0
141.3836,48,3,0,3,156.33,43.22,dwell,208.07,-41.54,99.30,0,178.844,7.994,179.855,-18.20,20.73,148.16,-17.40,-7.19,175.06,54.005,53.426,-8.7952,-3.4368,208.07,-41.54,-8.7952,-3.4368,,,0.21630,0
141.4680,48,3,0,3,156.33,43.22,dwell,354.80,-41.84,215.93,0,178.768,7.974,179.840,-18.27,20.63,148.16,-17.68,-7.43,174.80,53.877,53.399,-8.2339,3.7394,354.80,-41.84,-8.5426,-0.2075,,,0.20667,0
141.5587,48,3,0,3,156.33,43.22,dwell,240.35,-40.16,118.37,0,178.768,7.778,179.862,-18.16,20.65,148.07,-17.39,-7.93,174.21,53.892,53.040,-8.4265,-1.8523,240.35,-40.16,-8.4904,-0.9477,,,0.21545,0
141.6614,48,3,0,3,156.33,43.22,dwell,308.44,29.85,152.69,0,178.823,7.637,179.871,-18.27,20.75,148.05,-18.07,-7.98,174.06,54.017,52.963,-10.6806,1.6833,308.44,29.85,-9.4760,0.2362,,,0.23137,0
141.7643,48,3,0,3,156.33,43.22,dwell,154.27,-39.44,82.69,0,178.878,7.615,179.878,-18.37,20.74,147.86,-17.42,-7.53,174.20,53.926,54.061,-9.9036,-6.1817,154.27,-39.44,-9.6684,-2.6518,,,0.25163,0
141.8463,48,3,0,3,156.33,43.22,dwell,160.27,47.72,5.98,1,178.875,7.486,179.854,-18.50,20.59,147.96,-17.77,-7.10,173.88,53.798,53.888,-12.3194,-5.6796,160.27,47.72,-10.8614,-4.0143,,,0.21461,0
141.9421,48,3,0,3,156.33,43.22,dwell,171.87,-3.98,49.69,0,178.939,7.441,179.866,-18.46,20.63,147.85,-17.54,-8.66,174.48,54.215,53.670,-9.6641,-4.2558,171.87,-3.98,-10.3226,-4.1230,,,0.22453,0
142.0347,48,3,0,3,156.33,43.22,dwell,74.81,-32.92,111.55,0,178.900,7.325,179.860,-18.58,20.58,147.70,-18.40,-8.11,174.23,54.231,54.112,-10.2599,-9.1216,74.81,-32.92,-10.2944,-6.3724,,,0.22280,0
142.1204,48,3,0,3,156.33,43.22,dwell,73.57,-38.15,116.07,0,178.946,7.306,179.852,-18.41,20.52,147.87,-18.18,-9.05,174.44,53.966,53.885,-8.0258,-9.9942,73.57,-38.15,-9.2735,-8.0022,,,0.21948,0
142.2215,48,3,0,3,156.33,43.22,dwell,108.52,-38.83,94.97,0,178.916,7.258,179.870,-18.40,20.51,147.87,-17.95,-8.19,174.18,53.531,54.035,-7.8938,-7.4232,108.52,-38.83,-8.6527,-7.7416,,,0.22714,0
142.3196,48,3,0,3,156.33,43.22,capture,142.19,2.95,42.68,1,179.152,7.343,179.878,-18.32,20.63,147.66,-17.50,-6.93,173.58,53.984,53.904,-9.4167,-5.8876,142.19,2.95,-8.9965,-6.9073,,,0.23804,0
142.4248,48,3,0,3,156.33,43.22,capture,139.81,-10.39,56.10,0,179.082,7.374,179.874,-18.19,20.55,147.50,-17.49,-8.26,173.20,54.129,53.992,-8.8842,-6.4738,139.81,-10.39,-8.9459,-6.7122,,,0.20728,0
142.5073,48,3,0,3,156.33,43.22,capture,148.34,-20.08,63.80,0,179.022,7.401,179.855,-18.24,20.69,147.28,-18.48,-8.32,173.42,54.042,54.155,-8.6842,-7.0518,148.34,-20.08,-8.8282,-6.8650,,,0.22850,0
142.6166,48,3,0,3,156.33,43.22,capture,144.66,-16.96,61.30,0,178.981,7.490,179.864,-18.26,20.73,147.20,-17.22,-7.56,173.04,53.868,53.990,-9.7479,-6.3708,144.66,-16.96,-9.2420,-6.6426,,,0.24588,0
142.7162,48,3,0,3,156.33,43.22,capture,102.11,-20.66,83.79,0,179.024,7.459,179.835,-18.18,20.63,147.23,-18.08,-7.19,173.67,54.294,54.200,-7.9868,-8.0403,102.11,-20.66,-8.6772,-7.2716,,,0.23824,0
142.8088,48,3,0,3,156.33,43.22,capture,122.27,-24.24,75.57,0,178.970,7.445,179.824,-18.18,20.77,147.37,-17.67,-7.22,174.06,54.425,54.462,-9.0689,-6.7697,122.27,-24.24,-8.8534,-7.0457,,,0.21943,0
142.9136,48,3,0,3,156.33,43.22,capture,123.02,-19.09,70.66,0,179.052,7.304,179.824,-18.19,20.73,147.28,-17.93,-7.50,173.50,53.931,54.592,-8.3689,-7.2678,123.02,-19.09,-8.6354,-7.1457,,,0.24780,0
143.0179,48,3,0,3,156.33,43.22,capture,103.40,-8.49,74.00,0,179.038,7.470,179.786,-18.28,20.64,147.15,-17.84,-8.30,173.34,54.021,54.058,-9.9070,-8.0862,103.40,-8.49,-9.2076,-7.5689,,,0.20951,0
143.1126,48,3,0,3,156.33,43.22,capture,119.89,-21.24,74.05,0,179.011,7.482,179.792,-18.21,20.48,147.01,-17.98,-6.85,173.00,53.826,53.468,-8.4810,-7.3276,119.89,-21.24,-8.8806,-7.4603,,,0.19866,0
143.1993,48,3,0,3,156.33,43.22,capture,102.28,1.52,68.27,0,179.111,7.535,179.812,-18.34,20.66,147.06,-17.91,-7.33,173.28,53.564,53.634,-9.6148,-8.3669,102.28,1.52,-9.2110,-7.8683,,,0.21708,0
143.2991,48,3,0,3,156.33,43.22,capture,115.75,-5.78,63.63,0,179.101,7.460,179.777,-18.29,20.57,146.93,-17.65,-8.36,172.58,53.447,53.912,-9.5420,-7.5777,115.75,-5.78,-9.3600,-7.7376,,,0.20433,0
143.3920,48,3,0,3,156.33,43.22,capture,123.50,-26.86,77.39,0,179.200,7.409,179.766,-18.39,20.58,146.92,-17.25,-8.24,173.39,53.397,54.074,-8.9875,-7.3792,123.50,-26.86,-9.1923,-7.5763,,,0.19819,0
143.5012,48,3,0,3,156.33,43.22,capture,127.81,-29.08,77.73,0,179.319,7.382,179.764,-18.48,20.78,146.86,-18.33,-7.66,172.68,53.839,54.165,-8.3618,-7.2021,127.81,-29.08,-8.8186,-7.4079,,,0.21963,0
143.5870,48,3,0,3,156.33,43.22,capture,129.07,-10.71,60.43,0,179.215,7.256,179.756,-18.57,21.00,147.34,-17.91,-7.94,173.29,53.766,54.112,-9.2482,-7.1048,129.07,-10.71,-9.0119,-7.2715,,,0.20726,0
143.6858,48,3,0,3,156.33,43.22,capture,108.70,-11.08,72.23,0,179.264,7.212,179.766,-18.50,21.16,147.27,-18.18,-7.55,174.10,53.488,54.256,-9.0387,-7.4437,108.70,-11.08,-9.0240,-7.3490,,,0.22513,0
143.8016,48,3,0,3,156.33,43.22,capture,118.05,-19.67,73.63,0,179.121,7.295,179.765,-18.53,20.87,147.38,-18.46,-8.01,174.06,53.934,54.427,-10.1782,-7.1259,118.05,-19.67,-9.5434,-7.2486,,,0.21766,0
143.8853,48,3,0,3,156.33,43.22,capture,113.71,-31.34,85.89,0,179.041,7.377,179.744,-18.51,20.81,147.35,-18.26,-7.72,173.65,54.037,54.365,-9.0207,-7.4598,113.71,-31.34,-9.3082,-7.3436,,,0.24492,0
144.0030,48,3,0,3,156.33,43.22,capture,118.67,-24.30,77.32,0,179.024,7.465,179.771,-18.55,20.60,147.22,-17.72,-8.07,173.38,54.022,55.024,-8.1934,-7.8083,118.67,-24.30,-8.8065,-7.5527,,,0.22194,0
144.1093,48,3,0,3,156.33,43.22,capture,127.39,-32.14,80.73,0,179.010,7.585,179.757,-18.52,20.50,147.08,-17.53,-8.25,173.39,53.934,54.736,-8.9186,-7.8068,127.39,-32.14,-8.8570,-7.6671,,,0.21967,0
144.2194,48,3,0,3,156.33,43.22,capture,134.57,-32.37,78.66,0,178.951,7.490,179.774,-18.47,20.62,146.96,-18.31,-7.17,172.64,53.479,54.808,-8.1898,-7.5007,134.57,-32.37,-8.5568,-7.5922,,,0.19231,0
144.4295,49,51,5,6,290.33,475.44,dwell,3.50,95.97,475.68,0,178.908,7.545,179.781,-18.45,20.80,147.22,-18.23,-7.50,173.46,53.691,54.934,-13.4529,-12.7453,3.50,95.97,-13.4529,-12.7453,,,0.19217,0
144.5382,49,51,5,6,290.33,475.44,dwell,238.51,175.43,304.46,0,178.797,7.712,179.767,-18.46,20.75,147.45,-17.97,-7.89,174.02,53.951,54.946,-17.0025,-2.1503,238.51,175.43,-15.0502,-7.9775,,,0.19449,0
144.6532,49,51,5,6,290.33,475.44,dwell,289.70,190.40,285.05,0,178.891,7.829,179.798,-18.40,20.80,147.46,-17.79,-8.27,173.26,53.975,54.718,-17.1973,1.0260,289.70,190.40,-16.0164,-3.9260,,,0.22940,0
144.7440,49,51,5,6,290.33,475.44,dwell,203.58,80.98,403.89,0,178.951,7.843,179.811,-18.42,20.84,147.47,-17.69,-8.25,174.00,53.937,54.443,-12.7008,-3.5990,203.58,80.98,-14.5244,-3.7788,,,0.20345,0
144.8463,49,51,5,6,290.33,475.44,dwell,298.65,200.71,274.86,0,178.896,8.002,179.850,-18.48,20.75,147.48,-18.29,-7.82,173.76,53.844,54.907,-17.5103,0.9127,298.65,200.71,-15.8681,-1.6677,,,0.20584,0
144.9593,49,51,5,6,290.33,475.44,dwell,256.30,243.32,234.61,0,178.828,7.957,179.834,-18.55,20.62,147.53,-18.59,-7.57,173.87,53.679,54.802,-19.1728,-0.8674,256.30,243.32,-17.3552,-1.3075,,,0.21304,0
145.0788,49,51,5,6,290.33,475.44,dwell,270.41,203.07,273.10,0,178.816,7.974,179.791,-18.42,20.81,147.48,-17.77,-7.27,173.51,53.837,54.780,-17.9314,-0.7051,270.41,203.07,-17.6145,-1.0365,,,0.22908,0
145.1786,49,51,5,6,290.33,475.44,dwell,269.42,280.17,196.39,0,178.935,8.030,179.825,-18.38,20.84,147.31,-17.49,-7.98,173.55,53.829,54.697,-21.0625,0.1179,269.42,280.17,-19.1661,-0.5170,,,0.22065,0
145.2684,49,51,5,6,290.33,475.44,dwell,249.41,275.37,204.22,0,178.870,8.167,179.840,-18.42,20.91,147.27,-18.28,-7.67,173.81,53.983,54.850,-21.0627,-1.6095,249.41,275.37,-20.0196,-1.0086,,,0.21605,0
145.3666,49,51,5,6,290.33,475.44,capture,302.54,294.30,181.56,0,178.938,8.126,179.842,-18.45,20.79,147.41,-17.35,-8.22,173.15,53.894,54.078,-21.4688,1.1518,302.54,294.30,-20.6717,-0.0364,,,0.22364,0
145.4697,49,51,5,6,290.33,475.44,capture,286.02,326.27,149.24,0,178.958,8.066,179.820,-18.51,20.83,147.68,-17.75,-7.82,173.63,53.780,53.910,-22.4854,0.2938,286.02,326.27,-21.4879,0.1122,,,0.24114,0
145.5750,49,51,5,6,290.33,475.44,capture,312.38,313.02,163.91,0,178.879,8.071,179.782,-18.58,20.76,147.56,-18.04,-7.61,174.09,53.762,53.650,-21.9066,1.1347,312.38,313.02,-21.6763,0.5723,,,0.21854,0
145.6788,49,51,5,6,290.33,475.44,capture,310.80,322.60,154.21,0,178.930,8.058,179.798,-18.63,20.72,147.38,-18.21,-7.56,174.12,53.753,53.973,-22.1742,1.8504,310.80,322.60,-21.9004,1.1475,,,0.22522,0
145.7741,49,51,5,6,290.33,475.44,capture,310.68,338.74,138.21,0,179.084,8.060,179.802,-18.68,20.57,147.36,-18.32,-7.61,173.93,53.636,53.901,-21.9934,1.2944,310.68,338.74,-21.9422,1.2136,,,0.20960,0
145.8906,49,51,5,6,290.33,475.44,capture,303.77,323.08,152.96,0,179.017,8.203,179.793,-18.61,20.69,147.30,-18.26,-7.91,173.97,53.140,54.233,-22.3366,1.1782,303.77,323.08,-22.1197,1.1977,,,0.20597,0
145.9874,49,51,5,6,290.33,475.44,capture,291.45,313.75,161.70,0,178.944,8.319,179.820,-18.60,20.75,147.33,-18.12,-7.82,173.50,53.218,54.340,-22.0159,0.7370,291.45,313.75,-22.0730,0.9903,,,0.21351,0
146.0826,49,51,5,6,290.33,475.44,capture,279.05,313.81,162.03,0,178.841,8.360,179.836,-18.65,20.67,147.15,-18.01,-7.95,173.13,53.248,54.566,-22.1801,0.0929,279.05,313.81,-22.1212,0.5865,,,0.19785,0
146.1755,49,51,5,6,290.33,475.44,capture,285.19,333.75,141.79,0,178.832,8.237,179.834,-18.49,20.49,147.17,-17.63,-8.40,173.52,53.537,54.787,-23.9139,0.1068,285.19,333.75,-22.9279,0.3706,,,0.22100,0
146.2705,49,51,5,6,290.33,475.44,capture,284.92,338.01,137.54,0,178.819,8.318,179.845,-18.53,20.57,147.23,-17.84,-7.98,173.47,53.709,54.677,-22.6726,0.0973,284.92,338.01,-22.8130,0.2477,,,0.24029,0
146.3654,49,51,5,6,290.33,475.44,capture,280.89,317.94,157.79,0,178.724,8.385,179.832,-18.61,20.54,147.08,-17.69,-7.58,173.38,53.838,54.988,-21.0490,-0.1452,280.89,317.94,-22.0192,0.0709,,,0.21863,0
146.4510,49,51,5,6,290.33,475.44,capture,298.43,305.13,170.51,0,178.735,8.375,179.812,-18.70,20.57,147.51,-18.04,-8.33,173.75,53.977,54.628,-22.2482,1.0818,298.43,305.13,-22.1223,0.5258,,,0.22335,0
146.5471,49,51,5,6,290.33,475.44,capture,262.07,306.91,170.89,0,178.547,8.358,179.845,-18.54,20.42,147.57,-18.31,-8.22,173.96,53.815,54.422,-21.3620,-0.6538,262.07,306.91,-21.7801,-0.0050,,,0.20678,0
146.6364,49,51,5,6,290.33,475.44,capture,270.25,293.39,183.16,0,178.451,8.325,179.828,-18.30,20.47,147.52,-17.23,-8.17,174.12,53.757,54.095,-22.3962,0.0065,270.25,293.39,-22.0574,0.0002,,,0.22501,0
146.7316,49,51,5,6,290.33,475.44,capture,300.46,309.58,166.17,0,178.372,8.267,179.867,-18.29,20.42,147.53,-17.89,-8.55,173.77,53.823,54.395,-22.5392,0.5384,300.46,309.58,-22.2742,0.2424,,,0.20363,0
146.8515,49,51,5,6,290.33,475.44,capture,270.63,337.96,138.89,0,178.419,8.224,179.845,-18.36,20.57,147.59,-17.72,-8.15,173.97,54.087,54.320,-21.3899,-0.5360,270.63,337.96,-21.8763,-0.1079,,,0.23803,0
146.9437,49,51,5,6,290.33,475.44,capture,294.65,334.94,140.57,0,178.404,8.206,179.832,-18.24,20.61,147.51,-17.83,-7.72,173.81,53.557,54.283,-22.7601,0.9090,294.65,334.94,-22.2740,0.3497,,,0.20986,0
147.0287,49,51,5,6,290.33,475.44,capture,301.71,295.53,180.27,0,178.339,8.337,179.840,-18.33,20.57,147.32,-18.92,-7.48,173.22,53.725,54.179,-21.0070,1.3009,301.71,295.53,-21.7038,0.7777,,,0.21426,0
147.1383,49,51,5,6,290.33,475.44,capture,280.42,326.53,149.24,0,178.298,8.423,179.805,-18.39,20.54,147.43,-18.48,-7.77,173.57,53.828,53.902,-23.1812,0.0170,280.42,326.53,-22.3686,0.4354,,,0.22462,0
147.3304,50,50,5,5,245.67,475.44,dwell,326.47,395.86,113.41,0,178.396,8.418,179.775,-18.46,20.67,147.28,-18.09,-8.39,173.33,54.065,53.795,-26.3184,2.6834,326.47,395.86,-26.3184,2.6834,,,0.21515,0
147.4297,50,50,5,5,245.67,475.44,dwell,272.05,310.67,166.87,0,178.484,8.522,179.768,-18.66,20.93,147.18,-18.33,-7.07,173.45,54.429,53.277,-21.6178,0.1964,272.05,310.67,-24.2031,1.5642,,,0.23376,0
147.5285,50,50,5,5,245.67,475.44,dwell,297.73,397.78,93.50,0,178.514,8.502,179.768,-18.67,21.03,147.26,-18.18,-7.85,173.32,54.512,53.513,-25.1211,1.4732,297.73,397.78,-24.6162,1.5233,,,0.24588,0
147.6299,50,50,5,5,245.67,475.44,dwell,280.32,443.54,47.10,0,178.581,8.504,179.748,-18.61,20.95,147.41,-17.89,-6.77,174.02,54.526,53.627,-25.8629,0.1440,280.32,443.54,-25.1772,0.9026,,,0.24998,0
147.7308,50,50,5,5,245.67,475.44,dwell,339.26,394.40,123.81,0,178.615,8.385,179.793,-18.62,21.01,147.36,-18.07,-7.72,174.08,53.950,54.219,-25.0319,3.4514,339.26,394.40,-25.1118,2.0496,,,0.21851,0
147.8353,50,50,5,5,245.67,475.44,dwell,269.11,358.35,119.42,0,178.627,8.471,179.769,-18.60,20.94,147.27,-18.49,-8.05,173.04,53.872,54.305,-23.9630,-0.7446,269.11,358.35,-24.5948,0.7922,,,0.20984,0
147.9227,50,50,5,5,245.67,475.44,dwell,346.38,380.89,138.14,0,178.671,8.534,179.776,-18.57,21.03,147.37,-18.51,-7.15,173.83,53.717,54.312,-24.8887,3.5319,346.38,380.89,-24.7271,2.0251,,,0.20893,0
148.0218,50,50,5,5,245.67,475.44,dwell,305.37,366.54,124.20,0,178.702,8.504,179.794,-18.69,20.95,147.22,-17.84,-7.65,173.76,53.814,53.939,-22.9119,1.1423,305.37,366.54,-23.9102,1.6278,,,0.21878,0
148.1207,50,50,5,5,245.67,475.44,capture,352.39,420.26,120.15,0,178.658,8.518,179.768,-18.59,20.78,147.32,-17.38,-8.05,173.90,53.760,54.085,-25.7845,3.7446,352.39,420.26,-24.7537,2.5804,,,0.22457,0
148.2332,50,50,5,5,245.67,475.44,capture,315.70,407.48,97.59,0,178.608,8.465,179.753,-18.60,20.74,147.65,-17.73,-7.72,173.86,53.915,54.175,-25.4440,2.1314,315.70,407.48,-25.0643,2.3784,,,0.21683,0
148.3445,50,50,5,5,245.67,475.44,capture,337.63,414.13,110.53,0,178.617,8.524,179.767,-18.63,20.67,147.51,-18.15,-8.12,173.81,53.985,53.838,-26.2807,2.7672,337.63,414.13,-25.6117,2.5533,,,0.24243,0
148.4503,50,50,5,5,245.67,475.44,capture,323.18,400.91,107.53,0,178.628,8.497,179.785,-18.62,20.81,147.46,-18.46,-7.89,173.69,54.233,53.769,-25.3300,2.2229,323.18,400.91,-25.4849,2.4046,,,0.23203,0
148.5420,50,50,5,5,245.67,475.44,capture,333.49,401.78,114.63,0,178.683,8.533,179.802,-18.63,20.79,147.61,-17.95,-7.93,173.98,54.005,53.577,-25.8023,2.1792,333.49,401.78,-25.6277,2.3032,,,0.22425,0
148.6433,50,50,5,5,245.67,475.44,capture,350.46,412.93,122.02,0,178.659,8.584,179.827,-18.49,20.74,147.57,-18.37,-7.17,174.48,54.013,53.847,-25.3367,3.2138,350.46,412.93,-25.4968,2.7129,,,0.24869,0
148.7253,50,50,5,5,245.67,475.44,capture,351.60,389.26,136.56,0,178.548,8.544,179.831,-18.39,20.68,147.79,-18.62,-7.81,173.36,54.067,53.824,-25.2037,3.5667,351.60,389.26,-25.3649,3.0971,,,0.22210,0
148.8410,50,50,5,5,245.67,475.44,capture,317.41,417.26,92.37,0,178.536,8.546,179.829,-18.38,20.68,147.74,-17.81,-7.59,174.09,53.862,53.783,-26.3281,2.1938,317.41,417.26,-25.7983,2.6906,,,0.22798,0
148.9230,50,50,5,5,245.67,475.44,capture,326.69,401.87,109.44,0,178.650,8.562,179.810,-18.36,20.66,147.94,-18.12,-7.54,174.66,53.914,53.577,-26.3476,2.1320,326.69,401.87,-26.0455,2.4393,,,0.22986,0
149.0157,50,50,5,5,245.67,475.44,capture,329.82,420.03,100.76,0,178.575,8.478,179.836,-18.33,20.74,147.92,-18.08,-7.29,174.19,53.535,53.836,-25.6556,2.0166,329.82,420.03,-25.8700,2.2491,,,0.20364,0
149.1383,50,50,5,5,245.67,475.44,capture,330.31,415.83,103.53,0,178.625,8.475,179.855,-18.32,20.68,147.95,-17.57,-8.29,174.61,53.812,53.846,-25.2126,2.4627,330.31,415.83,-25.5742,2.3452,,,0.21763,0
149.2281,50,50,5,5,245.67,475.44,capture,322.52,400.73,107.19,0,178.660,8.350,179.852,-18.30,20.69,147.99,-17.80,-8.23,174.79,53.405,54.023,-26.5237,2.5303,322.52,400.73,-26.0015,2.4285,,,0.20819,0
149.3404,50,50,5,5,245.67,475.44,capture,306.84,422.55,80.87,0,178.646,8.280,179.863,-18.34,20.65,148.09,-17.82,-8.61,174.14,53.294,54.155,-25.6818,1.4130,306.84,422.55,-25.8576,1.9715,,,0.23024,0
149.4480,50,50,5,5,245.67,475.44,capture,342.72,412.35,115.76,0,178.722,8.359,179.872,-18.53,20.53,148.25,-18.07,-7.64,174.20,53.389,54.274,-26.2338,3.4481,342.72,412.35,-26.0269,2.6360,,,0.20431,0
149.5466,50,50,5,5,245.67,475.44,capture,313.75,403.11,99.34,0,178.928,8.401,179.885,-18.46,20.50,148.25,-18.18,-8.17,174.79,53.295,53.646,-25.5290,2.3139,313.75,403.11,-25.8029,2.4910,,,0.19969,0
149.6421,50,50,5,5,245.67,475.44,capture,338.07,378.89,133.65,0,178.905,8.347,179.863,-18.37,20.58,148.12,-17.60,-8.67,174.44,53.259,53.814,-24.5887,2.6002,338.07,378.89,-25.2565,2.5401,,,0.19013,0
149.7560,50,50,5,5,245.67,475.44,capture,295.19,389.99,98.77,0,178.887,8.260,179.850,-18.53,20.62,147.96,-18.15,-7.78,174.45,53.468,53.731,-25.1929,1.2706,295.19,389.99,-25.2279,1.9688,,,0.21635,0
149.8693,50,50,5,5,245.67,475.44,capture,294.83,392.21,96.67,0,178.863,8.286,179.855,-18.39,20.63,147.82,-17.90,-7.75,174.00,53.668,53.907,-24.7555,0.4414,294.83,392.21,-25.0153,1.2815,,,0.22473,0
149.9571,50,50,5,5,245.67,475.44,capture,306.48,394.93,100.90,0,178.918,8.231,179.823,-18.41,20.78,147.77,-17.74,-7.27,174.46,53.594,54.047,-25.5721,1.6880,306.48,394.93,-25.2659,1.4644,,,0.21557,0
150.0592,50,50,5,5,245.67,475.44,capture,336.28,414.58,109.16,0,178.957,8.139,179.807,-18.46,20.70,147.57,-17.87,-7.78,174.30,53.576,54.292,-26.4937,3.1877,336.28,414.58,-25.8184,2.2399,,,0.20696,0
150.1523,50,50,5,5,245.67,475.44,capture,334.90,387.62,125.20,0,178.991,8.227,179.818,-18.43,20.62,147.54,-18.10,-7.88,173.67,53.459,54.416,-25.1565,2.7297,334.90,387.62,-25.5205,2.4603,,,0.22962,0
150.3389,51,39,4,3,156.33,389.00,dwell,216.92,312.78,97.37,0,179.035,8.257,179.815,-18.45,20.63,147.50,-18.43,-7.81,173.90,53.851,54.475,-21.4133,-3.2286,216.92,312.78,-21.4133,-3.2286,,,0.19631,0
150.4404,51,39,4,3,156.33,389.00,dwell,266.02,246.24,180.03,0,179.126,8.352,179.838,-18.35,20.73,147.55,-18.24,-7.46,174.23,53.521,54.162,-19.5793,-1.2165,266.02,246.24,-20.5880,-2.3231,,,0.19643,0
150.5374,51,39,4,3,156.33,389.00,dwell,318.21,379.82,162.14,0,179.167,8.221,179.830,-18.20,20.63,147.61,-17.33,-8.17,174.51,54.039,54.639,-24.8413,1.7936,318.21,379.82,-22.5020,-0.4706,,,0.20865,0
150.6417,51,39,4,3,156.33,389.00,dwell,240.07,293.88,126.73,0,179.100,8.090,179.823,-18.19,20.66,147.55,-17.28,-8.09,173.71,53.881,54.288,-21.3746,-0.9125,240.07,293.88,-21.9947,-0.6695,,,0.21900,0
150.7433,51,39,4,3,156.33,389.00,dwell,292.18,259.83,187.45,0,179.084,8.085,179.818,-18.14,20.69,147.23,-17.79,-8.43,173.66,53.882,54.428,-20.2270,0.9031,292.18,259.83,-21.1992,0.0382,,,0.20410,0
150.8451,51,39,4,3,156.33,389.00,dwell,216.45,237.48,163.01,0,179.065,8.002,179.833,-18.19,20.90,147.16,-17.84,-6.97,173.30,53.883,54.479,-18.9746,-3.3343,216.45,237.48,-20.1981,-1.4794,,,0.19776,0
150.9271,51,39,4,3,156.33,389.00,dwell,261.81,248.03,176.06,0,179.114,7.976,179.849,-18.24,20.75,147.28,-17.72,-7.37,173.46,54.053,54.404,-19.0012,-0.5014,261.81,248.03,-19.6595,-1.0393,,,0.21633,0
151.0381,51,39,4,3,156.33,389.00,dwell,233.53,312.25,108.86,0,179.049,7.928,179.844,-18.21,20.67,147.45,-17.93,-8.85,173.66,54.146,54.694,-22.9820,-1.7021,233.53,312.25,-21.1546,-1.3376,,,0.22235,0
151.1506,51,39,4,3,156.33,389.00,dwell,113.92,251.87,143.54,0,178.993,7.901,179.870,-18.30,20.58,147.64,-18.37,-7.64,173.80,53.984,54.529,-20.2939,-7.6160,113.92,251.87,-20.7673,-4.1629,,,0.21338,0
151.2473,51,39,4,3,156.33,389.00,dwell,245.51,270.37,148.41,0,179.123,7.992,179.843,-18.25,20.83,147.32,-17.21,-7.92,174.05,54.006,54.238,-20.6061,-1.6182,245.51,270.37,-20.6948,-3.0178,,,0.22693,0
151.3447,51,39,4,3,156.33,389.00,dwell,172.12,291.43,98.84,0,179.178,8.132,179.846,-18.25,20.92,147.52,-18.21,-7.37,173.99,53.980,53.868,-21.2466,-4.5918,172.12,291.43,-20.9431,-3.7261,,,0.21532,0
151.4450,51,39,4,3,156.33,389.00,capture,172.22,228.85,160.94,0,179.098,8.315,179.828,-18.36,20.79,147.52,-17.90,-8.03,173.89,54.432,54.160,-19.5738,-4.9623,172.22,228.85,-20.3269,-4.2824,,,0.23919,0
151.5444,51,39,4,3,156.33,389.00,capture,166.57,257.15,132.25,0,179.075,8.389,179.811,-18.44,20.81,147.68,-18.18,-7.90,174.36,53.923,54.370,-19.4612,-5.2400,166.57,257.15,-19.9373,-4.7133,,,0.22685,0
151.6504,51,39,4,3,156.33,389.00,capture,190.44,247.80,145.26,0,179.011,8.216,179.825,-18.46,20.91,147.67,-17.97,-7.72,174.21,53.844,54.294,-20.8309,-4.6418,190.44,247.80,-20.3394,-4.6811,,,0.22047,0
151.7430,51,39,4,3,156.33,389.00,capture,168.21,239.46,150.01,0,178.967,8.301,179.798,-18.30,20.74,147.50,-17.94,-7.47,174.52,53.737,54.099,-18.8321,-4.8266,168.21,239.46,-19.6611,-4.7466,,,0.20450,0
151.8375,51,39,4,3,156.33,389.00,capture,179.80,243.46,147.42,0,178.981,8.323,179.795,-18.35,20.79,147.58,-17.68,-7.94,173.98,53.861,53.964,-19.9861,-4.6304,179.80,243.46,-19.8074,-4.6943,,,0.24090,0
151.9341,51,39,4,3,156.33,389.00,capture,172.76,255.53,134.48,0,179.050,8.312,179.816,-18.36,20.88,147.55,-18.15,-8.65,174.03,53.647,54.125,-19.9407,-4.7382,172.76,255.53,-19.8674,-4.7140,,,0.20223,0
152.0173,51,39,4,3,156.33,389.00,capture,170.78,256.36,133.42,0,179.132,8.177,179.809,-18.32,20.97,147.42,-17.29,-6.80,173.84,53.606,54.084,-19.9215,-5.5144,170.78,256.36,-19.8917,-5.0742,,,0.22493,0
152.1391,51,39,4,3,156.33,389.00,capture,195.43,219.39,174.06,0,179.095,8.038,179.839,-18.40,20.96,147.34,-17.65,-7.94,173.10,53.508,53.977,-18.2125,-3.6616,195.43,219.39,-19.1361,-4.4385,,,0.20007,0
152.2211,51,39,4,3,156.33,389.00,capture,154.63,243.64,145.37,0,178.977,8.186,179.873,-18.41,20.84,147.33,-17.89,-8.09,173.94,53.816,53.821,-19.6632,-5.2558,154.63,243.64,-19.3733,-4.8063,,,0.23473,0
152.3320,51,39,4,3,156.33,389.00,capture,155.73,257.16,131.84,0,178.912,8.085,179.872,-18.49,20.93,147.54,-18.14,-7.00,173.46,53.812,53.884,-19.7925,-6.3207,155.73,257.16,-19.5619,-5.4878,,,0.20848,0
152.4396,51,39,4,3,156.33,389.00,capture,178.38,244.17,146.50,0,178.839,8.097,179.854,-18.52,21.01,147.29,-18.35,-8.39,173.37,53.959,53.995,-18.5306,-4.2840,178.38,244.17,-19.0978,-4.9461,,,0.22801,0
152.5487,51,39,4,3,156.33,389.00,capture,176.95,272.13,118.67,0,178.732,8.011,179.838,-18.38,21.06,147.34,-18.20,-7.08,173.68,54.137,54.434,-20.4078,-4.6642,176.95,272.13,-19.6873,-4.8192,,,0.19645,0
152.6451,51,39,4,3,156.33,389.00,capture,188.37,268.09,125.08,0,178.815,8.050,179.824,-18.40,20.80,147.37,-18.19,-8.36,173.83,54.112,54.467,-19.8596,-3.8036,188.37,268.09,-19.7648,-4.3622,,,0.22582,0
152.7579,51,39,4,3,156.33,389.00,capture,178.28,240.02,150.59,0,178.818,7.943,179.844,-18.33,20.69,147.34,-17.84,-7.78,173.55,53.920,54.490,-19.1790,-3.9865,178.28,240.02,-19.5012,-4.1931,,,0.20030,0
152.8499,51,39,4,3,156.33,389.00,capture,170.00,268.43,121.34,0,178.880,7.937,179.863,-18.20,20.76,147.25,-18.15,-7.16,173.73,53.801,54.321,-20.0280,-5.4991,170.00,268.43,-19.7383,-4.7808,,,0.21439,0
152.9469,51,39,4,3,156.33,389.00,capture,158.12,275.91,113.10,0,178.775,7.901,179.824,-18.34,20.81,147.35,-18.07,-7.40,173.82,53.568,53.915,-21.1603,-5.5841,158.12,275.91,-20.3782,-5.1423,,,0.19576,0
153.0492,51,39,4,3,156.33,389.00,capture,175.35,264.05,126.39,0,178.831,7.965,179.849,-18.46,20.94,147.31,-18.33,-7.27,173.43,53.082,53.896,-20.2146,-4.0225,175.35,264.05,-20.3046,-4.6384,,,0.20284,0
153.1421,51,39,4,3,156.33,389.00,capture,160.66,238.25,150.81,0,178.819,8.057,179.812,-18.49,21.09,147.34,-17.92,-6.89,173.22,53.282,54.071,-19.0877,-5.8435,160.66,238.25,-19.7570,-5.1807,,,0.19700,0
153.2404,51,39,4,3,156.33,389.00,capture,156.91,260.04,128.96,0,178.707,7.997,179.812,-18.45,21.03,147.34,-18.17,-7.71,173.70,53.311,54.106,-20.0079,-5.1409,156.91,260.04,-19.8699,-5.1628,,,0.18565,0
153.3224,51,39,4,3,156.33,389.00,capture,164.42,252.31,136.93,0,178.620,7.914,179.786,-18.54,21.18,147.50,-18.22,-7.10,173.76,52.892,54.089,-19.5312,-5.2132,164.42,252.31,-19.7175,-5.1855,,,0.18527,0
153.5287,52,79,8,7,335.00,734.78,dwell,310.81,350.01,385.53,0,178.766,8.037,179.798,-18.35,21.01,147.36,-18.26,-8.15,173.21,53.022,54.453,-23.8342,1.6262,310.81,350.01,-23.8342,1.6262,,,0.19118,0
153.6214,52,79,8,7,335.00,734.78,dwell,143.35,396.95,388.40,0,178.743,8.253,179.795,-18.29,21.17,147.30,-17.89,-7.26,173.66,53.617,54.240,-25.2333,-5.3851,143.35,396.95,-24.4638,-1.5289,,,0.20931,0
153.7324,52,79,8,7,335.00,734.78,dwell,174.33,310.52,453.66,0,178.824,8.283,179.790,-18.35,21.21,147.24,-17.99,-7.36,173.66,53.627,53.375,-21.6689,-5.3359,174.33,310.52,-23.2061,-3.2420,,,0.20536,0
153.8414,52,79,8,7,335.00,734.78,dwell,220.69,229.22,518.32,0,178.910,8.379,179.779,-18.14,21.23,147.24,-17.70,-8.25,172.94,53.374,53.443,-18.2840,-2.3613,220.69,229.22,-20.9912,-2.8457,,,0.19442,0
153.9318,52,79,8,7,335.00,734.78,dwell,337.59,400.71,334.08,0,178.968,8.328,179.788,-18.10,21.31,147.11,-17.64,-7.17,172.80,53.369,53.590,-24.6738,2.3357,337.59,400.71,-22.6483,-0.5141,,,0.20378,0
154.0310,52,79,8,7,335.00,734.78,dwell,358.20,487.22,248.64,0,179.062,8.317,179.787,-18.15,21.21,147.06,-17.32,-7.73,173.33,53.143,53.840,-28.6388,4.2353,358.20,487.22,-25.3441,1.6232,,,0.21914,0
154.1319,52,79,8,7,335.00,734.78,dwell,208.44,519.48,249.74,0,178.939,8.234,179.812,-18.25,20.94,147.12,-18.01,-7.61,172.86,53.243,53.749,-29.0386,-3.0889,208.44,519.48,-27.0066,-0.4972,,,0.18818,0
154.2257,52,79,8,7,335.00,734.78,dwell,369.11,542.09,195.68,0,178.938,8.307,179.838,-18.28,20.90,147.43,-17.79,-7.88,174.04,53.579,53.809,-31.3732,4.5447,369.11,542.09,-28.9716,1.7716,,,0.21380,0
154.3337,52,79,8,7,335.00,734.78,dwell,359.69,542.63,193.73,0,178.940,8.385,179.819,-18.30,20.86,147.51,-18.16,-7.91,173.51,53.483,53.979,-30.8584,4.7059,359.69,542.63,-29.8206,3.0920,,,0.18444,0
154.4268,52,79,8,7,335.00,734.78,dwell,337.59,541.86,192.94,0,178.868,8.481,179.829,-18.38,20.60,147.56,-18.24,-8.36,174.05,53.344,53.656,-30.9188,3.6448,337.59,541.86,-30.3148,3.3408,,,0.22109,0
154.5331,52,79,8,7,335.00,734.78,dwell,371.51,548.29,190.03,0,178.852,8.437,179.828,-18.44,20.57,147.67,-17.86,-7.79,173.83,53.200,53.521,-31.0806,4.4837,371.51,548.29,-30.6594,3.8551,,,0.20048,0
154.6175,52,79,8,7,335.00,734.78,capture,383.03,597.78,145.17,0,178.798,8.371,179.852,-18.60,20.55,147.92,-17.90,-8.25,174.10,53.161,53.834,-32.6962,5.3154,383.03,597.78,-31.5760,4.5122,,,0.18429,0
154.7033,52,79,8,7,335.00,734.78,capture,383.58,613.95,130.23,0,178.905,8.267,179.853,-18.53,20.48,147.77,-16.96,-8.50,174.32,53.590,54.232,-34.5457,5.9566,383.58,613.95,-32.9124,5.1622,,,0.21517,0
154.8030,52,79,8,7,335.00,734.78,capture,373.12,618.72,122.16,0,178.828,8.292,179.844,-18.65,20.42,147.84,-18.54,-7.70,174.24,53.196,54.162,-35.3032,4.7586,373.12,618.72,-33.9882,4.9806,,,0.19102,0
154.9226,52,79,8,7,335.00,734.78,capture,378.30,627.53,115.66,0,178.875,8.269,179.847,-18.60,20.76,147.80,-18.15,-8.37,174.60,53.433,54.465,-33.4045,5.2651,378.30,627.53,-33.7256,5.1086,,,0.23064,0
155.0144,52,79,8,7,335.00,734.78,capture,396.34,607.03,141.71,0,178.991,8.242,179.851,-18.55,20.75,147.52,-17.48,-7.82,173.53,53.242,54.136,-32.7998,5.9890,396.34,607.03,-33.3090,5.5048,,,0.17919,0
155.1003,52,79,8,7,335.00,734.78,capture,370.61,603.18,136.33,0,178.961,8.278,179.852,-18.51,20.99,147.48,-17.93,-7.31,173.41,53.283,53.880,-33.7151,4.3565,370.61,603.18,-33.4917,4.9880,,,0.18504,0
155.1878,52,79,8,7,335.00,734.78,capture,386.21,599.78,144.38,0,179.051,8.491,179.870,-18.56,20.87,147.39,-18.07,-7.09,173.79,53.286,54.195,-32.9889,5.1865,386.21,599.78,-33.2655,5.0773,,,0.19291,0
155.2810,52,79,8,7,335.00,734.78,capture,389.53,572.73,170.98,0,179.019,8.574,179.870,-18.52,20.93,147.31,-17.80,-8.23,173.17,53.204,54.725,-31.1355,4.9117,389.53,572.73,-32.3070,5.0028,,,0.18110,0
155.3952,52,79,8,7,335.00,734.78,capture,394.40,616.19,132.63,0,179.029,8.566,179.913,-18.57,20.84,147.23,-17.91,-8.12,173.57,53.190,54.299,-34.8239,5.5871,394.40,616.19,-33.4396,5.2657,,,0.18332,0
155.4772,52,79,8,7,335.00,734.78,capture,404.21,581.53,168.15,0,179.060,8.699,179.890,-18.66,20.79,147.12,-18.63,-7.75,173.77,53.744,54.664,-32.4661,6.3680,404.21,581.53,-33.0015,5.7617,,,0.20717,0
155.5667,52,79,8,7,335.00,734.78,capture,397.80,609.70,139.96,0,178.995,8.720,179.903,-18.71,20.77,147.28,-18.11,-7.68,174.35,54.007,54.389,-33.8232,5.8739,397.80,609.70,-33.3713,5.8122,,,0.22319,0
155.6664,52,79,8,7,335.00,734.78,capture,385.69,603.33,140.88,0,179.008,8.704,179.886,-18.71,20.83,147.23,-18.23,-8.14,173.07,54.017,54.565,-33.3031,5.5011,385.69,603.33,-33.3406,5.6722,,,0.21811,0
155.7544,52,79,8,7,335.00,734.78,capture,387.66,615.76,130.15,0,179.053,8.719,179.889,-18.69,20.68,147.38,-18.50,-7.38,173.72,53.790,54.416,-33.7994,4.7818,387.66,615.76,-33.5471,5.2715,,,0.21139,0
155.8364,52,79,8,7,335.00,734.78,capture,394.31,595.27,151.59,0,179.003,8.743,179.870,-18.60,20.65,147.44,-17.74,-7.34,173.75,53.661,54.590,-33.5362,5.8860,394.31,595.27,-33.5422,5.5481,,,0.21211,0
155.9214,52,79,8,7,335.00,734.78,capture,371.87,614.36,125.94,0,178.962,8.766,179.876,-18.66,20.72,147.56,-18.55,-7.61,173.69,53.293,55.129,-35.4384,4.6430,371.87,614.36,-34.3955,5.1408,,,0.22058,0
156.0380,52,79,8,7,335.00,734.78,capture,391.91,607.47,139.45,0,178.959,8.688,179.876,-18.75,20.83,147.77,-18.67,-8.08,174.23,53.172,55.307,-34.3507,5.0229,391.91,607.47,-34.3753,5.0877,,,0.20144,0
156.1316,52,79,8,7,335.00,734.78,capture,382.30,595.85,146.76,0,178.995,8.676,179.846,-18.63,21.03,147.66,-17.72,-7.83,174.06,52.942,54.848,-32.8006,5.0921,382.30,595.85,-33.6667,5.0897,,,0.20747,0
156.2408,52,79,8,7,335.00,734.78,capture,391.13,584.88,160.06,0,179.002,8.608,179.856,-18.46,21.02,147.66,-18.11,-7.97,174.01,53.334,54.812,-32.2160,4.9013,391.13,584.88,-33.0139,5.0049,,,0.21903,0
156.3250,52,79,8,7,335.00,734.78,capture,397.71,609.98,139.67,0,178.969,8.615,179.820,-18.55,20.98,147.91,-18.27,-7.32,174.20,53.488,54.725,-33.4917,6.0745,397.71,609.98,-33.2289,5.4862,,,0.19616,0
156.4219,52,79,8,7,335.00,734.78,capture,383.02,603.60,139.69,0,178.917,8.694,179.851,-18.53,20.84,147.85,-17.58,-7.94,174.44,53.331,54.173,-33.4156,4.7352,383.02,603.60,-33.3129,5.1483,,,0.20081,0
156.5375,52,79,8,7,335.00,734.78,capture,408.84,612.75,142.63,0,179.010,8.627,179.875,-18.55,20.84,147.65,-17.89,-8.54,173.40,53.281,54.338,-34.7938,6.1151,408.84,612.75,-33.9793,5.5833,,,0.22391,0
156.7464,53,60,6,6,290.33,561.89,dwell,369.72,551.63,80.05,0,178.957,8.700,179.870,-18.54,20.88,147.60,-17.58,-7.55,174.05,53.034,54.199,-31.5597,4.2291,369.72,551.63,-31.5597,4.2291,,,0.20706,0
156.8453,53,60,6,6,290.33,561.89,dwell,407.49,577.30,118.17,0,178.901,8.590,179.833,-18.45,21.02,147.87,-18.07,-7.19,174.40,53.172,54.314,-32.4024,6.5189,407.49,577.30,-31.9389,5.2595,,,0.20594,0
156.9556,53,60,6,6,290.33,561.89,dwell,199.93,631.59,114.15,0,178.763,8.597,179.825,-18.40,21.03,147.70,-18.14,-8.06,174.07,53.371,54.168,-34.5239,-3.7845,199.93,631.59,-33.1022,1.1897,,,0.21043,0
157.0738,53,60,6,6,290.33,561.89,dwell,232.44,652.10,107.19,0,178.812,8.660,179.850,-18.21,20.89,147.44,-17.76,-7.05,173.48,53.813,54.286,-35.4285,-1.9745,232.44,652.10,-34.1490,-0.2342,,,0.23063,0
157.1756,53,60,6,6,290.33,561.89,dwell,369.00,657.64,123.92,0,178.885,8.690,179.840,-18.35,20.97,147.62,-17.50,-6.81,173.92,53.986,54.329,-36.3580,4.3992,369.00,657.64,-35.1430,1.8508,,,0.21346,0
157.2712,53,60,6,6,290.33,561.89,dwell,296.80,522.39,40.02,1,178.910,8.661,179.842,-18.28,20.99,147.46,-18.44,-6.92,173.37,53.917,54.415,-29.6229,1.1106,296.80,522.39,-32.6590,1.5177,,,0.23523,0
157.3644,53,60,6,6,290.33,561.89,dwell,268.82,559.76,21.62,1,178.939,8.753,179.867,-18.32,21.00,147.31,-18.03,-7.21,173.52,54.020,54.039,-32.2273,-0.6672,268.82,559.76,-32.4647,0.5345,,,0.22689,0
157.4894,53,60,6,6,290.33,561.89,dwell,233.88,531.97,63.89,0,178.961,8.695,179.922,-18.29,20.84,147.53,-17.56,-8.01,173.42,53.821,54.083,-30.9181,-2.5592,233.88,531.97,-31.7688,-0.8577,,,0.20740,0
157.6052,53,60,6,6,290.33,561.89,dwell,191.47,500.36,116.45,0,179.142,8.611,179.947,-18.35,20.86,147.41,-18.13,-8.01,174.31,53.416,54.213,-28.1858,-4.4480,191.47,500.36,-30.1564,-2.4733,,,0.20183,0
157.7090,53,60,6,6,290.33,561.89,dwell,187.65,504.46,117.65,0,179.141,8.579,179.928,-18.32,20.94,147.66,-17.86,-7.49,173.39,53.232,54.338,-29.4207,-3.4122,187.65,504.46,-29.8254,-2.8958,,,0.19487,0
157.8120,53,60,6,6,290.33,561.89,capture,210.07,496.10,103.78,0,179.126,8.651,179.906,-18.33,20.89,147.63,-17.61,-7.90,173.58,53.464,53.995,-29.2048,-2.9683,210.07,496.10,-29.5461,-2.9284,,,0.17970,0
157.9037,53,60,6,6,290.33,561.89,capture,143.06,486.15,165.61,0,179.143,8.371,179.888,-18.31,20.80,147.75,-17.49,-6.71,173.56,53.446,54.380,-28.6482,-5.9937,143.06,486.15,-29.1421,-4.3078,,,0.20467,0
157.9857,53,60,6,6,290.33,561.89,capture,170.20,469.61,151.48,0,179.241,8.293,179.888,-18.27,20.62,147.77,-17.88,-8.16,174.47,53.623,54.252,-28.9713,-5.0626,170.20,469.61,-29.0652,-4.6475,,,0.20978,0
158.0944,53,60,6,6,290.33,561.89,capture,185.81,501.63,120.65,0,179.255,8.304,179.847,-18.14,20.54,147.94,-17.84,-8.10,174.23,53.692,54.531,-28.8262,-4.2963,185.81,501.63,-28.9576,-4.4894,,,0.22081,0
158.1975,53,60,6,6,290.33,561.89,capture,153.91,477.63,160.35,0,179.088,8.339,179.839,-18.03,20.57,147.79,-17.77,-8.38,174.12,53.747,54.268,-27.6912,-6.9769,153.91,477.63,-28.3878,-5.6088,,,0.19980,0
158.3133,53,60,6,6,290.33,561.89,capture,167.38,480.08,147.68,0,179.111,8.266,179.848,-18.01,20.61,147.60,-18.01,-8.09,174.18,53.617,54.723,-28.7748,-5.6197,167.38,480.08,-28.5619,-5.6137,,,0.21912,0
158.4128,53,60,6,6,290.33,561.89,capture,177.63,505.23,126.14,0,179.090,8.326,179.842,-18.08,20.71,147.75,-17.92,-7.72,174.44,53.603,54.997,-29.0786,-5.0116,177.63,505.23,-28.7944,-5.3428,,,0.23244,0
158.5128,53,60,6,6,290.33,561.89,capture,174.32,509.78,127.18,0,179.026,8.347,179.834,-18.07,20.71,147.76,-17.37,-7.57,174.15,53.581,54.651,-29.4818,-4.4067,174.32,509.78,-29.1037,-4.9215,,,0.21566,0
158.6283,53,60,6,6,290.33,561.89,capture,186.10,523.45,111.10,0,179.053,8.347,179.861,-18.07,20.59,147.52,-18.20,-7.38,173.53,53.736,54.555,-30.0418,-4.4340,186.10,523.45,-29.5259,-4.7022,,,0.22281,0
158.7236,53,60,6,6,290.33,561.89,capture,211.89,495.12,103.01,0,179.010,8.370,179.889,-18.22,20.67,147.27,-17.41,-8.15,173.48,54.072,54.150,-28.9218,-2.9750,211.89,495.12,-29.2540,-3.9250,,,0.20379,0
158.8208,53,60,6,6,290.33,561.89,capture,203.40,495.74,109.24,0,178.996,8.495,179.886,-18.26,20.76,147.23,-17.69,-8.09,173.57,54.383,54.037,-29.1648,-2.9879,203.40,495.74,-29.2139,-3.5033,,,0.22793,0
158.9272,53,60,6,6,290.33,561.89,capture,186.04,500.85,120.84,0,179.091,8.489,179.864,-18.11,20.70,147.02,-17.56,-7.70,173.13,54.635,53.606,-29.7009,-4.3483,186.04,500.85,-29.4330,-3.8835,,,0.24005,0
159.0315,53,60,6,6,290.33,561.89,capture,209.23,512.03,95.20,0,179.129,8.712,179.862,-18.28,20.70,147.36,-17.86,-8.11,173.68,54.181,53.479,-30.9499,-2.4816,209.23,512.03,-30.1156,-3.2527,,,0.24067,0
159.1460,53,60,6,6,290.33,561.89,capture,183.09,491.57,128.24,0,179.079,8.646,179.840,-18.21,20.74,147.34,-17.35,-7.81,173.70,54.159,53.928,-29.6662,-4.4299,183.09,491.57,-29.9134,-3.7824,,,0.24046,0
159.2577,53,60,6,6,290.33,561.89,capture,187.74,472.34,136.18,0,179.175,8.786,179.840,-18.22,20.53,147.16,-17.88,-8.46,173.45,54.531,53.877,-28.1130,-4.2448,187.74,472.34,-29.1032,-3.9905,,,0.25212,0
159.3616,53,60,6,6,290.33,561.89,capture,190.75,507.11,113.66,0,179.105,8.707,179.860,-18.31,20.39,147.17,-17.08,-7.90,173.30,54.738,53.995,-29.8229,-3.7963,190.75,507.11,-29.4271,-3.9031,,,0.26027,0
159.4723,53,60,6,6,290.33,561.89,capture,182.34,488.62,130.50,0,179.055,8.670,179.857,-18.20,20.37,146.93,-17.91,-7.97,173.04,54.343,54.201,-29.2623,-3.8059,182.34,488.62,-29.3529,-3.8594,,,0.22695,0
159.5757,53,60,6,6,290.33,561.89,capture,159.71,497.25,145.74,0,179.022,8.556,179.869,-18.34,20.36,146.94,-18.18,-8.32,172.97,54.410,53.747,-29.3576,-5.0403,159.71,497.25,-29.3550,-4.3908,,,0.25106,0
159.6577,53,60,6,6,290.33,561.89,capture,155.42,524.83,139.91,0,179.061,8.630,179.865,-18.41,20.42,147.07,-17.63,-8.71,173.40,53.929,53.797,-30.3410,-5.5203,155.42,524.83,-29.7987,-4.8991,,,0.20544,0
159.7539,53,60,6,6,290.33,561.89,capture,180.11,495.89,128.47,0,179.100,8.536,179.882,-18.47,20.69,146.89,-18.37,-8.03,173.08,54.334,53.986,-28.7495,-4.0878,180.11,495.89,-29.3266,-4.5340,,,0.23060,0
159.9525,54,67,7,4,201.00,648.33,dwell,219.40,640.38,20.05,1,179.127,8.558,179.861,-18.47,20.32,146.91,-18.43,-8.66,173.01,54.378,53.744,-34.5912,-2.7838,219.40,640.38,-34.5912,-2.7838,,,0.19906,0
160.0485,54,67,7,4,201.00,648.33,dwell,155.38,656.48,46.34,0,179.046,8.504,179.882,-18.46,20.56,147.26,-17.73,-8.33,173.36,53.996,53.778,-35.2049,-5.5071,155.38,656.48,-34.8674,-4.0093,,,0.20931,0
160.1305,54,67,7,4,201.00,648.33,dwell,297.40,638.53,96.90,0,178.997,8.589,179.854,-18.33,20.57,147.49,-17.99,-7.94,173.92,54.059,53.877,-34.7053,1.4325,297.40,638.53,-34.7945,-1.5605,,,0.20998,0
160.2350,54,67,7,4,201.00,648.33,dwell,144.73,711.63,84.69,0,179.012,8.682,179.851,-18.36,20.43,147.91,-17.89,-7.84,175.05,54.143,54.120,-37.7886,-5.9581,144.73,711.63,-36.1418,-3.5394,,,0.22190,0
160.3242,54,67,7,4,201.00,648.33,dwell,247.11,696.93,66.99,0,179.050,8.691,179.877,-18.32,20.67,148.04,-17.38,-8.51,174.67,54.022,54.293,-37.3532,-1.3852,247.11,696.93,-36.6870,-2.5700,,,0.22565,0
160.4263,54,67,7,4,201.00,648.33,dwell,274.76,702.20,91.34,0,178.899,8.689,179.874,-18.32,20.73,147.82,-17.88,-8.38,173.69,54.004,54.611,-36.6405,-0.6272,274.76,702.20,-36.6661,-1.6957,,,0.19926,0
160.5387,54,67,7,4,201.00,648.33,dwell,254.03,798.63,159.38,0,178.946,8.638,179.858,-18.30,20.73,147.92,-17.98,-7.68,174.93,53.579,54.880,-40.7128,-1.0179,254.03,798.63,-38.4871,-1.3907,,,0.21241,0
160.6343,54,67,7,4,201.00,648.33,dwell,195.81,716.78,68.64,0,179.022,8.732,179.872,-18.14,20.74,147.76,-18.00,-7.83,174.44,53.775,54.817,-37.9031,-3.7409,195.81,716.78,-38.2243,-2.4483,,,0.20971,0
160.7445,54,67,7,4,201.00,648.33,dwell,259.99,748.76,116.47,0,179.027,8.864,179.841,-18.15,20.73,147.92,-17.65,-8.52,174.23,53.726,54.371,-38.9220,-0.6171,259.99,748.76,-38.5382,-1.6242,,,0.20369,0
160.8374,54,67,7,4,201.00,648.33,capture,263.43,782.54,148.02,0,179.034,8.797,179.877,-18.16,20.61,148.07,-17.72,-7.82,174.29,53.781,54.675,-40.8799,-0.6570,263.43,782.54,-39.5920,-1.1890,,,0.21631,0
160.9284,54,67,7,4,201.00,648.33,capture,275.10,790.21,160.06,0,179.006,8.763,179.852,-18.12,20.72,148.19,-18.24,-8.18,174.47,53.931,54.354,-40.9942,0.0576,275.10,790.21,-40.2230,-0.6280,,,0.22354,0
161.0439,54,67,7,4,201.00,648.33,capture,271.63,778.73,148.30,0,178.917,8.756,179.854,-18.15,20.58,147.96,-17.95,-7.57,174.55,53.801,54.335,-40.9247,-0.2059,271.63,778.73,-40.5388,-0.4381,,,0.23578,0
161.1527,54,67,7,4,201.00,648.33,capture,289.13,808.32,182.65,0,178.929,8.731,179.879,-18.22,20.55,147.78,-18.00,-7.32,173.92,53.866,54.291,-41.9231,0.6069,289.13,808.32,-41.1617,0.0321,,,0.22579,0
161.2438,54,67,7,4,201.00,648.33,capture,291.89,808.17,183.87,0,178.828,8.738,179.856,-18.25,20.56,147.88,-18.10,-7.58,174.51,53.830,54.310,-41.9110,0.3914,291.89,808.17,-41.4989,0.1938,,,0.20444,0
161.3345,54,67,7,4,201.00,648.33,capture,255.39,799.10,160.28,0,178.869,8.641,179.862,-18.24,20.52,147.78,-17.78,-8.06,174.23,54.045,54.706,-40.5422,-1.2502,255.39,799.10,-41.0684,-0.4560,,,0.24088,0
161.4276,54,67,7,4,201.00,648.33,capture,266.41,791.40,157.31,0,178.834,8.521,179.877,-18.27,20.59,147.57,-17.75,-7.68,173.69,53.635,54.488,-40.8841,-0.0317,266.41,791.40,-40.9855,-0.2651,,,0.20381,0
161.5096,54,67,7,4,201.00,648.33,capture,284.87,772.97,150.23,0,178.822,8.568,179.879,-18.37,20.67,147.54,-17.16,-6.80,174.42,53.336,54.411,-39.4392,0.2112,284.87,772.97,-40.2896,-0.0507,,,0.22231,0
161.6236,54,67,7,4,201.00,648.33,capture,284.56,804.11,176.77,0,178.817,8.626,179.893,-18.29,20.78,147.69,-17.34,-6.89,173.34,53.232,54.550,-40.3886,0.6010,284.56,804.11,-40.3342,0.2425,,,0.19915,0
161.7424,54,67,7,4,201.00,648.33,capture,293.59,799.45,177.23,0,178.777,8.633,179.890,-18.45,20.90,147.83,-18.01,-7.11,174.48,53.688,54.428,-41.8254,1.1113,293.59,799.45,-41.0052,0.6335,,,0.20651,0
161.8560,54,67,7,4,201.00,648.33,capture,286.53,811.83,184.52,0,178.719,8.743,179.900,-18.44,20.97,147.83,-18.14,-7.08,173.92,53.346,54.246,-42.0154,0.4617,286.53,811.83,-41.4598,0.5562,,,0.22437,0
161.9546,54,67,7,4,201.00,648.33,capture,278.07,799.28,169.48,0,178.741,8.682,179.893,-18.24,20.97,147.72,-17.88,-7.44,173.85,53.676,53.950,-40.7647,-0.8158,278.07,799.28,-41.1470,-0.0612,,,0.21612,0
162.0366,54,67,7,4,201.00,648.33,capture,265.02,789.55,155.05,0,178.789,8.427,179.900,-18.27,21.04,147.83,-18.28,-8.53,173.85,53.246,53.799,-40.9897,-0.4039,265.02,789.55,-41.0763,-0.2154,,,0.20366,0
162.1337,54,67,7,4,201.00,648.33,capture,246.97,792.81,151.61,0,178.861,8.461,179.912,-18.23,21.00,147.89,-17.94,-7.69,174.61,53.524,54.045,-40.8635,-1.3643,246.97,792.81,-40.9805,-0.7324,,,0.20568,0
162.2230,54,67,7,4,201.00,648.33,capture,287.43,793.17,168.66,0,178.844,8.522,179.883,-18.25,21.03,147.70,-17.72,-7.33,174.29,53.486,54.215,-40.8272,0.5640,287.43,793.17,-40.9115,-0.1490,,,0.19457,0
162.3129,54,67,7,4,201.00,648.33,capture,279.45,783.31,156.12,0,178.867,8.420,179.907,-18.22,20.88,147.76,-17.63,-6.90,174.19,53.372,54.050,-40.1558,0.4747,279.45,783.31,-40.5714,0.1316,,,0.20545,0
162.4072,54,67,7,4,201.00,648.33,capture,277.64,814.19,182.71,0,178.693,8.459,179.886,-18.23,20.84,147.67,-17.62,-8.19,173.70,53.341,54.025,-42.0099,-0.0145,277.64,814.19,-41.2188,0.0659,,,0.21860,0
162.5108,54,67,7,4,201.00,648.33,capture,274.90,786.82,156.97,0,178.634,8.397,179.882,-18.19,20.71,147.34,-17.88,-8.46,173.37,53.537,54.009,-40.2536,0.4025,274.90,786.82,-40.7844,0.2174,,,0.23633,0
162.6193,54,67,7,4,201.00,648.33,capture,267.43,810.69,175.42,0,178.605,8.396,179.878,-18.22,20.94,147.26,-17.49,-7.61,173.29,53.532,54.392,-41.7197,-0.5687,267.43,810.69,-41.2053,-0.1364,,,0.19864,0
162.7092,54,67,7,4,201.00,648.33,capture,270.14,803.36,169.75,0,178.607,8.379,179.886,-18.21,20.82,147.38,-17.88,-8.74,173.32,53.702,54.235,-41.0724,-0.4719,270.14,803.36,-41.1455,-0.2873,,,0.21599,0
162.8836,55,55,6,1,67.00,561.89,dwell,242.82,601.42,180.21,0,178.556,8.432,179.859,-18.33,20.80,147.16,-17.78,-8.59,173.59,53.856,54.565,-33.7729,-1.3454,242.82,601.42,-33.7729,-1.3454,,,0.20152,0
162.9736,55,55,6,1,67.00,561.89,dwell,108.37,648.82,96.27,0,178.614,8.399,179.881,-18.29,20.75,147.09,-17.82,-7.96,173.22,54.124,54.306,-34.9411,-8.0341,108.37,648.82,-34.2986,-4.3553,,,0.22055,0
163.0848,55,55,6,1,67.00,561.89,dwell,33.09,515.42,57.53,0,178.610,8.363,179.879,-18.30,20.86,147.33,-17.97,-7.43,173.72,54.041,54.340,-29.6921,-11.6030,33.09,515.42,-32.2257,-7.6167,,,0.23176,0
163.1790,55,55,6,1,67.00,561.89,dwell,219.76,698.64,205.03,0,178.690,8.335,179.887,-18.29,20.89,147.21,-18.51,-7.89,173.79,54.114,54.574,-36.1536,-2.9979,219.76,698.64,-33.9932,-5.5382,,,0.23392,0
163.2659,55,55,6,1,67.00,561.89,dwell,164.34,510.77,109.95,0,178.630,8.252,179.868,-18.26,21.00,146.92,-17.50,-6.99,173.72,54.179,54.849,-29.5524,-4.9711,164.34,510.77,-31.9949,-5.2830,,,0.22143,0
163.3549,55,55,6,1,67.00,561.89,dwell,120.46,521.67,66.90,0,178.752,8.323,179.866,-18.24,21.00,146.95,-17.11,-7.90,173.08,54.430,54.361,-29.8943,-7.4134,120.46,521.67,-31.0496,-6.2417,,,0.23169,0
163.4580,55,55,6,1,67.00,561.89,dwell,79.16,472.25,90.46,0,178.770,8.327,179.864,-18.19,20.86,146.87,-17.90,-8.08,173.26,54.081,54.097,-28.2542,-8.7141,79.16,472.25,-29.7917,-7.3543,,,0.20746,0
163.5700,55,55,6,1,67.00,561.89,dwell,23.33,413.04,155.12,0,178.748,8.297,179.836,-18.15,20.82,146.85,-17.43,-7.76,172.79,53.896,54.707,-26.1344,-12.1970,23.33,413.04,-28.1459,-9.5335,,,0.23604,0
163.6700,55,55,6,1,67.00,561.89,dwell,44.55,455.34,108.89,0,178.712,8.414,179.821,-18.28,20.63,146.76,-18.13,-7.02,173.05,53.765,54.725,-27.0500,-10.9981,44.55,455.34,-27.6527,-10.1926,,,0.22912,0
163.7687,55,55,6,1,67.00,561.89,dwell,-18.05,388.70,192.95,0,178.729,8.365,179.838,-18.23,20.48,146.66,-17.75,-8.45,172.70,53.564,54.516,-25.1423,-13.8607,-18.05,388.70,-26.5231,-11.8432,,,0.19819,0
163.8715,55,55,6,1,67.00,561.89,dwell,-13.79,357.99,219.32,0,178.640,8.447,179.847,-18.26,20.60,146.85,-17.14,-7.63,172.96,53.752,54.300,-22.9810,-13.9578,-13.79,357.99,-24.9291,-12.7948,,,0.21907,0
163.9763,55,55,6,1,67.00,561.89,capture,-30.14,317.05,263.41,0,178.660,8.387,179.854,-18.23,20.51,146.80,-18.18,-7.52,173.06,54.061,54.234,-22.9680,-14.0553,-30.14,317.05,-24.0466,-13.3620,,,0.22497,0
164.0946,55,55,6,1,67.00,561.89,capture,-6.85,322.52,250.50,0,178.616,8.311,179.846,-18.28,20.52,146.94,-17.63,-6.93,172.98,53.808,54.226,-22.3088,-13.3183,-6.85,322.52,-23.2646,-13.3423,,,0.21223,0
164.2015,55,55,6,1,67.00,561.89,capture,-13.81,311.92,262.71,0,178.655,8.249,179.824,-18.36,20.54,147.21,-18.11,-7.87,173.91,53.488,54.204,-21.8205,-13.6232,-13.81,311.92,-22.6147,-13.4687,,,0.22558,0
164.3134,55,55,6,1,67.00,561.89,capture,-13.39,309.87,264.53,0,178.673,8.292,179.787,-18.48,20.69,147.34,-17.79,-7.37,173.23,53.580,54.215,-22.9262,-13.5903,-13.39,309.87,-22.7549,-13.5235,,,0.19228,0
164.4027,55,55,6,1,67.00,561.89,capture,-34.98,318.19,264.18,0,178.678,8.279,179.791,-18.45,20.59,147.50,-18.10,-7.73,173.66,53.907,54.593,-23.1412,-14.3550,-34.98,318.19,-22.9287,-13.8977,,,0.21393,0
164.5015,55,55,6,1,67.00,561.89,capture,-28.00,288.98,288.97,0,178.781,8.221,179.820,-18.46,20.62,147.53,-17.83,-6.89,173.75,54.073,54.298,-21.1747,-14.6881,-28.00,288.98,-22.1394,-14.2533,,,0.23385,0
164.5964,55,55,6,1,67.00,561.89,capture,-27.23,310.20,268.75,0,178.835,8.296,179.804,-18.54,20.59,147.25,-18.59,-8.25,173.45,54.044,54.233,-22.5848,-13.9589,-27.23,310.20,-22.3398,-14.1208,,,0.20184,0
164.7092,55,55,6,1,67.00,561.89,capture,-19.44,333.27,244.41,0,178.779,8.289,179.825,-18.62,20.61,147.49,-18.05,-6.98,173.78,53.587,54.623,-22.0418,-13.8298,-19.44,333.27,-22.2057,-13.9899,,,0.21286,0
164.7959,55,55,6,1,67.00,561.89,capture,-15.27,297.14,277.24,0,178.745,8.386,179.818,-18.53,20.80,147.58,-17.81,-7.10,173.75,53.817,54.807,-21.3374,-13.3072,-15.27,297.14,-21.8150,-13.6827,,,0.21490,0
164.8964,55,55,6,1,67.00,561.89,capture,8.53,297.70,270.58,0,178.781,8.368,179.805,-18.40,20.83,147.61,-17.97,-8.53,173.99,53.696,54.247,-21.4199,-12.6017,8.53,297.70,-21.6372,-13.1962,,,0.22455,0
164.9859,55,55,6,1,67.00,561.89,capture,-29.41,299.40,279.63,0,178.942,8.340,179.830,-18.35,20.82,147.45,-17.85,-7.35,173.36,53.316,54.043,-20.6443,-14.0398,-29.41,299.40,-21.1904,-13.5758,,,0.18887,0
165.0955,55,55,6,1,67.00,561.89,capture,-4.36,300.51,270.94,0,178.804,8.347,179.788,-18.42,21.03,147.45,-18.01,-7.37,173.60,53.157,54.048,-20.9604,-12.9989,-4.36,300.51,-21.0869,-13.3162,,,0.21230,0
165.1775,55,55,6,1,67.00,561.89,capture,-28.22,312.89,266.58,0,178.757,8.290,179.803,-18.41,21.11,147.53,-18.00,-7.11,173.92,53.312,53.953,-21.5466,-13.7026,-28.22,312.89,-21.2937,-13.4901,,,0.20953,0
165.2918,55,55,6,1,67.00,561.89,capture,-16.61,308.29,267.03,0,178.791,8.318,179.815,-18.43,21.00,147.60,-18.06,-7.40,173.52,53.340,54.001,-21.4934,-13.6124,-16.61,308.29,-21.3836,-13.5451,,,0.17805,0
165.3824,55,55,6,1,67.00,561.89,capture,-24.24,320.18,258.36,0,178.879,8.378,179.841,-18.44,20.95,147.54,-17.70,-7.53,173.78,53.405,53.857,-22.4369,-13.7794,-24.24,320.18,-21.8576,-13.6506,,,0.23404,0
165.4738,55,55,6,1,67.00,561.89,capture,-22.27,302.67,274.16,0,178.742,8.409,179.856,-18.47,20.97,147.64,-18.11,-6.96,174.05,53.509,53.830,-20.9332,-13.9439,-22.27,302.67,-21.4416,-13.7826,,,0.19577,0
165.5880,55,55,6,1,67.00,561.89,capture,7.46,299.00,269.55,0,178.675,8.359,179.869,-18.31,20.91,147.55,-17.63,-7.54,174.04,53.664,54.006,-22.3368,-13.0577,7.46,299.00,-21.8444,-13.4564,,,0.18948,0
165.6775,55,55,6,1,67.00,561.89,capture,-15.74,315.08,260.31,0,178.828,8.379,179.886,-18.33,20.77,147.61,-18.23,-7.96,174.50,54.099,53.768,-21.7278,-13.6010,-15.74,315.08,-21.7920,-13.5215,,,0.22518,0
165.7679,55,55,6,1,67.00,561.89,capture,-23.53,302.48,274.75,0,178.796,8.235,179.848,-18.34,20.77,147.70,-17.41,-8.08,174.02,53.824,53.376,-21.6765,-14.0401,-23.53,302.48,-21.7400,-13.7548,,,0.20539,0
165.8683,55,55,6,1,67.00,561.89,capture,-20.70,295.25,280.69,0,178.881,8.088,179.826,-18.37,20.81,147.73,-17.82,-7.60,174.30,53.694,53.429,-20.6881,-13.6793,-20.70,295.25,-21.2667,-13.7208,,,0.23265,0
166.0343,56,35,3,8,379.67,302.56,dwell,36.79,221.08,352.42,0,178.896,8.201,179.792,-18.42,20.89,147.80,-17.29,-7.22,173.70,53.409,53.169,-19.3104,-10.9041,36.79,221.08,-19.3104,-10.9041,,,0.21231,0
166.1337,56,35,3,8,379.67,302.56,dwell,15.97,290.58,363.89,0,178.861,8.195,179.751,-18.36,20.92,147.84,-17.35,-7.66,174.60,53.958,53.514,-21.1193,-12.7143,15.97,290.58,-20.1244,-11.7187,,,0.22789,0
166.2157,56,35,3,8,379.67,302.56,dwell,121.92,253.09,262.45,0,178.807,8.089,179.770,-18.45,20.73,147.58,-18.06,-8.31,173.63,53.623,53.709,-20.0802,-6.7918,121.92,253.09,-20.1045,-9.5016,,,0.19278,0
166.3125,56,35,3,8,379.67,302.56,dwell,163.96,238.86,224.91,0,178.811,8.124,179.761,-18.35,20.86,147.54,-18.03,-8.27,173.88,53.812,54.061,-19.1815,-5.3912,163.96,238.86,-19.6892,-7.6519,,,0.21966,0
166.4276,56,35,3,8,379.67,302.56,dwell,157.03,192.31,248.44,0,178.676,7.989,179.757,-18.43,21.02,147.47,-17.97,-7.24,174.10,53.644,53.842,-18.1426,-5.6485,157.03,192.31,-18.9932,-6.7504,,,0.20133,0
166.5201,56,35,3,8,379.67,302.56,dwell,235.15,276.68,146.81,0,178.756,8.113,179.748,-18.36,21.08,147.52,-18.43,-6.23,173.88,53.552,53.924,-21.1034,-2.3109,235.15,276.68,-19.9428,-4.7526,,,0.20531,0
166.6201,56,35,3,8,379.67,302.56,dwell,292.03,316.47,88.73,0,178.637,7.882,179.731,-18.31,21.01,147.48,-17.60,-8.01,174.18,53.631,53.921,-22.2862,0.3861,292.03,316.47,-20.9973,-2.4402,,,0.19000,0
166.7148,56,35,3,8,379.67,302.56,dwell,317.45,259.59,75.61,0,178.798,7.821,179.746,-18.48,21.08,147.44,-18.14,-8.23,173.29,53.735,53.992,-20.7558,1.7764,317.45,259.59,-20.8886,-0.5427,,,0.21566,0
166.7968,56,35,3,8,379.67,302.56,dwell,318.04,234.40,91.89,0,178.828,7.828,179.757,-18.47,21.00,147.28,-18.68,-7.85,173.24,54.157,53.802,-19.0567,1.5833,318.04,234.40,-20.0643,0.4140,,,0.23199,0
166.9053,56,35,3,8,379.67,302.56,dwell,382.03,239.43,63.17,0,178.810,7.946,179.751,-18.38,21.11,147.25,-17.90,-7.07,173.46,54.324,54.235,-18.8203,4.8146,382.03,239.43,-19.5045,2.3943,,,0.22873,0
167.0185,56,35,3,8,379.67,302.56,capture,402.46,227.04,78.88,0,178.820,7.983,179.760,-18.24,21.18,147.21,-17.70,-7.95,173.85,54.341,54.598,-18.5030,6.1897,402.46,227.04,-19.0538,4.1022,,,0.24936,0
167.1152,56,35,3,8,379.67,302.56,capture,380.46,216.08,86.48,0,178.863,7.937,179.759,-18.22,20.97,147.36,-17.95,-7.70,174.06,54.182,54.798,-18.2606,5.4597,380.46,216.08,-18.6969,4.7131,,,0.21618,0
167.2216,56,35,3,8,379.67,302.56,capture,381.41,240.16,62.42,0,178.840,7.996,179.762,-18.26,21.11,147.52,-18.23,-7.85,173.77,54.034,54.483,-20.1020,4.7086,381.41,240.16,-19.3292,4.7111,,,0.22482,0
167.3145,56,35,3,8,379.67,302.56,capture,395.56,245.46,59.27,0,178.861,7.930,179.805,-18.36,21.22,147.40,-17.42,-7.30,173.55,53.959,54.493,-19.9134,5.2220,395.56,245.46,-19.5921,4.9410,,,0.21419,0
167.4074,56,35,3,8,379.67,302.56,capture,394.74,224.95,79.06,0,178.857,7.886,179.809,-18.27,21.12,147.57,-17.89,-7.61,173.93,53.759,53.956,-19.4729,5.5099,394.74,224.95,-19.5385,5.1970,,,0.23346,0
167.4894,56,35,3,8,379.67,302.56,capture,394.67,231.45,72.67,0,178.882,7.962,179.812,-18.23,21.13,147.34,-17.99,-6.45,173.23,53.569,53.933,-18.0852,6.2067,394.67,231.45,-18.8845,5.6514,,,0.21046,0
167.5828,56,35,3,8,379.67,302.56,capture,398.32,233.91,71.13,0,178.892,7.849,179.830,-18.29,21.07,147.73,-17.87,-6.99,174.13,53.580,54.062,-19.0954,5.9704,398.32,233.91,-18.9794,5.7950,,,0.19904,0
167.6919,56,35,3,8,379.67,302.56,capture,388.42,257.59,45.81,0,178.967,7.835,179.816,-18.29,21.25,147.60,-17.20,-7.92,173.72,53.544,53.717,-20.0901,4.9379,388.42,257.59,-19.4792,5.4093,,,0.20471,0
167.7994,56,35,3,8,379.67,302.56,capture,378.18,225.87,76.70,0,179.028,7.773,179.812,-18.27,20.96,147.41,-18.03,-7.80,173.73,53.836,53.784,-17.6979,4.6089,378.18,225.87,-18.6776,5.0491,,,0.21123,0
167.9006,56,35,3,8,379.67,302.56,capture,379.27,236.34,66.22,0,179.027,7.677,179.803,-18.35,20.87,147.62,-17.67,-7.40,173.47,53.475,53.677,-19.7946,4.8212,379.27,236.34,-19.1803,4.9466,,,0.18880,0
167.9982,56,35,3,8,379.67,302.56,capture,385.78,235.31,67.52,0,179.050,7.752,179.812,-18.39,21.07,147.69,-17.88,-7.56,173.78,53.433,53.744,-19.5026,5.1384,385.78,235.31,-19.3253,5.0329,,,0.23393,0
168.0891,56,35,3,8,379.67,302.56,capture,388.43,227.53,75.54,0,178.989,7.741,179.854,-18.37,21.00,147.82,-18.73,-7.46,173.81,53.408,53.474,-19.0239,5.3623,388.43,227.53,-19.1897,5.1811,,,0.20157,0
168.1807,56,35,3,8,379.67,302.56,capture,394.70,217.59,86.29,0,178.864,7.817,179.904,-18.50,20.91,147.70,-17.84,-7.38,173.73,53.574,53.154,-17.2810,5.5588,394.70,217.59,-18.3308,5.3511,,,0.22793,0
168.2921,56,35,3,8,379.67,302.56,capture,406.56,239.28,68.75,0,178.850,7.785,179.886,-18.22,20.99,147.90,-17.51,-6.81,174.70,53.082,53.456,-18.3332,6.0713,406.56,239.28,-18.3319,5.6752,,,0.21207,0
168.4088,56,35,3,8,379.67,302.56,capture,388.10,220.81,82.18,0,178.756,7.844,179.889,-18.20,20.95,147.94,-17.82,-7.94,174.42,53.122,53.467,-18.2476,5.5989,388.10,220.81,-18.2939,5.6409,,,0.18068,0
168.5075,56,35,3,8,379.67,302.56,capture,397.41,238.11,66.84,0,178.794,7.947,179.881,-18.20,20.70,147.90,-17.09,-8.30,174.15,53.288,53.715,-18.9961,5.6437,397.41,238.11,-18.6099,5.6422,,,0.21840,0
168.6103,56,35,3,8,379.67,302.56,capture,408.88,244.81,64.71,0,178.874,7.895,179.882,-18.23,20.87,147.89,-17.99,-7.92,173.95,53.405,53.458,-18.8331,5.8015,408.88,244.81,-18.7103,5.7138,,,0.21482,0
168.7180,56,35,3,8,379.67,302.56,capture,404.08,222.13,84.05,0,178.918,7.927,179.818,-18.15,20.98,148.14,-18.34,-7.69,174.66,53.498,53.391,-18.5453,5.5709,404.08,222.13,-18.6361,5.6495,,,0.21088,0
168.8070,56,35,3,8,379.67,302.56,capture,384.23,239.75,62.97,0,179.064,7.857,179.811,-18.13,20.92,148.20,-18.05,-7.89,174.39,53.269,53.362,-17.5288,5.1522,384.23,239.75,-18.1378,5.4257,,,0.20402,0
168.9124,56,35,3,8,379.67,302.56,capture,382.75,230.62,72.00,0,179.103,7.994,179.836,-18.15,21.04,148.16,-18.31,-7.48,174.76,53.316,53.335,-19.7540,5.3293,382.75,230.62,-18.8651,5.3823,,,0.21240,0
169.1201,57,5,0,5,245.67,43.22,dwell,290.57,324.19,284.53,0,178.989,7.860,179.854,-18.27,20.98,148.06,-17.66,-6.98,174.27,53.751,53.694,-21.7904,0.2964,290.57,324.19,-21.7904,0.2964,,,0.21621,0
169.2131,57,5,0,5,245.67,43.22,dwell,313.37,90.31,82.47,0,179.123,7.848,179.827,-18.25,20.89,148.02,-18.31,-6.87,174.79,53.789,53.778,-13.8727,1.1334,313.37,90.31,-18.2274,0.6731,,,0.23083,0
169.3117,57,5,0,5,245.67,43.22,dwell,375.93,143.06,164.12,0,179.168,7.994,179.810,-18.28,20.89,148.29,-17.72,-7.95,175.10,54.023,53.598,-15.6677,4.1414,375.93,143.06,-17.0755,2.2338,,,0.21253,0
169.4118,57,5,0,5,245.67,43.22,dwell,326.06,204.18,179.92,0,179.131,7.833,179.803,-18.27,20.95,148.31,-18.06,-7.47,175.10,53.648,53.848,-17.3686,1.7044,326.06,204.18,-17.2074,1.9956,,,0.21700,0
169.5311,57,5,0,5,245.67,43.22,dwell,239.55,80.72,37.99,1,178.963,7.833,179.812,-18.23,20.84,148.27,-17.66,-7.98,174.57,53.724,53.980,-12.4126,-2.0755,239.55,80.72,-15.0498,0.1636,,,0.22269,0
169.6222,57,5,0,5,245.67,43.22,dwell,236.11,57.44,17.13,1,178.926,7.684,179.815,-18.30,20.72,148.42,-17.57,-7.77,174.89,53.402,54.146,-12.3928,-2.5306,236.11,57.44,-13.8541,-1.0488,,,0.19401,0
169.7319,57,5,0,5,245.67,43.22,dwell,232.02,37.53,14.79,1,178.840,7.702,179.807,-18.37,20.77,148.48,-18.55,-7.45,174.95,53.402,54.328,-11.2422,-1.5836,232.02,37.53,-12.6788,-1.2895,,,0.21256,0
169.8468,57,5,0,5,245.67,43.22,dwell,233.82,15.22,30.41,1,178.958,7.750,179.832,-18.41,20.83,148.48,-17.89,-7.46,175.28,53.386,54.679,-10.7122,-2.1567,233.82,15.22,-11.7938,-1.6797,,,0.23481,0
169.9506,57,5,0,5,245.67,43.22,dwell,207.15,-9.98,65.68,0,178.980,7.649,179.847,-18.42,20.84,148.34,-17.78,-6.85,175.48,53.393,54.624,-9.6433,-2.6636,207.15,-9.98,-10.8261,-2.1225,,,0.22137,0
170.0426,57,5,0,5,245.67,43.22,capture,220.07,-9.64,58.73,0,178.971,7.667,179.836,-18.40,20.60,148.18,-17.56,-8.36,174.81,53.285,54.287,-9.5022,-2.4823,220.07,-9.64,-10.2303,-2.2844,,,0.19908,0
170.1535,57,5,0,5,245.67,43.22,capture,214.71,-18.92,69.43,0,179.103,7.590,179.838,-18.33,20.45,148.10,-17.52,-7.55,174.45,52.989,54.050,-8.8735,-3.0113,214.71,-18.92,-9.6198,-2.6115,,,0.18992,0
170.2442,57,5,0,5,245.67,43.22,capture,198.46,-3.77,66.61,0,179.018,7.744,179.824,-18.39,20.47,147.95,-17.92,-8.10,174.34,53.178,54.206,-9.6498,-4.4984,198.46,-3.77,-9.6333,-3.4606,,,0.19228,0
170.3630,57,5,0,5,245.67,43.22,capture,212.61,-26.76,77.40,0,178.980,7.763,179.849,-18.25,20.35,147.88,-17.63,-8.28,174.05,52.840,53.899,-9.6526,-3.1783,212.61,-26.76,-9.6420,-3.3336,,,0.18521,0
170.4740,57,5,0,5,245.67,43.22,capture,217.26,-20.72,69.97,0,178.986,7.847,179.872,-18.23,20.44,147.82,-18.05,-7.31,174.32,53.137,54.068,-9.3095,-2.3415,217.26,-20.72,-9.4923,-2.8871,,,0.20444,0
170.5731,57,5,0,5,245.67,43.22,capture,215.86,-41.56,89.87,0,178.880,7.855,179.872,-18.29,20.48,147.55,-16.99,-8.38,173.58,53.204,54.290,-7.2721,-2.7314,215.86,-41.56,-8.4932,-2.8171,,,0.20143,0
170.6765,57,5,0,5,245.67,43.22,capture,208.49,-34.18,85.87,0,178.995,7.824,179.846,-18.41,20.61,147.65,-17.94,-7.95,174.45,53.372,54.616,-8.3983,-3.0127,208.49,-34.18,-8.4505,-2.9051,,,0.20347,0
170.7725,57,5,0,5,245.67,43.22,capture,200.72,6.92,57.78,0,178.880,7.855,179.836,-18.27,20.68,147.85,-18.04,-8.29,174.29,53.577,54.575,-10.5440,-3.7608,200.72,6.92,-9.3926,-3.2902,,,0.22649,0
170.8823,57,5,0,5,245.67,43.22,capture,216.20,-20.06,69.81,0,178.724,7.926,179.815,-18.32,20.67,147.90,-17.66,-7.48,174.15,53.676,54.563,-9.1218,-2.6000,216.20,-20.06,-9.2707,-2.9796,,,0.20383,0
170.9773,57,5,0,5,245.67,43.22,capture,204.46,-22.98,77.98,0,178.762,7.946,179.836,-18.37,20.85,147.74,-17.60,-7.73,174.41,53.958,54.144,-9.4211,-3.1607,204.46,-22.98,-9.3384,-3.0611,,,0.20047,0
171.0730,57,5,0,5,245.67,43.22,capture,220.25,4.32,46.47,0,178.673,7.839,179.812,-18.36,20.70,148.00,-17.90,-8.25,174.57,53.729,54.522,-10.3564,-2.1128,220.25,4.32,-9.7965,-2.6344,,,0.21023,0
171.1703,57,5,0,5,245.67,43.22,capture,231.36,-16.16,61.08,0,178.812,7.716,179.806,-18.45,20.62,148.05,-18.28,-8.24,174.63,53.954,54.789,-8.9144,-2.3579,231.36,-16.16,-9.3996,-2.5099,,,0.22744,0
171.2790,57,5,0,5,245.67,43.22,capture,218.31,-4.97,55.42,0,178.910,7.629,179.848,-18.42,20.69,148.06,-18.48,-7.84,174.39,54.287,54.973,-9.1479,-2.9275,218.31,-4.97,-9.2863,-2.6979,,,0.23516,0
171.3825,57,5,0,5,245.67,43.22,capture,204.78,-9.65,66.84,0,178.945,7.647,179.838,-18.46,20.61,148.03,-18.11,-7.88,174.82,54.089,54.921,-10.0345,-3.0554,204.78,-9.65,-9.6230,-2.8588,,,0.22009,0
171.4839,57,5,0,5,245.67,43.22,capture,207.74,-29.60,82.11,0,178.982,7.605,179.822,-18.32,20.84,147.79,-18.17,-8.41,174.39,53.642,54.683,-8.1977,-3.5150,207.74,-29.60,-8.9816,-3.1541,,,0.21075,0
171.5822,57,5,0,5,245.67,43.22,capture,217.60,-28.40,76.93,0,178.905,7.626,179.800,-18.30,20.73,147.99,-17.66,-7.64,174.44,53.617,54.229,-8.7005,-2.6230,217.60,-28.40,-8.8551,-2.9151,,,0.21849,0
171.6975,57,5,0,5,245.67,43.22,capture,233.00,-28.52,72.85,0,178.717,7.465,179.798,-18.46,20.57,148.03,-18.47,-7.61,174.19,53.962,54.360,-8.1552,-2.4249,233.00,-28.52,-8.5402,-2.6945,,,0.22858,0
171.8076,57,5,0,5,245.67,43.22,capture,225.47,-39.32,84.98,0,178.620,7.343,179.789,-18.54,20.71,147.86,-18.02,-7.15,174.27,53.702,54.539,-8.4678,-2.1445,225.47,-39.32,-8.5076,-2.4470,,,0.23108,0
171.9201,57,5,0,5,245.67,43.22,capture,215.61,3.53,49.79,0,178.689,7.398,179.806,-18.45,20.58,147.90,-17.70,-7.26,174.36,54.113,54.216,-10.3965,-2.8707,215.61,3.53,-9.3576,-2.6377,,,0.19814,0
172.0243,57,5,0,5,245.67,43.22,capture,215.64,-19.56,69.59,0,178.777,7.315,179.812,-18.45,20.55,148.03,-17.65,-8.80,174.23,54.137,54.130,-8.8496,-3.0775,215.64,-19.56,-9.1290,-2.8356,,,0.24173,0
172.1935,58,18,2,0,22.33,216.11,dwell,113.62,-11.64,245.36,0,178.752,7.479,179.788,-18.55,20.69,148.14,-18.16,-8.26,174.15,54.222,54.356,-9.0358,-7.2327,113.62,-11.64,-9.0358,-7.2327,,,0.26562,0
172.3200,58,18,2,0,22.33,216.11,dwell,283.90,-33.61,361.63,0,178.869,7.686,179.777,-18.51,20.68,148.23,-17.86,-7.50,174.70,54.138,54.163,-8.2755,-0.0966,283.90,-33.61,-8.6937,-4.0215,,,0.23449,0
172.4093,58,18,2,0,22.33,216.11,dwell,244.84,-38.60,338.21,0,178.949,7.759,179.787,-18.50,20.59,148.24,-18.33,-7.99,174.86,54.253,54.558,-8.4111,-1.3918,244.84,-38.60,-8.5665,-2.8381,,,0.22109,0
172.5112,58,18,2,0,22.33,216.11,dwell,225.23,193.57,204.14,0,179.003,7.697,179.793,-18.60,20.50,148.38,-17.77,-8.31,175.31,54.017,54.415,-17.3079,-1.9711,225.23,193.57,-12.5001,-2.4480,,,0.22156,0
172.5932,58,18,2,0,22.33,216.11,dwell,127.43,82.89,169.69,0,179.006,7.574,179.807,-18.61,20.53,148.35,-17.54,-7.93,174.78,53.822,54.073,-12.8019,-7.2661,127.43,82.89,-12.6359,-4.6161,,,0.20939,0
172.6957,58,18,2,0,22.33,216.11,dwell,138.18,176.21,122.53,0,179.053,7.550,179.778,-18.56,20.56,148.27,-17.81,-7.15,174.44,53.478,54.426,-16.4249,-6.7396,138.18,176.21,-14.3410,-5.5717,,,0.22653,0
172.7925,58,18,2,0,22.33,216.11,dwell,135.06,117.87,149.53,0,179.171,7.556,179.786,-18.67,20.87,148.27,-18.39,-7.17,174.93,53.521,53.829,-14.3017,-6.6964,135.06,117.87,-14.3233,-6.0778,,,0.21811,0
172.8745,58,18,2,0,22.33,216.11,dwell,58.08,144.52,80.02,0,179.174,7.639,179.786,-18.57,20.80,148.21,-18.07,-8.38,174.27,53.547,53.172,-15.9639,-10.3896,58.08,144.52,-15.0616,-8.0181,,,0.19796,0
172.9928,58,18,2,0,22.33,216.11,dwell,95.08,202.36,74.03,0,179.122,7.715,179.786,-18.60,20.72,147.92,-18.07,-8.38,173.98,53.354,53.495,-18.2718,-8.7585,95.08,202.36,-16.5062,-8.3513,,,0.20365,0
173.1148,58,18,2,0,22.33,216.11,dwell,136.10,223.90,114.03,0,178.922,7.702,179.772,-18.59,20.51,147.78,-17.73,-8.13,174.05,53.428,54.160,-18.6473,-6.9747,136.10,223.90,-17.4697,-7.7318,,,0.18706,0
173.2320,58,18,2,0,22.33,216.11,capture,110.59,222.53,88.49,0,179.034,7.851,179.752,-18.52,20.56,147.67,-17.55,-8.02,173.83,53.603,54.273,-18.4136,-7.5359,110.59,222.53,-17.8944,-7.6437,,,0.22766,0
173.3504,58,18,2,0,22.33,216.11,capture,86.40,218.70,64.12,0,179.135,7.782,179.760,-18.40,20.60,147.61,-17.70,-7.61,173.81,53.582,54.361,-19.2186,-9.1899,86.40,218.70,-18.4903,-8.3395,,,0.21487,0
173.4324,58,18,2,0,22.33,216.11,capture,86.02,250.36,72.31,0,179.142,7.629,179.773,-18.47,20.58,147.80,-18.44,-8.27,173.95,53.738,54.260,-19.8642,-9.0590,86.02,250.36,-19.1085,-8.6633,,,0.22585,0
173.5305,58,18,2,0,22.33,216.11,capture,85.80,232.23,65.48,0,179.180,7.717,179.759,-18.41,20.57,147.77,-17.90,-8.27,174.57,53.816,54.093,-19.4374,-9.6717,85.80,232.23,-19.2565,-9.1171,,,0.21483,0
173.6125,58,18,2,0,22.33,216.11,capture,88.08,220.95,65.92,0,178.953,7.637,179.758,-18.36,20.47,147.85,-18.48,-7.89,174.21,53.637,54.026,-18.6620,-8.2346,88.08,220.95,-18.9890,-8.7200,,,0.20687,0
173.7202,58,18,2,0,22.33,216.11,capture,87.60,227.40,66.24,0,178.880,7.593,179.782,-18.53,20.48,147.83,-17.75,-8.26,173.78,53.504,53.894,-17.9679,-8.3433,87.60,227.40,-18.5295,-8.5505,,,0.22291,0
173.8301,58,18,2,0,22.33,216.11,capture,89.81,244.40,73.17,0,178.808,7.610,179.831,-18.55,20.51,147.84,-17.98,-8.63,174.64,53.438,53.675,-19.6725,-8.5846,89.81,244.40,-19.0438,-8.5658,,,0.19968,0
173.9252,58,18,2,0,22.33,216.11,capture,100.05,235.06,79.99,0,178.903,7.773,179.838,-18.62,20.57,147.64,-18.17,-8.27,173.89,53.818,53.859,-18.3053,-8.2461,100.05,235.06,-18.7115,-8.4220,,,0.22080,0
174.0355,58,18,2,0,22.33,216.11,capture,90.21,231.16,69.52,0,178.900,7.809,179.833,-18.56,20.61,147.57,-18.05,-8.36,173.46,54.004,53.548,-18.9780,-8.9701,90.21,231.16,-18.8314,-8.6686,,,0.24163,0
174.1428,58,18,2,0,22.33,216.11,capture,115.57,249.64,99.08,0,178.945,7.779,179.811,-18.49,20.49,147.42,-17.94,-8.17,173.65,54.192,53.646,-20.5881,-7.7450,115.57,249.64,-19.6219,-8.2530,,,0.22937,0
174.2491,58,18,2,0,22.33,216.11,capture,115.66,231.36,94.56,0,178.967,7.708,179.849,-18.54,20.44,147.54,-18.27,-7.48,173.51,53.879,53.755,-18.9238,-7.1343,115.66,231.36,-19.3078,-7.7496,,,0.21666,0
174.3445,58,18,2,0,22.33,216.11,capture,111.15,231.08,90.07,0,178.853,7.678,179.853,-18.43,20.66,147.61,-17.95,-7.78,173.82,53.756,54.111,-17.9424,-8.2560,111.15,231.08,-18.6934,-7.9775,,,0.22786,0
174.4289,58,18,2,0,22.33,216.11,capture,112.18,230.31,90.96,0,178.929,7.625,179.825,-18.43,20.73,147.55,-17.57,-7.68,173.93,54.093,54.096,-18.6755,-7.6692,112.18,230.31,-18.6853,-7.8388,,,0.24650,0
174.5544,58,18,2,0,22.33,216.11,capture,96.52,249.01,81.15,0,178.849,7.665,179.845,-18.47,20.74,147.40,-18.72,-7.94,173.79,53.983,54.138,-19.2748,-9.0230,96.52,249.01,-18.9506,-8.3717,,,0.21840,0
174.6437,58,18,2,0,22.33,216.11,capture,113.36,213.93,91.05,0,178.905,7.682,179.881,-18.51,20.58,147.35,-18.36,-7.75,173.65,53.989,54.121,-18.4439,-7.1440,113.36,213.93,-18.7226,-7.8192,,,0.21715,0
174.7374,58,18,2,0,22.33,216.11,capture,85.07,223.70,63.19,0,178.946,7.712,179.881,-18.49,20.49,146.94,-17.55,-8.36,173.26,54.013,54.376,-17.8484,-8.7301,85.07,223.70,-18.3292,-8.2291,,,0.19819,0
174.8573,58,18,2,0,22.33,216.11,capture,88.92,241.53,71.27,0,178.941,7.552,179.844,-18.57,20.46,146.65,-18.11,-8.16,172.87,54.013,54.499,-19.9787,-9.0128,88.92,241.53,-19.0715,-8.5818,,,0.21434,0
174.9625,58,18,2,0,22.33,216.11,capture,99.99,229.54,78.81,0,178.992,7.613,179.835,-18.57,20.30,146.59,-18.62,-8.21,172.62,53.684,54.427,-18.4054,-8.2394,99.99,229.54,-18.7717,-8.4277,,,0.21283,0
175.0718,58,18,2,0,22.33,216.11,capture,121.41,245.70,103.40,0,179.099,7.784,179.876,-18.54,20.30,146.59,-18.24,-8.18,172.52,53.402,53.994,-19.1896,-7.5428,121.41,245.70,-18.9598,-8.0295,,,0.20373,0
175.1694,58,18,2,0,22.33,216.11,capture,86.22,252.20,73.38,0,179.027,7.680,179.864,-18.38,20.44,146.54,-17.74,-8.04,172.63,53.466,53.889,-19.7609,-8.4503,86.22,252.20,-19.3203,-8.2189,,,0.21285,0
175.3628,59,14,1,5,245.67,129.67,dwell,-10.59,165.22,258.71,0,178.905,7.731,179.823,-18.33,20.53,146.46,-17.98,-7.72,172.55,53.712,54.417,-16.2542,-13.1578,-10.59,165.22,-16.2542,-13.1578,,,0.20119,0
175.4667,59,14,1,5,245.67,129.67,dwell,117.39,144.59,129.14,0,178.893,7.716,179.843,-18.44,20.43,146.74,-17.95,-8.89,173.02,53.348,54.438,-15.3366,-7.5439,117.39,144.59,-15.8413,-10.6315,,,0.19148,0
175.5561,59,14,1,5,245.67,129.67,dwell,161.23,234.89,134.91,0,178.903,7.668,179.853,-18.35,20.35,146.87,-18.13,-7.48,173.34,53.673,54.238,-18.3706,-5.3936,161.23,234.89,-16.9795,-8.2744,,,0.20568,0
175.6480,59,14,1,5,245.67,129.67,dwell,225.69,47.64,84.42,0,178.842,7.693,179.856,-18.22,20.59,146.63,-18.20,-7.85,172.89,53.809,54.434,-10.5075,-2.0341,225.69,47.64,-14.0671,-5.4663,,,0.20612,0
175.7561,59,14,1,5,245.67,129.67,dwell,157.75,-29.31,181.67,0,178.782,7.652,179.876,-18.27,20.67,146.56,-18.36,-8.34,171.98,53.937,54.689,-7.8242,-5.1597,157.75,-29.31,-11.2578,-5.3283,,,0.20282,0
175.8575,59,14,1,5,245.67,129.67,dwell,250.51,127.64,5.25,1,178.842,7.594,179.879,-18.19,20.53,146.62,-17.75,-8.50,172.57,54.156,54.569,-14.0470,-1.8867,250.51,127.64,-12.5129,-3.7796,,,0.20812,0
175.9471,59,14,1,5,245.67,129.67,dwell,236.44,78.05,52.43,0,178.897,7.585,179.895,-18.25,20.44,146.36,-17.66,-7.99,171.70,54.245,54.437,-13.0089,-1.6232,236.44,78.05,-12.7361,-2.8092,,,0.21187,0
176.0336,59,14,1,5,245.67,129.67,dwell,269.67,44.55,88.44,0,178.884,7.670,179.897,-18.28,20.50,146.77,-17.47,-8.15,173.05,54.076,54.551,-11.4271,-0.0966,269.67,44.55,-12.1471,-1.5886,,,0.21299,0
176.1585,59,14,1,5,245.67,129.67,dwell,229.05,55.68,75.83,0,178.926,7.909,179.924,-18.35,20.66,146.68,-17.88,-8.32,172.60,53.998,54.355,-11.9967,-2.2543,229.05,55.68,-12.0794,-1.8881,,,0.23143,0
176.2447,59,14,1,5,245.67,129.67,dwell,221.33,74.06,60.70,0,178.935,7.858,179.896,-18.44,20.71,146.64,-17.73,-8.20,172.84,53.583,54.117,-12.3838,-2.5434,221.33,74.06,-12.2164,-2.1830,,,0.20388,0
176.3412,59,14,1,5,245.67,129.67,capture,281.38,90.51,53.00,0,178.920,7.774,179.843,-18.36,20.85,146.70,-17.94,-7.59,172.89,53.502,54.427,-13.5689,0.1834,281.38,90.51,-12.8250,-1.1182,,,0.17729,0
176.4247,59,14,1,5,245.67,129.67,capture,286.54,79.34,64.83,0,178.966,7.791,179.837,-18.50,21.02,147.05,-17.86,-7.89,173.50,53.627,54.535,-12.7529,0.3258,286.54,79.34,-12.7926,-0.4684,,,0.19336,0
176.5168,59,14,1,5,245.67,129.67,capture,272.88,69.89,65.68,0,179.033,7.706,179.864,-18.54,20.88,147.21,-17.73,-7.72,173.56,53.443,54.190,-13.2723,-0.0169,272.88,69.89,-13.0084,-0.2652,,,0.18847,0
176.6087,59,14,1,5,245.67,129.67,capture,278.85,63.25,74.24,0,179.120,7.724,179.841,-18.58,20.99,147.39,-18.32,-6.66,173.74,53.492,54.026,-12.4121,0.9832,278.85,63.25,-12.7401,0.2966,,,0.20174,0
176.6907,59,14,1,5,245.67,129.67,capture,282.12,44.13,92.98,0,178.949,7.715,179.827,-18.65,20.92,147.62,-18.61,-7.69,174.00,53.487,53.949,-11.4756,0.5073,282.12,44.13,-12.1711,0.3914,,,0.19801,0
176.8005,59,14,1,5,245.67,129.67,capture,273.36,33.85,99.74,0,178.908,7.646,179.778,-18.61,21.12,147.65,-18.18,-7.24,173.81,53.450,54.124,-11.0769,0.1884,273.36,33.85,-11.6787,0.3000,,,0.20710,0
176.9102,59,14,1,5,245.67,129.67,capture,272.81,69.53,65.98,0,178.999,7.647,179.776,-18.59,21.07,147.85,-17.72,-7.65,174.59,53.787,53.937,-13.3234,0.2104,272.81,69.53,-12.4188,0.2597,,,0.20792,0
176.9963,59,14,1,5,245.67,129.67,capture,276.75,45.35,89.86,0,179.052,7.609,179.766,-18.52,21.13,147.84,-17.33,-7.49,174.35,53.541,54.133,-11.4163,-0.4729,276.75,45.35,-11.9677,-0.0700,,,0.19956,0
177.0872,59,14,1,5,245.67,129.67,capture,295.05,75.40,73.37,0,178.968,7.626,179.786,-18.48,21.24,147.78,-18.61,-8.14,174.04,53.430,54.460,-12.5972,0.7289,295.05,75.40,-12.2510,0.2895,,,0.21246,0
177.1695,59,14,1,5,245.67,129.67,capture,296.61,67.37,80.47,0,178.890,7.663,179.762,-18.38,21.25,147.83,-17.74,-7.41,174.12,53.208,54.322,-11.9595,1.0192,296.61,67.37,-12.1198,0.6179,,,0.21543,0
177.2617,59,14,1,5,245.67,129.67,capture,294.70,53.32,90.74,0,178.836,7.601,179.765,-18.34,21.13,147.76,-18.09,-7.32,174.36,53.487,54.503,-11.8371,0.9635,294.70,53.32,-11.9926,0.7734,,,0.21172,0
177.3644,59,14,1,5,245.67,129.67,capture,305.04,86.93,73.15,0,178.790,7.577,179.798,-18.26,21.26,147.88,-18.36,-6.92,174.73,53.752,54.549,-12.8825,1.6615,305.04,86.93,-12.3930,1.1730,,,0.22439,0
177.4845,59,14,1,5,245.67,129.67,capture,283.45,85.87,57.84,0,178.785,7.704,179.802,-18.29,21.34,148.07,-18.27,-7.37,174.55,53.834,54.664,-13.2963,0.1589,283.45,85.87,-12.7995,0.7167,,,0.23385,0
177.5880,59,14,1,5,245.67,129.67,capture,283.56,79.01,63.26,0,178.817,7.594,179.803,-18.41,21.21,147.97,-18.29,-7.41,174.05,53.595,54.707,-13.2115,0.2706,283.56,79.01,-12.9849,0.5159,,,0.19940,0
177.6725,59,14,1,5,245.67,129.67,capture,282.82,44.08,93.30,0,178.947,7.586,179.774,-18.44,21.30,147.88,-17.90,-6.62,174.62,53.834,54.611,-11.2975,0.2361,282.82,44.08,-12.2256,0.3900,,,0.22073,0
177.7545,59,14,1,5,245.67,129.67,capture,280.55,54.52,82.85,0,178.887,7.604,179.777,-18.47,21.34,147.80,-17.30,-6.81,173.81,53.647,54.557,-12.5141,-0.0411,280.55,54.52,-12.3554,0.1960,,,0.22655,0
177.8650,59,14,1,5,245.67,129.67,capture,275.32,87.25,51.75,0,178.921,7.625,179.797,-18.57,21.22,147.75,-17.76,-7.95,174.06,53.689,54.519,-12.6922,-0.4824,275.32,87.25,-12.5070,-0.1093,,,0.19863,0
177.9693,59,14,1,5,245.67,129.67,capture,308.40,61.92,92.33,0,178.913,7.629,179.808,-18.59,21.15,147.70,-17.97,-7.41,174.08,53.680,54.428,-12.9291,1.6476,308.40,61.92,-12.6969,0.6813,,,0.22389,0
178.0842,59,14,1,5,245.67,129.67,capture,271.56,53.26,80.67,0,179.049,7.623,179.803,-18.46,20.81,147.54,-17.63,-8.06,174.40,53.569,54.537,-12.3476,-0.6116,271.56,53.26,-12.5398,0.0995,,,0.23464,0
178.1935,59,14,1,5,245.67,129.67,capture,291.76,65.36,79.12,0,179.069,7.815,179.775,-18.33,20.77,147.65,-18.16,-8.06,174.05,53.558,54.051,-11.6555,1.0348,291.76,65.36,-12.1418,0.5204,,,0.20182,0
178.2830,59,14,1,5,245.67,129.67,capture,266.73,48.74,83.62,0,179.054,7.780,179.775,-18.43,20.81,147.75,-18.37,-7.84,174.12,53.716,54.094,-11.9526,-0.2008,266.73,48.74,-12.0567,0.1958,,,0.21623,0
178.5052,60,64,7,1,67.00,648.33,dwell,232.69,213.64,465.20,0,179.111,7.792,179.774,-18.35,20.91,147.86,-18.11,-7.16,174.51,53.604,53.839,-18.9956,-1.7217,232.69,213.64,-18.9956,-1.7217,,,0.21031,0
178.6119,60,64,7,1,67.00,648.33,dwell,266.22,343.93,363.80,0,178.880,7.919,179.817,-18.41,20.88,147.88,-18.12,-7.70,174.56,53.522,53.929,-24.1316,0.1652,266.22,343.93,-21.3068,-0.8726,,,0.22929,0
178.7281,60,64,7,1,67.00,648.33,dwell,141.93,318.22,338.51,0,178.836,8.057,179.843,-18.49,20.81,147.80,-18.05,-7.14,174.01,53.579,53.998,-22.0278,-5.9923,141.93,318.22,-21.6313,-3.1765,,,0.19895,0
178.8101,60,64,7,1,67.00,648.33,dwell,165.29,381.44,284.42,0,178.844,8.204,179.832,-18.36,20.63,147.62,-17.89,-7.46,174.25,53.298,54.285,-25.6443,-5.0715,165.29,381.44,-23.4371,-4.0292,,,0.18132,0
178.8942,60,64,7,1,67.00,648.33,dwell,77.84,442.49,206.13,0,178.762,8.192,179.852,-18.37,20.73,147.71,-17.81,-7.71,174.42,53.374,54.223,-27.0034,-9.3560,77.84,442.49,-25.0420,-6.4263,,,0.21364,0
179.0129,60,64,7,1,67.00,648.33,dwell,37.85,495.48,155.61,0,178.728,8.295,179.842,-18.40,20.66,147.51,-18.06,-7.45,173.73,53.746,54.510,-28.1466,-11.4718,37.85,495.48,-26.4391,-8.6967,,,0.19824,0
179.0949,60,64,7,1,67.00,648.33,dwell,62.94,591.47,57.01,0,178.806,8.413,179.872,-18.32,20.65,147.57,-18.34,-8.44,174.19,54.074,54.496,-33.2459,-10.1194,62.94,591.47,-29.5021,-9.3369,,,0.22026,0
179.2010,60,64,7,1,67.00,648.33,dwell,74.43,608.14,40.87,1,178.661,8.540,179.862,-18.27,20.87,147.64,-17.71,-7.97,173.80,54.266,54.585,-34.3967,-9.7826,74.43,608.14,-31.7047,-9.5375,,,0.23753,0
179.3011,60,64,7,1,67.00,648.33,dwell,10.73,650.99,56.33,0,178.752,8.654,179.870,-18.30,20.74,147.77,-18.48,-7.26,174.08,54.478,54.707,-34.5850,-12.3249,10.73,650.99,-33.0008,-10.7918,,,0.21957,0
179.4200,60,64,7,1,67.00,648.33,dwell,-27.29,695.97,105.64,0,178.869,8.628,179.864,-18.24,20.75,148.03,-17.56,-7.96,174.57,54.622,55.335,-35.6788,-14.4832,-27.29,695.97,-34.2059,-12.4530,,,0.24790,0
179.5133,60,64,7,1,67.00,648.33,capture,-9.11,800.80,170.41,0,178.819,8.703,179.882,-18.25,20.68,148.15,-17.91,-7.74,174.87,54.359,54.947,-40.3447,-13.2131,-9.11,800.80,-36.9684,-12.7950,,,0.21150,0
179.6037,60,64,7,1,67.00,648.33,capture,-25.17,776.60,157.95,0,178.880,8.906,179.873,-18.10,20.72,148.27,-17.67,-7.36,174.87,54.321,54.733,-40.0424,-14.7323,-25.17,776.60,-38.3517,-13.6668,,,0.23170,0
179.6886,60,64,7,1,67.00,648.33,capture,1.79,799.85,164.95,0,178.810,8.988,179.846,-18.12,20.78,147.95,-18.27,-7.64,174.09,53.882,54.330,-40.6048,-12.9380,1.79,799.85,-39.3656,-13.3388,,,0.21725,0
179.7885,60,64,7,1,67.00,648.33,capture,-30.48,815.37,193.40,0,178.878,8.896,179.822,-17.98,20.85,147.83,-16.98,-7.63,174.52,53.805,54.636,-41.4337,-14.5413,-30.48,815.37,-40.2962,-13.8800,,,0.20218,0
179.8878,60,64,7,1,67.00,648.33,capture,-24.20,787.95,166.76,0,178.904,8.799,179.839,-17.96,21.01,147.78,-17.31,-7.89,174.51,53.300,54.970,-39.8937,-13.5397,-24.20,787.95,-40.1151,-13.7268,,,0.22378,0
179.9895,60,64,7,1,67.00,648.33,capture,-17.85,785.80,161.54,0,178.856,8.813,179.804,-18.00,20.86,147.72,-17.85,-8.18,174.06,53.358,54.744,-40.5557,-14.0738,-17.85,785.80,-40.3134,-13.8830,,,0.20731,0
180.0785,60,64,7,1,67.00,648.33,capture,1.84,805.21,169.87,0,178.862,8.676,179.800,-18.08,20.65,147.54,-17.30,-7.78,173.60,53.274,54.763,-40.6806,-12.8504,1.84,805.21,-40.4786,-13.4183,,,0.19564,0
180.1783,60,64,7,1,67.00,648.33,capture,-7.09,817.90,185.05,0,178.785,8.593,179.833,-18.19,20.71,147.38,-17.92,-8.08,173.66,53.440,54.855,-41.7941,-13.1843,-7.09,817.90,-41.0706,-13.3130,,,0.20236,0
180.2674,60,64,7,1,67.00,648.33,capture,-46.25,774.33,169.41,0,178.771,8.554,179.847,-18.28,20.61,147.22,-17.43,-7.47,173.73,53.510,54.307,-39.7003,-15.4241,-46.25,774.33,-40.4540,-14.2630,,,0.20905,0
180.3635,60,64,7,1,67.00,648.33,capture,-29.68,797.15,177.46,0,178.854,8.529,179.859,-18.30,20.44,147.12,-17.78,-8.26,172.81,53.787,54.260,-40.9242,-13.6510,-29.68,797.15,-40.6656,-13.9876,,,0.21134,0
180.4606,60,64,7,1,67.00,648.33,capture,-23.22,795.17,172.34,0,178.816,8.517,179.859,-18.36,20.24,147.04,-17.82,-8.49,173.11,53.931,54.288,-41.3359,-14.4601,-23.22,795.17,-40.9672,-14.2002,,,0.21849,0
180.5622,60,64,7,1,67.00,648.33,capture,-22.24,795.40,172.02,0,178.840,8.550,179.855,-18.25,20.34,147.23,-17.40,-8.39,173.22,54.490,54.929,-41.0586,-13.9917,-22.24,795.40,-41.0083,-14.1064,,,0.26578,0
180.6553,60,64,7,1,67.00,648.33,capture,-31.35,772.01,158.01,0,178.695,8.518,179.850,-18.33,20.39,147.06,-18.00,-7.75,173.37,54.402,54.675,-39.5274,-14.5560,-31.35,772.01,-40.3419,-14.3087,,,0.23173,0
180.7595,60,64,7,1,67.00,648.33,capture,-24.31,782.50,162.29,0,178.753,8.467,179.852,-18.22,20.58,147.12,-17.14,-6.98,173.52,54.064,54.763,-40.0893,-13.2450,-24.31,782.50,-40.2282,-13.8300,,,0.19736,0
180.8510,60,64,7,1,67.00,648.33,capture,-6.95,803.28,171.69,0,178.770,8.455,179.878,-18.18,20.68,147.05,-17.74,-7.82,173.40,53.941,54.126,-40.7669,-13.5288,-6.95,803.28,-40.4706,-13.6945,,,0.24055,0
180.9584,60,64,7,1,67.00,648.33,capture,4.98,815.13,177.95,0,178.819,8.550,179.874,-18.17,20.46,146.92,-17.73,-8.55,173.39,53.861,54.327,-41.2774,-12.2383,4.98,815.13,-40.8337,-13.0392,,,0.20128,0
181.0510,60,64,7,1,67.00,648.33,capture,-13.77,792.32,165.09,0,178.802,8.659,179.829,-18.26,20.66,147.19,-17.87,-7.25,173.15,53.777,54.160,-40.9546,-13.0190,-13.77,792.32,-40.8881,-13.0301,,,0.23278,0
181.1496,60,64,7,1,67.00,648.33,capture,-23.08,794.51,171.70,0,178.749,8.670,179.875,-18.07,20.63,147.17,-18.23,-8.30,173.11,54.126,54.016,-41.3924,-13.7708,-23.08,794.51,-41.1150,-13.3634,,,0.22653,0
181.2472,60,64,7,1,67.00,648.33,capture,-24.07,809.50,185.12,0,178.730,8.769,179.835,-18.00,20.56,147.46,-17.76,-8.10,173.64,54.104,54.128,-41.1612,-14.0674,-24.07,809.50,-41.1358,-13.6802,,,0.21709,0
181.3418,60,64,7,1,67.00,648.33,capture,-9.80,798.64,168.79,0,178.766,8.677,179.804,-18.03,20.50,147.39,-17.46,-8.21,173.32,54.213,53.813,-40.7325,-12.7202,-9.80,798.64,-40.9543,-13.2482,,,0.21994,0
181.5536,61,74,8,2,111.67,734.78,dwell,125.55,679.48,57.01,0,178.710,8.756,179.829,-17.95,20.51,147.54,-17.45,-7.67,174.73,54.183,53.567,-35.9038,-7.2653,125.55,679.48,-35.9038,-7.2653,,,0.23685,0
181.6566,61,74,8,2,111.67,734.78,dwell,-25.43,663.68,154.44,0,178.674,8.827,179.820,-18.03,20.43,147.56,-17.45,-8.30,174.37,53.996,53.206,-35.5842,-13.5160,-25.43,663.68,-35.7600,-10.0781,,,0.22759,0
181.7455,61,74,8,2,111.67,734.78,dwell,-22.07,520.13,252.90,0,178.880,8.851,179.816,-18.01,20.65,147.71,-17.33,-7.89,173.97,53.588,53.185,-30.3694,-14.1316,-22.07,520.13,-33.3342,-11.9022,,,0.20450,0
181.8490,61,74,8,2,111.67,734.78,dwell,49.21,404.06,336.56,0,178.838,8.964,179.814,-18.13,20.74,147.71,-17.58,-8.14,173.65,53.519,53.656,-26.2027,-10.7338,49.21,404.06,-30.1251,-11.3764,,,0.18542,0
181.9583,61,74,8,2,111.67,734.78,dwell,37.25,516.82,230.31,0,178.948,8.907,179.808,-18.32,20.72,147.89,-17.94,-7.96,174.40,53.779,53.788,-29.9114,-11.9020,37.25,516.82,-30.0289,-11.6129,,,0.22677,0
182.0756,61,74,8,2,111.67,734.78,dwell,68.20,476.74,261.67,0,178.881,8.816,179.778,-18.43,20.58,147.68,-17.52,-7.22,173.43,53.827,53.737,-27.4559,-9.5495,68.20,476.74,-28.8711,-10.6844,,,0.21311,0
182.1731,61,74,8,2,111.67,734.78,dwell,28.14,281.11,461.29,0,178.847,8.828,179.807,-18.41,20.52,147.56,-17.81,-8.12,173.83,54.049,53.301,-21.6192,-11.0824,28.14,281.11,-25.6078,-10.8635,,,0.22415,0
182.2673,61,74,8,2,111.67,734.78,dwell,34.79,301.40,440.14,0,178.833,8.826,179.810,-18.36,20.51,147.69,-17.09,-7.63,173.49,53.656,53.090,-22.0845,-10.9525,34.79,301.40,-24.0223,-10.9036,,,0.20532,0
182.3746,61,74,8,2,111.67,734.78,capture,87.41,310.01,425.46,0,178.893,8.584,179.816,-18.21,20.41,147.56,-17.39,-7.14,173.52,53.564,52.982,-21.4512,-9.0634,87.41,310.01,-22.8653,-10.0755,,,0.22589,0
182.4781,61,74,8,2,111.67,734.78,capture,85.76,245.40,490.06,0,178.832,8.461,179.821,-18.20,20.47,147.61,-17.43,-8.41,174.10,53.752,53.164,-19.2441,-8.9219,85.76,245.40,-21.2358,-9.5564,,,0.18579,0
182.5677,61,74,8,2,111.67,734.78,capture,61.06,253.61,483.82,0,178.739,8.544,179.843,-18.31,20.53,147.51,-17.65,-8.03,173.13,53.298,53.506,-20.2589,-9.6088,61.06,253.61,-20.7962,-9.5800,,,0.17596,0
182.6776,61,74,8,2,111.67,734.78,capture,67.59,279.77,457.14,0,178.710,8.543,179.871,-18.24,20.68,147.46,-17.72,-8.61,173.81,53.275,53.356,-21.8864,-9.9076,67.59,279.77,-21.2868,-9.7274,,,0.18913,0
182.7857,61,74,8,2,111.67,734.78,capture,82.78,273.20,462.48,0,178.683,8.637,179.864,-18.24,20.74,147.37,-17.97,-7.52,173.98,53.315,53.667,-20.4299,-8.9189,82.78,273.20,-20.9012,-9.3636,,,0.21856,0
182.8787,61,74,8,2,111.67,734.78,capture,79.71,265.51,470.35,0,178.742,8.548,179.870,-18.25,20.75,147.17,-18.16,-7.83,174.19,53.268,53.848,-20.2078,-8.4837,79.71,265.51,-20.5892,-8.9676,,,0.20837,0
182.9725,61,74,8,2,111.67,734.78,capture,61.09,268.41,469.10,0,178.691,8.479,179.879,-18.20,20.82,147.16,-18.15,-7.92,173.17,53.001,54.036,-20.1614,-10.2383,61.09,268.41,-20.3967,-9.5394,,,0.16520,0
183.0804,61,74,8,2,111.67,734.78,capture,83.08,269.82,465.84,0,178.733,8.591,179.882,-18.24,20.80,147.61,-17.87,-8.20,173.64,53.294,53.958,-21.0778,-9.2547,83.08,269.82,-20.7032,-9.4113,,,0.22507,0
183.1624,61,74,8,2,111.67,734.78,capture,103.82,280.50,454.35,0,178.649,8.643,179.860,-18.17,20.79,147.67,-17.86,-7.26,173.57,53.414,53.707,-20.1623,-7.9671,103.82,280.50,-20.4598,-8.7614,,,0.20343,0
183.2649,61,74,8,2,111.67,734.78,capture,74.86,248.98,487.19,0,178.770,8.680,179.849,-18.27,20.82,147.73,-17.49,-7.87,173.65,53.425,53.593,-19.1494,-8.9561,74.86,248.98,-19.8701,-8.8490,,,0.20650,0
183.3584,61,74,8,2,111.67,734.78,capture,84.39,279.66,455.93,0,178.799,8.774,179.866,-18.18,20.79,147.83,-17.74,-7.79,174.26,53.286,54.042,-20.8273,-9.5942,84.39,279.66,-20.3008,-9.1844,,,0.19242,0
183.4671,61,74,8,2,111.67,734.78,capture,64.80,282.55,454.65,0,178.778,8.930,179.840,-18.14,20.91,147.72,-17.79,-7.54,173.62,53.683,54.165,-21.2068,-9.6261,64.80,282.55,-20.7085,-9.3832,,,0.23118,0
183.5609,61,74,8,2,111.67,734.78,capture,72.50,251.15,485.21,0,178.748,8.819,179.847,-18.28,20.74,147.91,-17.95,-7.74,174.17,53.908,54.007,-19.3445,-9.1775,72.50,251.15,-20.0947,-9.2906,,,0.20193,0
183.6629,61,74,8,2,111.67,734.78,capture,55.07,261.42,476.73,0,178.824,9.028,179.854,-18.43,20.71,147.92,-18.48,-7.93,174.15,53.732,53.855,-19.7024,-10.6057,55.07,261.42,-19.9182,-9.8824,,,0.19523,0
183.7449,61,74,8,2,111.67,734.78,capture,78.92,254.17,481.72,0,178.674,8.920,179.874,-18.42,20.51,147.89,-17.90,-8.22,174.22,53.958,53.809,-19.3836,-9.2314,78.92,254.17,-19.6776,-9.5895,,,0.22643,0
183.8378,61,74,8,2,111.67,734.78,capture,79.66,252.84,483.00,0,178.804,8.917,179.904,-18.42,20.76,148.13,-18.17,-8.16,174.42,53.945,53.873,-20.0345,-9.8875,79.66,252.84,-19.8382,-9.7236,,,0.21139,0
183.9442,61,74,8,2,111.67,734.78,capture,67.30,277.83,459.10,0,178.805,8.623,179.876,-18.43,20.63,148.23,-17.38,-7.66,174.79,54.178,53.931,-21.1177,-9.5990,67.30,277.83,-20.4140,-9.6675,,,0.24117,0
184.0429,61,74,8,2,111.67,734.78,capture,70.77,270.91,465.67,0,178.871,8.735,179.856,-18.47,20.62,148.41,-17.91,-7.95,174.92,54.174,53.641,-19.7849,-9.4634,70.77,270.91,-20.1309,-9.5756,,,0.19468,0
184.1516,61,74,8,2,111.67,734.78,capture,76.51,253.22,482.84,0,178.891,8.658,179.881,-18.50,20.52,147.92,-17.97,-8.23,174.57,54.283,53.708,-19.3682,-8.9279,76.51,253.22,-19.7877,-9.2842,,,0.24266,0
184.2479,61,74,8,2,111.67,734.78,capture,64.01,271.67,465.55,0,179.027,8.822,179.849,-18.44,20.59,147.74,-17.78,-7.49,174.75,54.906,53.853,-20.7747,-10.1736,64.01,271.67,-20.2318,-9.6844,,,0.26595,0
184.3548,61,74,8,2,111.67,734.78,capture,90.30,238.11,497.13,0,179.024,8.817,179.853,-18.34,20.74,147.93,-17.24,-7.90,174.09,54.537,53.638,-20.0293,-8.3986,90.30,238.11,-20.1407,-9.1058,,,0.23404,0
184.5903,62,33,3,6,290.33,302.56,dwell,172.75,233.90,136.16,0,179.015,8.553,179.862,-18.31,20.84,147.92,-18.17,-8.04,174.56,54.415,53.764,-18.7852,-4.5940,172.75,233.90,-18.7852,-4.5940,,,0.23891,0
184.6940,62,33,3,6,290.33,302.56,dwell,130.77,110.49,249.70,0,179.127,8.319,179.851,-18.32,20.81,148.04,-17.77,-7.54,174.77,53.998,54.087,-15.1989,-7.1120,130.77,110.49,-17.1714,-5.7271,,,0.23518,0
184.7982,62,33,3,6,290.33,302.56,dwell,135.79,123.43,236.58,0,179.120,8.294,179.820,-18.32,20.54,147.87,-17.67,-8.83,174.61,53.958,53.896,-14.6953,-6.7272,135.79,123.43,-16.0572,-6.1771,,,0.24402,0
184.8969,62,33,3,6,290.33,302.56,dwell,254.45,277.36,43.85,0,179.150,8.153,179.832,-18.29,20.32,147.77,-17.69,-8.98,174.33,53.947,54.095,-20.5721,-0.9519,254.45,277.36,-18.0889,-3.8258,,,0.20763,0
184.9832,62,33,3,6,290.33,302.56,dwell,305.44,263.51,41.87,1,179.044,8.227,179.857,-18.40,20.19,147.87,-18.02,-8.41,174.23,53.796,54.046,-18.6901,1.9454,305.44,263.51,-18.3595,-1.2288,,,0.22791,0
185.0843,62,33,3,6,290.33,302.56,dwell,315.95,215.27,90.97,0,178.977,8.312,179.874,-18.31,20.22,147.73,-18.28,-8.20,174.37,54.084,53.799,-18.2958,1.8769,315.95,215.27,-18.3308,0.1688,,,0.23205,0
185.1978,62,33,3,6,290.33,302.56,dwell,363.37,252.51,88.54,0,179.034,8.298,179.894,-18.27,20.19,147.91,-17.75,-8.15,174.07,53.956,53.630,-19.2098,3.6738,363.37,252.51,-18.7263,1.7460,,,0.19918,0
185.2850,62,33,3,6,290.33,302.56,dwell,350.47,244.56,83.55,0,178.915,8.271,179.905,-18.19,19.91,147.82,-17.61,-8.32,173.99,53.663,53.880,-19.7067,3.0672,350.47,244.56,-19.1675,2.3406,,,0.22651,0
185.3793,62,33,3,6,290.33,302.56,dwell,377.07,205.66,130.05,0,178.962,8.256,179.892,-18.31,20.05,147.80,-17.46,-8.97,174.30,53.554,53.914,-18.2295,4.7206,377.07,205.66,-18.7454,3.4116,,,0.22365,0
185.5000,62,33,3,6,290.33,302.56,dwell,385.59,244.48,111.56,0,178.914,8.271,179.866,-18.52,19.94,147.74,-18.14,-7.86,173.84,53.337,53.808,-18.6812,4.7384,385.59,244.48,-18.7165,4.0086,,,0.18593,0
185.6029,62,33,3,6,290.33,302.56,capture,442.76,203.81,181.62,0,178.859,8.316,179.858,-18.56,20.12,147.61,-17.82,-8.11,173.75,53.466,54.034,-17.3731,7.7676,442.76,203.81,-18.1120,5.7002,,,0.22120,0
185.6849,62,33,3,6,290.33,302.56,capture,429.93,195.44,175.96,0,178.762,8.321,179.850,-18.69,20.05,147.84,-18.11,-7.80,174.01,53.760,53.772,-16.5421,7.3153,429.93,195.44,-17.4056,6.4270,,,0.22236,0
185.7892,62,33,3,6,290.33,302.56,capture,423.34,226.80,153.07,0,178.736,8.289,179.825,-18.74,20.25,147.75,-18.53,-8.75,174.22,53.482,53.558,-18.1547,7.3252,423.34,226.80,-17.7427,6.8312,,,0.20258,0
185.9032,62,33,3,6,290.33,302.56,capture,433.99,184.86,185.71,0,178.858,8.298,179.804,-18.68,20.12,147.53,-18.13,-8.02,174.32,54.047,53.796,-17.2203,7.0059,433.99,184.86,-17.5076,6.9098,,,0.20743,0
186.0088,62,33,3,6,290.33,302.56,capture,432.57,180.04,187.73,0,178.876,8.187,179.801,-18.71,20.29,147.41,-18.81,-8.45,174.19,53.791,54.137,-16.0803,7.0998,432.57,180.04,-16.8653,6.9953,,,0.21244,0
186.1004,62,33,3,6,290.33,302.56,capture,418.65,207.32,159.80,0,178.878,8.235,179.807,-18.39,20.25,147.55,-18.12,-8.35,173.75,53.485,54.054,-18.8302,6.4045,418.65,207.32,-17.7495,6.7294,,,0.17649,0
186.2044,62,33,3,6,290.33,302.56,capture,416.27,206.35,158.48,0,178.897,8.311,179.802,-18.41,20.19,147.56,-18.12,-7.74,174.61,53.802,53.849,-18.5393,6.1497,416.27,206.35,-18.1049,6.4685,,,0.22129,0
186.3096,62,33,3,6,290.33,302.56,capture,427.24,223.75,157.97,0,178.874,8.228,179.790,-18.38,20.34,147.41,-17.99,-8.04,173.30,53.864,54.170,-18.7524,7.0444,427.24,223.75,-18.3963,6.7277,,,0.21701,0
186.4065,62,33,3,6,290.33,302.56,capture,416.39,204.10,159.95,0,178.882,8.155,179.806,-18.36,20.40,147.53,-18.02,-7.96,173.31,53.752,54.360,-17.4044,6.7941,416.39,204.10,-17.9500,6.7576,,,0.17846,0
186.4920,62,33,3,6,290.33,302.56,capture,412.33,213.87,150.83,0,178.866,8.131,179.789,-18.41,20.41,147.77,-17.99,-7.72,173.89,53.555,54.423,-17.6132,6.0503,412.33,213.87,-17.7984,6.4393,,,0.21484,0
186.5913,62,33,3,6,290.33,302.56,capture,415.94,201.70,161.09,0,178.993,8.173,179.759,-18.30,20.42,147.70,-17.98,-8.07,174.19,53.662,54.612,-18.3375,6.0316,415.94,201.70,-18.0410,6.2558,,,0.22377,0
186.6937,62,33,3,6,290.33,302.56,capture,423.30,222.69,155.11,0,178.925,8.050,179.732,-18.26,20.46,147.73,-18.55,-8.57,174.08,53.621,54.596,-18.4484,6.7455,423.30,222.69,-18.2244,6.4762,,,0.20864,0
186.8002,62,33,3,6,290.33,302.56,capture,396.44,191.27,153.76,0,178.966,8.076,179.742,-18.16,20.72,147.60,-17.78,-8.26,173.44,53.690,54.530,-17.8775,5.5525,396.44,191.27,-18.0683,6.0605,,,0.20583,0
186.9072,62,33,3,6,290.33,302.56,capture,414.71,232.10,142.95,0,179.011,7.958,179.755,-18.18,20.55,147.49,-17.48,-7.05,173.57,53.314,54.674,-19.4829,6.0391,414.71,232.10,-18.7049,6.0509,,,0.19853,0
187.0014,62,33,3,6,290.33,302.56,capture,414.32,225.61,145.92,0,178.897,8.003,179.746,-18.30,20.54,147.73,-17.47,-8.11,173.76,53.450,54.767,-18.2753,7.0571,414.32,225.61,-18.5116,6.5037,,,0.20031,0
187.1000,62,33,3,6,290.33,302.56,capture,426.26,207.92,165.63,0,178.830,7.981,179.715,-18.25,20.59,147.86,-18.08,-7.41,174.16,53.691,54.633,-17.4766,7.3145,426.26,207.92,-18.0458,6.8686,,,0.20161,0
187.1825,62,33,3,6,290.33,302.56,capture,409.08,226.11,141.23,0,178.850,8.007,179.741,-18.19,20.68,147.67,-17.52,-7.86,174.35,53.608,55.133,-19.0581,5.5742,409.08,226.11,-18.5013,6.2861,,,0.19901,0
187.2820,62,33,3,6,290.33,302.56,capture,423.06,206.88,163.62,0,178.819,8.177,179.755,-18.21,20.80,147.81,-17.47,-8.05,174.30,53.475,55.077,-17.2308,6.5312,423.06,206.88,-17.9296,6.3964,,,0.18558,0
187.3674,62,33,3,6,290.33,302.56,capture,404.48,206.35,149.28,0,178.936,8.108,179.784,-18.18,20.80,147.92,-17.59,-7.37,174.16,53.617,54.944,-17.7789,5.4128,404.48,206.35,-17.8618,5.9538,,,0.21632,0
187.4662,62,33,3,6,290.33,302.56,capture,418.75,189.22,171.28,0,178.930,8.179,179.773,-18.27,20.89,147.96,-17.14,-7.77,174.43,54.151,54.923,-18.1038,6.8201,418.75,189.22,-17.9707,6.3436,,,0.22573,0
187.6419,63,31,3,4,201.00,302.56,dwell,441.99,251.67,246.30,0,178.916,8.228,179.749,-18.41,20.93,147.66,-17.53,-7.39,173.93,53.997,54.769,-19.1168,7.8697,441.99,251.67,-19.1168,7.8697,,,0.21813,0
187.7538,63,31,3,4,201.00,302.56,dwell,310.75,196.05,152.93,0,178.900,8.185,179.727,-18.45,21.01,147.70,-17.62,-8.17,174.44,54.067,54.735,-17.0674,2.2688,310.75,196.05,-18.1946,5.3493,,,0.23452,0
187.8584,63,31,3,4,201.00,302.56,dwell,322.75,344.72,128.84,0,178.986,8.223,179.735,-18.43,20.98,147.58,-17.66,-8.02,174.37,53.789,54.308,-23.7262,1.2092,322.75,344.72,-20.6838,3.4862,,,0.19968,0
187.9614,63,31,3,4,201.00,302.56,dwell,147.65,249.71,75.09,0,179.153,8.102,179.753,-18.56,20.77,147.81,-17.96,-7.46,174.38,53.693,54.245,-19.6510,-6.4115,147.65,249.71,-20.2191,-0.9678,,,0.24309,0
188.0695,63,31,3,4,201.00,302.56,dwell,277.56,198.87,128.89,0,179.005,7.999,179.747,-18.42,20.54,147.85,-17.96,-9.10,174.23,53.992,54.559,-18.0402,-0.1806,277.56,198.87,-19.2386,-0.6135,,,0.23661,0
188.1540,63,31,3,4,201.00,302.56,dwell,211.15,278.34,26.26,1,179.034,8.038,179.778,-18.42,20.81,147.84,-18.47,-7.36,174.18,53.933,54.074,-21.1044,-2.8758,211.15,278.34,-20.0782,-1.6315,,,0.20971,0
188.2493,63,31,3,4,201.00,302.56,dwell,202.67,165.83,136.74,0,179.126,7.985,179.751,-18.37,20.81,147.65,-17.68,-7.40,174.00,53.829,53.920,-15.9389,-3.2582,202.67,165.83,-18.2155,-2.3635,,,0.22918,0
188.3380,63,31,3,4,201.00,302.56,dwell,207.86,247.64,55.34,0,179.122,7.936,179.787,-18.27,20.87,147.60,-17.62,-7.50,173.93,53.561,54.146,-18.9928,-3.1198,207.86,247.64,-18.5653,-2.7038,,,0.21104,0
188.4200,63,31,3,4,201.00,302.56,dwell,231.08,246.57,63.55,0,179.040,8.015,179.770,-18.41,20.98,147.46,-18.05,-7.53,173.67,53.478,53.929,-18.7701,-2.0729,231.08,246.57,-18.6575,-2.4199,,,0.20653,0
188.5131,63,31,3,4,201.00,302.56,dwell,187.80,233.27,70.53,0,179.004,7.913,179.774,-18.34,21.07,147.25,-17.58,-7.37,173.94,53.732,54.393,-18.6885,-5.2119,187.80,233.27,-18.6714,-3.6763,,,0.23429,0
188.6227,63,31,3,4,201.00,302.56,dwell,148.75,208.36,107.72,0,178.853,7.825,179.758,-18.41,20.94,147.52,-17.79,-7.76,173.57,54.049,54.345,-18.9449,-6.1307,148.75,208.36,-18.7945,-4.7808,,,0.24771,0
188.7090,63,31,3,4,201.00,302.56,capture,144.80,216.88,102.46,0,178.843,7.862,179.818,-18.36,20.95,147.80,-17.85,-7.01,173.93,53.785,54.302,-18.5129,-6.5932,144.80,216.88,-18.6678,-5.5964,,,0.23670,0
188.7982,63,31,3,4,201.00,302.56,capture,132.16,229.60,100.31,0,178.754,7.903,179.818,-18.40,21.03,147.61,-18.13,-7.80,174.20,53.722,54.242,-17.6219,-6.3487,132.16,229.60,-18.1971,-5.9349,,,0.21980,0
188.8916,63,31,3,4,201.00,302.56,capture,124.39,213.73,117.30,0,178.816,7.768,179.831,-18.49,20.80,147.66,-18.31,-7.60,173.82,53.460,53.988,-18.1614,-6.7313,124.39,213.73,-18.1811,-6.2933,,,0.21830,0
188.9931,63,31,3,4,201.00,302.56,capture,131.78,201.21,122.73,0,178.885,7.735,179.867,-18.54,20.86,147.51,-18.20,-7.54,173.79,53.762,54.009,-17.3407,-6.3172,131.78,201.21,-17.8029,-6.3041,,,0.24196,0
189.0751,63,31,3,4,201.00,302.56,capture,162.68,222.47,88.78,0,178.789,7.783,179.892,-18.54,20.94,147.46,-17.93,-8.40,173.84,53.934,53.866,-19.0067,-5.7674,162.68,222.47,-18.3446,-6.0626,,,0.21379,0
189.1699,63,31,3,4,201.00,302.56,capture,165.41,222.89,87.25,0,178.890,7.918,179.854,-18.56,20.79,147.51,-17.78,-8.20,173.60,53.681,53.592,-18.6990,-5.6873,165.41,222.89,-18.5041,-5.8937,,,0.19147,0
189.2647,63,31,3,4,201.00,302.56,capture,163.41,222.82,88.15,0,178.784,7.976,179.859,-18.50,20.76,147.75,-17.65,-8.67,174.13,53.961,53.561,-18.9065,-5.0092,163.41,222.82,-18.6851,-5.4957,,,0.20287,0
189.3515,63,31,3,4,201.00,302.56,capture,129.94,202.33,122.86,0,178.810,7.904,179.887,-18.48,20.69,147.52,-17.78,-8.00,173.42,53.993,53.705,-17.5218,-7.1935,129.94,202.33,-18.1617,-6.2597,,,0.22180,0
189.4423,63,31,3,4,201.00,302.56,capture,146.08,224.49,95.45,0,178.891,8.029,179.888,-18.39,20.82,147.51,-18.00,-8.17,174.10,53.645,53.419,-18.6259,-6.1838,146.08,224.49,-18.3706,-6.2255,,,0.18427,0
189.5463,63,31,3,4,201.00,302.56,capture,133.64,242.40,90.31,0,178.806,7.999,179.863,-18.43,20.48,147.46,-17.84,-8.54,173.83,53.431,53.318,-18.4778,-6.4750,133.64,242.40,-18.4188,-6.3378,,,0.22935,0
189.6537,63,31,3,4,201.00,302.56,capture,144.25,225.36,95.81,0,178.851,7.995,179.884,-18.48,20.53,147.65,-18.01,-8.48,174.31,53.249,53.571,-17.9817,-6.3423,144.25,225.36,-18.2221,-6.3398,,,0.18229,0
189.7748,63,31,3,4,201.00,302.56,capture,154.64,235.32,81.67,0,178.809,8.065,179.893,-18.56,20.57,147.72,-17.54,-8.20,174.15,53.393,53.873,-19.1022,-5.0925,154.64,235.32,-18.6182,-5.7785,,,0.20746,0
189.8800,63,31,3,4,201.00,302.56,capture,153.39,215.73,99.02,0,178.754,8.163,179.882,-18.53,20.55,147.53,-17.75,-7.90,173.65,53.009,53.970,-19.1613,-5.7646,153.39,215.73,-18.8626,-5.7723,,,0.18249,0
189.9827,63,31,3,4,201.00,302.56,capture,129.80,224.06,105.98,0,178.822,8.176,179.825,-18.57,20.54,147.49,-18.04,-8.32,174.24,53.008,53.789,-18.8792,-6.2623,129.80,224.06,-18.8701,-5.9928,,,0.20047,0
190.0837,63,31,3,4,201.00,302.56,capture,105.58,221.79,125.01,0,178.710,8.093,179.813,-18.58,20.48,147.51,-18.08,-8.21,173.61,52.819,54.245,-18.1494,-8.0612,105.58,221.79,-18.5458,-6.9236,,,0.17262,0
190.1889,63,31,3,4,201.00,302.56,capture,123.37,238.97,100.35,0,178.709,8.039,179.812,-18.57,20.58,147.63,-18.36,-7.82,174.45,52.866,54.542,-19.9645,-7.2069,123.37,238.97,-19.1842,-7.0511,,,0.17228,0
190.2963,63,31,3,4,201.00,302.56,capture,128.37,226.22,105.37,0,178.699,8.069,179.820,-18.41,20.62,147.58,-17.97,-8.47,174.45,52.871,54.621,-18.9723,-6.5253,128.37,226.22,-19.0888,-6.8145,,,0.20939,0
190.3875,63,31,3,4,201.00,302.56,capture,138.80,227.44,97.53,0,178.700,8.109,179.841,-18.30,20.45,147.65,-17.81,-7.61,173.66,52.853,54.326,-19.4429,-6.8726,138.80,227.44,-19.2482,-6.8406,,,0.18101,0
190.4901,63,31,3,4,201.00,302.56,capture,142.83,211.78,107.81,0,178.679,7.966,179.841,-18.35,20.45,147.21,-17.90,-7.86,173.70,52.977,54.452,-18.4743,-5.9479,142.83,211.78,-18.9000,-6.4389,,,0.18244,0
190.5913,63,31,3,4,201.00,302.56,capture,127.67,188.91,135.25,0,178.703,7.871,179.831,-18.33,20.53,147.49,-18.05,-8.11,173.49,53.250,54.017,-17.1277,-7.0290,127.67,188.91,-18.1024,-6.7044,,,0.19573,0
190.7533,64,29,3,2,111.67,302.56,dwell,78.98,99.76,205.41,0,178.839,7.855,179.798,-18.36,20.54,147.42,-17.70,-8.53,174.04,53.519,54.245,-14.0725,-8.8114,78.98,99.76,-14.0725,-8.8114,,,0.20252,0
190.8443,64,29,3,2,111.67,302.56,dwell,-40.61,205.17,180.75,0,178.873,7.893,179.837,-18.29,20.60,147.39,-17.86,-7.48,173.81,53.551,53.896,-17.2888,-14.7712,-40.61,205.17,-15.5198,-11.4933,,,0.21456,0
190.9338,64,29,3,2,111.67,302.56,dwell,86.13,236.90,70.45,0,178.851,7.874,179.844,-18.30,20.70,147.32,-18.17,-7.68,173.26,53.423,53.733,-19.3745,-9.1934,86.13,236.90,-17.2544,-10.4584,,,0.20812,0
191.0317,64,29,3,2,111.67,302.56,dwell,93.20,256.60,49.53,0,178.792,7.886,179.818,-18.36,20.70,147.15,-17.38,-8.01,173.01,53.448,53.594,-19.9789,-7.8645,93.20,256.60,-18.4805,-9.2911,,,0.18099,0
191.1287,64,29,3,2,111.67,302.56,dwell,72.99,221.50,89.81,0,178.771,7.915,179.818,-18.40,20.78,146.99,-17.99,-6.26,173.49,53.093,53.566,-18.2649,-9.0487,72.99,221.50,-18.3835,-9.1820,,,0.20116,0
191.2260,64,29,3,2,111.67,302.56,dwell,-1.87,242.44,128.47,0,178.887,7.975,179.797,-18.33,20.67,146.84,-18.19,-7.31,173.06,53.515,53.338,-18.8537,-12.8499,-1.87,242.44,-18.5951,-10.8326,,,0.23071,0
191.3182,64,29,3,2,111.67,302.56,dwell,51.45,211.33,109.31,0,178.830,7.752,179.830,-18.21,20.66,146.68,-18.00,-8.42,172.23,53.958,53.414,-18.8536,-10.5737,51.45,211.33,-18.7114,-10.7161,,,0.23426,0
191.4068,64,29,3,2,111.67,302.56,dwell,41.62,262.83,80.53,0,178.929,7.893,179.834,-18.35,20.63,147.04,-18.19,-8.85,173.72,53.763,53.275,-20.5938,-11.2504,41.62,262.83,-19.5585,-10.9565,,,0.21773,0
191.5117,64,29,3,2,111.67,302.56,dwell,73.95,260.45,56.53,0,178.926,7.970,179.833,-18.39,20.61,147.07,-18.35,-7.22,173.07,53.747,53.098,-19.8158,-8.9970,73.95,260.45,-19.6743,-10.0747,,,0.19884,0
191.6054,64,29,3,2,111.67,302.56,dwell,30.64,240.14,102.28,0,178.848,7.870,179.825,-18.42,20.61,146.88,-17.90,-7.61,173.10,54.045,53.318,-18.5654,-11.3715,30.64,240.14,-19.1753,-10.6583,,,0.24267,0
191.6950,64,29,3,2,111.67,302.56,dwell,33.37,285.77,80.08,0,178.842,7.950,179.832,-18.48,20.66,147.04,-17.56,-7.86,173.09,53.472,53.894,-21.6595,-11.7597,33.37,285.77,-20.2932,-11.1539,,,0.21899,0
191.7959,64,29,3,2,111.67,302.56,capture,61.32,242.90,78.06,0,178.920,7.949,179.866,-18.42,20.75,147.27,-18.19,-8.00,173.49,53.532,54.091,-19.0919,-10.1231,61.32,242.90,-19.7526,-10.6901,,,0.23246,0
191.9007,64,29,3,2,111.67,302.56,capture,30.58,227.14,110.74,0,178.953,7.960,179.880,-18.47,20.63,147.31,-18.19,-7.73,173.29,53.855,54.320,-18.1300,-11.0913,30.58,227.14,-19.0224,-10.8706,,,0.23229,0
191.9827,64,29,3,2,111.67,302.56,capture,86.82,253.47,55.02,0,179.054,8.013,179.848,-18.58,20.64,147.08,-17.27,-7.94,173.84,53.856,54.183,-19.8487,-8.3727,86.82,253.47,-19.3943,-9.7466,,,0.21248,0
192.0890,64,29,3,2,111.67,302.56,capture,58.06,256.39,70.75,0,178.960,8.056,179.786,-18.47,20.72,147.44,-18.37,-8.51,173.74,53.790,54.454,-19.6132,-9.9024,58.06,256.39,-19.4928,-9.8167,,,0.22553,0
192.2013,64,29,3,2,111.67,302.56,capture,72.98,274.43,47.83,0,178.962,8.267,179.774,-18.41,20.75,147.40,-17.99,-6.99,173.37,53.686,53.961,-20.6526,-9.4708,72.98,274.43,-20.0147,-9.6610,,,0.20471,0
192.2833,64,29,3,2,111.67,302.56,capture,90.35,274.47,35.26,1,178.972,8.331,179.757,-18.48,20.85,147.53,-18.63,-7.06,174.04,53.769,53.642,-19.6585,-8.8058,90.35,274.47,-19.8544,-9.2762,,,0.20579,0
192.3937,64,29,3,2,111.67,302.56,capture,62.29,252.60,70.24,0,179.073,8.228,179.747,-18.43,20.91,147.59,-17.96,-7.66,174.20,53.924,53.661,-19.2659,-9.9786,62.29,252.60,-19.5896,-9.5923,,,0.21688,0
192.4852,64,29,3,2,111.67,302.56,capture,80.86,257.93,54.23,0,179.073,8.193,179.726,-18.35,20.95,147.29,-18.16,-7.13,173.37,53.616,53.538,-19.8029,-9.1778,80.86,257.93,-19.6856,-9.4057,,,0.20300,0
192.5792,64,29,3,2,111.67,302.56,capture,64.79,258.15,64.57,0,179.038,8.340,179.721,-18.43,20.90,147.31,-17.68,-7.91,173.33,53.702,53.690,-19.5229,-10.1842,64.79,258.15,-19.6124,-9.7560,,,0.21514,0
192.6798,64,29,3,2,111.67,302.56,capture,50.62,240.12,87.32,0,179.192,8.388,179.718,-18.30,20.83,147.32,-17.93,-7.81,173.55,54.141,53.985,-18.4312,-10.3959,50.62,240.12,-19.0808,-10.0440,,,0.26528,0
192.7695,64,29,3,2,111.67,302.56,capture,25.23,256.36,98.01,0,179.145,8.205,179.758,-18.30,20.90,147.19,-17.69,-7.88,173.29,53.932,54.153,-20.5116,-11.2071,25.23,256.36,-19.7247,-10.5674,,,0.22599,0
192.8740,64,29,3,2,111.67,302.56,capture,73.52,248.87,65.86,0,179.177,8.216,179.783,-18.27,20.98,147.06,-18.19,-7.58,173.02,53.967,53.983,-19.2094,-9.9214,73.52,248.87,-19.4928,-10.2767,,,0.24622,0
192.9694,64,29,3,2,111.67,302.56,capture,60.18,240.28,80.80,0,179.060,8.061,179.793,-18.34,21.00,147.20,-17.59,-7.57,173.42,53.763,53.712,-19.1470,-10.5551,60.18,240.28,-19.3372,-10.4020,,,0.22954,0
193.0783,64,29,3,2,111.67,302.56,capture,47.89,247.82,84.04,0,178.948,8.109,179.772,-18.16,20.90,147.35,-18.03,-7.59,173.44,53.687,53.662,-19.2500,-10.8246,47.89,247.82,-19.2980,-10.5921,,,0.20555,0
193.1743,64,29,3,2,111.67,302.56,capture,49.32,251.57,80.54,0,179.028,8.158,179.803,-18.16,21.01,147.28,-17.90,-6.87,173.89,53.960,53.610,-19.2813,-11.5146,49.32,251.57,-19.2905,-11.0072,,,0.22257,0
193.2992,64,29,3,2,111.67,302.56,capture,58.84,245.47,77.78,0,179.065,8.069,179.819,-18.12,20.84,147.08,-17.69,-8.02,173.03,54.025,53.920,-18.7997,-10.8871,58.84,245.47,-19.0696,-10.9532,,,0.20852,0
193.3812,64,29,3,2,111.67,302.56,capture,50.25,251.34,79.97,0,179.190,8.059,179.820,-18.16,20.89,146.98,-17.85,-8.31,172.98,53.768,53.880,-18.9574,-10.7595,50.25,251.34,-19.0191,-10.8660,,,0.20843,0
193.4858,64,29,3,2,111.67,302.56,capture,41.74,254.26,84.98,0,179.073,7.974,179.808,-18.18,20.89,147.13,-18.12,-7.96,173.70,53.384,54.063,-19.3807,-11.0870,41.74,254.26,-19.1818,-10.9655,,,0.16840,0
193.5681,64,29,3,2,111.67,302.56,capture,65.24,273.55,54.74,0,179.050,7.995,179.833,-18.19,20.95,146.95,-17.27,-7.67,173.39,53.560,54.102,-20.8700,-10.5480,65.24,273.55,-19.9415,-10.7776,,,0.21749,0
193.6673,64,29,3,2,111.67,302.56,capture,57.18,220.99,98.09,0,179.040,8.022,179.842,-18.40,20.85,147.04,-18.23,-8.41,173.44,53.619,53.769,-18.3490,-10.1766,57.18,220.99,-19.2249,-10.5071,,,0.18972,0
193.7552,64,29,3,2,111.67,302.56,capture,37.31,242.47,95.60,0,179.028,8.098,179.837,-18.32,20.83,147.14,-17.95,-7.61,172.74,53.691,54.146,-19.0706,-11.2393,37.31,242.47,-19.1554,-10.8366,,,0.20422,0
193.9367,65,10,1,1,67.00,129.67,dwell,188.70,238.04,162.96,0,178.970,7.967,179.822,-18.24,21.07,147.23,-17.22,-6.86,173.94,54.057,54.022,-18.8639,-4.2940,188.70,238.04,-18.8639,-4.2940,,,0.22495,0
194.0417,65,10,1,1,67.00,129.67,dwell,-34.79,392.30,281.67,0,178.930,7.890,179.811,-18.40,21.03,147.02,-18.02,-7.32,173.49,53.919,54.216,-25.2292,-14.6980,-34.79,392.30,-21.7283,-8.9758,,,0.25136,0
194.1469,65,10,1,1,67.00,129.67,dwell,82.03,292.50,163.53,0,178.857,7.877,179.804,-18.37,21.07,147.11,-17.97,-7.91,173.25,53.594,53.952,-20.4255,-9.1262,82.03,292.50,-21.1420,-9.0435,,,0.19363,0
194.2366,65,10,1,1,67.00,129.67,dwell,96.80,291.01,164.07,0,178.878,7.915,179.798,-18.34,20.83,147.07,-17.55,-7.85,173.05,53.923,53.980,-20.4244,-8.4901,96.80,291.01,-20.8191,-8.7945,,,0.19221,0
194.3427,65,10,1,1,67.00,129.67,dwell,45.19,242.65,115.07,0,178.840,7.868,179.818,-18.35,20.73,147.20,-18.09,-8.00,173.53,53.893,53.670,-19.7313,-11.1280,45.19,242.65,-20.3296,-9.8445,,,0.24898,0
194.4421,65,10,1,1,67.00,129.67,dwell,36.04,313.98,186.90,0,178.804,7.820,179.815,-18.29,20.95,147.48,-17.72,-7.66,173.69,53.755,53.869,-22.5331,-11.0080,36.04,313.98,-21.3212,-10.3681,,,0.18770,0
194.5525,65,10,1,1,67.00,129.67,dwell,56.62,374.67,245.22,0,178.927,7.639,179.825,-18.36,20.91,147.31,-18.41,-7.71,173.42,53.460,53.768,-24.1331,-9.5625,56.62,374.67,-22.5865,-10.0056,,,0.18085,0
194.6708,65,10,1,1,67.00,129.67,dwell,43.65,336.20,207.85,0,179.018,7.654,179.862,-18.38,20.87,147.47,-17.54,-6.90,173.47,53.596,53.423,-23.5171,-11.0574,43.65,336.20,-23.0053,-10.4789,,,0.20754,0
194.7956,65,10,1,1,67.00,129.67,dwell,84.28,365.98,236.94,0,178.999,7.704,179.863,-18.52,21.02,147.26,-17.95,-7.64,173.65,53.563,53.454,-24.3157,-9.3140,84.28,365.98,-23.5950,-9.9547,,,0.23565,0
194.8906,65,10,1,1,67.00,129.67,dwell,41.27,365.43,237.16,0,179.078,7.783,179.850,-18.52,21.07,147.38,-18.14,-7.65,173.61,53.780,53.741,-24.3199,-10.6070,41.27,365.43,-23.9212,-10.2482,,,0.21743,0
194.9726,65,10,1,1,67.00,129.67,capture,56.00,385.16,255.73,0,179.031,7.834,179.844,-18.47,20.83,147.54,-17.49,-8.42,173.94,53.591,53.551,-25.6043,-10.6776,56.00,385.16,-24.6786,-10.4415,,,0.21805,0
195.0546,65,10,1,1,67.00,129.67,capture,74.59,372.47,242.92,0,178.902,7.879,179.850,-18.45,20.87,147.59,-18.53,-8.35,174.43,53.679,53.134,-24.6708,-9.4877,74.59,372.47,-24.6751,-10.0123,,,0.20854,0
195.1648,65,10,1,1,67.00,129.67,capture,70.36,398.83,269.18,0,178.954,7.927,179.819,-18.45,20.86,147.26,-17.73,-8.20,173.74,53.610,53.003,-25.4014,-9.5645,70.36,398.83,-25.0019,-9.8108,,,0.23385,0
195.2479,65,10,1,1,67.00,129.67,capture,51.10,401.77,272.57,0,179.022,7.768,179.790,-18.40,20.86,147.41,-17.91,-7.20,173.71,53.792,53.397,-25.6005,-10.5040,51.10,401.77,-25.2713,-10.1227,,,0.20716,0
195.3509,65,10,1,1,67.00,129.67,capture,35.95,394.05,266.20,0,179.096,7.861,179.794,-18.41,21.01,147.38,-18.08,-8.58,173.89,53.892,53.764,-24.8852,-11.7298,35.95,394.05,-25.0975,-10.8459,,,0.21254,0
195.4625,65,10,1,1,67.00,129.67,capture,40.94,383.60,255.27,0,179.096,7.882,179.756,-18.34,20.95,147.38,-17.97,-8.52,173.41,53.723,54.065,-24.3741,-10.7859,40.94,383.60,-24.7720,-10.8189,,,0.21294,0
195.5612,65,10,1,1,67.00,129.67,capture,45.48,406.82,277.99,0,179.147,7.833,179.774,-18.33,20.87,147.36,-18.09,-7.44,173.35,53.946,54.238,-25.9021,-10.6537,45.48,406.82,-25.2805,-10.7446,,,0.23239,0
195.6754,65,10,1,1,67.00,129.67,capture,52.81,426.27,296.94,0,179.100,8.003,179.743,-18.17,20.92,147.37,-18.30,-7.57,173.91,53.801,54.107,-26.8687,-10.5082,52.81,426.27,-25.9952,-10.6382,,,0.23182,0
195.7838,65,10,1,1,67.00,129.67,capture,75.53,401.47,271.94,0,178.959,8.053,179.777,-18.34,21.01,147.39,-17.64,-7.91,173.74,53.446,54.123,-25.6354,-9.5077,75.53,401.47,-25.8333,-10.1295,,,0.20961,0
195.8898,65,10,1,1,67.00,129.67,capture,72.74,401.43,271.82,0,179.055,7.999,179.763,-18.31,20.91,147.39,-18.17,-8.00,173.58,53.006,53.787,-25.0112,-9.5021,72.74,401.43,-25.4633,-9.8472,,,0.19029,0
196.0014,65,10,1,1,67.00,129.67,capture,56.54,434.76,305.27,0,178.998,7.976,179.760,-18.26,20.95,147.24,-17.90,-7.55,173.57,53.479,54.209,-26.8529,-9.8504,56.54,434.76,-26.0886,-9.8486,,,0.21264,0
196.0951,65,10,1,1,67.00,129.67,capture,57.76,409.53,280.02,0,179.012,7.774,179.757,-18.19,20.88,147.45,-17.94,-7.66,174.13,53.641,54.327,-25.8570,-10.4261,57.76,409.53,-25.9844,-10.1085,,,0.20997,0
196.1810,65,10,1,1,67.00,129.67,capture,42.48,393.25,264.72,0,178.942,7.716,179.785,-18.30,20.88,147.50,-17.46,-7.87,173.56,53.719,54.503,-24.8054,-11.0024,42.48,393.25,-25.4539,-10.5107,,,0.21060,0
196.2891,65,10,1,1,67.00,129.67,capture,54.51,410.64,281.25,0,179.000,7.642,179.780,-18.17,21.02,147.44,-18.03,-8.20,173.80,53.544,54.670,-26.7359,-9.9536,54.51,410.64,-26.0308,-10.2600,,,0.23045,0
196.3828,65,10,1,1,67.00,129.67,capture,67.66,408.79,279.12,0,179.036,7.572,179.817,-18.23,20.84,147.36,-17.75,-7.87,173.39,53.684,54.472,-26.2598,-9.7424,67.66,408.79,-26.1338,-10.0271,,,0.23619,0
196.4883,65,10,1,1,67.00,129.67,capture,35.99,392.20,264.36,0,178.919,7.561,179.807,-18.25,20.87,147.19,-18.08,-7.54,173.25,54.006,54.335,-24.7207,-11.3243,35.99,392.20,-25.4979,-10.6108,,,0.19343,0
196.5900,65,10,1,1,67.00,129.67,capture,46.86,397.43,268.52,0,178.826,7.649,179.808,-18.17,20.75,147.16,-17.58,-7.59,173.60,53.869,54.155,-25.3337,-10.7130,46.86,397.43,-25.4240,-10.6568,,,0.19145,0
196.6889,65,10,1,1,67.00,129.67,capture,62.75,411.04,281.41,0,178.773,7.683,179.773,-18.07,20.81,147.05,-17.64,-7.65,173.06,53.669,53.906,-26.3979,-10.1837,62.75,411.04,-25.8623,-10.4439,,,0.20576,0
196.7849,65,10,1,1,67.00,129.67,capture,57.15,410.93,281.44,0,178.767,7.642,179.803,-18.09,20.86,147.26,-17.66,-7.43,172.87,53.787,53.907,-25.9049,-10.3426,57.15,410.93,-25.8815,-10.3983,,,0.22341,0
196.8942,65,10,1,1,67.00,129.67,capture,63.20,408.95,279.31,0,178.846,7.708,179.789,-18.14,20.76,147.36,-17.44,-7.50,173.64,53.290,53.799,-24.9911,-9.5301,63.20,408.95,-25.4808,-10.0076,,,0.21363,0
197.0919,66,70,7,7,335.00,648.33,dwell,-39.45,355.93,475.09,0,178.875,7.858,179.820,-18.17,20.80,147.36,-17.64,-8.22,173.28,53.282,54.224,-23.2504,-14.5437,-39.45,355.93,-23.2504,-14.5437,,,0.19766,0
197.1902,66,70,7,7,335.00,648.33,dwell,179.41,382.20,308.28,0,178.751,7.787,179.807,-18.25,20.90,147.32,-18.12,-7.67,173.69,53.389,54.377,-25.2954,-4.7942,179.41,382.20,-24.1707,-10.1565,,,0.19484,0
197.2892,66,70,7,7,335.00,648.33,dwell,131.44,598.38,209.60,0,178.765,7.846,179.830,-18.25,20.89,147.44,-17.95,-7.49,173.71,53.484,54.781,-32.6140,-6.2390,131.44,598.38,-27.9702,-8.3936,,,0.21976,0
197.3816,66,70,7,7,335.00,648.33,dwell,179.30,601.10,162.71,0,178.798,7.985,179.817,-18.30,20.96,147.42,-17.62,-7.82,174.01,53.759,54.553,-33.7042,-4.0433,179.30,601.10,-30.5505,-6.4359,,,0.20843,0
197.4829,66,70,7,7,335.00,648.33,dwell,262.63,564.56,110.70,0,178.856,8.128,179.818,-18.36,20.90,147.27,-17.81,-7.85,173.48,53.714,54.613,-31.5231,-0.6249,262.63,564.56,-30.9881,-3.8210,,,0.22644,0
197.5772,66,70,7,7,335.00,648.33,dwell,313.54,543.62,106.89,0,178.887,8.387,179.799,-18.30,20.74,147.24,-17.51,-8.11,173.02,54.260,54.436,-31.0145,1.7776,313.54,543.62,-31.0000,-1.3016,,,0.20543,0
197.6746,66,70,7,7,335.00,648.33,dwell,315.92,575.88,74.92,0,179.044,8.428,179.801,-18.33,20.88,147.22,-17.94,-7.40,173.02,54.383,54.448,-32.1108,1.9856,315.92,575.88,-31.4999,0.1776,,,0.22618,0
197.7596,66,70,7,7,335.00,648.33,dwell,347.67,585.77,63.83,0,179.175,8.472,179.799,-18.14,20.88,147.32,-17.52,-7.91,173.78,54.273,53.826,-31.6434,3.2411,347.67,585.77,-31.5645,1.5562,,,0.22418,0
197.8416,66,70,7,7,335.00,648.33,dwell,316.48,556.02,94.15,0,179.235,8.575,179.784,-18.14,20.92,147.48,-17.82,-7.26,173.61,54.063,53.851,-30.9539,1.7474,316.48,556.02,-31.2897,1.6422,,,0.19687,0
197.9553,66,70,7,7,335.00,648.33,dwell,371.92,579.87,77.78,0,179.002,8.590,179.823,-18.24,20.92,147.56,-17.88,-8.41,173.51,53.736,53.834,-31.6871,4.2715,371.92,579.87,-31.4685,2.8254,,,0.19486,0
198.0416,66,70,7,7,335.00,648.33,capture,387.58,614.84,62.34,0,178.933,8.615,179.811,-18.28,20.65,147.78,-17.69,-8.19,174.21,53.769,54.465,-34.1856,4.9327,387.58,614.84,-32.6912,3.7737,,,0.23513,0
198.1492,66,70,7,7,335.00,648.33,capture,397.81,604.17,76.78,0,178.821,8.679,179.837,-18.44,20.73,147.62,-18.09,-7.48,174.11,53.444,54.572,-34.2457,5.5300,397.81,604.17,-33.3907,4.5640,,,0.21920,0
198.2312,66,70,7,7,335.00,648.33,capture,389.66,621.43,60.92,0,178.770,8.731,179.809,-18.37,20.66,147.70,-18.03,-7.68,173.99,53.398,54.492,-33.3613,5.1272,389.66,621.43,-33.3775,4.8174,,,0.19951,0
198.3312,66,70,7,7,335.00,648.33,capture,371.62,626.71,42.53,0,178.709,8.580,179.830,-18.46,20.77,147.61,-17.99,-7.87,173.70,53.383,54.635,-33.8012,4.6388,371.62,626.71,-33.5682,4.7371,,,0.20417,0
198.4279,66,70,7,7,335.00,648.33,capture,394.06,609.79,70.52,0,178.868,8.502,179.825,-18.45,20.68,147.40,-18.77,-7.71,173.37,53.840,54.522,-33.5563,5.4052,394.06,609.79,-33.5628,5.0377,,,0.23504,0
198.5218,66,70,7,7,335.00,648.33,capture,406.25,629.55,73.68,0,178.752,8.535,179.815,-18.47,20.61,147.46,-18.06,-7.46,174.11,53.805,54.407,-34.3420,5.9673,406.25,629.55,-33.9135,5.4560,,,0.22131,0
198.6183,66,70,7,7,335.00,648.33,capture,356.01,627.64,29.49,1,178.801,8.693,179.793,-18.44,20.69,147.56,-17.94,-8.03,174.16,53.784,54.551,-33.9323,4.0335,356.01,627.64,-33.9220,4.8159,,,0.20965,0
198.7457,66,70,7,7,335.00,648.33,capture,389.96,614.98,64.29,0,178.865,8.824,179.754,-18.40,20.74,147.56,-17.92,-7.65,173.63,53.864,54.976,-32.5623,4.6962,389.96,614.98,-33.3101,4.7620,,,0.22082,0
198.8277,66,70,7,7,335.00,648.33,capture,404.43,627.40,72.52,0,178.835,8.770,179.758,-18.47,20.77,147.66,-17.34,-6.64,173.83,53.897,54.913,-34.2576,5.9198,404.43,627.40,-33.7365,5.2830,,,0.21693,0
198.9304,66,70,7,7,335.00,648.33,capture,392.41,630.83,60.02,0,178.895,8.678,179.744,-18.37,20.62,147.62,-18.08,-7.88,174.05,54.288,54.688,-34.2397,5.6719,392.41,630.83,-33.9629,5.4580,,,0.22669,0
199.0360,66,70,7,7,335.00,648.33,capture,379.87,601.67,64.74,0,178.945,8.624,179.755,-18.43,20.54,147.58,-17.86,-8.56,173.89,54.260,54.169,-34.1503,5.0152,379.87,601.67,-34.0472,5.2587,,,0.23129,0
199.1273,66,70,7,7,335.00,648.33,capture,390.81,638.92,56.60,0,178.910,8.666,179.765,-18.40,20.71,147.41,-17.74,-6.72,173.49,53.830,54.428,-34.2962,4.8020,390.81,638.92,-34.1593,5.0532,,,0.22282,0
199.2294,66,70,7,7,335.00,648.33,capture,390.73,610.05,67.61,0,178.952,8.645,179.777,-18.43,20.72,147.34,-17.84,-8.01,173.81,53.659,54.355,-34.6088,5.3724,390.73,610.05,-34.3616,5.1968,,,0.20751,0
199.3206,66,70,7,7,335.00,648.33,capture,395.09,604.61,74.31,0,178.973,8.467,179.745,-18.34,20.77,147.44,-18.55,-7.67,173.92,53.800,54.134,-33.3211,5.6623,395.09,604.61,-33.8933,5.4063,,,0.23987,0
199.4276,66,70,7,7,335.00,648.33,capture,390.76,575.64,91.62,0,178.905,8.560,179.732,-18.19,20.84,147.37,-17.79,-7.92,173.73,53.645,53.782,-32.2974,5.0174,390.76,575.64,-33.1752,5.2313,,,0.20433,0
199.5341,66,70,7,7,335.00,648.33,capture,397.88,623.08,67.76,0,178.879,8.593,179.777,-18.28,20.88,147.39,-17.28,-7.69,174.38,53.427,53.906,-34.3673,6.1875,397.88,623.08,-33.7116,5.6616,,,0.20734,0
199.6418,66,70,7,7,335.00,648.33,capture,364.02,624.13,37.79,0,178.751,8.586,179.779,-18.37,20.88,147.32,-17.81,-7.60,173.16,53.586,53.788,-34.0608,3.8872,364.02,624.13,-33.8688,4.8631,,,0.22064,0
199.7387,66,70,7,7,335.00,648.33,capture,393.42,598.82,76.58,0,178.739,8.502,179.778,-18.37,20.87,147.52,-18.25,-8.58,174.14,53.335,54.112,-32.7302,5.2320,393.42,598.82,-33.3564,5.0291,,,0.21128,0
199.8419,66,70,7,7,335.00,648.33,capture,382.31,600.24,67.46,0,178.712,8.434,179.797,-18.44,20.92,147.20,-17.96,-8.16,173.56,53.235,54.202,-33.6620,5.1792,382.31,600.24,-33.4939,5.0967,,,0.19876,0
199.9465,66,70,7,7,335.00,648.33,capture,386.11,614.71,61.18,0,178.701,8.574,179.799,-18.38,20.95,147.23,-18.15,-8.12,173.81,52.908,54.012,-33.7588,5.1085,386.11,614.71,-33.6131,5.1020,,,0.20775,0
200.1269,67,47,5,2,111.67,475.44,dwell,323.43,446.92,213.68,0,178.783,8.489,179.780,-18.37,20.80,147.29,-18.02,-7.36,173.85,52.741,53.844,-27.5323,2.0358,323.43,446.92,-27.5323,2.0358,,,0.17068,0
200.2452,67,47,5,2,111.67,475.44,dwell,309.07,437.69,200.98,0,178.893,8.364,179.770,-18.38,20.93,147.24,-17.81,-8.33,173.87,53.219,53.623,-26.8136,1.9127,309.07,437.69,-27.2089,1.9804,,,0.19448,0
200.3610,67,47,5,2,111.67,475.44,dwell,194.04,542.97,106.51,0,178.863,8.306,179.775,-18.28,20.94,147.24,-17.85,-7.85,173.72,53.342,53.674,-30.6521,-3.8593,194.04,542.97,-28.7583,-0.6475,,,0.22195,0
200.4898,67,47,5,2,111.67,475.44,dwell,216.37,442.19,109.86,0,178.810,8.214,179.769,-18.16,20.98,147.30,-17.57,-7.23,173.60,53.237,53.654,-27.7085,-2.9305,216.37,442.19,-28.2859,-1.6748,,,0.20926,0
200.6124,67,47,5,2,111.67,475.44,dwell,235.97,350.79,176.04,0,178.783,8.066,179.779,-18.10,21.00,147.34,-17.89,-6.90,173.45,53.402,54.174,-23.2976,-2.0317,235.97,350.79,-26.0412,-1.8354,,,0.23075,0
200.7207,67,47,5,2,111.67,475.44,dwell,189.55,380.18,123.05,0,178.798,7.983,179.832,-18.09,20.92,147.28,-17.60,-7.22,173.22,53.125,54.458,-23.4182,-3.6483,189.55,380.18,-24.8608,-2.6512,,,0.21593,0
200.8199,67,47,5,2,111.67,475.44,dwell,125.03,411.41,65.41,0,178.791,7.946,179.839,-18.09,20.85,147.34,-17.97,-7.84,173.69,53.203,54.290,-26.3705,-7.5209,125.03,411.41,-25.5402,-4.8426,,,0.18123,0
200.9219,67,47,5,2,111.67,475.44,dwell,89.44,381.28,96.75,0,178.758,7.956,179.859,-18.15,20.76,147.36,-17.57,-7.91,173.62,53.151,54.454,-24.1510,-8.7312,89.44,381.28,-24.9150,-6.5925,,,0.16705,0
201.0408,67,47,5,2,111.67,475.44,dwell,157.54,331.16,151.40,0,178.908,7.862,179.868,-18.22,20.74,147.51,-17.43,-7.97,173.91,52.905,54.258,-22.6230,-4.5751,157.54,331.16,-23.8836,-5.6846,,,0.19894,0
201.1377,67,47,5,2,111.67,475.44,dwell,104.60,258.03,217.53,0,178.823,7.881,179.860,-18.11,20.72,147.27,-17.52,-8.28,173.69,53.415,54.404,-19.3747,-7.4099,104.60,258.03,-21.8546,-6.4610,,,0.19808,0
201.2459,67,47,5,2,111.67,475.44,capture,81.51,232.37,244.94,0,178.860,8.027,179.842,-18.18,20.74,147.13,-17.90,-7.85,173.47,53.554,54.210,-19.3518,-8.7426,81.51,232.37,-20.7284,-7.4877,,,0.19922,0
201.3556,67,47,5,2,111.67,475.44,capture,87.85,246.21,230.47,0,179.008,8.007,179.854,-18.22,20.60,147.19,-17.88,-8.17,173.70,53.786,54.369,-18.7182,-9.0480,87.85,246.21,-19.8238,-8.1898,,,0.20912,0
201.4482,67,47,5,2,111.67,475.44,capture,78.55,250.23,227.64,0,179.020,7.986,179.854,-18.17,20.52,147.10,-17.54,-8.40,173.30,53.680,54.551,-19.0885,-9.2027,78.55,250.23,-19.4929,-8.6456,,,0.20885,0
201.5420,67,47,5,2,111.67,475.44,capture,91.17,252.65,223.74,0,179.139,8.032,179.845,-18.26,20.44,147.48,-17.99,-6.98,173.72,53.394,54.213,-19.5313,-9.0256,91.17,252.65,-19.5102,-8.8166,,,0.20821,0
201.6442,67,47,5,2,111.67,475.44,capture,69.35,236.13,243.03,0,179.169,8.001,179.826,-18.23,20.44,147.77,-17.87,-8.27,174.08,53.482,54.301,-17.6542,-10.2734,69.35,236.13,-18.6750,-9.4722,,,0.21678,0
201.7461,67,47,5,2,111.67,475.44,capture,62.12,237.68,242.87,0,179.178,8.105,179.808,-18.19,20.37,147.74,-17.44,-8.42,174.33,53.252,54.240,-19.5452,-9.8151,62.12,237.68,-19.0666,-9.6265,,,0.18776,0
201.8483,67,47,5,2,111.67,475.44,capture,91.84,253.88,222.45,0,179.082,8.327,179.810,-18.16,20.44,147.60,-17.53,-8.13,173.76,53.529,54.157,-19.6328,-8.2387,91.84,253.88,-19.3214,-9.0020,,,0.20451,0
201.9397,67,47,5,2,111.67,475.44,capture,118.70,261.68,213.88,0,179.039,8.376,179.810,-18.15,20.53,147.71,-17.45,-7.08,174.29,53.527,54.353,-19.6686,-7.2260,118.70,261.68,-19.4776,-8.2028,,,0.18716,0
202.0647,67,47,5,2,111.67,475.44,capture,74.17,241.05,237.37,0,179.091,8.326,179.827,-18.14,20.56,147.88,-17.99,-7.91,174.09,53.445,54.336,-18.6965,-9.6762,74.17,241.05,-19.1261,-8.8658,,,0.19142,0
202.1705,67,47,5,2,111.67,475.44,capture,81.49,210.46,266.70,0,179.083,8.288,179.838,-18.14,20.56,147.83,-18.10,-8.54,174.33,53.730,54.184,-17.8981,-9.4428,81.49,210.46,-18.5735,-9.1255,,,0.22723,0
202.2686,67,47,5,2,111.67,475.44,capture,90.91,236.93,239.42,0,179.064,8.386,179.843,-18.10,20.53,147.97,-17.72,-8.72,174.56,53.587,54.104,-19.8125,-8.2294,90.91,236.93,-19.1310,-8.7222,,,0.22511,0
202.3529,67,47,5,2,111.67,475.44,capture,119.02,236.54,239.02,0,179.029,8.402,179.846,-18.18,20.57,147.88,-18.09,-7.50,174.23,53.640,54.014,-19.9875,-7.4390,119.02,236.54,-19.5164,-8.1448,,,0.21656,0
202.4460,67,47,5,2,111.67,475.44,capture,74.31,271.01,207.82,0,179.037,8.301,179.851,-18.31,20.62,147.86,-17.74,-7.87,174.21,53.909,53.856,-21.0685,-9.4539,74.31,271.01,-20.2149,-8.7339,,,0.23031,0
202.5381,67,47,5,2,111.67,475.44,capture,84.47,261.44,215.73,0,179.201,8.336,179.843,-18.32,20.79,147.87,-17.97,-8.67,174.16,53.526,54.094,-20.1496,-9.1629,84.47,261.44,-20.1855,-8.9270,,,0.17245,0
202.6354,67,47,5,2,111.67,475.44,capture,100.61,240.33,235.37,0,179.181,8.344,179.802,-18.35,20.57,148.13,-17.71,-7.68,174.88,53.476,54.538,-18.1430,-8.5270,100.61,240.33,-19.2664,-8.7470,,,0.17875,0
202.7174,67,47,5,2,111.67,475.44,capture,72.43,229.91,248.65,0,179.254,8.333,179.763,-18.37,20.64,148.27,-18.08,-8.16,174.36,53.364,54.931,-18.9708,-10.0262,72.43,229.91,-19.1334,-9.3226,,,0.19256,0
202.8032,67,47,5,2,111.67,475.44,capture,92.93,223.08,253.06,0,179.124,8.348,179.765,-18.27,20.55,148.18,-18.44,-7.42,174.49,53.399,54.920,-19.0494,-8.6217,92.93,223.08,-19.0956,-9.0072,,,0.20766,0
202.8956,67,47,5,2,111.67,475.44,capture,93.55,255.14,221.05,0,179.095,8.434,179.788,-18.21,20.49,148.20,-17.48,-9.05,174.75,53.643,54.996,-19.3130,-8.7795,93.55,255.14,-19.1934,-8.9047,,,0.20451,0
202.9776,67,47,5,2,111.67,475.44,capture,82.23,241.60,235.69,0,179.063,8.346,179.843,-18.18,20.41,147.68,-17.08,-8.53,173.81,53.897,54.536,-18.9755,-9.4504,82.23,241.60,-19.0954,-9.1503,,,0.25213,0
203.0731,67,47,5,2,111.67,475.44,capture,91.97,249.08,227.22,0,178.943,8.324,179.851,-18.15,20.36,147.89,-17.48,-8.10,174.42,54.432,54.365,-19.5720,-8.2332,91.97,249.08,-19.3099,-8.7376,,,0.23759,0
203.2775,68,2,0,2,111.67,43.22,dwell,207.43,24.45,97.59,0,178.981,8.330,179.834,-18.23,20.35,147.88,-17.67,-8.44,174.54,54.447,54.011,-11.8538,-2.6175,207.43,24.45,-11.8538,-2.6175,,,0.22647,0
203.3595,68,2,0,2,111.67,43.22,dwell,180.46,106.73,93.63,0,178.968,8.292,179.806,-18.05,20.35,147.55,-18.12,-8.70,173.99,53.972,53.805,-14.7171,-4.5523,180.46,106.73,-13.1423,-3.4881,,,0.19821,0
203.4507,68,2,0,2,111.67,43.22,dwell,185.49,188.17,162.66,0,178.929,8.217,179.801,-18.09,20.44,147.65,-17.90,-7.66,173.97,54.052,54.188,-17.4129,-4.2872,185.49,188.17,-15.0640,-3.8477,,,0.23286,0
203.5442,68,2,0,2,111.67,43.22,dwell,174.08,146.12,120.35,0,179.030,8.238,179.787,-18.14,20.47,147.31,-17.78,-7.08,173.89,54.136,54.136,-15.5125,-5.1382,174.08,146.12,-15.2659,-4.4285,,,0.22896,0
203.6354,68,2,0,2,111.67,43.22,dwell,248.91,127.85,161.24,0,179.083,8.079,179.782,-18.22,20.62,147.11,-17.91,-8.52,173.05,53.980,54.128,-14.6269,-1.4147,248.91,127.85,-14.9783,-3.0722,,,0.22627,0
203.7174,68,2,0,2,111.67,43.22,dwell,284.53,129.74,193.31,0,178.949,7.953,179.758,-18.14,20.68,147.11,-17.78,-7.73,173.67,53.828,54.127,-14.8150,0.5086,284.53,129.74,-14.9048,-1.4609,,,0.22763,0
203.8339,68,2,0,2,111.67,43.22,dwell,247.46,50.26,135.98,0,178.787,7.734,179.764,-18.23,20.63,147.08,-17.37,-8.01,173.15,53.940,54.338,-12.4084,-1.4594,247.46,50.26,-13.7815,-1.4602,,,0.19765,0
203.9579,68,2,0,2,111.67,43.22,dwell,279.07,12.76,170.15,0,178.842,7.744,179.746,-18.21,20.59,147.35,-18.05,-8.02,173.74,53.875,54.377,-11.0104,-0.2911,279.07,12.76,-12.5345,-0.9341,,,0.22157,0
204.0709,68,2,0,2,111.67,43.22,dwell,288.14,55.42,176.89,0,178.835,7.648,179.768,-18.22,20.60,147.62,-17.67,-7.40,173.96,53.830,54.504,-12.5190,0.2629,288.14,55.42,-12.5275,-0.3954,,,0.18639,0
204.1565,68,2,0,2,111.67,43.22,dwell,302.88,68.71,192.90,0,178.692,7.692,179.780,-18.20,20.62,147.59,-18.17,-7.39,173.89,53.785,54.657,-11.9764,0.5229,302.88,68.71,-12.2795,0.0178,,,0.21480,0
204.2452,68,2,0,2,111.67,43.22,capture,324.93,34.43,213.44,0,178.756,7.632,179.794,-18.13,20.54,147.84,-17.47,-7.91,174.04,53.725,54.347,-10.8408,2.2507,324.93,34.43,-11.6321,1.0226,,,0.19226,0
204.3497,68,2,0,2,111.67,43.22,capture,319.92,52.14,208.44,0,178.707,7.708,179.789,-18.18,20.56,147.63,-17.92,-7.27,173.59,53.764,54.028,-11.3276,1.7154,319.92,52.14,-11.4951,1.3344,,,0.21138,0
204.4496,68,2,0,2,111.67,43.22,capture,301.84,33.62,190.42,0,178.618,7.733,179.809,-18.19,20.49,147.65,-17.98,-8.76,174.27,53.793,54.022,-10.5512,1.0893,301.84,33.62,-11.0703,1.2241,,,0.22470,0
204.5393,68,2,0,2,111.67,43.22,capture,290.42,17.96,180.53,0,178.595,7.781,179.844,-18.10,20.56,147.47,-18.36,-8.16,173.67,53.734,53.959,-10.2334,0.8233,290.42,17.96,-10.6937,1.0437,,,0.21437,0
204.6220,68,2,0,2,111.67,43.22,capture,293.91,39.55,182.28,0,178.589,7.695,179.870,-18.07,20.76,147.57,-17.64,-8.25,174.26,53.845,54.271,-11.3297,1.2825,293.91,39.55,-10.9799,1.1512,,,0.23225,0
204.7274,68,2,0,2,111.67,43.22,capture,308.63,51.28,197.13,0,178.672,7.685,179.877,-18.03,20.62,147.50,-17.51,-7.78,173.94,53.965,54.343,-11.7038,1.4059,308.63,51.28,-11.3057,1.2658,,,0.20936,0
204.8210,68,2,0,2,111.67,43.22,capture,302.17,47.17,190.54,0,178.749,7.707,179.839,-18.11,20.60,147.68,-17.78,-7.86,173.99,53.695,54.359,-11.5477,1.7856,302.17,47.17,-11.4146,1.4997,,,0.21257,0
204.9281,68,2,0,2,111.67,43.22,capture,310.02,53.75,198.63,0,178.865,7.714,179.828,-18.06,20.65,147.59,-17.75,-7.56,173.96,53.849,54.082,-11.8318,1.6025,310.02,53.75,-11.6023,1.5460,,,0.21538,0
205.0275,68,2,0,2,111.67,43.22,capture,295.61,38.17,184.01,0,178.886,7.652,179.788,-18.24,20.61,147.67,-17.99,-7.69,174.04,54.001,53.665,-10.3992,0.4563,295.61,38.17,-11.0609,1.0556,,,0.22055,0
205.1311,68,2,0,2,111.67,43.22,capture,302.43,30.49,191.19,0,178.922,7.711,179.803,-18.21,20.54,147.70,-18.06,-8.84,173.91,53.861,53.733,-10.1183,1.0679,302.43,30.49,-10.6367,1.0611,,,0.22880,0
205.2244,68,2,0,2,111.67,43.22,capture,307.04,26.79,196.06,0,178.938,7.664,179.815,-18.23,20.59,147.70,-17.77,-7.60,173.54,53.978,53.899,-10.0652,1.8168,307.04,26.79,-10.3796,1.4012,,,0.21937,0
205.3200,68,2,0,2,111.67,43.22,capture,291.54,42.75,179.87,0,178.906,7.498,179.808,-18.20,20.60,147.75,-17.74,-8.09,173.98,53.939,54.043,-12.2237,0.9354,291.54,42.75,-11.2094,1.1916,,,0.22113,0
205.4426,68,2,0,2,111.67,43.22,capture,282.91,46.21,171.27,0,178.922,7.444,179.817,-18.11,20.61,147.49,-18.18,-7.50,173.82,53.875,54.002,-11.5555,0.1224,282.91,46.21,-11.3652,0.7104,,,0.20397,0
205.5625,68,2,0,2,111.67,43.22,capture,312.21,30.50,200.95,0,178.837,7.598,179.777,-18.12,20.62,147.53,-17.93,-8.18,173.89,53.854,53.838,-11.1581,2.2209,312.21,30.50,-11.2720,1.3901,,,0.22006,0
205.6707,68,2,0,2,111.67,43.22,capture,314.60,30.61,203.32,0,178.878,7.638,179.764,-18.21,20.59,147.74,-17.97,-8.60,173.72,54.009,53.822,-10.4782,1.3434,314.60,30.61,-10.9148,1.3691,,,0.22811,0
205.7708,68,2,0,2,111.67,43.22,capture,317.24,26.12,206.28,0,178.854,7.558,179.803,-18.37,20.38,147.84,-17.93,-8.02,174.09,53.239,54.145,-9.9849,2.4587,317.24,26.12,-10.4964,1.8594,,,0.19947,0
205.8797,68,2,0,2,111.67,43.22,capture,305.10,27.92,194.04,0,178.792,7.566,179.809,-18.31,20.58,147.77,-18.48,-7.16,173.94,53.104,54.362,-10.8707,0.6379,305.10,27.92,-10.6648,1.3097,,,0.19298,0
205.9710,68,2,0,2,111.67,43.22,capture,324.08,53.69,212.67,0,178.932,7.629,179.833,-18.32,20.43,147.80,-17.91,-8.08,174.01,53.060,54.528,-11.5645,1.8760,324.08,53.69,-11.0697,1.5645,,,0.16398,0
206.0551,68,2,0,2,111.67,43.22,capture,286.25,30.21,175.07,0,178.988,7.547,179.835,-18.31,20.49,147.63,-17.96,-8.68,173.89,53.068,54.571,-10.9307,0.1811,286.25,30.21,-11.0071,0.9420,,,0.18320,0
206.1597,68,2,0,2,111.67,43.22,capture,308.14,63.64,197.53,0,179.084,7.427,179.815,-18.35,20.51,147.61,-17.13,-7.37,174.30,53.326,54.282,-12.0435,0.9742,308.14,63.64,-11.4735,0.9565,,,0.19019,0
206.3276,69,7,0,7,335.00,43.22,dwell,278.61,127.73,101.59,0,179.034,7.332,179.828,-18.31,20.63,147.69,-17.49,-7.61,174.07,53.645,54.204,-13.8986,-0.6836,278.61,127.73,-13.8986,-0.6836,,,0.21086,0
206.4096,69,7,0,7,335.00,43.22,dwell,219.21,178.16,177.81,0,179.045,7.395,179.814,-18.37,20.61,147.79,-17.94,-7.79,174.01,53.685,54.363,-17.1462,-2.5512,219.21,178.16,-15.3600,-1.5240,,,0.19532,0
206.4998,69,7,0,7,335.00,43.22,dwell,322.84,234.00,191.16,0,178.972,7.453,179.789,-18.30,20.62,147.90,-17.77,-7.51,174.15,53.333,54.159,-19.1890,2.6477,322.84,234.00,-17.0830,0.3532,,,0.17715,0
206.6020,69,7,0,7,335.00,43.22,dwell,302.94,214.08,173.84,0,178.823,7.367,179.768,-18.20,20.44,147.76,-17.76,-7.82,174.25,53.284,54.378,-18.2732,0.6841,302.94,214.08,-17.6186,0.5021,,,0.19846,0
206.7090,69,7,0,7,335.00,43.22,dwell,359.04,285.97,243.94,0,178.767,7.291,179.784,-18.23,20.50,147.83,-17.83,-8.39,173.94,53.284,54.430,-20.9771,4.0812,359.04,285.97,-19.1299,2.1127,,,0.19006,0
206.8001,69,7,0,7,335.00,43.22,dwell,388.77,255.84,219.31,0,178.819,7.366,179.774,-18.24,20.44,147.60,-18.16,-8.45,174.38,53.214,54.328,-19.6235,5.8655,388.77,255.84,-19.3521,3.8015,,,0.21013,0
206.9050,69,7,0,7,335.00,43.22,dwell,423.06,238.19,213.93,0,178.740,7.396,179.773,-18.33,20.38,147.52,-18.35,-8.41,174.00,53.142,53.935,-18.6760,7.1338,423.06,238.19,-19.0478,5.3010,,,0.20362,0
206.9985,69,7,0,7,335.00,43.22,dwell,396.10,319.93,283.37,0,178.876,7.438,179.797,-18.31,20.46,147.59,-17.83,-7.83,173.70,53.283,53.943,-22.9152,5.7420,396.10,319.93,-20.7881,5.4994,,,0.19953,0
207.1196,69,7,0,7,335.00,43.22,capture,424.96,354.98,324.48,0,178.820,7.342,179.800,-18.34,20.65,147.56,-17.51,-8.58,173.42,53.249,53.947,-23.1707,6.8685,424.96,354.98,-21.8603,6.1155,,,0.19113,0
207.2377,69,7,0,7,335.00,43.22,capture,417.19,344.69,312.47,0,178.846,7.350,179.807,-18.22,20.48,147.60,-17.74,-7.79,173.69,53.158,54.590,-23.1559,6.5015,417.19,344.69,-22.4433,6.2892,,,0.21181,0
207.3222,69,7,0,7,335.00,43.22,capture,414.37,364.21,330.66,0,178.961,7.252,179.815,-18.32,20.49,147.89,-18.10,-8.54,174.44,53.067,54.692,-24.6131,6.7542,414.37,364.21,-23.4197,6.4985,,,0.18264,0
207.4287,69,7,0,7,335.00,43.22,capture,430.25,350.95,322.13,0,179.016,7.306,179.819,-18.40,20.57,147.64,-18.02,-8.29,174.15,53.222,54.424,-23.6531,6.6542,430.25,350.95,-23.5247,6.5685,,,0.20968,0
207.5494,69,7,0,7,335.00,43.22,capture,401.43,371.99,335.41,0,178.999,7.388,179.796,-18.44,20.47,147.89,-18.20,-7.93,174.26,52.913,54.457,-24.0095,6.1374,401.43,371.99,-23.7429,6.3745,,,0.17390,0
207.6537,69,7,0,7,335.00,43.22,capture,400.85,369.63,332.98,0,178.942,7.352,179.837,-18.38,20.47,147.94,-18.00,-8.58,174.03,53.722,54.634,-24.3742,5.7940,400.85,369.63,-24.0270,6.1133,,,0.21540,0
207.7427,69,7,0,7,335.00,43.22,capture,402.72,374.18,337.82,0,178.904,7.462,179.834,-18.44,20.60,148.10,-18.75,-8.48,174.46,53.987,54.498,-24.5096,5.6521,402.72,374.18,-24.2441,5.9058,,,0.20686,0
207.8370,69,7,0,7,335.00,43.22,capture,431.81,379.13,349.58,0,178.817,7.567,179.826,-18.29,20.76,147.93,-18.26,-7.06,174.63,54.269,54.491,-24.6864,6.9539,431.81,379.13,-24.4432,6.3774,,,0.25115,0
207.9348,69,7,0,7,335.00,43.22,capture,433.56,372.46,343.67,0,179.007,7.643,179.840,-18.32,20.72,147.72,-17.88,-8.25,173.60,54.337,54.498,-23.4048,7.4450,433.56,372.46,-23.9759,6.8578,,,0.21744,0
208.0453,69,7,0,7,335.00,43.22,capture,417.67,359.50,326.90,0,178.973,7.633,179.868,-18.44,20.69,147.88,-18.48,-8.70,174.21,54.341,54.094,-23.8878,5.8490,417.67,359.50,-23.9363,6.4039,,,0.22661,0
208.1378,69,7,0,7,335.00,43.22,capture,419.89,366.72,334.45,0,178.929,7.605,179.857,-18.38,20.72,147.94,-18.18,-7.71,173.60,54.437,54.310,-24.7211,5.9079,419.89,366.72,-24.2894,6.1807,,,0.23658,0
208.2283,69,7,0,7,335.00,43.22,capture,427.60,402.88,371.39,0,178.993,7.656,179.877,-18.33,20.70,147.73,-18.65,-7.82,174.16,54.753,53.961,-26.3499,6.6462,427.60,402.88,-25.2167,6.3902,,,0.24385,0
208.3290,69,7,0,7,335.00,43.22,capture,424.73,376.10,344.76,0,178.998,7.658,179.845,-18.36,20.62,147.58,-17.84,-8.32,173.95,54.436,54.009,-23.6437,8.0117,424.73,376.10,-24.5088,7.1199,,,0.23104,0
208.4378,69,7,0,7,335.00,43.22,capture,413.59,387.39,353.03,0,179.052,7.715,179.817,-18.41,20.54,147.28,-18.71,-7.67,174.05,54.553,54.438,-24.7440,6.6309,413.59,387.39,-24.6147,6.8998,,,0.23558,0
208.5320,69,7,0,7,335.00,43.22,capture,424.64,380.23,348.73,0,179.021,7.829,179.823,-18.50,20.62,147.45,-17.65,-7.81,173.85,54.501,54.711,-24.7811,7.8181,424.64,380.23,-24.6896,7.3131,,,0.25997,0
208.6140,69,7,0,7,335.00,43.22,capture,409.06,375.59,340.52,0,178.923,7.779,179.792,-18.43,20.56,147.33,-18.31,-7.48,173.53,54.511,54.438,-24.0468,5.9708,409.06,375.59,-24.4003,6.7090,,,0.25644,0
208.7225,69,7,0,7,335.00,43.22,capture,412.95,393.08,358.44,0,178.899,7.676,179.784,-18.50,20.44,147.43,-17.66,-7.99,173.40,54.469,54.431,-25.2939,6.6238,412.95,393.08,-24.8024,6.6707,,,0.23997,0
208.8190,69,7,0,7,335.00,43.22,capture,419.98,348.93,317.30,0,179.061,7.621,179.777,-18.43,20.26,147.34,-17.74,-7.96,173.66,54.367,54.426,-23.1426,6.4896,419.98,348.93,-24.0555,6.5892,,,0.24286,0
208.9054,69,7,0,7,335.00,43.22,capture,437.94,375.06,347.44,0,179.099,7.650,179.776,-18.43,20.52,147.30,-18.08,-8.13,173.84,54.139,54.429,-25.3632,7.3343,437.94,375.06,-24.6439,6.9245,,,0.22266,0
209.0183,69,7,0,7,335.00,43.22,capture,445.01,360.01,335.35,0,178.969,7.578,179.783,-18.50,20.61,147.41,-17.89,-8.41,173.39,54.319,54.080,-23.9323,8.1990,445.01,360.01,-24.3237,7.4980,,,0.21515,0
209.1010,69,7,0,7,335.00,43.22,capture,405.39,388.13,352.02,0,178.988,7.537,179.791,-18.54,20.45,147.18,-17.71,-8.08,173.43,54.120,53.870,-24.6106,5.8216,405.39,388.13,-24.4528,6.7436,,,0.23496,0
209.2765,70,28,3,1,67.00,302.56,dwell,333.33,350.59,270.63,0,178.915,7.652,179.807,-18.52,20.36,147.06,-18.28,-8.38,173.07,54.152,53.696,-23.8276,2.3126,333.33,350.59,-23.8276,2.3126,,,0.19193,0
209.3826,70,28,3,1,67.00,302.56,dwell,323.32,198.51,276.63,0,178.913,7.693,179.815,-18.50,20.35,147.12,-17.87,-7.51,173.56,54.257,53.975,-17.6366,2.4145,323.32,198.51,-21.0416,2.3585,,,0.23553,0
209.4865,70,28,3,1,67.00,302.56,dwell,165.64,247.50,112.96,0,178.954,7.786,179.842,-18.49,20.46,147.24,-17.40,-9.15,173.21,54.113,53.954,-19.8381,-4.9503,165.64,247.50,-20.5000,-0.9305,,,0.23715,0
209.5710,70,28,3,1,67.00,302.56,dwell,256.79,235.44,201.31,0,178.951,7.734,179.818,-18.46,20.63,147.34,-18.41,-8.18,173.69,54.097,54.400,-18.3067,-1.2195,256.79,235.44,-19.5131,-1.0606,,,0.19519,0
209.6583,70,28,3,1,67.00,302.56,dwell,190.17,62.46,269.85,0,178.977,7.661,179.786,-18.42,20.50,147.17,-17.83,-8.12,173.71,53.891,54.641,-11.8429,-4.4041,190.17,62.46,-16.0615,-2.5652,,,0.21996,0
209.7568,70,28,3,1,67.00,302.56,dwell,214.63,41.75,299.69,0,178.877,7.575,179.779,-18.37,20.64,147.08,-18.55,-7.91,172.99,54.063,54.665,-11.7437,-2.8063,214.63,41.75,-14.1185,-2.6737,,,0.22644,0
209.8532,70,28,3,1,67.00,302.56,dwell,196.47,86.23,252.11,0,178.939,7.575,179.785,-18.51,20.73,147.12,-17.68,-7.22,173.31,54.393,54.545,-13.6024,-3.9656,196.47,86.23,-13.8863,-3.2550,,,0.22732,0
209.9352,70,28,3,1,67.00,302.56,dwell,120.78,53.56,254.74,0,178.848,7.572,179.788,-18.62,20.65,147.15,-18.19,-8.23,173.67,53.972,54.575,-11.3555,-7.3144,120.78,53.56,-12.7474,-5.0818,,,0.23642,0
210.0188,70,28,3,1,67.00,302.56,dwell,120.47,15.07,292.42,0,178.933,7.523,179.815,-18.55,20.73,147.25,-17.77,-7.93,174.07,53.923,54.774,-10.4760,-7.7982,120.47,15.07,-11.7253,-6.3041,,,0.23942,0
210.1063,70,28,3,1,67.00,302.56,dwell,86.89,55.95,247.41,0,179.015,7.745,179.804,-18.52,20.86,147.27,-18.53,-7.94,173.56,54.158,54.731,-11.9142,-8.6235,86.89,55.95,-11.8103,-7.3479,,,0.22881,0
210.2066,70,28,3,1,67.00,302.56,capture,53.77,-2.65,305.49,0,178.860,7.696,179.816,-18.50,20.85,147.12,-18.01,-7.93,173.28,54.125,54.524,-9.3495,-10.4072,53.77,-2.65,-10.7029,-8.7246,,,0.22452,0
210.3101,70,28,3,1,67.00,302.56,capture,51.37,-30.38,333.30,0,178.999,7.686,179.784,-18.47,21.07,147.11,-17.69,-7.17,173.30,53.837,54.279,-9.1051,-10.3045,51.37,-30.38,-9.9839,-9.4355,,,0.20428,0
210.3974,70,28,3,1,67.00,302.56,capture,63.71,-24.25,326.82,0,179.015,7.908,179.794,-18.44,20.94,147.16,-17.59,-8.28,173.37,53.655,54.125,-8.9432,-10.2815,63.71,-24.25,-9.5156,-9.8162,,,0.21500,0
210.4839,70,28,3,1,67.00,302.56,capture,64.09,-51.68,354.25,0,179.056,7.928,179.800,-18.37,20.83,147.25,-17.76,-8.17,173.24,53.659,54.555,-7.2481,-10.5378,64.09,-51.68,-8.4952,-10.1409,,,0.20234,0
210.5675,70,28,3,1,67.00,302.56,capture,47.48,-48.47,351.57,0,178.999,7.918,179.809,-18.35,20.70,147.40,-17.71,-7.37,173.99,53.555,54.736,-8.5564,-11.0545,47.48,-48.47,-8.5227,-10.5520,,,0.22513,0
210.6537,70,28,3,1,67.00,302.56,capture,53.37,-15.48,318.33,0,179.025,8.105,179.830,-18.34,20.79,147.52,-17.76,-8.52,174.14,53.383,54.482,-9.6962,-10.9402,53.37,-15.48,-9.0508,-10.7267,,,0.21381,0
210.7439,70,28,3,1,67.00,302.56,capture,70.01,8.75,293.82,0,179.023,8.138,179.847,-18.29,20.92,147.71,-17.69,-8.07,173.92,53.323,54.611,-10.3180,-9.5810,70.01,8.75,-9.6210,-10.2111,,,0.20360,0
210.8503,70,28,3,1,67.00,302.56,capture,62.93,-14.23,316.81,0,178.988,8.267,179.850,-18.26,20.99,147.78,-17.28,-7.78,174.33,53.305,54.797,-9.8464,-9.8494,62.93,-14.23,-9.7225,-10.0484,,,0.22023,0
210.9609,70,28,3,1,67.00,302.56,capture,65.31,-20.31,322.87,0,179.002,8.255,179.844,-18.30,20.98,147.69,-18.44,-8.07,173.93,53.482,54.542,-8.9724,-9.9449,65.31,-20.31,-9.3849,-10.0018,,,0.20860,0
211.0647,70,28,3,1,67.00,302.56,capture,64.23,-10.92,313.49,0,179.041,8.300,179.880,-18.34,20.91,147.74,-17.90,-7.41,174.12,53.680,54.832,-8.7873,-9.6721,64.23,-10.92,-9.1160,-9.8534,,,0.22886,0
211.1718,70,28,3,1,67.00,302.56,capture,74.36,-28.34,330.98,0,178.944,8.181,179.905,-18.32,20.83,147.78,-17.91,-8.91,173.75,53.643,54.679,-8.4616,-9.6287,74.36,-28.34,-8.8215,-9.7523,,,0.20696,0
211.2792,70,28,3,1,67.00,302.56,capture,51.10,-24.90,327.84,0,178.995,8.169,179.847,-18.41,20.83,147.61,-18.15,-7.99,173.98,53.836,54.636,-8.8338,-10.6356,51.10,-24.90,-8.8270,-10.1498,,,0.21374,0
211.3636,70,28,3,1,67.00,302.56,capture,32.35,-18.07,322.49,0,178.936,8.151,179.854,-18.44,20.62,147.80,-18.34,-7.60,173.82,53.623,54.498,-9.6711,-11.3726,32.35,-18.07,-9.2068,-10.7001,,,0.22031,0
211.4456,70,28,3,1,67.00,302.56,capture,27.46,-26.47,331.39,0,178.982,7.956,179.831,-18.37,20.72,147.85,-18.04,-8.64,174.25,53.700,54.618,-8.6058,-11.4196,27.46,-26.47,-8.9364,-11.0239,,,0.21034,0
211.5412,70,28,3,1,67.00,302.56,capture,54.52,-6.85,309.66,0,179.029,7.859,179.835,-18.42,20.63,147.77,-17.88,-7.80,174.43,53.885,54.350,-9.5213,-9.8745,54.52,-6.85,-9.1996,-10.5066,,,0.23275,0
211.6471,70,28,3,1,67.00,302.56,capture,49.29,32.16,270.97,0,178.865,7.866,179.815,-18.28,20.87,147.53,-18.12,-7.15,174.08,53.766,54.007,-10.6610,-10.9611,49.29,32.16,-9.8572,-10.7111,,,0.22258,0
211.7501,70,28,3,1,67.00,302.56,capture,65.67,1.56,301.00,0,178.887,7.840,179.834,-18.15,20.93,147.41,-17.83,-7.88,173.69,53.819,54.148,-9.3862,-9.0944,65.67,1.56,-9.6452,-9.9836,,,0.21166,0
211.8459,70,28,3,1,67.00,302.56,capture,43.11,-43.46,346.84,0,178.837,7.906,179.803,-18.13,20.87,147.32,-17.79,-7.42,173.17,53.759,53.959,-8.3914,-10.9219,43.11,-43.46,-9.0810,-10.4058,,,0.23849,0
212.0365,71,30,3,3,156.33,302.56,dwell,38.80,-28.11,350.93,0,178.978,7.933,179.806,-18.08,20.94,147.29,-17.50,-7.93,173.41,53.931,53.896,-8.8870,-10.8636,38.80,-28.11,-8.8870,-10.8636,,,0.20389,0
212.1347,71,30,3,3,156.33,302.56,dwell,43.02,27.53,297.45,0,179.079,7.821,179.821,-18.13,20.94,147.16,-17.78,-7.56,172.76,54.171,54.093,-10.4903,-11.5540,43.02,27.53,-9.6085,-11.1743,,,0.21966,0
212.2269,71,30,3,3,156.33,302.56,dwell,85.86,60.44,252.16,0,179.013,7.847,179.766,-18.12,20.72,147.06,-17.75,-8.19,173.41,53.661,53.827,-11.8428,-8.9309,85.86,60.44,-10.6139,-10.1648,,,0.21463,0
212.3251,71,30,3,3,156.33,302.56,dwell,61.73,51.44,268.34,0,179.178,7.931,179.769,-18.18,20.79,147.10,-17.58,-7.83,173.39,53.876,53.756,-10.8555,-9.9311,61.73,51.44,-10.7226,-10.0596,,,0.19565,0
212.4281,71,30,3,3,156.33,302.56,dwell,133.54,363.81,65.36,0,179.186,7.978,179.781,-18.22,20.86,147.55,-17.90,-8.23,173.44,53.899,53.698,-23.9941,-6.4387,133.54,363.81,-16.6948,-8.4302,,,0.22639,0
212.5370,71,30,3,3,156.33,302.56,dwell,107.12,216.70,98.96,0,179.177,7.968,179.798,-18.19,20.74,147.78,-17.26,-7.34,173.87,54.035,53.849,-18.1509,-7.8216,107.12,216.70,-17.3500,-8.1563,,,0.23489,0
212.6418,71,30,3,3,156.33,302.56,dwell,227.77,271.38,77.94,0,179.189,8.002,179.788,-18.17,20.77,147.62,-17.66,-7.83,174.03,53.992,53.892,-21.1545,-2.5281,227.77,271.38,-19.0621,-5.6236,,,0.21644,0
212.7352,71,30,3,3,156.33,302.56,dwell,218.67,293.56,62.98,0,179.203,7.923,179.781,-18.21,20.82,147.55,-16.86,-7.64,173.51,53.773,54.054,-21.7984,-2.2967,218.67,293.56,-20.2934,-4.1265,,,0.20954,0
212.8272,71,30,3,3,156.33,302.56,dwell,300.78,340.73,149.41,0,179.037,7.915,179.780,-18.33,20.80,147.62,-17.53,-8.05,173.82,53.978,53.998,-22.9061,1.5098,300.78,340.73,-21.4691,-1.5902,,,0.22430,0
212.9226,71,30,3,3,156.33,302.56,dwell,207.61,274.28,58.56,0,179.017,7.922,179.814,-18.36,20.78,147.65,-17.97,-7.17,174.07,53.729,54.051,-21.2130,-3.2642,207.61,274.28,-21.3539,-2.3435,,,0.21411,0
213.0120,71,30,3,3,156.33,302.56,dwell,225.66,359.91,89.98,0,178.999,8.002,179.836,-18.35,20.75,147.59,-17.68,-8.40,174.19,53.671,54.118,-23.6166,-1.9448,225.66,359.91,-22.3721,-2.1641,,,0.21620,0
213.1205,71,30,3,3,156.33,302.56,capture,248.04,389.31,126.24,0,179.091,7.853,179.849,-18.37,20.81,147.41,-17.68,-7.62,174.05,53.352,54.106,-24.9300,-1.7525,248.04,389.31,-23.5231,-1.9789,,,0.20613,0
213.2160,71,30,3,3,156.33,302.56,capture,219.89,377.85,98.53,0,179.108,7.958,179.897,-18.37,20.84,147.48,-18.27,-7.57,173.90,53.051,54.425,-24.1373,-2.6219,219.89,377.85,-23.7995,-2.2682,,,0.20916,0
213.3156,71,30,3,3,156.33,302.56,capture,242.87,367.81,108.38,0,179.067,7.928,179.876,-18.32,20.84,147.44,-18.05,-7.83,173.88,53.070,53.961,-24.4899,-1.5645,242.87,367.81,-24.1102,-1.9515,,,0.21358,0
213.4206,71,30,3,3,156.33,302.56,capture,285.20,365.51,143.42,0,179.122,8.005,179.881,-18.35,20.83,147.49,-18.00,-7.32,173.77,53.368,54.424,-23.7858,0.3703,285.20,365.51,-23.9642,-0.9067,,,0.19903,0
213.5150,71,30,3,3,156.33,302.56,capture,249.91,365.33,112.68,0,178.957,8.000,179.929,-18.42,20.74,147.68,-17.84,-7.53,174.63,53.863,54.709,-24.3281,-0.8650,249.91,365.33,-24.1280,-0.8880,,,0.22171,0
213.6179,71,30,3,3,156.33,302.56,capture,242.44,370.92,109.95,0,179.074,8.045,179.933,-18.42,20.48,147.68,-17.58,-8.12,173.94,54.298,54.425,-23.9939,-2.3920,242.44,370.92,-24.0676,-1.5648,,,0.21189,0
213.7076,71,30,3,3,156.33,302.56,capture,233.17,386.93,114.12,0,178.994,7.956,179.899,-18.28,20.53,147.35,-17.08,-8.16,173.46,54.388,54.771,-25.2794,-2.4649,233.17,386.93,-24.6129,-1.9698,,,0.22173,0
213.8062,71,30,3,3,156.33,302.56,capture,247.17,374.40,115.81,0,179.067,8.057,179.901,-18.32,20.57,147.47,-17.08,-8.53,173.44,54.523,54.876,-24.5114,-1.4984,247.17,374.40,-24.5672,-1.7577,,,0.23171,0
213.8986,71,30,3,3,156.33,302.56,capture,236.06,353.93,94.85,0,179.019,8.113,179.880,-18.42,20.61,147.43,-18.36,-7.76,173.79,54.342,54.590,-24.1295,-2.6511,236.06,353.93,-24.3702,-2.1597,,,0.25142,0
214.0038,71,30,3,3,156.33,302.56,capture,254.06,362.13,114.45,0,178.975,8.243,179.851,-18.45,20.67,147.59,-18.17,-7.51,173.91,54.294,54.459,-23.4861,-0.5540,254.06,362.13,-23.9724,-1.4371,,,0.21959,0
214.1157,71,30,3,3,156.33,302.56,capture,252.27,353.19,108.48,0,179.022,8.130,179.884,-18.48,20.90,147.67,-17.68,-8.05,173.99,54.002,54.374,-23.5269,-1.1487,252.27,353.19,-23.7719,-1.3074,,,0.22396,0
214.2108,71,30,3,3,156.33,302.56,capture,240.39,370.22,107.91,0,179.058,8.157,179.849,-18.44,20.98,147.42,-17.84,-7.81,173.66,53.883,54.081,-24.1505,-1.4832,240.39,370.22,-23.9423,-1.3865,,,0.22329,0
214.3033,71,30,3,3,156.33,302.56,capture,269.43,396.37,146.94,0,179.050,8.232,179.863,-18.42,20.92,147.29,-18.30,-7.52,174.00,53.510,54.416,-25.5236,-0.4305,269.43,396.37,-24.6539,-0.9563,,,0.21214,0
214.3925,71,30,3,3,156.33,302.56,capture,234.75,382.81,112.20,0,179.032,8.184,179.863,-18.28,20.75,147.48,-17.89,-7.35,173.72,53.436,54.389,-24.8823,-1.5596,234.75,382.81,-24.7567,-1.2278,,,0.20455,0
214.4942,71,30,3,3,156.33,302.56,capture,244.93,338.09,95.46,0,178.966,8.172,179.834,-18.40,20.92,147.24,-17.90,-7.36,174.17,53.531,54.432,-22.1790,-2.1085,244.93,338.09,-23.5967,-1.6241,,,0.22085,0
214.5976,71,30,3,3,156.33,302.56,capture,237.87,364.79,102.57,0,178.891,8.119,179.824,-18.44,20.93,147.15,-17.80,-7.85,173.53,53.909,54.754,-24.3459,-2.3331,237.87,364.79,-23.9338,-1.9432,,,0.24527,0
214.7007,71,30,3,3,156.33,302.56,capture,252.21,367.02,115.53,0,178.896,8.058,179.827,-18.45,20.97,147.29,-17.92,-7.14,173.37,54.030,54.877,-24.1108,-0.7594,252.21,367.02,-24.0135,-1.4104,,,0.23207,0
214.8034,71,30,3,3,156.33,302.56,capture,258.74,363.84,119.34,0,178.904,7.984,179.813,-18.44,21.14,147.52,-17.88,-7.37,173.45,53.938,54.679,-23.2895,-1.4966,258.74,363.84,-23.6877,-1.4492,,,0.21930,0
215.0106,72,58,6,4,201.00,561.89,dwell,173.39,362.86,200.93,0,178.832,7.955,179.788,-18.43,21.29,147.62,-18.15,-6.59,173.81,53.870,54.439,-23.7919,-4.5991,173.39,362.86,-23.7919,-4.5991,,,0.21544,0
215.1255,72,58,6,4,201.00,561.89,dwell,193.13,424.08,138.03,0,178.923,7.899,179.780,-18.49,21.33,147.73,-17.73,-7.41,174.68,53.987,54.584,-26.9586,-4.3059,193.13,424.08,-25.2169,-4.4672,,,0.18754,0
215.2271,72,58,6,4,201.00,561.89,dwell,163.32,493.28,78.27,0,178.822,7.947,179.773,-18.36,21.21,147.69,-17.96,-7.53,174.16,53.923,54.275,-28.8183,-6.0075,163.32,493.28,-26.8375,-5.1603,,,0.25863,0
215.3406,72,58,6,4,201.00,561.89,dwell,269.76,534.92,73.86,0,178.778,7.995,179.743,-18.23,21.21,147.68,-17.84,-7.90,173.96,53.855,54.332,-29.8371,-0.2751,269.76,534.92,-28.1873,-2.9620,,,0.22367,0
215.4354,72,58,6,4,201.00,561.89,dwell,156.71,504.09,72.82,0,178.883,7.973,179.775,-18.29,21.22,147.68,-17.80,-7.51,173.91,54.195,54.350,-30.1295,-5.8915,156.71,504.09,-29.0613,-4.2802,,,0.22515,0
215.5441,72,58,6,4,201.00,561.89,dwell,209.04,584.35,23.86,1,178.861,8.012,179.768,-18.29,20.93,147.76,-18.10,-7.41,174.00,54.115,54.552,-32.9345,-2.6596,209.04,584.35,-30.8042,-3.5510,,,0.23951,0
215.6357,72,58,6,4,201.00,561.89,dwell,312.74,552.50,112.13,0,178.872,7.959,179.780,-18.46,21.08,147.72,-18.72,-7.13,174.05,53.889,54.767,-31.0946,2.1467,312.74,552.50,-30.9349,-0.9870,,,0.23403,0
215.7364,72,58,6,4,201.00,561.89,dwell,207.40,540.58,22.25,1,178.962,7.949,179.738,-18.40,21.02,147.72,-18.27,-7.48,174.17,53.733,54.586,-30.9794,-3.1815,207.40,540.58,-30.9549,-1.9745,,,0.20898,0
215.8329,72,58,6,4,201.00,561.89,dwell,232.16,553.29,32.32,0,178.860,8.008,179.767,-18.35,20.93,147.82,-18.28,-7.45,174.54,53.658,54.462,-30.7220,-2.1931,232.16,553.29,-30.8501,-2.0729,,,0.22619,0
215.9272,72,58,6,4,201.00,561.89,dwell,260.72,607.22,74.98,0,178.797,8.105,179.796,-18.40,21.00,147.87,-18.01,-7.43,174.23,53.489,54.609,-33.4972,-0.4651,260.72,607.22,-32.0413,-1.3494,,,0.19168,0
216.0391,72,58,6,4,201.00,561.89,capture,231.43,598.50,47.61,0,178.784,8.240,179.805,-18.43,20.89,147.86,-17.82,-8.08,174.02,53.838,54.376,-33.1518,-2.0150,231.43,598.50,-32.5410,-1.6489,,,0.23885,0
216.1406,72,58,6,4,201.00,561.89,capture,249.87,613.40,71.00,0,178.753,8.328,179.802,-18.36,20.98,147.79,-18.16,-6.85,174.29,53.832,54.644,-33.5109,-1.5018,249.87,613.40,-32.9775,-1.5827,,,0.20749,0
216.2226,72,58,6,4,201.00,561.89,capture,237.52,608.31,59.06,0,178.712,8.367,179.807,-18.39,21.06,147.58,-18.20,-7.48,174.21,53.874,54.583,-32.9524,-1.8245,237.52,608.31,-32.9662,-1.6915,,,0.24422,0
216.3281,72,58,6,4,201.00,561.89,capture,219.58,612.86,54.25,0,178.672,8.280,179.816,-18.34,21.08,147.41,-18.01,-7.71,174.03,53.448,54.714,-33.4402,-2.8433,219.58,612.86,-33.1795,-2.2098,,,0.19483,0
216.4236,72,58,6,4,201.00,561.89,capture,228.09,601.88,48.30,0,178.749,8.365,179.830,-18.40,21.09,147.62,-17.46,-7.76,173.77,53.564,54.116,-32.6352,-2.4680,228.09,601.88,-32.9345,-2.3260,,,0.21562,0
216.5280,72,58,6,4,201.00,561.89,capture,227.86,629.34,72.60,0,178.723,8.405,179.848,-18.40,21.24,147.70,-18.13,-7.65,173.70,53.406,54.040,-34.2094,-2.3928,227.86,629.34,-33.5082,-2.3561,,,0.20373,0
216.6336,72,58,6,4,201.00,561.89,capture,232.01,612.72,59.54,0,178.923,8.392,179.813,-18.33,21.22,147.65,-17.88,-7.44,174.11,53.378,53.947,-34.0610,-1.5339,232.01,612.72,-33.7570,-1.9861,,,0.19661,0
216.7458,72,58,6,4,201.00,561.89,capture,245.55,609.97,65.55,0,178.980,8.547,179.823,-18.41,21.19,147.91,-18.26,-7.44,174.20,53.642,54.192,-33.6079,-1.0693,245.55,609.97,-33.6899,-1.5735,,,0.19047,0
216.8380,72,58,6,4,201.00,561.89,capture,225.33,601.35,46.36,0,178.903,8.576,179.804,-18.54,21.03,148.08,-18.32,-7.67,174.54,53.944,53.930,-31.8606,-2.4861,225.33,601.35,-32.8667,-1.9842,,,0.22163,0
216.9279,72,58,6,4,201.00,561.89,capture,231.59,627.53,72.42,0,178.887,8.498,179.816,-18.32,20.94,148.19,-18.39,-6.81,174.52,53.752,53.869,-34.5101,-2.4155,231.59,627.53,-33.6063,-2.1783,,,0.22427,0
217.0335,72,58,6,4,201.00,561.89,capture,217.64,624.70,64.98,0,178.856,8.560,179.825,-18.30,20.98,148.21,-17.97,-7.68,174.64,54.026,53.900,-32.7527,-2.6310,217.64,624.70,-33.2221,-2.3820,,,0.19968,0
217.1363,72,58,6,4,201.00,561.89,capture,241.24,613.23,65.23,0,178.941,8.625,179.827,-18.44,20.89,148.17,-18.04,-7.90,174.36,53.797,54.204,-33.7957,-1.8384,241.24,613.23,-33.4802,-2.1374,,,0.22051,0
217.2190,72,58,6,4,201.00,561.89,capture,237.87,626.93,74.76,0,178.963,8.614,179.857,-18.41,20.73,148.07,-18.10,-7.64,174.84,53.701,54.334,-34.3133,-1.7056,237.87,626.93,-33.8551,-1.9431,,,0.22181,0
217.3192,72,58,6,4,201.00,561.89,capture,262.32,630.75,92.21,0,178.941,8.568,179.861,-18.32,20.81,147.92,-17.93,-8.35,174.45,53.359,54.200,-34.0906,-0.7087,262.32,630.75,-33.9611,-1.3876,,,0.19427,0
217.4117,72,58,6,4,201.00,561.89,capture,208.17,628.45,66.95,0,179.002,8.619,179.854,-18.22,20.81,147.92,-17.39,-7.63,173.94,52.994,54.187,-33.9776,-3.4610,208.17,628.45,-33.9685,-2.3206,,,0.20445,0
217.5046,72,58,6,4,201.00,561.89,capture,213.73,615.64,55.24,0,178.899,8.646,179.881,-18.20,20.83,147.77,-17.56,-7.80,173.95,52.999,54.210,-34.1477,-3.3871,213.73,615.64,-34.0491,-2.8006,,,0.21487,0
217.5955,72,58,6,4,201.00,561.89,capture,247.45,620.48,74.77,0,178.951,8.651,179.864,-18.42,20.75,147.64,-17.99,-7.71,173.95,53.464,54.201,-32.6026,-1.1218,247.45,620.48,-33.3982,-2.0451,,,0.20925,0
217.6910,72,58,6,4,201.00,561.89,capture,250.14,620.97,76.85,0,179.116,8.687,179.828,-18.43,20.63,147.72,-17.88,-7.83,174.24,53.724,54.157,-33.9224,-0.9105,250.14,620.97,-33.6341,-1.5346,,,0.22442,0
217.7829,72,58,6,4,201.00,561.89,capture,256.42,626.75,85.31,0,179.119,8.866,179.814,-18.34,20.49,147.71,-18.27,-7.48,174.57,53.817,54.228,-34.7455,-1.1777,256.42,626.75,-34.1342,-1.3740,,,0.20287,0
217.8649,72,58,6,4,201.00,561.89,capture,245.18,612.45,67.14,0,178.997,8.780,179.802,-18.26,20.49,147.90,-18.82,-6.83,174.55,53.721,53.942,-34.5832,-1.6776,245.18,612.45,-34.3363,-1.5106,,,0.23651,0
218.0856,73,6,0,6,290.33,43.22,dwell,324.58,653.08,610.82,0,179.023,8.804,179.792,-18.24,20.32,147.79,-18.10,-8.00,174.28,53.601,53.643,-34.5917,1.9837,324.58,653.08,-34.5917,1.9837,,,0.20902,0
218.1763,73,6,0,6,290.33,43.22,dwell,257.93,318.47,277.15,0,179.013,8.705,179.791,-18.21,20.56,147.90,-17.47,-7.38,174.32,54.084,54.125,-21.8723,-0.6871,257.93,318.47,-28.8680,0.7818,,,0.21417,0
218.2701,73,6,0,6,290.33,43.22,dwell,252.23,348.50,307.65,0,179.080,8.555,179.762,-18.27,20.41,147.68,-17.00,-7.93,173.93,54.232,54.434,-22.9139,-1.1709,252.23,348.50,-26.1886,-0.0969,,,0.22765,0
218.3778,73,6,0,6,290.33,43.22,dwell,253.08,293.30,252.84,0,179.028,8.521,179.785,-18.25,20.27,147.51,-17.73,-8.52,173.12,54.200,54.201,-21.1017,-1.7758,253.08,293.30,-23.8995,-0.8524,,,0.22416,0
218.4784,73,6,0,6,290.33,43.22,dwell,255.79,329.02,287.88,0,179.062,8.473,179.774,-18.35,20.31,147.41,-18.16,-7.71,173.28,53.789,54.698,-23.7085,-1.0969,255.79,329.02,-23.8136,-0.9625,,,0.19808,0
218.5613,73,6,0,6,290.33,43.22,dwell,322.62,255.03,214.25,0,178.914,8.371,179.770,-18.45,20.34,147.48,-18.29,-7.28,173.94,53.913,54.538,-18.6479,1.7337,322.62,255.03,-21.4890,0.2508,,,0.20658,0
218.6433,73,6,0,6,290.33,43.22,dwell,298.69,265.57,222.50,0,178.845,8.406,179.792,-18.54,20.44,147.44,-17.94,-8.05,173.74,54.004,54.400,-20.1181,1.3173,298.69,265.57,-20.8721,0.7307,,,0.21719,0
218.7476,73,6,0,6,290.33,43.22,dwell,355.65,201.82,171.52,0,178.885,8.319,179.764,-18.53,20.41,147.00,-18.42,-7.61,172.88,53.934,54.261,-17.4353,3.4016,355.65,201.82,-19.3255,1.9326,,,0.25104,0
218.8571,73,6,0,6,290.33,43.22,capture,357.09,162.99,137.12,0,178.847,8.314,179.771,-18.50,20.22,147.20,-18.19,-7.85,173.88,53.857,54.388,-16.3386,3.9243,357.09,162.99,-17.9814,2.8289,,,0.21259,0
218.9541,73,6,0,6,290.33,43.22,capture,375.62,161.90,146.14,0,178.790,8.238,179.744,-18.39,20.32,147.30,-18.03,-8.45,173.51,53.586,54.343,-16.1895,4.1585,375.62,161.90,-17.1750,3.4272,,,0.17639,0
219.0480,73,6,0,6,290.33,43.22,capture,372.97,178.34,158.38,0,178.768,8.158,179.733,-18.26,20.29,147.22,-17.12,-7.88,174.30,53.518,54.191,-17.2503,5.2782,372.97,178.34,-17.2089,4.2602,,,0.22265,0
219.1300,73,6,0,6,290.33,43.22,capture,329.61,170.11,132.83,0,178.874,7.915,179.780,-18.38,20.56,147.50,-18.18,-7.38,174.02,53.800,54.513,-16.5498,1.9325,329.61,170.11,-16.9123,3.2127,,,0.20798,0
219.2380,73,6,0,6,290.33,43.22,capture,339.82,183.06,148.34,0,178.833,7.930,179.782,-18.36,20.60,147.60,-18.14,-8.40,174.09,53.812,54.671,-16.4364,3.2093,339.82,183.06,-16.6981,3.2112,,,0.20539,0
219.3517,73,6,0,6,290.33,43.22,capture,353.74,147.45,122.00,0,178.917,7.851,179.768,-18.34,20.53,147.64,-17.53,-8.27,174.03,54.066,54.480,-15.7643,3.6037,353.74,147.45,-16.2779,3.3878,,,0.23057,0
219.4337,73,6,0,6,290.33,43.22,capture,365.33,176.50,152.93,0,178.875,7.776,179.756,-18.37,20.63,147.72,-18.71,-7.86,174.13,53.837,54.609,-17.1488,3.7666,365.33,176.50,-16.6698,3.5583,,,0.20424,0
219.5395,73,6,0,6,290.33,43.22,capture,363.14,151.39,130.39,0,178.953,7.698,179.789,-18.31,20.61,147.61,-17.88,-8.14,173.84,53.853,54.490,-15.0460,4.1103,363.14,151.39,-15.9391,3.8067,,,0.20323,0
219.6447,73,6,0,6,290.33,43.22,capture,350.08,176.56,146.11,0,179.029,7.727,179.777,-18.25,20.67,147.54,-18.42,-7.76,173.74,53.900,54.718,-16.3300,4.2334,350.08,176.56,-16.1150,3.9987,,,0.20035,0
219.7523,73,6,0,6,290.33,43.22,capture,327.70,168.60,130.83,0,178.977,7.808,179.759,-18.22,20.63,147.46,-17.78,-7.91,173.89,53.868,54.962,-16.6014,2.1386,327.70,168.60,-16.3339,3.1616,,,0.22299,0
219.8619,73,6,0,6,290.33,43.22,capture,349.84,162.09,132.93,0,179.033,7.741,179.775,-18.30,20.69,147.45,-17.95,-8.25,174.03,53.719,54.588,-16.7533,4.0361,349.84,162.09,-16.5226,3.5551,,,0.20396,0
219.9652,73,6,0,6,290.33,43.22,capture,363.53,149.17,128.77,0,179.040,7.756,179.783,-18.48,20.57,147.30,-17.80,-7.76,173.51,53.836,54.490,-15.9268,5.0721,363.53,149.17,-16.2545,4.2378,,,0.22387,0
220.0745,73,6,0,6,290.33,43.22,capture,347.92,184.52,152.58,0,179.027,7.771,179.782,-18.28,20.69,147.54,-17.95,-8.03,174.00,53.703,54.313,-16.8384,3.7262,347.92,184.52,-16.5172,4.0076,,,0.22310,0
220.1582,73,6,0,6,290.33,43.22,capture,332.98,165.80,129.78,0,178.939,7.685,179.774,-18.19,20.63,147.85,-17.43,-7.75,174.75,53.856,54.042,-16.4963,2.7991,332.98,165.80,-16.5078,3.4638,,,0.22560,0
220.2710,73,6,0,6,290.33,43.22,capture,345.87,172.29,140.51,0,178.897,7.748,179.762,-18.29,20.64,147.80,-17.66,-7.74,174.07,54.146,54.144,-17.2429,3.4470,345.87,172.29,-16.8386,3.4562,,,0.21064,0
220.3818,73,6,0,6,290.33,43.22,capture,355.88,158.72,132.80,0,178.832,7.625,179.763,-18.36,20.65,148.01,-18.46,-7.56,174.63,53.919,54.037,-15.7908,4.1987,355.88,158.72,-16.3671,3.7903,,,0.22569,0
220.4854,73,6,0,6,290.33,43.22,capture,351.04,181.18,150.72,0,179.007,7.601,179.795,-18.45,20.68,147.65,-18.34,-7.86,173.67,53.832,54.554,-15.3965,4.4963,351.04,181.18,-15.9304,4.1080,,,0.20497,0
220.5859,73,6,0,6,290.33,43.22,capture,359.98,164.10,139.51,0,178.844,7.515,179.797,-18.53,20.75,147.52,-17.37,-7.82,174.02,53.680,54.850,-16.7029,3.5702,359.98,164.10,-16.2780,3.8660,,,0.19800,0
220.6877,73,6,0,6,290.33,43.22,capture,349.70,169.98,139.97,0,178.844,7.594,179.813,-18.56,21.01,147.29,-18.05,-7.52,173.60,53.800,54.875,-16.4353,3.3233,349.70,169.98,-16.3488,3.6218,,,0.21388,0
220.8005,73,6,0,6,290.33,43.22,capture,337.57,153.04,119.55,0,178.845,7.622,179.820,-18.46,20.98,147.35,-18.32,-7.71,174.22,53.748,54.352,-15.9122,2.8991,337.57,153.04,-16.1523,3.2966,,,0.24348,0
221.0092,74,23,2,5,245.67,216.11,dwell,318.69,153.34,96.29,0,178.864,7.507,179.842,-18.50,21.08,147.48,-18.00,-8.23,173.68,53.526,54.470,-15.1572,2.0057,318.69,153.34,-15.1572,2.0057,,,0.21517,0
221.1128,74,23,2,5,245.67,216.11,dwell,429.93,155.85,193.87,0,178.945,7.549,179.848,-18.47,21.04,147.59,-18.51,-7.90,174.14,53.663,54.493,-16.2927,7.0472,429.93,155.85,-15.6682,4.2744,,,0.21116,0
221.2314,74,23,2,5,245.67,216.11,dwell,304.55,110.35,121.05,0,178.841,7.643,179.865,-18.36,21.11,147.36,-17.43,-6.97,173.70,53.903,54.388,-14.6406,1.2037,304.55,110.35,-15.2057,2.8926,,,0.22746,0
221.3159,74,23,2,5,245.67,216.11,dwell,377.03,123.69,160.62,0,178.718,7.671,179.879,-18.40,21.32,147.27,-18.57,-7.05,174.06,53.615,54.349,-14.2582,5.1378,377.03,123.69,-14.7793,3.9029,,,0.22490,0
221.4235,74,23,2,5,245.67,216.11,dwell,323.06,117.12,125.65,0,178.862,7.681,179.880,-18.37,21.54,147.22,-17.89,-7.19,173.76,53.489,54.005,-14.4288,2.0119,323.06,117.12,-14.6216,3.0520,,,0.19634,0
221.5070,74,23,2,5,245.67,216.11,dwell,437.94,128.16,211.43,0,178.773,7.686,179.866,-18.26,21.43,147.17,-18.04,-7.31,173.31,53.514,53.933,-14.9308,7.6110,437.94,128.16,-14.7607,5.1035,,,0.21015,0
221.6052,74,23,2,5,245.67,216.11,dwell,440.72,80.89,237.34,0,178.930,7.716,179.862,-18.26,21.25,147.21,-17.66,-7.35,173.26,54.021,54.011,-13.7375,7.9141,440.72,80.89,-14.3003,6.3683,,,0.20409,0
221.7104,74,23,2,5,245.67,216.11,dwell,420.29,72.78,225.91,0,178.819,7.849,179.842,-18.12,21.02,147.02,-17.58,-8.18,173.15,53.679,53.962,-11.5696,6.3456,420.29,72.78,-13.0715,6.3581,,,0.21230,0
221.7924,74,23,2,5,245.67,216.11,dwell,357.19,72.17,182.09,0,178.785,7.905,179.819,-18.16,21.16,147.17,-17.45,-7.50,173.49,53.880,53.977,-13.2208,3.8756,357.19,72.17,-13.1387,5.2410,,,0.19712,0
221.9083,74,23,2,5,245.67,216.11,capture,427.48,138.27,197.78,0,178.842,7.974,179.830,-18.25,20.96,147.42,-17.79,-7.71,173.69,53.757,53.586,-14.8719,7.1145,427.48,138.27,-13.9186,6.0840,,,0.20198,0
222.0014,74,23,2,5,245.67,216.11,capture,413.93,108.46,199.75,0,178.754,7.952,179.776,-18.26,20.81,147.32,-17.52,-7.35,173.21,53.693,53.581,-13.7492,6.0302,413.93,108.46,-13.8424,6.0598,,,0.20598,0
222.1113,74,23,2,5,245.67,216.11,capture,411.02,93.67,205.75,0,178.801,7.906,179.796,-18.09,20.58,147.28,-17.48,-8.26,173.77,53.698,53.510,-14.1549,6.1786,411.02,93.67,-13.9830,6.1133,,,0.19758,0
222.2097,74,23,2,5,245.67,216.11,capture,400.36,97.68,194.82,0,178.719,8.074,179.816,-18.20,20.63,147.33,-18.15,-7.66,174.09,53.571,54.032,-13.7017,5.8319,400.36,97.68,-13.8564,5.9867,,,0.17515,0
222.2977,74,23,2,5,245.67,216.11,capture,430.66,110.19,213.17,0,178.828,8.015,179.842,-18.17,20.61,147.43,-17.74,-8.03,173.25,53.873,54.116,-14.5786,6.7151,430.66,110.19,-14.1814,6.3145,,,0.21359,0
222.3900,74,23,2,5,245.67,216.11,capture,407.09,100.23,198.71,0,178.878,7.892,179.789,-18.15,20.57,147.50,-17.89,-7.98,174.11,54.308,54.124,-14.0548,6.1478,407.09,100.23,-14.1244,6.2395,,,0.22071,0
222.4766,74,23,2,5,245.67,216.11,capture,421.38,112.22,204.13,0,178.820,7.762,179.801,-18.25,20.61,147.38,-17.64,-7.80,173.26,54.580,54.343,-13.6218,6.6568,421.38,112.22,-13.8982,6.4273,,,0.23138,0
222.5728,74,23,2,5,245.67,216.11,capture,417.99,111.97,201.35,0,178.708,7.825,179.808,-18.36,20.51,147.38,-17.70,-8.40,173.63,54.172,54.534,-13.7955,6.7295,417.99,111.97,-13.8520,6.5633,,,0.22920,0
222.6780,74,23,2,5,245.67,216.11,capture,403.19,116.49,186.38,0,178.812,7.795,179.814,-18.41,20.53,147.37,-17.73,-8.42,174.15,54.114,54.796,-14.3527,5.3439,403.19,116.49,-14.0773,6.0146,,,0.22784,0
222.7707,74,23,2,5,245.67,216.11,capture,414.14,66.63,225.23,0,178.715,7.940,179.823,-18.41,20.36,147.34,-17.87,-7.82,173.36,54.110,54.839,-12.2133,5.8070,414.14,66.63,-13.2385,5.9211,,,0.21326,0
222.8614,74,23,2,5,245.67,216.11,capture,404.45,95.02,199.69,0,178.664,7.876,179.832,-18.50,20.37,147.54,-17.80,-7.26,174.34,54.584,54.701,-13.9186,6.1743,404.45,95.02,-13.5445,6.0350,,,0.24181,0
222.9557,74,23,2,5,245.67,216.11,capture,422.21,92.29,215.64,0,178.696,7.899,179.839,-18.51,20.41,147.31,-18.19,-7.78,173.70,54.273,54.704,-12.4482,6.9225,422.21,92.29,-13.0512,6.4344,,,0.22918,0
223.0784,74,23,2,5,245.67,216.11,capture,427.99,97.12,217.72,0,178.769,7.784,179.856,-18.40,20.56,147.37,-17.95,-7.08,173.56,54.005,54.302,-13.9109,7.0489,427.99,97.12,-13.4381,6.7109,,,0.22065,0
223.1790,74,23,2,5,245.67,216.11,capture,437.83,111.59,218.75,0,178.826,7.855,179.843,-18.43,20.52,147.40,-18.35,-8.79,173.48,53.687,54.199,-13.8112,6.8170,437.83,111.59,-13.6060,6.7587,,,0.19851,0
223.2945,74,23,2,5,245.67,216.11,capture,412.70,115.24,195.13,0,178.801,7.895,179.849,-18.42,20.56,147.50,-17.68,-7.80,173.60,53.552,53.852,-14.4862,5.9866,412.70,115.24,-14.0021,6.4113,,,0.20127,0
223.4017,74,23,2,5,245.67,216.11,capture,406.22,101.71,197.14,0,178.819,7.982,179.840,-18.45,20.73,147.55,-18.08,-8.22,173.98,53.745,53.854,-13.5225,5.1392,406.22,101.71,-13.7863,5.8388,,,0.21284,0
223.5084,74,23,2,5,245.67,216.11,capture,412.13,114.30,195.13,0,178.888,8.033,179.816,-18.42,20.77,147.70,-18.01,-7.48,173.92,53.500,53.920,-14.0255,6.7209,412.13,114.30,-13.8939,6.2358,,,0.20591,0
223.6010,74,23,2,5,245.67,216.11,capture,431.47,109.28,214.33,0,178.810,7.983,179.840,-18.57,20.62,147.51,-17.97,-8.14,173.49,54.038,54.099,-14.2970,6.7779,431.47,109.28,-14.0753,6.4797,,,0.22034,0
223.7068,74,23,2,5,245.67,216.11,capture,443.05,69.17,246.07,0,178.772,8.023,179.840,-18.54,20.75,147.53,-17.58,-7.63,174.03,54.028,54.224,-12.4296,7.0553,443.05,69.17,-13.3347,6.7387,,,0.20951,0
223.8212,74,23,2,5,245.67,216.11,capture,430.78,97.04,220.10,0,178.872,8.181,179.838,-18.46,20.88,147.65,-18.07,-7.67,173.92,54.170,54.564,-13.5625,6.8733,430.78,97.04,-13.4372,6.7993,,,0.21860,0
223.9219,74,23,2,5,245.67,216.11,capture,427.95,64.55,237.06,0,178.994,8.070,179.841,-18.40,20.88,147.70,-17.81,-7.81,173.89,54.154,54.386,-12.7312,7.4754,427.95,64.55,-13.1195,7.1035,,,0.24418,0
224.1253,75,12,1,3,156.33,129.67,dwell,411.15,173.80,258.61,0,178.937,8.020,179.834,-18.43,20.82,147.76,-17.82,-7.57,174.35,53.903,54.420,-16.2197,5.5161,411.15,173.80,-16.2197,5.5161,,,0.20610,0
224.2372,75,12,1,3,156.33,129.67,dwell,349.86,-32.06,252.21,0,178.886,8.009,179.810,-18.26,20.71,147.75,-17.64,-7.57,174.30,54.464,54.766,-8.8838,3.3499,349.86,-32.06,-12.9186,4.5413,,,0.24040,0
224.3473,75,12,1,3,156.33,129.67,dwell,193.29,192.68,73.05,0,178.993,8.174,179.804,-18.27,20.68,147.60,-18.41,-7.58,174.14,54.098,55.153,-17.3675,-4.1365,193.29,192.68,-14.9206,0.6363,,,0.21837,0
224.4480,75,12,1,3,156.33,129.67,dwell,262.16,118.24,106.44,0,179.062,8.060,179.809,-18.22,20.74,147.75,-17.88,-8.27,174.26,53.850,54.875,-15.5202,-0.0474,262.16,118.24,-15.1904,0.3286,,,0.22422,0
224.5534,75,12,1,3,156.33,129.67,dwell,219.16,261.06,145.64,0,179.030,8.015,179.836,-18.20,20.71,147.56,-17.52,-7.72,173.86,53.891,54.618,-19.9076,-2.4122,219.16,261.06,-17.3131,-0.9047,,,0.21619,0
224.6578,75,12,1,3,156.33,129.67,dwell,234.92,356.52,240.08,0,178.990,8.129,179.840,-18.14,20.58,147.69,-17.85,-7.48,174.12,54.056,54.598,-23.9127,-1.6706,234.92,356.52,-20.2829,-1.2494,,,0.20401,0
224.7597,75,12,1,3,156.33,129.67,dwell,114.36,311.23,186.35,0,179.061,8.086,179.857,-18.13,20.68,147.82,-17.13,-7.40,174.64,54.040,54.535,-22.1794,-7.8114,114.36,311.23,-21.1363,-4.2023,,,0.24056,0
224.8446,75,12,1,3,156.33,129.67,dwell,145.36,363.97,234.56,0,179.002,8.026,179.839,-18.14,20.90,147.97,-17.80,-7.10,174.65,53.893,54.344,-24.1747,-6.2711,145.36,363.97,-22.5036,-5.1332,,,0.20336,0
224.9416,75,12,1,3,156.33,129.67,dwell,91.90,379.16,257.68,0,178.921,7.986,179.841,-18.32,21.18,147.98,-17.67,-7.26,174.57,53.937,54.039,-24.5502,-9.3305,91.90,379.16,-23.4246,-7.0220,,,0.22877,0
225.0475,75,12,1,3,156.33,129.67,dwell,134.74,402.41,273.60,0,178.861,7.840,179.857,-18.33,21.17,147.91,-18.31,-7.70,174.25,53.804,54.184,-25.3629,-6.6794,134.74,402.41,-24.2968,-6.8678,,,0.21783,0
225.1356,75,12,1,3,156.33,129.67,capture,25.59,408.05,307.56,0,178.975,7.873,179.852,-18.44,21.09,147.93,-18.36,-7.74,174.30,53.705,54.308,-25.2197,-12.0005,25.59,408.05,-24.7121,-9.1775,,,0.19504,0
225.2300,75,12,1,3,156.33,129.67,capture,52.25,409.44,298.51,0,178.886,7.923,179.863,-18.50,21.29,147.80,-17.63,-6.72,174.00,53.728,54.237,-25.2788,-10.3434,52.25,409.44,-24.9672,-9.7021,,,0.20398,0
225.3392,75,12,1,3,156.33,129.67,capture,59.71,405.15,291.94,0,178.858,7.767,179.855,-18.66,21.18,147.83,-18.12,-7.64,173.95,53.775,54.587,-25.6631,-9.6563,59.71,405.15,-25.2803,-9.6815,,,0.22677,0
225.4394,75,12,1,3,156.33,129.67,capture,58.34,380.93,269.70,0,178.775,7.786,179.855,-18.57,21.27,147.89,-18.36,-6.89,174.34,53.793,54.089,-24.8580,-10.1290,58.34,380.93,-25.0903,-9.8829,,,0.20622,0
225.5442,75,12,1,3,156.33,129.67,capture,65.48,378.97,265.34,0,178.795,7.950,179.896,-18.61,21.15,148.09,-18.25,-6.68,174.62,53.572,54.041,-23.9036,-9.6002,65.48,378.97,-24.5563,-9.7557,,,0.19893,0
225.6403,75,12,1,3,156.33,129.67,capture,59.81,392.68,280.17,0,178.792,7.853,179.903,-18.62,21.10,147.79,-17.94,-7.65,173.91,53.653,53.760,-24.9997,-10.4844,59.81,392.68,-24.7558,-10.0836,,,0.24390,0
225.7396,75,12,1,3,156.33,129.67,capture,71.05,394.44,278.17,0,178.780,7.846,179.887,-18.59,20.98,147.71,-18.09,-7.24,173.91,53.498,53.551,-24.8034,-9.0531,71.05,394.44,-24.7773,-9.6199,,,0.20897,0
225.8450,75,12,1,3,156.33,129.67,capture,43.85,376.20,270.98,0,178.740,7.874,179.879,-18.51,20.87,147.81,-18.36,-7.93,174.25,53.215,53.769,-24.3725,-10.6080,43.85,376.20,-24.5951,-10.0645,,,0.19127,0
225.9428,75,12,1,3,156.33,129.67,capture,53.63,403.24,292.22,0,178.832,7.787,179.837,-18.52,20.74,147.86,-17.70,-7.75,174.76,53.471,53.638,-26.0025,-9.6777,53.63,403.24,-25.2284,-9.8905,,,0.22662,0
226.0391,75,12,1,3,156.33,129.67,capture,55.27,415.43,303.11,0,178.887,7.841,179.849,-18.48,20.80,147.73,-18.28,-7.26,173.90,53.294,54.139,-25.5374,-10.0573,55.27,415.43,-25.3675,-9.9655,,,0.20879,0
226.1358,75,12,1,3,156.33,129.67,capture,36.87,416.88,311.07,0,178.950,7.905,179.815,-18.53,20.68,147.63,-17.27,-7.63,174.29,53.344,53.616,-26.1559,-11.2390,36.87,416.88,-25.7222,-10.5386,,,0.21776,0
226.2341,75,12,1,3,156.33,129.67,capture,44.08,403.49,295.94,0,178.967,7.894,179.813,-18.47,20.69,147.56,-18.05,-7.46,173.88,53.472,53.623,-26.9484,-10.6531,44.08,403.49,-26.2740,-10.5901,,,0.19690,0
226.3232,75,12,1,3,156.33,129.67,capture,39.20,407.42,301.44,0,178.970,7.978,179.820,-18.40,20.49,147.54,-17.70,-8.74,174.10,53.499,53.528,-25.4192,-10.6640,39.20,407.42,-25.8894,-10.6234,,,0.21086,0
226.4148,75,12,1,3,156.33,129.67,capture,32.17,419.50,315.31,0,178.826,7.924,179.835,-18.48,20.44,147.53,-17.84,-7.54,173.67,53.566,53.703,-26.5557,-11.6700,32.17,419.50,-26.1892,-11.0944,,,0.19855,0
226.5150,75,12,1,3,156.33,129.67,capture,46.24,403.62,295.25,0,178.820,7.968,179.814,-18.35,20.33,147.66,-18.27,-8.09,174.20,53.562,54.016,-25.7311,-10.1275,46.24,403.62,-25.9831,-10.6593,,,0.22263,0
226.6206,75,12,1,3,156.33,129.67,capture,77.78,408.24,289.44,0,178.932,7.915,179.793,-18.27,20.51,147.78,-17.76,-7.30,174.33,53.443,54.069,-26.0265,-9.5102,77.78,408.24,-26.0026,-10.1422,,,0.19785,0
226.7244,75,12,1,3,156.33,129.67,capture,61.00,417.92,303.61,0,178.919,7.801,179.784,-18.26,20.67,148.00,-17.70,-8.36,174.76,53.629,54.444,-26.5387,-10.4875,61.00,417.92,-26.2439,-10.2976,,,0.22017,0
226.8205,75,12,1,3,156.33,129.67,capture,51.89,410.60,299.72,0,178.981,7.903,179.766,-18.30,20.67,147.89,-16.93,-7.47,174.11,53.774,54.442,-25.5680,-10.1351,51.89,410.60,-25.9397,-10.2245,,,0.21225,0
226.9940,76,46,5,1,67.00,475.44,dwell,24.07,435.90,58.37,0,179.144,7.880,179.758,-18.22,20.72,147.67,-18.26,-8.20,173.64,54.021,54.346,-26.6101,-11.2882,24.07,435.90,-26.6101,-11.2882,,,0.21678,0
227.0825,76,46,5,1,67.00,475.44,dwell,28.48,379.84,103.07,0,179.114,7.784,179.783,-18.37,20.72,147.68,-18.48,-7.64,174.40,54.241,53.880,-24.7552,-11.4290,28.48,379.84,-25.7754,-11.3516,,,0.20959,0
227.1674,76,46,5,1,67.00,475.44,dwell,52.61,429.06,48.57,0,179.313,7.981,179.769,-18.36,20.60,147.63,-17.69,-8.28,174.06,54.573,53.682,-27.1831,-10.8324,52.61,429.06,-26.4089,-11.1180,,,0.26153,0
227.2595,76,46,5,1,67.00,475.44,dwell,55.48,423.62,53.09,0,179.205,8.003,179.792,-18.38,20.58,147.44,-18.05,-8.66,173.67,54.623,53.857,-27.0571,-9.9088,55.48,423.62,-26.7006,-10.5738,,,0.22824,0
227.3415,76,46,5,1,67.00,475.44,dwell,142.81,458.87,77.60,0,179.143,8.039,179.815,-18.37,20.61,147.36,-17.49,-7.86,173.24,54.466,53.823,-26.8828,-5.6995,142.81,458.87,-26.7826,-8.3804,,,0.23558,0
227.4527,76,46,5,1,67.00,475.44,dwell,96.52,527.46,59.81,0,179.233,8.060,179.816,-18.36,20.62,147.38,-18.27,-7.41,173.74,54.212,54.041,-30.8901,-8.2938,96.52,527.46,-28.6310,-8.3414,,,0.21950,0
227.5371,76,46,5,1,67.00,475.44,dwell,-2.61,498.83,73.43,0,179.130,8.099,179.855,-18.16,20.74,147.34,-17.48,-7.89,173.70,54.085,54.230,-29.5150,-12.9481,-2.61,498.83,-29.0288,-10.4144,,,0.22133,0
227.6482,76,46,5,1,67.00,475.44,dwell,16.54,541.53,83.15,0,179.129,8.169,179.836,-18.00,20.71,147.21,-17.74,-7.51,173.45,53.806,54.046,-30.6778,-11.8539,16.54,541.53,-29.7708,-11.0622,,,0.23822,0
227.7479,76,46,5,1,67.00,475.44,dwell,13.12,543.99,87.19,0,179.136,8.191,179.817,-17.94,20.71,147.10,-17.44,-7.88,173.36,53.743,54.179,-30.3553,-12.4001,13.12,543.99,-30.0338,-11.6643,,,0.19697,0
227.8536,76,46,5,1,67.00,475.44,dwell,60.84,549.61,74.42,0,179.036,8.132,179.789,-18.09,20.70,146.96,-16.83,-8.36,173.55,53.715,53.841,-31.8619,-9.9228,60.84,549.61,-30.8565,-10.8806,,,0.19813,0
227.9702,76,46,5,1,67.00,475.44,capture,2.09,559.11,105.89,0,178.986,8.147,179.779,-18.24,20.73,147.03,-18.15,-8.16,173.34,53.499,53.600,-31.4577,-13.1288,2.09,559.11,-31.1270,-11.8923,,,0.21078,0
228.0893,76,46,5,1,67.00,475.44,capture,27.21,547.74,82.52,0,178.948,8.138,179.808,-18.30,20.83,146.96,-17.68,-8.00,173.03,53.500,53.697,-31.0819,-11.0171,27.21,547.74,-31.1067,-11.4985,,,0.19498,0
228.1857,76,46,5,1,67.00,475.44,capture,25.99,552.97,87.70,0,178.834,8.116,179.820,-18.21,20.84,146.81,-17.29,-8.10,172.51,53.568,53.749,-30.6526,-11.6961,25.99,552.97,-30.9023,-11.5874,,,0.19569,0
228.2878,76,46,5,1,67.00,475.44,capture,19.03,543.13,82.96,0,178.760,8.148,179.814,-18.35,20.67,147.32,-18.28,-7.65,173.90,53.789,53.803,-31.4973,-11.4151,19.03,543.13,-31.1701,-11.5099,,,0.20167,0
228.3933,76,46,5,1,67.00,475.44,capture,30.72,551.94,84.66,0,178.746,8.378,179.843,-18.27,20.55,147.25,-17.90,-8.51,173.51,53.301,53.979,-31.2308,-12.3335,30.72,551.94,-31.1974,-11.8805,,,0.19353,0
228.4984,76,46,5,1,67.00,475.44,capture,14.98,524.01,71.17,0,178.851,8.464,179.861,-18.19,20.48,147.31,-17.50,-8.20,173.27,53.444,53.914,-30.4590,-12.5445,14.98,524.01,-30.8651,-12.1793,,,0.20905,0
228.6086,76,46,5,1,67.00,475.44,capture,20.17,533.60,74.67,0,178.877,8.504,179.871,-18.22,20.65,147.41,-17.53,-8.29,174.10,53.455,53.619,-30.9956,-11.3650,20.17,533.60,-30.9238,-11.8129,,,0.22072,0
228.7050,76,46,5,1,67.00,475.44,capture,32.16,547.00,79.59,0,179.071,8.376,179.869,-18.22,20.38,147.33,-17.47,-8.64,173.62,53.696,53.431,-30.7186,-11.3540,32.16,547.00,-30.8315,-11.6064,,,0.19874,0
228.7930,76,46,5,1,67.00,475.44,capture,23.68,525.86,66.47,0,179.068,8.397,179.849,-18.25,20.41,147.57,-17.64,-8.15,173.36,53.281,53.260,-29.1299,-12.0815,23.68,525.86,-30.0658,-11.8202,,,0.16655,0
228.9028,76,46,5,1,67.00,475.44,capture,30.98,545.66,78.92,0,179.064,8.381,179.829,-18.22,20.69,147.70,-17.90,-7.47,174.02,53.351,53.484,-30.3595,-11.4759,30.98,545.66,-30.1980,-11.6652,,,0.19377,0
229.0120,76,46,5,1,67.00,475.44,capture,45.77,545.31,73.02,0,179.129,8.233,179.829,-18.19,20.55,147.63,-17.94,-8.19,173.71,53.142,53.878,-30.9744,-10.9550,45.77,545.31,-30.5474,-11.3456,,,0.17605,0
229.1190,76,46,5,1,67.00,475.44,capture,44.61,543.03,71.20,0,179.265,8.198,179.827,-18.24,20.66,147.54,-17.87,-7.98,173.93,53.071,53.875,-31.3571,-10.6579,44.61,543.03,-30.9117,-11.0361,,,0.17954,0
229.2367,76,46,5,1,67.00,475.44,capture,34.44,547.92,79.45,0,179.072,8.277,179.835,-18.22,20.46,147.22,-18.08,-7.76,173.55,53.491,54.251,-31.4409,-10.9874,34.44,547.92,-31.1499,-11.0142,,,0.20206,0
229.3315,76,46,5,1,67.00,475.44,capture,16.63,549.51,89.57,0,178.962,8.212,179.836,-18.24,20.60,147.14,-18.12,-7.71,173.91,53.604,54.160,-32.3160,-11.4647,16.63,549.51,-31.6746,-11.2169,,,0.20495,0
229.4301,76,46,5,1,67.00,475.44,capture,21.44,559.84,95.91,0,178.985,8.225,179.851,-18.16,20.65,147.23,-17.75,-8.21,173.55,53.848,53.919,-30.5242,-12.4799,21.44,559.84,-31.1569,-11.7853,,,0.23605,0
229.5413,76,46,5,1,67.00,475.44,capture,27.48,524.25,62.80,0,178.930,8.176,179.841,-18.02,20.72,147.04,-17.92,-8.24,172.94,53.743,54.199,-30.6298,-12.3162,27.48,524.25,-30.9197,-12.0242,,,0.23979,0
229.6540,76,46,5,1,67.00,475.44,capture,54.40,560.10,85.59,0,178.959,8.205,179.862,-18.10,20.86,146.96,-17.19,-8.35,173.28,53.704,53.594,-31.3754,-10.5947,54.40,560.10,-31.1248,-11.3809,,,0.20722,0
229.7499,76,46,5,1,67.00,475.44,capture,24.96,564.66,98.62,0,178.928,8.047,179.854,-18.18,20.80,146.94,-17.79,-6.80,173.22,53.508,53.668,-31.4473,-11.5775,24.96,564.66,-31.2699,-11.4694,,,0.20627,0
229.8436,76,46,5,1,67.00,475.44,capture,24.62,554.82,89.98,0,178.873,8.134,179.866,-18.31,20.74,147.10,-17.66,-8.06,172.80,53.545,54.125,-31.6227,-12.1868,24.62,554.82,-31.4287,-11.7922,,,0.21917,0
230.0380,77,56,6,2,111.67,561.89,dwell,59.35,715.18,161.97,0,178.947,8.081,179.847,-18.38,20.71,147.07,-17.78,-7.22,173.27,53.414,54.227,-37.5776,-10.0472,59.35,715.18,-37.5776,-10.0472,,,0.18034,0
230.1428,77,56,6,2,111.67,561.89,dwell,-37.08,495.00,163.09,0,178.936,8.091,179.854,-18.28,20.67,147.43,-17.78,-8.37,173.76,53.773,54.406,-28.9381,-14.5897,-37.08,495.00,-33.6898,-12.0913,,,0.21690,0
230.2248,77,56,6,2,111.67,561.89,dwell,90.66,490.39,74.52,0,178.985,8.090,179.865,-18.35,20.64,147.58,-18.33,-8.45,173.76,53.852,54.830,-28.3220,-8.7640,90.66,490.39,-31.2743,-10.5941,,,0.20912,0
230.3169,77,56,6,2,111.67,561.89,dwell,97.09,603.41,44.01,1,178.972,8.032,179.888,-18.35,20.72,147.60,-17.93,-7.76,174.01,53.584,55.176,-33.0860,-8.8794,97.09,603.41,-32.0896,-9.8225,,,0.21345,0
230.4372,77,56,6,2,111.67,561.89,dwell,102.32,576.11,17.02,1,178.985,8.090,179.850,-18.37,20.74,147.32,-18.09,-8.21,173.53,53.319,54.692,-31.2549,-8.6629,102.32,576.11,-31.7140,-9.3006,,,0.18896,0
230.5497,77,56,6,2,111.67,561.89,dwell,14.02,626.30,116.98,0,178.917,8.075,179.838,-18.26,20.61,147.33,-17.87,-7.46,173.23,53.589,54.265,-34.1494,-11.6411,14.02,626.30,-32.8099,-10.3539,,,0.23780,0
230.6370,77,56,6,2,111.67,561.89,dwell,42.21,664.33,123.77,0,178.913,8.193,179.812,-18.32,20.58,147.38,-18.00,-8.82,174.37,53.572,54.287,-35.4882,-11.1531,42.21,664.33,-34.0151,-10.7135,,,0.19675,0
230.7190,77,56,6,2,111.67,561.89,dwell,67.57,677.02,123.29,0,178.909,8.153,179.804,-18.22,20.53,147.22,-18.23,-8.34,173.20,53.385,54.166,-37.1044,-9.5252,67.57,677.02,-35.4053,-10.1787,,,0.20974,0
230.8192,77,56,6,2,111.67,561.89,capture,67.61,677.28,123.52,0,178.903,8.344,179.793,-18.20,20.53,147.28,-17.56,-8.81,173.92,53.004,54.270,-36.0696,-9.9263,67.61,677.28,-35.7042,-10.0651,,,0.19283,0
230.9256,77,56,6,2,111.67,561.89,capture,75.73,672.85,116.64,0,178.832,8.469,179.808,-18.16,20.56,147.25,-17.38,-8.39,173.72,53.203,54.526,-35.9949,-9.6293,75.73,672.85,-35.8350,-9.8690,,,0.20318,0
231.0238,77,56,6,2,111.67,561.89,capture,80.15,702.28,143.89,0,178.750,8.381,179.826,-18.21,20.65,147.24,-18.06,-7.95,173.46,53.115,54.842,-37.3262,-9.1257,80.15,702.28,-36.5060,-9.5345,,,0.18791,0
231.1384,77,56,6,2,111.67,561.89,capture,72.38,653.91,100.06,0,178.749,8.419,179.832,-18.19,20.73,147.20,-17.71,-8.02,173.53,52.924,54.712,-35.9137,-9.8047,72.38,653.91,-36.2395,-9.6561,,,0.20077,0
231.2352,77,56,6,2,111.67,561.89,capture,58.50,677.83,127.55,0,178.768,8.507,179.841,-18.30,20.71,147.12,-17.39,-7.89,173.49,52.863,55.077,-35.9648,-9.0341,58.50,677.83,-36.1159,-9.3762,,,0.17270,0
231.3258,77,56,6,2,111.67,561.89,capture,56.71,684.20,134.09,0,178.816,8.441,179.832,-18.27,20.83,147.16,-17.97,-7.86,173.43,52.987,54.938,-36.1621,-10.2622,56.71,684.20,-36.1367,-9.7749,,,0.19315,0
231.4256,77,56,6,2,111.67,561.89,capture,64.80,657.13,106.15,0,178.846,8.469,179.843,-18.36,20.76,147.16,-18.60,-7.66,173.52,53.074,54.503,-34.5400,-9.7530,64.80,657.13,-35.4182,-9.7651,,,0.20999,0
231.5146,77,56,6,2,111.67,561.89,capture,54.42,662.75,115.97,0,178.798,8.208,179.809,-18.32,20.87,147.36,-18.41,-7.42,173.47,53.115,53.913,-35.9536,-11.2405,54.42,662.75,-35.6591,-10.4290,,,0.19832,0
231.6147,77,56,6,2,111.67,561.89,capture,79.42,654.48,98.05,0,178.870,8.231,179.826,-18.28,20.95,147.39,-17.83,-7.68,173.67,53.535,53.980,-36.1894,-8.7244,79.42,654.48,-35.8978,-9.6620,,,0.17148,0
231.7170,77,56,6,2,111.67,561.89,capture,66.59,660.38,108.32,0,178.851,8.255,179.865,-18.35,21.04,147.32,-18.19,-8.02,173.52,53.744,53.995,-36.2043,-10.1120,66.59,660.38,-36.0357,-9.8645,,,0.20593,0
231.8087,77,56,6,2,111.67,561.89,capture,68.96,679.58,125.20,0,178.748,8.345,179.869,-18.36,21.07,147.33,-17.72,-7.35,173.43,53.652,54.124,-35.8463,-9.3328,68.96,679.58,-35.9505,-9.6252,,,0.21524,0
231.9349,77,56,6,2,111.67,561.89,capture,82.29,674.33,116.22,0,178.779,8.440,179.832,-18.29,21.12,147.24,-17.95,-7.10,172.84,53.857,54.243,-36.6833,-8.6019,82.29,674.33,-36.2802,-9.1647,,,0.23229,0
232.0316,77,56,6,2,111.67,561.89,capture,66.75,699.64,144.89,0,178.778,8.478,179.837,-18.37,21.11,147.18,-18.43,-7.42,173.36,53.456,54.393,-37.7531,-10.3196,66.75,699.64,-36.9430,-9.6844,,,0.20810,0
232.1340,77,56,6,2,111.67,561.89,capture,54.86,679.07,130.22,0,178.838,8.427,179.805,-18.41,21.03,147.33,-18.03,-7.25,173.49,53.687,54.606,-36.3894,-9.5215,54.86,679.07,-36.6939,-9.6111,,,0.20812,0
232.2565,77,56,6,2,111.67,561.89,capture,57.42,655.76,108.42,0,178.732,8.512,179.827,-18.39,20.77,147.13,-17.96,-7.40,173.08,53.328,55.060,-34.1993,-9.7542,57.42,655.76,-35.5713,-9.6755,,,0.20727,0
232.3537,77,56,6,2,111.67,561.89,capture,52.33,651.26,107.28,0,178.778,8.621,179.836,-18.39,21.03,146.94,-17.61,-7.93,172.93,53.418,54.571,-34.6464,-10.7973,52.33,651.26,-35.1551,-10.1803,,,0.19579,0
232.4469,77,56,6,2,111.67,561.89,capture,59.73,674.96,124.43,0,178.775,8.630,179.808,-18.35,21.04,146.97,-18.17,-7.53,172.96,53.471,54.358,-35.7447,-9.9522,59.73,674.96,-35.4204,-10.0776,,,0.20415,0
232.5436,77,56,6,2,111.67,561.89,capture,68.80,659.96,107.03,0,178.827,8.750,179.817,-18.28,20.96,146.74,-17.74,-7.71,173.23,53.587,54.067,-35.9302,-9.5700,68.80,659.96,-35.6498,-9.8492,,,0.20668,0
232.6934,78,77,8,5,245.67,734.78,dwell,64.30,798.95,192.38,0,178.841,8.601,179.815,-18.29,20.99,146.91,-17.98,-7.31,173.02,53.525,54.117,-40.5242,-9.8945,64.30,798.95,-40.5242,-9.8945,,,0.21956,0
232.7820,78,77,8,5,245.67,734.78,dwell,64.61,582.08,236.85,0,178.908,8.559,179.789,-18.42,20.81,146.88,-18.19,-8.01,172.88,53.619,53.995,-32.6867,-10.4483,64.61,582.08,-36.9973,-10.1437,,,0.19161,0
232.8835,78,77,8,5,245.67,734.78,dwell,57.50,542.91,268.74,0,178.948,8.602,179.801,-18.31,20.91,147.06,-18.41,-7.78,173.70,53.091,53.948,-31.0435,-9.8064,57.50,542.91,-34.3181,-9.9919,,,0.20585,0
232.9857,78,77,8,5,245.67,734.78,dwell,109.68,726.74,136.22,0,178.954,8.582,179.804,-18.50,20.86,147.17,-18.31,-7.21,173.36,53.374,54.025,-37.1636,-8.2681,109.68,726.74,-35.5986,-9.2162,,,0.20284,0
233.0901,78,77,8,5,245.67,734.78,dwell,135.19,793.50,125.11,0,178.900,8.706,179.837,-18.38,20.90,147.14,-18.69,-8.21,172.91,53.625,53.895,-40.7482,-7.2890,135.19,793.50,-37.9159,-8.3489,,,0.22836,0
233.1915,78,77,8,5,245.67,734.78,dwell,133.66,745.04,112.48,0,178.796,8.602,179.851,-18.28,20.70,147.12,-17.29,-7.26,173.32,53.296,54.280,-39.0349,-6.1560,133.66,745.04,-38.4195,-7.3621,,,0.17467,0
233.2870,78,77,8,5,245.67,734.78,dwell,157.64,749.59,89.26,0,178.782,8.629,179.869,-18.28,20.69,147.09,-17.56,-7.93,173.18,53.364,54.223,-39.3984,-5.5280,157.64,749.59,-38.8600,-6.5368,,,0.19686,0
233.3776,78,77,8,5,245.67,734.78,dwell,144.54,787.69,114.13,0,178.970,8.613,179.876,-18.20,20.69,147.18,-17.89,-7.65,173.30,53.345,54.494,-40.6330,-5.1554,144.54,787.69,-39.6578,-5.9151,,,0.21510,0
233.4678,78,77,8,5,245.67,734.78,dwell,236.63,765.00,31.54,1,178.924,8.644,179.854,-18.13,20.82,147.16,-16.89,-7.07,173.27,53.675,54.299,-40.1898,-1.3419,236.63,765.00,-39.8972,-3.8572,,,0.22121,0
233.5806,78,77,8,5,245.67,734.78,dwell,209.95,771.80,51.44,0,178.961,8.724,179.826,-18.19,20.90,147.31,-17.96,-8.34,173.49,53.680,54.303,-39.4343,-3.1715,209.95,771.80,-39.6889,-3.5486,,,0.20806,0
233.6707,78,77,8,5,245.67,734.78,capture,193.68,776.68,66.77,0,178.952,8.787,179.790,-18.21,20.71,147.28,-18.23,-7.80,173.61,53.670,53.892,-40.0687,-4.0326,193.68,776.68,-39.8598,-3.7664,,,0.22651,0
233.7715,78,77,8,5,245.67,734.78,capture,188.69,803.80,89.50,0,178.927,8.767,179.784,-18.41,20.74,147.51,-18.10,-8.31,174.29,53.587,53.919,-40.4603,-3.4269,188.69,803.80,-40.1300,-3.6136,,,0.21748,0
233.8620,78,77,8,5,245.67,734.78,capture,202.63,811.31,87.80,0,178.929,8.748,179.805,-18.46,20.66,147.35,-18.31,-6.64,173.85,53.603,54.220,-41.6909,-3.0021,202.63,811.31,-40.8324,-3.3384,,,0.20240,0
233.9818,78,77,8,5,245.67,734.78,capture,202.73,779.40,61.92,0,178.929,8.838,179.817,-18.47,20.69,147.39,-18.34,-8.13,173.80,53.382,54.244,-40.0587,-3.3752,202.73,779.40,-40.4842,-3.3550,,,0.20963,0
234.0925,78,77,8,5,245.67,734.78,capture,186.13,790.65,81.65,0,178.833,8.839,179.790,-18.42,20.45,147.42,-17.83,-7.46,173.97,53.748,54.346,-40.9176,-4.4068,186.13,790.65,-40.6792,-3.8283,,,0.18754,0
234.1763,78,77,8,5,245.67,734.78,capture,186.09,817.20,101.70,0,178.870,8.795,179.818,-18.42,20.51,147.38,-17.71,-7.61,173.80,53.850,54.282,-41.8255,-4.7657,186.09,817.20,-41.1951,-4.2501,,,0.20614,0
234.2637,78,77,8,5,245.67,734.78,capture,193.89,776.78,66.67,0,178.844,8.812,179.811,-18.43,20.57,147.35,-17.98,-7.55,173.54,53.748,54.296,-39.8636,-3.2894,193.89,776.78,-40.5959,-3.8178,,,0.23267,0
234.3671,78,77,8,5,245.67,734.78,capture,226.75,796.95,64.99,0,178.921,8.901,179.833,-18.36,20.58,147.39,-17.76,-8.43,174.15,53.767,54.352,-41.0391,-2.9511,226.75,796.95,-40.7953,-3.4278,,,0.20515,0
234.4546,78,77,8,5,245.67,734.78,capture,214.49,803.29,75.27,0,178.875,8.901,179.817,-18.46,20.63,147.63,-18.51,-8.48,173.71,53.587,54.279,-40.8528,-3.1630,214.49,803.29,-40.8212,-3.3086,,,0.19760,0
234.5394,78,77,8,5,245.67,734.78,capture,214.00,794.59,67.68,0,178.759,8.923,179.831,-18.55,20.56,147.44,-17.80,-8.56,173.40,53.412,54.202,-40.9994,-3.1330,214.00,794.59,-40.9014,-3.2296,,,0.19342,0
234.6445,78,77,8,5,245.67,734.78,capture,189.64,796.77,83.56,0,178.701,8.757,179.815,-18.52,20.34,147.12,-18.10,-7.75,172.92,53.759,54.308,-40.4565,-3.8914,189.64,796.77,-40.7012,-3.5274,,,0.22113,0
234.7528,78,77,8,5,245.67,734.78,capture,192.76,789.60,76.19,0,178.840,8.776,179.822,-18.56,20.26,147.06,-17.75,-8.29,173.09,53.388,54.188,-40.3789,-4.2989,192.76,789.60,-40.5562,-3.8746,,,0.21765,0
234.8675,78,77,8,5,245.67,734.78,capture,215.94,805.81,77.00,0,178.782,8.771,179.808,-18.63,20.33,147.15,-18.29,-8.41,173.43,53.587,54.389,-41.4461,-2.7902,215.94,805.81,-40.9567,-3.3866,,,0.21115,0
234.9676,78,77,8,5,245.67,734.78,capture,205.61,790.35,68.50,0,178.885,8.824,179.791,-18.50,20.29,147.06,-18.03,-7.75,173.50,53.443,54.597,-40.3848,-3.0708,205.61,790.35,-40.6993,-3.2445,,,0.18667,0
235.0769,78,77,8,5,245.67,734.78,capture,202.67,784.38,65.64,0,178.839,8.901,179.781,-18.49,20.29,147.57,-17.94,-7.31,173.86,53.268,54.288,-40.2838,-3.5364,202.67,784.38,-40.5123,-3.3758,,,0.20641,0
235.1921,78,77,8,5,245.67,734.78,capture,209.67,808.71,82.23,0,178.983,8.951,179.785,-18.45,20.32,147.47,-18.42,-8.56,173.84,53.131,54.683,-42.2984,-2.5602,209.67,808.71,-41.3160,-3.0088,,,0.22406,0
235.3069,78,77,8,5,245.67,734.78,capture,212.79,809.45,81.59,0,178.936,8.990,179.792,-18.37,20.36,147.40,-18.17,-7.44,173.72,52.972,54.813,-41.9649,-3.2435,212.79,809.45,-41.6080,-3.1144,,,0.20890,0
235.4251,78,77,8,5,245.67,734.78,capture,213.54,813.88,85.38,0,178.882,8.969,179.845,-18.48,20.51,147.38,-18.39,-8.00,173.64,52.967,54.534,-41.1844,-2.9960,213.54,813.88,-41.4174,-3.0611,,,0.18940,0
235.5202,78,77,8,5,245.67,734.78,capture,210.09,782.80,59.76,0,178.768,8.953,179.850,-18.50,20.23,147.36,-17.71,-8.74,173.93,53.068,54.227,-39.7450,-3.7345,210.09,782.80,-40.6648,-3.3642,,,0.18629,0
235.6239,78,77,8,5,245.67,734.78,capture,204.01,787.59,67.26,0,178.800,8.789,179.847,-18.62,20.24,147.43,-17.91,-7.86,173.69,53.408,53.980,-40.2301,-3.5721,204.01,787.59,-40.4692,-3.4577,,,0.17295,0
235.8191,79,80,8,8,379.67,734.78,dwell,170.49,804.73,220.56,0,178.775,8.725,179.859,-18.64,20.32,147.49,-18.02,-8.45,174.15,53.283,53.757,-40.6819,-4.8833,170.49,804.73,-40.6819,-4.8833,,,0.18935,0
235.9229,79,80,8,8,379.67,734.78,dwell,317.91,611.19,138.16,0,178.745,8.742,179.849,-18.59,20.35,147.55,-17.51,-8.64,173.72,53.329,54.184,-33.4357,1.7913,317.91,611.19,-37.4211,-1.8797,,,0.21618,0
236.0393,79,80,8,8,379.67,734.78,dwell,283.19,609.16,158.39,0,178.709,8.806,179.824,-18.60,20.32,147.44,-18.51,-8.09,174.12,53.376,53.894,-33.3120,-0.1142,283.19,609.16,-35.5720,-1.0852,,,0.22344,0
236.1515,79,80,8,8,379.67,734.78,dwell,364.37,535.80,199.56,0,178.644,8.803,179.815,-18.60,20.43,147.47,-18.18,-8.08,173.75,53.191,54.069,-31.3452,4.1679,364.37,535.80,-33.6699,1.2787,,,0.20838,0
236.2465,79,80,8,8,379.67,734.78,dwell,301.17,651.75,114.26,0,178.659,8.605,179.815,-18.47,20.45,147.42,-17.83,-7.15,173.62,53.245,53.907,-34.9639,1.0406,301.17,651.75,-34.2522,1.1715,,,0.19714,0
236.3436,79,80,8,8,379.67,734.78,dwell,369.70,582.64,152.46,0,178.721,8.716,179.833,-18.40,20.41,147.28,-18.17,-8.06,174.01,53.530,53.827,-32.6384,3.2807,369.70,582.64,-33.5260,2.1207,,,0.22065,0
236.4594,79,80,8,8,379.67,734.78,dwell,371.57,567.34,167.63,0,178.800,8.778,179.868,-18.38,20.38,147.37,-17.35,-9.04,173.59,53.755,53.826,-31.6840,4.5734,371.57,567.34,-32.6971,3.2244,,,0.21536,0
236.5622,79,80,8,8,379.67,734.78,dwell,384.77,517.64,217.20,0,178.764,8.769,179.865,-18.48,20.36,147.32,-17.96,-8.14,173.77,53.606,54.392,-30.3652,4.9604,384.77,517.64,-31.6477,4.0056,,,0.22230,0
236.6751,79,80,8,8,379.67,734.78,dwell,382.99,591.22,143.60,0,178.780,8.897,179.854,-18.37,20.35,147.25,-18.09,-8.57,173.40,53.687,54.925,-32.6523,4.9678,382.99,591.22,-32.0998,4.4386,,,0.21094,0
236.7761,79,80,8,8,379.67,734.78,dwell,425.08,547.05,193.14,0,178.921,9.065,179.842,-18.43,20.24,147.53,-17.80,-8.35,174.02,53.660,55.147,-31.4764,7.0851,425.08,547.05,-31.8193,5.6295,,,0.21476,0
236.8583,79,80,8,8,379.67,734.78,capture,416.54,528.10,209.94,0,178.957,9.099,179.860,-18.49,20.21,147.32,-17.26,-8.19,173.70,54.114,55.144,-30.0703,6.3921,416.54,528.10,-31.0322,5.9727,,,0.19343,0
236.9943,79,80,8,8,379.67,734.78,capture,395.18,537.74,197.65,0,178.986,8.861,179.844,-18.59,20.27,147.38,-17.83,-8.17,173.89,54.238,54.840,-30.4287,5.8130,395.18,537.74,-30.7607,5.9008,,,0.24049,0
237.1029,79,80,8,8,379.67,734.78,capture,433.99,537.54,204.58,0,178.870,8.769,179.874,-18.49,20.23,147.18,-18.34,-8.20,173.47,54.111,54.730,-30.2978,7.5972,433.99,537.54,-30.5524,6.6642,,,0.20678,0
237.2059,79,80,8,8,379.67,734.78,capture,427.55,507.92,231.86,0,178.883,8.868,179.865,-18.43,20.30,147.20,-18.13,-7.58,173.41,53.714,54.405,-29.5795,7.5306,427.55,507.92,-30.1146,7.0541,,,0.18628,0
237.3069,79,80,8,8,379.67,734.78,capture,415.58,508.43,229.18,0,178.999,8.874,179.885,-18.36,20.16,147.19,-17.96,-8.94,173.20,53.459,54.229,-29.5288,6.5799,415.58,508.43,-29.8510,6.8407,,,0.21104,0
237.3995,79,80,8,8,379.67,734.78,capture,420.68,516.66,221.94,0,178.947,8.844,179.856,-18.41,20.34,147.28,-17.69,-8.21,172.94,53.503,54.218,-30.0598,6.6093,420.68,516.66,-29.9450,6.7366,,,0.21918,0
237.4982,79,80,8,8,379.67,734.78,capture,420.86,525.48,213.31,0,179.025,8.801,179.837,-18.31,20.46,147.07,-18.39,-7.64,173.06,53.478,54.731,-30.4579,6.4816,420.86,525.48,-30.1758,6.6218,,,0.20391,0
237.6021,79,80,8,8,379.67,734.78,capture,433.26,522.98,218.47,0,178.951,8.822,179.848,-18.42,20.30,147.02,-17.55,-8.57,172.47,53.504,54.421,-30.2186,7.0348,433.26,522.98,-30.1950,6.8077,,,0.20151,0
237.6901,79,80,8,8,379.67,734.78,capture,415.85,536.51,201.54,0,178.883,8.849,179.837,-18.33,20.40,147.28,-17.69,-8.42,173.49,53.499,54.802,-29.7979,6.2998,415.85,536.51,-30.0163,6.5791,,,0.20100,0
237.7880,79,80,8,8,379.67,734.78,capture,419.17,519.42,218.95,0,178.911,8.937,179.839,-18.31,20.50,147.26,-18.17,-7.83,174.10,53.720,54.605,-30.3282,6.6434,419.17,519.42,-30.1566,6.6081,,,0.19675,0
237.9008,79,80,8,8,379.67,734.78,capture,427.08,486.29,252.97,0,179.028,9.022,179.811,-18.19,20.50,147.20,-17.89,-8.87,173.74,53.866,54.741,-28.0722,6.5684,427.08,486.29,-29.2186,6.5902,,,0.22274,0
237.9828,79,80,8,8,379.67,734.78,capture,420.98,518.18,220.50,0,178.954,8.945,179.829,-18.30,20.55,147.20,-17.61,-7.75,173.36,54.050,54.604,-29.6166,7.2212,420.98,518.18,-29.3977,6.8742,,,0.19984,0
238.0780,79,80,8,8,379.67,734.78,capture,419.03,507.97,230.20,0,179.046,8.869,179.804,-18.30,20.45,147.22,-18.27,-8.67,173.32,53.987,54.776,-29.5789,6.5601,419.03,507.97,-29.4792,6.7328,,,0.23732,0
238.1919,79,80,8,8,379.67,734.78,capture,432.01,549.27,192.75,0,179.077,8.871,179.803,-18.32,20.67,147.35,-17.60,-7.65,173.31,53.794,54.806,-30.7435,7.1231,432.01,549.27,-30.0481,6.9085,,,0.21096,0
238.2807,79,80,8,8,379.67,734.78,capture,420.12,531.42,207.34,0,179.185,8.886,179.802,-18.38,20.74,147.43,-17.93,-7.62,173.99,53.939,54.278,-30.6612,6.7373,420.12,531.42,-30.3240,6.8314,,,0.22087,0
238.3836,79,80,8,8,379.67,734.78,capture,410.22,532.40,204.67,0,179.139,8.798,179.835,-18.32,20.52,147.49,-17.72,-7.74,173.66,54.204,53.928,-30.7239,6.2351,410.22,532.40,-30.5040,6.5631,,,0.22717,0
238.4902,79,80,8,8,379.67,734.78,capture,426.33,548.02,192.50,0,179.140,8.879,179.860,-18.31,20.45,147.34,-17.20,-7.81,173.86,54.324,53.992,-30.3474,5.9982,426.33,548.02,-30.4335,6.3089,,,0.22443,0
238.5970,79,80,8,8,379.67,734.78,capture,420.94,495.04,243.26,0,179.131,8.930,179.835,-18.37,20.46,147.46,-17.87,-9.19,173.69,54.474,53.982,-29.4011,7.1798,420.94,495.04,-29.9689,6.7008,,,0.23693,0
238.6955,79,80,8,8,379.67,734.78,capture,412.10,513.67,223.47,0,179.099,8.919,179.796,-18.44,20.67,147.56,-18.09,-7.73,173.81,54.120,53.997,-29.5510,6.5169,412.10,513.67,-29.7809,6.6181,,,0.22015,0
238.7957,79,80,8,8,379.67,734.78,capture,412.34,520.96,216.30,0,179.027,8.801,179.799,-18.40,20.79,147.52,-17.54,-7.40,173.68,53.891,53.951,-30.9181,6.5282,412.34,520.96,-30.2926,6.5776,,,0.21954,0
238.9982,80,41,4,5,245.67,389.00,dwell,440.75,428.94,199.13,0,178.986,8.683,179.808,-18.49,20.81,147.38,-17.74,-7.23,173.59,53.834,54.009,-26.7447,7.7211,440.75,428.94,-26.7447,7.7211,,,0.21297,0
239.0990,80,41,4,5,245.67,389.00,dwell,407.36,397.40,161.91,0,179.028,8.691,179.792,-18.52,20.98,147.30,-17.78,-7.34,173.58,53.560,54.376,-24.8826,6.4246,407.36,397.40,-25.9068,7.1377,,,0.21004,0
239.2003,80,41,4,5,245.67,389.00,dwell,409.75,359.90,166.64,0,178.975,8.487,179.841,-18.46,20.99,147.30,-18.62,-7.06,173.92,53.793,54.082,-24.0511,5.8666,409.75,359.90,-25.0717,6.5657,,,0.22355,0
239.3015,80,41,4,5,245.67,389.00,dwell,385.72,255.55,193.45,0,179.054,8.448,179.838,-18.41,20.96,147.53,-17.95,-7.19,174.46,53.804,54.045,-19.9429,4.7872,385.72,255.55,-22.7638,5.7654,,,0.24677,0
239.3996,80,41,4,5,245.67,389.00,dwell,370.58,309.06,148.30,0,179.116,8.492,179.839,-18.24,20.77,147.47,-17.69,-7.96,173.53,54.188,54.303,-21.8339,4.2619,370.58,309.06,-22.3453,5.0888,,,0.23166,0
239.5050,80,41,4,5,245.67,389.00,dwell,348.15,246.72,175.35,0,179.039,8.378,179.845,-18.27,20.80,147.42,-18.16,-7.71,173.76,53.828,54.711,-19.8604,2.5606,348.15,246.72,-21.2271,3.9511,,,0.20503,0
239.6156,80,41,4,5,245.67,389.00,dwell,351.44,187.76,227.34,0,179.042,8.343,179.825,-18.28,20.87,147.52,-17.95,-8.66,173.86,53.864,54.538,-17.7388,3.4443,351.44,187.76,-19.6574,3.7231,,,0.21615,0
239.7258,80,41,4,5,245.67,389.00,dwell,381.51,190.28,240.71,0,179.119,8.324,179.804,-18.22,20.70,147.46,-17.07,-8.49,173.47,53.900,54.449,-16.9478,5.5670,381.51,190.28,-18.4381,4.5528,,,0.20696,0
239.8205,80,41,4,5,245.67,389.00,capture,378.15,177.34,249.70,0,179.078,8.187,179.823,-18.06,20.69,147.39,-17.85,-7.94,173.45,53.878,54.613,-16.7223,4.6412,378.15,177.34,-17.6660,4.5926,,,0.22623,0
239.9165,80,41,4,5,245.67,389.00,capture,388.17,189.12,245.48,0,179.000,8.100,179.810,-18.22,20.61,147.52,-17.75,-8.56,174.00,53.973,54.451,-17.3539,5.1208,388.17,189.12,-17.5255,4.8303,,,0.22809,0
240.0092,80,41,4,5,245.67,389.00,capture,368.69,181.12,241.56,0,178.949,8.192,179.818,-18.24,20.55,147.52,-18.10,-7.62,173.64,53.626,54.146,-17.5197,4.0477,368.69,181.12,-17.5229,4.4781,,,0.21011,0
240.0912,80,41,4,5,245.67,389.00,capture,369.97,172.85,249.34,0,178.905,8.052,179.823,-18.20,20.59,147.58,-17.67,-7.55,174.16,53.648,54.217,-16.3535,3.7731,369.97,172.85,-16.9966,4.1608,,,0.18032,0
240.1914,80,41,4,5,245.67,389.00,capture,384.00,177.43,252.78,0,178.910,8.080,179.848,-18.26,20.89,147.50,-17.57,-7.28,173.66,53.984,54.297,-16.8833,5.0919,384.00,177.43,-16.9457,4.5798,,,0.21750,0
240.2911,80,41,4,5,245.67,389.00,capture,369.64,174.67,247.60,0,178.897,7.980,179.853,-18.14,20.95,147.48,-18.35,-6.84,173.51,54.262,53.835,-16.4090,4.8202,369.64,174.67,-16.7042,4.6880,,,0.21278,0
240.4069,80,41,4,5,245.67,389.00,capture,388.25,156.93,272.37,0,178.930,8.007,179.844,-18.27,20.87,147.29,-17.31,-7.87,173.60,54.285,54.221,-15.8385,4.9133,388.25,156.93,-16.3146,4.7894,,,0.22522,0
240.5116,80,41,4,5,245.67,389.00,capture,366.40,171.46,248.80,0,178.774,7.796,179.822,-18.15,20.92,147.42,-18.04,-7.20,173.24,53.640,54.349,-15.5029,3.6830,366.40,171.46,-15.9494,4.2915,,,0.18171,0
240.6008,80,41,4,5,245.67,389.00,capture,372.47,152.79,268.09,0,178.904,7.776,179.843,-18.24,20.93,147.57,-17.50,-7.72,173.85,53.048,54.583,-16.0661,4.2682,372.47,152.79,-16.0019,4.2810,,,0.18810,0
240.7206,80,41,4,5,245.67,389.00,capture,365.67,178.75,242.09,0,178.808,7.687,179.854,-18.34,20.98,147.40,-17.72,-7.22,173.63,53.262,54.623,-16.6134,3.9643,365.67,178.75,-16.2771,4.1385,,,0.17405,0
240.8200,80,41,4,5,245.67,389.00,capture,395.65,178.30,258.63,0,178.939,7.711,179.848,-18.27,20.96,147.48,-17.64,-7.80,173.81,53.079,54.198,-15.9721,4.8010,395.65,178.30,-16.1399,4.4366,,,0.18775,0
240.9247,80,41,4,5,245.67,389.00,capture,363.93,193.32,228.64,0,178.862,7.711,179.851,-18.34,20.93,147.61,-18.03,-7.86,174.55,53.045,54.123,-17.0966,4.6939,363.93,193.32,-16.5704,4.5524,,,0.20678,0
241.0094,80,41,4,5,245.67,389.00,capture,371.23,183.95,240.44,0,178.860,7.916,179.806,-18.32,20.99,147.99,-17.90,-7.29,174.43,53.357,53.663,-17.7390,4.1831,371.23,183.95,-17.0963,4.3862,,,0.20055,0
241.1055,80,41,4,5,245.67,389.00,capture,365.51,159.87,258.58,0,178.880,7.900,179.797,-18.25,21.01,148.00,-17.35,-8.55,174.47,53.515,54.143,-16.9050,4.3872,365.51,159.87,-17.0102,4.3866,,,0.19721,0
241.2100,80,41,4,5,245.67,389.00,capture,384.36,191.52,241.32,0,178.849,7.823,179.794,-18.24,21.03,147.98,-17.85,-7.35,174.12,53.798,54.018,-17.7614,5.6519,384.36,191.52,-17.3482,4.9560,,,0.21969,0
241.3074,80,41,4,5,245.67,389.00,capture,388.88,189.57,245.52,0,178.834,7.911,179.788,-18.35,20.99,147.74,-17.13,-7.29,173.63,53.719,54.326,-17.6848,5.4020,388.88,189.57,-17.4997,5.1567,,,0.22724,0
241.4276,80,41,4,5,245.67,389.00,capture,395.01,179.09,257.62,0,178.858,8.042,179.789,-18.23,20.81,147.42,-17.52,-7.70,174.04,53.782,54.396,-16.6225,5.0894,395.01,179.09,-17.1049,5.1264,,,0.21945,0
241.5096,80,41,4,5,245.67,389.00,capture,357.58,190.84,227.58,0,178.963,8.146,179.746,-18.22,20.86,147.19,-17.43,-8.36,173.24,54.031,54.580,-16.2769,4.2612,357.58,190.84,-16.7323,4.7371,,,0.21311,0
241.6116,80,41,4,5,245.67,389.00,capture,351.41,177.85,236.15,0,178.902,8.129,179.795,-18.17,20.87,147.12,-17.78,-7.29,173.65,53.737,54.419,-16.0207,3.7844,351.41,177.85,-16.4121,4.3084,,,0.21519,0
241.7168,80,41,4,5,245.67,389.00,capture,373.03,160.62,261.49,0,179.009,8.193,179.750,-18.20,20.96,147.34,-17.77,-7.77,173.39,53.963,54.358,-16.6868,4.2281,373.03,160.62,-16.5357,4.2722,,,0.20942,0
241.9127,81,4,0,4,201.00,43.22,dwell,241.93,178.59,141.42,0,179.064,8.038,179.751,-18.29,20.83,147.19,-17.52,-7.35,173.79,53.996,54.360,-17.3099,-1.7164,241.93,178.59,-17.3099,-1.7164,,,0.22850,0
242.0015,81,4,0,4,201.00,43.22,dwell,325.10,176.62,182.20,0,179.111,7.863,179.760,-18.33,20.71,147.44,-17.62,-7.74,173.60,54.013,54.036,-16.8568,2.0548,325.10,176.62,-17.1060,-0.0194,,,0.22473,0
242.1064,81,4,0,4,201.00,43.22,dwell,365.33,207.67,232.48,0,179.011,7.768,179.756,-18.45,20.74,147.33,-17.76,-7.80,173.68,53.947,53.981,-18.1166,4.5524,365.33,207.67,-17.5608,2.0379,,,0.22909,0
242.1884,81,4,0,4,201.00,43.22,dwell,343.51,154.18,180.61,0,179.104,7.794,179.714,-18.44,20.76,147.60,-17.93,-7.60,174.56,53.789,54.104,-15.8824,3.4759,343.51,154.18,-16.8055,2.6850,,,0.20121,0
242.2736,81,4,0,4,201.00,43.22,dwell,255.58,73.12,62.23,0,179.065,7.685,179.721,-18.40,20.77,147.73,-18.03,-7.69,173.19,54.078,53.775,-12.1125,-0.6592,255.58,73.12,-14.6936,1.1801,,,0.21947,0
242.3890,81,4,0,4,201.00,43.22,dwell,196.61,124.67,81.57,0,179.018,7.677,179.733,-18.37,20.79,147.71,-18.07,-7.72,173.48,53.974,53.855,-14.9895,-4.4297,196.61,124.67,-14.8268,-1.3443,,,0.20583,0
242.4978,81,4,0,4,201.00,43.22,dwell,313.37,175.62,173.66,0,178.940,7.656,179.735,-18.40,20.74,147.73,-17.48,-7.70,174.08,53.892,54.080,-16.3794,2.1295,313.37,175.62,-15.5255,0.2189,,,0.20747,0
242.6103,81,4,0,4,201.00,43.22,dwell,195.94,82.86,39.96,1,178.996,7.502,179.734,-18.43,20.79,147.83,-17.96,-7.69,174.16,54.183,54.134,-11.8527,-4.1967,195.94,82.86,-13.8727,-1.7681,,,0.22403,0
242.7127,81,4,0,4,201.00,43.22,dwell,193.18,170.65,127.67,0,179.011,7.521,179.725,-18.24,20.72,147.86,-17.45,-8.10,174.52,53.732,54.132,-16.4319,-3.4367,193.18,170.65,-15.0243,-2.5190,,,0.22385,0
242.8007,81,4,0,4,201.00,43.22,dwell,180.57,167.66,126.10,0,178.947,7.516,179.717,-18.22,20.74,147.61,-18.70,-8.14,173.71,53.602,54.380,-16.7637,-4.2911,180.57,167.66,-15.8071,-3.3164,,,0.20848,0
242.8966,81,4,0,4,201.00,43.22,dwell,212.31,78.49,37.04,1,178.922,7.583,179.731,-18.37,20.82,147.69,-18.37,-7.65,173.84,53.554,54.323,-13.5312,-3.0293,212.31,78.49,-14.7829,-3.1872,,,0.20369,0
243.0176,81,4,0,4,201.00,43.22,capture,212.83,125.99,83.61,0,178.984,7.633,179.745,-18.60,20.87,147.63,-18.83,-7.86,173.34,53.504,54.163,-14.8612,-3.2113,212.83,125.99,-14.8181,-3.1981,,,0.19832,0
243.1184,81,4,0,4,201.00,43.22,capture,178.16,121.66,81.70,0,178.865,7.788,179.768,-18.54,20.81,147.33,-17.98,-8.03,174.32,53.576,54.215,-14.5066,-4.7805,178.16,121.66,-14.6779,-3.9101,,,0.18592,0
243.2276,81,4,0,4,201.00,43.22,capture,195.88,127.58,84.51,0,178.795,7.798,179.755,-18.46,20.70,147.42,-17.63,-8.01,173.56,54.012,54.129,-15.0481,-3.7014,195.88,127.58,-14.8445,-3.8162,,,0.20724,0
243.3213,81,4,0,4,201.00,43.22,capture,198.06,127.93,84.76,0,178.816,7.720,179.768,-18.47,20.77,147.53,-17.73,-8.17,174.06,53.687,54.291,-15.0747,-4.2228,198.06,127.93,-14.9481,-3.9992,,,0.20441,0
243.4210,81,4,0,4,201.00,43.22,capture,210.76,131.02,88.34,0,178.886,7.688,179.741,-18.53,20.58,147.42,-18.07,-8.07,173.73,53.883,54.795,-15.3291,-2.9650,210.76,131.02,-15.1195,-3.5338,,,0.22762,0
243.5294,81,4,0,4,201.00,43.22,capture,204.52,122.48,79.34,0,178.938,7.659,179.740,-18.41,20.60,147.35,-17.82,-7.21,173.66,54.301,54.892,-14.1814,-3.6595,204.52,122.48,-14.6974,-3.5904,,,0.20246,0
243.6360,81,4,0,4,201.00,43.22,capture,196.80,132.39,89.27,0,178.921,7.541,179.759,-18.35,20.50,147.20,-17.69,-7.46,173.54,53.819,54.952,-14.8557,-3.4098,196.80,132.39,-14.7686,-3.5091,,,0.20966,0
243.7330,81,4,0,4,201.00,43.22,capture,202.26,117.24,74.03,0,179.061,7.559,179.717,-18.30,20.65,147.23,-18.13,-7.59,172.87,53.841,54.704,-14.0217,-3.5662,202.26,117.24,-14.4325,-3.5348,,,0.22868,0
243.8318,81,4,0,4,201.00,43.22,capture,214.40,118.98,76.93,0,179.012,7.447,179.753,-18.33,20.74,147.38,-17.52,-8.90,173.41,53.749,54.909,-14.9678,-3.0281,214.40,118.98,-14.6734,-3.3068,,,0.20834,0
243.9357,81,4,0,4,201.00,43.22,capture,174.37,115.65,77.17,0,178.840,7.293,179.782,-18.26,20.63,147.49,-18.10,-7.92,173.76,53.871,55.148,-14.6543,-4.5881,174.37,115.65,-14.6648,-3.8834,,,0.24249,0
244.0532,81,4,0,4,201.00,43.22,capture,203.05,112.00,68.81,0,178.869,7.395,179.786,-18.36,20.65,147.25,-17.65,-8.08,173.78,53.413,54.866,-14.4253,-3.1664,203.05,112.00,-14.5570,-3.5607,,,0.22667,0
244.1402,81,4,0,4,201.00,43.22,capture,203.53,117.27,74.09,0,178.991,7.312,179.782,-18.39,20.64,147.22,-18.09,-8.35,173.51,53.520,54.749,-13.3158,-3.7923,203.53,117.27,-13.9985,-3.6649,,,0.20419,0
244.2316,81,4,0,4,201.00,43.22,capture,215.19,124.86,82.86,0,179.025,7.291,179.795,-18.31,20.77,147.26,-17.72,-7.50,173.51,53.373,54.632,-14.6756,-2.9936,215.19,124.86,-14.3032,-3.3628,,,0.21534,0
244.3237,81,4,0,4,201.00,43.22,capture,216.72,102.92,61.73,0,179.108,7.439,179.765,-18.40,20.71,147.45,-18.22,-8.29,173.67,53.696,54.480,-13.6098,-2.8424,216.72,102.92,-13.9912,-3.1286,,,0.20374,0
244.4180,81,4,0,4,201.00,43.22,capture,188.19,121.14,78.96,0,179.084,7.427,179.778,-18.39,20.78,147.56,-17.92,-7.87,173.82,53.490,55.230,-14.2703,-4.3912,188.19,121.14,-14.1168,-3.6968,,,0.18374,0
244.5155,81,4,0,4,201.00,43.22,capture,211.39,141.19,98.52,0,179.045,7.457,179.793,-18.51,20.94,147.68,-19.13,-7.88,174.23,53.494,54.906,-15.1472,-2.8428,211.39,141.19,-14.5805,-3.3125,,,0.18981,0
244.6251,81,4,0,4,201.00,43.22,capture,201.42,108.65,65.43,0,178.886,7.419,179.809,-18.53,20.88,147.91,-18.04,-6.85,174.68,53.339,54.609,-14.3696,-3.6370,201.42,108.65,-14.4856,-3.4585,,,0.21467,0
244.7200,81,4,0,4,201.00,43.22,capture,199.94,142.49,99.27,0,178.884,7.476,179.813,-18.42,21.05,148.07,-18.60,-6.45,174.63,53.308,54.410,-16.0262,-3.9603,199.94,142.49,-15.1789,-3.6843,,,0.17050,0
244.8107,81,4,0,4,201.00,43.22,capture,198.91,134.93,91.73,0,178.954,7.450,179.814,-18.32,20.92,148.20,-17.91,-6.97,174.90,53.490,54.649,-15.8083,-3.6181,198.91,134.93,-15.4621,-3.6545,,,0.22075,0
244.9073,81,4,0,4,201.00,43.22,capture,201.23,125.62,82.40,0,178.950,7.348,179.813,-18.41,20.76,148.13,-17.68,-7.71,174.64,53.234,54.463,-15.0847,-3.7713,201.23,125.62,-15.2923,-3.7071,,,0.17720,0
