t_s,trial,cell_idx,row,col,target_x,target_y,phase,pred_x,pred_y,err_pt,in_cell,head_yaw_deg,head_pitch_deg,head_roll_deg,head_tx_mm,head_ty_mm,head_tz_mm,eye_cam_x_mm,eye_cam_y_mm,eye_cam_z_mm,pupil_left_px,pupil_right_px,raw_pitch_deg,raw_yaw_deg,raw_pred_x,raw_pred_y,filt_pitch_deg,filt_yaw_deg,filt_pred_x,filt_pred_y,ear,blink_held
0.0430,1,16,4,0,50.25,700.20,dwell,196.52,297.09,428.83,0,178.759,7.875,179.842,-18.21,21.80,147.92,-18.24,-6.72,174.76,54.400,54.619,-22.0123,-3.8080,196.52,297.09,-22.0123,-3.8080,,,0.23596,0
0.1332,1,16,4,0,50.25,700.20,dwell,212.03,404.08,337.43,0,178.764,7.922,179.838,-18.25,21.56,147.92,-17.36,-6.56,174.21,53.763,54.796,-25.3465,-2.7132,212.03,404.08,-23.5127,-3.3154,,,0.22726,0
0.2440,1,16,4,0,50.25,700.20,dwell,161.65,449.42,274.41,0,178.716,7.982,179.820,-18.34,21.53,147.89,-18.21,-7.70,174.32,53.616,55.042,-27.2866,-5.3880,161.65,449.42,-25.2109,-4.2481,,,0.20374,0
0.3300,1,16,4,0,50.25,700.20,dwell,114.51,532.80,179.31,0,178.832,8.042,179.817,-18.41,21.48,147.87,-18.29,-6.61,174.52,53.825,55.213,-30.9261,-7.0831,114.51,532.80,-27.7828,-5.5238,,,0.20847,0
0.4529,1,16,4,0,50.25,700.20,dwell,75.19,548.60,153.64,0,178.793,8.078,179.833,-18.40,21.56,147.81,-18.10,-6.75,174.51,53.711,54.938,-30.5250,-9.7184,75.19,548.60,-29.0168,-7.4114,,,0.20719,0
0.5467,1,16,4,0,50.25,700.20,dwell,89.24,561.45,144.12,0,178.729,8.372,179.849,-18.37,21.31,147.73,-17.87,-7.01,174.29,53.987,55.007,-31.3411,-8.5029,89.24,561.45,-30.0627,-7.9026,,,0.24544,0
0.6614,1,16,4,0,50.25,700.20,dwell,116.55,719.87,69.16,0,178.755,8.343,179.851,-18.44,21.27,147.32,-18.50,-7.53,173.68,53.487,55.172,-38.3234,-7.1091,116.55,719.87,-33.7800,-7.5455,,,0.20736,0
0.7434,1,16,4,0,50.25,700.20,dwell,85.62,576.53,128.63,0,178.862,8.497,179.817,-18.27,21.08,147.35,-18.03,-7.71,173.63,53.439,55.060,-31.6940,-9.1739,85.62,576.53,-32.8413,-8.2783,,,0.19428,0
0.8523,1,16,4,0,50.25,700.20,dwell,114.75,633.44,92.83,0,178.884,8.608,179.828,-18.26,21.13,147.32,-17.77,-7.92,173.91,53.743,54.748,-32.7752,-7.3677,114.75,633.44,-32.8116,-7.8685,,,0.23316,0
0.9679,1,16,4,0,50.25,700.20,dwell,71.38,654.19,50.63,1,179.017,8.734,179.843,-18.30,21.22,147.19,-18.22,-6.86,173.06,53.566,54.773,-36.3327,-9.1361,71.38,654.19,-34.3961,-8.4389,,,0.20138,0
1.0726,1,16,4,0,50.25,700.20,dwell,39.73,677.45,25.06,1,178.958,8.686,179.817,-18.19,21.15,147.10,-17.76,-7.98,174.07,53.635,54.807,-36.3214,-11.1863,39.73,677.45,-35.2625,-9.6752,,,0.21659,0
1.1825,1,16,4,0,50.25,700.20,capture,71.90,690.94,23.55,1,178.989,8.618,179.829,-18.14,21.16,147.22,-18.00,-7.43,173.02,53.604,55.058,-36.7727,-9.7627,71.90,690.94,-35.9421,-9.7146,,,0.21483,0
1.2951,1,16,4,0,50.25,700.20,capture,56.24,681.20,19.92,1,178.973,8.573,179.784,-18.03,21.26,147.07,-17.52,-7.39,173.06,53.371,55.135,-35.8950,-10.4330,56.24,681.20,-35.9209,-10.0379,,,0.20071,0
1.3832,1,16,4,0,50.25,700.20,capture,56.66,681.21,20.04,1,179.003,8.679,179.811,-18.07,21.07,147.14,-17.41,-7.07,173.36,53.175,54.935,-36.4310,-9.9886,56.66,681.21,-36.1504,-10.0157,,,0.19188,0
1.4983,1,16,4,0,50.25,700.20,capture,55.60,682.49,18.50,1,179.089,8.654,179.827,-17.98,20.79,147.31,-17.12,-7.15,173.64,53.260,54.313,-36.7432,-10.6078,55.60,682.49,-36.4172,-10.2821,,,0.19088,0
1.5844,1,16,4,0,50.25,700.20,capture,52.25,688.85,11.52,1,178.975,8.656,179.801,-17.91,20.57,147.37,-16.89,-8.31,173.47,52.974,54.287,-35.8818,-10.4858,52.25,688.85,-36.1763,-10.3738,,,0.18111,0
1.6807,1,16,4,0,50.25,700.20,capture,69.61,683.42,25.62,1,179.008,8.618,179.816,-18.04,20.49,147.33,-17.56,-8.86,173.60,53.655,54.096,-36.7783,-9.7523,69.61,683.42,-36.4472,-10.0941,,,0.20105,0
1.7848,1,16,4,0,50.25,700.20,capture,51.67,697.70,2.88,1,178.923,8.602,179.818,-18.11,20.39,147.47,-18.14,-8.08,173.42,53.311,53.715,-36.7434,-10.0789,51.67,697.70,-36.5805,-10.0873,,,0.18594,0
1.8852,1,16,4,0,50.25,700.20,capture,52.81,708.26,8.46,1,178.981,8.697,179.834,-18.10,20.44,147.81,-17.42,-8.32,173.84,54.006,53.379,-37.7479,-10.9166,52.81,708.26,-37.1058,-10.4605,,,0.21566,0
1.9809,1,16,4,0,50.25,700.20,capture,63.26,698.03,13.19,1,179.006,8.643,179.809,-18.14,20.62,147.86,-16.91,-7.98,174.34,53.784,53.773,-37.2972,-9.9442,63.26,698.03,-37.1919,-10.2282,,,0.19266,0
2.0863,1,16,4,0,50.25,700.20,capture,38.23,704.20,12.67,1,179.057,8.596,179.802,-18.19,20.69,147.70,-18.03,-7.41,173.95,53.916,53.821,-38.2294,-11.3722,38.23,704.20,-37.6588,-10.7430,,,0.21745,0
2.2075,1,16,4,0,50.25,700.20,capture,46.39,705.46,6.52,1,179.112,8.589,179.826,-18.15,20.72,147.69,-18.25,-8.19,173.93,53.628,53.567,-36.0451,-11.0477,46.39,705.46,-36.9326,-10.8801,,,0.22533,0
2.2895,1,16,4,0,50.25,700.20,capture,41.14,734.61,35.60,1,178.971,8.599,179.829,-18.10,20.60,147.39,-17.07,-7.73,173.65,53.853,53.990,-37.7771,-10.4786,41.14,734.61,-37.3126,-10.6994,,,0.22816,0
2.3856,1,16,4,0,50.25,700.20,capture,72.33,699.99,22.08,1,179.075,8.655,179.826,-18.19,20.71,147.36,-17.69,-7.88,173.56,53.903,54.222,-37.3442,-8.9762,72.33,699.99,-37.3269,-9.9240,,,0.22939,0
2.4826,1,16,4,0,50.25,700.20,capture,50.67,728.52,28.32,1,179.148,8.466,179.819,-18.21,20.51,147.29,-18.09,-7.29,173.09,53.662,54.113,-38.8436,-10.1528,50.67,728.52,-38.0094,-10.0269,,,0.21749,0
2.5838,1,16,4,0,50.25,700.20,capture,37.30,695.60,13.74,1,179.053,8.573,179.827,-18.18,20.48,147.24,-17.68,-7.86,173.67,53.977,54.252,-35.9185,-10.5735,37.30,695.60,-37.0685,-10.2729,,,0.20991,0
2.7022,1,16,4,0,50.25,700.20,capture,64.57,703.55,14.71,1,179.096,8.546,179.820,-18.13,20.45,147.20,-17.77,-8.10,173.15,54.081,54.324,-35.8880,-9.7496,64.57,703.55,-36.5373,-10.0374,,,0.22827,0
2.7972,1,16,4,0,50.25,700.20,capture,33.34,711.42,20.29,1,179.101,8.524,179.783,-18.08,20.37,147.16,-17.96,-8.56,173.62,53.713,54.234,-36.7994,-11.3060,33.34,711.42,-36.6553,-10.6083,,,0.20395,0
2.9063,1,16,4,0,50.25,700.20,capture,35.02,717.83,23.30,1,179.105,8.649,179.801,-18.17,20.51,147.17,-17.50,-7.62,173.42,53.662,54.253,-38.1096,-10.8465,35.02,717.83,-37.3097,-10.7155,,,0.19224,0
3.0157,1,16,4,0,50.25,700.20,capture,51.11,691.88,8.36,1,179.082,8.658,179.835,-18.17,20.51,147.32,-17.85,-7.74,173.50,53.769,54.139,-37.5074,-10.5187,51.11,691.88,-37.3987,-10.6269,,,0.20240,0
3.1266,1,16,4,0,50.25,700.20,capture,65.71,691.03,17.97,1,179.054,8.542,179.826,-18.20,20.27,147.46,-17.83,-8.10,173.89,53.872,54.317,-36.0328,-10.2221,65.71,691.03,-36.7840,-10.4448,,,0.22304,0
3.3246,2,1,0,1,150.75,77.80,dwell,-41.79,476.05,442.35,0,178.984,8.381,179.799,-18.23,20.35,147.41,-17.94,-7.63,173.67,53.357,54.404,-28.9702,-14.9635,-41.79,476.05,-28.9702,-14.9635,,,0.21395,0
3.4424,2,1,0,1,150.75,77.80,dwell,-20.02,570.63,521.58,0,179.028,8.317,179.807,-18.29,20.29,147.43,-17.34,-8.44,173.21,53.468,54.438,-31.8841,-14.0782,-20.02,570.63,-30.2815,-14.5651,,,0.22450,0
3.5429,2,1,0,1,150.75,77.80,dwell,82.44,427.73,356.54,0,179.003,8.284,179.824,-18.25,20.38,147.62,-18.17,-9.29,174.29,53.763,54.465,-27.2918,-9.3042,82.44,427.73,-28.9361,-12.1977,,,0.21609,0
3.6278,2,1,0,1,150.75,77.80,dwell,55.43,303.17,244.70,0,179.084,8.137,179.808,-18.30,20.51,147.63,-18.13,-8.02,174.07,53.546,54.735,-21.4850,-11.1422,55.43,303.17,-25.5831,-11.7227,,,0.21150,0
3.7174,2,1,0,1,150.75,77.80,dwell,55.48,303.69,245.16,0,179.086,7.970,179.803,-18.42,20.37,147.41,-18.15,-7.71,174.16,54.098,54.305,-21.6767,-9.9262,55.48,303.69,-23.8252,-10.9143,,,0.21145,0
3.8094,2,1,0,1,150.75,77.80,dwell,75.95,224.93,165.05,0,178.960,8.039,179.795,-18.39,20.32,147.41,-17.97,-8.48,173.51,54.149,54.391,-18.0565,-9.9904,75.95,224.93,-21.2293,-10.4985,,,0.21914,0
3.9014,2,1,0,1,150.75,77.80,dwell,74.14,250.36,188.80,0,178.962,8.042,179.801,-18.42,20.24,147.31,-17.80,-7.85,173.06,54.116,54.442,-20.0538,-9.6703,74.14,250.36,-20.7003,-10.1258,,,0.21243,0
3.9924,2,1,0,1,150.75,77.80,dwell,85.18,162.95,107.47,0,178.928,7.960,179.797,-18.35,20.07,147.46,-17.55,-8.57,173.87,54.230,54.850,-16.0346,-8.3063,85.18,162.95,-18.6008,-9.3071,,,0.20015,0
4.1056,2,1,0,1,150.75,77.80,capture,99.02,112.52,62.30,0,178.889,7.832,179.856,-18.43,20.24,147.62,-18.04,-8.36,174.15,54.139,54.793,-14.1274,-7.7821,99.02,112.52,-16.5878,-8.6208,,,0.22737,0
4.2066,2,1,0,1,150.75,77.80,capture,85.00,113.59,74.86,0,178.974,7.726,179.839,-18.25,20.36,147.94,-18.06,-7.60,174.18,54.521,55.135,-14.2674,-8.9768,85.00,113.59,-15.5436,-8.7810,,,0.24192,0
4.3194,2,1,0,1,150.75,77.80,capture,87.40,136.32,86.24,0,178.904,7.777,179.818,-18.12,20.59,147.99,-17.86,-7.72,174.31,53.922,55.165,-14.4164,-9.2960,87.40,136.32,-15.0364,-9.0128,,,0.20866,0
4.4096,2,1,0,1,150.75,77.80,capture,77.29,101.81,77.28,0,178.870,7.715,179.823,-18.24,20.44,148.29,-17.70,-8.37,174.76,53.758,55.204,-13.7035,-9.1909,77.29,101.81,-14.4365,-9.0929,,,0.22462,0
4.5197,2,1,0,1,150.75,77.80,capture,72.09,111.37,85.52,0,179.036,7.684,179.822,-18.21,20.58,148.29,-17.48,-8.10,174.52,53.959,55.410,-14.2144,-9.9933,72.09,111.37,-14.3366,-9.4981,,,0.21033,0
4.6175,2,1,0,1,150.75,77.80,capture,94.17,117.17,68.93,0,179.114,7.741,179.803,-18.27,20.69,148.13,-17.98,-8.36,174.58,53.937,54.886,-14.7328,-8.5052,94.17,117.17,-14.5149,-9.0513,,,0.24481,0
4.7000,2,1,0,1,150.75,77.80,capture,92.20,145.37,89.41,0,179.027,7.658,179.807,-18.28,20.76,148.00,-18.23,-7.97,174.60,54.100,54.587,-15.5932,-8.7861,92.20,145.37,-15.0001,-8.9319,,,0.23132,0
4.7912,2,1,0,1,150.75,77.80,capture,70.90,119.11,89.90,0,178.983,7.643,179.822,-18.31,20.83,147.85,-17.71,-6.86,173.71,53.895,54.592,-15.1435,-9.9710,70.90,119.11,-15.0647,-9.3995,,,0.20581,0
4.8983,2,1,0,1,150.75,77.80,capture,104.93,134.02,72.53,1,179.072,7.605,179.804,-18.32,20.87,147.86,-18.00,-7.80,174.33,53.970,54.588,-15.5576,-8.6743,104.93,134.02,-15.2865,-9.0732,,,0.21120,0
5.0095,2,1,0,1,150.75,77.80,capture,108.94,117.26,57.49,1,179.002,7.637,179.789,-18.43,20.83,148.14,-17.58,-7.74,174.73,54.118,54.201,-14.7383,-7.9055,108.94,117.26,-15.0398,-8.5477,,,0.22553,0
5.1052,2,1,0,1,150.75,77.80,capture,84.93,120.82,78.63,0,178.899,7.611,179.815,-18.36,20.67,148.13,-17.49,-7.80,174.98,53.978,54.163,-14.7675,-8.6076,84.93,120.82,-14.9173,-8.5747,,,0.20786,0
5.1965,2,1,0,1,150.75,77.80,capture,79.45,123.42,84.65,0,178.895,7.536,179.805,-18.31,20.79,148.20,-18.23,-8.36,174.68,53.901,53.941,-14.6428,-9.3447,79.45,123.42,-14.7938,-8.9212,,,0.21847,0
5.2892,2,1,0,1,150.75,77.80,capture,87.48,128.62,81.15,0,178.856,7.759,179.806,-18.24,20.85,148.28,-17.83,-7.43,174.90,54.045,54.062,-16.0910,-9.6570,87.48,128.62,-15.3775,-9.2523,,,0.23592,0
5.3982,2,1,0,1,150.75,77.80,capture,88.20,138.03,86.83,0,178.786,7.790,179.823,-18.36,20.99,148.29,-18.30,-8.84,175.17,54.352,53.865,-14.8993,-8.5885,88.20,138.03,-15.1623,-8.9536,,,0.23602,0
5.5068,2,1,0,1,150.75,77.80,capture,77.32,153.90,105.75,0,178.810,7.839,179.832,-18.32,20.88,147.89,-18.17,-6.59,174.50,54.225,53.925,-16.2017,-10.0197,77.32,153.90,-15.6301,-9.4333,,,0.22576,0
5.6098,2,1,0,1,150.75,77.80,capture,82.69,111.85,76.10,0,178.989,7.664,179.856,-18.28,20.95,147.90,-17.61,-8.31,174.31,53.808,54.006,-13.2801,-8.9653,82.69,111.85,-14.5726,-9.2227,,,0.20375,0
5.7091,2,1,0,1,150.75,77.80,capture,88.66,121.23,75.77,0,178.814,7.481,179.853,-18.35,20.85,147.63,-18.07,-8.22,173.61,53.862,53.915,-15.4495,-8.3040,88.66,121.23,-14.9672,-8.8093,,,0.22848,0
5.7911,2,1,0,1,150.75,77.80,capture,84.28,132.79,86.27,0,178.902,7.574,179.863,-18.30,20.80,147.62,-17.40,-7.89,173.94,54.260,53.886,-15.0752,-8.6426,84.28,132.79,-15.0158,-8.7343,,,0.25573,0
5.8996,2,1,0,1,150.75,77.80,capture,75.14,99.71,78.72,0,178.915,7.601,179.851,-18.21,21.07,147.71,-17.84,-8.25,173.90,54.292,54.200,-14.1404,-9.8822,75.14,99.71,-14.6219,-9.2508,,,0.22287,0
6.0973,3,4,1,0,50.25,233.40,dwell,-39.90,199.19,96.42,0,179.024,7.591,179.860,-18.25,21.02,147.83,-17.81,-7.66,174.39,53.796,54.077,-18.6418,-14.6208,-39.90,199.19,-18.6418,-14.6208,,,0.20416,0
6.2236,3,4,1,0,50.25,233.40,dwell,48.82,171.23,62.19,1,178.831,7.601,179.833,-18.34,20.95,147.82,-17.74,-6.99,174.36,54.037,54.025,-15.5667,-10.6318,48.82,171.23,-17.2580,-12.8258,,,0.21905,0
6.3075,3,4,1,0,50.25,233.40,dwell,5.01,232.06,45.26,1,178.833,7.718,179.823,-18.27,20.99,147.85,-18.20,-6.63,174.20,54.098,53.712,-18.8324,-12.8534,5.01,232.06,-17.9665,-12.8382,,,0.24284,0
6.4081,3,4,1,0,50.25,233.40,dwell,27.56,109.67,125.79,0,178.912,7.667,179.839,-18.20,21.01,147.70,-17.75,-7.63,174.59,53.970,53.733,-14.0759,-12.5006,27.56,109.67,-16.2157,-12.6863,,,0.23357,0
6.5165,3,4,1,0,50.25,233.40,dwell,39.43,114.83,119.06,0,178.877,7.671,179.845,-18.19,21.04,147.54,-17.91,-7.43,173.53,53.814,53.745,-15.0925,-10.7511,39.43,114.83,-15.7103,-11.8155,,,0.21769,0
6.5985,3,4,1,0,50.25,233.40,dwell,2.15,212.85,52.31,1,179.130,7.695,179.801,-18.21,21.02,147.71,-18.07,-7.57,173.97,53.632,53.887,-17.9613,-13.0950,2.15,212.85,-16.7232,-12.3913,,,0.19677,0
6.7054,3,4,1,0,50.25,233.40,dwell,0.05,197.93,61.47,1,179.069,7.795,179.773,-18.23,21.03,147.77,-17.19,-7.15,174.04,53.728,53.731,-17.0698,-12.8121,0.05,197.93,-16.8792,-12.5806,,,0.20904,0
6.8077,3,4,1,0,50.25,233.40,dwell,41.19,293.35,60.63,1,178.978,7.769,179.775,-18.15,20.92,147.77,-17.43,-7.48,173.88,53.437,53.427,-20.3706,-11.0465,41.19,293.35,-18.4503,-11.8903,,,0.19508,0
6.9127,3,4,1,0,50.25,233.40,capture,9.63,220.59,42.59,1,178.988,7.956,179.785,-18.08,20.79,148.01,-17.11,-8.45,174.82,53.408,53.629,-19.3789,-11.7598,9.63,220.59,-18.8682,-11.8316,,,0.19431,0
7.0135,3,4,1,0,50.25,233.40,capture,25.77,213.38,31.62,1,178.975,7.933,179.815,-18.11,20.98,147.68,-17.75,-7.48,173.90,53.271,53.494,-17.3679,-11.7990,25.77,213.38,-18.1931,-11.8169,,,0.19770,0
7.1018,3,4,1,0,50.25,233.40,capture,30.09,246.76,24.19,1,178.842,7.946,179.804,-18.23,20.90,147.58,-17.63,-8.12,173.89,53.311,53.412,-18.6520,-11.2815,30.09,246.76,-18.3996,-11.5760,,,0.20670,0
7.1884,3,4,1,0,50.25,233.40,capture,21.84,230.96,28.51,1,178.872,7.988,179.793,-18.28,20.95,147.61,-18.07,-7.29,173.84,53.571,53.036,-19.5424,-12.3001,21.84,230.96,-18.9138,-11.9018,,,0.21643,0
7.2842,3,4,1,0,50.25,233.40,capture,15.64,215.50,38.96,1,178.887,7.817,179.827,-18.36,20.99,147.80,-18.43,-7.50,174.64,53.495,53.135,-17.9839,-12.4210,15.64,215.50,-18.4954,-12.1355,,,0.21778,0
7.3774,3,4,1,0,50.25,233.40,capture,12.27,196.19,53.17,1,178.940,7.710,179.831,-18.44,20.93,147.81,-18.01,-7.03,173.91,53.422,53.378,-18.1954,-12.1535,12.27,196.19,-18.3604,-12.1436,,,0.18060,0
7.4701,3,4,1,0,50.25,233.40,capture,0.89,214.45,52.87,1,178.815,7.703,179.811,-18.31,21.10,147.66,-17.62,-7.46,174.66,53.691,53.522,-17.8578,-12.4811,0.89,214.45,-18.1342,-12.2955,,,0.21057,0
7.5717,3,4,1,0,50.25,233.40,capture,9.76,245.36,42.22,1,178.913,7.715,179.822,-18.30,20.91,147.62,-17.80,-7.76,174.24,53.810,53.912,-19.2230,-12.1989,9.76,245.36,-18.6242,-12.2520,,,0.19385,0
7.6720,3,4,1,0,50.25,233.40,capture,35.93,233.46,14.32,1,178.907,7.845,179.810,-18.27,20.90,147.47,-18.19,-7.10,173.61,53.987,54.089,-19.6754,-10.5605,35.93,233.46,-19.0972,-11.4908,,,0.24700,0
7.7601,3,4,1,0,50.25,233.40,capture,3.83,211.06,51.52,1,178.823,7.752,179.775,-18.19,20.80,147.65,-17.95,-7.47,173.85,54.048,54.086,-18.3159,-12.9981,3.83,211.06,-18.7456,-12.1691,,,0.21691,0
7.8528,3,4,1,0,50.25,233.40,capture,10.76,217.91,42.42,1,178.964,7.707,179.811,-18.18,20.71,147.43,-17.40,-8.38,173.42,54.221,54.344,-18.6510,-12.3584,10.76,217.91,-18.7030,-12.2543,,,0.21491,0
7.9540,3,4,1,0,50.25,233.40,capture,15.90,231.21,34.42,1,178.881,7.716,179.832,-18.05,20.82,147.11,-17.47,-8.02,173.37,53.781,54.472,-19.1195,-12.2948,15.90,231.21,-18.8904,-12.2725,,,0.23312,0
8.0558,3,4,1,0,50.25,233.40,capture,4.07,213.63,50.23,1,178.853,7.640,179.864,-18.03,20.93,147.30,-17.81,-6.76,173.49,54.129,54.640,-18.3933,-12.6209,4.07,213.63,-18.6667,-12.4293,,,0.21976,0
8.1596,3,4,1,0,50.25,233.40,capture,16.89,234.14,33.37,1,178.929,7.724,179.845,-17.91,20.96,147.31,-17.48,-6.93,173.45,53.908,54.882,-18.3931,-11.5930,16.89,234.14,-18.5436,-12.0529,,,0.21393,0
8.2477,3,4,1,0,50.25,233.40,capture,21.15,248.72,32.89,1,178.874,7.830,179.860,-17.94,20.97,147.26,-17.76,-7.81,173.41,54.009,54.295,-19.9264,-12.0730,21.15,248.72,-19.1658,-12.0620,,,0.23139,0
8.3634,3,4,1,0,50.25,233.40,capture,22.72,220.91,30.23,1,178.817,7.861,179.866,-17.97,20.98,147.43,-17.53,-7.92,174.11,54.222,54.087,-18.1178,-11.7402,22.72,220.91,-18.6942,-11.9172,,,0.23181,0
8.4547,3,4,1,0,50.25,233.40,capture,18.45,220.47,34.33,1,178.671,7.864,179.878,-18.06,20.90,147.30,-17.68,-7.94,173.85,54.267,54.008,-19.6022,-12.0778,18.45,220.47,-19.1028,-11.9894,,,0.23017,0
8.5405,3,4,1,0,50.25,233.40,capture,17.73,233.84,32.52,1,178.711,7.932,179.883,-18.11,20.91,147.38,-18.06,-7.87,174.05,54.195,53.714,-19.2155,-12.3821,17.73,233.84,-19.1536,-12.1661,,,0.19922,0
8.6390,3,4,1,0,50.25,233.40,capture,27.96,256.92,32.40,1,178.790,8.048,179.865,-18.11,20.74,147.44,-17.71,-8.65,174.04,53.904,54.113,-20.0830,-11.0206,27.96,256.92,-19.5718,-11.6506,,,0.21610,0
8.7548,3,4,1,0,50.25,233.40,capture,28.53,220.72,25.15,1,178.792,8.137,179.899,-18.01,20.86,147.35,-17.79,-7.52,173.50,53.836,54.068,-18.6482,-11.5173,28.53,220.72,-19.1562,-11.5907,,,0.22063,0
8.9420,4,3,0,3,351.75,77.80,dwell,251.24,327.96,269.60,0,178.825,8.079,179.889,-18.01,20.99,147.56,-17.50,-6.92,173.77,53.924,53.797,-23.0445,-1.3129,251.24,327.96,-23.0445,-1.3129,,,0.22755,0
9.0389,4,3,0,3,351.75,77.80,dwell,33.25,58.21,319.10,0,178.643,8.071,179.864,-18.15,20.97,147.64,-18.15,-8.01,174.60,53.823,53.667,-12.6802,-11.6223,33.25,58.21,-18.3806,-5.9521,,,0.23307,0
9.1381,4,3,0,3,351.75,77.80,dwell,174.75,-17.80,201.17,0,178.814,8.179,179.847,-18.07,21.16,147.57,-17.27,-7.09,173.72,53.544,53.627,-8.5624,-4.2567,174.75,-17.80,-13.9624,-5.1892,,,0.20767,0
9.2302,4,3,0,3,351.75,77.80,dwell,197.00,100.23,156.37,0,178.750,8.164,179.841,-18.13,21.05,147.65,-17.48,-6.79,173.90,53.416,53.287,-14.0406,-3.2592,197.00,100.23,-13.9976,-4.3207,,,0.22082,0
9.3381,4,3,0,3,351.75,77.80,dwell,165.01,233.71,243.27,0,178.620,8.174,179.863,-18.29,21.11,147.56,-17.98,-6.28,174.11,53.324,53.539,-18.9787,-4.9280,165.01,233.71,-16.2391,-4.5940,,,0.19516,0
9.4350,4,3,0,3,351.75,77.80,dwell,201.28,62.17,151.28,0,178.659,8.090,179.851,-18.30,21.12,147.48,-17.38,-6.44,173.58,53.494,53.259,-12.4224,-4.0671,201.28,62.17,-14.5216,-4.3569,,,0.22244,0
9.5274,4,3,0,3,351.75,77.80,dwell,287.88,21.18,85.35,0,178.656,8.183,179.851,-18.40,21.14,147.38,-17.21,-8.24,173.74,53.626,53.608,-10.0131,0.1866,287.88,21.18,-12.4928,-2.3123,,,0.20181,0
9.6271,4,3,0,3,351.75,77.80,dwell,310.56,73.49,41.41,1,178.788,8.091,179.861,-18.36,20.97,147.41,-18.28,-8.23,173.66,53.607,53.599,-14.0142,1.7943,310.56,73.49,-13.1774,-0.4643,,,0.20212,0
9.7363,4,3,0,3,351.75,77.80,dwell,330.85,8.88,72.02,1,178.924,8.101,179.865,-18.25,21.14,147.46,-18.03,-7.28,173.41,53.810,53.915,-9.8515,2.8283,330.85,8.88,-11.6807,1.0173,,,0.23166,0
9.8296,4,3,0,3,351.75,77.80,dwell,313.71,32.68,59.02,1,178.954,7.916,179.874,-18.36,21.11,147.38,-18.32,-7.02,174.04,53.903,53.506,-10.6084,1.4975,313.71,32.68,-11.1982,1.2334,,,0.20696,0
9.9292,4,3,0,3,351.75,77.80,capture,318.39,21.47,65.47,1,178.859,7.996,179.859,-18.40,21.13,147.27,-17.88,-6.83,173.28,53.688,53.508,-10.2231,1.8564,318.39,21.47,-10.7594,1.5137,,,0.21589,0
10.0330,4,3,0,3,351.75,77.80,capture,327.46,15.46,66.91,1,178.706,7.806,179.862,-18.20,21.03,147.27,-18.20,-7.41,172.83,53.371,53.365,-9.8649,2.3348,327.46,15.46,-10.3569,1.8832,,,0.20063,0
10.1446,4,3,0,3,351.75,77.80,capture,321.38,35.64,51.96,1,178.690,7.795,179.813,-18.27,20.97,147.19,-17.82,-7.64,172.85,53.628,53.428,-10.8481,2.5622,321.38,35.64,-10.5779,2.1888,,,0.19892,0
10.2444,4,3,0,3,351.75,77.80,capture,315.63,30.64,59.40,1,178.780,7.764,179.841,-18.32,20.95,147.02,-17.93,-8.19,173.67,53.701,53.633,-10.6324,1.5504,315.63,30.64,-10.6024,1.9015,,,0.20057,0
10.3433,4,3,0,3,351.75,77.80,capture,320.00,9.79,75.06,1,178.755,7.800,179.853,-18.29,21.01,147.00,-17.29,-6.88,173.35,54.027,53.352,-10.2598,2.1553,320.00,9.79,-10.4483,2.0157,,,0.22075,0
10.4253,4,3,0,3,351.75,77.80,capture,304.92,13.99,79.15,1,178.836,7.785,179.862,-18.32,21.01,147.14,-17.53,-7.81,172.87,54.055,53.503,-10.8127,1.1708,304.92,13.99,-10.6122,1.6355,,,0.24287,0
10.5308,4,3,0,3,351.75,77.80,capture,320.45,35.73,52.44,1,178.745,7.807,179.869,-18.33,20.89,147.40,-18.37,-7.91,173.67,54.369,53.961,-10.3202,2.2518,320.45,35.73,-10.4808,1.9128,,,0.22376,0
10.6356,4,3,0,3,351.75,77.80,capture,335.41,37.61,43.38,1,178.643,7.773,179.867,-18.45,20.70,147.46,-17.62,-7.50,173.57,54.257,54.047,-10.7061,3.0987,335.41,37.61,-10.5822,2.4465,,,0.21775,0
10.7289,4,3,0,3,351.75,77.80,capture,324.81,31.60,53.48,1,178.680,7.606,179.833,-18.44,20.64,147.50,-17.82,-7.54,173.83,54.338,54.050,-11.1169,2.6630,324.81,31.60,-10.8228,2.5439,,,0.23339,0
10.8455,4,3,0,3,351.75,77.80,capture,312.97,36.62,56.57,1,178.734,7.388,179.849,-18.37,20.68,147.29,-17.32,-8.14,173.57,54.397,53.550,-10.3716,2.4114,312.97,36.62,-10.6197,2.4843,,,0.25216,0
10.9328,4,3,0,3,351.75,77.80,capture,318.39,38.72,51.38,1,178.691,7.349,179.831,-18.14,20.68,147.48,-17.61,-7.18,173.94,53.915,53.616,-10.3564,2.6566,318.39,38.72,-10.5012,2.5618,,,0.21079,0
11.0315,4,3,0,3,351.75,77.80,capture,319.43,-0.88,85.06,0,178.701,7.385,179.832,-18.20,20.79,147.63,-17.31,-7.30,174.26,54.094,53.837,-8.6531,1.9389,319.43,-0.88,-9.6695,2.2815,,,0.22831,0
11.1371,4,3,0,3,351.75,77.80,capture,312.30,42.78,52.75,1,178.569,7.498,179.794,-18.18,20.87,147.47,-17.14,-8.11,173.41,53.844,53.481,-11.0368,1.2035,312.30,42.78,-10.2848,1.7964,,,0.22301,0
11.2350,4,3,0,3,351.75,77.80,capture,323.40,43.94,44.16,1,178.696,7.559,179.807,-18.22,20.74,147.41,-17.50,-8.82,174.23,53.744,53.579,-11.8087,2.0299,323.40,43.94,-10.9706,1.9015,,,0.20470,0
11.3410,4,3,0,3,351.75,77.80,capture,310.72,27.33,65.04,1,178.667,7.525,179.806,-18.25,20.69,147.59,-17.67,-8.34,173.61,53.525,53.766,-11.5824,1.3583,310.72,27.33,-11.2459,1.6570,,,0.21610,0
11.4495,4,3,0,3,351.75,77.80,capture,312.32,55.87,45.12,1,178.616,7.439,179.773,-18.24,20.67,147.80,-17.61,-8.22,174.33,53.754,54.178,-12.1699,1.4697,312.32,55.87,-11.6617,1.5727,,,0.20897,0
11.5687,4,3,0,3,351.75,77.80,capture,320.65,12.16,72.63,1,178.609,7.419,179.797,-18.24,20.64,148.04,-18.19,-7.64,174.98,53.550,54.544,-9.6381,2.3595,320.65,12.16,-10.7511,1.9268,,,0.20636,0
11.6749,4,3,0,3,351.75,77.80,capture,334.63,46.83,35.39,1,178.707,7.334,179.802,-18.05,20.55,148.03,-18.01,-7.63,174.26,53.681,54.814,-10.8405,2.5677,334.63,46.83,-10.7913,2.2152,,,0.21302,0
11.7624,4,3,0,3,351.75,77.80,capture,310.02,38.90,57.05,1,178.760,7.430,179.819,-18.06,20.33,147.98,-17.16,-8.56,174.61,54.061,54.587,-11.5339,1.2865,310.02,38.90,-11.1255,1.7973,,,0.22940,0
11.8617,4,3,0,3,351.75,77.80,capture,336.48,26.62,53.41,1,178.770,7.299,179.813,-18.10,20.24,148.14,-17.78,-7.41,175.12,54.296,54.391,-11.1562,2.7302,336.48,26.62,-11.1393,2.2171,,,0.19952,0
11.9559,4,3,0,3,351.75,77.80,capture,340.20,8.59,70.17,1,178.768,7.307,179.809,-18.04,20.37,148.13,-17.53,-8.07,174.96,54.387,54.464,-10.3228,2.7315,340.20,8.59,-10.7719,2.4486,,,0.21663,0
12.1724,5,0,0,0,50.25,77.80,dwell,322.12,148.19,280.83,0,178.757,7.416,179.779,-18.15,20.30,148.20,-18.00,-7.85,174.84,54.037,54.412,-15.9190,2.2885,322.12,148.19,-15.9190,2.2885,,,0.22083,0
12.2793,5,0,0,0,50.25,77.80,dwell,260.23,99.08,211.06,0,178.694,7.243,179.778,-18.10,20.40,148.03,-18.04,-8.07,174.71,53.834,54.008,-13.7024,-0.1819,260.23,99.08,-14.9215,1.1768,,,0.24802,0
12.3737,5,0,0,0,50.25,77.80,dwell,231.30,257.69,255.22,0,178.597,7.218,179.792,-18.01,20.39,147.96,-18.10,-7.24,173.97,53.473,54.037,-20.2998,-1.9377,231.30,257.69,-17.3417,-0.2247,,,0.18446,0
12.4705,5,0,0,0,50.25,77.80,dwell,208.71,134.09,168.16,0,178.623,7.157,179.770,-17.92,20.49,147.76,-16.91,-7.61,174.26,53.642,54.104,-14.8377,-2.8622,208.71,134.09,-16.2149,-1.4116,,,0.19970,0
12.5646,5,0,0,0,50.25,77.80,dwell,177.44,102.53,129.57,0,178.666,7.244,179.785,-17.99,20.63,147.85,-17.69,-7.53,174.53,53.700,54.280,-15.2548,-4.1959,177.44,102.53,-15.7829,-2.6645,,,0.21145,0
12.6687,5,0,0,0,50.25,77.80,dwell,81.26,89.56,33.17,1,178.689,7.233,179.808,-17.97,20.63,147.69,-17.24,-8.12,174.10,53.343,54.277,-13.5156,-9.6512,81.26,89.56,-14.7626,-5.8085,,,0.19056,0
12.7764,5,0,0,0,50.25,77.80,dwell,106.73,-9.07,103.62,0,178.707,7.288,179.800,-17.96,20.58,147.61,-17.75,-7.98,173.89,53.399,54.273,-9.2824,-7.4705,106.73,-9.07,-12.2965,-6.5564,,,0.19541,0
12.8752,5,0,0,0,50.25,77.80,dwell,112.19,82.05,62.09,0,178.768,7.352,179.805,-18.03,20.63,147.50,-17.51,-8.86,173.70,53.501,54.074,-12.7322,-7.6284,112.19,82.05,-12.4926,-7.0388,,,0.22033,0
12.9725,5,0,0,0,50.25,77.80,capture,104.41,129.21,74.67,0,178.790,7.220,179.825,-18.06,20.70,147.35,-17.75,-7.28,173.56,53.383,53.851,-15.6625,-8.9836,104.41,129.21,-13.9191,-7.9140,,,0.21974,0
13.0829,5,0,0,0,50.25,77.80,capture,100.26,86.93,50.84,1,178.746,7.249,179.856,-17.91,20.77,147.49,-17.87,-8.05,173.29,53.371,53.736,-13.7894,-7.7430,100.26,86.93,-13.8607,-7.8370,,,0.20331,0
13.1912,5,0,0,0,50.25,77.80,capture,106.39,106.88,63.22,0,178.722,7.219,179.899,-17.92,20.65,147.57,-17.49,-7.96,173.99,53.710,53.698,-13.9719,-7.5096,106.39,106.88,-13.9108,-7.6897,,,0.17177,0
13.2832,5,0,0,0,50.25,77.80,capture,110.92,96.35,63.44,0,178.726,7.154,179.891,-18.02,20.68,147.47,-18.07,-7.95,174.05,53.722,53.871,-13.7366,-7.2193,110.92,96.35,-13.8324,-7.4780,,,0.20667,0
13.3796,5,0,0,0,50.25,77.80,capture,110.97,80.95,60.80,0,178.689,7.298,179.865,-18.08,20.55,147.47,-17.72,-7.83,174.04,53.918,53.777,-12.7743,-7.4322,110.97,80.95,-13.3562,-7.4574,,,0.23780,0
13.4655,5,0,0,0,50.25,77.80,capture,94.46,107.55,53.29,1,178.768,7.478,179.871,-18.16,20.78,147.49,-18.27,-8.23,173.55,53.233,53.699,-14.4796,-8.7095,94.46,107.55,-13.8617,-8.0208,,,0.22463,0
13.5760,5,0,0,0,50.25,77.80,capture,91.63,69.30,42.24,1,178.892,7.528,179.887,-18.32,20.70,147.36,-17.63,-7.48,173.79,53.075,54.013,-12.8829,-8.0192,91.63,69.30,-13.4213,-8.0201,,,0.19649,0
13.6798,5,0,0,0,50.25,77.80,capture,95.68,80.62,45.52,1,178.929,7.433,179.902,-18.31,20.81,147.45,-17.64,-7.46,173.83,53.509,53.556,-12.7095,-8.3177,95.68,80.62,-13.1009,-8.1540,,,0.22060,0
13.7725,5,0,0,0,50.25,77.80,capture,102.68,91.71,54.24,0,178.914,7.413,179.893,-18.29,20.79,147.58,-18.31,-8.35,173.92,53.805,53.389,-13.0453,-8.0349,102.68,91.71,-13.0759,-8.1004,,,0.21299,0
13.8669,5,0,0,0,50.25,77.80,capture,112.17,106.60,68.29,0,178.868,7.476,179.877,-18.46,20.76,147.43,-17.93,-7.30,173.87,54.112,53.576,-13.8632,-7.1090,112.17,106.60,-13.4302,-7.6543,,,0.23303,0
13.9489,5,0,0,0,50.25,77.80,capture,84.03,103.13,42.22,1,178.938,7.538,179.856,-18.40,20.79,147.68,-18.05,-8.09,174.64,53.905,53.556,-14.9004,-9.2545,84.03,103.13,-14.0918,-8.3744,,,0.22458,0
14.0565,5,0,0,0,50.25,77.80,capture,98.43,104.87,55.26,1,178.928,7.564,179.862,-18.46,20.79,147.52,-17.54,-7.69,173.59,54.196,53.847,-13.6721,-8.2207,98.43,104.87,-13.9029,-8.3052,,,0.22003,0
14.1750,5,0,0,0,50.25,77.80,capture,111.19,99.44,64.67,0,178.851,7.439,179.829,-18.66,20.62,147.81,-18.19,-7.13,174.33,54.312,53.662,-14.2144,-8.1773,111.19,99.44,-14.0431,-8.2477,,,0.21797,0
14.2674,5,0,0,0,50.25,77.80,capture,98.59,129.07,70.47,1,178.817,7.472,179.834,-18.66,20.62,147.70,-18.10,-7.95,174.08,54.144,53.955,-14.7749,-7.9459,98.59,129.07,-14.3724,-8.1119,,,0.20085,0
14.3739,5,0,0,0,50.25,77.80,capture,105.39,113.05,65.44,0,178.903,7.425,179.845,-18.60,20.61,147.73,-18.18,-8.35,173.84,53.855,53.983,-13.1475,-8.4412,105.39,113.05,-13.8212,-8.2601,,,0.21954,0
14.4779,5,0,0,0,50.25,77.80,capture,116.86,116.30,76.94,0,178.940,7.409,179.867,-18.52,20.50,147.69,-18.11,-8.25,174.66,54.321,53.705,-14.9172,-6.9692,116.86,116.30,-14.3144,-7.6792,,,0.21294,0
14.5883,5,0,0,0,50.25,77.80,capture,117.21,92.34,68.52,0,178.927,7.338,179.908,-18.46,20.61,147.83,-18.18,-7.91,174.39,54.188,54.249,-13.6498,-7.5327,117.21,92.34,-14.0153,-7.6133,,,0.21536,0
14.6854,5,0,0,0,50.25,77.80,capture,111.01,98.64,64.23,0,178.879,7.352,179.893,-18.61,20.73,147.63,-18.40,-7.18,174.17,53.878,54.151,-13.9099,-7.4201,111.01,98.64,-13.9679,-7.5264,,,0.22092,0
14.7684,5,0,0,0,50.25,77.80,capture,115.27,113.85,74.35,0,178.905,7.264,179.869,-18.67,20.76,147.48,-17.74,-7.63,173.75,53.808,54.128,-14.0537,-7.3657,115.27,113.85,-14.0065,-7.4541,,,0.23240,0
14.9634,6,9,2,1,150.75,389.00,dwell,159.60,176.81,212.37,0,178.948,7.469,179.849,-18.65,20.73,147.52,-18.25,-8.46,173.57,53.317,54.077,-17.1284,-5.3358,159.60,176.81,-17.1284,-5.3358,,,0.20211,0
15.0741,6,9,2,1,150.75,389.00,dwell,119.09,24.64,365.73,0,178.881,7.630,179.854,-18.55,20.72,147.35,-18.16,-8.14,173.93,53.377,54.246,-10.3173,-7.4259,119.09,24.64,-14.0634,-6.2763,,,0.19006,0
15.1760,6,9,2,1,150.75,389.00,dwell,71.62,211.84,194.03,0,178.905,7.646,179.845,-18.50,20.76,147.63,-17.87,-8.26,174.12,52.871,54.332,-18.1302,-9.2296,71.62,211.84,-15.8935,-7.6053,,,0.19129,0
15.2799,6,9,2,1,150.75,389.00,dwell,153.04,212.01,177.00,0,178.795,7.702,179.829,-18.41,20.80,147.87,-17.79,-8.00,174.28,52.873,54.225,-18.1007,-5.7031,153.04,212.01,-16.8867,-6.7493,,,0.19102,0
15.3691,6,9,2,1,150.75,389.00,dwell,221.56,219.72,183.49,0,178.841,7.693,179.842,-18.36,20.95,147.76,-17.38,-6.91,173.99,52.993,54.456,-19.4548,-2.5161,221.56,219.72,-18.0423,-4.8444,,,0.17974,0
15.4511,6,9,2,1,150.75,389.00,dwell,170.29,175.91,213.98,0,178.742,7.699,179.866,-18.43,21.12,147.89,-17.30,-7.04,174.58,52.949,54.592,-16.4077,-4.8214,170.29,175.91,-17.3067,-4.8340,,,0.17803,0
15.5515,6,9,2,1,150.75,389.00,dwell,103.78,289.75,109.80,0,178.954,7.847,179.843,-18.45,21.06,147.98,-17.83,-8.20,174.41,53.339,54.184,-20.9048,-7.5632,103.78,289.75,-18.9259,-6.0622,,,0.21746,0
15.6577,6,9,2,1,150.75,389.00,dwell,138.80,265.36,124.22,0,179.019,7.696,179.845,-18.40,21.02,148.02,-17.80,-8.77,174.34,53.938,54.356,-20.1454,-6.1596,138.80,265.36,-19.4746,-6.1060,,,0.23240,0
15.7689,6,9,2,1,150.75,389.00,dwell,132.36,266.83,123.55,0,179.006,7.683,179.820,-18.34,20.99,147.83,-17.53,-7.72,174.17,53.754,54.098,-20.5938,-5.9445,132.36,266.83,-19.9783,-6.0333,,,0.21484,0
15.8608,6,9,2,1,150.75,389.00,dwell,120.36,316.61,78.51,1,179.090,7.836,179.837,-18.36,21.09,147.63,-17.51,-7.15,174.51,53.681,53.915,-22.0279,-7.6336,120.36,316.61,-20.9006,-6.7534,,,0.17625,0
15.9500,6,9,2,1,150.75,389.00,dwell,148.82,297.67,91.35,0,179.117,7.780,179.839,-18.51,21.25,147.41,-17.98,-8.04,174.05,53.368,53.959,-21.0759,-5.7726,148.82,297.67,-20.9795,-6.3121,,,0.21533,0
16.0486,6,9,2,1,150.75,389.00,capture,140.14,306.00,83.68,0,178.868,7.873,179.845,-18.36,21.22,147.39,-17.87,-7.99,173.82,53.451,54.147,-22.7138,-7.0186,140.14,306.00,-21.7599,-6.6300,,,0.20967,0
16.1581,6,9,2,1,150.75,389.00,capture,149.53,304.00,85.01,0,178.984,7.878,179.868,-18.50,21.24,147.57,-18.13,-7.86,174.17,53.517,54.688,-20.5870,-6.0689,149.53,304.00,-21.2321,-6.3775,,,0.21036,0
16.2720,6,9,2,1,150.75,389.00,capture,155.61,297.38,91.75,0,179.062,7.844,179.828,-18.53,21.10,147.42,-17.92,-7.16,174.07,53.486,54.148,-21.7196,-5.9831,155.61,297.38,-21.4515,-6.2000,,,0.22228,0
16.3603,6,9,2,1,150.75,389.00,capture,157.96,307.99,81.33,0,178.947,7.873,179.812,-18.51,21.19,147.49,-17.82,-7.32,173.68,53.493,54.287,-22.3063,-5.6102,157.96,307.99,-21.8362,-5.9346,,,0.21925,0
16.4627,6,9,2,1,150.75,389.00,capture,150.64,284.94,104.06,0,178.965,7.927,179.798,-18.49,21.14,147.36,-17.74,-7.28,174.06,53.859,54.557,-21.4456,-5.7308,150.64,284.94,-21.6604,-5.8429,,,0.21424,0
16.5740,6,9,2,1,150.75,389.00,capture,121.32,307.71,86.45,0,178.944,8.006,179.824,-18.41,21.21,146.98,-18.17,-7.57,173.22,53.979,54.090,-21.4765,-7.7485,121.32,307.71,-21.5777,-6.7004,,,0.22603,0
16.6799,6,9,2,1,150.75,389.00,capture,154.16,282.97,106.08,0,178.928,8.025,179.824,-18.56,21.33,147.32,-18.53,-7.41,174.26,53.856,54.230,-21.2914,-5.6186,154.16,282.97,-21.4489,-6.2136,,,0.22947,0
16.7861,6,9,2,1,150.75,389.00,capture,152.45,293.38,95.64,0,178.903,8.117,179.849,-18.57,21.24,147.36,-17.92,-7.11,173.57,53.918,53.992,-20.7804,-6.1052,152.45,293.38,-21.1481,-6.1648,,,0.23592,0
16.8779,6,9,2,1,150.75,389.00,capture,141.59,308.67,80.85,0,178.880,8.175,179.870,-18.59,21.15,147.40,-18.59,-8.37,173.70,54.148,54.062,-21.3066,-5.7778,141.59,308.67,-21.2194,-5.9906,,,0.21064,0
16.9651,6,9,2,1,150.75,389.00,capture,150.83,326.50,62.50,1,178.820,8.276,179.864,-18.41,21.16,147.60,-18.22,-7.86,174.31,53.841,54.070,-21.8619,-5.4514,150.83,326.50,-21.5085,-5.7480,,,0.20535,0
17.0536,6,9,2,1,150.75,389.00,capture,147.75,304.32,84.73,0,178.948,8.314,179.810,-18.41,21.10,147.38,-18.37,-7.10,173.59,53.819,54.213,-22.7870,-6.6178,147.75,304.32,-22.0839,-6.1394,,,0.21694,0
17.1488,6,9,2,1,150.75,389.00,capture,146.52,323.96,65.18,1,178.983,8.265,179.806,-18.37,21.05,147.48,-17.40,-7.09,173.64,53.864,54.476,-21.0771,-6.2531,146.52,323.96,-21.6308,-6.1906,,,0.22948,0
17.2650,6,9,2,1,150.75,389.00,capture,168.66,298.33,92.42,0,178.934,8.225,179.796,-18.33,20.99,147.57,-18.21,-7.54,173.80,53.482,54.903,-21.4806,-5.1513,168.66,298.33,-21.5632,-5.7229,,,0.22190,0
17.3519,6,9,2,1,150.75,389.00,capture,148.89,303.37,85.65,0,178.869,8.089,179.810,-18.24,20.80,147.40,-18.10,-7.33,173.86,53.793,54.631,-22.0171,-6.2079,148.89,303.37,-21.7675,-5.9411,,,0.22373,0
17.4531,6,9,2,1,150.75,389.00,capture,160.55,312.10,77.52,1,178.867,8.074,179.796,-18.29,20.81,147.68,-18.18,-7.53,173.59,54.070,54.208,-21.3225,-5.4024,160.55,312.10,-21.5672,-5.6987,,,0.20617,0
17.5427,6,9,2,1,150.75,389.00,capture,157.67,284.60,104.63,0,178.983,8.058,179.783,-18.21,20.74,147.88,-17.99,-6.69,174.05,53.895,54.125,-20.3188,-4.9987,157.67,284.60,-21.0054,-5.3837,,,0.21406,0
17.6513,6,9,2,1,150.75,389.00,capture,154.20,310.05,79.03,0,178.941,8.152,179.787,-18.20,20.85,148.05,-17.85,-8.74,174.21,53.825,54.279,-21.4369,-6.2560,154.20,310.05,-21.1996,-5.7762,,,0.20319,0
17.7386,6,9,2,1,150.75,389.00,capture,152.80,304.73,84.29,0,179.043,8.211,179.811,-18.12,20.82,147.62,-17.21,-8.02,173.81,54.028,54.274,-21.0184,-5.6554,152.80,304.73,-21.1181,-5.7219,,,0.21618,0
17.8522,6,9,2,1,150.75,389.00,capture,169.77,312.19,79.13,1,179.002,8.036,179.799,-18.17,20.82,147.80,-17.95,-6.88,174.52,53.932,54.313,-22.2316,-4.9034,169.77,312.19,-21.6192,-5.3536,,,0.22419,0
17.9591,6,9,2,1,150.75,389.00,capture,147.14,294.42,94.65,0,178.893,8.068,179.812,-18.19,20.82,147.67,-18.27,-7.61,173.82,54.241,54.402,-21.8417,-5.5417,147.14,294.42,-21.7193,-5.4382,,,0.22724,0
18.1328,7,2,0,2,251.25,77.80,dwell,206.69,235.60,163.97,0,178.914,7.919,179.783,-18.26,20.87,147.49,-17.30,-7.31,173.90,54.017,54.474,-19.3660,-2.7086,206.69,235.60,-19.3660,-2.7086,,,0.21536,0
18.2184,7,2,0,2,251.25,77.80,dwell,179.27,134.80,91.82,0,178.876,7.793,179.753,-18.28,20.76,147.48,-18.00,-8.36,173.68,54.366,54.434,-14.7145,-4.6273,179.27,134.80,-17.2728,-3.5720,,,0.23352,0
18.3374,7,2,0,2,251.25,77.80,dwell,204.41,309.89,236.77,0,178.704,7.799,179.787,-18.27,20.78,147.50,-17.72,-8.15,174.20,54.376,54.244,-21.2465,-3.0505,204.41,309.89,-19.0610,-3.3373,,,0.25159,0
18.4522,7,2,0,2,251.25,77.80,dwell,317.07,293.99,225.99,0,178.720,7.749,179.796,-18.38,20.75,147.42,-18.10,-7.62,173.86,53.939,53.989,-20.6335,2.1754,317.07,293.99,-19.7686,-0.8566,,,0.20530,0
18.5572,7,2,0,2,251.25,77.80,dwell,159.53,229.96,177.67,0,178.769,7.665,179.797,-18.18,20.59,147.67,-18.36,-7.28,173.56,53.724,53.734,-18.5103,-5.4938,159.53,229.96,-19.2024,-2.9433,,,0.21764,0
18.6417,7,2,0,2,251.25,77.80,dwell,234.52,209.51,132.77,0,178.734,7.549,179.799,-18.25,20.67,147.61,-17.58,-7.70,174.28,54.002,53.583,-18.0122,-1.3887,234.52,209.51,-18.6668,-2.2437,,,0.23226,0
18.7287,7,2,0,2,251.25,77.80,dwell,267.89,189.55,112.98,0,178.708,7.656,179.805,-18.28,20.73,147.57,-18.43,-8.08,174.14,53.774,53.757,-17.2391,-0.2251,267.89,189.55,-18.0243,-1.3353,,,0.21941,0
18.8125,7,2,0,2,251.25,77.80,dwell,252.37,163.08,85.29,0,178.855,7.601,179.817,-18.20,20.69,147.41,-18.25,-9.33,173.80,53.736,53.829,-16.2625,-2.1467,252.37,163.08,-17.2315,-1.7004,,,0.20927,0
18.9015,7,2,0,2,251.25,77.80,dwell,289.09,145.47,77.53,1,178.831,7.459,179.832,-18.38,20.79,147.04,-18.12,-6.66,173.55,53.860,53.685,-15.6200,1.0030,289.09,145.47,-16.5064,-0.4839,,,0.21026,0
19.0077,7,2,0,2,251.25,77.80,dwell,252.66,108.50,30.73,1,178.940,7.509,179.833,-18.42,20.94,146.95,-17.96,-7.78,173.28,53.272,53.683,-14.1367,-1.2886,252.66,108.50,-15.4400,-0.8460,,,0.21813,0
19.0951,7,2,0,2,251.25,77.80,capture,292.87,127.11,64.53,1,178.995,7.413,179.840,-18.50,20.94,147.08,-17.94,-7.40,173.50,53.451,53.947,-15.4678,0.6435,292.87,127.11,-15.4525,-0.1757,,,0.21489,0
19.1901,7,2,0,2,251.25,77.80,capture,286.62,113.51,50.26,1,179.052,7.511,179.831,-18.52,21.10,147.20,-17.83,-7.53,173.20,53.717,53.874,-13.3731,0.4493,286.62,113.51,-14.5168,0.1056,,,0.20907,0
19.2961,7,2,0,2,251.25,77.80,capture,273.91,102.00,33.15,1,179.097,7.414,179.847,-18.48,21.09,147.32,-17.68,-7.99,173.53,53.344,53.836,-13.7042,-0.5075,273.91,102.00,-14.1511,-0.1703,,,0.20497,0
19.3856,7,2,0,2,251.25,77.80,capture,264.04,95.73,22.02,1,179.079,7.493,179.858,-18.49,21.07,147.41,-18.60,-7.95,173.79,53.276,53.601,-13.4424,-1.1855,264.04,95.73,-13.8322,-0.6271,,,0.20441,0
19.4839,7,2,0,2,251.25,77.80,capture,271.99,88.31,23.25,1,179.079,7.215,179.835,-18.55,21.10,147.38,-17.91,-7.63,173.26,53.415,53.333,-13.8959,-0.1010,271.99,88.31,-13.8609,-0.3904,,,0.20799,0
19.5703,7,2,0,2,251.25,77.80,capture,257.64,94.52,17.90,1,179.002,7.118,179.820,-18.74,20.92,147.69,-18.15,-7.49,173.78,53.567,53.409,-13.1590,-0.5837,257.64,94.52,-13.5450,-0.4774,,,0.20576,0
19.6797,7,2,0,2,251.25,77.80,capture,266.38,104.06,30.31,1,178.948,7.123,179.829,-18.71,20.92,147.76,-18.53,-8.34,173.92,53.509,53.450,-12.8369,-0.8218,266.38,104.06,-13.2264,-0.6324,,,0.22750,0
19.7923,7,2,0,2,251.25,77.80,capture,283.99,95.42,37.18,1,178.980,7.335,179.824,-18.61,20.95,147.81,-18.35,-7.35,174.33,53.440,53.725,-13.1779,0.4395,283.99,95.42,-13.2045,-0.1501,,,0.17805,0
19.8956,7,2,0,2,251.25,77.80,capture,283.10,109.71,45.09,1,178.886,7.435,179.813,-18.71,20.78,147.81,-17.72,-7.22,173.89,53.527,54.045,-14.0576,0.5484,283.10,109.71,-13.5884,0.1642,,,0.18978,0
19.9908,7,2,0,2,251.25,77.80,capture,292.03,91.79,43.11,1,178.886,7.536,179.824,-18.71,20.55,147.72,-18.54,-8.50,173.98,53.811,53.924,-13.3789,0.5801,292.03,91.79,-13.4941,0.3514,,,0.21107,0
20.1055,7,2,0,2,251.25,77.80,capture,269.22,110.56,37.36,1,178.893,7.565,179.819,-18.78,20.66,147.68,-18.13,-8.13,174.17,53.576,54.006,-13.5194,-0.1871,269.22,110.56,-13.5055,0.1091,,,0.21467,0
20.2084,7,2,0,2,251.25,77.80,capture,274.75,103.12,34.54,1,178.843,7.572,179.847,-18.71,20.64,147.78,-18.69,-8.59,174.19,53.540,54.216,-13.9888,0.7587,274.75,103.12,-13.7230,0.4014,,,0.21387,0
20.3075,7,2,0,2,251.25,77.80,capture,266.10,84.97,16.49,1,178.938,7.572,179.871,-18.70,20.50,147.59,-17.81,-7.62,173.80,53.533,54.226,-14.3128,-0.7593,266.10,84.97,-13.9884,-0.1209,,,0.18506,0
20.3930,7,2,0,2,251.25,77.80,capture,271.13,98.54,28.73,1,178.938,7.485,179.888,-18.65,20.55,147.71,-17.88,-8.61,174.70,53.630,54.310,-15.2858,-0.2475,271.13,98.54,-14.5722,-0.1779,,,0.19997,0
20.5016,7,2,0,2,251.25,77.80,capture,264.01,114.58,38.93,1,178.947,7.500,179.891,-18.56,20.61,147.79,-17.58,-7.85,173.56,53.764,54.291,-13.4101,-0.6042,264.01,114.58,-14.0492,-0.3697,,,0.21627,0
20.6109,7,2,0,2,251.25,77.80,capture,280.29,104.16,39.22,1,178.913,7.711,179.867,-18.40,20.57,147.66,-18.12,-7.79,174.12,53.678,54.178,-13.5232,0.1905,280.29,104.16,-13.8125,-0.1176,,,0.19975,0
20.7133,7,2,0,2,251.25,77.80,capture,272.35,107.41,36.36,1,178.947,7.515,179.849,-18.33,20.64,147.53,-18.22,-7.16,173.66,53.601,54.192,-14.4577,0.1166,272.35,107.41,-14.1028,-0.0122,,,0.21766,0
20.8066,7,2,0,2,251.25,77.80,capture,292.53,126.37,63.74,1,178.912,7.497,179.877,-18.13,20.48,147.29,-17.69,-8.34,173.71,53.187,54.179,-14.5124,1.1269,292.53,126.37,-14.2871,0.5004,,,0.20685,0
20.9121,7,2,0,2,251.25,77.80,capture,282.15,100.74,38.48,1,178.942,7.632,179.863,-18.20,20.59,147.15,-17.58,-8.18,173.66,53.265,54.060,-14.0623,0.1265,282.15,100.74,-14.1860,0.3321,,,0.20365,0
21.0047,7,2,0,2,251.25,77.80,capture,281.10,81.98,30.14,1,178.815,7.584,179.881,-18.21,20.74,147.20,-17.82,-7.82,173.80,53.310,54.293,-13.0538,-0.0932,281.10,81.98,-13.6765,0.1407,,,0.18863,0
21.2062,8,15,3,3,351.75,544.60,dwell,247.30,207.79,352.63,0,178.884,7.615,179.883,-18.18,20.88,147.17,-17.40,-7.38,173.43,53.723,54.019,-17.5184,-1.8095,247.30,207.79,-17.5184,-1.8095,,,0.21082,0
21.3034,8,15,3,3,351.75,544.60,dwell,387.08,109.38,436.65,0,178.933,7.582,179.833,-18.21,20.80,146.97,-18.30,-6.87,173.29,53.817,54.338,-14.4391,5.3876,387.08,109.38,-16.1327,1.4292,,,0.20994,0
21.4069,8,15,3,3,351.75,544.60,dwell,314.13,220.62,326.16,0,178.929,7.638,179.815,-18.16,20.56,147.12,-18.34,-7.99,173.21,53.926,54.185,-17.8268,1.2799,314.13,220.62,-16.8951,1.3620,,,0.22682,0
21.5160,8,15,3,3,351.75,544.60,dwell,310.25,231.23,316.11,0,178.844,7.826,179.832,-18.05,20.71,147.30,-17.84,-8.06,173.31,54.166,54.061,-18.5257,2.3072,310.25,231.23,-17.6289,1.7874,,,0.22921,0
21.6157,8,15,3,3,351.75,544.60,dwell,301.38,427.62,127.36,0,179.063,8.017,179.833,-18.20,20.61,147.09,-17.84,-7.56,173.08,54.031,54.061,-25.7326,1.1132,301.38,427.62,-21.2756,1.4840,,,0.21587,0
21.7150,8,15,3,3,351.75,544.60,dwell,372.33,393.41,152.58,0,179.056,7.967,179.827,-18.22,20.64,147.06,-17.57,-8.33,173.56,53.778,54.228,-25.2975,4.9759,372.33,393.41,-23.0854,3.0553,,,0.21966,0
21.8046,8,15,3,3,351.75,544.60,dwell,387.11,417.63,131.80,0,179.142,7.974,179.833,-18.08,20.68,147.12,-17.46,-7.76,173.25,53.669,53.716,-26.4164,5.0859,387.11,417.63,-24.5844,3.9691,,,0.20755,0
21.9015,8,15,3,3,351.75,544.60,dwell,364.33,384.10,160.99,0,179.191,7.844,179.814,-18.17,20.69,147.27,-16.89,-8.55,173.36,53.656,53.516,-25.3332,4.9071,364.33,384.10,-24.9214,4.3912,,,0.23378,0
22.0080,8,15,3,3,351.75,544.60,capture,375.64,445.47,101.97,0,179.157,7.839,179.822,-18.33,20.80,147.20,-18.00,-8.16,173.40,53.729,53.612,-26.3376,4.6446,375.64,445.47,-25.5587,4.5052,,,0.21745,0
22.1129,8,15,3,3,351.75,544.60,capture,387.58,454.56,96.91,0,179.163,7.921,179.812,-18.32,20.49,147.37,-17.86,-7.76,172.80,54.066,53.628,-27.9568,5.9842,387.58,454.56,-26.6378,5.1707,,,0.19852,0
22.2025,8,15,3,3,351.75,544.60,capture,409.59,454.61,106.98,0,179.241,7.902,179.841,-18.21,20.58,147.28,-18.12,-8.23,173.18,54.023,53.768,-27.4921,5.9705,409.59,454.61,-27.0222,5.5306,,,0.20919,0
22.2902,8,15,3,3,351.75,544.60,capture,383.58,449.55,100.24,0,179.177,7.889,179.868,-18.15,20.47,147.57,-17.65,-7.81,173.64,54.105,54.498,-28.1675,4.4130,383.58,449.55,-27.5376,5.0277,,,0.21035,0
22.3878,8,15,3,3,351.75,544.60,capture,401.30,458.26,99.55,0,179.174,8.085,179.853,-18.22,20.42,147.50,-18.30,-7.73,173.85,54.243,54.072,-26.2120,5.8235,401.30,458.26,-26.9411,5.3858,,,0.22501,0
22.4918,8,15,3,3,351.75,544.60,capture,403.63,469.00,91.69,0,179.207,8.014,179.841,-18.28,20.28,147.66,-17.93,-7.97,173.89,54.498,53.974,-27.9590,5.9477,403.63,469.00,-27.3992,5.6387,,,0.21625,0
22.5835,8,15,3,3,351.75,544.60,capture,391.95,488.90,68.69,1,179.146,8.007,179.834,-18.34,20.18,147.75,-17.92,-8.03,174.14,54.122,53.938,-29.0986,6.0861,391.95,488.90,-28.1639,5.8400,,,0.24237,0
22.6727,8,15,3,3,351.75,544.60,capture,409.78,454.88,106.85,0,179.262,8.110,179.823,-18.40,20.06,147.62,-17.35,-8.43,174.09,54.103,53.991,-27.8396,6.0546,409.78,454.88,-28.0180,5.9366,,,0.21756,0
22.7761,8,15,3,3,351.75,544.60,capture,392.32,471.32,83.76,1,179.209,8.135,179.801,-18.44,20.07,147.46,-18.41,-8.71,172.95,54.034,54.429,-28.7519,5.2053,392.32,471.32,-28.3482,5.6075,,,0.21738,0
22.8699,8,15,3,3,351.75,544.60,capture,373.16,456.51,90.65,0,179.204,7.993,179.776,-18.44,20.29,147.60,-18.13,-8.89,173.88,53.821,54.458,-28.0571,4.6449,373.16,456.51,-28.2172,5.1743,,,0.19900,0
22.9548,8,15,3,3,351.75,544.60,capture,386.70,470.59,81.85,1,179.078,8.112,179.790,-18.50,20.35,147.46,-17.95,-7.72,173.36,53.739,54.619,-28.2390,4.6957,386.70,470.59,-28.2270,4.9589,,,0.22044,0
23.0548,8,15,3,3,351.75,544.60,capture,391.16,445.70,106.46,0,179.080,8.154,179.801,-18.41,20.22,147.47,-17.62,-8.52,173.73,53.527,54.459,-26.5479,5.1005,391.16,445.70,-27.4714,5.0226,,,0.18909,0
23.1599,8,15,3,3,351.75,544.60,capture,385.08,477.19,75.20,1,179.083,8.064,179.804,-18.57,20.05,147.41,-18.21,-8.83,174.28,53.814,53.767,-28.5339,5.0663,385.08,477.19,-27.9495,5.0423,,,0.20891,0
23.2535,8,15,3,3,351.75,544.60,capture,407.17,440.03,118.35,0,179.078,8.142,179.827,-18.56,20.23,147.29,-18.30,-8.71,173.70,53.886,53.803,-27.5453,6.3298,407.17,440.03,-27.7676,5.6217,,,0.21385,0
23.3557,8,15,3,3,351.75,544.60,capture,392.94,459.81,94.27,0,179.017,8.178,179.806,-18.58,19.97,147.43,-17.79,-8.38,173.63,53.715,54.249,-27.4917,5.7322,392.94,459.81,-27.6435,5.6714,,,0.19053,0
23.4540,8,15,3,3,351.75,544.60,capture,366.41,447.81,97.89,0,179.000,8.115,179.795,-18.55,20.07,147.27,-18.02,-8.42,173.71,53.617,54.124,-27.5126,3.3836,366.41,447.81,-27.5846,4.6419,,,0.23528,0
23.5606,8,15,3,3,351.75,544.60,capture,394.34,428.24,123.91,0,179.110,8.098,179.798,-18.66,20.24,147.19,-18.08,-8.66,173.71,53.971,54.219,-26.9734,4.9274,394.34,428.24,-27.3096,4.7704,,,0.20061,0
23.6426,8,15,3,3,351.75,544.60,capture,385.02,419.29,129.65,0,179.132,8.085,179.792,-18.64,20.33,147.12,-18.02,-8.16,172.85,53.802,54.245,-26.3623,4.3898,385.02,419.29,-26.8833,4.5991,,,0.21692,0
23.7482,8,15,3,3,351.75,544.60,capture,381.34,445.50,103.42,0,179.237,8.116,179.835,-18.50,20.29,147.04,-17.56,-8.29,172.99,53.816,54.339,-26.9888,4.9812,381.34,445.50,-26.9308,4.7711,,,0.21416,0
23.8513,8,15,3,3,351.75,544.60,capture,397.08,440.38,113.65,0,179.200,8.141,179.841,-18.47,20.38,147.06,-18.10,-7.66,173.10,53.673,54.630,-27.0892,5.9817,397.08,440.38,-27.0021,5.3158,,,0.22610,0
24.0017,9,11,2,3,351.75,389.00,dwell,316.33,359.86,45.87,1,179.153,8.152,179.870,-18.59,20.51,146.71,-18.25,-7.83,172.89,53.700,54.943,-23.2480,2.5011,316.33,359.86,-23.2480,2.5011,,,0.21236,0
24.0931,9,11,2,3,351.75,389.00,dwell,297.11,455.18,85.82,0,178.968,8.196,179.879,-18.46,20.61,146.74,-17.90,-7.93,172.89,54.255,54.912,-27.3142,1.2253,297.11,455.18,-25.0778,1.9270,,,0.27828,0
24.1979,9,11,2,3,351.75,389.00,dwell,305.48,457.15,82.37,1,179.114,8.211,179.896,-18.53,20.61,146.91,-18.13,-7.42,173.17,54.202,54.811,-26.5219,0.5770,305.48,457.15,-25.7276,1.3195,,,0.22251,0
24.3043,9,11,2,3,351.75,389.00,dwell,432.59,324.54,103.39,0,179.132,8.116,179.861,-18.48,20.64,146.95,-18.06,-8.26,173.17,54.034,55.047,-21.9730,7.5127,432.59,324.54,-24.0381,4.1065,,,0.22309,0
24.4103,9,11,2,3,351.75,389.00,dwell,383.37,354.42,46.86,1,179.166,8.130,179.845,-18.47,20.72,147.00,-18.13,-7.89,173.55,53.844,54.928,-23.2702,5.1794,383.37,354.42,-23.6925,4.5893,,,0.21832,0
24.5236,9,11,2,3,351.75,389.00,dwell,376.55,404.17,29.07,1,179.003,8.238,179.887,-18.33,20.60,147.26,-17.79,-7.77,173.57,53.830,54.871,-25.9612,4.8466,376.55,404.17,-24.7134,4.7051,,,0.23976,0
24.6135,9,11,2,3,351.75,389.00,dwell,357.00,462.06,73.25,1,178.881,8.174,179.860,-18.39,20.37,147.43,-17.67,-7.64,173.50,54.013,54.835,-28.4503,3.8964,357.00,462.06,-26.3950,4.3412,,,0.22822,0
24.7210,9,11,2,3,351.75,389.00,dwell,330.14,403.83,26.21,1,178.775,8.179,179.862,-18.41,20.53,147.31,-17.71,-8.93,173.96,54.462,54.703,-25.3774,3.1233,330.14,403.83,-25.9371,3.7931,,,0.23583,0
24.8432,9,11,2,3,351.75,389.00,dwell,364.11,372.32,20.76,1,178.934,8.135,179.865,-18.44,20.55,147.25,-17.53,-7.82,173.30,54.073,54.343,-24.2805,4.1981,364.11,372.32,-25.1916,3.9753,,,0.23984,0
24.9332,9,11,2,3,351.75,389.00,dwell,354.95,347.79,41.33,1,178.967,8.224,179.847,-18.48,20.45,147.27,-18.13,-7.90,173.41,54.027,54.494,-23.6506,4.2348,354.95,347.79,-24.4982,4.0921,,,0.23404,0
25.0282,9,11,2,3,351.75,389.00,dwell,306.80,374.42,47.26,1,178.895,8.197,179.809,-18.49,20.49,147.41,-18.26,-7.46,173.49,54.208,54.584,-24.4836,1.3721,306.80,374.42,-24.4916,2.8681,,,0.21577,0
25.1113,9,11,2,3,351.75,389.00,capture,359.09,414.08,26.13,1,178.991,8.320,179.811,-18.50,20.57,147.46,-17.63,-8.04,173.81,54.365,54.472,-25.4142,3.3628,359.09,414.08,-24.9068,3.0907,,,0.23572,0
25.2276,9,11,2,3,351.75,389.00,capture,341.28,356.79,33.87,1,179.062,8.299,179.834,-18.55,20.55,147.48,-18.41,-8.39,173.73,54.504,54.379,-23.3326,3.6194,341.28,356.79,-24.1984,3.3286,,,0.22612,0
25.3261,9,11,2,3,351.75,389.00,capture,354.80,353.59,35.54,1,179.004,8.181,179.779,-18.68,20.67,147.68,-18.31,-8.20,174.09,54.804,54.260,-23.6858,3.0587,354.80,353.59,-23.9677,3.2072,,,0.25597,0
25.4273,9,11,2,3,351.75,389.00,capture,326.96,382.51,25.63,1,179.010,8.153,179.815,-18.54,20.66,147.50,-17.98,-7.54,173.93,54.533,54.251,-24.6838,2.3144,326.96,382.51,-24.2900,2.8054,,,0.20789,0
25.5164,9,11,2,3,351.75,389.00,capture,339.93,395.05,13.28,1,178.923,8.143,179.803,-18.58,20.61,147.09,-17.41,-6.44,173.12,54.124,54.358,-24.6648,3.6646,339.93,395.05,-24.4586,3.1920,,,0.21682,0
25.6132,9,11,2,3,351.75,389.00,capture,337.91,345.10,46.03,1,178.980,8.070,179.789,-18.49,20.61,147.19,-18.16,-8.21,173.16,53.965,54.700,-23.3899,2.3404,337.91,345.10,-23.9777,2.8088,,,0.23349,0
25.7299,9,11,2,3,351.75,389.00,capture,301.86,364.10,55.76,1,178.936,8.177,179.765,-18.66,20.56,147.36,-18.03,-7.47,173.35,53.906,54.084,-23.3408,1.5052,301.86,364.10,-23.6911,2.2222,,,0.20676,0
25.8331,9,11,2,3,351.75,389.00,capture,343.86,341.55,48.10,1,178.918,8.067,179.768,-18.72,20.47,147.38,-18.31,-7.91,173.40,54.430,54.243,-23.3945,2.8106,343.86,341.55,-23.5576,2.4870,,,0.24093,0
25.9272,9,11,2,3,351.75,389.00,capture,351.52,353.39,35.61,1,178.722,8.133,179.806,-18.73,20.65,147.55,-18.47,-8.13,173.19,54.256,53.863,-23.5462,3.1425,351.52,353.39,-23.5525,2.7820,,,0.24139,0
26.0181,9,11,2,3,351.75,389.00,capture,362.88,365.97,25.58,1,178.764,8.096,179.798,-18.65,20.51,147.49,-18.21,-8.31,173.43,54.185,53.951,-23.7113,4.4807,362.88,365.97,-23.6240,3.5464,,,0.22058,0
26.1207,9,11,2,3,351.75,389.00,capture,347.32,360.32,29.02,1,178.734,8.240,179.807,-18.64,20.60,147.34,-18.37,-7.52,173.74,53.903,53.673,-23.8560,3.2969,347.32,360.32,-23.7284,3.4341,,,0.24692,0
26.2162,9,11,2,3,351.75,389.00,capture,343.27,355.97,34.10,1,178.704,8.223,179.810,-18.68,20.56,147.42,-18.00,-8.27,173.66,53.896,53.545,-23.8095,3.3188,343.27,355.97,-23.7649,3.3822,,,0.22463,0
26.3290,9,11,2,3,351.75,389.00,capture,354.03,391.47,3.36,1,178.664,8.091,179.830,-18.60,20.71,147.43,-18.45,-6.61,173.04,53.837,53.608,-24.6553,3.5192,354.03,391.47,-24.1655,3.4439,,,0.19959,0
26.4386,9,11,2,3,351.75,389.00,capture,343.52,379.83,12.32,1,178.826,8.062,179.836,-18.43,20.69,147.35,-18.38,-7.86,173.81,53.861,54.248,-24.7325,2.2047,343.52,379.83,-24.4207,2.8862,,,0.25269,0
26.5343,9,11,2,3,351.75,389.00,capture,348.75,349.92,39.19,1,178.843,8.155,179.853,-18.38,20.92,147.50,-17.68,-7.73,173.80,53.639,54.239,-23.8691,2.9754,348.75,349.92,-24.1725,2.9264,,,0.21331,0
26.6307,9,11,2,3,351.75,389.00,capture,336.08,360.11,32.87,1,178.855,8.178,179.838,-18.22,20.97,147.34,-17.46,-6.77,173.48,53.565,54.219,-23.1313,2.3508,336.08,360.11,-23.7039,2.6674,,,0.21552,0
26.7155,9,11,2,3,351.75,389.00,capture,331.47,340.83,52.26,1,178.821,8.097,179.827,-18.27,21.19,147.34,-17.64,-7.64,173.54,53.544,53.962,-23.0838,1.9403,331.47,340.83,-23.4249,2.3402,,,0.21958,0
26.8076,9,11,2,3,351.75,389.00,capture,362.25,355.63,34.98,1,178.882,8.074,179.821,-18.28,21.21,147.13,-17.65,-7.25,173.36,53.517,54.110,-23.2752,4.4369,362.25,355.63,-23.3575,3.2837,,,0.20921,0
26.8933,9,11,2,3,351.75,389.00,capture,373.48,347.82,46.56,1,178.910,8.133,179.805,-18.18,20.99,147.08,-17.84,-8.13,173.74,53.049,54.121,-22.7528,4.7564,373.48,347.82,-23.0854,3.9464,,,0.16860,0
26.9806,9,11,2,3,351.75,389.00,capture,358.73,364.75,25.23,1,178.942,8.060,179.799,-18.14,20.92,147.11,-17.36,-8.16,173.12,52.850,53.950,-23.7545,3.9615,358.73,364.75,-23.3865,3.9532,,,0.18554,0
27.1954,10,14,3,2,251.25,544.60,dwell,304.28,401.24,152.85,0,178.968,8.172,179.791,-18.01,20.84,147.01,-17.36,-7.55,173.32,52.874,54.162,-25.4265,0.6665,304.28,401.24,-25.4265,0.6665,,,0.17475,0
27.2858,10,14,3,2,251.25,544.60,dwell,222.13,540.27,29.44,1,178.964,8.238,179.813,-18.07,20.53,147.23,-17.22,-7.79,173.69,53.065,53.787,-31.2557,-2.4154,222.13,540.27,-28.0497,-0.7203,,,0.20007,0
27.4143,10,14,3,2,251.25,544.60,dwell,293.67,472.12,83.98,1,178.949,8.219,179.819,-18.00,20.52,147.30,-16.91,-8.32,173.57,53.219,54.417,-28.3736,0.4620,293.67,472.12,-28.1954,-0.1883,,,0.20269,0
27.5194,10,14,3,2,251.25,544.60,dwell,298.41,437.94,116.62,0,178.937,8.276,179.808,-18.01,20.49,147.29,-16.93,-7.78,173.44,53.418,54.105,-27.0491,0.9911,298.41,437.94,-27.6796,0.3424,,,0.19556,0
27.6093,10,14,3,2,251.25,544.60,dwell,225.98,505.70,46.39,1,178.863,8.355,179.817,-18.06,20.42,147.11,-17.48,-8.29,173.56,53.484,53.809,-29.8014,-2.1302,225.98,505.70,-28.6344,-0.7703,,,0.22880,0
27.7059,10,14,3,2,251.25,544.60,dwell,243.06,475.61,69.47,1,178.844,8.274,179.811,-18.09,20.30,147.01,-17.85,-8.53,172.99,53.629,54.055,-27.9345,-1.9202,243.06,475.61,-28.3194,-1.2877,,,0.20119,0
27.8131,10,14,3,2,251.25,544.60,dwell,254.17,526.21,18.62,1,178.803,8.249,179.766,-18.12,20.45,147.06,-17.47,-7.61,173.14,53.345,54.360,-30.0592,-1.2330,254.17,526.21,-29.1023,-1.2631,,,0.18605,0
27.9063,10,14,3,2,251.25,544.60,dwell,240.40,519.79,27.08,1,178.675,8.262,179.781,-18.09,20.39,147.01,-17.90,-7.61,173.04,53.577,54.403,-29.2830,-2.0108,240.40,519.79,-29.1836,-1.5996,,,0.21726,0
27.9999,10,14,3,2,251.25,544.60,capture,231.17,525.56,27.67,1,178.615,8.296,179.796,-18.05,20.65,147.01,-17.97,-7.26,173.35,53.847,54.106,-30.5094,-1.6847,231.17,525.56,-29.7802,-1.6379,,,0.21252,0
28.1103,10,14,3,2,251.25,544.60,capture,235.81,509.45,38.39,1,178.798,8.307,179.767,-18.07,20.69,147.38,-17.80,-7.49,173.70,54.027,54.449,-29.2333,-1.2080,235.81,509.45,-29.5341,-1.4445,,,0.23985,0
28.2214,10,14,3,2,251.25,544.60,capture,240.32,535.42,14.27,1,178.734,8.316,179.806,-17.97,20.51,147.20,-17.13,-8.88,173.87,53.891,54.442,-30.4270,-1.6453,240.32,535.42,-29.9359,-1.5348,,,0.21975,0
28.3217,10,14,3,2,251.25,544.60,capture,227.20,544.46,24.05,1,178.741,8.431,179.795,-17.83,20.53,147.29,-17.55,-7.97,173.69,54.092,54.555,-30.4372,-1.8514,227.20,544.46,-30.1615,-1.6773,,,0.21971,0
28.4344,10,14,3,2,251.25,544.60,capture,216.54,547.03,34.79,1,178.826,8.466,179.802,-17.99,20.58,147.38,-17.36,-7.46,173.20,54.104,54.566,-31.7980,-2.7583,216.54,547.03,-30.8979,-2.1637,,,0.22282,0
28.5323,10,14,3,2,251.25,544.60,capture,241.40,513.05,33.05,1,178.886,8.378,179.837,-18.07,20.35,147.58,-17.81,-7.97,173.92,54.051,54.769,-30.4512,-2.0283,241.40,513.05,-30.6969,-2.1028,,,0.20463,0
28.6236,10,14,3,2,251.25,544.60,capture,209.40,502.08,59.66,1,178.851,8.364,179.861,-18.07,20.37,147.78,-17.78,-8.46,174.06,54.067,55.082,-29.3754,-2.1356,209.40,502.08,-30.1022,-2.1176,,,0.21219,0
28.7056,10,14,3,2,251.25,544.60,capture,213.05,521.53,44.63,1,178.885,8.243,179.866,-18.11,20.36,147.72,-17.90,-8.28,174.16,54.244,54.877,-30.2943,-2.8633,213.05,521.53,-30.1887,-2.4531,,,0.25129,0
28.8006,10,14,3,2,251.25,544.60,capture,215.91,527.47,39.27,1,178.988,8.289,179.870,-18.04,20.35,147.51,-17.62,-7.93,173.25,54.102,54.470,-30.9026,-3.0059,215.91,527.47,-30.5099,-2.7019,,,0.22062,0
28.9090,10,14,3,2,251.25,544.60,capture,249.49,525.32,19.36,1,178.935,8.253,179.851,-18.05,20.33,147.66,-16.93,-8.81,173.78,54.231,54.288,-30.2511,-1.3520,249.49,525.32,-30.3935,-2.0944,,,0.21367,0
28.9946,10,14,3,2,251.25,544.60,capture,216.08,558.05,37.65,1,178.999,8.361,179.830,-18.10,20.31,147.97,-17.59,-7.62,174.44,54.262,54.270,-31.8239,-2.9880,216.08,558.05,-31.0371,-2.4965,,,0.22089,0
29.0992,10,14,3,2,251.25,544.60,capture,237.72,553.44,16.16,1,179.014,8.505,179.855,-17.98,20.32,148.02,-17.24,-8.05,174.30,54.100,53.817,-32.5563,-2.1417,237.72,553.44,-31.7208,-2.3369,,,0.23688,0
29.1842,10,14,3,2,251.25,544.60,capture,230.39,526.40,27.68,1,179.121,8.421,179.834,-17.91,20.00,147.97,-17.59,-8.25,174.36,54.242,53.867,-30.5648,-2.2963,230.39,526.40,-31.2006,-2.3186,,,0.23468,0
29.2799,10,14,3,2,251.25,544.60,capture,232.50,545.56,18.77,1,179.085,8.479,179.849,-18.06,20.17,147.95,-17.43,-9.03,174.15,54.308,54.030,-31.0717,-1.7894,232.50,545.56,-31.1426,-2.0805,,,0.21751,0
29.3619,10,14,3,2,251.25,544.60,capture,236.03,553.79,17.78,1,178.874,8.331,179.857,-18.09,20.38,147.80,-17.38,-8.34,174.30,54.685,54.197,-31.2688,-2.2702,236.03,553.79,-31.1994,-2.1658,,,0.23598,0
29.4837,10,14,3,2,251.25,544.60,capture,231.81,540.72,19.82,1,178.896,8.222,179.886,-18.11,20.40,147.75,-17.81,-8.00,174.27,54.817,54.554,-30.9129,-1.7883,231.81,540.72,-31.0705,-1.9960,,,0.23622,0
29.6065,10,14,3,2,251.25,544.60,capture,225.00,532.93,28.73,1,178.995,8.231,179.861,-18.13,20.51,147.85,-18.05,-7.83,174.71,54.427,54.362,-30.3804,-3.2194,225.00,532.93,-30.7599,-2.5465,,,0.23778,0
29.7024,10,14,3,2,251.25,544.60,capture,222.22,540.19,29.36,1,178.897,8.114,179.852,-18.22,20.57,147.52,-17.48,-7.70,173.74,54.371,54.118,-29.7357,-3.0622,222.22,540.19,-30.2990,-2.7786,,,0.23572,0
29.8067,10,14,3,2,251.25,544.60,capture,222.20,535.36,30.48,1,178.761,8.157,179.844,-18.23,20.63,147.60,-18.47,-7.88,173.73,54.779,54.096,-29.9401,-2.1892,222.20,535.36,-30.1375,-2.5134,,,0.21160,0
29.8915,10,14,3,2,251.25,544.60,capture,226.16,542.58,25.17,1,178.796,8.253,179.855,-18.19,20.78,147.50,-17.78,-8.59,173.32,54.869,53.622,-31.6787,-2.8226,226.16,542.58,-30.8311,-2.6525,,,0.26485,0
30.0830,11,7,1,3,351.75,233.40,dwell,277.35,348.89,137.38,0,178.741,8.231,179.823,-18.21,20.76,147.48,-17.64,-7.56,173.70,54.907,53.672,-23.4852,0.3077,277.35,348.89,-23.4852,0.3077,,,0.24745,0
30.1650,11,7,1,3,351.75,233.40,dwell,300.37,388.28,163.18,0,178.669,8.255,179.835,-18.21,20.80,147.32,-18.69,-8.36,173.66,54.969,53.527,-25.3035,1.3495,300.37,388.28,-24.3035,0.7765,,,0.25724,0
30.2621,11,7,1,3,351.75,233.40,dwell,184.28,518.13,330.33,0,178.791,8.367,179.817,-18.16,20.59,147.28,-17.51,-7.63,173.77,54.933,53.583,-30.2582,-4.7204,184.28,518.13,-26.9831,-1.6971,,,0.23213,0
30.3833,11,7,1,3,351.75,233.40,dwell,268.42,492.47,272.14,0,178.871,8.334,179.813,-18.17,20.61,147.19,-17.55,-7.72,173.73,54.473,53.487,-29.0497,0.3780,268.42,492.47,-27.9131,-0.7633,,,0.22405,0
30.4902,11,7,1,3,351.75,233.40,dwell,356.64,427.50,194.16,0,178.775,8.357,179.806,-18.18,20.48,147.17,-18.25,-7.69,173.47,54.233,53.484,-26.3839,3.3585,356.64,427.50,-27.2250,1.0915,,,0.24712,0
30.5842,11,7,1,3,351.75,233.40,dwell,357.08,404.48,171.16,0,178.810,8.375,179.812,-18.18,20.41,147.04,-18.13,-8.96,173.43,54.193,53.854,-26.2035,3.8518,357.08,404.48,-26.7653,2.3336,,,0.20648,0
30.6865,11,7,1,3,351.75,233.40,dwell,299.55,229.31,52.36,0,178.811,8.228,179.826,-18.09,20.51,146.85,-17.73,-8.21,173.20,54.405,54.000,-17.9075,1.5233,299.55,229.31,-22.7793,1.9690,,,0.22284,0
30.7795,11,7,1,3,351.75,233.40,dwell,373.38,345.21,113.88,0,178.738,8.296,179.832,-18.33,20.37,147.17,-17.89,-8.81,173.52,54.114,54.103,-22.7798,4.4785,373.38,345.21,-22.7795,3.0983,,,0.24862,0
30.8854,11,7,1,3,351.75,233.40,capture,368.92,315.78,84.15,0,178.687,8.153,179.837,-18.22,20.36,147.11,-17.57,-7.67,173.69,54.219,53.782,-21.5166,4.1060,368.92,315.78,-22.2112,3.5517,,,0.25153,0
30.9809,11,7,1,3,351.75,233.40,capture,349.26,331.16,97.79,0,178.638,8.141,179.860,-18.25,20.31,146.90,-18.07,-8.38,173.13,54.267,54.016,-23.4765,3.9892,349.26,331.16,-22.7806,3.7486,,,0.22062,0
31.0629,11,7,1,3,351.75,233.40,capture,345.11,301.60,68.52,1,178.512,8.099,179.873,-18.08,20.25,146.78,-18.01,-7.57,172.33,53.633,54.226,-21.1997,3.1505,345.11,301.60,-22.0692,3.4794,,,0.21652,0
31.1605,11,7,1,3,351.75,233.40,capture,361.79,324.06,91.21,0,178.477,7.995,179.877,-18.07,20.32,146.87,-17.92,-7.47,173.04,53.484,54.104,-22.6695,4.0317,361.79,324.06,-22.3393,3.7279,,,0.19483,0
31.2677,11,7,1,3,351.75,233.40,capture,354.92,344.77,111.42,0,178.433,7.821,179.856,-18.06,20.43,146.90,-17.57,-8.71,172.83,53.255,53.714,-23.0382,4.1960,354.92,344.77,-22.6538,3.9386,,,0.21366,0
31.3659,11,7,1,3,351.75,233.40,capture,350.73,315.58,82.19,0,178.510,7.886,179.855,-18.09,20.62,146.95,-17.51,-7.41,172.88,53.402,53.843,-22.2716,3.3432,350.73,315.58,-22.4818,3.6706,,,0.20526,0
31.4479,11,7,1,3,351.75,233.40,capture,377.39,333.29,103.13,0,178.566,7.981,179.846,-18.09,20.66,146.99,-18.24,-7.93,173.39,53.261,53.487,-22.5116,4.9651,377.39,333.29,-22.4952,4.2531,,,0.19380,0
31.5510,11,7,1,3,351.75,233.40,capture,335.70,325.26,93.25,0,178.641,7.954,179.862,-17.97,20.58,147.01,-17.58,-7.31,173.24,53.089,54.065,-23.6105,2.9723,335.70,325.26,-22.9971,3.6768,,,0.17983,0
31.6521,11,7,1,3,351.75,233.40,capture,359.53,336.54,103.43,0,178.581,8.048,179.849,-17.88,20.51,146.77,-18.12,-8.07,172.95,53.475,53.695,-23.5209,3.9801,359.53,336.54,-23.2328,3.8133,,,0.19092,0
31.7586,11,7,1,3,351.75,233.40,capture,356.88,313.98,80.74,0,178.608,7.879,179.854,-17.70,20.50,146.71,-17.43,-7.51,172.44,53.931,53.984,-22.3363,4.0718,356.88,313.98,-22.8294,3.9296,,,0.21740,0
31.8690,11,7,1,3,351.75,233.40,capture,355.54,320.54,87.22,0,178.541,7.875,179.811,-17.80,20.61,146.98,-16.97,-8.03,173.64,53.393,53.748,-21.8725,3.7585,355.54,320.54,-22.3988,3.8526,,,0.21289,0
31.9657,11,7,1,3,351.75,233.40,capture,341.81,323.77,90.92,0,178.516,7.820,179.824,-17.78,20.62,147.22,-17.75,-7.98,173.34,53.864,53.753,-22.0902,2.9380,341.81,323.77,-22.2599,3.4410,,,0.21164,0
32.0779,11,7,1,3,351.75,233.40,capture,338.17,319.32,86.99,0,178.542,7.776,179.833,-17.93,20.80,147.34,-17.31,-7.83,173.67,53.792,53.714,-22.9893,3.0761,338.17,319.32,-22.5881,3.2768,,,0.23973,0
32.1692,11,7,1,3,351.75,233.40,capture,322.18,294.30,67.70,1,178.716,7.855,179.810,-18.05,20.71,147.13,-17.82,-9.02,173.10,53.948,53.520,-20.8569,1.8839,322.18,294.30,-21.8091,2.6500,,,0.21281,0
32.2691,11,7,1,3,351.75,233.40,capture,360.33,294.46,61.66,1,178.695,7.732,179.794,-18.09,20.72,147.18,-17.18,-8.28,173.68,54.206,53.647,-22.1398,4.1211,360.33,294.46,-21.9579,3.3120,,,0.22927,0
32.3585,11,7,1,3,351.75,233.40,capture,346.75,301.53,68.31,1,178.738,7.946,179.829,-18.07,20.82,147.13,-18.07,-7.75,173.56,54.166,53.540,-22.1948,3.6268,346.75,301.53,-22.0645,3.4537,,,0.21296,0
32.4776,11,7,1,3,351.75,233.40,capture,354.69,320.19,86.84,0,178.693,7.938,179.815,-18.06,20.87,147.49,-17.92,-7.92,173.20,54.098,53.531,-22.7464,2.7891,354.69,320.19,-22.3714,3.1546,,,0.22181,0
32.5743,11,7,1,3,351.75,233.40,capture,367.37,308.84,77.04,1,178.624,7.946,179.845,-17.97,20.79,147.53,-17.66,-8.17,173.59,54.017,53.463,-21.8582,4.0283,367.37,308.84,-22.1404,3.5478,,,0.22096,0
32.6795,11,7,1,3,351.75,233.40,capture,364.15,298.50,66.27,1,178.661,8.040,179.820,-18.06,20.72,147.40,-17.85,-7.77,174.03,54.083,53.713,-21.1429,4.0766,364.15,298.50,-21.6915,3.7858,,,0.22499,0
32.7967,11,7,1,3,351.75,233.40,capture,333.19,309.36,78.19,1,178.765,7.961,179.815,-18.12,20.54,147.64,-17.83,-7.88,173.97,54.224,53.925,-21.5376,2.6170,333.19,309.36,-21.6223,3.2598,,,0.22076,0
32.9854,12,8,2,0,50.25,389.00,dwell,256.31,466.08,220.00,0,178.767,7.832,179.819,-18.16,20.74,147.66,-17.34,-6.88,174.17,54.250,53.803,-28.9311,-1.0851,256.31,466.08,-28.9311,-1.0851,,,0.21677,0
33.1006,12,8,2,0,50.25,389.00,dwell,187.44,380.91,137.43,0,178.738,7.880,179.793,-18.06,20.72,147.74,-18.32,-8.44,174.25,53.936,54.010,-24.9269,-4.5522,187.44,380.91,-27.1292,-2.6453,,,0.24604,0
33.2064,12,8,2,0,50.25,389.00,dwell,185.43,318.69,152.37,0,178.607,7.850,179.785,-18.23,20.75,147.37,-17.07,-8.37,173.46,53.531,53.670,-21.3652,-3.9110,185.43,318.69,-24.5354,-3.2149,,,0.22205,0
33.3176,12,8,2,0,50.25,389.00,dwell,141.98,488.17,135.09,0,178.605,7.907,179.755,-18.22,20.87,147.39,-18.03,-7.98,173.68,53.590,53.817,-27.9295,-6.3476,141.98,488.17,-26.0627,-4.6246,,,0.19523,0
33.4222,12,8,2,0,50.25,389.00,dwell,99.85,346.34,65.42,1,178.718,7.882,179.769,-18.22,20.91,147.33,-17.49,-7.31,173.29,53.688,54.149,-23.1379,-8.4687,99.85,346.34,-24.7466,-6.3544,,,0.19456,0
33.5144,12,8,2,0,50.25,389.00,dwell,117.71,371.87,69.60,0,178.631,7.657,179.787,-18.13,20.80,147.36,-17.72,-7.78,173.22,53.564,54.532,-23.7256,-7.4458,117.71,371.87,-24.2871,-6.8456,,,0.20506,0
33.6307,12,8,2,0,50.25,389.00,dwell,63.80,335.08,55.60,1,178.714,7.684,179.816,-18.28,20.74,147.48,-17.96,-6.95,173.57,53.644,54.436,-22.8196,-9.5754,63.80,335.08,-23.6267,-8.0740,,,0.21829,0
33.7178,12,8,2,0,50.25,389.00,dwell,53.80,436.50,47.63,1,178.654,7.754,179.810,-18.36,20.76,147.47,-18.11,-7.77,174.18,53.429,54.636,-26.9508,-10.7822,53.80,436.50,-25.1226,-9.2927,,,0.19421,0
33.8309,12,8,2,0,50.25,389.00,dwell,39.29,383.70,12.17,1,178.610,7.870,179.818,-18.34,20.76,147.49,-17.78,-7.32,173.60,53.288,54.154,-24.5389,-10.7624,39.29,383.70,-24.8599,-9.9540,,,0.21936,0
33.9316,12,8,2,0,50.25,389.00,capture,-31.06,359.51,86.49,0,178.722,7.788,179.807,-18.30,20.92,147.60,-17.35,-7.55,174.13,53.528,54.366,-24.9323,-14.7533,-31.06,359.51,-24.8925,-12.1137,,,0.19475,0
34.0361,12,8,2,0,50.25,389.00,capture,-29.89,394.53,80.33,0,178.875,7.761,179.800,-18.29,20.73,147.65,-18.26,-7.01,174.08,53.347,54.191,-25.7548,-13.6256,-29.89,394.53,-25.2805,-12.7940,,,0.19360,0
34.1452,12,8,2,0,50.25,389.00,capture,-21.67,377.89,72.77,0,178.936,7.960,179.837,-18.38,20.66,147.49,-18.37,-7.94,173.43,53.509,53.931,-23.9348,-14.4093,-21.67,377.89,-24.6750,-13.5209,,,0.19244,0
34.2496,12,8,2,0,50.25,389.00,capture,-1.12,391.22,51.42,0,178.857,7.958,179.812,-18.28,20.79,147.13,-17.43,-6.95,173.54,53.657,54.024,-25.3827,-12.8467,-1.12,391.22,-24.9934,-13.2175,,,0.21665,0
34.3495,12,8,2,0,50.25,389.00,capture,2.24,361.84,55.16,1,178.690,7.822,179.814,-18.29,20.81,147.05,-18.02,-7.99,172.51,53.721,54.003,-23.7029,-13.2561,2.24,361.84,-24.4127,-13.2349,,,0.21801,0
34.4322,12,8,2,0,50.25,389.00,capture,8.10,378.38,43.47,1,178.621,8.029,179.806,-18.33,20.73,147.11,-18.48,-7.71,172.88,53.889,54.487,-24.2629,-12.5009,8.10,378.38,-24.3453,-12.9046,,,0.21351,0
34.5251,12,8,2,0,50.25,389.00,capture,-19.93,365.15,74.12,0,178.449,8.222,179.807,-18.44,20.73,147.02,-17.89,-7.91,173.31,53.904,54.699,-23.4972,-13.5830,-19.93,365.15,-23.9637,-13.2098,,,0.22365,0
34.6114,12,8,2,0,50.25,389.00,capture,4.71,376.69,47.17,1,178.543,8.163,179.820,-18.31,20.61,147.18,-17.69,-8.01,173.68,53.735,54.595,-24.8863,-12.7871,4.71,376.69,-24.3788,-13.0196,,,0.22725,0
34.7271,12,8,2,0,50.25,389.00,capture,-14.58,393.85,65.01,0,178.666,8.172,179.827,-18.17,20.56,147.15,-16.94,-7.64,173.20,53.588,54.913,-25.3357,-13.6735,-14.58,393.85,-24.8094,-13.3138,,,0.18840,0
34.8235,12,8,2,0,50.25,389.00,capture,-28.05,402.22,79.41,0,178.573,8.189,179.819,-18.16,20.59,147.24,-17.74,-8.27,173.50,53.586,54.626,-25.4892,-14.7864,-28.05,402.22,-25.1153,-13.9765,,,0.19987,0
34.9276,12,8,2,0,50.25,389.00,capture,1.50,383.57,49.05,1,178.496,8.239,179.847,-18.10,20.75,147.14,-17.80,-8.27,173.00,53.795,54.377,-24.0229,-12.1315,1.50,383.57,-24.6238,-13.1463,,,0.20293,0
35.0314,12,8,2,0,50.25,389.00,capture,-1.97,357.16,61.16,0,178.485,8.254,179.851,-18.11,20.67,147.11,-18.17,-7.95,173.49,53.664,54.627,-22.9686,-13.1250,-1.97,357.16,-23.8790,-13.1367,,,0.22170,0
35.1191,12,8,2,0,50.25,389.00,capture,-20.70,405.76,72.90,0,178.535,8.311,179.850,-18.09,20.75,146.99,-17.58,-7.21,172.88,53.472,54.175,-25.5717,-13.6815,-20.70,405.76,-24.6407,-13.3818,,,0.24615,0
35.2305,12,8,2,0,50.25,389.00,capture,-15.78,413.95,70.59,0,178.571,8.382,179.820,-18.15,20.89,147.21,-17.88,-8.55,173.75,53.547,54.401,-26.0752,-14.0014,-15.78,413.95,-25.2862,-13.6606,,,0.19762,0
35.3236,12,8,2,0,50.25,389.00,capture,-17.99,396.80,68.68,0,178.613,8.209,179.831,-18.21,21.00,147.33,-17.73,-7.93,173.76,53.835,54.359,-26.0917,-13.9199,-17.99,396.80,-25.6487,-13.7773,,,0.21686,0
35.4410,12,8,2,0,50.25,389.00,capture,-43.77,401.58,94.86,0,178.691,8.126,179.840,-18.17,20.83,147.21,-17.82,-6.60,173.69,54.065,54.272,-24.8926,-14.7116,-43.77,401.58,-25.3084,-14.1977,,,0.24115,0
35.5329,12,8,2,0,50.25,389.00,capture,-16.19,368.83,69.43,0,178.719,8.157,179.814,-18.15,20.77,147.06,-18.45,-7.91,173.32,54.447,54.316,-23.8102,-13.2454,-16.19,368.83,-24.6342,-13.7692,,,0.24123,0
35.6166,12,8,2,0,50.25,389.00,capture,-45.04,378.14,95.91,0,178.727,8.201,179.778,-18.29,20.86,147.01,-16.90,-7.58,172.65,53.917,54.110,-24.6992,-15.0760,-45.04,378.14,-24.6635,-14.3572,,,0.23225,0
35.7188,12,8,2,0,50.25,389.00,capture,-20.18,378.51,71.21,0,178.741,8.233,179.835,-18.31,20.72,147.16,-17.53,-7.70,173.23,53.732,54.312,-23.7813,-13.9158,-20.18,378.51,-24.2665,-14.1586,,,0.20636,0
35.8245,12,8,2,0,50.25,389.00,capture,-21.98,378.38,73.01,0,178.720,8.177,179.822,-18.32,20.72,147.06,-19.03,-7.65,173.55,54.113,54.579,-24.1325,-13.5754,-21.98,378.38,-24.2062,-13.8962,,,0.21044,0
35.9264,12,8,2,0,50.25,389.00,capture,-38.12,386.60,88.40,0,178.845,8.322,179.825,-18.32,20.67,147.17,-17.95,-7.34,173.68,53.889,54.750,-24.7915,-14.4487,-38.12,386.60,-24.4696,-14.1448,,,0.23065,0
36.1554,13,19,4,3,351.75,700.20,dwell,90.87,397.79,399.39,0,178.928,8.450,179.815,-18.25,20.62,147.04,-17.86,-7.78,173.13,53.847,54.623,-24.1614,-8.6989,90.87,397.79,-24.1614,-8.6989,,,0.18659,0
36.2854,13,19,4,3,351.75,700.20,dwell,58.76,521.45,343.21,0,178.943,8.323,179.844,-18.18,20.72,147.32,-17.50,-6.89,173.57,54.179,54.734,-29.6382,-10.8626,58.76,521.45,-26.6260,-9.6726,,,0.23244,0
36.3926,13,19,4,3,351.75,700.20,dwell,217.54,437.72,294.80,0,179.035,8.325,179.835,-18.17,20.77,147.42,-17.80,-7.08,173.78,54.410,55.061,-27.4140,-2.7992,217.54,437.72,-26.9806,-6.5795,,,0.22628,0
36.4992,13,19,4,3,351.75,700.20,dwell,226.91,465.15,266.15,0,178.918,8.357,179.842,-18.22,20.70,147.50,-17.93,-8.14,173.88,54.500,55.496,-27.5722,-1.4194,226.91,465.15,-27.2468,-4.2575,,,0.23946,0
36.6027,13,19,4,3,351.75,700.20,dwell,172.99,580.33,215.23,0,178.832,8.385,179.837,-18.28,20.69,147.77,-17.62,-8.06,174.41,54.509,54.976,-32.2249,-5.0783,172.99,580.33,-29.4869,-4.6269,,,0.23410,0
36.7152,13,19,4,3,351.75,700.20,dwell,234.12,625.60,139.29,0,178.973,8.448,179.833,-18.26,20.89,147.62,-18.12,-7.55,173.73,54.225,54.959,-34.0146,-2.1152,234.12,625.60,-31.5244,-3.4966,,,0.27075,0
36.8183,13,19,4,3,351.75,700.20,dwell,202.06,567.11,200.30,0,178.851,8.489,179.797,-18.18,20.91,147.65,-17.15,-7.63,173.71,54.334,54.821,-32.1588,-3.3124,202.06,567.11,-31.8099,-3.4137,,,0.25840,0
36.9003,13,19,4,3,351.75,700.20,dwell,288.59,524.22,186.97,0,179.024,8.569,179.793,-18.28,20.99,147.55,-17.66,-7.58,173.40,54.169,54.834,-29.6800,0.5714,288.59,524.22,-30.8514,-1.6204,,,0.22599,0
36.9889,13,19,4,3,351.75,700.20,dwell,310.20,565.34,141.12,0,178.898,8.592,179.794,-18.30,20.82,147.49,-17.60,-7.93,173.42,53.719,54.841,-32.0868,2.1159,310.20,565.34,-31.4074,0.0609,,,0.23548,0
37.0740,13,19,4,3,351.75,700.20,dwell,321.69,577.60,126.23,0,178.839,8.591,179.828,-18.19,20.73,147.43,-18.22,-7.82,173.87,53.696,54.595,-31.7004,2.3462,321.69,577.60,-31.5392,1.0893,,,0.20772,0
37.1670,13,19,4,3,351.75,700.20,dwell,368.57,653.02,50.09,1,178.803,8.581,179.826,-18.17,20.90,147.49,-17.48,-7.19,173.95,54.047,54.502,-35.2204,3.8785,368.57,653.02,-33.1958,2.3444,,,0.23949,0
37.2681,13,19,4,3,351.75,700.20,capture,398.31,656.14,64.10,1,178.905,8.597,179.785,-18.19,21.00,147.17,-17.93,-8.19,173.68,54.155,54.734,-35.2601,5.8208,398.31,656.14,-34.1247,3.9088,,,0.22184,0
37.3589,13,19,4,3,351.75,700.20,capture,405.66,661.08,66.61,0,178.829,8.591,179.820,-18.23,20.80,147.21,-17.73,-7.37,173.18,54.222,54.526,-35.9507,5.7854,405.66,661.08,-34.9464,4.7533,,,0.22056,0
37.4753,13,19,4,3,351.75,700.20,capture,371.23,655.80,48.49,1,178.872,8.436,179.811,-18.32,20.85,147.16,-18.12,-7.32,173.25,54.056,54.566,-35.5037,4.0433,371.23,655.80,-35.1972,4.4338,,,0.19542,0
37.5935,13,19,4,3,351.75,700.20,capture,369.34,676.41,29.59,1,178.852,8.563,179.791,-18.18,20.83,147.21,-17.97,-6.80,173.23,53.782,54.256,-36.0590,4.4583,369.34,676.41,-35.5850,4.4448,,,0.21265,0
37.7081,13,19,4,3,351.75,700.20,capture,373.35,658.27,47.17,1,178.812,8.675,179.825,-18.19,20.83,147.27,-17.11,-7.13,173.71,53.670,54.395,-35.3330,4.2136,373.35,658.27,-35.4716,4.3408,,,0.21079,0
37.7973,13,19,4,3,351.75,700.20,capture,366.06,666.04,37.04,1,178.913,8.851,179.815,-18.17,20.91,147.33,-17.53,-7.24,173.64,53.522,54.353,-35.0568,4.1334,366.06,666.04,-35.2849,4.2475,,,0.21922,0
37.8793,13,19,4,3,351.75,700.20,capture,387.55,689.59,37.34,1,178.946,8.745,179.799,-18.23,20.80,147.43,-17.51,-8.51,173.57,53.524,54.206,-36.2690,5.0872,387.55,689.59,-35.7277,4.6254,,,0.21043,0
37.9623,13,19,4,3,351.75,700.20,capture,408.22,671.33,63.42,0,179.051,8.739,179.794,-18.27,20.76,147.19,-18.26,-7.91,173.31,53.679,54.269,-36.8384,5.6198,408.22,671.33,-36.2275,5.0729,,,0.22434,0
38.0618,13,19,4,3,351.75,700.20,capture,378.28,677.68,34.80,1,179.142,8.743,179.815,-18.32,20.72,146.91,-17.59,-8.20,173.20,53.899,54.159,-36.5892,4.5451,378.28,677.68,-36.3903,4.8354,,,0.19530,0
38.1768,13,19,4,3,351.75,700.20,capture,366.77,656.70,46.02,1,179.139,8.768,179.807,-18.27,20.71,147.06,-18.11,-7.49,173.23,54.063,53.747,-36.1915,4.7763,366.77,656.70,-36.3008,4.8088,,,0.23891,0
38.2624,13,19,4,3,351.75,700.20,capture,396.89,660.37,60.20,1,179.202,8.760,179.806,-18.16,20.86,147.10,-17.39,-7.55,173.52,53.872,54.195,-35.3720,5.5817,396.89,660.37,-35.8829,5.1566,,,0.23759,0
38.3667,13,19,4,3,351.75,700.20,capture,380.64,656.18,52.65,1,179.120,8.604,179.801,-18.08,20.85,147.56,-17.68,-7.95,174.10,53.761,54.043,-35.3055,5.0293,380.64,656.18,-35.6231,5.0993,,,0.18877,0
38.4487,13,19,4,3,351.75,700.20,capture,388.01,673.52,45.02,1,179.212,8.691,179.820,-18.19,20.94,147.33,-17.76,-7.28,173.55,53.603,54.105,-36.7418,4.8057,388.01,673.52,-36.1265,4.9672,,,0.22375,0
38.5454,13,19,4,3,351.75,700.20,capture,375.51,656.21,50.00,1,179.039,8.768,179.817,-18.30,20.84,147.53,-17.71,-7.67,173.56,53.775,54.526,-35.6432,4.6612,375.51,656.21,-35.9090,4.8295,,,0.22913,0
38.6285,13,19,4,3,351.75,700.20,capture,383.95,679.57,38.24,1,179.041,8.790,179.826,-18.24,20.94,147.68,-17.16,-7.38,174.35,53.492,54.781,-36.5374,5.4152,383.95,679.57,-36.1918,5.0931,,,0.22095,0
38.7159,13,19,4,3,351.75,700.20,capture,367.95,668.17,35.89,1,179.057,8.785,179.833,-18.37,20.99,147.52,-18.56,-8.05,173.41,53.958,54.591,-35.2855,4.6493,367.95,668.17,-35.7840,4.8934,,,0.23367,0
38.8356,13,19,4,3,351.75,700.20,capture,360.69,674.77,26.96,1,179.076,8.802,179.834,-18.42,20.89,147.47,-18.33,-7.56,173.92,53.751,53.861,-35.8732,3.7996,360.69,674.77,-35.8241,4.4012,,,0.21220,0
38.9593,13,19,4,3,351.75,700.20,capture,358.52,672.28,28.73,1,178.946,8.729,179.831,-18.36,20.92,147.53,-17.85,-7.50,173.46,53.978,53.908,-35.8761,3.7294,358.52,672.28,-35.8475,4.0989,,,0.20284,0
39.0500,13,19,4,3,351.75,700.20,capture,367.23,663.90,39.46,1,178.971,8.783,179.853,-18.31,20.62,147.43,-17.69,-7.90,173.71,53.939,53.428,-36.1379,4.0280,367.23,663.90,-35.9782,4.0670,,,0.23029,0
39.1320,13,19,4,3,351.75,700.20,capture,367.03,635.17,66.80,1,178.974,8.845,179.832,-18.40,20.56,147.49,-17.91,-7.67,173.98,53.510,53.480,-33.9430,4.4224,367.03,635.17,-35.0623,4.2269,,,0.19095,0
39.3279,14,13,3,1,150.75,544.60,dwell,443.84,550.80,293.16,0,178.976,8.814,179.797,-18.35,20.70,147.68,-17.73,-7.67,174.00,53.141,53.481,-31.3344,7.2913,443.84,550.80,-31.3344,7.2913,,,0.20074,0
39.4269,14,13,3,1,150.75,544.60,dwell,334.86,701.07,241.62,0,178.997,8.764,179.792,-18.25,20.71,147.69,-17.92,-7.48,173.61,53.011,54.182,-37.2628,3.2552,334.86,701.07,-34.0022,5.4751,,,0.19764,0
39.5402,14,13,3,1,150.75,544.60,dwell,207.43,589.26,72.16,0,179.049,8.655,179.780,-18.14,20.67,147.72,-17.29,-7.32,173.68,53.404,54.185,-33.1668,-3.4041,207.43,589.26,-33.6262,1.4795,,,0.19488,0
39.6337,14,13,3,1,150.75,544.60,dwell,398.67,515.95,249.57,0,179.034,8.624,179.776,-18.15,20.88,147.78,-18.22,-7.66,174.08,53.663,54.329,-29.4430,6.1632,398.67,515.95,-31.7438,3.5871,,,0.19378,0
39.7294,14,13,3,1,150.75,544.60,dwell,280.07,625.31,152.44,0,179.183,8.498,179.804,-18.19,20.97,147.90,-17.84,-7.62,174.57,53.643,54.315,-34.4868,0.2218,280.07,625.31,-32.9781,2.0727,,,0.21757,0
39.8312,14,13,3,1,150.75,544.60,dwell,188.36,531.04,39.98,1,179.302,8.401,179.794,-18.21,21.00,147.67,-17.44,-7.32,173.92,53.650,54.379,-30.9952,-4.3538,188.36,531.04,-32.0858,-0.8192,,,0.20886,0
39.9363,14,13,3,1,150.75,544.60,dwell,182.43,483.25,69.05,1,179.092,8.344,179.813,-18.37,20.92,147.88,-18.29,-7.13,174.41,53.786,54.288,-28.4480,-3.9673,182.43,483.25,-30.4488,-2.2359,,,0.23181,0
40.0393,14,13,3,1,150.75,544.60,dwell,194.59,491.18,69.11,1,179.081,8.326,179.816,-18.39,20.80,147.92,-18.16,-7.32,174.47,53.683,54.109,-28.4424,-3.6886,194.59,491.18,-29.5459,-2.8896,,,0.21822,0
40.1353,14,13,3,1,150.75,544.60,dwell,205.08,455.89,104.03,0,178.993,8.341,179.814,-18.41,20.79,148.00,-18.30,-7.42,174.42,53.588,54.311,-26.9982,-3.2465,205.08,455.89,-28.3994,-3.0502,,,0.22477,0
40.2173,14,13,3,1,150.75,544.60,dwell,164.28,453.11,92.49,0,178.988,8.408,179.820,-18.50,20.80,147.89,-17.93,-7.84,174.61,53.506,54.067,-26.2436,-4.8140,164.28,453.11,-27.4293,-3.8439,,,0.21917,0
40.3359,14,13,3,1,150.75,544.60,capture,138.89,422.47,122.70,0,178.977,8.485,179.796,-18.44,20.74,147.71,-17.56,-7.82,173.98,53.419,53.953,-26.1383,-6.2639,138.89,422.47,-26.8483,-4.9329,,,0.20915,0
40.4409,14,13,3,1,150.75,544.60,capture,131.17,434.54,111.79,0,178.961,8.484,179.786,-18.45,20.68,147.72,-18.23,-7.02,174.02,53.928,53.923,-26.7786,-7.9291,131.17,434.54,-26.8170,-6.2812,,,0.20692,0
40.5388,14,13,3,1,150.75,544.60,capture,123.78,426.69,120.96,0,178.940,8.303,179.759,-18.37,20.60,147.80,-17.72,-9.07,174.16,54.101,53.900,-26.0199,-7.9258,123.78,426.69,-26.4583,-7.0213,,,0.21153,0
40.6395,14,13,3,1,150.75,544.60,capture,115.76,431.56,118.33,0,179.078,8.343,179.801,-18.44,20.74,147.83,-18.46,-7.68,174.14,54.351,53.887,-25.8272,-6.8989,115.76,431.56,-26.1743,-6.9662,,,0.23342,0
40.7215,14,13,3,1,150.75,544.60,capture,119.05,452.42,97.48,0,179.012,8.215,179.819,-18.43,20.69,147.97,-17.51,-7.54,174.26,54.489,54.213,-26.6182,-7.1616,119.05,452.42,-26.3740,-7.0542,,,0.23519,0
40.8228,14,13,3,1,150.75,544.60,capture,111.59,429.34,121.73,0,179.060,8.274,179.817,-18.48,20.71,148.00,-18.42,-8.13,174.25,54.439,54.309,-26.8332,-6.9140,111.59,429.34,-26.5806,-6.9911,,,0.23286,0
40.9207,14,13,3,1,150.75,544.60,capture,120.37,408.64,139.31,0,179.004,8.312,179.786,-18.46,20.60,148.12,-17.85,-7.99,174.26,54.219,53.911,-25.4856,-7.7780,120.37,408.64,-26.0879,-7.3452,,,0.25930,0
41.0074,14,13,3,1,150.75,544.60,capture,124.44,416.61,130.67,0,178.979,8.239,179.772,-18.53,20.64,148.19,-17.74,-7.88,174.90,53.940,54.054,-26.2183,-7.2878,124.44,416.61,-26.1466,-7.3194,,,0.23855,0
41.0997,14,13,3,1,150.75,544.60,capture,125.17,425.84,121.48,0,178.820,8.313,179.824,-18.60,20.54,148.11,-17.41,-7.49,174.62,54.191,54.212,-25.9366,-6.7224,125.17,425.84,-26.0521,-7.0507,,,0.24458,0
41.2052,14,13,3,1,150.75,544.60,capture,134.36,398.06,147.45,0,178.710,8.435,179.813,-18.57,20.58,147.89,-18.34,-7.29,174.57,54.335,54.829,-27.0140,-6.4809,134.36,398.06,-26.4849,-6.7943,,,0.24107,0
41.2882,14,13,3,1,150.75,544.60,capture,146.45,440.06,104.63,0,178.819,8.352,179.812,-18.36,20.47,147.65,-17.53,-7.66,173.94,53.955,54.471,-26.6358,-6.4769,146.45,440.06,-26.5529,-6.6515,,,0.20553,0
41.3897,14,13,3,1,150.75,544.60,capture,131.69,402.02,143.85,0,178.715,8.532,179.809,-18.38,20.39,147.61,-17.74,-7.91,173.73,53.696,54.442,-24.9030,-6.9205,131.69,402.02,-25.8104,-6.7725,,,0.21670,0
41.4717,14,13,3,1,150.75,544.60,capture,131.76,419.20,126.83,0,178.689,8.479,179.788,-18.27,20.41,147.88,-17.91,-8.34,174.30,53.891,54.101,-26.2904,-6.6506,131.76,419.20,-26.0264,-6.7177,,,0.20711,0
41.5648,14,13,3,1,150.75,544.60,capture,128.40,426.03,120.66,0,178.776,8.434,179.795,-18.33,20.25,147.70,-17.68,-8.58,173.87,54.161,54.181,-25.9181,-7.4986,128.40,426.03,-25.9777,-7.0691,,,0.23605,0
41.6753,14,13,3,1,150.75,544.60,capture,156.31,403.84,140.87,0,178.884,8.397,179.759,-18.41,20.23,147.78,-17.73,-7.87,174.44,54.051,54.343,-25.2478,-5.6199,156.31,403.84,-25.6492,-6.4169,,,0.23289,0
41.7861,14,13,3,1,150.75,544.60,capture,140.91,437.04,108.01,0,178.773,8.345,179.782,-18.37,20.23,147.55,-17.36,-8.47,174.05,54.144,54.524,-26.7942,-6.5043,140.91,437.04,-26.1644,-6.4563,,,0.19472,0
41.8764,14,13,3,1,150.75,544.60,capture,147.79,428.77,115.87,0,178.836,8.480,179.769,-18.29,20.14,147.72,-17.89,-8.91,173.60,54.682,54.206,-25.7856,-5.8901,147.79,428.77,-25.9940,-6.2015,,,0.25093,0
41.9728,14,13,3,1,150.75,544.60,capture,120.76,406.94,140.89,0,178.868,8.548,179.808,-18.20,20.26,147.69,-17.42,-8.87,173.84,54.502,54.143,-26.2496,-7.2186,120.76,406.94,-26.1090,-6.6592,,,0.23573,0
42.1767,15,17,4,1,150.75,700.20,dwell,208.31,536.84,173.20,0,178.839,8.492,179.780,-18.10,20.35,147.60,-17.51,-8.40,174.23,54.537,54.157,-30.7657,-2.8410,208.31,536.84,-30.7657,-2.8410,,,0.23245,0
42.2634,15,17,4,1,150.75,700.20,dwell,246.38,465.45,253.48,0,178.895,8.513,179.784,-18.13,20.27,147.71,-17.94,-8.00,174.39,54.114,54.477,-28.1087,-1.6577,246.38,465.45,-29.5701,-2.3085,,,0.22801,0
42.3635,15,17,4,1,150.75,700.20,dwell,165.17,575.03,126.00,0,178.953,8.483,179.800,-18.35,20.39,147.73,-17.79,-8.53,174.13,53.977,54.518,-31.7271,-5.7793,165.17,575.03,-30.5407,-3.8704,,,0.20011,0
42.4813,15,17,4,1,150.75,700.20,dwell,168.42,565.72,135.64,0,179.010,8.456,179.805,-18.36,20.32,147.39,-18.04,-8.71,173.24,54.098,54.337,-31.3420,-4.9369,168.42,565.72,-30.9013,-4.3503,,,0.20732,0
42.5763,15,17,4,1,150.75,700.20,dwell,110.69,429.38,273.77,0,179.005,8.501,179.783,-18.43,20.11,147.43,-17.68,-8.25,173.59,53.814,54.878,-26.3198,-7.4489,110.69,429.38,-28.8396,-5.7447,,,0.22989,0
42.6658,15,17,4,1,150.75,700.20,dwell,137.36,588.55,112.45,0,179.018,8.659,179.791,-18.51,20.21,147.47,-17.98,-8.56,173.65,53.660,54.740,-32.6239,-6.9200,137.36,588.55,-30.5425,-6.2736,,,0.21280,0
42.7751,15,17,4,1,150.75,700.20,dwell,168.42,576.17,125.28,0,178.995,8.682,179.758,-18.33,20.32,147.56,-17.61,-8.30,173.65,53.491,54.577,-33.2371,-5.1998,168.42,576.17,-31.7551,-5.7904,,,0.20725,0
42.8722,15,17,4,1,150.75,700.20,dwell,92.62,614.01,103.96,0,178.933,8.823,179.710,-18.30,20.43,147.75,-17.79,-7.63,174.41,53.790,54.522,-34.3440,-8.3476,92.62,614.01,-32.9201,-6.9411,,,0.20954,0
42.9607,15,17,4,1,150.75,700.20,dwell,133.85,665.88,38.26,1,178.909,8.835,179.724,-18.36,20.66,147.79,-17.99,-8.29,174.45,53.628,54.234,-35.3390,-6.6023,133.85,665.88,-34.0086,-6.7887,,,0.23298,0
43.0592,15,17,4,1,150.75,700.20,capture,131.46,600.96,101.10,0,178.808,8.867,179.743,-18.43,20.32,147.64,-18.06,-7.95,173.83,53.485,53.899,-33.4015,-7.0665,131.46,600.96,-33.7354,-6.9137,,,0.19589,0
43.1691,15,17,4,1,150.75,700.20,capture,142.24,611.81,88.80,0,178.767,8.941,179.715,-18.42,20.34,147.71,-18.08,-8.36,174.33,53.152,53.984,-33.1323,-6.1148,142.24,611.81,-33.4640,-6.5542,,,0.22576,0
43.2862,15,17,4,1,150.75,700.20,capture,134.41,610.28,91.39,0,178.646,8.842,179.728,-18.42,20.35,147.67,-18.02,-7.99,173.93,53.321,53.762,-33.3393,-6.9516,134.41,610.28,-33.4079,-6.7330,,,0.19354,0
43.3827,15,17,4,1,150.75,700.20,capture,134.33,639.47,62.91,1,178.653,8.911,179.747,-18.35,20.45,147.55,-17.95,-8.59,173.71,52.912,53.633,-35.1425,-6.5646,134.33,639.47,-34.1885,-6.6572,,,0.21171,0
43.4662,15,17,4,1,150.75,700.20,capture,147.28,623.36,76.92,1,178.678,8.993,179.785,-18.45,20.43,147.60,-18.00,-8.91,173.98,52.909,53.479,-34.3345,-6.4080,147.28,623.36,-34.2542,-6.5451,,,0.21501,0
43.5482,15,17,4,1,150.75,700.20,capture,126.68,638.56,66.17,1,178.688,9.041,179.794,-18.40,20.49,147.65,-18.16,-7.94,173.93,53.008,53.520,-34.7371,-6.7634,126.68,638.56,-34.4715,-6.6433,,,0.19088,0
43.6302,15,17,4,1,150.75,700.20,capture,126.87,608.75,94.52,0,178.682,9.099,179.811,-18.42,20.57,147.63,-18.09,-7.92,174.39,53.022,53.812,-33.7173,-6.8660,126.87,608.75,-34.1321,-6.7435,,,0.20981,0
43.7267,15,17,4,1,150.75,700.20,capture,145.14,631.32,69.11,1,178.862,8.853,179.810,-18.31,20.39,147.62,-18.41,-7.87,173.99,53.143,54.101,-34.4364,-6.5958,145.14,631.32,-34.2690,-6.6771,,,0.20873,0
43.8087,15,17,4,1,150.75,700.20,capture,145.92,638.79,61.60,1,178.912,8.807,179.816,-18.40,20.41,147.81,-18.12,-8.39,174.17,53.048,53.843,-35.4593,-6.4974,145.92,638.79,-34.8046,-6.5962,,,0.18850,0
43.9286,15,17,4,1,150.75,700.20,capture,135.67,612.28,89.20,0,178.937,8.736,179.841,-18.56,20.46,147.95,-18.18,-7.34,174.40,53.242,53.771,-34.0210,-6.6447,135.67,612.28,-34.4520,-6.6180,,,0.19943,0
44.0257,15,17,4,1,150.75,700.20,capture,134.35,635.10,67.13,1,178.980,8.897,179.828,-18.58,20.44,147.95,-18.64,-8.61,174.83,53.173,54.287,-34.3470,-7.0399,134.35,635.10,-34.4048,-6.8079,,,0.19283,0
44.1334,15,17,4,1,150.75,700.20,capture,132.52,618.84,83.38,0,178.984,8.726,179.825,-18.67,20.51,148.09,-18.18,-7.45,174.82,53.076,54.526,-34.4704,-7.3242,132.52,618.84,-34.4343,-7.0402,,,0.21005,0
44.2394,15,17,4,1,150.75,700.20,capture,122.55,614.38,90.33,0,178.974,8.722,179.795,-18.50,20.46,148.14,-17.70,-8.18,174.97,53.884,54.115,-33.8427,-6.9709,122.55,614.38,-34.1681,-7.0090,,,0.21778,0
44.3382,15,17,4,1,150.75,700.20,capture,139.00,608.16,92.79,0,179.100,8.670,179.793,-18.47,20.42,148.10,-18.37,-7.82,175.16,53.686,54.071,-32.6269,-6.3378,139.00,608.16,-33.4746,-6.7070,,,0.22369,0
44.4643,15,17,4,1,150.75,700.20,capture,99.71,596.68,115.42,0,179.197,8.625,179.780,-18.38,20.55,148.05,-17.59,-8.10,174.50,53.795,54.232,-32.9129,-8.3102,99.71,596.68,-33.2218,-7.4284,,,0.22687,0
44.5770,15,17,4,1,150.75,700.20,capture,136.06,638.92,63.02,1,179.013,8.583,179.781,-18.50,20.27,147.94,-18.40,-8.19,174.27,54.127,54.658,-34.9644,-6.3742,136.06,638.92,-34.0060,-6.9540,,,0.21296,0
44.6806,15,17,4,1,150.75,700.20,capture,120.23,613.69,91.74,0,179.010,8.742,179.780,-18.44,20.44,147.84,-18.18,-7.72,174.20,54.146,54.297,-34.4325,-6.7872,120.23,613.69,-34.1979,-6.8790,,,0.21342,0
44.7921,15,17,4,1,150.75,700.20,capture,136.59,615.17,86.20,0,179.013,8.811,179.816,-18.34,20.42,147.99,-17.66,-7.82,174.30,54.182,54.123,-33.1494,-6.4294,136.59,615.17,-33.7261,-6.6767,,,0.21932,0
44.8823,15,17,4,1,150.75,700.20,capture,129.97,596.50,105.76,0,178.983,8.931,179.814,-18.39,20.54,147.81,-17.56,-8.55,174.53,54.156,54.329,-32.0547,-7.1551,129.97,596.50,-32.9740,-6.8919,,,0.25577,0
44.9853,15,17,4,1,150.75,700.20,capture,138.87,603.50,97.43,0,179.045,9.056,179.832,-18.32,20.53,147.62,-17.23,-8.51,174.00,53.848,54.055,-32.7067,-6.1763,138.87,603.50,-32.8537,-6.5699,,,0.21940,0
45.0837,15,17,4,1,150.75,700.20,capture,130.66,585.77,116.18,0,179.055,9.048,179.855,-18.32,20.47,147.67,-18.09,-8.31,174.42,54.133,54.182,-33.3541,-6.5167,130.66,585.77,-33.0789,-6.5460,,,0.22564,0
45.3021,16,12,3,0,50.25,544.60,dwell,153.03,544.96,102.78,0,179.026,8.875,179.863,-18.38,20.57,147.78,-17.62,-8.23,174.35,53.821,54.445,-30.9019,-5.7618,153.03,544.96,-30.9019,-5.7618,,,0.21725,0
45.3986,16,12,3,0,50.25,544.60,dwell,27.73,384.62,161.56,0,178.980,8.775,179.862,-18.40,20.44,147.92,-18.45,-7.39,174.10,53.901,54.333,-24.0511,-11.3297,27.73,384.62,-27.8190,-8.2674,,,0.19757,0
45.5053,16,12,3,0,50.25,544.60,dwell,22.05,513.43,42.03,1,178.951,8.704,179.848,-18.37,20.60,147.77,-17.69,-7.53,174.01,53.909,54.164,-29.7457,-12.3127,22.05,513.43,-28.6860,-10.0878,,,0.19404,0
45.5999,16,12,3,0,50.25,544.60,dwell,62.72,554.14,15.70,1,178.945,8.697,179.847,-18.33,20.54,147.74,-17.78,-6.78,174.09,53.852,53.709,-31.8206,-10.0510,62.72,554.14,-30.0966,-10.0712,,,0.21663,0
45.6947,16,12,3,0,50.25,544.60,dwell,81.37,506.44,49.24,1,178.833,8.726,179.849,-18.28,20.57,147.74,-17.81,-7.86,173.77,53.694,53.627,-29.8108,-9.8209,81.37,506.44,-29.9680,-9.9586,,,0.21328,0
45.7920,16,12,3,0,50.25,544.60,dwell,68.44,515.24,34.54,1,178.714,8.846,179.867,-18.23,20.51,147.81,-17.76,-8.09,173.83,53.721,53.781,-29.8565,-10.1073,68.44,515.24,-29.9178,-10.0255,,,0.21975,0
45.8740,16,12,3,0,50.25,544.60,dwell,105.56,440.97,117.47,0,178.771,8.694,179.871,-18.22,20.56,147.95,-17.75,-8.18,174.74,53.652,53.951,-27.2727,-7.4683,105.56,440.97,-28.7275,-8.8748,,,0.19069,0
45.9739,16,12,3,0,50.25,544.60,dwell,46.07,533.57,11.80,1,178.847,8.847,179.866,-18.23,20.59,147.99,-17.81,-8.14,174.11,53.779,53.765,-30.3502,-10.8719,46.07,533.57,-29.4577,-9.7735,,,0.20457,0
46.0654,16,12,3,0,50.25,544.60,capture,15.62,485.51,68.49,1,178.878,8.920,179.801,-18.21,20.72,148.10,-17.87,-7.99,174.80,54.032,53.847,-28.5105,-12.4703,15.62,485.51,-29.0315,-10.9870,,,0.23883,0
46.1598,16,12,3,0,50.25,544.60,capture,55.07,486.54,58.26,1,179.001,8.966,179.804,-18.33,20.68,147.81,-17.53,-8.29,174.15,54.106,53.665,-28.6022,-10.1676,55.07,486.54,-28.8383,-10.6183,,,0.21778,0
46.2599,16,12,3,0,50.25,544.60,capture,33.45,482.41,64.42,1,179.077,8.850,179.779,-18.31,20.43,147.61,-17.60,-7.89,173.88,54.347,53.549,-28.3528,-10.9603,33.45,482.41,-28.6198,-10.7722,,,0.24334,0
46.3607,16,12,3,0,50.25,544.60,capture,44.11,456.55,88.26,0,178.927,8.634,179.767,-18.40,20.47,147.44,-17.48,-8.06,173.60,54.145,53.520,-27.5032,-10.6124,44.11,456.55,-28.1173,-10.7003,,,0.25132,0
46.4482,16,12,3,0,50.25,544.60,capture,36.72,467.84,77.94,1,179.017,8.605,179.787,-18.48,20.41,147.40,-17.49,-8.16,173.94,54.348,53.651,-27.7744,-10.7028,36.72,467.84,-27.9630,-10.7014,,,0.23672,0
46.5590,16,12,3,0,50.25,544.60,capture,41.29,467.68,77.44,1,179.036,8.538,179.769,-18.53,20.34,147.33,-17.96,-8.17,173.41,54.286,54.010,-28.3843,-10.7916,41.29,467.68,-28.1526,-10.7420,,,0.22627,0
46.6552,16,12,3,0,50.25,544.60,capture,30.77,481.36,66.17,1,179.181,8.412,179.796,-18.60,20.35,147.31,-18.12,-8.30,173.81,54.648,54.288,-28.0416,-11.7184,30.77,481.36,-28.1026,-11.1814,,,0.24127,0
46.7468,16,12,3,0,50.25,544.60,capture,38.59,476.15,69.44,1,179.188,8.307,179.774,-18.54,20.53,147.33,-18.01,-7.73,173.55,54.672,54.040,-28.5980,-10.8958,38.59,476.15,-28.3256,-11.0529,,,0.23438,0
46.8617,16,12,3,0,50.25,544.60,capture,15.97,469.68,82.39,1,179.259,8.376,179.770,-18.76,20.48,147.42,-18.51,-8.88,173.87,54.756,54.196,-28.9777,-12.6050,15.97,469.68,-28.6190,-11.7513,,,0.24986,0
46.9536,16,12,3,0,50.25,544.60,capture,59.51,461.58,83.53,0,179.219,8.383,179.760,-18.65,20.19,147.26,-19.20,-8.25,173.85,54.722,54.485,-27.9578,-10.5821,59.51,461.58,-28.3215,-11.2252,,,0.23939,0
47.0691,16,12,3,0,50.25,544.60,capture,45.96,468.73,75.99,1,179.152,8.426,179.758,-18.62,20.14,147.15,-18.06,-8.53,173.31,54.310,54.201,-28.3298,-10.9371,45.96,468.73,-28.3252,-11.0955,,,0.21802,0
47.1828,16,12,3,0,50.25,544.60,capture,51.01,446.21,98.39,0,179.143,8.419,179.771,-18.63,20.10,146.99,-18.40,-7.67,173.24,54.124,54.331,-27.0065,-10.8073,51.01,446.21,-27.7318,-10.9659,,,0.23778,0
47.2958,16,12,3,0,50.25,544.60,capture,37.45,474.95,70.82,1,179.010,8.494,179.794,-18.63,20.08,146.96,-18.63,-7.87,173.24,54.168,54.169,-28.8576,-10.8535,37.45,474.95,-28.2384,-10.9153,,,0.23448,0
47.3935,16,12,3,0,50.25,544.60,capture,31.30,478.00,69.24,1,178.956,8.446,179.822,-18.63,20.37,146.93,-17.86,-8.37,172.62,53.803,54.207,-28.6155,-11.6083,31.30,478.00,-28.4081,-11.2271,,,0.20346,0
47.4823,16,12,3,0,50.25,544.60,capture,27.93,464.42,83.23,0,179.035,8.455,179.833,-18.60,20.58,146.83,-17.60,-7.07,172.73,53.186,54.307,-27.3842,-11.7901,27.93,464.42,-27.9474,-11.4805,,,0.21603,0
47.5790,16,12,3,0,50.25,544.60,capture,43.01,464.61,80.32,0,179.017,8.470,179.822,-18.50,20.44,146.70,-18.14,-8.06,172.82,53.538,54.409,-26.7074,-10.3287,43.01,464.61,-27.3894,-10.9622,,,0.20470,0
47.6830,16,12,3,0,50.25,544.60,capture,40.71,433.73,111.28,0,178.980,8.429,179.822,-18.47,20.54,146.41,-17.67,-7.77,172.51,53.376,54.094,-26.6995,-11.4861,40.71,433.73,-27.0789,-11.1979,,,0.18791,0
47.7802,16,12,3,0,50.25,544.60,capture,28.53,445.98,100.98,0,179.021,8.410,179.819,-18.36,20.47,146.72,-17.57,-8.16,172.93,53.423,54.262,-27.0637,-11.7296,28.53,445.98,-27.0721,-11.4372,,,0.21085,0
47.8839,16,12,3,0,50.25,544.60,capture,34.94,493.03,53.79,1,178.961,8.394,179.813,-18.40,20.47,146.70,-18.24,-7.69,172.69,53.247,54.721,-28.3440,-11.4593,34.94,493.03,-27.6445,-11.4471,,,0.20604,0
47.9659,16,12,3,0,50.25,544.60,capture,26.88,483.05,65.84,1,178.996,8.588,179.812,-18.40,20.60,146.62,-17.70,-7.90,172.24,53.254,54.656,-27.8129,-12.1236,26.88,483.05,-27.7202,-11.7515,,,0.21538,0
48.1778,17,6,1,2,251.25,233.40,dwell,-10.06,498.65,372.34,0,178.965,8.546,179.814,-18.49,20.53,146.69,-18.07,-7.67,172.72,53.592,54.726,-27.8458,-13.4165,-10.06,498.65,-27.8458,-13.4165,,,0.22158,0
48.2721,17,6,1,2,251.25,233.40,dwell,176.08,448.01,227.39,0,178.976,8.484,179.770,-18.51,20.47,146.76,-18.21,-7.86,172.73,53.423,54.380,-26.7795,-5.0595,176.08,448.01,-27.3659,-9.6558,,,0.19419,0
48.3668,17,6,1,2,251.25,233.40,dwell,119.65,292.51,144.27,0,178.975,8.324,179.791,-18.39,20.48,146.96,-17.88,-7.94,173.52,53.417,54.427,-20.4867,-7.4591,119.65,292.51,-24.2703,-8.6673,,,0.19288,0
48.4716,17,6,1,2,251.25,233.40,dwell,127.09,290.65,136.72,0,178.867,8.318,179.804,-18.34,20.39,147.10,-18.13,-8.03,173.21,53.854,54.038,-20.6429,-6.4807,127.09,290.65,-22.6380,-7.6833,,,0.24357,0
48.5705,17,6,1,2,251.25,233.40,dwell,180.06,290.19,91.07,0,178.771,8.315,179.813,-18.38,20.42,147.11,-17.87,-7.79,173.68,54.058,54.194,-20.7133,-5.2615,180.06,290.19,-21.7718,-6.5935,,,0.22216,0
48.6778,17,6,1,2,251.25,233.40,dwell,170.99,321.10,118.88,0,178.810,8.168,179.810,-18.31,20.24,147.57,-17.10,-7.99,173.19,53.642,53.723,-22.6348,-4.8045,170.99,321.10,-22.1602,-5.7884,,,0.22028,0
48.7875,17,6,1,2,251.25,233.40,dwell,202.86,229.07,48.58,1,179.006,8.161,179.804,-18.30,20.40,147.48,-18.08,-8.29,173.80,53.501,53.935,-18.6048,-3.3628,202.86,229.07,-20.5603,-4.6969,,,0.20861,0
48.8834,17,6,1,2,251.25,233.40,dwell,172.28,226.50,79.27,0,179.020,8.216,179.822,-18.41,20.21,147.70,-18.24,-7.59,173.90,53.402,53.807,-18.2721,-5.4203,172.28,226.50,-19.5306,-5.0224,,,0.20475,0
48.9765,17,6,1,2,251.25,233.40,capture,226.90,236.76,24.58,1,179.086,8.106,179.792,-18.45,20.30,147.50,-17.67,-7.82,173.67,53.514,54.032,-18.6180,-2.7255,226.90,236.76,-19.1199,-3.9888,,,0.19235,0
49.0729,17,6,1,2,251.25,233.40,capture,231.59,210.37,30.28,1,179.097,8.097,179.810,-18.42,20.36,147.65,-18.26,-8.59,173.90,53.537,54.200,-18.0605,-2.4965,231.59,210.37,-18.6432,-3.3173,,,0.19660,0
49.1732,17,6,1,2,251.25,233.40,capture,223.41,198.38,44.74,1,179.098,8.133,179.836,-18.30,20.58,147.48,-17.78,-8.11,173.60,53.344,54.250,-17.3334,-2.9417,223.41,198.38,-18.0538,-3.1483,,,0.19701,0
49.2612,17,6,1,2,251.25,233.40,capture,211.01,221.18,42.05,1,179.024,8.062,179.834,-18.33,20.68,147.65,-17.77,-7.88,173.72,53.353,54.370,-18.6223,-2.8422,211.01,221.18,-18.3096,-3.0105,,,0.20942,0
49.3698,17,6,1,2,251.25,233.40,capture,193.01,201.05,66.62,0,179.094,8.029,179.825,-18.38,20.66,147.53,-18.34,-7.57,173.45,53.416,54.176,-18.3510,-4.0769,193.01,201.05,-18.3282,-3.4904,,,0.22238,0
49.4690,17,6,1,2,251.25,233.40,capture,224.86,175.39,63.73,1,179.143,8.055,179.784,-18.28,20.57,147.58,-17.60,-8.18,173.94,53.832,54.234,-17.0142,-1.5236,224.86,175.39,-17.7369,-2.6053,,,0.22009,0
49.5553,17,6,1,2,251.25,233.40,capture,218.01,194.02,51.53,1,179.042,8.032,179.757,-18.20,20.72,147.80,-17.65,-7.60,174.14,53.640,54.312,-17.0469,-2.1982,218.01,194.02,-17.4264,-2.4221,,,0.20360,0
49.6441,17,6,1,2,251.25,233.40,capture,205.67,219.12,47.76,1,179.106,7.904,179.767,-18.28,20.96,147.64,-17.82,-7.87,173.78,53.747,54.153,-18.7439,-3.6741,205.67,219.12,-18.0193,-2.9855,,,0.19810,0
49.7503,17,6,1,2,251.25,233.40,capture,201.46,193.95,63.52,1,179.143,7.972,179.774,-18.17,21.00,147.75,-17.10,-8.28,174.41,53.608,54.031,-16.8601,-3.9387,201.46,193.95,-17.4977,-3.4145,,,0.23229,0
49.8323,17,6,1,2,251.25,233.40,capture,232.02,217.13,25.19,1,179.027,7.976,179.794,-18.23,20.81,147.72,-18.13,-7.79,174.58,54.083,54.163,-19.0740,-1.9747,232.02,217.13,-18.2070,-2.7666,,,0.20227,0
49.9168,17,6,1,2,251.25,233.40,capture,211.86,202.30,50.19,1,178.953,8.055,179.784,-18.19,20.63,147.98,-17.97,-7.80,174.47,53.815,54.407,-17.1730,-2.8651,211.86,202.30,-17.7417,-2.8109,,,0.21787,0
50.0209,17,6,1,2,251.25,233.40,capture,202.29,173.22,77.58,1,178.947,8.091,179.804,-18.21,20.73,147.74,-18.08,-7.68,173.94,53.811,54.219,-16.2047,-3.9489,202.29,173.22,-17.0500,-3.3230,,,0.20470,0
50.1138,17,6,1,2,251.25,233.40,capture,202.86,210.63,53.48,1,178.993,7.965,179.812,-18.07,20.79,147.57,-17.83,-8.33,173.93,53.927,53.447,-17.9422,-3.6816,202.86,210.63,-17.4515,-3.4844,,,0.20614,0
50.2297,17,6,1,2,251.25,233.40,capture,216.76,172.33,70.14,1,178.938,7.844,179.823,-18.21,20.91,147.50,-17.67,-7.77,174.27,54.209,53.323,-16.9022,-2.1618,216.76,172.33,-17.2043,-2.8892,,,0.21017,0
50.3300,17,6,1,2,251.25,233.40,capture,227.51,201.87,39.47,1,178.854,7.995,179.828,-18.24,21.08,147.72,-17.68,-7.36,174.37,54.012,53.425,-17.9786,-1.6396,227.51,201.87,-17.5528,-2.3269,,,0.22930,0
50.4221,17,6,1,2,251.25,233.40,capture,187.55,192.28,75.82,0,178.871,8.055,179.796,-18.22,20.96,147.79,-17.51,-8.20,174.51,53.547,53.478,-17.9497,-4.8314,187.55,192.28,-17.7314,-3.4539,,,0.20427,0
50.5165,17,6,1,2,251.25,233.40,capture,220.23,195.45,49.01,1,178.813,8.028,179.785,-18.24,21.01,147.82,-17.66,-7.37,173.97,53.770,53.884,-17.5371,-2.4586,220.23,195.45,-17.6439,-3.0060,,,0.21945,0
50.6163,17,6,1,2,251.25,233.40,capture,177.50,209.09,77.65,0,178.733,7.929,179.788,-18.29,21.04,147.58,-17.84,-7.80,174.41,53.990,53.782,-17.7669,-4.2114,177.50,209.09,-17.6993,-3.5485,,,0.23000,0
50.7151,17,6,1,2,251.25,233.40,capture,218.31,220.62,35.33,1,178.798,7.930,179.803,-18.29,20.87,147.77,-18.34,-7.45,174.43,54.093,54.069,-18.4633,-2.6106,218.31,220.62,-18.0431,-3.1264,,,0.20093,0
50.8138,17,6,1,2,251.25,233.40,capture,201.59,180.67,72.43,1,178.911,7.934,179.816,-18.34,20.71,147.63,-18.04,-7.70,174.39,54.353,54.226,-16.7693,-2.9877,201.59,180.67,-17.4699,-3.0640,,,0.23542,0
51.0115,18,18,4,2,251.25,700.20,dwell,326.40,387.47,321.63,0,178.829,7.944,179.839,-18.33,20.63,147.60,-17.52,-8.21,173.75,53.838,54.128,-24.9337,2.5704,326.40,387.47,-24.9337,2.5704,,,0.20203,0
51.1137,18,18,4,2,251.25,700.20,dwell,229.45,298.87,401.92,0,178.735,8.113,179.800,-18.32,20.66,147.57,-17.71,-8.96,173.89,53.636,53.982,-22.4873,-1.9203,229.45,298.87,-23.8328,0.5496,,,0.20867,0
51.2047,18,18,4,2,251.25,700.20,dwell,257.50,361.84,338.42,0,178.790,8.205,179.823,-18.48,20.60,147.46,-18.75,-7.78,174.17,53.771,54.053,-23.3076,-0.4258,257.50,361.84,-23.5965,0.1106,,,0.19925,0
51.2985,18,18,4,2,251.25,700.20,dwell,259.99,375.66,324.66,0,178.708,8.254,179.838,-18.58,20.74,147.57,-17.98,-8.25,173.62,53.699,54.224,-25.5282,-0.8017,259.99,375.66,-24.4657,-0.2999,,,0.18992,0
51.4004,18,18,4,2,251.25,700.20,dwell,182.65,436.05,272.91,0,178.687,8.312,179.819,-18.61,20.76,147.82,-18.24,-7.32,174.68,53.412,54.272,-25.7947,-4.4480,182.65,436.05,-25.0638,-2.1665,,,0.18604,0
51.4912,18,18,4,2,251.25,700.20,dwell,184.69,400.81,306.70,0,178.873,8.332,179.839,-18.58,20.78,147.75,-18.07,-7.27,174.31,53.350,54.347,-25.4576,-4.1535,184.69,400.81,-25.2410,-3.0606,,,0.19017,0
51.5732,18,18,4,2,251.25,700.20,dwell,197.21,407.16,297.98,0,178.959,8.524,179.819,-18.52,20.78,147.70,-18.30,-8.19,173.58,53.663,54.600,-26.3109,-3.8237,197.21,407.16,-25.7225,-3.4040,,,0.20765,0
51.6572,18,18,4,2,251.25,700.20,dwell,239.72,439.78,260.68,0,178.936,8.501,179.825,-18.55,20.91,147.70,-18.41,-7.60,174.48,53.478,54.051,-27.0437,-1.8398,239.72,439.78,-26.3170,-2.7001,,,0.23127,0
51.7600,18,18,4,2,251.25,700.20,dwell,214.83,509.86,193.79,0,178.903,8.529,179.821,-18.32,20.88,147.49,-17.23,-7.32,174.05,53.120,53.812,-30.3730,-3.7617,214.83,509.86,-28.1422,-3.1778,,,0.19403,0
51.8691,18,18,4,2,251.25,700.20,dwell,205.08,526.05,180.17,0,178.961,8.650,179.855,-18.40,20.89,147.50,-18.08,-6.86,173.87,53.165,53.977,-29.8227,-3.3613,205.08,526.05,-28.8984,-3.2604,,,0.19374,0
51.9576,18,18,4,2,251.25,700.20,dwell,226.12,557.66,144.74,0,178.969,8.754,179.873,-18.37,21.07,147.62,-18.17,-7.64,173.76,53.224,54.126,-31.9605,-2.1414,226.12,557.66,-30.2764,-2.7569,,,0.21578,0
52.0396,18,18,4,2,251.25,700.20,capture,192.88,593.05,122.02,0,178.975,8.712,179.864,-18.40,20.89,147.53,-17.65,-7.14,173.79,53.498,54.059,-32.8785,-3.9302,192.88,593.05,-31.4473,-3.2849,,,0.22476,0
52.1453,18,18,4,2,251.25,700.20,capture,221.22,631.00,75.44,1,178.875,8.700,179.868,-18.42,20.93,147.48,-18.00,-7.77,173.87,53.254,53.805,-35.2285,-2.3279,221.22,631.00,-33.1488,-2.8542,,,0.19450,0
52.2289,18,18,4,2,251.25,700.20,capture,200.02,599.68,112.82,0,178.869,8.748,179.845,-18.43,20.79,147.54,-18.39,-8.06,173.89,53.254,54.057,-33.0232,-3.3050,200.02,599.68,-33.0923,-3.0571,,,0.22625,0
52.3228,18,18,4,2,251.25,700.20,capture,212.33,616.19,92.59,0,178.731,8.757,179.835,-18.30,20.78,147.56,-17.94,-8.09,174.05,52.998,53.760,-33.8670,-2.7642,212.33,616.19,-33.4409,-2.9253,,,0.18372,0
52.4278,18,18,4,2,251.25,700.20,capture,241.34,610.47,90.28,0,178.832,8.764,179.834,-18.38,20.55,147.63,-17.78,-8.96,174.09,53.176,53.910,-33.1164,-1.9042,241.34,610.47,-33.2949,-2.4658,,,0.21649,0
52.5219,18,18,4,2,251.25,700.20,capture,233.04,609.27,92.74,0,178.852,8.785,179.825,-18.37,20.59,147.65,-18.24,-8.18,174.13,53.566,53.608,-32.4032,-2.2617,233.04,609.27,-32.8936,-2.3739,,,0.19715,0
52.6236,18,18,4,2,251.25,700.20,capture,215.65,611.02,96.02,0,178.666,8.718,179.837,-18.35,20.66,147.48,-17.68,-8.01,173.75,53.442,53.471,-34.2734,-2.8413,215.65,611.02,-33.5145,-2.5843,,,0.17809,0
52.7246,18,18,4,2,251.25,700.20,capture,194.96,608.75,107.39,0,178.631,8.650,179.804,-18.39,20.62,147.44,-18.20,-7.86,174.05,53.130,53.627,-33.0517,-4.2418,194.96,608.75,-33.3062,-3.3301,,,0.19785,0
52.8216,18,18,4,2,251.25,700.20,capture,221.60,588.95,115.13,0,178.467,8.726,179.832,-18.42,20.44,147.39,-17.21,-8.53,173.44,53.342,54.013,-31.6798,-1.8180,221.60,588.95,-32.5743,-2.6497,,,0.17828,0
52.9211,18,18,4,2,251.25,700.20,capture,208.25,601.12,108.01,0,178.599,8.827,179.824,-18.42,20.55,147.63,-17.40,-7.57,174.01,53.205,54.390,-32.9529,-2.9794,208.25,601.12,-32.7447,-2.7981,,,0.19447,0
53.0376,18,18,4,2,251.25,700.20,capture,221.38,583.52,120.44,0,178.552,8.831,179.796,-18.36,20.42,147.97,-18.12,-7.83,174.73,53.746,54.012,-32.0707,-2.9479,221.38,583.52,-32.4414,-2.8655,,,0.22195,0
53.1346,18,18,4,2,251.25,700.20,capture,212.94,595.05,111.91,0,178.513,8.799,179.793,-18.33,20.29,147.86,-17.52,-8.09,173.58,53.788,53.791,-33.6072,-3.3145,212.94,595.05,-32.9660,-3.0676,,,0.23374,0
53.2174,18,18,4,2,251.25,700.20,capture,229.72,643.63,60.53,1,178.502,8.627,179.765,-18.31,20.23,147.86,-17.73,-7.83,174.48,53.843,54.163,-34.6083,-1.7100,229.72,643.63,-33.7051,-2.4567,,,0.23172,0
53.3178,18,18,4,2,251.25,700.20,capture,227.86,613.03,90.25,0,178.362,8.685,179.773,-18.48,20.26,147.90,-17.77,-8.22,174.06,53.807,53.779,-34.0500,-2.5616,227.86,613.03,-33.8603,-2.5039,,,0.20561,0
53.4164,18,18,4,2,251.25,700.20,capture,228.62,588.29,114.18,0,178.550,8.738,179.816,-18.56,20.26,147.91,-18.30,-8.26,174.35,53.741,54.067,-32.3321,-2.6088,228.62,588.29,-33.1726,-2.5511,,,0.22542,0
53.5174,18,18,4,2,251.25,700.20,capture,217.61,612.30,94.12,0,178.507,8.708,179.840,-18.55,20.28,147.81,-18.23,-7.64,174.22,53.860,53.722,-33.3423,-2.7602,217.61,612.30,-33.2490,-2.6452,,,0.23338,0
53.6149,18,18,4,2,251.25,700.20,capture,206.92,616.37,94.83,0,178.665,8.716,179.846,-18.59,20.28,147.73,-17.73,-8.51,173.95,54.171,53.766,-33.1133,-2.9041,206.92,616.37,-33.1879,-2.7617,,,0.23155,0
53.7169,18,18,4,2,251.25,700.20,capture,203.38,615.14,97.61,0,178.738,8.607,179.854,-18.53,20.50,147.73,-18.03,-8.75,174.30,54.373,53.576,-33.8429,-3.7001,203.38,615.14,-33.4826,-3.1840,,,0.22401,0
53.8231,18,18,4,2,251.25,700.20,capture,202.12,584.19,125.98,0,178.656,8.485,179.859,-18.53,20.53,147.62,-18.07,-7.41,173.77,54.852,54.134,-32.8705,-2.9540,202.12,584.19,-33.2072,-3.0805,,,0.23101,0
53.9103,18,18,4,2,251.25,700.20,capture,211.35,605.79,102.50,0,178.615,8.613,179.861,-18.51,20.45,147.56,-18.37,-8.25,174.14,54.526,54.368,-33.6262,-2.4811,211.35,605.79,-33.3957,-2.8108,,,0.24872,0
54.1234,19,5,1,1,150.75,233.40,dwell,262.76,645.46,427.01,0,178.660,8.519,179.871,-18.38,20.45,147.40,-18.53,-8.32,174.15,54.272,54.613,-35.0758,-0.3599,262.76,645.46,-35.0758,-0.3599,,,0.24759,0
54.2356,19,5,1,1,150.75,233.40,dwell,132.41,457.26,224.61,0,178.683,8.406,179.873,-18.32,20.46,147.42,-17.55,-6.97,174.04,54.166,54.630,-27.3147,-6.0655,132.41,457.26,-31.5833,-2.9274,,,0.22842,0
54.3299,19,5,1,1,150.75,233.40,dwell,87.57,347.94,130.81,0,178.807,8.561,179.820,-18.37,20.53,147.34,-17.98,-8.99,174.16,54.526,54.844,-23.4469,-8.4308,87.57,347.94,-27.9219,-5.4040,,,0.22089,0
54.4303,19,5,1,1,150.75,233.40,dwell,129.29,461.78,229.39,0,178.868,8.529,179.834,-18.43,20.69,147.19,-17.87,-7.47,172.88,54.590,54.683,-27.6333,-6.9218,129.29,461.78,-27.7921,-6.0870,,,0.23896,0
54.5502,19,5,1,1,150.75,233.40,dwell,155.95,429.38,196.05,0,179.014,8.452,179.808,-18.55,20.72,147.18,-18.08,-7.69,173.47,54.445,54.680,-26.4100,-5.7611,155.95,429.38,-27.1701,-5.9403,,,0.22717,0
54.6485,19,5,1,1,150.75,233.40,dwell,120.90,363.42,133.40,0,179.024,8.264,179.815,-18.55,20.75,147.23,-18.01,-8.00,173.24,54.713,54.083,-24.0614,-7.2263,120.90,363.42,-25.7712,-6.5190,,,0.23818,0
54.7452,19,5,1,1,150.75,233.40,dwell,130.65,296.53,66.25,1,179.042,8.164,179.820,-18.34,20.83,147.36,-17.89,-7.31,173.70,54.521,53.809,-21.9049,-7.4968,130.65,296.53,-24.0314,-6.9590,,,0.24746,0
54.8477,19,5,1,1,150.75,233.40,dwell,125.83,320.01,90.12,0,179.029,8.100,179.821,-18.44,20.81,147.27,-17.66,-7.99,173.50,54.367,53.827,-22.6276,-6.7652,125.83,320.01,-23.3997,-6.8718,,,0.23045,0
54.9364,19,5,1,1,150.75,233.40,dwell,98.70,230.35,52.14,0,178.983,7.984,179.822,-18.55,20.91,147.41,-18.21,-7.89,173.31,54.403,54.159,-17.6629,-7.8107,98.70,230.35,-20.8181,-7.2943,,,0.21768,0
55.0450,19,5,1,1,150.75,233.40,capture,126.26,247.15,28.09,1,178.994,7.914,179.798,-18.52,20.82,147.39,-18.50,-7.14,173.66,54.247,53.836,-19.1609,-6.7682,126.26,247.15,-20.0724,-7.0576,,,0.22243,0
55.1583,19,5,1,1,150.75,233.40,capture,113.48,238.49,37.62,1,178.907,7.916,179.826,-18.61,20.76,147.31,-18.53,-8.27,173.40,54.032,54.067,-19.0616,-7.1389,113.48,238.49,-19.6175,-7.0942,,,0.22330,0
55.2510,19,5,1,1,150.75,233.40,capture,112.27,256.30,44.78,1,178.999,7.814,179.823,-18.58,20.81,147.37,-18.74,-7.66,173.88,53.930,53.745,-20.1514,-8.1769,112.27,256.30,-19.8578,-7.5814,,,0.22877,0
55.3559,19,5,1,1,150.75,233.40,capture,124.30,250.18,31.32,1,178.939,7.750,179.805,-18.38,20.80,147.19,-18.05,-7.56,173.50,54.038,53.209,-19.3301,-6.9728,124.30,250.18,-19.6203,-7.3076,,,0.21029,0
55.4502,19,5,1,1,150.75,233.40,capture,118.20,243.09,33.96,1,179.065,7.767,179.766,-18.41,20.96,147.41,-17.93,-7.66,173.78,54.321,53.435,-18.6235,-7.3808,118.20,243.09,-19.1717,-7.3405,,,0.21584,0
55.5518,19,5,1,1,150.75,233.40,capture,139.33,275.82,43.93,1,178.976,7.684,179.762,-18.26,20.92,147.29,-18.03,-7.96,173.45,54.030,53.445,-20.0318,-6.8736,139.33,275.82,-19.5588,-7.1304,,,0.19901,0
55.6556,19,5,1,1,150.75,233.40,capture,129.38,251.08,27.74,1,179.063,7.749,179.751,-18.37,21.03,147.39,-18.26,-7.57,173.86,53.703,53.800,-19.4283,-6.3316,129.38,251.08,-19.5001,-6.7710,,,0.21007,0
55.7763,19,5,1,1,150.75,233.40,capture,120.65,244.20,31.98,1,179.071,7.729,179.749,-18.27,20.87,147.60,-18.02,-7.47,174.06,53.888,53.980,-18.5873,-7.0080,120.65,244.20,-19.0893,-6.8776,,,0.19084,0
55.8877,19,5,1,1,150.75,233.40,capture,124.20,238.77,27.09,1,179.014,7.753,179.717,-18.39,20.86,147.70,-17.96,-7.34,173.51,54.140,53.958,-19.5197,-7.5035,124.20,238.77,-19.2830,-7.1592,,,0.21735,0
55.9933,19,5,1,1,150.75,233.40,capture,128.87,266.80,39.93,1,178.878,7.866,179.745,-18.40,20.81,147.47,-18.27,-8.32,174.07,53.871,53.756,-21.1218,-6.5168,128.87,266.80,-20.1105,-6.8702,,,0.20249,0
56.0880,19,5,1,1,150.75,233.40,capture,117.84,247.56,35.83,1,178.840,7.976,179.740,-18.40,20.80,147.36,-17.81,-8.19,173.94,53.673,53.798,-19.9121,-7.6992,117.84,247.56,-20.0212,-7.2432,,,0.18883,0
56.1909,19,5,1,1,150.75,233.40,capture,127.92,255.11,31.50,1,178.863,8.061,179.750,-18.33,20.92,147.73,-17.63,-7.47,174.15,53.495,54.263,-20.3373,-6.8271,127.92,255.11,-20.1635,-7.0560,,,0.21400,0
56.2817,19,5,1,1,150.75,233.40,capture,123.03,252.89,33.89,1,178.924,8.167,179.742,-18.36,20.98,147.72,-18.54,-7.12,173.69,53.507,54.682,-19.0852,-7.1420,123.03,252.89,-19.6782,-7.0947,,,0.21295,0
56.3682,19,5,1,1,150.75,233.40,capture,126.13,260.05,36.28,1,178.944,8.134,179.764,-18.28,20.95,147.61,-17.65,-8.10,174.09,53.558,54.526,-19.8922,-6.9243,126.13,260.05,-19.7745,-7.0180,,,0.21073,0
56.4736,19,5,1,1,150.75,233.40,capture,134.03,281.28,50.72,1,178.920,8.271,179.759,-18.31,20.93,147.49,-17.37,-8.49,174.29,53.259,54.389,-19.8154,-6.6528,134.03,281.28,-19.7929,-6.8537,,,0.18285,0
56.5771,19,5,1,1,150.75,233.40,capture,148.78,242.28,9.10,1,178.815,8.214,179.763,-18.39,20.77,147.59,-17.99,-7.30,173.61,53.303,54.645,-18.2506,-5.4705,148.78,242.28,-19.0989,-6.2313,,,0.18519,0
56.6843,19,5,1,1,150.75,233.40,capture,125.82,278.11,51.19,1,178.888,8.134,179.763,-18.46,20.66,147.47,-17.81,-8.10,173.42,53.347,54.818,-20.4313,-6.6443,125.82,278.11,-19.6985,-6.4171,,,0.18451,0
56.7746,19,5,1,1,150.75,233.40,capture,132.75,251.31,25.39,1,178.783,8.145,179.777,-18.38,20.37,147.76,-17.49,-8.40,173.72,53.587,54.711,-19.5141,-6.7775,132.75,251.31,-19.6155,-6.5793,,,0.20942,0
56.9638,20,10,2,2,251.25,389.00,dwell,127.06,398.36,124.54,0,178.781,8.089,179.767,-18.24,20.41,147.56,-17.55,-7.74,174.19,53.820,54.346,-25.0036,-6.8274,127.06,398.36,-25.0036,-6.8274,,,0.22472,0
57.0582,20,10,2,2,251.25,389.00,dwell,52.81,156.27,305.85,0,178.781,8.040,179.772,-18.32,20.39,147.58,-17.60,-7.91,173.89,53.452,54.284,-16.3718,-10.7360,52.81,156.27,-21.1193,-8.5863,,,0.18044,0
57.1402,20,10,2,2,251.25,389.00,dwell,112.14,162.02,266.22,0,178.842,8.063,179.788,-18.29,20.28,147.72,-17.85,-6.88,174.52,53.331,53.785,-16.4243,-7.5327,112.14,162.02,-19.0065,-8.1122,,,0.21417,0
57.2775,20,10,2,2,251.25,389.00,dwell,159.45,288.01,136.48,0,179.007,7.917,179.808,-18.37,20.34,147.63,-17.69,-8.66,173.92,53.009,53.725,-21.1684,-5.5357,159.45,288.01,-19.9793,-6.9528,,,0.18418,0
57.3764,20,10,2,2,251.25,389.00,dwell,8.62,367.14,243.61,0,178.990,7.893,179.817,-18.44,20.44,147.70,-18.25,-7.49,174.00,53.112,53.996,-24.0798,-12.4741,8.62,367.14,-21.8245,-9.4374,,,0.18334,0
57.4807,20,10,2,2,251.25,389.00,dwell,191.89,199.78,198.31,0,178.847,7.989,179.788,-18.49,20.41,147.55,-17.61,-8.14,174.08,53.164,54.196,-18.0420,-3.9813,191.89,199.78,-20.1224,-6.9821,,,0.20785,0
57.5833,20,10,2,2,251.25,389.00,dwell,146.06,342.60,114.97,0,178.884,8.107,179.740,-18.40,20.65,147.40,-18.18,-8.16,174.14,53.069,54.010,-22.7488,-6.6122,146.06,342.60,-21.3042,-6.8157,,,0.21870,0
57.6811,20,10,2,2,251.25,389.00,dwell,174.55,335.45,93.54,0,178.878,8.155,179.748,-18.50,20.75,147.53,-18.75,-7.36,173.78,53.195,54.376,-22.7722,-4.8410,174.55,335.45,-21.9648,-5.9270,,,0.18106,0
57.7886,20,10,2,2,251.25,389.00,dwell,179.21,273.70,135.96,0,178.882,8.260,179.753,-18.56,20.56,147.51,-18.06,-7.99,173.36,53.400,54.677,-19.4949,-4.4317,179.21,273.70,-20.8533,-5.2541,,,0.21333,0
57.8828,20,10,2,2,251.25,389.00,dwell,150.34,335.75,114.10,0,178.876,8.251,179.777,-18.61,20.53,147.31,-18.44,-7.87,173.48,53.591,54.667,-22.7614,-5.8661,150.34,335.75,-21.7120,-5.5295,,,0.20913,0
57.9833,20,10,2,2,251.25,389.00,dwell,202.39,314.91,88.75,1,178.848,8.227,179.786,-18.79,20.55,147.52,-18.78,-8.40,173.76,53.976,54.569,-22.3805,-4.0309,202.39,314.91,-22.0128,-4.8551,,,0.23917,0
58.0653,20,10,2,2,251.25,389.00,capture,167.58,321.98,107.20,0,178.907,8.148,179.813,-18.85,20.75,147.58,-18.45,-7.68,173.46,53.868,54.163,-22.7481,-5.2163,167.58,321.98,-22.3437,-5.0176,,,0.20798,0
58.1723,20,10,2,2,251.25,389.00,capture,200.69,311.44,92.58,0,178.920,8.247,179.827,-18.85,20.72,147.57,-18.11,-7.60,174.02,53.835,54.038,-21.6630,-3.9103,200.69,311.44,-22.0374,-4.5193,,,0.21534,0
58.2621,20,10,2,2,251.25,389.00,capture,199.25,300.64,102.53,0,178.946,8.332,179.819,-18.68,20.64,147.85,-18.32,-7.57,173.81,53.816,54.257,-21.5747,-3.8605,199.25,300.64,-21.8292,-4.2229,,,0.21762,0
58.3485,20,10,2,2,251.25,389.00,capture,196.08,329.36,81.24,0,178.891,8.282,179.791,-18.72,20.69,147.86,-18.88,-7.89,174.20,53.673,54.567,-22.8355,-3.6786,196.08,329.36,-22.2820,-3.9780,,,0.20253,0
58.4332,20,10,2,2,251.25,389.00,capture,210.37,311.85,87.31,1,178.874,8.273,179.809,-18.53,20.81,148.09,-17.63,-8.23,174.69,53.897,55.048,-21.7406,-2.8953,210.37,311.85,-22.0384,-3.4908,,,0.20107,0
58.5356,20,10,2,2,251.25,389.00,capture,190.50,286.64,119.03,0,178.782,8.226,179.826,-18.50,20.80,147.87,-18.89,-8.52,174.19,53.540,54.771,-20.7714,-3.8503,190.50,286.64,-21.4682,-3.6526,,,0.18541,0
58.6388,20,10,2,2,251.25,389.00,capture,185.60,291.69,117.38,0,178.724,8.238,179.832,-18.50,20.86,147.99,-18.55,-7.94,174.86,53.306,54.426,-21.2909,-3.8769,185.60,291.69,-21.3884,-3.7535,,,0.21741,0
58.7331,20,10,2,2,251.25,389.00,capture,181.38,304.44,109.69,0,178.753,8.105,179.836,-18.42,20.78,147.82,-17.63,-7.81,174.11,53.276,54.135,-21.2531,-4.2241,181.38,304.44,-21.3275,-3.9653,,,0.18666,0
58.8322,20,10,2,2,251.25,389.00,capture,187.06,313.99,98.73,0,178.795,8.205,179.843,-18.50,20.84,147.74,-17.78,-7.50,173.92,53.244,54.448,-21.6339,-4.3466,187.06,313.99,-21.4654,-4.1369,,,0.19737,0
58.9342,20,10,2,2,251.25,389.00,capture,189.89,306.08,103.15,0,178.754,8.090,179.864,-18.60,20.72,147.56,-17.74,-7.70,174.02,53.470,54.344,-21.9888,-4.4094,189.89,306.08,-21.7009,-4.2595,,,0.19740,0
59.0461,20,10,2,2,251.25,389.00,capture,203.24,306.87,95.13,0,178.748,8.068,179.840,-18.69,20.75,147.34,-18.07,-7.13,173.30,53.684,54.331,-21.4962,-2.9562,203.24,306.87,-21.6088,-3.6730,,,0.20335,0
59.1447,20,10,2,2,251.25,389.00,capture,209.75,280.48,116.18,0,178.720,8.128,179.836,-18.66,20.91,147.54,-17.88,-6.65,173.92,53.276,54.048,-20.8421,-3.2688,209.75,280.48,-21.2638,-3.4911,,,0.22159,0
59.2307,20,10,2,2,251.25,389.00,capture,184.56,296.25,114.24,0,178.870,8.159,179.826,-18.76,20.90,147.64,-18.15,-7.81,173.95,53.736,53.748,-21.7918,-4.5455,184.56,296.25,-21.5014,-3.9656,,,0.21764,0
59.3252,20,10,2,2,251.25,389.00,capture,201.14,301.72,100.64,0,178.991,8.071,179.846,-18.77,21.07,147.61,-17.87,-8.09,173.91,53.489,53.829,-21.6297,-3.5464,201.14,301.72,-21.5591,-3.7769,,,0.21596,0
59.4207,20,10,2,2,251.25,389.00,capture,190.34,286.02,119.64,0,179.076,8.098,179.803,-18.71,20.91,147.39,-18.18,-6.86,173.38,53.742,53.713,-21.6079,-4.1105,190.34,286.02,-21.5811,-3.9271,,,0.21667,0
59.5046,20,10,2,2,251.25,389.00,capture,189.46,294.65,112.78,0,179.040,8.231,179.812,-18.66,20.87,147.25,-18.60,-7.42,174.18,53.424,54.207,-19.3927,-4.2568,189.46,294.65,-20.5963,-4.0754,,,0.21370,0
59.6151,20,10,2,2,251.25,389.00,capture,179.72,320.49,99.05,0,179.045,8.405,179.835,-18.56,20.77,147.12,-18.25,-7.88,173.55,53.415,54.245,-22.0606,-4.1845,179.72,320.49,-21.2553,-4.1245,,,0.19577,0
59.7057,20,10,2,2,251.25,389.00,capture,190.64,305.58,103.11,0,178.950,8.400,179.835,-18.62,20.69,147.10,-18.22,-7.47,173.38,53.385,53.886,-21.0205,-4.2768,190.64,305.58,-21.1496,-4.1930,,,0.20346,0
59.7877,20,10,2,2,251.25,389.00,capture,200.97,301.39,101.01,0,179.054,8.432,179.822,-18.59,20.47,147.13,-18.34,-8.40,172.62,53.500,53.587,-22.6427,-3.9944,200.97,301.39,-21.8215,-4.1037,,,0.20034,0
59.8802,20,10,2,2,251.25,389.00,capture,210.99,314.66,84.54,1,178.990,8.459,179.830,-18.52,20.29,147.11,-18.05,-7.04,173.04,53.636,54.231,-21.6499,-2.7703,210.99,314.66,-21.7443,-3.5036,,,0.17078,0
