t_s,trial,cell_idx,row,col,target_x,target_y,phase,pred_x,pred_y,err_pt,in_cell,head_yaw_deg,head_pitch_deg,head_roll_deg,head_tx_mm,head_ty_mm,head_tz_mm,eye_cam_x_mm,eye_cam_y_mm,eye_cam_z_mm,pupil_left_px,pupil_right_px,raw_pitch_deg,raw_yaw_deg,raw_pred_x,raw_pred_y,filt_pitch_deg,filt_yaw_deg,filt_pred_x,filt_pred_y,ear,blink_held
0.0492,1,15,3,3,351.75,453.83,dwell,298.34,182.66,276.38,0,178.806,8.262,179.762,-18.46,18.82,147.90,-17.96,-10.14,174.54,54.860,53.919,-17.1450,0.3763,298.34,182.66,-17.1450,0.3763,,,0.26991,0
0.1408,1,15,3,3,351.75,453.83,dwell,274.55,313.15,160.47,0,178.923,8.226,179.786,-18.38,19.01,147.90,-18.11,-9.37,174.51,54.914,54.024,-22.0033,-0.2433,274.55,313.15,-19.3312,0.0975,,,0.25784,0
0.2436,1,15,3,3,351.75,453.83,dwell,253.97,206.71,265.76,0,178.942,8.245,179.760,-18.32,19.24,147.90,-17.57,-9.07,174.30,54.835,54.171,-16.8376,-1.1423,253.97,206.71,-18.2091,-0.4604,,,0.24784,0
0.3297,1,15,3,3,351.75,453.83,dwell,241.61,259.89,223.04,0,178.907,8.240,179.757,-18.33,19.52,148.07,-18.33,-9.29,174.69,54.661,54.000,-20.7672,-1.2248,241.61,259.89,-19.3603,-0.8044,,,0.26734,0
0.4288,1,15,3,3,351.75,453.83,dwell,192.84,309.25,214.84,0,178.978,8.351,179.750,-18.52,19.74,148.29,-18.18,-8.41,174.48,54.443,54.167,-21.9565,-3.9956,192.84,309.25,-20.5286,-2.2404,,,0.22859,0
0.5398,1,15,3,3,351.75,453.83,dwell,313.64,336.82,123.06,0,179.119,8.390,179.742,-18.47,20.02,148.05,-18.08,-8.64,174.58,53.928,54.572,-23.7258,1.6007,313.64,336.82,-21.9673,-0.5119,,,0.23074,0
0.6314,1,15,3,3,351.75,453.83,dwell,232.86,237.97,246.44,0,179.120,8.382,179.769,-18.54,19.96,148.12,-18.13,-7.90,174.53,54.050,54.505,-20.0230,-1.9198,232.86,237.97,-21.0924,-1.1455,,,0.20669,0
0.7224,1,15,3,3,351.75,453.83,dwell,240.83,239.04,241.74,0,179.016,8.382,179.779,-18.54,20.26,147.86,-18.36,-8.44,173.66,54.340,54.611,-18.3826,-1.6900,240.83,239.04,-19.8730,-1.3905,,,0.21707,0
0.8176,1,15,3,3,351.75,453.83,dwell,261.44,264.44,209.82,0,178.955,8.410,179.792,-18.65,20.19,147.96,-18.39,-8.45,174.50,53.949,54.750,-19.5430,-0.6402,261.44,264.44,-19.7245,-1.0529,,,0.20846,0
0.9285,1,15,3,3,351.75,453.83,dwell,296.51,210.66,249.37,0,179.017,8.365,179.810,-18.75,20.28,148.09,-18.90,-7.36,174.76,53.935,54.864,-18.6663,1.3904,296.51,210.66,-19.2483,0.0466,,,0.23056,0
1.0402,1,15,3,3,351.75,453.83,dwell,299.18,301.53,161.12,0,179.000,8.360,179.840,-18.70,20.42,147.89,-18.24,-8.15,174.45,53.994,54.497,-21.6357,0.7838,299.18,301.53,-20.3226,0.3783,,,0.19810,0
1.1633,1,15,3,3,351.75,453.83,capture,293.09,242.72,219.11,0,179.003,8.257,179.867,-18.72,20.58,147.84,-18.59,-7.45,174.17,54.092,54.461,-19.2282,0.4689,293.09,242.72,-19.8302,0.4191,,,0.22367,0
1.2700,1,15,3,3,351.75,453.83,capture,304.10,253.81,205.62,0,178.988,8.160,179.865,-18.73,20.71,147.85,-17.98,-7.41,174.49,54.213,54.498,-19.5891,1.0696,304.10,253.81,-19.7217,0.7118,,,0.21731,0
1.3781,1,15,3,3,351.75,453.83,capture,290.90,243.08,219.36,0,178.936,8.126,179.866,-18.73,20.82,148.08,-18.56,-8.01,174.43,54.391,54.378,-19.7734,0.5375,290.90,243.08,-19.7449,0.6334,,,0.22605,0
1.4788,1,15,3,3,351.75,453.83,capture,320.92,261.37,194.92,0,178.907,8.126,179.866,-18.68,20.80,148.17,-18.07,-7.66,174.52,54.247,54.569,-19.9700,1.6763,320.92,261.37,-19.8462,1.1027,,,0.21305,0
1.5868,1,15,3,3,351.75,453.83,capture,300.47,249.93,210.25,0,178.836,8.114,179.862,-18.66,20.58,148.07,-17.87,-8.04,174.19,53.965,54.281,-19.4038,1.0030,300.47,249.93,-19.6471,1.0578,,,0.22473,0
1.6979,1,15,3,3,351.75,453.83,capture,306.85,219.15,238.94,0,178.791,8.015,179.855,-18.64,20.66,147.72,-17.88,-7.39,174.01,53.813,54.326,-17.6521,1.0062,306.85,219.15,-18.7493,1.0346,,,0.21211,0
1.8125,1,15,3,3,351.75,453.83,capture,296.71,227.32,233.10,0,178.803,7.938,179.879,-18.51,20.70,147.89,-18.08,-7.65,174.44,53.659,54.313,-18.2225,1.3204,296.71,227.32,-18.5123,1.1632,,,0.19673,0
1.9171,1,15,3,3,351.75,453.83,capture,315.55,266.24,191.05,0,178.816,8.002,179.856,-18.48,20.75,147.72,-18.38,-8.60,173.79,53.874,54.350,-19.9790,1.3605,315.55,266.24,-19.1723,1.2520,,,0.20204,0
2.0151,1,15,3,3,351.75,453.83,capture,277.98,231.69,234.07,0,178.938,7.892,179.848,-18.36,20.51,147.69,-17.38,-7.68,174.64,54.167,54.325,-19.7492,0.2620,277.98,231.69,-19.4319,0.8065,,,0.19683,0
2.1207,1,15,3,3,351.75,453.83,capture,297.24,255.06,206.11,0,178.901,7.961,179.864,-18.37,20.72,147.60,-18.26,-7.90,174.35,54.247,54.631,-19.2257,1.1363,297.24,255.06,-19.3391,0.9549,,,0.22374,0
2.2212,1,15,3,3,351.75,453.83,capture,282.53,245.51,219.52,0,178.787,8.009,179.875,-18.41,20.70,147.67,-18.02,-7.90,174.06,54.447,53.974,-18.5810,0.6012,282.53,245.51,-18.9980,0.7958,,,0.23639,0
2.3241,1,15,3,3,351.75,453.83,capture,275.84,252.32,215.34,0,178.902,8.215,179.874,-18.50,20.80,147.78,-17.70,-7.94,173.93,54.092,54.007,-19.8973,-0.0036,275.84,252.32,-19.4027,0.4360,,,0.22783,0
2.4361,1,15,3,3,351.75,453.83,capture,316.24,234.09,222.59,0,178.901,8.229,179.874,-18.53,20.88,148.07,-18.39,-8.23,175.07,54.112,54.292,-18.3901,2.0030,316.24,234.09,-18.9470,1.1412,,,0.20009,0
2.5387,1,15,3,3,351.75,453.83,capture,314.84,248.05,209.07,0,178.958,8.238,179.842,-18.59,21.08,148.03,-18.44,-7.05,174.63,54.121,54.630,-20.1144,1.5270,314.84,248.05,-19.4723,1.3148,,,0.22559,0
2.6320,1,15,3,3,351.75,453.83,capture,286.86,234.86,228.39,0,178.912,8.226,179.819,-18.42,21.07,147.92,-18.52,-8.81,174.60,54.146,54.568,-18.6286,0.2736,286.86,234.86,-19.0927,0.8463,,,0.21287,0
2.7500,1,15,3,3,351.75,453.83,capture,303.16,241.36,217.96,0,178.930,8.231,179.826,-18.28,21.00,148.23,-17.56,-7.72,174.58,53.895,54.579,-19.6622,0.7039,303.16,241.36,-19.3489,0.7822,,,0.21993,0
2.8446,1,15,3,3,351.75,453.83,capture,286.22,211.91,250.64,0,178.732,8.198,179.815,-18.28,21.13,147.91,-17.47,-7.04,174.65,54.032,54.450,-18.7869,0.6873,286.22,211.91,-19.0960,0.7395,,,0.21944,0
2.9591,1,15,3,3,351.75,453.83,capture,303.59,211.83,246.75,0,178.712,8.470,179.774,-18.40,21.25,147.88,-17.98,-7.79,174.11,54.136,54.446,-19.0402,1.4738,303.59,211.83,-19.0709,1.0699,,,0.22889,0
3.0411,1,15,3,3,351.75,453.83,capture,310.58,217.02,240.37,0,178.784,8.422,179.791,-18.43,21.26,147.57,-17.70,-7.31,173.69,54.028,54.287,-17.8425,1.2891,310.58,217.02,-18.5181,1.1686,,,0.22017,0
3.1496,1,15,3,3,351.75,453.83,capture,289.73,230.09,232.18,0,178.858,8.524,179.799,-18.42,21.44,147.61,-18.21,-7.38,173.54,53.722,53.790,-19.2029,0.5539,289.73,230.09,-18.8263,0.8919,,,0.17554,0
3.3311,2,2,0,2,251.25,64.83,dwell,294.58,301.61,240.71,0,178.875,8.369,179.823,-18.45,21.39,147.67,-17.93,-7.52,174.20,53.416,54.320,-20.8461,0.6089,294.58,301.61,-20.8461,0.6089,,,0.20563,0
3.4558,2,2,0,2,251.25,64.83,dwell,265.93,229.73,165.55,0,178.869,8.286,179.774,-18.46,21.24,147.29,-18.27,-7.38,173.18,53.272,54.212,-18.6246,-0.6559,265.93,229.73,-19.8464,0.0398,,,0.18540,0
3.5812,2,2,0,2,251.25,64.83,dwell,284.11,-14.44,85.81,0,178.869,8.144,179.744,-18.39,21.20,147.47,-18.28,-7.80,173.87,53.019,54.398,-9.1177,-0.2925,284.11,-14.44,-15.0185,-0.1097,,,0.21750,0
3.7073,2,2,0,2,251.25,64.83,dwell,293.25,181.33,123.84,0,178.877,8.126,179.748,-18.29,21.27,147.45,-18.12,-6.72,174.14,53.241,54.206,-16.5422,0.3567,293.25,181.33,-15.7042,0.1001,,,0.19808,0
3.8075,2,2,0,2,251.25,64.83,dwell,238.49,70.77,14.07,1,178.822,8.022,179.773,-18.34,21.12,147.37,-17.99,-7.50,173.59,53.080,53.725,-12.6949,-1.5720,238.49,70.77,-14.3500,-0.6523,,,0.18244,0
3.9027,2,2,0,2,251.25,64.83,dwell,263.96,50.29,19.31,1,178.838,7.960,179.789,-18.25,20.84,147.51,-17.64,-7.98,173.81,53.357,53.618,-11.7010,-0.6819,263.96,50.29,-13.1579,-0.6656,,,0.20398,0
4.0134,2,2,0,2,251.25,64.83,dwell,251.63,64.85,0.38,1,178.971,7.996,179.790,-18.34,20.64,147.48,-18.28,-6.81,173.91,53.407,53.466,-12.4661,-1.1785,251.63,64.85,-12.8466,-0.8964,,,0.21443,0
4.0984,2,2,0,2,251.25,64.83,dwell,252.74,63.81,1.81,1,178.979,7.882,179.817,-18.34,20.74,147.61,-17.92,-6.81,174.22,53.347,53.480,-12.2977,-0.6251,252.74,63.81,-12.5996,-0.7743,,,0.20303,0
4.1809,2,2,0,2,251.25,64.83,capture,226.51,-3.29,72.48,0,179.016,7.839,179.826,-18.36,20.96,147.59,-17.96,-8.28,173.81,53.540,53.548,-9.7351,-2.3545,226.51,-3.29,-11.3106,-1.4854,,,0.19778,0
4.3100,2,2,0,2,251.25,64.83,capture,222.82,20.60,52.58,1,178.899,7.689,179.809,-18.26,20.89,147.33,-17.74,-7.34,173.97,53.205,53.486,-10.0563,-2.6093,222.82,20.60,-10.7461,-1.9912,,,0.20016,0
4.3944,2,2,0,2,251.25,64.83,capture,202.06,32.15,59.06,1,178.989,7.755,179.793,-18.29,20.82,147.41,-17.96,-7.71,173.64,53.463,53.615,-10.7369,-3.4615,202.06,32.15,-10.7420,-2.6528,,,0.20750,0
4.4942,2,2,0,2,251.25,64.83,capture,237.41,39.51,28.86,1,179.023,7.876,179.789,-18.31,20.96,147.29,-18.05,-7.14,173.40,53.570,53.977,-11.6604,-2.0946,237.41,39.51,-11.1553,-2.4016,,,0.19368,0
4.6092,2,2,0,2,251.25,64.83,capture,238.10,24.98,41.97,1,179.057,7.950,179.776,-18.26,20.93,147.27,-17.75,-7.51,173.56,53.618,54.432,-10.9947,-1.6417,238.10,24.98,-11.0830,-2.0597,,,0.22816,0
4.7164,2,2,0,2,251.25,64.83,capture,210.71,23.22,58.10,1,179.036,8.008,179.730,-18.27,20.98,147.52,-17.72,-7.68,174.00,53.788,54.216,-10.6870,-2.7593,210.71,23.22,-10.9048,-2.3745,,,0.19807,0
4.8191,2,2,0,2,251.25,64.83,capture,217.21,49.81,37.21,1,179.097,7.863,179.752,-18.07,21.08,147.41,-16.74,-6.34,173.89,54.062,53.971,-11.6496,-2.3960,217.21,49.81,-11.2400,-2.3842,,,0.22278,0
4.9201,2,2,0,2,251.25,64.83,capture,215.99,28.68,50.50,1,178.936,7.927,179.745,-18.13,20.88,147.55,-17.72,-6.34,173.58,53.534,53.660,-11.5931,-2.7448,215.99,28.68,-11.3989,-2.5465,,,0.21788,0
5.0278,2,2,0,2,251.25,64.83,capture,210.51,34.39,50.86,1,178.926,8.009,179.779,-18.10,20.90,147.63,-17.87,-7.79,174.34,53.614,54.236,-11.3288,-3.2570,210.51,34.39,-11.3674,-2.8662,,,0.23423,0
5.1735,2,2,0,2,251.25,64.83,capture,230.40,35.85,35.70,1,178.942,8.040,179.796,-18.17,20.72,147.67,-17.31,-8.08,174.31,53.771,53.993,-10.7288,-2.6209,230.40,35.85,-11.0800,-2.7558,,,0.21382,0
5.2611,2,2,0,2,251.25,64.83,capture,217.30,29.13,49.27,1,178.817,7.958,179.793,-18.37,20.90,147.67,-17.86,-7.60,173.94,53.782,54.276,-10.8053,-3.0036,217.30,29.13,-10.9564,-2.8673,,,0.22426,0
5.3527,2,2,0,2,251.25,64.83,capture,225.62,32.34,41.38,1,178.892,7.900,179.772,-18.56,20.80,147.64,-17.99,-7.87,174.09,53.866,54.453,-11.3937,-2.4879,225.62,32.34,-11.1532,-2.6966,,,0.20739,0
5.4461,2,2,0,2,251.25,64.83,capture,211.24,50.42,42.53,1,178.867,7.863,179.806,-18.61,20.69,147.59,-18.55,-7.37,174.27,53.813,54.760,-12.8334,-3.4353,211.24,50.42,-11.9093,-3.0290,,,0.21223,0
5.5421,2,2,0,2,251.25,64.83,capture,219.92,44.66,37.26,1,178.820,7.817,179.814,-18.64,20.64,147.55,-17.92,-7.07,173.65,54.071,54.329,-11.8700,-3.0563,219.92,44.66,-11.8916,-3.0413,,,0.22642,0
5.6525,2,2,0,2,251.25,64.83,capture,213.36,14.55,62.96,1,178.934,7.821,179.817,-18.55,20.62,147.70,-17.67,-8.16,173.46,53.686,54.343,-10.4145,-2.4927,213.36,14.55,-11.2269,-2.7944,,,0.20530,0
5.7435,2,2,0,2,251.25,64.83,capture,225.52,20.82,50.98,1,178.986,7.834,179.793,-18.56,20.45,147.87,-17.34,-8.35,173.96,53.788,54.350,-10.2849,-3.0240,225.52,20.82,-10.8030,-2.8977,,,0.21398,0
5.8295,2,2,0,2,251.25,64.83,capture,213.33,43.27,43.62,1,178.884,7.716,179.767,-18.50,20.60,147.78,-18.51,-7.71,174.07,53.803,54.434,-10.6935,-3.1679,213.33,43.27,-10.7537,-3.0193,,,0.21417,0
5.9202,2,2,0,2,251.25,64.83,capture,221.67,47.54,34.26,1,178.916,7.747,179.784,-18.61,20.68,147.98,-18.25,-7.91,174.61,53.532,54.494,-11.7128,-2.9890,221.67,47.54,-11.1853,-3.0057,,,0.17907,0
6.0024,2,2,0,2,251.25,64.83,capture,216.36,26.44,51.88,1,178.967,7.623,179.756,-18.68,20.68,148.36,-18.15,-7.34,174.74,53.533,54.442,-10.9730,-2.1545,216.36,26.44,-11.0898,-2.6226,,,0.19811,0
6.0986,2,2,0,2,251.25,64.83,capture,214.36,27.15,52.73,1,178.777,7.698,179.757,-18.75,20.72,148.66,-18.47,-8.31,175.10,53.687,54.446,-11.6047,-2.6141,214.36,27.15,-11.3215,-2.6188,,,0.21308,0
6.2938,3,11,2,3,351.75,324.17,dwell,244.17,45.14,299.05,0,178.913,7.629,179.772,-18.67,20.69,148.71,-18.31,-7.92,175.39,53.672,54.855,-11.0268,-1.4851,244.17,45.14,-11.0268,-1.4851,,,0.23724,0
6.3843,3,11,2,3,351.75,324.17,dwell,370.09,237.33,88.75,0,178.991,7.867,179.798,-18.70,20.68,148.38,-18.66,-7.13,174.94,53.950,54.517,-19.0541,4.2251,370.09,237.33,-14.6391,1.0845,,,0.22730,0
6.4813,3,11,2,3,351.75,324.17,dwell,293.27,70.82,260.01,0,178.897,7.778,179.845,-18.60,20.61,148.51,-17.75,-7.75,175.11,54.060,54.475,-12.7365,1.2095,293.27,70.82,-13.7829,1.1407,,,0.23160,0
6.5761,3,11,2,3,351.75,324.17,dwell,268.51,211.39,140.17,0,178.991,7.771,179.830,-18.58,20.70,148.50,-18.02,-8.10,175.15,53.818,54.620,-16.9642,0.0570,268.51,211.39,-15.2145,0.6531,,,0.20786,0
6.6617,3,11,2,3,351.75,324.17,dwell,339.37,40.86,283.58,0,178.804,7.709,179.847,-18.56,20.53,148.44,-17.77,-7.42,175.30,54.179,54.384,-10.1331,2.8090,339.37,40.86,-12.9279,1.6232,,,0.24264,0
6.7613,3,11,2,3,351.75,324.17,dwell,301.55,23.08,305.24,0,178.917,7.607,179.831,-18.55,20.58,148.31,-17.71,-7.77,175.07,54.134,54.515,-10.2445,1.5243,301.55,23.08,-11.7204,1.5787,,,0.24322,0
6.8766,3,11,2,3,351.75,324.17,dwell,351.17,88.04,236.13,0,178.800,7.805,179.839,-18.51,20.46,148.15,-18.01,-8.22,174.97,54.044,54.590,-13.0671,2.8721,351.17,88.04,-12.3264,2.1607,,,0.22889,0
6.9715,3,11,2,3,351.75,324.17,dwell,308.99,169.06,160.89,0,178.813,7.822,179.833,-18.38,20.46,148.09,-18.61,-7.33,174.18,53.769,54.509,-16.0342,0.8074,308.99,169.06,-13.9949,1.5517,,,0.22620,0
7.0714,3,11,2,3,351.75,324.17,dwell,280.60,173.81,166.34,0,178.839,7.703,179.798,-18.47,20.45,148.06,-17.75,-7.55,174.67,53.705,54.671,-17.4853,0.2979,280.60,173.81,-15.5656,0.9875,,,0.20997,0
7.1680,3,11,2,3,351.75,324.17,dwell,309.55,127.12,201.51,0,178.744,7.701,179.811,-18.39,20.30,147.71,-18.58,-8.44,174.33,53.429,54.610,-15.3703,1.3767,309.55,127.12,-15.4777,1.1626,,,0.17157,0
7.2779,3,11,2,3,351.75,324.17,capture,330.97,161.49,164.00,0,178.781,7.789,179.803,-18.42,20.46,147.63,-17.85,-7.97,173.61,53.376,54.947,-15.3150,2.7420,330.97,161.49,-15.4045,1.8734,,,0.21712,0
7.3714,3,11,2,3,351.75,324.17,capture,336.25,156.95,167.93,0,178.845,7.775,179.813,-18.31,20.56,147.64,-18.36,-8.04,174.03,53.314,54.680,-16.0561,2.2997,336.25,156.95,-15.6977,2.0652,,,0.21538,0
7.4914,3,11,2,3,351.75,324.17,capture,330.39,153.49,172.01,0,178.981,7.799,179.806,-18.21,20.71,147.53,-17.77,-7.92,174.16,53.118,54.587,-15.7878,2.7409,330.39,153.49,-15.7382,2.3693,,,0.19752,0
7.5871,3,11,2,3,351.75,324.17,capture,350.30,170.56,153.61,0,178.933,7.860,179.840,-18.27,20.66,147.52,-18.05,-7.53,174.13,53.273,54.743,-16.1890,3.6466,350.30,170.56,-15.9411,2.9441,,,0.21677,0
7.6850,3,11,2,3,351.75,324.17,capture,366.72,148.90,175.90,0,179.017,8.007,179.846,-18.17,20.53,147.50,-17.79,-7.56,173.43,53.171,55.016,-15.8667,4.6291,366.72,148.90,-15.9076,3.7023,,,0.18196,0
7.7900,3,11,2,3,351.75,324.17,capture,357.52,138.72,185.54,0,178.982,8.137,179.875,-18.17,20.54,147.44,-17.69,-8.41,173.37,53.192,54.670,-14.2777,4.0084,357.52,138.72,-15.1742,3.8401,,,0.20505,0
7.8737,3,11,2,3,351.75,324.17,capture,347.70,148.48,175.73,0,179.005,8.055,179.876,-18.20,20.41,147.47,-17.77,-8.58,173.60,53.053,54.394,-15.2630,3.4364,347.70,148.48,-15.2141,3.6584,,,0.18904,0
7.9810,3,11,2,3,351.75,324.17,capture,336.49,166.92,157.99,0,179.065,8.050,179.878,-18.32,20.54,147.51,-18.40,-7.54,173.73,53.069,53.940,-16.8214,3.0627,336.49,166.92,-15.9374,3.3903,,,0.18333,0
8.0965,3,11,2,3,351.75,324.17,capture,354.27,168.96,155.23,0,179.124,8.060,179.883,-18.37,20.54,147.62,-18.03,-9.05,174.53,53.418,53.672,-16.3131,3.8651,354.27,168.96,-16.1065,3.6040,,,0.20560,0
8.2074,3,11,2,3,351.75,324.17,capture,370.01,142.45,182.63,0,179.114,8.128,179.884,-18.26,20.59,147.42,-17.45,-7.87,173.32,53.139,53.733,-15.2840,3.7275,370.01,142.45,-15.7364,3.6596,,,0.17095,0
8.2894,3,11,2,3,351.75,324.17,capture,361.75,151.74,172.72,0,178.949,8.172,179.852,-18.34,20.62,147.53,-17.80,-6.84,174.06,53.026,54.242,-15.5421,3.8197,361.75,151.74,-15.6489,3.7316,,,0.17647,0
8.3761,3,11,2,3,351.75,324.17,capture,344.10,170.33,154.03,0,179.004,8.273,179.845,-18.32,20.65,147.57,-18.11,-7.64,173.72,53.049,54.494,-16.2672,3.4522,344.10,170.33,-15.9272,3.6059,,,0.19221,0
8.4792,3,11,2,3,351.75,324.17,capture,375.50,136.76,188.91,0,179.148,8.188,179.831,-18.35,20.70,147.67,-17.80,-8.04,174.35,53.377,54.386,-15.0548,4.8924,375.50,136.76,-15.5346,4.1848,,,0.21196,0
8.5780,3,11,2,3,351.75,324.17,capture,344.95,141.84,182.45,0,179.185,8.180,179.831,-18.46,20.76,148.01,-18.08,-8.50,174.42,53.455,54.573,-15.0724,3.1031,344.95,141.84,-15.3266,3.6981,,,0.20893,0
8.6777,3,11,2,3,351.75,324.17,capture,352.68,145.49,178.68,0,179.152,8.041,179.822,-18.52,20.79,147.90,-17.56,-8.65,174.36,53.569,54.265,-15.7379,3.3082,352.68,145.49,-15.5117,3.5226,,,0.21864,0
8.7803,3,11,2,3,351.75,324.17,capture,350.39,125.94,198.23,0,179.066,8.009,179.802,-18.43,20.67,147.70,-17.64,-8.43,173.95,53.473,54.348,-14.9679,3.7553,350.39,125.94,-15.2670,3.6273,,,0.19972,0
8.8711,3,11,2,3,351.75,324.17,capture,339.20,162.46,162.19,0,179.061,8.048,179.818,-18.39,20.62,147.46,-17.64,-7.80,173.53,53.530,54.388,-16.3715,2.8093,339.20,162.46,-15.7640,3.2592,,,0.19825,0
8.9671,3,11,2,3,351.75,324.17,capture,347.72,131.72,192.49,0,179.049,8.108,179.766,-18.55,20.61,147.39,-18.30,-7.69,173.44,53.339,54.429,-14.0109,3.3492,347.72,131.72,-14.9751,3.2997,,,0.19777,0
9.1403,4,20,5,0,50.25,713.17,dwell,308.31,235.59,542.84,0,179.081,8.351,179.746,-18.46,20.62,147.32,-17.63,-8.54,173.68,53.827,53.650,-19.5658,1.8741,308.31,235.59,-19.5658,1.8741,,,0.23139,0
9.2344,4,20,5,0,50.25,713.17,dwell,172.29,275.73,454.14,0,179.026,8.274,179.752,-18.45,20.55,147.44,-18.15,-7.87,173.54,54.172,53.664,-20.3604,-4.6238,172.29,275.73,-19.9234,-1.0499,,,0.24080,0
9.3305,4,20,5,0,50.25,713.17,dwell,204.93,275.87,463.85,0,178.985,8.286,179.764,-18.41,20.42,147.53,-17.68,-8.41,173.50,53.774,53.856,-20.3713,-3.4522,204.93,275.87,-20.1250,-2.1310,,,0.18296,0
9.4360,4,20,5,0,50.25,713.17,dwell,190.77,347.41,391.82,0,178.835,8.414,179.769,-18.35,20.41,147.52,-17.73,-8.26,173.60,53.624,53.858,-23.0640,-3.9238,190.77,347.41,-21.4475,-2.9378,,,0.20485,0
9.5389,4,20,5,0,50.25,713.17,dwell,190.58,190.00,541.66,0,178.821,8.565,179.790,-18.21,20.31,147.20,-17.94,-8.30,173.65,53.351,54.177,-16.7841,-3.9265,190.58,190.00,-19.3490,-3.3827,,,0.23027,0
9.6462,4,20,5,0,50.25,713.17,dwell,211.10,444.08,313.50,0,179.033,8.514,179.809,-18.29,20.30,147.38,-17.89,-7.81,173.61,53.450,54.170,-26.7215,-3.2341,211.10,444.08,-22.6666,-3.3158,,,0.20419,0
9.7377,4,20,5,0,50.25,713.17,dwell,74.00,415.90,298.21,0,178.935,8.646,179.806,-18.11,20.21,147.49,-18.22,-9.09,173.64,53.449,54.077,-26.2635,-9.4266,74.00,415.90,-24.2852,-6.0657,,,0.20159,0
9.8231,4,20,5,0,50.25,713.17,dwell,53.10,467.96,245.22,0,178.796,8.754,179.844,-18.07,20.21,147.65,-17.54,-8.36,173.88,53.394,53.757,-27.9774,-10.4177,53.10,467.96,-25.9467,-8.0241,,,0.20066,0
9.9157,4,20,5,0,50.25,713.17,dwell,59.80,479.06,234.30,0,178.706,8.710,179.834,-18.11,20.36,147.82,-18.14,-8.32,173.92,53.756,54.062,-28.5174,-9.7717,59.80,479.06,-27.1035,-8.8105,,,0.19810,0
10.0207,4,20,5,0,50.25,713.17,dwell,52.84,537.79,175.40,0,178.747,8.724,179.831,-18.11,20.45,147.94,-18.06,-8.77,174.29,53.878,53.893,-31.4407,-10.5202,52.84,537.79,-29.0553,-9.5799,,,0.21445,0
10.1155,4,20,5,0,50.25,713.17,capture,23.02,570.02,145.71,0,178.678,8.774,179.847,-17.98,20.46,147.89,-17.44,-8.85,174.21,54.012,54.171,-31.5956,-12.1317,23.02,570.02,-30.1984,-10.7282,,,0.20889,0
10.2037,4,20,5,0,50.25,713.17,capture,28.04,567.31,147.54,0,178.755,8.755,179.877,-17.93,20.44,147.88,-17.55,-8.06,174.35,54.000,54.592,-31.8915,-12.3311,28.04,567.31,-30.9603,-11.4495,,,0.23033,0
10.2974,4,20,5,0,50.25,713.17,capture,29.15,566.94,147.74,0,178.811,8.648,179.848,-18.01,20.46,147.73,-18.23,-8.51,174.48,54.199,53.924,-31.7098,-11.6073,29.15,566.94,-31.2976,-11.5205,,,0.19807,0
10.4038,4,20,5,0,50.25,713.17,capture,14.42,575.13,142.61,0,178.820,8.694,179.847,-18.08,20.43,147.67,-17.33,-7.81,173.98,54.160,54.097,-32.0306,-11.3673,14.42,575.13,-31.6274,-11.4516,,,0.21196,0
10.4952,4,20,5,0,50.25,713.17,capture,23.35,558.18,157.30,0,178.614,8.560,179.844,-18.17,20.55,147.69,-17.77,-7.98,173.69,53.719,53.950,-31.0550,-12.2252,23.35,558.18,-31.3699,-11.7997,,,0.20818,0
10.5896,4,20,5,0,50.25,713.17,capture,22.93,590.76,125.42,0,178.657,8.527,179.847,-18.17,20.73,147.41,-18.09,-7.12,173.81,53.414,53.375,-33.2427,-12.0731,22.93,590.76,-32.2126,-11.9227,,,0.21783,0
10.6919,4,20,5,0,50.25,713.17,capture,31.74,565.19,149.13,0,178.719,8.457,179.880,-18.20,20.71,147.62,-17.86,-8.93,174.14,53.674,53.418,-31.7423,-11.3452,31.74,565.19,-32.0010,-11.6628,,,0.19015,0
10.8018,4,20,5,0,50.25,713.17,capture,30.51,556.12,158.28,0,178.747,8.506,179.883,-18.36,20.59,147.66,-17.97,-8.29,174.16,53.556,53.140,-31.0821,-11.0260,30.51,556.12,-31.5875,-11.3762,,,0.23222,0
10.8859,4,20,5,0,50.25,713.17,capture,20.31,568.14,148.08,0,178.762,8.576,179.844,-18.31,20.51,147.43,-18.53,-7.65,174.03,53.531,53.229,-32.2773,-11.8470,20.31,568.14,-31.8979,-11.5881,,,0.21549,0
10.9841,4,20,5,0,50.25,713.17,capture,50.03,593.35,119.82,0,178.678,8.583,179.871,-18.27,20.48,147.24,-18.21,-7.82,173.20,53.408,53.396,-33.6105,-10.0276,50.03,593.35,-32.6686,-10.8859,,,0.20197,0
11.0758,4,20,5,0,50.25,713.17,capture,43.15,567.02,146.32,0,178.770,8.620,179.885,-18.35,20.50,147.18,-18.19,-7.75,173.32,53.412,53.603,-31.6879,-10.9500,43.15,567.02,-32.2273,-10.9147,,,0.19629,0
11.1907,4,20,5,0,50.25,713.17,capture,15.13,579.94,137.78,0,178.863,8.567,179.888,-18.46,20.49,147.09,-17.76,-7.54,173.45,53.595,53.511,-32.3320,-12.0455,15.13,579.94,-32.2744,-11.4236,,,0.21786,0
11.3013,4,20,5,0,50.25,713.17,capture,25.18,566.39,148.90,0,178.946,8.669,179.891,-18.46,20.45,147.33,-17.59,-8.35,173.54,53.702,53.529,-32.2779,-12.0703,25.18,566.39,-32.2760,-11.7146,,,0.20463,0
11.4142,4,20,5,0,50.25,713.17,capture,17.87,571.79,145.04,0,178.993,8.595,179.879,-18.28,20.74,147.08,-17.65,-7.45,173.66,53.417,53.469,-31.3820,-11.2131,17.87,571.79,-31.8737,-11.4889,,,0.19944,0
11.5105,4,20,5,0,50.25,713.17,capture,14.68,530.80,185.80,0,178.960,8.521,179.857,-18.24,20.70,147.28,-17.98,-7.58,173.45,53.510,53.979,-30.8352,-12.4533,14.68,530.80,-31.4064,-11.9229,,,0.24171,0
11.6234,4,20,5,0,50.25,713.17,capture,30.13,569.19,145.38,0,178.888,8.508,179.818,-18.36,20.72,147.44,-17.90,-8.41,173.47,53.396,53.929,-32.3965,-11.1796,30.13,569.19,-31.8519,-11.5884,,,0.21361,0
11.7321,4,20,5,0,50.25,713.17,capture,24.54,569.98,145.48,0,178.830,8.519,179.829,-18.25,20.76,147.39,-17.33,-8.06,173.73,53.298,53.714,-31.6496,-12.0117,24.54,569.98,-31.7609,-11.7789,,,0.20852,0
11.8479,4,20,5,0,50.25,713.17,capture,39.95,566.06,147.47,0,178.853,8.626,179.817,-18.26,20.75,147.38,-17.74,-7.75,173.92,53.279,53.808,-32.4523,-11.0636,39.95,566.06,-32.0720,-11.4570,,,0.23265,0
11.9463,4,20,5,0,50.25,713.17,capture,33.43,509.44,204.42,0,178.923,8.732,179.784,-18.25,20.68,147.53,-17.58,-6.95,173.84,53.098,53.857,-29.8897,-10.8232,33.43,509.44,-31.0900,-11.1718,,,0.18381,0
12.0498,4,20,5,0,50.25,713.17,capture,26.02,561.62,153.47,0,178.822,8.769,179.794,-18.19,20.78,147.44,-17.34,-7.84,173.86,53.286,54.230,-32.2588,-11.9649,26.02,561.62,-31.6159,-11.5287,,,0.19166,0
12.2456,5,17,4,1,150.75,583.50,dwell,84.82,576.99,66.25,0,178.949,8.723,179.792,-18.19,20.92,147.42,-17.56,-6.76,173.55,53.482,54.156,-31.4568,-9.1125,84.82,576.99,-31.4568,-9.1125,,,0.19030,0
12.3413,5,17,4,1,150.75,583.50,dwell,55.25,488.38,134.79,0,178.871,8.671,179.808,-18.22,20.80,147.53,-17.89,-6.92,174.34,53.398,53.864,-28.3837,-10.3219,55.25,488.38,-30.0739,-9.6567,,,0.20321,0
12.4667,5,17,4,1,150.75,583.50,dwell,88.05,519.39,89.67,0,178.904,8.760,179.828,-18.14,20.82,147.59,-17.52,-7.92,173.51,53.453,53.722,-29.8313,-8.3149,88.05,519.39,-29.9647,-9.0529,,,0.20371,0
12.5602,5,17,4,1,150.75,583.50,dwell,57.65,540.47,102.56,0,178.917,8.870,179.825,-18.22,20.95,147.79,-17.59,-8.19,173.72,53.856,53.737,-31.5053,-9.7757,57.65,540.47,-30.6580,-9.3781,,,0.23260,0
12.6555,5,17,4,1,150.75,583.50,dwell,102.69,593.54,49.10,1,178.905,8.661,179.829,-18.24,20.76,147.56,-18.00,-6.77,173.86,53.989,53.658,-32.7714,-8.3834,102.69,593.54,-31.6090,-8.9305,,,0.21529,0
12.7421,5,17,4,1,150.75,583.50,dwell,124.99,667.94,88.28,0,178.901,8.688,179.839,-18.13,20.79,147.97,-17.57,-7.36,174.68,54.158,53.781,-36.0665,-7.0675,124.99,667.94,-33.6149,-8.0921,,,0.22419,0
12.8388,5,17,4,1,150.75,583.50,dwell,120.96,625.27,51.30,1,178.838,8.731,179.852,-18.16,20.91,147.71,-18.18,-7.98,174.60,53.929,54.075,-33.3298,-7.7997,120.96,625.27,-33.4866,-7.9605,,,0.23100,0
12.9575,5,17,4,1,150.75,583.50,dwell,122.59,718.84,138.24,0,178.833,8.697,179.835,-18.03,21.01,147.74,-17.61,-7.16,174.48,54.054,54.242,-37.5978,-7.7599,122.59,718.84,-35.3366,-7.8703,,,0.19909,0
13.0611,5,17,4,1,150.75,583.50,dwell,106.94,592.82,44.79,1,178.840,8.692,179.841,-18.00,21.02,147.87,-17.82,-7.22,174.47,54.104,54.749,-32.8629,-8.2954,106.94,592.82,-34.2235,-8.0616,,,0.24133,0
13.1661,5,17,4,1,150.75,583.50,capture,99.70,665.78,96.83,0,178.939,8.594,179.820,-18.00,20.90,148.14,-18.22,-7.69,174.62,53.800,54.504,-36.5350,-8.6183,99.70,665.78,-35.2637,-8.3121,,,0.20981,0
13.2624,5,17,4,1,150.75,583.50,capture,88.70,654.97,94.65,0,178.940,8.505,179.825,-17.96,20.74,147.97,-18.26,-8.34,174.25,53.784,54.340,-35.4308,-8.2611,88.70,654.97,-35.3389,-8.2892,,,0.23662,0
13.3657,5,17,4,1,150.75,583.50,capture,104.72,662.85,91.73,0,178.948,8.548,179.859,-17.94,20.85,148.00,-17.57,-7.10,175.46,53.996,54.141,-35.3539,-8.2324,104.72,662.85,-35.3456,-8.2636,,,0.22805,0
13.4508,5,17,4,1,150.75,583.50,capture,90.41,658.95,96.61,0,178.994,8.489,179.876,-17.87,20.93,147.83,-17.79,-7.67,173.91,53.964,54.109,-35.3540,-8.6911,90.41,658.95,-35.3494,-8.4560,,,0.21889,0
13.5491,5,17,4,1,150.75,583.50,capture,102.68,655.43,86.51,0,179.010,8.513,179.859,-17.93,20.82,147.58,-17.20,-7.88,173.50,53.946,54.149,-36.0530,-8.4901,102.68,655.43,-35.6660,-8.4713,,,0.22444,0
13.6408,5,17,4,1,150.75,583.50,capture,117.17,669.48,92.30,0,178.989,8.627,179.846,-18.05,20.86,147.59,-17.62,-6.99,174.25,53.665,54.684,-35.9366,-7.7927,117.17,669.48,-35.7878,-8.1659,,,0.21069,0
13.7228,5,17,4,1,150.75,583.50,capture,109.34,666.69,92.93,0,178.803,8.475,179.816,-18.08,20.74,147.58,-17.39,-8.34,173.84,53.944,54.452,-35.1458,-8.1469,109.34,666.69,-35.4989,-8.1574,,,0.21526,0
13.8103,5,17,4,1,150.75,583.50,capture,122.73,661.09,82.49,0,178.782,8.609,179.819,-18.14,20.74,147.93,-17.29,-7.84,174.57,54.087,54.685,-35.9391,-6.9193,122.73,661.09,-35.6970,-7.6002,,,0.20937,0
13.9152,5,17,4,1,150.75,583.50,capture,109.86,674.37,99.65,0,178.828,8.539,179.826,-18.33,20.79,147.96,-18.24,-8.05,174.64,54.248,54.833,-35.8773,-7.2073,109.86,674.37,-35.7781,-7.4234,,,0.23603,0
13.9972,5,17,4,1,150.75,583.50,capture,105.03,639.13,72.01,1,178.782,8.481,179.792,-18.24,20.71,147.70,-17.67,-8.07,174.21,54.478,54.713,-34.8147,-8.2796,105.03,639.13,-35.3446,-7.8087,,,0.24983,0
14.0967,5,17,4,1,150.75,583.50,capture,94.02,652.00,88.94,0,178.827,8.521,179.804,-18.27,20.56,147.79,-17.98,-8.26,174.23,54.190,54.921,-35.6590,-8.1421,94.02,652.00,-35.4861,-7.9587,,,0.24347,0
14.2028,5,17,4,1,150.75,583.50,capture,104.10,630.97,66.56,1,178.858,8.537,179.798,-18.30,20.60,147.88,-18.20,-8.07,173.94,54.362,54.992,-33.8514,-8.3800,104.10,630.97,-34.7505,-8.1483,,,0.23455,0
14.2865,5,17,4,1,150.75,583.50,capture,99.52,688.13,116.50,0,178.860,8.542,179.783,-18.39,20.62,147.66,-18.14,-8.41,174.00,53.683,54.886,-36.6296,-8.8147,99.52,688.13,-35.5961,-8.4482,,,0.19065,0
14.3778,5,17,4,1,150.75,583.50,capture,87.51,697.61,130.46,0,178.867,8.553,179.782,-18.30,20.48,147.79,-17.84,-7.78,174.46,53.617,55.051,-37.2435,-9.2194,87.51,697.61,-36.3374,-8.7952,,,0.21211,0
14.5008,5,17,4,1,150.75,583.50,capture,95.79,678.02,109.34,0,178.965,8.565,179.797,-18.18,20.48,147.45,-17.92,-7.91,173.46,53.474,54.591,-36.1311,-8.4638,95.79,678.02,-36.2446,-8.6461,,,0.22563,0
14.6160,5,17,4,1,150.75,583.50,capture,104.68,659.27,88.68,0,179.112,8.553,179.799,-18.24,20.44,147.50,-17.86,-8.43,173.79,53.427,54.616,-35.2953,-7.7030,104.68,659.27,-35.8174,-8.2217,,,0.19282,0
14.7128,5,17,4,1,150.75,583.50,capture,109.64,648.92,77.26,0,179.043,8.693,179.812,-18.17,20.66,147.57,-17.59,-7.70,174.37,53.554,54.062,-35.2421,-8.0280,109.64,648.92,-35.5585,-8.1345,,,0.19802,0
14.8200,5,17,4,1,150.75,583.50,capture,95.44,637.19,77.08,0,178.962,8.797,179.793,-18.18,20.59,147.52,-17.80,-7.46,173.87,53.496,54.333,-35.0925,-9.2431,95.44,637.19,-35.3488,-8.6334,,,0.23401,0
14.9832,6,3,0,3,351.75,64.83,dwell,70.16,679.77,676.34,0,178.938,8.753,179.809,-18.17,20.67,147.62,-17.70,-8.19,174.27,53.443,54.369,-36.4933,-10.1629,70.16,679.77,-36.4933,-10.1629,,,0.20451,0
15.0797,6,3,0,3,351.75,64.83,dwell,189.05,365.65,342.00,0,179.087,8.559,179.817,-18.15,20.85,147.48,-17.71,-7.41,173.80,53.384,54.407,-23.6022,-3.9635,189.05,365.65,-30.6923,-7.3732,,,0.22571,0
15.1808,6,3,0,3,351.75,64.83,dwell,232.51,408.79,364.04,0,178.884,8.443,179.808,-18.29,20.88,147.48,-17.71,-7.15,173.95,53.426,54.664,-25.5307,-2.0411,232.51,408.79,-28.3696,-4.9738,,,0.19087,0
15.2919,6,3,0,3,351.75,64.83,dwell,265.86,388.97,335.32,0,178.837,8.269,179.792,-18.28,20.94,147.81,-18.08,-7.39,174.08,53.828,54.331,-25.0525,-1.0051,265.86,388.97,-26.8769,-3.1878,,,0.19949,0
15.3767,6,3,0,3,351.75,64.83,dwell,242.50,248.69,213.87,0,178.921,8.225,179.812,-18.42,20.93,147.89,-17.80,-7.14,174.23,53.580,54.379,-19.5605,-0.8213,242.50,248.69,-23.5845,-2.1229,,,0.19345,0
15.4708,6,3,0,3,351.75,64.83,dwell,342.67,293.22,228.57,0,178.807,8.198,179.761,-18.49,20.88,147.86,-17.81,-7.45,174.23,53.569,54.258,-21.3662,2.8441,342.67,293.22,-22.5863,0.1122,,,0.20076,0
15.5684,6,3,0,3,351.75,64.83,dwell,315.51,150.76,93.26,0,178.746,8.160,179.763,-18.56,20.97,147.95,-17.75,-8.12,174.62,53.632,54.007,-15.3748,1.4288,315.51,150.76,-19.3411,0.7047,,,0.23426,0
15.6694,6,3,0,3,351.75,64.83,dwell,355.37,147.25,82.50,0,178.762,8.021,179.770,-18.56,20.85,147.95,-18.28,-7.92,174.18,53.564,54.229,-15.9985,3.5138,355.37,147.25,-17.8369,1.9688,,,0.17810,0
15.7767,6,3,0,3,351.75,64.83,dwell,384.74,125.88,69.39,1,178.810,8.025,179.784,-18.50,20.58,148.13,-17.72,-7.95,174.64,53.778,53.830,-14.0811,4.4154,384.74,125.88,-16.1468,3.0698,,,0.20991,0
15.8732,6,3,0,3,351.75,64.83,dwell,357.81,61.70,6.82,1,178.785,7.883,179.794,-18.56,20.51,147.98,-17.67,-7.95,174.53,53.769,53.960,-12.8527,3.7224,357.81,61.70,-14.6645,3.3634,,,0.20978,0
15.9790,6,3,0,3,351.75,64.83,capture,359.24,29.17,36.44,1,178.766,7.776,179.819,-18.66,20.53,148.27,-18.08,-7.88,174.67,53.456,53.934,-11.0065,3.8953,359.24,29.17,-13.0184,3.6028,,,0.19973,0
16.0729,6,3,0,3,351.75,64.83,capture,360.32,36.01,30.07,1,178.712,7.716,179.818,-18.64,20.69,148.21,-18.56,-8.24,175.14,53.201,53.704,-11.4137,3.9581,360.32,36.01,-12.2963,3.7627,,,0.20101,0
16.1798,6,3,0,3,351.75,64.83,capture,390.93,33.48,50.18,1,178.727,7.637,179.800,-18.66,20.78,148.08,-17.71,-7.89,174.63,53.285,53.722,-10.6779,4.9733,390.93,33.48,-11.5680,4.3074,,,0.20698,0
16.2906,6,3,0,3,351.75,64.83,capture,382.21,25.26,49.94,1,178.767,7.497,179.797,-18.70,20.89,148.07,-18.83,-7.34,174.76,53.578,53.998,-10.8917,4.4935,382.21,25.26,-11.2637,4.3911,,,0.20396,0
16.3841,6,3,0,3,351.75,64.83,capture,390.42,28.98,52.73,1,178.734,7.594,179.815,-18.64,20.82,147.78,-18.30,-8.73,173.63,53.800,54.270,-11.4445,5.0327,390.42,28.98,-11.3451,4.6799,,,0.22471,0
16.4764,6,3,0,3,351.75,64.83,capture,368.39,31.23,37.50,1,178.726,7.531,179.817,-18.61,20.86,147.71,-18.19,-7.68,174.81,53.937,54.428,-11.0596,4.4364,368.39,31.23,-11.2166,4.5703,,,0.22126,0
16.5656,6,3,0,3,351.75,64.83,capture,367.68,43.34,26.75,1,178.744,7.532,179.840,-18.56,20.99,147.74,-17.72,-6.65,173.97,53.886,54.277,-11.7439,4.6823,367.68,43.34,-11.4539,4.6207,,,0.22512,0
16.6476,6,3,0,3,351.75,64.83,capture,364.56,39.86,28.07,1,178.784,7.442,179.828,-18.49,21.01,147.69,-18.24,-8.28,174.47,53.612,54.177,-11.9945,3.9491,364.56,39.86,-11.6972,4.3185,,,0.19899,0
16.7672,6,3,0,3,351.75,64.83,capture,373.53,47.19,28.03,1,178.733,7.430,179.837,-18.35,20.92,147.59,-17.90,-7.67,173.41,53.782,54.041,-11.8080,4.8620,373.53,47.19,-11.7470,4.5631,,,0.24406,0
16.8597,6,3,0,3,351.75,64.83,capture,377.56,20.35,51.43,1,178.779,7.442,179.842,-18.31,20.97,147.71,-18.30,-6.80,173.87,53.287,54.411,-10.6842,4.2865,377.56,20.35,-11.2688,4.4386,,,0.20373,0
16.9689,6,3,0,3,351.75,64.83,capture,369.81,13.64,54.29,1,178.788,7.366,179.868,-18.29,20.94,147.64,-17.62,-7.83,173.95,53.777,54.602,-10.4029,4.2393,369.81,13.64,-10.8791,4.3489,,,0.23056,0
17.0685,6,3,0,3,351.75,64.83,capture,392.68,35.19,50.54,1,178.878,7.385,179.868,-18.20,20.96,147.54,-18.44,-7.50,174.09,53.532,54.501,-11.4485,5.4300,392.68,35.19,-11.1354,4.8354,,,0.22100,0
17.1714,6,3,0,3,351.75,64.83,capture,370.96,4.10,63.70,1,178.937,7.421,179.837,-18.26,20.96,147.51,-17.95,-7.28,174.04,53.472,54.567,-9.1884,4.4241,370.96,4.10,-10.2592,4.6503,,,0.22887,0
17.2604,6,3,0,3,351.75,64.83,capture,363.94,17.37,49.00,1,178.943,7.409,179.790,-18.21,20.95,147.23,-17.28,-7.47,173.54,53.572,54.330,-10.3154,5.0073,363.94,17.37,-10.2845,4.8110,,,0.20353,0
17.3469,6,3,0,3,351.75,64.83,capture,361.57,39.84,26.85,1,178.953,7.371,179.792,-18.10,20.86,147.21,-17.67,-7.80,173.30,53.322,54.392,-12.3868,4.1982,361.57,39.84,-11.2305,4.5352,,,0.20530,0
17.4615,6,3,0,3,351.75,64.83,capture,365.79,59.69,14.95,1,178.814,7.486,179.792,-18.10,20.73,147.29,-17.93,-7.93,173.40,53.582,54.339,-11.9163,4.8320,365.79,59.69,-11.5391,4.6688,,,0.18138,0
17.5578,6,3,0,3,351.75,64.83,capture,393.13,20.77,60.45,1,178.722,7.531,179.785,-18.01,20.80,147.40,-17.81,-7.43,173.64,53.827,54.080,-11.0992,4.8941,393.13,20.77,-11.3411,4.7702,,,0.21015,0
17.6566,6,3,0,3,351.75,64.83,capture,394.67,15.95,65.05,1,178.774,7.459,179.815,-18.01,20.66,147.43,-18.00,-7.77,173.48,53.675,54.180,-10.1600,5.5562,394.67,15.95,-10.8096,5.1239,,,0.19650,0
17.7588,6,3,0,3,351.75,64.83,capture,376.97,26.62,45.79,1,178.831,7.468,179.801,-17.99,20.65,147.20,-17.23,-7.35,173.35,53.826,53.926,-10.6805,4.7886,376.97,26.62,-10.7515,4.9730,,,0.20460,0
17.8625,6,3,0,3,351.75,64.83,capture,388.43,47.14,40.72,1,178.931,7.588,179.791,-18.06,20.67,147.26,-17.45,-8.41,173.39,53.726,53.947,-11.5675,5.2021,388.43,47.14,-11.1187,5.0761,,,0.22718,0
18.0737,7,9,2,1,150.75,324.17,dwell,297.47,-33.92,386.98,0,178.895,7.530,179.800,-18.03,20.50,147.30,-17.87,-8.31,173.50,53.463,53.926,-8.9986,1.3332,297.47,-33.92,-8.9986,1.3332,,,0.21114,0
18.1799,7,9,2,1,150.75,324.17,dwell,253.51,115.13,232.93,0,178.930,7.740,179.827,-17.99,20.46,147.32,-17.75,-8.09,173.65,53.707,54.021,-14.3692,-0.9729,253.51,115.13,-11.4154,0.2955,,,0.19885,0
18.2962,7,9,2,1,150.75,324.17,dwell,284.08,59.11,296.70,0,179.021,7.699,179.858,-18.04,20.57,147.26,-17.76,-8.19,173.54,53.182,54.353,-12.0573,0.6315,284.08,59.11,-11.7043,0.4467,,,0.18492,0
18.4030,7,9,2,1,150.75,324.17,dwell,249.75,44.09,297.06,0,179.042,7.872,179.840,-18.19,20.50,147.58,-17.75,-8.84,173.68,53.517,54.139,-11.4159,-1.0854,249.75,44.09,-11.5745,-0.2428,,,0.21342,0
18.5047,7,9,2,1,150.75,324.17,dwell,191.88,120.54,207.74,0,179.094,7.900,179.872,-18.20,20.70,147.46,-18.27,-7.68,174.08,53.367,53.996,-15.3438,-4.4976,191.88,120.54,-13.2707,-2.1574,,,0.19577,0
18.5964,7,9,2,1,150.75,324.17,dwell,188.92,53.21,273.63,0,179.187,7.947,179.862,-18.22,20.49,147.59,-18.25,-8.70,173.48,53.721,54.337,-12.4738,-4.0156,188.92,53.21,-12.9121,-2.9936,,,0.22651,0
18.6940,7,9,2,1,150.75,324.17,dwell,157.30,105.38,218.88,0,179.193,7.993,179.881,-18.25,20.55,147.32,-17.69,-7.87,173.98,53.796,54.131,-13.3336,-5.8527,157.30,105.38,-13.1018,-4.2802,,,0.22681,0
18.8070,7,9,2,1,150.75,324.17,dwell,162.34,125.34,199.16,0,179.098,7.998,179.899,-18.35,20.66,147.44,-17.83,-7.76,173.53,54.064,54.408,-13.8253,-5.3779,162.34,125.34,-13.4274,-4.7741,,,0.20788,0
18.9144,7,9,2,1,150.75,324.17,capture,190.58,132.90,195.37,0,179.052,8.097,179.881,-18.29,20.55,147.21,-17.43,-7.71,172.87,53.791,54.413,-14.8847,-4.0230,190.58,132.90,-14.0832,-4.4361,,,0.22486,0
19.0233,7,9,2,1,150.75,324.17,capture,183.33,156.89,170.42,0,179.180,8.140,179.880,-18.27,20.62,147.47,-18.00,-7.38,173.72,54.108,54.604,-15.9017,-4.9133,183.33,156.89,-14.9015,-4.6509,,,0.22344,0
19.1142,7,9,2,1,150.75,324.17,capture,185.15,174.51,153.56,0,179.113,8.138,179.884,-18.41,20.80,147.67,-17.59,-7.86,174.10,53.841,54.287,-16.7158,-4.3726,185.15,174.51,-15.7179,-4.5257,,,0.22187,0
19.2273,7,9,2,1,150.75,324.17,capture,159.77,126.57,197.80,0,179.177,8.061,179.886,-18.27,20.81,147.69,-18.00,-7.16,174.17,53.825,54.137,-14.9496,-5.3010,159.77,126.57,-15.3722,-4.8745,,,0.22718,0
19.3214,7,9,2,1,150.75,324.17,capture,170.53,123.90,201.24,0,179.145,8.002,179.888,-18.43,20.80,147.50,-17.89,-7.67,173.94,53.633,54.278,-15.2465,-5.5493,170.53,123.90,-15.3156,-5.1782,,,0.21074,0
19.4034,7,9,2,1,150.75,324.17,capture,158.68,134.08,190.25,0,179.048,7.815,179.855,-18.56,20.79,147.32,-18.04,-7.70,173.51,53.921,53.945,-14.6709,-5.0831,158.68,134.08,-15.0255,-5.1354,,,0.20058,0
19.5123,7,9,2,1,150.75,324.17,capture,169.87,105.98,219.02,0,178.905,7.918,179.852,-18.60,20.85,147.44,-17.96,-8.23,173.70,53.895,53.998,-14.2812,-5.5244,169.87,105.98,-14.6906,-5.3104,,,0.22950,0
19.6103,7,9,2,1,150.75,324.17,capture,174.22,138.17,187.47,0,178.925,8.124,179.825,-18.49,20.70,147.44,-18.30,-7.89,173.99,53.755,54.003,-15.9634,-4.4720,174.22,138.17,-15.2634,-4.9332,,,0.21629,0
19.7414,7,9,2,1,150.75,324.17,capture,174.44,125.89,199.69,0,178.977,8.058,179.819,-18.37,20.63,147.54,-17.65,-7.89,174.07,53.780,53.694,-14.5967,-5.6244,174.44,125.89,-14.9634,-5.2442,,,0.20709,0
19.8335,7,9,2,1,150.75,324.17,capture,163.74,138.38,186.24,0,179.104,7.911,179.867,-18.38,20.69,147.59,-17.94,-8.01,174.35,53.534,54.152,-16.0556,-5.4043,163.74,138.38,-15.4549,-5.3162,,,0.20332,0
19.9470,7,9,2,1,150.75,324.17,capture,170.49,153.17,172.13,0,178.974,7.879,179.855,-18.38,20.58,147.59,-18.17,-8.57,174.10,53.564,53.990,-15.6999,-4.9999,170.49,153.17,-15.5651,-5.1739,,,0.22838,0
20.0378,7,9,2,1,150.75,324.17,capture,157.55,135.82,188.47,0,179.072,7.954,179.819,-18.41,20.58,147.49,-17.76,-7.79,173.09,53.606,53.690,-15.4885,-5.3873,157.55,135.82,-15.5306,-5.2699,,,0.20365,0
20.1467,7,9,2,1,150.75,324.17,capture,171.43,136.28,189.02,0,178.986,7.884,179.797,-18.43,20.59,147.23,-17.83,-7.99,173.59,53.530,53.971,-15.5184,-4.8115,171.43,136.28,-15.5251,-5.0636,,,0.22423,0
20.2474,7,9,2,1,150.75,324.17,capture,174.93,141.10,184.66,0,178.880,7.991,179.817,-18.58,20.64,146.99,-17.91,-7.36,173.24,53.342,53.991,-15.6757,-4.8742,174.93,141.10,-15.5929,-4.9784,,,0.20529,0
20.3493,7,9,2,1,150.75,324.17,capture,185.07,132.28,194.93,0,178.838,7.988,179.814,-18.47,20.50,147.29,-17.43,-7.79,173.96,53.514,53.923,-14.6046,-4.2121,185.07,132.28,-15.1482,-4.6335,,,0.21404,0
20.4504,7,9,2,1,150.75,324.17,capture,177.06,156.34,169.88,0,178.708,8.101,179.877,-18.52,20.44,147.32,-17.50,-8.04,173.48,53.541,54.185,-14.8986,-4.1482,177.06,156.34,-15.0359,-4.4151,,,0.22727,0
20.5644,7,9,2,1,150.75,324.17,capture,164.67,112.67,211.95,0,178.793,7.908,179.893,-18.44,20.64,147.27,-17.43,-7.73,173.22,54.097,54.101,-13.4014,-5.4789,164.67,112.67,-14.3004,-4.8938,,,0.23054,0
20.6693,7,9,2,1,150.75,324.17,capture,172.28,118.02,207.27,0,178.774,7.652,179.899,-18.46,20.58,147.31,-17.66,-7.40,173.30,54.213,53.844,-14.8914,-4.9330,172.28,118.02,-14.5663,-4.9115,,,0.22254,0
20.7908,7,9,2,1,150.75,324.17,capture,175.14,124.96,200.69,0,178.749,7.704,179.885,-18.51,20.55,147.30,-18.28,-7.84,174.04,54.207,53.895,-14.8605,-4.3627,175.14,124.96,-14.6987,-4.6645,,,0.20782,0
20.8880,7,9,2,1,150.75,324.17,capture,171.58,139.71,185.63,0,178.788,7.732,179.842,-18.62,20.52,147.58,-18.15,-7.86,174.12,54.097,53.946,-16.1884,-4.8366,171.58,139.71,-15.3691,-4.7420,,,0.24005,0
20.9878,7,9,2,1,150.75,324.17,capture,186.27,169.37,158.82,0,178.699,7.745,179.843,-18.51,20.40,147.74,-17.61,-8.59,174.38,53.799,53.948,-16.7386,-3.9789,186.27,169.37,-15.9853,-4.3986,,,0.24013,0
21.2114,8,10,2,2,251.25,324.17,dwell,297.89,303.06,51.19,1,178.652,7.923,179.865,-18.54,20.48,147.60,-17.93,-7.88,173.91,53.638,54.049,-21.7998,1.1518,297.89,303.06,-21.7998,1.1518,,,0.22737,0
21.3106,8,10,2,2,251.25,324.17,dwell,306.15,190.60,144.41,0,178.644,7.965,179.854,-18.44,20.50,147.53,-17.61,-7.94,173.96,53.820,53.981,-16.8860,1.1248,306.15,190.60,-19.5886,1.1396,,,0.19720,0
21.4247,8,10,2,2,251.25,324.17,dwell,122.32,142.82,222.51,0,178.823,8.060,179.865,-18.41,20.68,147.42,-18.02,-8.09,173.42,54.019,54.386,-15.8357,-6.8974,122.32,142.82,-17.8998,-2.4770,,,0.22560,0
21.5499,8,10,2,2,251.25,324.17,dwell,295.24,145.68,183.83,0,178.821,8.064,179.842,-18.45,20.71,147.15,-17.88,-7.71,173.10,54.070,55.002,-15.3599,0.2455,295.24,145.68,-16.7569,-1.2519,,,0.22931,0
21.6382,8,10,2,2,251.25,324.17,dwell,298.12,149.73,180.62,0,178.812,8.022,179.826,-18.55,20.79,147.26,-17.77,-8.04,173.82,54.381,55.320,-16.1239,0.6629,298.12,149.73,-16.4720,-0.3902,,,0.21499,0
21.7371,8,10,2,2,251.25,324.17,dwell,251.20,163.43,160.74,0,178.777,7.861,179.834,-18.47,20.70,147.65,-18.14,-8.07,173.87,54.582,55.034,-15.8300,-0.8642,251.20,163.43,-16.1831,-0.6035,,,0.22152,0
21.8342,8,10,2,2,251.25,324.17,dwell,318.40,243.05,105.30,0,178.689,7.848,179.826,-18.43,20.87,147.52,-17.81,-7.58,173.86,54.546,54.817,-19.4428,1.3769,318.40,243.05,-17.6500,0.2877,,,0.23116,0
21.9382,8,10,2,2,251.25,324.17,dwell,324.14,170.37,170.20,0,178.749,7.883,179.818,-18.20,20.96,147.52,-17.81,-7.69,173.89,54.358,54.836,-16.8163,2.1444,324.14,170.37,-17.2748,1.1232,,,0.23566,0
22.0541,8,10,2,2,251.25,324.17,dwell,285.45,195.17,133.45,0,178.801,7.975,179.843,-18.21,20.92,147.26,-17.80,-7.82,174.18,54.076,54.926,-17.4486,0.8519,285.45,195.17,-17.3530,1.0011,,,0.21587,0
22.1550,8,10,2,2,251.25,324.17,capture,308.76,188.85,147.03,0,178.813,8.031,179.850,-18.23,20.52,147.63,-18.20,-7.35,173.99,53.760,54.514,-17.4516,1.0750,308.76,188.85,-17.3974,1.0344,,,0.21176,0
22.2421,8,10,2,2,251.25,324.17,capture,315.76,203.01,137.26,0,178.855,8.141,179.798,-18.27,20.51,147.86,-17.54,-8.44,174.46,53.602,54.519,-18.1773,2.3268,315.76,203.01,-17.7483,1.6160,,,0.21264,0
22.3502,8,10,2,2,251.25,324.17,capture,304.81,206.64,129.16,0,178.862,8.028,179.825,-18.35,20.68,147.79,-17.92,-7.96,173.79,53.423,54.233,-17.8818,1.1481,304.81,206.64,-17.8084,1.4054,,,0.21231,0
22.4579,8,10,2,2,251.25,324.17,capture,304.07,202.93,132.24,0,178.922,8.010,179.842,-18.36,20.72,147.66,-18.63,-7.90,174.13,53.468,54.376,-18.2257,1.2190,304.07,202.93,-17.9962,1.3215,,,0.18919,0
22.5611,8,10,2,2,251.25,324.17,capture,292.33,191.59,138.80,0,178.993,8.136,179.833,-18.41,20.66,147.67,-17.63,-7.90,174.02,53.795,53.964,-17.3146,0.5195,292.33,191.59,-17.6895,0.9606,,,0.22723,0
22.6848,8,10,2,2,251.25,324.17,capture,331.05,224.73,127.50,0,178.888,8.261,179.856,-18.58,20.57,147.57,-17.87,-8.20,174.19,54.143,53.582,-19.0181,2.3076,331.05,224.73,-18.2874,1.5668,,,0.23471,0
22.7895,8,10,2,2,251.25,324.17,capture,302.00,203.16,131.22,0,178.814,8.205,179.842,-18.58,20.64,147.80,-18.64,-7.77,173.48,54.187,53.952,-18.0269,1.2555,302.00,203.16,-18.1701,1.4267,,,0.23744,0
22.9000,8,10,2,2,251.25,324.17,capture,302.08,196.14,137.75,0,178.814,8.275,179.823,-18.41,20.46,147.84,-17.95,-8.06,174.38,54.043,53.973,-16.1386,0.6437,302.08,196.14,-17.2559,1.0743,,,0.21703,0
23.0051,8,10,2,2,251.25,324.17,capture,322.79,211.80,133.21,0,178.732,8.366,179.850,-18.45,20.57,147.76,-17.98,-7.82,173.71,53.924,53.870,-17.8468,1.2398,322.79,211.80,-17.5218,1.1488,,,0.22595,0
23.1152,8,10,2,2,251.25,324.17,capture,313.42,209.61,130.34,0,178.799,8.438,179.863,-18.52,20.41,147.60,-18.41,-8.06,173.92,54.207,54.094,-17.4918,1.3739,313.42,209.61,-17.5083,1.2501,,,0.25344,0
23.2223,8,10,2,2,251.25,324.17,capture,304.36,186.23,147.81,0,178.958,8.304,179.863,-18.57,20.39,147.26,-18.63,-8.60,173.80,54.512,54.101,-17.6607,0.8717,304.36,186.23,-17.5769,1.0798,,,0.21974,0
23.3043,8,10,2,2,251.25,324.17,capture,306.46,217.26,120.32,0,179.032,8.365,179.886,-18.66,20.38,147.23,-18.37,-8.01,173.49,54.453,53.927,-17.7457,1.1961,306.46,217.26,-17.6528,1.1321,,,0.23089,0
23.3880,8,10,2,2,251.25,324.17,capture,293.19,193.84,136.91,0,178.991,8.391,179.907,-18.72,20.45,147.19,-18.45,-7.94,173.47,54.072,53.914,-16.2607,0.5683,293.19,193.84,-17.0264,0.8784,,,0.22808,0
23.4746,8,10,2,2,251.25,324.17,capture,308.62,220.32,118.64,0,178.918,8.286,179.876,-18.73,20.67,147.07,-17.76,-7.77,173.15,53.921,53.851,-17.9102,1.0461,308.62,220.32,-17.4241,0.9539,,,0.23161,0
23.5746,8,10,2,2,251.25,324.17,capture,332.69,214.78,136.37,0,178.824,8.207,179.912,-18.70,20.71,147.24,-18.20,-7.38,173.18,53.785,54.184,-18.5425,2.5007,332.69,214.78,-17.9274,1.6499,,,0.22116,0
23.6651,8,10,2,2,251.25,324.17,capture,304.60,219.44,117.53,0,178.814,8.212,179.885,-18.42,20.49,147.57,-18.48,-7.98,174.12,53.590,54.060,-17.5236,1.7390,304.60,219.44,-17.7457,1.6900,,,0.21702,0
23.7631,8,10,2,2,251.25,324.17,capture,296.69,212.02,121.00,0,178.952,8.361,179.888,-18.36,20.39,147.61,-18.25,-8.55,173.70,53.700,54.543,-16.8690,1.4682,296.69,212.02,-17.3512,1.5902,,,0.23003,0
23.8833,8,10,2,2,251.25,324.17,capture,294.89,210.33,121.91,0,178.823,8.245,179.883,-18.26,20.45,147.58,-18.12,-7.63,174.13,53.795,54.870,-18.3929,1.1265,294.89,210.33,-17.8200,1.3815,,,0.21229,0
23.9843,8,10,2,2,251.25,324.17,capture,289.13,196.12,133.53,0,178.755,8.218,179.887,-18.23,20.40,147.35,-17.97,-7.64,173.68,54.085,54.472,-16.1111,0.3347,289.13,196.12,-17.0510,0.9104,,,0.21758,0
24.0737,8,10,2,2,251.25,324.17,capture,282.70,195.62,132.34,0,178.841,8.322,179.903,-18.27,20.36,147.02,-17.93,-8.79,173.27,54.308,54.027,-17.2183,0.1305,282.70,195.62,-17.1263,0.5595,,,0.21023,0
24.2361,9,4,1,0,50.25,194.50,dwell,249.49,229.85,202.35,0,178.777,8.294,179.872,-18.26,20.15,146.81,-17.51,-8.25,172.99,54.214,54.209,-19.3759,-1.3123,249.49,229.85,-19.3759,-1.3123,,,0.22352,0
24.3181,9,4,1,0,50.25,194.50,dwell,217.44,142.01,175.24,0,178.889,8.116,179.853,-18.23,20.26,146.93,-17.28,-8.48,173.88,54.545,54.260,-15.4022,-2.9588,217.44,142.01,-17.5877,-2.0532,,,0.23775,0
24.4306,9,4,1,0,50.25,194.50,dwell,109.25,102.04,109.68,0,178.891,7.991,179.825,-18.27,20.39,146.92,-17.77,-8.36,173.32,54.451,54.160,-14.0687,-7.9263,109.25,102.04,-16.0042,-4.6961,,,0.23601,0
24.5271,9,4,1,0,50.25,194.50,dwell,198.03,223.47,150.59,0,178.715,7.871,179.844,-18.25,20.41,146.86,-17.56,-8.40,173.06,54.550,53.764,-18.4395,-3.4973,198.03,223.47,-17.1001,-4.1566,,,0.22937,0
24.6214,9,4,1,0,50.25,194.50,dwell,132.28,238.67,93.17,0,178.723,7.767,179.850,-18.34,20.43,147.00,-18.11,-8.10,172.73,54.523,53.937,-18.9339,-6.8200,132.28,238.67,-17.9253,-5.3552,,,0.24587,0
24.7149,9,4,1,0,50.25,194.50,dwell,124.55,196.48,74.33,0,178.833,7.681,179.853,-18.34,20.28,146.76,-18.19,-8.80,173.01,54.481,53.581,-17.9305,-6.3583,124.55,196.48,-17.9276,-5.8066,,,0.23187,0
24.8256,9,4,1,0,50.25,194.50,dwell,114.00,218.85,68.24,0,178.931,7.579,179.854,-18.18,20.13,146.97,-17.71,-8.30,172.52,54.439,53.821,-18.1642,-7.4651,114.00,218.85,-18.0341,-6.5529,,,0.22191,0
24.9428,9,4,1,0,50.25,194.50,dwell,150.87,273.97,128.22,0,179.048,7.664,179.838,-18.09,20.22,147.08,-17.58,-8.19,173.04,54.130,53.807,-19.7610,-6.3870,150.87,273.97,-18.8112,-6.4783,,,0.22408,0
25.0503,9,4,1,0,50.25,194.50,dwell,86.91,239.37,57.94,1,179.181,7.640,179.810,-18.18,20.20,147.18,-17.45,-8.44,173.46,53.815,53.883,-18.4739,-9.2773,86.91,239.37,-18.6594,-7.7378,,,0.21377,0
25.1517,9,4,1,0,50.25,194.50,dwell,19.81,191.32,30.61,1,179.266,7.626,179.809,-18.21,20.19,147.37,-18.05,-8.92,173.10,53.987,54.278,-17.5188,-12.3732,19.81,191.32,-18.1462,-9.8237,,,0.22730,0
25.2682,9,4,1,0,50.25,194.50,capture,10.35,217.96,46.29,1,179.188,7.495,179.783,-18.51,20.43,147.16,-18.21,-8.05,173.39,54.119,54.263,-18.4640,-12.7253,10.35,217.96,-18.2892,-11.1294,,,0.23036,0
25.3777,9,4,1,0,50.25,194.50,capture,44.56,216.21,22.44,1,179.207,7.571,179.806,-18.70,20.45,147.30,-18.39,-8.13,173.64,54.026,54.566,-18.9080,-10.4947,44.56,216.21,-18.5677,-10.8438,,,0.22777,0
25.4728,9,4,1,0,50.25,194.50,capture,40.82,249.43,55.73,1,179.073,7.636,179.819,-18.84,20.36,147.53,-17.59,-8.42,173.96,54.090,54.543,-19.1930,-11.1919,40.82,249.43,-18.8491,-11.0004,,,0.21423,0
25.5775,9,4,1,0,50.25,194.50,capture,53.95,226.06,31.78,1,179.049,7.612,179.816,-18.80,20.37,147.37,-18.40,-7.88,173.29,54.104,54.562,-17.3361,-10.2548,53.95,226.06,-18.1682,-10.6649,,,0.24194,0
25.6788,9,4,1,0,50.25,194.50,capture,49.75,219.43,24.94,1,178.990,7.671,179.817,-18.65,20.44,147.25,-18.32,-7.43,172.96,53.859,54.504,-18.4577,-10.3046,49.75,219.43,-18.2985,-10.5028,,,0.23392,0
25.7781,9,4,1,0,50.25,194.50,capture,59.58,255.61,61.82,1,178.880,7.802,179.797,-18.67,20.59,147.38,-18.29,-8.42,173.87,53.844,54.718,-19.8771,-10.0646,59.58,255.61,-19.0089,-10.3056,,,0.22502,0
25.8824,9,4,1,0,50.25,194.50,capture,54.22,264.45,70.06,0,178.851,7.844,179.812,-18.56,20.38,147.33,-17.98,-9.17,173.47,54.060,54.664,-20.4357,-10.6621,54.22,264.45,-19.6510,-10.4660,,,0.23338,0
25.9742,9,4,1,0,50.25,194.50,capture,41.54,230.22,36.77,1,178.833,7.726,179.852,-18.54,20.12,147.22,-18.40,-8.27,173.32,53.735,54.917,-18.6008,-10.2675,41.54,230.22,-19.1784,-10.3767,,,0.19935,0
26.0748,9,4,1,0,50.25,194.50,capture,49.70,224.81,30.31,1,178.830,7.736,179.859,-18.55,20.14,147.22,-18.24,-8.31,173.93,53.774,55.138,-17.8940,-10.7351,49.70,224.81,-18.6004,-10.5380,,,0.21446,0
26.1790,9,4,1,0,50.25,194.50,capture,53.73,233.73,39.38,1,178.804,7.867,179.855,-18.50,19.89,147.29,-18.15,-8.20,173.61,53.587,54.501,-18.8780,-9.9188,53.73,233.73,-18.7253,-10.2593,,,0.21653,0
26.2768,9,4,1,0,50.25,194.50,capture,61.59,245.74,52.48,1,178.832,7.860,179.873,-18.53,19.76,147.49,-18.28,-9.30,173.94,53.723,54.608,-18.9628,-9.6341,61.59,245.74,-18.8322,-9.9780,,,0.20104,0
26.3972,9,4,1,0,50.25,194.50,capture,47.22,241.00,46.60,1,178.878,7.779,179.894,-18.67,19.86,147.56,-18.02,-9.10,173.80,54.079,53.968,-19.6855,-10.6920,47.22,241.00,-19.2162,-10.2993,,,0.21253,0
26.4973,9,4,1,0,50.25,194.50,capture,59.72,260.58,66.76,0,178.801,7.855,179.898,-18.54,19.87,147.55,-18.11,-8.33,173.76,54.036,53.689,-20.1892,-9.7482,59.72,260.58,-19.6540,-10.0513,,,0.20819,0
26.6093,9,4,1,0,50.25,194.50,capture,69.64,238.55,48.13,1,178.903,7.859,179.943,-18.51,19.88,147.36,-17.72,-8.68,174.14,53.835,53.528,-19.2546,-10.5283,69.64,238.55,-19.4743,-10.2659,,,0.21750,0
26.6962,9,4,1,0,50.25,194.50,capture,62.76,238.37,45.62,1,179.016,7.902,179.927,-18.56,19.89,147.39,-18.41,-8.33,173.53,54.012,53.722,-18.5225,-9.8964,62.76,238.37,-19.0460,-10.0996,,,0.24788,0
26.8135,9,4,1,0,50.25,194.50,capture,36.43,243.15,50.57,1,179.026,8.033,179.936,-18.47,20.21,147.51,-18.48,-8.17,173.92,53.918,53.844,-18.6314,-11.8637,36.43,243.15,-18.8594,-10.8935,,,0.20124,0
26.9125,9,4,1,0,50.25,194.50,capture,42.18,215.72,22.70,1,178.949,8.035,179.932,-18.46,20.24,147.37,-18.85,-7.76,173.22,54.211,53.641,-18.0638,-11.1399,42.18,215.72,-18.5014,-11.0044,,,0.22180,0
27.0007,9,4,1,0,50.25,194.50,capture,49.67,260.45,65.95,0,179.054,7.978,179.916,-18.45,20.32,147.33,-18.59,-7.72,173.38,54.401,53.864,-20.5833,-10.1422,49.67,260.45,-19.4383,-10.6164,,,0.24128,0
27.1940,10,18,4,2,251.25,583.50,dwell,11.12,379.47,315.10,0,178.998,8.100,179.877,-18.57,20.28,147.42,-18.44,-7.97,173.55,54.536,53.888,-25.8013,-12.0985,11.12,379.47,-25.8013,-12.0985,,,0.23570,0
27.2871,10,18,4,2,251.25,583.50,dwell,60.37,185.39,441.51,0,178.838,8.226,179.862,-18.61,20.39,147.48,-18.21,-8.17,173.72,54.721,53.735,-16.8525,-9.8110,60.37,185.39,-21.7743,-11.0691,,,0.21942,0
27.4024,10,18,4,2,251.25,583.50,dwell,87.67,282.29,342.76,0,178.682,8.275,179.849,-18.68,20.36,147.47,-17.79,-8.49,173.66,54.336,53.925,-21.2598,-9.0762,87.67,282.29,-21.5428,-10.1723,,,0.25482,0
27.5008,10,18,4,2,251.25,583.50,dwell,109.96,400.92,230.86,0,178.686,8.179,179.824,-18.70,20.29,147.38,-17.95,-7.32,173.72,54.170,54.008,-25.0241,-7.4977,109.96,400.92,-23.1094,-8.9687,,,0.22726,0
27.5939,10,18,4,2,251.25,583.50,dwell,97.51,330.75,295.84,0,178.746,8.060,179.821,-18.72,20.31,147.32,-18.02,-8.36,173.02,54.138,53.986,-23.4685,-8.3372,97.51,330.75,-23.2710,-8.6845,,,0.22374,0
27.6777,10,18,4,2,251.25,583.50,dwell,128.71,402.52,218.56,0,178.686,8.143,179.809,-18.65,20.24,147.51,-18.46,-7.49,173.80,53.618,54.579,-26.2110,-7.1190,128.71,402.52,-24.5940,-7.9800,,,0.19405,0
27.7829,10,18,4,2,251.25,583.50,dwell,98.55,523.53,164.05,0,178.712,8.219,179.816,-18.63,20.31,147.34,-18.64,-8.58,173.91,54.094,54.734,-29.3645,-8.5874,98.55,523.53,-26.7407,-8.2534,,,0.22428,0
27.8901,10,18,4,2,251.25,583.50,dwell,139.39,434.05,186.68,0,178.703,8.162,179.813,-18.48,20.16,147.39,-18.01,-7.54,173.75,53.679,54.597,-26.4682,-6.8318,139.39,434.05,-26.6181,-7.6136,,,0.21364,0
27.9954,10,18,4,2,251.25,583.50,dwell,171.91,499.43,115.60,0,178.649,8.238,179.844,-18.51,20.14,147.34,-17.60,-8.72,173.66,53.379,54.853,-29.4761,-4.9564,171.91,499.43,-27.9042,-6.4179,,,0.18481,0
28.0966,10,18,4,2,251.25,583.50,dwell,188.14,436.84,159.66,0,178.672,8.385,179.891,-18.65,20.28,147.02,-17.88,-8.27,173.61,53.621,55.086,-26.4291,-4.3055,188.14,436.84,-27.2404,-5.4673,,,0.19224,0
28.1786,10,18,4,2,251.25,583.50,dwell,168.03,479.18,133.45,0,178.796,8.337,179.867,-18.65,20.29,147.19,-18.24,-7.93,173.06,53.691,55.073,-28.6066,-5.0353,168.03,479.18,-27.8552,-5.2729,,,0.18174,0
28.3021,10,18,4,2,251.25,583.50,capture,157.38,508.71,120.02,0,178.785,8.299,179.833,-18.66,20.30,147.22,-18.00,-8.04,173.18,53.931,54.929,-30.1316,-6.5271,157.38,508.71,-28.8796,-5.8373,,,0.19506,0
28.4097,10,18,4,2,251.25,583.50,capture,141.67,511.24,131.26,0,178.801,8.241,179.856,-18.55,20.17,147.37,-18.42,-8.06,173.62,54.141,54.666,-28.4989,-6.5210,141.67,511.24,-28.7082,-6.1450,,,0.22624,0
28.5144,10,18,4,2,251.25,583.50,capture,170.31,517.88,104.20,0,178.869,8.290,179.859,-18.42,20.10,147.47,-17.94,-8.01,173.60,54.271,54.839,-30.2817,-4.8770,170.31,517.88,-29.4163,-5.5744,,,0.23250,0
28.5964,10,18,4,2,251.25,583.50,capture,154.04,526.48,112.70,0,178.839,8.298,179.849,-18.41,20.18,147.55,-18.77,-8.19,174.05,53.986,54.615,-30.4055,-5.4975,154.04,526.48,-29.8614,-5.5398,,,0.21476,0
28.7035,10,18,4,2,251.25,583.50,capture,170.20,520.94,102.39,0,178.880,8.230,179.857,-18.33,20.21,147.46,-17.95,-8.00,173.93,53.977,54.335,-29.9148,-5.0419,170.20,520.94,-29.8855,-5.3157,,,0.21094,0
28.8158,10,18,4,2,251.25,583.50,capture,163.99,531.60,101.53,0,178.793,8.250,179.847,-18.40,20.40,147.40,-18.13,-7.75,173.80,53.981,54.788,-30.6513,-5.7213,163.99,531.60,-30.2301,-5.4983,,,0.22808,0
28.9133,10,18,4,2,251.25,583.50,capture,174.11,514.20,103.70,0,178.825,8.093,179.845,-18.43,20.29,147.36,-17.77,-7.99,173.78,53.960,54.285,-29.9758,-4.5991,174.11,514.20,-30.1157,-5.0936,,,0.21635,0
29.0288,10,18,4,2,251.25,583.50,capture,169.42,546.45,89.83,0,178.842,8.205,179.842,-18.42,20.18,147.41,-18.57,-7.92,173.36,54.049,53.949,-30.6719,-4.3396,169.42,546.45,-30.3660,-4.7543,,,0.21566,0
29.1213,10,18,4,2,251.25,583.50,capture,146.81,522.17,121.12,0,178.902,8.184,179.836,-18.45,20.38,147.13,-18.33,-8.30,173.19,53.448,54.094,-30.9425,-5.2726,146.81,522.17,-30.6254,-4.9875,,,0.21482,0
29.2033,10,18,4,2,251.25,583.50,capture,170.56,523.64,100.47,0,178.861,8.194,179.863,-18.45,20.39,147.18,-17.73,-7.93,173.30,53.783,53.667,-30.9102,-5.2139,170.56,523.64,-30.7535,-5.0894,,,0.20160,0
29.3032,10,18,4,2,251.25,583.50,capture,179.29,523.76,93.53,0,178.814,8.234,179.905,-18.44,20.36,147.00,-18.10,-7.73,173.32,53.850,54.172,-29.1286,-4.6727,179.29,523.76,-30.0223,-4.9019,,,0.21833,0
29.4042,10,18,4,2,251.25,583.50,capture,139.68,548.46,116.94,0,178.919,8.349,179.860,-18.43,20.59,147.13,-17.58,-7.71,173.85,54.260,54.066,-31.3177,-6.3162,139.68,548.46,-30.6052,-5.5383,,,0.23575,0
29.5163,10,18,4,2,251.25,583.50,capture,140.91,510.10,132.52,0,178.908,8.349,179.862,-18.42,20.34,146.92,-17.52,-8.25,173.29,53.902,53.748,-29.3390,-6.5664,140.91,510.10,-30.0354,-6.0009,,,0.22791,0
29.6228,10,18,4,2,251.25,583.50,capture,151.92,526.84,114.35,0,179.010,8.391,179.872,-18.44,20.57,147.04,-18.01,-8.62,173.18,53.442,53.802,-30.7278,-6.3317,151.92,526.84,-30.3470,-6.1498,,,0.16937,0
29.7094,10,18,4,2,251.25,583.50,capture,162.70,529.94,103.49,0,179.088,8.414,179.879,-18.36,20.79,147.45,-18.08,-8.14,173.10,53.624,53.735,-31.2242,-5.5941,162.70,529.94,-30.7418,-5.8997,,,0.22869,0
29.8165,10,18,4,2,251.25,583.50,capture,171.75,523.20,99.78,0,179.105,8.396,179.853,-18.42,20.75,147.55,-17.57,-7.35,173.93,53.407,53.731,-30.6029,-4.9373,171.75,523.20,-30.6793,-5.4666,,,0.21518,0
29.9154,10,18,4,2,251.25,583.50,capture,167.59,508.13,112.60,0,179.198,8.339,179.857,-18.31,20.56,147.51,-18.00,-7.95,173.77,53.669,53.719,-30.1392,-4.7418,167.59,508.13,-30.4362,-5.1405,,,0.23280,0
30.0007,10,18,4,2,251.25,583.50,capture,174.72,518.11,100.66,0,179.204,8.308,179.879,-18.23,20.69,147.49,-17.97,-7.89,173.59,53.687,53.518,-29.5035,-4.5003,174.72,518.11,-30.0165,-4.8524,,,0.19755,0
30.1194,10,18,4,2,251.25,583.50,capture,163.57,511.02,113.76,0,179.247,8.265,179.869,-18.42,20.78,147.54,-17.94,-7.68,173.45,53.608,53.623,-29.7508,-5.6081,163.57,511.02,-29.8969,-5.1925,,,0.20674,0
30.2202,10,18,4,2,251.25,583.50,capture,167.17,549.93,90.53,0,179.129,8.319,179.865,-18.50,20.75,147.63,-18.10,-8.08,173.97,53.392,53.637,-31.1822,-5.5104,167.17,549.93,-30.4753,-5.3356,,,0.21577,0
30.4196,11,1,0,1,150.75,64.83,dwell,196.69,397.54,335.86,0,179.097,8.398,179.861,-18.46,20.75,147.47,-17.64,-8.33,174.22,53.749,53.741,-24.8533,-3.5679,196.69,397.54,-24.8533,-3.5679,,,0.19601,0
30.5160,11,1,0,1,150.75,64.83,dwell,183.66,293.65,231.17,0,179.036,8.277,179.826,-18.48,20.75,147.51,-17.48,-8.51,173.68,53.598,53.792,-21.5683,-3.9675,183.66,293.65,-23.3750,-3.7477,,,0.20583,0
30.6161,11,1,0,1,150.75,64.83,dwell,182.34,356.17,293.04,0,179.001,8.067,179.796,-18.34,20.66,147.59,-17.85,-6.94,173.53,53.676,53.901,-23.6478,-4.6475,182.34,356.17,-23.4977,-4.1526,,,0.20152,0
30.7184,11,1,0,1,150.75,64.83,dwell,176.46,312.87,249.37,0,179.006,7.904,179.778,-18.29,20.58,147.90,-17.73,-7.91,174.43,53.755,53.625,-22.3752,-4.5233,176.46,312.87,-22.9926,-4.3194,,,0.18838,0
30.8306,11,1,0,1,150.75,64.83,dwell,180.40,334.57,271.36,0,179.155,7.975,179.759,-18.46,20.68,147.94,-17.49,-7.83,174.48,53.993,54.122,-22.9699,-4.5225,180.40,334.57,-22.9824,-4.4108,,,0.19708,0
30.9191,11,1,0,1,150.75,64.83,dwell,167.81,319.51,255.25,0,179.099,7.899,179.772,-18.42,20.64,147.81,-18.03,-8.38,173.83,53.774,53.796,-21.8012,-4.6350,167.81,319.51,-22.4509,-4.5117,,,0.20857,0
31.0222,11,1,0,1,150.75,64.83,dwell,294.17,249.03,233.45,0,179.081,7.936,179.759,-18.47,20.60,147.68,-17.91,-7.93,174.34,53.694,54.140,-18.9758,0.4664,294.17,249.03,-20.8871,-2.2716,,,0.21525,0
31.1205,11,1,0,1,150.75,64.83,dwell,221.26,228.67,178.37,0,179.000,7.873,179.759,-18.37,20.45,147.86,-18.37,-8.16,174.36,53.796,54.144,-18.8550,-2.8446,221.26,228.67,-19.9726,-2.5294,,,0.21055,0
31.2025,11,1,0,1,150.75,64.83,dwell,234.99,214.24,171.52,0,178.980,7.825,179.803,-18.39,20.36,147.87,-17.98,-8.26,174.64,53.635,54.476,-18.7447,-1.1287,234.99,214.24,-19.4201,-1.8991,,,0.21282,0
31.2845,11,1,0,1,150.75,64.83,dwell,230.58,227.86,181.52,0,178.999,7.693,179.803,-18.48,20.45,147.89,-17.95,-8.45,173.92,53.651,53.988,-19.2578,-1.8735,230.58,227.86,-19.3471,-1.8876,,,0.24340,0
31.3758,11,1,0,1,150.75,64.83,dwell,211.54,194.22,142.96,0,179.017,7.682,179.821,-18.45,20.61,147.80,-17.90,-8.27,174.23,53.720,54.031,-17.4750,-2.9618,211.54,194.22,-18.5046,-2.3710,,,0.20105,0
31.4859,11,1,0,1,150.75,64.83,capture,201.42,156.88,105.07,0,179.070,7.721,179.817,-18.46,20.51,147.77,-18.30,-8.49,174.60,53.915,54.074,-15.1714,-3.5101,201.42,156.88,-17.0047,-2.8836,,,0.21849,0
31.5908,11,1,0,1,150.75,64.83,capture,219.69,176.84,131.52,0,179.049,7.801,179.819,-18.41,20.39,147.75,-17.64,-8.30,174.25,53.742,54.464,-16.2698,-1.9934,219.69,176.84,-16.6740,-2.4830,,,0.24156,0
31.6849,11,1,0,1,150.75,64.83,capture,215.67,164.88,119.26,0,178.948,7.807,179.806,-18.43,20.44,147.74,-17.55,-8.32,174.00,53.927,54.471,-16.4168,-3.4241,215.67,164.88,-16.5582,-2.9065,,,0.23770,0
31.7766,11,1,0,1,150.75,64.83,capture,239.15,159.43,129.47,0,178.997,7.900,179.796,-18.38,20.45,147.96,-18.52,-7.82,174.83,54.015,54.104,-15.6867,-1.4000,239.15,159.43,-16.1660,-2.2286,,,0.24181,0
31.8790,11,1,0,1,150.75,64.83,capture,218.80,153.01,111.38,0,179.033,7.836,179.832,-18.43,20.34,148.05,-18.00,-7.81,174.63,54.288,54.112,-15.7205,-2.1482,218.80,153.01,-15.9655,-2.1924,,,0.21225,0
31.9708,11,1,0,1,150.75,64.83,capture,217.16,168.64,123.23,0,179.099,7.771,179.828,-18.45,20.46,147.99,-19.01,-8.24,174.46,54.178,54.316,-16.8083,-2.0252,217.16,168.64,-16.3448,-2.1172,,,0.21617,0
32.0675,11,1,0,1,150.75,64.83,capture,247.19,178.69,149.21,0,179.104,7.568,179.871,-18.38,20.46,147.70,-18.65,-7.35,174.26,53.965,54.452,-17.5807,-1.5440,247.19,178.69,-16.9009,-1.8592,,,0.21033,0
32.1675,11,1,0,1,150.75,64.83,capture,228.16,143.09,110.07,0,179.127,7.512,179.859,-18.47,20.52,147.87,-18.05,-7.83,174.02,53.995,54.527,-15.3325,-2.4637,228.16,143.09,-16.1951,-2.1312,,,0.24580,0
32.2662,11,1,0,1,150.75,64.83,capture,229.57,178.65,138.44,0,179.045,7.480,179.835,-18.47,20.44,147.75,-18.02,-8.28,173.79,54.190,54.419,-17.4084,-2.8114,229.57,178.65,-16.7411,-2.4373,,,0.20320,0
32.3710,11,1,0,1,150.75,64.83,capture,242.63,166.35,136.92,0,179.062,7.457,179.813,-18.41,20.51,147.53,-17.88,-8.44,173.78,54.024,54.601,-17.0890,-1.4337,242.63,166.35,-16.8977,-1.9857,,,0.22765,0
32.4902,11,1,0,1,150.75,64.83,capture,213.71,147.66,104.04,0,178.938,7.501,179.811,-18.47,20.48,147.51,-17.24,-9.04,173.61,54.166,54.710,-15.5746,-2.9777,213.71,147.66,-16.3023,-2.4321,,,0.26690,0
32.6050,11,1,0,1,150.75,64.83,capture,233.02,177.60,139.59,0,178.884,7.445,179.771,-18.46,20.47,147.75,-18.29,-8.08,174.09,54.173,54.618,-16.2985,-2.4541,233.02,177.60,-16.3006,-2.4420,,,0.21684,0
32.7061,11,1,0,1,150.75,64.83,capture,242.48,180.60,147.70,0,178.873,7.485,179.754,-18.49,20.57,147.74,-17.67,-7.57,173.67,53.955,54.634,-17.2092,-1.3035,242.48,180.60,-16.7095,-1.9297,,,0.22634,0
32.8078,11,1,0,1,150.75,64.83,capture,235.13,157.89,125.62,0,178.930,7.580,179.758,-18.51,20.70,147.60,-17.58,-7.80,173.88,54.276,55.046,-15.5967,-2.0309,235.13,157.89,-16.2087,-1.9752,,,0.22798,0
32.8938,11,1,0,1,150.75,64.83,capture,247.83,144.83,125.79,0,178.972,7.519,179.760,-18.63,20.59,147.66,-18.44,-8.08,173.72,53.945,55.091,-15.8599,-1.4991,247.83,144.83,-16.0518,-1.7610,,,0.21460,0
32.9912,11,1,0,1,150.75,64.83,capture,239.01,144.44,118.86,0,179.085,7.554,179.754,-18.71,20.51,147.80,-17.56,-8.11,174.55,53.509,54.926,-15.3535,-2.6497,239.01,144.44,-15.7376,-2.1609,,,0.18889,0
33.0923,11,1,0,1,150.75,64.83,capture,234.27,182.61,144.38,0,178.958,7.566,179.761,-18.66,20.44,147.95,-17.92,-8.23,174.32,53.135,54.983,-17.2180,-1.4853,234.27,182.61,-16.4038,-1.8569,,,0.20021,0
33.2075,11,1,0,1,150.75,64.83,capture,236.10,163.41,130.39,0,178.923,7.482,179.804,-18.76,20.55,148.18,-17.87,-7.77,174.73,53.373,54.545,-16.1561,-1.7303,236.10,163.41,-16.2923,-1.7999,,,0.22810,0
33.3181,11,1,0,1,150.75,64.83,capture,221.43,156.42,115.69,0,179.119,7.471,179.780,-18.72,20.84,147.94,-18.24,-7.76,174.08,53.178,54.662,-15.1769,-1.9624,221.43,156.42,-15.7904,-1.8731,,,0.19979,0
33.4277,11,1,0,1,150.75,64.83,capture,227.80,181.89,140.14,0,179.037,7.469,179.734,-18.51,20.69,148.02,-17.84,-7.81,174.17,53.598,54.261,-16.5068,-2.8374,227.80,181.89,-16.1128,-2.3070,,,0.20442,0
33.6025,12,19,4,3,351.75,583.50,dwell,171.22,44.65,568.29,0,179.032,7.648,179.740,-18.47,20.65,147.99,-18.11,-8.35,174.55,53.226,53.868,-10.4571,-4.7478,171.22,44.65,-10.4571,-4.7478,,,0.20390,0
33.7014,12,19,4,3,351.75,583.50,dwell,307.32,150.01,435.76,0,178.939,7.778,179.769,-18.43,20.60,147.83,-18.10,-7.70,174.15,53.106,53.916,-15.0266,1.5040,307.32,150.01,-12.5134,-1.9345,,,0.18774,0
33.8074,12,19,4,3,351.75,583.50,dwell,260.11,245.97,349.75,0,178.949,7.845,179.782,-18.55,20.60,147.98,-17.93,-7.55,174.27,53.319,53.694,-19.7276,-0.7373,260.11,245.97,-15.7598,-1.3957,,,0.19289,0
33.8980,12,19,4,3,351.75,583.50,dwell,365.28,201.57,382.17,0,178.955,7.975,179.788,-18.45,20.48,147.71,-18.20,-8.98,174.17,52.873,53.735,-17.9992,4.5790,365.28,201.57,-16.7675,1.2929,,,0.18520,0
33.9942,12,19,4,3,351.75,583.50,dwell,387.19,84.38,500.38,0,178.913,8.132,179.801,-18.39,20.66,147.57,-18.38,-7.43,174.07,52.951,53.563,-12.8837,5.1466,387.19,84.38,-15.0198,3.0271,,,0.19472,0
34.0907,12,19,4,3,351.75,583.50,dwell,305.12,97.72,488.01,0,178.960,8.245,179.822,-18.24,20.54,147.69,-17.38,-7.89,174.21,52.853,53.738,-13.6168,1.6980,305.12,97.72,-14.3884,2.4290,,,0.15590,0
34.2045,12,19,4,3,351.75,583.50,dwell,338.59,171.60,412.11,0,179.015,8.198,179.846,-18.18,20.46,147.82,-18.01,-8.05,173.84,52.909,54.205,-16.2044,2.7031,338.59,171.60,-15.2056,2.5523,,,0.18076,0
34.3178,12,19,4,3,351.75,583.50,dwell,321.12,219.22,365.57,0,178.914,8.000,179.854,-18.24,20.61,147.57,-17.07,-7.92,173.30,53.158,54.248,-17.9192,2.2478,321.12,219.22,-16.4268,2.4153,,,0.17813,0
34.4029,12,19,4,3,351.75,583.50,dwell,371.28,273.93,310.19,0,178.944,8.033,179.835,-18.09,20.56,147.57,-17.74,-7.17,174.24,53.521,54.193,-20.4182,3.7675,371.28,273.93,-18.2229,3.0238,,,0.20860,0
34.4855,12,19,4,3,351.75,583.50,dwell,368.46,222.64,361.25,0,178.943,8.185,179.836,-18.24,20.78,147.68,-17.47,-7.54,173.73,53.516,54.050,-18.9510,4.3589,368.46,222.64,-18.5505,3.6246,,,0.20131,0
34.5803,12,19,4,3,351.75,583.50,dwell,424.30,324.09,269.36,0,178.838,8.199,179.811,-18.28,20.76,147.67,-17.45,-8.23,173.43,53.651,54.026,-21.7544,7.3274,424.30,324.09,-19.9923,5.2908,,,0.22446,0
34.6692,12,19,4,3,351.75,583.50,capture,426.31,289.28,303.52,0,178.876,8.323,179.825,-18.42,20.82,147.81,-18.22,-8.46,174.36,53.834,54.072,-21.0255,6.8280,426.31,289.28,-20.4572,5.9825,,,0.22880,0
34.7850,12,19,4,3,351.75,583.50,capture,431.51,295.53,298.81,0,178.843,8.300,179.838,-18.43,20.92,147.70,-18.50,-7.63,174.56,53.709,54.281,-20.9374,6.8637,431.51,295.53,-20.6733,6.3791,,,0.19541,0
34.8852,12,19,4,3,351.75,583.50,capture,410.17,264.95,323.86,0,178.812,8.162,179.846,-18.53,21.06,147.84,-18.01,-7.52,174.38,53.667,54.038,-19.6017,5.8136,410.17,264.95,-20.1911,6.1246,,,0.19870,0
34.9815,12,19,4,3,351.75,583.50,capture,431.88,268.12,325.40,0,178.784,8.365,179.850,-18.54,21.02,147.80,-18.08,-7.49,174.15,54.080,53.614,-20.0252,6.7903,431.88,268.12,-20.1164,6.4242,,,0.21205,0
35.0787,12,19,4,3,351.75,583.50,capture,409.25,294.24,294.92,0,178.759,8.492,179.861,-18.54,20.85,147.95,-17.85,-7.94,174.38,53.927,53.516,-21.6665,5.6057,409.25,294.24,-20.8139,6.0559,,,0.20880,0
35.1697,12,19,4,3,351.75,583.50,capture,421.54,268.77,322.37,0,178.688,8.556,179.872,-18.39,20.80,147.99,-18.18,-7.76,174.00,53.996,54.043,-20.6464,6.5944,421.54,268.77,-20.7385,6.2982,,,0.21132,0
35.2726,12,19,4,3,351.75,583.50,capture,423.11,283.54,308.33,0,178.724,8.513,179.860,-18.27,20.62,147.94,-17.62,-7.44,174.30,54.154,54.096,-21.0798,7.2333,423.11,283.54,-20.8921,6.7190,,,0.21958,0
35.3838,12,19,4,3,351.75,583.50,capture,426.64,257.56,334.43,0,178.658,8.394,179.822,-18.27,20.45,147.70,-17.91,-8.38,173.82,53.690,54.239,-19.4118,7.3186,426.64,257.56,-20.2259,6.9888,,,0.21632,0
35.4776,12,19,4,3,351.75,583.50,capture,419.37,284.05,306.99,0,178.785,8.288,179.867,-18.34,20.34,147.88,-17.75,-7.88,174.16,53.256,54.325,-21.2612,6.9435,419.37,284.05,-20.6918,6.9684,,,0.21483,0
35.5605,12,19,4,3,351.75,583.50,capture,415.81,295.19,295.34,0,178.753,8.434,179.818,-18.36,20.22,147.84,-17.98,-8.50,173.90,53.415,54.436,-20.5361,6.3181,415.81,295.19,-20.6217,6.6758,,,0.19305,0
35.6727,12,19,4,3,351.75,583.50,capture,420.76,282.02,309.28,0,178.851,8.414,179.839,-18.43,20.27,147.89,-18.14,-8.59,174.52,53.576,54.624,-20.3536,6.3111,420.76,282.02,-20.5011,6.5117,,,0.22250,0
35.7547,12,19,4,3,351.75,583.50,capture,431.92,260.44,332.86,0,178.814,8.320,179.849,-18.39,20.43,147.89,-17.41,-8.36,174.40,53.509,54.747,-19.2873,7.1211,431.92,260.44,-19.9549,6.7859,,,0.20554,0
35.8367,12,19,4,3,351.75,583.50,capture,415.76,265.51,324.37,0,178.881,8.515,179.846,-18.41,20.53,147.90,-17.49,-7.99,174.39,53.759,55.059,-20.0221,6.2241,415.76,265.51,-19.9851,6.5331,,,0.21694,0
35.9293,12,19,4,3,351.75,583.50,capture,412.57,264.57,324.68,0,178.809,8.586,179.806,-18.34,20.47,147.72,-18.12,-8.34,174.28,53.734,55.021,-19.9655,5.7465,412.57,264.57,-19.9763,6.1791,,,0.18156,0
36.0200,12,19,4,3,351.75,583.50,capture,417.79,253.94,336.11,0,178.792,8.442,179.794,-18.37,20.39,147.72,-17.76,-8.05,174.32,53.826,54.940,-20.0171,5.8943,417.79,253.94,-19.9947,6.0510,,,0.23092,0
36.1290,12,19,4,3,351.75,583.50,capture,425.54,266.83,325.15,0,178.773,8.521,179.795,-18.24,20.53,147.81,-17.96,-7.83,174.18,53.845,54.990,-20.7103,6.1508,425.54,266.83,-20.3167,6.0959,,,0.20591,0
36.2340,12,19,4,3,351.75,583.50,capture,402.95,259.08,328.44,0,178.834,8.417,179.806,-18.33,20.66,147.66,-17.93,-8.06,173.56,54.101,55.035,-20.7123,6.0680,402.95,259.08,-20.4947,6.0833,,,0.21897,0
36.3352,12,19,4,3,351.75,583.50,capture,414.68,290.91,299.28,0,178.781,8.352,179.821,-18.34,20.66,147.64,-17.61,-7.32,174.05,54.268,55.072,-21.5181,6.5981,414.68,290.91,-20.9553,6.3150,,,0.25786,0
36.4278,12,19,4,3,351.75,583.50,capture,402.70,295.50,292.47,0,178.750,8.309,179.825,-18.43,20.67,147.72,-18.01,-8.38,174.12,54.196,54.785,-20.4475,5.6335,402.70,295.50,-20.7268,6.0083,,,0.23012,0
36.5309,12,19,4,3,351.75,583.50,capture,439.76,311.56,285.83,0,178.731,8.369,179.836,-18.41,20.71,147.78,-18.49,-6.84,174.17,54.091,54.665,-22.1881,7.7723,439.76,311.56,-21.3844,6.8021,,,0.21584,0
36.7160,13,22,5,2,251.25,713.17,dwell,379.77,375.09,361.68,0,178.777,8.391,179.859,-18.38,20.73,147.62,-17.75,-7.59,173.99,53.814,54.369,-23.9229,3.8548,379.77,375.09,-23.9229,3.8548,,,0.23156,0
36.8114,13,22,5,2,251.25,713.17,dwell,283.40,119.30,594.74,0,178.956,8.454,179.850,-18.42,20.81,147.53,-17.87,-7.24,174.03,53.378,54.247,-14.6761,0.3266,283.40,119.30,-19.7619,2.2671,,,0.22296,0
36.8934,13,22,5,2,251.25,713.17,dwell,296.38,423.46,293.20,0,178.993,8.631,179.866,-18.41,20.86,147.80,-17.89,-9.09,174.09,53.625,54.275,-25.8393,0.5720,296.38,423.46,-22.4967,1.5043,,,0.19104,0
36.9754,13,22,5,2,251.25,713.17,dwell,338.11,551.57,183.46,0,178.907,8.644,179.854,-18.46,20.91,148.03,-17.99,-7.33,174.39,53.363,54.579,-31.1990,3.4894,338.11,551.57,-26.4128,2.3976,,,0.19559,0
37.0944,13,22,5,2,251.25,713.17,dwell,269.23,438.32,275.43,0,178.982,8.633,179.818,-18.60,20.76,148.13,-17.92,-8.42,174.16,53.141,54.363,-27.1395,-0.4580,269.23,438.32,-26.7398,1.1126,,,0.18408,0
37.1937,13,22,5,2,251.25,713.17,dwell,248.15,492.26,220.93,0,179.017,8.676,179.833,-18.55,20.69,147.93,-18.30,-7.80,174.52,52.977,54.607,-29.1287,-1.3189,248.15,492.26,-27.8148,0.0184,,,0.19286,0
37.2809,13,22,5,2,251.25,713.17,dwell,169.97,561.23,172.31,0,179.008,8.725,179.835,-18.40,20.66,147.96,-17.58,-7.51,174.71,52.834,54.562,-31.6578,-5.3406,169.97,561.23,-29.5441,-2.3931,,,0.19567,0
37.3734,13,22,5,2,251.25,713.17,dwell,263.08,603.21,110.59,0,178.961,8.629,179.832,-18.47,20.39,147.60,-17.97,-7.98,174.48,52.974,54.240,-31.8929,-1.1095,263.08,603.21,-30.6011,-1.8155,,,0.19829,0
37.4849,13,22,5,2,251.25,713.17,dwell,221.95,592.61,124.07,0,178.952,8.565,179.820,-18.56,20.29,147.36,-18.28,-8.41,174.17,53.204,54.188,-32.3148,-3.0527,221.95,592.61,-31.3723,-2.3722,,,0.20291,0
37.5798,13,22,5,2,251.25,713.17,dwell,178.27,625.59,114.00,0,178.949,8.668,179.804,-18.50,20.56,147.30,-18.14,-8.25,173.74,53.659,54.475,-34.1217,-4.8296,178.27,625.59,-32.6095,-3.4781,,,0.21514,0
37.6746,13,22,5,2,251.25,713.17,capture,171.72,639.38,108.49,0,179.024,8.676,179.834,-18.43,20.29,147.23,-18.28,-8.71,173.70,53.817,54.180,-35.1739,-4.7900,171.72,639.38,-33.7635,-4.0685,,,0.22860,0
37.7782,13,22,5,2,251.25,713.17,capture,173.02,643.92,104.48,0,179.027,8.686,179.863,-18.52,20.15,146.98,-17.95,-7.77,172.79,54.193,54.106,-34.8976,-4.7314,173.02,643.92,-34.2738,-4.3668,,,0.21334,0
37.8602,13,22,5,2,251.25,713.17,capture,189.68,638.66,96.65,0,178.984,8.700,179.848,-18.64,19.96,147.07,-18.32,-8.38,172.99,54.375,54.100,-33.9470,-4.0706,189.68,638.66,-34.1267,-4.2335,,,0.22737,0
37.9674,13,22,5,2,251.25,713.17,capture,175.81,641.38,104.14,0,179.011,8.787,179.848,-18.71,20.00,147.17,-18.07,-8.62,173.59,54.277,53.851,-34.6314,-4.6750,175.81,641.38,-34.3538,-4.4322,,,0.20235,0
38.0680,13,22,5,2,251.25,713.17,capture,176.19,676.86,83.38,0,178.858,8.738,179.848,-18.75,20.17,147.26,-18.08,-8.23,173.57,54.376,54.038,-36.5408,-4.1430,176.19,676.86,-35.3379,-4.3021,,,0.21229,0
38.1698,13,22,5,2,251.25,713.17,capture,172.35,634.56,111.37,0,178.903,8.732,179.863,-18.69,20.25,147.37,-18.01,-8.90,173.36,54.389,54.263,-35.4422,-4.7415,172.35,634.56,-35.3848,-4.4998,,,0.24119,0
38.2782,13,22,5,2,251.25,713.17,capture,177.93,625.44,114.33,0,178.937,8.773,179.856,-18.70,20.33,147.24,-18.22,-8.29,173.76,54.454,54.417,-32.5763,-5.0507,177.93,625.44,-34.1210,-4.7477,,,0.20762,0
38.3662,13,22,5,2,251.25,713.17,capture,157.64,652.62,111.48,0,178.954,8.781,179.824,-18.55,20.54,147.28,-17.67,-7.87,173.72,54.487,54.627,-35.8322,-5.5104,157.64,652.62,-34.8910,-5.0909,,,0.22388,0
38.4482,13,22,5,2,251.25,713.17,capture,191.93,618.32,111.87,0,178.959,8.758,179.812,-18.61,20.56,147.29,-17.91,-7.99,173.85,54.333,54.397,-33.4994,-3.9952,191.93,618.32,-34.2648,-4.5978,,,0.24197,0
38.5468,13,22,5,2,251.25,713.17,capture,164.57,651.06,106.63,0,178.898,8.747,179.827,-18.75,20.59,147.10,-18.01,-7.69,173.40,54.487,54.017,-35.6556,-5.8488,164.57,651.06,-34.8907,-5.1608,,,0.21613,0
38.6658,13,22,5,2,251.25,713.17,capture,180.24,621.78,115.73,0,178.986,8.608,179.864,-18.79,20.41,147.02,-18.26,-7.51,173.63,54.361,54.255,-34.3552,-4.1870,180.24,621.78,-34.6497,-4.7226,,,0.22644,0
38.7759,13,22,5,2,251.25,713.17,capture,158.56,625.35,127.68,0,179.025,8.564,179.867,-18.70,20.43,147.14,-18.87,-8.66,173.37,54.373,54.282,-34.3741,-5.4735,158.56,625.35,-34.5257,-5.0605,,,0.22474,0
38.8782,13,22,5,2,251.25,713.17,capture,173.01,636.25,109.72,0,179.104,8.503,179.850,-18.69,20.55,147.32,-17.98,-7.83,173.93,54.485,54.280,-34.9755,-5.0276,173.01,636.25,-34.7281,-5.0457,,,0.22738,0
38.9769,13,22,5,2,251.25,713.17,capture,167.81,647.03,106.47,0,178.882,8.654,179.828,-18.50,20.43,147.17,-17.82,-8.14,173.21,54.729,54.295,-34.9255,-4.6667,167.81,647.03,-34.8169,-4.8752,,,0.21807,0
39.0912,13,22,5,2,251.25,713.17,capture,196.13,651.76,82.52,0,178.988,8.658,179.862,-18.36,20.58,147.16,-18.15,-7.75,173.74,54.064,54.076,-35.5929,-3.2368,196.13,651.76,-35.1661,-4.1379,,,0.23080,0
39.2134,13,22,5,2,251.25,713.17,capture,191.23,632.24,100.75,0,179.027,8.667,179.878,-18.36,20.64,147.20,-17.68,-8.18,173.79,54.253,54.352,-34.0598,-4.2411,191.23,632.24,-34.6683,-4.1843,,,0.22257,0
39.3104,13,22,5,2,251.25,713.17,capture,169.73,635.50,112.59,0,178.918,8.468,179.845,-18.42,20.60,147.26,-17.71,-7.49,173.50,54.148,54.369,-34.8071,-4.9497,169.73,635.50,-34.7307,-4.5287,,,0.24601,0
39.4090,13,22,5,2,251.25,713.17,capture,172.23,616.63,124.75,0,178.826,8.563,179.836,-18.36,20.57,147.42,-18.03,-8.44,173.37,54.348,54.426,-33.2881,-4.7380,172.23,616.63,-34.0816,-4.6229,,,0.22163,0
39.5195,13,22,5,2,251.25,713.17,capture,174.83,642.99,103.75,0,178.822,8.407,179.801,-18.34,20.73,147.23,-18.39,-6.92,173.62,54.720,54.053,-35.5636,-4.3242,174.83,642.99,-34.7485,-4.4885,,,0.25399,0
39.6374,13,22,5,2,251.25,713.17,capture,173.57,651.06,99.46,0,178.880,8.476,179.782,-18.41,20.72,147.13,-18.11,-6.69,173.27,54.126,54.590,-35.2878,-5.2495,173.57,651.06,-34.9912,-4.8310,,,0.20835,0
39.8379,14,16,4,0,50.25,583.50,dwell,156.52,585.78,106.29,0,178.840,8.508,179.784,-18.48,20.45,146.88,-18.45,-8.83,172.56,54.427,54.393,-33.0071,-5.4238,156.52,585.78,-33.0071,-5.4238,,,0.24369,0
39.9610,14,16,4,0,50.25,583.50,dwell,124.03,350.99,243.94,0,178.725,8.548,179.784,-18.51,20.41,146.84,-18.38,-7.94,173.45,54.629,54.064,-22.7449,-6.8064,124.03,350.99,-28.3891,-6.0460,,,0.25766,0
40.0829,14,16,4,0,50.25,583.50,dwell,74.66,512.88,74.72,0,178.791,8.367,179.809,-18.48,20.48,146.88,-18.44,-7.94,173.32,54.465,54.434,-30.3945,-9.7806,74.66,512.88,-29.2915,-7.7265,,,0.23116,0
40.1819,14,16,4,0,50.25,583.50,dwell,74.43,422.19,163.11,0,178.589,8.261,179.817,-18.39,20.51,146.85,-17.97,-8.06,173.12,54.043,54.158,-26.0424,-10.0530,74.43,422.19,-27.8294,-8.7734,,,0.23242,0
40.2689,14,16,4,0,50.25,583.50,dwell,15.11,466.01,122.63,0,178.594,8.147,179.785,-18.35,20.60,146.95,-17.85,-8.13,172.93,53.879,54.015,-27.6801,-11.7988,15.11,466.01,-27.7622,-10.1349,,,0.19475,0
40.3667,14,16,4,0,50.25,583.50,dwell,50.36,541.15,42.35,1,178.603,8.253,179.814,-18.28,20.55,146.93,-17.48,-7.62,173.11,53.564,54.054,-30.9113,-11.1582,50.36,541.15,-29.1793,-10.5953,,,0.20064,0
40.4628,14,16,4,0,50.25,583.50,dwell,110.22,565.41,62.64,0,178.665,8.306,179.831,-18.40,20.53,147.12,-17.76,-7.38,173.30,53.315,53.842,-31.8339,-7.3644,110.22,565.41,-30.3739,-9.1414,,,0.18530,0
40.5558,14,16,4,0,50.25,583.50,dwell,18.80,510.66,79.34,0,178.650,8.271,179.808,-18.41,20.57,147.08,-17.99,-7.77,173.23,53.267,53.803,-29.6214,-11.4899,18.80,510.66,-30.0353,-10.1982,,,0.19589,0
40.6579,14,16,4,0,50.25,583.50,dwell,30.42,587.07,20.15,1,178.682,8.278,179.809,-18.44,20.66,147.17,-17.79,-7.46,173.00,53.117,53.736,-32.2676,-11.5288,30.42,587.07,-31.0398,-10.7970,,,0.22020,0
40.7489,14,16,4,0,50.25,583.50,dwell,6.01,525.61,72.86,1,178.649,8.274,179.811,-18.48,20.87,147.04,-17.78,-7.44,173.34,52.975,53.633,-31.0382,-12.5809,6.01,525.61,-31.0391,-11.5997,,,0.18760,0
40.8538,14,16,4,0,50.25,583.50,dwell,-6.82,472.26,125.03,0,178.644,8.469,179.804,-18.52,20.85,147.04,-17.66,-7.99,173.01,52.926,54.073,-27.9762,-13.7658,-6.82,472.26,-29.6608,-12.5745,,,0.20210,0
40.9517,14,16,4,0,50.25,583.50,capture,1.66,448.13,143.83,0,178.714,8.575,179.816,-18.41,21.02,147.06,-17.41,-7.34,173.39,53.182,53.955,-28.3104,-12.6086,1.66,448.13,-29.0531,-12.5898,,,0.20158,0
41.0492,14,16,4,0,50.25,583.50,capture,-10.17,425.26,169.38,0,178.627,8.718,179.819,-18.43,21.18,147.10,-17.63,-7.23,173.33,53.229,54.137,-27.1748,-13.4429,-10.17,425.26,-28.2079,-12.9737,,,0.20930,0
41.1510,14,16,4,0,50.25,583.50,capture,-8.34,444.56,150.79,0,178.739,8.598,179.820,-18.37,21.08,147.49,-17.60,-7.31,173.65,53.726,54.296,-27.2416,-12.9832,-8.34,444.56,-27.7730,-12.9780,,,0.21070,0
41.2568,14,16,4,0,50.25,583.50,capture,-24.18,430.56,170.09,0,178.717,8.593,179.833,-18.27,21.06,147.22,-17.71,-6.93,173.31,53.823,54.064,-26.8584,-14.6606,-24.18,430.56,-27.3615,-13.7352,,,0.24045,0
41.3633,14,16,4,0,50.25,583.50,capture,1.23,426.14,164.82,0,178.801,8.603,179.820,-18.30,21.10,147.10,-17.74,-7.80,172.97,53.888,53.943,-26.9450,-12.0785,1.23,426.14,-27.1741,-12.9897,,,0.21895,0
41.4673,14,16,4,0,50.25,583.50,capture,-7.64,419.49,173.93,0,178.764,8.680,179.827,-18.33,21.07,147.07,-18.39,-7.59,173.80,53.714,53.897,-25.4933,-12.7546,-7.64,419.49,-26.4177,-12.8839,,,0.24744,0
41.5864,14,16,4,0,50.25,583.50,capture,-1.87,465.50,129.00,0,178.799,8.742,179.810,-18.35,20.83,147.19,-17.24,-7.79,173.43,53.514,53.973,-27.8028,-12.5660,-1.87,465.50,-27.0410,-12.7408,,,0.21074,0
41.6841,14,16,4,0,50.25,583.50,capture,-16.32,420.65,175.93,0,178.772,8.877,179.829,-18.38,20.89,147.39,-18.41,-7.66,173.94,53.593,53.802,-26.1050,-13.2736,-16.32,420.65,-26.6198,-12.9806,,,0.21426,0
41.7885,14,16,4,0,50.25,583.50,capture,-4.17,437.73,155.60,0,178.849,8.807,179.812,-18.31,20.90,147.17,-18.06,-8.84,173.38,53.275,54.142,-26.5036,-13.2264,-4.17,437.73,-26.5675,-13.0912,,,0.20158,0
41.9034,14,16,4,0,50.25,583.50,capture,-3.06,419.45,172.49,0,179.000,8.748,179.830,-18.27,20.93,147.36,-17.41,-7.83,173.77,53.271,54.374,-26.3032,-13.0342,-3.06,419.45,-26.4486,-13.0656,,,0.20786,0
42.0007,14,16,4,0,50.25,583.50,capture,-31.23,439.77,165.22,0,179.087,8.696,179.840,-18.30,20.95,147.19,-17.73,-7.13,173.63,53.261,54.266,-26.4787,-14.2985,-31.23,439.77,-26.4621,-13.6204,,,0.18534,0
42.1072,14,16,4,0,50.25,583.50,capture,-20.43,430.37,168.65,0,178.945,8.756,179.809,-18.37,20.98,147.42,-17.43,-9.22,174.41,53.292,54.108,-27.2409,-14.0537,-20.43,430.37,-26.8126,-13.8154,,,0.20452,0
42.2035,14,16,4,0,50.25,583.50,capture,-20.30,437.02,162.58,0,179.052,8.601,179.788,-18.40,20.93,147.16,-17.95,-7.70,173.77,53.117,54.202,-25.7420,-14.5983,-20.30,437.02,-26.3308,-14.1677,,,0.18109,0
42.3088,14,16,4,0,50.25,583.50,capture,-21.98,442.90,158.07,0,178.968,8.448,179.782,-18.29,21.01,146.97,-18.26,-6.98,173.52,52.946,54.313,-27.3470,-13.9091,-21.98,442.90,-26.7881,-14.0513,,,0.19209,0
42.4279,14,16,4,0,50.25,583.50,capture,-41.54,413.12,193.53,0,178.960,8.522,179.820,-18.32,20.97,146.88,-17.83,-7.83,173.03,53.218,54.277,-26.2531,-14.9526,-41.54,413.12,-26.5474,-14.4569,,,0.19307,0
42.5293,14,16,4,0,50.25,583.50,capture,-14.12,447.52,150.45,0,178.947,8.482,179.845,-18.44,20.87,147.02,-18.85,-7.75,173.10,53.298,54.678,-28.1698,-13.0271,-14.12,447.52,-27.2775,-13.8135,,,0.19633,0
42.6113,14,16,4,0,50.25,583.50,capture,-45.60,458.48,157.53,0,178.951,8.572,179.812,-18.43,20.87,147.26,-17.94,-7.56,173.40,53.425,54.609,-27.3563,-14.2588,-45.60,458.48,-27.3129,-14.0139,,,0.19768,0
42.7133,14,16,4,0,50.25,583.50,capture,-11.80,460.10,138.12,0,178.890,8.482,179.812,-18.49,20.91,147.24,-17.71,-7.31,173.73,53.527,54.501,-27.2550,-13.5275,-11.80,460.10,-27.2868,-13.7950,,,0.18605,0
42.8165,14,16,4,0,50.25,583.50,capture,-24.66,453.09,150.39,0,178.941,8.459,179.792,-18.57,21.00,147.24,-18.78,-7.35,173.16,53.488,54.302,-26.7083,-13.2876,-24.66,453.09,-27.0265,-13.5667,,,0.21497,0
42.9471,14,16,4,0,50.25,583.50,capture,-26.08,427.55,173.63,0,178.807,8.318,179.797,-18.48,20.83,147.20,-18.12,-8.05,173.50,53.523,53.950,-26.2861,-14.3298,-26.08,427.55,-26.6933,-13.9101,,,0.21214,0
43.1424,15,0,0,0,50.25,64.83,dwell,92.97,214.42,155.57,0,178.808,8.265,179.819,-18.50,20.99,146.96,-18.08,-7.29,173.64,53.486,53.844,-17.8629,-8.3335,92.97,214.42,-17.8629,-8.3335,,,0.21247,0
43.2443,15,0,0,0,50.25,64.83,dwell,123.83,373.26,317.08,0,178.759,8.091,179.797,-18.57,21.03,147.12,-17.97,-7.87,173.44,53.349,53.953,-25.3333,-7.5536,123.83,373.26,-21.2246,-7.9825,,,0.18885,0
43.3263,15,0,0,0,50.25,64.83,dwell,73.82,271.68,208.19,0,178.783,7.922,179.798,-18.46,20.91,147.16,-17.84,-7.16,173.70,53.473,53.831,-21.1246,-9.2210,73.82,271.68,-21.1796,-8.5398,,,0.20948,0
43.4185,15,0,0,0,50.25,64.83,dwell,31.63,189.31,125.86,0,178.873,7.839,179.824,-18.45,20.78,147.50,-18.35,-8.46,174.35,53.373,53.989,-17.0939,-10.4770,31.63,189.31,-19.3410,-9.4116,,,0.18806,0
43.5308,15,0,0,0,50.25,64.83,dwell,135.97,143.77,116.53,0,178.843,7.906,179.793,-18.46,20.70,147.61,-18.34,-7.83,174.10,53.300,53.742,-14.8446,-6.2274,135.97,143.77,-17.3176,-7.9787,,,0.20470,0
43.6371,15,0,0,0,50.25,64.83,dwell,77.87,137.23,77.49,0,178.832,7.934,179.818,-18.59,20.86,147.54,-17.76,-6.87,173.30,53.409,53.336,-14.8171,-9.0862,77.87,137.23,-16.1924,-8.4771,,,0.20728,0
43.7427,15,0,0,0,50.25,64.83,dwell,79.08,211.55,149.52,0,178.768,7.967,179.824,-18.48,20.78,147.28,-18.30,-7.33,173.69,53.564,53.636,-17.6022,-9.5339,79.08,211.55,-16.8268,-8.9527,,,0.19524,0
43.8338,15,0,0,0,50.25,64.83,dwell,131.72,147.91,116.36,0,178.745,7.928,179.794,-18.66,20.69,147.29,-17.96,-7.78,173.25,53.441,53.840,-15.8425,-7.0599,131.72,147.91,-16.3839,-8.1009,,,0.20842,0
43.9366,15,0,0,0,50.25,64.83,dwell,167.73,14.98,127.62,0,178.752,8.069,179.774,-18.63,20.78,147.43,-18.33,-8.34,173.83,53.308,54.017,-10.3827,-5.0175,167.73,14.98,-13.6834,-6.7134,,,0.21108,0
44.0368,15,0,0,0,50.25,64.83,capture,145.13,24.67,103.03,0,178.822,8.062,179.790,-18.53,20.73,147.31,-18.25,-6.86,173.38,53.629,54.404,-11.3795,-6.2092,145.13,24.67,-12.6466,-6.4865,,,0.20470,0
44.1338,15,0,0,0,50.25,64.83,capture,156.91,36.25,110.42,0,178.786,7.890,179.776,-18.58,20.83,147.10,-17.99,-7.83,173.63,53.495,54.658,-10.8230,-5.9197,156.91,36.25,-11.8260,-6.2315,,,0.20646,0
44.2204,15,0,0,0,50.25,64.83,capture,143.45,55.69,93.65,0,178.776,7.826,179.784,-18.58,20.78,147.40,-18.40,-7.95,173.93,53.640,54.413,-12.1021,-6.4936,143.45,55.69,-11.9502,-6.3494,,,0.20585,0
44.3104,15,0,0,0,50.25,64.83,capture,127.10,41.98,80.18,0,178.655,7.795,179.810,-18.50,20.60,147.52,-17.87,-7.31,174.30,53.274,54.298,-10.7389,-6.6054,127.10,41.98,-11.4051,-6.4646,,,0.18346,0
44.4075,15,0,0,0,50.25,64.83,capture,147.86,49.47,98.81,0,178.708,7.611,179.806,-18.48,20.59,147.48,-17.63,-8.17,174.07,53.543,54.055,-11.9307,-6.2348,147.86,49.47,-11.6416,-6.3612,,,0.19478,0
44.5173,15,0,0,0,50.25,64.83,capture,163.45,40.58,115.77,0,178.783,7.591,179.808,-18.43,20.53,147.39,-18.30,-8.35,173.37,53.848,54.072,-11.0093,-5.1153,163.45,40.58,-11.3571,-5.8005,,,0.21149,0
44.6105,15,0,0,0,50.25,64.83,capture,143.88,35.76,98.04,0,178.704,7.492,179.819,-18.51,20.48,147.50,-18.56,-7.87,173.70,53.826,53.969,-11.7078,-6.2036,143.88,35.76,-11.5149,-5.9819,,,0.22061,0
44.7185,15,0,0,0,50.25,64.83,capture,128.68,44.07,81.13,0,178.753,7.500,179.835,-18.51,20.48,147.46,-18.13,-8.26,173.51,53.820,53.832,-10.8019,-7.1064,128.68,44.07,-11.1940,-6.4879,,,0.21706,0
44.8095,15,0,0,0,50.25,64.83,capture,146.15,54.96,96.41,0,178.749,7.514,179.849,-18.40,20.36,147.68,-17.19,-7.83,174.51,53.841,54.304,-11.4925,-5.9311,146.15,54.96,-11.3284,-6.2374,,,0.22737,0
44.9093,15,0,0,0,50.25,64.83,capture,146.27,40.30,99.10,0,178.631,7.542,179.838,-18.34,20.49,147.70,-18.34,-8.25,174.50,53.954,54.424,-11.6590,-6.3442,146.27,40.30,-11.4771,-6.2854,,,0.22576,0
45.0029,15,0,0,0,50.25,64.83,capture,163.41,62.38,113.19,0,178.571,7.600,179.802,-18.35,20.70,147.76,-17.90,-8.81,173.74,53.805,54.037,-11.5747,-5.4515,163.41,62.38,-11.5210,-5.9102,,,0.21584,0
45.0983,15,0,0,0,50.25,64.83,capture,137.70,36.52,91.92,0,178.630,7.621,179.807,-18.28,20.65,147.84,-17.40,-7.66,174.54,54.168,54.335,-12.1711,-6.0942,137.70,36.52,-11.8136,-5.9930,,,0.23259,0
45.1855,15,0,0,0,50.25,64.83,capture,151.47,65.81,101.22,0,178.603,7.682,179.847,-18.34,20.74,147.61,-18.00,-7.10,173.97,54.039,54.590,-11.8946,-5.8638,151.47,65.81,-11.8500,-5.9348,,,0.21803,0
45.2856,15,0,0,0,50.25,64.83,capture,152.52,46.01,103.99,0,178.650,7.738,179.834,-18.45,20.49,147.51,-18.59,-7.43,174.14,53.684,54.477,-11.9370,-6.2903,152.52,46.01,-11.8892,-6.0948,,,0.22671,0
45.3676,15,0,0,0,50.25,64.83,capture,167.98,50.43,118.61,0,178.790,7.881,179.828,-18.31,20.58,147.73,-17.59,-7.82,174.28,53.983,54.240,-11.7904,-5.5688,167.98,50.43,-11.8447,-5.8581,,,0.22149,0
45.4945,15,0,0,0,50.25,64.83,capture,139.15,23.95,97.85,0,178.856,7.706,179.825,-18.24,20.77,147.63,-18.22,-8.18,174.01,53.506,53.621,-11.2788,-6.8742,139.15,23.95,-11.5901,-6.3153,,,0.21300,0
45.5972,15,0,0,0,50.25,64.83,capture,147.81,24.26,105.66,0,178.863,7.809,179.834,-18.24,20.71,147.61,-17.92,-8.33,173.67,53.463,53.377,-10.7287,-6.2729,147.81,24.26,-11.2024,-6.2963,,,0.17835,0
45.6983,15,0,0,0,50.25,64.83,capture,145.38,61.19,95.20,0,178.892,7.728,179.820,-18.32,20.76,147.74,-18.08,-8.17,174.06,53.307,53.601,-12.9898,-6.1294,145.38,61.19,-12.0068,-6.2212,,,0.20715,0
45.8159,15,0,0,0,50.25,64.83,capture,163.65,15.09,123.83,0,178.952,7.693,179.831,-18.17,20.74,147.94,-17.64,-7.79,174.59,53.758,53.665,-9.4391,-4.7675,163.65,15.09,-10.8513,-5.5670,,,0.22020,0
45.9250,15,0,0,0,50.25,64.83,capture,156.25,43.23,108.18,0,179.010,7.788,179.828,-18.23,20.80,147.73,-17.90,-8.28,173.66,53.976,53.261,-11.5616,-5.8211,156.25,43.23,-11.1709,-5.6813,,,0.22665,0
46.1450,16,7,1,3,351.75,194.50,dwell,294.16,-36.74,238.30,0,178.886,7.761,179.831,-18.25,20.88,147.72,-17.59,-7.83,174.22,53.971,53.360,-7.8026,0.9036,294.16,-36.74,-7.8026,0.9036,,,0.23384,0
46.2550,16,7,1,3,351.75,194.50,dwell,214.34,139.89,147.86,0,178.721,7.827,179.841,-18.29,20.66,147.60,-17.84,-8.07,173.77,53.945,53.804,-15.2137,-2.8967,214.34,139.89,-11.1376,-0.8065,,,0.20305,0
46.3659,16,7,1,3,351.75,194.50,dwell,260.71,92.72,136.56,0,178.733,7.801,179.845,-18.35,20.65,147.71,-17.38,-7.83,173.75,54.071,54.057,-13.4738,-0.7843,260.71,92.72,-12.1888,-0.7965,,,0.20814,0
46.4507,16,7,1,3,351.75,194.50,dwell,300.32,158.25,62.92,0,178.751,7.745,179.833,-18.38,20.66,147.70,-17.92,-8.27,173.87,54.062,54.096,-15.2370,0.9797,300.32,158.25,-13.5605,0.0028,,,0.20409,0
46.5613,16,7,1,3,351.75,194.50,dwell,235.77,211.54,117.23,0,178.775,7.694,179.889,-18.29,20.72,147.76,-17.86,-7.92,174.17,53.827,53.892,-17.5792,-1.6592,235.77,211.54,-15.3689,-0.7451,,,0.24656,0
46.6433,16,7,1,3,351.75,194.50,dwell,310.05,162.51,52.56,1,178.940,7.874,179.847,-18.19,20.92,147.79,-17.88,-7.72,174.22,53.661,54.359,-15.4125,1.3576,310.05,162.51,-15.3886,0.2011,,,0.22113,0
46.7461,16,7,1,3,351.75,194.50,dwell,278.43,138.12,92.49,0,178.968,7.804,179.887,-18.33,21.08,147.96,-18.04,-6.77,174.47,53.733,54.223,-14.8435,0.3829,278.43,138.12,-15.1433,0.2829,,,0.22428,0
46.8358,16,7,1,3,351.75,194.50,dwell,304.21,198.82,47.74,1,179.089,7.905,179.863,-18.38,21.03,147.72,-17.99,-6.96,173.85,53.709,54.449,-17.9259,1.1397,304.21,198.82,-16.3955,0.6685,,,0.21534,0
46.9404,16,7,1,3,351.75,194.50,dwell,302.73,229.48,60.22,1,179.129,7.927,179.887,-18.51,20.92,147.70,-18.48,-8.13,174.45,53.659,54.280,-18.4448,1.4241,302.73,229.48,-17.3177,1.0085,,,0.22030,0
47.0547,16,7,1,3,351.75,194.50,capture,361.11,244.21,50.58,1,179.127,7.964,179.883,-18.48,20.95,147.61,-17.85,-8.48,173.30,53.920,54.380,-19.5578,3.9889,361.11,244.21,-18.3257,2.3497,,,0.20732,0
47.1373,16,7,1,3,351.75,194.50,capture,343.92,200.25,9.71,1,179.035,8.091,179.890,-18.52,20.82,147.24,-17.75,-7.52,173.46,54.018,54.335,-17.8478,3.1337,343.92,200.25,-18.1106,2.7025,,,0.21860,0
47.2453,16,7,1,3,351.75,194.50,capture,353.05,236.01,41.53,1,179.109,8.047,179.882,-18.48,20.65,146.96,-17.81,-8.09,172.90,54.088,54.197,-18.6786,3.1078,353.05,236.01,-18.3662,2.8849,,,0.21790,0
47.3321,16,7,1,3,351.75,194.50,capture,351.65,207.39,12.89,1,179.092,8.008,179.889,-18.42,20.81,146.99,-17.94,-8.11,173.33,53.956,53.998,-17.7027,3.8450,351.65,207.39,-18.0677,3.3169,,,0.21592,0
47.4271,16,7,1,3,351.75,194.50,capture,358.40,232.08,38.16,1,178.998,8.026,179.877,-18.28,20.77,147.15,-17.75,-7.32,173.63,53.752,53.968,-19.1806,2.9916,358.40,232.08,-18.5685,3.1705,,,0.19908,0
47.5223,16,7,1,3,351.75,194.50,capture,355.94,214.42,20.36,1,179.012,7.949,179.876,-18.32,20.76,147.21,-17.91,-8.36,173.32,53.840,54.101,-18.9055,3.5811,355.94,214.42,-18.7201,3.3553,,,0.24934,0
47.6112,16,7,1,3,351.75,194.50,capture,344.06,206.68,14.40,1,178.836,7.959,179.888,-18.34,20.78,147.22,-17.60,-7.96,173.18,53.433,54.262,-17.4530,3.4925,344.06,206.68,-18.1499,3.4170,,,0.21485,0
47.7125,16,7,1,3,351.75,194.50,capture,357.20,208.12,14.67,1,178.719,7.998,179.868,-18.24,20.90,147.17,-17.29,-7.77,174.21,53.205,54.301,-18.3772,3.1065,357.20,208.12,-18.2522,3.2773,,,0.20767,0
47.8043,16,7,1,3,351.75,194.50,capture,344.41,210.05,17.20,1,178.738,8.033,179.850,-18.26,20.86,147.14,-18.19,-8.49,173.70,53.145,54.153,-18.2911,3.4892,344.41,210.05,-18.2697,3.3726,,,0.20742,0
47.9186,16,7,1,3,351.75,194.50,capture,356.62,213.53,19.64,1,178.662,7.884,179.858,-18.37,20.87,147.23,-17.68,-6.77,173.29,53.173,54.381,-18.2401,3.8255,356.62,213.53,-18.2564,3.5764,,,0.20547,0
48.0269,16,7,1,3,351.75,194.50,capture,353.64,221.06,26.63,1,178.639,7.915,179.865,-18.41,20.86,147.33,-17.95,-8.16,174.14,53.133,54.779,-18.9847,3.1918,353.64,221.06,-18.5841,3.4033,,,0.20639,0
48.1124,16,7,1,3,351.75,194.50,capture,337.28,214.41,24.61,1,178.742,7.957,179.899,-18.36,20.92,146.99,-18.08,-7.26,173.36,52.950,54.879,-18.9353,2.9600,337.28,214.41,-18.7421,3.2038,,,0.19470,0
48.2276,16,7,1,3,351.75,194.50,capture,316.71,225.20,46.59,1,178.787,7.989,179.873,-18.22,20.72,146.83,-17.66,-7.45,173.05,53.242,54.947,-18.3062,1.8651,316.71,225.20,-18.5460,2.6014,,,0.20918,0
48.3227,16,7,1,3,351.75,194.50,capture,338.01,199.07,14.48,1,178.953,7.766,179.859,-18.11,20.72,147.00,-17.03,-6.95,173.28,53.121,54.951,-18.0699,2.9360,338.01,199.07,-18.3317,2.7520,,,0.18624,0
48.4212,16,7,1,3,351.75,194.50,capture,335.45,233.72,42.47,1,178.783,7.815,179.837,-18.03,20.77,147.06,-17.67,-7.91,173.02,53.061,54.490,-18.3401,2.4956,335.45,233.72,-18.3355,2.6366,,,0.16551,0
48.5079,16,7,1,3,351.75,194.50,capture,355.13,216.07,21.83,1,178.939,7.814,179.845,-17.89,20.79,146.95,-17.49,-7.63,173.05,53.108,54.392,-17.3687,3.0828,355.13,216.07,-17.9004,2.8374,,,0.19007,0
48.6126,16,7,1,3,351.75,194.50,capture,351.13,205.85,11.37,1,178.836,7.777,179.841,-17.92,20.78,147.01,-17.50,-7.47,173.78,53.197,54.417,-17.7104,2.8926,351.13,205.85,-17.8149,2.8622,,,0.18912,0
48.7091,16,7,1,3,351.75,194.50,capture,351.72,221.78,27.28,1,178.881,7.790,179.853,-17.97,20.82,147.19,-17.86,-7.58,173.63,52.851,54.261,-17.8987,3.3340,351.72,221.78,-17.8526,3.0745,,,0.17659,0
48.8048,16,7,1,3,351.75,194.50,capture,355.94,235.32,41.03,1,179.046,7.773,179.838,-18.04,20.94,147.43,-18.22,-8.15,173.34,53.241,54.401,-19.7971,4.1903,355.94,235.32,-18.7277,3.5766,,,0.21454,0
48.9107,16,7,1,3,351.75,194.50,capture,358.03,204.37,11.70,1,178.899,7.721,179.839,-17.98,20.79,147.30,-17.38,-7.70,173.21,53.225,54.285,-18.3219,3.6179,358.03,204.37,-18.5451,3.5952,,,0.21636,0
49.1175,17,5,1,1,150.75,194.50,dwell,370.72,218.14,221.24,0,178.763,7.623,179.828,-18.04,20.73,147.49,-17.91,-8.09,174.47,53.103,54.190,-18.8701,4.6355,370.72,218.14,-18.8701,4.6355,,,0.18352,0
49.2113,17,5,1,1,150.75,194.50,dwell,352.69,69.67,237.41,0,178.797,7.742,179.819,-18.04,20.97,147.34,-17.41,-7.47,174.04,53.047,54.338,-13.3563,3.2210,352.69,69.67,-16.3889,3.9990,,,0.20783,0
49.3202,17,5,1,1,150.75,194.50,dwell,177.18,346.84,154.62,0,178.734,7.697,179.831,-18.04,20.96,147.31,-17.55,-7.76,173.35,53.175,54.196,-24.1074,-5.2666,177.18,346.84,-19.8622,-0.1705,,,0.19056,0
49.4415,17,5,1,1,150.75,194.50,dwell,237.74,67.63,153.83,0,178.563,7.723,179.848,-17.95,21.14,147.45,-16.99,-6.59,173.60,53.285,54.212,-12.0136,-1.8790,237.74,67.63,-16.3304,-0.9394,,,0.21953,0
49.5427,17,5,1,1,150.75,194.50,dwell,156.83,216.77,23.09,1,178.533,7.741,179.877,-17.90,21.02,147.46,-17.67,-7.95,173.58,53.335,54.038,-18.6605,-6.0669,156.83,216.77,-17.3789,-3.2468,,,0.20991,0
49.6518,17,5,1,1,150.75,194.50,dwell,225.62,188.91,75.08,0,178.381,7.720,179.855,-17.93,21.04,147.58,-17.18,-7.78,173.68,53.211,54.119,-17.1114,-1.7859,225.62,188.91,-17.2585,-2.5894,,,0.18577,0
49.7614,17,5,1,1,150.75,194.50,dwell,231.68,173.98,83.49,0,178.582,7.918,179.834,-18.06,20.86,147.50,-17.85,-7.69,174.10,53.253,53.548,-16.4633,-2.2599,231.68,173.98,-16.9007,-2.4411,,,0.21202,0
49.8636,17,5,1,1,150.75,194.50,dwell,143.50,131.15,63.76,1,178.625,7.929,179.835,-18.15,20.74,147.66,-17.34,-8.01,174.18,53.338,54.076,-15.6697,-6.3473,143.50,131.15,-16.3467,-4.1989,,,0.21009,0
49.9804,17,5,1,1,150.75,194.50,dwell,190.99,160.22,52.86,1,178.632,7.845,179.850,-18.25,20.72,147.67,-17.83,-7.85,173.99,53.120,54.139,-16.3120,-3.0226,190.99,160.22,-16.3311,-3.6696,,,0.19673,0
50.1085,17,5,1,1,150.75,194.50,capture,181.17,183.73,32.27,1,178.588,7.904,179.788,-18.29,20.57,147.41,-18.18,-7.58,173.71,53.834,54.529,-15.5856,-4.1437,181.17,183.73,-15.9956,-3.8829,,,0.21714,0
50.2085,17,5,1,1,150.75,194.50,capture,176.84,180.13,29.79,1,178.627,7.883,179.803,-18.14,20.60,147.55,-17.75,-8.04,173.55,53.279,54.548,-16.5343,-4.0781,176.84,180.13,-16.2381,-3.9708,,,0.19375,0
50.3084,17,5,1,1,150.75,194.50,capture,167.53,189.55,17.49,1,178.661,7.975,179.801,-18.03,20.68,147.84,-17.86,-7.84,174.46,53.454,54.655,-17.7586,-5.1999,167.53,189.55,-16.9223,-4.5239,,,0.21233,0
50.4246,17,5,1,1,150.75,194.50,capture,162.36,168.57,28.41,1,178.741,8.091,179.809,-18.10,20.63,147.91,-17.69,-7.09,174.28,53.361,54.363,-15.7631,-5.4023,162.36,168.57,-16.4007,-4.9192,,,0.21040,0
50.5344,17,5,1,1,150.75,194.50,capture,164.90,173.13,25.63,1,178.794,8.023,179.828,-18.12,20.56,148.03,-17.78,-7.49,174.17,53.219,54.018,-16.8452,-5.7179,164.90,173.13,-16.6007,-5.2786,,,0.19951,0
50.6284,17,5,1,1,150.75,194.50,capture,151.20,182.08,12.43,1,178.754,8.005,179.842,-18.17,20.58,147.96,-17.73,-8.24,174.47,53.547,54.125,-16.6743,-5.9563,151.20,182.08,-16.6338,-5.5836,,,0.19207,0
50.7290,17,5,1,1,150.75,194.50,capture,173.51,183.60,25.24,1,178.821,7.996,179.844,-18.13,20.51,147.92,-17.69,-7.53,174.31,53.812,54.204,-16.1669,-4.2610,173.51,183.60,-16.4237,-4.9884,,,0.23331,0
50.8227,17,5,1,1,150.75,194.50,capture,178.83,163.12,42.11,1,178.895,7.969,179.827,-18.16,20.59,147.82,-17.43,-7.95,174.34,53.628,53.737,-16.9707,-4.7719,178.83,163.12,-16.6698,-4.8910,,,0.19862,0
50.9268,17,5,1,1,150.75,194.50,capture,172.24,180.76,25.51,1,178.912,7.901,179.812,-18.13,20.72,147.98,-17.90,-7.94,174.39,53.845,53.661,-17.6498,-4.7902,172.24,180.76,-17.1108,-4.8456,,,0.21419,0
51.0389,17,5,1,1,150.75,194.50,capture,184.61,166.09,44.20,1,178.866,7.888,179.808,-18.22,20.81,147.87,-17.63,-7.81,174.06,53.733,53.762,-16.4708,-4.3801,184.61,166.09,-16.8228,-4.6362,,,0.20711,0
51.1304,17,5,1,1,150.75,194.50,capture,171.75,179.59,25.75,1,178.925,7.736,179.822,-18.33,20.86,147.87,-17.14,-7.43,174.23,53.242,54.005,-17.2791,-4.7214,171.75,179.59,-17.0281,-4.6745,,,0.19541,0
51.2317,17,5,1,1,150.75,194.50,capture,154.98,170.76,24.11,1,178.920,7.533,179.790,-18.30,20.87,147.66,-18.08,-8.76,174.05,53.282,54.013,-16.4298,-5.6986,154.98,170.76,-16.7589,-5.1353,,,0.18761,0
51.3379,17,5,1,1,150.75,194.50,capture,185.19,154.57,52.73,1,178.872,7.587,179.824,-18.37,21.07,147.75,-17.98,-7.18,174.01,53.331,53.840,-16.2691,-4.5682,185.19,154.57,-16.5385,-4.8801,,,0.18808,0
51.4389,17,5,1,1,150.75,194.50,capture,170.45,153.48,45.51,1,178.794,7.502,179.834,-18.33,20.90,147.59,-18.24,-8.02,173.58,53.514,53.936,-15.4370,-4.8319,170.45,153.48,-16.0428,-4.8584,,,0.20720,0
51.5385,17,5,1,1,150.75,194.50,capture,177.05,178.34,30.87,1,178.942,7.497,179.786,-18.32,20.72,147.68,-17.56,-7.96,173.47,53.495,54.209,-17.3113,-4.3815,177.05,178.34,-16.6136,-4.6438,,,0.21773,0
51.6288,17,5,1,1,150.75,194.50,capture,180.43,157.99,47.05,1,178.864,7.626,179.818,-18.24,20.75,147.44,-17.95,-8.29,173.38,53.383,54.500,-16.2207,-4.7656,180.43,157.99,-16.4368,-4.6986,,,0.19878,0
51.7280,17,5,1,1,150.75,194.50,capture,170.58,192.84,19.90,1,178.771,7.603,179.836,-18.33,20.73,147.62,-17.53,-7.81,174.24,53.378,54.243,-17.6102,-4.8103,170.58,192.84,-16.9649,-4.7489,,,0.18409,0
51.8318,17,5,1,1,150.75,194.50,capture,159.22,207.55,15.56,1,178.619,7.712,179.842,-18.19,20.67,147.61,-17.97,-7.64,173.91,53.447,54.530,-17.6795,-6.0531,159.22,207.55,-17.2864,-5.3358,,,0.21594,0
51.9361,17,5,1,1,150.75,194.50,capture,188.20,185.71,38.47,1,178.656,7.967,179.825,-18.18,20.68,147.61,-17.29,-7.78,174.01,53.640,54.433,-16.4396,-4.2043,188.20,185.71,-16.9054,-4.8266,,,0.20555,0
52.1230,18,23,5,3,351.75,713.17,dwell,205.46,468.47,285.09,0,178.665,7.904,179.822,-18.14,20.55,147.34,-17.70,-8.58,173.17,53.333,55.147,-26.1770,-2.2432,205.46,468.47,-26.1770,-2.2432,,,0.17774,0
52.2318,18,23,5,3,351.75,713.17,dwell,160.88,457.42,319.12,0,178.814,7.953,179.855,-18.21,20.60,147.20,-17.90,-8.47,173.14,53.424,55.096,-27.3109,-5.0005,160.88,457.42,-26.6872,-3.4839,,,0.20148,0
52.3276,18,23,5,3,351.75,713.17,dwell,288.73,403.65,315.87,0,178.732,8.019,179.804,-18.21,20.61,147.05,-18.01,-7.65,173.18,53.544,54.793,-25.1044,0.8167,288.73,403.65,-25.9750,-1.5487,,,0.20384,0
52.4231,18,23,5,3,351.75,713.17,dwell,257.87,479.55,251.77,0,178.637,8.191,179.809,-18.28,20.56,147.13,-18.28,-7.63,173.15,53.293,54.405,-29.3958,-0.7790,257.87,479.55,-27.5143,-1.2023,,,0.22382,0
52.5051,18,23,5,3,351.75,713.17,dwell,250.01,535.63,204.62,0,178.588,8.168,179.806,-18.26,20.79,147.04,-17.36,-7.30,172.85,53.104,54.712,-30.4321,-1.2037,250.01,535.63,-28.8273,-1.2029,,,0.20530,0
52.6136,18,23,5,3,351.75,713.17,dwell,182.64,567.76,223.03,0,178.712,8.326,179.808,-18.24,20.76,147.10,-17.48,-8.05,172.76,53.114,54.729,-32.7594,-4.7873,182.64,567.76,-30.5968,-2.8159,,,0.17400,0
52.7149,18,23,5,3,351.75,713.17,dwell,327.23,603.94,111.95,0,178.721,8.410,179.837,-18.37,20.66,147.16,-17.75,-7.77,173.62,53.445,55.018,-32.6302,1.8931,327.23,603.94,-31.5118,-0.6968,,,0.20577,0
52.8090,18,23,5,3,351.75,713.17,dwell,288.14,647.75,91.24,0,178.677,8.404,179.846,-18.38,20.61,147.30,-18.44,-7.17,173.67,53.849,54.672,-35.1576,0.3031,288.14,647.75,-33.1524,-0.2468,,,0.21087,0
52.9092,18,23,5,3,351.75,713.17,dwell,299.68,582.97,140.22,0,178.786,8.444,179.860,-18.42,20.62,147.34,-17.35,-7.44,173.19,53.808,54.493,-32.7387,1.6843,299.68,582.97,-32.9663,0.6222,,,0.21309,0
52.9955,18,23,5,3,351.75,713.17,capture,291.52,676.24,70.65,0,178.822,8.491,179.863,-18.31,20.66,147.19,-18.29,-8.16,173.40,53.473,54.330,-35.9792,0.6742,291.52,676.24,-34.3221,0.6456,,,0.19205,0
53.1088,18,23,5,3,351.75,713.17,capture,298.78,688.19,58.56,0,178.773,8.569,179.833,-18.25,20.84,147.34,-18.19,-7.94,174.26,53.333,54.119,-36.5319,0.8989,298.78,688.19,-35.3165,0.7596,,,0.20249,0
53.2117,18,23,5,3,351.75,713.17,capture,309.97,667.73,61.73,1,178.799,8.573,179.825,-18.25,20.74,147.37,-17.49,-7.33,173.84,53.521,53.872,-35.6115,1.4446,309.97,667.73,-35.4493,1.0678,,,0.20142,0
53.3182,18,23,5,3,351.75,713.17,capture,292.17,675.83,70.31,0,178.753,8.528,179.848,-18.22,20.78,147.12,-17.50,-8.08,173.19,53.753,53.577,-35.9027,0.5805,292.17,675.83,-35.6533,0.8485,,,0.22170,0
53.4240,18,23,5,3,351.75,713.17,capture,297.08,679.01,64.46,0,178.844,8.525,179.824,-18.27,20.59,147.16,-17.24,-7.42,173.40,54.080,54.080,-35.3799,0.4706,297.08,679.01,-35.5303,0.6785,,,0.22244,0
53.5124,18,23,5,3,351.75,713.17,capture,290.55,671.96,73.78,0,178.970,8.646,179.821,-18.17,20.46,146.83,-17.76,-8.41,172.80,54.218,54.356,-35.8311,0.9158,290.55,671.96,-35.6657,0.7853,,,0.25141,0
53.6145,18,23,5,3,351.75,713.17,capture,306.02,669.70,63.09,1,178.956,8.634,179.797,-18.10,20.52,146.83,-17.69,-8.15,173.03,53.939,54.337,-34.9248,1.6594,306.02,669.70,-35.3323,1.1786,,,0.24625,0
53.7257,18,23,5,3,351.75,713.17,capture,307.51,684.89,52.50,1,178.869,8.574,179.774,-18.24,20.65,147.07,-17.41,-7.24,173.62,53.732,54.284,-36.5432,1.5011,307.51,684.89,-35.8772,1.3237,,,0.22263,0
53.8077,18,23,5,3,351.75,713.17,capture,289.36,655.65,84.86,0,178.866,8.598,179.786,-18.14,20.64,147.27,-17.80,-7.30,173.24,53.564,54.700,-35.9142,0.7487,289.36,655.65,-35.8939,1.0650,,,0.21390,0
53.9169,18,23,5,3,351.75,713.17,capture,288.92,653.30,86.78,0,178.791,8.508,179.792,-18.12,20.53,147.09,-17.66,-8.04,173.33,53.571,54.663,-35.3487,0.3332,288.92,653.30,-35.6485,0.7357,,,0.21299,0
54.0042,18,23,5,3,351.75,713.17,capture,300.65,669.36,67.31,0,178.755,8.754,179.772,-18.04,20.62,146.86,-17.36,-7.43,172.82,53.593,54.331,-35.8232,1.4815,300.65,669.36,-35.7271,1.0713,,,0.19379,0
54.0996,18,23,5,3,351.75,713.17,capture,289.54,711.44,62.23,0,178.759,8.804,179.787,-18.03,20.46,146.78,-17.99,-7.21,172.85,53.538,54.569,-37.9042,0.4401,289.54,711.44,-36.7068,0.7873,,,0.20586,0
54.2133,18,23,5,3,351.75,713.17,capture,276.53,674.46,84.59,0,178.820,8.782,179.823,-18.02,20.40,146.92,-18.13,-8.25,172.79,53.389,54.618,-35.8660,0.5784,276.53,674.46,-36.3284,0.6933,,,0.18915,0
54.2965,18,23,5,3,351.75,713.17,capture,274.98,683.79,82.20,0,178.812,8.890,179.824,-18.11,20.52,147.18,-17.18,-8.12,173.30,53.193,54.918,-36.0321,0.2842,274.98,683.79,-36.1951,0.5092,,,0.19713,0
54.3837,18,23,5,3,351.75,713.17,capture,298.55,661.38,74.24,0,178.754,8.790,179.799,-18.14,20.54,146.92,-18.05,-8.45,173.26,53.515,55.017,-35.5068,0.9329,298.55,661.38,-35.8854,0.6998,,,0.18779,0
54.4775,18,23,5,3,351.75,713.17,capture,303.48,682.15,57.38,1,178.789,8.639,179.769,-18.17,20.58,147.00,-17.96,-8.18,172.80,53.663,54.961,-36.3674,1.7502,303.48,682.15,-36.1023,1.1725,,,0.22324,0
54.5663,18,23,5,3,351.75,713.17,capture,290.03,660.47,81.16,0,178.840,8.619,179.793,-18.09,20.49,147.13,-17.37,-8.08,173.34,53.601,54.456,-36.6873,0.4515,290.03,660.47,-36.3655,0.8481,,,0.21632,0
54.6587,18,23,5,3,351.75,713.17,capture,283.21,702.94,69.30,0,178.798,8.546,179.769,-18.34,20.48,147.01,-17.95,-8.48,173.07,53.512,54.471,-37.5067,0.9902,283.21,702.94,-36.8791,0.9120,,,0.21198,0
54.7609,18,23,5,3,351.75,713.17,capture,293.87,690.78,62.06,0,178.838,8.713,179.785,-18.28,20.28,146.90,-17.81,-8.13,173.86,53.685,54.310,-36.2373,0.5930,293.87,690.78,-36.5903,0.7685,,,0.21250,0
54.8808,18,23,5,3,351.75,713.17,capture,294.86,685.34,63.33,0,178.911,8.806,179.801,-18.30,20.24,147.08,-17.76,-8.62,173.86,53.800,54.291,-37.0712,1.1533,294.86,685.34,-36.8067,0.9417,,,0.19978,0
55.0790,19,6,1,2,251.25,194.50,dwell,349.71,669.28,484.88,0,178.935,8.749,179.808,-18.22,20.42,147.42,-17.42,-7.47,174.02,53.235,54.264,-36.0935,4.1692,349.71,669.28,-36.0935,4.1692,,,0.21038,0
55.1893,19,6,1,2,251.25,194.50,dwell,310.48,516.63,327.53,0,178.946,8.647,179.779,-18.24,20.49,147.45,-17.87,-8.45,173.97,53.409,54.470,-29.8192,1.6344,310.48,516.63,-33.2701,3.0285,,,0.21759,0
55.2785,19,6,1,2,251.25,194.50,dwell,240.21,518.66,324.35,0,179.024,8.699,179.778,-18.13,20.39,147.61,-17.67,-7.70,173.75,53.670,54.730,-28.8604,-2.4473,240.21,518.66,-31.2857,0.5644,,,0.21690,0
55.3699,19,6,1,2,251.25,194.50,dwell,180.59,265.16,99.93,0,179.081,8.347,179.806,-18.16,20.42,147.52,-17.72,-8.05,173.87,53.358,54.369,-20.4058,-4.9420,180.59,265.16,-26.3897,-1.9135,,,0.19527,0
55.4663,19,6,1,2,251.25,194.50,dwell,225.99,299.23,107.73,0,179.085,8.269,179.821,-18.16,20.43,147.49,-17.82,-7.53,173.66,53.564,54.266,-21.4205,-2.8663,225.99,299.23,-24.1536,-2.3423,,,0.23294,0
55.5642,19,6,1,2,251.25,194.50,dwell,202.21,302.74,118.83,0,178.998,8.295,179.822,-18.11,20.44,147.81,-17.44,-8.34,174.44,53.187,54.481,-20.9727,-3.6364,202.21,302.74,-22.7222,-2.9246,,,0.16576,0
55.6683,19,6,1,2,251.25,194.50,dwell,134.90,171.88,118.53,0,178.862,8.321,179.813,-18.20,20.36,147.78,-17.24,-7.66,174.04,53.225,53.699,-17.0319,-6.4960,134.90,171.88,-20.1616,-4.5318,,,0.20756,0
55.7842,19,6,1,2,251.25,194.50,dwell,169.98,168.66,85.28,0,178.957,8.342,179.821,-18.22,20.34,147.64,-18.08,-8.24,174.29,53.627,53.686,-16.1614,-5.1018,169.98,168.66,-18.3615,-4.7883,,,0.23506,0
55.8732,19,6,1,2,251.25,194.50,dwell,100.84,149.90,156.88,0,178.945,8.309,179.820,-18.41,20.30,147.66,-18.02,-8.44,173.85,53.347,53.905,-14.6922,-8.6008,100.84,149.90,-16.7103,-6.5039,,,0.20205,0
55.9886,19,6,1,2,251.25,194.50,dwell,91.79,61.31,207.77,0,178.863,8.459,179.812,-18.45,20.42,147.68,-17.55,-7.66,173.95,53.453,54.227,-11.4729,-8.6844,91.79,61.31,-14.3535,-7.4851,,,0.21881,0
56.0809,19,6,1,2,251.25,194.50,dwell,97.55,71.17,197.06,0,178.852,8.511,179.801,-18.51,20.30,147.67,-18.32,-8.11,174.10,53.984,54.491,-12.4070,-7.9585,97.55,71.17,-13.4775,-7.6981,,,0.23087,0
56.1629,19,6,1,2,251.25,194.50,capture,79.44,14.08,249.14,0,178.744,8.419,179.797,-18.43,20.51,147.53,-17.78,-8.27,173.62,53.894,54.422,-11.0551,-8.9976,79.44,14.08,-12.3875,-8.2829,,,0.22019,0
56.2620,19,6,1,2,251.25,194.50,capture,89.57,10.14,245.21,0,178.770,8.419,179.790,-18.53,20.53,147.62,-17.83,-8.18,173.86,53.434,54.126,-11.6139,-8.9325,89.57,10.14,-12.0394,-8.5752,,,0.18654,0
56.3523,19,6,1,2,251.25,194.50,capture,70.90,-12.83,274.79,0,178.695,8.398,179.793,-18.33,20.31,147.48,-17.64,-8.59,174.06,53.861,53.904,-9.2117,-9.2597,70.90,-12.83,-10.7669,-8.8832,,,0.21944,0
56.4502,19,6,1,2,251.25,194.50,capture,83.16,9.55,249.92,0,178.795,8.386,179.829,-18.24,20.32,147.20,-17.63,-9.17,173.32,53.477,53.457,-9.7410,-9.3109,83.16,9.55,-10.3053,-9.0757,,,0.21175,0
56.5573,19,6,1,2,251.25,194.50,capture,71.49,3.09,262.59,0,178.837,8.239,179.796,-18.20,20.47,147.35,-17.89,-7.25,173.82,53.428,53.363,-9.0815,-9.5182,71.49,3.09,-9.7546,-9.2748,,,0.21490,0
56.6425,19,6,1,2,251.25,194.50,capture,62.22,19.01,257.93,0,178.839,8.076,179.805,-18.30,20.55,147.59,-17.96,-6.92,173.60,53.314,53.364,-11.0643,-9.7857,62.22,19.01,-10.3440,-9.5047,,,0.17185,0
56.7256,19,6,1,2,251.25,194.50,capture,65.40,9.94,261.92,0,178.829,8.015,179.791,-18.31,20.69,147.41,-17.98,-7.27,173.72,53.452,53.329,-10.3870,-10.0138,65.40,9.94,-10.3633,-9.7338,,,0.20960,0
56.8261,19,6,1,2,251.25,194.50,capture,66.27,-4.51,271.70,0,178.964,7.923,179.756,-18.32,20.82,147.68,-17.84,-8.07,174.26,53.360,53.736,-10.0207,-9.7140,66.27,-4.51,-10.2091,-9.7249,,,0.22184,0
56.9193,19,6,1,2,251.25,194.50,capture,95.02,-27.20,271.22,0,178.933,7.827,179.768,-18.36,20.83,147.73,-17.73,-7.74,174.37,53.362,53.471,-8.9369,-8.2929,95.02,-27.20,-9.6366,-9.0805,,,0.21863,0
57.0068,19,6,1,2,251.25,194.50,capture,97.24,19.82,232.88,0,178.844,7.972,179.729,-18.21,20.88,147.62,-18.15,-8.12,174.28,53.163,53.309,-9.9728,-8.5778,97.24,19.82,-9.7879,-8.8543,,,0.18911,0
57.1084,19,6,1,2,251.25,194.50,capture,102.69,-3.67,247.67,0,178.759,8.025,179.731,-18.05,20.78,147.48,-17.89,-8.49,173.97,53.300,53.280,-10.2402,-7.8073,102.69,-3.67,-9.9914,-8.3831,,,0.21048,0
57.2184,19,6,1,2,251.25,194.50,capture,88.83,-1.67,254.68,0,178.805,7.830,179.724,-18.11,20.78,147.40,-17.94,-7.28,173.96,53.550,53.726,-10.1244,-8.8503,88.83,-1.67,-10.0513,-8.5934,,,0.20985,0
57.3131,19,6,1,2,251.25,194.50,capture,82.91,13.83,246.94,0,178.821,7.767,179.715,-18.13,20.65,147.33,-17.55,-8.44,173.41,53.867,53.915,-10.0059,-9.2195,82.91,13.83,-10.0309,-8.8752,,,0.20664,0
57.4152,19,6,1,2,251.25,194.50,capture,64.00,7.14,264.89,0,178.833,7.764,179.694,-18.18,20.52,147.23,-17.93,-7.71,173.72,53.765,54.015,-10.0683,-9.8985,64.00,7.14,-10.0477,-9.3357,,,0.21851,0
57.5344,19,6,1,2,251.25,194.50,capture,90.87,15.39,240.42,0,178.827,7.788,179.698,-18.25,20.71,147.11,-17.69,-7.66,173.41,53.933,54.299,-9.9047,-8.7807,90.87,15.39,-9.9834,-9.0859,,,0.22325,0
57.6373,19,6,1,2,251.25,194.50,capture,76.40,11.79,252.89,0,178.888,7.848,179.735,-18.26,20.63,147.11,-17.56,-7.19,173.20,53.869,54.217,-10.3774,-9.1313,76.40,11.79,-10.1607,-9.1064,,,0.21237,0
57.7334,19,6,1,2,251.25,194.50,capture,91.92,16.31,239.03,0,178.954,7.816,179.775,-18.28,20.63,147.26,-18.09,-7.62,173.12,53.771,54.381,-10.2985,-8.6099,91.92,16.31,-10.2227,-8.8830,,,0.21291,0
57.8316,19,6,1,2,251.25,194.50,capture,100.56,8.61,239.30,0,178.990,7.812,179.760,-18.42,20.58,147.41,-17.27,-7.21,173.58,53.613,54.292,-11.0160,-8.5628,100.56,8.61,-10.5797,-8.7389,,,0.22964,0
57.9251,19,6,1,2,251.25,194.50,capture,71.26,3.55,262.41,0,178.940,7.701,179.738,-18.45,20.50,147.51,-18.87,-8.34,174.16,53.668,54.083,-10.1083,-9.9225,71.26,3.55,-10.3676,-9.2716,,,0.24522,0
58.0195,19,6,1,2,251.25,194.50,capture,91.43,2.62,249.72,0,178.856,7.837,179.770,-18.39,20.84,147.74,-18.07,-7.59,174.24,53.730,54.003,-10.3120,-7.9516,91.43,2.62,-10.3425,-8.6776,,,0.22557,0
58.1929,20,14,3,2,251.25,453.83,dwell,88.00,242.95,266.69,0,178.882,7.883,179.754,-18.35,20.84,147.72,-17.71,-7.36,173.99,53.421,53.877,-18.3633,-9.1434,88.00,242.95,-18.3633,-9.1434,,,0.20024,0
58.3072,20,14,3,2,251.25,453.83,dwell,-29.02,208.11,372.73,0,178.753,7.947,179.777,-18.23,20.90,147.63,-17.86,-8.34,174.11,53.699,54.102,-18.0628,-14.5396,-29.02,208.11,-18.2281,-11.5717,,,0.22521,0
58.3961,20,14,3,2,251.25,453.83,dwell,179.82,311.97,158.83,0,178.729,7.850,179.772,-18.17,20.79,147.68,-17.77,-7.20,174.48,53.907,54.074,-22.3618,-4.2618,179.82,311.97,-20.0883,-8.2822,,,0.21944,0
58.5007,20,14,3,2,251.25,453.83,dwell,99.15,353.44,182.24,0,178.733,7.850,179.798,-18.10,20.79,147.82,-17.72,-8.03,174.23,53.842,54.297,-22.9804,-8.1187,99.15,353.44,-21.3897,-8.2086,,,0.22072,0
58.6186,20,14,3,2,251.25,453.83,dwell,62.60,417.12,192.19,0,178.742,7.873,179.801,-18.02,20.69,147.77,-17.35,-6.97,173.94,53.756,54.538,-26.0665,-9.6378,62.60,417.12,-23.4943,-8.8518,,,0.22649,0
58.7213,20,14,3,2,251.25,453.83,dwell,105.55,349.63,179.13,0,178.716,8.028,179.850,-17.92,20.40,147.98,-18.04,-8.68,174.16,53.944,54.678,-23.4196,-7.8217,105.55,349.63,-23.4606,-8.3882,,,0.22259,0
58.8041,20,14,3,2,251.25,453.83,dwell,153.09,523.78,120.53,0,178.609,8.186,179.835,-18.00,20.35,147.94,-17.97,-8.23,174.50,53.876,54.963,-30.3694,-6.0548,153.09,523.78,-26.5696,-7.3382,,,0.23066,0
58.9166,20,14,3,2,251.25,453.83,dwell,132.36,549.72,152.74,0,178.586,8.107,179.818,-18.06,20.50,147.92,-17.34,-8.13,174.32,53.916,54.586,-30.7541,-6.6227,132.36,549.72,-28.4526,-7.0162,,,0.25159,0
58.9986,20,14,3,2,251.25,453.83,capture,165.09,559.72,136.51,0,178.515,8.172,179.827,-18.08,20.20,147.83,-17.30,-8.23,174.21,53.603,54.419,-31.3616,-5.5254,165.09,559.72,-29.7617,-6.3454,,,0.21646,0
59.1137,20,14,3,2,251.25,453.83,capture,160.72,551.15,132.91,0,178.462,8.228,179.815,-18.06,20.21,147.87,-17.70,-7.98,174.03,53.884,54.229,-31.4812,-5.0109,160.72,551.15,-30.5354,-5.7448,,,0.23198,0
59.2192,20,14,3,2,251.25,453.83,capture,180.76,544.32,114.70,0,178.664,8.326,179.817,-18.13,20.27,148.11,-18.00,-8.54,174.66,53.599,53.883,-30.1855,-4.9170,180.76,544.32,-30.3780,-5.3723,,,0.23095,0
59.3268,20,14,3,2,251.25,453.83,capture,163.99,558.88,136.56,0,178.639,8.248,179.801,-18.24,20.15,148.09,-17.44,-8.79,174.60,53.689,53.872,-31.3391,-4.6338,163.99,558.88,-30.8105,-5.0400,,,0.20733,0
59.4131,20,14,3,2,251.25,453.83,capture,173.30,551.01,124.58,0,178.717,8.137,179.837,-18.29,20.28,148.01,-18.29,-7.87,174.31,53.892,53.814,-32.0211,-4.8940,173.30,551.01,-31.3552,-4.9743,,,0.21136,0
59.5156,20,14,3,2,251.25,453.83,capture,177.87,570.34,137.69,0,178.671,8.053,179.830,-18.29,20.18,147.93,-17.86,-7.94,174.58,53.612,53.732,-32.2161,-4.4099,177.87,570.34,-31.7426,-4.7203,,,0.19906,0
59.5976,20,14,3,2,251.25,453.83,capture,172.16,544.07,119.99,0,178.578,8.154,179.832,-18.25,20.12,147.72,-17.88,-8.33,174.06,53.734,53.852,-30.6811,-5.5563,172.16,544.07,-31.2650,-5.0965,,,0.21485,0
59.6948,20,14,3,2,251.25,453.83,capture,150.11,518.24,119.91,0,178.630,8.036,179.806,-18.37,20.17,147.88,-17.68,-8.74,173.97,53.836,53.929,-30.7874,-5.9828,150.11,518.24,-31.0501,-5.4953,,,0.20193,0
59.8078,20,14,3,2,251.25,453.83,capture,145.66,545.43,139.78,0,178.715,8.248,179.805,-18.43,20.23,147.89,-17.50,-8.57,174.65,54.167,54.064,-30.9345,-5.4265,145.66,545.43,-30.9981,-5.4644,,,0.21543,0
59.8974,20,14,3,2,251.25,453.83,capture,182.69,562.96,128.88,0,178.792,8.148,179.788,-18.46,20.08,148.03,-17.72,-9.38,174.44,54.052,54.269,-31.4600,-5.1380,182.69,562.96,-31.2059,-5.3175,,,0.22886,0
59.9910,20,14,3,2,251.25,453.83,capture,166.25,561.99,137.56,0,178.730,8.162,179.793,-18.44,20.12,147.72,-17.66,-8.21,174.34,54.094,54.587,-32.2970,-4.6177,166.25,561.99,-31.6969,-5.0026,,,0.21659,0
60.1190,20,14,3,2,251.25,453.83,capture,163.48,532.80,118.06,0,178.826,8.236,179.778,-18.42,20.02,147.77,-17.67,-8.36,174.44,54.165,54.348,-29.7642,-5.0881,163.48,532.80,-30.8272,-5.0411,,,0.22714,0
60.2064,20,14,3,2,251.25,453.83,capture,155.50,553.16,137.96,0,178.833,8.325,179.799,-18.54,20.02,147.64,-17.59,-8.44,174.18,53.436,54.289,-30.6413,-5.5587,155.50,553.16,-30.7435,-5.2740,,,0.19937,0
60.2932,20,14,3,2,251.25,453.83,capture,165.60,534.21,117.46,0,178.750,8.213,179.823,-18.35,20.16,147.55,-18.24,-7.44,174.13,53.399,54.199,-31.3400,-5.5809,165.60,534.21,-31.0119,-5.4121,,,0.21025,0
60.4066,20,14,3,2,251.25,453.83,capture,163.72,552.26,131.72,0,178.816,8.274,179.815,-18.36,20.32,147.41,-17.87,-7.36,173.63,53.708,53.986,-31.6322,-5.1878,163.72,552.26,-31.2911,-5.3112,,,0.20510,0
60.5154,20,14,3,2,251.25,453.83,capture,195.20,570.42,129.36,0,178.835,8.342,179.853,-18.42,20.34,147.44,-17.84,-8.51,173.82,53.717,53.695,-31.8146,-3.8390,195.20,570.42,-31.5267,-4.6487,,,0.20856,0
60.6008,20,14,3,2,251.25,453.83,capture,194.19,548.44,110.48,0,178.705,8.354,179.817,-18.38,20.39,147.50,-18.17,-7.93,173.92,53.835,54.054,-31.6798,-3.6259,194.19,548.44,-31.5956,-4.1884,,,0.21414,0
60.6900,20,14,3,2,251.25,453.83,capture,166.07,551.40,129.52,0,178.694,8.437,179.820,-18.27,20.41,147.51,-18.44,-8.16,174.02,53.699,54.040,-31.1948,-5.3629,166.07,551.40,-31.4152,-4.7169,,,0.22258,0
60.7918,20,14,3,2,251.25,453.83,capture,163.30,539.62,122.86,0,178.582,8.310,179.800,-18.29,20.51,147.47,-17.88,-8.22,173.81,53.620,54.288,-30.9284,-4.8812,163.30,539.62,-31.1962,-4.7909,,,0.21904,0
60.8914,20,14,3,2,251.25,453.83,capture,156.22,535.49,125.29,0,178.518,8.210,179.805,-18.49,20.55,147.54,-18.44,-7.68,173.60,53.348,54.387,-30.3852,-5.5843,156.22,535.49,-30.8312,-5.1479,,,0.20737,0
60.9734,20,14,3,2,251.25,453.83,capture,166.13,539.52,120.78,0,178.635,8.180,179.811,-18.58,20.59,147.65,-18.61,-7.24,173.64,53.427,54.228,-29.9502,-5.0811,166.13,539.52,-30.4348,-5.1178,,,0.18994,0
61.1838,21,8,2,0,50.25,324.17,dwell,111.39,424.20,117.24,0,178.761,8.064,179.803,-18.57,20.65,147.54,-18.50,-7.68,173.88,53.801,54.144,-27.5101,-7.9311,111.39,424.20,-27.5101,-7.9311,,,0.17988,0
61.2941,21,8,2,0,50.25,324.17,dwell,213.74,474.75,222.27,0,178.769,7.952,179.805,-18.53,20.60,147.65,-18.46,-7.17,174.28,53.744,54.313,-28.7188,-3.0663,213.74,474.75,-28.0540,-5.7419,,,0.20064,0
61.3845,21,8,2,0,50.25,324.17,dwell,58.67,554.03,230.02,0,178.696,8.041,179.831,-18.51,20.74,147.77,-18.13,-8.06,174.12,53.897,54.239,-31.4118,-10.7936,58.67,554.03,-29.5650,-8.0152,,,0.20978,0
61.4754,21,8,2,0,50.25,324.17,dwell,107.70,523.86,207.79,0,178.718,8.153,179.821,-18.48,20.78,147.63,-18.38,-7.01,174.15,53.774,54.239,-29.5415,-8.0703,107.70,523.86,-29.5545,-8.0400,,,0.20178,0
61.5708,21,8,2,0,50.25,324.17,dwell,108.72,453.99,142.38,0,178.713,8.122,179.821,-18.42,20.73,147.65,-18.12,-7.73,173.17,53.563,54.159,-26.6855,-7.8601,108.72,453.99,-28.2634,-7.9590,,,0.19536,0
61.6584,21,8,2,0,50.25,324.17,dwell,92.52,434.90,118.53,0,178.634,8.080,179.836,-18.42,20.74,147.66,-17.54,-8.15,174.06,53.490,54.232,-26.0853,-9.1488,92.52,434.90,-27.2833,-8.4944,,,0.21811,0
61.7524,21,8,2,0,50.25,324.17,dwell,95.54,362.00,59.01,1,178.574,7.992,179.822,-18.41,20.67,147.76,-18.04,-8.31,174.72,53.231,54.512,-24.2096,-8.4804,95.54,362.00,-25.9001,-8.4881,,,0.20426,0
61.8598,21,8,2,0,50.25,324.17,dwell,61.07,369.72,46.82,1,178.619,7.905,179.825,-18.39,20.62,147.79,-18.18,-7.43,174.62,53.166,54.689,-23.8685,-10.0936,61.07,369.72,-24.9859,-9.2106,,,0.19900,0
61.9712,21,8,2,0,50.25,324.17,dwell,89.11,339.00,41.59,1,178.669,7.837,179.804,-18.36,20.51,147.64,-17.83,-8.15,174.12,53.593,54.584,-22.7123,-8.6218,89.11,339.00,-23.9628,-8.9456,,,0.20652,0
62.0821,21,8,2,0,50.25,324.17,dwell,111.64,391.50,91.12,0,178.826,7.819,179.785,-18.35,20.45,147.68,-18.03,-8.75,173.44,53.803,54.500,-24.9514,-6.9904,111.64,391.50,-24.4077,-8.0658,,,0.19349,0
62.1650,21,8,2,0,50.25,324.17,dwell,105.14,415.39,106.46,0,178.922,7.836,179.789,-18.30,20.40,147.39,-18.07,-8.29,173.95,53.491,54.423,-25.5444,-8.2181,105.14,415.39,-24.9192,-8.1343,,,0.21687,0
62.2692,21,8,2,0,50.25,324.17,capture,72.59,416.49,94.99,0,178.802,7.859,179.748,-18.33,20.36,147.58,-18.04,-8.53,173.65,53.474,54.423,-25.6678,-9.5068,72.59,416.49,-25.2561,-8.7519,,,0.21784,0
62.3789,21,8,2,0,50.25,324.17,capture,83.74,391.64,75.33,0,178.884,7.869,179.719,-18.39,20.29,147.60,-17.82,-9.44,173.99,53.556,54.560,-24.5042,-7.9365,83.74,391.64,-24.9177,-8.3850,,,0.20754,0
62.4919,21,8,2,0,50.25,324.17,capture,85.67,385.37,70.71,1,178.819,8.146,179.776,-18.49,20.48,147.74,-18.04,-8.17,173.90,53.417,54.639,-25.1672,-8.1630,85.67,385.37,-25.0300,-8.2851,,,0.21836,0
62.6064,21,8,2,0,50.25,324.17,capture,73.82,392.25,72.05,0,178.881,8.195,179.773,-18.30,20.59,147.59,-18.31,-6.87,173.67,53.307,54.364,-25.2340,-9.7844,73.82,392.25,-25.1218,-8.9598,,,0.19783,0
62.6913,21,8,2,0,50.25,324.17,capture,88.49,373.76,62.62,1,178.975,8.250,179.798,-18.39,20.37,147.43,-18.13,-8.32,173.28,53.154,54.307,-24.6386,-8.5728,88.49,373.76,-24.9044,-8.7856,,,0.17779,0
62.7905,21,8,2,0,50.25,324.17,capture,57.91,366.26,42.78,1,178.950,8.167,179.797,-18.50,20.35,147.17,-18.47,-7.75,173.10,53.684,54.275,-24.6425,-9.5265,57.91,366.26,-24.7865,-9.1190,,,0.20119,0
62.8953,21,8,2,0,50.25,324.17,capture,87.05,366.27,55.92,1,178.885,8.300,179.799,-18.60,20.25,147.33,-18.29,-8.52,173.20,53.962,54.572,-24.0379,-8.5302,87.05,366.27,-24.4496,-8.8540,,,0.21517,0
63.0061,21,8,2,0,50.25,324.17,capture,98.04,366.79,64.04,1,178.911,8.306,179.764,-18.40,20.40,147.12,-17.37,-7.92,173.22,53.956,54.039,-24.2112,-8.4520,98.04,366.79,-24.3424,-8.6731,,,0.21734,0
63.0968,21,8,2,0,50.25,324.17,capture,65.68,400.31,77.69,0,178.801,8.244,179.783,-18.50,20.51,147.22,-18.16,-8.03,173.10,53.598,54.198,-25.6952,-10.0493,65.68,400.31,-24.9511,-9.2924,,,0.21119,0
63.1933,21,8,2,0,50.25,324.17,capture,84.58,380.78,66.21,1,178.901,8.229,179.774,-18.45,20.62,147.41,-17.75,-8.49,174.08,53.530,54.325,-25.0397,-8.5827,84.58,380.78,-24.9910,-8.9730,,,0.20124,0
63.2764,21,8,2,0,50.25,324.17,capture,80.40,386.60,69.33,1,178.897,8.218,179.812,-18.37,20.50,147.49,-17.10,-8.53,173.98,53.590,54.291,-24.2788,-9.1755,80.40,386.60,-24.6705,-9.0641,,,0.21783,0
63.3673,21,8,2,0,50.25,324.17,capture,68.47,368.24,47.69,1,178.904,8.135,179.821,-18.37,20.47,147.11,-17.20,-7.79,172.95,54.047,54.362,-23.9498,-9.9114,68.47,368.24,-24.3462,-9.4454,,,0.20596,0
63.4493,21,8,2,0,50.25,324.17,capture,75.20,354.76,39.48,1,178.828,8.065,179.805,-18.19,20.43,147.22,-18.60,-7.49,174.05,54.446,54.201,-23.5621,-9.7738,75.20,354.76,-23.9934,-9.5932,,,0.23190,0
63.5678,21,8,2,0,50.25,324.17,capture,84.47,380.91,66.26,1,178.874,8.236,179.799,-18.26,20.33,147.33,-17.74,-7.76,173.12,54.499,53.894,-24.0471,-8.6881,84.47,380.91,-24.0176,-9.1859,,,0.21139,0
63.6620,21,8,2,0,50.25,324.17,capture,67.86,400.16,78.01,0,178.926,8.288,179.787,-18.21,20.47,147.23,-18.17,-8.41,173.41,55.070,54.534,-25.4858,-10.2415,67.86,400.16,-24.6783,-9.6609,,,0.26555,0
63.7748,21,8,2,0,50.25,324.17,capture,108.56,390.24,88.12,0,178.913,8.239,179.839,-18.29,20.44,147.25,-18.37,-8.33,173.49,55.029,54.358,-23.7969,-8.1431,108.56,390.24,-24.2817,-8.9779,,,0.23531,0
63.8624,21,8,2,0,50.25,324.17,capture,75.60,380.06,61.37,1,178.877,8.143,179.852,-18.30,20.71,147.36,-18.58,-7.60,173.25,54.937,54.706,-24.2761,-9.0135,75.60,380.06,-24.2792,-8.9939,,,0.24930,0
63.9750,21,8,2,0,50.25,324.17,capture,61.05,387.09,63.84,1,178.907,8.240,179.858,-18.37,20.70,147.65,-17.41,-7.70,174.15,54.805,54.868,-24.7702,-9.9194,61.05,387.09,-24.5001,-9.4104,,,0.23852,0
64.0843,21,8,2,0,50.25,324.17,capture,74.54,372.47,54.07,1,178.971,8.169,179.832,-18.39,20.71,147.47,-17.68,-8.00,173.95,54.074,55.204,-23.8567,-9.4189,74.54,372.47,-24.2106,-9.4142,,,0.23905,0
64.1998,21,8,2,0,50.25,324.17,capture,50.08,386.34,62.17,1,179.002,8.114,179.819,-18.28,20.79,147.66,-17.99,-8.05,174.04,54.030,54.670,-24.8346,-10.4884,50.08,386.34,-24.4914,-9.8976,,,0.24278,0
64.3939,22,13,3,1,150.75,453.83,dwell,123.29,544.69,94.92,0,179.139,8.214,179.829,-18.37,20.74,147.36,-17.40,-8.09,174.41,53.879,54.272,-30.1018,-7.1055,123.29,544.69,-30.1018,-7.1055,,,0.23810,0
64.5192,22,13,3,1,150.75,453.83,dwell,83.67,274.82,191.17,0,179.168,8.182,179.829,-18.36,20.83,147.44,-17.88,-7.53,173.71,53.804,54.079,-20.5510,-9.1058,83.67,274.82,-25.8039,-8.0057,,,0.21746,0
64.6140,22,13,3,1,150.75,453.83,dwell,102.25,400.69,71.95,1,179.170,8.268,179.854,-18.39,20.78,147.56,-18.13,-7.66,173.84,53.358,54.196,-25.2120,-8.6016,102.25,400.69,-25.5376,-8.2738,,,0.20177,0
64.7077,22,13,3,1,150.75,453.83,dwell,55.61,458.87,95.27,0,179.255,8.328,179.885,-18.29,20.88,147.38,-18.11,-7.57,173.66,53.436,54.101,-28.0206,-10.5528,55.61,458.87,-26.6549,-9.2994,,,0.18859,0
64.8155,22,13,3,1,150.75,453.83,dwell,100.60,337.48,126.70,0,179.346,8.369,179.844,-18.28,21.14,147.32,-18.30,-7.21,173.42,53.587,54.038,-22.6148,-9.0270,100.60,337.48,-24.8368,-9.1768,,,0.18350,0
64.9243,22,13,3,1,150.75,453.83,dwell,57.77,377.46,120.33,0,179.254,8.263,179.808,-18.19,21.21,147.26,-17.82,-7.59,172.45,53.111,53.952,-23.6107,-10.0740,57.77,377.46,-24.2851,-9.5805,,,0.20523,0
65.0219,22,13,3,1,150.75,453.83,dwell,62.79,363.74,125.91,0,179.158,8.307,179.797,-18.20,21.26,147.00,-18.32,-7.01,172.96,53.037,54.014,-24.5340,-10.0293,62.79,363.74,-24.3971,-9.7825,,,0.19298,0
65.1132,22,13,3,1,150.75,453.83,dwell,88.45,317.32,150.06,0,179.227,8.307,179.789,-18.15,21.24,147.15,-17.91,-7.25,173.20,53.267,53.662,-21.3001,-8.4072,88.45,317.32,-23.0034,-9.1636,,,0.19190,0
65.2037,22,13,3,1,150.75,453.83,dwell,54.64,399.70,110.31,0,179.261,8.320,179.799,-18.14,21.26,147.14,-17.36,-7.21,173.31,52.754,53.660,-25.6229,-10.8297,54.64,399.70,-24.1822,-9.9134,,,0.19061,0
65.3094,22,13,3,1,150.75,453.83,dwell,57.10,387.67,114.66,0,179.346,8.364,179.835,-18.18,21.08,147.52,-17.90,-7.36,173.54,53.302,53.370,-25.7890,-9.9172,57.10,387.67,-24.9053,-9.9151,,,0.21442,0
65.4148,22,13,3,1,150.75,453.83,dwell,92.59,363.17,107.71,0,179.238,8.433,179.823,-18.18,20.87,147.29,-17.15,-6.95,173.51,53.498,53.622,-24.5217,-7.7288,92.59,363.17,-24.7327,-8.9313,,,0.20349,0
65.5120,22,13,3,1,150.75,453.83,capture,62.77,348.20,137.47,0,179.128,8.460,179.817,-18.16,20.80,147.22,-18.20,-7.88,173.74,53.502,53.987,-23.5241,-9.5714,62.77,348.20,-24.1888,-9.2193,,,0.20861,0
65.6034,22,13,3,1,150.75,453.83,capture,30.79,406.04,129.13,0,179.218,8.484,179.803,-18.08,21.07,147.18,-17.73,-7.58,173.28,53.683,53.977,-25.0467,-11.2886,30.79,406.04,-24.5749,-10.1505,,,0.23441,0
65.7274,22,13,3,1,150.75,453.83,capture,48.73,375.07,128.89,0,179.148,8.548,179.800,-18.08,21.20,147.22,-17.75,-6.18,173.15,53.960,54.183,-24.3956,-10.2986,48.73,375.07,-24.4942,-10.2172,,,0.23316,0
65.8277,22,13,3,1,150.75,453.83,capture,74.02,400.49,93.45,0,179.148,8.604,179.771,-18.12,21.22,147.37,-17.25,-7.31,173.55,53.949,54.014,-26.0871,-9.5371,74.02,400.49,-25.2110,-9.9111,,,0.21283,0
65.9399,22,13,3,1,150.75,453.83,capture,44.98,394.79,121.13,0,179.157,8.643,179.795,-18.21,21.14,147.47,-17.89,-7.91,173.92,53.499,53.929,-24.6378,-10.6528,44.98,394.79,-24.9531,-10.2449,,,0.19884,0
66.0477,22,13,3,1,150.75,453.83,capture,61.58,376.92,117.76,0,179.080,8.470,179.800,-18.21,21.05,147.50,-18.26,-7.52,173.89,53.119,53.891,-23.9538,-10.2307,61.58,376.92,-24.5034,-10.2385,,,0.20097,0
66.1642,22,13,3,1,150.75,453.83,capture,63.23,378.43,115.52,0,179.010,8.429,179.823,-18.22,21.30,147.05,-17.88,-6.95,173.39,53.310,53.302,-25.6454,-10.0627,63.23,378.43,-25.0173,-10.1594,,,0.18645,0
66.2532,22,13,3,1,150.75,453.83,capture,60.33,391.78,109.66,0,178.975,8.349,179.803,-18.16,21.18,146.84,-17.60,-7.31,172.68,53.543,53.312,-26.5218,-10.6286,60.33,391.78,-25.6943,-10.3705,,,0.20443,0
66.3543,22,13,3,1,150.75,453.83,capture,53.30,400.25,111.21,0,178.981,8.431,179.802,-18.28,21.16,147.05,-17.91,-7.40,173.26,53.651,53.950,-24.7572,-9.9889,53.30,400.25,-25.2726,-10.1988,,,0.21441,0
66.4607,22,13,3,1,150.75,453.83,capture,66.81,374.77,115.31,0,179.027,8.543,179.829,-18.41,21.22,147.05,-17.90,-7.58,173.52,53.570,54.210,-24.1375,-10.1064,66.81,374.77,-24.7618,-10.1572,,,0.18900,0
66.5479,22,13,3,1,150.75,453.83,capture,52.41,367.76,130.69,0,179.049,8.503,179.810,-18.48,21.24,147.27,-18.05,-7.56,173.52,53.606,54.258,-23.9870,-11.3654,52.41,367.76,-24.4132,-10.7009,,,0.19962,0
66.6642,22,13,3,1,150.75,453.83,capture,67.91,390.64,104.19,0,179.049,8.472,179.860,-18.31,21.20,147.28,-17.41,-7.03,173.53,53.485,54.513,-25.6114,-9.8164,67.91,390.64,-24.9523,-10.3029,,,0.20156,0
66.7693,22,13,3,1,150.75,453.83,capture,52.98,393.19,115.05,0,179.029,8.495,179.869,-18.42,21.09,147.37,-18.07,-6.47,173.20,53.316,54.009,-25.0503,-10.2806,52.98,393.19,-24.9964,-10.2929,,,0.23725,0
66.8533,22,13,3,1,150.75,453.83,capture,68.42,397.23,99.91,0,179.118,8.539,179.881,-18.49,21.08,147.59,-17.64,-7.95,173.72,53.547,53.859,-25.5980,-9.6467,68.42,397.23,-25.2671,-10.0021,,,0.19608,0
66.9353,22,13,3,1,150.75,453.83,capture,55.13,378.95,121.45,0,178.991,8.519,179.865,-18.49,21.05,147.52,-18.29,-7.45,173.89,53.515,54.003,-25.1665,-10.4035,55.13,378.95,-25.2218,-10.1827,,,0.19999,0
67.0321,22,13,3,1,150.75,453.83,capture,45.85,393.32,121.10,0,178.881,8.501,179.851,-18.44,20.94,147.57,-18.19,-7.15,174.37,53.543,53.711,-24.1925,-10.1467,45.85,393.32,-24.7586,-10.1665,,,0.20664,0
67.1388,22,13,3,1,150.75,453.83,capture,59.14,370.43,123.89,0,178.836,8.399,179.802,-18.60,20.85,147.31,-18.10,-7.40,173.55,53.277,53.892,-23.8478,-10.0240,59.14,370.43,-24.3488,-10.1024,,,0.19979,0
67.2423,22,13,3,1,150.75,453.83,capture,64.07,369.68,120.81,0,178.665,8.535,179.839,-18.64,20.72,147.13,-17.45,-7.94,172.93,53.354,54.355,-24.2475,-10.3378,64.07,369.68,-24.3032,-10.2084,,,0.20452,0
67.3292,22,13,3,1,150.75,453.83,capture,71.44,364.69,119.32,0,178.672,8.487,179.821,-18.60,20.71,147.30,-17.64,-8.36,173.67,53.568,53.950,-23.1837,-9.5419,71.44,364.69,-23.7994,-9.9085,,,0.22661,0
67.5107,23,21,5,1,150.75,713.17,dwell,61.53,508.72,223.07,0,178.767,8.595,179.803,-18.58,21.01,147.17,-17.62,-7.21,173.24,53.464,54.424,-30.6589,-10.0557,61.53,508.72,-30.6589,-10.0557,,,0.22181,0
67.5993,23,21,5,1,150.75,713.17,dwell,50.25,526.57,211.94,0,178.854,8.709,179.814,-18.55,21.15,147.24,-17.95,-6.98,173.60,53.528,54.418,-30.1014,-10.6560,50.25,526.57,-30.4080,-10.3258,,,0.21010,0
67.7139,23,21,5,1,150.75,713.17,dwell,157.56,438.56,274.69,0,178.829,8.771,179.804,-18.70,21.08,147.01,-18.46,-7.62,173.38,53.993,54.159,-26.8610,-6.0378,157.56,438.56,-28.8119,-8.3962,,,0.24470,0
67.8020,23,21,5,1,150.75,713.17,dwell,120.22,418.22,296.52,0,178.943,8.788,179.852,-18.68,21.08,147.19,-18.71,-6.70,173.33,54.342,53.884,-26.8336,-7.2607,120.22,418.22,-27.9216,-7.8852,,,0.20932,0
67.9014,23,21,5,1,150.75,713.17,dwell,248.05,488.65,244.69,0,179.035,8.809,179.871,-18.69,21.06,147.19,-17.60,-7.75,173.82,54.462,53.637,-29.0735,-1.4746,248.05,488.65,-28.4400,-5.0004,,,0.25158,0
68.0043,23,21,5,1,150.75,713.17,dwell,238.13,477.83,251.04,0,178.870,8.642,179.884,-18.64,21.10,147.14,-18.35,-7.43,173.70,53.762,53.662,-28.2325,-2.2798,238.13,477.83,-28.3466,-3.7761,,,0.21707,0
68.1106,23,21,5,1,150.75,713.17,dwell,135.08,573.37,140.67,0,178.862,8.648,179.833,-18.61,20.99,147.45,-18.00,-7.37,173.54,53.429,54.140,-31.4873,-6.1218,135.08,573.37,-29.7599,-4.8317,,,0.17841,0
68.2225,23,21,5,1,150.75,713.17,dwell,178.74,574.95,141.02,0,178.855,8.677,179.817,-18.52,20.89,147.40,-17.84,-7.43,173.30,53.471,54.004,-32.2689,-4.8864,178.74,574.95,-30.8890,-4.8563,,,0.20792,0
68.3155,23,21,5,1,150.75,713.17,dwell,180.20,592.50,124.21,0,178.785,8.631,179.827,-18.56,20.61,147.41,-18.21,-8.01,173.59,53.461,53.980,-32.3165,-4.0088,180.20,592.50,-31.5314,-4.4749,,,0.20289,0
68.4283,23,21,5,1,150.75,713.17,dwell,224.21,624.06,115.48,0,178.895,8.665,179.811,-18.46,20.47,147.48,-17.95,-7.93,173.41,53.580,53.707,-34.5906,-2.0659,224.21,624.06,-32.9080,-3.3909,,,0.20293,0
68.5161,23,21,5,1,150.75,713.17,capture,198.19,607.85,115.51,0,178.842,8.755,179.796,-18.53,20.54,147.53,-18.30,-8.68,174.04,53.879,53.774,-33.8621,-4.1103,198.19,607.85,-33.3374,-3.7146,,,0.23650,0
68.6140,23,21,5,1,150.75,713.17,capture,202.19,642.94,87.05,0,178.826,8.992,179.791,-18.61,20.57,147.65,-18.73,-7.57,174.31,53.861,53.858,-35.2472,-3.4474,202.19,642.94,-34.1968,-3.5944,,,0.21481,0
68.7091,23,21,5,1,150.75,713.17,capture,180.17,634.55,83.94,0,178.820,9.029,179.773,-18.47,20.61,147.48,-18.06,-7.66,173.72,53.706,53.549,-34.8592,-4.6229,180.17,634.55,-34.4949,-4.0572,,,0.21547,0
68.8031,23,21,5,1,150.75,713.17,capture,185.27,648.43,73.37,1,178.842,8.988,179.798,-18.32,20.69,147.12,-17.63,-8.38,173.07,53.633,53.487,-34.7488,-4.1522,185.27,648.43,-34.6092,-4.1000,,,0.24465,0
68.8908,23,21,5,1,150.75,713.17,capture,179.06,598.44,118.17,0,178.790,8.909,179.807,-18.32,20.58,147.26,-18.46,-7.72,173.02,53.487,53.685,-33.3541,-4.8788,179.06,598.44,-34.0444,-4.4504,,,0.22269,0
69.0068,23,21,5,1,150.75,713.17,capture,189.93,604.52,115.50,0,178.749,8.894,179.811,-18.37,20.82,147.36,-18.05,-7.43,173.49,53.546,53.668,-33.4300,-4.6731,189.93,604.52,-33.7679,-4.5506,,,0.20297,0
69.1004,23,21,5,1,150.75,713.17,capture,207.61,646.15,87.89,0,178.693,8.992,179.792,-18.43,20.84,147.39,-18.03,-7.71,173.35,53.527,53.763,-33.7258,-3.0683,207.61,646.15,-33.7489,-3.8836,,,0.22315,0
69.2044,23,21,5,1,150.75,713.17,capture,191.44,633.40,89.55,0,178.742,8.911,179.786,-18.41,20.64,147.21,-18.46,-8.07,173.83,53.694,53.444,-34.9247,-4.2396,191.44,633.40,-34.2780,-4.0438,,,0.24053,0
69.2958,23,21,5,1,150.75,713.17,capture,183.66,599.27,118.56,0,178.780,8.958,179.813,-18.41,20.67,147.26,-17.30,-7.71,173.20,53.835,53.200,-33.2295,-4.4503,183.66,599.27,-33.8062,-4.2267,,,0.21071,0
69.4028,23,21,5,1,150.75,713.17,capture,198.94,636.13,90.87,0,178.763,8.882,179.853,-18.34,20.66,147.17,-18.28,-8.23,173.19,54.230,53.277,-35.2890,-3.8887,198.94,636.13,-34.4735,-4.0746,,,0.24788,0
69.5216,23,21,5,1,150.75,713.17,capture,185.75,638.47,82.49,0,178.794,8.896,179.838,-18.42,20.71,147.31,-18.22,-8.12,173.40,53.946,53.484,-34.3602,-4.6060,185.75,638.47,-34.4225,-4.3138,,,0.20990,0
69.6036,23,21,5,1,150.75,713.17,capture,195.59,609.46,112.99,0,178.829,8.794,179.843,-18.39,21.01,147.35,-18.39,-7.64,173.70,53.839,53.095,-33.8745,-4.0111,195.59,609.46,-34.1759,-4.1776,,,0.19948,0
69.7034,23,21,5,1,150.75,713.17,capture,167.78,632.32,82.62,0,178.862,8.887,179.812,-18.38,21.17,147.58,-18.25,-7.63,173.96,54.045,53.353,-34.0231,-5.2875,167.78,632.32,-34.1072,-4.6770,,,0.22144,0
69.8099,23,21,5,1,150.75,713.17,capture,178.25,626.28,91.13,0,178.858,8.820,179.821,-18.39,21.10,147.54,-17.82,-7.39,174.27,54.225,53.583,-34.0880,-4.3615,178.25,626.28,-34.0985,-4.5350,,,0.21158,0
69.9068,23,21,5,1,150.75,713.17,capture,189.55,614.49,106.03,0,178.872,9.018,179.855,-18.24,20.94,147.11,-17.75,-7.24,173.70,54.129,53.920,-32.5738,-4.5728,189.55,614.49,-33.4124,-4.5520,,,0.24425,0
70.0203,23,21,5,1,150.75,713.17,capture,184.70,624.20,95.22,0,178.748,9.017,179.873,-18.37,20.64,147.16,-18.82,-8.04,173.62,53.947,54.093,-34.4071,-4.5958,184.70,624.20,-33.8600,-4.5717,,,0.21755,0
70.1429,23,21,5,1,150.75,713.17,capture,212.60,621.90,110.25,0,178.607,8.978,179.853,-18.28,20.64,146.91,-17.43,-8.92,173.28,54.211,53.955,-33.2717,-2.6652,212.60,621.90,-33.5953,-3.7138,,,0.22559,0
70.2349,23,21,5,1,150.75,713.17,capture,209.81,618.77,111.35,0,178.503,8.995,179.840,-18.43,20.71,146.75,-18.06,-8.28,172.79,53.985,54.291,-34.2985,-3.1029,209.81,618.77,-33.9117,-3.4389,,,0.22221,0
70.3275,23,21,5,1,150.75,713.17,capture,208.50,623.22,106.89,0,178.618,9.073,179.877,-18.56,20.71,146.76,-17.73,-8.39,173.02,53.712,54.193,-34.0756,-3.4281,208.50,623.22,-33.9855,-3.4340,,,0.20681,0
70.4384,23,21,5,1,150.75,713.17,capture,187.99,645.31,77.40,0,178.641,9.053,179.871,-18.50,20.72,146.81,-17.74,-8.25,173.13,54.044,54.325,-34.8877,-4.0389,187.99,645.31,-34.3915,-3.7062,,,0.21785,0
70.5480,23,21,5,1,150.75,713.17,capture,213.49,593.47,135.14,0,178.572,8.958,179.841,-18.49,20.69,146.76,-18.02,-8.22,173.12,54.036,54.519,-32.3476,-3.3028,213.49,593.47,-33.4717,-3.5247,,,0.23167,0
70.7606,24,12,3,0,50.25,453.83,dwell,232.86,627.63,252.09,0,178.644,8.811,179.840,-18.62,20.76,146.92,-18.74,-7.57,173.14,53.967,54.514,-34.3141,-2.7769,232.86,627.63,-34.3141,-2.7769,,,0.22510,0
70.8703,24,12,3,0,50.25,453.83,dwell,88.04,696.27,245.36,0,178.838,8.640,179.828,-18.49,20.77,147.02,-18.17,-7.99,173.24,53.974,54.696,-37.2731,-9.3165,88.04,696.27,-35.6457,-5.7197,,,0.22425,0
70.9750,24,12,3,0,50.25,453.83,dwell,196.28,600.61,207.05,0,178.850,8.588,179.831,-18.52,20.74,146.82,-18.26,-8.01,172.44,54.006,54.929,-33.7923,-3.9466,196.28,600.61,-34.8116,-4.9218,,,0.22741,0
71.0713,24,12,3,0,50.25,453.83,dwell,169.92,694.23,268.54,0,178.840,8.483,179.806,-18.60,20.64,146.91,-17.93,-7.36,172.67,53.812,54.994,-36.2514,-5.1817,169.92,694.23,-35.4596,-5.0388,,,0.21256,0
71.1737,24,12,3,0,50.25,453.83,dwell,95.24,452.79,45.00,1,178.760,8.435,179.837,-18.62,20.80,147.18,-18.19,-7.82,172.90,53.862,54.595,-27.0858,-8.3435,95.24,452.79,-31.6914,-6.5259,,,0.24176,0
71.2557,24,12,3,0,50.25,453.83,dwell,170.79,646.44,227.22,0,178.771,8.389,179.810,-18.55,20.74,147.12,-18.45,-7.32,173.00,53.817,54.433,-35.2744,-4.9615,170.79,646.44,-33.3037,-5.8219,,,0.21418,0
71.3548,24,12,3,0,50.25,453.83,dwell,152.41,521.52,122.55,0,178.826,8.274,179.809,-18.58,20.79,147.11,-18.08,-7.69,172.89,53.464,54.602,-30.6894,-5.7036,152.41,521.52,-32.1273,-5.7687,,,0.21111,0
71.4434,24,12,3,0,50.25,453.83,dwell,141.52,512.33,108.41,0,179.022,8.260,179.829,-18.60,20.91,147.18,-18.00,-8.76,173.42,53.647,54.657,-29.4905,-5.6392,141.52,512.33,-30.9407,-5.7104,,,0.19182,0
71.5539,24,12,3,0,50.25,453.83,dwell,110.23,540.59,105.47,0,179.120,8.237,179.833,-18.71,20.80,147.23,-18.32,-7.52,173.20,53.720,54.870,-30.7491,-7.6486,110.23,540.59,-30.8545,-6.5826,,,0.19507,0
71.6539,24,12,3,0,50.25,453.83,dwell,135.58,595.40,165.29,0,179.050,8.256,179.864,-18.66,20.91,147.15,-18.05,-7.66,173.08,53.973,54.552,-34.0323,-6.4916,135.58,595.40,-32.2845,-6.5416,,,0.20175,0
71.7674,24,12,3,0,50.25,453.83,dwell,135.55,593.03,163.25,0,179.099,8.276,179.877,-18.65,20.96,147.18,-17.94,-7.63,173.48,54.286,54.793,-34.3391,-6.7964,135.55,593.03,-33.2091,-6.6563,,,0.23563,0
71.8554,24,12,3,0,50.25,453.83,capture,118.17,529.72,101.84,0,179.074,8.455,179.887,-18.62,20.92,147.14,-18.70,-7.60,173.44,53.729,54.718,-30.9778,-7.8697,118.17,529.72,-32.2050,-7.2023,,,0.19633,0
71.9812,24,12,3,0,50.25,453.83,capture,121.23,548.95,118.68,0,179.077,8.510,179.883,-18.57,20.79,147.05,-18.44,-7.45,173.08,53.909,54.317,-31.1906,-7.3084,121.23,548.95,-31.7485,-7.2500,,,0.21192,0
72.0842,24,12,3,0,50.25,453.83,capture,147.95,560.57,144.70,0,179.062,8.545,179.880,-18.60,20.79,146.89,-18.77,-8.31,173.40,53.873,54.483,-30.8203,-5.6241,147.95,560.57,-31.3308,-6.5184,,,0.21513,0
72.1807,24,12,3,0,50.25,453.83,capture,134.62,587.93,158.43,0,179.001,8.431,179.867,-18.63,20.72,147.09,-18.19,-7.33,173.23,53.778,54.696,-32.0377,-7.2634,134.62,587.93,-31.6489,-6.8536,,,0.21084,0
72.2834,24,12,3,0,50.25,453.83,capture,123.68,581.09,146.92,0,179.052,8.516,179.824,-18.57,20.56,147.08,-17.98,-7.68,173.20,53.942,54.262,-32.5950,-7.3488,123.68,581.09,-32.0746,-7.0765,,,0.23025,0
72.3654,24,12,3,0,50.25,453.83,capture,142.12,574.39,151.57,0,179.064,8.500,179.835,-18.54,20.43,147.17,-18.64,-8.50,172.91,53.897,54.812,-32.3219,-6.7380,142.12,574.39,-32.1859,-6.9241,,,0.25156,0
72.4790,24,12,3,0,50.25,453.83,capture,144.08,574.82,153.11,0,178.997,8.380,179.835,-18.53,20.64,146.99,-18.40,-7.99,173.41,53.467,54.175,-31.4801,-6.2021,144.08,574.82,-31.8683,-6.5992,,,0.20230,0
72.5655,24,12,3,0,50.25,453.83,capture,160.10,574.39,163.10,0,178.944,8.327,179.829,-18.62,20.59,147.23,-18.07,-9.10,173.99,53.711,54.393,-31.1812,-5.7381,160.10,574.39,-31.5591,-6.2117,,,0.20756,0
72.6680,24,12,3,0,50.25,453.83,capture,139.39,554.56,134.51,0,178.919,8.337,179.822,-18.51,20.47,147.27,-18.30,-8.05,173.55,53.891,54.192,-30.3581,-6.0585,139.39,554.56,-31.0187,-6.1428,,,0.19434,0
72.7658,24,12,3,0,50.25,453.83,capture,123.21,563.60,131.80,0,178.852,8.400,179.798,-18.56,20.66,147.26,-18.08,-8.07,173.29,53.826,54.437,-31.5244,-7.2351,123.21,563.60,-31.2462,-6.6343,,,0.22925,0
72.8590,24,12,3,0,50.25,453.83,capture,162.47,581.23,169.77,0,178.806,8.322,179.790,-18.57,20.70,147.32,-18.89,-8.41,173.42,53.312,54.238,-33.3549,-5.7661,162.47,581.23,-32.1951,-6.2436,,,0.19358,0
72.9410,24,12,3,0,50.25,453.83,capture,166.53,568.40,163.24,0,178.871,8.189,179.797,-18.46,20.60,147.21,-18.08,-8.62,173.54,53.569,54.473,-31.1838,-4.6277,166.53,568.40,-31.7400,-5.5164,,,0.20525,0
73.0416,24,12,3,0,50.25,453.83,capture,148.56,540.55,131.09,0,178.793,8.142,179.814,-18.43,20.55,147.09,-18.30,-7.58,172.95,53.440,54.269,-30.7722,-5.8081,148.56,540.55,-31.3045,-5.6477,,,0.19844,0
73.1329,24,12,3,0,50.25,453.83,capture,140.17,537.01,122.49,0,178.749,8.226,179.824,-18.59,20.50,147.04,-17.85,-7.95,173.73,53.323,54.305,-30.6206,-5.9827,140.17,537.01,-30.9967,-5.7984,,,0.23044,0
73.2514,24,12,3,0,50.25,453.83,capture,139.70,556.90,136.47,0,178.738,8.184,179.842,-18.61,20.56,146.77,-18.80,-8.21,172.26,53.228,54.252,-31.6105,-6.2985,139.70,556.90,-31.2729,-6.0234,,,0.17307,0
73.3560,24,12,3,0,50.25,453.83,capture,125.59,524.38,103.21,0,178.610,8.117,179.848,-18.52,20.57,146.84,-18.04,-7.95,172.70,53.101,54.419,-29.8695,-7.2333,125.59,524.38,-30.6414,-6.5679,,,0.19599,0
73.4574,24,12,3,0,50.25,453.83,capture,161.57,548.79,146.32,0,178.701,8.268,179.835,-18.60,20.58,147.00,-17.96,-7.92,173.07,53.204,54.347,-30.7557,-5.9256,161.57,548.79,-30.6928,-6.2789,,,0.18568,0
73.5672,24,12,3,0,50.25,453.83,capture,156.87,521.95,126.52,0,178.652,8.295,179.837,-18.69,20.51,146.90,-18.68,-8.50,172.90,53.278,53.757,-30.0091,-5.7415,156.87,521.95,-30.3851,-6.0371,,,0.20339,0
73.6679,24,12,3,0,50.25,453.83,capture,151.67,535.41,130.16,0,178.632,8.247,179.789,-18.70,20.31,146.92,-18.11,-7.46,172.70,53.301,53.963,-31.3961,-5.5119,151.67,535.41,-30.8401,-5.8007,,,0.19971,0
73.7658,24,12,3,0,50.25,453.83,capture,121.31,552.96,121.97,0,178.566,8.308,179.781,-18.64,20.49,146.96,-18.37,-8.63,172.93,53.217,54.179,-31.2154,-7.6295,121.31,552.96,-31.0090,-6.6237,,,0.21200,0
