t_s,trial,cell_idx,row,col,target_x,target_y,phase,pred_x,pred_y,err_pt,in_cell,head_yaw_deg,head_pitch_deg,head_roll_deg,head_tx_mm,head_ty_mm,head_tz_mm,eye_cam_x_mm,eye_cam_y_mm,eye_cam_z_mm,pupil_left_px,pupil_right_px,raw_pitch_deg,raw_yaw_deg,raw_pred_x,raw_pred_y,filt_pitch_deg,filt_yaw_deg,filt_pred_x,filt_pred_y,ear,blink_held
0.0473,1,9,1,0,22.33,129.67,dwell,125.22,384.40,274.73,0,179.183,7.457,179.928,-17.93,21.47,147.56,-17.35,-6.85,173.54,54.192,55.664,-25.6445,-7.1838,125.22,384.40,-25.6445,-7.1838,,,0.23361,0
0.1510,1,9,1,0,22.33,129.67,dwell,192.59,241.50,203.70,0,179.138,7.498,179.909,-17.99,21.31,147.51,-18.19,-7.17,173.70,54.240,55.473,-20.0186,-3.5938,192.59,241.50,-23.1128,-5.5683,,,0.22017,0
0.2661,1,9,1,0,22.33,129.67,dwell,139.27,311.92,216.54,0,179.100,7.510,179.865,-17.85,21.02,147.52,-17.46,-7.81,173.77,53.896,55.127,-22.2792,-6.3222,139.27,311.92,-22.7377,-5.9076,,,0.21852,0
0.3611,1,9,1,0,22.33,129.67,dwell,177.65,289.42,222.81,0,179.210,7.516,179.842,-18.02,20.98,147.72,-17.62,-7.50,173.83,53.823,54.753,-21.1628,-4.5096,177.65,289.42,-22.0290,-5.2785,,,0.23168,0
0.4621,1,9,1,0,22.33,129.67,dwell,189.55,242.14,201.52,0,179.005,7.563,179.834,-17.99,21.02,147.51,-17.41,-7.25,173.51,54.020,54.711,-19.9814,-4.5174,189.55,242.14,-21.1076,-4.9360,,,0.23263,0
0.5590,1,9,1,0,22.33,129.67,dwell,93.22,137.67,71.34,0,178.937,7.531,179.849,-18.17,21.09,147.31,-17.96,-7.11,173.53,54.187,54.385,-14.9221,-8.0176,93.22,137.67,-18.3241,-6.3227,,,0.22838,0
0.6732,1,9,1,0,22.33,129.67,dwell,177.36,187.57,165.49,0,178.887,7.637,179.826,-18.32,21.04,147.60,-18.15,-7.85,174.14,54.161,54.183,-17.2203,-5.0344,177.36,187.57,-17.8274,-5.7430,,,0.22494,0
0.7753,1,9,1,0,22.33,129.67,dwell,135.16,82.32,122.36,0,178.911,7.644,179.809,-18.22,20.68,147.78,-17.65,-7.98,173.84,53.891,54.202,-12.6753,-7.2865,135.16,82.32,-15.5090,-6.4376,,,0.21519,0
0.8806,1,9,1,0,22.33,129.67,dwell,113.59,146.07,92.72,0,178.898,7.733,179.794,-18.16,20.55,147.73,-18.04,-7.90,173.67,53.909,53.823,-15.1768,-7.1180,113.59,146.07,-15.3595,-6.7438,,,0.22940,0
0.9973,1,9,1,0,22.33,129.67,capture,125.29,133.45,103.03,0,178.900,7.785,179.824,-18.12,20.58,147.40,-16.92,-8.34,173.10,53.772,53.677,-15.8467,-6.9060,125.29,133.45,-15.5787,-6.8168,,,0.23175,0
1.0967,1,9,1,0,22.33,129.67,capture,120.77,102.89,102.01,0,179.012,7.767,179.808,-18.09,20.62,147.28,-17.98,-7.83,173.52,53.861,53.986,-14.1315,-7.2955,120.77,102.89,-14.9275,-7.0322,,,0.23324,0
1.2042,1,9,1,0,22.33,129.67,capture,143.66,128.76,121.33,0,179.001,7.651,179.783,-18.20,20.55,147.24,-18.01,-8.65,173.97,53.884,53.800,-14.3525,-6.6062,143.66,128.76,-14.6687,-6.8405,,,0.22506,0
1.2895,1,9,1,0,22.33,129.67,capture,145.23,121.95,123.14,0,178.980,7.719,179.826,-18.03,20.51,147.04,-17.47,-8.59,173.73,53.894,54.015,-14.6447,-5.4539,145.23,121.95,-14.6579,-6.2165,,,0.23731,0
1.3715,1,9,1,0,22.33,129.67,capture,110.12,109.08,90.17,0,179.006,7.751,179.826,-17.92,20.57,147.19,-17.06,-8.36,173.58,53.651,54.647,-14.2398,-7.6888,110.12,109.08,-14.4698,-6.8790,,,0.22336,0
1.4846,1,9,1,0,22.33,129.67,capture,102.18,107.10,82.97,0,178.936,7.737,179.835,-17.96,20.52,147.35,-17.34,-7.16,173.80,53.785,54.401,-14.1633,-8.1954,102.18,107.10,-14.3319,-7.4714,,,0.20880,0
1.5922,1,9,1,0,22.33,129.67,capture,133.68,97.72,115.84,0,178.966,7.763,179.838,-17.88,20.58,147.33,-17.64,-8.38,173.90,53.775,54.635,-13.4264,-6.0506,133.68,97.72,-13.9244,-6.8320,,,0.20116,0
1.6836,1,9,1,0,22.33,129.67,capture,116.76,117.65,95.19,0,178.893,7.689,179.848,-17.90,20.39,147.47,-17.30,-8.90,173.78,54.046,54.465,-14.2723,-7.2791,116.76,117.65,-14.0810,-7.0332,,,0.23969,0
1.7729,1,9,1,0,22.33,129.67,capture,132.18,149.26,111.58,0,178.794,7.726,179.842,-17.91,20.47,147.50,-17.06,-8.59,173.79,53.945,54.608,-15.4715,-6.1816,132.18,149.26,-14.7067,-6.6500,,,0.24478,0
1.8728,1,9,1,0,22.33,129.67,capture,150.02,119.12,128.12,0,178.807,7.695,179.836,-17.92,20.57,147.36,-17.29,-8.06,173.54,53.398,54.529,-13.8355,-6.3693,150.02,119.12,-14.3147,-6.5237,,,0.20034,0
1.9912,1,9,1,0,22.33,129.67,capture,132.35,140.70,110.57,0,178.935,7.620,179.814,-17.88,20.62,147.52,-18.15,-7.84,173.97,53.511,54.510,-15.2430,-6.9731,132.35,140.70,-14.7324,-6.7259,,,0.19998,0
2.0923,1,9,1,0,22.33,129.67,capture,144.43,122.02,122.34,0,179.074,7.478,179.830,-17.85,20.61,147.57,-17.16,-7.73,173.94,53.504,54.048,-15.0666,-6.4760,144.43,122.02,-14.8828,-6.6134,,,0.19557,0
2.2028,1,9,1,0,22.33,129.67,capture,119.79,142.83,98.34,0,179.084,7.534,179.834,-17.80,20.65,147.94,-17.81,-7.90,174.71,53.593,54.095,-16.3727,-7.3968,119.79,142.83,-15.5533,-6.9659,,,0.22009,0
2.2848,1,9,1,0,22.33,129.67,capture,117.18,105.24,97.94,0,178.949,7.464,179.814,-17.77,20.68,148.01,-17.55,-8.06,174.82,53.563,54.369,-13.2628,-8.1184,117.18,105.24,-14.5226,-7.4845,,,0.21047,0
2.3823,1,9,1,0,22.33,129.67,capture,114.38,123.70,92.24,0,178.894,7.291,179.823,-17.89,20.68,148.02,-17.98,-7.56,174.33,53.119,54.066,-15.0964,-7.4792,114.38,123.70,-14.7808,-7.4822,,,0.17844,0
2.4885,1,9,1,0,22.33,129.67,capture,123.81,112.18,102.97,0,178.964,7.368,179.815,-18.11,20.82,148.10,-17.36,-7.52,174.82,53.013,53.833,-14.2390,-7.2790,123.81,112.18,-14.5370,-7.3908,,,0.18506,0
2.5994,1,9,1,0,22.33,129.67,capture,115.75,140.19,94.01,0,178.990,7.387,179.838,-18.13,20.79,148.10,-17.36,-7.91,174.42,53.337,53.852,-15.8479,-7.2733,115.75,140.19,-15.1269,-7.3379,,,0.19954,0
2.6924,1,9,1,0,22.33,129.67,capture,125.68,139.15,103.78,0,178.967,7.402,179.836,-18.19,20.75,148.36,-17.67,-6.87,174.71,53.175,53.747,-15.9493,-7.4902,125.68,139.15,-15.4970,-7.4064,,,0.19999,0
2.8114,1,9,1,0,22.33,129.67,capture,138.70,128.94,116.37,0,178.894,7.493,179.839,-18.26,20.78,148.17,-18.00,-7.80,174.58,53.143,53.721,-14.2101,-6.5938,138.70,128.94,-14.9179,-7.0407,,,0.18550,0
2.9009,1,9,1,0,22.33,129.67,capture,147.62,97.26,129.41,0,178.879,7.526,179.855,-18.33,20.76,147.97,-17.74,-7.05,174.41,53.243,53.707,-14.3287,-5.9747,147.62,97.26,-14.6527,-6.5610,,,0.21991,0
3.0750,2,20,2,2,111.67,216.11,dwell,117.44,157.02,59.37,0,178.829,7.469,179.851,-18.36,20.72,147.93,-17.98,-8.27,173.82,53.645,54.043,-15.5067,-7.3574,117.44,157.02,-15.5067,-7.3574,,,0.19070,0
3.1662,2,20,2,2,111.67,216.11,dwell,240.46,171.94,136.16,0,178.842,7.438,179.866,-18.27,20.65,147.87,-17.68,-7.94,174.61,53.571,53.886,-16.9745,-0.9090,240.46,171.94,-16.1672,-4.4556,,,0.20914,0
3.2718,2,20,2,2,111.67,216.11,dwell,240.10,72.66,192.54,0,178.860,7.451,179.892,-18.34,20.83,147.66,-17.28,-7.74,173.96,53.487,54.034,-12.6455,-1.7595,240.10,72.66,-14.5824,-3.2424,,,0.20802,0
3.3641,2,20,2,2,111.67,216.11,dwell,63.90,-30.47,251.17,0,178.755,7.439,179.899,-18.35,20.73,147.68,-17.69,-7.19,173.77,53.142,53.943,-8.9405,-10.4851,63.90,-30.47,-12.0436,-6.5016,,,0.19954,0
3.4735,2,20,2,2,111.67,216.11,dwell,131.83,80.33,137.27,0,178.800,7.480,179.940,-18.27,20.73,147.64,-17.22,-7.90,174.14,53.099,53.975,-13.3327,-6.1655,131.83,80.33,-12.6237,-6.3503,,,0.18338,0
3.5701,2,20,2,2,111.67,216.11,dwell,145.44,17.08,201.88,0,178.754,7.525,179.938,-18.18,20.73,147.59,-17.70,-7.66,174.07,53.360,53.957,-10.0679,-6.0290,145.44,17.08,-11.4736,-6.2057,,,0.20620,0
3.6789,2,20,2,2,111.67,216.11,dwell,94.59,91.51,125.77,0,178.719,7.620,179.955,-18.19,20.81,147.50,-17.40,-8.28,173.78,53.509,54.024,-12.2681,-8.8679,94.59,91.51,-11.8311,-7.4037,,,0.22037,0
3.7894,2,20,2,2,111.67,216.11,dwell,163.39,114.27,114.22,0,178.726,7.715,179.886,-18.12,20.88,147.54,-17.33,-7.33,173.80,53.428,54.163,-14.0130,-5.2003,163.39,114.27,-12.8130,-6.4122,,,0.19333,0
3.8879,2,20,2,2,111.67,216.11,dwell,152.47,118.54,105.76,0,178.676,7.568,179.875,-18.06,20.80,147.41,-18.14,-7.03,173.52,53.826,54.109,-15.3682,-5.9370,152.47,118.54,-13.9628,-6.1984,,,0.20886,0
3.9907,2,20,2,2,111.67,216.11,capture,169.29,107.43,123.01,0,178.649,7.613,179.872,-18.03,20.86,147.58,-17.98,-7.81,173.97,53.822,54.030,-14.2564,-4.9920,169.29,107.43,-14.0949,-5.6555,,,0.21443,0
4.0765,2,20,2,2,111.67,216.11,capture,165.59,88.44,138.59,0,178.616,7.452,179.835,-18.08,20.89,147.61,-17.96,-7.97,174.61,54.019,53.982,-13.2419,-4.9949,165.59,88.44,-13.7110,-5.3582,,,0.21120,0
4.1618,2,20,2,2,111.67,216.11,capture,155.65,87.20,136.21,0,178.563,7.566,179.830,-18.15,20.77,147.68,-17.81,-7.59,173.88,53.993,54.343,-13.9766,-5.7130,155.65,87.20,-13.8305,-5.5179,,,0.21226,0
4.2477,2,20,2,2,111.67,216.11,capture,158.58,102.61,122.81,0,178.648,7.442,179.816,-18.25,20.91,147.89,-17.77,-6.98,174.12,53.633,54.038,-14.5443,-5.5633,158.58,102.61,-14.1517,-5.5383,,,0.22843,0
4.3656,2,20,2,2,111.67,216.11,capture,138.41,92.12,126.84,0,178.748,7.391,179.821,-18.25,21.04,147.80,-17.46,-8.17,173.81,53.624,54.551,-14.2335,-6.3279,138.41,92.12,-14.1885,-5.8936,,,0.18834,0
4.4667,2,20,2,2,111.67,216.11,capture,142.36,80.14,139.39,0,178.650,7.407,179.830,-18.39,20.96,147.54,-17.87,-7.19,174.17,53.402,54.247,-12.2309,-6.4082,142.36,80.14,-13.3076,-6.1252,,,0.20298,0
4.5557,2,20,2,2,111.67,216.11,capture,148.29,78.77,142.14,0,178.768,7.556,179.852,-18.25,20.72,147.71,-17.64,-8.51,173.82,53.294,54.669,-12.1634,-5.7152,148.29,78.77,-12.7927,-5.9407,,,0.21678,0
4.6530,2,20,2,2,111.67,216.11,capture,158.24,85.69,138.49,0,178.711,7.448,179.853,-18.44,20.89,147.71,-18.09,-6.99,173.98,53.155,54.806,-12.1736,-6.3658,158.24,85.69,-12.5141,-6.1320,,,0.22863,0
4.7559,2,20,2,2,111.67,216.11,capture,150.32,86.53,135.22,0,178.820,7.550,179.842,-18.36,20.96,147.60,-18.14,-8.17,173.63,53.131,54.741,-13.2584,-6.1235,150.32,86.53,-12.8490,-6.1282,,,0.18451,0
4.8391,2,20,2,2,111.67,216.11,capture,157.96,102.15,123.00,0,178.797,7.524,179.855,-18.18,20.91,147.53,-18.07,-8.48,173.82,53.226,54.976,-14.5423,-5.4845,157.96,102.15,-13.6110,-5.8385,,,0.18444,0
4.9328,2,20,2,2,111.67,216.11,capture,166.38,99.71,128.62,0,178.781,7.525,179.872,-18.04,20.84,147.43,-17.53,-7.91,173.57,53.370,54.709,-12.4583,-4.6552,166.38,99.71,-13.0923,-5.3060,,,0.18729,0
5.0394,2,20,2,2,111.67,216.11,capture,180.73,68.80,162.70,0,178.874,7.464,179.844,-18.01,20.73,147.64,-17.25,-8.04,174.11,53.406,54.522,-12.9934,-4.0091,180.73,68.80,-13.0478,-4.7224,,,0.22970,0
5.1301,2,20,2,2,111.67,216.11,capture,154.24,76.46,146.00,0,179.000,7.476,179.863,-17.99,20.76,147.76,-17.56,-7.92,174.62,53.791,54.416,-12.3746,-5.6434,154.24,76.46,-12.7448,-5.1368,,,0.24154,0
5.2366,2,20,2,2,111.67,216.11,capture,154.17,112.78,111.73,0,178.976,7.555,179.894,-18.01,20.78,147.64,-17.83,-7.96,173.67,53.887,54.069,-14.8387,-6.0338,154.17,112.78,-13.6871,-5.5405,,,0.22030,0
5.3368,2,20,2,2,111.67,216.11,capture,167.25,102.85,126.16,0,179.110,7.508,179.895,-18.02,20.75,147.54,-18.29,-7.74,174.00,53.895,53.988,-13.5404,-5.2708,167.25,102.85,-13.6211,-5.4191,,,0.21339,0
5.4330,2,20,2,2,111.67,216.11,capture,157.65,99.58,125.28,0,178.933,7.470,179.888,-17.88,20.67,147.42,-17.54,-8.59,173.73,53.940,54.121,-13.1386,-5.7733,157.65,99.58,-13.4040,-5.5785,,,0.23020,0
5.5430,2,20,2,2,111.67,216.11,capture,136.64,91.62,126.97,0,178.840,7.565,179.864,-17.94,20.70,147.32,-17.17,-8.07,172.96,53.766,54.254,-13.0627,-7.3247,136.64,91.62,-13.2504,-6.3643,,,0.19601,0
5.6418,2,20,2,2,111.67,216.11,capture,160.47,104.83,121.51,0,179.035,7.607,179.876,-17.86,20.66,147.12,-17.50,-8.40,173.45,53.634,54.204,-13.9155,-5.1335,160.47,104.83,-13.5497,-5.8104,,,0.21240,0
5.8296,3,26,2,8,379.67,216.11,dwell,141.11,65.04,282.37,0,178.928,7.624,179.853,-18.01,20.68,147.15,-17.47,-8.18,173.49,53.601,53.979,-11.9569,-5.9828,141.11,65.04,-11.9569,-5.9828,,,0.19842,0
5.9126,3,26,2,8,379.67,216.11,dwell,258.28,34.57,218.38,0,179.090,7.725,179.827,-18.12,20.74,147.34,-17.70,-8.19,173.98,53.584,54.179,-11.2102,-1.2647,258.28,34.57,-11.6209,-3.8597,,,0.20418,0
6.0259,3,26,2,8,379.67,216.11,dwell,206.07,58.43,234.52,0,179.028,7.836,179.831,-18.15,20.81,147.49,-17.79,-8.05,173.99,53.154,54.275,-12.1458,-3.7439,206.07,58.43,-11.8571,-3.8076,,,0.19742,0
6.1396,3,26,2,8,379.67,216.11,dwell,247.10,88.14,184.26,0,179.041,7.777,179.835,-18.19,20.89,147.61,-18.53,-7.41,174.15,52.653,54.482,-13.5788,-1.4658,247.10,88.14,-12.6319,-2.7538,,,0.18757,0
6.2511,3,26,2,8,379.67,216.11,dwell,266.93,-22.74,264.12,0,178.929,7.742,179.834,-18.03,20.91,147.36,-16.95,-8.40,173.38,52.812,54.095,-9.1682,-0.0183,266.93,-22.74,-11.0732,-1.5228,,,0.18145,0
6.3497,3,26,2,8,379.67,216.11,dwell,348.60,17.23,201.29,0,178.933,7.629,179.849,-17.98,20.76,147.56,-17.41,-6.90,173.30,53.014,53.915,-9.7853,3.6665,348.60,17.23,-10.4937,0.8124,,,0.18469,0
6.4544,3,26,2,8,379.67,216.11,dwell,330.74,15.57,206.42,0,178.831,7.692,179.859,-17.90,20.87,147.89,-17.74,-6.90,173.90,53.056,53.756,-9.3994,2.7569,330.74,15.57,-10.0013,1.6874,,,0.16703,0
6.5492,3,26,2,8,379.67,216.11,dwell,328.49,12.46,209.98,0,178.877,7.726,179.873,-18.08,20.80,147.79,-17.61,-7.48,173.95,53.442,53.758,-10.0114,2.6647,328.49,12.46,-10.0058,2.1272,,,0.18767,0
6.6448,3,26,2,8,379.67,216.11,dwell,380.53,-22.56,238.67,0,178.847,7.674,179.856,-18.21,20.76,147.65,-18.09,-7.72,173.77,53.751,53.833,-8.4566,5.2819,380.53,-22.56,-9.3087,3.5468,,,0.22202,0
6.7346,3,26,2,8,379.67,216.11,dwell,422.75,34.73,186.43,0,178.867,7.665,179.825,-18.37,20.72,147.75,-18.01,-7.39,174.40,54.023,53.702,-10.9694,7.2107,422.75,34.73,-10.0560,5.1955,,,0.21132,0
6.8404,3,26,2,8,379.67,216.11,capture,414.85,-2.36,221.29,0,178.860,7.730,179.819,-18.53,20.77,148.13,-18.24,-8.11,174.76,54.079,53.671,-10.1210,6.3944,414.85,-2.36,-10.0853,5.7350,,,0.21195,0
6.9410,3,26,2,8,379.67,216.11,capture,418.88,16.56,203.37,0,178.831,7.702,179.831,-18.67,20.58,148.13,-17.70,-7.51,174.66,53.759,54.094,-10.8617,6.4635,418.88,16.56,-10.4346,6.0629,,,0.21072,0
7.0418,3,26,2,8,379.67,216.11,capture,396.96,-5.02,221.81,0,178.922,7.703,179.812,-18.59,20.66,147.85,-17.97,-7.02,174.28,53.544,54.027,-9.7114,5.5670,396.96,-5.02,-10.1092,5.8397,,,0.19574,0
7.1487,3,26,2,8,379.67,216.11,capture,395.05,-21.93,238.54,0,178.974,7.795,179.832,-18.57,20.58,147.77,-18.44,-7.70,174.16,53.868,54.133,-9.3527,5.7378,395.05,-21.93,-9.7688,5.7939,,,0.22170,0
7.2568,3,26,2,8,379.67,216.11,capture,406.42,-41.81,259.30,0,179.039,7.742,179.833,-18.61,20.72,147.55,-17.90,-8.26,173.89,53.642,53.713,-8.2302,5.7421,406.42,-41.81,-9.0764,5.7706,,,0.22071,0
7.3430,3,26,2,8,379.67,216.11,capture,405.49,-10.90,228.48,0,179.007,7.793,179.870,-18.71,20.68,147.67,-17.57,-7.96,173.89,53.660,54.099,-9.2752,5.5039,405.49,-10.90,-9.1659,5.6506,,,0.20785,0
7.4437,3,26,2,8,379.67,216.11,capture,410.69,-5.77,224.04,0,179.094,7.820,179.858,-18.77,20.60,147.71,-18.26,-7.58,174.07,53.809,53.846,-8.9290,6.9534,410.69,-5.77,-9.0593,6.2368,,,0.21021,0
7.5257,3,26,2,8,379.67,216.11,capture,420.77,-38.00,257.41,0,178.983,7.859,179.878,-18.75,20.59,147.53,-17.57,-8.27,174.06,53.847,53.958,-7.9274,6.5801,420.77,-38.00,-8.5499,6.3913,,,0.18900,0
7.6252,3,26,2,8,379.67,216.11,capture,436.09,3.37,220.10,0,179.010,7.788,179.880,-18.77,20.52,147.53,-17.90,-7.32,173.78,53.621,53.946,-10.9840,7.5111,436.09,3.37,-9.6453,6.8952,,,0.20907,0
7.7162,3,26,2,8,379.67,216.11,capture,424.08,0.75,219.89,0,178.857,7.688,179.842,-18.66,20.62,147.60,-18.11,-7.73,174.24,53.804,53.980,-8.8157,6.6145,424.08,0.75,-9.2720,6.7689,,,0.20962,0
7.8142,3,26,2,8,379.67,216.11,capture,427.59,-7.68,228.86,0,178.823,7.718,179.845,-18.51,20.60,147.47,-18.11,-7.53,173.70,53.652,54.008,-9.7841,6.7936,427.59,-7.68,-9.5024,6.7800,,,0.22043,0
7.9218,3,26,2,8,379.67,216.11,capture,431.38,11.75,210.80,0,178.846,7.734,179.852,-18.63,20.72,147.05,-19.00,-7.91,173.20,54.000,54.243,-10.5590,6.8588,431.38,11.75,-9.9779,6.8155,,,0.21684,0
8.0341,3,26,2,8,379.67,216.11,capture,416.69,-9.59,228.72,0,178.791,7.793,179.844,-18.61,20.95,146.73,-17.74,-7.44,173.05,54.445,54.321,-9.6925,5.8267,416.69,-9.59,-9.8494,6.3705,,,0.21418,0
8.1270,3,26,2,8,379.67,216.11,capture,415.29,-36.18,254.79,0,178.795,7.654,179.861,-18.58,20.89,146.84,-18.82,-7.79,172.85,54.520,54.668,-8.8081,5.8647,415.29,-36.18,-9.3808,6.1429,,,0.24468,0
8.2401,3,26,2,8,379.67,216.11,capture,410.66,-35.91,253.92,0,178.827,7.542,179.846,-18.58,20.87,147.01,-18.04,-7.50,172.65,54.719,54.493,-8.3713,6.6759,410.66,-35.91,-8.9265,6.3828,,,0.24820,0
8.3489,3,26,2,8,379.67,216.11,capture,424.69,-9.44,230.00,0,178.801,7.601,179.852,-18.58,20.94,147.02,-17.97,-7.03,173.36,54.544,54.611,-9.7212,6.7331,424.69,-9.44,-9.2841,6.5404,,,0.21242,0
8.4309,3,26,2,8,379.67,216.11,capture,414.37,-9.40,228.17,0,178.975,7.666,179.863,-18.48,20.88,146.99,-18.41,-8.00,173.49,54.042,54.897,-9.2108,6.6742,414.37,-9.40,-9.2511,6.6006,,,0.22444,0
8.5308,3,26,2,8,379.67,216.11,capture,427.02,-19.88,240.70,0,179.043,7.626,179.856,-18.43,20.87,146.94,-18.46,-7.39,172.58,54.089,54.603,-10.3233,7.0179,427.02,-19.88,-9.7336,6.7884,,,0.20039,0
8.6220,3,26,2,8,379.67,216.11,capture,394.60,-12.62,229.22,0,178.877,7.542,179.856,-18.35,20.94,147.01,-17.92,-7.44,173.55,53.473,54.659,-8.5323,5.5533,394.60,-12.62,-9.1930,6.2326,,,0.20101,0
8.7115,3,26,2,8,379.67,216.11,capture,413.37,6.45,212.35,0,178.776,7.556,179.848,-18.51,20.81,147.07,-18.05,-6.94,173.32,53.466,54.516,-10.2503,6.1106,413.37,6.45,-9.6688,6.1777,,,0.22348,0
8.8159,3,26,2,8,379.67,216.11,capture,420.56,18.23,202.06,0,178.786,7.664,179.838,-18.44,20.64,147.33,-18.35,-8.22,173.63,53.761,54.432,-10.5238,6.7221,420.56,18.23,-10.0535,6.4227,,,0.22460,0
9.0385,4,53,5,8,379.67,475.44,dwell,441.87,119.19,361.64,0,178.778,7.729,179.841,-18.50,20.62,147.55,-17.81,-8.27,174.16,53.267,54.607,-14.2921,7.8590,441.87,119.19,-14.2921,7.8590,,,0.18482,0
9.1230,4,53,5,8,379.67,475.44,dwell,426.50,191.25,288.03,0,178.880,7.947,179.811,-18.30,20.55,147.55,-17.93,-8.05,173.24,53.467,54.828,-17.5193,6.3363,426.50,191.25,-15.7443,7.1738,,,0.22564,0
9.2344,4,53,5,8,379.67,475.44,dwell,393.77,256.66,219.24,0,178.816,7.879,179.771,-18.24,20.72,147.47,-18.58,-7.81,173.42,53.421,54.432,-19.7277,5.5922,393.77,256.66,-17.5368,6.4621,,,0.21560,0
9.3403,4,53,5,8,379.67,475.44,dwell,431.73,200.44,279.89,0,178.890,7.858,179.774,-18.18,20.54,147.65,-18.09,-8.03,173.75,53.647,54.258,-17.4471,6.9326,431.73,200.44,-17.4965,6.6738,,,0.19804,0
9.4315,4,53,5,8,379.67,475.44,dwell,337.51,416.13,72.77,0,178.754,7.889,179.804,-18.22,20.50,147.61,-17.72,-7.23,174.44,53.320,53.909,-25.9453,2.9158,337.51,416.13,-21.2984,4.9827,,,0.20443,0
9.5135,4,53,5,8,379.67,475.44,dwell,422.82,445.46,52.55,0,178.789,8.093,179.790,-18.14,20.57,147.59,-17.29,-7.19,173.79,53.744,54.379,-27.1456,6.3575,422.82,445.46,-23.9297,5.6014,,,0.23540,0
9.5955,4,53,5,8,379.67,475.44,dwell,379.86,442.07,33.38,1,178.860,8.024,179.781,-18.10,20.70,147.62,-17.76,-7.54,174.29,53.336,54.200,-26.3844,5.3913,379.86,442.07,-25.0343,5.5069,,,0.17550,0
9.7016,4,53,5,8,379.67,475.44,dwell,421.27,452.06,47.72,0,178.953,8.146,179.756,-18.05,20.82,147.51,-17.38,-8.02,173.77,53.381,53.701,-27.6645,6.7169,421.27,452.06,-26.2179,6.0514,,,0.19422,0
9.7836,4,53,5,8,379.67,475.44,dwell,432.14,537.54,81.30,0,179.025,8.173,179.801,-18.05,20.76,147.59,-17.73,-7.14,173.85,53.948,53.794,-30.6469,7.2145,432.14,537.54,-28.2109,6.5748,,,0.21240,0
9.8881,4,53,5,8,379.67,475.44,dwell,434.14,592.42,129.04,0,179.050,8.179,179.833,-17.95,20.87,147.62,-17.60,-7.90,173.76,53.761,53.820,-32.8678,7.7471,434.14,592.42,-30.3065,7.1023,,,0.21074,0
9.9993,4,53,5,8,379.67,475.44,dwell,419.54,589.86,121.16,0,179.020,8.219,179.838,-18.07,20.81,147.42,-17.85,-7.46,173.49,53.814,54.368,-32.6774,6.8615,419.54,589.86,-31.3734,6.9939,,,0.20939,0
10.0904,4,53,5,8,379.67,475.44,capture,427.65,617.57,150.01,0,179.058,8.320,179.824,-18.08,20.73,147.43,-17.85,-6.79,173.25,53.460,54.608,-33.0755,7.1903,427.65,617.57,-32.1393,7.0823,,,0.18350,0
10.1997,4,53,5,8,379.67,475.44,capture,408.28,617.21,144.62,0,178.866,8.331,179.830,-18.04,20.72,147.51,-18.39,-7.62,174.19,53.520,54.635,-34.3802,6.1917,408.28,617.21,-33.1477,6.6815,,,0.21581,0
10.2944,4,53,5,8,379.67,475.44,capture,422.35,592.91,124.98,0,178.751,8.428,179.831,-18.06,20.80,147.46,-17.39,-6.69,174.21,53.404,54.633,-32.7664,6.4396,422.35,592.91,-32.9761,6.5727,,,0.23484,0
10.3848,4,53,5,8,379.67,475.44,capture,424.09,574.45,108.52,0,178.968,8.478,179.851,-18.00,20.74,147.48,-17.49,-8.06,173.76,53.617,54.554,-31.9762,6.6593,424.09,574.45,-32.5262,6.6117,,,0.20814,0
10.4962,4,53,5,8,379.67,475.44,capture,406.00,572.48,100.55,0,178.947,8.522,179.857,-17.96,20.78,147.36,-17.73,-8.33,173.13,53.765,54.495,-32.6138,6.1214,406.00,572.48,-32.5656,6.3911,,,0.19215,0
10.6066,4,53,5,8,379.67,475.44,capture,406.53,579.41,107.38,0,178.969,8.616,179.862,-17.98,20.71,147.38,-17.53,-7.89,173.59,54.103,54.568,-32.2362,6.1544,406.53,579.41,-32.4174,6.2846,,,0.22380,0
10.6975,4,53,5,8,379.67,475.44,capture,405.81,588.94,116.47,0,179.079,8.519,179.882,-18.05,20.80,147.30,-17.61,-8.22,173.60,53.990,54.365,-33.5634,5.8239,405.81,588.94,-32.9331,6.0773,,,0.19783,0
10.7918,4,53,5,8,379.67,475.44,capture,434.99,619.83,154.62,0,179.166,8.559,179.844,-17.98,20.57,147.18,-18.07,-7.91,173.76,53.776,54.321,-34.0046,6.8613,434.99,619.83,-33.4153,6.4301,,,0.21468,0
10.8971,4,53,5,8,379.67,475.44,capture,418.73,610.10,140.21,0,179.095,8.515,179.851,-17.96,20.47,147.33,-17.84,-8.26,173.06,53.642,54.205,-33.6041,6.6063,418.73,610.10,-33.5002,6.5094,,,0.20642,0
10.9837,4,53,5,8,379.67,475.44,capture,406.91,590.26,118.00,0,179.040,8.473,179.826,-18.13,20.55,147.58,-18.00,-8.30,174.28,53.698,54.128,-33.7330,5.6439,406.91,590.26,-33.6050,6.1199,,,0.21279,0
11.1032,4,53,5,8,379.67,475.44,capture,423.10,602.87,134.62,0,179.137,8.474,179.804,-18.12,20.54,147.60,-17.59,-8.01,174.13,53.727,54.083,-32.4590,6.6730,423.10,602.87,-33.0893,6.3688,,,0.21757,0
11.2017,4,53,5,8,379.67,475.44,capture,406.90,596.32,123.91,0,179.082,8.450,179.781,-18.16,20.65,147.64,-17.80,-7.40,174.11,53.983,54.357,-33.0386,5.6753,406.90,596.32,-33.0665,6.0567,,,0.20583,0
11.2934,4,53,5,8,379.67,475.44,capture,423.85,587.97,120.89,0,179.148,8.515,179.756,-18.13,20.51,147.71,-17.94,-8.31,174.38,54.059,54.573,-32.8990,7.1488,423.85,587.97,-32.9911,6.5482,,,0.22401,0
11.4151,4,53,5,8,379.67,475.44,capture,421.57,596.14,127.76,0,179.114,8.541,179.737,-18.21,20.55,147.69,-17.11,-8.26,173.96,53.934,54.368,-33.1853,6.8138,421.57,596.14,-33.0785,6.6677,,,0.19588,0
11.5162,4,53,5,8,379.67,475.44,capture,419.10,609.91,140.13,0,179.081,8.546,179.761,-18.19,20.58,147.70,-17.95,-7.83,173.80,53.457,53.877,-33.6926,7.1775,419.10,609.91,-33.3548,6.8971,,,0.21446,0
11.6365,4,53,5,8,379.67,475.44,capture,409.14,608.88,136.65,0,178.932,8.587,179.760,-18.30,20.86,147.39,-17.69,-8.19,173.78,53.724,54.426,-32.8012,6.5918,409.14,608.88,-33.1057,6.7597,,,0.18413,0
11.7323,4,53,5,8,379.67,475.44,capture,420.70,620.49,150.74,0,179.038,8.495,179.754,-18.25,20.85,147.21,-17.86,-7.38,173.66,53.886,54.201,-35.1583,6.0856,420.70,620.49,-34.0294,6.4564,,,0.21416,0
11.8353,4,53,5,8,379.67,475.44,capture,416.88,634.41,163.26,0,179.070,8.492,179.708,-18.14,20.83,147.25,-17.12,-7.67,173.39,54.196,54.242,-34.1947,7.0537,416.88,634.41,-34.1038,6.7252,,,0.21267,0
12.0299,5,54,6,0,22.33,561.89,dwell,272.99,669.91,272.94,0,178.907,8.292,179.719,-18.27,20.80,147.15,-18.23,-7.92,173.47,54.271,54.196,-35.5419,-0.3324,272.99,669.91,-35.5419,-0.3324,,,0.23373,0
12.1336,5,54,6,0,22.33,561.89,dwell,261.99,689.12,271.34,0,178.993,8.345,179.705,-18.24,20.82,147.13,-17.88,-7.51,173.21,54.257,54.301,-36.6726,-0.8691,261.99,689.12,-36.0507,-0.5739,,,0.23544,0
12.2279,5,54,6,0,22.33,561.89,dwell,223.39,708.06,248.58,0,178.910,8.333,179.730,-18.22,20.74,146.97,-17.73,-7.31,172.54,53.671,54.424,-37.1296,-1.7797,223.39,708.06,-36.5362,-1.1165,,,0.20138,0
12.3328,5,54,6,0,22.33,561.89,dwell,200.55,652.66,200.00,0,178.809,8.527,179.733,-18.08,20.62,146.92,-17.82,-8.03,172.87,53.572,54.431,-34.2366,-3.4658,200.55,652.66,-35.5014,-2.1737,,,0.21534,0
12.4390,5,54,6,0,22.33,561.89,dwell,238.79,617.50,223.49,0,178.889,8.445,179.711,-18.22,20.64,147.06,-17.48,-7.29,172.93,53.701,54.835,-33.5172,-2.1478,238.79,617.50,-34.6085,-2.1620,,,0.21510,0
12.5490,5,54,6,0,22.33,561.89,dwell,109.89,677.56,145.07,0,178.959,8.339,179.718,-18.40,20.71,147.14,-17.82,-7.14,173.43,53.627,54.704,-36.7211,-8.0561,109.89,677.56,-35.5592,-4.8144,,,0.20140,0
12.6558,5,54,6,0,22.33,561.89,dwell,135.29,778.63,244.41,0,178.968,8.264,179.761,-18.47,20.84,147.23,-18.54,-7.74,173.47,53.301,54.755,-39.8782,-6.2286,135.29,778.63,-37.5027,-5.4508,,,0.19287,0
12.7568,5,54,6,0,22.33,561.89,dwell,51.66,724.68,165.41,0,179.002,8.265,179.779,-18.62,20.86,147.33,-17.96,-7.20,173.39,53.823,54.564,-37.9138,-10.5395,51.66,724.68,-37.6877,-7.7407,,,0.22912,0
12.8517,5,54,6,0,22.33,561.89,dwell,46.78,758.87,198.49,0,178.990,8.409,179.758,-18.71,20.84,147.40,-18.10,-7.90,173.91,53.881,54.639,-38.8267,-10.9677,46.78,758.87,-38.2002,-9.1929,,,0.21474,0
12.9494,5,54,6,0,22.33,561.89,dwell,-3.50,791.69,231.25,0,178.976,8.309,179.772,-18.56,20.66,147.14,-17.94,-8.24,174.05,53.609,54.667,-40.9184,-12.4503,-3.50,791.69,-39.4234,-10.6587,,,0.21065,0
13.0617,5,54,6,0,22.33,561.89,capture,-20.80,804.65,246.56,0,179.026,8.183,179.822,-18.56,20.51,147.44,-18.25,-8.06,173.44,53.576,54.374,-40.5301,-14.1371,-20.80,804.65,-39.9214,-12.2240,,,0.18153,0
13.1507,5,54,6,0,22.33,561.89,capture,-7.12,797.80,237.74,0,178.928,8.241,179.812,-18.59,20.77,147.35,-17.61,-7.83,173.86,53.512,54.440,-41.0165,-13.6597,-7.12,797.80,-40.4142,-12.8700,,,0.19698,0
13.2431,5,54,6,0,22.33,561.89,capture,-0.29,805.13,244.29,0,178.824,8.108,179.824,-18.63,20.83,147.56,-18.69,-8.09,174.10,53.704,54.561,-40.5312,-13.1008,-0.29,805.13,-40.4668,-12.9739,,,0.22118,0
13.3456,5,54,6,0,22.33,561.89,capture,6.66,813.98,252.58,0,178.862,8.049,179.830,-18.63,20.69,147.47,-17.96,-6.80,173.69,53.487,54.592,-40.6546,-13.5127,6.66,813.98,-40.5513,-13.2164,,,0.21188,0
13.4333,5,54,6,0,22.33,561.89,capture,-39.68,798.36,244.47,0,178.862,8.165,179.854,-18.58,20.93,147.37,-18.18,-7.83,173.03,53.306,54.760,-40.7284,-15.3928,-39.68,798.36,-40.6310,-14.1958,,,0.20426,0
13.5153,5,54,6,0,22.33,561.89,capture,-9.46,794.71,234.98,0,178.884,8.149,179.829,-18.49,20.86,147.32,-18.05,-8.49,173.77,53.353,54.598,-41.2328,-12.8913,-9.46,794.71,-40.9018,-13.6088,,,0.22118,0
13.6267,5,54,6,0,22.33,561.89,capture,-29.78,790.91,234.88,0,178.948,8.230,179.817,-18.46,20.78,147.37,-17.98,-7.70,173.83,53.440,54.791,-40.5984,-14.4468,-29.78,790.91,-40.7653,-13.9859,,,0.21492,0
13.7305,5,54,6,0,22.33,561.89,capture,-35.54,802.81,247.77,0,178.879,8.267,179.835,-18.45,20.70,147.39,-17.54,-8.73,173.65,53.336,55.083,-41.1214,-14.1536,-35.54,802.81,-40.9255,-14.0614,,,0.21403,0
13.8399,5,54,6,0,22.33,561.89,capture,-18.89,765.41,207.65,0,178.854,8.375,179.835,-18.56,20.57,147.22,-18.26,-8.03,173.09,53.693,54.743,-40.1815,-14.0676,-18.89,765.41,-40.5907,-14.0642,,,0.22519,0
13.9292,5,54,6,0,22.33,561.89,capture,-4.94,817.15,256.71,0,178.953,8.396,179.832,-18.49,20.53,147.11,-17.66,-8.15,173.63,53.740,54.522,-42.0275,-13.7088,-4.94,817.15,-41.2373,-13.9043,,,0.21817,0
14.0154,5,54,6,0,22.33,561.89,capture,-25.84,806.02,248.84,0,179.010,8.575,179.823,-18.50,20.55,147.17,-17.85,-7.63,173.63,53.347,54.311,-41.3340,-14.2063,-25.84,806.02,-41.2808,-14.0402,,,0.19238,0
14.0974,5,54,6,0,22.33,561.89,capture,-15.82,777.85,219.31,0,179.103,8.687,179.845,-18.56,20.40,147.54,-17.88,-8.15,174.07,53.926,54.406,-40.4112,-13.9520,-15.82,777.85,-40.8895,-14.0005,,,0.22284,0
14.2035,5,54,6,0,22.33,561.89,capture,-20.62,796.82,238.83,0,178.970,8.764,179.841,-18.48,20.33,147.69,-18.68,-7.66,174.35,54.034,54.528,-41.3788,-14.3601,-20.62,796.82,-41.1097,-14.1623,,,0.20206,0
14.3171,5,54,6,0,22.33,561.89,capture,-23.19,786.96,229.63,0,178.798,8.688,179.842,-18.49,20.38,147.67,-18.37,-8.42,173.94,53.860,54.686,-40.0161,-13.4957,-23.19,786.96,-40.6176,-13.8623,,,0.22193,0
14.4296,5,54,6,0,22.33,561.89,capture,-2.39,782.28,221.77,0,178.807,8.629,179.824,-18.36,20.31,147.55,-17.77,-7.68,173.84,54.520,54.343,-39.7046,-12.2782,-2.39,782.28,-40.2067,-13.1495,,,0.25361,0
14.5516,5,54,6,0,22.33,561.89,capture,-4.57,795.97,235.62,0,178.765,8.606,179.843,-18.22,20.33,147.69,-17.99,-7.67,174.13,54.715,54.048,-41.5211,-12.9851,-4.57,795.97,-40.7982,-13.0755,,,0.23320,0
14.6575,5,54,6,0,22.33,561.89,capture,-15.21,799.42,240.48,0,178.848,8.530,179.840,-18.16,20.30,147.54,-17.66,-8.69,173.76,54.261,53.871,-41.0658,-13.3154,-15.21,799.42,-40.9186,-13.1835,,,0.23916,0
14.7618,5,54,6,0,22.33,561.89,capture,-17.34,793.76,235.24,0,179.037,8.599,179.844,-18.12,20.49,147.41,-17.33,-7.90,173.83,54.014,53.803,-40.7756,-13.6391,-17.34,793.76,-40.8543,-13.3885,,,0.20809,0
14.8547,5,54,6,0,22.33,561.89,capture,1.23,785.79,224.89,0,179.145,8.641,179.826,-18.10,20.46,147.50,-18.37,-8.27,173.65,53.964,54.069,-39.2460,-12.5978,1.23,785.79,-40.1305,-13.0327,,,0.21236,0
14.9367,5,54,6,0,22.33,561.89,capture,-27.64,784.21,227.87,0,179.124,8.687,179.812,-18.28,20.63,147.56,-17.51,-7.50,173.89,54.175,54.098,-39.9123,-14.4290,-27.64,784.21,-40.0323,-13.6610,,,0.20227,0
15.1255,6,48,5,3,156.33,475.44,dwell,23.69,607.02,186.83,0,179.084,8.597,179.830,-18.27,20.64,147.48,-17.57,-8.05,173.62,53.889,54.118,-33.7750,-11.8048,23.69,607.02,-33.7750,-11.8048,,,0.22387,0
15.2335,6,48,5,3,156.33,475.44,dwell,-41.71,710.14,307.09,0,179.126,8.583,179.843,-18.31,20.70,147.74,-17.83,-8.15,174.30,53.771,54.206,-37.1217,-14.8500,-41.71,710.14,-35.2810,-13.1751,,,0.21039,0
15.3574,6,48,5,3,156.33,475.44,dwell,154.52,731.15,255.71,0,179.027,8.470,179.839,-18.28,20.59,147.72,-18.19,-7.19,173.86,53.831,54.109,-37.7041,-5.8298,154.52,731.15,-36.3714,-9.8697,,,0.22201,0
15.4583,6,48,5,3,156.33,475.44,dwell,137.34,533.71,61.28,0,178.909,8.687,179.842,-18.38,20.74,147.82,-17.66,-7.90,174.29,53.211,54.014,-30.9599,-6.6837,137.34,533.71,-33.9362,-8.4360,,,0.21686,0
15.5516,6,48,5,3,156.33,475.44,dwell,102.88,668.07,199.90,0,178.880,8.545,179.825,-18.52,20.76,147.87,-18.23,-8.06,174.33,52.992,53.917,-35.3710,-8.1590,102.88,668.07,-34.5819,-8.3114,,,0.15854,0
15.6766,6,48,5,3,156.33,475.44,dwell,179.14,653.75,179.76,0,178.813,8.495,179.811,-18.36,20.69,147.69,-18.25,-7.74,174.02,53.271,53.946,-35.1522,-4.5385,179.14,653.75,-34.8385,-6.6136,,,0.21167,0
15.7770,6,48,5,3,156.33,475.44,dwell,152.61,594.11,118.72,0,178.908,8.509,179.797,-18.40,20.78,147.66,-17.79,-7.62,174.07,53.558,53.771,-34.0820,-6.5081,152.61,594.11,-34.4981,-6.5661,,,0.19543,0
15.8854,6,48,5,3,156.33,475.44,dwell,133.43,572.21,99.44,0,178.935,8.493,179.791,-18.37,20.69,147.33,-17.73,-7.60,173.57,53.186,53.314,-32.0400,-6.4137,133.43,572.21,-33.3920,-6.4975,,,0.20586,0
15.9862,6,48,5,3,156.33,475.44,dwell,192.51,575.29,106.20,0,179.151,8.411,179.797,-18.41,20.73,147.04,-17.88,-7.75,172.98,53.401,53.471,-32.9656,-3.4889,192.51,575.29,-33.2001,-5.1436,,,0.18719,0
16.0893,6,48,5,3,156.33,475.44,capture,221.80,510.05,74.05,0,179.126,8.434,179.818,-18.40,20.53,146.83,-17.89,-7.47,172.95,53.192,53.638,-28.2372,-1.8144,221.80,510.05,-30.9668,-3.6455,,,0.20241,0
16.1892,6,48,5,3,156.33,475.44,capture,218.69,546.58,94.60,0,179.006,8.396,179.806,-18.35,20.55,146.73,-17.74,-7.64,172.92,53.562,53.607,-31.3309,-3.1429,218.69,546.58,-31.1306,-3.4193,,,0.21242,0
16.2941,6,48,5,3,156.33,475.44,capture,215.73,534.04,83.44,0,179.034,8.287,179.794,-18.39,20.67,146.82,-18.13,-7.33,173.14,53.754,53.467,-30.0635,-3.1228,215.73,534.04,-30.6504,-3.2859,,,0.22914,0
16.3776,6,48,5,3,156.33,475.44,capture,227.64,540.36,96.43,0,178.976,8.303,179.794,-18.31,20.73,146.94,-17.57,-8.06,173.06,53.842,53.456,-30.2780,-1.5916,227.64,540.36,-30.4829,-2.5234,,,0.23239,0
16.4774,6,48,5,3,156.33,475.44,capture,219.69,554.58,101.37,0,178.942,8.167,179.777,-18.40,20.78,147.04,-17.98,-7.30,173.02,53.787,53.519,-31.6972,-3.2025,219.69,554.58,-31.0293,-2.8290,,,0.19679,0
16.5939,6,48,5,3,156.33,475.44,capture,220.26,535.33,87.60,0,178.940,8.161,179.772,-18.36,20.81,147.08,-17.49,-7.44,173.44,53.562,53.585,-31.0781,-3.0099,220.26,535.33,-31.0513,-2.9104,,,0.22226,0
16.6759,6,48,5,3,156.33,475.44,capture,205.98,523.26,68.93,0,179.003,8.129,179.763,-18.24,20.79,147.17,-17.97,-8.03,173.65,53.457,53.630,-29.2051,-3.4249,205.98,523.26,-30.2205,-3.1419,,,0.20473,0
16.7868,6,48,5,3,156.33,475.44,capture,204.89,516.69,63.71,0,178.987,8.068,179.767,-18.18,20.68,147.17,-17.47,-8.42,173.32,53.524,53.734,-29.2199,-3.8247,204.89,516.69,-29.7702,-3.4492,,,0.20766,0
16.9077,6,48,5,3,156.33,475.44,capture,208.54,553.95,94.28,0,178.929,8.195,179.779,-18.22,20.73,147.36,-17.38,-8.56,173.22,53.626,53.618,-31.6214,-3.6539,208.54,553.95,-30.6032,-3.5413,,,0.21755,0
17.0127,6,48,5,3,156.33,475.44,capture,201.83,552.33,89.34,0,179.034,8.243,179.786,-18.26,20.65,147.54,-17.69,-8.13,173.67,53.231,53.748,-30.8149,-3.3976,201.83,552.33,-30.6985,-3.4766,,,0.19813,0
17.1083,6,48,5,3,156.33,475.44,capture,210.73,541.01,85.19,0,179.026,8.213,179.759,-18.28,20.68,147.67,-17.36,-8.25,174.38,53.315,54.211,-31.7917,-3.0568,210.73,541.01,-31.1904,-3.2877,,,0.20586,0
17.2080,6,48,5,3,156.33,475.44,capture,215.91,525.74,77.97,0,179.049,8.469,179.800,-18.29,20.56,147.59,-18.21,-8.10,174.13,53.601,54.031,-30.7134,-2.8002,215.91,525.74,-30.9758,-3.0683,,,0.19608,0
17.3181,6,48,5,3,156.33,475.44,capture,222.97,525.29,83.22,0,179.017,8.406,179.787,-18.24,20.67,147.38,-17.71,-8.72,173.65,53.484,53.757,-30.5371,-2.4612,222.97,525.29,-30.7784,-2.7951,,,0.19442,0
17.4267,6,48,5,3,156.33,475.44,capture,206.64,540.22,82.02,0,179.082,8.265,179.789,-18.34,20.78,147.54,-18.12,-8.14,174.24,53.400,53.397,-30.9263,-3.0117,206.64,540.22,-30.8449,-2.8926,,,0.19707,0
17.5467,6,48,5,3,156.33,475.44,capture,226.14,532.89,90.40,0,178.948,8.280,179.828,-18.25,20.49,147.64,-17.57,-7.44,174.45,53.689,53.730,-31.1812,-2.4989,226.14,532.89,-30.9963,-2.7154,,,0.21451,0
17.6565,6,48,5,3,156.33,475.44,capture,204.28,530.49,73.00,0,179.057,8.289,179.824,-18.14,20.41,147.61,-17.47,-8.14,173.75,53.441,53.908,-31.0611,-3.4994,204.28,530.49,-31.0254,-3.0682,,,0.19370,0
17.7576,6,48,5,3,156.33,475.44,capture,206.27,540.06,81.66,0,179.100,8.304,179.852,-18.09,20.45,147.47,-18.35,-8.18,173.81,54.017,54.546,-30.2157,-3.3510,206.27,540.06,-30.6611,-3.1955,,,0.22929,0
17.8614,6,48,5,3,156.33,475.44,capture,217.75,551.40,97.68,0,178.954,8.174,179.819,-18.13,20.44,147.79,-17.30,-8.27,173.85,54.069,54.544,-30.6561,-3.4208,217.75,551.40,-30.6588,-3.2969,,,0.23334,0
17.9680,6,48,5,3,156.33,475.44,capture,204.43,544.47,84.13,0,178.936,8.283,179.840,-18.26,20.52,147.77,-17.30,-8.82,174.08,54.086,54.070,-31.2286,-2.7661,204.43,544.47,-30.9152,-3.0580,,,0.21199,0
18.0541,6,48,5,3,156.33,475.44,capture,184.61,532.45,63.63,0,178.920,8.298,179.840,-18.19,20.62,147.99,-18.26,-7.59,174.23,53.982,54.227,-31.0023,-5.0084,184.61,532.45,-30.9544,-3.9357,,,0.22729,0
18.2177,7,64,7,1,67.00,648.33,dwell,120.70,432.86,222.06,0,178.919,8.424,179.832,-18.25,20.53,147.99,-18.28,-7.58,174.47,53.805,54.427,-26.9202,-7.3528,120.70,432.86,-26.9202,-7.3528,,,0.19672,0
18.3350,7,64,7,1,67.00,648.33,dwell,-21.37,521.45,154.62,0,178.973,8.317,179.815,-18.22,20.52,147.97,-17.51,-8.23,174.54,54.144,54.268,-29.9203,-13.6760,-21.37,521.45,-28.2703,-10.1982,,,0.22167,0
18.4287,7,64,7,1,67.00,648.33,dwell,146.26,581.56,103.64,0,179.011,8.408,179.817,-18.24,20.67,147.96,-17.56,-7.69,174.75,54.110,54.404,-32.7640,-6.0827,146.26,581.56,-30.2924,-8.3462,,,0.21884,0
18.5433,7,64,7,1,67.00,648.33,dwell,100.51,598.15,60.34,0,178.999,8.457,179.805,-18.20,20.65,147.98,-17.59,-9.02,174.59,54.065,54.065,-33.4231,-8.3589,100.51,598.15,-31.7012,-8.3519,,,0.22105,0
18.6537,7,64,7,1,67.00,648.33,dwell,106.61,600.77,61.90,0,178.960,8.550,179.759,-18.17,20.82,148.05,-17.42,-7.43,174.49,54.065,54.392,-32.8397,-7.6959,106.61,600.77,-32.2136,-8.0567,,,0.22772,0
18.7580,7,64,7,1,67.00,648.33,dwell,51.61,565.47,84.28,0,178.819,8.501,179.786,-18.12,20.77,148.10,-17.72,-7.75,174.52,53.906,54.450,-32.3540,-9.7545,51.61,565.47,-32.2768,-8.8207,,,0.20309,0
18.8525,7,64,7,1,67.00,648.33,dwell,75.58,645.88,8.92,1,178.670,8.413,179.804,-18.27,20.64,148.02,-17.94,-7.63,174.58,53.758,54.620,-34.7858,-8.9052,75.58,645.88,-33.4058,-8.8587,,,0.22377,0
18.9478,7,64,7,1,67.00,648.33,dwell,0.74,568.13,104.03,0,178.727,8.435,179.842,-18.22,20.74,148.05,-17.83,-8.07,174.55,53.564,54.828,-32.0345,-12.5478,0.74,568.13,-32.7887,-10.5188,,,0.22069,0
19.0475,7,64,7,1,67.00,648.33,dwell,7.26,553.97,111.68,0,178.578,8.373,179.843,-18.10,20.60,148.04,-16.93,-7.46,174.80,53.299,54.760,-30.4649,-12.6676,7.26,553.97,-31.7430,-11.4858,,,0.17941,0
19.1482,7,64,7,1,67.00,648.33,dwell,6.04,557.26,109.59,0,178.594,8.483,179.840,-18.11,20.74,148.28,-17.25,-8.76,174.27,53.287,54.420,-30.5321,-12.3084,6.04,557.26,-31.1981,-11.8559,,,0.20271,0
19.2470,7,64,7,1,67.00,648.33,capture,-19.23,576.05,112.52,0,178.669,8.361,179.829,-18.14,20.83,148.33,-17.57,-7.92,174.77,53.390,54.383,-31.4449,-13.1483,-19.23,576.05,-31.3091,-12.4375,,,0.22318,0
19.3375,7,64,7,1,67.00,648.33,capture,12.36,572.30,93.63,0,178.760,8.467,179.837,-18.21,20.90,148.00,-17.93,-6.98,173.95,53.508,54.380,-32.8084,-12.8824,12.36,572.30,-31.9838,-12.6377,,,0.19101,0
19.4393,7,64,7,1,67.00,648.33,capture,-26.66,568.91,122.80,0,178.774,8.452,179.874,-18.33,21.15,147.87,-17.93,-7.72,174.20,53.473,54.379,-30.4413,-14.1439,-26.66,568.91,-31.2897,-13.3155,,,0.17723,0
19.5546,7,64,7,1,67.00,648.33,capture,-31.10,566.34,127.85,0,178.768,8.296,179.908,-18.35,21.33,148.09,-17.44,-6.85,174.49,53.784,54.608,-31.1819,-14.2270,-31.10,566.34,-31.2412,-13.7257,,,0.21830,0
19.6656,7,64,7,1,67.00,648.33,capture,-32.08,562.77,130.91,0,178.866,8.295,179.904,-18.36,21.18,148.01,-17.56,-7.45,174.77,53.777,54.868,-31.5218,-14.4260,-32.08,562.77,-31.3675,-14.0408,,,0.20717,0
19.7520,7,64,7,1,67.00,648.33,capture,-40.03,587.51,123.11,0,178.910,8.322,179.884,-18.36,20.98,148.05,-17.75,-7.34,174.43,53.458,54.536,-32.9170,-14.5402,-40.03,587.51,-32.0648,-14.2656,,,0.20666,0
19.8545,7,64,7,1,67.00,648.33,capture,4.22,596.56,81.37,0,178.815,8.508,179.845,-18.34,20.88,147.69,-17.55,-7.95,173.92,53.592,54.248,-33.0895,-12.7142,4.22,596.56,-32.5259,-13.5674,,,0.21538,0
19.9585,7,64,7,1,67.00,648.33,capture,-42.62,607.33,117.04,0,178.945,8.644,179.853,-18.43,21.10,147.72,-18.14,-7.26,174.04,53.496,54.341,-33.1081,-14.6647,-42.62,607.33,-32.7879,-14.0612,,,0.23194,0
20.0464,7,64,7,1,67.00,648.33,capture,1.97,558.11,111.22,0,178.936,8.619,179.821,-18.40,20.92,147.70,-17.91,-7.63,173.68,53.576,53.921,-32.2047,-12.3056,1.97,558.11,-32.5255,-13.2712,,,0.22276,0
20.1442,7,64,7,1,67.00,648.33,capture,-13.66,568.43,113.54,0,178.925,8.532,179.799,-18.36,20.96,147.77,-18.17,-7.40,174.41,53.367,54.250,-32.9350,-13.1106,-13.66,568.43,-32.7098,-13.1989,,,0.21464,0
20.2431,7,64,7,1,67.00,648.33,capture,-5.78,587.23,95.03,0,178.919,8.455,179.750,-18.25,20.95,147.74,-17.60,-7.88,174.13,53.467,54.276,-32.8393,-13.0346,-5.78,587.23,-32.7681,-13.1250,,,0.18378,0
20.3251,7,64,7,1,67.00,648.33,capture,-27.86,593.30,109.67,0,178.999,8.541,179.749,-18.14,21.08,147.48,-17.75,-7.31,173.68,53.546,54.084,-33.0215,-13.5651,-27.86,593.30,-32.8821,-13.3230,,,0.21880,0
20.4367,7,64,7,1,67.00,648.33,capture,-15.20,573.93,110.87,0,179.050,8.529,179.722,-18.19,21.05,147.33,-17.46,-7.87,173.49,53.196,53.747,-32.7844,-13.5998,-15.20,573.93,-32.8382,-13.4476,,,0.17936,0
20.5231,7,64,7,1,67.00,648.33,capture,-15.20,579.16,107.43,0,179.029,8.527,179.698,-18.22,20.98,147.13,-17.87,-7.52,173.41,53.365,53.307,-32.3859,-13.7589,-15.20,579.16,-32.6347,-13.5877,,,0.20421,0
20.6089,7,64,7,1,67.00,648.33,capture,-12.06,561.12,117.71,0,179.108,8.630,179.732,-18.30,21.09,147.08,-18.07,-7.37,173.15,53.099,53.300,-31.4771,-13.0067,-12.06,561.12,-32.1138,-13.3262,,,0.20675,0
20.6999,7,64,7,1,67.00,648.33,capture,3.90,601.27,78.72,0,179.097,8.698,179.759,-18.36,21.14,146.99,-18.17,-6.36,172.92,52.960,53.911,-33.9337,-13.2865,3.90,601.27,-32.9327,-13.3084,,,0.20708,0
20.7950,7,64,7,1,67.00,648.33,capture,-20.60,573.95,114.92,0,179.147,8.534,179.757,-18.25,21.08,147.09,-18.08,-7.73,173.28,53.091,53.791,-31.7736,-14.1675,-20.60,573.95,-32.4111,-13.6950,,,0.21081,0
20.8928,7,64,7,1,67.00,648.33,capture,-46.73,585.27,130.04,0,179.143,8.579,179.800,-18.28,20.85,147.06,-17.85,-8.17,173.41,53.041,53.889,-33.0314,-15.1721,-46.73,585.27,-32.6902,-14.3597,,,0.18532,0
20.9952,7,64,7,1,67.00,648.33,capture,-8.79,579.54,102.36,0,178.983,8.653,179.823,-18.33,20.85,147.07,-18.20,-7.55,173.20,53.406,54.041,-32.2252,-13.2844,-8.79,579.54,-32.4810,-13.8758,,,0.18629,0
21.2071,8,47,5,2,111.67,475.44,dwell,23.30,548.20,114.46,0,178.985,8.679,179.853,-18.41,20.77,147.12,-17.86,-8.05,173.10,53.814,54.101,-30.9466,-12.0111,23.30,548.20,-30.9466,-12.0111,,,0.24022,0
21.3079,8,47,5,2,111.67,475.44,dwell,82.70,444.63,42.29,0,179.017,8.784,179.863,-18.46,20.70,147.27,-17.74,-7.75,173.27,53.686,53.983,-27.1223,-9.5332,82.70,444.63,-29.2257,-10.8960,,,0.20814,0
21.4139,8,47,5,2,111.67,475.44,dwell,34.78,496.89,79.82,0,179.126,8.564,179.846,-18.58,20.72,147.45,-18.29,-7.56,173.97,54.077,53.991,-29.1986,-11.1667,34.78,496.89,-29.2135,-11.0178,,,0.22675,0
21.5139,8,47,5,2,111.67,475.44,dwell,30.73,391.24,116.80,0,179.044,8.510,179.831,-18.39,20.71,147.22,-18.35,-7.34,173.41,53.937,54.034,-25.0033,-11.7351,30.73,391.24,-27.3189,-11.3406,,,0.21016,0
21.5960,8,47,5,2,111.67,475.44,dwell,108.32,484.36,9.52,1,179.131,8.548,179.829,-18.36,20.66,147.40,-17.81,-7.70,173.68,53.690,53.584,-29.5459,-7.9465,108.32,484.36,-28.3210,-9.8132,,,0.20956,0
21.7118,8,47,5,2,111.67,475.44,dwell,125.68,401.74,75.02,0,179.197,8.616,179.809,-18.45,20.50,147.44,-18.72,-8.03,173.43,53.783,54.163,-25.2851,-7.0281,125.68,401.74,-26.9549,-8.5599,,,0.23161,0
21.8172,8,47,5,2,111.67,475.44,dwell,197.95,383.59,126.02,0,179.050,8.662,179.808,-18.37,20.61,147.15,-17.73,-8.56,173.37,53.381,54.521,-25.6055,-3.1878,197.95,383.59,-26.3477,-6.1425,,,0.20625,0
21.9366,8,47,5,2,111.67,475.44,dwell,184.99,371.70,127.04,0,179.060,8.462,179.846,-18.27,20.56,146.96,-17.27,-8.52,173.33,53.330,54.905,-23.8916,-4.0597,184.99,371.70,-25.2424,-5.2052,,,0.20197,0
22.0223,8,47,5,2,111.67,475.44,capture,178.59,360.14,133.32,0,179.056,8.396,179.809,-18.38,20.40,147.04,-18.16,-6.91,173.40,53.384,54.483,-23.2729,-5.2048,178.59,360.14,-24.3561,-5.2051,,,0.20199,0
22.1233,8,47,5,2,111.67,475.44,capture,179.45,357.63,135.92,0,178.974,8.379,179.784,-18.35,20.47,147.22,-17.95,-8.48,173.30,53.361,53.942,-22.6567,-4.8753,179.45,357.63,-23.5914,-5.0567,,,0.18686,0
22.2304,8,47,5,2,111.67,475.44,capture,170.73,349.08,139.49,0,178.982,8.380,179.816,-18.31,20.24,147.18,-18.22,-8.39,173.40,53.491,53.851,-23.6021,-4.3645,170.73,349.08,-23.5962,-4.7452,,,0.22470,0
22.3431,8,47,5,2,111.67,475.44,capture,159.49,332.22,151.00,0,178.970,8.376,179.782,-18.30,20.28,147.46,-17.66,-8.94,174.20,53.372,54.390,-22.5157,-4.9314,159.49,332.22,-23.1100,-4.8290,,,0.19107,0
22.4311,8,47,5,2,111.67,475.44,capture,187.30,341.78,153.58,0,178.833,8.244,179.807,-18.25,20.39,147.67,-17.12,-7.91,173.46,53.766,54.463,-23.6191,-4.0542,187.30,341.78,-23.3391,-4.4803,,,0.21078,0
22.5310,8,47,5,2,111.67,475.44,capture,168.20,323.74,161.90,0,178.815,8.341,179.778,-18.27,20.26,147.81,-18.21,-8.41,174.58,53.765,54.508,-22.5598,-4.7969,168.20,323.74,-22.9884,-4.6228,,,0.21264,0
22.6379,8,47,5,2,111.67,475.44,capture,177.35,350.63,141.04,0,178.768,8.302,179.782,-18.25,20.41,147.70,-18.34,-8.16,174.33,53.995,54.276,-23.5883,-4.5686,177.35,350.63,-23.2584,-4.5984,,,0.22014,0
22.7331,8,47,5,2,111.67,475.44,capture,186.27,359.65,137.75,0,178.773,8.333,179.779,-18.20,20.52,147.76,-17.99,-7.02,174.71,53.570,54.684,-23.4607,-4.5513,186.27,359.65,-23.3494,-4.5772,,,0.23954,0
22.8319,8,47,5,2,111.67,475.44,capture,148.22,375.43,106.48,0,178.647,8.274,179.777,-18.09,20.51,147.52,-17.62,-7.50,173.27,53.744,53.952,-24.1192,-5.9068,148.22,375.43,-23.6958,-5.1755,,,0.22087,0
22.9197,8,47,5,2,111.67,475.44,capture,170.77,356.55,132.77,0,178.572,8.324,179.782,-18.16,20.59,147.33,-17.63,-8.29,173.36,53.960,53.725,-23.2169,-5.2765,170.77,356.55,-23.4803,-5.2209,,,0.26954,0
23.0303,8,47,5,2,111.67,475.44,capture,152.04,344.18,137.33,0,178.567,8.306,179.801,-18.19,20.77,147.22,-17.77,-7.22,173.62,54.054,53.914,-23.7474,-6.1314,152.04,344.18,-23.6005,-5.6306,,,0.23494,0
23.1234,8,47,5,2,111.67,475.44,capture,144.84,330.84,148.36,0,178.618,8.433,179.794,-18.18,20.63,146.94,-17.26,-8.38,173.08,54.220,53.893,-22.4038,-5.5559,144.84,330.84,-23.0620,-5.5970,,,0.22689,0
23.2368,8,47,5,2,111.67,475.44,capture,183.85,370.85,127.08,0,178.702,8.403,179.786,-18.29,20.54,146.62,-17.95,-7.91,172.17,54.369,53.851,-23.9419,-4.3002,183.85,370.85,-23.4580,-5.0135,,,0.22181,0
23.3485,8,47,5,2,111.67,475.44,capture,178.94,358.06,135.30,0,178.678,8.489,179.785,-18.19,20.72,146.89,-18.30,-8.94,172.94,54.023,54.005,-24.0665,-5.1028,178.94,358.06,-23.7318,-5.0537,,,0.20799,0
23.4459,8,47,5,2,111.67,475.44,capture,149.08,375.80,106.44,0,178.660,8.433,179.816,-18.18,20.69,147.00,-18.60,-7.78,173.00,54.146,54.059,-24.7759,-5.7088,149.08,375.80,-24.2017,-5.3485,,,0.25649,0
23.5546,8,47,5,2,111.67,475.44,capture,180.37,376.06,120.82,0,178.659,8.398,179.845,-18.25,20.87,147.10,-17.82,-8.24,173.02,53.944,54.115,-24.6015,-3.9074,180.37,376.06,-24.3816,-4.7000,,,0.21357,0
23.6751,8,47,5,2,111.67,475.44,capture,173.01,345.96,143.28,0,178.737,8.291,179.855,-18.22,20.75,147.25,-17.41,-8.06,174.02,53.793,54.202,-23.4036,-5.2476,173.01,345.96,-23.9415,-4.9464,,,0.21561,0
23.7675,8,47,5,2,111.67,475.44,capture,181.17,330.90,160.39,0,178.623,8.384,179.803,-18.15,20.77,147.24,-17.91,-7.52,173.40,53.614,54.230,-22.9873,-4.6227,181.17,330.90,-23.5121,-4.8008,,,0.21085,0
23.8495,8,47,5,2,111.67,475.44,capture,169.43,340.14,147.12,0,178.689,8.391,179.795,-18.07,20.83,147.37,-18.07,-7.33,173.48,53.683,54.097,-23.4747,-5.1974,169.43,340.14,-23.4953,-4.9793,,,0.22601,0
23.9644,8,47,5,2,111.67,475.44,capture,179.30,331.97,158.62,0,178.703,8.446,179.791,-18.00,20.64,147.51,-18.01,-6.99,173.85,53.541,53.670,-22.4447,-4.4157,179.30,331.97,-23.0225,-4.7257,,,0.21793,0
24.1403,9,36,4,0,22.33,389.00,dwell,145.69,427.68,129.28,0,178.728,8.431,179.795,-18.04,20.56,147.74,-17.65,-7.84,174.38,53.424,53.595,-26.4889,-5.6709,145.69,427.68,-26.4889,-5.6709,,,0.21271,0
24.2427,9,36,4,0,22.33,389.00,dwell,181.72,205.71,242.90,0,178.810,8.483,179.796,-18.16,20.47,147.56,-17.59,-9.32,173.78,53.297,53.614,-18.3653,-4.7092,181.72,205.71,-22.8333,-5.2382,,,0.18744,0
24.3266,9,36,4,0,22.33,389.00,dwell,99.61,308.01,111.94,0,178.750,8.421,179.810,-18.07,20.39,147.57,-17.69,-7.44,173.72,52.998,53.724,-22.5708,-8.6409,99.61,308.01,-22.7152,-6.7694,,,0.17901,0
24.4297,9,36,4,0,22.33,389.00,dwell,65.98,298.54,100.44,0,178.762,8.350,179.815,-18.04,20.46,147.75,-17.68,-8.32,173.69,53.445,53.874,-21.3928,-9.7049,65.98,298.54,-22.1201,-8.0904,,,0.20861,0
24.5458,9,36,4,0,22.33,389.00,dwell,100.11,293.90,122.85,0,178.772,8.359,179.785,-18.02,20.50,147.85,-17.85,-8.22,173.77,53.659,53.806,-21.4050,-8.4266,100.11,293.90,-21.7983,-8.2417,,,0.18612,0
24.6475,9,36,4,0,22.33,389.00,dwell,83.86,258.15,144.59,0,178.921,8.413,179.779,-18.11,20.49,147.84,-17.47,-6.96,174.11,53.825,53.915,-19.9411,-9.5489,83.86,258.15,-20.9626,-8.8299,,,0.20793,0
24.7477,9,36,4,0,22.33,389.00,dwell,73.78,227.15,169.83,0,178.923,8.351,179.783,-18.15,20.62,147.70,-17.79,-8.22,174.04,53.485,53.859,-18.2173,-10.1536,73.78,227.15,-19.7272,-9.4256,,,0.19954,0
24.8496,9,36,4,0,22.33,389.00,dwell,84.89,246.77,155.38,0,178.882,8.115,179.799,-18.19,20.75,147.50,-17.29,-7.62,173.85,53.643,54.243,-19.1732,-8.8350,84.89,246.77,-19.4779,-9.1598,,,0.19224,0
24.9402,9,36,4,0,22.33,389.00,dwell,26.52,184.61,204.43,0,178.964,8.046,179.765,-18.18,21.01,147.33,-18.07,-6.74,173.32,54.132,54.142,-17.9268,-11.1836,26.52,184.61,-18.7799,-10.0705,,,0.20873,0
25.0370,9,36,4,0,22.33,389.00,dwell,22.45,231.24,157.76,0,178.944,8.014,179.769,-18.24,20.81,147.22,-18.00,-8.55,173.59,54.153,54.061,-19.1286,-11.5964,22.45,231.24,-18.9368,-10.7572,,,0.19719,0
25.1233,9,36,4,0,22.33,389.00,capture,57.69,226.85,165.96,0,178.904,8.163,179.756,-18.40,21.04,147.28,-17.85,-7.33,173.32,54.249,53.983,-18.4648,-9.5885,57.69,226.85,-18.7244,-10.2312,,,0.24345,0
25.2458,9,36,4,0,22.33,389.00,capture,39.61,220.42,169.46,0,178.968,8.171,179.767,-18.43,21.15,146.85,-18.43,-7.03,173.02,54.022,54.118,-17.7123,-10.8733,39.61,220.42,-18.2689,-10.5202,,,0.21328,0
25.3519,9,36,4,0,22.33,389.00,capture,49.19,245.45,146.04,0,179.014,8.171,179.760,-18.31,21.20,146.82,-17.39,-7.01,173.20,53.639,53.927,-19.7448,-10.9558,49.19,245.45,-18.9331,-10.7162,,,0.22369,0
25.4688,9,36,4,0,22.33,389.00,capture,38.51,232.89,156.95,0,179.012,8.116,179.742,-18.34,21.07,146.90,-17.72,-7.22,172.67,53.857,54.099,-18.7433,-11.5020,38.51,232.89,-18.8477,-11.0698,,,0.20833,0
25.5736,9,36,4,0,22.33,389.00,capture,22.41,211.80,177.20,0,178.895,8.149,179.780,-18.34,21.09,146.85,-18.10,-7.22,173.28,53.688,54.011,-18.4207,-12.2590,22.41,211.80,-18.6555,-11.6050,,,0.22630,0
25.6777,9,36,4,0,22.33,389.00,capture,48.95,223.35,167.77,0,178.874,8.043,179.789,-18.38,20.84,146.91,-16.97,-7.72,172.54,53.766,54.187,-19.4172,-10.1526,48.95,223.35,-18.9983,-10.9514,,,0.21451,0
25.7896,9,36,4,0,22.33,389.00,capture,35.71,224.20,165.34,0,178.943,7.907,179.830,-18.43,20.93,146.93,-17.69,-7.09,172.69,54.181,54.194,-18.9217,-11.4232,35.71,224.20,-18.9638,-11.1637,,,0.21902,0
25.8716,9,36,4,0,22.33,389.00,capture,29.38,219.54,169.61,0,178.956,8.015,179.839,-18.44,20.93,147.04,-17.70,-7.39,173.46,54.415,54.573,-17.7353,-11.3584,29.38,219.54,-18.4110,-11.2514,,,0.21452,0
25.9694,9,36,4,0,22.33,389.00,capture,16.81,207.76,181.32,0,178.792,8.158,179.830,-18.48,20.78,147.03,-18.00,-8.31,173.32,54.168,54.765,-17.8022,-12.4668,16.81,207.76,-18.1371,-11.7983,,,0.21034,0
26.0580,9,36,4,0,22.33,389.00,capture,49.88,223.65,167.63,0,178.806,8.055,179.876,-18.58,20.60,146.87,-18.48,-7.53,173.45,54.186,54.992,-18.3044,-10.4408,49.88,223.65,-18.2124,-11.1874,,,0.23250,0
26.1823,9,36,4,0,22.33,389.00,capture,44.81,180.37,209.84,0,178.853,8.107,179.890,-18.52,20.59,146.85,-17.77,-8.09,172.67,54.081,54.991,-16.2411,-10.3265,44.81,180.37,-17.3253,-10.8000,,,0.22736,0
26.2833,9,36,4,0,22.33,389.00,capture,29.83,184.93,204.21,0,178.867,8.195,179.879,-18.39,20.55,147.07,-18.18,-7.93,173.17,53.926,54.980,-16.5873,-11.9339,29.83,184.93,-16.9932,-11.3103,,,0.19965,0
26.3961,9,36,4,0,22.33,389.00,capture,21.93,212.62,176.38,0,178.829,8.245,179.867,-18.46,20.54,147.28,-17.68,-7.92,173.47,53.956,55.177,-17.4393,-11.7974,21.93,212.62,-17.1939,-11.5295,,,0.22991,0
26.5005,9,36,4,0,22.33,389.00,capture,43.34,218.47,171.82,0,178.965,8.260,179.882,-18.38,20.42,147.03,-18.29,-8.87,173.09,54.187,54.917,-18.2609,-10.0281,43.34,218.47,-17.6740,-10.8539,,,0.23677,0
26.6131,9,36,4,0,22.33,389.00,capture,27.87,218.70,170.39,0,179.031,8.154,179.847,-18.35,20.29,147.07,-18.25,-8.12,173.04,54.347,53.891,-17.9074,-11.1482,27.87,218.70,-17.7791,-10.9863,,,0.24236,0
26.7063,9,36,4,0,22.33,389.00,capture,49.88,228.99,162.36,0,178.901,8.186,179.837,-18.27,20.35,147.19,-17.82,-7.17,173.42,54.392,54.084,-18.6929,-10.0541,49.88,228.99,-18.1903,-10.5668,,,0.22632,0
26.7883,9,36,4,0,22.33,389.00,capture,20.72,185.19,203.82,0,178.962,8.137,179.822,-18.36,20.27,147.17,-17.96,-8.26,173.40,54.554,53.871,-17.1449,-11.3902,20.72,185.19,-17.7199,-10.9374,,,0.24416,0
26.8703,9,36,4,0,22.33,389.00,capture,46.63,192.13,198.36,0,179.070,8.002,179.824,-18.45,20.37,147.26,-18.88,-8.63,172.91,54.376,53.860,-17.0012,-10.1004,46.63,192.13,-17.3965,-10.5607,,,0.20865,0
26.9679,9,36,4,0,22.33,389.00,capture,48.79,201.53,189.33,0,179.138,7.849,179.832,-18.38,20.54,147.31,-18.01,-8.26,173.69,54.146,53.954,-18.3999,-10.4438,48.79,201.53,-17.8480,-10.5081,,,0.20619,0
27.0745,9,36,4,0,22.33,389.00,capture,5.46,200.54,189.21,0,179.176,7.762,179.827,-18.35,20.32,147.33,-17.52,-7.83,173.50,54.454,54.070,-17.7643,-12.8239,5.46,200.54,-17.8103,-11.5502,,,0.25229,0
27.2596,10,51,5,6,290.33,475.44,dwell,102.43,169.77,358.81,0,179.237,7.892,179.814,-18.33,20.47,147.25,-17.62,-8.16,173.44,54.242,54.018,-16.7953,-7.9326,102.43,169.77,-16.7953,-7.9326,,,0.23316,0
27.3558,10,51,5,6,290.33,475.44,dwell,115.53,407.45,187.56,0,179.229,7.927,179.838,-18.18,20.54,147.33,-17.24,-8.75,173.96,54.275,54.066,-26.0519,-7.7595,115.53,407.45,-20.9607,-7.8547,,,0.23594,0
27.4453,10,51,5,6,290.33,475.44,dwell,193.18,392.52,127.73,0,179.098,7.872,179.808,-18.21,20.73,147.19,-17.49,-8.63,173.45,53.911,54.137,-25.5223,-4.1815,193.18,392.52,-23.0135,-6.2017,,,0.18638,0
27.5366,10,51,5,6,290.33,475.44,dwell,224.42,537.42,90.47,0,179.117,7.989,179.819,-18.16,20.51,147.18,-17.70,-7.71,173.32,53.724,53.946,-31.1105,-1.6962,224.42,537.42,-26.6572,-4.1742,,,0.22053,0
27.6395,10,51,5,6,290.33,475.44,dwell,284.33,405.02,70.68,0,179.113,8.144,179.847,-18.24,20.71,147.23,-17.64,-7.11,172.82,53.640,53.729,-25.3371,0.4414,284.33,405.02,-26.0631,-2.0972,,,0.21430,0
27.7610,10,51,5,6,290.33,475.44,dwell,275.11,548.96,75.08,0,179.039,8.098,179.867,-18.29,20.71,147.04,-17.90,-6.48,173.85,53.757,53.918,-30.7316,-0.0894,275.11,548.96,-28.1639,-1.1937,,,0.22042,0
27.8823,10,51,5,6,290.33,475.44,dwell,297.54,502.47,27.97,1,179.014,8.220,179.868,-18.32,20.63,147.22,-17.47,-7.28,173.37,53.665,54.187,-29.9322,1.2151,297.54,502.47,-28.9596,-0.1097,,,0.19926,0
27.9885,10,51,5,6,290.33,475.44,dwell,340.04,590.04,124.91,0,179.020,8.228,179.870,-18.25,20.31,147.05,-17.10,-8.52,173.18,53.549,53.905,-32.4421,2.4605,340.04,590.04,-30.5268,1.0469,,,0.16809,0
28.0744,10,51,5,6,290.33,475.44,dwell,345.08,638.50,172.00,0,179.032,8.276,179.838,-18.19,20.52,147.00,-18.04,-8.17,173.15,53.726,53.677,-35.3176,3.2544,345.08,638.50,-32.6827,2.0403,,,0.21184,0
28.1835,10,51,5,6,290.33,475.44,dwell,336.36,631.08,162.30,0,179.015,8.237,179.871,-18.17,20.66,146.97,-17.51,-8.18,173.57,53.482,53.911,-34.2734,2.8474,336.36,631.08,-33.3985,2.4035,,,0.21454,0
28.2673,10,51,5,6,290.33,475.44,dwell,359.55,653.84,191.35,0,179.015,8.222,179.855,-18.17,20.81,147.11,-17.41,-7.65,173.46,53.660,54.466,-34.7897,3.7765,359.55,653.84,-34.0246,3.0213,,,0.22034,0
28.3754,10,51,5,6,290.33,475.44,capture,382.65,669.07,214.51,0,179.033,8.293,179.841,-18.10,20.80,147.32,-18.03,-8.07,173.76,53.300,54.410,-35.1303,5.1874,382.65,669.07,-34.5222,3.9961,,,0.18600,0
28.4588,10,51,5,6,290.33,475.44,capture,364.14,693.16,229.89,0,179.038,8.376,179.822,-18.08,21.01,147.37,-17.64,-7.61,173.11,53.933,54.196,-37.6209,3.3234,364.14,693.16,-35.9166,3.6934,,,0.20924,0
28.5507,10,51,5,6,290.33,475.44,capture,343.39,680.63,211.93,0,178.988,8.385,179.819,-18.14,21.03,147.77,-17.63,-7.59,173.97,54.044,53.809,-35.9589,2.8366,343.39,680.63,-35.9356,3.3078,,,0.22952,0
28.6380,10,51,5,6,290.33,475.44,capture,367.59,669.07,208.47,0,179.032,8.267,179.805,-18.24,21.02,147.70,-18.03,-7.37,173.54,53.571,54.046,-35.6853,3.8984,367.59,669.07,-35.8230,3.5736,,,0.20732,0
28.7322,10,51,5,6,290.33,475.44,capture,354.47,684.95,219.10,0,178.975,8.201,179.804,-18.29,21.08,147.75,-18.23,-7.86,174.44,53.644,54.277,-37.5031,2.9162,354.47,684.95,-36.5790,3.2777,,,0.23291,0
28.8165,10,51,5,6,290.33,475.44,capture,349.31,662.10,195.75,0,179.009,8.324,179.813,-18.34,20.95,147.71,-17.33,-8.57,173.90,53.316,54.409,-35.5703,3.5448,349.31,662.10,-36.1251,3.3979,,,0.20248,0
28.9241,10,51,5,6,290.33,475.44,capture,365.88,669.87,208.59,0,179.053,8.207,179.819,-18.42,20.87,147.85,-18.33,-7.56,174.07,53.713,54.584,-35.4159,3.7811,365.88,669.87,-35.8060,3.5704,,,0.20081,0
29.0164,10,51,5,6,290.33,475.44,capture,351.39,655.24,189.88,0,179.019,8.275,179.844,-18.38,20.83,147.62,-17.84,-6.76,173.93,53.696,54.553,-34.6261,3.9573,351.39,655.24,-35.2750,3.7445,,,0.21530,0
29.1216,10,51,5,6,290.33,475.44,capture,353.59,672.46,206.92,0,179.009,8.183,179.856,-18.44,20.93,147.76,-17.86,-7.82,174.10,53.430,54.498,-36.0810,2.7730,353.59,672.46,-35.6377,3.3073,,,0.19516,0
29.2179,10,51,5,6,290.33,475.44,capture,362.70,681.12,218.04,0,178.944,8.254,179.854,-18.58,20.96,147.83,-18.81,-6.51,174.36,53.680,54.341,-36.1190,3.5831,362.70,681.12,-35.8543,3.4314,,,0.20475,0
29.3157,10,51,5,6,290.33,475.44,capture,351.64,660.21,194.67,0,178.852,8.408,179.895,-18.53,20.91,147.91,-18.27,-7.25,173.98,53.450,54.379,-35.4398,3.6061,351.64,660.21,-35.6678,3.5100,,,0.20985,0
29.4249,10,51,5,6,290.33,475.44,capture,387.15,679.51,225.87,0,178.817,8.407,179.893,-18.42,20.97,147.70,-17.38,-6.73,174.10,53.418,54.399,-36.2338,4.9984,387.15,679.51,-35.9225,4.1798,,,0.23990,0
29.5310,10,51,5,6,290.33,475.44,capture,394.72,677.66,227.57,0,178.825,8.368,179.890,-18.37,20.87,147.78,-18.27,-7.15,173.91,53.483,54.226,-35.7422,5.8419,394.72,677.66,-35.8413,4.9277,,,0.22270,0
29.6206,10,51,5,6,290.33,475.44,capture,372.33,681.32,221.60,0,178.944,8.541,179.884,-18.27,20.98,147.82,-18.16,-7.66,173.87,53.422,53.920,-35.7087,4.4845,372.33,681.32,-35.7817,4.7283,,,0.20572,0
29.7167,10,51,5,6,290.33,475.44,capture,356.56,663.19,199.08,0,178.995,8.539,179.894,-18.25,20.88,147.73,-17.92,-8.13,173.83,53.142,54.123,-35.8561,3.7022,356.56,663.19,-35.8152,4.2665,,,0.20187,0
29.8080,10,51,5,6,290.33,475.44,capture,360.68,675.19,211.77,0,178.980,8.541,179.886,-18.23,20.73,147.86,-17.21,-7.77,174.08,52.973,53.886,-35.9937,3.6063,360.68,675.19,-35.8955,3.9694,,,0.19422,0
29.8902,10,51,5,6,290.33,475.44,capture,387.64,698.72,243.56,0,178.882,8.669,179.865,-18.29,20.69,147.72,-17.96,-8.22,174.31,53.063,54.232,-36.6813,4.2077,387.64,698.72,-36.2491,4.0767,,,0.18485,0
30.0057,10,51,5,6,290.33,475.44,capture,374.96,670.01,212.17,0,178.843,8.657,179.871,-18.41,20.52,147.63,-17.80,-7.37,173.89,53.378,54.261,-35.7318,4.7771,374.96,670.01,-36.0163,4.3919,,,0.18474,0
30.1100,10,51,5,6,290.33,475.44,capture,352.54,681.62,215.36,0,178.877,8.643,179.876,-18.58,20.67,147.83,-17.52,-7.63,174.31,53.373,54.587,-35.8607,3.8082,352.54,681.62,-35.9463,4.1292,,,0.18637,0
30.2173,10,51,5,6,290.33,475.44,capture,364.82,674.94,212.95,0,178.836,8.616,179.866,-18.71,20.83,148.02,-17.92,-7.26,174.27,53.380,54.302,-36.6220,3.8990,364.82,674.94,-36.2504,4.0256,,,0.21935,0
30.3163,10,51,5,6,290.33,475.44,capture,332.40,684.41,213.16,0,178.877,8.618,179.812,-18.72,20.81,147.90,-18.10,-6.52,174.43,53.651,53.961,-36.4019,2.6651,332.40,684.41,-36.3186,3.4134,,,0.22806,0
30.4969,11,24,2,6,290.33,216.11,dwell,311.86,478.03,262.80,0,178.818,8.411,179.818,-18.84,20.89,147.89,-18.28,-7.00,174.01,53.749,54.282,-28.4259,1.8404,311.86,478.03,-28.4259,1.8404,,,0.22470,0
30.5955,11,24,2,6,290.33,216.11,dwell,320.61,544.41,329.69,0,178.790,8.384,179.802,-18.74,20.86,147.87,-18.04,-8.15,174.23,53.713,54.208,-31.5259,2.1407,320.61,544.41,-29.8209,1.9755,,,0.20603,0
30.7041,11,24,2,6,290.33,216.11,dwell,400.34,579.87,380.03,0,178.772,8.443,179.818,-18.80,20.76,147.72,-18.41,-6.97,174.45,53.493,54.020,-31.6883,5.7018,400.34,579.87,-30.6612,3.6524,,,0.22485,0
30.7979,11,24,2,6,290.33,216.11,dwell,366.69,385.05,185.39,0,178.706,8.314,179.836,-18.84,20.73,147.60,-18.77,-7.64,174.23,53.760,54.032,-24.7919,4.3144,366.69,385.05,-28.0200,3.9503,,,0.21724,0
30.8924,11,24,2,6,290.33,216.11,dwell,320.61,459.87,245.63,0,178.816,8.279,179.853,-18.85,20.59,147.71,-18.36,-7.37,173.76,53.804,54.181,-28.0188,2.6849,320.61,459.87,-28.0195,3.3809,,,0.23373,0
30.9801,11,24,2,6,290.33,216.11,dwell,384.05,283.42,115.38,0,178.901,8.442,179.836,-18.69,20.72,147.66,-18.07,-7.96,174.08,53.797,54.308,-20.8488,4.6663,384.05,283.42,-24.7927,3.9593,,,0.17937,0
31.0835,11,24,2,6,290.33,216.11,dwell,294.92,241.48,25.78,1,178.968,8.330,179.825,-18.56,20.66,147.56,-18.01,-7.73,173.73,54.133,54.332,-18.7353,0.3784,294.92,241.48,-22.0669,2.3479,,,0.20387,0
31.1859,11,24,2,6,290.33,216.11,dwell,340.19,334.36,128.33,0,178.898,8.322,179.772,-18.54,20.72,147.53,-18.47,-7.30,174.59,53.691,54.612,-22.6900,2.4064,340.19,334.36,-22.3473,2.3742,,,0.20526,0
31.2910,11,24,2,6,290.33,216.11,dwell,347.79,259.40,71.94,0,178.988,8.357,179.812,-18.62,20.52,147.51,-18.01,-7.83,173.80,53.664,54.357,-20.1694,3.0138,347.79,259.40,-21.3672,2.6620,,,0.19888,0
31.3955,11,24,2,6,290.33,216.11,dwell,346.66,196.97,59.49,0,178.878,8.401,179.783,-18.52,20.52,147.50,-18.35,-8.06,173.98,53.438,53.689,-16.7851,3.0293,346.66,196.97,-19.3053,2.8273,,,0.19316,0
31.4986,11,24,2,6,290.33,216.11,dwell,346.72,193.01,60.94,0,178.926,8.317,179.789,-18.52,20.54,147.45,-18.40,-7.99,173.58,53.237,53.047,-16.8924,3.1790,346.72,193.01,-18.2195,2.9856,,,0.19449,0
31.6197,11,24,2,6,290.33,216.11,capture,326.39,142.32,82.13,0,178.782,8.273,179.800,-18.46,20.61,147.66,-17.61,-8.09,173.91,53.335,53.085,-15.1695,2.8653,326.39,142.32,-16.8470,2.9314,,,0.19135,0
31.7200,11,24,2,6,290.33,216.11,capture,334.08,157.51,73.13,0,178.720,8.358,179.837,-18.56,20.81,147.69,-18.83,-8.21,174.22,53.589,53.695,-15.9389,3.3412,334.08,157.51,-16.4383,3.1158,,,0.18342,0
31.8200,11,24,2,6,290.33,216.11,capture,340.00,167.95,69.18,0,178.753,8.373,179.842,-18.55,20.69,147.78,-17.69,-7.64,174.03,53.688,53.645,-16.1771,2.8833,340.00,167.95,-16.3208,3.0112,,,0.20284,0
31.9306,11,24,2,6,290.33,216.11,capture,325.44,149.20,75.56,0,178.751,8.413,179.842,-18.71,20.79,147.86,-18.13,-7.72,174.42,53.483,53.590,-15.8448,2.1038,325.44,149.20,-16.1066,2.6029,,,0.22133,0
32.0272,11,24,2,6,290.33,216.11,capture,359.94,162.42,87.91,0,178.842,8.426,179.813,-18.81,20.70,148.02,-18.13,-7.28,174.55,53.882,53.917,-15.6403,3.8175,359.94,162.42,-15.8968,3.1494,,,0.24606,0
32.1332,11,24,2,6,290.33,216.11,capture,337.35,154.95,77.14,0,178.761,8.302,179.819,-18.85,20.67,147.97,-18.75,-7.78,174.47,53.804,53.741,-16.1824,2.7844,337.35,154.95,-16.0253,2.9852,,,0.19628,0
32.2358,11,24,2,6,290.33,216.11,capture,343.77,154.13,81.84,0,178.758,8.172,179.797,-18.77,20.84,147.81,-18.25,-7.77,174.35,53.799,53.775,-15.8723,2.9375,343.77,154.13,-15.9564,2.9637,,,0.21951,0
32.3178,11,24,2,6,290.33,216.11,capture,334.17,152.62,77.15,0,178.664,8.221,179.802,-18.72,20.96,147.60,-18.27,-8.83,173.96,53.975,54.144,-15.0150,2.5718,334.17,152.62,-15.5328,2.7874,,,0.21403,0
32.4089,11,24,2,6,290.33,216.11,capture,318.15,150.62,71.15,0,178.704,8.070,179.782,-18.61,20.95,147.09,-17.71,-7.79,173.76,53.681,53.983,-15.3557,1.8748,318.15,150.62,-15.4531,2.3767,,,0.21665,0
32.4992,11,24,2,6,290.33,216.11,capture,337.25,160.30,72.91,0,178.691,7.965,179.796,-18.72,20.90,147.09,-18.22,-7.09,173.44,53.651,53.788,-16.7205,3.0627,337.25,160.30,-16.0234,2.6854,,,0.20971,0
32.5913,11,24,2,6,290.33,216.11,capture,340.48,160.19,75.11,0,178.785,8.077,179.779,-18.59,20.97,147.20,-18.50,-7.51,173.23,53.705,53.680,-16.8683,2.6480,340.48,160.19,-16.4036,2.6686,,,0.20916,0
32.6941,11,24,2,6,290.33,216.11,capture,333.50,146.15,82.21,0,178.888,7.949,179.764,-18.71,21.01,147.44,-18.18,-8.33,173.50,53.868,54.260,-15.4776,2.6468,333.50,146.15,-15.9869,2.6588,,,0.21479,0
32.7978,11,24,2,6,290.33,216.11,capture,348.41,161.05,80.03,0,178.915,7.876,179.793,-18.78,20.95,147.49,-18.49,-7.60,173.86,53.862,54.199,-15.3539,2.9360,348.41,161.05,-15.7021,2.7835,,,0.19234,0
32.9109,11,24,2,6,290.33,216.11,capture,348.78,153.70,85.51,0,178.978,7.843,179.812,-18.69,20.77,147.33,-18.39,-7.56,173.55,53.912,53.893,-15.9587,3.3565,348.78,153.70,-15.8176,3.0414,,,0.23242,0
33.0126,11,24,2,6,290.33,216.11,capture,349.99,161.84,80.65,0,178.903,7.816,179.813,-18.78,20.77,147.41,-18.34,-7.90,173.69,53.558,54.167,-16.2583,3.5308,349.99,161.84,-16.0159,3.2616,,,0.18896,0
33.1218,11,24,2,6,290.33,216.11,capture,353.76,156.11,87.31,0,178.894,7.836,179.811,-18.83,20.95,147.49,-18.16,-7.60,174.05,53.233,54.258,-15.8658,3.7744,353.76,156.11,-15.9484,3.4924,,,0.22258,0
33.2157,11,24,2,6,290.33,216.11,capture,326.07,136.16,87.57,0,178.938,7.906,179.810,-18.74,21.10,147.31,-18.12,-7.41,173.19,53.593,54.447,-14.6456,2.0675,326.07,136.16,-15.3621,2.8512,,,0.22596,0
33.3195,11,24,2,6,290.33,216.11,capture,311.23,149.61,69.71,0,178.952,7.801,179.827,-18.70,21.08,147.55,-18.11,-7.64,173.58,54.156,54.057,-15.5930,1.6684,311.23,149.61,-15.4660,2.3189,,,0.24276,0
33.4171,11,24,2,6,290.33,216.11,capture,343.78,171.24,69.79,0,178.935,7.755,179.821,-18.71,20.98,147.53,-17.85,-7.81,174.09,53.891,54.113,-16.2647,3.0067,343.78,171.24,-15.8254,2.6284,,,0.22671,0
33.5186,11,24,2,6,290.33,216.11,capture,364.26,166.80,88.86,0,178.880,7.745,179.826,-18.65,20.98,147.81,-17.84,-7.55,174.47,53.573,53.990,-16.2367,4.0641,364.26,166.80,-16.0105,3.2745,,,0.19737,0
33.6120,11,24,2,6,290.33,216.11,capture,352.07,144.32,94.69,0,178.900,7.716,179.798,-18.47,20.93,147.58,-18.38,-7.12,173.60,53.780,54.067,-15.9043,3.0716,352.07,144.32,-15.9627,3.1832,,,0.22752,0
33.7709,12,8,0,8,379.67,43.22,dwell,306.09,101.33,93.76,0,178.990,7.633,179.810,-18.50,20.90,147.53,-18.56,-6.54,173.39,53.750,54.077,-13.4053,0.6540,306.09,101.33,-13.4053,0.6540,,,0.22440,0
33.8963,12,8,0,8,379.67,43.22,dwell,281.90,45.66,97.80,0,178.900,7.846,179.787,-18.41,20.90,147.66,-18.19,-7.80,173.88,53.781,54.250,-11.7402,0.2436,281.90,45.66,-12.6560,0.4693,,,0.21786,0
33.9988,12,8,0,8,379.67,43.22,dwell,389.62,22.48,23.01,1,179.009,7.761,179.782,-18.48,20.78,147.47,-18.23,-8.75,173.55,53.962,54.454,-11.0942,4.6598,389.62,22.48,-11.9532,2.3550,,,0.22396,0
34.1057,12,8,0,8,379.67,43.22,dwell,399.04,78.67,40.40,1,178.893,7.740,179.822,-18.41,20.66,147.55,-17.74,-7.82,173.25,53.310,54.311,-13.2130,5.7980,399.04,78.67,-12.5201,3.9044,,,0.22240,0
34.2087,12,8,0,8,379.67,43.22,dwell,364.04,102.80,61.59,0,178.787,7.776,179.819,-18.26,20.60,147.80,-18.14,-8.89,173.79,53.191,54.134,-13.7839,4.1349,364.04,102.80,-13.0888,4.0081,,,0.20643,0
34.3041,12,8,0,8,379.67,43.22,dwell,430.41,32.56,51.85,0,178.839,7.859,179.825,-18.32,20.58,147.77,-18.65,-8.39,173.79,53.566,53.914,-10.1291,7.2192,430.41,32.56,-11.7570,5.4531,,,0.21216,0
34.4119,12,8,0,8,379.67,43.22,dwell,432.87,58.67,55.40,0,178.794,7.927,179.832,-18.32,20.62,147.63,-18.07,-7.69,173.69,53.484,53.874,-12.1608,7.8853,432.87,58.67,-11.9387,6.5476,,,0.21865,0
34.5003,12,8,0,8,379.67,43.22,dwell,385.02,78.60,35.78,1,178.744,7.837,179.839,-18.25,20.51,147.38,-17.95,-8.24,173.90,53.752,54.381,-12.5735,5.1529,385.02,78.60,-12.2244,5.9200,,,0.21640,0
34.5948,12,8,0,8,379.67,43.22,dwell,395.84,31.30,20.09,1,178.735,7.952,179.838,-18.17,20.40,147.58,-17.81,-8.50,173.79,54.033,54.693,-11.6721,5.6249,395.84,31.30,-11.9759,5.7872,,,0.21200,0
34.6935,12,8,0,8,379.67,43.22,capture,411.90,38.53,32.57,0,178.764,7.929,179.827,-18.10,20.44,147.72,-17.87,-7.86,174.40,54.399,54.370,-11.3432,6.4218,411.90,38.53,-11.6912,6.0728,,,0.22646,0
34.7977,12,8,0,8,379.67,43.22,capture,403.87,32.09,26.64,0,178.664,7.974,179.826,-18.12,20.42,147.58,-17.67,-7.80,173.70,54.159,53.986,-11.2141,5.8821,403.87,32.09,-11.4765,5.9869,,,0.22387,0
34.8868,12,8,0,8,379.67,43.22,capture,418.55,50.97,39.65,0,178.716,7.935,179.835,-18.09,20.24,147.76,-18.22,-7.30,174.00,54.186,54.085,-11.7886,5.9234,418.55,50.97,-11.6170,5.9583,,,0.20708,0
34.9813,12,8,0,8,379.67,43.22,capture,439.16,52.31,60.18,0,178.753,7.870,179.866,-18.04,20.41,147.84,-17.73,-7.09,173.87,53.767,54.093,-11.7030,7.4210,439.16,52.31,-11.6557,6.6165,,,0.20435,0
35.0793,12,8,0,8,379.67,43.22,capture,445.79,31.02,67.24,0,178.768,7.761,179.860,-17.88,20.26,147.82,-17.51,-7.28,174.25,53.684,54.217,-10.9154,8.5401,445.79,31.02,-11.3225,7.4821,,,0.20610,0
35.1722,12,8,0,8,379.67,43.22,capture,429.99,35.54,50.91,0,178.757,7.710,179.879,-17.94,20.12,147.86,-17.54,-8.44,174.42,53.669,54.034,-10.9511,6.7389,429.99,35.54,-11.1554,7.1477,,,0.20375,0
35.2736,12,8,0,8,379.67,43.22,capture,408.52,50.01,29.64,0,178.826,7.583,179.886,-17.92,20.15,147.83,-17.64,-8.08,174.12,53.776,54.014,-11.8466,5.7356,408.52,50.01,-11.4664,6.5122,,,0.22541,0
35.3638,12,8,0,8,379.67,43.22,capture,400.39,-1.19,49.01,0,179.002,7.402,179.890,-18.06,20.28,147.96,-17.99,-8.16,174.81,53.970,54.199,-9.5471,6.7824,400.39,-1.19,-10.6027,6.6338,,,0.23026,0
35.4725,12,8,0,8,379.67,43.22,capture,415.79,0.11,56.25,0,178.972,7.551,179.870,-18.06,20.18,148.07,-17.61,-8.44,175.08,53.660,54.513,-10.1605,6.1396,415.79,0.11,-10.4037,6.4114,,,0.22005,0
35.5690,12,8,0,8,379.67,43.22,capture,410.02,43.30,30.35,0,178.934,7.591,179.835,-18.01,20.24,148.01,-17.42,-8.16,174.28,53.523,54.474,-11.8418,6.7685,410.02,43.30,-11.0508,6.5721,,,0.21808,0
35.6787,12,8,0,8,379.67,43.22,capture,422.59,26.41,46.10,0,178.974,7.666,179.840,-18.08,20.19,148.19,-18.31,-9.03,174.72,53.580,54.295,-11.4636,6.7628,422.59,26.41,-11.2366,6.6579,,,0.19062,0
35.7607,12,8,0,8,379.67,43.22,capture,440.35,12.12,68.19,0,178.916,7.677,179.850,-18.13,20.16,148.19,-17.46,-8.10,174.54,53.833,54.314,-10.4372,8.0868,440.35,12.12,-10.8769,7.3009,,,0.19368,0
35.8714,12,8,0,8,379.67,43.22,capture,420.55,-0.07,59.55,0,178.786,7.585,179.879,-18.20,20.14,147.84,-17.65,-8.00,174.39,53.967,54.250,-9.7116,6.2485,420.55,-0.07,-10.3525,6.8273,,,0.23715,0
35.9742,12,8,0,8,379.67,43.22,capture,415.95,30.36,38.50,0,178.814,7.630,179.865,-18.22,20.16,147.87,-17.87,-8.40,174.42,53.866,53.834,-10.1891,6.5367,415.95,30.36,-10.2790,6.6966,,,0.21194,0
36.0825,12,8,0,8,379.67,43.22,capture,430.98,18.59,56.92,0,178.924,7.465,179.863,-18.25,20.27,147.80,-18.28,-8.01,174.05,53.599,53.374,-9.7457,6.7621,430.98,18.59,-10.0390,6.7261,,,0.20082,0
36.1683,12,8,0,8,379.67,43.22,capture,436.72,14.82,63.73,0,178.875,7.491,179.882,-18.38,20.50,147.63,-17.94,-8.41,173.54,53.657,53.606,-9.7601,7.0078,436.72,14.82,-9.9135,6.8528,,,0.19448,0
36.2678,12,8,0,8,379.67,43.22,capture,401.60,27.91,26.75,1,178.841,7.397,179.848,-18.47,20.52,147.78,-18.00,-8.16,174.63,53.665,53.712,-11.9139,6.0838,401.60,27.91,-10.8137,6.5068,,,0.19001,0
36.3576,12,8,0,8,379.67,43.22,capture,405.51,15.50,37.90,0,178.757,7.257,179.836,-18.63,20.68,147.89,-18.44,-8.93,174.48,53.838,53.961,-11.3777,6.1041,405.51,15.50,-11.0675,6.3256,,,0.23490,0
36.4540,12,8,0,8,379.67,43.22,capture,421.20,38.46,41.81,0,178.740,7.302,179.849,-18.44,20.63,147.67,-17.10,-8.90,174.21,53.609,54.128,-11.1950,7.1614,421.20,38.46,-11.1249,6.7017,,,0.23874,0
36.6504,13,66,7,3,156.33,648.33,dwell,260.74,97.19,560.95,0,178.758,7.474,179.853,-18.40,20.62,147.67,-17.70,-7.82,173.63,53.802,54.067,-13.4576,-0.7731,260.74,97.19,-13.4576,-0.7731,,,0.21500,0
36.7525,13,66,7,3,156.33,648.33,dwell,163.23,189.24,459.15,0,178.796,7.782,179.835,-18.44,20.71,147.59,-17.69,-8.08,174.24,53.911,53.849,-16.2557,-5.2361,163.23,189.24,-14.7167,-2.7814,,,0.21992,0
36.8559,13,66,7,3,156.33,648.33,dwell,260.04,362.69,303.89,0,178.701,7.954,179.836,-18.36,20.73,147.30,-18.01,-8.12,173.82,53.813,53.788,-23.5403,-0.5453,260.04,362.69,-18.6873,-1.7752,,,0.23256,0
36.9620,13,66,7,3,156.33,648.33,dwell,225.98,389.37,268.17,0,178.772,7.929,179.854,-18.45,20.66,147.33,-17.86,-7.51,173.68,53.560,53.921,-26.2312,-1.5014,225.98,389.37,-22.0821,-1.6520,,,0.21317,0
37.0637,13,66,7,3,156.33,648.33,dwell,158.58,368.25,280.09,0,178.841,8.084,179.852,-18.43,20.57,147.34,-17.64,-7.13,173.72,53.405,54.074,-24.2114,-5.0443,158.58,368.25,-23.0403,-3.1785,,,0.21132,0
37.1568,13,66,7,3,156.33,648.33,dwell,60.54,394.20,271.59,0,178.874,8.153,179.818,-18.55,20.77,147.52,-17.99,-7.72,173.82,53.248,54.210,-24.8987,-10.0508,60.54,394.20,-23.8766,-6.2710,,,0.20258,0
37.2587,13,66,7,3,156.33,648.33,dwell,30.10,435.61,247.36,0,178.899,8.194,179.841,-18.55,20.92,147.20,-18.10,-7.96,173.63,53.415,54.483,-25.9908,-11.8622,30.10,435.61,-24.8280,-8.7871,,,0.20467,0
37.3626,13,66,7,3,156.33,648.33,dwell,37.04,544.07,158.44,0,178.838,8.236,179.825,-18.46,20.85,147.32,-17.71,-7.11,174.07,53.794,54.267,-30.7388,-11.2381,37.04,544.07,-27.4879,-9.8900,,,0.20165,0
37.4573,13,66,7,3,156.33,648.33,capture,-35.37,610.28,195.44,0,178.802,8.474,179.841,-18.41,20.78,147.50,-18.08,-7.52,174.22,53.975,53.838,-35.4700,-14.4393,-35.37,610.28,-31.0798,-11.9372,,,0.24053,0
37.5393,13,66,7,3,156.33,648.33,capture,-16.43,602.39,178.77,0,178.908,8.319,179.840,-18.56,20.75,147.28,-17.97,-9.08,173.56,54.038,53.513,-33.9818,-13.3994,-16.43,602.39,-32.3857,-12.5952,,,0.22464,0
37.6517,13,66,7,3,156.33,648.33,capture,-9.57,620.82,168.17,0,178.997,8.302,179.850,-18.52,20.72,147.31,-17.69,-7.46,173.87,53.520,53.872,-33.4267,-12.8012,-9.57,620.82,-32.8541,-12.6879,,,0.20520,0
37.7590,13,66,7,3,156.33,648.33,capture,-19.00,597.45,182.57,0,178.912,8.327,179.851,-18.48,20.58,147.31,-17.74,-8.38,173.47,53.891,53.888,-33.0916,-13.7990,-19.00,597.45,-32.9610,-13.1879,,,0.22660,0
37.8619,13,66,7,3,156.33,648.33,capture,-9.80,603.26,172.14,0,178.880,8.507,179.858,-18.40,20.61,147.33,-17.60,-8.05,173.88,53.694,53.603,-32.8824,-13.2059,-9.80,603.26,-32.9256,-13.1960,,,0.21113,0
37.9490,13,66,7,3,156.33,648.33,capture,-17.96,595.34,182.17,0,178.869,8.531,179.843,-18.36,20.57,147.18,-17.76,-8.02,173.74,53.906,53.469,-33.1052,-14.0886,-17.96,595.34,-33.0065,-13.5977,,,0.23694,0
38.0591,13,66,7,3,156.33,648.33,capture,-10.98,595.64,175.41,0,179.036,8.496,179.815,-18.35,20.62,147.15,-17.51,-8.00,173.71,53.735,54.077,-33.4785,-12.5967,-10.98,595.64,-33.2189,-13.1472,,,0.21755,0
38.1539,13,66,7,3,156.33,648.33,capture,-37.22,598.73,199.81,0,179.046,8.444,179.859,-18.24,20.36,147.35,-17.76,-7.50,173.35,53.453,54.315,-33.3634,-14.5566,-37.22,598.73,-33.2839,-13.7814,,,0.21757,0
38.2524,13,66,7,3,156.33,648.33,capture,-9.90,572.18,182.85,0,179.028,8.528,179.894,-18.24,20.41,147.33,-17.82,-8.38,173.60,53.748,54.470,-32.8851,-13.2536,-9.90,572.18,-33.1044,-13.5439,,,0.20723,0
38.3582,13,66,7,3,156.33,648.33,capture,2.35,573.05,171.40,0,179.082,8.533,179.864,-18.26,20.58,147.54,-17.41,-7.80,173.89,53.659,54.778,-31.6141,-12.2420,2.35,573.05,-32.4338,-12.9581,,,0.23062,0
38.4500,13,66,7,3,156.33,648.33,capture,-5.95,583.42,174.78,0,179.111,8.604,179.850,-18.22,20.56,147.92,-18.04,-8.66,174.62,53.831,54.468,-32.0917,-12.8578,-5.95,583.42,-32.2799,-12.9129,,,0.21793,0
38.5495,13,66,7,3,156.33,648.33,capture,-24.25,599.22,187.14,0,179.109,8.557,179.846,-18.36,20.43,147.73,-17.95,-8.89,174.28,53.537,54.348,-33.7719,-14.1295,-24.25,599.22,-32.9513,-13.4604,,,0.20487,0
38.6456,13,66,7,3,156.33,648.33,capture,-26.60,589.56,192.14,0,179.181,8.593,179.850,-18.31,20.37,147.78,-17.49,-7.88,173.99,53.579,54.349,-32.2970,-14.6832,-26.60,589.56,-32.6568,-14.0107,,,0.21667,0
38.7473,13,66,7,3,156.33,648.33,capture,-35.95,615.28,195.10,0,179.089,8.721,179.859,-18.29,20.42,147.89,-17.19,-8.27,174.33,53.935,54.145,-34.2580,-14.3716,-35.95,615.28,-33.3774,-14.1731,,,0.21645,0
38.8492,13,66,7,3,156.33,648.33,capture,-17.32,614.36,176.95,0,179.082,8.740,179.863,-18.25,20.35,147.88,-17.39,-9.03,173.85,54.342,54.337,-34.1613,-13.0986,-17.32,614.36,-33.7301,-13.6896,,,0.23352,0
38.9439,13,66,7,3,156.33,648.33,capture,-24.32,596.86,187.84,0,178.975,8.618,179.855,-18.27,20.58,147.89,-17.69,-7.49,174.65,54.295,54.385,-33.2487,-13.4240,-24.32,596.86,-33.5135,-13.5701,,,0.24233,0
39.0539,13,66,7,3,156.33,648.33,capture,-18.04,596.53,181.91,0,178.981,8.801,179.835,-18.22,20.46,147.97,-17.46,-7.80,174.36,54.055,54.389,-32.9641,-13.7706,-18.04,596.53,-33.2663,-13.6603,,,0.19932,0
39.1552,13,66,7,3,156.33,648.33,capture,-29.43,607.38,190.22,0,178.916,8.861,179.836,-18.29,20.62,147.73,-17.58,-8.35,174.26,54.207,54.444,-33.2561,-13.9767,-29.43,607.38,-33.2617,-13.8027,,,0.21167,0
39.2485,13,66,7,3,156.33,648.33,capture,-6.97,625.16,164.94,0,178.967,8.790,179.812,-18.36,20.76,147.56,-17.84,-7.92,173.58,53.987,54.399,-33.8291,-13.0062,-6.97,625.16,-33.5170,-13.4443,,,0.24000,0
39.3384,13,66,7,3,156.33,648.33,capture,-6.30,622.90,164.61,0,178.958,8.682,179.811,-18.28,20.76,147.49,-17.57,-7.49,173.97,54.095,54.433,-32.7348,-12.8679,-6.30,622.90,-33.1650,-13.1849,,,0.21475,0
39.4963,14,19,2,1,67.00,216.11,dwell,-42.00,699.84,495.86,0,178.906,8.562,179.833,-18.11,20.81,147.56,-17.69,-8.54,173.89,53.857,54.391,-37.2761,-14.9999,-42.00,699.84,-37.2761,-14.9999,,,0.21895,0
39.6056,14,19,2,1,67.00,216.11,dwell,59.37,572.02,355.99,0,179.082,8.442,179.802,-18.09,20.82,147.52,-17.58,-8.09,173.57,54.048,54.499,-31.7795,-10.4470,59.37,572.02,-34.8026,-12.9511,,,0.21327,0
39.7123,14,19,2,1,67.00,216.11,dwell,15.42,613.50,400.72,0,178.964,8.406,179.789,-18.20,20.76,147.51,-17.45,-7.32,173.65,54.141,54.168,-34.1838,-12.2153,15.42,613.50,-34.5242,-12.6200,,,0.23572,0
39.8115,14,19,2,1,67.00,216.11,dwell,59.27,512.52,296.51,0,179.035,8.242,179.812,-18.17,20.63,147.60,-17.43,-8.10,173.96,53.935,54.061,-29.5649,-9.6205,59.27,512.52,-32.2925,-11.2702,,,0.23972,0
39.9225,14,19,2,1,67.00,216.11,dwell,64.33,487.64,271.54,0,179.025,8.235,179.799,-18.10,20.59,147.71,-17.45,-8.98,174.41,53.573,54.214,-29.2949,-9.4157,64.33,487.64,-30.9436,-10.4357,,,0.21944,0
40.0369,14,19,2,1,67.00,216.11,dwell,26.85,573.26,359.40,0,178.961,8.230,179.798,-18.03,20.67,147.45,-17.65,-7.70,173.86,53.604,54.517,-31.4581,-11.7325,26.85,573.26,-31.1751,-11.0193,,,0.24125,0
40.1489,14,19,2,1,67.00,216.11,dwell,38.05,416.37,202.34,0,179.010,8.107,179.800,-18.07,20.63,147.35,-17.61,-7.70,173.46,53.553,54.414,-26.2778,-11.4634,38.05,416.37,-28.9713,-11.2191,,,0.22710,0
40.2403,14,19,2,1,67.00,216.11,dwell,104.33,447.62,234.50,0,178.938,8.075,179.829,-18.18,20.77,147.46,-17.39,-7.22,173.52,53.706,54.291,-28.2491,-8.5696,104.33,447.62,-28.6463,-10.0269,,,0.20372,0
40.3305,14,19,2,1,67.00,216.11,dwell,58.77,442.05,226.09,0,178.901,8.049,179.831,-18.08,20.88,147.70,-17.76,-7.74,174.12,53.611,54.449,-26.7571,-10.1021,58.77,442.05,-27.7962,-10.0607,,,0.19040,0
40.4286,14,19,2,1,67.00,216.11,dwell,60.36,380.38,164.40,0,178.775,7.973,179.824,-18.08,20.77,147.67,-17.47,-8.21,173.99,53.505,54.365,-24.0032,-10.0218,60.36,380.38,-26.0894,-10.0432,,,0.19891,0
40.5106,14,19,2,1,67.00,216.11,dwell,22.32,417.33,206.12,0,178.811,7.944,179.842,-18.10,20.78,147.79,-17.57,-7.99,174.33,53.404,54.334,-26.0622,-11.7401,22.32,417.33,-26.0771,-10.8068,,,0.21529,0
40.6202,14,19,2,1,67.00,216.11,capture,97.08,347.56,134.85,0,178.632,7.707,179.870,-18.15,20.72,147.56,-17.39,-7.36,174.43,53.020,54.298,-23.2422,-8.1981,97.08,347.56,-24.8014,-9.6329,,,0.18914,0
40.7337,14,19,2,1,67.00,216.11,capture,93.20,354.70,141.04,0,178.674,7.526,179.867,-18.09,20.82,147.72,-17.83,-8.38,174.28,52.945,53.704,-23.3207,-8.5348,93.20,354.70,-24.1351,-9.1388,,,0.18452,0
40.8280,14,19,2,1,67.00,216.11,capture,69.87,343.38,127.30,0,178.791,7.468,179.847,-18.20,20.94,147.57,-17.75,-7.00,173.33,52.948,53.824,-22.8461,-9.4188,69.87,343.38,-23.5550,-9.2648,,,0.20075,0
40.9276,14,19,2,1,67.00,216.11,capture,71.65,393.40,177.35,0,178.905,7.485,179.846,-18.18,20.92,147.71,-17.88,-8.15,174.31,52.931,53.932,-24.3072,-8.9073,71.65,393.40,-23.8935,-9.1039,,,0.18189,0
41.0408,14,19,2,1,67.00,216.11,capture,94.00,337.04,123.91,0,178.910,7.566,179.851,-18.18,21.02,147.53,-17.86,-6.82,173.71,52.585,54.091,-23.0382,-8.5989,94.00,337.04,-23.5086,-8.8767,,,0.19720,0
41.1265,14,19,2,1,67.00,216.11,capture,82.30,352.41,137.15,0,178.892,7.616,179.828,-18.23,20.92,147.57,-17.49,-7.54,174.05,52.728,54.652,-23.3687,-8.6469,82.30,352.41,-23.4457,-8.7733,,,0.18301,0
41.2326,14,19,2,1,67.00,216.11,capture,78.84,374.99,159.32,0,178.955,7.567,179.844,-18.37,21.04,147.50,-18.17,-7.29,173.88,52.720,54.783,-24.9257,-9.7527,78.84,374.99,-24.1117,-9.2140,,,0.18666,0
41.3435,14,19,2,1,67.00,216.11,capture,66.09,373.18,157.07,0,178.972,7.618,179.839,-18.55,21.14,147.64,-17.27,-7.10,174.14,52.835,54.553,-25.1718,-9.6181,66.09,373.18,-24.5887,-9.3959,,,0.18839,0
41.4407,14,19,2,1,67.00,216.11,capture,91.42,367.29,153.14,0,178.924,7.483,179.845,-18.38,20.93,147.83,-18.00,-7.91,174.35,53.119,54.619,-24.1406,-8.7422,91.42,367.29,-24.3871,-9.1017,,,0.21520,0
41.5227,14,19,2,1,67.00,216.11,capture,94.18,388.65,174.67,0,178.924,7.491,179.829,-18.29,21.00,147.84,-17.57,-7.31,173.51,53.251,54.705,-24.8937,-8.3760,94.18,388.65,-24.6150,-8.7751,,,0.19105,0
41.6165,14,19,2,1,67.00,216.11,capture,94.90,372.29,158.65,0,178.931,7.453,179.802,-18.22,20.94,147.56,-17.76,-7.88,173.99,53.668,54.527,-24.7288,-8.7124,94.90,372.29,-24.6662,-8.7469,,,0.21208,0
41.7368,14,19,2,1,67.00,216.11,capture,84.22,372.79,157.62,0,178.943,7.526,179.773,-18.31,21.02,147.55,-17.68,-7.62,174.01,53.958,54.236,-24.5855,-9.3944,84.22,372.79,-24.6299,-9.0383,,,0.21797,0
41.8260,14,19,2,1,67.00,216.11,capture,82.47,343.49,128.31,0,178.947,7.588,179.764,-18.22,20.99,147.58,-17.19,-7.32,174.33,54.115,54.131,-23.8626,-8.6978,82.47,343.49,-24.2846,-8.8851,,,0.24275,0
41.9434,14,19,2,1,67.00,216.11,capture,83.66,346.36,131.31,0,179.031,7.660,179.755,-18.21,21.16,147.38,-17.56,-7.29,173.57,54.144,54.343,-23.2314,-8.5188,83.66,346.36,-23.8107,-8.7203,,,0.23050,0
42.0588,14,19,2,1,67.00,216.11,capture,85.62,353.25,138.40,0,178.942,7.798,179.734,-18.37,20.99,147.35,-18.29,-7.69,173.69,54.387,54.263,-23.4895,-9.0501,85.62,353.25,-23.6661,-8.8687,,,0.21010,0
42.1701,14,19,2,1,67.00,216.11,capture,78.06,341.32,125.70,0,178.951,7.867,179.764,-18.44,20.77,147.33,-18.12,-8.30,173.81,53.825,54.110,-23.7618,-8.9595,78.06,341.32,-23.7092,-8.9095,,,0.21341,0
42.2679,14,19,2,1,67.00,216.11,capture,73.90,346.96,131.03,0,178.921,7.809,179.795,-18.38,20.86,147.09,-17.88,-8.09,172.84,53.325,54.230,-23.7354,-9.5007,73.90,346.96,-23.7210,-9.1756,,,0.20329,0
42.3912,14,19,2,1,67.00,216.11,capture,93.26,357.68,143.98,0,179.003,7.694,179.794,-18.33,21.00,147.31,-17.82,-7.99,173.49,53.536,54.386,-23.0686,-8.7042,93.26,357.68,-23.4274,-8.9634,,,0.21133,0
42.4896,14,19,2,1,67.00,216.11,capture,89.74,376.35,161.84,0,178.946,7.663,179.840,-18.35,20.97,147.32,-17.90,-7.43,173.08,53.623,54.748,-24.4993,-8.3865,89.74,376.35,-23.9098,-8.7038,,,0.22169,0
42.5911,14,19,2,1,67.00,216.11,capture,96.34,366.11,152.84,0,178.818,7.638,179.840,-18.08,20.95,147.32,-17.48,-7.71,173.64,53.927,54.585,-24.4192,-7.9448,96.34,366.11,-24.1390,-8.3623,,,0.24372,0
42.7850,15,40,4,4,201.00,389.00,dwell,202.26,298.79,90.22,0,178.909,7.708,179.846,-18.15,20.88,147.10,-17.29,-7.00,173.34,53.710,54.511,-21.3548,-3.9082,202.26,298.79,-21.3548,-3.9082,,,0.21960,0
42.8776,15,40,4,4,201.00,389.00,dwell,18.37,577.99,262.81,0,178.872,7.631,179.846,-18.12,20.77,147.48,-17.51,-7.63,173.91,53.603,54.477,-32.1725,-11.5737,18.37,577.99,-26.2228,-7.3577,,,0.21549,0
42.9682,15,40,4,4,201.00,389.00,dwell,67.39,316.75,151.89,0,178.841,7.676,179.828,-18.08,20.88,147.39,-18.05,-8.13,173.61,53.967,54.395,-22.3373,-9.8673,67.39,316.75,-24.4743,-8.4870,,,0.21994,0
43.0739,15,40,4,4,201.00,389.00,dwell,141.74,469.19,99.71,0,178.871,7.910,179.795,-17.98,20.91,147.42,-18.08,-7.33,173.71,53.696,54.526,-28.2442,-5.8505,141.74,469.19,-26.1708,-7.3006,,,0.22362,0
43.1794,15,40,4,4,201.00,389.00,dwell,80.51,450.76,135.40,0,178.898,7.988,179.831,-17.92,20.89,147.39,-17.45,-7.72,174.32,53.760,54.413,-27.1900,-9.6715,80.51,450.76,-26.6294,-8.3675,,,0.21474,0
43.2695,15,40,4,4,201.00,389.00,dwell,107.28,429.17,101.97,0,178.929,7.721,179.836,-18.03,20.91,147.23,-18.31,-7.16,173.80,54.018,54.069,-26.0075,-7.7359,107.28,429.17,-26.3495,-8.0833,,,0.23121,0
43.3862,15,40,4,4,201.00,389.00,dwell,138.04,421.55,70.88,0,178.970,7.644,179.825,-18.04,20.79,147.23,-18.03,-7.62,173.12,54.147,54.172,-26.3345,-6.5733,138.04,421.55,-26.3428,-7.4038,,,0.22705,0
43.4902,15,40,4,4,201.00,389.00,dwell,151.96,390.92,49.08,0,179.003,7.770,179.867,-18.00,20.84,147.20,-17.56,-8.36,173.42,53.836,53.885,-24.5388,-5.2585,151.96,390.92,-25.5310,-6.4384,,,0.23662,0
43.5856,15,40,4,4,201.00,389.00,dwell,184.19,499.91,112.18,0,179.116,7.606,179.858,-18.05,20.90,147.36,-17.27,-7.33,173.89,53.846,53.658,-28.7854,-3.9611,184.19,499.91,-26.9955,-5.3236,,,0.24199,0
43.6849,15,40,4,4,201.00,389.00,dwell,210.21,459.60,71.20,0,179.195,7.619,179.865,-17.99,20.71,147.23,-17.63,-7.31,173.78,54.085,53.890,-27.4955,-3.2120,210.21,459.60,-27.2205,-4.3734,,,0.19791,0
43.7757,15,40,4,4,201.00,389.00,capture,194.83,448.08,59.40,0,179.123,7.588,179.861,-18.03,20.83,147.21,-17.86,-7.70,173.79,54.499,53.990,-27.2325,-3.5093,194.83,448.08,-27.2259,-3.9846,,,0.21984,0
43.8847,15,40,4,4,201.00,389.00,capture,195.51,441.47,52.76,0,178.999,7.680,179.836,-18.04,20.92,147.11,-17.38,-7.33,173.29,54.313,54.039,-26.5579,-3.5669,195.51,441.47,-26.9253,-3.7966,,,0.22415,0
43.9900,15,40,4,4,201.00,389.00,capture,187.19,467.19,79.40,0,179.053,7.792,179.874,-18.18,20.90,147.18,-17.61,-7.25,173.31,54.149,54.119,-28.9103,-4.4242,187.19,467.19,-27.8186,-4.0790,,,0.22820,0
44.0897,15,40,4,4,201.00,389.00,capture,175.08,453.09,69.13,0,179.042,7.876,179.871,-18.16,20.73,147.12,-18.33,-8.06,173.40,53.860,54.016,-27.0873,-4.6266,175.08,453.09,-27.4895,-4.3254,,,0.22568,0
44.1957,15,40,4,4,201.00,389.00,capture,178.56,435.72,51.83,0,178.952,7.919,179.862,-18.05,20.69,147.34,-17.26,-8.56,173.78,54.062,53.861,-26.6375,-4.6690,178.56,435.72,-27.1061,-4.4801,,,0.21184,0
44.2921,15,40,4,4,201.00,389.00,capture,209.78,422.24,34.38,1,178.855,7.921,179.877,-18.11,20.83,147.28,-17.12,-7.34,173.56,54.109,53.989,-26.1183,-2.6252,209.78,422.24,-26.6616,-3.6454,,,0.24259,0
44.3746,15,40,4,4,201.00,389.00,capture,197.85,404.94,16.25,1,178.794,8.055,179.869,-18.18,20.72,147.22,-18.04,-8.88,173.57,54.108,53.944,-25.5525,-4.3230,197.85,404.94,-26.1625,-3.9503,,,0.21128,0
44.4712,15,40,4,4,201.00,389.00,capture,189.02,424.06,37.05,1,178.836,8.097,179.901,-18.22,20.69,147.15,-17.39,-7.72,173.53,54.056,54.234,-25.8566,-3.9722,189.02,424.06,-26.0249,-3.9601,,,0.23651,0
44.5538,15,40,4,4,201.00,389.00,capture,234.03,435.90,57.36,0,178.955,8.080,179.881,-18.20,20.76,147.28,-17.78,-8.20,173.94,54.006,53.997,-26.9981,-1.9969,234.03,435.90,-26.4628,-3.0767,,,0.23066,0
44.6461,15,40,4,4,201.00,389.00,capture,217.92,452.67,65.88,0,178.875,8.016,179.867,-18.25,20.74,147.31,-17.89,-8.03,173.75,54.180,53.988,-27.6653,-2.4409,217.92,452.67,-27.0039,-2.7906,,,0.21894,0
44.7580,15,40,4,4,201.00,389.00,capture,218.71,458.14,71.37,0,178.945,7.937,179.848,-18.29,20.78,147.34,-17.57,-8.01,173.21,54.339,54.115,-27.8609,-2.5560,218.71,458.14,-27.3896,-2.6850,,,0.22974,0
44.8483,15,40,4,4,201.00,389.00,capture,224.08,430.40,47.40,0,178.959,7.991,179.841,-18.32,20.85,147.50,-17.57,-7.62,173.48,53.923,53.742,-26.9153,-2.5996,224.08,430.40,-27.1761,-2.6466,,,0.24161,0
44.9476,15,40,4,4,201.00,389.00,capture,228.79,442.32,60.13,0,179.026,8.120,179.835,-18.27,20.78,147.49,-17.91,-8.26,173.77,53.741,53.819,-26.6192,-2.3047,228.79,442.32,-26.9255,-2.4927,,,0.21475,0
45.0337,15,40,4,4,201.00,389.00,capture,202.14,465.70,76.71,0,178.833,7.981,179.819,-18.30,20.86,147.42,-17.91,-6.77,173.68,53.704,53.848,-27.8003,-3.2430,202.14,465.70,-27.3192,-2.8304,,,0.20830,0
45.1212,15,40,4,4,201.00,389.00,capture,196.07,421.63,33.00,1,178.738,8.050,179.831,-18.37,20.75,147.58,-17.55,-7.25,173.42,54.235,54.189,-25.7403,-4.0646,196.07,421.63,-26.6087,-3.3858,,,0.21337,0
45.2232,15,40,4,4,201.00,389.00,capture,204.93,444.96,56.10,0,178.720,8.159,179.821,-18.58,20.76,147.53,-17.67,-7.85,173.81,53.673,54.047,-27.8868,-3.4811,204.93,444.96,-27.1838,-3.4287,,,0.21117,0
45.3052,15,40,4,4,201.00,389.00,capture,214.25,443.29,55.88,0,178.727,8.339,179.822,-18.54,20.58,147.74,-17.94,-8.85,174.14,53.473,54.182,-27.0246,-3.7004,214.25,443.29,-27.1122,-3.5509,,,0.19053,0
45.4021,15,40,4,4,201.00,389.00,capture,200.09,412.16,23.18,1,178.741,8.317,179.810,-18.55,20.74,147.86,-17.80,-7.13,174.14,53.853,54.646,-25.9007,-3.3136,200.09,412.16,-26.5670,-3.4441,,,0.19581,0
45.4996,15,40,4,4,201.00,389.00,capture,217.94,428.91,43.36,1,178.813,8.294,179.843,-18.54,20.76,147.85,-17.78,-7.51,174.74,53.913,54.076,-25.8880,-2.7406,217.94,428.91,-26.2615,-3.1275,,,0.22814,0
45.5947,15,40,4,4,201.00,389.00,capture,198.06,440.31,51.39,0,178.821,8.364,179.842,-18.47,20.70,148.02,-18.00,-7.99,174.50,54.244,54.195,-26.7760,-3.5146,198.06,440.31,-26.4930,-3.3017,,,0.22200,0
45.7874,16,80,8,8,379.67,734.78,dwell,366.54,482.51,252.61,0,178.742,8.576,179.823,-18.42,20.69,148.29,-17.72,-7.38,174.77,54.328,53.998,-28.3408,3.7969,366.54,482.51,-28.3408,3.7969,,,0.21897,0
45.8855,16,80,8,8,379.67,734.78,dwell,216.23,583.29,222.85,0,178.718,8.549,179.806,-18.45,20.85,148.19,-17.82,-8.15,174.83,53.941,53.928,-32.2736,-2.8369,216.23,583.29,-30.1106,0.8117,,,0.22637,0
45.9857,16,80,8,8,379.67,734.78,dwell,241.43,577.82,209.15,0,178.864,8.678,179.779,-18.50,20.93,148.35,-17.35,-7.32,174.45,54.405,54.128,-31.3970,-1.6376,241.43,577.82,-30.6894,-0.2905,,,0.21645,0
46.0825,16,80,8,8,379.67,734.78,dwell,205.34,580.05,233.09,0,178.876,8.615,179.805,-18.51,20.80,148.10,-17.83,-8.12,174.67,54.128,54.384,-31.8977,-3.8480,205.34,580.05,-31.2332,-1.8914,,,0.22206,0
46.2034,16,80,8,8,379.67,734.78,dwell,291.23,546.09,208.38,0,178.948,8.716,179.842,-18.46,20.90,148.17,-18.32,-8.45,174.65,53.857,54.282,-30.6349,0.7216,291.23,546.09,-30.9639,-0.7155,,,0.20143,0
46.2926,16,80,8,8,379.67,734.78,dwell,211.36,559.03,243.34,0,178.961,8.726,179.816,-18.49,20.87,147.86,-18.32,-7.83,174.48,53.912,54.389,-31.6589,-2.7122,211.36,559.03,-31.2767,-1.6140,,,0.19103,0
46.3795,16,80,8,8,379.67,734.78,dwell,291.73,548.88,205.65,0,179.021,8.800,179.846,-18.41,21.10,148.08,-17.77,-6.84,174.06,53.492,54.472,-31.2335,0.7239,291.73,548.88,-31.2572,-0.5620,,,0.19642,0
46.4680,16,80,8,8,379.67,734.78,dwell,343.77,589.03,150.10,0,178.995,8.984,179.857,-18.46,21.06,148.16,-17.63,-7.06,174.43,53.689,54.405,-33.1805,2.7857,343.77,589.03,-32.1227,0.9445,,,0.21392,0
46.5708,16,80,8,8,379.67,734.78,capture,300.37,601.22,155.32,0,178.860,8.877,179.857,-18.41,21.04,147.96,-18.26,-6.87,174.37,53.932,54.433,-33.6767,1.4819,300.37,601.22,-32.8220,1.1863,,,0.21352,0
46.6837,16,80,8,8,379.67,734.78,capture,313.22,608.24,142.92,0,178.765,8.810,179.851,-18.39,21.10,147.79,-17.93,-8.41,173.80,53.569,54.088,-33.2059,1.8327,313.22,608.24,-32.9948,1.4772,,,0.21227,0
46.7855,16,80,8,8,379.67,734.78,capture,336.10,602.66,139.12,0,178.817,8.843,179.859,-18.20,21.21,147.85,-17.94,-7.68,173.85,53.196,54.382,-33.7494,2.7196,336.10,602.66,-33.3344,2.0363,,,0.22527,0
46.8873,16,80,8,8,379.67,734.78,capture,318.36,623.56,127.00,0,178.880,8.874,179.867,-18.31,21.10,147.90,-17.93,-6.84,174.08,53.453,54.081,-34.6465,2.5718,318.36,623.56,-33.9248,2.2773,,,0.21013,0
46.9850,16,80,8,8,379.67,734.78,capture,352.41,626.40,111.75,0,178.909,8.780,179.890,-18.31,20.95,147.86,-18.52,-8.41,173.79,53.047,54.064,-34.0364,3.7192,352.41,626.40,-33.9750,2.9261,,,0.19634,0
47.0670,16,80,8,8,379.67,734.78,capture,326.11,626.34,120.94,0,178.742,8.744,179.885,-18.41,20.90,147.67,-18.03,-7.93,173.93,52.788,53.761,-33.4774,1.9792,326.11,626.34,-33.7511,2.5000,,,0.19758,0
47.1655,16,80,8,8,379.67,734.78,capture,348.18,602.23,136.24,0,178.883,8.755,179.883,-18.44,20.83,147.73,-18.33,-7.35,173.88,52.965,53.102,-33.4230,3.9699,348.18,602.23,-33.6035,3.1615,,,0.19048,0
47.2719,16,80,8,8,379.67,734.78,capture,336.66,613.19,128.97,0,178.891,8.789,179.872,-18.53,20.84,147.53,-18.64,-7.87,174.06,52.914,53.019,-32.4757,3.1575,336.66,613.19,-33.0960,3.1597,,,0.18242,0
47.3720,16,80,8,8,379.67,734.78,capture,307.43,590.31,161.52,0,178.853,8.846,179.877,-18.39,20.90,147.53,-17.91,-7.59,174.07,52.818,53.342,-32.5531,1.2128,307.43,590.31,-32.8517,2.2836,,,0.18878,0
47.4551,16,80,8,8,379.67,734.78,capture,294.12,615.42,146.85,0,178.957,8.809,179.864,-18.42,20.83,147.68,-18.51,-7.21,173.78,53.175,53.576,-33.3231,0.9252,294.12,615.42,-33.0638,1.6723,,,0.19000,0
47.5594,16,80,8,8,379.67,734.78,capture,300.90,585.44,168.84,0,178.886,8.713,179.858,-18.31,20.70,147.60,-18.31,-7.10,173.70,53.307,53.639,-32.6769,1.1610,300.90,585.44,-32.8897,1.4422,,,0.22025,0
47.6507,16,80,8,8,379.67,734.78,capture,317.41,587.55,159.85,0,178.923,8.597,179.820,-18.40,20.70,147.51,-17.86,-8.53,173.77,53.325,54.050,-32.6630,1.1303,317.41,587.55,-32.7877,1.3018,,,0.21780,0
47.7485,16,80,8,8,379.67,734.78,capture,315.22,601.22,148.29,0,178.912,8.659,179.818,-18.27,20.58,147.63,-17.59,-7.66,174.31,53.568,54.123,-32.1836,2.0237,315.22,601.22,-32.5159,1.6267,,,0.20286,0
47.8625,16,80,8,8,379.67,734.78,capture,309.42,633.17,123.53,0,178.991,8.640,179.798,-18.30,20.70,147.64,-17.85,-7.69,174.23,53.094,54.537,-34.8483,1.7115,309.42,633.17,-33.5655,1.6648,,,0.21092,0
47.9480,16,80,8,8,379.67,734.78,capture,332.55,612.54,131.00,0,179.020,8.647,179.781,-18.33,20.84,147.47,-17.80,-7.90,174.07,52.854,54.274,-33.8241,2.8194,332.55,612.54,-33.6818,2.1844,,,0.18636,0
48.0433,16,80,8,8,379.67,734.78,capture,313.05,583.46,165.33,0,179.039,8.710,179.778,-18.44,20.71,147.32,-17.92,-7.99,174.05,53.131,54.098,-32.7789,1.6108,313.05,583.46,-33.2755,1.9263,,,0.21298,0
48.1474,16,80,8,8,379.67,734.78,capture,303.50,610.56,145.71,0,179.120,8.809,179.756,-18.36,20.60,147.27,-18.04,-8.26,173.72,53.052,54.232,-33.3751,0.9266,303.50,610.56,-33.3203,1.4764,,,0.17254,0
48.2442,16,80,8,8,379.67,734.78,capture,319.63,600.58,147.02,0,178.937,8.816,179.747,-18.47,20.80,147.44,-18.53,-8.12,173.77,53.572,54.251,-33.9854,1.8354,319.63,600.58,-33.6196,1.6380,,,0.19036,0
48.3275,16,80,8,8,379.67,734.78,capture,338.70,606.55,134.61,0,178.979,8.774,179.787,-18.40,20.79,147.40,-18.10,-7.66,173.79,53.383,54.647,-33.5833,2.7512,338.70,606.55,-33.6033,2.1389,,,0.20878,0
48.4259,16,80,8,8,379.67,734.78,capture,313.86,600.96,149.12,0,178.907,8.745,179.786,-18.48,20.89,147.50,-18.12,-8.16,173.15,53.529,54.361,-33.0472,1.9714,313.86,600.96,-33.3530,2.0635,,,0.17657,0
48.6284,17,10,1,1,67.00,129.67,dwell,291.73,447.96,389.63,0,178.818,8.702,179.809,-18.53,20.92,147.40,-18.07,-7.01,173.35,53.603,54.413,-27.1808,-0.0078,291.73,447.96,-27.1808,-0.0078,,,0.19610,0
48.7280,17,10,1,1,67.00,129.67,dwell,183.86,322.60,225.56,0,178.912,8.666,179.833,-18.57,20.93,147.43,-17.29,-7.65,173.62,53.532,54.292,-22.4370,-4.6151,183.86,322.60,-25.0461,-2.0811,,,0.21069,0
48.8388,17,10,1,1,67.00,129.67,dwell,109.00,395.55,269.18,0,178.998,8.557,179.851,-18.63,20.97,147.38,-18.16,-7.91,173.52,53.563,54.078,-24.5919,-7.7900,109.00,395.55,-24.8417,-4.6501,,,0.19591,0
48.9423,17,10,1,1,67.00,129.67,dwell,151.58,410.99,293.76,0,179.045,8.425,179.840,-18.63,21.03,147.46,-18.12,-7.22,173.27,53.631,54.542,-25.5322,-5.9709,151.58,410.99,-25.1524,-5.2445,,,0.21915,0
49.0243,17,10,1,1,67.00,129.67,dwell,207.68,334.28,248.31,0,179.111,8.288,179.836,-18.50,20.96,147.36,-18.24,-7.30,173.49,53.360,54.377,-22.8007,-3.1991,207.68,334.28,-24.0942,-4.3240,,,0.21785,0
49.1221,17,10,1,1,67.00,129.67,dwell,89.45,251.50,123.88,0,179.079,8.105,179.856,-18.52,20.89,147.29,-18.23,-7.10,173.98,53.539,54.197,-19.7512,-9.2310,89.45,251.50,-22.1398,-6.5322,,,0.20342,0
49.2130,17,10,1,1,67.00,129.67,dwell,142.14,228.31,124.00,0,179.127,8.039,179.845,-18.52,20.99,147.41,-18.11,-7.98,173.37,53.670,54.436,-18.9343,-6.1795,142.14,228.31,-20.6974,-6.3735,,,0.22245,0
49.3162,17,10,1,1,67.00,129.67,dwell,66.94,196.12,66.45,0,179.067,8.065,179.817,-18.38,21.10,147.62,-18.30,-7.50,174.18,53.458,54.582,-17.4401,-9.6351,66.94,196.12,-19.2316,-7.8412,,,0.21277,0
49.3982,17,10,1,1,67.00,129.67,dwell,42.90,189.20,64.23,0,179.033,8.028,179.824,-18.64,21.02,147.43,-18.40,-6.79,173.81,53.413,54.281,-17.0227,-10.6530,42.90,189.20,-18.2376,-9.1065,,,0.17989,0
49.4972,17,10,1,1,67.00,129.67,capture,-1.14,146.76,70.25,0,179.023,8.042,179.823,-18.69,21.15,147.32,-18.25,-7.37,173.71,53.486,53.846,-15.5575,-13.1136,-1.14,146.76,-17.0316,-10.9097,,,0.21084,0
49.6008,17,10,1,1,67.00,129.67,capture,5.43,165.64,71.31,0,179.076,8.099,179.817,-18.81,21.16,147.43,-18.64,-8.40,173.58,53.281,53.571,-16.3727,-12.9361,5.43,165.64,-16.7351,-11.8216,,,0.21523,0
49.6974,17,10,1,1,67.00,129.67,capture,-9.67,162.22,83.29,0,178.982,8.195,179.819,-18.73,20.99,147.42,-17.81,-7.22,173.82,53.244,53.091,-16.5283,-12.8997,-9.67,162.22,-16.6420,-12.3068,,,0.21970,0
49.7938,17,10,1,1,67.00,129.67,capture,18.45,164.39,59.69,0,178.864,8.159,179.797,-18.69,21.03,147.58,-18.44,-7.06,173.47,53.767,53.080,-16.3590,-12.3923,18.45,164.39,-16.5147,-12.3453,,,0.20619,0
49.8875,17,10,1,1,67.00,129.67,capture,27.96,147.52,42.93,0,179.009,7.989,179.818,-18.86,21.04,147.79,-18.47,-7.22,174.43,53.874,53.376,-15.3711,-11.0766,27.96,147.52,-16.0000,-11.7744,,,0.20601,0
50.0042,17,10,1,1,67.00,129.67,capture,25.04,143.22,44.09,0,179.075,8.008,179.831,-18.85,21.21,147.73,-18.13,-7.28,174.40,54.020,53.963,-14.9705,-11.9983,25.04,143.22,-15.5367,-11.8752,,,0.21758,0
50.1004,17,10,1,1,67.00,129.67,capture,25.84,142.61,43.15,0,178.956,8.138,179.826,-18.71,21.18,147.78,-17.69,-7.39,173.80,53.999,53.824,-15.7257,-12.1197,25.84,142.61,-15.6218,-11.9852,,,0.23213,0
50.2077,17,10,1,1,67.00,129.67,capture,22.36,135.50,45.02,0,178.993,8.002,179.839,-18.76,21.07,147.79,-18.46,-7.44,174.30,53.521,53.771,-15.4882,-11.9346,22.36,135.50,-15.5617,-11.9624,,,0.21278,0
50.3003,17,10,1,1,67.00,129.67,capture,3.23,155.95,68.97,0,179.035,7.887,179.825,-18.62,20.94,147.73,-18.53,-8.47,174.05,53.367,53.680,-16.3371,-12.3368,3.23,155.95,-15.9106,-12.1309,,,0.19804,0
50.4074,17,10,1,1,67.00,129.67,capture,20.52,115.49,48.59,0,179.077,7.803,179.836,-18.57,20.84,147.46,-18.25,-7.82,173.83,53.372,53.908,-13.8003,-12.1683,20.52,115.49,-14.9610,-12.1477,,,0.20418,0
50.5171,17,10,1,1,67.00,129.67,capture,20.27,163.86,57.90,0,179.090,7.836,179.854,-18.47,20.80,147.57,-17.83,-7.85,173.37,53.514,53.660,-16.2530,-11.6007,20.27,163.86,-15.5424,-11.9016,,,0.20456,0
50.6122,17,10,1,1,67.00,129.67,capture,18.94,151.56,52.81,0,179.094,7.792,179.820,-18.52,20.74,147.94,-17.84,-8.28,174.42,53.507,53.617,-16.8329,-12.4448,18.94,151.56,-16.1231,-12.1460,,,0.17774,0
50.7022,17,10,1,1,67.00,129.67,capture,19.21,135.01,48.09,0,179.148,7.865,179.815,-18.48,20.53,147.67,-17.94,-8.61,174.03,53.621,53.617,-14.9899,-11.4303,19.21,135.01,-15.6132,-11.8240,,,0.20037,0
50.8014,17,10,1,1,67.00,129.67,capture,32.83,141.69,36.22,0,178.940,7.805,179.799,-18.60,20.56,147.58,-18.06,-8.05,174.01,53.498,53.836,-14.8499,-11.2680,32.83,141.69,-15.2697,-11.5738,,,0.23438,0
50.8937,17,10,1,1,67.00,129.67,capture,19.15,140.70,49.11,0,178.960,7.850,179.794,-18.64,20.69,147.50,-17.92,-7.62,173.85,53.288,53.694,-15.7092,-11.9121,19.15,140.70,-15.4675,-11.7260,,,0.18949,0
50.9836,17,10,1,1,67.00,129.67,capture,10.80,157.51,62.72,0,178.855,7.851,179.809,-18.61,20.59,147.64,-17.77,-7.68,173.90,53.345,53.671,-15.6644,-11.9698,10.80,157.51,-15.5561,-11.8357,,,0.21398,0
51.0946,17,10,1,1,67.00,129.67,capture,14.68,163.43,62.27,0,178.931,7.793,179.790,-18.63,20.71,147.46,-17.90,-8.23,173.91,53.495,53.676,-15.6391,-11.3238,14.68,163.43,-15.5934,-11.6054,,,0.18811,0
51.1895,17,10,1,1,67.00,129.67,capture,0.60,136.16,66.72,0,178.865,7.837,179.778,-18.63,20.74,147.42,-18.01,-8.09,173.81,53.523,53.559,-14.4270,-12.3629,0.60,136.16,-15.0685,-11.9463,,,0.18864,0
51.3672,18,70,7,7,335.00,648.33,dwell,48.61,326.82,430.57,0,178.873,8.054,179.782,-18.57,20.69,147.41,-18.32,-8.10,174.09,53.713,53.630,-22.5023,-10.7261,48.61,326.82,-22.5023,-10.7261,,,0.19550,0
51.4536,18,70,7,7,335.00,648.33,dwell,303.27,304.33,345.46,0,178.886,7.993,179.771,-18.58,20.73,147.47,-18.31,-8.06,173.66,53.829,53.554,-21.4841,1.0722,303.27,304.33,-22.0441,-5.4169,,,0.22293,0
51.5508,18,70,7,7,335.00,648.33,dwell,196.75,373.32,307.81,0,179.020,8.007,179.790,-18.52,20.62,147.66,-17.95,-7.60,173.74,53.937,53.883,-24.5764,-3.6618,196.75,373.32,-23.1836,-4.6271,,,0.22290,0
51.6493,18,70,7,7,335.00,648.33,dwell,210.34,456.93,228.42,0,179.068,8.060,179.775,-18.52,20.44,147.51,-18.00,-8.54,173.55,53.983,53.820,-28.0425,-3.1826,210.34,456.93,-25.3701,-3.9771,,,0.22919,0
51.7576,18,70,7,7,335.00,648.33,dwell,330.70,418.02,230.35,0,179.124,7.935,179.789,-18.55,20.60,147.57,-18.21,-8.15,173.68,54.071,53.962,-25.4539,3.3070,330.70,418.02,-25.4078,-0.6992,,,0.21130,0
51.8503,18,70,7,7,335.00,648.33,dwell,293.76,409.39,242.48,0,179.133,8.015,179.828,-18.51,20.84,147.39,-17.86,-7.37,173.16,53.649,53.870,-25.8602,0.4237,293.76,409.39,-25.6114,-0.1939,,,0.19943,0
51.9501,18,70,7,7,335.00,648.33,dwell,374.40,459.01,193.38,0,179.182,8.147,179.831,-18.51,20.64,147.58,-18.40,-7.91,173.98,53.729,53.712,-28.1270,4.7775,374.40,459.01,-26.7434,2.0432,,,0.22711,0
52.0509,18,70,7,7,335.00,648.33,dwell,333.04,507.24,141.11,0,179.212,8.134,179.815,-18.46,20.71,147.49,-18.43,-8.12,173.78,53.578,53.453,-29.2962,2.6477,333.04,507.24,-27.8922,2.3152,,,0.22327,0
52.1517,18,70,7,7,335.00,648.33,capture,410.06,525.74,143.75,0,179.211,8.159,179.864,-18.48,20.58,147.63,-17.50,-8.44,174.40,53.648,53.638,-30.3300,6.3513,410.06,525.74,-28.9892,4.1315,,,0.20517,0
52.2337,18,70,7,7,335.00,648.33,capture,416.94,550.42,127.68,0,179.076,8.278,179.879,-18.60,20.47,147.63,-18.25,-8.26,173.93,53.728,53.701,-30.4230,6.4536,416.94,550.42,-29.6344,5.1764,,,0.22486,0
52.3383,18,70,7,7,335.00,648.33,capture,415.16,526.84,145.55,0,179.072,8.390,179.843,-18.65,20.34,147.66,-18.32,-8.37,174.32,54.016,53.761,-30.0692,6.5789,415.16,526.84,-29.8300,5.8075,,,0.21447,0
52.4304,18,70,7,7,335.00,648.33,capture,413.20,528.27,143.28,0,179.001,8.482,179.846,-18.72,20.44,147.64,-18.35,-8.43,174.68,54.203,53.520,-30.8984,6.3956,413.20,528.27,-30.3108,6.0721,,,0.22678,0
52.5201,18,70,7,7,335.00,648.33,capture,419.60,549.52,130.08,0,178.826,8.441,179.831,-18.67,20.39,147.54,-18.13,-8.23,173.80,54.368,53.994,-31.0613,6.5877,419.60,549.52,-30.6485,6.3041,,,0.22428,0
52.6475,18,70,7,7,335.00,648.33,capture,411.69,508.13,159.81,0,178.921,8.462,179.825,-18.60,20.54,147.47,-18.12,-9.19,174.14,54.330,53.869,-28.7288,6.7461,411.69,508.13,-29.7846,6.5030,,,0.23051,0
52.7457,18,70,7,7,335.00,648.33,capture,389.65,539.76,121.55,0,178.979,8.487,179.806,-18.57,20.36,147.74,-18.05,-8.33,173.91,54.165,54.190,-31.1942,4.7353,389.65,539.76,-30.4189,5.7075,,,0.21448,0
52.8467,18,70,7,7,335.00,648.33,capture,397.11,562.46,105.98,0,178.999,8.509,179.782,-18.52,20.22,147.82,-17.01,-7.75,174.06,54.026,53.965,-31.0134,5.0957,397.11,562.46,-30.6864,5.4322,,,0.21417,0
52.9368,18,70,7,7,335.00,648.33,capture,391.49,545.23,117.56,0,179.010,8.423,179.770,-18.51,20.26,147.74,-18.42,-8.63,174.02,54.424,54.087,-29.7431,5.2343,391.49,545.23,-30.2619,5.3432,,,0.22615,0
53.0319,18,70,7,7,335.00,648.33,capture,393.97,531.23,131.11,0,178.903,8.440,179.779,-18.57,20.06,147.66,-17.83,-8.26,173.77,54.464,53.933,-29.9985,5.0894,393.97,531.23,-30.1434,5.2290,,,0.24410,0
53.1296,18,70,7,7,335.00,648.33,capture,405.85,526.36,141.06,0,178.904,8.354,179.804,-18.56,20.10,147.74,-18.27,-8.35,173.87,54.101,53.894,-31.0480,6.2977,405.85,526.36,-30.5505,5.7099,,,0.21587,0
53.2116,18,70,7,7,335.00,648.33,capture,395.90,531.51,131.74,0,178.905,8.370,179.796,-18.57,20.00,147.75,-18.37,-9.13,174.40,54.481,54.259,-30.0207,5.1961,395.90,531.51,-30.3121,5.4787,,,0.22655,0
53.3083,18,70,7,7,335.00,648.33,capture,391.03,543.62,118.76,0,178.896,8.504,179.834,-18.62,20.08,147.94,-17.87,-8.48,174.05,54.171,54.214,-31.2564,5.1708,391.03,543.62,-30.7370,5.3402,,,0.22181,0
53.3932,18,70,7,7,335.00,648.33,capture,404.87,529.38,137.96,0,178.952,8.649,179.826,-18.63,20.25,147.88,-17.89,-7.95,174.15,54.399,53.940,-30.1050,5.7417,404.87,529.38,-30.4526,5.5209,,,0.23554,0
53.5040,18,70,7,7,335.00,648.33,capture,406.82,525.05,142.68,0,178.963,8.686,179.799,-18.73,20.42,147.87,-17.80,-8.36,173.71,54.451,53.715,-29.6568,5.6183,406.82,525.05,-30.0945,5.5647,,,0.23934,0
53.6149,18,70,7,7,335.00,648.33,capture,396.60,522.79,139.84,0,179.007,8.709,179.807,-18.64,20.51,148.02,-17.46,-8.56,174.16,54.464,54.151,-29.7653,5.7582,396.60,522.79,-29.9463,5.6518,,,0.22902,0
53.7351,18,70,7,7,335.00,648.33,capture,395.90,548.18,117.22,0,178.919,8.774,179.831,-18.65,20.62,147.76,-18.11,-7.83,174.54,54.332,54.271,-31.2208,5.8349,395.90,548.18,-30.5198,5.7342,,,0.22594,0
53.8455,18,70,7,7,335.00,648.33,capture,430.22,539.82,144.37,0,178.894,8.892,179.836,-18.82,20.63,147.67,-18.11,-7.55,174.29,54.243,54.340,-30.1608,6.3996,430.22,539.82,-30.3583,6.0336,,,0.26141,0
54.0188,19,55,6,1,67.00,561.89,dwell,269.51,676.36,232.62,0,178.877,8.919,179.820,-18.82,20.83,147.89,-17.98,-7.74,174.34,54.043,54.260,-35.7710,0.0389,269.51,676.36,-35.7710,0.0389,,,0.21365,0
54.1283,19,55,6,1,67.00,561.89,dwell,135.04,461.49,121.28,0,178.812,8.897,179.802,-18.76,20.93,147.93,-18.46,-7.75,174.28,54.281,54.176,-27.4268,-5.8666,135.04,461.49,-32.0161,-2.6186,,,0.23524,0
54.2103,19,55,6,1,67.00,561.89,dwell,214.68,442.96,189.61,0,178.732,8.861,179.798,-18.87,20.90,147.97,-18.06,-7.67,174.65,54.016,54.313,-26.5177,-2.5303,214.68,442.96,-29.5418,-2.5788,,,0.23173,0
54.3229,19,55,6,1,67.00,561.89,dwell,180.34,587.13,116.12,0,178.760,8.826,179.794,-18.84,20.90,147.77,-17.93,-7.59,174.03,53.924,54.126,-31.9645,-5.0653,180.34,587.13,-30.6320,-3.6978,,,0.23379,0
54.4465,19,55,6,1,67.00,561.89,dwell,146.93,576.07,81.18,0,178.757,8.825,179.795,-18.69,20.83,147.69,-17.26,-7.44,173.47,53.596,54.280,-31.7291,-5.9657,146.93,576.07,-31.1257,-4.7183,,,0.20473,0
54.5453,19,55,6,1,67.00,561.89,dwell,166.90,468.74,136.59,0,178.819,8.884,179.808,-18.49,20.77,147.59,-17.92,-8.14,173.68,53.796,54.623,-28.2471,-4.6382,166.90,468.74,-29.8303,-4.6823,,,0.22840,0
54.6273,19,55,6,1,67.00,561.89,dwell,91.48,527.40,42.29,0,178.906,8.837,179.825,-18.37,20.73,147.75,-17.96,-8.79,173.98,53.738,54.665,-31.0824,-8.8561,91.48,527.40,-30.3938,-6.5605,,,0.21295,0
54.7382,19,55,6,1,67.00,561.89,dwell,58.08,460.76,101.52,0,178.977,8.789,179.814,-18.39,20.57,147.76,-18.03,-7.75,174.33,53.972,54.606,-27.2721,-10.2513,58.08,460.76,-28.9890,-8.2214,,,0.21425,0
54.8477,19,55,6,1,67.00,561.89,capture,49.66,467.71,95.76,0,179.099,8.863,179.774,-18.52,20.51,147.52,-18.24,-8.55,173.85,53.857,54.750,-27.9788,-10.0081,49.66,467.71,-28.5344,-9.0254,,,0.22166,0
54.9457,19,55,6,1,67.00,561.89,capture,62.28,441.03,120.95,0,179.010,8.845,179.799,-18.44,20.57,147.48,-18.07,-8.11,173.96,54.021,54.523,-27.4040,-10.0421,62.28,441.03,-28.0257,-9.4829,,,0.23220,0
55.0277,19,55,6,1,67.00,561.89,capture,23.91,483.93,89.07,0,178.981,8.917,179.828,-18.45,20.62,147.82,-17.32,-8.89,174.34,53.616,54.464,-28.4283,-12.3158,23.91,483.93,-28.2069,-10.7577,,,0.18722,0
55.1288,19,55,6,1,67.00,561.89,capture,8.16,483.42,98.08,0,179.031,8.716,179.848,-18.44,20.70,147.91,-17.65,-7.51,173.95,53.245,54.590,-28.0326,-12.4366,8.16,483.42,-28.1284,-11.5132,,,0.20026,0
55.2291,19,55,6,1,67.00,561.89,capture,41.45,459.10,105.92,0,179.037,8.676,179.855,-18.41,20.49,147.68,-18.44,-7.76,174.23,53.260,54.454,-26.9872,-11.2938,41.45,459.10,-27.6149,-11.4145,,,0.18432,0
55.3111,19,55,6,1,67.00,561.89,capture,26.96,476.79,94.05,0,178.977,8.610,179.852,-18.42,20.32,147.68,-17.69,-7.06,174.20,53.211,54.520,-28.2493,-11.5925,26.96,476.79,-27.9004,-11.4946,,,0.20144,0
55.4017,19,55,6,1,67.00,561.89,capture,27.06,489.96,82.27,0,179.038,8.567,179.822,-18.39,20.17,147.84,-17.86,-7.42,174.18,53.438,54.175,-29.7914,-12.1511,27.06,489.96,-28.7513,-11.7900,,,0.20031,0
55.5096,19,55,6,1,67.00,561.89,capture,44.21,490.61,74.83,0,178.978,8.567,179.816,-18.52,20.38,147.78,-17.83,-7.77,174.26,53.856,54.461,-27.9011,-10.4984,44.21,490.61,-28.3687,-11.2088,,,0.20968,0
55.6037,19,55,6,1,67.00,561.89,capture,43.02,458.01,106.61,0,178.963,8.398,179.809,-18.49,20.53,147.65,-17.99,-8.31,174.37,53.747,54.316,-27.1898,-11.1236,43.02,458.01,-27.8382,-11.1705,,,0.20012,0
55.6950,19,55,6,1,67.00,561.89,capture,42.28,449.54,115.04,0,179.039,8.343,179.835,-18.47,20.57,147.73,-17.81,-7.71,174.04,53.966,54.087,-28.0036,-11.6232,42.28,449.54,-27.9127,-11.3742,,,0.22135,0
55.8141,19,55,6,1,67.00,561.89,capture,50.47,437.22,125.76,0,179.122,8.553,179.799,-18.39,20.46,147.44,-17.43,-7.85,173.90,54.109,53.925,-26.4871,-10.7881,50.47,437.22,-27.2712,-11.1104,,,0.23333,0
55.8961,19,55,6,1,67.00,561.89,capture,20.03,467.20,105.70,0,179.076,8.569,179.838,-18.42,20.64,147.57,-18.26,-7.68,173.80,54.001,54.213,-27.7966,-11.7970,20.03,467.20,-27.5076,-11.4194,,,0.22812,0
55.9993,19,55,6,1,67.00,561.89,capture,52.29,464.00,98.99,0,179.030,8.500,179.828,-18.52,20.58,147.71,-18.03,-8.06,173.82,54.146,54.199,-27.6429,-10.4502,52.29,464.00,-27.5685,-10.9833,,,0.22788,0
56.1058,19,55,6,1,67.00,561.89,capture,44.14,460.55,103.89,0,179.045,8.470,179.826,-18.59,20.68,147.65,-18.10,-8.28,174.36,54.162,54.241,-27.2427,-10.5449,44.14,460.55,-27.4219,-10.7860,,,0.23896,0
56.2113,19,55,6,1,67.00,561.89,capture,64.40,473.18,88.75,0,178.954,8.677,179.812,-18.55,20.66,147.41,-18.01,-7.35,173.30,53.936,54.625,-28.0891,-9.9558,64.40,473.18,-27.7221,-10.4124,,,0.21463,0
56.3138,19,55,6,1,67.00,561.89,capture,36.74,472.80,94.09,0,178.890,8.401,179.801,-18.59,20.62,147.46,-18.23,-8.47,173.68,53.657,54.181,-28.4307,-10.3672,36.74,472.80,-28.0410,-10.3921,,,0.21206,0
56.3958,19,55,6,1,67.00,561.89,capture,53.93,459.97,102.75,0,178.918,8.658,179.789,-18.53,20.67,147.51,-18.41,-8.69,173.67,53.859,54.390,-26.7288,-10.2452,53.93,459.97,-27.4505,-10.3260,,,0.20634,0
56.4875,19,55,6,1,67.00,561.89,capture,12.26,440.57,133.10,0,178.900,8.542,179.784,-18.45,20.74,147.49,-18.53,-6.97,173.77,54.079,54.535,-26.8591,-12.3431,12.26,440.57,-27.1844,-11.2337,,,0.21392,0
56.6959,20,60,6,6,290.33,561.89,dwell,20.42,248.61,413.52,0,178.796,8.588,179.768,-18.31,20.62,147.49,-18.37,-7.76,173.59,54.074,54.640,-20.0921,-12.0150,20.42,248.61,-20.0921,-12.0150,,,0.23806,0
56.7998,20,60,6,6,290.33,561.89,dwell,41.02,502.26,256.34,0,178.775,8.460,179.750,-18.32,20.63,147.47,-17.93,-7.66,173.56,53.947,54.853,-29.6684,-10.8377,41.02,502.26,-24.4014,-11.4852,,,0.24878,0
56.8839,20,60,6,6,290.33,561.89,dwell,143.02,560.55,147.32,0,178.782,8.342,179.768,-18.35,20.81,147.43,-18.22,-7.80,173.41,54.144,54.351,-31.3274,-5.5917,143.02,560.55,-27.5181,-8.8331,,,0.21645,0
56.9966,20,60,6,6,290.33,561.89,dwell,156.10,586.66,136.50,0,178.785,8.298,179.798,-18.47,20.85,147.30,-17.83,-8.27,173.64,54.358,54.267,-32.4678,-5.6251,156.10,586.66,-29.7454,-7.3895,,,0.23441,0
57.1150,20,60,6,6,290.33,561.89,dwell,285.54,460.30,101.70,0,178.800,8.236,179.836,-18.38,20.87,147.28,-18.08,-7.74,173.28,54.328,54.080,-27.4087,-0.1762,285.54,460.30,-28.6939,-4.1435,,,0.20665,0
57.2200,20,60,6,6,290.33,561.89,dwell,317.21,456.88,108.39,0,178.762,8.144,179.848,-18.40,21.00,147.59,-18.32,-6.92,173.79,53.995,54.549,-27.1471,2.3961,317.21,456.88,-27.9978,-1.2007,,,0.21598,0
57.3324,20,60,6,6,290.33,561.89,dwell,332.34,356.43,209.71,0,178.744,8.025,179.846,-18.55,21.06,147.73,-18.32,-6.76,174.62,54.481,54.383,-23.5176,2.5746,332.34,356.43,-25.9817,0.4982,,,0.22788,0
57.4260,20,60,6,6,290.33,561.89,dwell,303.26,346.90,215.38,0,178.815,7.933,179.873,-18.44,20.96,147.80,-17.52,-7.66,173.93,54.234,54.600,-22.6522,0.9579,303.26,346.90,-24.4834,0.7050,,,0.20415,0
57.5341,20,60,6,6,290.33,561.89,dwell,349.22,420.36,153.29,0,178.812,8.005,179.877,-18.50,20.86,147.53,-17.76,-7.09,174.15,54.052,54.405,-25.3310,3.6933,349.22,420.36,-24.8648,2.0498,,,0.19684,0
57.6566,20,60,6,6,290.33,561.89,dwell,411.78,484.00,144.28,0,178.828,8.022,179.875,-18.76,20.86,147.47,-18.50,-8.12,174.21,53.871,54.676,-27.5590,6.2740,411.78,484.00,-26.0772,3.9507,,,0.23998,0
57.7577,20,60,6,6,290.33,561.89,dwell,386.33,421.00,170.48,0,178.901,8.043,179.854,-18.89,20.84,147.49,-18.78,-8.33,173.82,53.671,54.856,-25.5931,4.8873,386.33,421.00,-25.8594,4.3722,,,0.18569,0
57.8473,20,60,6,6,290.33,561.89,capture,417.93,452.56,168.03,0,179.016,7.999,179.877,-18.84,20.62,147.54,-17.86,-7.52,174.23,54.033,54.652,-27.4055,6.7322,417.93,452.56,-26.5551,5.4342,,,0.22989,0
57.9460,20,60,6,6,290.33,561.89,capture,398.91,434.47,167.41,0,179.032,7.979,179.869,-18.76,20.66,147.48,-18.57,-8.64,173.63,53.865,54.389,-27.3473,5.7280,398.91,434.47,-26.9116,5.5664,,,0.20887,0
58.0427,20,60,6,6,290.33,561.89,capture,406.08,433.85,172.60,0,179.142,8.071,179.879,-18.68,20.53,147.48,-17.94,-8.25,174.01,53.724,54.424,-26.1847,5.8574,406.08,433.85,-26.5845,5.6973,,,0.22077,0
58.1551,20,60,6,6,290.33,561.89,capture,394.98,439.57,160.97,0,178.938,8.035,179.853,-18.77,20.68,147.60,-18.34,-8.12,173.76,54.236,54.407,-26.8667,5.4966,394.98,439.57,-26.7115,5.6070,,,0.25263,0
58.2521,20,60,6,6,290.33,561.89,capture,412.00,413.82,191.64,0,178.981,8.036,179.793,-18.73,20.72,147.62,-17.96,-8.71,174.12,54.169,54.166,-25.9437,6.2209,412.00,413.82,-26.3660,5.8833,,,0.19542,0
58.3509,20,60,6,6,290.33,561.89,capture,431.50,390.13,222.33,0,179.037,8.084,179.764,-18.66,20.53,147.40,-17.86,-7.49,174.02,53.956,54.248,-25.2649,7.2933,431.50,390.13,-25.8705,6.5178,,,0.20536,0
58.4443,20,60,6,6,290.33,561.89,capture,432.57,423.87,198.19,0,179.080,8.251,179.797,-18.53,20.29,147.41,-17.91,-8.72,174.06,53.891,54.361,-27.0726,7.0697,432.57,423.87,-26.4114,6.7662,,,0.21807,0
58.5398,20,60,6,6,290.33,561.89,capture,422.17,434.41,183.39,0,179.098,8.310,179.821,-18.43,20.49,147.14,-18.09,-8.60,173.41,53.815,54.564,-26.2600,6.5005,422.17,434.41,-26.3433,6.6466,,,0.21653,0
58.6431,20,60,6,6,290.33,561.89,capture,420.23,431.10,184.33,0,179.047,8.323,179.851,-18.30,20.54,146.90,-18.48,-8.92,172.89,53.849,54.574,-26.4194,6.0847,420.23,431.10,-26.3775,6.3938,,,0.20919,0
58.7251,20,60,6,6,290.33,561.89,capture,448.50,427.88,207.30,0,179.047,8.448,179.835,-18.33,20.69,146.88,-18.11,-8.10,173.15,54.088,54.358,-25.9030,8.2389,448.50,427.88,-26.1640,7.2241,,,0.22679,0
58.8227,20,60,6,6,290.33,561.89,capture,430.44,417.82,200.96,0,178.996,8.497,179.802,-18.39,20.55,147.04,-17.57,-8.10,173.40,53.965,54.443,-25.7662,7.0927,430.44,417.82,-25.9850,7.1649,,,0.22727,0
58.9270,20,60,6,6,290.33,561.89,capture,430.88,426.00,195.50,0,179.010,8.604,179.794,-18.22,20.67,147.13,-18.46,-7.06,173.00,53.825,54.645,-26.1959,7.1099,430.88,426.00,-26.0799,7.1402,,,0.23984,0
59.0215,20,60,6,6,290.33,561.89,capture,426.74,436.66,185.17,0,179.004,8.500,179.801,-18.19,20.57,147.17,-18.00,-8.37,173.55,53.813,54.610,-26.8656,6.6441,426.74,436.66,-26.4335,6.9169,,,0.20209,0
59.1154,20,60,6,6,290.33,561.89,capture,421.77,424.91,189.84,0,178.982,8.602,179.851,-18.13,20.67,147.45,-17.28,-7.54,173.53,53.651,54.065,-26.4925,7.1509,421.77,424.91,-26.4600,7.0222,,,0.18906,0
59.2041,20,60,6,6,290.33,561.89,capture,421.57,410.05,200.69,0,178.922,8.515,179.842,-18.21,20.62,147.54,-17.25,-9.23,173.90,53.732,54.014,-25.9152,6.6521,421.57,410.05,-26.2149,6.8557,,,0.19877,0
59.3206,20,60,6,6,290.33,561.89,capture,408.60,455.14,159.32,0,178.908,8.595,179.843,-18.12,20.60,147.58,-17.85,-8.32,174.09,53.429,53.698,-27.8401,6.4040,408.60,455.14,-26.9462,6.6524,,,0.20460,0
59.4173,20,60,6,6,290.33,561.89,capture,414.08,424.20,185.13,0,178.767,8.625,179.833,-18.05,20.59,147.62,-17.82,-7.17,173.87,54.043,53.797,-25.7196,5.9924,414.08,424.20,-26.3942,6.3554,,,0.21791,0
59.5203,20,60,6,6,290.33,561.89,capture,416.17,441.02,174.48,0,178.707,8.733,179.858,-18.32,20.53,147.74,-17.58,-8.08,173.81,53.940,54.023,-27.3055,5.9493,416.17,441.02,-26.8043,6.1727,,,0.21343,0
59.6138,20,60,6,6,290.33,561.89,capture,382.20,413.23,174.75,0,178.783,8.610,179.840,-18.32,20.55,147.41,-17.98,-7.33,174.09,53.950,54.143,-25.2778,5.3416,382.20,413.23,-26.1174,5.7987,,,0.20278,0
59.7209,20,60,6,6,290.33,561.89,capture,400.08,441.70,162.76,0,178.855,8.550,179.867,-18.33,20.75,147.65,-17.99,-6.96,173.77,53.693,54.014,-27.0911,6.0998,400.08,441.70,-26.5556,5.9342,,,0.18400,0
59.9372,21,50,5,5,245.67,475.44,dwell,315.44,529.02,87.97,0,178.915,8.504,179.884,-18.27,20.79,147.79,-17.73,-8.28,174.41,53.842,53.993,-29.9200,1.4513,315.44,529.02,-29.9200,1.4513,,,0.24955,0
60.0330,21,50,5,5,245.67,475.44,dwell,276.28,304.48,173.68,0,178.936,8.455,179.890,-18.30,20.87,147.48,-17.75,-7.38,173.80,53.661,54.000,-22.6036,-0.2629,276.28,304.48,-26.6276,0.6799,,,0.21370,0
60.1377,21,50,5,5,245.67,475.44,dwell,336.08,410.38,111.39,0,179.085,8.427,179.888,-18.40,20.87,147.54,-17.78,-7.71,173.73,53.736,54.315,-26.3280,2.1047,336.08,410.38,-26.4928,1.3211,,,0.21111,0
60.2584,21,50,5,5,245.67,475.44,dwell,321.84,307.12,184.76,0,179.023,8.397,179.893,-18.50,20.82,147.47,-17.81,-7.83,174.25,53.553,54.261,-22.2476,2.2473,321.84,307.12,-24.5825,1.7379,,,0.22703,0
60.3530,21,50,5,5,245.67,475.44,dwell,209.06,372.97,108.82,0,179.160,8.411,179.867,-18.40,20.85,147.64,-18.22,-7.24,174.04,53.515,54.280,-23.5687,-3.4689,209.06,372.97,-24.1263,-0.6052,,,0.23905,0
60.4678,21,50,5,5,245.67,475.44,dwell,184.19,441.45,70.25,0,179.089,8.423,179.873,-18.44,20.64,147.63,-18.29,-7.65,174.18,53.422,54.595,-27.2033,-4.7480,184.19,441.45,-25.5109,-2.4694,,,0.20743,0
60.5644,21,50,5,5,245.67,475.44,dwell,223.64,459.33,27.29,1,179.034,8.445,179.879,-18.45,20.59,147.59,-18.40,-7.46,174.12,53.211,54.813,-27.7494,-2.5265,223.64,459.33,-26.5182,-2.4951,,,0.20906,0
60.6591,21,50,5,5,245.67,475.44,dwell,236.54,488.28,15.75,1,179.039,8.441,179.861,-18.53,20.60,147.53,-18.07,-8.68,173.86,53.583,54.163,-28.5674,-2.0894,236.54,488.28,-27.4404,-2.3125,,,0.22253,0
60.7542,21,50,5,5,245.67,475.44,dwell,229.32,440.04,39.00,1,178.980,8.602,179.833,-18.60,20.68,147.75,-18.13,-7.43,174.47,53.542,54.271,-27.1415,-2.1397,229.32,440.04,-27.3059,-2.2348,,,0.22195,0
60.8555,21,50,5,5,245.67,475.44,dwell,181.68,443.26,71.62,0,178.918,8.468,179.828,-18.59,20.80,147.76,-18.39,-7.93,174.26,53.226,54.328,-26.6874,-4.1171,181.68,443.26,-27.0276,-3.0818,,,0.19533,0
60.9622,21,50,5,5,245.67,475.44,dwell,144.90,432.37,109.59,0,178.907,8.523,179.820,-18.53,20.78,147.81,-18.51,-7.89,174.80,53.489,54.282,-26.5389,-6.0176,144.90,432.37,-26.8077,-4.4029,,,0.20999,0
61.0616,21,50,5,5,245.67,475.44,capture,138.03,441.82,112.77,0,179.036,8.430,179.803,-18.55,20.71,147.64,-18.26,-7.99,173.79,53.592,54.156,-27.2664,-5.8131,138.03,441.82,-27.0141,-5.0375,,,0.22301,0
61.1640,21,50,5,5,245.67,475.44,capture,124.93,411.81,136.48,0,179.048,8.497,179.818,-18.53,20.50,147.54,-18.02,-8.44,173.97,53.700,54.169,-25.4697,-7.5319,124.93,411.81,-26.3191,-6.1600,,,0.18397,0
61.2573,21,50,5,5,245.67,475.44,capture,130.55,438.87,120.79,0,178.971,8.604,179.878,-18.57,20.52,147.41,-18.19,-7.56,173.79,53.751,53.868,-26.8758,-7.1426,130.55,438.87,-26.5696,-6.6021,,,0.21446,0
61.3393,21,50,5,5,245.67,475.44,capture,123.71,421.99,133.16,0,178.941,8.487,179.862,-18.75,20.52,147.59,-18.32,-8.27,173.63,53.726,53.734,-25.9934,-6.9608,123.71,421.99,-26.3104,-6.7635,,,0.20232,0
61.4213,21,50,5,5,245.67,475.44,capture,140.54,428.53,115.12,0,178.994,8.468,179.818,-18.71,20.58,147.68,-18.00,-7.02,173.58,53.379,53.725,-26.2892,-7.1695,140.54,428.53,-26.3008,-6.9462,,,0.20489,0
61.5073,21,50,5,5,245.67,475.44,capture,105.90,400.47,158.61,0,179.106,8.440,179.849,-18.82,20.57,147.74,-18.82,-8.62,173.96,53.552,54.056,-24.1771,-8.3340,105.90,400.47,-25.3452,-7.5707,,,0.21157,0
61.6122,21,50,5,5,245.67,475.44,capture,131.54,404.90,134.17,0,179.146,8.338,179.836,-18.82,20.76,147.60,-18.45,-7.47,174.12,53.715,53.823,-25.2351,-6.9724,131.54,404.90,-25.2956,-7.3015,,,0.18813,0
61.7286,21,50,5,5,245.67,475.44,capture,138.73,430.65,115.94,0,179.099,8.253,179.807,-18.73,20.64,147.66,-18.07,-8.02,173.99,53.663,53.907,-27.3120,-5.8927,138.73,430.65,-26.2030,-6.6675,,,0.21048,0
61.8106,21,50,5,5,245.67,475.44,capture,124.95,417.53,133.89,0,179.186,8.323,179.830,-18.73,20.79,147.52,-18.28,-7.80,173.82,53.688,53.900,-26.4834,-6.8492,124.95,417.53,-26.3292,-6.7493,,,0.20752,0
61.8993,21,50,5,5,245.67,475.44,capture,141.51,427.87,114.51,0,179.179,8.314,179.817,-18.69,20.69,147.52,-17.87,-8.27,174.13,53.613,53.696,-26.7363,-6.2891,141.51,427.87,-26.5124,-6.5422,,,0.21257,0
61.9954,21,50,5,5,245.67,475.44,capture,125.61,411.72,135.92,0,179.108,8.109,179.803,-18.64,20.71,147.40,-18.39,-8.59,173.27,53.447,53.546,-25.6859,-7.0199,125.61,411.72,-26.1404,-6.7572,,,0.22660,0
62.1106,21,50,5,5,245.67,475.44,capture,125.69,397.73,142.95,0,179.002,8.101,179.794,-18.58,20.70,147.42,-17.89,-7.59,173.94,53.932,53.211,-25.0554,-6.7213,125.69,397.73,-25.6522,-6.7410,,,0.21081,0
62.2219,21,50,5,5,245.67,475.44,capture,116.22,403.92,147.89,0,179.078,8.022,179.783,-18.47,20.50,147.79,-17.95,-7.79,174.70,53.435,53.270,-25.9394,-8.1700,116.22,403.92,-25.7814,-7.3841,,,0.20403,0
62.3360,21,50,5,5,245.67,475.44,capture,112.45,421.82,143.60,0,179.008,8.073,179.761,-18.46,20.62,147.97,-17.89,-8.04,173.83,53.567,53.536,-26.8396,-7.4990,112.45,421.82,-26.2576,-7.4358,,,0.20930,0
62.4397,21,50,5,5,245.67,475.44,capture,132.58,406.31,132.54,0,178.994,8.001,179.779,-18.55,20.57,148.01,-18.39,-6.88,174.47,53.469,53.565,-25.2317,-6.9689,132.58,406.31,-25.7960,-7.2257,,,0.22654,0
62.5421,21,50,5,5,245.67,475.44,capture,143.27,394.81,130.33,0,178.848,7.897,179.795,-18.56,20.61,147.80,-18.18,-7.49,174.16,53.873,53.519,-25.9783,-6.0529,143.27,394.81,-25.8780,-6.6979,,,0.21917,0
62.6417,21,50,5,5,245.67,475.44,capture,128.03,393.57,143.32,0,178.792,7.978,179.777,-18.61,20.73,147.89,-17.83,-7.91,174.37,53.538,53.438,-25.1935,-7.9278,128.03,393.57,-25.5700,-7.2514,,,0.21266,0
62.7523,21,50,5,5,245.67,475.44,capture,139.31,430.47,115.47,0,178.804,8.077,179.747,-18.58,20.72,147.71,-17.94,-8.42,174.12,53.497,53.469,-26.6977,-6.0125,139.31,430.47,-26.0775,-6.6938,,,0.22644,0
62.8590,21,50,5,5,245.67,475.44,capture,152.91,406.82,115.38,0,178.874,8.082,179.756,-18.56,20.60,147.88,-17.94,-7.62,173.99,53.652,53.911,-25.4881,-5.1460,152.91,406.82,-25.8122,-5.9973,,,0.19376,0
62.9691,21,50,5,5,245.67,475.44,capture,153.14,415.39,110.31,0,178.783,8.328,179.768,-18.57,20.57,147.82,-18.06,-7.73,174.58,53.678,53.854,-25.5941,-5.7391,153.14,415.39,-25.7141,-5.8811,,,0.22022,0
63.1348,22,49,5,4,201.00,475.44,dwell,154.36,219.23,260.42,0,178.742,8.360,179.776,-18.61,20.74,148.00,-18.34,-7.85,174.96,53.487,54.056,-18.8666,-5.9173,154.36,219.23,-18.8666,-5.9173,,,0.21366,0
63.2168,22,49,5,4,201.00,475.44,dwell,146.78,374.28,114.78,0,178.789,8.369,179.787,-18.53,20.64,148.05,-18.20,-7.04,174.51,53.594,54.127,-24.1287,-5.9080,146.78,374.28,-21.2345,-5.9131,,,0.17889,0
63.3211,22,49,5,4,201.00,475.44,dwell,148.70,394.07,96.73,0,178.738,8.401,179.792,-18.46,20.66,148.06,-18.15,-7.49,174.55,54.044,54.088,-25.0029,-5.9696,148.70,394.07,-22.9303,-5.9386,,,0.22309,0
63.4316,22,49,5,4,201.00,475.44,dwell,64.02,299.16,223.25,0,178.740,8.394,179.805,-18.50,20.67,148.08,-18.42,-7.71,174.31,54.148,54.211,-21.2105,-10.4795,64.02,299.16,-22.1564,-7.9820,,,0.22972,0
63.5335,22,49,5,4,201.00,475.44,dwell,35.80,327.95,221.46,0,178.791,8.155,179.823,-18.45,20.55,147.87,-17.31,-8.20,174.30,54.420,54.249,-22.2404,-11.6523,35.80,327.95,-22.1942,-9.6336,,,0.24757,0
63.6221,22,49,5,4,201.00,475.44,dwell,189.07,227.58,248.15,0,178.822,8.081,179.825,-18.34,20.39,147.82,-17.84,-8.90,174.00,54.251,54.559,-18.6603,-3.7604,189.07,227.58,-20.6040,-6.9907,,,0.22434,0
63.7479,22,49,5,4,201.00,475.44,dwell,153.32,221.89,258.00,0,178.789,8.068,179.830,-18.40,20.34,147.59,-18.02,-7.79,173.23,54.173,54.536,-19.0875,-5.9449,153.32,221.89,-19.9215,-6.5201,,,0.23470,0
63.8316,22,49,5,4,201.00,475.44,dwell,93.87,315.63,192.40,0,178.871,8.086,179.808,-18.41,20.44,147.61,-17.49,-7.57,174.13,53.940,54.508,-21.8503,-9.1565,93.87,315.63,-20.7895,-7.7065,,,0.21086,0
63.9275,22,49,5,4,201.00,475.44,dwell,100.97,286.73,213.59,0,178.847,8.077,179.843,-18.56,20.56,147.55,-18.22,-8.47,173.75,53.666,54.440,-21.1359,-8.2253,100.97,286.73,-20.9454,-7.9400,,,0.20278,0
64.0276,22,49,5,4,201.00,475.44,dwell,137.51,276.63,208.71,0,178.769,8.106,179.832,-18.55,20.61,147.74,-17.65,-7.07,174.50,54.055,54.529,-19.9666,-6.0418,137.51,276.63,-20.5049,-7.0858,,,0.22966,0
64.1238,22,49,5,4,201.00,475.44,capture,132.27,245.44,240.05,0,178.850,8.263,179.840,-18.58,20.56,147.54,-18.40,-7.66,173.68,53.956,54.314,-19.0221,-6.3037,132.27,245.44,-19.8376,-6.7338,,,0.22508,0
64.2265,22,49,5,4,201.00,475.44,capture,144.72,236.70,245.29,0,178.771,8.192,179.839,-18.44,20.57,147.61,-18.51,-8.03,173.67,53.768,54.472,-18.8672,-5.4222,144.72,236.70,-19.4009,-6.1436,,,0.20206,0
64.3229,22,49,5,4,201.00,475.44,capture,154.12,252.42,227.90,0,178.873,8.162,179.867,-18.51,20.53,147.69,-18.42,-8.01,173.84,53.826,54.270,-19.1106,-5.3575,154.12,252.42,-19.2703,-5.7899,,,0.21780,0
64.4310,22,49,5,4,201.00,475.44,capture,123.92,228.91,258.30,0,178.813,8.159,179.843,-18.45,20.67,147.98,-17.74,-7.98,174.64,54.149,54.153,-18.5452,-6.9510,123.92,228.91,-18.9440,-6.3124,,,0.22616,0
64.5360,22,49,5,4,201.00,475.44,capture,102.56,241.21,254.08,0,178.966,8.357,179.805,-18.56,20.39,148.04,-18.10,-8.11,174.60,54.122,53.848,-18.7627,-8.1239,102.56,241.21,-18.8624,-7.1276,,,0.21914,0
64.6374,22,49,5,4,201.00,475.44,capture,121.31,246.93,242.01,0,179.061,8.326,179.797,-18.51,20.27,147.99,-17.90,-7.39,174.71,54.062,53.681,-18.4201,-7.1172,121.31,246.93,-18.6634,-7.1229,,,0.20616,0
64.7194,22,49,5,4,201.00,475.44,capture,137.64,245.64,238.38,0,178.836,8.201,179.791,-18.55,20.39,148.18,-17.71,-8.07,174.63,54.090,53.612,-18.8836,-6.8591,137.64,245.64,-18.7625,-7.0042,,,0.24685,0
64.8103,22,49,5,4,201.00,475.44,capture,113.57,252.76,239.23,0,178.872,8.230,179.773,-18.44,20.44,147.91,-17.57,-7.65,174.65,54.240,53.971,-19.7903,-7.6169,113.57,252.76,-19.2250,-7.2799,,,0.21593,0
64.9084,22,49,5,4,201.00,475.44,capture,105.89,260.44,235.10,0,178.872,8.357,179.786,-18.52,20.54,147.89,-17.83,-8.37,173.52,54.033,53.766,-20.2376,-8.2517,105.89,260.44,-19.6807,-7.7172,,,0.21347,0
65.0081,22,49,5,4,201.00,475.44,capture,104.56,224.21,269.11,0,178.751,8.346,179.832,-18.60,20.39,147.85,-18.16,-8.18,174.09,53.636,53.920,-18.9217,-8.4951,104.56,224.21,-19.3391,-8.0673,,,0.20745,0
65.0973,22,49,5,4,201.00,475.44,capture,116.30,256.50,234.76,0,178.706,8.551,179.842,-18.69,20.50,148.03,-18.17,-7.36,174.46,53.685,54.094,-19.5736,-7.8848,116.30,256.50,-19.4447,-7.9852,,,0.22452,0
65.1912,22,49,5,4,201.00,475.44,capture,123.05,270.49,219.28,0,178.804,8.496,179.839,-18.62,20.54,147.97,-18.25,-8.70,174.09,54.058,53.958,-20.4898,-6.3967,123.05,270.49,-19.9150,-7.2704,,,0.23284,0
65.3228,22,49,5,4,201.00,475.44,capture,108.84,247.15,246.19,0,178.874,8.497,179.816,-18.60,20.50,148.09,-17.84,-8.35,175.24,53.785,53.886,-18.9368,-8.2518,108.84,247.15,-19.4748,-7.7120,,,0.22890,0
65.4311,22,49,5,4,201.00,475.44,capture,109.58,265.05,229.40,0,178.759,8.407,179.811,-18.63,20.55,147.82,-17.98,-7.95,174.37,53.786,53.599,-20.4252,-7.5551,109.58,265.05,-19.9025,-7.6414,,,0.21905,0
65.5294,22,49,5,4,201.00,475.44,capture,103.83,236.73,257.73,0,178.945,8.433,179.817,-18.46,20.61,147.82,-18.52,-8.20,174.36,53.755,53.680,-18.0978,-8.8473,103.83,236.73,-19.0904,-8.1840,,,0.21998,0
65.6400,22,49,5,4,201.00,475.44,capture,110.02,236.79,255.41,0,178.938,8.307,179.838,-18.38,20.38,147.64,-17.32,-7.73,174.17,54.006,53.625,-18.9609,-7.8012,110.02,236.79,-19.0321,-8.0118,,,0.20846,0
65.7272,22,49,5,4,201.00,475.44,capture,106.56,273.49,222.95,0,179.027,8.143,179.859,-18.27,20.45,147.70,-17.17,-7.57,173.57,53.907,53.397,-20.9355,-7.7515,106.56,273.49,-19.8886,-7.8946,,,0.20283,0
65.8320,22,49,5,4,201.00,475.44,capture,115.51,246.39,244.49,0,179.017,8.262,179.850,-18.24,20.62,147.70,-17.96,-7.09,174.21,53.941,53.676,-19.3484,-8.0503,115.51,246.39,-19.6455,-7.9647,,,0.22158,0
66.0230,23,45,5,0,22.33,475.44,dwell,93.37,244.52,241.60,0,179.011,8.178,179.870,-18.23,20.63,147.56,-17.56,-8.12,173.73,53.833,53.907,-19.2699,-8.3795,93.37,244.52,-19.2699,-8.3795,,,0.22715,0
66.1304,23,45,5,0,22.33,475.44,dwell,116.49,223.20,269.24,0,178.896,8.208,179.860,-18.31,20.55,147.71,-17.39,-8.16,174.18,53.397,53.846,-19.1082,-7.7913,116.49,223.20,-19.1971,-8.1148,,,0.20914,0
66.2124,23,45,5,0,22.33,475.44,dwell,52.79,550.44,80.94,0,178.872,8.149,179.818,-18.28,20.49,147.58,-17.39,-7.62,173.92,53.567,54.200,-31.2254,-10.2718,52.79,550.44,-24.6098,-9.0854,,,0.19191,0
66.3218,23,45,5,0,22.33,475.44,dwell,89.85,324.71,165.16,0,178.918,8.089,179.833,-18.29,20.12,147.49,-17.75,-8.64,173.86,53.526,54.094,-21.3609,-8.3317,89.85,324.71,-23.1478,-8.7463,,,0.19377,0
66.4228,23,45,5,0,22.33,475.44,dwell,33.55,517.87,43.88,1,178.987,8.093,179.811,-18.21,20.20,147.75,-17.59,-8.13,174.21,53.990,54.178,-30.1711,-11.5292,33.55,517.87,-26.3083,-9.9986,,,0.23731,0
66.5267,23,45,5,0,22.33,475.44,dwell,-29.33,410.83,82.73,0,179.127,8.248,179.811,-18.29,20.23,147.80,-17.98,-8.45,174.15,54.365,54.110,-26.0676,-14.0489,-29.33,410.83,-26.2000,-11.8212,,,0.21465,0
66.6326,23,45,5,0,22.33,475.44,dwell,16.07,491.81,17.52,1,179.117,8.243,179.777,-18.29,20.17,147.79,-17.86,-8.56,174.68,54.560,54.329,-28.3481,-12.4936,16.07,491.81,-27.1667,-12.1238,,,0.21033,0
66.7285,23,45,5,0,22.33,475.44,dwell,-24.64,463.75,48.41,0,179.058,8.199,179.780,-18.28,20.14,147.46,-17.84,-8.33,173.73,54.378,53.967,-28.8357,-13.9659,-24.64,463.75,-27.9177,-12.9527,,,0.21188,0
66.8294,23,45,5,0,22.33,475.44,dwell,1.83,554.75,81.91,0,178.998,8.254,179.794,-18.32,20.13,147.70,-17.48,-8.11,173.87,54.517,53.846,-30.7139,-12.0789,1.83,554.75,-29.1760,-12.5595,,,0.22730,0
66.9481,23,45,5,0,22.33,475.44,capture,-4.67,543.27,73.00,0,178.972,8.165,179.778,-18.22,20.03,147.72,-17.90,-8.13,174.33,54.550,53.619,-30.3216,-12.4534,-4.67,543.27,-29.6916,-12.5118,,,0.21905,0
67.0461,23,45,5,0,22.33,475.44,capture,-27.84,511.83,61.98,0,178.966,8.015,179.771,-18.23,20.18,147.92,-17.44,-9.03,174.13,54.070,53.794,-29.5936,-14.4285,-27.84,511.83,-29.6475,-13.3743,,,0.22744,0
67.1558,23,45,5,0,22.33,475.44,capture,-21.90,532.31,72.04,0,179.022,8.083,179.790,-18.28,20.00,147.86,-17.63,-8.54,173.95,53.926,53.854,-31.5759,-13.7206,-21.90,532.31,-30.5152,-13.5301,,,0.20119,0
67.2619,23,45,5,0,22.33,475.44,capture,-19.18,498.93,47.70,0,179.068,8.029,179.806,-18.50,20.16,147.95,-18.22,-8.90,174.05,53.899,53.697,-30.1747,-13.6186,-19.18,498.93,-30.3620,-13.5699,,,0.21688,0
67.3574,23,45,5,0,22.33,475.44,capture,-25.79,542.31,82.38,0,179.144,8.076,179.795,-18.49,20.17,148.16,-17.34,-8.41,174.55,53.629,53.665,-31.7313,-13.9351,-25.79,542.31,-30.9782,-13.7343,,,0.23032,0
67.4562,23,45,5,0,22.33,475.44,capture,-10.31,551.97,83.20,0,179.026,8.283,179.770,-18.52,20.39,148.21,-17.73,-8.54,174.75,53.298,53.811,-31.1723,-13.4461,-10.31,551.97,-31.0655,-13.6046,,,0.19698,0
67.5490,23,45,5,0,22.33,475.44,capture,-15.61,542.64,77.17,0,178.988,8.320,179.770,-18.50,20.44,148.04,-17.95,-7.92,174.64,53.162,54.047,-30.0301,-13.7332,-15.61,542.64,-30.5996,-13.6624,,,0.21573,0
67.6468,23,45,5,0,22.33,475.44,capture,0.26,515.41,45.66,1,178.988,8.315,179.771,-18.44,20.59,147.99,-17.86,-7.61,174.79,53.467,53.946,-29.3800,-13.0026,0.26,515.41,-30.0508,-13.3655,,,0.21246,0
67.7423,23,45,5,0,22.33,475.44,capture,-42.90,524.95,81.89,0,178.926,8.391,179.771,-18.51,20.59,147.74,-18.46,-7.81,174.11,53.308,53.929,-30.1612,-14.6850,-42.90,524.95,-30.1005,-13.9593,,,0.20057,0
67.8367,23,45,5,0,22.33,475.44,capture,-16.05,524.96,62.65,0,179.002,8.394,179.784,-18.37,20.65,147.93,-17.88,-8.14,174.15,53.347,54.094,-30.5653,-13.5061,-16.05,524.96,-30.3096,-13.7554,,,0.22135,0
67.9229,23,45,5,0,22.33,475.44,capture,-5.91,513.52,47.41,0,178.976,8.280,179.810,-18.47,20.63,147.88,-18.03,-7.63,174.08,53.467,54.175,-29.3349,-12.9890,-5.91,513.52,-29.8710,-13.4105,,,0.19686,0
68.0332,23,45,5,0,22.33,475.44,capture,-15.49,557.16,90.04,0,178.831,8.184,179.808,-18.46,20.62,148.05,-18.14,-7.22,174.29,53.537,54.042,-31.9797,-13.3301,-15.49,557.16,-30.8199,-13.3743,,,0.19100,0
68.1367,23,45,5,0,22.33,475.44,capture,-15.95,524.40,62.15,0,178.838,8.214,179.821,-18.56,20.46,148.03,-18.41,-7.96,174.18,53.864,54.021,-30.9496,-13.7025,-15.95,524.40,-30.8783,-13.5220,,,0.20343,0
68.2377,23,45,5,0,22.33,475.44,capture,12.56,513.63,39.42,1,178.877,8.281,179.843,-18.53,20.47,147.90,-18.04,-8.28,174.30,54.030,53.950,-29.9099,-12.5318,12.56,513.63,-30.4425,-13.0764,,,0.23392,0
68.3299,23,45,5,0,22.33,475.44,capture,-1.78,532.49,61.93,0,178.972,8.349,179.825,-18.66,20.40,147.66,-18.22,-7.14,174.05,53.873,54.228,-30.5110,-13.6813,-1.78,532.49,-30.4734,-13.3486,,,0.20965,0
68.4155,23,45,5,0,22.33,475.44,capture,-6.58,532.33,63.81,0,178.960,8.228,179.834,-18.70,20.55,147.60,-18.10,-8.40,173.76,53.966,54.227,-31.4296,-12.7872,-6.58,532.33,-30.9037,-13.0960,,,0.21746,0
68.4975,23,45,5,0,22.33,475.44,capture,7.99,532.56,58.89,0,179.033,8.332,179.853,-18.86,20.64,147.74,-18.28,-8.09,173.83,53.811,53.908,-30.0931,-12.4570,7.99,532.56,-30.5389,-12.8084,,,0.22416,0
68.5950,23,45,5,0,22.33,475.44,capture,3.54,526.24,54.16,0,178.935,8.449,179.852,-18.81,20.60,147.82,-18.29,-7.88,174.65,54.010,53.884,-30.9371,-12.9169,3.54,526.24,-30.7181,-12.8572,,,0.21036,0
68.7121,23,45,5,0,22.33,475.44,capture,-18.39,553.43,87.98,0,178.980,8.388,179.877,-18.69,20.69,147.63,-18.94,-7.54,173.86,53.599,53.943,-31.4833,-13.0152,-18.39,553.43,-31.0624,-12.9283,,,0.21095,0
68.8100,23,45,5,0,22.33,475.44,capture,7.79,536.05,62.33,0,178.905,8.297,179.825,-18.57,20.69,147.73,-17.95,-7.47,173.93,53.195,54.420,-30.9356,-12.6647,7.79,536.05,-31.0054,-12.8097,,,0.20404,0
68.9830,24,77,8,5,245.67,734.78,dwell,102.32,519.14,258.94,0,178.899,8.243,179.832,-18.51,20.65,147.72,-17.45,-7.78,174.00,53.148,54.243,-29.9575,-8.1336,102.32,519.14,-29.9575,-8.1336,,,0.19006,0
69.0897,24,77,8,5,245.67,734.78,dwell,149.65,650.85,127.53,0,178.952,8.194,179.833,-18.48,20.62,147.64,-18.33,-7.93,174.03,53.246,53.824,-35.3192,-5.7625,149.65,650.85,-32.3703,-7.0666,,,0.22014,0
69.1780,24,77,8,5,245.67,734.78,dwell,161.32,675.52,103.08,0,179.084,8.302,179.824,-18.44,20.58,147.46,-17.98,-7.41,174.17,53.219,53.531,-35.7395,-5.2419,161.32,675.52,-33.8864,-6.2455,,,0.21047,0
69.2852,24,77,8,5,245.67,734.78,dwell,194.04,639.17,108.66,0,178.987,8.321,179.804,-18.45,20.32,147.38,-17.91,-8.63,173.57,54.152,53.810,-34.7477,-3.5033,194.04,639.17,-34.2740,-5.0115,,,0.24759,0
69.3881,24,77,8,5,245.67,734.78,dwell,223.88,686.93,52.57,0,179.039,8.526,179.841,-18.41,20.17,147.24,-17.59,-8.15,173.72,54.193,53.624,-35.2267,-3.5855,223.88,686.93,-34.7027,-4.3698,,,0.21579,0
69.4749,24,77,8,5,245.67,734.78,dwell,128.27,671.50,133.36,0,179.029,8.578,179.841,-18.26,20.16,147.18,-18.34,-7.60,173.44,54.072,53.793,-35.9902,-7.7538,128.27,671.50,-35.2821,-5.8926,,,0.23496,0
69.6001,24,77,8,5,245.67,734.78,dwell,224.93,723.82,23.45,1,179.007,8.647,179.849,-18.27,20.29,147.24,-18.23,-8.42,173.38,54.030,53.730,-38.5969,-2.1949,224.93,723.82,-36.7737,-4.2286,,,0.21945,0
69.6980,24,77,8,5,245.67,734.78,dwell,310.54,735.70,64.88,0,179.069,8.771,179.819,-18.34,20.29,147.31,-17.70,-7.82,173.83,53.896,53.263,-38.9500,1.4127,310.54,735.70,-37.7531,-1.6901,,,0.21986,0
69.7860,24,77,8,5,245.67,734.78,dwell,310.05,759.96,69.13,0,179.130,8.795,179.853,-18.33,20.18,147.22,-17.89,-8.32,173.54,53.767,53.650,-39.4068,1.8257,310.05,759.96,-38.4972,-0.1080,,,0.21490,0
69.8884,24,77,8,5,245.67,734.78,capture,302.37,806.29,91.26,0,179.127,8.913,179.845,-18.33,19.98,147.49,-17.65,-8.10,173.73,53.603,53.429,-40.7333,1.3415,302.37,806.29,-39.5034,0.5443,,,0.21560,0
69.9866,24,77,8,5,245.67,734.78,capture,303.82,813.77,98.09,0,179.181,9.038,179.830,-18.44,20.09,147.67,-18.30,-8.48,174.62,53.553,53.507,-41.0893,1.3076,303.82,813.77,-40.2171,0.8878,,,0.19320,0
70.0784,24,77,8,5,245.67,734.78,capture,303.04,781.20,73.80,0,179.154,8.882,179.841,-18.44,20.11,147.59,-17.60,-9.06,174.32,53.740,53.426,-40.5734,0.9312,303.04,781.20,-40.3775,0.9073,,,0.20450,0
70.1754,24,77,8,5,245.67,734.78,capture,297.74,787.18,73.88,0,179.104,8.882,179.841,-18.56,20.34,147.51,-17.89,-7.99,174.03,53.862,53.552,-40.4568,1.3118,297.74,787.18,-40.4132,1.0893,,,0.21231,0
70.2631,24,77,8,5,245.67,734.78,capture,286.60,791.57,70.01,0,179.047,8.935,179.826,-18.65,20.39,147.67,-17.63,-7.69,173.79,53.944,53.429,-40.5212,0.7879,286.60,791.57,-40.4618,0.9537,,,0.22713,0
70.3451,24,77,8,5,245.67,734.78,capture,303.16,798.69,85.97,0,178.949,8.853,179.815,-18.56,20.34,147.63,-18.53,-7.69,173.98,53.761,53.573,-40.7840,0.6510,303.16,798.69,-40.6068,0.8175,,,0.19726,0
70.4418,24,77,8,5,245.67,734.78,capture,287.83,774.37,57.84,0,179.023,8.858,179.803,-18.59,20.41,147.47,-17.67,-7.86,173.27,53.477,53.861,-39.7693,0.7345,287.83,774.37,-40.2299,0.7801,,,0.20465,0
70.5238,24,77,8,5,245.67,734.78,capture,311.85,817.89,106.24,0,179.079,8.990,179.772,-18.60,20.38,147.53,-17.76,-8.33,173.90,53.877,53.987,-40.8225,2.1211,311.85,817.89,-40.4966,1.3836,,,0.21970,0
70.6108,24,77,8,5,245.67,734.78,capture,319.83,806.74,103.34,0,178.988,9.059,179.800,-18.47,20.36,147.71,-18.05,-7.46,173.72,53.796,54.023,-42.1509,1.4130,319.83,806.74,-41.2410,1.3968,,,0.21896,0
70.7113,24,77,8,5,245.67,734.78,capture,310.48,785.18,82.10,0,179.061,8.948,179.775,-18.57,20.64,147.56,-17.53,-8.02,174.24,53.663,54.368,-41.1137,1.8653,310.48,785.18,-41.1837,1.6076,,,0.20726,0
70.8081,24,77,8,5,245.67,734.78,capture,307.98,787.82,81.83,0,179.069,8.841,179.796,-18.52,20.81,147.55,-18.35,-8.18,173.38,53.578,54.073,-41.2707,2.0089,307.98,787.82,-41.2229,1.7882,,,0.20509,0
70.9037,24,77,8,5,245.67,734.78,capture,311.02,801.42,93.34,0,179.024,8.866,179.778,-18.58,20.95,147.66,-17.44,-7.57,174.08,53.564,53.963,-41.2534,1.1249,311.02,801.42,-41.2366,1.4897,,,0.19378,0
71.0206,24,77,8,5,245.67,734.78,capture,305.87,799.58,88.45,0,178.934,8.813,179.752,-18.49,20.77,147.66,-17.84,-6.82,174.41,53.806,54.075,-40.5548,0.8631,305.87,799.58,-40.9298,1.2077,,,0.22997,0
71.1265,24,77,8,5,245.67,734.78,capture,292.76,805.10,84.63,0,179.095,8.852,179.756,-18.41,20.57,147.44,-18.16,-7.93,173.49,53.928,54.187,-41.5611,0.4651,292.76,805.10,-41.2139,0.8735,,,0.22347,0
71.2249,24,77,8,5,245.67,734.78,capture,290.43,783.15,65.91,0,179.096,8.786,179.763,-18.48,20.64,147.46,-18.40,-8.21,173.57,54.029,54.110,-40.2764,0.6694,290.43,783.15,-40.7920,0.7817,,,0.22438,0
71.3129,24,77,8,5,245.67,734.78,capture,292.74,807.18,86.36,0,178.958,8.740,179.785,-18.48,20.65,147.70,-17.74,-8.54,174.04,53.631,54.136,-40.8354,0.6358,292.74,807.18,-40.8115,0.7160,,,0.19836,0
71.3956,24,77,8,5,245.67,734.78,capture,301.93,760.23,61.75,0,179.047,8.809,179.796,-18.49,20.74,147.82,-18.24,-8.43,174.29,53.896,54.154,-39.6439,1.7396,301.93,760.23,-40.2861,1.1766,,,0.22303,0
71.5172,24,77,8,5,245.67,734.78,capture,308.29,813.97,100.96,0,178.991,8.894,179.813,-18.33,20.77,147.85,-17.50,-7.20,174.39,53.477,54.085,-41.3880,1.7769,308.29,813.97,-40.7820,1.4467,,,0.17360,0
71.6125,24,77,8,5,245.67,734.78,capture,288.05,815.17,90.88,0,179.012,8.966,179.830,-18.40,20.91,147.95,-18.24,-8.10,174.63,53.457,54.334,-41.4085,0.4851,288.05,815.17,-41.0639,1.0140,,,0.19121,0
71.7338,24,77,8,5,245.67,734.78,capture,306.58,783.28,77.86,0,178.926,9.027,179.834,-18.45,21.00,147.78,-18.26,-7.34,174.30,53.510,54.612,-40.4337,1.8375,306.58,783.28,-40.7803,1.3846,,,0.19179,0
71.8971,25,42,4,6,290.33,389.00,dwell,239.59,572.12,190.02,0,178.828,8.890,179.865,-18.43,21.03,147.96,-18.08,-7.04,174.45,53.747,54.650,-33.4338,-2.3868,239.59,572.12,-33.4338,-2.3868,,,0.21563,0
71.9887,25,42,4,6,290.33,389.00,dwell,212.98,675.98,297.22,0,178.797,8.727,179.865,-18.40,21.00,147.79,-17.66,-8.27,174.58,53.636,54.016,-37.2674,-2.3994,212.98,675.98,-35.1589,-2.3924,,,0.21201,0
72.1015,25,42,4,6,290.33,389.00,dwell,286.40,589.70,200.74,0,178.853,8.649,179.890,-18.42,20.87,148.08,-18.06,-7.99,174.84,53.487,53.793,-32.9181,-0.1582,286.40,589.70,-34.1506,-1.3870,,,0.22057,0
72.2031,25,42,4,6,290.33,389.00,dwell,184.73,595.36,231.81,0,178.873,8.618,179.872,-18.42,20.87,148.16,-17.26,-8.13,174.79,53.883,53.544,-32.8410,-4.1265,184.73,595.36,-33.5612,-2.6198,,,0.22663,0
72.3058,25,42,4,6,290.33,389.00,dwell,280.92,527.33,138.65,0,178.891,8.568,179.888,-18.29,20.87,147.97,-17.61,-7.38,174.68,54.181,53.672,-30.4011,-0.3289,280.92,527.33,-32.1392,-1.5889,,,0.21630,0
72.4188,25,42,4,6,290.33,389.00,dwell,179.37,485.98,147.37,0,178.868,8.511,179.868,-18.34,21.05,147.85,-18.20,-8.66,174.09,53.889,53.905,-28.5305,-4.5591,179.37,485.98,-30.5153,-2.9255,,,0.23761,0
72.5223,25,42,4,6,290.33,389.00,dwell,227.65,437.49,79.25,0,178.752,8.615,179.877,-18.27,21.51,148.01,-17.54,-7.87,174.36,53.698,54.001,-27.3861,-1.7843,227.65,437.49,-29.1071,-2.4119,,,0.21432,0
72.6174,25,42,4,6,290.33,389.00,dwell,223.47,414.72,71.64,0,178.867,8.458,179.860,-18.34,21.39,148.04,-17.51,-6.93,174.28,53.771,54.323,-24.6763,-1.9914,223.47,414.72,-27.1132,-2.2227,,,0.23378,0
72.7186,25,42,4,6,290.33,389.00,capture,210.83,372.79,81.14,0,178.836,8.532,179.899,-18.23,21.32,148.09,-17.93,-6.98,174.57,53.926,54.477,-24.5656,-3.3579,210.83,372.79,-25.9668,-2.7336,,,0.23119,0
72.8275,25,42,4,6,290.33,389.00,capture,220.23,356.35,77.33,0,178.901,8.531,179.861,-18.24,21.27,147.70,-17.27,-6.66,174.16,53.552,54.256,-24.3976,-2.5715,220.23,356.35,-25.2607,-2.6606,,,0.21765,0
72.9257,25,42,4,6,290.33,389.00,capture,175.75,349.60,121.17,0,178.814,8.507,179.877,-18.19,20.96,148.00,-17.97,-7.41,174.91,53.574,54.412,-24.2689,-4.8476,175.75,349.60,-24.8144,-3.6448,,,0.20800,0
73.0282,25,42,4,6,290.33,389.00,capture,180.44,362.23,113.11,0,178.875,8.462,179.863,-18.22,21.15,148.17,-18.44,-6.86,174.59,53.873,54.493,-23.9083,-5.0306,180.44,362.23,-24.4067,-4.2684,,,0.20975,0
73.1456,25,42,4,6,290.33,389.00,capture,198.06,342.03,103.54,0,178.915,8.282,179.870,-18.13,21.12,148.19,-17.55,-7.21,174.73,53.844,54.308,-24.3477,-4.0437,198.06,342.03,-24.3801,-4.1673,,,0.22038,0
73.2300,25,42,4,6,290.33,389.00,capture,190.02,360.16,104.38,0,178.970,8.245,179.868,-18.15,21.10,148.09,-17.31,-8.08,174.35,53.691,54.420,-23.3990,-4.3610,190.02,360.16,-23.9386,-4.2544,,,0.21031,0
73.3345,25,42,4,6,290.33,389.00,capture,195.42,354.77,100.90,0,178.855,8.311,179.870,-18.30,21.06,148.30,-18.38,-6.90,175.02,53.295,54.367,-24.7486,-3.2533,195.42,354.77,-24.3031,-3.8039,,,0.19310,0
73.4684,25,42,4,6,290.33,389.00,capture,202.24,362.09,92.11,0,178.902,8.246,179.875,-18.42,20.94,148.44,-17.62,-7.64,175.08,53.102,54.241,-23.3203,-3.6933,202.24,362.09,-23.8609,-3.7541,,,0.19518,0
73.5624,25,42,4,6,290.33,389.00,capture,202.03,363.42,91.93,0,178.986,8.362,179.833,-18.45,20.94,148.37,-17.91,-7.29,174.65,53.069,54.367,-24.6145,-3.1209,202.03,363.42,-24.2000,-3.4692,,,0.19624,0
73.6739,25,42,4,6,290.33,389.00,capture,192.05,374.28,99.38,0,178.946,8.360,179.825,-18.53,20.99,148.33,-18.27,-7.29,174.85,53.092,54.500,-24.8671,-3.7216,192.05,374.28,-24.5002,-3.5828,,,0.19882,0
73.7774,25,42,4,6,290.33,389.00,capture,179.14,377.55,111.78,0,178.894,8.237,179.810,-18.64,20.86,148.09,-18.28,-7.67,174.21,53.183,54.476,-24.0763,-3.9455,179.14,377.55,-24.3094,-3.7460,,,0.18581,0
73.8647,25,42,4,6,290.33,389.00,capture,195.26,376.44,95.90,0,178.796,8.214,179.813,-18.56,20.87,148.14,-18.28,-7.91,174.55,53.249,54.710,-24.7637,-3.6990,195.26,376.44,-24.5138,-3.7248,,,0.21988,0
73.9710,25,42,4,6,290.33,389.00,capture,200.95,364.83,92.59,0,178.826,8.223,179.826,-18.51,20.85,148.04,-18.06,-7.55,174.68,53.274,55.090,-24.0571,-3.7018,200.95,364.83,-24.3083,-3.7144,,,0.18324,0
74.0750,25,42,4,6,290.33,389.00,capture,208.47,367.90,84.54,0,178.695,8.185,179.847,-18.57,21.22,147.96,-17.67,-7.71,173.97,53.076,55.248,-23.9575,-3.2696,208.47,367.90,-24.1504,-3.5143,,,0.19828,0
74.1801,25,42,4,6,290.33,389.00,capture,185.50,377.05,105.51,0,178.812,8.041,179.828,-18.38,21.10,147.83,-17.84,-7.52,173.97,52.976,55.086,-24.4727,-3.5930,185.50,377.05,-24.2954,-3.5497,,,0.20995,0
74.2814,25,42,4,6,290.33,389.00,capture,209.59,358.84,86.19,0,178.714,8.131,179.802,-18.42,21.09,147.84,-18.06,-6.76,174.56,53.058,55.075,-24.6915,-3.0042,209.59,358.84,-24.4737,-3.3042,,,0.20274,0
74.3990,25,42,4,6,290.33,389.00,capture,198.15,346.62,101.46,0,178.801,8.086,179.808,-18.50,20.72,147.90,-18.88,-6.67,174.15,52.971,54.455,-23.5219,-3.8671,198.15,346.62,-24.0454,-3.5575,,,0.20629,0
74.4938,25,42,4,6,290.33,389.00,capture,226.90,375.33,64.89,0,178.787,7.978,179.810,-18.58,20.80,148.23,-18.32,-7.13,174.96,53.515,54.174,-24.8978,-2.3290,226.90,375.33,-24.4289,-3.0047,,,0.20677,0
74.6803,26,56,6,2,111.67,561.89,dwell,148.45,369.84,195.54,0,178.846,8.002,179.792,-18.49,20.75,148.07,-17.00,-8.26,174.76,53.616,53.994,-23.1628,-6.1791,148.45,369.84,-23.1628,-6.1791,,,0.19676,0
74.7792,26,56,6,2,111.67,561.89,dwell,272.49,495.71,173.91,0,178.763,8.110,179.796,-18.58,20.96,147.85,-17.99,-8.27,174.56,53.949,54.340,-29.0078,0.3015,272.49,495.71,-25.7931,-3.2628,,,0.22211,0
74.8782,26,56,6,2,111.67,561.89,dwell,237.63,289.92,299.72,0,178.654,8.152,179.827,-18.62,20.84,147.97,-18.58,-7.50,174.59,53.818,54.325,-22.0164,-1.7194,237.63,289.92,-24.0936,-2.5683,,,0.25144,0
74.9667,26,56,6,2,111.67,561.89,dwell,77.37,474.51,93.87,0,178.732,8.227,179.839,-18.54,20.68,147.87,-18.01,-7.43,174.05,53.528,54.441,-27.7430,-9.9049,77.37,474.51,-25.7358,-5.8698,,,0.20559,0
75.0593,26,56,6,2,111.67,561.89,dwell,110.62,500.74,61.16,0,178.643,8.304,179.835,-18.61,20.73,147.80,-18.39,-8.23,173.92,53.419,54.135,-29.7075,-8.1287,110.62,500.74,-27.5230,-6.8863,,,0.21002,0
75.1441,26,56,6,2,111.67,561.89,dwell,148.81,461.04,107.47,0,178.610,8.513,179.859,-18.34,20.68,147.68,-17.84,-7.28,173.98,53.325,53.856,-26.7101,-6.1616,148.81,461.04,-27.1572,-6.5602,,,0.19929,0
75.2508,26,56,6,2,111.67,561.89,dwell,80.20,492.61,76.09,0,178.622,8.585,179.867,-18.20,20.59,147.65,-17.71,-7.37,174.01,53.549,53.490,-29.4859,-8.6653,80.20,492.61,-28.2051,-7.5075,,,0.20243,0
75.3405,26,56,6,2,111.67,561.89,dwell,104.45,489.35,72.90,0,178.672,8.513,179.863,-18.11,20.46,147.66,-17.70,-8.27,174.21,53.550,53.499,-28.6832,-7.9033,104.45,489.35,-28.4203,-7.6856,,,0.19908,0
75.4284,26,56,6,2,111.67,561.89,capture,92.48,492.07,72.41,0,178.807,8.500,179.872,-18.19,20.38,147.76,-17.75,-8.44,174.11,53.489,53.629,-28.1306,-8.5213,92.48,492.07,-28.2899,-8.0616,,,0.20659,0
75.5231,26,56,6,2,111.67,561.89,capture,100.12,477.98,84.70,0,178.839,8.452,179.877,-18.23,20.38,147.64,-18.50,-8.26,173.78,53.616,53.192,-28.9237,-8.3484,100.12,477.98,-28.5751,-8.1907,,,0.21835,0
75.6105,26,56,6,2,111.67,561.89,capture,85.08,493.96,72.95,0,178.933,8.575,179.824,-18.27,20.19,147.56,-17.75,-9.33,174.09,53.771,53.377,-29.5728,-8.5221,85.08,493.96,-29.0241,-8.3398,,,0.19130,0
75.7209,26,56,6,2,111.67,561.89,capture,106.64,523.38,38.84,1,178.940,8.516,179.854,-18.40,20.35,147.64,-18.75,-8.69,173.88,53.765,53.665,-30.2449,-8.1360,106.64,523.38,-29.5735,-8.2481,,,0.20301,0
75.8280,26,56,6,2,111.67,561.89,capture,121.75,506.76,56.04,0,179.003,8.513,179.849,-18.49,20.32,147.27,-18.28,-7.76,173.29,54.014,53.619,-28.9022,-7.1802,121.75,506.76,-29.2714,-7.7676,,,0.23532,0
75.9152,26,56,6,2,111.67,561.89,capture,109.11,484.49,77.44,0,179.102,8.534,179.873,-18.63,20.45,147.43,-18.35,-7.96,173.83,54.160,53.654,-28.8260,-7.7121,109.11,484.49,-29.0710,-7.7426,,,0.25649,0
76.0180,26,56,6,2,111.67,561.89,capture,119.62,489.05,73.27,0,179.003,8.673,179.854,-18.58,20.58,147.21,-18.13,-8.60,173.60,54.078,53.921,-28.5522,-7.4319,119.62,489.05,-28.8375,-7.6028,,,0.21140,0
76.1283,26,56,6,2,111.67,561.89,capture,105.24,492.61,69.58,0,178.900,8.571,179.860,-18.56,20.57,147.23,-18.31,-8.22,173.22,53.589,54.208,-28.6573,-7.4506,105.24,492.61,-28.7564,-7.5343,,,0.22384,0
76.2149,26,56,6,2,111.67,561.89,capture,110.71,486.73,75.16,0,178.816,8.595,179.842,-18.64,20.61,147.43,-18.01,-7.18,173.73,53.394,54.015,-28.6511,-7.8561,110.71,486.73,-28.7090,-7.6791,,,0.19710,0
76.3128,26,56,6,2,111.67,561.89,capture,124.01,487.35,75.55,0,178.871,8.648,179.842,-18.61,20.59,147.53,-17.91,-7.65,174.06,53.197,54.115,-28.4078,-6.9793,124.01,487.35,-28.5735,-7.3642,,,0.20194,0
76.3949,26,56,6,2,111.67,561.89,capture,112.65,490.25,71.65,0,178.941,8.544,179.840,-18.50,20.68,147.67,-17.77,-7.90,173.97,53.129,54.733,-29.1547,-8.3116,112.65,490.25,-28.8350,-7.7905,,,0.19773,0
76.4797,26,56,6,2,111.67,561.89,capture,114.16,476.52,85.41,0,179.086,8.636,179.855,-18.46,20.64,147.70,-18.22,-8.11,173.91,53.601,54.604,-28.6897,-7.8734,114.16,476.52,-28.7696,-7.8278,,,0.19308,0
76.5732,26,56,6,2,111.67,561.89,capture,124.81,494.78,68.38,0,179.193,8.618,179.852,-18.49,20.79,147.62,-17.95,-8.25,174.09,53.431,55.326,-28.5142,-6.3293,124.81,494.78,-28.6547,-7.1535,,,0.21058,0
76.6694,26,56,6,2,111.67,561.89,capture,114.31,516.07,45.90,0,178.966,8.690,179.849,-18.45,20.74,147.48,-17.99,-7.94,173.71,53.341,55.051,-30.0821,-8.0791,114.31,516.07,-29.2970,-7.5700,,,0.22653,0
76.7687,26,56,6,2,111.67,561.89,capture,118.23,510.00,52.30,0,178.881,8.737,179.815,-18.44,20.64,147.43,-17.99,-7.89,173.38,53.362,54.556,-28.7684,-7.7142,118.23,510.00,-29.0591,-7.6349,,,0.22649,0
76.8657,26,56,6,2,111.67,561.89,capture,117.01,489.50,72.59,0,178.786,8.578,179.805,-18.42,20.64,147.42,-18.05,-7.82,173.58,53.543,54.518,-29.9155,-7.2727,117.01,489.50,-29.4445,-7.4719,,,0.20605,0
76.9592,26,56,6,2,111.67,561.89,capture,110.30,478.92,82.98,0,178.695,8.508,179.809,-18.40,20.77,147.48,-17.71,-7.26,173.60,53.576,54.193,-28.8170,-7.2868,110.30,478.92,-29.1621,-7.3886,,,0.19500,0
77.0517,26,56,6,2,111.67,561.89,capture,111.45,474.88,87.01,0,178.621,8.504,179.817,-18.39,20.69,147.61,-17.44,-6.92,173.96,53.480,54.091,-28.6979,-7.9646,111.45,474.88,-28.9532,-7.6478,,,0.21221,0
77.1579,26,56,6,2,111.67,561.89,capture,106.07,476.67,85.40,0,178.717,8.550,179.834,-18.45,20.65,147.70,-18.23,-8.29,174.65,53.651,54.365,-27.8139,-8.3692,106.07,476.67,-28.4405,-7.9724,,,0.20329,0
77.2696,26,56,6,2,111.67,561.89,capture,101.41,488.60,74.00,0,178.676,8.603,179.837,-18.44,20.69,147.54,-18.06,-7.56,173.66,53.660,54.350,-27.5855,-8.4430,101.41,488.60,-28.0558,-8.1842,,,0.21606,0
77.3629,26,56,6,2,111.67,561.89,capture,114.50,497.65,64.30,0,178.644,8.652,179.820,-18.53,20.91,147.41,-17.57,-7.45,173.76,53.293,54.539,-29.2504,-7.6095,114.50,497.65,-28.5933,-7.9256,,,0.20631,0
77.5530,27,7,0,7,335.00,43.22,dwell,162.82,583.90,567.43,0,178.624,8.476,179.823,-18.69,20.80,147.37,-18.33,-7.61,173.92,53.820,54.709,-32.7153,-5.3579,162.82,583.90,-32.7153,-5.3579,,,0.22476,0
77.6484,27,7,0,7,335.00,43.22,dwell,212.23,454.78,429.48,0,178.710,8.348,179.853,-18.53,20.81,147.41,-18.42,-7.54,173.90,53.640,54.772,-28.3618,-2.7392,212.23,454.78,-30.7562,-4.1795,,,0.21541,0
77.7304,27,7,0,7,335.00,43.22,dwell,189.49,470.08,450.98,0,178.630,8.202,179.825,-18.49,20.70,147.54,-18.32,-7.09,174.00,53.558,54.733,-27.8824,-4.0534,189.49,470.08,-29.4630,-4.1227,,,0.22847,0
77.8454,27,7,0,7,335.00,43.22,dwell,289.97,306.26,266.86,0,178.652,7.839,179.803,-18.44,20.74,147.74,-18.34,-8.59,173.95,53.948,54.608,-21.4985,0.5756,289.97,306.26,-25.8790,-2.0085,,,0.20032,0
77.9536,27,7,0,7,335.00,43.22,dwell,292.39,145.82,111.09,0,178.563,7.743,179.810,-18.41,20.79,147.87,-17.26,-8.45,173.76,53.719,54.775,-15.0230,1.3103,292.39,145.82,-20.9938,-0.5150,,,0.21824,0
78.0618,27,7,0,7,335.00,43.22,dwell,289.82,78.77,57.49,0,178.731,7.777,179.818,-18.42,20.76,147.80,-17.45,-7.90,174.06,54.031,54.948,-12.8864,1.0507,289.82,78.77,-17.3455,0.1895,,,0.22712,0
78.1586,27,7,0,7,335.00,43.22,dwell,338.61,179.60,136.43,0,178.809,7.647,179.816,-18.39,20.86,147.69,-18.08,-7.57,173.98,53.688,54.787,-16.1906,2.2671,338.61,179.60,-16.8258,1.1245,,,0.19352,0
78.2430,27,7,0,7,335.00,43.22,dwell,389.12,102.42,80.21,0,178.673,7.695,179.848,-18.46,20.84,147.76,-18.26,-7.32,174.02,53.679,54.832,-13.7623,5.6701,389.12,102.42,-15.4472,3.1700,,,0.20296,0
78.3510,27,7,0,7,335.00,43.22,dwell,391.96,19.28,61.79,0,178.737,7.747,179.811,-18.32,20.66,147.82,-18.15,-8.89,174.90,53.634,54.790,-10.7155,5.3364,391.96,19.28,-13.3179,4.1449,,,0.20673,0
78.4480,27,7,0,7,335.00,43.22,capture,438.90,-36.44,130.92,0,178.703,7.857,179.799,-18.29,20.70,147.67,-17.53,-7.42,174.10,53.377,54.857,-8.7268,8.4257,438.90,-36.44,-11.2519,6.0712,,,0.20337,0
78.5558,27,7,0,7,335.00,43.22,capture,396.56,-22.99,90.41,0,178.608,7.696,179.796,-18.21,20.55,147.75,-17.35,-7.74,173.86,53.641,54.783,-8.2113,5.5861,396.56,-22.99,-9.8836,5.8529,,,0.19839,0
78.6416,27,7,0,7,335.00,43.22,capture,422.84,-18.74,107.50,0,178.617,7.744,179.791,-18.20,20.56,147.63,-18.16,-8.50,174.03,53.708,54.386,-9.0860,7.0765,422.84,-18.74,-9.5247,6.4035,,,0.21920,0
78.7408,27,7,0,7,335.00,43.22,capture,428.32,-30.33,118.82,0,178.590,7.666,179.799,-18.36,20.42,147.55,-18.15,-8.17,173.70,53.833,54.117,-8.2379,7.5829,428.32,-30.33,-8.9457,6.9342,,,0.22566,0
78.8327,27,7,0,7,335.00,43.22,capture,394.25,-38.43,100.88,0,178.613,7.458,179.827,-18.28,20.57,147.53,-18.13,-7.28,174.25,53.555,53.932,-8.1996,5.2409,394.25,-38.43,-8.6099,6.1723,,,0.18270,0
78.9360,27,7,0,7,335.00,43.22,capture,424.42,-28.34,114.53,0,178.547,7.377,179.819,-18.29,20.45,147.65,-17.74,-8.23,173.99,53.119,53.667,-9.0317,6.3992,424.42,-28.34,-8.7997,6.2744,,,0.18231,0
79.0399,27,7,0,7,335.00,43.22,capture,429.34,-11.93,109.28,0,178.557,7.212,179.793,-18.35,20.36,147.67,-18.08,-8.56,174.10,53.440,53.764,-8.8638,7.0181,429.34,-11.93,-8.8286,6.6091,,,0.19939,0
79.1301,27,7,0,7,335.00,43.22,capture,431.50,-26.95,119.32,0,178.655,7.246,179.797,-18.28,20.25,147.65,-18.06,-8.91,174.25,53.500,54.137,-8.9296,7.2085,431.50,-26.95,-8.8740,6.8788,,,0.19299,0
79.2262,27,7,0,7,335.00,43.22,capture,420.77,-10.62,101.27,0,178.759,7.146,179.806,-18.08,20.23,147.68,-17.72,-8.15,173.58,53.535,54.140,-9.8570,7.2080,420.77,-10.62,-9.3164,7.0269,,,0.22103,0
79.3181,27,7,0,7,335.00,43.22,capture,434.74,-7.69,111.98,0,178.745,7.074,179.791,-17.91,20.29,147.64,-17.15,-8.71,173.96,53.535,53.886,-9.1959,7.1130,434.74,-7.69,-9.2622,7.0657,,,0.18773,0
79.4282,27,7,0,7,335.00,43.22,capture,393.96,-27.87,92.36,0,178.733,7.081,179.812,-17.86,20.26,147.55,-17.55,-8.66,173.77,53.645,54.048,-8.7780,5.2387,393.96,-27.87,-9.0443,6.2435,,,0.21840,0
79.5388,27,7,0,7,335.00,43.22,capture,427.29,-19.39,111.52,0,178.716,7.209,179.798,-17.83,20.41,147.77,-17.72,-8.33,174.17,53.848,54.316,-8.4716,6.9350,427.29,-19.39,-8.7866,6.5547,,,0.21421,0
79.6356,27,7,0,7,335.00,43.22,capture,409.20,-11.58,92.24,0,178.853,7.280,179.797,-18.01,20.48,147.70,-17.15,-8.62,173.96,53.652,54.122,-8.8373,6.2693,409.20,-11.58,-8.8094,6.4263,,,0.20848,0
79.7362,27,7,0,7,335.00,43.22,capture,416.86,4.61,90.51,0,178.882,7.323,179.796,-18.07,20.40,147.57,-18.39,-7.96,174.37,53.763,54.215,-10.2691,6.2526,416.86,4.61,-9.4663,6.3481,,,0.19162,0
79.8226,27,7,0,7,335.00,43.22,capture,392.86,-4.41,74.94,0,178.836,7.389,179.816,-18.15,20.49,147.36,-17.94,-8.17,174.11,53.917,54.140,-10.2360,5.6933,392.86,-4.41,-9.8127,6.0535,,,0.23084,0
79.9303,27,7,0,7,335.00,43.22,capture,419.34,-0.57,95.03,0,178.720,7.432,179.800,-18.11,20.36,147.22,-17.75,-8.90,173.74,53.943,53.831,-9.8868,6.2875,419.34,-0.57,-9.8460,6.1588,,,0.20981,0
80.0375,27,7,0,7,335.00,43.22,capture,443.22,-20.16,125.41,0,178.747,7.581,179.794,-18.00,20.32,147.21,-17.36,-8.32,173.38,53.833,53.371,-9.2913,8.1529,443.22,-20.16,-9.5964,7.0561,,,0.23206,0
80.1492,27,7,0,7,335.00,43.22,capture,418.12,-7.24,97.24,0,178.875,7.571,179.798,-18.06,20.17,147.16,-17.12,-7.98,173.22,53.757,53.453,-10.2579,6.3945,418.12,-7.24,-9.8941,6.7584,,,0.18833,0
80.2619,27,7,0,7,335.00,43.22,capture,430.45,-38.37,125.57,0,178.901,7.588,179.797,-18.06,20.16,147.37,-17.73,-8.61,174.27,53.661,53.439,-8.7701,6.6031,430.45,-38.37,-9.3883,6.6885,,,0.22653,0
80.3635,27,7,0,7,335.00,43.22,capture,427.07,-2.56,102.82,0,178.869,7.580,179.785,-18.19,20.21,147.21,-17.79,-8.16,173.24,53.965,53.544,-8.8040,6.7853,427.07,-2.56,-9.1253,6.7320,,,0.22930,0
80.5618,28,18,2,0,22.33,216.11,dwell,280.80,1.80,335.76,0,179.015,7.618,179.780,-18.16,20.27,147.24,-17.76,-8.10,173.65,54.099,54.229,-9.6148,-0.3279,280.80,1.80,-9.6148,-0.3279,,,0.22681,0
80.6719,28,18,2,0,22.33,216.11,dwell,312.15,223.75,289.92,0,178.963,7.684,179.805,-18.27,20.39,146.99,-17.90,-6.95,172.82,53.925,54.641,-18.3032,1.6696,312.15,223.75,-13.5246,0.5710,,,0.22400,0
80.7681,28,18,2,0,22.33,216.11,dwell,197.23,170.37,180.78,0,178.915,7.709,179.818,-18.31,20.37,146.66,-17.88,-7.93,172.42,53.627,54.149,-17.1608,-4.1295,197.23,170.37,-15.1609,-1.5442,,,0.22010,0
80.8729,28,18,2,0,22.33,216.11,dwell,264.13,239.97,242.97,0,178.784,7.607,179.799,-18.41,20.47,146.36,-18.16,-8.61,172.64,53.879,54.377,-19.6326,-0.7953,264.13,239.97,-17.1731,-1.2072,,,0.18568,0
80.9771,28,18,2,0,22.33,216.11,dwell,214.64,194.93,193.47,0,178.845,7.540,179.810,-18.28,20.32,146.52,-17.43,-7.87,172.16,54.000,53.728,-17.6258,-2.4700,214.64,194.93,-17.3769,-1.7755,,,0.22851,0
81.0639,28,18,2,0,22.33,216.11,dwell,175.55,210.44,153.32,0,178.866,7.688,179.819,-18.17,20.13,146.68,-18.14,-8.17,172.99,54.285,53.843,-18.6542,-4.7975,175.55,210.44,-17.9517,-3.1354,,,0.20745,0
81.1700,28,18,2,0,22.33,216.11,dwell,136.94,196.82,116.22,0,178.950,7.593,179.809,-18.23,20.33,146.75,-18.08,-8.17,172.75,54.408,53.713,-18.4070,-7.0647,136.94,196.82,-18.1566,-4.9036,,,0.23444,0
81.2520,28,18,2,0,22.33,216.11,dwell,131.60,221.35,109.39,0,179.018,7.529,179.827,-18.28,20.37,147.13,-17.61,-8.13,172.88,54.214,53.561,-18.2695,-6.7157,131.60,221.35,-18.2074,-5.7190,,,0.22656,0
81.3455,28,18,2,0,22.33,216.11,dwell,102.08,260.07,91.06,0,178.938,7.550,179.831,-18.07,20.57,147.19,-17.62,-7.85,173.40,54.073,53.908,-19.8178,-8.5951,102.08,260.07,-18.9321,-7.0132,,,0.23150,0
81.4486,28,18,2,0,22.33,216.11,dwell,74.74,322.63,118.71,0,179.000,7.620,179.804,-18.13,20.70,147.21,-17.89,-8.41,172.87,53.931,53.852,-22.1355,-9.3702,74.74,322.63,-20.3736,-8.0739,,,0.22994,0
81.5450,28,18,2,0,22.33,216.11,capture,67.19,343.62,135.17,0,178.981,7.675,179.807,-18.19,20.69,147.01,-17.45,-8.05,172.97,53.849,53.435,-23.4883,-9.2758,67.19,343.62,-21.7752,-8.6148,,,0.21620,0
81.6604,28,18,2,0,22.33,216.11,capture,77.98,315.48,113.89,0,179.025,7.565,179.800,-18.20,20.66,146.95,-17.10,-7.97,173.30,53.725,53.303,-21.5784,-8.8529,77.98,315.48,-21.6867,-8.7219,,,0.21929,0
81.7683,28,18,2,0,22.33,216.11,capture,75.78,322.69,119.23,0,179.100,7.577,179.796,-18.20,20.56,147.11,-17.72,-7.53,173.39,53.864,53.690,-22.9470,-9.2064,75.78,322.69,-22.2538,-8.9399,,,0.20858,0
81.8762,28,18,2,0,22.33,216.11,capture,79.94,341.63,138.11,0,179.046,7.634,179.802,-18.15,20.72,147.09,-17.79,-8.23,173.17,53.638,53.676,-23.9819,-8.5757,79.94,341.63,-23.0315,-8.7760,,,0.20931,0
81.9747,28,18,2,0,22.33,216.11,capture,71.22,321.06,115.78,0,178.886,7.678,179.801,-18.22,20.59,147.04,-17.28,-7.75,173.39,53.846,53.935,-22.0156,-9.7007,71.22,321.06,-22.5743,-9.1921,,,0.23165,0
82.0776,28,18,2,0,22.33,216.11,capture,85.67,327.57,128.20,0,179.023,7.687,179.795,-18.35,20.65,146.90,-17.85,-7.83,172.94,53.986,54.467,-23.0943,-8.6391,85.67,327.57,-22.8083,-8.9433,,,0.20802,0
82.1774,28,18,2,0,22.33,216.11,capture,87.27,294.21,101.57,0,178.976,7.817,179.767,-18.48,20.74,146.99,-17.66,-7.89,172.90,54.053,54.519,-21.1525,-9.0510,87.27,294.21,-22.0632,-8.9917,,,0.23150,0
82.2814,28,18,2,0,22.33,216.11,capture,80.64,330.28,128.20,0,179.013,7.860,179.780,-18.47,20.88,147.29,-17.61,-7.98,173.48,54.125,54.205,-21.8979,-9.5796,80.64,330.28,-21.9888,-9.2563,,,0.19470,0
82.3932,28,18,2,0,22.33,216.11,capture,92.32,332.27,135.61,0,179.053,7.995,179.771,-18.53,20.68,147.37,-18.00,-6.52,173.51,53.986,54.702,-23.2541,-7.9236,92.32,332.27,-22.5582,-8.6566,,,0.23888,0
82.4901,28,18,2,0,22.33,216.11,capture,74.47,295.61,95.07,0,179.039,7.783,179.772,-18.65,20.68,147.56,-17.78,-7.60,173.53,53.367,54.427,-20.9131,-9.2305,74.47,295.61,-21.8179,-8.9148,,,0.21281,0
82.5799,28,18,2,0,22.33,216.11,capture,74.19,299.05,97.82,0,178.922,7.754,179.815,-18.65,20.75,147.33,-17.45,-8.31,173.92,53.119,54.356,-21.4878,-9.5793,74.19,299.05,-21.6693,-9.2138,,,0.20284,0
82.6903,28,18,2,0,22.33,216.11,capture,47.02,315.92,102.82,0,178.934,7.814,179.819,-18.62,20.55,147.51,-18.66,-8.18,174.06,52.970,54.329,-21.1177,-10.8170,47.02,315.92,-21.4211,-9.9353,,,0.18484,0
82.7914,28,18,2,0,22.33,216.11,capture,91.19,312.53,118.48,0,178.931,7.731,179.855,-18.45,20.60,147.44,-18.25,-7.89,174.02,52.985,54.241,-21.9251,-8.8439,91.19,312.53,-21.6479,-9.4442,,,0.19868,0
82.8917,28,18,2,0,22.33,216.11,capture,82.72,303.79,106.46,0,178.877,7.674,179.856,-18.31,20.55,147.52,-17.70,-7.48,173.75,53.289,54.263,-21.7445,-9.1139,82.72,303.79,-21.6914,-9.2955,,,0.22057,0
83.0001,28,18,2,0,22.33,216.11,capture,73.48,311.38,108.13,0,178.918,7.753,179.856,-18.35,20.60,147.61,-17.90,-8.00,173.51,53.521,54.295,-23.1741,-9.2953,73.48,311.38,-22.3586,-9.2954,,,0.20560,0
83.0889,28,18,2,0,22.33,216.11,capture,78.69,322.52,120.41,0,178.957,7.818,179.854,-18.22,20.63,147.77,-18.22,-7.37,174.34,53.952,54.127,-22.7290,-9.7947,78.69,322.52,-22.5253,-9.5201,,,0.21764,0
83.1979,28,18,2,0,22.33,216.11,capture,68.76,320.14,113.92,0,179.073,7.933,179.844,-18.16,20.58,147.77,-17.54,-8.38,173.91,53.966,54.278,-22.0135,-9.0697,68.76,320.14,-22.2950,-9.3174,,,0.24746,0
83.2799,28,18,2,0,22.33,216.11,capture,81.49,329.29,127.71,0,179.060,8.066,179.834,-18.10,20.60,147.65,-17.61,-7.69,173.75,54.076,54.159,-22.6770,-9.1847,81.49,329.29,-22.4669,-9.2577,,,0.20240,0
83.3752,28,18,2,0,22.33,216.11,capture,90.23,304.00,111.06,0,179.006,8.069,179.845,-18.17,20.62,147.62,-17.92,-8.33,173.73,53.978,54.569,-21.6263,-8.7306,90.23,304.00,-22.0886,-9.0205,,,0.23431,0
83.4778,28,18,2,0,22.33,216.11,capture,89.42,306.52,112.58,0,178.989,7.983,179.868,-18.28,20.81,147.51,-18.22,-8.09,173.87,53.620,54.860,-22.2740,-8.3523,89.42,306.52,-22.1721,-8.7198,,,0.21131,0
83.5976,28,18,2,0,22.33,216.11,capture,87.68,354.07,152.65,0,179.009,7.910,179.817,-18.36,20.76,147.43,-17.34,-7.94,174.10,53.978,54.702,-23.2808,-8.1612,87.68,354.07,-22.6710,-8.4685,,,0.21952,0
83.7747,29,27,3,0,22.33,302.56,dwell,62.02,276.45,47.50,0,178.900,8.001,179.847,-18.22,20.84,147.08,-17.46,-7.87,173.41,54.057,54.386,-19.6909,-10.2850,62.02,276.45,-19.6909,-10.2850,,,0.20217,0
83.8971,29,27,3,0,22.33,302.56,dwell,95.37,313.18,73.81,0,178.881,8.075,179.828,-18.14,20.83,147.23,-17.85,-7.49,172.95,53.755,54.082,-22.2938,-7.9673,95.37,313.18,-20.8622,-9.2421,,,0.22820,0
83.9791,29,27,3,0,22.33,302.56,dwell,67.63,293.13,46.27,0,178.958,8.094,179.811,-17.98,20.87,147.18,-16.90,-8.48,172.93,53.492,53.935,-20.7319,-9.4900,67.63,293.13,-20.8036,-9.3537,,,0.19786,0
84.0881,29,27,3,0,22.33,302.56,dwell,216.70,347.28,199.45,0,178.858,7.918,179.784,-18.06,20.87,147.24,-17.53,-6.96,173.19,53.443,53.424,-23.8493,-2.3869,216.70,347.28,-22.1741,-6.2186,,,0.18163,0
84.1783,29,27,3,0,22.33,302.56,dwell,120.56,435.63,165.40,0,178.802,7.946,179.766,-18.18,20.92,147.25,-17.60,-7.72,173.40,53.697,53.566,-26.3232,-7.6134,120.56,435.63,-24.0412,-6.8463,,,0.21359,0
84.2796,29,27,3,0,22.33,302.56,dwell,166.06,370.26,158.87,0,178.856,8.092,179.810,-18.19,20.86,147.28,-17.78,-6.97,173.65,53.975,53.723,-24.0202,-5.2649,166.06,370.26,-24.0318,-6.1347,,,0.19273,0
84.3870,29,27,3,0,22.33,302.56,dwell,170.70,332.15,151.29,0,178.946,8.138,179.820,-18.45,20.68,147.11,-18.52,-7.78,173.84,53.988,53.597,-23.0021,-5.2851,170.70,332.15,-23.5684,-5.7524,,,0.21548,0
84.4851,29,27,3,0,22.33,302.56,dwell,130.92,321.81,110.28,0,178.934,8.101,179.801,-18.42,20.63,147.12,-17.60,-8.19,173.25,53.955,54.133,-22.5627,-6.3799,130.92,321.81,-23.1158,-6.0348,,,0.22536,0
84.5671,29,27,3,0,22.33,302.56,capture,148.04,353.40,135.60,0,178.884,8.054,179.823,-18.43,20.73,146.97,-18.30,-7.60,172.85,53.985,53.939,-24.4735,-5.6738,148.04,353.40,-23.7268,-5.8723,,,0.19700,0
84.6574,29,27,3,0,22.33,302.56,capture,164.32,339.41,146.69,0,178.846,8.138,179.810,-18.39,20.85,146.97,-17.61,-8.11,172.77,54.194,53.775,-23.5704,-4.8213,164.32,339.41,-23.6564,-5.3994,,,0.21594,0
84.7584,29,27,3,0,22.33,302.56,capture,163.50,354.03,150.26,0,178.797,8.183,179.814,-18.47,20.85,147.08,-17.93,-7.56,173.77,54.375,53.581,-22.8314,-5.4584,163.50,354.03,-23.2852,-5.4259,,,0.22811,0
84.8547,29,27,3,0,22.33,302.56,capture,154.57,369.05,148.01,0,178.810,8.290,179.833,-18.57,20.77,147.38,-18.52,-7.44,174.03,54.007,53.861,-23.8678,-5.6012,154.57,369.05,-23.5473,-5.5048,,,0.24236,0
84.9636,29,27,3,0,22.33,302.56,capture,143.28,356.10,132.27,0,178.772,8.275,179.892,-18.38,20.76,147.28,-17.77,-7.95,173.54,53.969,54.600,-23.8693,-6.5079,143.28,356.10,-23.6922,-5.9562,,,0.21886,0
85.0808,29,27,3,0,22.33,302.56,capture,153.60,352.50,140.45,0,178.734,8.390,179.844,-18.51,20.76,147.54,-18.20,-7.82,174.04,53.836,54.483,-22.9801,-5.4690,153.60,352.50,-23.3718,-5.7370,,,0.21377,0
85.1654,29,27,3,0,22.33,302.56,capture,150.74,345.55,135.41,0,178.923,8.479,179.867,-18.48,20.80,147.57,-19.14,-7.27,173.70,53.780,54.222,-23.2867,-5.6464,150.74,345.55,-23.3335,-5.6962,,,0.23356,0
85.2682,29,27,3,0,22.33,302.56,capture,150.82,381.01,150.55,0,179.012,8.399,179.850,-18.47,20.85,147.88,-18.28,-7.76,174.37,53.727,54.629,-24.5888,-5.8648,150.82,381.01,-23.8984,-5.7721,,,0.22292,0
85.3601,29,27,3,0,22.33,302.56,capture,175.88,385.38,174.46,0,179.074,8.335,179.842,-18.43,20.77,148.26,-18.09,-7.61,175.07,53.760,54.977,-25.7873,-5.3101,175.88,385.38,-24.7484,-5.5642,,,0.18379,0
85.4545,29,27,3,0,22.33,302.56,capture,162.38,331.76,143.06,0,178.979,8.298,179.833,-18.44,20.76,148.25,-18.19,-7.14,174.71,53.578,54.756,-23.1501,-5.5061,162.38,331.76,-24.0292,-5.5380,,,0.19041,0
85.5678,29,27,3,0,22.33,302.56,capture,153.77,345.91,138.40,0,179.051,8.228,179.843,-18.38,20.54,148.17,-18.20,-8.01,174.73,53.726,54.835,-23.8070,-4.1875,153.77,345.91,-23.9292,-4.9303,,,0.19560,0
85.6608,29,27,3,0,22.33,302.56,capture,170.94,356.42,158.07,0,178.799,8.207,179.873,-18.44,20.33,148.13,-18.00,-8.36,174.68,53.663,54.747,-23.7117,-4.9268,170.94,356.42,-23.8313,-4.9287,,,0.20175,0
85.7635,29,27,3,0,22.33,302.56,capture,145.16,358.36,134.91,0,178.845,8.248,179.877,-18.39,20.33,148.29,-18.12,-8.07,174.94,53.595,54.782,-24.1440,-6.2868,145.16,358.36,-23.9720,-5.5399,,,0.20837,0
85.8610,29,27,3,0,22.33,302.56,capture,160.18,352.00,146.45,0,178.855,8.222,179.880,-18.32,20.48,147.86,-17.67,-8.23,174.03,53.389,55.040,-24.2103,-5.8893,160.18,352.00,-24.0793,-5.6971,,,0.20250,0
85.9663,29,27,3,0,22.33,302.56,capture,157.03,352.92,143.80,0,178.879,8.222,179.829,-18.25,20.49,147.68,-17.90,-7.84,174.05,53.564,54.938,-22.9146,-5.2493,157.03,352.92,-23.5552,-5.4956,,,0.19032,0
86.0780,29,27,3,0,22.33,302.56,capture,148.63,346.53,133.73,0,178.728,8.249,179.829,-18.20,20.55,147.86,-17.06,-8.83,174.27,53.742,54.866,-23.6503,-5.1313,148.63,346.53,-23.5980,-5.3317,,,0.22385,0
86.1758,29,27,3,0,22.33,302.56,capture,145.18,354.12,133.23,0,178.778,8.150,179.817,-18.20,20.52,147.61,-18.50,-8.02,174.50,53.618,54.831,-23.7050,-5.3107,145.18,354.12,-23.6462,-5.3222,,,0.20901,0
86.2734,29,27,3,0,22.33,302.56,capture,139.19,366.86,133.38,0,178.891,8.291,179.844,-18.29,20.67,147.67,-18.32,-7.68,174.23,53.732,54.863,-24.5780,-6.4223,139.19,366.86,-24.0655,-5.8173,,,0.20195,0
86.3745,29,27,3,0,22.33,302.56,capture,168.28,363.09,158.00,0,178.946,8.331,179.815,-18.27,20.69,147.72,-17.36,-7.32,173.92,53.617,54.747,-23.9317,-4.6066,168.28,363.09,-24.0053,-5.2725,,,0.19862,0
86.4565,29,27,3,0,22.33,302.56,capture,162.52,359.19,151.19,0,178.802,8.327,179.817,-18.25,20.81,147.74,-17.45,-7.61,174.75,53.524,54.533,-23.8052,-4.6472,162.52,359.19,-23.9152,-4.9911,,,0.20539,0
86.6434,30,46,5,1,67.00,475.44,dwell,102.30,354.27,126.21,0,178.773,8.173,179.812,-18.16,20.69,147.78,-17.95,-7.68,174.15,53.493,54.904,-24.2570,-8.4861,102.30,354.27,-24.2570,-8.4861,,,0.22289,0
86.7437,30,46,5,1,67.00,475.44,dwell,174.06,390.46,136.69,0,178.737,8.252,179.782,-18.12,20.85,148.08,-18.21,-7.62,174.99,53.424,54.783,-24.8565,-4.3451,174.06,390.46,-24.5267,-6.6226,,,0.20426,0
86.8438,30,46,5,1,67.00,475.44,dwell,6.40,357.79,132.34,0,178.670,8.297,179.756,-18.16,20.96,148.19,-18.01,-7.96,174.84,53.079,54.798,-23.8244,-12.9926,6.40,357.79,-24.2107,-9.4891,,,0.19874,0
86.9578,30,46,5,1,67.00,475.44,dwell,-23.81,325.68,175.15,0,178.781,8.470,179.766,-18.17,20.82,148.44,-17.47,-7.74,175.19,52.890,54.548,-22.1186,-14.2699,-23.81,325.68,-23.2692,-11.6405,,,0.18194,0
87.0629,30,46,5,1,67.00,475.44,dwell,45.42,521.31,50.69,0,178.849,8.469,179.761,-18.15,20.91,148.20,-17.78,-7.18,174.51,52.879,54.311,-29.4179,-10.3972,45.42,521.31,-26.0361,-11.0810,,,0.18166,0
87.1807,30,46,5,1,67.00,475.44,dwell,-29.48,375.83,138.68,0,178.914,8.486,179.778,-18.07,21.30,148.12,-17.77,-7.26,174.30,52.775,54.160,-24.9073,-14.3915,-29.48,375.83,-25.5282,-12.5707,,,0.19299,0
87.2796,30,46,5,1,67.00,475.44,dwell,49.27,435.73,43.49,1,178.927,8.411,179.822,-17.98,21.16,148.06,-17.49,-7.53,174.43,52.959,53.993,-26.7713,-11.2273,49.27,435.73,-26.0876,-11.9662,,,0.19717,0
87.3793,30,46,5,1,67.00,475.44,dwell,52.10,440.13,38.33,1,178.928,8.407,179.841,-18.10,21.01,147.95,-17.50,-7.58,174.21,52.948,54.230,-26.8390,-10.3157,52.10,440.13,-26.4257,-11.2234,,,0.21543,0
87.4629,30,46,5,1,67.00,475.44,dwell,-27.99,415.42,112.37,0,178.897,8.309,179.820,-18.16,20.90,147.68,-18.26,-7.20,173.93,52.751,54.140,-26.1412,-14.1744,-27.99,415.42,-26.2977,-12.5514,,,0.17750,0
87.5676,30,46,5,1,67.00,475.44,dwell,-28.64,409.39,116.23,0,178.951,8.141,179.813,-18.20,20.87,147.66,-17.53,-7.29,174.00,53.268,54.006,-25.8285,-14.3542,-28.64,409.39,-26.0866,-13.3626,,,0.20037,0
87.6706,30,46,5,1,67.00,475.44,capture,-25.19,435.93,100.30,0,178.982,8.171,179.836,-18.21,20.88,147.67,-17.95,-6.95,173.92,53.036,53.991,-27.7860,-14.1470,-25.19,435.93,-26.8513,-13.7156,,,0.19481,0
87.7832,30,46,5,1,67.00,475.44,capture,-22.43,403.54,114.75,0,179.006,8.255,179.825,-18.11,20.89,147.43,-18.07,-7.79,173.68,53.417,53.896,-25.3090,-13.9575,-22.43,403.54,-26.1572,-13.8245,,,0.21488,0
87.8652,30,46,5,1,67.00,475.44,capture,-14.77,430.28,93.41,0,178.842,8.186,179.804,-18.09,20.92,147.27,-17.85,-8.45,173.05,53.749,53.625,-26.1607,-13.4060,-14.77,430.28,-26.1588,-13.6362,,,0.21317,0
87.9798,30,46,5,1,67.00,475.44,capture,-17.25,450.29,87.93,0,178.995,8.058,179.827,-18.08,20.86,147.20,-17.68,-8.03,173.62,53.395,53.532,-27.3559,-13.0126,-17.25,450.29,-26.6975,-13.3556,,,0.17319,0
88.0692,30,46,5,1,67.00,475.44,capture,-20.59,419.64,103.86,0,178.944,8.200,179.828,-17.99,20.80,146.91,-17.70,-8.01,173.25,53.300,53.456,-26.2647,-13.8603,-20.59,419.64,-26.5027,-13.5827,,,0.20640,0
88.1875,30,46,5,1,67.00,475.44,capture,-10.32,430.91,89.23,0,179.009,8.143,179.855,-18.03,20.75,146.96,-17.66,-7.15,173.08,53.673,53.352,-26.9820,-13.4210,-10.32,430.91,-26.7184,-13.5099,,,0.20891,0
88.2810,30,46,5,1,67.00,475.44,capture,-31.87,424.50,111.22,0,178.957,8.150,179.843,-17.92,20.93,146.64,-17.29,-7.61,172.16,53.497,53.437,-26.1482,-13.8282,-31.87,424.50,-26.4618,-13.6531,,,0.23010,0
88.3738,30,46,5,1,67.00,475.44,capture,-20.48,415.89,105.83,0,178.962,8.138,179.843,-17.70,20.94,146.96,-16.99,-7.92,173.11,53.282,53.944,-26.5323,-13.8410,-20.48,415.89,-26.4935,-13.7377,,,0.19775,0
88.4658,30,46,5,1,67.00,475.44,capture,-21.86,414.22,107.91,0,178.931,8.206,179.817,-17.76,20.73,146.82,-16.77,-7.54,173.08,53.257,53.689,-26.3134,-13.9700,-21.86,414.22,-26.4125,-13.8422,,,0.19376,0
88.5520,30,46,5,1,67.00,475.44,capture,2.53,418.27,86.17,0,178.759,8.231,179.832,-17.65,20.73,147.05,-17.31,-7.31,172.96,53.327,53.921,-25.9280,-13.0081,2.53,418.27,-26.1945,-13.4669,,,0.19555,0
88.6559,30,46,5,1,67.00,475.44,capture,-14.86,417.76,100.14,0,178.699,8.273,179.810,-17.71,20.78,147.15,-17.31,-7.29,173.19,53.279,53.652,-25.8013,-13.5485,-14.86,417.76,-26.0175,-13.5036,,,0.16848,0
88.7727,30,46,5,1,67.00,475.44,capture,-26.64,432.90,102.85,0,178.660,8.272,179.810,-17.92,20.76,147.26,-17.35,-8.41,173.51,53.579,53.280,-26.8459,-13.7357,-26.64,432.90,-26.3903,-13.6081,,,0.19011,0
88.8941,30,46,5,1,67.00,475.44,capture,-10.56,436.02,87.00,0,178.794,8.349,179.808,-18.03,20.68,147.16,-17.41,-8.29,173.58,53.529,54.022,-26.8540,-13.4289,-10.56,436.02,-26.5989,-13.5274,,,0.21173,0
88.9836,30,46,5,1,67.00,475.44,capture,-9.79,435.61,86.51,0,178.901,8.471,179.817,-18.05,20.64,147.15,-17.77,-7.53,172.94,53.501,54.042,-27.1527,-13.0015,-9.79,435.61,-26.8481,-13.2908,,,0.18752,0
89.0771,30,46,5,1,67.00,475.44,capture,-12.26,405.16,105.93,0,178.855,8.493,179.826,-18.03,20.54,146.90,-17.20,-8.36,172.70,53.824,53.803,-25.9432,-13.1713,-12.26,405.16,-26.4409,-13.2370,,,0.17843,0
89.1634,30,46,5,1,67.00,475.44,capture,-14.32,406.27,106.76,0,178.870,8.466,179.848,-18.06,20.65,147.05,-17.25,-7.11,173.08,53.672,53.882,-25.1002,-13.0180,-14.32,406.27,-25.8376,-13.1384,,,0.22151,0
89.2726,30,46,5,1,67.00,475.44,capture,-29.58,417.24,112.76,0,178.799,8.485,179.853,-18.07,20.72,147.05,-17.27,-7.91,173.39,53.566,53.810,-26.3304,-13.9244,-29.58,417.24,-26.0594,-13.4921,,,0.21415,0
89.3629,30,46,5,1,67.00,475.44,capture,-23.76,386.06,127.39,0,178.912,8.440,179.867,-18.02,20.68,147.09,-17.41,-7.48,173.52,53.425,53.522,-25.3015,-13.7268,-23.76,386.06,-25.7183,-13.5977,,,0.21303,0
89.5442,31,34,3,7,335.00,302.56,dwell,-39.43,545.11,446.13,0,178.910,8.409,179.850,-18.22,20.57,147.20,-17.66,-7.96,173.13,53.716,53.721,-30.7232,-15.6515,-39.43,545.11,-30.7232,-15.6515,,,0.20561,0
89.6467,31,34,3,7,335.00,302.56,dwell,77.50,356.71,263.13,0,179.168,8.447,179.896,-18.19,20.52,147.05,-18.03,-7.58,173.29,53.534,53.703,-23.5557,-8.6240,77.50,356.71,-27.4978,-12.4891,,,0.22658,0
89.7473,31,34,3,7,335.00,302.56,dwell,23.25,367.15,318.37,0,179.076,8.455,179.881,-18.19,20.63,147.06,-18.06,-7.81,172.92,53.466,53.828,-24.5522,-12.3749,23.25,367.15,-26.1723,-12.4377,,,0.19652,0
89.8419,31,34,3,7,335.00,302.56,dwell,62.42,475.04,322.57,0,179.068,8.412,179.919,-18.33,20.82,147.03,-17.94,-7.45,173.05,53.630,53.923,-27.4689,-10.0649,62.42,475.04,-26.7558,-11.3699,,,0.23018,0
89.9239,31,34,3,7,335.00,302.56,dwell,217.98,590.16,310.50,0,179.000,8.421,179.923,-18.24,20.89,147.23,-17.68,-8.18,173.09,53.466,53.879,-32.6814,-2.5777,217.98,590.16,-29.4223,-7.4134,,,0.20464,0
90.0195,31,34,3,7,335.00,302.56,dwell,261.92,611.53,317.50,0,178.983,8.424,179.921,-18.33,20.98,147.25,-17.95,-7.58,173.98,53.765,53.976,-33.9595,-0.7163,261.92,611.53,-31.4640,-4.3997,,,0.21326,0
90.1136,31,34,3,7,335.00,302.56,dwell,250.49,635.61,343.61,0,178.869,8.298,179.906,-18.26,21.03,147.41,-17.96,-6.85,174.02,53.777,54.003,-35.0973,-1.0731,250.49,635.61,-33.0990,-2.9027,,,0.22356,0
90.2225,31,34,3,7,335.00,302.56,dwell,275.58,649.09,351.59,0,178.877,8.174,179.891,-18.16,20.96,147.32,-17.62,-7.58,173.24,53.915,54.017,-34.8051,0.3397,275.58,649.09,-33.8667,-1.4436,,,0.20486,0
90.3361,31,34,3,7,335.00,302.56,dwell,281.35,603.54,305.73,0,178.925,8.138,179.895,-18.27,20.65,147.29,-17.75,-7.76,173.68,53.655,54.142,-33.0204,-0.2257,281.35,603.54,-33.4859,-0.8956,,,0.18174,0
90.4344,31,34,3,7,335.00,302.56,dwell,337.21,593.55,291.00,0,178.853,8.162,179.876,-18.37,20.62,147.23,-17.64,-8.00,173.49,53.636,54.209,-32.6819,2.0245,337.21,593.55,-33.1241,0.4185,,,0.23132,0
90.5441,31,34,3,7,335.00,302.56,capture,324.88,656.05,353.64,0,178.832,8.085,179.866,-18.47,20.84,147.36,-18.40,-7.60,173.73,53.763,53.884,-34.0842,3.0510,324.88,656.05,-33.5561,1.6031,,,0.19241,0
90.6320,31,34,3,7,335.00,302.56,capture,328.15,640.91,338.42,0,178.993,8.134,179.870,-18.31,20.94,147.45,-17.57,-7.09,173.60,53.862,53.948,-35.5462,2.3563,328.15,640.91,-34.4517,1.9420,,,0.22685,0
90.7405,31,34,3,7,335.00,302.56,capture,326.44,665.71,363.26,0,178.928,7.972,179.856,-18.25,20.89,147.65,-17.50,-6.69,173.77,53.676,54.156,-36.1217,2.0174,326.44,665.71,-35.2032,1.9760,,,0.21258,0
90.8475,31,34,3,7,335.00,302.56,capture,319.79,625.68,323.48,0,178.913,7.845,179.871,-18.33,20.72,147.35,-18.24,-7.51,173.91,53.836,53.881,-34.6072,2.5194,319.79,625.68,-34.9350,2.2205,,,0.23106,0
90.9321,31,34,3,7,335.00,302.56,capture,315.18,633.77,331.81,0,178.710,7.917,179.876,-18.34,20.77,147.45,-17.45,-8.13,173.77,53.633,53.774,-34.7532,1.7005,315.18,633.77,-34.8532,1.9865,,,0.23625,0
91.0390,31,34,3,7,335.00,302.56,capture,307.42,607.30,305.99,0,178.771,7.928,179.858,-18.30,20.75,147.59,-17.86,-7.24,173.49,53.666,53.768,-32.4788,1.5098,307.42,607.30,-33.7847,1.7720,,,0.20294,0
91.1596,31,34,3,7,335.00,302.56,capture,312.57,612.59,310.84,0,178.830,7.955,179.849,-18.21,20.68,147.91,-18.48,-7.58,174.02,53.705,53.465,-32.9668,0.9507,312.57,612.59,-33.4166,1.4024,,,0.20734,0
91.2654,31,34,3,7,335.00,302.56,capture,334.31,634.45,331.90,0,178.682,7.829,179.868,-18.18,20.67,148.04,-17.97,-7.61,174.25,53.841,53.523,-35.2367,2.9788,334.31,634.45,-34.2357,2.1118,,,0.21219,0
91.3786,31,34,3,7,335.00,302.56,capture,317.23,624.13,322.07,0,178.749,7.862,179.865,-18.23,20.46,147.86,-17.89,-7.83,174.29,53.588,53.081,-33.7364,1.4353,317.23,624.13,-34.0110,1.8074,,,0.21678,0
91.4854,31,34,3,7,335.00,302.56,capture,325.55,630.40,327.98,0,178.757,7.940,179.883,-18.22,20.41,147.50,-17.71,-8.55,174.24,53.713,53.484,-33.8169,2.2287,325.55,630.40,-33.9237,1.9970,,,0.21285,0
91.6020,31,34,3,7,335.00,302.56,capture,325.41,616.12,313.71,0,178.892,7.948,179.853,-18.21,20.49,147.60,-17.64,-8.17,173.95,53.833,53.744,-33.9636,2.2055,325.41,616.12,-33.9416,2.0908,,,0.23151,0
91.6882,31,34,3,7,335.00,302.56,capture,312.52,637.97,336.17,0,178.896,8.044,179.818,-18.22,20.52,147.53,-17.80,-8.11,174.48,53.851,53.988,-34.8297,1.4858,312.52,637.97,-34.3413,1.8185,,,0.22599,0
91.7702,31,34,3,7,335.00,302.56,capture,329.17,639.67,337.16,0,179.046,7.960,179.800,-18.28,20.50,147.37,-18.47,-7.64,174.03,54.105,54.080,-34.4043,2.5684,329.17,639.67,-34.3696,2.1560,,,0.21141,0
91.8868,31,34,3,7,335.00,302.56,capture,340.26,633.76,331.25,0,179.074,7.906,179.819,-18.27,20.44,147.39,-17.85,-8.00,173.42,54.213,54.023,-33.7848,2.5965,340.26,633.76,-34.1064,2.3542,,,0.24634,0
91.9901,31,34,3,7,335.00,302.56,capture,329.16,646.43,343.92,0,179.108,8.003,179.815,-18.29,20.56,147.55,-18.22,-8.13,174.06,53.958,54.133,-35.8972,2.4040,329.16,646.43,-34.9123,2.3766,,,0.20778,0
92.0721,31,34,3,7,335.00,302.56,capture,339.25,606.77,304.24,0,179.098,8.018,179.833,-18.20,20.67,147.47,-18.01,-8.66,173.78,53.861,53.930,-32.7233,3.1516,339.25,606.77,-33.9273,2.7253,,,0.21990,0
92.1674,31,34,3,7,335.00,302.56,capture,317.61,625.31,323.22,0,179.181,7.965,179.824,-18.19,20.72,147.76,-17.70,-7.85,173.49,54.046,53.990,-33.8840,2.5771,317.61,625.31,-33.9078,2.6586,,,0.21240,0
92.2713,31,34,3,7,335.00,302.56,capture,332.41,638.76,336.21,0,179.157,7.864,179.826,-18.39,20.74,147.83,-17.99,-7.57,174.45,54.038,54.143,-34.2541,2.2856,332.41,638.76,-34.0636,2.4908,,,0.21836,0
92.3604,31,34,3,7,335.00,302.56,capture,323.05,644.06,341.71,0,179.073,7.867,179.827,-18.19,20.87,147.80,-17.79,-7.42,174.37,54.134,54.132,-35.6664,2.1236,323.05,644.06,-34.7849,2.3255,,,0.21416,0
92.4557,31,34,3,7,335.00,302.56,capture,327.85,635.54,333.06,0,179.066,7.926,179.822,-18.31,21.05,147.84,-18.24,-6.65,174.22,54.234,54.350,-34.0439,2.2952,327.85,635.54,-34.4514,2.3119,,,0.22062,0
92.6636,32,29,3,2,111.67,302.56,dwell,268.57,582.00,320.48,0,179.062,7.942,179.841,-18.40,20.88,147.57,-18.16,-7.86,173.61,54.405,54.504,-32.6657,-0.7739,268.57,582.00,-32.6657,-0.7739,,,0.22088,0
92.7607,32,29,3,2,111.67,302.56,dwell,107.75,496.96,194.44,0,178.984,8.136,179.860,-18.41,20.88,147.49,-17.72,-7.81,173.28,54.052,54.471,-29.9177,-7.4680,107.75,496.96,-31.4291,-3.7863,,,0.21052,0
92.8592,32,29,3,2,111.67,302.56,dwell,276.14,655.74,389.60,0,179.018,8.158,179.828,-18.34,21.02,147.50,-17.66,-7.90,174.23,54.406,54.283,-34.7106,0.2503,276.14,655.74,-32.9058,-1.9698,,,0.24078,0
92.9680,32,29,3,2,111.67,302.56,dwell,248.95,654.37,377.65,0,178.980,8.056,179.819,-18.39,20.98,147.64,-17.58,-7.14,174.14,54.046,54.045,-35.1457,-1.2021,248.95,654.37,-33.9137,-1.6243,,,0.23527,0
93.0729,32,29,3,2,111.67,302.56,dwell,117.09,599.62,297.11,0,178.888,8.074,179.816,-18.39,20.94,147.53,-18.13,-6.77,173.55,54.053,54.271,-32.9871,-7.1327,117.09,599.62,-33.4967,-4.1031,,,0.21614,0
93.1549,32,29,3,2,111.67,302.56,dwell,139.03,628.77,327.36,0,178.951,8.001,179.844,-18.39,20.73,147.50,-18.20,-7.82,174.02,54.053,54.171,-33.8897,-6.2316,139.03,628.77,-33.6736,-5.0609,,,0.23516,0
93.2524,32,29,3,2,111.67,302.56,dwell,67.99,518.95,220.76,0,178.908,7.889,179.855,-18.27,20.71,147.40,-17.48,-7.54,173.17,53.604,54.130,-30.3735,-10.4885,67.99,518.95,-32.1885,-7.5033,,,0.20127,0
93.3517,32,29,3,2,111.67,302.56,dwell,69.33,499.39,201.34,0,178.904,7.879,179.831,-18.25,20.73,147.19,-17.38,-8.06,173.40,53.676,54.429,-28.7858,-9.0059,69.33,499.39,-30.6573,-8.1795,,,0.21717,0
93.4531,32,29,3,2,111.67,302.56,dwell,65.01,398.68,106.85,0,178.855,7.822,179.808,-18.31,20.64,147.07,-18.44,-7.87,173.34,53.783,54.580,-25.6568,-10.1037,65.01,398.68,-28.4071,-9.0454,,,0.22377,0
93.5655,32,29,3,2,111.67,302.56,dwell,40.89,473.02,184.57,0,178.872,7.809,179.776,-18.34,20.76,147.24,-17.37,-7.76,173.81,54.230,54.550,-27.8061,-10.8204,40.89,473.02,-28.1366,-9.8441,,,0.23412,0
93.6672,32,29,3,2,111.67,302.56,dwell,6.93,431.21,165.90,0,178.922,7.861,179.772,-18.45,20.76,147.27,-18.16,-7.82,173.35,54.104,54.237,-26.3049,-12.1042,6.93,431.21,-27.3124,-10.8611,,,0.22162,0
93.7925,32,29,3,2,111.67,302.56,capture,10.13,438.82,169.93,0,178.919,7.822,179.755,-18.50,20.92,147.34,-17.82,-8.36,173.48,53.981,54.362,-26.5071,-12.5506,10.13,438.82,-26.9500,-11.6214,,,0.22620,0
93.8834,32,29,3,2,111.67,302.56,capture,10.29,434.87,166.69,0,178.926,7.755,179.736,-18.41,20.92,147.38,-18.09,-7.92,173.27,53.988,54.623,-26.9896,-12.3648,10.29,434.87,-26.9678,-11.9559,,,0.21839,0
93.9693,32,29,3,2,111.67,302.56,capture,13.36,396.83,136.21,0,178.743,7.732,179.752,-18.44,20.96,147.55,-18.75,-7.00,174.12,53.980,54.284,-25.0990,-12.4936,13.36,396.83,-26.1268,-12.1979,,,0.23363,0
94.0695,32,29,3,2,111.67,302.56,capture,14.90,422.05,153.76,0,178.844,7.753,179.773,-18.55,20.88,147.59,-18.09,-7.29,174.04,54.192,54.345,-26.7166,-12.2437,14.90,422.05,-26.3922,-12.2185,,,0.21270,0
94.1546,32,29,3,2,111.67,302.56,capture,10.98,417.98,153.17,0,178.819,7.784,179.805,-18.55,20.96,147.19,-18.12,-7.97,173.53,54.098,54.308,-26.2466,-12.8620,10.98,417.98,-26.3267,-12.5081,,,0.22299,0
94.2490,32,29,3,2,111.67,302.56,capture,11.72,440.27,170.16,0,178.911,7.858,179.820,-18.56,20.84,147.22,-18.81,-7.48,173.32,53.784,54.636,-27.2261,-12.0180,11.72,440.27,-26.7314,-12.2875,,,0.21848,0
94.3385,32,29,3,2,111.67,302.56,capture,13.52,437.22,166.64,0,178.814,7.868,179.811,-18.67,20.94,147.15,-18.81,-7.90,173.30,53.349,54.680,-26.9610,-12.8282,13.52,437.22,-26.8347,-12.5309,,,0.21298,0
94.4354,32,29,3,2,111.67,302.56,capture,14.24,441.28,169.52,0,178.716,7.801,179.794,-18.67,20.97,147.08,-17.76,-8.81,173.53,53.826,54.601,-27.3982,-12.2641,14.24,441.28,-27.0883,-12.4108,,,0.23620,0
94.5313,32,29,3,2,111.67,302.56,capture,9.93,424.00,158.43,0,178.735,7.737,179.817,-18.56,21.03,147.05,-17.83,-7.40,173.36,53.497,54.550,-25.9659,-12.1165,9.93,424.00,-26.5832,-12.2784,,,0.19788,0
94.6383,32,29,3,2,111.67,302.56,capture,22.37,439.18,163.22,0,178.794,7.852,179.817,-18.48,20.97,147.09,-18.12,-7.37,173.97,53.485,55.043,-26.8562,-11.5575,22.37,439.18,-26.7060,-11.9540,,,0.21226,0
94.7461,32,29,3,2,111.67,302.56,capture,20.19,440.20,165.27,0,178.685,7.760,179.829,-18.27,20.95,147.22,-17.75,-7.50,173.70,53.652,54.713,-26.9657,-12.1024,20.19,440.20,-26.8229,-12.0208,,,0.24535,0
94.8454,32,29,3,2,111.67,302.56,capture,-9.25,427.98,174.22,0,178.660,7.825,179.802,-18.41,20.99,147.13,-18.43,-7.54,173.12,53.607,54.707,-26.7181,-13.5315,-9.25,427.98,-26.7757,-12.7006,,,0.19374,0
94.9457,32,29,3,2,111.67,302.56,capture,27.92,444.17,164.52,0,178.735,7.907,179.808,-18.43,20.91,147.11,-17.96,-7.62,173.37,53.224,54.595,-27.5655,-11.4771,27.92,444.17,-27.1311,-12.1500,,,0.20508,0
95.0530,32,29,3,2,111.67,302.56,capture,-13.78,441.12,186.91,0,178.858,7.838,179.824,-18.52,20.88,147.20,-18.45,-7.60,174.06,53.332,54.720,-27.3568,-13.9516,-13.78,441.12,-27.2327,-12.9607,,,0.21343,0
95.1673,32,29,3,2,111.67,302.56,capture,7.64,428.28,163.18,0,178.755,7.869,179.809,-18.51,20.81,147.34,-17.52,-8.49,173.90,53.282,54.743,-26.8704,-12.1966,7.64,428.28,-27.0696,-12.6168,,,0.18465,0
95.2501,32,29,3,2,111.67,302.56,capture,11.92,430.85,162.51,0,178.798,7.751,179.799,-18.56,20.76,147.27,-18.23,-8.15,173.09,53.712,55.161,-26.7508,-12.7733,11.92,430.85,-26.9262,-12.6873,,,0.20637,0
95.3676,32,29,3,2,111.67,302.56,capture,5.69,462.43,191.81,0,178.847,7.703,179.777,-18.45,20.75,147.50,-17.73,-8.42,173.77,53.491,55.182,-27.4151,-13.1157,5.69,462.43,-27.1462,-12.8801,,,0.21814,0
95.4672,32,29,3,2,111.67,302.56,capture,9.41,461.41,188.92,0,178.761,7.789,179.818,-18.46,20.65,147.32,-17.34,-8.33,173.50,53.564,55.255,-27.8520,-12.4288,9.41,461.41,-27.4638,-12.6770,,,0.19782,0
95.6641,33,25,2,7,335.00,216.11,dwell,158.63,302.61,196.44,0,178.823,7.847,179.811,-18.27,20.67,147.26,-17.40,-8.11,172.87,53.759,55.370,-20.9519,-4.8180,158.63,302.61,-20.9519,-4.8180,,,0.21612,0
95.7509,33,25,2,7,335.00,216.11,dwell,110.25,279.81,233.60,0,178.776,7.914,179.787,-18.23,20.68,147.31,-17.76,-7.66,172.80,54.049,55.109,-20.9930,-7.6361,110.25,279.81,-20.9704,-6.0862,,,0.24268,0
95.8643,33,25,2,7,335.00,216.11,dwell,231.39,152.92,121.36,0,178.900,7.928,179.746,-18.25,20.66,147.00,-17.88,-8.31,173.28,53.779,55.400,-15.8905,-2.2454,231.39,152.92,-18.6844,-4.3578,,,0.21070,0
95.9701,33,25,2,7,335.00,216.11,dwell,99.70,241.05,236.62,0,179.108,7.921,179.757,-18.26,20.70,147.10,-18.32,-7.61,173.83,53.505,55.026,-19.4637,-7.7749,99.70,241.05,-19.0351,-5.8955,,,0.19019,0
96.0587,33,25,2,7,335.00,216.11,dwell,173.63,231.07,162.06,0,179.140,7.891,179.769,-18.32,20.67,146.93,-18.66,-7.26,173.30,53.784,55.191,-18.4787,-4.2037,173.63,231.07,-18.7847,-5.1342,,,0.21644,0
96.1653,33,25,2,7,335.00,216.11,dwell,217.99,113.23,155.81,0,179.202,7.968,179.787,-18.24,20.74,146.95,-17.71,-8.24,172.95,53.849,55.189,-14.6164,-2.1796,217.99,113.23,-16.9090,-3.8046,,,0.22851,0
96.2607,33,25,2,7,335.00,216.11,dwell,206.31,79.66,187.56,0,179.127,8.059,179.801,-18.31,20.84,146.95,-17.78,-8.18,173.05,53.780,55.139,-12.8599,-3.5419,206.31,79.66,-15.0869,-3.6864,,,0.22316,0
96.3673,33,25,2,7,335.00,216.11,dwell,267.24,-13.65,239.54,0,179.111,7.959,179.817,-18.37,20.93,146.74,-18.04,-7.62,172.75,54.043,54.901,-10.8937,-1.0488,267.24,-13.65,-13.2000,-2.4995,,,0.23636,0
96.4783,33,25,2,7,335.00,216.11,capture,279.41,-19.75,242.32,0,179.030,7.907,179.751,-18.24,20.92,146.62,-18.44,-8.13,172.81,54.075,54.920,-8.7637,0.4203,279.41,-19.75,-11.2036,-1.1856,,,0.23017,0
96.5803,33,25,2,7,335.00,216.11,capture,254.83,-37.53,266.01,0,179.122,7.628,179.771,-18.30,20.89,146.72,-18.25,-7.99,172.36,54.204,54.741,-8.9693,-0.7193,254.83,-37.53,-10.1982,-0.9758,,,0.22073,0
96.6740,33,25,2,7,335.00,216.11,capture,251.38,-29.26,259.23,0,179.045,7.673,179.783,-18.32,20.82,146.84,-18.02,-7.41,172.66,53.764,55.069,-7.4269,-0.7431,251.38,-29.26,-8.9511,-0.8711,,,0.23320,0
96.7617,33,25,2,7,335.00,216.11,capture,257.89,6.84,223.03,0,179.098,7.656,179.792,-18.43,20.97,147.05,-17.36,-7.51,173.43,54.041,55.137,-11.0231,-0.8065,257.89,6.84,-9.8835,-0.8420,,,0.21956,0
96.8548,33,25,2,7,335.00,216.11,capture,237.96,-13.45,249.23,0,179.078,7.563,179.793,-18.43,21.11,147.08,-17.59,-7.73,173.13,54.336,55.271,-9.1423,-1.0581,237.96,-13.45,-9.5500,-0.9393,,,0.22076,0
96.9492,33,25,2,7,335.00,216.11,capture,259.65,-14.01,242.14,0,178.986,7.528,179.782,-18.46,21.00,147.10,-18.43,-8.15,173.38,54.358,55.451,-8.8481,-0.7495,259.65,-14.01,-9.2341,-0.8539,,,0.23066,0
97.0389,33,25,2,7,335.00,216.11,capture,260.02,-31.64,258.85,0,178.988,7.595,179.782,-18.45,21.05,147.28,-17.98,-7.76,172.91,54.287,55.236,-8.7450,-0.6632,260.02,-31.64,-9.0140,-0.7681,,,0.25713,0
97.1408,33,25,2,7,335.00,216.11,capture,249.74,-33.28,263.56,0,178.964,7.508,179.785,-18.37,20.97,147.30,-17.38,-7.52,173.58,54.135,55.215,-9.2243,-0.9464,249.74,-33.28,-9.1086,-0.8483,,,0.20682,0
97.2568,33,25,2,7,335.00,216.11,capture,236.39,-35.18,269.95,0,178.891,7.556,179.762,-18.47,20.88,147.27,-17.70,-8.47,173.88,54.154,55.166,-8.4404,-1.9527,236.39,-35.18,-8.8079,-1.3453,,,0.21758,0
97.3414,33,25,2,7,335.00,216.11,capture,264.14,-16.05,242.73,0,178.920,7.521,179.730,-18.59,20.85,147.33,-17.92,-8.42,173.14,54.291,55.264,-8.2668,-0.3647,264.14,-16.05,-8.5644,-0.9040,,,0.23368,0
97.4480,33,25,2,7,335.00,216.11,capture,278.89,-27.11,249.61,0,178.922,7.510,179.729,-18.47,20.69,147.50,-17.74,-8.06,174.17,53.777,54.977,-8.4759,0.3279,278.89,-27.11,-8.5246,-0.3497,,,0.21707,0
97.5329,33,25,2,7,335.00,216.11,capture,267.39,-9.22,235.26,0,178.963,7.743,179.740,-18.42,20.77,147.52,-17.61,-7.35,174.00,53.789,54.931,-8.4824,-0.7683,267.39,-9.22,-8.5056,-0.5381,,,0.23987,0
97.6172,33,25,2,7,335.00,216.11,capture,276.99,-31.40,254.22,0,179.056,7.737,179.750,-18.55,20.67,147.47,-18.26,-8.21,173.47,53.864,55.096,-8.8106,0.2856,276.99,-31.40,-8.6429,-0.1674,,,0.20760,0
97.7057,33,25,2,7,335.00,216.11,capture,251.65,-6.87,238.05,0,179.144,7.837,179.759,-18.32,20.82,147.59,-17.66,-7.72,173.70,53.846,54.924,-9.7391,-1.3256,251.65,-6.87,-9.1362,-0.6886,,,0.22016,0
97.7950,33,25,2,7,335.00,216.11,capture,263.00,8.61,219.64,0,179.078,7.839,179.799,-18.25,20.87,147.43,-17.28,-7.68,173.40,53.760,54.776,-10.3761,-0.1864,263.00,8.61,-9.6941,-0.4626,,,0.20694,0
97.8967,33,25,2,7,335.00,216.11,capture,273.38,-14.94,239.13,0,179.046,7.764,179.821,-18.46,21.05,147.27,-17.64,-7.72,173.10,53.899,54.969,-9.6807,0.0761,273.38,-14.94,-9.6881,-0.2202,,,0.20605,0
97.9889,33,25,2,7,335.00,216.11,capture,264.96,3.74,223.62,0,179.024,7.747,179.803,-18.39,21.15,147.44,-18.23,-8.14,173.50,53.856,54.762,-10.3219,-0.0293,264.96,3.74,-9.9733,-0.1343,,,0.20958,0
98.0962,33,25,2,7,335.00,216.11,capture,252.89,-11.17,241.66,0,179.097,7.820,179.811,-18.41,21.06,147.47,-17.90,-7.07,174.40,53.964,54.616,-8.9047,-1.7822,252.89,-11.17,-9.4924,-0.8758,,,0.24113,0
98.1782,33,25,2,7,335.00,216.11,capture,244.25,-18.03,251.11,0,179.178,7.623,179.804,-18.29,21.09,147.76,-17.71,-7.53,174.25,53.913,54.254,-9.2488,-1.6089,244.25,-18.03,-9.3828,-1.2057,,,0.21452,0
98.2668,33,25,2,7,335.00,216.11,capture,254.79,-26.29,255.33,0,179.032,7.550,179.808,-18.28,21.03,147.72,-17.81,-8.27,174.46,54.255,53.809,-8.8176,-1.2288,254.79,-26.29,-9.1285,-1.2161,,,0.23255,0
98.4801,34,16,1,7,335.00,129.67,dwell,265.61,147.70,71.70,0,179.006,7.595,179.811,-18.34,21.11,148.07,-18.20,-7.34,173.83,54.470,54.807,-14.8574,-0.8917,265.61,147.70,-14.8574,-0.8917,,,0.23943,0
98.5904,34,16,1,7,335.00,129.67,dwell,353.97,31.11,100.37,0,179.268,7.650,179.809,-18.41,21.18,148.19,-17.93,-8.11,174.64,54.377,54.511,-10.3113,3.6917,353.97,31.11,-12.8116,1.1708,,,0.26621,0
98.6936,34,16,1,7,335.00,129.67,dwell,391.58,128.75,56.59,0,179.177,7.611,179.812,-18.34,21.31,148.09,-18.00,-7.39,175.00,54.425,54.437,-14.6067,5.2013,391.58,128.75,-13.6194,2.9845,,,0.22713,0
98.7756,34,16,1,7,335.00,129.67,dwell,366.27,116.15,34.07,0,179.157,7.629,179.800,-18.37,21.24,147.90,-18.45,-6.92,174.25,54.457,54.607,-13.3918,4.6153,366.27,116.15,-13.5170,3.7184,,,0.24377,0
98.8651,34,16,1,7,335.00,129.67,dwell,329.43,209.95,80.48,0,179.044,7.635,179.804,-18.52,21.13,147.75,-18.22,-6.82,174.36,53.765,54.120,-18.1141,1.8139,329.43,209.95,-15.5857,2.8614,,,0.21128,0
98.9544,34,16,1,7,335.00,129.67,dwell,350.04,193.03,65.12,0,179.105,7.689,179.810,-18.59,21.13,147.51,-17.42,-7.06,173.71,53.703,53.897,-17.6911,2.6849,350.04,193.03,-16.5331,2.7820,,,0.21433,0
99.0631,34,16,1,7,335.00,129.67,dwell,392.46,268.61,150.36,0,178.991,7.730,179.812,-18.57,21.04,147.63,-18.25,-7.09,173.49,54.107,54.315,-20.4451,4.9953,392.46,268.61,-18.2935,3.7780,,,0.21721,0
99.1600,34,16,1,7,335.00,129.67,dwell,337.52,282.83,153.18,0,179.030,7.722,179.830,-18.47,20.85,147.50,-17.69,-7.45,173.50,54.108,54.468,-21.5351,3.0472,337.52,282.83,-19.7522,3.4491,,,0.22728,0
99.2507,34,16,1,7,335.00,129.67,dwell,417.03,319.75,207.03,0,179.023,7.626,179.832,-18.61,20.88,147.48,-17.91,-7.74,174.45,54.016,54.654,-21.7785,6.1553,417.03,319.75,-20.6640,4.6669,,,0.23491,0
99.3476,34,16,1,7,335.00,129.67,capture,399.33,313.25,194.53,0,179.080,7.758,179.834,-18.49,20.84,147.45,-18.21,-7.82,173.69,54.410,54.880,-21.2083,5.8396,399.33,313.25,-20.9089,5.1946,,,0.22170,0
99.4474,34,16,1,7,335.00,129.67,capture,410.33,359.55,241.91,0,179.119,7.660,179.835,-18.43,20.79,147.43,-17.89,-7.79,173.28,54.231,54.630,-24.0323,6.4691,410.33,359.55,-22.3144,5.7681,,,0.20878,0
99.5555,34,16,1,7,335.00,129.67,capture,424.87,371.78,258.25,0,179.071,7.669,179.833,-18.38,20.67,147.46,-17.67,-7.40,173.36,54.301,54.282,-24.2396,6.1820,424.87,371.78,-23.1808,5.9544,,,0.23158,0
99.6503,34,16,1,7,335.00,129.67,capture,426.59,363.82,251.43,0,179.072,7.489,179.807,-18.46,20.68,147.25,-17.78,-7.63,173.74,54.092,54.283,-24.2508,7.2267,426.59,363.82,-23.6623,6.5269,,,0.21146,0
99.7535,34,16,1,7,335.00,129.67,capture,421.60,348.87,235.69,0,179.093,7.485,179.800,-18.27,20.78,147.27,-18.19,-7.70,173.50,53.790,54.224,-23.3879,6.5125,421.60,348.87,-23.5388,6.5204,,,0.23765,0
99.8697,34,16,1,7,335.00,129.67,capture,398.15,367.29,245.87,0,179.013,7.504,179.830,-18.35,20.76,147.54,-17.87,-7.71,173.76,53.850,54.197,-24.3072,5.2721,398.15,367.29,-23.8846,5.9587,,,0.23408,0
99.9594,34,16,1,7,335.00,129.67,capture,417.72,348.27,233.73,0,178.966,7.562,179.839,-18.44,20.74,147.62,-17.68,-8.11,174.03,53.870,54.077,-22.9598,6.7253,417.72,348.27,-23.4684,6.3037,,,0.23139,0
100.0591,34,16,1,7,335.00,129.67,capture,426.09,326.05,216.48,0,178.957,7.544,179.821,-18.42,20.87,147.50,-18.09,-7.70,173.49,53.809,54.323,-22.2367,6.7171,426.09,326.05,-22.9142,6.4897,,,0.20296,0
100.1571,34,16,1,7,335.00,129.67,capture,423.62,333.72,222.47,0,178.942,7.541,179.786,-18.31,20.82,147.65,-17.65,-7.78,174.02,54.134,54.089,-22.7846,6.6777,423.62,333.72,-22.8558,6.5743,,,0.24276,0
100.2446,34,16,1,7,335.00,129.67,capture,407.50,383.52,264.00,0,178.914,7.627,179.803,-18.21,20.80,147.47,-17.74,-7.61,173.57,54.112,53.964,-24.0053,6.2513,407.50,383.52,-23.3731,6.4290,,,0.21274,0
100.3451,34,16,1,7,335.00,129.67,capture,405.76,346.38,227.97,0,178.861,7.452,179.822,-18.22,20.74,147.47,-18.18,-7.56,174.23,53.923,54.701,-22.9327,5.9479,405.76,346.38,-23.1749,6.2125,,,0.23609,0
100.4271,34,16,1,7,335.00,129.67,capture,421.78,364.05,249.93,0,178.927,7.518,179.823,-18.21,20.74,147.42,-17.61,-8.23,173.66,53.680,54.893,-24.6388,6.7728,421.78,364.05,-23.8337,6.4647,,,0.21904,0
100.5180,34,16,1,7,335.00,129.67,capture,422.44,341.24,228.93,0,178.821,7.454,179.850,-18.31,20.66,147.46,-18.04,-8.51,173.85,53.517,54.347,-22.2714,6.8427,422.44,341.24,-23.1307,6.6348,,,0.20651,0
100.6161,34,16,1,7,335.00,129.67,capture,403.41,339.12,220.34,0,178.648,7.366,179.855,-18.40,20.82,147.51,-18.61,-8.74,173.98,53.693,54.403,-23.0885,5.5736,403.41,339.12,-23.1117,6.1572,,,0.20846,0
100.7104,34,16,1,7,335.00,129.67,capture,384.58,330.12,206.49,0,178.823,7.460,179.847,-18.29,20.57,147.85,-18.38,-7.53,174.61,53.830,54.288,-22.7139,5.0509,384.58,330.12,-22.9327,5.6594,,,0.20148,0
100.8166,34,16,1,7,335.00,129.67,capture,418.95,336.19,222.93,0,178.834,7.417,179.862,-18.30,20.70,147.70,-17.80,-7.68,173.54,53.949,54.197,-22.4727,6.7856,418.95,336.19,-22.7257,6.1662,,,0.23160,0
100.9090,34,16,1,7,335.00,129.67,capture,420.16,364.61,249.90,0,178.896,7.459,179.835,-18.46,20.98,147.81,-18.57,-7.46,174.00,53.914,53.977,-24.1954,6.6014,420.16,364.61,-23.3871,6.3620,,,0.21048,0
101.0074,34,16,1,7,335.00,129.67,capture,416.60,361.32,245.61,0,178.905,7.498,179.880,-18.46,20.80,147.60,-17.36,-7.62,173.91,53.929,54.180,-24.0231,6.6924,416.60,361.32,-23.6733,6.5107,,,0.21073,0
101.1215,34,16,1,7,335.00,129.67,capture,428.27,333.44,224.10,0,178.991,7.466,179.878,-18.48,20.87,147.24,-18.06,-7.70,173.64,53.873,54.023,-23.2462,6.7281,428.27,333.44,-23.4811,6.6085,,,0.19045,0
101.2116,34,16,1,7,335.00,129.67,capture,415.25,325.21,211.37,0,178.958,7.472,179.875,-18.48,20.74,147.60,-18.31,-7.95,173.85,53.771,54.222,-22.3814,6.2429,415.25,325.21,-22.9862,6.4440,,,0.23738,0
101.4306,35,22,2,4,201.00,216.11,dwell,298.82,417.65,224.02,0,179.075,7.471,179.868,-18.33,20.70,147.85,-17.58,-7.98,173.71,53.605,54.260,-26.6399,1.1512,298.82,417.65,-26.6399,1.1512,,,0.22197,0
101.5462,35,22,2,4,201.00,216.11,dwell,270.63,189.01,74.72,0,178.997,7.413,179.855,-18.33,20.59,147.74,-17.97,-9.03,174.25,53.868,54.269,-18.6032,-0.1459,270.63,189.01,-23.0234,0.5675,,,0.21279,0
101.6399,35,22,2,4,201.00,216.11,dwell,207.26,264.50,48.79,0,179.062,7.532,179.863,-18.38,20.58,147.96,-17.61,-8.70,174.38,53.753,54.110,-20.4293,-3.0018,207.26,264.50,-21.8560,-1.0387,,,0.21568,0
101.7307,35,22,2,4,201.00,216.11,dwell,272.05,100.03,136.10,0,178.955,7.510,179.829,-18.32,20.44,147.91,-17.66,-7.42,174.60,53.938,54.332,-13.7715,0.0815,272.05,100.03,-18.2180,-0.5346,,,0.23242,0
101.8202,35,22,2,4,201.00,216.11,dwell,138.24,170.89,77.35,0,178.908,7.465,179.820,-18.38,20.57,147.99,-17.95,-8.92,174.20,54.119,54.266,-17.3432,-6.5726,138.24,170.89,-17.8243,-3.2517,,,0.22533,0
101.9086,35,22,2,4,201.00,216.11,dwell,276.59,232.45,77.34,0,178.931,7.477,179.834,-18.28,20.52,147.99,-17.78,-7.81,174.72,53.959,54.361,-18.8805,-0.5488,276.59,232.45,-18.2996,-2.0354,,,0.21890,0
102.0189,35,22,2,4,201.00,216.11,dwell,215.84,38.37,178.36,0,179.061,7.582,179.849,-18.38,20.63,148.02,-18.46,-8.25,174.51,54.015,54.480,-11.1204,-2.7241,215.84,38.37,-15.0689,-2.3453,,,0.22747,0
102.1298,35,22,2,4,201.00,216.11,dwell,162.28,124.27,99.67,0,178.970,7.707,179.843,-18.40,20.61,147.97,-17.88,-7.79,174.37,53.723,54.164,-15.1112,-5.5616,162.28,124.27,-15.0880,-3.7926,,,0.21191,0
102.2315,35,22,2,4,201.00,216.11,dwell,146.35,141.78,92.26,0,179.002,7.727,179.838,-18.38,20.46,147.90,-17.37,-7.48,174.08,54.132,54.292,-15.0469,-6.4529,146.35,141.78,-15.0695,-4.9897,,,0.20736,0
102.3268,35,22,2,4,201.00,216.11,dwell,77.34,115.31,159.54,0,179.142,7.610,179.840,-18.37,20.19,147.85,-17.95,-7.77,174.19,53.731,53.849,-14.7944,-8.9246,77.34,115.31,-14.9457,-6.7604,,,0.21702,0
102.4347,35,22,2,4,201.00,216.11,dwell,72.71,78.32,188.27,0,179.030,7.554,179.850,-18.28,20.45,147.88,-17.03,-8.11,174.20,53.821,53.656,-12.4533,-9.3156,72.71,78.32,-13.8241,-7.9103,,,0.20377,0
102.5167,35,22,2,4,201.00,216.11,capture,93.42,76.77,176.04,0,178.922,7.552,179.832,-18.25,20.48,147.71,-17.77,-7.10,173.94,53.434,53.646,-13.1916,-8.1641,93.42,76.77,-13.5395,-8.0245,,,0.20986,0
102.6246,35,22,2,4,201.00,216.11,capture,66.79,74.53,195.08,0,178.976,7.656,179.856,-18.30,20.36,147.80,-17.66,-8.28,174.04,53.754,54.072,-12.0314,-9.5877,66.79,74.53,-12.8609,-8.7279,,,0.22702,0
102.7312,35,22,2,4,201.00,216.11,capture,88.66,74.39,180.85,0,178.964,7.753,179.818,-18.24,20.35,147.83,-18.05,-8.63,174.16,53.889,54.364,-12.1229,-9.3376,88.66,74.39,-12.5288,-9.0023,,,0.20633,0
102.8195,35,22,2,4,201.00,216.11,capture,105.56,56.63,185.86,0,178.964,7.719,179.819,-18.26,20.13,147.58,-18.31,-8.25,173.84,54.325,54.231,-11.1140,-7.5369,105.56,56.63,-11.8921,-8.3429,,,0.21700,0
102.9236,35,22,2,4,201.00,216.11,capture,72.04,58.51,203.64,0,178.910,7.699,179.830,-18.17,20.29,147.66,-17.87,-8.18,174.34,54.622,54.402,-12.0712,-9.4208,72.04,58.51,-11.9727,-8.8279,,,0.23829,0
103.0232,35,22,2,4,201.00,216.11,capture,77.20,65.08,195.29,0,178.693,7.629,179.812,-18.31,20.59,147.40,-17.31,-8.11,173.55,54.548,54.443,-11.8951,-9.2941,77.20,65.08,-11.9378,-9.0377,,,0.23874,0
103.1220,35,22,2,4,201.00,216.11,capture,70.35,73.09,193.71,0,178.715,7.615,179.812,-18.36,20.61,147.14,-17.25,-8.32,173.56,54.579,54.532,-12.7587,-8.6917,70.35,73.09,-12.3072,-8.8820,,,0.24881,0
103.2264,35,22,2,4,201.00,216.11,capture,75.84,60.06,200.04,0,178.798,7.748,179.796,-18.53,20.67,147.27,-18.01,-7.87,173.68,54.052,54.884,-12.0158,-9.1271,75.84,60.06,-12.1761,-8.9923,,,0.21150,0
103.3084,35,22,2,4,201.00,216.11,capture,96.64,24.93,217.81,0,178.712,7.835,179.797,-18.61,20.73,147.46,-17.68,-7.67,173.61,53.917,55.309,-10.2399,-8.3458,96.64,24.93,-11.3048,-8.7014,,,0.21922,0
103.4041,35,22,2,4,201.00,216.11,capture,93.11,53.26,195.35,0,178.565,7.708,179.785,-18.75,20.72,147.45,-18.67,-7.56,173.69,53.796,55.070,-11.0397,-9.1029,93.11,53.26,-11.1855,-8.8821,,,0.22421,0
103.5028,35,22,2,4,201.00,216.11,capture,61.45,64.40,206.13,0,178.531,7.707,179.786,-18.66,20.87,147.25,-18.19,-7.36,173.73,53.294,55.127,-11.6895,-10.2854,61.45,64.40,-11.4123,-9.5136,,,0.19681,0
103.5909,35,22,2,4,201.00,216.11,capture,70.75,82.67,186.47,0,178.693,7.681,179.812,-18.45,20.80,147.37,-18.05,-7.84,173.88,53.106,54.665,-14.0638,-10.1032,70.75,82.67,-12.6055,-9.7789,,,0.20978,0
103.6994,35,22,2,4,201.00,216.11,capture,98.27,80.74,169.94,0,178.665,7.572,179.824,-18.35,20.74,147.35,-17.48,-7.93,174.26,53.218,54.482,-11.4068,-8.3966,98.27,80.74,-12.0660,-9.1569,,,0.17179,0
103.8035,35,22,2,4,201.00,216.11,capture,82.04,76.77,183.21,0,178.629,7.676,179.832,-18.27,20.55,147.35,-17.86,-7.77,173.54,53.247,54.702,-12.9759,-9.1188,82.04,76.77,-12.4755,-9.1398,,,0.19777,0
103.8990,35,22,2,4,201.00,216.11,capture,83.99,77.28,181.56,0,178.766,7.547,179.824,-18.44,20.62,147.70,-17.88,-7.68,173.91,53.575,55.144,-13.3138,-8.9111,83.99,77.28,-12.8527,-9.0368,,,0.20179,0
104.0063,35,22,2,4,201.00,216.11,capture,72.50,56.00,205.30,0,178.789,7.622,179.853,-18.46,20.58,147.42,-18.09,-8.05,173.89,53.873,54.939,-12.0690,-9.3878,72.50,56.00,-12.5000,-9.1948,,,0.24478,0
104.1198,35,22,2,4,201.00,216.11,capture,81.61,67.52,190.61,0,178.845,7.711,179.874,-18.39,20.56,147.35,-18.03,-8.89,173.19,53.836,55.291,-11.9641,-8.8387,81.61,67.52,-12.2589,-9.0345,,,0.22606,0
104.2245,35,22,2,4,201.00,216.11,capture,83.76,72.83,185.13,0,178.905,7.814,179.875,-18.37,20.60,147.32,-17.86,-7.21,173.91,53.754,55.016,-12.0492,-8.4472,83.76,72.83,-12.1645,-8.7703,,,0.21003,0
104.3065,35,22,2,4,201.00,216.11,capture,86.84,58.04,194.98,0,178.886,7.865,179.862,-18.32,20.76,147.23,-17.58,-7.14,173.50,53.577,54.679,-11.6363,-8.3677,86.84,58.04,-11.9268,-8.5891,,,0.19171,0
104.4339,35,22,2,4,201.00,216.11,capture,85.81,56.50,196.84,0,178.833,7.844,179.840,-18.33,20.89,147.34,-17.77,-8.05,173.48,53.642,54.819,-11.8787,-7.9581,85.81,56.50,-11.9052,-8.3052,,,0.22322,0
104.6029,36,71,7,8,379.67,648.33,dwell,154.08,112.94,580.98,0,178.804,7.883,179.845,-18.23,20.75,147.27,-17.67,-8.14,173.56,53.870,54.657,-13.8800,-5.4752,154.08,112.94,-13.8800,-5.4752,,,0.21875,0
104.6975,36,71,7,8,379.67,648.33,dwell,124.39,127.70,579.85,0,178.834,7.862,179.864,-18.34,20.62,147.01,-17.63,-8.08,172.50,54.483,54.918,-15.6420,-7.1420,124.39,127.70,-14.6729,-6.2253,,,0.26506,0
104.7908,36,71,7,8,379.67,648.33,dwell,263.68,297.21,369.78,0,178.784,8.007,179.874,-18.33,20.59,147.18,-17.81,-7.16,173.32,54.219,54.470,-22.6696,-0.2886,263.68,297.21,-18.2714,-3.5538,,,0.23545,0
104.8825,36,71,7,8,379.67,648.33,dwell,213.10,263.06,419.74,0,178.835,8.184,179.844,-18.40,20.52,147.11,-17.72,-7.90,173.48,53.951,54.272,-20.1430,-3.3845,213.10,263.06,-19.1136,-3.4776,,,0.22878,0
104.9874,36,71,7,8,379.67,648.33,dwell,257.20,374.23,300.22,0,178.844,8.263,179.831,-18.36,20.55,147.15,-18.32,-7.21,172.98,53.725,54.151,-24.3683,-0.2628,257.20,374.23,-21.4782,-2.0309,,,0.22048,0
105.1035,36,71,7,8,379.67,648.33,dwell,312.53,447.69,211.58,0,178.898,8.291,179.866,-18.42,20.73,147.31,-18.20,-8.38,173.29,53.748,53.883,-26.5828,1.5431,312.53,447.69,-23.7753,-0.4226,,,0.21564,0
105.1884,36,71,7,8,379.67,648.33,dwell,344.83,469.24,182.45,0,178.868,8.255,179.860,-18.28,20.61,147.24,-18.19,-8.16,173.14,53.755,54.136,-27.6909,2.7653,344.83,469.24,-25.5373,1.0119,,,0.19621,0
105.2906,36,71,7,8,379.67,648.33,dwell,393.87,497.64,151.36,0,178.919,8.322,179.854,-18.29,20.77,147.41,-17.86,-7.00,173.51,53.682,54.519,-29.2196,5.4968,393.87,497.64,-27.1943,3.0301,,,0.20700,0
105.3915,36,71,7,8,379.67,648.33,capture,420.96,515.65,138.96,0,178.888,8.238,179.862,-18.34,20.78,147.35,-17.62,-8.01,173.44,53.501,54.361,-30.7863,6.6383,420.96,515.65,-28.8107,4.6538,,,0.20681,0
105.4984,36,71,7,8,379.67,648.33,capture,428.44,537.33,121.25,0,178.856,8.371,179.887,-18.31,20.71,147.49,-17.79,-7.73,173.77,53.217,54.317,-31.0466,6.9677,428.44,537.33,-29.8169,5.6951,,,0.18391,0
105.6047,36,71,7,8,379.67,648.33,capture,427.08,538.98,119.19,0,178.881,8.317,179.889,-18.28,20.53,147.48,-17.32,-8.01,173.98,53.289,54.294,-30.2998,7.2026,427.08,538.98,-30.0342,6.3735,,,0.21690,0
105.7126,36,71,7,8,379.67,648.33,capture,392.65,546.64,102.52,0,178.982,8.438,179.898,-18.38,20.59,147.35,-17.90,-6.85,173.54,53.503,54.548,-31.1294,5.2925,392.65,546.64,-30.5270,5.8870,,,0.19808,0
105.8220,36,71,7,8,379.67,648.33,capture,400.91,517.28,132.76,0,178.898,8.592,179.899,-18.36,20.74,147.32,-17.79,-7.26,173.57,53.569,54.536,-29.8310,5.6302,400.91,517.28,-30.2138,5.7714,,,0.21386,0
105.9331,36,71,7,8,379.67,648.33,capture,424.90,526.37,130.08,0,178.927,8.434,179.892,-18.33,20.64,147.34,-17.76,-7.76,173.42,53.197,54.797,-29.8058,6.8625,424.90,526.37,-30.0302,6.2624,,,0.20518,0
106.0205,36,71,7,8,379.67,648.33,capture,427.05,533.97,123.79,0,179.013,8.428,179.874,-18.52,20.53,147.55,-18.36,-7.89,174.13,53.773,54.608,-30.1827,6.7490,427.05,533.97,-30.0988,6.4814,,,0.19843,0
106.1178,36,71,7,8,379.67,648.33,capture,403.26,535.59,115.19,0,179.123,8.546,179.866,-18.48,20.42,147.70,-18.77,-7.58,174.39,53.821,54.241,-30.6484,5.9825,403.26,535.59,-30.3461,6.2569,,,0.19774,0
106.2262,36,71,7,8,379.67,648.33,capture,415.30,542.88,111.31,0,179.194,8.584,179.884,-18.43,20.34,147.51,-17.60,-9.06,173.23,54.183,54.452,-30.2563,5.8194,415.30,542.88,-30.3057,6.0600,,,0.23376,0
106.3112,36,71,7,8,379.67,648.33,capture,422.52,566.74,92.16,0,179.240,8.642,179.864,-18.33,20.42,147.60,-17.61,-7.40,174.08,53.894,54.575,-32.1142,6.2981,422.52,566.74,-31.1195,6.1672,,,0.23191,0
106.4030,36,71,7,8,379.67,648.33,capture,438.83,524.10,137.60,0,179.219,8.465,179.844,-18.35,20.27,147.59,-18.34,-8.92,173.86,53.691,54.811,-30.4074,7.4408,438.83,524.10,-30.7991,6.7403,,,0.20356,0
106.4852,36,71,7,8,379.67,648.33,capture,420.62,518.07,136.55,0,179.213,8.584,179.841,-18.38,20.53,147.42,-17.93,-7.39,174.32,53.721,54.700,-31.1922,6.7488,420.62,518.07,-30.9760,6.7441,,,0.17634,0
106.5892,36,71,7,8,379.67,648.33,capture,415.50,532.85,120.91,0,179.162,8.644,179.826,-18.29,20.75,147.31,-18.19,-8.12,173.05,53.598,54.854,-30.7795,6.3091,415.50,532.85,-30.8876,6.5484,,,0.21231,0
106.6900,36,71,7,8,379.67,648.33,capture,404.94,539.35,111.88,0,179.134,8.631,179.814,-18.35,20.84,147.23,-17.77,-7.38,173.51,53.679,54.806,-31.7926,6.0416,404.94,539.35,-31.2949,6.3203,,,0.19407,0
106.7857,36,71,7,8,379.67,648.33,capture,406.97,501.71,149.14,0,179.132,8.703,179.830,-18.29,20.52,147.25,-17.78,-7.15,173.93,53.551,54.586,-29.7397,6.3892,406.97,501.71,-30.5950,6.3513,,,0.19109,0
106.8899,36,71,7,8,379.67,648.33,capture,410.26,537.73,114.76,0,179.126,8.517,179.840,-18.33,20.41,147.28,-17.46,-7.04,173.51,53.615,54.263,-30.9275,6.9567,410.26,537.73,-30.7446,6.6238,,,0.20538,0
106.9791,36,71,7,8,379.67,648.33,capture,417.10,528.94,125.12,0,179.012,8.530,179.819,-18.42,20.50,147.62,-17.87,-7.69,173.68,53.362,54.214,-30.8331,6.6524,417.10,528.94,-30.7845,6.6367,,,0.19813,0
107.0900,36,71,7,8,379.67,648.33,capture,438.16,532.33,129.92,0,179.040,8.483,179.803,-18.41,20.38,147.36,-17.72,-7.66,173.71,53.387,54.265,-31.2163,8.2721,438.16,532.33,-30.9788,7.3726,,,0.22466,0
107.2040,36,71,7,8,379.67,648.33,capture,417.77,560.09,96.12,0,178.977,8.482,179.798,-18.47,20.38,147.28,-18.53,-8.03,173.33,53.338,54.391,-30.9666,6.5887,417.77,560.09,-30.9733,7.0199,,,0.20870,0
107.3101,36,71,7,8,379.67,648.33,capture,413.23,545.57,108.11,0,179.060,8.554,179.795,-18.46,20.49,147.13,-17.63,-7.59,173.64,53.330,54.443,-29.8033,6.5464,413.23,545.57,-30.4468,6.8068,,,0.19599,0
107.3921,36,71,7,8,379.67,648.33,capture,420.19,532.22,122.98,0,179.034,8.550,179.782,-18.51,20.42,147.16,-18.42,-7.66,173.32,53.459,54.322,-29.8954,7.1758,420.19,532.22,-30.1987,6.9728,,,0.19251,0
107.6047,37,33,3,6,290.33,302.56,dwell,345.81,434.51,143.14,0,178.992,8.361,179.779,-18.54,20.50,147.10,-17.90,-7.96,173.39,53.928,54.074,-27.0461,3.0452,345.81,434.51,-27.0461,3.0452,,,0.20300,0
107.7035,37,33,3,6,290.33,302.56,dwell,201.96,343.33,97.33,0,179.074,8.347,179.761,-18.67,20.43,146.95,-18.29,-7.63,173.62,53.868,54.104,-23.8930,-2.5583,201.96,343.33,-25.6272,0.5236,,,0.18810,0
107.8281,37,33,3,6,290.33,302.56,dwell,342.39,442.87,149.66,0,179.036,8.237,179.756,-18.70,20.54,146.92,-18.41,-7.72,173.24,54.213,54.088,-27.3475,3.3114,342.39,442.87,-26.4013,1.7781,,,0.21890,0
107.9189,37,33,3,6,290.33,302.56,dwell,390.39,336.33,105.60,0,178.968,8.240,179.767,-18.57,20.59,147.13,-17.75,-8.46,172.98,54.579,54.121,-24.0485,4.6924,390.39,336.33,-25.3425,3.0896,,,0.23873,0
108.0258,37,33,3,6,290.33,302.56,dwell,332.36,350.81,63.99,0,178.865,8.075,179.774,-18.54,20.73,147.00,-18.06,-7.15,172.50,54.561,54.126,-23.2439,1.9082,332.36,350.81,-24.3981,2.5579,,,0.21601,0
108.1259,37,33,3,6,290.33,302.56,dwell,403.61,399.75,149.26,0,178.950,7.960,179.777,-18.55,20.87,146.92,-17.79,-7.84,172.92,54.438,54.401,-25.8660,6.0514,403.61,399.75,-25.0587,4.1300,,,0.25119,0
108.2248,37,33,3,6,290.33,302.56,dwell,390.17,363.89,117.17,0,178.888,7.979,179.809,-18.47,20.81,146.96,-18.38,-7.24,173.07,53.912,53.854,-23.4097,5.5936,390.17,363.89,-24.3166,4.7886,,,0.22114,0
108.3348,37,33,3,6,290.33,302.56,dwell,416.15,361.50,138.94,0,178.892,8.189,179.806,-18.42,20.81,147.12,-17.91,-8.07,173.11,53.683,53.712,-23.8449,6.2137,416.15,361.50,-24.1044,5.4299,,,0.21443,0
108.4180,37,33,3,6,290.33,302.56,capture,393.95,340.82,110.46,0,178.875,8.160,179.807,-18.23,20.63,147.11,-17.51,-8.24,173.56,53.918,53.569,-22.2736,5.2426,393.95,340.82,-23.2805,5.3456,,,0.21520,0
108.5211,37,33,3,6,290.33,302.56,capture,383.36,356.12,107.35,0,178.936,8.189,179.830,-18.28,20.60,147.26,-18.20,-7.66,172.81,54.212,53.546,-22.9858,5.3461,383.36,356.12,-23.1479,5.3458,,,0.20913,0
108.6091,37,33,3,6,290.33,302.56,capture,373.27,324.87,85.89,0,178.991,8.113,179.858,-18.31,20.41,147.25,-17.59,-7.31,173.66,54.306,53.629,-22.8501,4.9418,373.27,324.87,-23.0139,5.1640,,,0.20079,0
108.7087,37,33,3,6,290.33,302.56,capture,381.24,333.91,96.16,0,179.094,8.253,179.845,-18.40,20.64,147.36,-18.65,-7.73,173.67,54.407,53.820,-24.0233,5.1470,381.24,333.91,-23.4682,5.1564,,,0.23143,0
108.7907,37,33,3,6,290.33,302.56,capture,376.50,330.99,90.74,0,179.098,8.300,179.837,-18.50,20.61,147.49,-17.76,-8.25,173.88,54.024,54.031,-22.8378,4.9254,376.50,330.99,-23.1845,5.0524,,,0.24624,0
108.8833,37,33,3,6,290.33,302.56,capture,386.24,321.36,97.73,0,178.940,8.200,179.861,-18.44,20.56,147.26,-18.38,-8.17,173.85,53.889,54.115,-22.6237,5.2263,386.24,321.36,-22.9321,5.1306,,,0.24175,0
108.9802,37,33,3,6,290.33,302.56,capture,405.13,349.24,123.93,0,178.944,8.113,179.834,-18.42,20.62,147.43,-17.68,-7.99,173.96,53.940,53.912,-23.4163,6.3711,405.13,349.24,-23.1500,5.6888,,,0.22663,0
109.0799,37,33,3,6,290.33,302.56,capture,385.90,338.11,101.97,0,179.083,8.060,179.801,-18.42,20.79,147.48,-17.98,-8.41,173.76,53.822,53.660,-22.7073,5.8857,385.90,338.11,-22.9508,5.7774,,,0.21845,0
109.1862,37,33,3,6,290.33,302.56,capture,382.24,347.23,102.19,0,179.094,8.000,179.819,-18.43,20.73,147.31,-17.94,-7.96,173.33,54.141,53.781,-23.0920,4.6938,382.24,347.23,-23.0144,5.2898,,,0.22312,0
109.2899,37,33,3,6,290.33,302.56,capture,393.38,326.83,105.87,0,179.145,8.140,179.824,-18.54,20.52,147.44,-18.56,-7.77,174.04,54.189,54.322,-23.3712,5.6697,393.38,326.83,-23.1750,5.4607,,,0.22856,0
109.3917,37,33,3,6,290.33,302.56,capture,392.13,324.42,104.12,0,179.089,8.077,179.792,-18.43,20.62,147.49,-18.16,-8.22,174.20,53.829,54.225,-22.0590,5.8275,392.13,324.42,-22.6728,5.6258,,,0.20113,0
109.4814,37,33,3,6,290.33,302.56,capture,374.49,323.18,86.65,0,179.058,8.026,179.806,-18.35,20.57,147.48,-18.19,-8.16,173.37,53.972,53.775,-21.4948,3.9293,374.49,323.18,-22.1427,4.8624,,,0.22664,0
109.5712,37,33,3,6,290.33,302.56,capture,386.83,334.51,101.65,0,179.195,8.004,179.808,-18.39,20.53,147.48,-18.30,-8.34,174.39,53.869,53.651,-22.9060,4.7743,386.83,334.51,-22.4862,4.8227,,,0.23222,0
109.6589,37,33,3,6,290.33,302.56,capture,365.34,329.23,79.61,0,179.172,7.913,179.812,-18.46,20.75,147.61,-18.18,-7.67,174.37,53.632,53.801,-22.2925,4.5834,365.34,329.23,-22.3990,4.7150,,,0.18104,0
109.7409,37,33,3,6,290.33,302.56,capture,391.50,333.33,105.74,0,179.251,8.020,179.824,-18.45,20.78,147.63,-18.68,-7.45,174.29,53.897,53.886,-23.3930,5.1401,391.50,333.33,-22.8463,4.9063,,,0.19879,0
109.8229,37,33,3,6,290.33,302.56,capture,406.64,338.55,121.75,0,179.231,8.037,179.822,-18.46,20.89,147.71,-18.23,-7.47,174.18,53.552,54.010,-24.1445,6.1607,406.64,338.55,-23.4305,5.4708,,,0.21314,0
109.9286,37,33,3,6,290.33,302.56,capture,404.03,334.95,118.22,0,179.069,8.083,179.810,-18.59,20.89,147.85,-17.90,-7.54,174.71,53.549,54.093,-22.5198,6.1746,404.03,334.95,-23.0207,5.7875,,,0.18851,0
110.0471,37,33,3,6,290.33,302.56,capture,391.34,316.50,101.96,0,178.994,8.191,179.843,-18.52,20.76,147.73,-18.03,-7.55,174.23,53.575,54.320,-21.6666,5.5260,391.34,316.50,-22.4114,5.6698,,,0.23581,0
110.1520,37,33,3,6,290.33,302.56,capture,390.51,354.41,112.80,0,178.958,8.232,179.843,-18.32,20.84,147.77,-18.21,-7.86,174.57,53.264,54.316,-24.0489,5.6745,390.51,354.41,-23.1483,5.6720,,,0.19325,0
110.3734,38,5,0,5,245.67,43.22,dwell,343.13,259.34,237.08,0,178.978,8.073,179.819,-18.35,20.75,147.78,-17.54,-7.53,174.14,53.534,54.851,-20.3591,3.0191,343.13,259.34,-20.3591,3.0191,,,0.18921,0
110.4814,38,5,0,5,245.67,43.22,dwell,413.73,202.97,231.87,0,178.903,8.129,179.827,-18.37,20.68,147.83,-18.19,-7.77,174.31,53.577,54.563,-18.2869,6.8056,413.73,202.97,-19.4266,4.7230,,,0.19834,0
110.5889,38,5,0,5,245.67,43.22,dwell,345.42,154.56,149.49,0,178.973,7.968,179.833,-18.45,20.72,147.87,-17.96,-8.50,174.41,53.402,54.704,-15.7386,2.8726,345.42,154.56,-17.7670,3.8903,,,0.20031,0
110.7015,38,5,0,5,245.67,43.22,dwell,377.39,216.94,218.01,0,178.993,7.912,179.835,-18.43,20.80,147.69,-17.73,-7.82,174.40,53.612,54.431,-18.0350,4.9360,377.39,216.94,-17.8876,4.3609,,,0.19551,0
110.8051,38,5,0,5,245.67,43.22,dwell,346.08,267.88,246.08,0,178.943,7.864,179.818,-18.24,20.97,147.63,-17.49,-7.64,173.88,53.784,54.393,-20.3455,3.4619,346.08,267.88,-18.9937,3.9564,,,0.22946,0
110.8932,38,5,0,5,245.67,43.22,dwell,379.78,180.52,191.93,0,178.859,7.745,179.797,-18.15,20.80,147.72,-17.68,-7.81,174.02,53.992,54.038,-17.0282,4.4543,379.78,180.52,-18.1092,4.1804,,,0.23280,0
110.9802,38,5,0,5,245.67,43.22,dwell,310.64,158.08,131.96,0,179.032,7.679,179.799,-18.14,20.80,147.57,-17.58,-6.96,173.95,53.604,54.129,-14.9866,1.1369,310.64,158.08,-16.7040,2.8108,,,0.23395,0
111.1012,38,5,0,5,245.67,43.22,dwell,386.02,187.17,201.05,0,179.130,7.643,179.766,-18.25,20.78,147.86,-17.46,-7.61,173.66,53.813,53.735,-16.4919,5.3635,386.02,187.17,-16.6086,3.9595,,,0.22355,0
111.2057,38,5,0,5,245.67,43.22,dwell,371.75,128.85,152.41,0,179.027,7.503,179.800,-18.23,20.67,147.83,-18.50,-7.33,174.16,53.871,53.969,-14.8584,3.7837,371.75,128.85,-15.8210,3.8804,,,0.20798,0
111.3034,38,5,0,5,245.67,43.22,dwell,302.02,185.39,152.93,0,179.123,7.491,179.790,-18.17,20.55,147.57,-17.39,-8.23,174.40,53.800,53.776,-17.2846,0.3910,302.02,185.39,-16.4796,2.3102,,,0.21979,0
111.4047,38,5,0,5,245.67,43.22,dwell,360.42,125.16,141.00,0,179.053,7.379,179.799,-18.07,20.56,147.13,-17.97,-8.62,173.06,53.831,53.675,-14.7356,4.0832,360.42,125.16,-15.6948,3.1080,,,0.20843,0
111.4992,38,5,0,5,245.67,43.22,capture,339.70,105.48,112.78,0,178.967,7.292,179.802,-18.14,20.61,147.12,-18.11,-8.16,173.52,53.440,54.148,-13.5526,2.5682,339.70,105.48,-14.7308,2.8651,,,0.19331,0
111.6002,38,5,0,5,245.67,43.22,capture,345.22,103.81,116.54,0,178.945,7.291,179.832,-18.11,20.62,147.08,-17.32,-8.34,173.49,53.337,54.243,-13.2492,3.4419,345.22,103.81,-14.0641,3.1247,,,0.20632,0
111.7077,38,5,0,5,245.67,43.22,capture,332.23,99.10,103.03,0,178.845,7.210,179.831,-18.02,20.69,147.24,-17.48,-7.90,173.66,53.662,54.561,-13.9999,2.0845,332.23,99.10,-14.0352,2.6566,,,0.22562,0
111.8093,38,5,0,5,245.67,43.22,capture,328.37,136.98,125.02,0,178.852,7.359,179.820,-18.02,20.57,147.15,-17.30,-8.23,173.50,53.462,54.484,-15.3915,2.5745,328.37,136.98,-14.6455,2.6197,,,0.20892,0
111.9201,38,5,0,5,245.67,43.22,capture,348.73,106.72,121.05,0,178.831,7.354,179.815,-18.13,20.58,147.05,-17.86,-8.18,173.91,53.944,54.406,-13.5287,2.9642,348.73,106.72,-14.1429,2.7747,,,0.23184,0
112.0320,38,5,0,5,245.67,43.22,capture,340.86,98.21,109.93,0,178.753,7.337,179.827,-18.17,20.68,147.22,-18.18,-8.72,173.14,53.979,54.321,-13.1865,3.3601,340.86,98.21,-13.7125,3.0381,,,0.21643,0
112.1303,38,5,0,5,245.67,43.22,capture,320.03,130.46,114.63,0,178.723,7.357,179.791,-18.12,20.76,147.23,-17.44,-7.69,173.63,53.983,53.898,-15.6543,2.1922,320.03,130.46,-14.5863,2.6575,,,0.25054,0
112.2270,38,5,0,5,245.67,43.22,capture,346.99,97.63,115.01,0,178.815,7.309,179.805,-18.08,20.84,147.31,-17.54,-7.82,173.34,54.087,54.047,-13.6473,3.1615,346.99,97.63,-14.1638,2.8843,,,0.23799,0
112.3125,38,5,0,5,245.67,43.22,capture,344.14,89.95,109.00,0,178.903,7.133,179.786,-18.08,20.94,147.46,-17.26,-7.38,173.63,53.678,53.949,-12.4230,2.8992,344.14,89.95,-13.3804,2.8910,,,0.19203,0
112.4089,38,5,0,5,245.67,43.22,capture,353.87,90.55,118.10,0,178.972,7.144,179.810,-17.99,20.95,147.62,-17.10,-6.96,174.26,53.569,53.746,-12.2906,3.5563,353.87,90.55,-12.8900,3.1904,,,0.20886,0
112.5125,38,5,0,5,245.67,43.22,capture,352.91,94.09,118.70,0,178.921,7.252,179.846,-18.06,20.98,147.42,-18.17,-7.59,173.80,53.679,53.968,-13.2872,2.9610,352.91,94.09,-13.0687,3.0872,,,0.20363,0
112.6014,38,5,0,5,245.67,43.22,capture,350.91,114.04,126.85,0,178.875,7.320,179.859,-18.08,20.99,147.46,-17.79,-7.52,173.83,53.393,53.661,-14.7337,3.4018,350.91,114.04,-13.8180,3.2288,,,0.21151,0
112.6864,38,5,0,5,245.67,43.22,capture,331.81,126.84,120.05,0,179.002,7.250,179.832,-18.12,21.05,147.29,-18.14,-8.01,173.02,53.571,53.678,-15.5539,2.8020,331.81,126.84,-14.5991,3.0367,,,0.21013,0
112.7942,38,5,0,5,245.67,43.22,capture,350.10,84.73,112.38,0,178.872,7.185,179.855,-18.16,20.99,147.21,-18.32,-8.29,173.43,53.251,53.840,-13.6525,3.6545,350.10,84.73,-14.1731,3.3147,,,0.20681,0
112.9117,38,5,0,5,245.67,43.22,capture,361.55,90.11,125.01,0,178.948,7.239,179.850,-18.26,21.01,147.51,-18.04,-7.57,173.33,53.162,54.004,-12.5422,3.8034,361.55,90.11,-13.4392,3.5346,,,0.19940,0
113.0191,38,5,0,5,245.67,43.22,capture,339.92,118.07,120.36,0,179.010,7.205,179.830,-18.28,20.96,147.54,-18.07,-7.81,173.84,53.374,54.096,-15.1234,2.5195,339.92,118.07,-14.1971,3.0778,,,0.20018,0
113.1240,38,5,0,5,245.67,43.22,capture,336.53,79.84,97.96,0,179.041,7.326,179.814,-18.26,20.80,147.40,-18.19,-7.40,173.56,53.517,54.595,-12.9027,3.6470,336.53,79.84,-13.6146,3.3340,,,0.20734,0
113.2231,38,5,0,5,245.67,43.22,capture,336.63,90.62,102.57,0,178.892,7.389,179.811,-18.41,20.73,147.73,-18.51,-7.32,174.24,53.526,54.712,-13.5471,3.2724,336.63,90.62,-13.5842,3.3063,,,0.20908,0
113.3173,38,5,0,5,245.67,43.22,capture,324.49,59.50,80.49,0,178.885,7.345,179.839,-18.42,20.88,147.77,-18.35,-7.99,174.45,53.112,54.379,-11.9196,1.9190,324.49,59.50,-12.8351,2.6820,,,0.19030,0
113.4042,38,5,0,5,245.67,43.22,capture,328.61,84.89,92.82,0,178.887,7.365,179.826,-18.39,20.93,147.88,-17.77,-8.12,174.59,53.089,54.709,-13.8299,2.1687,328.61,84.89,-13.2828,2.4510,,,0.18852,0
113.6061,39,74,8,2,111.67,734.78,dwell,353.43,174.45,610.26,0,178.893,7.453,179.829,-18.39,20.97,147.85,-17.90,-8.11,173.45,52.937,54.308,-18.0283,4.0221,353.43,174.45,-18.0283,4.0221,,,0.18947,0
113.7014,39,74,8,2,111.67,734.78,dwell,264.56,318.64,443.34,0,178.846,7.594,179.813,-18.38,20.94,147.85,-17.92,-7.65,174.50,53.011,54.443,-21.7432,-0.4504,264.56,318.64,-19.7000,2.0095,,,0.20278,0
113.8005,39,74,8,2,111.67,734.78,dwell,279.57,370.86,400.78,0,178.891,7.927,179.829,-18.29,21.02,147.85,-18.39,-7.68,174.15,52.918,54.417,-24.7161,0.2985,279.57,370.86,-21.9573,1.2395,,,0.19237,0
113.8884,39,74,8,2,111.67,734.78,dwell,232.19,437.34,320.93,0,178.898,7.911,179.830,-18.22,21.06,147.97,-17.70,-7.27,174.59,53.271,54.398,-27.2024,-1.4179,232.19,437.34,-24.3175,0.0437,,,0.21834,0
113.9704,39,74,8,2,111.67,734.78,dwell,142.32,524.00,213.00,0,178.982,7.894,179.852,-18.16,21.01,148.14,-17.83,-7.78,174.64,53.117,54.198,-30.5109,-6.4843,142.32,524.00,-27.1046,-2.8939,,,0.18795,0
114.0767,39,74,8,2,111.67,734.78,dwell,84.82,565.03,171.86,0,178.940,7.916,179.889,-18.17,21.01,148.14,-17.39,-7.98,174.80,53.032,54.294,-31.7314,-9.0631,84.82,565.03,-29.1866,-5.6700,,,0.18998,0
114.1838,39,74,8,2,111.67,734.78,dwell,105.84,683.83,51.28,0,178.928,7.862,179.875,-18.12,20.94,148.28,-17.83,-7.50,175.38,53.632,54.678,-37.1430,-8.0385,105.84,683.83,-32.7670,-6.7358,,,0.18514,0
114.3095,39,74,8,2,111.67,734.78,dwell,103.61,651.68,83.49,0,178.929,7.978,179.894,-18.20,20.95,148.39,-17.43,-7.50,175.13,54.098,54.625,-35.3105,-7.7655,103.61,651.68,-33.9116,-7.1992,,,0.22824,0
114.3994,39,74,8,2,111.67,734.78,dwell,56.62,709.30,60.66,0,178.959,8.070,179.869,-18.19,20.79,148.19,-17.77,-7.54,174.38,54.096,54.445,-37.6393,-9.5594,56.62,709.30,-35.5891,-8.2613,,,0.22165,0
114.5043,39,74,8,2,111.67,734.78,dwell,55.05,744.83,57.50,0,179.070,8.076,179.855,-18.31,20.92,148.04,-17.74,-7.58,174.57,53.885,54.417,-39.4951,-10.5731,55.05,744.83,-37.3468,-9.3016,,,0.21586,0
114.5977,39,74,8,2,111.67,734.78,capture,60.36,769.76,62.10,0,179.107,8.193,179.874,-18.20,21.01,148.18,-17.35,-7.84,174.23,53.485,54.104,-39.3564,-10.1207,60.36,769.76,-38.2511,-9.6702,,,0.21831,0
114.6974,39,74,8,2,111.67,734.78,capture,49.06,801.33,91.37,0,179.112,8.320,179.863,-18.28,20.85,148.36,-18.27,-8.32,175.10,53.532,54.079,-41.9359,-10.8562,49.06,801.33,-39.9092,-10.2039,,,0.21504,0
114.8167,39,74,8,2,111.67,734.78,capture,51.35,768.94,69.32,0,179.139,8.364,179.875,-18.35,20.67,147.96,-18.01,-7.29,174.15,53.512,54.073,-39.6984,-10.9823,51.35,768.94,-39.8144,-10.5542,,,0.23761,0
114.9096,39,74,8,2,111.67,734.78,capture,38.56,773.78,82.86,0,179.076,8.536,179.875,-18.33,20.68,147.83,-18.44,-8.22,174.14,53.491,54.155,-40.3715,-11.8991,38.56,773.78,-40.0651,-11.1594,,,0.22500,0
115.0163,39,74,8,2,111.67,734.78,capture,70.44,779.68,60.96,0,178.970,8.503,179.856,-18.27,20.66,147.59,-18.06,-7.11,173.98,53.594,54.452,-39.5413,-9.3844,70.44,779.68,-39.8294,-10.3607,,,0.19814,0
115.1198,39,74,8,2,111.67,734.78,capture,57.43,761.96,60.67,0,178.950,8.681,179.859,-18.26,20.78,147.35,-17.90,-7.69,173.95,53.548,54.166,-40.0563,-10.0676,57.43,761.96,-39.9315,-10.2288,,,0.22445,0
115.2184,39,74,8,2,111.67,734.78,capture,60.74,792.89,77.27,0,178.946,8.805,179.887,-18.23,20.63,147.25,-18.07,-7.63,173.28,53.733,54.160,-41.0203,-10.0249,60.74,792.89,-40.4215,-10.1370,,,0.20540,0
115.3004,39,74,8,2,111.67,734.78,capture,58.29,773.86,66.16,0,178.919,8.802,179.880,-18.20,20.66,147.33,-18.33,-7.33,172.98,53.620,53.940,-38.8525,-10.2475,58.29,773.86,-39.7154,-10.1868,,,0.23305,0
115.4026,39,74,8,2,111.67,734.78,capture,56.00,791.50,79.47,0,178.941,8.747,179.887,-18.12,20.55,147.05,-17.66,-7.79,173.53,53.670,53.672,-40.6136,-10.0717,56.00,791.50,-40.1196,-10.1350,,,0.21045,0
115.4932,39,74,8,2,111.67,734.78,capture,66.08,772.02,58.87,0,178.940,8.667,179.869,-18.32,20.64,147.00,-18.25,-8.33,173.00,53.702,54.248,-39.5368,-9.8932,66.08,772.02,-39.8573,-10.0262,,,0.23250,0
115.6021,39,74,8,2,111.67,734.78,capture,67.78,791.44,71.67,0,178.821,8.589,179.860,-18.35,20.72,147.10,-17.82,-8.35,173.39,53.690,54.521,-39.9404,-9.3649,67.78,791.44,-39.8947,-9.7286,,,0.23975,0
115.7093,39,74,8,2,111.67,734.78,capture,56.99,790.79,78.27,0,178.822,8.770,179.871,-18.30,20.65,147.27,-17.74,-7.91,173.54,53.712,54.374,-40.3154,-10.3462,56.99,790.79,-40.0840,-10.0065,,,0.19478,0
115.8055,39,74,8,2,111.67,734.78,capture,43.59,787.51,86.11,0,178.865,8.657,179.853,-18.23,20.64,147.29,-17.92,-8.02,173.32,53.799,54.747,-40.5748,-11.2155,43.59,787.51,-40.3049,-10.5506,,,0.21375,0
115.9134,39,74,8,2,111.67,734.78,capture,55.84,800.68,86.37,0,178.881,8.692,179.856,-18.12,20.60,147.47,-17.92,-7.66,174.31,53.806,54.509,-41.5770,-10.8475,55.84,800.68,-40.8773,-10.6842,,,0.22516,0
116.0245,39,74,8,2,111.67,734.78,capture,43.80,762.78,73.42,0,178.692,8.724,179.867,-18.09,20.61,147.34,-18.64,-8.09,173.43,53.469,54.359,-40.1766,-10.6882,43.80,762.78,-40.5620,-10.6860,,,0.19767,0
116.1294,39,74,8,2,111.67,734.78,capture,46.24,760.71,70.38,0,178.834,8.691,179.849,-18.11,20.66,147.29,-17.77,-7.94,173.53,53.735,54.156,-39.2622,-10.5751,46.24,760.71,-39.9771,-10.6361,,,0.21363,0
116.2252,39,74,8,2,111.67,734.78,capture,67.39,765.43,53.85,0,178.875,8.747,179.902,-17.95,20.58,147.36,-17.48,-7.82,173.70,53.410,54.559,-39.9166,-9.2172,67.39,765.43,-39.9499,-9.9976,,,0.22999,0
116.3300,39,74,8,2,111.67,734.78,capture,83.05,769.85,45.27,0,178.814,8.739,179.880,-17.98,20.53,147.38,-17.37,-7.87,173.79,52.950,54.932,-39.5345,-9.5964,83.05,769.85,-39.7630,-9.8170,,,0.18427,0
116.4389,39,74,8,2,111.67,734.78,capture,54.20,754.36,60.71,0,178.747,8.798,179.875,-17.94,20.57,147.13,-17.60,-7.98,173.58,53.213,54.958,-39.3346,-11.0269,54.20,754.36,-39.5702,-10.3615,,,0.19935,0
116.6536,40,37,4,1,67.00,389.00,dwell,101.57,633.32,246.75,0,178.850,8.799,179.826,-17.97,20.74,147.41,-16.90,-7.40,173.50,53.579,54.918,-35.2529,-8.6196,101.57,633.32,-35.2529,-8.6196,,,0.18668,0
116.7550,40,37,4,1,67.00,389.00,dwell,-5.87,552.99,179.45,0,178.826,8.840,179.818,-17.90,20.86,147.27,-17.32,-7.13,173.76,53.599,54.467,-31.1456,-13.4660,-5.87,552.99,-33.4046,-10.8005,,,0.19656,0
116.8599,40,37,4,1,67.00,389.00,dwell,-2.70,660.23,280.04,0,178.725,8.568,179.790,-17.89,20.70,147.33,-17.60,-8.24,173.66,53.709,53.898,-36.7287,-12.4080,-2.70,660.23,-34.9005,-11.5238,,,0.19478,0
116.9419,40,37,4,1,67.00,389.00,dwell,38.23,591.86,204.89,0,178.685,8.611,179.814,-17.97,20.77,147.20,-17.44,-8.01,173.43,53.991,54.994,-32.9063,-11.4742,38.23,591.86,-34.0031,-11.5015,,,0.22274,0
117.0460,40,37,4,1,67.00,389.00,dwell,105.18,572.29,187.22,0,178.755,8.473,179.824,-18.02,20.66,147.29,-17.74,-7.69,173.43,53.956,54.909,-32.8704,-7.9658,105.18,572.29,-33.4934,-9.9104,,,0.21326,0
117.1634,40,37,4,1,67.00,389.00,dwell,58.67,524.13,135.39,0,178.866,8.471,179.848,-18.10,20.59,147.14,-17.23,-7.22,173.15,53.916,54.348,-29.8133,-10.4309,58.67,524.13,-31.8374,-10.1446,,,0.19685,0
117.2724,40,37,4,1,67.00,389.00,dwell,77.77,565.69,177.02,0,178.801,8.528,179.837,-18.16,20.61,147.20,-18.00,-8.33,173.48,54.183,54.159,-32.1046,-9.2238,77.77,565.69,-31.9576,-9.7303,,,0.22575,0
117.3734,40,37,4,1,67.00,389.00,dwell,16.31,555.48,174.03,0,178.850,8.488,179.842,-18.19,20.59,147.32,-18.46,-7.20,173.47,54.132,54.480,-32.3894,-12.0743,16.31,555.48,-32.1519,-10.7851,,,0.19588,0
117.4695,40,37,4,1,67.00,389.00,dwell,38.75,507.73,122.04,0,178.892,8.448,179.842,-18.31,20.47,147.49,-18.35,-7.34,173.98,53.994,54.236,-29.0331,-11.0185,38.75,507.73,-30.7485,-10.8901,,,0.21243,0
117.5798,40,37,4,1,67.00,389.00,dwell,35.07,489.09,105.06,0,178.871,8.383,179.857,-18.25,20.76,147.37,-18.00,-8.18,173.75,53.877,54.239,-29.6045,-11.3416,35.07,489.09,-30.2337,-11.0933,,,0.21953,0
117.6821,40,37,4,1,67.00,389.00,capture,36.72,469.10,85.63,0,178.807,8.347,179.844,-18.09,20.77,147.39,-17.32,-7.99,173.98,53.530,54.307,-28.3319,-11.4575,36.72,469.10,-29.3779,-11.2572,,,0.21639,0
117.7823,40,37,4,1,67.00,389.00,capture,18.52,465.25,90.36,0,178.803,8.211,179.847,-18.04,20.94,147.17,-17.90,-7.40,173.73,53.298,54.154,-26.7226,-11.9524,18.52,465.25,-28.1830,-11.5700,,,0.22022,0
117.8953,40,37,4,1,67.00,389.00,capture,54.70,467.79,79.74,0,178.911,8.213,179.830,-18.08,20.88,147.22,-17.61,-7.58,173.69,53.250,54.376,-28.3583,-10.3343,54.70,467.79,-28.2619,-11.0139,,,0.19079,0
117.9927,40,37,4,1,67.00,389.00,capture,15.09,435.35,69.59,0,178.953,8.228,179.792,-18.13,20.81,147.08,-16.92,-8.25,173.54,53.472,54.227,-27.0333,-12.9041,15.09,435.35,-27.7090,-11.8645,,,0.19130,0
118.0977,40,37,4,1,67.00,389.00,capture,42.59,446.88,62.82,0,178.905,8.200,179.801,-18.08,20.75,147.17,-17.47,-6.96,173.28,53.723,54.077,-26.5767,-11.1735,42.59,446.88,-27.1995,-11.5535,,,0.21498,0
118.2069,40,37,4,1,67.00,389.00,capture,9.42,476.29,104.57,0,178.917,8.156,179.812,-18.13,20.74,147.23,-18.33,-7.16,173.23,53.865,53.833,-27.7892,-12.1323,9.42,476.29,-27.4648,-11.8140,,,0.21090,0
118.3091,40,37,4,1,67.00,389.00,capture,46.15,424.20,40.91,1,178.888,8.236,179.822,-18.25,20.52,147.36,-18.17,-8.14,173.37,53.905,54.101,-25.2816,-10.5329,46.15,424.20,-26.4824,-11.2375,,,0.22105,0
118.4003,40,37,4,1,67.00,389.00,capture,61.06,465.93,77.16,0,178.862,8.233,179.829,-18.11,20.53,147.27,-17.63,-7.95,173.94,53.718,53.841,-27.2989,-10.4336,61.06,465.93,-26.8498,-10.8757,,,0.22699,0
118.5019,40,37,4,1,67.00,389.00,capture,40.35,443.61,60.77,0,178.836,8.233,179.833,-18.12,20.76,147.34,-17.86,-7.85,173.69,53.890,54.081,-27.1699,-10.9233,40.35,443.61,-26.9939,-10.8971,,,0.20775,0
118.5883,40,37,4,1,67.00,389.00,capture,39.79,442.56,60.08,0,178.904,8.154,179.836,-18.06,20.85,147.32,-17.74,-7.84,173.61,53.810,53.913,-26.5383,-10.3028,39.79,442.56,-26.7888,-10.6297,,,0.19991,0
118.6895,40,37,4,1,67.00,389.00,capture,33.71,435.66,57.32,0,178.929,8.064,179.835,-18.06,21.02,147.17,-17.12,-7.97,173.32,53.900,54.110,-26.0116,-11.2010,33.71,435.66,-26.4391,-10.8868,,,0.21264,0
118.7804,40,37,4,1,67.00,389.00,capture,48.43,454.12,67.72,0,178.881,8.109,179.829,-17.87,20.75,147.27,-17.09,-7.87,173.29,53.916,54.337,-27.6461,-9.7938,48.43,454.12,-26.9823,-10.3949,,,0.21566,0
118.8624,40,37,4,1,67.00,389.00,capture,40.07,451.94,68.46,0,178.880,8.295,179.795,-17.98,20.81,147.37,-17.28,-7.39,173.34,53.770,54.235,-27.8559,-11.3377,40.07,451.94,-27.3754,-10.8192,,,0.24101,0
118.9720,40,37,4,1,67.00,389.00,capture,30.22,470.71,89.61,0,178.883,8.251,179.801,-17.98,20.51,147.68,-16.43,-7.46,174.27,53.587,53.994,-28.8126,-11.2294,30.22,470.71,-28.0221,-11.0038,,,0.21584,0
119.0882,40,37,4,1,67.00,389.00,capture,40.93,425.59,44.93,0,178.921,8.279,179.801,-18.03,20.63,147.82,-17.37,-7.62,174.36,53.412,54.278,-26.2028,-10.8156,40.93,425.59,-27.2034,-10.9191,,,0.18777,0
119.1935,40,37,4,1,67.00,389.00,capture,11.75,445.16,78.78,0,179.033,8.445,179.782,-18.09,20.58,147.73,-17.78,-7.85,174.36,53.327,54.227,-27.2367,-11.8997,11.75,445.16,-27.2184,-11.3604,,,0.18976,0
119.3022,40,37,4,1,67.00,389.00,capture,6.36,440.36,79.47,0,179.053,8.247,179.831,-18.04,20.57,147.95,-17.85,-8.06,174.46,53.539,54.311,-26.7424,-12.7149,6.36,440.36,-27.0042,-11.9699,,,0.19711,0
119.4050,40,37,4,1,67.00,389.00,capture,7.43,449.03,84.57,0,179.153,8.205,179.845,-18.08,20.63,147.63,-17.85,-7.57,173.43,53.051,53.962,-26.4624,-12.3804,7.43,449.03,-26.7604,-12.1546,,,0.21181,0
119.4973,40,37,4,1,67.00,389.00,capture,16.39,458.64,86.09,0,179.139,8.209,179.845,-18.08,20.72,147.52,-17.93,-8.21,173.41,53.267,54.018,-27.7986,-11.9999,16.39,458.64,-27.2276,-12.0850,,,0.20300,0
119.5996,40,37,4,1,67.00,389.00,capture,26.11,443.62,68.23,0,178.977,8.102,179.845,-18.04,20.53,147.34,-17.92,-7.34,172.90,53.396,53.755,-26.1251,-11.6809,26.11,443.62,-26.7315,-11.9031,,,0.21233,0
119.7610,41,43,4,7,335.00,389.00,dwell,132.91,506.87,233.95,0,179.054,7.997,179.864,-18.08,20.52,147.21,-17.59,-7.59,173.38,53.039,53.723,-28.8940,-6.6734,132.91,506.87,-28.8940,-6.6734,,,0.19156,0
119.8731,41,43,4,7,335.00,389.00,dwell,181.87,473.40,174.85,0,179.016,8.147,179.864,-18.11,20.57,147.23,-18.28,-7.40,173.46,52.964,53.733,-28.0860,-3.4576,181.87,473.40,-28.5304,-5.2263,,,0.19640,0
119.9771,41,43,4,7,335.00,389.00,dwell,234.60,335.64,113.70,0,179.033,8.099,179.858,-18.18,20.60,147.40,-17.75,-7.87,173.91,53.384,53.864,-22.7725,-2.1892,234.60,335.64,-25.9394,-3.8596,,,0.18745,0
120.0762,41,43,4,7,335.00,389.00,dwell,129.32,320.88,216.67,0,179.006,8.056,179.893,-18.14,20.65,147.34,-17.60,-8.08,173.43,53.432,53.829,-22.8416,-7.2983,129.32,320.88,-24.5454,-5.4070,,,0.22081,0
120.1916,41,43,4,7,335.00,389.00,dwell,310.83,380.01,25.79,0,178.931,7.965,179.875,-18.15,20.70,147.47,-17.96,-7.58,173.93,53.272,53.812,-24.8722,1.7474,310.83,380.01,-24.6924,-2.1875,,,0.18917,0
120.2770,41,43,4,7,335.00,389.00,dwell,318.36,283.94,106.37,0,178.893,8.020,179.907,-18.16,20.72,147.85,-18.71,-7.25,174.00,53.191,53.942,-21.5537,1.5357,318.36,283.94,-23.2800,-0.5121,,,0.21252,0
120.3590,41,43,4,7,335.00,389.00,dwell,311.28,359.42,37.92,0,178.963,7.962,179.887,-18.25,20.60,147.79,-17.77,-8.18,174.09,53.035,54.178,-23.7165,1.7109,311.28,359.42,-23.4764,0.4882,,,0.17400,0
120.4449,41,43,4,7,335.00,389.00,dwell,367.72,337.28,61.20,0,178.890,8.002,179.881,-18.27,20.47,147.77,-17.14,-8.31,174.16,53.009,54.148,-22.9925,4.7700,367.72,337.28,-23.2586,2.4151,,,0.18563,0
120.5449,41,43,4,7,335.00,389.00,dwell,383.80,366.88,53.58,0,179.034,8.166,179.931,-18.31,20.62,147.70,-17.48,-8.26,174.47,53.118,53.771,-23.6779,5.3225,383.80,366.88,-23.4473,3.7234,,,0.21248,0
120.6462,41,43,4,7,335.00,389.00,capture,417.46,343.36,94.25,0,178.953,8.205,179.915,-18.31,20.66,147.52,-17.95,-8.26,173.71,53.357,54.107,-22.7610,7.0086,417.46,343.36,-23.1385,5.2017,,,0.19112,0
120.7539,41,43,4,7,335.00,389.00,capture,416.79,332.62,99.34,0,178.948,8.237,179.908,-18.24,20.58,147.50,-17.74,-8.81,174.27,53.012,54.273,-21.9110,6.4934,416.79,332.62,-22.5861,5.7830,,,0.19904,0
120.8612,41,43,4,7,335.00,389.00,capture,409.52,334.39,92.39,0,178.942,8.226,179.889,-18.17,20.46,147.37,-17.59,-7.70,173.52,53.084,54.221,-22.3922,7.3553,409.52,334.39,-22.4988,6.4905,,,0.19663,0
120.9698,41,43,4,7,335.00,389.00,capture,412.63,333.14,95.64,0,178.944,8.213,179.904,-18.11,20.48,147.27,-18.09,-7.19,173.76,53.340,54.011,-23.6664,5.8560,412.63,333.14,-23.0242,6.2050,,,0.19719,0
121.0741,41,43,4,7,335.00,389.00,capture,393.98,361.49,65.08,0,179.041,8.370,179.884,-18.16,20.72,147.05,-18.19,-7.35,173.33,53.320,54.314,-23.8724,5.3463,393.98,361.49,-23.4059,5.8186,,,0.18155,0
121.1878,41,43,4,7,335.00,389.00,capture,395.03,357.50,67.79,0,179.038,8.467,179.854,-18.16,20.66,147.31,-17.96,-8.11,174.02,53.383,54.186,-22.8642,5.6372,395.03,357.50,-23.1621,5.7369,,,0.20818,0
121.2964,41,43,4,7,335.00,389.00,capture,411.94,347.66,87.34,0,178.970,8.588,179.867,-18.17,20.73,147.34,-17.68,-8.22,174.38,53.486,54.057,-23.4358,6.3975,411.94,347.66,-23.2853,6.0342,,,0.20351,0
121.3838,41,43,4,7,335.00,389.00,capture,416.00,356.39,87.32,0,178.914,8.523,179.865,-18.16,20.74,147.19,-18.13,-7.53,173.49,53.330,54.066,-23.5735,6.0687,416.00,356.39,-23.4150,6.0497,,,0.20842,0
121.4780,41,43,4,7,335.00,389.00,capture,401.07,341.90,81.14,0,178.850,8.415,179.850,-18.06,20.61,147.21,-17.72,-8.49,173.87,53.389,53.720,-23.0157,6.3450,401.07,341.90,-23.2353,6.1826,,,0.21926,0
121.5658,41,43,4,7,335.00,389.00,capture,418.29,341.95,95.66,0,178.887,8.408,179.862,-18.06,20.57,147.25,-17.45,-7.66,172.82,53.421,53.917,-23.1552,6.3454,418.29,341.95,-23.1992,6.2559,,,0.18990,0
121.6613,41,43,4,7,335.00,389.00,capture,415.20,342.78,92.57,0,178.963,8.499,179.842,-18.18,20.85,147.31,-18.64,-7.75,173.92,53.610,54.226,-23.7509,5.6230,415.20,342.78,-23.4475,5.9711,,,0.20654,0
121.7498,41,43,4,7,335.00,389.00,capture,410.17,364.64,79.02,0,178.896,8.394,179.829,-18.25,20.80,147.35,-18.35,-8.02,173.49,53.539,54.561,-24.5085,6.3066,410.17,364.64,-23.9250,6.1221,,,0.20588,0
121.8470,41,43,4,7,335.00,389.00,capture,412.48,327.40,98.98,0,178.963,8.249,179.838,-18.21,20.80,147.43,-17.08,-7.35,173.59,53.385,54.426,-22.5491,6.2445,412.48,327.40,-23.3058,6.1772,,,0.19908,0
121.9550,41,43,4,7,335.00,389.00,capture,426.14,327.46,109.97,0,178.908,8.214,179.805,-18.20,20.81,147.56,-17.85,-7.68,173.42,52.877,54.516,-22.1862,7.0528,426.14,327.46,-22.8020,6.5712,,,0.18668,0
122.0378,41,43,4,7,335.00,389.00,capture,396.24,341.66,77.40,0,178.939,8.267,179.816,-18.34,20.87,147.43,-18.02,-8.18,174.07,53.148,54.190,-23.2307,5.2960,396.24,341.66,-22.9949,5.9973,,,0.18813,0
122.1328,41,43,4,7,335.00,389.00,capture,443.12,341.12,118.25,0,178.963,8.333,179.801,-18.22,20.87,147.76,-17.77,-7.79,174.69,53.348,53.733,-22.9582,7.5787,443.12,341.12,-22.9784,6.7089,,,0.20485,0
122.2241,41,43,4,7,335.00,389.00,capture,430.78,342.81,106.34,0,179.084,8.313,179.824,-18.11,20.91,148.01,-18.25,-7.70,174.45,54.037,53.732,-23.4710,6.8092,430.78,342.81,-23.2001,6.7541,,,0.22411,0
122.3344,41,43,4,7,335.00,389.00,capture,416.46,328.86,101.25,0,179.052,8.346,179.809,-18.29,20.89,148.17,-18.08,-8.35,174.44,53.868,53.818,-23.2224,6.4258,416.46,328.86,-23.2101,6.6063,,,0.23352,0
122.4366,41,43,4,7,335.00,389.00,capture,428.14,338.48,105.96,0,179.038,8.150,179.822,-18.25,21.02,148.08,-18.17,-8.03,174.60,53.674,53.975,-23.5812,6.9901,428.14,338.48,-23.3771,6.7790,,,0.20720,0
122.5313,41,43,4,7,335.00,389.00,capture,416.77,336.21,97.33,0,178.989,8.087,179.806,-18.24,21.19,148.07,-17.65,-7.79,174.53,53.257,53.715,-22.6932,5.2574,416.77,336.21,-23.0693,6.0943,,,0.18817,0
122.7262,42,3,0,3,156.33,43.22,dwell,291.46,186.73,197.11,0,179.113,8.031,179.826,-18.30,21.25,148.16,-18.02,-7.45,174.49,53.485,53.578,-16.4129,1.2006,291.46,186.73,-16.4129,1.2006,,,0.21526,0
122.8171,42,3,0,3,156.33,43.22,dwell,307.43,187.48,208.90,0,179.051,7.914,179.846,-18.33,21.17,148.16,-18.30,-6.85,174.08,53.180,53.449,-15.7141,1.9613,307.43,187.48,-16.0984,1.5429,,,0.19763,0
122.9073,42,3,0,3,156.33,43.22,dwell,333.06,163.45,213.75,0,179.094,7.787,179.827,-18.31,21.09,148.23,-17.70,-7.62,174.47,53.524,54.086,-18.0397,2.4761,333.06,163.45,-16.9720,1.9629,,,0.21162,0
123.0035,42,3,0,3,156.33,43.22,dwell,146.32,194.76,151.87,0,179.115,7.749,179.790,-18.25,21.09,147.87,-18.14,-6.72,173.60,53.498,54.272,-17.9157,-6.0321,146.32,194.76,-17.3967,-1.6349,,,0.22273,0
123.1039,42,3,0,3,156.33,43.22,dwell,203.78,164.20,129.95,0,179.113,7.611,179.786,-18.23,20.92,147.81,-17.69,-8.22,174.10,53.645,54.413,-16.0858,-3.3120,203.78,164.20,-16.8068,-2.3896,,,0.19898,0
123.2031,42,3,0,3,156.33,43.22,dwell,187.61,104.20,68.53,0,179.128,7.653,179.818,-18.19,20.75,147.71,-17.00,-7.90,174.40,53.772,53.973,-12.9735,-4.1620,187.61,104.20,-15.0818,-3.1872,,,0.20154,0
123.3099,42,3,0,3,156.33,43.22,dwell,195.07,22.44,43.96,0,179.036,7.539,179.850,-18.34,20.86,147.73,-17.64,-7.63,174.13,53.675,53.817,-11.1530,-3.3926,195.07,22.44,-13.3138,-3.2796,,,0.20410,0
123.4189,42,3,0,3,156.33,43.22,dwell,155.91,-13.91,57.13,0,179.061,7.471,179.848,-18.38,20.74,147.76,-18.23,-7.56,174.23,53.376,54.016,-9.1125,-5.8334,155.91,-13.91,-11.4232,-4.4288,,,0.20732,0
123.5332,42,3,0,3,156.33,43.22,capture,122.35,-29.36,80.14,0,178.986,7.623,179.813,-18.42,20.73,147.63,-18.00,-7.35,174.27,53.201,53.714,-9.1903,-7.0999,122.35,-29.36,-10.4184,-5.6308,,,0.21844,0
123.6315,42,3,0,3,156.33,43.22,capture,119.24,-29.22,81.39,0,179.072,7.629,179.788,-18.43,20.66,147.36,-18.13,-7.57,173.40,53.048,53.395,-9.4569,-7.7962,119.24,-29.22,-9.9858,-6.6052,,,0.18801,0
123.7276,42,3,0,3,156.33,43.22,capture,129.68,-13.41,62.59,0,178.963,7.576,179.822,-18.50,20.76,147.41,-17.52,-7.94,173.27,53.215,53.576,-8.5671,-7.3530,129.68,-13.41,-9.3474,-6.9417,,,0.18209,0
123.8152,42,3,0,3,156.33,43.22,capture,135.78,-2.43,50.07,0,178.912,7.512,179.847,-18.53,20.64,147.40,-17.76,-7.23,173.61,53.353,53.249,-9.8626,-5.6355,135.78,-2.43,-9.5792,-6.3539,,,0.18414,0
123.9062,42,3,0,3,156.33,43.22,capture,137.72,-19.28,65.21,0,179.039,7.516,179.830,-18.52,20.62,147.14,-18.48,-7.37,173.43,53.474,53.209,-9.2978,-5.8439,137.72,-19.28,-9.4526,-6.1244,,,0.21465,0
124.0026,42,3,0,3,156.33,43.22,capture,135.17,9.51,39.80,1,178.894,7.466,179.833,-18.51,20.68,147.42,-17.86,-7.69,173.28,53.304,53.305,-9.8064,-6.4267,135.17,9.51,-9.6118,-6.2604,,,0.19293,0
124.1094,42,3,0,3,156.33,43.22,capture,139.29,-1.89,48.22,0,178.675,7.510,179.839,-18.40,20.75,147.28,-18.31,-7.40,173.77,52.901,53.531,-9.2667,-6.5591,139.29,-1.89,-9.4565,-6.3948,,,0.16615,0
124.2101,42,3,0,3,156.33,43.22,capture,143.99,10.67,34.81,1,178.656,7.620,179.825,-18.30,20.68,147.22,-18.19,-7.96,173.87,52.764,53.707,-9.8276,-6.5967,143.99,10.67,-9.6235,-6.4857,,,0.20298,0
124.2921,42,3,0,3,156.33,43.22,capture,146.50,-8.82,52.96,0,178.707,7.651,179.850,-18.27,20.97,147.27,-17.88,-7.06,173.10,53.351,54.059,-9.6983,-6.7337,146.50,-8.82,-9.6572,-6.5973,,,0.21058,0
124.3935,42,3,0,3,156.33,43.22,capture,136.77,-16.03,62.40,0,178.702,7.656,179.859,-18.24,20.99,147.27,-17.55,-8.17,173.25,53.645,54.343,-8.9338,-6.7943,136.77,-16.03,-9.3316,-6.6860,,,0.20165,0
124.4969,42,3,0,3,156.33,43.22,capture,109.65,-36.32,92.23,0,178.840,7.581,179.840,-18.36,20.90,147.37,-18.45,-7.49,174.49,53.498,53.846,-8.1402,-7.5765,109.65,-36.32,-8.7955,-7.0867,,,0.20946,0
124.5975,42,3,0,3,156.33,43.22,capture,122.05,-12.52,65.44,0,178.767,7.629,179.845,-18.45,20.75,147.53,-17.75,-8.56,173.27,53.406,53.747,-9.2042,-7.3221,122.05,-12.52,-8.9794,-7.1926,,,0.16883,0
124.6997,42,3,0,3,156.33,43.22,capture,144.28,-37.03,81.15,0,178.729,7.612,179.852,-18.40,20.81,147.43,-18.14,-7.72,174.50,53.237,53.726,-8.7642,-6.4094,144.28,-37.03,-8.8826,-6.8402,,,0.18189,0
124.7996,42,3,0,3,156.33,43.22,capture,139.62,-33.57,78.59,0,178.880,7.602,179.813,-18.43,20.78,147.39,-18.39,-6.78,173.51,53.296,53.465,-8.4854,-5.6821,139.62,-33.57,-8.7039,-6.3190,,,0.21950,0
124.8945,42,3,0,3,156.33,43.22,capture,118.83,-23.06,76.16,0,178.904,7.585,179.824,-18.36,20.88,147.41,-17.15,-8.08,173.91,53.682,53.113,-9.5636,-8.0374,118.83,-23.06,-9.0907,-7.0923,,,0.21916,0
124.9842,42,3,0,3,156.33,43.22,capture,145.21,-17.08,61.32,0,178.896,7.615,179.790,-18.30,20.83,147.55,-17.99,-7.70,174.17,53.530,53.592,-9.6462,-6.4493,145.21,-17.08,-9.3407,-6.8030,,,0.20704,0
125.0875,42,3,0,3,156.33,43.22,capture,162.61,-30.29,73.78,0,178.915,7.478,179.777,-18.22,20.65,147.28,-18.04,-8.02,173.06,53.012,53.755,-8.3552,-4.8217,162.61,-30.29,-8.8972,-5.9114,,,0.21602,0
125.1924,42,3,0,3,156.33,43.22,capture,147.18,-33.51,77.28,0,178.816,7.588,179.792,-18.22,20.60,147.22,-17.62,-7.13,173.70,53.161,53.620,-8.5966,-5.9709,147.18,-33.51,-8.7620,-5.9382,,,0.20381,0
125.3871,43,17,1,8,379.67,129.67,dwell,246.93,11.44,177.75,0,178.864,7.630,179.811,-18.22,20.75,147.16,-17.06,-7.84,173.50,52.823,54.204,-10.2677,-1.4356,246.93,11.44,-10.2677,-1.4356,,,0.15493,0
125.4878,43,17,1,8,379.67,129.67,dwell,361.18,45.24,86.43,0,178.767,7.559,179.813,-18.08,20.66,147.12,-17.72,-7.96,173.38,53.254,54.289,-12.3630,4.5817,361.18,45.24,-11.2106,1.2722,,,0.19491,0
125.5936,43,17,1,8,379.67,129.67,dwell,194.18,7.44,222.14,0,178.825,7.703,179.821,-18.19,20.69,147.04,-17.37,-7.62,173.30,53.180,54.153,-10.0376,-3.1202,194.18,7.44,-10.6828,-0.7044,,,0.18838,0
125.7015,43,17,1,8,379.67,129.67,dwell,147.52,-7.79,269.79,0,178.834,7.646,179.856,-18.24,20.70,147.19,-17.45,-8.36,174.13,52.911,54.166,-9.4896,-5.2116,147.52,-7.79,-10.1459,-2.7326,,,0.19898,0
125.8163,43,17,1,8,379.67,129.67,dwell,299.21,5.24,148.17,0,178.795,7.686,179.864,-18.26,20.84,146.96,-17.41,-7.75,173.38,53.413,54.229,-9.5183,1.1179,299.21,5.24,-9.8634,-0.9999,,,0.19715,0
125.9088,43,17,1,8,379.67,129.67,dwell,362.90,-40.79,171.28,0,178.796,7.575,179.864,-18.28,20.86,147.05,-17.57,-7.55,173.74,53.801,54.473,-8.1508,3.8280,362.90,-40.79,-9.0927,1.1727,,,0.20186,0
125.9908,43,17,1,8,379.67,129.67,dwell,318.70,41.15,107.48,0,178.758,7.661,179.838,-18.26,20.89,146.98,-17.98,-8.41,173.30,53.700,54.693,-11.4109,2.4006,318.70,41.15,-10.1359,1.7252,,,0.21783,0
126.0728,43,17,1,8,379.67,129.67,dwell,356.82,-3.69,135.30,0,178.681,7.796,179.820,-18.29,20.92,146.70,-17.97,-6.56,172.76,53.575,54.458,-10.3162,3.3673,356.82,-3.69,-10.2170,2.4641,,,0.21652,0
126.1720,43,17,1,8,379.67,129.67,dwell,418.01,-21.05,155.52,0,178.605,7.709,179.815,-18.26,20.80,146.87,-17.66,-7.88,172.94,53.330,54.186,-9.9745,6.6102,418.01,-21.05,-10.1079,4.3299,,,0.22946,0
126.2731,43,17,1,8,379.67,129.67,dwell,378.83,-39.42,169.09,0,178.718,7.706,179.802,-18.10,20.77,146.79,-18.14,-7.86,173.25,53.050,54.278,-9.0397,4.6546,378.83,-39.42,-9.6272,4.4760,,,0.17498,0
126.3828,43,17,1,8,379.67,129.67,capture,389.20,-11.65,141.64,0,178.710,7.769,179.792,-18.10,20.68,146.70,-17.57,-8.36,172.67,53.319,54.490,-10.1031,4.7973,389.20,-11.65,-9.8413,4.6206,,,0.18861,0
126.4694,43,17,1,8,379.67,129.67,capture,384.62,4.46,125.30,0,178.703,7.757,179.776,-18.04,20.72,147.02,-17.91,-7.69,173.31,53.197,54.580,-8.8880,5.4533,384.62,4.46,-9.4123,4.9953,,,0.19645,0
126.5680,43,17,1,8,379.67,129.67,capture,401.37,-20.39,151.62,0,178.733,7.774,179.814,-17.98,20.59,146.96,-17.79,-8.66,173.02,53.215,53.934,-9.8787,5.7398,401.37,-20.39,-9.6222,5.3303,,,0.21061,0
126.6811,43,17,1,8,379.67,129.67,capture,398.27,-20.57,151.38,0,178.844,7.659,179.816,-17.95,20.70,147.08,-17.73,-8.13,172.94,53.049,53.817,-9.5959,5.3858,398.27,-20.57,-9.6104,5.3553,,,0.19855,0
126.7896,43,17,1,8,379.67,129.67,capture,424.85,-43.10,178.58,0,178.828,7.616,179.801,-17.95,20.67,147.20,-17.84,-7.52,173.30,53.371,53.972,-7.8829,7.2930,424.85,-43.10,-8.8330,6.2273,,,0.19668,0
126.8758,43,17,1,8,379.67,129.67,capture,427.09,-36.12,172.44,0,178.823,7.706,179.782,-18.05,20.71,147.26,-17.99,-7.07,173.22,53.525,54.160,-7.7565,6.9598,427.09,-36.12,-8.3486,6.5569,,,0.21167,0
126.9578,43,17,1,8,379.67,129.67,capture,412.85,-30.17,163.24,0,178.797,7.796,179.785,-18.09,20.60,147.55,-17.50,-7.64,174.35,53.457,53.900,-8.8729,6.3275,412.85,-30.17,-8.5845,6.4537,,,0.21005,0
127.0596,43,17,1,8,379.67,129.67,capture,405.39,-8.28,140.32,0,178.653,7.767,179.769,-18.17,20.54,147.59,-17.44,-8.39,174.02,53.713,53.535,-10.3195,5.6366,405.39,-8.28,-9.3652,6.0860,,,0.22230,0
127.1676,43,17,1,8,379.67,129.67,capture,407.27,-5.28,137.74,0,178.676,7.803,179.771,-18.10,20.47,147.56,-17.45,-8.18,173.55,53.910,53.192,-9.6121,6.0744,407.27,-5.28,-9.4763,6.0807,,,0.22590,0
127.2742,43,17,1,8,379.67,129.67,capture,416.42,-21.47,155.54,0,178.682,7.756,179.763,-18.14,20.24,147.71,-17.56,-8.62,174.02,53.928,53.696,-8.7022,6.2964,416.42,-21.47,-9.1280,6.1778,,,0.21113,0
127.3562,43,17,1,8,379.67,129.67,capture,391.53,-0.24,130.45,0,178.654,7.746,179.799,-18.11,20.24,147.65,-17.88,-7.62,173.76,53.720,53.619,-10.1208,5.6011,391.53,-0.24,-9.5747,5.9183,,,0.17330,0
127.4421,43,17,1,8,379.67,129.67,capture,396.78,-10.67,141.38,0,178.629,7.714,179.770,-18.22,20.27,147.74,-17.51,-7.94,174.85,53.694,53.548,-9.6346,5.6997,396.78,-10.67,-9.6017,5.8199,,,0.20385,0
127.5290,43,17,1,8,379.67,129.67,capture,410.71,-40.40,172.88,0,178.648,7.674,179.785,-18.12,20.35,147.81,-17.71,-8.38,173.89,53.997,53.681,-8.0417,6.1739,410.71,-40.40,-8.8997,5.9792,,,0.22530,0
127.6267,43,17,1,8,379.67,129.67,capture,433.27,-14.45,153.76,0,178.650,7.617,179.777,-18.16,20.31,147.81,-17.76,-8.22,174.25,54.241,53.931,-9.2015,6.2639,433.27,-14.45,-9.0355,6.1073,,,0.22714,0
127.7307,43,17,1,8,379.67,129.67,capture,413.27,-24.75,158.03,0,178.633,7.550,179.802,-18.12,20.40,148.00,-18.00,-8.12,174.10,53.925,54.425,-9.6766,6.6285,413.27,-24.75,-9.3240,6.3418,,,0.22705,0
127.8461,43,17,1,8,379.67,129.67,capture,410.24,-10.70,143.66,0,178.600,7.539,179.811,-18.12,20.44,147.90,-17.95,-8.22,173.93,53.938,54.339,-8.8160,6.2909,410.24,-10.70,-9.0954,6.3189,,,0.21918,0
127.9548,43,17,1,8,379.67,129.67,capture,404.87,-20.07,151.84,0,178.638,7.539,179.815,-18.15,20.70,147.85,-17.25,-7.04,174.04,54.088,53.859,-8.2029,5.2257,404.87,-20.07,-8.6938,5.8270,,,0.21570,0
128.0549,43,17,1,8,379.67,129.67,capture,401.77,-10.17,141.57,0,178.716,7.490,179.827,-18.20,20.78,147.96,-17.34,-8.01,174.42,54.095,53.869,-9.7442,6.0084,401.77,-10.17,-9.1665,5.9086,,,0.21691,0
128.2368,44,62,6,8,379.67,561.89,dwell,433.90,112.13,453.02,0,178.704,7.692,179.820,-18.14,20.71,147.92,-17.93,-7.67,174.63,54.290,53.781,-14.1448,7.2032,433.90,112.13,-14.1448,7.2032,,,0.21885,0
128.3264,44,62,6,8,379.67,561.89,dwell,405.74,50.46,512.09,0,178.751,7.860,179.799,-18.20,20.76,147.83,-18.33,-7.47,174.04,54.592,53.568,-11.3975,6.6443,405.74,50.46,-12.9085,6.9517,,,0.26578,0
128.4202,44,62,6,8,379.67,561.89,dwell,327.82,226.28,339.59,0,178.669,7.827,179.799,-18.18,20.77,147.73,-17.85,-7.32,173.90,54.327,54.089,-18.7520,2.4519,327.82,226.28,-15.5381,4.9268,,,0.22540,0
128.5149,44,62,6,8,379.67,561.89,dwell,405.26,342.24,221.13,0,178.669,7.910,179.823,-18.22,20.84,147.77,-17.44,-7.83,173.93,54.454,54.334,-22.8406,6.1493,405.26,342.24,-18.8242,5.4769,,,0.24207,0
128.6165,44,62,6,8,379.67,561.89,dwell,441.65,139.34,427.07,0,178.667,7.801,179.848,-18.19,20.98,147.61,-17.72,-7.68,173.92,54.168,54.451,-15.4652,7.1633,441.65,139.34,-17.3126,6.2358,,,0.20706,0
128.7244,44,62,6,8,379.67,561.89,dwell,431.44,342.78,225.14,0,178.694,7.978,179.853,-18.26,20.88,147.67,-17.89,-8.42,173.92,53.827,54.339,-23.8679,7.3952,431.44,342.78,-20.2625,6.7575,,,0.22226,0
128.8285,44,62,6,8,379.67,561.89,dwell,432.55,357.82,210.81,0,178.824,8.075,179.843,-18.41,20.95,148.09,-17.94,-7.04,174.91,54.110,54.762,-23.4498,6.8903,432.55,357.82,-21.6968,6.8173,,,0.21747,0
128.9187,44,62,6,8,379.67,561.89,dwell,422.83,474.38,97.57,0,178.956,8.064,179.852,-18.41,20.96,148.01,-17.86,-8.54,174.26,53.754,54.374,-28.4903,6.4970,422.83,474.38,-24.7539,6.6731,,,0.22799,0
129.0080,44,62,6,8,379.67,561.89,dwell,424.52,455.65,115.32,0,178.901,8.179,179.848,-18.38,20.91,148.03,-18.02,-8.43,174.05,53.588,54.761,-26.8762,5.8093,424.52,455.65,-25.7089,6.2844,,,0.22723,0
129.1065,44,62,6,8,379.67,561.89,capture,409.01,496.63,71.55,0,178.908,8.270,179.790,-18.42,20.97,148.15,-17.89,-6.52,174.31,53.521,54.959,-28.9050,5.5389,409.01,496.63,-27.1472,5.9489,,,0.21787,0
129.2040,44,62,6,8,379.67,561.89,capture,431.61,512.45,71.71,0,178.834,8.327,179.742,-18.51,21.03,148.30,-18.51,-7.55,174.75,53.838,54.879,-30.2664,7.1696,431.61,512.45,-28.5508,6.4982,,,0.21590,0
129.2989,44,62,6,8,379.67,561.89,capture,418.79,497.51,75.33,0,178.829,8.225,179.737,-18.68,20.95,148.00,-17.92,-7.72,174.44,54.067,54.972,-28.3768,6.4361,418.79,497.51,-28.4725,6.4703,,,0.23579,0
129.3969,44,62,6,8,379.67,561.89,capture,399.37,507.51,57.84,0,178.849,8.259,179.751,-18.77,20.86,147.79,-18.79,-8.46,174.07,53.935,54.645,-30.2488,6.1364,399.37,507.51,-29.2718,6.3200,,,0.21447,0
129.4952,44,62,6,8,379.67,561.89,capture,431.09,479.17,97.40,0,178.920,8.232,179.746,-18.75,20.87,147.62,-18.77,-7.51,173.74,53.614,54.482,-28.9146,7.0506,431.09,479.17,-29.1111,6.6488,,,0.19063,0
129.5772,44,62,6,8,379.67,561.89,capture,437.62,501.69,83.56,0,178.932,8.251,179.744,-18.78,20.80,147.70,-18.30,-8.14,174.20,53.506,54.255,-29.9185,7.7206,437.62,501.69,-29.4744,7.1311,,,0.22074,0
129.6993,44,62,6,8,379.67,561.89,capture,410.86,467.10,99.79,0,178.908,8.274,179.726,-18.79,20.88,147.80,-18.12,-8.02,173.91,53.629,54.204,-27.9034,6.7412,410.86,467.10,-28.7675,6.9556,,,0.22211,0
129.8275,44,62,6,8,379.67,561.89,capture,419.88,501.85,72.26,0,178.910,8.240,179.760,-18.77,20.75,147.85,-18.18,-7.63,174.17,53.299,54.372,-28.8312,6.6538,419.88,501.85,-28.7962,6.8198,,,0.19698,0
129.9359,44,62,6,8,379.67,561.89,capture,418.28,492.06,79.79,0,178.727,8.319,179.812,-18.70,20.60,148.01,-18.14,-8.47,174.30,53.185,54.267,-28.7989,6.5512,418.28,492.06,-28.7974,6.6989,,,0.18940,0
130.0436,44,62,6,8,379.67,561.89,capture,416.93,471.36,97.90,0,178.964,8.402,179.831,-18.81,20.64,148.02,-18.78,-7.82,174.36,53.546,53.913,-27.8216,6.3966,416.93,471.36,-28.3583,6.5629,,,0.19417,0
130.1486,44,62,6,8,379.67,561.89,capture,419.41,490.55,81.66,0,178.972,8.352,179.834,-18.70,20.84,147.95,-18.52,-8.21,174.40,53.721,54.011,-28.6461,6.6846,419.41,490.55,-28.4878,6.6176,,,0.22359,0
130.2484,44,62,6,8,379.67,561.89,capture,415.84,480.24,89.30,0,178.972,8.488,179.842,-18.63,20.83,147.85,-18.40,-8.27,174.22,54.096,54.123,-27.8904,6.4319,415.84,480.24,-28.2190,6.5340,,,0.22690,0
130.3536,44,62,6,8,379.67,561.89,capture,433.32,492.86,87.43,0,178.954,8.583,179.851,-18.67,20.80,147.86,-17.39,-7.90,174.18,53.874,54.311,-30.4942,7.1173,433.32,492.86,-29.2428,6.7965,,,0.21762,0
130.4646,44,62,6,8,379.67,561.89,capture,407.16,476.19,90.00,0,178.956,8.559,179.852,-18.62,20.72,147.85,-18.44,-8.75,174.48,53.919,54.381,-27.5367,6.1387,407.16,476.19,-28.4751,6.5005,,,0.22881,0
130.5750,44,62,6,8,379.67,561.89,capture,440.63,476.98,104.53,0,179.012,8.453,179.830,-18.58,20.72,147.91,-18.13,-7.58,174.09,54.164,54.359,-28.5840,7.3701,440.63,476.98,-28.5241,6.8918,,,0.23312,0
130.6603,44,62,6,8,379.67,561.89,capture,446.84,485.56,101.68,0,178.990,8.454,179.773,-18.60,20.71,147.74,-18.39,-7.10,174.16,54.020,53.897,-27.9618,8.0723,446.84,485.56,-28.2711,7.4230,,,0.19427,0
130.7537,44,62,6,8,379.67,561.89,capture,430.10,480.28,95.94,0,178.982,8.288,179.754,-18.57,20.76,147.73,-18.12,-7.37,174.50,53.782,53.450,-28.0953,6.8994,430.10,480.28,-28.1920,7.1874,,,0.21205,0
130.8511,44,62,6,8,379.67,561.89,capture,404.72,510.14,57.49,0,178.895,8.306,179.787,-18.59,20.66,147.88,-17.78,-7.52,174.15,53.452,53.306,-29.7282,5.9227,404.72,510.14,-28.8833,6.6183,,,0.19054,0
130.9382,44,62,6,8,379.67,561.89,capture,393.99,503.95,59.68,0,178.752,8.284,179.781,-18.50,20.49,147.69,-17.25,-7.92,174.42,53.693,53.645,-29.3189,5.3078,393.99,503.95,-29.0793,6.0286,,,0.20047,0
131.0342,44,62,6,8,379.67,561.89,capture,391.14,492.71,70.12,0,178.763,8.325,179.758,-18.50,20.46,147.68,-18.28,-8.03,173.80,53.667,54.159,-27.8446,5.4330,391.14,492.71,-28.5237,5.7605,,,0.22550,0
131.2027,45,73,8,1,67.00,734.78,dwell,308.14,507.76,331.19,0,178.811,8.394,179.772,-18.56,20.60,147.74,-17.54,-7.15,174.09,53.616,54.206,-29.2333,1.6265,308.14,507.76,-29.2333,1.6265,,,0.21786,0
131.3072,45,73,8,1,67.00,734.78,dwell,311.66,540.04,312.70,0,178.871,8.322,179.810,-18.56,20.58,147.69,-17.22,-7.50,174.09,53.709,54.235,-30.4297,1.3059,311.66,540.04,-29.7716,1.4822,,,0.22780,0
131.4281,45,73,8,1,67.00,734.78,dwell,324.68,550.07,317.04,0,178.702,8.298,179.854,-18.63,20.56,147.50,-18.51,-8.98,173.81,53.453,54.231,-30.8487,2.3860,324.68,550.07,-30.2563,1.8889,,,0.22028,0
131.5224,45,73,8,1,67.00,734.78,dwell,224.66,669.68,170.57,0,178.700,8.423,179.850,-18.65,20.63,147.37,-18.08,-8.39,173.81,53.721,53.995,-35.4087,-3.1909,224.66,669.68,-32.5749,-0.3970,,,0.21063,0
131.6322,45,73,8,1,67.00,734.78,dwell,257.14,590.51,238.68,0,178.890,8.424,179.844,-18.72,20.72,147.37,-17.97,-7.35,172.61,53.919,54.282,-33.3219,-1.0452,257.14,590.51,-32.9111,-0.6887,,,0.22625,0
131.7431,45,73,8,1,67.00,734.78,dwell,185.51,594.03,184.00,0,178.923,8.566,179.853,-18.69,20.79,147.44,-18.18,-8.00,174.39,53.351,54.538,-32.5705,-3.9756,185.51,594.03,-32.7578,-2.1678,,,0.18940,0
131.8251,45,73,8,1,67.00,734.78,dwell,151.60,588.10,169.33,0,178.970,8.676,179.841,-18.63,20.73,147.56,-18.30,-7.95,174.01,53.750,54.630,-32.4652,-5.4271,151.60,588.10,-32.6261,-3.6345,,,0.22402,0
131.9077,45,73,8,1,67.00,734.78,dwell,129.31,623.60,127.45,0,178.916,8.616,179.880,-18.50,20.94,147.90,-18.06,-7.94,174.41,54.075,54.229,-34.0489,-6.8661,129.31,623.60,-33.2664,-5.0887,,,0.22880,0
131.9915,45,73,8,1,67.00,734.78,dwell,99.34,655.71,85.43,0,178.927,8.616,179.879,-18.48,21.16,148.07,-18.33,-7.13,174.69,54.236,54.429,-36.2380,-8.0221,99.34,655.71,-34.6036,-6.4088,,,0.23485,0
132.0882,45,73,8,1,67.00,734.78,dwell,39.16,619.09,118.99,0,178.986,8.645,179.832,-18.46,21.36,147.99,-17.64,-6.84,174.99,54.128,54.201,-33.7822,-11.0149,39.16,619.09,-34.2340,-8.4815,,,0.20986,0
132.1842,45,73,8,1,67.00,734.78,dwell,26.96,613.72,127.51,0,178.854,8.701,179.805,-18.43,21.19,147.92,-18.03,-7.37,174.16,53.889,53.640,-34.0293,-11.0278,26.96,613.72,-34.1419,-9.6273,,,0.22231,0
132.2932,45,73,8,1,67.00,734.78,capture,19.33,632.96,112.42,0,178.889,8.681,179.801,-18.44,21.29,147.89,-18.05,-7.41,174.17,54.019,53.847,-32.6728,-11.7304,19.33,632.96,-33.4808,-10.5737,,,0.19207,0
132.3940,45,73,8,1,67.00,734.78,capture,14.86,635.76,111.91,0,178.936,8.657,179.820,-18.51,21.24,147.88,-17.62,-6.77,174.64,54.096,53.612,-33.9236,-12.4100,14.86,635.76,-33.6800,-11.4001,,,0.21912,0
132.5031,45,73,8,1,67.00,734.78,capture,4.50,638.46,114.82,0,178.966,8.751,179.824,-18.61,21.20,147.88,-18.08,-7.32,174.33,53.626,53.421,-33.1668,-12.8096,4.50,638.46,-33.4491,-12.0344,,,0.22877,0
132.6157,45,73,8,1,67.00,734.78,capture,4.47,653.77,102.33,0,178.988,8.802,179.827,-18.78,21.25,148.03,-17.84,-7.24,174.52,53.576,53.680,-35.2872,-13.0861,4.47,653.77,-34.2762,-12.5077,,,0.20535,0
132.7094,45,73,8,1,67.00,734.78,capture,36.13,654.16,86.33,0,178.851,8.775,179.832,-18.79,21.34,148.12,-18.56,-7.41,174.41,53.174,53.698,-34.8298,-11.3173,36.13,654.16,-34.5253,-11.9720,,,0.20154,0
132.8173,45,73,8,1,67.00,734.78,capture,11.92,614.62,132.18,0,178.830,8.810,179.809,-18.83,21.24,148.13,-18.51,-6.84,175.09,52.812,53.434,-32.9884,-11.9560,11.92,614.62,-33.8337,-11.9648,,,0.17697,0
132.9189,45,73,8,1,67.00,734.78,capture,4.81,636.54,116.27,0,178.775,8.934,179.775,-18.85,21.14,148.05,-17.59,-7.29,173.98,53.030,53.582,-33.8084,-12.8991,4.81,636.54,-33.8223,-12.3852,,,0.20722,0
133.0186,45,73,8,1,67.00,734.78,capture,19.74,608.88,134.48,0,178.962,8.852,179.764,-18.85,21.06,147.95,-18.45,-7.63,174.40,53.045,53.779,-33.4943,-12.0134,19.74,608.88,-33.6747,-12.2179,,,0.21228,0
133.1038,45,73,8,1,67.00,734.78,capture,30.41,628.32,112.57,0,178.882,8.758,179.773,-18.78,20.95,148.18,-18.61,-8.02,174.54,53.392,54.578,-34.3940,-11.5806,30.41,628.32,-33.9984,-11.9311,,,0.18722,0
133.1964,45,73,8,1,67.00,734.78,capture,49.06,629.96,106.34,0,178.905,8.686,179.779,-18.59,21.00,148.15,-18.52,-8.05,174.71,53.342,54.453,-34.5978,-10.8043,49.06,629.96,-34.2681,-11.4241,,,0.19804,0
133.2914,45,73,8,1,67.00,734.78,capture,8.75,635.55,115.06,0,178.945,8.757,179.757,-18.59,21.04,148.28,-18.13,-7.72,174.23,53.459,53.736,-34.7501,-12.7497,8.75,635.55,-34.4850,-12.0206,,,0.19456,0
133.3898,45,73,8,1,67.00,734.78,capture,13.31,630.67,117.14,0,179.069,8.673,179.758,-18.67,21.00,148.20,-18.21,-7.90,174.26,53.529,54.309,-33.6188,-12.2258,13.31,630.67,-34.0952,-12.1129,,,0.19640,0
133.4997,45,73,8,1,67.00,734.78,capture,30.04,633.04,108.24,0,179.012,8.693,179.764,-18.74,20.99,148.09,-19.03,-7.93,174.66,53.793,54.244,-35.4698,-11.8724,30.04,633.04,-34.7138,-12.0047,,,0.21503,0
133.6221,45,73,8,1,67.00,734.78,capture,46.32,633.69,103.18,0,178.937,8.580,179.767,-18.81,20.94,147.87,-18.59,-8.46,174.03,53.463,54.132,-33.7806,-10.9543,46.32,633.69,-34.2939,-11.5320,,,0.23796,0
133.7362,45,73,8,1,67.00,734.78,capture,11.16,631.50,117.41,0,178.806,8.658,179.775,-18.88,20.93,147.67,-18.06,-8.28,174.47,53.975,54.232,-34.2442,-12.3811,11.16,631.50,-34.2715,-11.9141,,,0.22083,0
133.8182,45,73,8,1,67.00,734.78,capture,9.82,606.04,140.87,0,178.828,8.697,179.773,-18.69,20.87,147.64,-17.76,-7.57,174.39,53.823,54.147,-32.9944,-12.7668,9.82,606.04,-33.6968,-12.2978,,,0.21031,0
133.9257,45,73,8,1,67.00,734.78,capture,30.66,631.77,109.23,0,178.929,8.674,179.771,-18.67,20.88,147.91,-18.44,-7.96,174.73,53.818,54.399,-33.6462,-10.9114,30.66,631.77,-33.6740,-11.6739,,,0.20517,0
134.0361,45,73,8,1,67.00,734.78,capture,21.54,612.69,130.28,0,178.857,8.683,179.794,-18.70,20.81,148.05,-18.29,-7.70,174.41,54.240,54.187,-33.5262,-12.3458,21.54,612.69,-33.6075,-11.9763,,,0.22633,0
134.1253,45,73,8,1,67.00,734.78,capture,33.82,641.47,99.03,0,178.864,8.685,179.833,-18.67,20.84,148.09,-18.31,-8.05,174.57,54.359,53.861,-34.4855,-10.9531,33.82,641.47,-34.0026,-11.5158,,,0.19527,0
134.2580,45,73,8,1,67.00,734.78,capture,27.95,633.56,108.49,0,178.793,8.666,179.828,-18.61,20.71,148.24,-18.36,-6.89,174.63,54.151,54.003,-34.6021,-12.0592,27.95,633.56,-34.2724,-11.7603,,,0.23640,0
134.4372,46,13,1,4,201.00,129.67,dwell,104.46,465.12,349.07,0,178.764,8.590,179.820,-18.57,20.69,148.30,-17.67,-7.82,174.90,54.010,54.081,-28.7805,-8.1873,104.46,465.12,-28.7805,-8.1873,,,0.21506,0
134.5259,46,13,1,4,201.00,129.67,dwell,150.51,572.43,445.63,0,178.744,8.340,179.858,-18.50,20.86,148.27,-17.70,-7.80,174.85,53.685,54.122,-31.8144,-6.3219,150.51,572.43,-30.1458,-7.3479,,,0.19688,0
134.6385,46,13,1,4,201.00,129.67,dwell,81.17,650.94,534.87,0,178.702,8.350,179.824,-18.42,20.65,148.35,-17.52,-8.13,175.34,53.573,54.055,-34.6967,-9.2529,81.17,650.94,-32.1937,-8.2051,,,0.19591,0
134.7360,46,13,1,4,201.00,129.67,dwell,93.46,507.48,392.82,0,178.794,8.169,179.828,-18.26,20.70,148.00,-18.09,-8.25,174.19,53.957,53.905,-29.6832,-8.2882,93.46,507.48,-31.0640,-8.2425,,,0.22586,0
134.8272,46,13,1,4,201.00,129.67,dwell,181.19,447.79,318.74,0,178.962,8.155,179.862,-18.26,20.66,148.03,-17.88,-7.52,174.60,53.890,53.840,-26.7303,-4.8833,181.19,447.79,-29.1138,-6.7308,,,0.20308,0
134.9359,46,13,1,4,201.00,129.67,dwell,204.38,453.86,324.21,0,178.912,8.042,179.878,-18.36,20.83,148.17,-17.82,-7.85,174.35,53.683,54.006,-27.5505,-3.1286,204.38,453.86,-28.4103,-5.1099,,,0.20702,0
135.0249,46,13,1,4,201.00,129.67,dwell,243.30,519.91,392.53,0,178.987,7.923,179.877,-18.21,20.78,148.02,-18.08,-8.44,174.24,53.545,53.850,-30.0108,-2.0610,243.30,519.91,-29.1306,-3.7379,,,0.19714,0
135.1131,46,13,1,4,201.00,129.67,dwell,190.71,505.94,376.41,0,178.928,7.957,179.856,-18.31,20.78,147.84,-17.17,-7.87,173.67,53.578,53.530,-29.6103,-3.5184,190.71,505.94,-29.3465,-3.6391,,,0.21848,0
135.2178,46,13,1,4,201.00,129.67,dwell,207.06,430.37,300.76,0,178.992,7.690,179.840,-18.33,21.07,147.80,-18.35,-7.30,174.24,53.710,53.674,-26.0701,-4.3047,207.06,430.37,-27.8721,-3.9386,,,0.19370,0
135.3268,46,13,1,4,201.00,129.67,capture,197.69,430.86,301.21,0,179.043,7.620,179.831,-18.33,21.03,147.63,-18.00,-7.60,173.86,53.935,54.007,-26.8753,-3.4872,197.69,430.86,-27.4236,-3.7355,,,0.22139,0
135.4419,46,13,1,4,201.00,129.67,capture,206.81,431.52,301.91,0,179.019,7.621,179.830,-18.19,21.14,147.57,-18.29,-8.48,173.81,54.156,54.316,-25.9541,-3.7459,206.81,431.52,-26.7623,-3.7402,,,0.21214,0
135.5364,46,13,1,4,201.00,129.67,capture,188.30,439.19,309.78,0,179.020,7.687,179.813,-18.14,21.09,147.47,-17.93,-7.17,174.03,54.028,54.210,-26.2350,-4.4112,188.30,439.19,-26.5250,-4.0421,,,0.22803,0
135.6184,46,13,1,4,201.00,129.67,capture,202.09,426.67,297.01,0,179.051,7.680,179.803,-18.07,21.14,147.57,-17.47,-7.32,174.19,53.787,54.499,-25.8635,-3.7920,202.09,426.67,-26.2273,-3.9296,,,0.19530,0
135.7219,46,13,1,4,201.00,129.67,capture,184.60,440.52,311.29,0,179.089,7.608,179.814,-18.10,21.03,147.70,-17.66,-7.48,174.33,53.950,54.846,-27.4538,-4.6984,184.60,440.52,-26.7793,-4.2756,,,0.24960,0
135.8479,46,13,1,4,201.00,129.67,capture,206.48,426.56,296.94,0,179.042,7.549,179.813,-18.25,20.83,147.85,-18.27,-8.21,173.99,53.582,54.709,-26.2810,-3.2571,206.48,426.56,-26.5551,-3.8172,,,0.20126,0
135.9537,46,13,1,4,201.00,129.67,capture,201.29,407.96,278.29,0,179.093,7.612,179.822,-18.28,20.71,147.67,-17.69,-7.35,173.97,53.902,54.656,-25.2391,-3.6980,201.29,407.96,-25.9629,-3.7636,,,0.21876,0
136.0368,46,13,1,4,201.00,129.67,capture,203.46,422.16,292.50,0,179.098,7.650,179.823,-18.31,20.64,147.79,-17.27,-7.52,174.29,53.797,54.511,-26.6770,-3.6710,203.46,422.16,-26.2842,-3.7219,,,0.22952,0
136.1231,46,13,1,4,201.00,129.67,capture,188.25,420.80,291.41,0,179.084,7.660,179.821,-18.35,20.60,147.60,-18.20,-7.68,173.84,53.752,54.134,-26.3044,-4.1473,188.25,420.80,-26.2933,-3.9133,,,0.20025,0
136.2130,46,13,1,4,201.00,129.67,capture,193.02,441.98,312.42,0,179.005,7.534,179.814,-18.25,20.67,147.49,-18.41,-7.89,173.51,53.435,54.117,-26.7250,-4.2137,193.02,441.98,-26.4876,-4.0485,,,0.19821,0
136.3137,46,13,1,4,201.00,129.67,capture,195.20,419.87,290.26,0,179.011,7.445,179.813,-18.29,20.76,147.40,-17.69,-7.87,173.90,53.160,54.210,-25.7289,-3.7017,195.20,419.87,-26.1462,-3.8925,,,0.20323,0
136.4129,46,13,1,4,201.00,129.67,capture,192.13,439.97,310.43,0,179.032,7.373,179.837,-18.36,20.86,147.21,-17.87,-7.72,173.99,52.995,54.147,-27.0737,-3.8325,192.13,439.97,-26.5636,-3.8655,,,0.18112,0
136.5253,46,13,1,4,201.00,129.67,capture,215.84,429.87,300.57,0,178.964,7.302,179.852,-18.37,20.76,147.10,-17.58,-8.84,173.42,53.670,54.256,-27.0283,-2.9731,215.84,429.87,-26.7727,-3.4639,,,0.19580,0
136.6215,46,13,1,4,201.00,129.67,capture,191.67,437.89,308.36,0,178.931,7.318,179.854,-18.34,20.67,147.02,-17.56,-8.06,173.36,53.803,54.204,-26.9789,-3.5326,191.67,437.89,-26.8655,-3.4948,,,0.21536,0
136.7397,46,13,1,4,201.00,129.67,capture,192.43,424.65,295.11,0,178.987,7.324,179.820,-18.26,20.66,147.27,-18.39,-8.41,173.82,53.452,54.280,-25.7010,-3.6442,192.43,424.65,-26.3415,-3.5620,,,0.19234,0
136.8451,46,13,1,4,201.00,129.67,capture,211.65,446.86,317.37,0,178.959,7.348,179.801,-18.28,20.77,147.21,-17.91,-7.63,172.96,53.280,54.397,-27.3195,-2.6419,211.65,446.86,-26.7816,-3.1480,,,0.19659,0
136.9369,46,13,1,4,201.00,129.67,capture,197.69,418.96,289.31,0,178.960,7.407,179.816,-18.22,20.82,147.00,-17.95,-7.67,173.35,53.248,54.113,-26.3027,-3.1311,197.69,418.96,-26.5661,-3.1404,,,0.19377,0
137.0304,46,13,1,4,201.00,129.67,capture,208.65,442.76,313.19,0,178.933,7.505,179.829,-18.20,20.88,147.08,-17.90,-8.31,172.61,53.304,54.303,-26.6277,-3.2513,208.65,442.76,-26.5938,-3.1903,,,0.20249,0
137.1180,46,13,1,4,201.00,129.67,capture,172.49,425.98,297.68,0,178.983,7.508,179.805,-18.29,20.74,147.12,-17.94,-7.23,174.26,53.243,53.858,-26.5953,-4.6954,172.49,425.98,-26.5945,-3.8676,,,0.16944,0
137.2302,46,13,1,4,201.00,129.67,capture,189.48,403.58,274.16,0,179.002,7.649,179.825,-18.29,20.73,147.23,-17.62,-8.19,173.94,52.988,54.065,-25.4230,-3.9454,189.48,403.58,-26.0673,-3.9026,,,0.19893,0
137.4357,47,41,4,5,245.67,389.00,dwell,178.98,396.12,67.07,0,179.131,7.757,179.825,-18.33,20.68,147.37,-18.68,-7.98,173.65,53.034,53.961,-25.4415,-4.7937,178.98,396.12,-25.4415,-4.7937,,,0.18295,0
137.5177,47,41,4,5,245.67,389.00,dwell,229.45,350.62,41.67,1,179.055,7.781,179.840,-18.26,20.81,147.34,-18.04,-7.62,173.40,53.153,53.909,-23.1761,-2.4901,229.45,350.62,-24.4220,-3.7571,,,0.19458,0
137.5997,47,41,4,5,245.67,389.00,dwell,199.42,445.80,73.25,0,179.143,7.825,179.829,-18.30,20.85,147.55,-17.79,-7.61,174.11,53.396,54.113,-27.6922,-3.3329,199.42,445.80,-25.8936,-3.5662,,,0.23271,0
137.7060,47,41,4,5,245.67,389.00,dwell,178.44,511.76,139.96,0,179.102,7.958,179.831,-18.26,20.78,147.58,-17.71,-7.85,173.28,53.686,53.866,-30.0258,-5.0553,178.44,511.76,-27.7531,-4.2363,,,0.19423,0
137.7910,47,41,4,5,245.67,389.00,dwell,139.42,348.34,113.76,0,178.980,8.015,179.809,-18.17,20.76,147.57,-17.64,-7.94,173.99,53.905,54.291,-23.3828,-6.5305,139.42,348.34,-25.7865,-5.2687,,,0.20656,0
137.8910,47,41,4,5,245.67,389.00,dwell,128.83,462.20,137.87,0,178.920,7.996,179.818,-18.06,20.71,147.56,-17.66,-7.55,173.55,53.888,54.256,-27.2365,-6.0370,128.83,462.20,-26.4390,-5.6145,,,0.21210,0
137.9989,47,41,4,5,245.67,389.00,dwell,248.76,434.25,45.36,0,178.907,7.976,179.800,-18.05,20.76,147.30,-18.38,-7.33,173.57,53.771,54.419,-26.1419,-1.1171,248.76,434.25,-26.3053,-3.5907,,,0.22404,0
138.1009,47,41,4,5,245.67,389.00,dwell,191.92,379.67,54.55,0,178.849,7.967,179.806,-18.09,20.64,147.43,-17.62,-7.81,173.48,53.633,54.557,-24.4635,-3.7545,191.92,379.67,-25.4765,-3.6644,,,0.22747,0
138.2027,47,41,4,5,245.67,389.00,dwell,224.20,321.95,70.40,0,178.994,8.094,179.799,-17.99,20.40,147.35,-17.86,-7.85,173.53,53.520,54.867,-22.2684,-2.0772,224.20,321.95,-24.0328,-2.9501,,,0.22018,0
138.3021,47,41,4,5,245.67,389.00,capture,211.37,333.06,65.62,0,179.017,8.132,179.807,-18.10,20.37,147.14,-17.29,-7.48,173.21,53.824,55.007,-23.0305,-3.5094,211.37,333.06,-23.5818,-3.2018,,,0.22566,0
138.3970,47,41,4,5,245.67,389.00,capture,197.38,323.71,81.21,0,178.953,7.986,179.791,-18.24,20.43,146.93,-17.25,-7.17,172.78,53.918,54.794,-23.3988,-4.1298,197.38,323.71,-23.4994,-3.6194,,,0.21390,0
138.4995,47,41,4,5,245.67,389.00,capture,202.41,342.57,63.46,0,179.036,7.925,179.807,-18.30,20.44,147.09,-17.86,-8.46,173.22,53.931,54.595,-24.0032,-3.1051,202.41,342.57,-23.7261,-3.3879,,,0.22503,0
138.5855,47,41,4,5,245.67,389.00,capture,227.81,317.23,73.96,0,178.988,7.903,179.768,-18.40,20.38,147.21,-18.29,-8.61,173.17,53.851,54.262,-21.6886,-2.6614,227.81,317.23,-22.8093,-3.0610,,,0.23622,0
138.6812,47,41,4,5,245.67,389.00,capture,197.69,320.49,83.64,0,178.917,7.927,179.774,-18.33,20.24,147.08,-18.08,-8.91,173.43,53.955,54.156,-21.7386,-3.5819,197.69,320.49,-22.3275,-3.2954,,,0.21275,0
138.7769,47,41,4,5,245.67,389.00,capture,202.63,333.16,70.50,0,178.887,7.850,179.790,-18.18,20.23,147.11,-17.88,-7.83,173.42,53.646,54.123,-22.3315,-3.9282,202.63,333.16,-22.3293,-3.5801,,,0.19178,0
138.8928,47,41,4,5,245.67,389.00,capture,210.58,317.49,79.65,0,178.811,7.860,179.799,-18.05,20.23,147.13,-18.05,-8.15,173.67,53.995,53.984,-21.6996,-3.2892,210.58,317.49,-22.0459,-3.4492,,,0.21155,0
138.9907,47,41,4,5,245.67,389.00,capture,223.80,345.16,48.99,0,178.719,7.962,179.796,-18.12,20.31,147.09,-17.91,-8.24,173.37,54.112,53.898,-22.9805,-1.7859,223.80,345.16,-22.4665,-2.7007,,,0.22348,0
139.0810,47,41,4,5,245.67,389.00,capture,193.86,364.86,57.15,0,178.710,7.813,179.800,-18.30,20.13,147.34,-17.29,-8.36,173.75,53.879,53.678,-24.9686,-4.3045,193.86,364.86,-23.5924,-3.4224,,,0.22828,0
139.1918,47,41,4,5,245.67,389.00,capture,179.86,357.10,73.13,0,178.780,7.723,179.791,-18.31,20.37,147.14,-17.44,-7.98,173.05,53.763,53.818,-24.3391,-4.6493,179.86,357.10,-23.9284,-3.9745,,,0.20553,0
139.2906,47,41,4,5,245.67,389.00,capture,167.27,335.12,95.13,0,178.916,7.894,179.798,-18.39,20.12,147.62,-18.02,-8.85,173.99,54.025,53.978,-22.8519,-4.8906,167.27,335.12,-23.4440,-4.3867,,,0.21785,0
139.4107,47,41,4,5,245.67,389.00,capture,184.98,358.95,67.72,0,179.016,8.039,179.837,-18.33,20.10,147.65,-18.20,-8.80,173.69,53.935,54.171,-23.5871,-4.0096,184.98,358.95,-23.5084,-4.2170,,,0.20040,0
139.5140,47,41,4,5,245.67,389.00,capture,208.32,311.66,85.89,0,178.948,8.144,179.827,-18.18,20.11,147.75,-17.89,-8.74,174.00,53.760,53.586,-21.1046,-3.0109,208.32,311.66,-22.4267,-3.6743,,,0.20371,0
139.6049,47,41,4,5,245.67,389.00,capture,209.39,345.68,56.50,0,179.008,8.140,179.803,-18.28,20.02,147.57,-17.21,-9.40,173.63,53.898,53.885,-23.4688,-3.0013,209.39,345.68,-22.8957,-3.3714,,,0.20974,0
139.7237,47,41,4,5,245.67,389.00,capture,214.13,320.69,75.24,0,179.015,8.217,179.784,-18.25,20.31,147.41,-17.86,-7.90,173.54,53.921,54.090,-22.5053,-3.3888,214.13,320.69,-22.7200,-3.3793,,,0.24645,0
139.8260,47,41,4,5,245.67,389.00,capture,207.66,338.71,63.04,0,179.100,8.247,179.804,-18.28,20.38,147.55,-17.75,-8.08,173.79,53.811,54.283,-23.9251,-2.9750,207.66,338.71,-23.2623,-3.1974,,,0.21898,0
139.9370,47,41,4,5,245.67,389.00,capture,221.16,334.27,59.97,0,179.034,8.186,179.805,-18.31,20.49,147.71,-17.17,-8.00,174.18,53.800,54.217,-23.0001,-2.6721,221.16,334.27,-23.1443,-2.9610,,,0.19371,0
140.0442,47,41,4,5,245.67,389.00,capture,192.62,335.86,75.09,0,179.034,8.234,179.838,-18.42,20.52,147.84,-18.16,-7.73,174.41,53.407,53.979,-23.3488,-3.2805,192.62,335.86,-23.2363,-3.1048,,,0.19687,0
140.2609,48,1,0,1,67.00,43.22,dwell,237.65,117.65,186.17,0,178.959,8.191,179.839,-18.40,20.62,147.83,-17.54,-7.37,174.17,53.291,54.258,-13.9744,-2.2435,237.65,117.65,-13.9744,-2.2435,,,0.18634,0
140.3462,48,1,0,1,67.00,43.22,dwell,240.96,183.50,223.47,0,178.826,7.973,179.869,-18.38,20.47,147.82,-17.76,-7.86,173.61,53.272,54.396,-16.5781,-1.8163,240.96,183.50,-15.1460,-2.0513,,,0.19444,0
140.4621,48,1,0,1,67.00,43.22,dwell,34.02,198.18,158.43,0,178.880,8.021,179.882,-18.36,20.56,147.66,-18.30,-7.55,174.18,53.551,54.146,-16.6162,-11.1978,34.02,198.18,-15.8076,-6.1672,,,0.18672,0
140.5675,48,1,0,1,67.00,43.22,dwell,194.56,125.12,151.59,0,179.041,8.030,179.818,-18.31,20.46,147.69,-18.27,-8.35,174.01,53.430,54.519,-15.3508,-3.3031,194.56,125.12,-15.6020,-4.8784,,,0.18582,0
140.6547,48,1,0,1,67.00,43.22,dwell,36.79,118.54,81.15,0,179.054,7.913,179.803,-18.39,20.60,147.78,-18.27,-7.91,173.86,53.843,54.605,-14.8326,-11.2228,36.79,118.54,-15.2558,-7.7333,,,0.21672,0
140.7682,48,1,0,1,67.00,43.22,dwell,88.39,231.80,189.79,0,179.058,7.858,179.805,-18.36,20.51,147.79,-17.98,-6.73,174.46,53.588,54.534,-19.4895,-9.0844,88.39,231.80,-17.1610,-8.3413,,,0.19583,0
140.8601,48,1,0,1,67.00,43.22,dwell,23.86,110.12,79.60,0,179.066,7.659,179.791,-18.31,20.37,147.57,-18.18,-8.54,173.99,53.905,54.364,-13.9608,-11.8459,23.86,110.12,-15.7209,-9.9184,,,0.19816,0
140.9642,48,1,0,1,67.00,43.22,dwell,25.71,85.11,58.82,0,178.931,7.693,179.783,-18.32,20.44,147.51,-17.59,-8.00,173.55,53.485,54.479,-13.0010,-11.9897,25.71,85.11,-14.4969,-10.8505,,,0.19426,0
141.0462,48,1,0,1,67.00,43.22,capture,10.45,53.26,57.43,0,178.898,7.765,179.823,-18.41,20.46,147.32,-18.28,-8.45,174.02,53.950,54.568,-11.9401,-12.3186,10.45,53.26,-13.3464,-11.5111,,,0.21470,0
141.1356,48,1,0,1,67.00,43.22,capture,10.78,69.95,62.25,0,178.769,7.681,179.829,-18.37,20.45,147.30,-18.08,-8.52,173.50,54.223,55.264,-12.1910,-12.1594,10.78,69.95,-12.8265,-11.8029,,,0.22525,0
141.2309,48,1,0,1,67.00,43.22,capture,9.71,56.09,58.72,0,178.809,7.611,179.834,-18.49,20.31,147.30,-17.61,-8.47,173.45,53.664,55.180,-12.5321,-12.8123,9.71,56.09,-12.6940,-12.2571,,,0.21562,0
141.3254,48,1,0,1,67.00,43.22,capture,7.63,65.02,63.25,0,178.852,7.635,179.801,-18.45,20.47,147.05,-17.60,-7.71,173.07,53.433,55.281,-12.3024,-12.9519,7.63,65.02,-12.5178,-12.5697,,,0.20830,0
141.4111,48,1,0,1,67.00,43.22,capture,12.10,60.58,57.58,0,178.848,7.654,179.805,-18.57,20.41,147.21,-18.62,-7.76,172.94,53.491,55.058,-12.2071,-11.8331,12.10,60.58,-12.3780,-12.2383,,,0.19785,0
141.5027,48,1,0,1,67.00,43.22,capture,9.04,73.74,65.50,0,178.949,7.675,179.822,-18.61,20.45,146.96,-17.40,-7.66,172.83,53.773,55.063,-12.2777,-13.0416,9.04,73.74,-12.3329,-12.5997,,,0.22124,0
141.6079,48,1,0,1,67.00,43.22,capture,7.57,86.34,73.42,0,178.888,7.665,179.809,-18.51,20.51,147.15,-18.20,-7.49,173.02,53.798,54.911,-13.7270,-12.0522,7.57,86.34,-12.9602,-12.3534,,,0.19894,0
141.7018,48,1,0,1,67.00,43.22,capture,-6.68,45.86,73.73,0,178.995,7.574,179.829,-18.49,20.54,146.95,-17.89,-8.03,173.00,53.794,54.653,-11.1616,-13.2843,-6.68,45.86,-12.1509,-12.7723,,,0.22006,0
141.8197,48,1,0,1,67.00,43.22,capture,-3.61,64.92,73.87,0,178.916,7.492,179.835,-18.53,20.55,147.19,-17.98,-7.94,173.80,53.848,54.696,-13.2526,-12.8936,-3.61,64.92,-12.6466,-12.8269,,,0.24137,0
141.9255,48,1,0,1,67.00,43.22,capture,5.51,78.03,70.66,0,178.968,7.610,179.844,-18.58,20.38,147.39,-17.77,-8.15,173.60,53.489,54.508,-12.8079,-12.0168,5.51,78.03,-12.7192,-12.4623,,,0.21583,0
142.0075,48,1,0,1,67.00,43.22,capture,16.32,61.12,53.75,0,179.008,7.635,179.811,-18.70,20.43,147.70,-18.16,-8.63,174.28,53.236,54.767,-12.0659,-12.3686,16.32,61.12,-12.4252,-12.4202,,,0.21730,0
142.1213,48,1,0,1,67.00,43.22,capture,19.25,63.39,51.83,0,178.976,7.811,179.793,-18.68,20.36,147.34,-17.79,-7.91,173.84,53.138,54.844,-13.8954,-11.6767,19.25,63.39,-13.0868,-12.0856,,,0.19502,0
142.2343,48,1,0,1,67.00,43.22,capture,5.53,43.31,61.47,0,178.909,7.647,179.795,-18.50,20.26,147.19,-18.19,-8.71,173.17,53.575,54.632,-10.4809,-13.2579,5.53,43.31,-11.9142,-12.6131,,,0.18298,0
142.3166,48,1,0,1,67.00,43.22,capture,-1.93,78.17,77.28,0,178.867,7.626,179.815,-18.45,20.34,147.32,-18.06,-8.59,173.15,53.324,54.606,-12.2295,-12.3983,-1.93,78.17,-12.0561,-12.5164,,,0.20118,0
142.4042,48,1,0,1,67.00,43.22,capture,16.79,39.34,50.36,0,178.754,7.700,179.784,-18.44,20.32,147.07,-18.39,-7.64,173.16,53.482,54.662,-11.3543,-12.3138,16.79,39.34,-11.7403,-12.4253,,,0.19136,0
142.5032,48,1,0,1,67.00,43.22,capture,26.00,51.44,41.82,0,178.711,7.624,179.767,-18.37,20.42,147.02,-17.74,-8.14,173.35,53.489,54.727,-11.4720,-11.6442,26.00,51.44,-11.6195,-12.0738,,,0.20486,0
142.6107,48,1,0,1,67.00,43.22,capture,-0.94,58.60,69.66,0,178.717,7.560,179.741,-18.32,20.45,147.02,-18.03,-8.10,172.98,53.462,54.643,-12.6153,-13.6014,-0.94,58.60,-12.0676,-12.7612,,,0.20992,0
142.7074,48,1,0,1,67.00,43.22,capture,-15.47,73.55,87.87,0,178.887,7.413,179.769,-18.35,20.28,147.14,-17.65,-8.63,173.66,53.984,54.433,-13.0367,-13.3533,-15.47,73.55,-12.5037,-13.0276,,,0.21087,0
142.7894,48,1,0,1,67.00,43.22,capture,-3.85,77.25,78.60,0,178.858,7.453,179.766,-18.26,20.29,147.18,-17.89,-8.05,173.25,54.028,54.310,-12.7885,-13.2572,-3.85,77.25,-12.6319,-13.1309,,,0.22096,0
142.8718,48,1,0,1,67.00,43.22,capture,7.79,77.42,68.38,0,178.918,7.444,179.736,-18.23,20.51,147.38,-18.50,-7.25,173.32,54.173,54.216,-13.5001,-12.7359,7.79,77.42,-13.0226,-12.9532,,,0.21274,0
143.1041,49,6,0,6,290.33,43.22,dwell,71.30,163.85,250.05,0,178.915,7.520,179.760,-18.34,20.36,147.33,-17.46,-8.75,173.12,53.751,54.537,-17.0160,-9.2868,71.30,163.85,-17.0160,-9.2868,,,0.23088,0
143.2194,49,6,0,6,290.33,43.22,dwell,126.66,136.69,188.48,0,178.793,7.479,179.781,-18.28,20.23,147.18,-17.92,-8.11,173.16,53.920,54.083,-15.1444,-6.6460,126.66,136.69,-16.1737,-8.0984,,,0.20559,0
143.3185,49,6,0,6,290.33,43.22,dwell,90.45,179.85,242.12,0,178.884,7.362,179.787,-18.38,20.34,147.26,-18.01,-7.53,174.15,53.956,54.067,-16.8454,-9.0377,90.45,179.85,-16.4760,-8.5211,,,0.21909,0
143.4148,49,6,0,6,290.33,43.22,dwell,125.85,196.42,224.78,0,178.962,7.239,179.800,-18.44,20.27,147.32,-17.97,-8.08,173.34,54.239,53.832,-17.8321,-6.8459,125.85,196.42,-17.0862,-7.7672,,,0.21656,0
143.5154,49,6,0,6,290.33,43.22,dwell,202.89,132.84,125.21,0,178.870,7.158,179.821,-18.46,20.20,147.35,-18.62,-8.15,173.87,54.066,53.348,-13.7704,-3.4162,202.89,132.84,-15.5941,-5.8093,,,0.22078,0
143.6152,49,6,0,6,290.33,43.22,dwell,253.32,250.15,210.21,0,178.984,7.225,179.813,-18.41,20.05,147.43,-18.74,-8.38,173.74,54.071,53.641,-19.0791,-0.9347,253.32,250.15,-17.1624,-3.6157,,,0.22209,0
143.7100,49,6,0,6,290.33,43.22,dwell,264.76,278.72,236.88,0,179.013,7.324,179.798,-18.32,19.98,147.50,-18.17,-8.91,173.80,53.925,53.816,-21.5156,-0.6235,264.76,278.72,-19.1213,-2.2692,,,0.20298,0
143.8066,49,6,0,6,290.33,43.22,dwell,311.84,337.05,294.61,0,179.036,7.319,179.792,-18.29,20.03,147.39,-17.53,-9.07,173.66,53.742,53.523,-22.0877,1.8006,311.84,337.05,-20.4562,-0.4378,,,0.21795,0
143.9016,49,6,0,6,290.33,43.22,capture,321.47,327.58,286.06,0,179.080,7.371,179.764,-18.15,20.18,147.10,-17.99,-7.88,173.63,53.749,53.972,-22.1244,2.5219,321.47,327.58,-21.2069,0.8940,,,0.20030,0
143.9977,49,6,0,6,290.33,43.22,capture,332.85,345.32,305.07,0,179.042,7.147,179.786,-18.18,20.15,147.22,-18.68,-9.07,173.50,53.858,54.072,-22.8341,2.5783,332.85,345.32,-21.9391,1.6520,,,0.23143,0
144.0797,49,6,0,6,290.33,43.22,capture,336.79,326.45,287.01,0,179.079,7.097,179.777,-18.24,20.37,147.37,-17.57,-8.17,173.89,53.755,54.466,-23.0808,2.7912,336.79,326.45,-22.4529,2.1646,,,0.22854,0
144.1818,49,6,0,6,290.33,43.22,capture,338.16,332.48,293.19,0,179.029,7.239,179.780,-18.31,20.33,147.38,-17.83,-8.32,173.38,53.651,54.682,-22.2666,2.8977,338.16,332.48,-22.3691,2.4945,,,0.20713,0
144.2868,49,6,0,6,290.33,43.22,capture,316.47,334.77,292.72,0,178.892,7.392,179.782,-18.48,20.22,147.37,-18.45,-7.67,173.91,53.568,54.410,-23.4195,1.4158,316.47,334.77,-22.8418,2.0091,,,0.20978,0
144.4075,49,6,0,6,290.33,43.22,capture,317.73,320.51,278.64,0,178.873,7.340,179.800,-18.57,20.30,147.36,-18.11,-8.61,173.53,53.925,54.414,-23.3362,2.2363,317.73,320.51,-23.0643,2.1114,,,0.23183,0
144.4959,49,6,0,6,290.33,43.22,capture,320.29,319.53,277.93,0,178.756,7.433,179.804,-18.54,20.30,147.24,-18.07,-8.30,173.50,54.020,54.318,-22.6768,2.2136,320.29,319.53,-22.8899,2.1574,,,0.21266,0
144.6054,49,6,0,6,290.33,43.22,capture,341.85,314.89,276.51,0,178.610,7.435,179.791,-18.46,20.59,147.63,-17.46,-7.98,174.42,54.216,54.068,-21.8719,3.7416,341.85,314.89,-22.4318,2.8703,,,0.20288,0
144.7035,49,6,0,6,290.33,43.22,capture,350.76,332.86,295.87,0,178.603,7.456,179.760,-18.51,20.78,147.34,-18.00,-7.19,173.58,54.038,53.870,-22.2145,3.7165,350.76,332.86,-22.3340,3.2511,,,0.24578,0
144.7907,49,6,0,6,290.33,43.22,capture,301.65,317.02,274.03,0,178.579,7.445,179.770,-18.50,20.82,147.07,-18.11,-8.15,173.43,54.294,54.005,-21.5462,1.5047,301.65,317.02,-21.9795,2.4652,,,0.21002,0
144.8735,49,6,0,6,290.33,43.22,capture,311.73,324.43,282.02,0,178.535,7.493,179.756,-18.52,20.83,147.43,-18.31,-8.18,173.74,54.305,53.897,-22.6694,2.0349,311.73,324.43,-22.2900,2.2716,,,0.21645,0
144.9780,49,6,0,6,290.33,43.22,capture,333.42,303.41,263.73,0,178.529,7.454,179.790,-18.32,20.81,147.29,-18.43,-7.96,173.17,54.268,53.916,-22.0176,2.7812,333.42,303.41,-22.1674,2.5009,,,0.22005,0
145.0674,49,6,0,6,290.33,43.22,capture,318.66,317.44,275.68,0,178.650,7.409,179.828,-18.35,20.79,147.36,-18.47,-7.43,173.25,54.179,54.219,-22.6041,1.7204,318.66,317.44,-22.3639,2.1496,,,0.21538,0
145.1753,49,6,0,6,290.33,43.22,capture,331.06,344.76,304.28,0,178.691,7.383,179.854,-18.38,21.02,147.36,-18.24,-8.06,173.59,54.122,54.101,-23.3257,2.2671,331.06,344.76,-22.7967,2.2025,,,0.20381,0
145.2864,49,6,0,6,290.33,43.22,capture,307.10,329.32,286.59,0,178.618,7.348,179.834,-18.41,20.96,147.57,-17.15,-7.69,173.87,54.300,53.733,-22.7237,1.8234,307.10,329.32,-22.7639,2.0319,,,0.24290,0
145.4036,49,6,0,6,290.33,43.22,capture,344.58,322.30,284.30,0,178.656,7.331,179.846,-18.59,20.73,147.62,-17.57,-7.72,174.12,54.432,53.941,-22.1946,3.2022,344.58,322.30,-22.5077,2.5585,,,0.22080,0
145.4930,49,6,0,6,290.33,43.22,capture,302.29,338.42,295.44,0,178.549,7.258,179.832,-18.41,20.80,147.78,-18.05,-6.57,174.14,54.367,53.852,-22.4843,1.7085,302.29,338.42,-22.4972,2.1760,,,0.22999,0
145.5947,49,6,0,6,290.33,43.22,capture,304.83,331.19,288.33,0,178.605,7.181,179.812,-18.54,20.75,147.49,-17.80,-8.14,174.26,54.167,54.265,-22.3556,1.2962,304.83,331.19,-22.4335,1.7801,,,0.21925,0
145.6960,49,6,0,6,290.33,43.22,capture,326.80,341.75,300.75,0,178.620,7.068,179.816,-18.56,20.82,147.62,-17.93,-7.63,173.79,53.939,54.170,-22.7926,3.0780,326.80,341.75,-22.5951,2.3641,,,0.22029,0
145.8594,50,4,0,4,201.00,43.22,dwell,287.33,196.48,175.90,0,178.712,7.144,179.802,-18.44,20.89,147.59,-18.53,-6.99,173.90,53.615,53.945,-17.0049,0.2586,287.33,196.48,-17.0049,0.2586,,,0.21625,0
145.9735,50,4,0,4,201.00,43.22,dwell,409.33,381.22,397.04,0,178.761,7.139,179.797,-18.50,20.98,147.60,-17.76,-7.65,173.57,53.357,53.605,-24.0680,6.1842,409.33,381.22,-20.1833,2.9252,,,0.19836,0
146.0793,50,4,0,4,201.00,43.22,dwell,295.60,306.22,279.49,0,178.935,6.987,179.817,-18.44,21.11,147.54,-18.11,-7.56,173.69,53.415,53.556,-21.4689,0.7692,295.60,306.22,-20.7618,1.9550,,,0.20349,0
146.1760,50,4,0,4,201.00,43.22,dwell,250.51,242.06,204.91,0,178.866,6.979,179.797,-18.40,21.02,147.55,-17.65,-7.63,173.70,53.587,53.323,-20.4979,-1.7093,250.51,242.06,-20.6431,0.3061,,,0.18930,0
146.2780,50,4,0,4,201.00,43.22,dwell,283.88,266.73,238.38,0,178.856,7.068,179.779,-18.30,20.95,147.29,-17.93,-8.27,173.20,53.677,53.635,-20.7472,0.4174,283.88,266.73,-20.6899,0.3562,,,0.20137,0
146.4009,50,4,0,4,201.00,43.22,dwell,324.97,335.06,317.08,0,178.856,7.195,179.777,-18.25,20.91,147.47,-17.53,-7.68,173.53,54.155,53.541,-23.5032,1.3088,324.97,335.06,-21.9559,0.7848,,,0.22963,0
146.5051,50,4,0,4,201.00,43.22,dwell,237.70,276.90,236.54,0,178.912,7.219,179.756,-18.25,20.87,147.44,-17.52,-7.65,173.78,54.086,53.945,-20.0688,-1.4800,237.70,276.90,-21.1067,-0.2343,,,0.24885,0
146.6007,50,4,0,4,201.00,43.22,dwell,238.26,269.03,228.86,0,178.821,7.172,179.758,-18.21,21.01,147.39,-17.60,-7.30,173.71,54.044,53.714,-20.3530,-1.9928,238.26,269.03,-20.7675,-1.0256,,,0.20893,0
146.6843,50,4,0,4,201.00,43.22,dwell,237.64,227.54,187.92,0,178.860,7.242,179.760,-18.21,21.00,147.24,-17.19,-7.58,173.48,53.502,53.791,-18.0015,-1.9974,237.64,227.54,-19.5228,-1.4629,,,0.19176,0
146.7956,50,4,0,4,201.00,43.22,dwell,253.98,206.74,171.89,0,178.839,7.257,179.773,-18.23,20.90,147.35,-17.94,-7.34,173.64,53.353,54.079,-18.7244,-0.7504,253.98,206.74,-19.1635,-1.1423,,,0.22458,0
146.8801,50,4,0,4,201.00,43.22,dwell,243.82,215.15,177.18,0,179.042,7.391,179.786,-18.35,20.77,147.33,-17.35,-7.78,173.30,53.641,53.908,-18.2158,-1.8216,243.82,215.15,-18.7371,-1.4480,,,0.20317,0
146.9769,50,4,0,4,201.00,43.22,capture,284.21,197.34,175.15,0,178.968,7.483,179.777,-18.41,20.70,147.21,-17.67,-7.90,173.28,53.666,54.022,-17.6669,0.6100,284.21,197.34,-18.2555,-0.5219,,,0.19277,0
147.0839,50,4,0,4,201.00,43.22,capture,244.88,199.92,162.73,0,178.980,7.306,179.772,-18.36,20.62,147.59,-18.12,-8.13,174.09,54.025,54.134,-17.2220,-1.9935,244.88,199.92,-17.7904,-1.1841,,,0.20359,0
147.1795,50,4,0,4,201.00,43.22,capture,262.61,180.87,150.81,0,178.970,7.352,179.801,-18.33,20.68,147.59,-18.10,-7.73,173.97,53.937,54.215,-17.8046,-0.8621,262.61,180.87,-17.7968,-1.0392,,,0.21536,0
147.2911,50,4,0,4,201.00,43.22,capture,277.95,191.11,166.71,0,179.051,7.263,179.820,-18.32,20.79,147.76,-17.94,-8.28,173.54,53.806,54.377,-17.2492,-0.1738,277.95,191.11,-17.5504,-0.6498,,,0.23416,0
147.3948,50,4,0,4,201.00,43.22,capture,260.40,217.53,184.15,0,178.826,7.393,179.805,-18.35,20.70,147.69,-17.81,-7.10,174.20,53.456,54.524,-18.5212,-1.3549,260.40,217.53,-17.9873,-0.9671,,,0.20366,0
147.4842,50,4,0,4,201.00,43.22,capture,248.54,194.50,158.57,0,178.628,7.411,179.773,-18.33,20.44,147.76,-17.41,-7.82,173.89,53.672,54.732,-17.5028,-1.6162,248.54,194.50,-17.7693,-1.2592,,,0.21903,0
147.5733,50,4,0,4,201.00,43.22,capture,256.75,169.39,137.94,0,178.745,7.351,179.772,-18.19,20.34,147.76,-17.83,-8.28,174.55,53.785,54.553,-16.3502,-1.0164,256.75,169.39,-17.1307,-1.1499,,,0.19690,0
147.6900,50,4,0,4,201.00,43.22,capture,254.89,173.20,140.71,0,178.865,7.292,179.762,-18.29,20.28,147.80,-17.90,-7.42,174.00,53.934,54.404,-17.0698,-1.6243,254.89,173.20,-17.1033,-1.3634,,,0.22182,0
147.7826,50,4,0,4,201.00,43.22,capture,273.28,183.99,158.24,0,178.729,7.288,179.787,-18.28,20.31,147.80,-17.99,-7.85,173.87,53.849,54.364,-17.1011,-0.2326,273.28,183.99,-17.1023,-0.8545,,,0.19596,0
147.8780,50,4,0,4,201.00,43.22,capture,275.44,191.52,165.93,0,178.683,7.140,179.778,-18.14,20.29,147.66,-17.20,-8.48,173.88,53.584,54.303,-16.9816,0.1083,275.44,191.52,-17.0480,-0.4212,,,0.19689,0
147.9857,50,4,0,4,201.00,43.22,capture,255.79,208.55,174.17,0,178.652,7.189,179.820,-18.18,20.36,147.62,-17.95,-8.55,173.98,53.907,54.394,-18.0890,-1.0345,255.79,208.55,-17.5164,-0.6972,,,0.22384,0
148.0768,50,4,0,4,201.00,43.22,capture,256.00,202.45,168.46,0,178.637,7.299,179.844,-18.13,20.46,147.59,-17.80,-8.42,174.44,53.877,54.156,-17.8940,-0.2094,256.00,202.45,-17.6863,-0.4777,,,0.20343,0
148.1727,50,4,0,4,201.00,43.22,capture,253.51,199.21,164.59,0,178.760,7.189,179.882,-18.16,20.50,147.60,-17.78,-7.27,173.92,53.801,54.067,-17.2663,-1.3095,253.51,199.21,-17.4973,-0.8520,,,0.23980,0
148.2688,50,4,0,4,201.00,43.22,capture,261.22,200.82,168.71,0,178.775,7.370,179.877,-18.10,20.56,147.66,-17.90,-8.21,174.10,53.425,54.099,-18.5638,-0.9583,261.22,200.82,-17.9772,-0.8998,,,0.21925,0
148.3551,50,4,0,4,201.00,43.22,capture,239.38,174.46,136.73,0,178.875,7.434,179.862,-18.26,20.58,147.67,-17.76,-8.74,173.70,53.365,54.227,-15.9677,-1.9316,239.38,174.46,-17.0729,-1.3641,,,0.18103,0
148.4614,50,4,0,4,201.00,43.22,capture,252.69,200.98,166.01,0,178.854,7.426,179.882,-18.20,20.64,148.07,-17.98,-7.72,174.40,53.493,54.008,-17.3224,-1.0519,252.69,200.98,-17.1852,-1.2236,,,0.22608,0
148.5547,50,4,0,4,201.00,43.22,capture,255.42,185.64,152.46,0,178.921,7.310,179.868,-18.29,20.45,147.67,-17.87,-8.43,174.63,54.171,53.652,-17.0171,-0.4456,255.42,185.64,-17.1096,-0.8735,,,0.24944,0
148.6649,50,4,0,4,201.00,43.22,capture,269.21,206.31,176.78,0,178.968,7.316,179.856,-18.23,20.49,147.65,-17.86,-8.14,173.96,53.805,53.993,-18.0524,-0.5989,269.21,206.31,-17.5339,-0.7499,,,0.19830,0
148.8605,51,14,1,5,245.67,129.67,dwell,294.67,165.91,60.95,0,178.950,7.432,179.853,-18.24,20.57,147.65,-17.94,-7.37,173.83,54.260,53.567,-16.5977,0.7929,294.67,165.91,-16.5977,0.7929,,,0.23862,0
148.9496,51,14,1,5,245.67,129.67,dwell,291.82,375.53,250.16,0,179.012,7.544,179.835,-18.20,20.65,147.64,-17.58,-8.45,173.32,54.056,53.687,-24.4796,0.6831,291.82,375.53,-20.1445,0.7435,,,0.21821,0
149.0691,51,14,1,5,245.67,129.67,dwell,245.76,273.42,143.75,0,179.058,7.598,179.834,-18.35,20.76,147.92,-18.02,-7.82,174.23,53.979,53.577,-20.3008,-1.7856,245.76,273.42,-20.2149,-0.3946,,,0.23009,0
149.1625,51,14,1,5,245.67,129.67,dwell,147.37,173.17,107.49,0,178.948,7.560,179.788,-18.38,20.84,147.73,-18.21,-7.12,174.08,53.878,53.867,-16.5440,-6.2405,147.37,173.17,-18.5630,-3.0252,,,0.23743,0
149.2561,51,14,1,5,245.67,129.67,dwell,189.36,238.76,122.77,0,178.940,7.751,179.805,-18.31,20.79,147.58,-17.59,-8.22,173.57,54.041,54.077,-19.3624,-3.7932,189.36,238.76,-18.9227,-3.3708,,,0.24794,0
149.3413,51,14,1,5,245.67,129.67,dwell,219.78,156.89,37.57,0,178.900,7.750,179.772,-18.33,20.77,147.58,-18.45,-8.24,173.93,54.194,54.277,-14.9778,-2.5952,219.78,156.89,-17.1475,-3.0218,,,0.18435,0
149.4385,51,14,1,5,245.67,129.67,dwell,148.11,167.43,104.61,0,178.880,7.746,179.780,-18.34,20.76,147.59,-17.89,-8.01,173.65,54.391,54.325,-15.6715,-6.2595,148.11,167.43,-16.4833,-4.4788,,,0.22683,0
149.5405,51,14,1,5,245.67,129.67,dwell,118.06,237.65,167.16,0,178.934,7.649,179.766,-18.31,20.96,147.48,-17.56,-7.31,173.85,54.403,54.572,-19.1762,-7.3890,118.06,237.65,-17.6951,-5.7884,,,0.23404,0
149.6495,51,14,1,5,245.67,129.67,dwell,145.33,203.19,124.39,0,179.051,7.650,179.791,-18.27,20.79,147.45,-17.83,-6.92,173.73,54.469,54.763,-17.3208,-5.9154,145.33,203.19,-17.5267,-5.8455,,,0.22869,0
149.7454,51,14,1,5,245.67,129.67,dwell,141.73,244.75,155.07,0,178.948,7.609,179.799,-18.26,20.84,147.30,-18.04,-8.38,173.23,54.351,54.298,-18.4868,-5.7781,141.73,244.75,-17.9587,-5.8152,,,0.25154,0
149.8274,51,14,1,5,245.67,129.67,capture,141.87,206.77,129.30,0,178.933,7.488,179.807,-18.13,21.10,147.20,-17.65,-7.10,173.27,54.253,54.415,-17.4241,-6.7162,141.87,206.77,-17.7181,-6.2206,,,0.23054,0
149.9210,51,14,1,5,245.67,129.67,capture,146.64,196.58,119.51,0,178.983,7.469,179.829,-18.25,21.25,147.29,-17.50,-7.65,173.23,53.887,54.641,-18.0410,-5.9331,146.64,196.58,-17.8634,-6.0912,,,0.23727,0
150.0118,51,14,1,5,245.67,129.67,capture,163.16,210.28,115.35,0,178.840,7.595,179.884,-18.28,21.20,147.22,-17.82,-7.79,172.87,53.948,54.691,-18.4602,-5.3493,163.16,210.28,-18.1320,-5.7574,,,0.21620,0
150.1113,51,14,1,5,245.67,129.67,capture,163.08,202.08,109.84,0,178.846,7.599,179.889,-18.25,21.20,147.14,-17.25,-7.03,173.44,54.047,54.370,-18.1161,-5.2921,163.08,202.08,-18.1248,-5.5480,,,0.21722,0
150.2017,51,14,1,5,245.67,129.67,capture,157.06,214.43,122.62,0,178.878,7.624,179.867,-18.26,21.09,147.22,-17.35,-7.82,173.48,53.722,54.308,-17.7949,-6.5005,157.06,214.43,-17.9764,-5.9766,,,0.22977,0
150.3088,51,14,1,5,245.67,129.67,capture,130.60,210.10,140.39,0,178.735,7.755,179.870,-18.17,20.96,147.07,-17.66,-6.88,173.14,53.843,54.147,-17.9953,-6.6375,130.60,210.10,-17.9849,-6.2740,,,0.24050,0
150.4049,51,14,1,5,245.67,129.67,capture,121.29,174.31,132.15,0,178.750,7.722,179.878,-18.30,20.87,147.04,-18.40,-6.85,173.14,54.005,54.538,-16.8623,-7.8184,121.29,174.31,-17.4797,-6.9690,,,0.20446,0
150.4869,51,14,1,5,245.67,129.67,capture,137.21,190.81,124.50,0,178.810,7.695,179.867,-18.22,20.67,147.06,-17.51,-8.01,173.26,53.945,54.299,-16.5629,-5.7673,137.21,190.81,-17.0671,-6.4283,,,0.24440,0
150.5909,51,14,1,5,245.67,129.67,capture,149.43,192.65,115.01,0,178.627,7.604,179.875,-18.41,20.59,146.97,-17.61,-8.12,173.25,54.082,54.472,-16.9192,-5.9383,149.43,192.65,-17.0006,-6.2078,,,0.23821,0
150.6779,51,14,1,5,245.67,129.67,capture,125.58,194.23,136.34,0,178.727,7.489,179.828,-18.38,20.66,147.19,-17.82,-6.93,173.18,53.835,53.942,-17.4827,-7.6706,125.58,194.23,-17.2175,-6.8661,,,0.22852,0
150.7599,51,14,1,5,245.67,129.67,capture,144.35,200.25,123.48,0,178.881,7.483,179.823,-18.36,20.98,147.32,-18.37,-7.13,173.38,53.659,54.547,-18.8285,-6.3534,144.35,200.25,-17.9425,-6.6354,,,0.22143,0
150.8700,51,14,1,5,245.67,129.67,capture,144.28,193.56,119.84,0,179.001,7.484,179.845,-18.44,20.87,146.98,-18.18,-6.97,172.56,53.867,54.438,-16.9499,-6.2099,144.28,193.56,-17.4958,-6.4439,,,0.20050,0
150.9654,51,14,1,5,245.67,129.67,capture,147.21,209.13,126.52,0,178.920,7.535,179.807,-18.30,20.66,147.29,-17.80,-8.06,173.86,53.432,54.864,-16.4613,-6.1142,147.21,209.13,-17.0303,-6.2955,,,0.21870,0
151.0474,51,14,1,5,245.67,129.67,capture,134.17,208.79,136.72,0,178.845,7.494,179.805,-18.25,20.75,147.39,-17.87,-7.86,173.99,53.391,54.751,-18.8579,-6.3942,134.17,208.79,-17.8527,-6.3399,,,0.23912,0
151.1492,51,14,1,5,245.67,129.67,capture,122.69,195.54,139.51,0,178.807,7.504,179.840,-18.26,20.87,147.70,-17.67,-8.55,174.35,53.382,55.085,-17.6529,-7.2680,122.69,195.54,-17.7628,-6.7576,,,0.22650,0
151.2620,51,14,1,5,245.67,129.67,capture,126.99,210.00,143.31,0,178.872,7.578,179.826,-18.26,20.64,147.89,-17.88,-7.97,174.48,53.396,54.633,-19.0089,-7.3594,126.99,210.00,-18.3236,-7.0284,,,0.19404,0
151.3440,51,14,1,5,245.67,129.67,capture,133.13,214.39,140.86,0,178.896,7.566,179.834,-18.31,20.48,148.02,-17.94,-7.76,174.27,53.271,54.685,-17.2532,-6.8522,133.13,214.39,-17.8419,-6.9491,,,0.16214,0
151.4578,51,14,1,5,245.67,129.67,capture,140.46,199.13,126.07,0,178.866,7.638,179.842,-18.31,20.36,147.99,-17.93,-8.54,174.52,53.131,54.197,-17.8441,-5.6654,140.46,199.13,-17.8429,-6.3714,,,0.19158,0
151.6361,52,38,4,2,111.67,389.00,dwell,146.29,305.91,90.02,0,178.872,7.579,179.806,-18.16,20.38,147.98,-17.73,-8.95,173.81,53.317,54.502,-21.5740,-6.0390,146.29,305.91,-21.5740,-6.0390,,,0.20684,0
151.7391,52,38,4,2,111.67,389.00,dwell,92.60,164.69,225.12,0,178.731,7.775,179.789,-18.25,20.42,148.17,-17.97,-7.76,174.35,53.184,54.358,-15.2402,-9.0135,92.60,164.69,-18.7238,-7.3775,,,0.19451,0
151.8461,52,38,4,2,111.67,389.00,dwell,104.30,300.77,88.54,0,178.709,7.772,179.801,-18.40,20.46,148.65,-18.22,-8.18,175.16,53.111,54.605,-21.7120,-8.1366,104.30,300.77,-20.0685,-7.7191,,,0.19852,0
151.9415,52,38,4,2,111.67,389.00,dwell,135.32,395.40,24.50,0,178.711,7.834,179.779,-18.30,20.58,148.39,-18.08,-8.05,175.11,53.242,54.831,-24.3089,-6.2278,135.32,395.40,-21.9767,-7.0480,,,0.18412,0
152.0378,52,38,4,2,111.67,389.00,dwell,38.34,351.73,82.25,0,178.705,7.853,179.782,-18.30,20.57,148.17,-18.29,-7.56,174.51,53.306,54.863,-23.4578,-11.0796,38.34,351.73,-22.6432,-8.8622,,,0.19343,0
152.1438,52,38,4,2,111.67,389.00,dwell,91.25,356.13,38.69,1,178.624,8.103,179.783,-18.25,20.71,148.17,-17.37,-8.02,174.81,53.379,54.833,-24.1891,-8.8560,91.25,356.13,-23.3389,-8.8594,,,0.20724,0
152.2449,52,38,4,2,111.67,389.00,dwell,134.45,278.50,112.82,0,178.651,8.149,179.815,-18.25,20.81,147.84,-17.79,-7.29,174.14,53.905,54.520,-21.2448,-6.1301,134.45,278.50,-22.3965,-7.6312,,,0.20412,0
152.3337,52,38,4,2,111.67,389.00,dwell,61.92,379.89,50.57,0,178.624,8.048,179.799,-18.10,20.69,147.79,-17.21,-7.84,174.21,53.719,54.656,-24.9395,-10.5935,61.92,379.89,-23.5408,-8.9643,,,0.21140,0
152.4205,52,38,4,2,111.67,389.00,dwell,104.26,360.47,29.48,1,178.683,8.069,179.784,-18.12,20.92,147.83,-17.71,-7.09,173.92,53.772,55.045,-24.7208,-8.3049,104.26,360.47,-24.0718,-8.6676,,,0.22416,0
152.5144,52,38,4,2,111.67,389.00,dwell,85.14,332.08,62.80,0,178.659,8.023,179.807,-18.11,20.91,147.95,-17.55,-7.73,173.90,53.641,54.572,-21.8222,-8.9261,85.14,332.08,-23.0595,-8.7839,,,0.22626,0
152.6234,52,38,4,2,111.67,389.00,dwell,75.31,434.63,58.34,0,178.682,8.016,179.792,-17.98,20.90,148.02,-17.89,-8.10,174.10,53.516,54.269,-27.0710,-9.3094,75.31,434.63,-24.8647,-9.0204,,,0.21729,0
152.7135,52,38,4,2,111.67,389.00,capture,67.46,421.56,54.90,0,178.734,8.006,179.794,-17.92,20.88,148.06,-17.76,-7.45,174.19,53.154,54.344,-25.8399,-10.4844,67.46,421.56,-25.3035,-9.6792,,,0.18475,0
152.8230,52,38,4,2,111.67,389.00,capture,92.34,389.82,19.34,1,178.790,7.985,179.794,-18.04,20.97,148.06,-17.46,-7.47,174.11,53.035,54.175,-24.3882,-8.5268,92.34,389.82,-24.8916,-9.1606,,,0.21362,0
152.9244,52,38,4,2,111.67,389.00,capture,98.79,405.12,20.63,1,178.810,7.976,179.814,-18.02,20.80,147.93,-17.67,-8.07,174.77,53.124,54.347,-26.2442,-8.3205,98.79,405.12,-25.5003,-8.7826,,,0.18556,0
153.0158,52,38,4,2,111.67,389.00,capture,76.66,430.09,53.98,0,178.799,7.965,179.836,-18.05,20.72,147.76,-17.67,-7.25,174.46,52.933,54.295,-26.9412,-8.8343,76.66,430.09,-26.1487,-8.8059,,,0.17757,0
153.1184,52,38,4,2,111.67,389.00,capture,91.70,390.51,20.02,1,178.858,8.136,179.814,-18.03,20.65,147.75,-17.61,-8.73,174.06,52.730,54.344,-24.3190,-8.5572,91.70,390.51,-25.3253,-8.6940,,,0.15232,0
153.2145,52,38,4,2,111.67,389.00,capture,97.70,392.38,14.37,1,178.773,8.235,179.811,-18.05,20.62,147.47,-17.45,-7.54,173.15,52.939,54.245,-25.9879,-8.7327,97.70,392.38,-25.6235,-8.7114,,,0.16114,0
153.3007,52,38,4,2,111.67,389.00,capture,74.72,416.51,46.06,0,178.825,8.247,179.801,-18.04,20.58,147.62,-17.57,-7.76,173.80,53.123,54.472,-26.4089,-9.5045,74.72,416.51,-25.9769,-9.0683,,,0.19791,0
153.4051,52,38,4,2,111.67,389.00,capture,73.03,393.62,38.91,0,178.756,8.171,179.791,-18.24,20.76,147.68,-17.66,-8.51,173.88,53.388,54.570,-24.6773,-9.5908,73.03,393.62,-25.3921,-9.3034,,,0.21641,0
153.5159,52,38,4,2,111.67,389.00,capture,95.20,406.05,23.70,1,178.826,8.154,179.801,-18.33,20.88,147.48,-17.59,-8.04,174.03,53.432,54.173,-25.7079,-8.4732,95.20,406.05,-25.5342,-8.9298,,,0.22051,0
153.6076,52,38,4,2,111.67,389.00,capture,87.20,407.53,30.69,0,178.889,8.228,179.784,-18.49,20.91,147.75,-17.67,-7.93,174.42,53.479,53.984,-26.2698,-8.6431,87.20,407.53,-25.8652,-8.8008,,,0.19899,0
153.7180,52,38,4,2,111.67,389.00,capture,59.39,405.59,54.85,0,178.872,8.165,179.812,-18.52,20.75,147.70,-18.02,-8.24,173.96,53.625,53.935,-24.6775,-10.2058,59.39,405.59,-25.3307,-9.4330,,,0.19432,0
153.8093,52,38,4,2,111.67,389.00,capture,69.97,437.92,64.28,0,178.931,8.184,179.846,-18.50,20.46,147.57,-18.23,-7.69,174.30,54.051,54.383,-26.9009,-9.8223,69.97,437.92,-26.0373,-9.6082,,,0.22334,0
153.8952,52,38,4,2,111.67,389.00,capture,76.41,393.16,35.50,0,178.893,8.164,179.840,-18.36,20.63,147.63,-17.78,-7.86,173.98,53.822,54.452,-25.6599,-9.4410,76.41,393.16,-25.8675,-9.5329,,,0.20288,0
154.0160,52,38,4,2,111.67,389.00,capture,58.13,391.59,53.60,0,178.783,8.220,179.816,-18.37,20.44,147.62,-17.79,-8.57,174.05,54.208,54.507,-24.4207,-9.8102,58.13,391.59,-25.2164,-9.6577,,,0.21588,0
154.1161,52,38,4,2,111.67,389.00,capture,74.88,407.18,41.03,0,178.839,8.243,179.810,-18.30,20.38,147.71,-17.72,-8.77,173.81,53.790,55.023,-26.4049,-9.3270,74.88,407.18,-25.7512,-9.5089,,,0.21384,0
154.2191,52,38,4,2,111.67,389.00,capture,65.14,386.26,46.61,0,178.739,8.278,179.804,-18.45,20.21,147.76,-17.66,-8.56,174.30,54.494,55.146,-24.4968,-9.7394,65.14,386.26,-25.1867,-9.6126,,,0.22812,0
154.3197,52,38,4,2,111.67,389.00,capture,90.54,412.62,31.69,1,178.782,8.238,179.786,-18.43,20.31,147.93,-18.29,-8.74,174.40,54.364,54.865,-25.6685,-9.5242,90.54,412.62,-25.4035,-9.5728,,,0.23015,0
154.4263,52,38,4,2,111.67,389.00,capture,83.20,428.04,48.32,0,178.797,8.162,179.747,-18.51,20.42,147.86,-17.68,-7.84,174.87,54.286,54.725,-26.1754,-8.6492,83.20,428.04,-25.7509,-9.1572,,,0.21373,0
154.5272,52,38,4,2,111.67,389.00,capture,61.95,410.04,53.99,0,178.723,8.197,179.722,-18.47,20.56,147.95,-17.81,-6.09,174.39,54.018,54.523,-25.2289,-10.1322,61.95,410.04,-25.5160,-9.5959,,,0.23394,0
154.6348,52,38,4,2,111.67,389.00,capture,61.76,429.74,64.42,0,178.704,8.218,179.744,-18.41,20.73,148.17,-18.08,-8.29,174.62,54.016,54.405,-26.6402,-10.0505,61.76,429.74,-26.0219,-9.8005,,,0.23243,0
154.7448,52,38,4,2,111.67,389.00,capture,47.37,430.96,76.78,0,178.779,8.194,179.734,-18.33,20.77,148.03,-17.99,-7.91,174.46,54.112,54.221,-26.2627,-11.1173,47.37,430.96,-26.1303,-10.3931,,,0.23164,0
154.9229,53,2,0,2,111.67,43.22,dwell,-12.82,422.49,399.18,0,178.769,8.065,179.710,-18.49,20.48,148.30,-17.93,-7.57,175.07,54.255,53.793,-26.5368,-13.5669,-12.82,422.49,-26.5368,-13.5669,,,0.23646,0
155.0202,53,2,0,2,111.67,43.22,dwell,166.59,350.34,311.99,0,178.818,7.914,179.740,-18.37,20.40,148.21,-17.63,-7.15,174.85,54.270,54.186,-22.7892,-5.2628,166.59,350.34,-24.8503,-9.8301,,,0.23966,0
155.1283,53,2,0,2,111.67,43.22,dwell,153.15,173.86,137.07,0,178.782,8.040,179.773,-18.37,20.34,148.26,-17.81,-7.76,175.19,54.467,54.492,-15.9090,-5.4462,153.15,173.86,-20.8267,-7.8573,,,0.21979,0
155.2282,53,2,0,2,111.67,43.22,dwell,125.45,164.43,121.99,0,178.764,8.038,179.795,-18.26,20.39,148.00,-17.92,-7.87,173.77,54.309,54.462,-16.9669,-6.9573,125.45,164.43,-19.0898,-7.4523,,,0.22189,0
155.3391,53,2,0,2,111.67,43.22,dwell,189.83,203.19,178.04,0,178.784,8.070,179.835,-18.33,20.31,147.90,-17.36,-8.43,173.96,53.799,54.256,-17.6617,-4.5919,189.83,203.19,-18.4472,-6.1651,,,0.21272,0
155.4289,53,2,0,2,111.67,43.22,dwell,210.99,176.83,166.48,0,178.797,8.072,179.832,-18.16,20.19,147.96,-17.21,-8.04,174.35,53.842,54.142,-16.4115,-4.2135,210.99,176.83,-17.5311,-5.2869,,,0.20479,0
155.5250,53,2,0,2,111.67,43.22,dwell,167.58,158.92,128.50,0,178.679,7.891,179.824,-18.14,20.17,147.90,-17.80,-8.48,174.22,53.843,54.172,-16.3516,-4.9190,167.58,158.92,-17.0003,-5.1213,,,0.21803,0
155.6338,53,2,0,2,111.67,43.22,dwell,187.20,121.06,108.46,0,178.826,7.834,179.807,-18.21,20.23,148.06,-17.96,-8.39,174.46,53.863,54.502,-14.3610,-3.9947,187.20,121.06,-15.8126,-4.6143,,,0.23656,0
155.7158,53,2,0,2,111.67,43.22,capture,189.80,89.33,90.72,0,178.824,7.894,179.812,-18.21,20.43,148.00,-17.81,-8.00,174.35,53.787,54.243,-12.7298,-4.1848,189.80,89.33,-14.4253,-4.4210,,,0.24429,0
155.7999,53,2,0,2,111.67,43.22,capture,176.41,112.18,94.59,0,178.805,7.977,179.839,-18.19,20.32,147.80,-18.07,-8.40,173.93,53.779,54.359,-13.6824,-4.7652,176.41,112.18,-14.0910,-4.5759,,,0.26097,0
155.8913,53,2,0,2,111.67,43.22,capture,179.83,77.76,76.41,0,178.796,7.865,179.829,-18.22,20.38,147.52,-17.59,-7.52,173.89,53.434,54.172,-12.8216,-4.5626,179.83,77.76,-13.5198,-4.5699,,,0.19003,0
155.9852,53,2,0,2,111.67,43.22,capture,194.81,63.04,85.47,0,178.845,7.676,179.840,-18.17,20.55,147.50,-17.23,-7.51,173.82,53.278,54.054,-11.8952,-3.6064,194.81,63.04,-12.7887,-4.1363,,,0.20742,0
156.0821,53,2,0,2,111.67,43.22,capture,190.11,77.03,85.42,0,178.843,7.734,179.812,-18.19,20.57,147.56,-17.50,-7.11,173.51,53.276,54.078,-13.6689,-3.7598,190.11,77.03,-13.1848,-3.9669,,,0.18018,0
156.1654,53,2,0,2,111.67,43.22,capture,195.86,88.56,95.62,0,178.917,7.616,179.749,-18.38,20.61,147.70,-17.13,-7.86,174.31,53.234,54.205,-14.4577,-3.8916,195.86,88.56,-13.7576,-3.9330,,,0.22605,0
156.2713,53,2,0,2,111.67,43.22,capture,227.17,74.83,119.75,0,178.889,7.785,179.760,-18.43,20.69,147.45,-17.67,-7.89,173.76,53.367,54.177,-13.1097,-3.0290,227.17,74.83,-13.4661,-3.5262,,,0.19470,0
156.3862,53,2,0,2,111.67,43.22,capture,212.18,70.72,104.21,0,178.930,7.743,179.779,-18.51,20.64,147.38,-17.96,-8.77,173.26,53.068,54.289,-13.0006,-3.6026,212.18,70.72,-13.2566,-3.5606,,,0.19768,0
156.4885,53,2,0,2,111.67,43.22,capture,242.00,52.82,130.69,0,178.720,7.777,179.784,-18.53,20.64,147.41,-18.48,-7.39,173.93,53.329,54.629,-12.5941,-2.2894,242.00,52.82,-12.9585,-2.9886,,,0.20665,0
156.5859,53,2,0,2,111.67,43.22,capture,240.66,74.05,132.63,0,178.556,7.821,179.759,-18.52,20.58,147.36,-17.82,-8.44,173.52,53.132,55.200,-12.5790,-1.2313,240.66,74.05,-12.7877,-2.1978,,,0.19835,0
156.6903,53,2,0,2,111.67,43.22,capture,176.13,62.77,67.36,0,178.670,7.776,179.793,-18.61,20.61,147.31,-18.60,-8.31,173.19,53.367,54.884,-12.2536,-4.7471,176.13,62.77,-12.5474,-3.3450,,,0.20196,0
156.7936,53,2,0,2,111.67,43.22,capture,167.06,67.57,60.51,0,178.668,7.685,179.798,-18.56,20.74,147.21,-17.72,-6.78,173.51,53.494,54.662,-12.7665,-4.8608,167.06,67.57,-12.6460,-4.0271,,,0.23056,0
156.9069,53,2,0,2,111.67,43.22,capture,190.48,96.45,95.10,0,178.835,7.675,179.819,-18.55,20.85,147.29,-18.25,-7.74,173.96,53.513,54.637,-13.3549,-4.1752,190.48,96.45,-12.9650,-4.0938,,,0.20216,0
157.0152,53,2,0,2,111.67,43.22,capture,186.86,60.90,77.24,0,178.869,7.610,179.837,-18.64,20.89,147.37,-17.91,-7.70,173.64,53.523,54.432,-12.6223,-4.2302,186.86,60.90,-12.8108,-4.1552,,,0.20562,0
157.1078,53,2,0,2,111.67,43.22,capture,207.69,65.58,98.59,0,178.889,7.479,179.837,-18.66,21.01,147.27,-18.74,-8.15,173.28,53.250,54.580,-12.6364,-3.2419,207.69,65.58,-12.7323,-3.7442,,,0.19122,0
157.2257,53,2,0,2,111.67,43.22,capture,205.13,101.52,110.15,0,178.873,7.468,179.842,-18.78,21.12,147.41,-18.23,-7.10,173.22,53.487,54.830,-13.7545,-3.2188,205.13,101.52,-13.1923,-3.5078,,,0.20269,0
157.3149,53,2,0,2,111.67,43.22,capture,190.71,96.29,95.21,0,178.891,7.607,179.842,-18.72,21.03,147.12,-17.83,-7.50,173.06,53.846,54.204,-13.6880,-3.6595,190.71,96.29,-13.4153,-3.5761,,,0.19221,0
157.3982,53,2,0,2,111.67,43.22,capture,177.62,73.33,72.50,0,178.952,7.603,179.838,-18.78,21.02,147.07,-18.03,-7.36,173.01,53.843,54.327,-12.1463,-3.4711,177.62,73.33,-12.8443,-3.5288,,,0.20616,0
157.5841,54,30,3,3,156.33,302.56,dwell,273.55,224.59,140.78,0,178.909,7.648,179.854,-18.82,21.00,147.25,-18.44,-7.76,173.59,53.657,54.264,-18.2512,0.3868,273.55,224.59,-18.2512,0.3868,,,0.18817,0
157.6839,54,30,3,3,156.33,302.56,dwell,137.17,128.45,175.16,0,178.801,7.701,179.868,-18.75,21.02,147.00,-18.87,-7.35,173.31,53.495,54.578,-13.7465,-6.0762,137.17,128.45,-16.2241,-2.5215,,,0.21300,0
157.7877,54,30,3,3,156.33,302.56,dwell,216.91,241.31,86.14,0,178.795,7.699,179.842,-18.59,21.05,146.95,-18.32,-7.87,173.00,53.559,54.063,-20.2996,-2.5480,216.91,241.31,-18.0580,-2.5334,,,0.20179,0
157.9007,54,30,3,3,156.33,302.56,dwell,158.57,140.68,161.89,0,178.714,7.773,179.864,-18.50,21.05,146.97,-17.99,-7.68,172.71,53.635,54.322,-15.8265,-5.4621,158.57,140.68,-17.0539,-3.8513,,,0.22550,0
158.0031,54,30,3,3,156.33,302.56,dwell,119.63,176.13,131.65,0,178.799,7.893,179.861,-18.39,20.96,146.87,-17.95,-6.75,172.75,53.567,54.288,-16.6055,-7.2136,119.63,176.13,-16.8521,-5.3643,,,0.19889,0
158.0916,54,30,3,3,156.33,302.56,dwell,173.41,81.64,221.57,0,178.895,7.909,179.861,-18.36,20.91,146.82,-17.92,-6.91,172.73,53.625,55.162,-12.8878,-5.0633,173.41,81.64,-15.0682,-5.2289,,,0.22051,0
158.2092,54,30,3,3,156.33,302.56,dwell,167.83,194.20,108.96,0,178.777,7.887,179.871,-18.44,20.83,146.85,-17.79,-7.34,173.07,53.592,54.820,-17.1056,-5.0469,167.83,194.20,-15.9850,-5.1470,,,0.22368,0
158.3270,54,30,3,3,156.33,302.56,dwell,191.10,146.38,160.00,0,178.835,7.794,179.858,-18.47,20.78,146.98,-18.10,-7.85,173.25,53.144,54.606,-16.4998,-4.3913,191.10,146.38,-16.2167,-4.8069,,,0.21020,0
158.4238,54,30,3,3,156.33,302.56,dwell,131.60,200.57,104.94,0,178.899,7.805,179.851,-18.50,20.84,147.19,-17.93,-7.94,173.71,53.481,54.125,-16.6246,-6.7827,131.60,200.57,-16.4002,-5.6960,,,0.19944,0
158.5213,54,30,3,3,156.33,302.56,dwell,140.49,149.88,153.50,0,178.946,7.724,179.839,-18.52,20.95,146.97,-18.50,-7.63,173.34,53.575,54.261,-14.6958,-6.5316,140.49,149.88,-15.6332,-6.0720,,,0.21770,0
158.6383,54,30,3,3,156.33,302.56,capture,178.61,202.79,102.22,0,178.860,7.703,179.848,-18.44,20.91,147.03,-17.87,-7.57,173.34,53.805,53.475,-18.2961,-4.2133,178.61,202.79,-16.8315,-5.2356,,,0.18434,0
158.7426,54,30,3,3,156.33,302.56,capture,174.95,214.42,90.08,0,178.973,7.792,179.864,-18.42,21.06,146.97,-18.68,-7.93,173.25,54.037,53.784,-18.2766,-5.5028,174.95,214.42,-17.4818,-5.3558,,,0.22322,0
158.8488,54,30,3,3,156.33,302.56,capture,198.19,194.14,116.21,0,178.915,7.833,179.840,-18.30,20.80,146.82,-17.60,-8.42,173.08,53.834,54.089,-18.4313,-4.3836,198.19,194.14,-17.9091,-4.9183,,,0.22027,0
158.9464,54,30,3,3,156.33,302.56,capture,172.45,193.08,110.66,0,178.894,7.673,179.860,-18.27,20.81,146.83,-18.30,-8.27,173.17,53.675,54.339,-17.5193,-5.1278,172.45,193.08,-17.7337,-5.0126,,,0.19977,0
159.0508,54,30,3,3,156.33,302.56,capture,175.91,200.35,104.06,0,178.808,7.769,179.857,-18.34,20.77,146.77,-17.79,-7.85,173.11,53.865,54.614,-17.9861,-4.8936,175.91,200.35,-17.8473,-4.9591,,,0.20551,0
159.1475,54,30,3,3,156.33,302.56,capture,188.78,196.95,110.48,0,178.819,7.817,179.851,-18.35,20.85,146.91,-17.51,-7.86,173.30,53.817,54.209,-17.8949,-4.3029,188.78,196.95,-17.8687,-4.6638,,,0.20546,0
159.2421,54,30,3,3,156.33,302.56,capture,168.13,191.07,112.11,0,178.906,7.903,179.848,-18.44,20.93,147.06,-18.05,-7.97,173.91,53.323,53.921,-16.7715,-5.2734,168.13,191.07,-17.3750,-4.9381,,,0.19982,0
159.3241,54,30,3,3,156.33,302.56,capture,180.47,189.11,115.98,0,178.897,7.745,179.860,-18.42,21.08,147.35,-18.61,-7.97,173.41,53.234,54.038,-17.0755,-4.8294,180.47,189.11,-17.2402,-4.8892,,,0.19721,0
159.4164,54,30,3,3,156.33,302.56,capture,186.95,201.66,105.44,0,178.970,7.710,179.844,-18.36,20.90,147.51,-17.80,-6.81,173.59,53.346,53.806,-17.6358,-4.7414,186.95,201.66,-17.4182,-4.8227,,,0.18452,0
159.5260,54,30,3,3,156.33,302.56,capture,177.85,198.14,106.61,0,178.951,7.818,179.842,-18.54,20.79,147.38,-18.27,-8.01,173.62,52.874,53.808,-18.5849,-4.4597,177.85,198.14,-17.9432,-4.6594,,,0.21143,0
159.6269,54,30,3,3,156.33,302.56,capture,156.07,218.80,83.76,0,179.061,7.797,179.828,-18.48,20.71,147.23,-18.22,-7.96,173.48,53.053,53.154,-19.0692,-5.3790,156.07,218.80,-18.4499,-4.9832,,,0.21163,0
159.7097,54,30,3,3,156.33,302.56,capture,171.80,199.08,104.63,0,178.910,7.803,179.790,-18.40,20.83,147.44,-17.52,-8.22,173.55,53.085,53.655,-17.8579,-4.2548,171.80,199.08,-18.1835,-4.6554,,,0.18706,0
159.7993,54,30,3,3,156.33,302.56,capture,179.97,203.43,101.90,0,178.854,7.682,179.778,-18.29,20.89,147.49,-18.87,-8.43,173.39,53.212,54.158,-18.1632,-4.0588,179.97,203.43,-18.1744,-4.3869,,,0.21296,0
159.8904,54,30,3,3,156.33,302.56,capture,169.78,204.22,99.25,0,178.863,7.667,179.755,-18.14,21.00,147.54,-17.80,-7.63,174.29,53.550,54.392,-17.9246,-5.1113,169.78,204.22,-18.0620,-4.7129,,,0.19781,0
159.9857,54,30,3,3,156.33,302.56,capture,185.51,214.47,92.79,0,178.965,7.762,179.774,-18.08,21.05,147.62,-18.07,-7.21,173.76,54.170,54.508,-18.0391,-4.5131,185.51,214.47,-18.0517,-4.6230,,,0.19480,0
160.0850,54,30,3,3,156.33,302.56,capture,185.72,209.65,97.44,0,179.005,7.837,179.799,-18.01,20.93,147.38,-17.84,-8.67,173.50,53.890,54.386,-17.2612,-4.6064,185.72,209.65,-17.6960,-4.6155,,,0.20626,0
160.1796,54,30,3,3,156.33,302.56,capture,185.95,198.96,107.75,0,178.950,7.854,179.815,-18.03,20.88,147.52,-17.29,-8.12,173.95,53.725,54.278,-18.0003,-4.6820,185.95,198.96,-17.8329,-4.6454,,,0.21359,0
160.2780,54,30,3,3,156.33,302.56,capture,188.87,202.18,105.52,0,178.808,7.743,179.797,-17.99,20.86,147.61,-17.50,-7.64,173.27,53.876,54.266,-17.1330,-4.5521,188.87,202.18,-17.5180,-4.6034,,,0.20567,0
160.3826,54,30,3,3,156.33,302.56,capture,180.48,203.31,102.14,0,178.743,7.879,179.796,-18.08,20.86,147.69,-17.66,-8.07,174.12,54.065,54.509,-17.0026,-4.7022,180.48,203.31,-17.2860,-4.6479,,,0.24608,0
160.4806,54,30,3,3,156.33,302.56,capture,162.35,205.79,96.95,0,178.667,7.921,179.810,-18.08,20.79,147.46,-17.30,-7.29,173.94,54.114,54.699,-18.1332,-5.2130,162.35,205.79,-17.6673,-4.9022,,,0.21905,0
160.7108,55,39,4,3,156.33,389.00,dwell,88.95,281.00,127.30,0,178.707,7.903,179.849,-18.06,20.86,147.46,-17.48,-8.15,173.93,53.939,54.657,-21.3060,-8.7765,88.95,281.00,-21.3060,-8.7765,,,0.22331,0
160.8101,55,39,4,3,156.33,389.00,dwell,190.11,234.06,158.58,0,178.723,8.020,179.818,-18.03,21.07,147.39,-17.73,-7.46,173.77,53.861,54.346,-18.3991,-4.2493,190.11,234.06,-19.9979,-6.7393,,,0.21937,0
160.8921,55,39,4,3,156.33,389.00,dwell,289.66,331.33,145.26,0,178.724,8.065,179.807,-18.06,21.25,147.29,-17.42,-7.01,173.41,53.749,54.110,-22.6376,-0.1045,289.66,331.33,-21.1857,-3.7536,,,0.22338,0
160.9860,55,39,4,3,156.33,389.00,dwell,200.97,312.66,88.43,0,178.821,8.033,179.806,-18.05,21.14,147.36,-17.33,-7.63,173.20,53.971,54.578,-21.9689,-3.4677,200.97,312.66,-21.5382,-3.6250,,,0.21681,0
161.0723,55,39,4,3,156.33,389.00,dwell,285.25,420.99,132.83,0,178.792,8.066,179.832,-18.01,20.97,147.22,-17.21,-8.17,173.30,53.622,54.394,-26.7731,0.7334,285.25,420.99,-23.8939,-1.6637,,,0.23418,0
161.1640,55,39,4,3,156.33,389.00,dwell,244.27,391.46,87.97,0,178.768,8.084,179.825,-18.08,20.90,147.20,-18.01,-8.19,173.74,53.667,54.430,-24.4972,-1.3119,244.27,391.46,-24.1654,-1.5054,,,0.20069,0
161.2586,55,39,4,3,156.33,389.00,dwell,197.69,394.65,41.74,0,178.795,8.093,179.839,-17.96,20.82,147.26,-18.38,-7.60,173.56,54.138,54.466,-25.6069,-3.3767,197.69,394.65,-24.8141,-2.3475,,,0.24455,0
161.3576,55,39,4,3,156.33,389.00,dwell,227.08,418.99,76.84,0,178.776,8.041,179.832,-18.02,20.79,147.29,-17.72,-7.63,173.28,54.446,54.410,-26.0241,-2.4840,227.08,418.99,-25.3586,-2.4089,,,0.22781,0
161.4807,55,39,4,3,156.33,389.00,dwell,232.81,446.07,95.42,0,178.849,8.096,179.833,-18.15,20.75,147.64,-17.97,-8.11,174.00,54.770,54.361,-26.8985,-2.4937,232.81,446.07,-26.0515,-2.4470,,,0.23982,0
161.5736,55,39,4,3,156.33,389.00,capture,254.56,471.09,128.01,0,178.975,8.217,179.850,-18.20,20.71,147.59,-17.55,-7.54,174.12,54.501,53.866,-28.3481,-1.6462,254.56,471.09,-27.0850,-2.0866,,,0.22607,0
161.6784,55,39,4,3,156.33,389.00,capture,248.68,450.82,111.13,0,179.013,7.976,179.854,-18.18,20.76,147.65,-17.90,-7.75,173.81,54.232,54.103,-27.8710,-1.3206,248.68,450.82,-27.4387,-1.7419,,,0.23269,0
161.7930,55,39,4,3,156.33,389.00,capture,248.57,463.26,118.42,0,179.073,8.031,179.841,-18.16,20.79,147.51,-17.70,-8.05,173.96,54.049,54.154,-27.2459,-1.2958,248.57,463.26,-27.3519,-1.5412,,,0.23046,0
161.8832,55,39,4,3,156.33,389.00,capture,269.75,472.73,140.98,0,178.999,8.026,179.842,-18.24,20.75,147.53,-18.19,-8.18,173.61,53.852,54.258,-28.3740,-0.4458,269.75,472.73,-27.8119,-1.0482,,,0.21887,0
161.9729,55,39,4,3,156.33,389.00,capture,245.20,468.05,118.94,0,178.916,8.199,179.810,-18.25,20.71,147.65,-17.68,-7.29,173.67,53.754,54.099,-28.3926,-1.5983,245.20,468.05,-28.0732,-1.2958,,,0.22685,0
162.0861,55,39,4,3,156.33,389.00,capture,249.16,440.32,106.07,0,178.966,8.225,179.824,-18.27,20.86,147.63,-18.17,-7.81,174.07,53.532,54.189,-26.6247,-1.3495,249.16,440.32,-27.4213,-1.3200,,,0.21505,0
162.1681,55,39,4,3,156.33,389.00,capture,245.94,443.72,104.99,0,179.038,8.229,179.830,-18.23,21.02,147.59,-17.43,-7.97,174.10,53.753,53.939,-26.6692,-1.3742,245.94,443.72,-27.0829,-1.3444,,,0.20372,0
162.2570,55,39,4,3,156.33,389.00,capture,247.00,486.75,133.32,0,179.016,8.102,179.849,-18.24,20.91,147.74,-17.53,-7.14,174.06,54.067,54.236,-27.4447,-1.5782,247.00,486.75,-27.2457,-1.4496,,,0.22115,0
162.3519,55,39,4,3,156.33,389.00,capture,241.93,453.09,106.93,0,178.910,8.105,179.837,-18.41,20.75,147.69,-17.29,-7.24,173.81,53.795,54.520,-27.4888,-1.0808,241.93,453.09,-27.3551,-1.2836,,,0.21683,0
162.4486,55,39,4,3,156.33,389.00,capture,252.22,457.59,117.89,0,178.983,7.935,179.835,-18.48,20.69,147.78,-17.54,-7.97,174.37,53.754,54.726,-26.9147,-0.9645,252.22,457.59,-27.1569,-1.1400,,,0.22300,0
162.5336,55,39,4,3,156.33,389.00,capture,262.32,458.58,126.79,0,178.917,7.921,179.828,-18.36,20.72,147.95,-18.19,-8.46,174.26,53.689,54.327,-28.0362,-0.9731,262.32,458.58,-27.5526,-1.0649,,,0.20272,0
162.6156,55,39,4,3,156.33,389.00,capture,260.93,441.31,116.95,0,178.831,7.839,179.822,-18.20,20.82,148.00,-17.88,-8.24,173.98,53.502,54.651,-27.4280,-1.0069,260.93,441.31,-27.4965,-1.0388,,,0.20978,0
162.7256,55,39,4,3,156.33,389.00,capture,251.92,427.15,102.92,0,178.918,8.012,179.795,-18.34,20.91,148.05,-17.56,-7.82,174.20,53.424,54.642,-26.5782,-1.5802,251.92,427.15,-27.0833,-1.2824,,,0.21100,0
162.8169,55,39,4,3,156.33,389.00,capture,248.46,457.94,115.07,0,179.020,7.908,179.805,-18.34,20.92,148.20,-17.76,-7.56,174.44,53.339,54.291,-28.6312,-1.4343,248.46,457.94,-27.7798,-1.3508,,,0.19915,0
162.9200,55,39,4,3,156.33,389.00,capture,237.00,445.48,98.47,0,179.019,7.923,179.798,-18.25,20.69,148.18,-17.56,-7.69,175.05,53.942,54.345,-28.5255,-1.5552,237.00,445.48,-28.1154,-1.4428,,,0.22430,0
163.0217,55,39,4,3,156.33,389.00,capture,231.92,437.46,89.79,0,179.064,8.007,179.789,-18.20,20.64,148.03,-17.34,-7.87,174.04,53.767,54.439,-27.4004,-2.3723,231.92,437.46,-27.7937,-1.8611,,,0.23465,0
163.1355,55,39,4,3,156.33,389.00,capture,247.35,456.79,113.49,0,179.153,7.900,179.802,-18.30,20.50,148.10,-17.93,-8.22,174.47,53.589,54.091,-27.5967,-1.4848,247.35,456.79,-27.7050,-1.6918,,,0.22065,0
163.2201,55,39,4,3,156.33,389.00,capture,257.89,450.25,118.60,0,179.233,7.966,179.843,-18.42,20.56,147.80,-18.21,-7.30,174.32,53.724,53.920,-26.4708,-1.0489,257.89,450.25,-27.1496,-1.4025,,,0.24242,0
163.3143,55,39,4,3,156.33,389.00,capture,252.02,436.69,106.91,0,179.040,8.073,179.833,-18.36,20.55,147.64,-18.33,-8.74,174.27,54.067,54.065,-26.9692,-1.3806,252.02,436.69,-27.0684,-1.3927,,,0.23052,0
163.4221,55,39,4,3,156.33,389.00,capture,245.17,442.93,103.92,0,179.126,8.171,179.790,-18.34,20.51,147.46,-17.63,-8.05,173.94,54.064,53.925,-26.9952,-0.9952,245.17,442.93,-27.0355,-1.2138,,,0.20954,0
163.6425,56,65,7,2,111.67,648.33,dwell,174.63,560.53,108.05,0,179.076,8.201,179.805,-18.23,20.39,147.79,-17.09,-8.04,174.48,53.911,53.955,-30.9885,-4.0830,174.63,560.53,-30.9885,-4.0830,,,0.22716,0
163.7467,56,65,7,2,111.67,648.33,dwell,273.98,373.06,319.56,0,179.068,8.320,179.818,-18.28,20.30,147.51,-17.83,-8.89,173.91,54.016,53.878,-23.3192,0.2323,273.98,373.06,-27.5373,-2.1411,,,0.22702,0
163.8467,56,65,7,2,111.67,648.33,dwell,167.35,453.00,203.12,0,179.047,8.339,179.839,-18.18,20.46,147.63,-17.65,-7.94,173.92,54.236,53.846,-27.6975,-5.4983,167.35,453.00,-27.6094,-3.6518,,,0.25151,0
163.9536,56,65,7,2,111.67,648.33,dwell,167.88,502.19,156.58,0,179.086,8.211,179.810,-18.20,20.58,147.73,-17.75,-8.48,174.18,54.283,53.663,-29.7669,-5.5197,167.88,502.19,-28.5803,-4.4924,,,0.22544,0
164.0544,56,65,7,2,111.67,648.33,dwell,78.70,509.85,142.35,0,179.051,8.211,179.812,-18.14,20.61,147.71,-18.35,-8.71,174.09,54.589,53.619,-30.8010,-8.9936,78.70,509.85,-29.5796,-6.5179,,,0.24426,0
164.1458,56,65,7,2,111.67,648.33,dwell,110.38,365.41,282.93,0,179.048,8.265,179.814,-18.28,20.56,147.73,-18.17,-7.86,174.28,54.736,53.795,-24.4153,-7.1167,110.38,365.41,-27.2557,-6.7874,,,0.23184,0
164.2502,56,65,7,2,111.67,648.33,dwell,95.55,402.66,246.20,0,179.007,8.298,179.780,-18.25,20.67,147.54,-17.94,-7.74,173.83,54.606,54.151,-25.1204,-9.0482,95.55,402.66,-26.2948,-7.8048,,,0.22208,0
164.3511,56,65,7,2,111.67,648.33,dwell,48.37,406.15,250.32,0,179.048,8.303,179.782,-18.17,20.56,147.65,-17.91,-8.62,173.98,54.610,54.404,-26.3354,-11.3064,48.37,406.15,-26.3131,-9.3805,,,0.24775,0
164.4488,56,65,7,2,111.67,648.33,dwell,66.86,375.02,276.96,0,179.042,8.364,179.793,-18.29,20.38,147.67,-17.48,-8.11,174.02,54.438,54.558,-24.3672,-9.6755,66.86,375.02,-25.4374,-9.5132,,,0.21868,0
164.5579,56,65,7,2,111.67,648.33,capture,67.68,396.06,256.08,0,179.013,8.401,179.787,-18.19,20.28,147.50,-17.19,-7.61,173.96,54.481,54.009,-26.0156,-9.5418,67.68,396.06,-25.6976,-9.5261,,,0.23603,0
164.6575,56,65,7,2,111.67,648.33,capture,30.23,419.52,242.87,0,179.071,8.469,179.813,-18.03,20.18,147.68,-17.90,-8.47,174.36,54.413,54.512,-25.6314,-11.1979,30.23,419.52,-25.6678,-10.2784,,,0.22257,0
164.7581,56,65,7,2,111.67,648.33,capture,69.15,403.70,248.30,0,179.031,8.574,179.848,-18.23,20.19,147.56,-17.47,-8.30,174.03,54.223,54.314,-25.6618,-9.9956,69.15,403.70,-25.6651,-10.1511,,,0.23511,0
164.8548,56,65,7,2,111.67,648.33,capture,58.80,406.37,247.67,0,179.063,8.636,179.800,-18.25,20.33,147.54,-18.20,-8.48,173.74,54.109,54.368,-24.9065,-10.2787,58.80,406.37,-25.3238,-10.2086,,,0.23470,0
164.9647,56,65,7,2,111.67,648.33,capture,49.19,394.24,261.66,0,179.135,8.780,179.807,-18.39,20.41,147.46,-18.24,-8.58,173.74,53.762,54.615,-25.0547,-11.1212,49.19,394.24,-25.2027,-10.6193,,,0.21436,0
165.0671,56,65,7,2,111.67,648.33,capture,64.84,392.98,259.61,0,179.175,8.803,179.797,-18.35,20.25,147.39,-18.20,-7.43,173.49,54.073,55.041,-24.7554,-9.5233,64.84,392.98,-25.0014,-10.1261,,,0.22125,0
165.1653,56,65,7,2,111.67,648.33,capture,68.04,394.81,257.25,0,179.251,8.781,179.776,-18.40,20.51,147.22,-17.71,-8.02,172.97,53.700,54.937,-24.8326,-9.8758,68.04,394.81,-24.9254,-10.0135,,,0.22524,0
165.2788,56,65,7,2,111.67,648.33,capture,79.05,427.56,223.17,0,179.218,8.817,179.790,-18.37,20.66,147.09,-17.83,-8.16,173.52,53.682,55.043,-26.8890,-8.8401,79.05,427.56,-25.8090,-9.4855,,,0.21255,0
165.3713,56,65,7,2,111.67,648.33,capture,63.30,412.32,240.92,0,179.166,8.824,179.808,-18.54,20.58,147.16,-17.64,-8.31,173.41,53.755,54.980,-25.9647,-9.9496,63.30,412.32,-25.8791,-9.6943,,,0.19594,0
165.4756,56,65,7,2,111.67,648.33,capture,71.04,429.85,222.23,0,179.084,8.747,179.815,-18.54,20.64,147.06,-17.86,-8.20,172.91,53.628,55.409,-26.1140,-9.2911,71.04,429.85,-25.9848,-9.5129,,,0.20038,0
165.5813,56,65,7,2,111.67,648.33,capture,89.57,410.69,238.67,0,178.991,8.600,179.810,-18.44,20.65,147.15,-17.72,-7.28,173.23,53.880,55.587,-26.0598,-8.9410,89.57,410.69,-26.0186,-9.2555,,,0.21285,0
165.6851,56,65,7,2,111.67,648.33,capture,56.10,420.82,234.20,0,179.036,8.597,179.772,-18.47,20.71,147.12,-18.23,-7.96,173.97,53.895,55.120,-26.2476,-10.2365,56.10,420.82,-26.1216,-9.6970,,,0.19915,0
165.7781,56,65,7,2,111.67,648.33,capture,39.07,397.77,260.87,0,178.977,8.530,179.788,-18.47,20.55,147.36,-17.97,-7.64,173.60,53.888,54.787,-25.1881,-10.7439,39.07,397.77,-25.7015,-10.1681,,,0.22391,0
165.8704,56,65,7,2,111.67,648.33,capture,68.01,400.95,251.21,0,178.929,8.512,179.780,-18.52,20.67,147.18,-18.39,-7.65,173.48,53.623,54.257,-25.4733,-8.4650,68.01,400.95,-25.5989,-9.4017,,,0.21742,0
165.9578,56,65,7,2,111.67,648.33,capture,67.19,416.27,236.29,0,178.794,8.558,179.770,-18.51,20.58,147.32,-18.53,-7.99,173.11,53.566,54.253,-25.4530,-9.6782,67.19,416.27,-25.5332,-9.5261,,,0.22377,0
166.0630,56,65,7,2,111.67,648.33,capture,65.63,427.41,225.67,0,178.905,8.494,179.781,-18.55,20.71,147.17,-18.42,-8.30,172.83,53.459,53.924,-27.9301,-9.8335,65.63,427.41,-26.6118,-9.6644,,,0.19760,0
166.1674,56,65,7,2,111.67,648.33,capture,74.74,437.48,214.06,0,178.958,8.564,179.776,-18.53,20.52,147.29,-18.43,-7.87,173.60,53.398,53.680,-26.2074,-9.5661,74.74,437.48,-26.4298,-9.6202,,,0.19666,0
166.2594,56,65,7,2,111.67,648.33,capture,60.05,386.85,266.53,0,178.863,8.563,179.761,-18.53,20.51,147.46,-18.23,-7.95,173.74,53.431,53.661,-24.9364,-9.7204,60.05,386.85,-25.7578,-9.6653,,,0.21150,0
166.3414,56,65,7,2,111.67,648.33,capture,67.01,399.38,252.93,0,178.922,8.497,179.775,-18.59,20.57,147.68,-18.40,-7.80,174.11,53.376,53.943,-25.7394,-9.8322,67.01,399.38,-25.7495,-9.7404,,,0.21554,0
166.4505,56,65,7,2,111.67,648.33,capture,58.92,416.18,238.07,0,178.865,8.506,179.767,-18.54,20.59,147.62,-18.25,-7.47,173.54,53.512,54.150,-26.8381,-9.9383,58.92,416.18,-26.2394,-9.8295,,,0.19972,0
166.6268,57,52,5,7,335.00,475.44,dwell,202.10,475.12,132.90,0,178.836,8.505,179.773,-18.61,20.66,147.37,-18.30,-7.66,173.41,53.457,54.167,-28.6811,-3.5429,202.10,475.12,-28.6811,-3.5429,,,0.20050,0
166.7258,57,52,5,7,335.00,475.44,dwell,202.71,491.16,133.22,0,178.854,8.431,179.775,-18.55,20.69,147.41,-17.63,-7.72,173.67,53.488,54.158,-29.4245,-3.7325,202.71,491.16,-29.0156,-3.6282,,,0.21935,0
166.8336,57,52,5,7,335.00,475.44,dwell,210.28,407.22,142.16,0,178.855,8.366,179.802,-18.53,20.76,147.48,-18.40,-7.46,173.68,53.467,53.908,-25.4988,-3.8711,210.28,407.22,-27.4331,-3.7375,,,0.21040,0
166.9187,57,52,5,7,335.00,475.44,dwell,231.68,294.26,208.57,0,178.817,8.313,179.811,-18.45,20.78,147.32,-18.01,-7.73,173.00,53.708,54.420,-21.2610,-2.0814,231.68,294.26,-24.6556,-2.9923,,,0.21065,0
167.0166,57,52,5,7,335.00,475.44,dwell,251.20,460.26,85.16,0,178.780,8.241,179.819,-18.35,20.85,147.12,-17.79,-7.62,173.09,53.740,54.369,-26.9654,-1.5199,251.20,460.26,-25.6950,-2.3297,,,0.20482,0
167.1167,57,52,5,7,335.00,475.44,dwell,270.37,350.96,140.26,0,178.860,8.201,179.818,-18.36,20.74,147.14,-17.92,-8.53,173.68,53.243,54.569,-23.5690,-0.7027,270.37,350.96,-24.7383,-1.5976,,,0.18073,0
167.2097,57,52,5,7,335.00,475.44,dwell,344.29,336.20,139.55,0,178.670,8.096,179.839,-18.44,20.72,147.04,-17.43,-8.27,172.86,53.702,54.331,-23.2906,3.1053,344.29,336.20,-24.0868,0.5187,,,0.21767,0
167.3117,57,52,5,7,335.00,475.44,dwell,332.11,430.09,45.45,0,178.685,8.192,179.792,-18.43,20.80,147.02,-18.09,-7.25,173.18,53.431,54.861,-25.7320,2.0900,332.11,430.09,-24.8272,1.2258,,,0.24121,0
167.4119,57,52,5,7,335.00,475.44,dwell,372.51,416.44,69.92,0,178.637,8.143,179.827,-18.53,20.86,147.34,-18.23,-7.20,173.37,53.725,54.593,-26.4924,4.5007,372.51,416.44,-25.5765,2.6995,,,0.23230,0
167.5347,57,52,5,7,335.00,475.44,dwell,319.06,405.48,71.76,0,178.589,8.079,179.858,-18.48,20.98,147.35,-17.93,-7.38,173.51,53.890,54.238,-24.7290,2.5006,319.06,405.48,-25.1951,2.6100,,,0.23597,0
167.6319,57,52,5,7,335.00,475.44,dwell,409.78,400.58,105.81,0,178.445,8.277,179.835,-18.46,21.08,147.34,-17.51,-8.14,173.28,53.837,54.285,-24.8331,6.0068,409.78,400.58,-25.0322,4.1386,,,0.20757,0
167.7578,57,52,5,7,335.00,475.44,capture,425.68,411.89,110.73,0,178.449,8.387,179.849,-18.47,21.04,147.52,-17.58,-7.94,173.98,53.608,54.594,-25.8366,6.9303,425.68,411.89,-25.3942,5.3948,,,0.21542,0
167.8561,57,52,5,7,335.00,475.44,capture,416.36,404.50,107.95,0,178.550,8.367,179.848,-18.49,20.83,147.52,-18.29,-7.10,173.49,54.187,54.276,-25.2134,6.7012,416.36,404.50,-25.3128,5.9827,,,0.22492,0
167.9581,57,52,5,7,335.00,475.44,capture,407.34,404.95,101.01,0,178.496,8.354,179.831,-18.40,20.72,147.47,-18.22,-7.81,173.95,54.280,54.628,-25.5287,6.0111,407.34,404.95,-25.4100,5.9955,,,0.20953,0
168.0401,57,52,5,7,335.00,475.44,capture,406.53,416.35,92.78,0,178.653,8.384,179.803,-18.31,20.76,147.67,-17.69,-7.73,173.84,54.184,54.432,-26.1287,6.3881,406.53,416.35,-25.7334,6.1722,,,0.24505,0
168.1221,57,52,5,7,335.00,475.44,capture,442.58,395.95,133.76,0,178.788,8.336,179.823,-18.32,20.65,147.53,-18.25,-8.39,173.77,53.872,54.501,-25.8380,8.4029,442.58,395.95,-25.7805,7.1760,,,0.22595,0
168.2339,57,52,5,7,335.00,475.44,capture,414.34,413.44,100.69,0,178.758,8.266,179.824,-18.36,20.51,147.45,-17.81,-7.39,173.73,54.097,54.312,-25.7221,6.2488,414.34,413.44,-25.7542,6.7588,,,0.25998,0
168.3166,57,52,5,7,335.00,475.44,capture,421.34,412.00,107.14,0,178.716,8.313,179.844,-18.50,20.65,147.31,-17.92,-7.97,173.81,54.007,54.067,-26.1379,6.5402,421.34,412.00,-25.9269,6.6604,,,0.21487,0
168.4230,57,52,5,7,335.00,475.44,capture,421.68,379.53,129.28,0,178.738,8.278,179.833,-18.52,20.79,147.26,-17.60,-7.80,173.63,53.961,53.938,-25.3742,6.6906,421.68,379.53,-25.6782,6.6740,,,0.24251,0
168.5288,57,52,5,7,335.00,475.44,capture,418.20,402.74,110.49,0,178.693,8.264,179.820,-18.51,20.95,147.13,-18.31,-7.35,172.90,53.943,53.965,-25.3580,6.9506,418.20,402.74,-25.5341,6.7984,,,0.19473,0
168.6324,57,52,5,7,335.00,475.44,capture,415.49,418.84,98.40,0,178.810,8.224,179.828,-18.52,21.01,147.34,-18.30,-7.66,173.79,53.870,53.994,-26.3428,6.3539,415.49,418.84,-25.8980,6.5984,,,0.21256,0
168.7144,57,52,5,7,335.00,475.44,capture,414.55,378.79,125.18,0,178.818,8.399,179.803,-18.59,21.02,147.47,-18.11,-7.93,174.38,53.913,53.684,-25.3019,6.0941,414.55,378.79,-25.6297,6.3714,,,0.21441,0
168.8216,57,52,5,7,335.00,475.44,capture,406.95,404.39,101.12,0,178.862,8.462,179.778,-18.59,20.95,147.46,-18.34,-8.04,173.59,53.816,53.683,-25.2999,5.8238,406.95,404.39,-25.4813,6.1250,,,0.23844,0
168.9264,57,52,5,7,335.00,475.44,capture,408.77,402.10,104.03,0,178.834,8.395,179.803,-18.55,21.00,147.87,-17.81,-7.36,174.53,53.719,53.789,-26.9740,6.3453,408.77,402.10,-26.1530,6.2241,,,0.19913,0
169.0305,57,52,5,7,335.00,475.44,capture,439.03,399.96,128.53,0,178.847,8.399,179.815,-18.53,21.04,147.63,-17.55,-7.18,173.91,53.798,54.085,-24.8376,7.4609,439.03,399.96,-25.5611,6.7807,,,0.22911,0
169.1328,57,52,5,7,335.00,475.44,capture,432.52,395.94,125.82,0,178.806,8.369,179.799,-18.62,21.00,147.64,-18.20,-8.04,173.55,53.951,53.565,-25.6343,7.0862,432.52,395.94,-25.5940,6.9181,,,0.23075,0
169.2225,57,52,5,7,335.00,475.44,capture,411.34,392.83,112.49,0,178.884,8.275,179.826,-18.57,20.81,147.75,-17.71,-7.89,173.86,53.852,53.602,-24.8294,6.4943,411.34,392.83,-25.2499,6.7274,,,0.20140,0
169.3170,57,52,5,7,335.00,475.44,capture,435.64,418.32,115.72,0,178.848,8.154,179.802,-18.53,20.63,147.70,-18.65,-8.14,173.95,53.896,53.448,-25.7942,7.6289,435.64,418.32,-25.4949,7.1331,,,0.21584,0
169.4025,57,52,5,7,335.00,475.44,capture,417.39,426.13,96.02,0,178.805,8.218,179.794,-18.49,20.60,147.48,-18.27,-7.88,173.59,53.889,53.582,-27.7600,6.1832,417.39,426.13,-26.5142,6.7056,,,0.23881,0
169.4953,57,52,5,7,335.00,475.44,capture,403.21,402.14,100.13,0,178.780,8.079,179.797,-18.58,20.72,147.63,-18.53,-8.37,173.89,54.044,53.437,-26.0662,6.0914,403.21,402.14,-26.3126,6.4292,,,0.22776,0
169.5773,57,52,5,7,335.00,475.44,capture,427.07,396.01,121.60,0,178.766,8.341,179.810,-18.55,20.74,147.80,-17.62,-8.01,174.17,53.877,53.559,-25.4379,7.6665,427.07,396.01,-25.9190,6.9860,,,0.20332,0
169.7573,58,32,3,5,245.67,302.56,dwell,275.22,314.52,31.88,0,178.707,8.237,179.819,-18.54,20.68,147.53,-17.96,-8.46,173.95,53.484,53.413,-22.2450,-0.6339,275.22,314.52,-22.2450,-0.6339,,,0.19478,0
169.8401,58,32,3,5,245.67,302.56,dwell,386.75,409.50,177.04,0,178.707,8.146,179.790,-18.54,20.63,147.47,-18.02,-7.04,173.76,53.481,53.403,-26.0692,5.0198,386.75,409.50,-23.9659,1.9103,,,0.21772,0
169.9357,58,32,3,5,245.67,302.56,dwell,262.12,285.85,23.45,1,178.866,8.084,179.804,-18.46,20.74,147.55,-17.84,-7.81,173.93,53.084,53.757,-20.5036,-0.6045,262.12,285.85,-22.4079,0.7787,,,0.20138,0
170.0340,58,32,3,5,245.67,302.56,dwell,336.83,215.85,125.81,0,178.876,8.064,179.781,-18.55,20.76,147.76,-18.01,-6.97,174.09,52.899,53.661,-17.9855,2.6050,336.83,215.85,-20.4178,1.6005,,,0.19257,0
170.1288,58,32,3,5,245.67,302.56,dwell,328.20,215.99,119.60,0,178.815,7.989,179.796,-18.57,20.57,147.83,-17.92,-8.36,174.40,53.139,53.975,-18.8879,2.9475,328.20,215.99,-19.7293,2.2067,,,0.18501,0
170.2108,58,32,3,5,245.67,302.56,dwell,297.14,239.38,81.49,0,178.794,8.030,179.803,-18.70,20.74,147.62,-17.52,-8.32,173.52,53.197,54.380,-19.4324,0.2307,297.14,239.38,-19.5957,1.3175,,,0.17291,0
170.3323,58,32,3,5,245.67,302.56,dwell,304.60,185.30,131.23,0,178.818,7.983,179.839,-18.54,20.77,147.50,-17.87,-8.96,173.57,53.072,54.336,-17.1625,0.3968,304.60,185.30,-18.5008,0.9032,,,0.18050,0
170.4554,58,32,3,5,245.67,302.56,dwell,279.60,187.94,119.53,0,178.725,7.936,179.810,-18.43,20.53,147.47,-17.98,-7.03,174.36,53.428,54.401,-17.2163,0.0038,279.60,187.94,-17.9227,0.4985,,,0.19386,0
170.5490,58,32,3,5,245.67,302.56,capture,300.09,218.49,100.14,0,178.655,7.953,179.825,-18.35,20.57,147.39,-17.49,-9.35,173.59,53.592,54.659,-19.0641,1.3365,300.09,218.49,-18.4363,0.8756,,,0.20344,0
170.6599,58,32,3,5,245.67,302.56,capture,281.54,215.89,93.80,0,178.834,8.117,179.786,-18.32,20.55,147.32,-18.41,-8.48,174.13,53.218,54.503,-18.1248,0.9007,281.54,215.89,-18.2961,0.8869,,,0.20174,0
170.7576,58,32,3,5,245.67,302.56,capture,271.77,197.57,108.18,0,178.843,7.936,179.821,-18.35,20.68,147.32,-17.76,-7.34,173.57,53.638,54.450,-17.5418,-0.8324,271.77,197.57,-17.9567,0.1132,,,0.19521,0
170.8472,58,32,3,5,245.67,302.56,capture,279.94,197.77,110.25,0,178.767,7.904,179.825,-18.44,20.58,147.32,-18.27,-8.15,173.86,53.665,54.805,-18.0967,0.4502,279.94,197.77,-18.0197,0.2648,,,0.19149,0
170.9435,58,32,3,5,245.67,302.56,capture,264.54,195.82,108.39,0,178.712,7.793,179.834,-18.39,20.65,147.33,-17.78,-7.76,173.74,53.523,54.865,-17.6921,-0.7971,264.54,195.82,-17.8723,-0.2131,,,0.20800,0
171.0458,58,32,3,5,245.67,302.56,capture,286.68,175.83,133.20,0,178.742,7.846,179.845,-18.38,20.74,147.52,-18.18,-7.34,174.00,53.581,55.175,-17.1156,0.2683,286.68,175.83,-17.5318,0.0035,,,0.19816,0
171.1396,58,32,3,5,245.67,302.56,capture,281.02,212.67,96.59,0,178.759,7.806,179.852,-18.47,20.79,147.87,-17.63,-6.82,174.46,53.185,54.593,-16.4214,0.0393,281.02,212.67,-17.0321,0.0196,,,0.19228,0
171.2521,58,32,3,5,245.67,302.56,capture,309.39,207.53,114.41,0,178.708,7.929,179.851,-18.43,20.78,147.86,-18.15,-8.37,174.27,53.248,54.886,-18.7731,2.2563,309.39,207.53,-17.8156,1.0261,,,0.21110,0
171.3712,58,32,3,5,245.67,302.56,capture,273.01,206.34,100.03,0,178.638,8.061,179.842,-18.31,20.71,147.65,-17.82,-7.45,173.70,53.307,54.713,-17.6461,-0.4605,273.01,206.34,-17.7393,0.3571,,,0.21197,0
171.4663,58,32,3,5,245.67,302.56,capture,272.53,201.05,105.00,0,178.564,8.099,179.860,-18.36,20.78,147.59,-17.92,-7.46,173.98,53.427,54.444,-18.0507,-0.6580,272.53,201.05,-17.8794,-0.0997,,,0.19989,0
171.5675,58,32,3,5,245.67,302.56,capture,275.37,188.92,117.45,0,178.568,8.127,179.847,-18.33,20.85,147.69,-17.72,-7.48,174.53,53.638,54.278,-17.4604,-0.0938,275.37,188.92,-17.6909,-0.0970,,,0.19436,0
171.6517,58,32,3,5,245.67,302.56,capture,285.02,198.94,110.84,0,178.455,7.930,179.850,-18.46,20.66,147.42,-18.12,-7.64,174.02,53.627,54.269,-18.4911,0.4354,285.02,198.94,-18.0510,0.1425,,,0.18016,0
171.7436,58,32,3,5,245.67,302.56,capture,302.20,176.86,137.82,0,178.463,7.992,179.827,-18.29,20.74,147.43,-17.97,-7.81,173.89,53.748,54.260,-16.8203,1.3573,302.20,176.86,-17.4971,0.6892,,,0.20632,0
171.8519,58,32,3,5,245.67,302.56,capture,289.56,172.90,136.88,0,178.366,7.997,179.857,-18.33,20.73,147.26,-18.24,-7.90,173.66,53.642,53.908,-16.7578,0.8391,289.56,172.90,-17.1645,0.7567,,,0.19738,0
171.9644,58,32,3,5,245.67,302.56,capture,299.91,186.16,128.41,0,178.447,8.117,179.828,-18.50,20.93,147.28,-17.78,-8.09,173.55,53.649,53.949,-16.9167,1.5536,299.91,186.16,-17.0530,1.1153,,,0.22103,0
172.0827,58,32,3,5,245.67,302.56,capture,286.04,215.01,96.41,0,178.659,7.944,179.827,-18.47,20.99,147.36,-18.52,-7.92,174.24,53.581,54.396,-18.2477,1.0755,286.04,215.01,-17.5906,1.0974,,,0.19677,0
172.1866,58,32,3,5,245.67,302.56,capture,277.76,204.29,103.37,0,178.755,8.153,179.820,-18.42,20.75,147.38,-17.55,-7.70,173.60,53.320,54.340,-16.8733,0.1346,277.76,204.29,-17.2678,0.6641,,,0.18942,0
172.2890,58,32,3,5,245.67,302.56,capture,301.14,211.11,106.96,0,178.823,8.207,179.827,-18.42,20.61,147.43,-17.94,-7.74,174.09,53.137,54.328,-18.1436,0.5970,301.14,211.11,-17.6619,0.6339,,,0.20538,0
172.4042,58,32,3,5,245.67,302.56,capture,295.38,187.60,125.24,0,178.776,8.051,179.797,-18.48,20.77,147.65,-18.21,-6.62,173.88,53.283,54.653,-16.6529,1.3575,295.38,187.60,-17.2079,0.9595,,,0.22317,0
172.5112,58,32,3,5,245.67,302.56,capture,288.11,200.06,110.94,0,178.810,8.045,179.798,-18.63,20.88,147.46,-17.48,-7.53,173.56,53.909,54.429,-17.7322,0.7138,288.11,200.06,-17.4438,0.8489,,,0.24202,0
172.6870,59,23,2,5,245.67,216.11,dwell,186.63,19.94,204.86,0,178.793,8.105,179.764,-18.59,20.76,147.26,-18.17,-7.23,173.34,53.679,54.549,-11.1836,-3.9093,186.63,19.94,-11.1836,-3.9093,,,0.20851,0
172.7796,59,23,2,5,245.67,216.11,dwell,227.83,224.99,19.92,1,179.042,8.076,179.758,-18.61,20.82,147.20,-18.07,-6.68,173.55,54.401,54.866,-19.5017,-2.2277,227.83,224.99,-14.9267,-3.1526,,,0.23748,0
172.8622,59,23,2,5,245.67,216.11,dwell,216.24,329.91,117.54,0,179.018,7.945,179.767,-18.53,20.86,147.10,-17.94,-7.92,173.17,54.087,54.654,-23.0132,-2.9322,216.24,329.91,-18.5656,-3.0534,,,0.23954,0
172.9626,59,23,2,5,245.67,216.11,dwell,229.84,180.70,38.79,1,178.902,7.933,179.755,-18.54,20.95,147.26,-18.20,-7.14,173.33,53.962,54.550,-17.9177,-2.3032,229.84,180.70,-18.2741,-2.7158,,,0.22298,0
173.0584,59,23,2,5,245.67,216.11,dwell,225.42,268.15,55.84,0,179.008,7.938,179.781,-18.54,21.12,147.31,-18.47,-7.97,173.43,54.022,54.287,-19.7232,-2.9379,225.42,268.15,-18.9262,-2.8158,,,0.19962,0
173.1551,59,23,2,5,245.67,216.11,dwell,187.00,302.40,104.34,0,178.918,8.046,179.767,-18.66,20.91,147.42,-18.54,-7.99,174.12,53.858,54.702,-22.0511,-3.6355,187.00,302.40,-20.3324,-3.1847,,,0.21109,0
173.2621,59,23,2,5,245.67,216.11,dwell,191.05,347.93,142.69,0,178.852,8.040,179.777,-18.65,20.81,147.67,-17.98,-7.39,173.86,53.711,54.561,-22.9223,-4.2828,191.05,347.93,-21.4979,-3.6788,,,0.20291,0
173.3563,59,23,2,5,245.67,216.11,dwell,152.06,295.77,122.91,0,178.805,7.962,179.803,-18.60,20.69,147.56,-18.03,-7.52,174.05,54.255,54.705,-21.3784,-5.7893,152.06,295.77,-21.4441,-4.6285,,,0.22203,0
173.4608,59,23,2,5,245.67,216.11,dwell,169.13,324.88,133.00,0,178.837,7.985,179.802,-18.59,20.68,147.71,-18.20,-7.70,174.09,53.890,54.662,-22.6858,-4.7701,169.13,324.88,-22.0028,-4.6922,,,0.23565,0
173.5605,59,23,2,5,245.67,216.11,capture,160.33,306.29,124.16,0,178.801,8.018,179.829,-18.58,20.84,147.92,-17.44,-8.44,174.18,53.702,54.613,-21.7384,-4.8858,160.33,306.29,-21.8838,-4.7793,,,0.23269,0
173.6745,59,23,2,5,245.67,216.11,capture,152.12,334.94,151.23,0,178.787,8.031,179.825,-18.63,20.85,147.75,-18.09,-8.48,173.86,53.294,54.595,-23.2279,-5.7337,152.12,334.94,-22.4887,-5.2088,,,0.20521,0
173.7721,59,23,2,5,245.67,216.11,capture,146.57,349.97,166.55,0,178.953,7.972,179.807,-18.64,20.74,147.80,-18.22,-7.64,174.02,53.522,54.519,-23.1235,-5.4620,146.57,349.97,-22.7744,-5.3227,,,0.21014,0
173.8541,59,23,2,5,245.67,216.11,capture,141.04,330.63,155.12,0,178.925,8.042,179.790,-18.47,20.82,147.71,-18.43,-7.61,173.72,53.633,54.365,-22.8541,-5.2898,141.04,330.63,-22.8102,-5.3079,,,0.21937,0
173.9649,59,23,2,5,245.67,216.11,capture,151.81,325.13,143.85,0,178.842,7.946,179.812,-18.51,20.71,147.74,-18.00,-7.58,174.30,53.699,54.593,-21.9276,-6.2982,151.81,325.13,-22.4131,-5.7535,,,0.21211,0
174.0469,59,23,2,5,245.67,216.11,capture,126.74,335.31,168.38,0,178.851,7.931,179.832,-18.43,20.58,147.86,-17.76,-8.14,174.21,53.375,54.732,-23.6071,-7.3066,126.74,335.31,-22.9504,-6.4524,,,0.20127,0
174.1510,59,23,2,5,245.67,216.11,capture,120.03,331.38,170.50,0,178.884,8.039,179.811,-18.45,20.57,147.83,-18.23,-7.85,173.98,53.163,54.558,-21.9880,-7.3485,120.03,331.38,-22.5173,-6.8557,,,0.18717,0
174.2381,59,23,2,5,245.67,216.11,capture,129.03,342.72,172.15,0,178.818,8.079,179.809,-18.48,20.68,147.78,-17.52,-8.30,173.87,53.272,54.226,-22.5330,-6.5791,129.03,342.72,-22.5244,-6.7312,,,0.18819,0
174.3369,59,23,2,5,245.67,216.11,capture,135.61,328.86,157.56,0,178.975,8.108,179.823,-18.36,20.79,147.53,-18.29,-7.70,173.82,53.003,54.393,-21.4758,-6.9341,135.61,328.86,-22.0525,-6.8225,,,0.20497,0
174.4281,59,23,2,5,245.67,216.11,capture,137.20,321.60,151.30,0,178.962,8.121,179.831,-18.31,20.55,147.33,-18.19,-8.60,173.21,53.412,54.083,-22.9787,-7.0661,137.20,321.60,-22.4693,-6.9321,,,0.19223,0
174.5341,59,23,2,5,245.67,216.11,capture,140.36,327.85,153.54,0,178.883,8.126,179.857,-18.42,20.67,147.38,-18.03,-7.76,173.63,53.186,54.070,-22.5963,-6.1542,140.36,327.85,-22.5265,-6.5820,,,0.17957,0
174.6370,59,23,2,5,245.67,216.11,capture,157.48,351.75,161.79,0,178.866,7.883,179.850,-18.37,20.70,147.32,-18.05,-7.54,173.65,53.115,54.289,-23.9356,-5.8356,157.48,351.75,-23.1606,-6.2461,,,0.18998,0
174.7269,59,23,2,5,245.67,216.11,capture,140.19,329.15,154.61,0,178.833,8.001,179.892,-18.22,20.64,147.37,-17.96,-7.77,173.37,53.389,54.054,-23.5075,-6.4734,140.19,329.15,-23.3167,-6.3484,,,0.21550,0
174.8100,59,23,2,5,245.67,216.11,capture,152.66,323.13,141.79,0,178.836,8.003,179.875,-18.22,20.51,147.44,-17.71,-8.26,173.65,53.312,53.604,-23.0476,-6.0011,152.66,323.13,-23.1956,-6.1921,,,0.20636,0
174.9215,59,23,2,5,245.67,216.11,capture,155.16,351.52,162.87,0,178.924,8.035,179.885,-18.28,20.44,147.50,-17.88,-8.12,173.41,53.602,53.354,-23.5687,-5.3090,155.16,351.52,-23.3635,-5.7947,,,0.24628,0
175.0211,59,23,2,5,245.67,216.11,capture,151.79,332.44,149.48,0,178.954,8.036,179.886,-18.41,20.63,147.48,-17.95,-8.58,174.05,53.878,53.199,-23.5234,-6.0034,151.79,332.44,-23.4354,-5.8886,,,0.21333,0
175.1265,59,23,2,5,245.67,216.11,capture,149.91,325.35,145.27,0,178.837,7.947,179.917,-18.30,20.85,147.70,-17.74,-7.01,173.48,53.931,53.553,-22.3637,-5.3121,149.91,325.35,-22.9532,-5.6292,,,0.20751,0
175.2085,59,23,2,5,245.67,216.11,capture,142.56,318.49,145.30,0,178.849,7.878,179.922,-18.23,20.80,147.41,-17.29,-7.80,173.54,53.825,53.840,-21.8681,-6.2386,142.56,318.49,-22.4649,-5.9034,,,0.20425,0
175.2999,59,23,2,5,245.67,216.11,capture,163.52,335.90,145.25,0,178.878,7.867,179.929,-18.23,20.79,147.60,-17.77,-7.46,174.13,53.491,53.597,-23.3562,-4.9559,163.52,335.90,-22.8660,-5.4770,,,0.19838,0
175.3898,59,23,2,5,245.67,216.11,capture,146.68,348.82,165.56,0,178.851,7.791,179.919,-18.31,20.89,147.53,-17.90,-7.64,173.86,53.664,53.810,-23.7746,-5.7758,146.68,348.82,-23.2749,-5.6115,,,0.19735,0
175.5923,60,31,3,4,201.00,302.56,dwell,172.00,346.54,52.68,0,178.924,7.841,179.896,-18.27,20.64,147.73,-18.46,-6.99,174.29,53.773,53.856,-23.1053,-4.3518,172.00,346.54,-23.1053,-4.3518,,,0.23153,0
175.6903,60,31,3,4,201.00,302.56,dwell,225.57,365.63,67.69,0,179.026,7.957,179.896,-18.48,20.75,147.79,-17.84,-7.97,174.25,54.150,54.240,-25.0862,-2.0060,225.57,365.63,-23.9967,-3.2962,,,0.23744,0
175.7813,60,31,3,4,201.00,302.56,dwell,290.29,556.17,268.87,0,179.005,7.860,179.879,-18.51,20.77,147.67,-18.03,-7.62,174.25,54.268,54.330,-31.5454,0.4488,290.29,556.17,-27.3936,-1.6109,,,0.24867,0
175.8730,60,31,3,4,201.00,302.56,dwell,275.11,380.59,107.62,0,179.118,7.940,179.911,-18.57,20.84,147.48,-18.24,-7.54,173.84,54.134,53.843,-25.0215,-0.8398,275.11,380.59,-26.3262,-1.2639,,,0.23411,0
175.9654,60,31,3,4,201.00,302.56,dwell,189.45,473.06,170.90,0,179.056,7.794,179.866,-18.62,20.92,147.64,-17.97,-7.40,173.91,54.126,53.929,-28.5114,-3.9376,189.45,473.06,-27.3095,-2.4671,,,0.22734,0
176.0492,60,31,3,4,201.00,302.56,dwell,257.60,341.53,68.72,0,179.057,7.717,179.884,-18.69,20.92,148.00,-18.39,-7.28,174.41,53.947,53.976,-22.5117,-1.1956,257.60,341.53,-25.1505,-1.8949,,,0.24101,0
176.1330,60,31,3,4,201.00,302.56,dwell,254.02,340.31,65.09,0,178.957,7.837,179.925,-18.64,20.87,147.80,-17.23,-7.51,174.20,54.111,54.061,-23.3180,-0.7237,254.02,340.31,-24.3259,-1.3679,,,0.24106,0
176.2453,60,31,3,4,201.00,302.56,dwell,277.79,379.65,108.81,0,178.897,7.865,179.921,-18.65,20.86,147.74,-18.44,-7.75,174.73,54.274,53.970,-24.3492,0.0832,277.79,379.65,-24.3364,-0.7149,,,0.20777,0
176.3462,60,31,3,4,201.00,302.56,dwell,275.63,377.43,105.72,0,179.047,7.771,179.871,-18.59,20.99,147.64,-18.37,-7.90,173.89,53.683,54.253,-24.6456,-0.6038,275.63,377.43,-24.4755,-0.6649,,,0.20266,0
176.4411,60,31,3,4,201.00,302.56,capture,285.57,368.47,107.22,0,179.046,7.834,179.851,-18.52,20.94,147.38,-17.62,-7.35,173.78,53.699,54.094,-24.1394,0.3048,285.57,368.47,-24.3243,-0.2285,,,0.21301,0
176.5521,60,31,3,4,201.00,302.56,capture,305.79,388.94,135.81,0,178.873,7.703,179.838,-18.51,21.19,147.31,-18.06,-7.57,173.31,53.916,53.761,-25.0397,0.6465,305.79,388.94,-24.6462,0.1652,,,0.23440,0
176.6406,60,31,3,4,201.00,302.56,capture,319.73,392.97,149.24,0,178.868,7.638,179.840,-18.68,21.18,147.12,-18.28,-6.71,173.36,53.886,53.531,-24.8623,1.5932,319.73,392.97,-24.7434,0.8078,,,0.22431,0
176.7288,60,31,3,4,201.00,302.56,capture,300.46,389.07,131.82,0,178.873,7.671,179.841,-18.57,21.16,147.15,-18.07,-7.17,172.85,53.644,53.411,-25.5226,0.9258,300.46,389.07,-25.0941,0.8609,,,0.20981,0
176.8241,60,31,3,4,201.00,302.56,capture,288.37,375.72,113.96,0,179.001,7.736,179.856,-18.57,21.12,147.32,-18.14,-7.07,173.55,53.852,53.345,-25.0413,0.6908,288.37,375.72,-25.0703,0.7844,,,0.21662,0
176.9238,60,31,3,4,201.00,302.56,capture,291.93,380.55,119.80,0,179.115,7.768,179.815,-18.64,21.02,147.45,-17.93,-7.44,174.29,53.573,53.475,-24.8202,0.5196,291.93,380.55,-24.9578,0.6652,,,0.23181,0
177.0092,60,31,3,4,201.00,302.56,capture,292.41,375.64,117.03,0,179.109,7.773,179.797,-18.64,21.06,147.33,-17.75,-8.07,173.31,53.518,53.302,-25.0915,0.5728,292.41,375.64,-25.0180,0.6236,,,0.21362,0
177.0949,60,31,3,4,201.00,302.56,capture,319.94,387.87,146.37,0,179.012,7.718,179.812,-18.62,21.00,147.25,-17.97,-7.62,173.49,53.597,53.825,-23.9092,2.2147,319.94,387.87,-24.5190,1.3396,,,0.18805,0
177.1975,60,31,3,4,201.00,302.56,capture,298.90,390.68,131.72,0,179.059,7.916,179.825,-18.41,21.02,147.11,-17.69,-7.28,173.31,53.524,53.718,-24.5887,1.4679,298.90,390.68,-24.5504,1.3973,,,0.18592,0
177.2832,60,31,3,4,201.00,302.56,capture,313.86,382.44,138.27,0,179.106,7.945,179.819,-18.24,21.04,147.17,-17.84,-7.87,173.10,53.254,53.722,-24.3750,1.1975,313.86,382.44,-24.4714,1.3074,,,0.18905,0
177.3861,60,31,3,4,201.00,302.56,capture,304.17,368.51,122.45,0,179.091,8.001,179.809,-18.19,21.03,147.21,-18.27,-7.99,173.70,53.137,53.418,-22.9987,1.6341,304.17,368.51,-23.8087,1.4544,,,0.17740,0
177.4879,60,31,3,4,201.00,302.56,capture,289.27,382.57,119.14,0,178.996,7.821,179.845,-18.13,20.94,147.08,-17.15,-7.35,173.32,53.324,53.657,-24.3223,0.8913,289.27,382.57,-24.0398,1.2010,,,0.23618,0
177.5878,60,31,3,4,201.00,302.56,capture,278.33,352.26,91.93,0,178.904,7.941,179.871,-17.99,20.93,146.88,-17.59,-8.18,173.41,53.672,53.916,-23.6942,0.4518,278.33,352.26,-23.8843,0.8639,,,0.20725,0
177.6883,60,31,3,4,201.00,302.56,capture,290.95,356.05,104.65,0,178.942,7.888,179.868,-18.10,20.99,146.88,-17.74,-7.81,173.11,53.813,53.593,-23.1549,0.9659,290.95,356.05,-23.5561,0.9098,,,0.21998,0
177.7913,60,31,3,4,201.00,302.56,capture,274.28,363.53,95.33,0,178.999,7.992,179.878,-18.25,20.89,147.23,-18.01,-8.04,173.78,54.025,53.558,-23.8378,-0.1216,274.28,363.53,-23.6828,0.4456,,,0.22875,0
177.8890,60,31,3,4,201.00,302.56,capture,293.02,369.02,113.51,0,178.872,7.865,179.849,-18.04,21.09,147.39,-18.21,-7.68,173.32,53.775,54.030,-24.2725,0.3711,293.02,369.02,-23.9482,0.4121,,,0.20849,0
177.9910,60,31,3,4,201.00,302.56,capture,300.24,367.66,118.69,0,178.938,7.825,179.828,-18.25,20.93,147.29,-17.63,-7.69,173.71,53.681,54.197,-23.9994,1.3376,300.24,367.66,-23.9712,0.8286,,,0.21367,0
178.0987,60,31,3,4,201.00,302.56,capture,304.86,344.37,111.96,0,178.948,7.795,179.848,-18.33,20.82,147.37,-17.82,-7.06,173.55,53.793,54.083,-23.1168,1.1660,304.86,344.37,-23.5867,0.9804,,,0.21342,0
178.1835,60,31,3,4,201.00,302.56,capture,300.15,361.18,115.18,0,178.925,7.743,179.824,-18.42,20.80,147.48,-17.59,-7.60,173.93,53.708,54.444,-23.1714,0.9143,300.15,361.18,-23.3998,0.9507,,,0.18878,0
178.2809,60,31,3,4,201.00,302.56,capture,293.75,391.92,128.80,0,179.094,7.778,179.842,-18.47,20.85,147.39,-18.15,-7.79,173.56,53.608,54.441,-24.7789,1.1543,293.75,391.92,-24.0204,1.0423,,,0.22235,0
178.5040,61,15,1,6,290.33,129.67,dwell,280.33,463.49,333.97,0,179.134,7.765,179.826,-18.40,20.92,147.47,-18.17,-7.59,173.96,53.777,53.971,-27.2427,0.6223,280.33,463.49,-27.2427,0.6223,,,0.22216,0
178.5962,61,15,1,6,290.33,129.67,dwell,234.92,181.49,75.87,0,179.146,7.764,179.829,-18.51,21.01,147.40,-18.24,-6.85,173.78,53.470,54.310,-16.1533,-1.5680,234.92,181.49,-22.2525,-0.3633,,,0.19995,0
178.7047,61,15,1,6,290.33,129.67,dwell,418.38,301.12,213.99,0,179.001,7.629,179.814,-18.56,20.91,147.31,-18.30,-7.81,173.73,53.580,54.400,-21.8338,6.8318,418.38,301.12,-22.0641,2.8745,,,0.21485,0
178.8076,61,15,1,6,290.33,129.67,dwell,403.79,151.28,115.50,0,178.866,7.559,179.824,-18.60,20.97,147.34,-18.29,-7.94,173.75,53.625,54.484,-16.5244,6.0591,403.79,151.28,-19.5712,4.3076,,,0.22522,0
178.9184,61,15,1,6,290.33,129.67,dwell,403.76,163.43,118.35,0,178.672,7.615,179.793,-18.62,20.92,147.24,-18.11,-7.58,173.55,53.397,54.558,-16.3044,6.8295,403.76,163.43,-18.1012,5.4424,,,0.20542,0
179.0047,61,15,1,6,290.33,129.67,dwell,315.90,257.16,130.03,0,178.661,7.565,179.788,-18.73,21.03,147.33,-18.42,-8.07,173.31,53.865,54.399,-19.6623,2.2459,315.90,257.16,-18.8037,4.0040,,,0.20871,0
179.1100,61,15,1,6,290.33,129.67,dwell,411.03,145.22,121.69,0,178.766,7.639,179.776,-18.63,20.89,147.32,-18.62,-7.74,174.09,54.068,54.313,-15.9445,6.6418,411.03,145.22,-17.5171,5.1910,,,0.19614,0
179.2154,61,15,1,6,290.33,129.67,dwell,369.69,182.93,95.57,0,178.877,7.579,179.770,-18.48,20.81,147.45,-18.54,-7.53,173.92,54.142,54.328,-16.7888,4.4135,369.69,182.93,-17.1893,4.8411,,,0.22532,0
179.3399,61,15,1,6,290.33,129.67,capture,382.73,143.81,93.47,0,178.857,7.516,179.767,-18.49,20.86,147.32,-17.93,-6.31,173.56,53.889,54.066,-15.2942,4.7992,382.73,143.81,-16.3365,4.8223,,,0.22443,0
179.4264,61,15,1,6,290.33,129.67,capture,374.73,151.69,87.22,0,178.819,7.618,179.755,-18.43,20.91,147.27,-18.01,-7.29,173.81,53.962,53.744,-16.8108,4.4608,374.73,151.69,-16.5500,4.6596,,,0.21904,0
179.5256,61,15,1,6,290.33,129.67,capture,387.68,153.80,100.29,0,179.003,7.707,179.747,-18.33,20.94,147.19,-17.33,-7.51,173.78,53.820,53.997,-15.8699,5.1035,387.68,153.80,-16.2439,4.8594,,,0.23989,0
179.6189,61,15,1,6,290.33,129.67,capture,372.34,144.12,83.27,0,178.901,7.725,179.722,-18.27,20.83,147.11,-18.24,-8.46,173.51,53.912,54.377,-15.0902,4.3103,372.34,144.12,-15.7247,4.6123,,,0.22035,0
179.7031,61,15,1,6,290.33,129.67,capture,379.02,161.25,94.14,0,178.968,7.667,179.732,-18.27,20.71,147.11,-17.68,-6.64,173.53,53.923,54.364,-16.5349,5.1744,379.02,161.25,-16.0893,4.8652,,,0.21797,0
179.7897,61,15,1,6,290.33,129.67,capture,361.20,136.32,71.18,0,178.958,7.620,179.760,-18.29,20.53,146.82,-17.89,-8.21,173.02,53.860,54.311,-15.2396,3.8837,361.20,136.32,-15.7070,4.4235,,,0.21997,0
179.8863,61,15,1,6,290.33,129.67,capture,371.26,158.72,85.98,0,179.041,7.690,179.757,-18.22,20.36,146.95,-17.16,-8.25,173.25,54.181,54.543,-15.3595,4.6682,371.26,158.72,-15.5506,4.5336,,,0.22104,0
179.9902,61,15,1,6,290.33,129.67,capture,392.87,147.32,104.05,0,178.970,7.836,179.741,-18.34,20.42,146.89,-17.52,-8.32,173.07,54.373,54.264,-15.6738,5.9916,392.87,147.32,-15.6060,5.1897,,,0.21941,0
180.0857,61,15,1,6,290.33,129.67,capture,365.56,125.51,75.34,0,178.975,7.897,179.753,-18.38,20.31,146.98,-18.03,-8.48,173.70,54.092,54.318,-14.0475,4.6367,365.56,125.51,-14.9047,4.9408,,,0.23023,0
180.1808,61,15,1,6,290.33,129.67,capture,378.69,158.53,92.95,0,179.040,7.903,179.745,-18.37,20.40,146.96,-17.69,-8.48,172.83,53.965,53.953,-15.2895,4.0081,378.69,158.53,-15.0778,4.5211,,,0.23062,0
180.2669,61,15,1,6,290.33,129.67,capture,388.54,173.63,107.60,0,178.992,7.943,179.771,-18.41,20.21,147.15,-17.73,-7.70,173.37,53.424,53.925,-16.8037,5.0418,388.54,173.63,-15.8545,4.7554,,,0.18500,0
180.3624,61,15,1,6,290.33,129.67,capture,386.62,153.98,99.31,0,178.958,7.906,179.755,-18.38,20.17,147.29,-18.16,-8.32,173.54,53.726,54.048,-15.4082,6.0511,386.62,153.98,-15.6537,5.3385,,,0.21959,0
180.4581,61,15,1,6,290.33,129.67,capture,371.73,142.65,82.43,0,178.930,7.768,179.755,-18.32,20.19,147.10,-18.33,-9.98,173.76,53.601,54.402,-15.0209,4.3961,371.73,142.65,-15.3689,4.9144,,,0.19956,0
180.5684,61,15,1,6,290.33,129.67,capture,396.54,152.76,108.69,0,178.943,7.698,179.779,-18.37,20.25,146.99,-18.48,-8.08,173.43,53.783,54.534,-16.6668,5.5517,396.54,152.76,-15.9530,5.2012,,,0.19919,0
180.6779,61,15,1,6,290.33,129.67,capture,364.69,117.24,75.39,0,178.951,7.833,179.771,-18.22,20.36,147.13,-17.08,-8.04,173.82,53.617,54.470,-14.3655,4.6323,364.69,117.24,-15.2386,4.9452,,,0.20894,0
180.7727,61,15,1,6,290.33,129.67,capture,378.31,113.86,89.39,0,178.978,7.999,179.778,-18.34,20.28,147.21,-17.49,-8.03,173.53,53.344,54.554,-14.5414,5.0183,378.31,113.86,-14.9248,4.9781,,,0.18714,0
180.8953,61,15,1,6,290.33,129.67,capture,381.79,153.26,94.45,0,178.986,8.075,179.792,-18.31,20.18,147.08,-17.89,-8.36,173.46,53.408,54.057,-15.1419,3.8589,381.79,153.26,-15.0225,4.4745,,,0.20385,0
180.9966,61,15,1,6,290.33,129.67,capture,386.08,163.50,101.55,0,178.957,7.977,179.838,-18.28,20.37,147.22,-17.91,-8.36,173.40,53.800,54.218,-16.1048,5.9956,386.08,163.50,-15.5095,5.1590,,,0.20378,0
181.0956,61,15,1,6,290.33,129.67,capture,362.77,156.21,77.15,0,179.146,7.908,179.836,-18.31,20.38,147.09,-17.55,-8.21,173.34,53.593,54.129,-15.5927,3.3167,362.77,156.21,-15.5470,4.3300,,,0.20796,0
181.1953,61,15,1,6,290.33,129.67,capture,403.27,144.02,113.85,0,179.071,7.845,179.838,-18.32,20.32,147.41,-17.98,-8.50,174.02,54.039,53.561,-15.0565,5.9378,403.27,144.02,-15.3262,5.0535,,,0.22343,0
181.3941,62,44,4,8,379.67,389.00,dwell,442.96,273.98,131.28,0,179.028,7.820,179.835,-18.27,20.57,147.45,-18.09,-7.92,173.81,54.379,54.223,-20.4212,7.4830,442.96,273.98,-20.4212,7.4830,,,0.23239,0
181.4807,62,44,4,8,379.67,389.00,dwell,377.01,193.54,195.48,0,178.949,7.963,179.858,-18.32,20.60,147.29,-18.24,-8.01,173.27,54.321,54.286,-17.8642,4.6803,377.01,193.54,-19.2705,6.2217,,,0.23260,0
181.5901,62,44,4,8,379.67,389.00,dwell,350.50,210.57,180.80,0,178.979,7.810,179.873,-18.32,20.76,147.39,-17.65,-7.83,173.71,54.655,54.402,-18.1545,3.2575,350.50,210.57,-18.7683,4.8878,,,0.26626,0
181.6869,62,44,4,8,379.67,389.00,dwell,438.49,289.87,115.27,0,179.103,7.816,179.873,-18.32,20.83,147.37,-17.58,-9.05,173.46,54.874,54.385,-22.0449,7.2029,438.49,289.87,-20.2428,5.9296,,,0.23760,0
181.7786,62,44,4,8,379.67,389.00,dwell,372.58,216.72,172.43,0,179.043,7.812,179.864,-18.42,21.00,147.62,-17.70,-7.62,174.12,54.869,54.322,-17.3115,5.1156,372.58,216.72,-18.9237,5.5633,,,0.24235,0
181.8620,62,44,4,8,379.67,389.00,dwell,431.82,160.41,234.46,0,178.949,7.870,179.882,-18.46,20.79,147.93,-17.47,-8.70,175.01,54.676,54.429,-16.2523,7.5135,431.82,160.41,-17.7216,6.4409,,,0.22198,0
181.9674,62,44,4,8,379.67,389.00,dwell,410.97,263.07,129.76,0,178.905,7.863,179.883,-18.46,20.75,147.97,-18.37,-8.22,174.20,54.555,54.448,-19.7160,6.5802,410.97,263.07,-18.6191,6.5036,,,0.20761,0
182.0772,62,44,4,8,379.67,389.00,dwell,391.41,240.94,148.52,0,178.701,7.905,179.891,-18.41,20.86,147.92,-17.61,-7.96,174.36,54.225,54.394,-18.7937,5.0728,391.41,240.94,-18.6976,5.8597,,,0.22737,0
182.1704,62,44,4,8,379.67,389.00,dwell,422.86,239.34,155.77,0,178.820,7.852,179.872,-18.57,21.09,147.92,-18.01,-8.30,174.56,54.190,54.249,-19.3729,7.0210,422.86,239.34,-19.0015,6.3823,,,0.20335,0
182.2692,62,44,4,8,379.67,389.00,capture,426.63,289.81,109.75,0,178.810,7.788,179.867,-18.70,21.07,148.06,-18.05,-7.97,174.36,53.687,54.022,-20.9798,6.6803,426.63,289.81,-19.8917,6.5164,,,0.18650,0
182.3798,62,44,4,8,379.67,389.00,capture,441.38,288.71,117.76,0,178.948,7.932,179.866,-18.61,21.01,148.02,-17.76,-7.54,174.82,54.025,54.128,-20.5181,7.6648,441.38,288.71,-20.1736,7.0332,,,0.21000,0
182.4757,62,44,4,8,379.67,389.00,capture,412.78,280.30,113.63,0,178.779,7.922,179.845,-18.70,21.05,147.80,-18.61,-7.73,173.90,53.874,54.000,-21.0884,6.4256,412.78,280.30,-20.5853,6.7598,,,0.22386,0
182.5809,62,44,4,8,379.67,389.00,capture,403.78,289.18,102.69,0,178.765,8.003,179.838,-18.67,20.92,147.75,-18.17,-7.45,174.68,53.644,52.996,-21.1772,5.9255,403.78,289.18,-20.8516,6.3843,,,0.22179,0
182.6792,62,44,4,8,379.67,389.00,capture,411.39,272.81,120.44,0,178.837,8.019,179.838,-18.52,20.76,147.71,-17.74,-8.16,173.90,53.689,53.326,-21.2102,5.9949,411.39,272.81,-21.0130,6.2091,,,0.21903,0
182.7917,62,44,4,8,379.67,389.00,capture,422.23,283.84,113.45,0,178.701,8.042,179.851,-18.38,20.79,147.87,-17.69,-8.31,174.53,53.299,53.292,-21.1314,7.3943,422.23,283.84,-21.0663,6.7425,,,0.17797,0
182.8960,62,44,4,8,379.67,389.00,capture,408.50,274.55,118.03,0,178.577,7.998,179.835,-18.39,20.71,147.93,-17.63,-8.29,173.77,53.681,53.187,-19.8171,6.0729,408.50,274.55,-20.5042,6.4412,,,0.22432,0
182.9848,62,44,4,8,379.67,389.00,capture,416.77,266.94,127.57,0,178.697,8.037,179.823,-18.32,20.63,147.97,-17.45,-8.09,174.53,53.695,53.274,-20.9990,6.4945,416.77,266.94,-20.7268,6.4652,,,0.20542,0
183.0668,62,44,4,8,379.67,389.00,capture,418.43,290.72,105.65,0,178.769,7.972,179.825,-18.33,20.55,147.79,-18.08,-7.90,173.94,53.701,53.112,-20.1059,6.6815,418.43,290.72,-20.4474,6.5625,,,0.19476,0
183.1798,62,44,4,8,379.67,389.00,capture,417.73,294.00,102.34,0,178.822,7.877,179.843,-18.38,20.37,147.74,-17.40,-8.35,173.97,53.746,52.879,-22.3291,6.3257,417.73,294.00,-21.2942,6.4560,,,0.20709,0
183.2838,62,44,4,8,379.67,389.00,capture,437.86,291.41,113.62,0,178.987,8.042,179.806,-18.35,20.43,147.81,-18.00,-8.08,173.69,53.796,53.452,-20.8399,6.6976,437.86,291.41,-21.0898,6.5647,,,0.21456,0
183.3853,62,44,4,8,379.67,389.00,capture,418.48,306.72,90.98,0,178.902,8.110,179.826,-18.31,20.45,148.01,-17.59,-8.04,174.65,53.813,53.567,-22.4668,6.0330,418.48,306.72,-21.7094,6.3254,,,0.20716,0
183.4832,62,44,4,8,379.67,389.00,capture,418.33,289.88,106.39,0,178.946,8.110,179.852,-18.39,20.52,148.00,-18.06,-8.53,174.38,53.596,53.423,-21.3982,6.0814,418.33,289.88,-21.5694,6.2156,,,0.19532,0
183.5797,62,44,4,8,379.67,389.00,capture,431.33,243.57,154.33,0,178.966,8.069,179.855,-18.44,20.54,148.24,-18.33,-7.42,174.77,53.548,53.774,-19.1697,6.4415,431.33,243.57,-20.4895,6.3173,,,0.22091,0
183.6818,62,44,4,8,379.67,389.00,capture,424.08,282.33,115.55,0,179.030,7.934,179.849,-18.49,20.37,148.12,-17.60,-9.09,174.03,53.342,53.624,-20.7822,7.2813,424.08,282.33,-20.6212,6.7511,,,0.20608,0
183.7692,62,44,4,8,379.67,389.00,capture,410.49,247.52,144.80,0,179.032,7.799,179.816,-18.49,20.17,148.00,-18.12,-8.35,174.45,53.067,53.967,-18.9233,5.9088,410.49,247.52,-19.8571,6.3721,,,0.21731,0
183.8623,62,44,4,8,379.67,389.00,capture,420.67,274.39,121.72,0,179.067,7.815,179.833,-18.46,20.22,148.06,-18.20,-8.18,174.86,52.981,54.342,-20.7617,6.6250,420.67,274.39,-20.2642,6.4859,,,0.20545,0
183.9632,62,44,4,8,379.67,389.00,capture,428.47,276.75,122.40,0,179.031,7.911,179.800,-18.52,20.33,147.89,-17.90,-8.42,174.80,53.498,54.469,-21.4825,7.2504,428.47,276.75,-20.8124,6.8299,,,0.19853,0
184.0885,62,44,4,8,379.67,389.00,capture,423.71,261.49,134.90,0,179.136,8.034,179.793,-18.47,20.48,147.64,-17.95,-8.28,174.03,53.596,54.338,-20.4769,7.1334,423.71,261.49,-20.6614,6.9665,,,0.20934,0
184.2085,62,44,4,8,379.67,389.00,capture,406.56,253.07,138.56,0,179.208,8.044,179.811,-18.44,20.51,147.34,-18.33,-8.33,173.18,53.724,54.582,-19.2875,6.8596,406.56,253.07,-20.0432,6.9184,,,0.22905,0
184.4200,63,12,1,3,156.33,129.67,dwell,280.23,258.17,178.50,0,179.169,7.933,179.789,-18.51,20.54,147.37,-17.66,-7.92,173.73,53.835,54.541,-19.8956,0.4038,280.23,258.17,-19.8956,0.4038,,,0.21273,0
184.5289,63,12,1,3,156.33,129.67,dwell,304.82,204.91,166.46,0,179.278,7.988,179.807,-18.52,20.42,147.48,-17.75,-7.90,174.07,53.751,53.912,-17.0891,0.9624,304.82,204.91,-18.6327,0.6552,,,0.23140,0
184.6374,63,12,1,3,156.33,129.67,dwell,204.62,373.06,248.14,0,179.174,7.940,179.804,-18.51,20.43,147.11,-18.19,-7.21,173.85,53.953,54.238,-23.7652,-3.6685,204.62,373.06,-20.9423,-1.2905,,,0.22809,0
184.7259,63,12,1,3,156.33,129.67,dwell,252.79,374.46,263.11,0,179.122,7.874,179.802,-18.35,20.58,147.24,-17.88,-8.45,173.63,54.058,54.303,-24.4505,-1.3111,252.79,374.46,-22.5210,-1.2998,,,0.20222,0
184.8079,63,12,1,3,156.33,129.67,dwell,255.31,279.05,179.20,0,179.146,7.940,179.769,-18.15,20.52,147.46,-18.02,-7.99,173.65,54.103,54.727,-21.5871,-1.1619,255.31,279.05,-22.1007,-1.2377,,,0.23242,0
184.8923,63,12,1,3,156.33,129.67,dwell,152.72,247.15,117.54,0,178.976,7.910,179.786,-18.24,20.57,147.47,-18.11,-7.56,173.85,53.812,54.869,-20.4335,-5.5091,152.72,247.15,-21.3505,-3.1598,,,0.22440,0
185.0033,63,12,1,3,156.33,129.67,dwell,244.44,324.13,213.49,0,178.885,7.852,179.803,-18.32,20.57,147.39,-18.22,-8.17,173.16,54.070,54.850,-22.4215,-2.1800,244.44,324.13,-21.8324,-2.7189,,,0.24153,0
185.1042,63,12,1,3,156.33,129.67,dwell,166.43,270.45,141.14,0,178.797,7.840,179.818,-18.37,20.45,147.24,-18.26,-8.30,173.22,54.042,54.864,-20.6791,-5.2917,166.43,270.45,-21.3134,-3.8767,,,0.22578,0
185.2189,63,12,1,3,156.33,129.67,dwell,122.04,313.48,186.98,0,178.858,7.846,179.831,-18.46,20.43,147.55,-17.25,-8.26,174.03,54.133,55.164,-21.8028,-6.7846,122.04,313.48,-21.5337,-5.1852,,,0.26221,0
185.3009,63,12,1,3,156.33,129.67,dwell,103.31,296.50,175.06,0,178.900,7.831,179.823,-18.44,20.58,147.55,-18.24,-7.46,173.99,54.436,54.696,-21.4375,-7.9643,103.31,296.50,-21.4904,-6.4358,,,0.23387,0
185.3875,63,12,1,3,156.33,129.67,capture,106.43,310.21,187.31,0,178.804,7.707,179.827,-18.37,20.52,147.52,-17.91,-8.48,174.31,54.138,54.640,-22.3620,-7.9683,106.43,310.21,-21.8826,-7.1254,,,0.24455,0
185.4838,63,12,1,3,156.33,129.67,capture,101.91,311.66,189.96,0,178.713,7.701,179.832,-18.42,20.34,147.35,-18.08,-8.22,173.56,54.096,54.423,-22.5475,-8.3336,101.91,311.66,-22.1818,-7.6691,,,0.21555,0
185.5689,63,12,1,3,156.33,129.67,capture,104.65,307.54,185.23,0,178.790,7.794,179.844,-18.37,20.23,147.39,-18.04,-8.76,173.78,53.922,54.146,-21.6570,-7.6463,104.65,307.54,-21.9456,-7.6588,,,0.24633,0
185.6737,63,12,1,3,156.33,129.67,capture,120.03,321.57,195.31,0,178.943,7.773,179.842,-18.36,20.39,147.57,-18.39,-7.97,174.14,53.750,54.292,-21.6702,-7.5185,120.03,321.57,-21.8217,-7.5957,,,0.19983,0
185.7785,63,12,1,3,156.33,129.67,capture,120.05,323.07,196.78,0,178.921,7.697,179.863,-18.32,20.39,147.54,-18.27,-8.01,174.48,53.775,54.571,-22.5041,-7.3783,120.05,323.07,-22.1288,-7.4979,,,0.20234,0
185.8895,63,12,1,3,156.33,129.67,capture,126.69,312.52,185.24,0,178.884,7.664,179.845,-18.42,20.33,147.59,-17.74,-8.07,173.60,53.737,54.526,-23.2830,-6.8166,126.69,312.52,-22.6482,-7.1913,,,0.20819,0
185.9762,63,12,1,3,156.33,129.67,capture,94.76,281.08,163.45,0,178.718,7.526,179.835,-18.45,20.35,147.57,-18.10,-9.47,174.23,53.589,54.626,-20.4549,-8.5295,94.76,281.08,-21.6612,-7.7935,,,0.20451,0
186.0735,63,12,1,3,156.33,129.67,capture,90.71,333.27,213.92,0,178.795,7.640,179.828,-18.48,20.29,147.68,-18.10,-8.68,173.99,53.754,54.792,-22.3330,-8.9475,90.71,333.27,-21.9635,-8.3128,,,0.20380,0
186.1555,63,12,1,3,156.33,129.67,capture,87.75,305.68,188.90,0,178.708,7.732,179.831,-18.40,20.32,147.51,-17.97,-8.53,173.60,53.639,54.806,-21.9236,-8.8476,87.75,305.68,-21.9456,-8.5535,,,0.19388,0
186.2592,63,12,1,3,156.33,129.67,capture,89.89,304.66,187.18,0,178.781,7.734,179.817,-18.31,20.08,147.42,-17.99,-7.95,173.96,53.563,54.608,-21.6880,-9.1667,89.89,304.66,-21.8297,-8.8294,,,0.20297,0
186.3625,63,12,1,3,156.33,129.67,capture,106.63,305.04,182.28,0,178.858,7.729,179.815,-18.26,20.18,147.77,-17.92,-7.81,173.92,53.370,54.453,-21.0568,-8.4491,106.63,305.04,-21.4819,-8.6583,,,0.20493,0
186.4549,63,12,1,3,156.33,129.67,capture,71.36,324.17,212.25,0,178.838,7.569,179.780,-18.28,20.07,147.91,-18.24,-7.66,174.35,53.171,54.638,-22.6847,-9.1637,71.36,324.17,-22.0231,-8.8857,,,0.19505,0
186.5369,63,12,1,3,156.33,129.67,capture,95.87,305.68,186.11,0,178.877,7.627,179.801,-18.23,20.15,148.09,-17.84,-8.34,174.91,53.361,54.212,-21.2560,-8.3783,95.87,305.68,-21.6779,-8.6574,,,0.18103,0
186.6431,63,12,1,3,156.33,129.67,capture,97.70,307.96,187.69,0,178.881,7.770,179.804,-18.36,20.26,148.08,-18.04,-8.54,174.38,53.363,54.390,-21.8260,-8.1748,97.70,307.96,-21.7445,-8.4402,,,0.23161,0
186.7379,63,12,1,3,156.33,129.67,capture,108.87,333.38,209.17,0,178.881,7.705,179.798,-18.24,20.56,147.84,-17.54,-7.47,174.06,53.263,54.578,-22.3538,-7.2708,108.87,333.38,-22.0187,-7.9140,,,0.20215,0
186.8356,63,12,1,3,156.33,129.67,capture,143.14,330.93,201.70,0,178.679,7.713,179.795,-18.13,20.53,147.73,-18.46,-8.35,173.95,53.083,54.728,-22.7561,-6.1172,143.14,330.93,-22.3506,-7.1054,,,0.20422,0
186.9311,63,12,1,3,156.33,129.67,capture,109.29,298.23,175.00,0,178.709,7.790,179.796,-18.21,20.58,147.70,-18.27,-7.86,174.08,53.424,54.768,-21.5473,-7.6690,109.29,298.23,-21.9891,-7.3590,,,0.21149,0
187.0437,63,12,1,3,156.33,129.67,capture,104.17,318.86,196.25,0,178.732,7.732,179.804,-18.21,20.61,147.53,-18.11,-7.32,173.67,53.786,55.365,-22.4265,-7.8914,104.17,318.86,-22.1859,-7.5986,,,0.23591,0
187.1358,63,12,1,3,156.33,129.67,capture,91.93,324.58,205.28,0,178.625,7.761,179.783,-18.17,20.54,147.37,-17.87,-8.09,173.29,53.446,55.112,-22.5861,-8.2060,91.93,324.58,-22.3660,-7.8719,,,0.21511,0
187.2353,63,12,1,3,156.33,129.67,capture,111.97,329.71,204.90,0,178.824,7.721,179.772,-18.14,20.46,147.41,-17.92,-7.71,174.03,53.369,55.390,-22.9474,-7.4152,111.97,329.71,-22.6276,-7.6664,,,0.18386,0
187.3994,64,69,7,6,290.33,648.33,dwell,60.81,361.82,367.11,0,178.901,7.733,179.775,-18.15,20.43,147.30,-17.53,-7.57,173.00,53.566,55.518,-23.7927,-9.7078,60.81,361.82,-23.7927,-9.7078,,,0.20813,0
187.4907,64,69,7,6,290.33,648.33,dwell,76.91,453.76,288.80,0,178.878,7.879,179.812,-18.18,20.41,147.31,-17.99,-7.82,173.89,53.641,55.767,-26.8286,-9.8943,76.91,453.76,-25.1588,-9.7918,,,0.20318,0
187.6083,64,69,7,6,290.33,648.33,dwell,186.76,438.47,234.03,0,178.872,8.092,179.823,-18.22,20.27,147.28,-17.50,-7.72,173.30,53.473,55.338,-26.6121,-4.3883,186.76,438.47,-25.8128,-7.3602,,,0.17651,0
187.7368,64,69,7,6,290.33,648.33,dwell,274.91,442.73,206.18,0,178.884,8.226,179.855,-18.26,20.26,147.19,-17.54,-8.29,173.65,53.573,55.289,-26.6632,-0.0692,274.91,442.73,-26.1955,-4.0792,,,0.22522,0
187.8291,64,69,7,6,290.33,648.33,dwell,227.74,467.20,191.64,0,178.908,8.220,179.831,-18.36,20.25,147.41,-17.68,-8.67,173.22,53.503,54.888,-27.9796,-2.5118,227.74,467.20,-26.9984,-3.3739,,,0.18954,0
187.9304,64,69,7,6,290.33,648.33,dwell,211.15,515.30,154.82,0,178.848,8.248,179.812,-18.35,20.29,147.53,-17.90,-8.00,173.77,53.252,54.464,-30.0907,-3.0874,211.15,515.30,-28.3899,-3.2450,,,0.19759,0
188.0359,64,69,7,6,290.33,648.33,dwell,222.11,559.03,112.38,0,178.804,8.340,179.793,-18.32,20.17,147.50,-17.78,-8.68,173.91,53.304,54.046,-31.8506,-2.7407,222.11,559.03,-29.9472,-3.0180,,,0.20646,0
188.1437,64,69,7,6,290.33,648.33,dwell,288.74,474.43,173.91,0,178.980,8.423,179.789,-18.42,20.17,147.60,-18.02,-7.74,173.39,53.798,54.010,-28.0114,0.4048,288.74,474.43,-29.0761,-1.4778,,,0.22531,0
188.2257,64,69,7,6,290.33,648.33,capture,309.94,573.84,77.03,0,179.004,8.562,179.804,-18.36,20.15,147.78,-17.77,-8.50,173.86,53.720,54.073,-31.6359,1.3623,309.94,573.84,-30.2280,-0.1997,,,0.23193,0
188.3077,64,69,7,6,290.33,648.33,capture,318.52,566.29,86.75,0,178.897,8.520,179.811,-18.27,20.33,147.77,-17.97,-8.47,174.19,53.436,54.089,-31.5244,1.6982,318.52,566.29,-30.8114,0.6543,,,0.21338,0
188.4180,64,69,7,6,290.33,648.33,capture,301.25,560.70,88.31,0,179.015,8.590,179.827,-18.31,20.17,147.69,-17.48,-7.89,173.96,53.488,53.947,-31.1045,0.8747,301.25,560.70,-30.9433,0.7535,,,0.19985,0
188.5181,64,69,7,6,290.33,648.33,capture,298.47,561.36,87.35,0,179.027,8.696,179.850,-18.39,20.08,147.71,-17.27,-8.84,173.91,53.608,53.836,-32.3584,1.1088,298.47,561.36,-31.5801,0.9134,,,0.20914,0
188.6253,64,69,7,6,290.33,648.33,capture,322.82,544.26,109.03,0,179.064,8.608,179.845,-18.32,20.30,147.64,-18.38,-7.90,173.67,53.719,53.430,-30.7506,2.2995,322.82,544.26,-31.2068,1.5371,,,0.21373,0
188.7073,64,69,7,6,290.33,648.33,capture,313.83,532.11,118.57,0,179.115,8.642,179.895,-18.22,20.41,147.42,-17.69,-8.48,173.67,54.234,53.300,-30.7410,2.2256,313.83,532.11,-30.9972,1.8469,,,0.21997,0
188.7939,64,69,7,6,290.33,648.33,capture,307.51,563.48,86.57,0,179.022,8.858,179.871,-18.16,20.52,147.37,-17.64,-7.75,174.08,53.987,53.186,-31.8294,1.0780,307.51,563.48,-31.3717,1.5009,,,0.19755,0
188.9016,64,69,7,6,290.33,648.33,capture,301.48,549.43,99.53,0,178.859,8.862,179.879,-18.23,20.44,147.32,-18.20,-8.08,173.22,54.347,53.346,-31.7469,1.3748,301.48,549.43,-31.5405,1.4442,,,0.24701,0
189.0054,64,69,7,6,290.33,648.33,capture,296.35,581.15,67.45,0,178.770,8.770,179.894,-18.30,20.41,147.15,-17.95,-7.78,173.34,54.170,53.289,-32.6637,1.5259,296.35,581.15,-32.0459,1.4809,,,0.25463,0
189.0950,64,69,7,6,290.33,648.33,capture,303.66,577.36,72.21,0,178.666,8.863,179.928,-18.34,20.38,147.08,-17.95,-7.85,173.61,54.101,53.416,-31.7793,1.6775,303.66,577.36,-31.9260,1.5694,,,0.25120,0
189.1869,64,69,7,6,290.33,648.33,capture,323.93,551.88,102.14,0,178.647,8.929,179.880,-18.32,20.48,147.05,-17.95,-7.70,173.35,54.248,53.447,-30.9144,2.3036,323.93,551.88,-31.4708,1.8998,,,0.21930,0
189.2900,64,69,7,6,290.33,648.33,capture,326.26,581.51,75.87,0,178.643,9.040,179.892,-18.26,20.38,147.32,-17.53,-8.65,173.29,54.345,53.725,-32.7800,2.6537,326.26,581.51,-32.0599,2.2391,,,0.22033,0
189.3962,64,69,7,6,290.33,648.33,capture,293.50,576.93,71.47,0,178.650,8.966,179.904,-18.29,20.49,147.58,-18.06,-8.60,173.69,54.286,53.733,-32.9328,0.2082,293.50,576.93,-32.4527,1.3252,,,0.24387,0
189.4915,64,69,7,6,290.33,648.33,capture,299.32,563.55,85.26,0,178.700,8.926,179.899,-18.28,20.38,147.67,-18.27,-7.62,174.34,54.155,53.896,-32.3180,1.3895,299.32,563.55,-32.3921,1.3541,,,0.22060,0
189.5827,64,69,7,6,290.33,648.33,capture,307.83,575.20,75.20,0,178.725,8.932,179.885,-18.31,20.46,147.76,-17.52,-8.06,174.34,54.137,54.279,-32.2950,1.6957,307.83,575.20,-32.3484,1.5078,,,0.25462,0
189.6763,64,69,7,6,290.33,648.33,capture,313.47,569.45,82.21,0,178.818,9.012,179.904,-18.31,20.85,147.77,-18.05,-8.01,174.09,54.203,54.386,-31.4523,2.1897,313.47,569.45,-31.9451,1.8147,,,0.25036,0
189.7642,64,69,7,6,290.33,648.33,capture,298.08,579.18,69.59,0,178.821,8.896,179.885,-18.21,20.78,147.69,-17.44,-7.47,174.06,54.585,54.473,-31.6306,0.4755,298.08,579.18,-31.8036,1.2121,,,0.21899,0
189.8462,64,69,7,6,290.33,648.33,capture,321.70,550.70,102.55,0,178.875,8.754,179.876,-18.24,20.74,147.61,-17.98,-8.44,173.84,54.474,54.670,-31.2150,1.5463,321.70,550.70,-31.5387,1.3625,,,0.22647,0
189.9648,64,69,7,6,290.33,648.33,capture,331.69,552.26,104.60,0,178.883,8.713,179.883,-18.28,20.82,147.34,-18.29,-7.38,173.53,54.331,54.881,-31.8716,1.9776,331.69,552.26,-31.6885,1.6393,,,0.25320,0
190.0747,64,69,7,6,290.33,648.33,capture,317.57,539.36,112.33,0,178.910,8.728,179.863,-18.39,20.77,147.48,-17.68,-8.01,174.08,54.131,54.427,-30.5312,2.1639,317.57,539.36,-31.1677,1.8754,,,0.21357,0
190.2582,65,59,6,5,245.67,561.89,dwell,262.84,442.71,120.41,0,178.967,8.810,179.882,-18.37,20.63,147.37,-17.90,-7.39,173.52,54.328,54.605,-26.4690,-1.1002,262.84,442.71,-26.4690,-1.1002,,,0.22680,0
190.3653,65,59,6,5,245.67,561.89,dwell,331.42,520.93,95.03,0,178.963,8.706,179.841,-18.50,20.56,147.38,-17.95,-7.61,173.74,54.063,54.357,-29.3227,2.4999,331.42,520.93,-27.7531,0.5198,,,0.20179,0
190.4702,65,59,6,5,245.67,561.89,dwell,311.42,448.82,130.80,0,179.004,8.765,179.866,-18.48,20.52,147.55,-18.15,-7.62,173.63,53.834,54.271,-27.3103,1.6667,311.42,448.82,-27.5539,1.0359,,,0.22860,0
190.5670,65,59,6,5,245.67,561.89,dwell,255.91,600.04,39.50,1,179.002,8.661,179.842,-18.49,20.78,147.25,-18.26,-7.56,173.52,53.381,53.977,-32.2705,-0.5240,255.91,600.04,-29.6764,0.3339,,,0.21310,0
190.6851,65,59,6,5,245.67,561.89,dwell,245.70,535.61,26.28,1,178.946,8.576,179.860,-18.39,20.80,147.28,-17.77,-7.07,173.38,53.430,54.220,-30.7403,-1.2523,245.70,535.61,-30.1551,-0.3799,,,0.19134,0
190.7816,65,59,6,5,245.67,561.89,dwell,253.22,440.41,121.71,0,178.968,8.569,179.855,-18.46,20.88,147.17,-17.19,-7.72,173.55,53.361,53.792,-26.6334,-1.0275,253.22,440.41,-28.5703,-0.6713,,,0.19330,0
190.8841,65,59,6,5,245.67,561.89,dwell,291.69,431.15,138.60,0,179.007,8.578,179.818,-18.45,20.75,147.32,-17.75,-7.84,173.24,53.352,53.903,-25.7784,0.7803,291.69,431.15,-27.3140,-0.0181,,,0.21214,0
190.9910,65,59,6,5,245.67,561.89,dwell,219.67,421.96,142.32,0,178.991,8.554,179.801,-18.54,20.61,147.63,-17.87,-8.19,173.95,53.351,53.739,-25.9589,-2.0438,219.67,421.96,-26.7042,-0.9296,,,0.21039,0
191.0827,65,59,6,5,245.67,561.89,dwell,234.58,439.37,123.02,0,178.997,8.638,179.806,-18.51,20.55,147.26,-18.55,-8.22,173.80,53.632,54.033,-26.6707,-2.0351,234.58,439.37,-26.6891,-1.4271,,,0.22080,0
191.1915,65,59,6,5,245.67,561.89,dwell,173.38,416.04,162.78,0,179.029,8.541,179.811,-18.56,20.47,147.29,-17.91,-8.13,173.65,53.603,54.207,-25.3283,-5.0645,173.38,416.04,-26.0767,-3.0639,,,0.24122,0
191.2939,65,59,6,5,245.67,561.89,dwell,208.08,411.75,154.77,0,179.036,8.502,179.763,-18.55,20.39,146.93,-18.23,-8.46,172.62,53.549,54.313,-25.4596,-3.3101,208.08,411.75,-25.7990,-3.1747,,,0.20265,0
191.4012,65,59,6,5,245.67,561.89,capture,199.87,427.05,142.40,0,179.109,8.659,179.815,-18.53,20.44,147.00,-18.02,-8.26,172.72,53.337,54.352,-26.7197,-3.7221,199.87,427.05,-26.2133,-3.4210,,,0.20825,0
191.5034,65,59,6,5,245.67,561.89,capture,188.69,407.38,164.68,0,179.114,8.579,179.817,-18.53,20.54,147.13,-18.60,-7.70,173.41,53.616,54.432,-25.9805,-3.8896,188.69,407.38,-26.1086,-3.6319,,,0.20876,0
191.6108,65,59,6,5,245.67,561.89,capture,192.19,382.02,187.65,0,179.012,8.494,179.797,-18.36,20.32,147.08,-17.65,-8.68,172.90,53.571,53.986,-24.6616,-4.1743,192.19,382.02,-25.4574,-3.8760,,,0.21506,0
191.7068,65,59,6,5,245.67,561.89,capture,181.28,419.28,156.47,0,178.912,8.569,179.787,-18.36,20.60,147.27,-18.20,-8.42,173.92,53.308,53.937,-26.3226,-4.3754,181.28,419.28,-25.8468,-4.1007,,,0.17209,0
191.7908,65,59,6,5,245.67,561.89,capture,201.59,426.34,142.54,0,178.938,8.626,179.782,-18.15,20.66,147.20,-18.06,-8.54,173.03,53.383,53.910,-26.6446,-3.8439,201.59,426.34,-26.2058,-3.9851,,,0.20819,0
191.8815,65,59,6,5,245.67,561.89,capture,227.71,411.54,151.42,0,178.850,8.689,179.765,-18.10,20.52,146.99,-17.84,-7.95,173.74,53.266,54.134,-25.6713,-2.7464,227.71,411.54,-25.9653,-3.4277,,,0.17938,0
191.9790,65,59,6,5,245.67,561.89,capture,210.39,415.18,150.89,0,178.884,8.720,179.772,-18.15,20.54,146.84,-17.58,-7.25,172.74,53.005,53.895,-25.3700,-3.0894,210.39,415.18,-25.6974,-3.2755,,,0.20760,0
192.0900,65,59,6,5,245.67,561.89,capture,176.01,398.24,177.86,0,178.958,8.695,179.814,-18.15,20.81,146.75,-18.25,-7.58,172.66,53.189,54.087,-24.9371,-5.0337,176.01,398.24,-25.3553,-4.0667,,,0.20161,0
192.1786,65,59,6,5,245.67,561.89,capture,180.40,401.11,173.52,0,179.028,8.679,179.841,-18.16,20.87,146.94,-17.40,-7.93,173.04,53.363,54.580,-25.9002,-3.7494,180.40,401.11,-25.6005,-3.9239,,,0.18617,0
192.2752,65,59,6,5,245.67,561.89,capture,199.30,404.63,163.95,0,179.113,8.563,179.815,-18.11,20.89,146.98,-18.04,-7.92,173.25,53.320,54.957,-24.9733,-3.8216,199.30,404.63,-25.3183,-3.8778,,,0.19504,0
192.3617,65,59,6,5,245.67,561.89,capture,215.21,390.72,173.86,0,179.028,8.555,179.829,-18.16,20.81,146.93,-17.65,-8.15,173.08,53.186,54.484,-23.8039,-2.6989,215.21,390.72,-24.6368,-3.3473,,,0.18810,0
192.4520,65,59,6,5,245.67,561.89,capture,183.72,394.14,178.82,0,179.047,8.568,179.830,-18.40,20.80,147.05,-17.86,-7.70,173.39,53.078,54.213,-25.5666,-4.3805,183.72,394.14,-25.0552,-3.8123,,,0.21237,0
192.5652,65,59,6,5,245.67,561.89,capture,189.43,377.71,192.57,0,179.063,8.495,179.799,-18.31,20.52,146.93,-17.86,-8.06,172.99,53.232,54.177,-25.5716,-4.2852,189.43,377.71,-25.2876,-4.0251,,,0.21059,0
192.6694,65,59,6,5,245.67,561.89,capture,193.91,400.49,169.49,0,179.221,8.368,179.839,-18.38,20.37,147.05,-17.72,-7.99,173.14,53.687,53.904,-25.5196,-3.8217,193.91,400.49,-25.3920,-3.9335,,,0.18072,0
192.7692,65,59,6,5,245.67,561.89,capture,219.80,419.98,144.25,0,179.214,8.408,179.842,-18.42,20.54,147.00,-17.72,-7.66,173.40,53.703,54.214,-26.9854,-2.5446,219.80,419.98,-26.1090,-3.3085,,,0.20618,0
192.8529,65,59,6,5,245.67,561.89,capture,190.82,402.32,168.73,0,179.172,8.331,179.880,-18.40,20.59,146.92,-17.84,-8.37,173.28,53.684,54.296,-25.1984,-4.1613,190.82,402.32,-25.6992,-3.6923,,,0.18796,0
192.9349,65,59,6,5,245.67,561.89,capture,175.66,419.08,159.05,0,179.232,8.445,179.874,-18.46,20.64,146.81,-18.73,-8.01,172.79,53.730,53.867,-26.2965,-4.4315,175.66,419.08,-25.9680,-4.0249,,,0.23454,0
193.0453,65,59,6,5,245.67,561.89,capture,213.17,403.56,161.63,0,179.202,8.317,179.869,-18.62,20.76,146.78,-18.07,-8.16,173.41,53.663,53.923,-26.4534,-3.1824,213.17,403.56,-26.1864,-3.6458,,,0.21286,0
193.1273,65,59,6,5,245.67,561.89,capture,198.73,388.07,180.04,0,179.153,8.510,179.887,-18.51,20.86,146.67,-18.44,-8.05,172.34,53.794,53.920,-25.2725,-3.9614,198.73,388.07,-25.7751,-3.7878,,,0.22768,0
193.2093,65,59,6,5,245.67,561.89,capture,210.49,408.96,156.92,0,179.178,8.433,179.875,-18.52,20.69,146.73,-17.75,-7.29,172.86,53.990,54.015,-25.8847,-3.0779,210.49,408.96,-25.8244,-3.4684,,,0.20426,0
193.3691,66,28,3,1,67.00,302.56,dwell,97.49,398.11,100.30,0,179.084,8.383,179.868,-18.47,20.63,146.68,-17.81,-7.95,172.54,54.025,54.235,-26.2662,-8.9652,97.49,398.11,-26.2662,-8.9652,,,0.22292,0
193.4616,66,28,3,1,67.00,302.56,dwell,177.13,329.02,113.27,0,178.963,8.328,179.893,-18.52,20.53,146.74,-17.90,-8.49,172.43,53.867,54.211,-22.9933,-4.6092,177.13,329.02,-24.7934,-7.0050,,,0.22539,0
193.5436,66,28,3,1,67.00,302.56,dwell,62.60,471.70,169.20,0,178.931,8.467,179.861,-18.61,20.63,146.89,-18.38,-7.84,173.32,53.648,54.120,-28.5436,-9.7939,62.60,471.70,-26.4810,-8.2600,,,0.21791,0
193.6449,66,28,3,1,67.00,302.56,dwell,152.21,496.27,211.63,0,178.958,8.448,179.853,-18.64,20.45,146.62,-17.53,-7.77,172.63,53.353,54.205,-29.1136,-5.2205,152.21,496.27,-27.6656,-6.8922,,,0.17845,0
193.7402,66,28,3,1,67.00,302.56,dwell,53.45,453.76,151.81,0,178.907,8.341,179.846,-18.67,20.48,146.61,-18.81,-8.38,172.72,53.456,54.130,-28.0404,-10.2479,53.45,453.76,-27.8343,-8.4023,,,0.19402,0
193.8487,66,28,3,1,67.00,302.56,dwell,84.90,519.15,217.33,0,178.922,8.446,179.864,-18.68,20.68,146.70,-18.06,-7.49,172.34,53.922,54.036,-29.7691,-8.1884,84.90,519.15,-28.7049,-8.3060,,,0.21538,0
193.9534,66,28,3,1,67.00,302.56,dwell,56.51,454.60,152.41,0,178.936,8.472,179.849,-18.56,20.77,146.90,-18.72,-7.19,172.94,53.854,54.254,-27.1028,-10.4312,56.51,454.60,-27.9840,-9.2624,,,0.23376,0
194.0579,66,28,3,1,67.00,302.56,dwell,39.38,418.22,118.92,0,178.876,8.483,179.862,-18.52,20.59,147.04,-18.36,-8.06,173.00,53.889,53.861,-27.6307,-11.2280,39.38,418.22,-27.8250,-10.1469,,,0.19762,0
194.1630,66,28,3,1,67.00,302.56,capture,25.52,473.66,176.06,0,178.874,8.338,179.829,-18.54,20.91,147.20,-17.98,-7.76,173.45,53.988,54.266,-27.8880,-11.1904,25.52,473.66,-27.8533,-10.6165,,,0.23176,0
194.2450,66,28,3,1,67.00,302.56,capture,11.15,483.54,189.41,0,178.938,8.342,179.834,-18.63,20.89,146.98,-17.56,-8.01,173.22,53.702,54.190,-28.2363,-12.6847,11.15,483.54,-28.0257,-11.5472,,,0.21041,0
194.3415,66,28,3,1,67.00,302.56,capture,32.36,459.35,160.58,0,178.956,8.249,179.849,-18.65,20.81,147.04,-17.95,-8.06,173.20,53.855,54.554,-27.0505,-11.1732,32.36,459.35,-27.5869,-11.3789,,,0.20092,0
194.4235,66,28,3,1,67.00,302.56,capture,20.90,467.92,171.67,0,178.941,8.296,179.814,-18.60,20.72,147.06,-18.26,-7.97,173.26,53.736,54.509,-28.1356,-11.8937,20.90,467.92,-27.8338,-11.6105,,,0.22556,0
194.5197,66,28,3,1,67.00,302.56,capture,15.72,479.27,184.00,0,178.818,8.420,179.787,-18.59,20.73,147.07,-18.22,-8.53,173.07,53.815,54.742,-28.3511,-11.7346,15.72,479.27,-28.0666,-11.6664,,,0.20583,0
194.6097,66,28,3,1,67.00,302.56,capture,16.35,461.08,166.42,0,178.794,8.609,179.786,-18.63,20.78,147.47,-18.15,-7.92,173.55,54.059,54.978,-27.8716,-12.3905,16.35,461.08,-27.9788,-11.9922,,,0.22014,0
194.7097,66,28,3,1,67.00,302.56,capture,16.73,476.88,181.43,0,178.824,8.551,179.821,-18.66,20.71,147.33,-18.09,-8.27,173.40,53.624,54.802,-28.3525,-11.5636,16.73,476.88,-28.1470,-11.7993,,,0.22569,0
194.7970,66,28,3,1,67.00,302.56,capture,31.75,461.77,163.07,0,178.817,8.480,179.844,-18.65,20.81,147.43,-18.25,-8.10,173.46,54.150,54.264,-28.1278,-11.6210,31.75,461.77,-28.1384,-11.7191,,,0.21014,0
194.9116,66,28,3,1,67.00,302.56,capture,14.43,494.59,199.10,0,178.732,8.521,179.847,-18.69,20.78,147.37,-18.19,-7.95,173.31,54.252,53.964,-28.1646,-12.4484,14.43,494.59,-28.1502,-12.0473,,,0.21918,0
195.0258,66,28,3,1,67.00,302.56,capture,-0.82,479.95,189.92,0,178.837,8.509,179.838,-18.65,20.75,147.57,-18.38,-7.18,173.75,54.081,54.563,-28.0614,-12.9192,-0.82,479.95,-28.1102,-12.4396,,,0.18776,0
195.1236,66,28,3,1,67.00,302.56,capture,7.96,487.63,194.26,0,178.738,8.538,179.844,-18.64,20.69,147.69,-18.03,-7.73,173.44,54.434,54.423,-28.1857,-12.5268,7.96,487.63,-28.1442,-12.4789,,,0.22449,0
195.2056,66,28,3,1,67.00,302.56,capture,33.46,478.12,178.74,0,178.763,8.340,179.830,-18.67,20.64,147.79,-18.14,-7.35,173.79,53.975,54.589,-28.0647,-11.9815,33.46,478.12,-28.1084,-12.2550,,,0.21112,0
195.3278,66,28,3,1,67.00,302.56,capture,24.03,478.37,180.99,0,178.752,8.411,179.834,-18.69,20.43,147.86,-18.60,-7.69,174.17,53.968,54.892,-27.6954,-12.1227,24.03,478.37,-27.9226,-12.1955,,,0.19966,0
195.4359,66,28,3,1,67.00,302.56,capture,6.95,446.95,156.38,0,178.679,8.432,179.831,-18.66,20.45,147.72,-18.09,-7.96,174.49,54.225,54.855,-27.9493,-12.6354,6.95,446.95,-27.9346,-12.3934,,,0.23464,0
195.5315,66,28,3,1,67.00,302.56,capture,-6.28,441.36,156.96,0,178.602,8.344,179.834,-18.68,20.48,147.44,-17.92,-8.26,173.79,54.623,54.087,-27.5308,-12.9503,-6.28,441.36,-27.7529,-12.6440,,,0.22272,0
195.6408,66,28,3,1,67.00,302.56,capture,20.30,459.17,163.43,0,178.654,8.488,179.825,-18.62,20.30,147.62,-17.36,-7.43,173.61,54.652,53.897,-27.1162,-11.9716,20.30,459.17,-27.4664,-12.3414,,,0.25145,0
195.7253,66,28,3,1,67.00,302.56,capture,10.88,479.06,185.21,0,178.740,8.393,179.823,-18.57,20.26,147.71,-18.13,-8.08,174.09,54.045,53.722,-28.0745,-12.1921,10.88,479.06,-27.7400,-12.2742,,,0.22394,0
195.8073,66,28,3,1,67.00,302.56,capture,-3.66,461.60,174.03,0,178.661,8.155,179.840,-18.60,20.21,147.56,-18.20,-8.67,173.82,53.732,54.088,-28.1018,-13.1457,-3.66,461.60,-27.9028,-12.6664,,,0.20642,0
195.9924,67,72,8,0,22.33,734.78,dwell,35.95,419.53,315.54,0,178.529,8.152,179.856,-18.61,20.15,147.63,-17.76,-7.23,174.24,53.363,54.151,-26.0216,-10.4622,35.95,419.53,-26.0216,-10.4622,,,0.19862,0
196.1039,67,72,8,0,22.33,734.78,dwell,52.66,438.23,298.09,0,178.494,8.169,179.843,-18.48,20.27,147.52,-18.39,-7.49,173.89,54.149,54.234,-26.7512,-9.9400,52.66,438.23,-26.3499,-10.2272,,,0.24506,0
196.2075,67,72,8,0,22.33,734.78,dwell,67.80,445.40,292.93,0,178.460,8.317,179.835,-18.42,20.40,147.40,-18.13,-8.10,173.42,54.090,54.076,-26.7301,-9.5331,67.80,445.40,-26.5210,-9.9148,,,0.23950,0
196.2895,67,72,8,0,22.33,734.78,dwell,-37.74,627.81,122.68,0,178.626,8.288,179.801,-18.37,20.53,147.41,-17.84,-8.07,173.75,54.072,54.265,-33.5541,-14.4947,-37.74,627.81,-29.6859,-11.9758,,,0.23392,0
196.3895,67,72,8,0,22.33,734.78,dwell,31.04,566.20,168.80,0,178.707,8.391,179.772,-18.27,20.47,147.39,-17.84,-7.67,173.71,53.901,54.264,-31.5931,-11.2648,31.04,566.20,-30.5442,-11.6558,,,0.18852,0
196.4875,67,72,8,0,22.33,734.78,dwell,-25.09,552.97,187.89,0,178.831,8.410,179.802,-18.31,20.50,147.25,-17.69,-8.03,173.82,53.899,54.362,-31.6246,-14.1843,-25.09,552.97,-31.0304,-12.7937,,,0.22276,0
196.5896,67,72,8,0,22.33,734.78,dwell,4.96,781.33,49.69,0,178.773,8.301,179.807,-18.28,20.49,147.15,-18.02,-8.63,172.90,53.859,54.869,-40.3313,-12.7312,4.96,781.33,-35.2158,-12.7655,,,0.18233,0
196.7052,67,72,8,0,22.33,734.78,dwell,-26.15,663.84,85.92,0,178.793,8.411,179.820,-18.38,20.49,147.17,-18.08,-7.76,173.41,54.041,55.058,-35.3528,-14.1141,-26.15,663.84,-35.2774,-13.3724,,,0.21815,0
196.8078,67,72,8,0,22.33,734.78,dwell,-1.39,707.36,36.26,0,178.847,8.387,179.812,-18.46,20.52,147.11,-18.27,-7.54,173.24,53.957,54.978,-36.2130,-12.7793,-1.39,707.36,-35.6984,-13.1055,,,0.19853,0
196.9040,67,72,8,0,22.33,734.78,dwell,-4.11,733.26,26.49,0,178.759,8.658,179.816,-18.56,20.38,146.99,-18.21,-8.28,173.12,53.838,54.454,-38.5117,-13.2950,-4.11,733.26,-36.9644,-13.1908,,,0.22061,0
197.0012,67,72,8,0,22.33,734.78,capture,-18.35,731.96,40.78,0,178.855,8.515,179.824,-18.57,20.37,147.06,-18.24,-8.47,173.64,53.629,54.456,-38.2951,-13.5232,-18.35,731.96,-37.5632,-13.3404,,,0.20953,0
197.0980,67,72,8,0,22.33,734.78,capture,-15.27,747.38,39.66,0,178.874,8.480,179.830,-18.60,20.34,146.86,-17.74,-8.10,172.57,53.371,54.807,-39.2181,-13.7259,-15.27,747.38,-38.3079,-13.5139,,,0.20756,0
197.2013,67,72,8,0,22.33,734.78,capture,-4.58,768.74,43.33,0,178.951,8.546,179.832,-18.63,20.43,146.95,-17.43,-8.58,173.19,53.395,54.374,-39.9161,-13.1263,-4.58,768.74,-39.0316,-13.3395,,,0.20468,0
197.2928,67,72,8,0,22.33,734.78,capture,-33.87,748.21,57.79,0,178.977,8.499,179.829,-18.65,20.43,146.88,-18.11,-7.37,172.84,53.543,53.983,-38.0723,-14.0199,-33.87,748.21,-38.5999,-13.6457,,,0.21288,0
197.3748,67,72,8,0,22.33,734.78,capture,-13.43,751.53,39.49,0,178.934,8.638,179.817,-18.65,20.60,146.74,-17.50,-7.12,172.67,53.908,54.108,-38.1822,-12.7442,-13.43,751.53,-38.4120,-13.2400,,,0.21349,0
197.4915,67,72,8,0,22.33,734.78,capture,-36.62,763.86,65.74,0,178.947,8.694,179.818,-18.59,20.72,146.87,-17.95,-8.55,172.74,54.007,53.517,-39.0592,-14.8658,-36.62,763.86,-38.7032,-13.9716,,,0.20375,0
197.5891,67,72,8,0,22.33,734.78,capture,0.61,754.43,29.29,1,178.831,8.705,179.800,-18.61,20.83,147.00,-17.91,-7.19,173.34,53.893,53.753,-38.9896,-12.2954,0.61,754.43,-38.8321,-13.2173,,,0.22930,0
197.6881,67,72,8,0,22.33,734.78,capture,-15.23,742.76,38.40,0,178.950,8.796,179.799,-18.60,20.72,147.23,-18.36,-7.19,172.93,53.826,53.940,-39.3678,-13.4429,-15.23,742.76,-39.0731,-13.3188,,,0.22137,0
197.7876,67,72,8,0,22.33,734.78,capture,-18.09,762.80,49.19,0,178.943,8.790,179.811,-18.57,20.87,147.08,-18.17,-7.36,173.64,53.774,53.566,-39.6400,-13.4429,-18.09,762.80,-39.3282,-13.3746,,,0.21598,0
197.8696,67,72,8,0,22.33,734.78,capture,-21.44,741.40,44.27,0,178.903,8.705,179.834,-18.53,20.80,147.13,-18.10,-7.80,173.47,53.990,54.093,-38.4816,-14.6036,-21.44,741.40,-38.9472,-13.9277,,,0.22978,0
197.9587,67,72,8,0,22.33,734.78,capture,12.70,766.55,33.20,1,178.870,8.780,179.817,-18.44,20.71,147.38,-18.05,-7.62,174.06,53.900,54.124,-39.8136,-12.3268,12.70,766.55,-39.3371,-13.2073,,,0.18774,0
198.0653,67,72,8,0,22.33,734.78,capture,-24.14,762.96,54.35,0,178.755,8.818,179.873,-18.32,20.63,147.50,-18.08,-7.93,173.53,53.688,53.533,-39.4196,-14.5628,-24.14,762.96,-39.3742,-13.8173,,,0.20461,0
198.1614,67,72,8,0,22.33,734.78,capture,-23.10,734.62,45.43,0,178.740,8.778,179.843,-18.31,20.67,147.69,-17.87,-8.03,174.33,53.996,54.031,-38.5098,-13.8467,-23.10,734.62,-38.9852,-13.8305,,,0.21773,0
198.2434,67,72,8,0,22.33,734.78,capture,-19.71,743.67,42.97,0,178.660,8.874,179.828,-18.22,20.76,147.47,-17.88,-7.89,173.83,54.045,53.886,-38.7379,-14.1305,-19.71,743.67,-38.8739,-13.9655,,,0.23634,0
198.3411,67,72,8,0,22.33,734.78,capture,-20.98,737.94,43.43,0,178.641,8.905,179.849,-18.35,20.90,147.20,-17.80,-8.01,173.77,54.148,53.990,-38.1362,-13.4655,-20.98,737.94,-38.5420,-13.7405,,,0.21535,0
198.4353,67,72,8,0,22.33,734.78,capture,-15.03,745.40,38.84,0,178.815,8.830,179.865,-18.37,20.86,147.19,-17.41,-7.78,173.47,54.013,53.809,-38.7026,-13.1836,-15.03,745.40,-38.6142,-13.4899,,,0.21327,0
198.5338,67,72,8,0,22.33,734.78,capture,-20.44,752.90,46.45,0,178.767,9.011,179.839,-18.48,20.73,147.14,-17.97,-8.08,173.33,53.702,54.009,-38.9260,-14.2293,-20.44,752.90,-38.7545,-13.8226,,,0.20611,0
198.6402,67,72,8,0,22.33,734.78,capture,-14.45,742.55,37.60,0,178.942,8.902,179.833,-18.42,20.67,147.53,-18.16,-7.89,173.61,54.390,54.357,-38.5728,-13.4476,-14.45,742.55,-38.6728,-13.6539,,,0.23411,0
198.7284,67,72,8,0,22.33,734.78,capture,-23.32,725.09,46.67,0,178.931,9.006,179.822,-18.37,20.66,147.50,-17.85,-8.20,174.06,54.440,54.029,-38.1885,-14.0860,-23.32,725.09,-38.4549,-13.8483,,,0.25099,0
198.8316,67,72,8,0,22.33,734.78,capture,-35.26,740.66,57.89,0,178.939,8.913,179.810,-18.44,20.72,147.74,-17.66,-8.33,174.21,54.138,53.789,-37.6185,-14.5025,-35.26,740.66,-38.0785,-14.1427,,,0.21448,0
198.9849,68,78,8,6,290.33,734.78,dwell,21.71,820.00,281.82,0,178.874,8.993,179.808,-18.48,20.89,147.51,-18.27,-7.76,173.70,54.038,53.372,-41.5981,-11.1798,21.71,820.00,-41.5981,-11.1798,,,0.22754,0
199.0669,68,78,8,6,290.33,734.78,dwell,-38.45,730.10,328.82,0,178.967,8.965,179.793,-18.45,20.92,147.67,-17.46,-8.16,174.28,53.940,53.279,-37.5094,-14.6756,-38.45,730.10,-39.7582,-12.7529,,,0.22428,0
199.1519,68,78,8,6,290.33,734.78,dwell,34.58,727.40,255.86,0,178.931,8.979,179.797,-18.37,20.76,147.94,-17.33,-8.25,174.54,54.231,53.561,-38.7426,-11.1789,34.58,727.40,-39.3012,-12.0446,,,0.21118,0
199.2360,68,78,8,6,290.33,734.78,dwell,135.49,666.75,169.13,0,179.000,9.047,179.805,-18.42,20.58,147.93,-18.59,-7.60,174.32,54.687,53.784,-36.1419,-6.6860,135.49,666.75,-37.8795,-9.6332,,,0.21525,0
199.3350,68,78,8,6,290.33,734.78,dwell,118.12,748.30,172.74,0,178.855,8.947,179.800,-18.39,20.66,147.69,-18.06,-8.22,174.36,54.847,54.250,-39.3302,-7.2099,118.12,748.30,-38.5323,-8.5427,,,0.23931,0
199.4395,68,78,8,6,290.33,734.78,dwell,158.60,755.90,133.42,0,178.878,8.940,179.811,-18.23,20.64,147.57,-17.69,-7.96,174.23,54.168,54.380,-39.1123,-5.4979,158.60,755.90,-38.7933,-7.1726,,,0.22064,0
199.5394,68,78,8,6,290.33,734.78,dwell,160.48,782.31,138.28,0,178.913,8.758,179.831,-18.31,20.59,147.58,-18.14,-8.27,174.19,54.030,54.478,-40.6033,-5.5588,160.48,782.31,-39.6078,-6.4464,,,0.20404,0
199.6449,68,78,8,6,290.33,734.78,dwell,200.30,811.83,118.50,0,178.918,8.719,179.841,-18.29,20.76,147.42,-17.71,-8.16,173.90,54.373,54.082,-40.1046,-3.5981,200.30,811.83,-39.8314,-5.1647,,,0.23560,0
199.7552,68,78,8,6,290.33,734.78,capture,177.69,796.92,128.65,0,178.905,8.679,179.824,-18.49,20.83,147.09,-17.61,-6.75,173.05,54.331,54.106,-40.6821,-4.3510,177.69,796.92,-40.2142,-4.7985,,,0.24908,0
199.8634,68,78,8,6,290.33,734.78,capture,200.95,807.72,115.37,0,178.967,8.752,179.840,-18.34,20.84,147.14,-17.63,-7.61,173.33,54.222,54.503,-40.9117,-3.7113,200.95,807.72,-40.5281,-4.3093,,,0.22030,0
199.9701,68,78,8,6,290.33,734.78,capture,189.79,797.33,118.41,0,179.100,8.602,179.846,-18.36,20.86,147.18,-17.84,-7.60,173.45,54.549,53.901,-40.5537,-3.4345,189.79,797.33,-40.5396,-3.9156,,,0.22072,0
200.0587,68,78,8,6,290.33,734.78,capture,208.87,772.76,89.88,0,179.149,8.653,179.841,-18.15,20.79,147.22,-17.89,-7.94,173.76,54.627,53.725,-40.0895,-3.1693,208.87,772.76,-40.3371,-3.5798,,,0.23302,0
200.1703,68,78,8,6,290.33,734.78,capture,199.68,783.10,102.73,0,179.128,8.715,179.831,-18.22,20.81,147.31,-18.30,-8.08,173.48,54.268,54.008,-39.8992,-3.2731,199.68,783.10,-40.1400,-3.4418,,,0.21699,0
200.2805,68,78,8,6,290.33,734.78,capture,192.04,784.29,110.06,0,179.076,8.806,179.846,-18.20,20.82,147.22,-17.94,-7.61,173.09,54.232,54.046,-40.0030,-3.1689,192.04,784.29,-40.0784,-3.3190,,,0.26124,0
200.3760,68,78,8,6,290.33,734.78,capture,201.47,782.67,100.95,0,179.024,8.840,179.816,-18.35,20.85,147.17,-17.75,-8.18,173.42,53.910,53.904,-39.9197,-4.0242,201.47,782.67,-40.0070,-3.6363,,,0.21304,0
200.4954,68,78,8,6,290.33,734.78,capture,227.61,799.11,89.85,0,179.027,8.844,179.821,-18.48,20.75,147.30,-18.37,-8.08,173.43,54.167,53.844,-40.9705,-2.2947,227.61,799.11,-40.4406,-3.0326,,,0.24279,0
200.5868,68,78,8,6,290.33,734.78,capture,224.17,798.83,92.09,0,179.087,8.862,179.835,-18.41,20.68,147.45,-18.28,-8.09,173.91,54.287,54.439,-40.8274,-2.1735,224.17,798.83,-40.6147,-2.6460,,,0.25931,0
200.6871,68,78,8,6,290.33,734.78,capture,179.93,805.98,131.37,0,178.955,8.854,179.865,-18.39,20.67,147.28,-17.58,-8.10,173.62,54.391,54.495,-40.6228,-4.2339,179.93,805.98,-40.6183,-3.3605,,,0.25955,0
200.7736,68,78,8,6,290.33,734.78,capture,207.16,806.75,109.99,0,179.018,8.770,179.876,-18.28,20.54,147.27,-17.23,-8.45,173.77,54.549,54.374,-41.0382,-3.4551,207.16,806.75,-40.8073,-3.4031,,,0.24365,0
200.8616,68,78,8,6,290.33,734.78,capture,215.20,809.27,105.80,0,179.037,8.732,179.825,-18.09,20.54,147.25,-17.54,-8.63,173.37,54.191,54.183,-40.6609,-3.0952,215.20,809.27,-40.7414,-3.2645,,,0.24227,0
200.9541,68,78,8,6,290.33,734.78,capture,205.85,786.59,99.11,0,179.065,8.759,179.834,-18.15,20.63,147.38,-17.93,-7.59,173.32,54.102,54.132,-40.2852,-3.4692,205.85,786.59,-40.5361,-3.3566,,,0.22483,0
201.0581,68,78,8,6,290.33,734.78,capture,215.43,776.68,85.83,0,179.018,8.806,179.871,-18.10,20.61,147.24,-17.51,-8.30,173.03,53.978,54.134,-40.7028,-2.3162,215.43,776.68,-40.6111,-2.8884,,,0.22225,0
201.1515,68,78,8,6,290.33,734.78,capture,217.33,777.13,84.40,0,179.047,8.749,179.852,-18.12,20.59,147.06,-18.01,-7.92,173.12,54.114,54.366,-39.0632,-2.9354,217.33,777.13,-39.9145,-2.9096,,,0.21491,0
201.2731,68,78,8,6,290.33,734.78,capture,210.85,825.97,120.97,0,178.876,8.818,179.853,-18.16,20.58,146.93,-18.13,-8.77,173.39,54.020,54.454,-42.3841,-2.1621,210.85,825.97,-41.0258,-2.5732,,,0.22958,0
201.3773,68,78,8,6,290.33,734.78,capture,223.74,779.63,80.29,0,178.823,8.761,179.826,-18.22,20.45,147.03,-18.41,-8.64,173.66,53.797,54.433,-39.9193,-2.9161,223.74,779.63,-40.5279,-2.7275,,,0.19814,0
201.4659,68,78,8,6,290.33,734.78,capture,229.40,806.93,94.44,0,178.831,8.812,179.834,-18.23,20.47,147.07,-17.67,-7.76,173.40,53.772,54.202,-42.3419,-2.2967,229.40,806.93,-41.3442,-2.5336,,,0.20709,0
201.5523,68,78,8,6,290.33,734.78,capture,213.18,804.60,104.06,0,178.813,8.886,179.832,-18.15,20.67,147.09,-17.71,-7.63,173.16,53.633,53.939,-40.5502,-2.1336,213.18,804.60,-40.9869,-2.3536,,,0.23382,0
201.6506,68,78,8,6,290.33,734.78,capture,196.86,817.73,124.97,0,178.898,8.983,179.853,-18.26,20.69,147.14,-17.62,-8.09,173.27,53.333,54.030,-42.3710,-3.6900,196.86,817.73,-41.6098,-2.9550,,,0.20781,0
201.8143,69,67,7,4,201.00,648.33,dwell,166.05,778.02,134.31,0,178.972,8.949,179.847,-18.21,20.70,146.87,-17.27,-8.57,173.17,53.275,54.421,-38.3887,-5.2917,166.05,778.02,-38.3887,-5.2917,,,0.21130,0
201.9118,69,67,7,4,201.00,648.33,dwell,149.70,819.59,178.78,0,178.964,8.891,179.840,-18.33,20.62,146.99,-18.14,-8.22,173.63,53.167,54.646,-41.8619,-6.1041,149.70,819.59,-39.9516,-5.6573,,,0.19072,0
202.0128,69,67,7,4,201.00,648.33,dwell,218.41,692.41,47.39,0,178.925,8.734,179.862,-18.37,20.53,147.10,-17.80,-6.94,172.99,53.584,54.894,-36.8892,-3.1860,218.41,692.41,-38.5735,-4.5452,,,0.17082,0
202.1332,69,67,7,4,201.00,648.33,dwell,242.79,729.36,91.17,0,178.843,8.787,179.855,-18.41,20.60,147.26,-18.07,-6.78,173.15,53.461,54.643,-38.1258,-1.3539,242.79,729.36,-38.3720,-3.1091,,,0.22769,0
202.2420,69,67,7,4,201.00,648.33,dwell,298.55,645.11,97.60,0,178.837,8.886,179.870,-18.35,20.47,147.52,-17.42,-8.08,174.30,53.214,54.610,-34.2553,0.6893,298.55,645.11,-36.5195,-1.3998,,,0.22219,0
202.3431,69,67,7,4,201.00,648.33,dwell,271.11,636.91,71.03,0,178.994,8.795,179.843,-18.35,20.54,147.25,-18.12,-7.41,173.78,53.756,54.686,-34.8081,-0.4896,271.11,636.91,-35.7494,-0.9902,,,0.22163,0
202.4371,69,67,7,4,201.00,648.33,dwell,198.95,635.07,13.42,1,179.053,8.771,179.833,-18.23,20.59,147.32,-17.64,-7.39,173.82,53.884,54.543,-33.9554,-4.3645,198.95,635.07,-34.9421,-2.5087,,,0.22176,0
202.5380,69,67,7,4,201.00,648.33,dwell,259.12,624.93,62.66,0,179.079,8.756,179.853,-18.27,20.53,147.19,-17.56,-7.70,173.48,53.498,54.788,-32.7948,-0.8237,259.12,624.93,-33.9758,-1.7505,,,0.19466,0
202.6368,69,67,7,4,201.00,648.33,dwell,266.82,587.97,89.31,0,179.073,8.839,179.862,-18.27,20.66,147.17,-18.05,-8.03,173.41,53.600,54.959,-33.8631,-0.5692,266.82,587.97,-33.9251,-1.2189,,,0.21371,0
202.7318,69,67,7,4,201.00,648.33,capture,256.03,548.75,113.78,0,179.014,8.826,179.847,-18.19,20.70,147.07,-17.81,-7.50,172.71,53.902,54.708,-31.1901,-0.9212,256.03,548.75,-32.6943,-1.0849,,,0.22461,0
202.8459,69,67,7,4,201.00,648.33,capture,252.24,565.15,97.70,0,178.906,8.721,179.828,-18.33,20.58,147.29,-17.77,-7.11,173.84,53.704,54.679,-31.6849,-0.6378,252.24,565.15,-32.2401,-0.8837,,,0.20179,0
202.9335,69,67,7,4,201.00,648.33,capture,264.72,579.19,94.03,0,178.923,8.784,179.816,-18.34,20.63,147.60,-17.70,-8.48,174.09,53.423,55.003,-32.4392,-0.0419,264.72,579.19,-32.3297,-0.5049,,,0.22936,0
203.0316,69,67,7,4,201.00,648.33,capture,276.58,581.70,100.76,0,178.946,8.804,179.828,-18.23,20.76,147.79,-17.15,-7.25,174.62,53.750,54.702,-32.8633,-0.0571,276.58,581.70,-32.5698,-0.3034,,,0.20362,0
203.1486,69,67,7,4,201.00,648.33,capture,246.29,556.42,102.47,0,179.023,8.812,179.821,-18.20,20.67,147.82,-17.63,-8.17,173.90,53.641,55.040,-30.0132,-0.8982,246.29,556.42,-31.4194,-0.5711,,,0.20312,0
203.2507,69,67,7,4,201.00,648.33,capture,253.63,571.65,93.01,0,179.144,8.713,179.827,-18.27,20.69,147.77,-17.56,-7.93,174.37,53.575,55.163,-31.8272,-1.6510,253.63,571.65,-31.6029,-1.0570,,,0.18595,0
203.3363,69,67,7,4,201.00,648.33,capture,253.68,582.13,84.61,0,179.119,8.715,179.833,-18.34,20.67,147.79,-17.87,-7.83,174.32,53.805,55.034,-33.3769,-1.1129,253.68,582.13,-32.4012,-1.0822,,,0.21125,0
203.4492,69,67,7,4,201.00,648.33,capture,258.68,553.80,110.74,0,179.121,8.656,179.789,-18.19,20.60,147.72,-17.88,-7.81,173.87,53.659,55.017,-31.2616,-1.1728,258.68,553.80,-31.8883,-1.1230,,,0.20681,0
203.5495,69,67,7,4,201.00,648.33,capture,273.76,571.32,105.95,0,179.057,8.701,179.793,-18.27,20.65,147.77,-18.47,-8.31,174.14,54.038,54.740,-32.6367,0.0147,273.76,571.32,-32.2251,-0.6110,,,0.21238,0
203.6467,69,67,7,4,201.00,648.33,capture,254.62,560.95,102.52,0,179.096,8.823,179.805,-18.21,20.73,147.84,-18.26,-7.86,174.36,53.894,54.053,-32.2712,-0.7900,254.62,560.95,-32.2459,-0.6915,,,0.22873,0
203.7485,69,67,7,4,201.00,648.33,capture,262.66,548.42,117.41,0,179.020,8.747,179.747,-18.12,20.69,147.90,-17.84,-8.53,174.20,53.604,54.161,-30.9864,-0.7039,262.66,548.42,-31.6791,-0.6971,,,0.17991,0
203.8626,69,67,7,4,201.00,648.33,capture,260.72,564.82,102.67,0,178.961,8.766,179.742,-18.26,20.64,147.74,-17.17,-8.18,173.95,53.953,54.034,-31.7710,-0.2612,260.72,564.82,-31.7204,-0.5010,,,0.20644,0
203.9510,69,67,7,4,201.00,648.33,capture,279.67,556.53,120.90,0,178.912,8.608,179.752,-18.34,20.63,147.74,-17.96,-8.00,173.63,53.620,53.927,-31.4769,0.1692,279.67,556.53,-31.6109,-0.1994,,,0.21447,0
204.0511,69,67,7,4,201.00,648.33,capture,264.29,553.75,113.81,0,178.831,8.527,179.790,-18.45,20.64,147.91,-17.85,-7.90,174.52,53.966,54.257,-30.5518,-0.2952,264.29,553.75,-31.1343,-0.2425,,,0.22650,0
204.1542,69,67,7,4,201.00,648.33,capture,270.56,558.93,113.28,0,178.871,8.639,179.826,-18.43,20.69,147.81,-17.89,-8.73,173.73,54.550,54.438,-32.1414,-0.5578,270.56,558.93,-31.5875,-0.3844,,,0.23291,0
204.2423,69,67,7,4,201.00,648.33,capture,246.86,571.53,89.45,0,178.727,8.532,179.848,-18.11,20.91,147.95,-17.86,-7.57,174.60,54.348,54.856,-31.7887,-1.7023,246.86,571.53,-31.6781,-0.9774,,,0.21001,0
204.3298,69,67,7,4,201.00,648.33,capture,253.23,580.02,85.99,0,178.618,8.515,179.846,-18.13,20.87,148.20,-17.79,-7.81,174.54,54.288,54.974,-32.2445,-1.3615,253.23,580.02,-31.9330,-1.1502,,,0.24717,0
204.4350,69,67,7,4,201.00,648.33,capture,255.12,564.80,99.53,0,178.449,8.606,179.829,-18.07,20.93,148.49,-18.05,-8.09,175.01,54.174,54.667,-30.9976,-1.1512,255.12,564.80,-31.5121,-1.1507,,,0.21186,0
204.5378,69,67,7,4,201.00,648.33,capture,263.32,563.44,105.31,0,178.546,8.588,179.809,-18.24,20.98,148.37,-17.59,-7.47,175.21,53.994,54.496,-31.2415,-1.1798,263.32,563.44,-31.3903,-1.1638,,,0.22694,0
204.7430,70,75,8,3,156.33,734.78,dwell,161.71,703.94,31.30,1,178.602,8.581,179.799,-18.29,20.88,148.35,-17.52,-8.06,175.08,54.205,54.395,-36.8378,-6.2256,161.71,703.94,-36.8378,-6.2256,,,0.22792,0
204.8471,70,75,8,3,156.33,734.78,dwell,245.81,717.41,91.15,0,178.648,8.454,179.814,-18.35,20.80,148.45,-17.86,-7.09,174.82,53.839,54.378,-38.2102,-0.8376,245.81,717.41,-37.4554,-3.8010,,,0.22257,0
204.9537,70,75,8,3,156.33,734.78,dwell,227.48,695.30,81.37,0,178.654,8.480,179.841,-18.34,20.86,148.31,-17.69,-7.27,174.38,53.394,54.638,-36.5776,-2.8948,227.48,695.30,-37.0604,-3.3932,,,0.19673,0
205.0357,70,75,8,3,156.33,734.78,dwell,295.68,529.70,247.94,0,178.618,8.587,179.874,-18.29,21.05,148.21,-18.10,-6.96,174.64,53.403,54.719,-30.8856,0.6148,295.68,529.70,-34.2817,-1.5896,,,0.19234,0
205.1177,70,75,8,3,156.33,734.78,dwell,174.67,680.10,57.67,0,178.734,8.492,179.839,-18.33,21.11,148.15,-17.92,-7.22,174.55,53.412,54.621,-35.7657,-4.5390,174.67,680.10,-34.9495,-2.9168,,,0.20377,0
205.2204,70,75,8,3,156.33,734.78,dwell,167.58,692.96,43.30,1,178.771,8.491,179.826,-18.39,20.89,148.16,-18.09,-7.36,174.86,53.172,54.405,-37.0133,-4.2465,167.58,692.96,-35.8782,-3.5152,,,0.18631,0
205.3310,70,75,8,3,156.33,734.78,dwell,169.86,674.55,61.73,0,178.701,8.602,179.793,-18.42,20.75,148.31,-17.98,-8.26,175.01,53.126,54.225,-36.3341,-4.5427,169.86,674.55,-36.0834,-3.9776,,,0.18679,0
205.4407,70,75,8,3,156.33,734.78,dwell,310.03,729.01,153.80,0,178.725,8.674,179.784,-18.31,20.65,148.18,-17.41,-7.55,174.62,53.324,54.078,-38.8267,1.3594,310.03,729.01,-37.3178,-1.5759,,,0.22437,0
205.5447,70,75,8,3,156.33,734.78,dwell,270.74,795.70,129.62,0,178.811,8.718,179.803,-18.25,20.64,148.06,-18.14,-7.70,174.60,53.733,54.194,-41.0576,0.0712,270.74,795.70,-39.0008,-0.8347,,,0.19531,0
205.6490,70,75,8,3,156.33,734.78,dwell,161.32,757.56,23.32,1,178.786,8.791,179.820,-18.17,20.80,147.98,-17.88,-7.64,174.58,53.423,53.935,-39.7144,-5.5830,161.32,757.56,-39.3219,-2.9715,,,0.20949,0
205.7495,70,75,8,3,156.33,734.78,dwell,183.37,791.83,63.13,0,178.851,8.739,179.825,-18.24,20.83,148.01,-17.82,-7.33,174.41,53.235,54.312,-39.8988,-4.1681,183.37,791.83,-39.5815,-3.5099,,,0.19733,0
205.8443,70,75,8,3,156.33,734.78,capture,214.79,781.41,74.78,0,178.859,8.806,179.834,-18.20,21.01,147.96,-17.46,-7.35,174.51,53.186,54.362,-40.7705,-2.8748,214.79,781.41,-40.1165,-3.2241,,,0.20036,0
205.9375,70,75,8,3,156.33,734.78,capture,207.42,779.64,67.99,0,178.821,8.763,179.826,-18.30,21.07,147.81,-17.37,-7.62,174.83,53.091,54.174,-39.1620,-3.0520,207.42,779.64,-39.6870,-3.1467,,,0.18620,0
206.0317,70,75,8,3,156.33,734.78,capture,203.00,793.44,74.96,0,178.985,8.717,179.811,-18.30,21.12,148.05,-18.19,-7.45,174.15,53.383,54.152,-40.7648,-3.7849,203.00,793.44,-40.1720,-3.4339,,,0.21068,0
206.1460,70,75,8,3,156.33,734.78,capture,201.30,793.89,74.27,0,179.019,8.624,179.830,-18.28,21.18,148.00,-17.78,-6.63,174.53,53.429,54.226,-40.3616,-3.4094,201.30,793.89,-40.2573,-3.4229,,,0.21021,0
206.2295,70,75,8,3,156.33,734.78,capture,215.63,789.78,80.88,0,179.076,8.680,179.820,-18.31,21.02,148.07,-17.79,-7.38,174.55,53.552,54.616,-41.4637,-2.3966,215.63,789.78,-40.8002,-2.9610,,,0.19261,0
206.3241,70,75,8,3,156.33,734.78,capture,193.61,773.35,53.64,0,179.073,8.660,179.840,-18.29,20.90,148.28,-18.13,-7.62,175.05,52.995,54.469,-40.4270,-3.4521,193.61,773.35,-40.6323,-3.1820,,,0.19963,0
206.4095,70,75,8,3,156.33,734.78,capture,199.60,777.68,60.93,0,179.035,8.794,179.838,-18.11,20.84,148.33,-17.41,-8.12,174.66,53.241,54.052,-38.9860,-3.6585,199.60,777.68,-39.8914,-3.3964,,,0.20304,0
206.4992,70,75,8,3,156.33,734.78,capture,204.60,797.86,79.43,0,179.061,8.844,179.845,-18.16,20.83,148.30,-18.16,-7.44,175.23,53.602,53.983,-40.3430,-3.2358,204.60,797.86,-40.0946,-3.3242,,,0.20468,0
206.6069,70,75,8,3,156.33,734.78,capture,202.47,806.29,85.10,0,179.033,8.834,179.886,-18.11,20.70,147.92,-17.82,-8.16,173.92,53.456,54.450,-40.7910,-3.0951,202.47,806.29,-40.4080,-3.2211,,,0.21848,0
206.7166,70,75,8,3,156.33,734.78,capture,195.80,777.93,58.48,0,179.132,8.934,179.868,-18.14,20.66,147.86,-17.89,-7.74,174.41,53.669,54.300,-40.7001,-3.8156,195.80,777.93,-40.5394,-3.4886,,,0.22892,0
206.8040,70,75,8,3,156.33,734.78,capture,202.24,784.46,67.64,0,179.226,8.991,179.842,-18.18,20.72,147.69,-17.45,-7.24,174.10,53.477,54.464,-39.4583,-3.3931,202.24,784.46,-40.0529,-3.4456,,,0.19707,0
206.9107,70,75,8,3,156.33,734.78,capture,193.48,803.61,78.22,0,179.107,8.905,179.823,-18.16,20.72,147.52,-18.20,-7.74,173.36,53.500,54.284,-40.9810,-4.1715,193.48,803.61,-40.4706,-3.7723,,,0.21627,0
207.0007,70,75,8,3,156.33,734.78,capture,216.68,778.74,74.66,0,179.160,9.080,179.830,-18.09,20.65,147.38,-17.39,-7.97,173.86,53.462,54.146,-40.1463,-2.9592,216.68,778.74,-40.3247,-3.4064,,,0.22577,0
207.1097,70,75,8,3,156.33,734.78,capture,222.33,781.25,80.72,0,179.269,9.082,179.804,-18.11,20.52,147.40,-17.45,-6.96,173.59,53.726,53.913,-39.5630,-2.0850,222.33,781.25,-39.9819,-2.8118,,,0.19351,0
207.2201,70,75,8,3,156.33,734.78,capture,204.41,787.15,71.09,0,179.282,9.025,179.763,-18.17,20.49,147.75,-18.13,-7.86,174.12,54.003,53.878,-40.3451,-3.4362,204.41,787.15,-40.1454,-3.0927,,,0.22783,0
207.3254,70,75,8,3,156.33,734.78,capture,216.16,819.68,103.86,0,179.236,9.092,179.783,-18.22,20.37,147.68,-17.50,-8.02,174.24,54.028,53.875,-41.5675,-2.6410,216.16,819.68,-40.7853,-2.8895,,,0.20220,0
207.4461,70,75,8,3,156.33,734.78,capture,210.86,771.39,65.68,0,179.307,8.988,179.771,-18.23,20.29,147.57,-17.72,-8.54,173.77,54.136,53.824,-39.4366,-2.8631,210.86,771.39,-40.1784,-2.8776,,,0.25131,0
207.5446,70,75,8,3,156.33,734.78,capture,197.54,787.52,66.93,0,179.217,9.044,179.778,-18.20,20.45,147.67,-17.63,-7.64,173.44,54.063,53.469,-40.9095,-3.4764,197.54,787.52,-40.5074,-3.1471,,,0.21441,0
207.6632,70,75,8,3,156.33,734.78,capture,217.01,769.47,69.89,0,179.183,8.912,179.783,-18.20,20.45,147.88,-18.20,-8.80,174.58,53.771,53.252,-40.5505,-2.4093,217.01,769.47,-40.5268,-2.8151,,,0.21817,0
207.7661,70,75,8,3,156.33,734.78,capture,210.28,784.26,73.20,0,179.143,9.024,179.797,-18.30,20.43,147.69,-18.24,-7.75,173.57,53.907,53.483,-39.5807,-3.0468,210.28,784.26,-40.1010,-2.9193,,,0.22611,0
207.9138,71,76,8,4,201.00,734.78,dwell,128.01,737.70,73.05,0,179.151,9.018,179.802,-18.40,20.45,147.77,-17.95,-8.73,173.69,53.551,53.637,-38.3026,-7.0431,128.01,737.70,-38.3026,-7.0431,,,0.17837,0
208.0038,71,76,8,4,201.00,734.78,dwell,158.40,759.45,49.23,0,178.951,9.056,179.778,-18.43,20.38,147.74,-17.99,-8.23,173.89,53.969,54.057,-38.9477,-5.0820,158.40,759.45,-38.5929,-6.1606,,,0.23874,0
208.1072,71,76,8,4,201.00,734.78,dwell,142.05,790.86,81.37,0,178.993,8.965,179.792,-18.39,20.37,147.65,-17.44,-8.02,173.66,53.747,54.123,-39.7771,-6.1830,142.05,790.86,-39.1258,-6.1707,,,0.20489,0
208.2154,71,76,8,4,201.00,734.78,dwell,161.95,779.90,59.67,0,178.869,9.049,179.809,-18.31,20.27,147.43,-18.67,-7.81,173.75,54.319,54.166,-39.8878,-5.0532,161.95,779.90,-39.4687,-5.6678,,,0.21297,0
208.3153,71,76,8,4,201.00,734.78,dwell,223.44,761.11,34.60,0,178.855,8.975,179.843,-18.36,20.38,147.63,-17.61,-8.52,173.85,54.013,54.693,-39.0169,-2.3911,223.44,761.11,-39.2654,-4.1933,,,0.21738,0
208.4012,71,76,8,4,201.00,734.78,dwell,185.54,799.64,66.68,0,179.028,9.241,179.822,-18.47,20.26,147.47,-18.19,-8.26,173.69,53.786,54.452,-40.6680,-3.9555,185.54,799.64,-39.8966,-4.0863,,,0.20745,0
208.4997,71,76,8,4,201.00,734.78,dwell,168.11,804.85,77.41,0,178.958,9.148,179.815,-18.39,20.12,147.30,-17.79,-8.35,173.69,53.921,54.129,-41.4340,-4.9489,168.11,804.85,-40.5884,-4.4745,,,0.22726,0
208.6092,71,76,8,4,201.00,734.78,dwell,162.03,787.50,65.56,0,178.933,9.128,179.775,-18.29,20.30,147.10,-17.36,-8.30,173.54,53.574,54.202,-41.1682,-5.1705,162.03,787.50,-40.8493,-4.7877,,,0.17039,0
208.6990,71,76,8,4,201.00,734.78,dwell,157.57,752.09,46.75,0,178.880,9.147,179.808,-18.20,20.51,146.88,-18.10,-8.12,172.73,53.825,53.979,-39.2430,-5.5410,157.57,752.09,-40.1265,-5.1267,,,0.21615,0
208.7954,71,76,8,4,201.00,734.78,capture,167.23,806.96,79.69,0,178.996,8.987,179.794,-18.17,20.75,146.66,-17.43,-7.73,172.10,53.520,54.116,-41.9108,-4.4574,167.23,806.96,-40.9294,-4.8255,,,0.20726,0
208.8932,71,76,8,4,201.00,734.78,capture,176.45,786.72,57.45,0,179.060,8.939,179.786,-18.13,20.82,146.76,-17.66,-8.48,172.51,53.644,54.694,-40.4380,-4.9459,176.45,786.72,-40.7083,-4.8797,,,0.24014,0
208.9945,71,76,8,4,201.00,734.78,capture,172.63,790.74,62.74,0,179.051,8.908,179.756,-18.04,20.70,146.99,-18.05,-8.18,173.28,53.744,54.518,-41.1262,-4.2558,172.63,790.74,-40.8964,-4.5989,,,0.17370,0
209.0975,71,76,8,4,201.00,734.78,capture,164.18,779.09,57.61,0,179.033,8.673,179.742,-18.17,20.89,147.00,-17.93,-7.60,173.32,53.590,54.548,-39.7680,-5.3977,164.18,779.09,-40.3886,-4.9584,,,0.21294,0
209.1909,71,76,8,4,201.00,734.78,capture,165.22,789.84,65.67,0,179.023,8.733,179.746,-18.27,20.94,147.16,-18.01,-8.10,173.51,54.019,54.381,-41.1421,-5.7920,165.22,789.84,-40.7277,-5.3335,,,0.21250,0
209.3067,71,76,8,4,201.00,734.78,capture,164.84,797.40,72.31,0,179.015,8.657,179.742,-18.23,20.69,146.97,-16.64,-8.25,172.87,54.167,54.601,-40.9645,-5.0560,164.84,797.40,-40.8343,-5.2087,,,0.23449,0
209.4249,71,76,8,4,201.00,734.78,capture,146.73,819.92,100.97,0,179.088,8.724,179.768,-18.22,20.67,147.13,-17.86,-7.79,173.41,53.913,54.455,-41.2640,-5.4763,146.73,819.92,-41.0277,-5.3291,,,0.18983,0
209.5250,71,76,8,4,201.00,734.78,capture,137.38,793.22,86.39,0,178.973,8.879,179.766,-18.45,20.76,147.22,-18.21,-7.75,173.53,53.758,54.263,-41.0634,-6.6751,137.38,793.22,-41.0437,-5.9348,,,0.21263,0
209.6290,71,76,8,4,201.00,734.78,capture,160.25,812.70,87.93,0,178.974,8.761,179.755,-18.59,20.85,147.25,-18.19,-7.65,173.83,53.920,54.173,-40.7810,-5.1879,160.25,812.70,-40.9255,-5.5987,,,0.23901,0
209.7312,71,76,8,4,201.00,734.78,capture,167.34,760.07,42.10,0,178.919,8.706,179.763,-18.56,20.81,147.28,-18.12,-7.65,173.27,54.221,54.018,-39.7771,-5.9361,167.34,760.07,-40.4087,-5.7505,,,0.23716,0
209.8442,71,76,8,4,201.00,734.78,capture,185.93,793.12,60.26,0,178.853,8.723,179.748,-18.43,20.90,147.19,-17.52,-7.87,173.60,53.754,53.506,-39.5510,-4.4482,185.93,793.12,-40.0227,-5.1645,,,0.21413,0
209.9309,71,76,8,4,201.00,734.78,capture,153.98,807.78,86.83,0,178.925,8.716,179.768,-18.39,20.70,147.23,-17.68,-7.66,173.37,53.774,53.148,-40.8869,-5.0410,153.98,807.78,-40.4116,-5.1089,,,0.21427,0
210.0259,71,76,8,4,201.00,734.78,capture,153.28,798.17,79.35,0,178.868,8.755,179.764,-18.55,20.72,147.18,-18.49,-7.91,173.63,53.753,53.555,-40.8209,-6.3631,153.28,798.17,-40.5958,-5.6733,,,0.22687,0
210.1353,71,76,8,4,201.00,734.78,capture,147.61,775.41,67.09,0,178.939,8.834,179.744,-18.42,20.65,147.32,-18.18,-7.60,173.27,53.934,53.864,-39.8436,-6.3564,147.61,775.41,-40.2573,-5.9807,,,0.19897,0
210.2505,71,76,8,4,201.00,734.78,capture,163.85,813.49,87.04,0,178.923,8.868,179.740,-18.40,20.60,147.37,-17.92,-7.49,173.10,53.741,53.984,-42.4446,-4.9404,163.85,813.49,-41.2416,-5.5126,,,0.22509,0
210.3498,71,76,8,4,201.00,734.78,capture,171.11,829.78,99.59,0,178.800,8.915,179.775,-18.37,20.54,147.55,-17.96,-7.62,174.03,53.582,53.815,-41.8530,-4.4170,171.11,829.78,-41.5168,-5.0196,,,0.20966,0
210.4458,71,76,8,4,201.00,734.78,capture,169.03,767.01,45.40,0,178.663,8.884,179.777,-18.44,20.51,147.33,-17.51,-7.78,174.19,53.807,54.129,-40.3489,-4.9783,169.03,767.01,-40.9912,-5.0010,,,0.20781,0
210.5672,71,76,8,4,201.00,734.78,capture,173.93,805.37,75.60,0,178.713,9.036,179.784,-18.40,20.70,147.30,-17.95,-7.73,173.28,54.057,54.181,-41.1638,-4.5784,173.93,805.37,-41.0689,-4.8108,,,0.20628,0
210.6602,71,76,8,4,201.00,734.78,capture,169.26,783.40,58.07,0,178.857,9.078,179.783,-18.33,20.58,147.25,-17.51,-7.70,173.37,54.229,54.016,-40.8322,-5.0579,169.26,783.40,-40.9623,-4.9220,,,0.23601,0
210.7545,71,76,8,4,201.00,734.78,capture,187.17,807.83,74.35,0,178.845,8.980,179.782,-18.24,20.69,147.54,-18.30,-7.55,173.76,54.739,54.020,-42.4089,-4.4401,187.17,807.83,-41.6133,-4.7052,,,0.22181,0
210.9299,72,61,6,7,335.00,561.89,dwell,188.62,812.45,290.19,0,178.909,8.891,179.786,-18.35,20.72,147.43,-17.58,-7.73,173.91,54.865,54.469,-41.2814,-4.5639,188.62,812.45,-41.2814,-4.5639,,,0.26481,0
211.0218,72,61,6,7,335.00,561.89,dwell,324.44,712.63,151.11,0,178.812,8.797,179.816,-18.33,20.60,147.28,-18.68,-7.38,173.39,54.541,54.657,-37.0361,2.5210,324.44,712.63,-39.3710,-1.3757,,,0.24549,0
211.1098,72,61,6,7,335.00,561.89,dwell,206.43,818.02,286.59,0,178.716,8.779,179.832,-18.29,20.56,147.06,-18.09,-7.43,173.55,54.463,54.609,-40.9915,-2.5749,206.43,818.02,-40.1002,-1.9153,,,0.24165,0
211.2113,72,61,6,7,335.00,561.89,dwell,250.02,651.60,123.57,0,178.751,8.579,179.847,-18.35,20.58,147.10,-18.14,-7.68,173.21,54.213,54.442,-35.4782,-1.2112,250.02,651.60,-38.0203,-1.5985,,,0.23721,0
211.3087,72,61,6,7,335.00,561.89,dwell,256.22,549.14,79.80,0,178.793,8.567,179.838,-18.25,20.62,147.27,-18.24,-7.89,173.80,53.703,54.239,-30.7090,-1.4714,256.22,549.14,-34.7302,-1.5413,,,0.20117,0
211.4174,72,61,6,7,335.00,561.89,dwell,365.65,537.45,39.20,0,178.750,8.523,179.843,-18.30,20.63,147.18,-17.22,-7.34,173.69,53.252,54.399,-31.3927,3.9701,365.65,537.45,-33.2283,0.9388,,,0.18705,0
211.5112,72,61,6,7,335.00,561.89,dwell,402.18,463.57,119.08,0,178.761,8.651,179.839,-18.35,20.66,147.33,-18.18,-8.56,173.53,53.393,54.094,-29.0557,5.3325,402.18,463.57,-31.3507,2.9160,,,0.21575,0
211.6220,72,61,6,7,335.00,561.89,dwell,347.47,532.92,31.54,1,178.882,8.561,179.855,-18.38,20.60,147.36,-17.86,-7.84,173.31,53.818,54.256,-29.7276,3.4825,347.47,532.92,-30.6203,3.1709,,,0.21714,0
211.7192,72,61,6,7,335.00,561.89,capture,397.91,504.93,84.86,0,178.874,8.520,179.854,-18.20,20.66,147.34,-17.71,-7.95,173.50,53.605,54.326,-29.7715,5.4641,397.91,504.93,-30.2383,4.2029,,,0.20520,0
211.8133,72,61,6,7,335.00,561.89,capture,406.17,522.77,81.21,0,178.914,8.611,179.845,-18.24,20.63,147.29,-17.72,-7.54,173.66,53.985,54.273,-30.7695,6.2531,406.17,522.77,-30.4773,5.1254,,,0.20853,0
211.9285,72,61,6,7,335.00,561.89,capture,413.61,522.67,87.85,0,179.045,8.451,179.832,-18.21,20.56,147.31,-17.81,-7.58,172.98,53.662,54.130,-29.8233,6.4222,413.61,522.67,-30.1830,5.7090,,,0.21392,0
212.0211,72,61,6,7,335.00,561.89,capture,402.18,521.57,78.35,0,179.162,8.520,179.827,-18.27,20.46,147.08,-17.90,-7.64,173.15,53.358,54.507,-29.3853,5.5358,402.18,521.57,-29.8240,5.6311,,,0.18859,0
212.1077,72,61,6,7,335.00,561.89,capture,423.12,547.37,89.31,0,179.168,8.471,179.830,-18.32,20.40,147.07,-17.51,-7.81,172.78,53.473,54.702,-30.5956,6.8176,423.12,547.37,-30.1712,6.1650,,,0.19034,0
212.2034,72,61,6,7,335.00,561.89,capture,415.81,499.99,101.79,0,179.121,8.602,179.829,-18.28,20.54,147.36,-17.62,-8.41,173.76,53.827,55.127,-29.5318,6.2685,415.81,499.99,-29.8835,6.2116,,,0.21065,0
212.3236,72,61,6,7,335.00,561.89,capture,402.37,493.85,95.75,0,179.119,8.575,179.801,-18.29,20.67,147.12,-17.43,-8.27,173.65,53.591,54.412,-28.4430,5.5752,402.37,493.85,-29.2352,5.9252,,,0.21381,0
212.4056,72,61,6,7,335.00,561.89,capture,423.98,535.84,92.71,0,179.029,8.546,179.792,-18.25,20.78,147.02,-17.96,-8.86,173.54,53.693,54.086,-30.8704,6.1218,423.98,535.84,-29.9710,6.0137,,,0.22509,0
212.5092,72,61,6,7,335.00,561.89,capture,409.20,535.35,78.80,0,179.051,8.509,179.855,-18.22,20.77,147.09,-17.38,-7.46,172.58,53.832,54.201,-31.8722,5.5685,409.20,535.35,-30.8266,5.8134,,,0.22466,0
212.6258,72,61,6,7,335.00,561.89,capture,386.13,494.26,84.78,0,179.061,8.404,179.851,-18.44,21.06,147.17,-18.29,-7.87,173.63,53.709,54.221,-28.8263,5.8619,386.13,494.26,-29.9265,5.8352,,,0.19457,0
212.7212,72,61,6,7,335.00,561.89,capture,394.19,515.30,75.33,0,178.977,8.452,179.845,-18.52,21.01,147.33,-17.98,-8.39,173.14,53.463,54.499,-28.3726,5.8054,394.19,515.30,-29.2272,5.8218,,,0.18886,0
212.8289,72,61,6,7,335.00,561.89,capture,395.40,523.53,71.55,0,178.968,8.525,179.821,-18.60,20.97,147.28,-17.49,-7.57,173.58,53.337,54.369,-30.7917,5.4274,395.40,523.53,-29.9312,5.6443,,,0.18465,0
212.9222,72,61,6,7,335.00,561.89,capture,396.69,504.12,84.52,0,179.050,8.411,179.851,-18.49,20.88,147.17,-17.49,-7.66,173.27,53.712,54.388,-29.4429,5.7714,396.69,504.12,-29.7115,5.7015,,,0.20483,0
213.0244,72,61,6,7,335.00,561.89,capture,403.79,506.54,88.29,0,179.043,8.450,179.833,-18.37,20.83,147.21,-18.01,-7.25,173.18,53.810,54.526,-29.3884,5.9100,403.79,506.54,-29.5661,5.7953,,,0.23998,0
213.1378,72,61,6,7,335.00,561.89,capture,403.04,512.74,83.93,0,178.980,8.535,179.836,-18.25,21.00,147.11,-17.71,-7.24,173.39,53.663,54.657,-30.0989,5.5444,403.04,512.74,-29.8058,5.6824,,,0.21826,0
213.2375,72,61,6,7,335.00,561.89,capture,397.76,511.09,80.74,0,178.919,8.452,179.824,-18.29,20.91,147.01,-17.79,-7.81,173.04,53.466,54.925,-30.2040,5.8721,397.76,511.09,-29.9850,5.7678,,,0.22566,0
213.3504,72,61,6,7,335.00,561.89,capture,410.29,505.02,94.35,0,178.959,8.545,179.807,-18.50,21.01,147.19,-18.28,-8.59,173.40,53.517,55.103,-30.1520,6.2208,410.29,505.02,-30.0601,5.9716,,,0.18827,0
213.4480,72,61,6,7,335.00,561.89,capture,400.42,543.50,67.96,0,178.982,8.585,179.830,-18.63,21.13,147.22,-18.05,-8.60,172.99,53.556,54.604,-30.9350,5.3914,400.42,543.50,-30.4538,5.7106,,,0.21817,0
213.5517,72,61,6,7,335.00,561.89,capture,420.99,504.65,103.30,0,179.054,8.729,179.804,-18.63,21.01,147.34,-18.47,-6.99,173.45,53.244,54.312,-29.4125,6.2159,420.99,504.65,-29.9852,5.9379,,,0.21109,0
213.6386,72,61,6,7,335.00,561.89,capture,415.78,488.11,109.40,0,179.038,8.849,179.794,-18.49,20.99,147.39,-18.77,-8.32,174.09,53.535,54.530,-28.5455,5.7785,415.78,488.11,-29.3373,5.8662,,,0.20572,0
213.8738,73,63,7,0,22.33,648.33,dwell,297.37,578.44,283.78,0,179.037,8.859,179.812,-18.55,20.90,147.55,-18.25,-7.63,173.65,53.192,54.308,-31.6299,1.0265,297.37,578.44,-31.6299,1.0265,,,0.18928,0
213.9678,73,63,7,0,22.33,648.33,dwell,344.69,559.61,334.34,0,178.938,8.852,179.812,-18.36,20.74,147.69,-18.04,-7.44,174.09,53.308,54.127,-32.6114,3.0721,344.69,559.61,-32.0716,1.9470,,,0.20939,0
214.0655,73,63,7,0,22.33,648.33,dwell,306.00,563.54,296.07,0,178.874,8.720,179.838,-18.45,20.88,147.63,-18.27,-7.35,173.98,53.686,53.967,-31.2137,1.0079,306.00,563.54,-31.6855,1.5244,,,0.20825,0
214.1674,73,63,7,0,22.33,648.33,dwell,270.65,486.44,296.43,0,178.871,8.809,179.836,-18.46,21.01,147.67,-18.46,-6.94,174.09,53.435,53.814,-28.6640,-0.3040,270.65,486.44,-30.3258,0.7016,,,0.21259,0
214.2637,73,63,7,0,22.33,648.33,dwell,234.27,436.62,299.57,0,178.761,8.783,179.865,-18.41,20.97,147.78,-17.62,-7.75,174.18,53.450,53.953,-26.8259,-1.3985,234.27,436.62,-28.7508,-0.2434,,,0.20306,0
214.3627,73,63,7,0,22.33,648.33,dwell,195.28,594.85,181.03,0,178.783,8.849,179.850,-18.34,20.91,147.82,-17.47,-7.07,174.45,53.395,53.945,-33.0594,-4.7121,195.28,594.85,-30.6897,-2.2544,,,0.21800,0
214.4474,73,63,7,0,22.33,648.33,dwell,179.51,573.94,173.89,0,178.718,8.918,179.864,-18.52,20.85,148.00,-18.00,-8.58,174.44,53.744,54.027,-32.8209,-4.5174,179.51,573.94,-31.6487,-3.2727,,,0.22163,0
214.5453,73,63,7,0,22.33,648.33,dwell,215.65,437.70,285.90,0,178.703,8.752,179.842,-18.48,20.80,147.66,-18.43,-7.41,173.81,53.859,54.252,-27.3207,-3.5616,215.65,437.70,-29.7011,-3.4027,,,0.21188,0
214.6273,73,63,7,0,22.33,648.33,dwell,163.79,559.06,167.27,0,178.653,8.839,179.806,-18.45,20.87,147.61,-18.19,-7.54,173.80,53.828,54.193,-31.3462,-5.3887,163.79,559.06,-30.4414,-4.2964,,,0.22189,0
214.7254,73,63,7,0,22.33,648.33,dwell,154.08,576.74,149.94,0,178.731,8.757,179.822,-18.46,20.85,147.66,-17.85,-7.65,174.24,53.836,54.267,-31.5593,-6.0668,154.08,576.74,-30.9445,-5.0931,,,0.23577,0
214.8281,73,63,7,0,22.33,648.33,capture,126.68,527.99,159.28,0,178.925,8.678,179.850,-18.35,20.86,147.65,-18.09,-7.48,173.96,53.498,54.299,-29.8902,-7.3838,126.68,527.99,-30.4700,-6.1239,,,0.22146,0
214.9331,73,63,7,0,22.33,648.33,capture,134.83,526.17,166.07,0,178.860,8.503,179.837,-18.28,20.84,147.73,-17.24,-8.45,174.15,53.570,54.153,-29.9692,-6.2829,134.83,526.17,-30.2447,-6.1955,,,0.20155,0
215.0168,73,63,7,0,22.33,648.33,capture,124.13,520.15,163.69,0,178.743,8.476,179.816,-18.29,20.90,147.70,-17.72,-7.15,173.27,53.515,54.529,-29.7501,-7.1183,124.13,520.15,-30.0221,-6.6108,,,0.21688,0
215.1242,73,63,7,0,22.33,648.33,capture,109.24,499.80,172.09,0,178.773,8.493,179.837,-18.32,20.77,147.77,-18.02,-8.45,173.94,53.342,54.053,-29.1329,-7.9498,109.24,499.80,-29.6220,-7.2133,,,0.19993,0
215.2417,73,63,7,0,22.33,648.33,capture,121.30,515.60,165.57,0,178.816,8.415,179.904,-18.19,20.72,147.90,-17.36,-8.81,174.14,53.559,53.960,-29.7868,-7.1593,121.30,515.60,-29.6962,-7.1890,,,0.21050,0
215.3417,73,63,7,0,22.33,648.33,capture,125.77,537.93,151.29,0,178.767,8.400,179.899,-18.25,20.70,148.05,-17.85,-7.77,174.26,53.832,54.125,-30.2871,-7.0450,125.77,537.93,-29.9621,-7.1242,,,0.23260,0
215.4629,73,63,7,0,22.33,648.33,capture,158.54,509.19,194.71,0,178.830,8.591,179.903,-18.20,20.67,148.21,-17.98,-9.05,174.76,53.853,54.239,-29.6807,-5.9474,158.54,509.19,-29.8355,-6.5946,,,0.21614,0
215.5835,73,63,7,0,22.33,648.33,capture,145.02,501.08,191.67,0,178.822,8.616,179.885,-18.13,20.60,148.20,-17.74,-8.00,175.29,53.511,54.329,-29.7691,-5.9658,145.02,501.08,-29.8056,-6.3117,,,0.20833,0
215.6845,73,63,7,0,22.33,648.33,capture,129.61,513.64,172.19,0,178.875,8.606,179.861,-18.22,20.69,148.11,-17.72,-7.88,174.65,53.571,54.080,-30.4489,-6.9022,129.61,513.64,-30.0951,-6.5774,,,0.20788,0
215.8009,73,63,7,0,22.33,648.33,capture,114.05,522.86,155.42,0,178.927,8.517,179.897,-18.21,20.53,147.82,-17.81,-8.31,174.24,53.592,54.386,-29.7056,-8.0233,114.05,522.86,-29.9198,-7.2281,,,0.22226,0
215.9071,73,63,7,0,22.33,648.33,capture,110.92,506.86,166.92,0,178.998,8.384,179.838,-18.37,20.68,147.63,-18.22,-6.90,174.15,53.345,54.021,-30.0463,-7.1214,110.92,506.86,-29.9767,-7.1801,,,0.19529,0
216.0123,73,63,7,0,22.33,648.33,capture,105.54,519.02,153.77,0,178.914,8.367,179.826,-18.27,20.79,147.63,-17.63,-8.19,173.70,53.658,53.907,-29.8534,-7.6479,105.54,519.02,-29.9213,-7.3906,,,0.23442,0
216.1000,73,63,7,0,22.33,648.33,capture,129.46,489.94,191.22,0,178.937,8.538,179.829,-18.33,20.87,147.71,-18.51,-7.67,174.30,53.476,53.684,-28.5524,-6.5345,129.46,489.94,-29.3053,-7.0053,,,0.22890,0
216.1966,73,63,7,0,22.33,648.33,capture,122.84,520.03,162.98,0,178.959,8.586,179.856,-18.42,20.83,147.52,-17.75,-7.31,174.00,53.794,53.628,-30.3561,-6.8752,122.84,520.03,-29.7781,-6.9468,,,0.19079,0
216.2917,73,63,7,0,22.33,648.33,capture,138.62,543.43,156.61,0,178.860,8.555,179.836,-18.27,20.60,147.49,-17.41,-8.02,173.59,53.956,53.453,-31.3746,-6.1831,138.62,543.43,-30.4965,-6.6031,,,0.24605,0
216.3938,73,63,7,0,22.33,648.33,capture,145.35,500.49,192.33,0,178.739,8.526,179.848,-18.30,20.53,147.50,-17.77,-8.81,173.79,54.081,53.716,-28.8504,-6.0476,145.35,500.49,-29.7558,-6.3531,,,0.25303,0
216.4921,73,63,7,0,22.33,648.33,capture,118.95,538.74,146.10,0,178.794,8.469,179.874,-18.23,20.54,147.79,-17.44,-7.90,173.52,53.856,54.300,-30.8716,-7.2867,118.95,538.74,-30.2579,-6.7732,,,0.22364,0
216.5857,73,63,7,0,22.33,648.33,capture,119.94,511.54,168.05,0,178.837,8.432,179.887,-18.13,20.43,147.93,-17.79,-9.41,174.54,53.889,54.412,-29.8356,-6.7548,119.94,511.54,-30.0679,-6.7650,,,0.22111,0
216.6838,73,63,7,0,22.33,648.33,capture,128.07,485.47,194.18,0,178.865,8.500,179.878,-18.11,20.32,148.13,-17.83,-7.78,174.26,53.704,54.086,-28.3654,-6.8213,128.07,485.47,-29.3018,-6.7903,,,0.22435,0
216.7832,73,63,7,0,22.33,648.33,capture,118.31,518.47,161.48,0,178.843,8.632,179.855,-18.19,20.42,148.19,-17.79,-7.77,174.27,53.957,53.984,-29.8467,-7.3267,118.31,518.47,-29.5470,-7.0317,,,0.22498,0
216.9783,74,68,7,5,245.67,648.33,dwell,255.08,754.65,106.73,0,178.928,8.672,179.848,-18.24,20.54,148.28,-18.20,-7.82,174.91,53.912,54.255,-39.8453,-1.4994,255.08,754.65,-39.8453,-1.4994,,,0.23094,0
217.0866,74,68,7,5,245.67,648.33,dwell,218.25,763.48,118.37,0,178.909,8.592,179.886,-18.34,20.48,148.39,-17.48,-8.87,175.23,54.062,54.411,-40.7161,-2.4063,218.25,763.48,-40.2371,-1.9075,,,0.22924,0
217.1795,74,68,7,5,245.67,648.33,dwell,209.89,634.59,38.33,0,178.932,8.680,179.883,-18.41,20.42,148.25,-18.18,-8.13,174.62,53.581,54.627,-34.7033,-2.7887,209.89,634.59,-37.7469,-2.3040,,,0.21276,0
217.2810,74,68,7,5,245.67,648.33,dwell,214.53,613.95,46.39,0,178.893,8.647,179.876,-18.42,20.42,148.10,-17.94,-7.95,174.81,53.547,54.665,-33.7799,-2.9426,214.53,613.95,-35.9617,-2.5914,,,0.19861,0
217.3804,74,68,7,5,245.67,648.33,dwell,237.13,496.96,151.61,0,178.871,8.622,179.891,-18.49,20.43,148.13,-18.01,-7.78,174.06,53.550,55.179,-29.1603,-1.9711,237.13,496.96,-32.9011,-2.3123,,,0.18569,0
217.4704,74,68,7,5,245.67,648.33,dwell,238.87,665.02,18.02,1,178.781,8.638,179.890,-18.40,20.48,148.18,-18.12,-8.08,174.84,53.628,54.969,-35.8390,-2.2123,238.87,665.02,-34.2232,-2.2673,,,0.22778,0
217.5709,74,68,7,5,245.67,648.33,dwell,253.88,677.73,30.52,1,178.766,8.638,179.872,-18.41,20.39,148.33,-17.64,-8.33,174.97,53.577,54.694,-35.6315,-0.3284,253.88,677.73,-34.8569,-1.3948,,,0.21090,0
217.6723,74,68,7,5,245.67,648.33,dwell,297.89,647.81,52.23,0,178.676,8.605,179.885,-18.45,20.69,148.27,-17.67,-7.80,174.89,54.023,54.686,-35.0045,0.9908,297.89,647.81,-34.9233,-0.3213,,,0.22097,0
217.7669,74,68,7,5,245.67,648.33,dwell,275.64,705.15,64.24,0,178.747,8.772,179.901,-18.49,20.70,148.14,-17.69,-7.84,174.43,54.268,54.260,-37.0765,-0.6140,275.64,705.15,-35.8922,-0.4530,,,0.24135,0
217.8839,74,68,7,5,245.67,648.33,dwell,265.04,720.66,74.88,0,178.680,8.875,179.885,-18.41,20.61,148.39,-18.16,-7.67,175.09,54.190,54.600,-38.2872,-0.1720,265.04,720.66,-36.9700,-0.3266,,,0.23654,0
217.9824,74,68,7,5,245.67,648.33,capture,296.71,716.17,84.90,0,178.708,8.849,179.901,-18.41,20.70,148.32,-18.04,-8.39,175.14,53.720,54.486,-37.5709,0.9893,296.71,716.17,-37.2404,0.2656,,,0.19171,0
218.0848,74,68,7,5,245.67,648.33,capture,277.90,680.44,45.50,0,178.593,8.698,179.930,-18.24,20.56,148.20,-18.30,-8.21,174.25,53.861,54.479,-36.5933,0.0472,277.90,680.44,-36.9492,0.1673,,,0.21817,0
218.1837,74,68,7,5,245.67,648.33,capture,267.58,684.43,42.23,1,178.552,8.741,179.905,-18.33,20.56,148.07,-17.44,-8.53,174.63,53.673,54.158,-36.4808,-0.5814,267.58,684.43,-36.7384,-0.1696,,,0.20299,0
218.2932,74,68,7,5,245.67,648.33,capture,262.77,681.90,37.67,1,178.666,8.718,179.899,-18.44,20.62,147.91,-18.30,-8.08,174.25,53.574,54.277,-37.4810,-0.0769,262.77,681.90,-37.0726,-0.1279,,,0.22849,0
218.3983,74,68,7,5,245.67,648.33,capture,298.60,671.51,57.78,0,178.701,8.536,179.903,-18.40,20.50,147.72,-18.50,-8.46,174.36,53.483,54.172,-36.1543,1.3072,298.60,671.51,-36.6594,0.5179,,,0.20565,0
218.5021,74,68,7,5,245.67,648.33,capture,286.67,713.30,76.82,0,178.747,8.627,179.861,-18.35,20.64,147.58,-18.63,-8.04,173.88,53.431,54.544,-36.9670,0.3334,286.67,713.30,-36.7978,0.4349,,,0.17828,0
218.5923,74,68,7,5,245.67,648.33,capture,281.64,689.73,54.84,0,178.720,8.546,179.858,-18.33,20.68,147.54,-17.45,-7.72,174.03,53.175,54.404,-37.2433,0.3772,281.64,689.73,-36.9983,0.4089,,,0.20779,0
218.6996,74,68,7,5,245.67,648.33,capture,279.55,700.23,61.98,0,178.763,8.568,179.832,-18.22,20.79,147.80,-17.63,-7.57,174.23,53.385,54.181,-37.0549,0.2022,279.55,700.23,-37.0237,0.3159,,,0.19707,0
218.8041,74,68,7,5,245.67,648.33,capture,294.40,706.11,75.58,0,178.715,8.554,179.836,-18.30,20.70,147.64,-18.09,-7.70,173.94,53.641,54.269,-36.8308,1.1574,294.40,706.11,-36.9369,0.6945,,,0.21377,0
218.9017,74,68,7,5,245.67,648.33,capture,272.56,663.37,30.81,0,178.792,8.465,179.813,-18.32,20.78,147.41,-17.86,-9.08,173.14,53.530,54.316,-35.4731,-0.6058,272.56,663.37,-36.2782,0.1094,,,0.19146,0
219.0081,74,68,7,5,245.67,648.33,capture,307.61,680.18,69.65,0,178.723,8.468,179.841,-18.32,20.71,147.39,-17.89,-8.36,173.59,53.619,54.297,-35.9190,1.3395,307.61,680.18,-36.1165,0.6629,,,0.21007,0
219.0912,74,68,7,5,245.67,648.33,capture,285.12,684.73,53.68,0,178.619,8.432,179.860,-18.38,20.51,147.30,-18.32,-8.22,173.76,53.492,53.884,-36.4708,0.2374,285.12,684.73,-36.2759,0.4714,,,0.21173,0
219.1798,74,68,7,5,245.67,648.33,capture,290.44,728.72,92.01,0,178.692,8.554,179.876,-18.35,20.63,147.32,-17.92,-7.91,173.91,53.472,54.425,-37.6335,0.7635,290.44,728.72,-36.8869,0.6028,,,0.19928,0
219.2924,74,68,7,5,245.67,648.33,capture,282.37,705.50,67.93,0,178.675,8.498,179.831,-18.27,20.73,147.22,-17.43,-7.48,173.23,53.741,54.921,-37.0276,0.0324,282.37,705.50,-36.9502,0.3461,,,0.20288,0
219.4079,74,68,7,5,245.67,648.33,capture,286.43,671.92,47.10,0,178.743,8.519,179.838,-18.29,20.73,146.90,-17.38,-8.60,172.92,53.623,54.605,-34.5108,1.0642,286.43,671.92,-35.8525,0.6693,,,0.21762,0
219.5191,74,68,7,5,245.67,648.33,capture,278.19,670.24,39.21,0,178.904,8.693,179.835,-18.26,20.72,147.28,-18.18,-7.27,173.07,53.836,54.935,-34.1318,0.5694,278.19,670.24,-35.0782,0.6244,,,0.22192,0
219.6254,74,68,7,5,245.67,648.33,capture,283.36,704.24,67.43,0,178.928,8.617,179.823,-18.34,20.75,146.97,-17.69,-7.20,172.56,53.181,54.611,-36.6726,0.1640,283.36,704.24,-35.7957,0.4172,,,0.20075,0
219.7202,74,68,7,5,245.67,648.33,capture,287.99,719.09,82.45,0,178.960,8.469,179.824,-18.26,20.49,146.80,-17.73,-8.21,172.71,53.360,54.075,-37.3915,0.6424,287.99,719.09,-36.5138,0.5185,,,0.21234,0
219.8345,74,68,7,5,245.67,648.33,capture,290.70,704.75,72.19,0,178.882,8.507,179.795,-18.29,20.49,147.01,-18.08,-8.42,173.03,54.043,53.676,-36.4704,1.0008,290.70,704.75,-36.4943,0.7356,,,0.23333,0
219.9506,74,68,7,5,245.67,648.33,capture,277.81,694.25,56.05,0,178.889,8.524,179.786,-18.30,20.46,147.05,-18.44,-8.06,173.08,53.874,53.727,-37.0043,0.0569,277.81,694.25,-36.7238,0.4301,,,0.18156,0
220.1575,75,11,1,2,111.67,129.67,dwell,279.83,609.57,508.51,0,178.827,8.297,179.786,-18.39,20.50,147.14,-18.02,-7.78,172.97,53.783,53.576,-32.4773,0.2329,279.83,609.57,-32.4773,0.2329,,,0.22321,0
220.2439,75,11,1,2,111.67,129.67,dwell,291.18,382.81,310.33,0,178.892,8.165,179.817,-18.35,20.52,147.05,-17.83,-7.98,173.57,53.658,53.689,-23.2947,1.1102,291.18,382.81,-28.3451,0.6277,,,0.21412,0
220.3722,75,11,1,2,111.67,129.67,dwell,366.51,528.75,473.51,0,178.852,8.183,179.785,-18.40,20.51,147.30,-17.54,-7.66,173.92,53.429,53.570,-29.7233,3.4980,366.51,528.75,-28.9653,1.9193,,,0.22162,0
220.4623,75,11,1,2,111.67,129.67,dwell,337.71,331.88,303.29,0,178.901,8.223,179.786,-18.38,20.52,147.27,-17.78,-7.92,173.25,53.433,53.740,-24.1203,2.5967,337.71,331.88,-26.7850,2.2241,,,0.24133,0
220.5599,75,11,1,2,111.67,129.67,dwell,214.32,244.96,154.37,0,178.972,8.191,179.805,-18.42,20.59,147.36,-17.96,-8.23,173.76,53.741,53.457,-19.4676,-3.4093,214.32,244.96,-23.4922,-0.3109,,,0.19944,0
220.6437,75,11,1,2,111.67,129.67,dwell,176.76,243.55,131.17,0,179.053,8.140,179.819,-18.32,20.60,147.48,-18.10,-7.20,173.50,53.716,53.559,-19.2470,-4.8525,176.76,243.55,-21.5818,-2.3546,,,0.21594,0
220.7588,75,11,1,2,111.67,129.67,dwell,232.33,239.34,163.06,0,179.024,8.145,179.829,-18.29,20.53,147.40,-17.49,-7.57,173.93,53.904,53.660,-19.0624,-1.9994,232.33,239.34,-20.4481,-2.1948,,,0.22645,0
220.8655,75,11,1,2,111.67,129.67,dwell,195.17,147.75,85.44,0,179.086,8.043,179.845,-18.07,20.39,147.32,-17.74,-8.63,173.45,53.741,53.899,-15.2697,-2.8728,195.17,147.75,-18.1178,-2.4999,,,0.17665,0
220.9718,75,11,1,2,111.67,129.67,dwell,204.92,143.80,94.32,0,179.162,7.944,179.782,-17.98,20.56,147.08,-17.86,-8.15,172.98,53.929,53.731,-16.0830,-3.3230,204.92,143.80,-17.2021,-2.8703,,,0.23119,0
221.0729,75,11,1,2,111.67,129.67,capture,223.64,93.77,117.59,0,179.124,7.973,179.792,-18.09,20.56,147.35,-17.51,-8.21,173.52,53.663,53.962,-13.3106,-2.3695,223.64,93.77,-15.4509,-2.6449,,,0.20797,0
221.1674,75,11,1,2,111.67,129.67,capture,216.42,95.30,110.25,0,179.167,7.777,179.791,-18.10,20.68,147.24,-17.98,-8.78,173.11,53.812,53.967,-14.4027,-2.7387,216.42,95.30,-14.9792,-2.6871,,,0.24423,0
221.2870,75,11,1,2,111.67,129.67,capture,203.72,83.05,103.18,0,179.134,7.844,179.797,-18.16,20.55,147.42,-17.11,-8.04,173.49,53.493,54.142,-13.4418,-3.4526,203.72,83.05,-14.2874,-3.0316,,,0.20902,0
221.3883,75,11,1,2,111.67,129.67,capture,214.06,85.74,111.42,0,179.108,7.733,179.800,-18.20,20.55,147.48,-18.08,-8.09,173.50,53.764,54.280,-13.2242,-2.5150,214.06,85.74,-13.8090,-2.7991,,,0.21613,0
221.4797,75,11,1,2,111.67,129.67,capture,205.63,85.55,103.80,0,179.021,7.745,179.815,-18.05,20.52,147.61,-17.74,-7.93,174.03,53.436,54.523,-13.4661,-3.1221,205.63,85.55,-13.6547,-2.9445,,,0.22866,0
221.5910,75,11,1,2,111.67,129.67,capture,213.27,69.61,118.03,0,179.013,7.775,179.833,-18.04,20.51,147.52,-17.73,-8.67,174.05,53.733,54.056,-13.3749,-2.9207,213.27,69.61,-13.5288,-2.9338,,,0.21232,0
221.7093,75,11,1,2,111.67,129.67,capture,214.58,75.45,116.32,0,179.027,7.741,179.841,-18.03,20.40,147.54,-17.30,-8.37,173.84,53.460,54.334,-13.1382,-2.6268,214.58,75.45,-13.3530,-2.7956,,,0.21252,0
221.7940,75,11,1,2,111.67,129.67,capture,203.32,83.94,102.43,0,178.979,7.716,179.837,-18.10,20.37,147.57,-17.63,-7.88,173.93,53.467,54.118,-13.1445,-3.4137,203.32,83.94,-13.2592,-3.0738,,,0.21411,0
221.9020,75,11,1,2,111.67,129.67,capture,204.21,69.16,110.57,0,178.941,7.764,179.834,-17.96,20.47,147.70,-17.89,-7.10,173.85,53.531,54.275,-12.4871,-3.7222,204.21,69.16,-12.9117,-3.3656,,,0.20950,0
222.0021,75,11,1,2,111.67,129.67,capture,208.02,88.80,104.66,0,178.942,7.649,179.821,-18.03,20.44,147.73,-17.77,-8.08,174.03,53.591,54.357,-13.6819,-2.3707,208.02,88.80,-13.2583,-2.9179,,,0.21836,0
222.0996,75,11,1,2,111.67,129.67,capture,184.98,97.53,80.05,0,179.017,7.641,179.796,-18.03,20.30,147.73,-17.37,-8.36,173.66,53.822,54.819,-14.1787,-4.4478,184.98,97.53,-13.6725,-3.6063,,,0.20079,0
222.1870,75,11,1,2,111.67,129.67,capture,212.92,81.21,112.25,0,178.941,7.675,179.801,-17.96,20.37,147.77,-17.54,-7.78,174.00,54.162,54.828,-12.8045,-2.9930,212.92,81.21,-13.2819,-3.3303,,,0.21201,0
222.2690,75,11,1,2,111.67,129.67,capture,208.78,63.67,117.42,0,178.849,7.745,179.793,-17.89,20.33,148.04,-17.26,-8.52,174.08,53.876,54.899,-12.2319,-2.9938,208.78,63.67,-12.8094,-3.1789,,,0.21629,0
222.3716,75,11,1,2,111.67,129.67,capture,205.60,68.60,112.04,0,178.794,7.777,179.805,-17.84,20.14,147.92,-17.80,-8.30,174.33,53.998,54.869,-12.6893,-2.4620,205.60,68.60,-12.7553,-2.8563,,,0.21561,0
222.4619,75,11,1,2,111.67,129.67,capture,208.45,97.33,102.04,0,178.775,7.895,179.808,-17.80,20.38,147.85,-17.61,-8.63,174.37,53.819,54.730,-12.9781,-3.6585,208.45,97.33,-12.8556,-3.2173,,,0.21531,0
222.5512,75,11,1,2,111.67,129.67,capture,196.79,81.46,97.83,0,178.697,7.867,179.786,-17.92,20.57,147.98,-17.08,-7.68,173.82,53.952,54.825,-13.2937,-3.6134,196.79,81.46,-13.0527,-3.3956,,,0.21609,0
222.6337,75,11,1,2,111.67,129.67,capture,227.74,58.54,136.13,0,178.826,7.943,179.788,-17.95,20.59,147.81,-17.85,-7.81,174.43,54.120,55.060,-11.6499,-2.1663,227.74,58.54,-12.4215,-2.8424,,,0.24082,0
222.7463,75,11,1,2,111.67,129.67,capture,196.48,64.70,106.84,0,178.785,8.032,179.794,-18.11,20.41,147.65,-18.41,-8.22,174.34,54.307,54.466,-13.5035,-3.1851,196.48,64.70,-12.9084,-2.9966,,,0.22712,0
222.8529,75,11,1,2,111.67,129.67,capture,221.78,64.10,128.16,0,178.877,8.134,179.763,-18.15,20.46,147.60,-18.16,-9.04,173.79,54.496,54.756,-11.8995,-2.6809,221.78,64.10,-12.4544,-2.8545,,,0.24319,0
222.9708,75,11,1,2,111.67,129.67,capture,206.20,66.49,113.70,0,178.822,7.955,179.803,-18.30,20.45,147.38,-17.24,-7.68,173.57,54.737,54.780,-11.6397,-3.7961,206.20,66.49,-12.0878,-3.2782,,,0.23848,0
223.1680,76,58,6,4,201.00,561.89,dwell,115.77,110.34,459.52,0,178.841,7.929,179.810,-18.17,20.44,147.46,-17.85,-7.73,173.96,54.451,54.452,-14.4380,-7.4575,115.77,110.34,-14.4380,-7.4575,,,0.20848,0
223.2636,76,58,6,4,201.00,561.89,dwell,34.57,146.26,447.71,0,178.768,7.980,179.825,-18.09,20.58,147.16,-17.73,-7.77,173.70,54.216,54.689,-14.6522,-10.9533,34.57,146.26,-14.5344,-9.0306,,,0.22535,0
223.3588,76,58,6,4,201.00,561.89,dwell,212.25,328.92,233.24,0,178.858,8.135,179.816,-18.11,20.66,147.25,-17.94,-8.18,172.98,53.924,55.014,-21.5845,-3.1301,212.25,328.92,-17.7069,-6.3754,,,0.22245,0
223.4607,76,58,6,4,201.00,561.89,dwell,132.09,183.85,384.27,0,178.755,8.123,179.814,-18.18,20.56,147.14,-17.35,-7.74,173.20,53.907,54.712,-17.0841,-6.6553,132.09,183.85,-17.4266,-6.5014,,,0.22422,0
223.5464,76,58,6,4,201.00,561.89,dwell,188.64,246.05,316.08,0,178.879,8.198,179.791,-18.23,20.57,147.21,-17.29,-7.34,172.98,53.843,54.698,-18.9499,-4.2622,188.64,246.05,-18.1121,-5.4938,,,0.21657,0
223.6502,76,58,6,4,201.00,561.89,dwell,212.53,298.93,263.21,0,178.847,8.366,179.826,-18.30,20.62,147.25,-17.55,-7.65,173.41,53.746,54.817,-21.7763,-3.7933,212.53,298.93,-19.7610,-4.7286,,,0.23837,0
223.7706,76,58,6,4,201.00,561.89,dwell,105.67,328.58,252.03,0,178.871,8.438,179.832,-18.40,20.48,147.34,-18.19,-8.36,173.21,53.704,54.588,-22.8496,-7.9388,105.67,328.58,-21.1509,-6.1732,,,0.18371,0
223.8646,76,58,6,4,201.00,561.89,dwell,199.86,379.49,182.40,0,179.002,8.402,179.785,-18.18,20.54,147.15,-18.27,-7.50,173.36,53.882,54.646,-24.3544,-3.7276,199.86,379.49,-22.5925,-5.0727,,,0.22961,0
223.9562,76,58,6,4,201.00,561.89,dwell,200.80,377.49,184.40,0,179.111,8.398,179.790,-18.13,20.39,147.15,-17.79,-8.00,172.98,53.699,54.530,-24.7431,-3.4429,200.80,377.49,-23.5602,-4.3393,,,0.21904,0
224.0584,76,58,6,4,201.00,561.89,dwell,211.32,441.01,121.32,0,179.120,8.451,179.789,-18.25,20.31,147.21,-17.97,-8.21,173.34,53.859,54.301,-27.4568,-3.0238,211.32,441.01,-25.3137,-3.7473,,,0.20913,0
224.1490,76,58,6,4,201.00,561.89,capture,198.24,437.73,124.19,0,179.027,8.455,179.789,-18.26,20.21,147.43,-18.08,-7.56,173.78,53.854,54.697,-26.9434,-4.0727,198.24,437.73,-26.0471,-3.8937,,,0.23489,0
224.2445,76,58,6,4,201.00,561.89,capture,201.49,445.76,116.13,0,178.950,8.365,179.787,-18.20,20.13,147.44,-17.54,-9.10,173.08,53.693,54.346,-26.8223,-3.5034,201.49,445.76,-26.3959,-3.7181,,,0.22774,0
224.3265,76,58,6,4,201.00,561.89,capture,189.06,410.97,151.39,0,178.858,8.329,179.789,-18.15,20.10,147.31,-17.36,-8.51,173.55,53.715,54.511,-26.2267,-3.9683,189.06,410.97,-26.3198,-3.8307,,,0.20066,0
224.4169,76,58,6,4,201.00,561.89,capture,218.94,441.78,121.44,0,178.902,8.422,179.786,-18.16,20.22,147.38,-17.68,-8.58,173.69,53.651,54.578,-27.3649,-2.8557,218.94,441.78,-26.7901,-3.3919,,,0.19000,0
224.5225,76,58,6,4,201.00,561.89,capture,209.18,447.11,115.07,0,178.892,8.229,179.798,-18.13,20.20,147.62,-17.55,-8.71,174.63,53.764,54.554,-27.3749,-3.5138,209.18,447.11,-27.0532,-3.4468,,,0.20602,0
224.6233,76,58,6,4,201.00,561.89,capture,205.46,455.16,106.82,0,178.907,8.226,179.798,-18.19,20.53,147.76,-17.94,-8.06,173.68,53.766,54.856,-28.0409,-3.5683,205.46,455.16,-27.4977,-3.5015,,,0.24754,0
224.7208,76,58,6,4,201.00,561.89,capture,187.34,437.45,125.19,0,178.808,8.377,179.854,-18.30,20.79,147.72,-18.34,-7.41,174.02,53.381,54.743,-27.1808,-4.4826,187.34,437.45,-27.3551,-3.9430,,,0.20964,0
224.8272,76,58,6,4,201.00,561.89,capture,210.81,445.97,116.33,0,178.819,8.478,179.866,-18.42,20.44,148.07,-18.05,-9.05,174.67,52.870,54.873,-27.7527,-2.7268,210.81,445.97,-27.5340,-3.3957,,,0.19957,0
224.9285,76,58,6,4,201.00,561.89,capture,204.47,444.78,117.16,0,178.923,8.243,179.831,-18.38,20.33,148.27,-17.61,-8.77,174.98,52.969,54.538,-27.3502,-2.7472,204.47,444.78,-27.4513,-3.1039,,,0.17810,0
225.0105,76,58,6,4,201.00,561.89,capture,198.61,438.82,123.09,0,178.963,8.308,179.871,-18.32,20.41,147.94,-16.85,-8.09,174.31,53.022,54.550,-27.4057,-3.2846,198.61,438.82,-27.4308,-3.1852,,,0.17904,0
225.1281,76,58,6,4,201.00,561.89,capture,200.03,445.49,116.40,0,179.002,8.369,179.874,-18.13,20.50,148.03,-17.85,-7.15,174.75,53.384,55.014,-27.2215,-3.1484,200.03,445.49,-27.3366,-3.1687,,,0.20226,0
225.2445,76,58,6,4,201.00,561.89,capture,200.31,406.51,155.38,0,179.052,8.489,179.867,-18.16,20.63,148.02,-17.07,-7.35,174.01,53.850,55.058,-25.1514,-3.4037,200.31,406.51,-26.3533,-3.2744,,,0.23678,0
225.3304,76,58,6,4,201.00,561.89,capture,209.10,432.89,129.25,0,179.041,8.617,179.828,-18.20,20.65,147.98,-17.92,-7.96,174.43,54.037,54.562,-26.8645,-3.1559,209.10,432.89,-26.5833,-3.2211,,,0.21863,0
225.4400,76,58,6,4,201.00,561.89,capture,190.33,458.90,103.54,0,178.875,8.435,179.828,-18.09,20.60,148.06,-17.74,-8.25,174.36,54.242,54.662,-27.8210,-4.6728,190.33,458.90,-27.1403,-3.8744,,,0.21972,0
225.5480,76,58,6,4,201.00,561.89,capture,202.45,427.87,134.03,0,178.859,8.449,179.830,-18.16,20.79,147.96,-17.96,-7.56,174.39,53.955,54.503,-27.2112,-3.2820,202.45,427.87,-27.1722,-3.6078,,,0.22961,0
225.6543,76,58,6,4,201.00,561.89,capture,210.92,444.54,117.77,0,178.876,8.269,179.858,-18.34,20.96,147.38,-18.23,-7.07,173.79,53.560,54.668,-27.8008,-2.5043,210.92,444.54,-27.4550,-3.1112,,,0.19707,0
225.7449,76,58,6,4,201.00,561.89,capture,200.14,457.05,104.84,0,178.897,8.341,179.853,-18.37,20.75,147.27,-18.19,-8.70,173.41,53.757,54.417,-27.0246,-2.6854,200.14,457.05,-27.2613,-2.9196,,,0.20281,0
225.8548,76,58,6,4,201.00,561.89,capture,186.25,441.09,121.70,0,178.967,8.264,179.868,-18.56,20.99,147.28,-17.44,-7.27,172.78,53.679,54.168,-25.6838,-5.1852,186.25,441.09,-26.5515,-3.9391,,,0.22204,0
225.9520,76,58,6,4,201.00,561.89,capture,219.16,427.63,135.48,0,178.914,8.448,179.856,-18.51,21.00,147.25,-17.94,-7.17,173.52,53.423,54.115,-26.7043,-3.0535,219.16,427.63,-26.6202,-3.5406,,,0.19921,0
226.0699,76,58,6,4,201.00,561.89,capture,211.48,444.09,118.26,0,178.920,8.286,179.862,-18.57,21.04,147.13,-18.15,-6.41,173.13,53.378,54.082,-26.7127,-2.6946,211.48,444.09,-26.6618,-3.1599,,,0.22203,0
226.2685,77,21,2,3,156.33,216.11,dwell,187.74,348.61,136.17,0,179.035,8.472,179.839,-18.63,20.96,147.31,-17.84,-7.70,173.33,53.828,53.922,-22.6729,-4.5455,187.74,348.61,-22.6729,-4.5455,,,0.19670,0
226.3588,77,21,2,3,156.33,216.11,dwell,78.10,427.53,225.43,0,179.042,8.416,179.856,-18.53,20.80,147.28,-18.17,-7.82,173.58,53.687,53.560,-26.5078,-9.2441,78.10,427.53,-24.3986,-6.6599,,,0.21679,0
226.4628,77,21,2,3,156.33,216.11,dwell,114.31,350.61,140.91,0,179.116,8.381,179.856,-18.58,20.76,147.56,-18.06,-7.72,173.74,53.776,53.698,-23.2839,-7.9438,114.31,350.61,-23.8970,-7.2376,,,0.22269,0
226.5695,77,21,2,3,156.33,216.11,dwell,172.03,405.52,190.06,0,179.070,8.388,179.814,-18.50,20.66,147.39,-17.88,-8.62,173.58,53.580,54.007,-25.8197,-5.2595,172.03,405.52,-24.7622,-6.3475,,,0.18921,0
226.6731,77,21,2,3,156.33,216.11,dwell,132.45,461.55,246.60,0,179.187,8.410,179.819,-18.46,20.39,147.35,-18.47,-7.93,173.87,53.625,54.260,-27.7350,-6.4040,132.45,461.55,-26.1000,-6.3729,,,0.18089,0
226.7551,77,21,2,3,156.33,216.11,dwell,125.54,433.06,219.12,0,179.060,8.206,179.817,-18.57,20.45,147.21,-18.25,-8.18,173.55,53.912,54.052,-26.7743,-6.8587,125.54,433.06,-26.4034,-6.5915,,,0.21569,0
226.8566,77,21,2,3,156.33,216.11,dwell,146.21,490.17,274.25,0,179.063,8.337,179.824,-18.35,20.50,147.34,-17.30,-7.94,173.38,53.919,54.174,-29.1480,-6.4681,146.21,490.17,-27.6385,-6.5360,,,0.22488,0
226.9483,77,21,2,3,156.33,216.11,dwell,140.15,443.45,227.91,0,178.999,8.256,179.856,-18.40,20.51,147.22,-18.23,-8.10,173.67,53.962,54.174,-27.4555,-5.8474,140.15,443.45,-27.5562,-6.2261,,,0.23364,0
227.0673,77,21,2,3,156.33,216.11,dwell,94.43,437.46,229.84,0,178.984,8.102,179.851,-18.34,20.42,147.56,-17.78,-7.79,174.06,54.088,54.148,-26.5272,-8.5805,94.43,437.46,-27.0931,-7.2856,,,0.22288,0
227.1750,77,21,2,3,156.33,216.11,dwell,107.87,396.26,186.55,0,178.925,8.005,179.832,-18.34,20.43,147.34,-17.50,-6.84,173.42,53.933,54.512,-24.7884,-7.4307,107.87,396.26,-26.0560,-7.3509,,,0.23362,0
227.2850,77,21,2,3,156.33,216.11,capture,93.21,398.75,193.24,0,178.923,7.923,179.807,-18.27,20.27,147.36,-18.09,-8.86,173.31,53.810,54.426,-24.3268,-7.5591,93.21,398.75,-25.2779,-7.4446,,,0.21427,0
227.3670,77,21,2,3,156.33,216.11,capture,81.72,409.32,207.12,0,179.031,7.811,179.798,-18.25,20.38,147.48,-17.40,-7.53,173.87,53.815,53.990,-25.7697,-9.5256,81.72,409.32,-25.4992,-8.3811,,,0.20937,0
227.4823,77,21,2,3,156.33,216.11,capture,66.12,423.51,226.17,0,179.084,7.740,179.782,-18.35,20.46,147.40,-18.20,-8.04,173.57,54.156,53.885,-26.6293,-10.2160,66.12,423.51,-26.0077,-9.2068,,,0.24519,0
227.5719,77,21,2,3,156.33,216.11,capture,80.50,431.55,228.40,0,179.114,7.667,179.795,-18.31,20.48,147.54,-17.75,-7.26,173.77,54.334,53.912,-26.2900,-9.3127,80.50,431.55,-26.1347,-9.2544,,,0.24571,0
227.6627,77,21,2,3,156.33,216.11,capture,96.34,388.21,182.26,0,179.116,7.777,179.802,-18.30,20.50,147.60,-17.91,-7.85,174.20,53.684,53.944,-24.9649,-7.9258,96.34,388.21,-25.6083,-8.6566,,,0.20247,0
227.7596,77,21,2,3,156.33,216.11,capture,82.56,390.35,189.21,0,179.119,7.643,179.822,-18.42,20.37,147.54,-17.93,-8.20,173.71,53.525,54.216,-25.4552,-9.2275,82.56,390.35,-25.5394,-8.9135,,,0.20924,0
227.8586,77,21,2,3,156.33,216.11,capture,106.29,397.76,188.42,0,179.073,7.666,179.812,-18.45,20.44,147.65,-18.08,-7.59,173.89,53.432,54.126,-24.3575,-7.8222,106.29,397.76,-25.0076,-8.4224,,,0.18561,0
227.9406,77,21,2,3,156.33,216.11,capture,91.21,372.98,169.85,0,178.995,7.703,179.802,-18.56,20.55,147.63,-18.65,-8.09,173.81,53.615,54.404,-24.9396,-8.7258,91.21,372.98,-24.9770,-8.5589,,,0.19868,0
228.0473,77,21,2,3,156.33,216.11,capture,99.25,393.33,186.19,0,178.915,7.727,179.813,-18.59,20.46,147.55,-17.93,-8.67,173.64,53.721,54.685,-25.0762,-8.1132,99.25,393.33,-25.0216,-8.3583,,,0.23168,0
228.1442,77,21,2,3,156.33,216.11,capture,91.73,411.54,205.83,0,178.936,7.791,179.847,-18.43,20.21,147.59,-17.97,-8.45,173.66,53.815,54.645,-25.2896,-8.8281,91.73,411.54,-25.1422,-8.5697,,,0.22667,0
228.2408,77,21,2,3,156.33,216.11,capture,106.34,420.00,209.93,0,178.951,7.856,179.819,-18.36,20.40,147.67,-17.63,-8.39,174.06,53.738,54.367,-26.7937,-7.0313,106.34,420.00,-25.8854,-7.8774,,,0.23679,0
228.3389,77,21,2,3,156.33,216.11,capture,106.67,375.52,166.97,0,179.001,7.923,179.801,-18.39,20.63,147.39,-18.14,-7.73,173.45,53.700,54.681,-24.4660,-8.2684,106.67,375.52,-25.2467,-8.0534,,,0.18535,0
228.4209,77,21,2,3,156.33,216.11,capture,102.38,373.07,165.97,0,179.053,7.876,179.783,-18.32,20.75,147.30,-18.10,-8.03,173.16,53.837,54.686,-23.6599,-8.3385,102.38,373.07,-24.5326,-8.1817,,,0.23877,0
228.5169,77,21,2,3,156.33,216.11,capture,83.63,393.14,191.38,0,178.986,7.898,179.781,-18.40,20.72,147.21,-18.32,-7.78,173.53,53.808,54.848,-24.5189,-9.4144,83.63,393.14,-24.5265,-8.7364,,,0.22333,0
228.6066,77,21,2,3,156.33,216.11,capture,111.46,426.03,214.66,0,179.083,7.934,179.765,-18.38,20.69,147.18,-18.33,-8.00,173.20,53.833,54.247,-26.6725,-7.6699,111.46,426.03,-25.4922,-8.2565,,,0.19297,0
228.6975,77,21,2,3,156.33,216.11,capture,117.92,405.11,192.86,0,179.126,7.893,179.778,-18.40,20.60,147.34,-17.84,-7.56,173.18,53.872,54.170,-25.4307,-7.8233,117.92,405.11,-25.4645,-8.0615,,,0.22116,0
228.8004,77,21,2,3,156.33,216.11,capture,100.38,394.13,186.61,0,179.101,7.847,179.783,-18.37,20.82,147.36,-18.14,-7.73,173.90,53.876,54.000,-24.9019,-8.6795,100.38,394.13,-25.2113,-8.3396,,,0.22294,0
228.8958,77,21,2,3,156.33,216.11,capture,108.41,377.98,168.81,0,179.137,7.827,179.800,-18.22,20.83,147.17,-17.46,-8.27,173.53,53.708,54.317,-25.1376,-7.6517,108.41,377.98,-25.1781,-8.0300,,,0.20941,0
229.0055,77,21,2,3,156.33,216.11,capture,102.84,394.57,186.30,0,179.035,7.874,179.832,-18.13,20.66,147.07,-17.44,-7.99,172.74,53.448,54.066,-26.5400,-8.3591,102.84,394.57,-25.7910,-8.1781,,,0.19022,0
229.1246,77,21,2,3,156.33,216.11,capture,88.54,418.00,212.97,0,179.055,7.851,179.790,-18.24,20.62,147.12,-17.33,-8.33,173.04,52.993,53.881,-25.8415,-9.0543,88.54,418.00,-25.8137,-8.5724,,,0.18848,0
229.2296,77,21,2,3,156.33,216.11,capture,89.47,408.93,204.08,0,179.061,7.808,179.824,-18.31,20.60,147.20,-17.63,-8.46,173.18,52.944,53.799,-25.3301,-8.7170,89.47,408.93,-25.5961,-8.6375,,,0.18036,0
229.4365,78,35,3,8,379.67,302.56,dwell,283.69,325.30,98.63,0,178.967,7.835,179.820,-18.38,20.76,147.17,-18.58,-7.62,173.35,53.393,54.065,-22.3644,0.1805,283.69,325.30,-22.3644,0.1805,,,0.21381,0
229.5233,78,35,3,8,379.67,302.56,dwell,194.33,237.48,196.43,0,178.926,7.790,179.819,-18.37,20.78,147.38,-18.21,-7.66,173.51,53.196,53.814,-18.4759,-3.4992,194.33,237.48,-20.6146,-1.4754,,,0.20582,0
229.6053,78,35,3,8,379.67,302.56,dwell,211.58,299.46,168.12,0,178.911,7.839,179.792,-18.32,20.88,147.25,-17.67,-7.48,173.51,53.292,54.165,-21.1464,-3.8266,211.58,299.46,-20.8539,-2.5334,,,0.19013,0
229.7078,78,35,3,8,379.67,302.56,dwell,283.77,281.74,98.13,0,178.922,7.961,179.778,-18.25,20.86,147.17,-17.97,-7.42,173.64,53.396,53.864,-20.4181,-0.2308,283.77,281.74,-20.6578,-1.4972,,,0.20886,0
229.8167,78,35,3,8,379.67,302.56,dwell,273.73,445.92,178.26,0,178.889,7.975,179.777,-18.08,20.94,147.14,-17.54,-7.84,173.04,53.179,54.388,-26.7852,-0.6614,273.73,445.92,-23.4151,-1.1211,,,0.20497,0
229.9220,78,35,3,8,379.67,302.56,dwell,263.41,287.14,117.27,0,178.875,7.997,179.783,-18.13,20.85,147.21,-17.83,-7.95,173.27,52.988,54.558,-20.9347,-1.1947,263.41,287.14,-22.2989,-1.1542,,,0.22340,0
230.0089,78,35,3,8,379.67,302.56,dwell,318.45,340.58,72.06,0,178.783,8.102,179.794,-18.30,20.69,146.96,-18.46,-7.67,173.14,53.208,54.119,-23.4702,2.9769,318.45,340.58,-22.8260,0.7048,,,0.20532,0
230.1125,78,35,3,8,379.67,302.56,dwell,355.16,257.59,51.21,0,178.784,8.223,179.835,-18.37,20.78,146.87,-17.13,-7.19,172.96,53.672,53.845,-19.1891,4.2260,355.16,257.59,-21.1894,2.2893,,,0.21520,0
230.2399,78,35,3,8,379.67,302.56,dwell,375.60,338.09,35.77,1,178.815,8.252,179.834,-18.33,21.01,146.66,-17.78,-8.40,172.64,53.778,54.200,-22.9582,4.4861,375.60,338.09,-21.9854,3.2779,,,0.20705,0
230.3348,78,35,3,8,379.67,302.56,capture,448.61,274.47,74.44,0,178.804,8.105,179.829,-18.37,21.05,147.17,-18.09,-7.61,173.84,53.620,54.075,-20.5257,7.9389,448.61,274.47,-21.3285,5.3753,,,0.20776,0
230.4430,78,35,3,8,379.67,302.56,capture,445.69,252.85,82.64,0,178.762,8.005,179.868,-18.17,20.97,147.26,-17.73,-8.38,174.09,53.371,54.105,-18.4860,8.3099,445.69,252.85,-20.0494,6.6959,,,0.18808,0
230.5403,78,35,3,8,379.67,302.56,capture,427.71,255.15,67.49,0,178.849,7.894,179.885,-18.24,20.67,147.28,-17.30,-8.29,173.63,53.492,53.810,-20.4654,6.7234,427.71,255.15,-20.2366,6.7083,,,0.19473,0
230.6357,78,35,3,8,379.67,302.56,capture,430.75,275.22,57.94,0,178.919,8.004,179.861,-18.30,20.73,147.05,-17.97,-7.67,172.70,53.589,54.131,-19.3704,7.8052,430.75,275.22,-19.8468,7.2019,,,0.19091,0
230.7177,78,35,3,8,379.67,302.56,capture,415.06,287.35,38.52,0,178.879,7.863,179.873,-18.47,20.67,146.99,-18.14,-7.76,172.85,53.987,54.630,-20.6173,6.7006,415.06,287.35,-20.1935,6.9763,,,0.22198,0
230.8162,78,35,3,8,379.67,302.56,capture,414.32,301.24,34.68,0,178.914,7.891,179.831,-18.43,20.76,147.10,-18.19,-8.17,173.60,53.851,54.737,-20.4048,6.2331,414.32,301.24,-20.2886,6.6419,,,0.20704,0
230.9391,78,35,3,8,379.67,302.56,capture,379.36,281.41,21.15,1,178.929,7.841,179.832,-18.27,20.67,146.99,-17.53,-7.75,172.92,53.630,54.762,-20.5343,5.0507,379.36,281.41,-20.3992,5.9259,,,0.21423,0
231.0211,78,35,3,8,379.67,302.56,capture,394.85,287.12,21.65,1,178.963,7.901,179.829,-18.13,20.62,146.98,-17.54,-7.65,172.98,53.941,54.792,-20.6667,5.7650,394.85,287.12,-20.5196,5.8535,,,0.23484,0
231.1268,78,35,3,8,379.67,302.56,capture,417.22,288.01,40.27,0,178.940,8.010,179.819,-18.23,20.59,147.05,-17.88,-8.10,172.63,53.901,54.777,-20.6787,7.2058,417.22,288.01,-20.5912,6.4620,,,0.23397,0
231.2114,78,35,3,8,379.67,302.56,capture,425.33,266.63,58.10,0,178.988,7.916,179.829,-18.21,20.62,147.05,-17.88,-8.16,173.56,53.711,54.691,-19.0923,7.1330,425.33,266.63,-19.9167,6.7640,,,0.18332,0
231.3051,78,35,3,8,379.67,302.56,capture,413.91,282.35,39.76,0,178.973,7.781,179.811,-18.35,20.56,147.06,-17.59,-8.24,173.36,53.858,54.475,-21.0847,6.5420,413.91,282.35,-20.4423,6.6641,,,0.22308,0
231.4289,78,35,3,8,379.67,302.56,capture,422.26,260.92,59.56,0,178.896,7.865,179.818,-18.32,20.72,147.16,-17.63,-7.75,173.47,53.949,54.475,-19.8426,6.7598,422.26,260.92,-20.1724,6.7071,,,0.23317,0
231.5152,78,35,3,8,379.67,302.56,capture,416.11,299.27,36.59,0,178.883,7.791,179.802,-18.37,20.66,147.15,-17.75,-8.01,173.19,54.317,54.487,-20.7301,6.3442,416.11,299.27,-20.4234,6.5438,,,0.26175,0
231.6058,78,35,3,8,379.67,302.56,capture,411.11,297.47,31.85,0,178.973,7.780,179.823,-18.40,20.69,147.10,-17.80,-8.12,172.92,54.264,54.146,-21.9266,5.6000,411.11,297.47,-21.0998,6.1191,,,0.22066,0
231.7073,78,35,3,8,379.67,302.56,capture,393.03,272.80,32.62,1,178.825,7.846,179.833,-18.34,20.78,147.45,-17.73,-7.92,173.69,54.166,53.962,-19.7394,6.0600,393.03,272.80,-20.4876,6.0925,,,0.24951,0
231.7987,78,35,3,8,379.67,302.56,capture,417.54,285.97,41.35,0,178.892,7.848,179.832,-18.32,20.82,147.58,-17.84,-7.05,173.82,54.101,54.052,-20.9127,6.3273,417.54,285.97,-20.6789,6.1982,,,0.22828,0
231.8906,78,35,3,8,379.67,302.56,capture,425.69,277.96,52.18,0,178.981,7.892,179.799,-18.30,20.82,147.74,-18.36,-8.90,173.94,53.840,54.556,-20.8251,6.5238,425.69,277.96,-20.7447,6.3447,,,0.20417,0
231.9958,78,35,3,8,379.67,302.56,capture,419.46,269.35,51.83,0,178.970,7.902,179.780,-18.31,20.82,147.56,-17.96,-8.06,173.36,54.045,54.244,-20.6062,6.9553,419.46,269.35,-20.6824,6.6195,,,0.21213,0
232.0964,78,35,3,8,379.67,302.56,capture,400.64,296.93,21.71,1,178.901,7.914,179.783,-18.32,20.62,147.46,-18.36,-8.09,174.21,53.608,54.326,-21.2963,5.8766,400.64,296.93,-20.9587,6.2852,,,0.19998,0
232.2035,78,35,3,8,379.67,302.56,capture,420.74,294.52,41.85,0,178.812,7.925,179.776,-18.24,20.65,147.54,-17.50,-8.30,173.67,53.470,53.843,-22.0162,6.9578,420.74,294.52,-21.4346,6.5879,,,0.22894,0
232.3705,79,57,6,3,156.33,561.89,dwell,248.46,330.23,249.31,0,178.822,8.042,179.770,-18.29,20.55,147.51,-18.10,-7.76,173.90,53.775,53.980,-22.3370,-1.6139,248.46,330.23,-22.3370,-1.6139,,,0.20702,0
232.4657,79,57,6,3,156.33,561.89,dwell,291.51,418.25,197.24,0,178.926,8.231,179.781,-18.48,20.58,147.37,-18.34,-7.92,173.78,54.231,53.867,-26.5539,0.6140,291.51,418.25,-24.2346,-0.6113,,,0.22996,0
232.5672,79,57,6,3,156.33,561.89,dwell,324.07,423.75,217.30,0,178.863,8.284,179.747,-18.31,20.74,147.33,-17.93,-7.87,173.48,54.157,53.803,-25.8462,2.1446,324.07,423.75,-24.9598,0.6288,,,0.23673,0
232.6613,79,57,6,3,156.33,561.89,dwell,160.70,468.54,93.45,0,178.871,8.299,179.701,-18.23,20.45,147.20,-17.79,-8.04,173.45,54.090,53.517,-28.0679,-6.3059,160.70,468.54,-26.3585,-2.4918,,,0.22479,0
232.7565,79,57,6,3,156.33,561.89,dwell,258.18,544.42,103.33,0,178.777,8.363,179.721,-18.22,20.61,147.39,-17.91,-8.07,173.83,53.521,53.957,-30.4612,-1.0370,258.18,544.42,-28.2047,-1.8371,,,0.21352,0
232.8448,79,57,6,3,156.33,561.89,dwell,207.68,518.13,67.46,0,178.703,8.386,179.742,-18.13,20.72,147.33,-17.38,-8.80,173.51,53.290,54.116,-30.7099,-2.7884,207.68,518.13,-29.3320,-2.2652,,,0.21463,0
232.9361,79,57,6,3,156.33,561.89,dwell,163.34,547.92,15.63,1,178.732,8.337,179.769,-18.14,20.69,147.23,-17.14,-8.34,174.04,53.314,53.718,-30.9860,-5.0998,163.34,547.92,-30.0763,-3.5408,,,0.21717,0
233.0495,79,57,6,3,156.33,561.89,dwell,173.06,584.87,28.42,1,178.709,8.435,179.788,-18.23,20.91,146.93,-18.36,-7.58,173.38,53.520,53.658,-32.8844,-4.6588,173.06,584.87,-31.3399,-4.0439,,,0.21367,0
233.1449,79,57,6,3,156.33,561.89,dwell,172.38,619.08,59.40,0,178.905,8.529,179.752,-18.33,20.97,147.14,-17.92,-7.40,173.62,53.664,53.781,-33.4084,-5.2100,172.38,619.08,-32.2707,-4.5686,,,0.22339,0
233.2381,79,57,6,3,156.33,561.89,capture,140.45,657.69,97.11,0,178.962,8.549,179.748,-18.25,20.92,147.18,-17.44,-7.53,173.10,53.676,53.587,-35.6076,-6.2253,140.45,657.69,-33.7723,-5.3141,,,0.20354,0
233.3569,79,57,6,3,156.33,561.89,capture,133.99,647.15,88.14,0,179.059,8.547,179.755,-18.02,20.69,147.26,-17.84,-7.72,173.66,53.879,53.675,-35.1517,-6.8853,133.99,647.15,-34.3931,-6.0212,,,0.23521,0
233.4637,79,57,6,3,156.33,561.89,capture,123.97,663.08,106.24,0,178.970,8.555,179.803,-18.14,20.58,147.21,-18.08,-7.71,173.27,53.657,53.907,-36.0556,-7.3260,123.97,663.08,-35.1412,-6.6083,,,0.20506,0
233.5668,79,57,6,3,156.33,561.89,capture,144.09,639.34,78.41,0,178.985,8.753,179.764,-18.21,20.65,147.12,-17.49,-8.25,173.34,53.871,54.349,-34.9125,-5.5461,144.09,639.34,-35.0383,-6.1303,,,0.21271,0
233.6639,79,57,6,3,156.33,561.89,capture,131.23,665.47,106.58,0,179.039,8.707,179.798,-18.31,20.65,147.36,-17.14,-8.12,173.73,53.607,54.408,-35.9424,-7.5492,131.23,665.47,-35.4451,-6.7688,,,0.21793,0
233.7595,79,57,6,3,156.33,561.89,capture,138.98,656.10,95.80,0,178.927,8.669,179.783,-18.34,20.62,147.42,-17.24,-7.49,173.49,53.620,54.619,-34.8344,-6.8940,138.98,656.10,-35.1703,-6.8252,,,0.22302,0
233.8552,79,57,6,3,156.33,561.89,capture,144.76,658.72,97.52,0,178.937,8.711,179.806,-18.30,20.64,147.43,-17.76,-7.75,173.44,53.908,54.551,-35.2343,-5.6237,144.76,658.72,-35.1991,-6.2845,,,0.19533,0
233.9675,79,57,6,3,156.33,561.89,capture,160.77,662.46,100.67,0,178.956,8.815,179.782,-18.24,20.47,147.54,-17.69,-7.81,173.64,53.597,54.668,-35.2314,-5.5392,160.77,662.46,-35.2136,-5.9491,,,0.18694,0
234.0688,79,57,6,3,156.33,561.89,capture,140.15,650.33,89.91,0,178.951,8.949,179.792,-18.31,20.49,147.32,-18.00,-7.57,173.35,53.743,54.928,-35.5654,-6.5868,140.15,650.33,-35.3719,-6.2361,,,0.19756,0
234.1742,79,57,6,3,156.33,561.89,capture,135.37,629.89,71.16,0,178.983,8.814,179.812,-18.23,20.30,147.09,-17.64,-7.76,172.84,53.647,54.585,-34.5122,-7.2597,135.37,629.89,-34.9851,-6.6967,,,0.21737,0
234.2595,79,57,6,3,156.33,561.89,capture,133.96,657.83,98.52,0,178.992,8.844,179.795,-18.04,20.29,147.17,-17.72,-7.89,173.06,53.415,54.307,-35.6211,-6.7665,133.96,657.83,-35.2713,-6.7281,,,0.21132,0
234.3775,79,57,6,3,156.33,561.89,capture,123.54,630.22,75.79,0,179.032,8.824,179.795,-18.16,20.36,147.00,-17.68,-7.82,172.76,53.076,54.132,-34.6001,-6.5113,123.54,630.22,-34.9692,-6.6305,,,0.17482,0
234.4769,79,57,6,3,156.33,561.89,capture,144.06,652.89,91.83,0,179.077,8.696,179.790,-18.17,20.27,147.06,-17.94,-7.98,173.86,53.307,53.934,-34.6302,-5.3479,144.06,652.89,-34.8167,-6.0533,,,0.21471,0
234.5711,79,57,6,3,156.33,561.89,capture,146.00,663.77,102.40,0,179.003,8.759,179.797,-18.12,20.32,147.21,-17.92,-8.19,173.53,53.270,53.968,-35.6879,-6.4719,146.00,663.77,-35.2087,-6.2417,,,0.20802,0
234.6531,79,57,6,3,156.33,561.89,capture,141.11,648.49,87.93,0,178.932,8.637,179.835,-18.15,20.44,147.25,-18.25,-8.73,173.32,53.390,54.205,-34.9955,-5.8103,141.11,648.49,-35.1128,-6.0476,,,0.20801,0
234.7377,79,57,6,3,156.33,561.89,capture,114.70,643.70,91.80,0,178.946,8.643,179.845,-18.14,20.35,147.13,-17.06,-8.07,173.82,53.398,54.321,-34.4268,-7.6879,114.70,643.70,-34.8041,-6.7857,,,0.21499,0
234.8318,79,57,6,3,156.33,561.89,capture,129.10,626.03,69.68,0,178.922,8.777,179.850,-18.17,20.56,147.03,-17.60,-8.84,173.56,53.415,54.190,-34.2782,-7.1048,129.10,626.03,-34.5674,-6.9293,,,0.19818,0
234.9370,79,57,6,3,156.33,561.89,capture,132.30,663.30,104.22,0,178.826,8.719,179.852,-18.26,20.58,147.19,-17.69,-7.72,173.23,53.779,54.175,-36.2619,-6.2388,132.30,663.30,-35.3299,-6.6186,,,0.22862,0
235.0418,79,57,6,3,156.33,561.89,capture,130.65,651.27,93.00,0,178.762,8.751,179.845,-18.33,20.74,147.14,-17.60,-8.18,173.59,53.574,53.666,-35.4571,-6.9207,130.65,651.27,-35.3872,-6.7545,,,0.21542,0
235.1414,79,57,6,3,156.33,561.89,capture,130.06,670.08,111.34,0,178.760,8.860,179.834,-18.21,20.72,147.13,-17.43,-7.44,173.61,53.427,53.830,-36.2336,-6.8849,130.06,670.08,-35.7680,-6.8132,,,0.20173,0
235.2301,79,57,6,3,156.33,561.89,capture,140.96,672.24,111.42,0,178.810,8.813,179.839,-18.33,20.65,147.27,-17.73,-7.12,173.57,53.496,53.460,-35.5713,-6.4488,140.96,672.24,-35.6795,-6.6492,,,0.19895,0
235.4228,80,0,0,0,22.33,43.22,dwell,90.68,580.00,541.11,0,178.662,8.637,179.823,-18.49,20.64,147.22,-18.24,-8.46,173.67,53.452,53.756,-32.1273,-8.8186,90.68,580.00,-32.1273,-8.8186,,,0.22450,0
235.5386,80,0,0,0,22.33,43.22,dwell,122.51,455.66,424.43,0,178.777,8.550,179.806,-18.51,20.64,147.13,-18.11,-8.14,172.87,53.213,53.917,-27.5063,-7.2064,122.51,455.66,-30.0479,-8.0931,,,0.19386,0
235.6272,80,0,0,0,22.33,43.22,dwell,110.34,469.40,435.17,0,178.790,8.455,179.805,-18.46,20.53,147.08,-17.87,-8.24,173.16,53.616,54.101,-28.6570,-7.6534,110.34,469.40,-29.4220,-7.8952,,,0.21895,0
235.7359,80,0,0,0,22.33,43.22,dwell,80.93,396.24,357.85,0,178.793,8.307,179.787,-18.61,20.64,146.82,-18.08,-6.91,173.00,53.787,54.344,-25.7425,-9.5508,80.93,396.24,-27.7662,-8.6402,,,0.19445,0
235.8409,80,0,0,0,22.33,43.22,dwell,70.42,417.58,377.43,0,178.789,8.291,179.787,-18.60,20.64,146.83,-18.56,-8.14,173.32,53.705,54.290,-25.8105,-9.8618,70.42,417.58,-26.8861,-9.1899,,,0.20994,0
235.9292,80,0,0,0,22.33,43.22,dwell,159.45,294.67,286.40,0,178.974,8.152,179.768,-18.37,20.67,147.22,-18.45,-7.50,173.32,54.204,54.391,-20.5726,-5.5134,159.45,294.67,-24.0450,-7.5355,,,0.22536,0
236.0332,80,0,0,0,22.33,43.22,dwell,127.46,257.35,238.54,0,178.860,8.329,179.758,-18.34,20.60,147.42,-17.92,-6.90,174.21,54.234,54.322,-19.9077,-6.6739,127.46,257.35,-22.1833,-7.1478,,,0.19243,0
236.1366,80,0,0,0,22.33,43.22,dwell,33.63,265.54,222.60,0,178.742,8.212,179.770,-18.35,20.43,147.42,-18.35,-8.67,173.90,54.264,54.163,-20.2738,-10.9807,33.63,265.54,-21.3240,-8.8726,,,0.25434,0
236.2368,80,0,0,0,22.33,43.22,dwell,67.79,109.56,80.42,0,178.731,8.229,179.795,-18.41,20.67,147.60,-17.85,-8.03,173.71,54.180,54.452,-14.3163,-9.9968,67.79,109.56,-18.1705,-9.3785,,,0.23288,0
236.3480,80,0,0,0,22.33,43.22,dwell,22.76,148.77,105.55,0,178.810,8.023,179.808,-18.40,20.63,147.72,-18.33,-8.39,174.25,53.967,54.750,-14.7906,-11.4556,22.76,148.77,-16.6496,-10.3132,,,0.24149,0
236.4584,80,0,0,0,22.33,43.22,dwell,43.09,103.31,63.57,0,178.904,8.011,179.793,-18.32,20.60,147.61,-17.82,-7.76,173.89,53.868,54.289,-13.7716,-10.5185,43.09,103.31,-15.3545,-10.4056,,,0.23129,0
236.5669,80,0,0,0,22.33,43.22,capture,47.90,70.15,37.13,0,178.912,8.011,179.835,-18.45,20.52,147.43,-17.70,-8.45,173.64,53.677,54.301,-11.8830,-10.5037,47.90,70.15,-13.7923,-10.4497,,,0.21653,0
236.6608,80,0,0,0,22.33,43.22,capture,68.29,76.35,56.65,0,178.869,7.972,179.830,-18.44,20.67,147.25,-18.21,-7.69,173.44,53.357,54.588,-12.3332,-10.2071,68.29,76.35,-13.1357,-10.3405,,,0.18805,0
236.7428,80,0,0,0,22.33,43.22,capture,41.54,79.33,40.90,1,178.950,7.952,179.814,-18.51,20.73,147.08,-17.49,-7.43,173.44,53.633,54.428,-13.0290,-11.1054,41.54,79.33,-13.0877,-10.6847,,,0.21781,0
236.8426,80,0,0,0,22.33,43.22,capture,52.52,85.12,51.64,0,178.967,7.845,179.811,-18.49,20.71,147.23,-17.95,-8.31,173.60,53.760,54.930,-13.3599,-10.4302,52.52,85.12,-13.2102,-10.5702,,,0.21647,0
236.9436,80,0,0,0,22.33,43.22,capture,63.49,65.62,46.86,0,178.894,7.601,179.801,-18.52,20.64,147.11,-18.35,-7.34,173.11,53.491,54.711,-12.6117,-10.1396,63.49,65.62,-12.9409,-10.3764,,,0.21936,0
237.0568,80,0,0,0,22.33,43.22,capture,61.57,77.49,52.09,0,178.793,7.579,179.810,-18.49,20.71,146.92,-18.09,-8.33,173.00,53.502,54.102,-12.1710,-9.5175,61.57,77.49,-12.5944,-9.9899,,,0.22146,0
237.1669,80,0,0,0,22.33,43.22,capture,53.96,93.14,59.09,0,178.849,7.517,179.846,-18.50,20.76,146.85,-18.28,-7.74,172.84,53.702,54.154,-14.1803,-9.6095,53.96,93.14,-13.3080,-9.8187,,,0.19803,0
237.2736,80,0,0,0,22.33,43.22,capture,36.17,79.90,39.20,1,178.828,7.477,179.809,-18.50,20.76,147.01,-17.75,-8.09,173.27,53.554,54.318,-13.3358,-10.5844,36.17,79.90,-13.3205,-10.1633,,,0.18592,0
237.3729,80,0,0,0,22.33,43.22,capture,44.45,75.59,39.20,1,178.864,7.430,179.807,-18.41,20.51,147.01,-18.00,-8.18,173.60,53.636,54.590,-11.6310,-10.6587,44.45,75.59,-12.5603,-10.3862,,,0.22315,0
237.4722,80,0,0,0,22.33,43.22,capture,52.89,77.03,45.57,0,179.110,7.460,179.794,-18.39,20.58,147.21,-17.68,-7.90,173.55,53.887,54.365,-12.4888,-9.8988,52.89,77.03,-12.5281,-10.1669,,,0.23112,0
237.5788,80,0,0,0,22.33,43.22,capture,89.29,74.50,73.90,0,179.072,7.389,179.812,-18.43,20.50,147.24,-17.51,-7.32,173.63,53.988,54.729,-12.4243,-8.5811,89.29,74.50,-12.4814,-9.4533,,,0.23068,0
237.6772,80,0,0,0,22.33,43.22,capture,59.48,64.70,42.91,0,178.988,7.474,179.791,-18.44,20.28,147.07,-18.22,-8.37,173.40,54.067,54.489,-11.8016,-10.2673,59.48,64.70,-12.1755,-9.8196,,,0.22631,0
237.7640,80,0,0,0,22.33,43.22,capture,71.20,60.50,51.83,0,178.933,7.406,179.786,-18.56,20.30,146.91,-18.05,-7.83,173.14,54.016,54.176,-12.3653,-9.9410,71.20,60.50,-12.2609,-9.8742,,,0.23389,0
237.8674,80,0,0,0,22.33,43.22,capture,48.26,69.03,36.58,0,178.953,7.371,179.769,-18.57,20.23,147.15,-17.80,-8.70,173.02,53.923,54.255,-12.8834,-9.9895,48.26,69.03,-12.5410,-9.9261,,,0.21401,0
237.9657,80,0,0,0,22.33,43.22,capture,57.81,75.77,48.15,0,178.926,7.412,179.766,-18.36,20.25,147.11,-17.85,-7.85,173.32,54.103,53.977,-12.3914,-10.7034,57.81,75.77,-12.4737,-10.2759,,,0.24209,0
238.0855,80,0,0,0,22.33,43.22,capture,38.81,77.17,37.74,1,178.963,7.374,179.788,-18.40,20.32,146.83,-17.97,-8.20,172.51,53.520,54.112,-13.7418,-10.8753,38.81,77.17,-13.0443,-10.5456,,,0.22552,0
238.1835,80,0,0,0,22.33,43.22,capture,49.35,75.97,42.45,0,178.895,7.398,179.791,-18.34,20.39,146.85,-17.98,-8.63,172.81,53.171,54.300,-13.2388,-10.1298,49.35,75.97,-13.1318,-10.3585,,,0.20133,0
238.2839,80,0,0,0,22.33,43.22,capture,61.29,55.80,40.94,0,178.885,7.349,179.795,-18.30,20.42,146.74,-18.49,-7.91,172.44,53.082,54.334,-12.0319,-9.6559,61.29,55.80,-12.6369,-10.0423,,,0.18148,0
238.3768,80,0,0,0,22.33,43.22,capture,58.22,40.97,35.96,0,178.785,7.380,179.816,-18.24,20.47,146.56,-17.64,-8.04,172.67,52.845,54.368,-11.2798,-10.6461,58.22,40.97,-12.0262,-10.3140,,,0.19328,0
238.4665,80,0,0,0,22.33,43.22,capture,53.34,70.28,41.15,0,178.918,7.494,179.806,-18.14,20.35,146.40,-17.65,-8.60,172.61,52.874,54.401,-12.8486,-10.8839,53.34,70.28,-12.3963,-10.5705,,,0.19670,0
238.6815,81,79,8,7,335.00,734.78,dwell,-22.57,297.48,564.88,0,178.954,7.616,179.818,-18.32,20.35,146.47,-17.88,-8.47,172.55,52.936,54.578,-20.8946,-14.1509,-22.57,297.48,-20.8946,-14.1509,,,0.18202,0
238.7930,81,79,8,7,335.00,734.78,dwell,19.69,265.25,565.58,0,178.933,7.796,179.786,-18.24,20.29,146.43,-18.23,-8.54,172.27,53.146,54.683,-20.8068,-11.5900,19.69,265.25,-20.8551,-12.9985,,,0.18958,0
238.8836,81,79,8,7,335.00,734.78,dwell,141.82,444.61,348.59,0,178.924,7.971,179.757,-18.24,20.34,146.63,-18.10,-7.60,172.56,53.189,54.894,-27.9007,-6.7896,141.82,444.61,-24.0256,-10.2045,,,0.17451,0
238.9765,81,79,8,7,335.00,734.78,dwell,231.32,337.78,410.31,0,178.951,7.940,179.760,-18.25,20.42,146.76,-17.81,-8.54,173.25,53.495,54.847,-23.2836,-1.8175,231.32,337.78,-23.6917,-6.4303,,,0.22712,0
239.0881,81,79,8,7,335.00,734.78,dwell,196.50,539.69,239.25,0,179.002,7.940,179.762,-18.21,20.75,146.96,-17.57,-7.21,173.59,53.339,54.975,-31.8225,-3.8631,196.50,539.69,-27.3505,-5.2751,,,0.18795,0
239.1892,81,79,8,7,335.00,734.78,dwell,162.74,539.22,260.61,0,178.945,7.856,179.792,-18.12,20.61,147.06,-17.65,-8.86,173.03,53.403,54.456,-29.5529,-5.2808,162.74,539.22,-28.3416,-5.2776,,,0.16716,0
239.2775,81,79,8,7,335.00,734.78,dwell,238.96,718.25,97.45,0,178.836,7.974,179.803,-18.21,20.49,147.19,-17.44,-8.23,173.32,53.537,54.629,-38.8933,-1.2440,238.96,718.25,-33.0899,-3.4625,,,0.18096,0
239.3891,81,79,8,7,335.00,734.78,dwell,243.98,786.02,104.45,0,178.821,8.053,179.787,-18.26,20.72,147.40,-17.78,-6.89,173.58,53.271,54.558,-40.5087,-2.4318,243.98,786.02,-36.4283,-2.9987,,,0.19959,0
239.4878,81,79,8,7,335.00,734.78,capture,290.77,811.99,88.98,0,178.800,8.120,179.784,-18.17,20.72,147.40,-18.24,-7.27,173.37,53.004,54.685,-42.3076,0.1418,290.77,811.99,-39.0740,-1.5855,,,0.19033,0
239.5846,81,79,8,7,335.00,734.78,capture,291.94,796.97,75.64,0,178.921,8.144,179.788,-18.12,20.87,147.55,-18.03,-7.47,173.71,53.443,54.698,-41.3856,0.8719,291.94,796.97,-40.1142,-0.4796,,,0.23231,0
239.6754,81,79,8,7,335.00,734.78,capture,288.13,793.53,75.16,0,178.818,8.078,179.770,-18.14,20.80,147.61,-17.84,-7.87,173.68,53.705,54.832,-41.0959,-0.0406,288.13,793.53,-40.5560,-0.2821,,,0.21581,0
239.7688,81,79,8,7,335.00,734.78,capture,281.49,775.84,67.45,0,178.850,8.153,179.778,-17.99,20.81,147.64,-17.47,-7.78,174.21,53.435,54.812,-39.8578,0.7843,281.49,775.84,-40.2418,0.1978,,,0.22024,0
239.8845,81,79,8,7,335.00,734.78,capture,256.09,789.18,95.85,0,178.830,8.312,179.753,-18.14,20.80,147.71,-17.50,-7.12,174.15,53.631,54.733,-40.6264,-1.6082,256.09,789.18,-40.4149,-0.6149,,,0.23055,0
240.0060,81,79,8,7,335.00,734.78,capture,284.31,786.16,72.18,0,178.772,8.285,179.761,-18.11,20.64,147.39,-17.77,-8.14,173.59,53.224,54.156,-40.6670,0.4331,284.31,786.16,-40.5284,-0.1433,,,0.20604,0
240.1004,81,79,8,7,335.00,734.78,capture,278.45,805.91,90.87,0,178.866,8.341,179.750,-18.21,20.37,147.28,-17.96,-8.12,173.64,52.904,54.827,-42.1835,-0.1019,278.45,805.91,-41.2732,-0.1247,,,0.19246,0
240.2014,81,79,8,7,335.00,734.78,capture,290.42,803.58,81.98,0,178.849,8.576,179.737,-18.25,20.52,147.47,-17.91,-8.71,174.12,52.879,54.492,-40.6551,0.6700,290.42,803.58,-40.9950,0.2329,,,0.16985,0
240.2901,81,79,8,7,335.00,734.78,capture,298.62,796.22,71.40,0,178.843,8.578,179.749,-18.36,20.26,147.34,-17.32,-7.98,173.34,53.334,54.523,-40.5976,1.2017,298.62,796.22,-40.8162,0.6689,,,0.19303,0
240.3868,81,79,8,7,335.00,734.78,capture,273.65,773.89,72.76,0,178.737,8.645,179.765,-18.34,20.48,147.29,-17.93,-8.39,173.65,53.450,54.506,-39.7017,-0.3181,273.65,773.89,-40.3147,0.2248,,,0.18687,0
240.4850,81,79,8,7,335.00,734.78,capture,290.58,807.55,85.26,0,178.693,8.650,179.757,-18.34,20.39,147.26,-18.04,-7.38,173.78,53.435,54.429,-40.4287,0.6065,290.58,807.55,-40.3660,0.3966,,,0.21368,0
240.6042,81,79,8,7,335.00,734.78,capture,248.86,798.20,106.97,0,178.863,8.636,179.745,-18.26,20.62,147.19,-17.88,-8.07,173.91,53.327,54.168,-40.5750,-0.8167,248.86,798.20,-40.4600,-0.1494,,,0.20847,0
240.6952,81,79,8,7,335.00,734.78,capture,268.35,793.54,88.86,0,178.946,8.700,179.760,-18.25,20.62,147.44,-17.79,-8.05,173.98,53.394,54.187,-40.5554,0.3114,268.35,793.54,-40.5030,0.0580,,,0.20268,0
240.8104,81,79,8,7,335.00,734.78,capture,273.72,807.14,94.82,0,178.841,8.651,179.791,-18.21,20.70,147.28,-17.10,-8.30,174.14,53.855,54.233,-41.2714,0.0532,273.72,807.14,-40.8488,0.0558,,,0.22504,0
240.9099,81,79,8,7,335.00,734.78,capture,263.05,811.54,105.21,0,178.797,8.500,179.784,-18.31,20.65,147.24,-17.89,-8.21,172.59,53.419,54.360,-40.8750,-0.3655,263.05,811.54,-40.8606,-0.1338,,,0.22124,0
241.0367,81,79,8,7,335.00,734.78,capture,283.31,787.07,73.53,0,178.883,8.593,179.747,-18.28,20.59,147.15,-17.65,-7.68,173.76,53.494,54.478,-40.9607,0.0656,283.31,787.07,-40.9056,-0.0440,,,0.23348,0
241.1341,81,79,8,7,335.00,734.78,capture,276.96,787.97,78.73,0,178.783,8.740,179.739,-18.37,20.71,147.48,-17.74,-7.89,174.21,53.080,54.427,-40.3745,-0.3271,276.96,787.97,-40.6666,-0.1714,,,0.17945,0
241.2342,81,79,8,7,335.00,734.78,capture,255.28,783.22,93.28,0,178.799,8.708,179.757,-18.42,20.85,147.53,-17.82,-7.57,173.94,53.259,54.546,-39.9376,-0.0870,255.28,783.22,-40.3386,-0.1334,,,0.19089,0
241.3316,81,79,8,7,335.00,734.78,capture,262.70,804.39,100.37,0,178.820,8.665,179.771,-18.43,20.88,147.64,-17.95,-7.17,173.44,53.674,54.568,-40.7549,-1.1288,262.70,804.39,-40.5259,-0.5813,,,0.20804,0
241.4204,81,79,8,7,335.00,734.78,capture,285.51,799.11,81.17,0,178.645,8.610,179.777,-18.33,20.75,147.58,-18.28,-7.59,173.93,53.744,54.507,-40.1237,0.1770,285.51,799.11,-40.3449,-0.2401,,,0.21721,0
