t_s,trial,cell_idx,row,col,target_x,target_y,phase,pred_x,pred_y,err_pt,in_cell,head_yaw_deg,head_pitch_deg,head_roll_deg,head_tx_mm,head_ty_mm,head_tz_mm,eye_cam_x_mm,eye_cam_y_mm,eye_cam_z_mm,pupil_left_px,pupil_right_px,raw_pitch_deg,raw_yaw_deg,raw_pred_x,raw_pred_y,filt_pitch_deg,filt_yaw_deg,filt_pred_x,filt_pred_y,ear,blink_held
0.0335,1,4,1,0,50.25,233.40,dwell,259.31,374.29,252.10,0,178.681,8.259,179.902,-17.88,20.75,148.63,-17.64,-7.95,175.02,53.325,54.266,-24.8397,-0.8408,259.31,374.29,-24.8397,-0.8408,,,0.18467,0
0.1355,1,4,1,0,50.25,233.40,dwell,120.36,453.34,230.84,0,178.726,8.202,179.888,-17.89,20.62,148.23,-17.29,-7.38,174.89,53.430,54.516,-27.8987,-7.5699,120.36,453.34,-26.2162,-3.8689,,,0.20881,0
0.2384,1,4,1,0,50.25,233.40,dwell,158.29,422.37,217.67,0,178.728,8.177,179.866,-17.85,20.70,148.08,-17.54,-8.51,174.54,53.783,54.721,-26.3623,-5.6292,158.29,422.37,-26.2820,-4.6610,,,0.20017,0
0.3394,1,4,1,0,50.25,233.40,dwell,131.26,376.36,164.32,0,178.722,8.072,179.860,-17.90,20.70,148.36,-17.99,-7.74,174.85,53.684,54.344,-24.9318,-6.3406,131.26,376.36,-25.6744,-5.4168,,,0.21163,0
0.4330,1,4,1,0,50.25,233.40,dwell,59.79,432.53,199.36,0,178.823,8.058,179.833,-17.87,20.69,148.19,-17.85,-7.87,174.81,53.743,54.312,-25.9722,-10.1866,59.79,432.53,-25.8084,-7.5632,,,0.24702,0
0.5481,1,4,1,0,50.25,233.40,dwell,96.60,388.76,162.13,0,178.968,8.125,179.823,-17.99,20.72,148.22,-16.64,-7.08,174.40,53.698,54.543,-23.8270,-9.0084,96.60,388.76,-24.9168,-8.2136,,,0.20977,0
0.6662,1,4,1,0,50.25,233.40,dwell,152.51,285.13,114.60,0,179.016,8.082,179.828,-17.81,20.81,148.17,-18.07,-7.17,174.67,53.741,54.628,-20.6680,-5.3565,152.51,285.13,-23.0048,-6.9279,,,0.21135,0
0.7697,1,4,1,0,50.25,233.40,dwell,90.83,238.56,40.91,1,178.802,8.157,179.835,-17.85,20.92,148.05,-17.34,-7.41,174.63,53.542,54.437,-20.2614,-8.7578,90.83,238.56,-21.7703,-7.7514,,,0.19894,0
0.8626,1,4,1,0,50.25,233.40,dwell,88.07,295.59,72.79,1,178.734,8.183,179.803,-17.85,20.91,147.88,-17.61,-8.09,174.62,53.270,54.590,-21.0036,-8.5488,88.07,295.59,-21.4253,-8.1102,,,0.21630,0
0.9746,1,4,1,0,50.25,233.40,capture,93.71,300.98,80.35,1,178.799,8.200,179.779,-17.88,20.79,147.75,-17.64,-7.81,174.24,53.297,54.323,-21.6727,-8.6669,93.71,300.98,-21.5366,-8.3607,,,0.22167,0
1.0787,1,4,1,0,50.25,233.40,capture,65.55,313.19,81.24,0,178.716,8.336,179.747,-17.98,20.78,147.66,-17.44,-7.63,174.25,53.423,54.292,-21.9488,-9.6806,65.55,313.19,-21.7221,-8.9547,,,0.21888,0
1.1640,1,4,1,0,50.25,233.40,capture,72.81,303.10,73.26,1,178.805,8.292,179.746,-17.98,20.73,147.94,-17.45,-6.94,173.93,53.538,54.147,-22.1020,-8.9798,72.81,303.10,-21.8930,-8.9660,,,0.21832,0
1.2623,1,4,1,0,50.25,233.40,capture,51.30,297.12,63.73,1,178.881,8.287,179.774,-18.03,20.63,147.74,-17.80,-8.45,174.13,53.447,54.110,-21.5291,-11.0901,51.30,297.12,-21.7293,-9.9219,,,0.19730,0
1.3644,1,4,1,0,50.25,233.40,capture,49.16,305.06,71.67,1,178.785,8.331,179.758,-17.92,20.63,147.99,-17.33,-7.66,174.64,53.473,54.353,-21.8113,-10.5356,49.16,305.06,-21.7662,-10.1981,,,0.21685,0
1.4527,1,4,1,0,50.25,233.40,capture,87.46,278.26,58.28,1,178.742,8.196,179.772,-18.01,20.71,147.89,-17.14,-7.23,174.27,53.419,54.330,-20.1323,-9.1414,87.46,278.26,-21.0309,-9.7226,,,0.22414,0
1.5610,1,4,1,0,50.25,233.40,capture,60.37,326.18,93.33,0,178.780,8.197,179.773,-18.00,20.64,147.80,-17.99,-7.75,174.18,53.640,54.574,-22.6905,-9.8844,60.37,326.18,-21.7777,-9.7954,,,0.21176,0
1.6430,1,4,1,0,50.25,233.40,capture,77.20,321.19,91.83,0,178.917,8.123,179.781,-17.95,20.61,147.68,-17.72,-8.20,173.80,53.890,54.813,-23.1075,-8.8047,77.20,321.19,-22.3761,-9.3496,,,0.23410,0
1.7620,1,4,1,0,50.25,233.40,capture,68.51,309.42,78.18,1,178.728,8.183,179.771,-17.99,20.66,147.76,-17.59,-6.86,174.58,53.834,54.866,-21.1074,-9.6825,68.51,309.42,-21.8052,-9.4994,,,0.22036,0
1.8744,1,4,1,0,50.25,233.40,capture,78.78,296.33,69.10,1,178.708,8.049,179.780,-18.00,20.76,147.62,-17.85,-8.35,173.97,53.778,54.543,-21.1263,-9.3459,78.78,296.33,-21.4997,-9.4303,,,0.23268,0
1.9737,1,4,1,0,50.25,233.40,capture,73.59,301.68,72.16,1,178.738,8.043,179.760,-18.01,20.69,147.54,-18.16,-7.56,173.76,53.550,54.509,-21.3259,-9.5755,73.59,301.68,-21.4215,-9.4956,,,0.20313,0
2.0866,1,4,1,0,50.25,233.40,capture,88.99,275.47,57.19,1,178.655,7.822,179.776,-17.97,20.57,147.47,-18.11,-8.13,173.80,53.874,54.474,-18.5726,-8.7989,88.99,275.47,-20.1395,-9.1821,,,0.20452,0
2.1900,1,4,1,0,50.25,233.40,capture,66.55,299.10,67.69,1,178.706,7.610,179.797,-17.92,20.35,147.36,-17.24,-7.70,173.21,53.918,54.415,-20.9844,-9.1733,66.55,299.10,-20.5197,-9.1782,,,0.21882,0
2.3078,1,4,1,0,50.25,233.40,capture,50.69,292.54,59.14,1,178.795,7.483,179.823,-17.99,20.27,147.40,-17.53,-7.78,173.66,54.167,54.157,-21.0011,-11.1483,50.69,292.54,-20.7363,-10.0647,,,0.22129,0
2.3991,1,4,1,0,50.25,233.40,capture,49.66,323.54,90.14,0,178.880,7.410,179.809,-18.12,20.12,147.52,-18.08,-8.10,174.43,53.764,54.078,-22.9811,-10.2586,49.66,323.54,-21.7465,-10.1520,,,0.23055,0
2.4919,1,4,1,0,50.25,233.40,capture,78.76,320.72,91.86,0,178.839,7.525,179.813,-18.13,20.30,147.36,-17.70,-7.97,173.16,53.800,54.226,-22.1209,-9.4767,78.76,320.72,-21.9150,-9.8481,,,0.21923,0
2.5899,1,4,1,0,50.25,233.40,capture,106.95,308.91,94.43,0,178.730,7.552,179.867,-17.97,20.09,147.50,-17.82,-7.53,173.94,53.992,54.587,-22.5569,-8.3691,106.95,308.91,-22.2039,-9.1825,,,0.21059,0
2.7092,1,4,1,0,50.25,233.40,capture,60.17,310.00,77.24,1,178.715,7.490,179.849,-18.05,20.26,147.33,-17.64,-7.49,173.85,54.301,54.307,-21.3296,-10.5911,60.17,310.00,-21.8104,-9.8164,,,0.22108,0
2.8056,1,4,1,0,50.25,233.40,capture,81.21,286.81,61.73,1,178.778,7.429,179.813,-17.98,20.18,147.51,-17.81,-8.20,173.91,54.028,53.871,-20.4997,-9.3577,81.21,286.81,-21.2206,-9.6100,,,0.23726,0
2.8991,1,4,1,0,50.25,233.40,capture,51.96,310.19,76.81,1,178.864,7.563,179.807,-17.99,20.25,147.47,-17.35,-8.13,173.56,54.173,53.904,-21.8797,-10.7963,51.96,310.19,-21.5172,-10.1438,,,0.21609,0
3.1330,2,11,2,3,351.75,389.00,dwell,32.84,351.40,321.12,0,178.834,7.773,179.776,-18.07,20.24,147.39,-17.90,-8.30,173.46,54.114,53.437,-23.8952,-11.0427,32.84,351.40,-23.8952,-11.0427,,,0.24262,0
3.2282,2,11,2,3,351.75,389.00,dwell,24.44,450.13,332.97,0,178.926,7.762,179.794,-18.20,20.41,147.43,-18.11,-8.09,173.22,54.145,53.477,-27.1158,-11.8371,24.44,450.13,-25.3445,-11.4002,,,0.23892,0
3.3278,2,11,2,3,351.75,389.00,dwell,250.24,328.10,118.38,0,178.885,7.805,179.825,-18.48,20.24,147.60,-17.86,-8.24,173.70,54.431,53.627,-23.1224,-1.0633,250.24,328.10,-24.3445,-6.7486,,,0.23656,0
3.4180,2,11,2,3,351.75,389.00,dwell,173.39,233.64,236.54,0,178.907,7.870,179.818,-18.44,20.26,147.74,-17.97,-8.78,174.05,54.039,53.860,-19.5017,-5.0098,173.39,233.64,-22.1653,-5.9661,,,0.21664,0
3.5000,2,11,2,3,351.75,389.00,dwell,301.20,275.52,124.23,0,179.096,7.875,179.784,-18.50,20.28,147.96,-18.17,-8.62,174.45,54.156,53.698,-21.1862,1.9661,301.20,275.52,-21.7247,-2.3966,,,0.22607,0
3.5958,2,11,2,3,351.75,389.00,dwell,214.19,229.85,210.36,0,179.045,7.925,179.785,-18.43,20.47,147.86,-17.95,-7.95,174.20,54.239,53.663,-18.1449,-3.1115,214.19,229.85,-20.1138,-2.7183,,,0.22847,0
3.6995,2,11,2,3,351.75,389.00,dwell,330.55,388.17,21.22,1,179.006,7.985,179.829,-18.39,20.50,147.74,-17.78,-8.01,174.72,54.262,53.722,-25.4752,2.0043,330.55,388.17,-22.5264,-0.5931,,,0.21512,0
3.7911,2,11,2,3,351.75,389.00,dwell,275.32,342.24,89.60,0,179.083,8.007,179.830,-18.42,20.64,147.57,-18.13,-7.88,173.70,54.386,54.132,-23.4482,-0.1367,275.32,342.24,-22.9412,-0.3877,,,0.23731,0
3.9016,2,11,2,3,351.75,389.00,dwell,317.58,324.44,73.05,1,179.078,7.814,179.876,-18.21,20.37,147.37,-18.07,-7.07,173.23,54.119,53.774,-22.7658,2.0549,317.58,324.44,-22.8623,0.7115,,,0.20559,0
4.0026,2,11,2,3,351.75,389.00,dwell,277.60,319.64,101.53,0,179.056,7.794,179.859,-18.18,20.33,147.32,-17.91,-7.96,173.54,53.580,53.971,-22.3512,0.2189,277.60,319.64,-22.6323,0.4898,,,0.22070,0
4.0984,2,11,2,3,351.75,389.00,dwell,335.03,316.42,74.48,1,179.072,7.862,179.854,-18.24,20.38,147.41,-17.51,-8.19,173.37,53.638,54.206,-22.5212,2.3637,335.03,316.42,-22.5823,1.3330,,,0.21484,0
4.2051,2,11,2,3,351.75,389.00,capture,375.73,359.30,38.17,1,179.078,7.841,179.868,-18.23,20.43,147.21,-17.50,-8.12,173.26,53.423,53.934,-24.4904,4.6148,375.73,359.30,-23.4409,2.8098,,,0.21006,0
4.3168,2,11,2,3,351.75,389.00,capture,390.16,340.65,61.75,1,179.053,7.874,179.869,-18.25,20.36,147.18,-17.71,-7.61,173.57,53.505,54.154,-22.8381,5.6935,390.16,340.65,-23.1697,4.1075,,,0.20141,0
4.4256,2,11,2,3,351.75,389.00,capture,384.73,338.11,60.64,1,178.908,7.724,179.832,-18.26,20.27,147.04,-17.36,-8.27,173.39,53.692,54.336,-23.8157,5.4379,384.73,338.11,-23.4604,4.7062,,,0.22639,0
4.5304,2,11,2,3,351.75,389.00,capture,351.94,348.66,40.34,1,178.946,7.870,179.833,-18.32,20.32,147.17,-18.29,-8.70,173.29,53.394,54.020,-24.2578,3.7273,351.94,348.66,-23.8192,4.2657,,,0.17666,0
4.6421,2,11,2,3,351.75,389.00,capture,359.61,348.64,41.12,1,178.978,7.799,179.859,-18.38,20.30,147.34,-17.80,-7.63,173.91,53.116,54.221,-24.4672,3.6840,359.61,348.64,-24.1108,4.0039,,,0.20154,0
4.7381,2,11,2,3,351.75,389.00,capture,363.47,360.39,30.92,1,178.967,7.705,179.850,-18.50,20.26,146.94,-18.12,-7.81,172.78,53.201,54.321,-23.7393,3.7903,363.47,360.39,-23.9436,3.9078,,,0.22543,0
4.8330,2,11,2,3,351.75,389.00,capture,353.48,376.94,12.18,1,179.023,7.732,179.842,-18.54,20.28,147.15,-17.76,-8.52,172.85,53.564,54.546,-24.5812,3.9605,353.48,376.94,-24.2306,3.9315,,,0.19180,0
4.9350,2,11,2,3,351.75,389.00,capture,353.41,337.84,51.19,1,178.946,7.895,179.857,-18.62,20.25,147.33,-18.34,-7.55,173.38,53.651,54.405,-23.3795,3.2040,353.41,337.84,-23.8476,3.6041,,,0.21812,0
5.0423,2,11,2,3,351.75,389.00,capture,332.88,348.13,45.02,1,178.924,7.858,179.864,-18.61,20.32,147.35,-18.12,-8.95,173.40,54.040,54.179,-23.2819,2.8360,332.88,348.13,-23.5930,3.2585,,,0.21234,0
5.1423,2,11,2,3,351.75,389.00,capture,359.93,340.13,49.55,1,178.946,7.799,179.879,-18.59,20.26,147.48,-17.58,-7.74,173.55,54.137,54.526,-23.0573,4.0481,359.93,340.13,-23.3520,3.6138,,,0.22834,0
5.2513,2,11,2,3,351.75,389.00,capture,363.68,363.59,28.07,1,178.901,7.647,179.888,-18.60,20.26,147.52,-18.05,-7.32,174.17,54.169,54.491,-23.3106,3.8938,363.68,363.59,-23.3333,3.7398,,,0.25898,0
5.3486,2,11,2,3,351.75,389.00,capture,375.01,345.37,49.44,1,178.863,7.704,179.827,-18.62,20.35,147.65,-18.02,-8.29,173.59,54.359,54.344,-23.0567,4.5834,375.01,345.37,-23.2088,4.1194,,,0.21582,0
5.4426,2,11,2,3,351.75,389.00,capture,361.70,352.31,38.02,1,179.011,7.631,179.836,-18.65,20.37,147.52,-18.12,-9.24,173.56,54.352,54.163,-24.4625,4.3970,361.70,352.31,-23.7730,4.2443,,,0.22498,0
5.5409,2,11,2,3,351.75,389.00,capture,372.96,326.57,65.93,1,179.054,7.758,179.852,-18.74,20.28,147.58,-17.85,-8.10,174.06,54.387,54.562,-22.7969,4.8273,372.96,326.57,-23.3337,4.5066,,,0.21278,0
5.6292,2,11,2,3,351.75,389.00,capture,361.66,375.30,16.91,1,179.045,7.829,179.869,-18.61,20.22,147.58,-17.95,-8.39,173.66,54.460,54.581,-22.5252,4.0509,361.66,375.30,-22.9699,4.3016,,,0.23648,0
5.7275,2,11,2,3,351.75,389.00,capture,359.48,342.95,46.69,1,178.852,7.854,179.842,-18.41,20.29,147.36,-18.56,-9.04,173.89,54.040,54.664,-22.5031,3.6665,359.48,342.95,-22.7598,4.0158,,,0.23280,0
5.8114,2,11,2,3,351.75,389.00,capture,374.77,367.50,31.50,1,179.057,7.888,179.824,-18.43,20.40,147.42,-17.72,-8.15,174.00,54.243,54.801,-24.3829,5.0731,374.77,367.50,-23.4902,4.4915,,,0.24287,0
5.9137,2,11,2,3,351.75,389.00,capture,374.32,354.45,41.27,1,178.993,7.787,179.826,-18.55,20.42,147.44,-17.89,-7.65,173.80,54.248,54.923,-23.1268,4.7722,374.32,354.45,-23.3267,4.6178,,,0.23376,0
6.1412,3,18,4,2,251.25,700.20,dwell,431.23,477.43,286.39,0,178.931,8.133,179.847,-18.51,20.37,147.53,-18.22,-7.81,174.06,54.158,54.876,-28.8603,7.7141,431.23,477.43,-28.8603,7.7141,,,0.21244,0
6.2511,3,18,4,2,251.25,700.20,dwell,326.83,431.44,279.19,0,178.949,8.492,179.827,-18.43,20.46,147.58,-18.80,-7.55,173.57,53.903,54.343,-26.3575,2.6684,326.83,431.44,-27.7340,5.4435,,,0.21711,0
6.3556,3,18,4,2,251.25,700.20,dwell,399.26,558.48,204.92,0,178.913,8.423,179.828,-18.37,20.46,147.72,-17.43,-8.30,174.54,53.952,54.164,-31.6230,5.5869,399.26,558.48,-29.4840,5.5080,,,0.22775,0
6.4809,3,18,4,2,251.25,700.20,dwell,330.90,443.30,268.96,0,178.962,8.561,179.814,-18.35,20.52,147.65,-17.65,-8.19,173.95,53.725,54.135,-27.2356,2.1194,330.90,443.30,-28.4723,3.9831,,,0.21884,0
6.5868,3,18,4,2,251.25,700.20,dwell,319.12,460.50,249.12,0,178.907,8.682,179.825,-18.30,20.46,147.50,-17.24,-7.95,173.57,53.834,54.356,-27.5089,1.7835,319.12,460.50,-28.0387,2.9933,,,0.21308,0
6.6905,3,18,4,2,251.25,700.20,dwell,298.17,525.58,180.81,0,178.788,8.647,179.807,-18.25,20.29,147.50,-18.05,-8.47,173.28,53.892,54.444,-30.3827,1.5335,298.17,525.58,-29.0935,2.3364,,,0.22647,0
6.7725,3,18,4,2,251.25,700.20,dwell,391.52,552.55,203.66,0,178.854,8.684,179.793,-18.31,20.24,147.65,-17.63,-8.43,173.63,54.508,54.390,-31.4807,4.9680,391.52,552.55,-30.1677,3.5206,,,0.24587,0
6.8667,3,18,4,2,251.25,700.20,dwell,337.39,618.52,118.71,0,178.873,8.647,179.780,-18.26,20.36,147.50,-17.54,-8.44,173.45,54.131,54.458,-34.3479,2.9198,337.39,618.52,-32.0488,3.2502,,,0.21717,0
6.9791,3,18,4,2,251.25,700.20,dwell,345.28,592.55,142.93,0,178.905,8.566,179.825,-18.23,20.43,147.50,-17.55,-7.96,174.18,54.291,54.093,-33.0918,2.7774,345.28,592.55,-32.5182,3.0375,,,0.24486,0
7.0615,3,18,4,2,251.25,700.20,capture,327.66,607.27,120.31,0,178.930,8.674,179.816,-18.26,20.53,147.61,-17.93,-7.84,174.34,54.466,54.167,-33.2484,2.8280,327.66,607.27,-32.8468,2.9432,,,0.21832,0
7.1741,3,18,4,2,251.25,700.20,capture,360.67,607.39,143.48,0,178.958,8.719,179.824,-18.29,20.41,147.42,-18.01,-8.00,173.16,54.448,54.277,-33.6320,4.5124,360.67,607.39,-33.2001,3.6493,,,0.25420,0
7.2723,3,18,4,2,251.25,700.20,capture,332.40,642.64,99.49,0,178.783,8.826,179.782,-18.24,20.45,147.25,-17.79,-8.33,173.31,54.172,53.829,-35.0858,2.4799,332.40,642.64,-34.0487,3.1231,,,0.22202,0
7.3798,3,18,4,2,251.25,700.20,capture,315.46,596.72,121.78,0,178.764,8.803,179.793,-18.16,20.57,147.41,-18.45,-8.14,173.36,54.232,53.807,-32.7946,2.0095,315.46,596.72,-33.4844,2.6220,,,0.20679,0
7.4935,3,18,4,2,251.25,700.20,capture,316.61,594.07,124.64,0,178.748,8.775,179.815,-18.26,20.48,147.55,-17.97,-7.70,173.91,54.542,53.700,-33.9486,1.7326,316.61,594.07,-33.6933,2.2218,,,0.23235,0
7.5945,3,18,4,2,251.25,700.20,capture,312.10,601.17,116.23,0,178.735,8.619,179.799,-18.30,20.39,147.41,-18.37,-8.19,173.40,53.913,53.715,-32.8403,1.6436,312.10,601.17,-33.3094,1.9616,,,0.24967,0
7.6816,3,18,4,2,251.25,700.20,capture,303.36,576.57,134.16,0,178.774,8.762,179.803,-18.35,20.34,147.64,-17.56,-8.49,173.64,53.955,53.881,-32.2166,1.6323,303.36,576.57,-32.8177,1.8134,,,0.21249,0
7.7700,3,18,4,2,251.25,700.20,capture,325.58,580.47,140.93,0,178.886,8.712,179.788,-18.26,20.28,147.88,-17.28,-8.55,174.18,53.891,54.172,-32.5586,2.6765,325.58,580.47,-32.7011,2.2018,,,0.22310,0
7.8643,3,18,4,2,251.25,700.20,capture,312.84,585.78,129.94,0,178.716,8.783,179.783,-18.35,20.31,147.98,-17.92,-8.02,174.33,53.869,53.931,-32.5369,2.0111,312.84,585.78,-32.6272,2.1160,,,0.22533,0
7.9671,3,18,4,2,251.25,700.20,capture,313.46,569.80,144.48,0,178.708,8.772,179.818,-18.45,20.27,147.98,-17.77,-7.94,174.66,54.072,54.037,-32.3140,1.4154,313.46,569.80,-32.4863,1.8007,,,0.20829,0
8.0674,3,18,4,2,251.25,700.20,capture,299.68,590.94,119.51,0,178.887,8.868,179.821,-18.50,20.36,147.88,-17.85,-8.16,174.27,53.820,54.203,-32.1432,1.2762,299.68,590.94,-32.3319,1.5647,,,0.22071,0
8.1695,3,18,4,2,251.25,700.20,capture,303.00,597.41,115.08,0,178.813,8.927,179.847,-18.52,20.28,147.95,-18.32,-8.81,174.37,53.957,54.159,-33.1569,1.2442,303.00,597.41,-32.7031,1.4205,,,0.21620,0
8.2888,3,18,4,2,251.25,700.20,capture,304.58,581.12,130.48,0,178.965,8.836,179.832,-18.52,20.40,147.95,-17.90,-7.47,174.24,53.696,54.064,-31.9500,1.5582,304.58,581.12,-32.3642,1.4825,,,0.21772,0
8.3708,3,18,4,2,251.25,700.20,capture,322.88,597.84,124.93,0,178.958,8.859,179.838,-18.50,20.37,147.71,-18.58,-8.66,174.15,53.557,54.303,-33.9721,1.8311,322.88,597.84,-33.0878,1.6393,,,0.19087,0
8.4643,3,18,4,2,251.25,700.20,capture,324.52,606.27,119.13,0,178.824,8.764,179.838,-18.49,20.55,147.64,-17.57,-7.54,173.92,53.311,54.194,-33.7977,2.5114,324.52,606.27,-33.4073,2.0317,,,0.20261,0
8.5737,3,18,4,2,251.25,700.20,capture,320.80,590.63,129.78,0,178.760,8.686,179.808,-18.53,20.68,147.60,-17.65,-8.15,173.46,53.224,53.972,-33.0397,2.6709,320.80,590.63,-33.2419,2.3194,,,0.19772,0
8.6590,3,18,4,2,251.25,700.20,capture,326.73,577.61,143.96,0,178.878,8.731,179.805,-18.61,20.74,147.73,-17.85,-7.56,173.55,53.146,53.919,-32.0531,2.2008,326.73,577.61,-32.7069,2.2660,,,0.20979,0
8.7574,3,18,4,2,251.25,700.20,capture,327.73,583.82,139.26,0,178.977,8.706,179.805,-18.58,20.96,147.85,-18.28,-8.05,174.51,53.395,53.796,-32.5111,2.3857,327.73,583.82,-32.6188,2.3199,,,0.22322,0
8.8487,3,18,4,2,251.25,700.20,capture,333.88,606.47,124.95,0,179.010,8.633,179.795,-18.51,20.84,147.78,-17.69,-7.91,174.34,53.693,53.851,-33.6003,3.0117,333.88,606.47,-33.0605,2.6312,,,0.19650,0
8.9591,3,18,4,2,251.25,700.20,capture,318.88,603.41,118.08,0,178.947,8.644,179.810,-18.57,20.59,147.78,-18.37,-7.86,174.42,53.400,53.597,-33.1580,2.3063,318.88,603.41,-33.1044,2.4850,,,0.19060,0
9.1654,4,2,0,2,251.25,77.80,dwell,241.00,528.20,450.52,0,178.916,8.460,179.822,-18.53,20.59,147.55,-18.09,-7.96,173.96,54.050,53.854,-31.0645,-2.0162,241.00,528.20,-31.0645,-2.0162,,,0.22639,0
9.2474,4,2,0,2,251.25,77.80,dwell,369.17,490.92,429.62,0,178.989,8.396,179.831,-18.37,20.40,147.37,-18.05,-8.43,173.63,53.875,53.828,-28.7423,4.2833,369.17,490.92,-30.0195,0.8186,,,0.22704,0
9.3403,4,2,0,2,251.25,77.80,dwell,262.75,347.60,270.04,0,179.098,8.238,179.837,-18.44,20.39,147.46,-17.80,-7.95,173.65,54.100,53.864,-23.0428,-0.9868,262.75,347.60,-26.8800,0.0061,,,0.22676,0
9.4223,4,2,0,2,251.25,77.80,dwell,323.34,395.42,325.70,0,179.111,8.055,179.861,-18.52,20.65,147.53,-18.01,-8.23,173.94,53.875,53.790,-24.7098,1.7855,323.34,395.42,-25.9034,0.8069,,,0.20912,0
9.5246,4,2,0,2,251.25,77.80,dwell,297.93,311.80,238.61,0,179.010,8.033,179.889,-18.51,20.68,147.44,-18.42,-7.76,173.58,53.792,53.442,-22.3640,1.1632,297.93,311.80,-24.3107,0.9672,,,0.20990,0
9.6338,4,2,0,2,251.25,77.80,dwell,259.52,229.47,151.90,0,178.920,8.114,179.862,-18.44,20.63,147.26,-18.25,-8.20,173.54,53.550,53.344,-18.6923,-0.3379,259.52,229.47,-21.7824,0.3799,,,0.20472,0
9.7354,4,2,0,2,251.25,77.80,dwell,281.04,225.91,151.08,0,178.996,7.989,179.839,-18.45,20.89,147.44,-17.85,-8.07,173.83,53.719,53.477,-18.5948,0.7029,281.04,225.91,-20.3480,0.5252,,,0.20973,0
9.8231,4,2,0,2,251.25,77.80,dwell,338.26,145.15,110.03,0,179.043,7.807,179.842,-18.43,20.76,147.40,-18.24,-7.35,173.62,53.512,53.643,-15.5216,3.4093,338.26,145.15,-18.1761,1.8231,,,0.19616,0
9.9201,4,2,0,2,251.25,77.80,dwell,279.97,69.48,29.90,1,178.867,7.705,179.802,-18.50,20.82,147.26,-17.83,-7.38,172.94,53.354,53.425,-12.6288,0.3061,279.97,69.48,-15.6798,1.1405,,,0.18678,0
10.0070,4,2,0,2,251.25,77.80,capture,262.48,86.81,14.40,1,178.945,7.724,179.819,-18.47,20.79,147.36,-18.12,-7.79,173.97,53.389,53.743,-12.6591,-0.3683,262.48,86.81,-14.3205,0.4615,,,0.18847,0
10.1094,4,2,0,2,251.25,77.80,capture,275.02,76.76,23.79,1,178.918,7.591,179.801,-18.45,20.70,147.55,-18.11,-7.47,173.89,53.185,53.942,-12.4804,0.3367,275.02,76.76,-13.4925,0.4054,,,0.17959,0
10.1999,4,2,0,2,251.25,77.80,capture,298.20,54.22,52.54,1,179.004,7.652,179.846,-18.51,20.56,147.38,-18.11,-8.36,173.54,53.247,53.917,-12.9723,1.3087,298.20,54.22,-13.2584,0.8119,,,0.20751,0
10.3020,4,2,0,2,251.25,77.80,capture,271.79,54.68,30.93,1,179.048,7.702,179.851,-18.57,20.42,146.97,-17.99,-7.56,173.12,53.152,54.123,-11.8908,-0.2152,271.79,54.68,-12.6429,0.3497,,,0.21801,0
10.4003,4,2,0,2,251.25,77.80,capture,279.24,78.47,28.00,1,179.066,7.767,179.838,-18.58,20.39,147.28,-18.20,-8.27,173.49,53.162,54.007,-12.8828,-0.1585,279.24,78.47,-12.7509,0.1210,,,0.20617,0
10.5046,4,2,0,2,251.25,77.80,capture,310.67,73.99,59.54,0,179.062,7.757,179.828,-18.63,20.41,147.14,-18.14,-8.80,173.13,53.075,54.067,-12.9278,1.6274,310.67,73.99,-12.8305,0.7989,,,0.20875,0
10.6071,4,2,0,2,251.25,77.80,capture,282.31,83.60,31.60,1,178.866,7.603,179.836,-18.51,20.42,147.21,-18.35,-8.06,173.85,53.386,53.796,-13.3665,-0.2741,282.31,83.60,-13.0717,0.3160,,,0.21371,0
10.6975,4,2,0,2,251.25,77.80,capture,291.12,56.52,45.19,1,178.938,7.573,179.825,-18.59,20.51,147.26,-18.22,-7.78,173.29,53.753,53.973,-12.4076,0.0516,291.12,56.52,-12.7729,0.1970,,,0.22926,0
10.8027,4,2,0,2,251.25,77.80,capture,275.47,72.75,24.74,1,178.974,7.632,179.823,-18.66,20.61,147.44,-18.13,-8.36,174.39,53.503,53.897,-12.5387,0.3146,275.47,72.75,-12.6675,0.2499,,,0.18794,0
10.8941,4,2,0,2,251.25,77.80,capture,268.84,71.41,18.71,1,178.915,7.558,179.828,-18.57,20.58,147.66,-17.96,-7.58,173.98,53.505,53.854,-12.1532,-0.4431,268.84,71.41,-12.4361,-0.0619,,,0.21920,0
10.9794,4,2,0,2,251.25,77.80,capture,270.18,66.67,21.96,1,178.903,7.508,179.826,-18.45,20.53,147.74,-17.51,-8.17,174.39,53.753,53.829,-12.8942,-0.9193,270.18,66.67,-12.6422,-0.4477,,,0.23455,0
11.0819,4,2,0,2,251.25,77.80,capture,264.60,79.88,13.51,1,179.019,7.496,179.856,-18.53,20.54,147.68,-17.81,-8.59,174.50,53.933,54.150,-12.5993,-0.3306,264.60,79.88,-12.6229,-0.3950,,,0.20942,0
11.1915,4,2,0,2,251.25,77.80,capture,285.56,80.94,34.45,1,179.080,7.576,179.867,-18.54,20.56,147.71,-17.47,-8.19,174.26,53.987,54.123,-13.1332,-0.1047,285.56,80.94,-12.8525,-0.2644,,,0.21188,0
11.2820,4,2,0,2,251.25,77.80,capture,260.80,52.83,26.73,1,178.877,7.528,179.845,-18.61,20.44,147.60,-17.84,-8.10,173.90,54.042,53.730,-11.3622,-0.9489,260.80,52.83,-12.1819,-0.5724,,,0.23120,0
11.3812,4,2,0,2,251.25,77.80,capture,272.27,66.36,23.93,1,179.029,7.546,179.863,-18.58,20.56,147.58,-18.15,-8.66,173.63,54.226,54.159,-11.9152,-0.3103,272.27,66.36,-12.0619,-0.4545,,,0.21805,0
11.4775,4,2,0,2,251.25,77.80,capture,270.11,67.96,21.27,1,178.864,7.448,179.848,-18.53,20.62,147.35,-18.66,-8.51,174.26,54.116,54.215,-12.3813,-0.3258,270.11,67.96,-12.2056,-0.3966,,,0.20185,0
11.5714,4,2,0,2,251.25,77.80,capture,284.68,54.21,40.92,1,178.789,7.489,179.836,-18.58,20.51,147.47,-17.79,-7.95,173.29,54.741,53.967,-11.6738,0.4452,284.68,54.21,-11.9663,-0.0178,,,0.24540,0
11.6764,4,2,0,2,251.25,77.80,capture,258.88,38.15,40.38,1,178.868,7.514,179.810,-18.46,20.77,147.42,-18.74,-7.30,173.55,54.421,53.869,-11.4879,-0.9546,258.88,38.15,-11.7510,-0.4393,,,0.24263,0
11.7906,4,2,0,2,251.25,77.80,capture,285.16,62.49,37.21,1,178.823,7.683,179.832,-18.35,20.92,147.68,-17.96,-7.60,173.65,54.804,53.723,-12.3859,0.2796,285.16,62.49,-12.0367,-0.1158,,,0.25326,0
11.9547,5,3,0,3,351.75,77.80,dwell,182.49,78.10,169.26,0,178.864,7.726,179.842,-18.26,20.99,147.59,-17.32,-7.56,173.46,54.818,54.077,-13.0225,-5.0513,182.49,78.10,-13.0225,-5.0513,,,0.25100,0
12.0554,5,3,0,3,351.75,77.80,dwell,302.97,-20.39,109.64,0,178.898,7.685,179.843,-18.23,20.87,147.89,-18.33,-7.65,174.41,54.403,53.780,-9.3922,0.7873,302.97,-20.39,-11.3889,-2.4240,,,0.21866,0
12.1441,5,3,0,3,351.75,77.80,dwell,286.09,24.70,84.44,0,178.959,7.737,179.818,-18.32,20.85,147.90,-17.78,-7.32,174.56,54.529,54.062,-9.7251,0.3789,286.09,24.70,-10.6402,-1.1627,,,0.21474,0
12.2356,5,3,0,3,351.75,77.80,dwell,310.05,-28.77,114.44,0,178.969,7.898,179.856,-18.33,20.86,147.79,-17.76,-7.70,173.72,54.306,54.448,-9.0620,1.2848,310.05,-28.77,-9.9300,-0.0613,,,0.20726,0
12.3432,5,3,0,3,351.75,77.80,dwell,316.12,-24.35,108.19,0,178.871,7.821,179.869,-18.27,20.85,147.65,-18.11,-8.27,174.14,53.730,54.325,-8.4022,2.1816,316.12,-24.35,-9.2425,0.9480,,,0.21777,0
12.4252,5,3,0,3,351.75,77.80,dwell,351.95,27.19,50.61,1,178.929,7.716,179.859,-18.31,20.83,147.59,-18.28,-6.99,173.68,53.529,54.456,-9.9642,2.9047,351.95,27.19,-9.5673,1.8285,,,0.19772,0
12.5328,5,3,0,3,351.75,77.80,dwell,390.95,65.44,41.10,1,179.003,7.569,179.896,-18.33,20.54,147.67,-17.95,-7.81,174.28,53.742,54.223,-11.5840,5.0918,390.95,65.44,-10.4748,3.2970,,,0.20894,0
12.6444,5,3,0,3,351.75,77.80,dwell,373.80,43.06,41.15,1,179.030,7.567,179.849,-18.33,20.52,147.64,-17.75,-7.77,174.30,53.872,53.909,-11.3897,4.8603,373.80,43.06,-10.8865,4.0004,,,0.23388,0
12.7294,5,3,0,3,351.75,77.80,dwell,402.99,22.17,75.63,0,179.156,7.660,179.854,-18.32,20.68,147.52,-17.42,-8.24,173.76,54.058,53.857,-11.3706,5.8853,402.99,22.17,-11.1044,4.8486,,,0.22311,0
12.8250,5,3,0,3,351.75,77.80,dwell,383.87,-4.72,88.55,0,179.119,7.628,179.827,-18.24,20.74,147.29,-17.78,-8.67,173.14,54.049,53.566,-9.5478,4.9452,383.87,-4.72,-10.4039,4.8921,,,0.21576,0
12.9116,5,3,0,3,351.75,77.80,capture,414.07,3.30,97.13,0,179.080,7.671,179.843,-18.37,20.62,147.19,-18.53,-7.73,173.26,53.966,53.371,-8.5806,6.1542,414.07,3.30,-9.5834,5.4600,,,0.23242,0
13.0173,5,3,0,3,351.75,77.80,capture,403.30,-3.23,96.04,0,178.975,7.522,179.840,-18.23,20.72,147.07,-17.72,-7.64,173.07,54.102,53.990,-9.3250,5.7442,403.30,-3.23,-9.4671,5.5879,,,0.24699,0
13.0993,5,3,0,3,351.75,77.80,capture,417.97,4.09,99.09,0,179.100,7.466,179.818,-18.14,20.74,146.98,-17.73,-7.46,173.09,54.046,53.846,-9.4544,7.0445,417.97,4.09,-9.4614,6.2433,,,0.22551,0
13.2069,5,3,0,3,351.75,77.80,capture,409.55,-11.16,106.09,0,178.883,7.418,179.811,-18.29,20.65,146.95,-17.61,-8.42,172.92,53.695,53.426,-8.5412,5.8735,409.55,-11.16,-9.0473,6.0769,,,0.23079,0
13.3214,5,3,0,3,351.75,77.80,capture,412.76,-11.42,108.09,0,178.900,7.486,179.813,-18.24,20.72,146.83,-17.80,-7.61,172.93,54.132,53.291,-10.5500,5.9303,412.76,-11.42,-9.7235,6.0109,,,0.22292,0
13.4196,5,3,0,3,351.75,77.80,capture,433.13,-10.90,120.38,0,178.813,7.599,179.823,-18.37,20.62,146.81,-18.06,-7.64,173.25,53.981,53.483,-9.8900,6.8340,433.13,-10.90,-9.7984,6.3813,,,0.21478,0
13.5176,5,3,0,3,351.75,77.80,capture,410.98,-17.13,111.89,0,178.926,7.673,179.858,-18.32,20.47,146.81,-18.45,-7.84,173.05,53.721,53.891,-9.3730,6.4484,410.98,-17.13,-9.6070,6.4115,,,0.22899,0
13.6260,5,3,0,3,351.75,77.80,capture,420.89,-33.38,130.92,0,178.954,7.644,179.838,-18.15,20.48,146.67,-17.87,-7.83,172.70,53.872,53.739,-8.6684,7.1570,420.89,-33.38,-9.1846,6.7470,,,0.21389,0
13.7096,5,3,0,3,351.75,77.80,capture,443.82,-28.52,140.64,0,178.891,7.660,179.875,-18.15,20.55,146.95,-17.07,-7.64,173.35,54.220,53.294,-9.4745,7.9347,443.82,-28.52,-9.3151,7.2815,,,0.21870,0
13.7974,5,3,0,3,351.75,77.80,capture,421.02,-1.14,105.02,0,178.859,7.801,179.878,-18.18,20.44,147.25,-18.15,-8.50,173.45,53.827,53.050,-8.4131,6.2964,421.02,-1.14,-8.9092,6.8382,,,0.20195,0
13.8912,5,3,0,3,351.75,77.80,capture,413.13,-10.28,107.36,0,178.810,7.793,179.848,-18.22,20.52,147.28,-17.70,-8.21,173.15,53.672,53.202,-9.2134,5.6310,413.13,-10.28,-9.0461,6.2950,,,0.21747,0
13.9868,5,3,0,3,351.75,77.80,capture,399.08,-4.73,95.14,0,178.863,7.701,179.860,-18.36,20.50,147.53,-18.04,-8.37,173.06,53.728,53.510,-9.8503,5.3567,399.08,-4.73,-9.4080,5.8728,,,0.22258,0
14.0821,5,3,0,3,351.75,77.80,capture,432.77,-4.13,115.22,0,178.894,7.803,179.899,-18.40,20.35,147.63,-17.92,-7.74,174.21,54.148,53.879,-9.4841,6.9145,432.77,-4.13,-9.4422,6.3415,,,0.23004,0
14.2026,5,3,0,3,351.75,77.80,capture,433.59,9.66,106.49,0,178.887,7.825,179.851,-18.44,20.32,147.69,-18.13,-8.54,173.75,53.984,53.827,-9.8721,6.9818,433.59,9.66,-9.6357,6.6297,,,0.24380,0
14.2961,5,3,0,3,351.75,77.80,capture,413.63,-5.89,104.08,0,178.966,7.820,179.868,-18.44,20.20,147.79,-18.01,-7.32,173.86,53.802,54.090,-10.0476,5.5840,413.63,-5.89,-9.8210,6.1591,,,0.24969,0
14.3864,5,3,0,3,351.75,77.80,capture,399.20,-22.22,110.70,0,179.104,7.677,179.854,-18.46,20.36,148.07,-18.01,-8.05,174.38,53.840,54.494,-9.2849,6.4272,399.20,-22.22,-9.5797,6.2797,,,0.20496,0
14.4766,5,3,0,3,351.75,77.80,capture,421.08,13.21,94.76,0,179.162,7.553,179.818,-18.45,20.38,148.03,-17.96,-7.89,174.81,53.844,54.362,-10.6276,6.7529,421.08,13.21,-10.0513,6.4926,,,0.22302,0
14.5707,5,3,0,3,351.75,77.80,capture,425.49,-26.62,127.83,0,179.147,7.481,179.815,-18.55,20.63,147.97,-18.67,-7.63,173.99,54.191,54.321,-9.0118,6.7351,425.49,-26.62,-9.5835,6.6018,,,0.21405,0
14.6859,5,3,0,3,351.75,77.80,capture,403.00,-47.20,135.10,0,178.972,7.483,179.840,-18.57,20.66,147.99,-18.17,-7.63,174.26,54.132,54.536,-7.2471,6.2082,403.00,-47.20,-8.5321,6.4247,,,0.22215,0
14.8003,5,3,0,3,351.75,77.80,capture,433.53,-34.11,138.61,0,179.004,7.457,179.843,-18.63,20.83,147.92,-17.81,-8.10,174.57,53.799,54.954,-8.6829,7.4504,433.53,-34.11,-8.6000,6.8862,,,0.23099,0
14.9906,6,1,0,1,150.75,77.80,dwell,404.77,54.59,255.08,0,179.020,7.589,179.843,-18.53,20.85,147.76,-18.11,-7.24,174.47,53.942,54.522,-11.5824,5.4607,404.77,54.59,-11.5824,5.4607,,,0.20274,0
15.0793,6,1,0,1,150.75,77.80,dwell,402.47,-40.61,278.18,0,179.078,7.511,179.898,-18.53,20.81,147.88,-18.26,-8.34,174.06,54.096,54.437,-7.2845,6.2210,402.47,-40.61,-9.6483,5.8029,,,0.23266,0
15.1613,6,1,0,1,150.75,77.80,dwell,411.42,-5.44,273.64,0,179.202,7.581,179.902,-18.55,20.98,147.99,-18.74,-7.83,174.57,53.901,54.181,-9.7526,6.4645,411.42,-5.44,-9.6953,6.1006,,,0.22630,0
15.2561,6,1,0,1,150.75,77.80,dwell,327.66,64.77,177.39,0,179.082,7.644,179.901,-18.61,20.96,147.99,-18.73,-7.76,174.58,54.133,54.274,-12.1972,3.1076,327.66,64.77,-10.8211,4.7538,,,0.22506,0
15.3571,6,1,0,1,150.75,77.80,dwell,194.55,112.46,55.85,1,179.155,7.541,179.859,-18.50,20.78,147.92,-18.02,-7.73,174.37,53.784,54.263,-14.2086,-4.1391,194.55,112.46,-12.3455,0.7520,,,0.23134,0
15.4607,6,1,0,1,150.75,77.80,dwell,225.37,-19.88,122.92,0,179.261,7.352,179.864,-18.47,20.62,147.71,-18.45,-7.01,174.19,53.887,54.453,-10.1079,-2.7549,225.37,-19.88,-11.3386,-0.8261,,,0.20266,0
15.5622,6,1,0,1,150.75,77.80,dwell,241.89,27.12,104.28,0,179.231,7.235,179.844,-18.39,20.61,147.65,-17.65,-8.05,173.62,54.054,54.221,-10.9340,-2.0339,241.89,27.12,-11.1565,-1.3697,,,0.22518,0
15.6442,6,1,0,1,150.75,77.80,dwell,172.29,119.29,46.75,1,179.207,7.281,179.825,-18.36,20.73,147.62,-18.16,-8.29,174.33,54.048,54.295,-15.1076,-4.2516,172.29,119.29,-12.9345,-2.6665,,,0.23133,0
15.7392,6,1,0,1,150.75,77.80,dwell,175.67,118.02,47.31,1,179.096,7.278,179.791,-18.23,20.73,147.72,-17.66,-7.56,174.61,54.196,54.773,-14.8138,-4.7825,175.67,118.02,-13.7802,-3.6187,,,0.20347,0
15.8212,6,1,0,1,150.75,77.80,dwell,168.34,82.53,18.21,1,179.043,7.310,179.795,-18.05,20.89,147.59,-17.98,-7.08,173.53,54.095,54.658,-13.6232,-5.3982,168.34,82.53,-13.7095,-4.4195,,,0.23033,0
15.9167,6,1,0,1,150.75,77.80,dwell,159.93,49.30,29.94,1,179.014,7.272,179.799,-18.00,20.85,147.40,-17.76,-7.06,173.64,53.941,54.400,-11.5158,-5.1722,159.93,49.30,-12.7223,-4.7582,,,0.23604,0
16.0050,6,1,0,1,150.75,77.80,capture,167.38,77.64,16.63,1,178.933,7.206,179.753,-17.99,20.62,147.30,-17.31,-6.95,173.43,54.186,54.395,-13.2807,-4.0668,167.38,77.64,-12.9736,-4.4471,,,0.25005,0
16.1038,6,1,0,1,150.75,77.80,capture,185.54,70.74,35.50,1,179.032,7.064,179.771,-18.16,20.58,147.68,-18.05,-7.45,174.38,53.698,54.707,-12.2139,-4.1951,185.54,70.74,-12.6317,-4.3337,,,0.22041,0
16.1899,6,1,0,1,150.75,77.80,capture,171.77,52.44,32.94,1,178.975,7.210,179.798,-18.28,20.54,147.60,-17.70,-8.14,173.97,53.589,54.671,-12.1305,-4.8174,171.77,52.44,-12.4062,-4.5514,,,0.21135,0
16.2778,6,1,0,1,150.75,77.80,capture,169.60,78.75,18.87,1,178.969,7.262,179.828,-18.13,20.41,147.52,-18.04,-7.40,173.44,53.846,54.793,-13.2035,-5.5255,169.60,78.75,-12.7650,-4.9897,,,0.20737,0
16.3612,6,1,0,1,150.75,77.80,capture,178.18,65.26,30.16,1,178.958,7.202,179.823,-18.05,20.64,147.49,-17.85,-8.17,174.18,53.821,55.189,-12.9709,-5.1083,178.18,65.26,-12.8576,-5.0431,,,0.23528,0
16.4657,6,1,0,1,150.75,77.80,capture,178.99,87.12,29.74,1,178.958,7.072,179.787,-18.07,20.71,147.70,-18.23,-6.90,174.06,53.970,55.419,-12.8678,-4.7212,178.99,87.12,-12.8622,-4.8982,,,0.23482,0
16.5477,6,1,0,1,150.75,77.80,capture,158.36,81.13,8.31,1,178.954,7.338,179.803,-18.04,20.74,147.36,-17.06,-7.66,173.59,53.817,55.122,-12.5526,-5.6833,158.36,81.13,-12.7229,-5.2515,,,0.21416,0
16.6436,6,1,0,1,150.75,77.80,capture,178.73,57.45,34.60,1,179.090,7.441,179.783,-18.00,20.70,147.47,-18.04,-8.32,173.99,53.402,54.850,-12.3266,-4.0516,178.73,57.45,-12.5446,-4.7116,,,0.20384,0
16.7474,6,1,0,1,150.75,77.80,capture,157.80,68.59,11.60,1,179.018,7.424,179.783,-18.01,20.65,147.56,-17.32,-8.33,174.35,52.856,54.704,-12.8355,-5.3061,157.80,68.59,-12.6755,-4.9791,,,0.17541,0
16.8388,6,1,0,1,150.75,77.80,capture,150.82,82.53,4.73,1,178.966,7.591,179.803,-17.94,20.60,147.45,-17.45,-7.13,173.67,53.170,54.283,-13.2205,-6.7622,150.82,82.53,-12.9207,-5.7815,,,0.19153,0
16.9499,6,1,0,1,150.75,77.80,capture,174.98,63.58,28.09,1,178.950,7.648,179.816,-17.89,20.55,147.50,-17.35,-7.66,173.74,53.099,54.037,-12.5399,-5.0726,174.98,63.58,-12.7494,-5.4625,,,0.20047,0
17.0472,6,1,0,1,150.75,77.80,capture,168.34,69.31,19.53,1,178.838,7.564,179.830,-17.90,20.47,147.65,-17.93,-7.56,174.22,53.391,54.226,-12.5327,-4.5973,168.34,69.31,-12.6519,-5.0731,,,0.23135,0
17.1485,6,1,0,1,150.75,77.80,capture,174.85,53.36,34.32,1,178.916,7.502,179.880,-17.91,20.45,147.77,-17.27,-8.17,174.10,53.350,54.335,-12.4709,-4.9782,174.85,53.36,-12.5704,-5.0304,,,0.20109,0
17.2492,6,1,0,1,150.75,77.80,capture,154.87,78.75,4.23,1,178.786,7.558,179.891,-17.97,20.40,147.72,-17.91,-8.22,173.71,52.879,54.290,-13.8490,-5.6928,154.87,78.75,-13.1458,-5.3285,,,0.21014,0
17.3312,6,1,0,1,150.75,77.80,capture,171.03,62.18,25.60,1,178.831,7.585,179.874,-17.94,20.50,147.78,-17.11,-6.94,173.70,53.086,54.359,-11.9582,-4.5757,171.03,62.18,-12.6114,-4.9897,,,0.20364,0
17.4349,6,1,0,1,150.75,77.80,capture,175.64,63.40,28.76,1,178.962,7.480,179.845,-18.10,20.64,147.72,-18.13,-7.97,173.99,53.179,54.708,-12.1249,-4.5179,175.64,63.40,-12.3925,-4.7774,,,0.19457,0
17.5304,6,1,0,1,150.75,77.80,capture,171.53,44.67,39.11,1,179.105,7.449,179.857,-18.23,20.71,147.69,-18.03,-8.56,174.06,53.529,54.429,-11.8697,-5.2573,171.53,44.67,-12.1572,-4.9933,,,0.20251,0
17.6363,6,1,0,1,150.75,77.80,capture,179.20,45.67,42.92,1,179.146,7.324,179.823,-18.31,20.88,147.80,-17.84,-7.75,174.21,53.638,54.420,-11.8267,-4.6218,179.20,45.67,-12.0085,-4.8262,,,0.19814,0
17.7251,6,1,0,1,150.75,77.80,capture,165.75,83.75,16.14,1,179.148,7.304,179.803,-18.29,20.88,147.93,-17.91,-6.98,174.01,53.303,54.418,-12.8500,-5.4330,165.75,83.75,-12.3872,-5.0993,,,0.19546,0
17.8071,6,1,0,1,150.75,77.80,capture,155.05,78.07,4.31,1,179.039,7.606,179.826,-18.18,21.04,147.63,-17.66,-7.93,174.04,53.397,54.251,-12.4923,-5.7109,155.05,78.07,-12.4345,-5.3745,,,0.17745,0
18.0130,7,6,1,2,251.25,233.40,dwell,160.19,184.98,103.13,0,178.994,7.657,179.860,-18.26,21.29,147.64,-18.14,-7.28,173.90,53.617,54.087,-17.5493,-5.0789,160.19,184.98,-17.5493,-5.0789,,,0.23499,0
18.1189,7,6,1,2,251.25,233.40,dwell,136.10,97.65,178.01,0,179.049,7.701,179.870,-18.33,21.51,147.74,-17.70,-7.02,174.37,53.461,54.291,-12.8676,-6.7551,136.10,97.65,-15.4425,-5.8332,,,0.20037,0
18.2236,7,6,1,2,251.25,233.40,dwell,214.25,155.60,86.15,1,179.100,7.781,179.867,-18.40,21.48,147.67,-17.91,-7.09,174.02,53.672,54.078,-15.6208,-2.6414,214.25,155.60,-15.5228,-4.3969,,,0.22202,0
18.3209,7,6,1,2,251.25,233.40,dwell,235.54,180.41,55.27,1,179.130,7.706,179.851,-18.32,21.31,147.87,-18.48,-7.16,174.40,53.690,53.865,-17.1051,-1.7536,235.54,180.41,-16.2348,-3.2074,,,0.21015,0
18.4227,7,6,1,2,251.25,233.40,dwell,261.30,243.76,14.43,1,179.064,7.784,179.829,-18.32,21.29,147.94,-18.34,-6.22,174.49,53.276,53.757,-20.6147,-0.5801,261.30,243.76,-18.2058,-2.0251,,,0.20179,0
18.5124,7,6,1,2,251.25,233.40,dwell,209.00,151.72,91.96,0,178.990,7.763,179.837,-18.17,21.26,148.14,-18.29,-7.58,174.29,53.386,53.527,-14.5063,-3.1574,209.00,151.72,-16.5410,-2.5346,,,0.21732,0
18.6141,7,6,1,2,251.25,233.40,dwell,246.73,201.18,32.54,1,179.033,7.786,179.859,-18.10,21.03,148.10,-17.95,-7.66,174.58,53.263,54.019,-17.1986,-1.3964,246.73,201.18,-16.8369,-2.0224,,,0.20476,0
18.6961,7,6,1,2,251.25,233.40,dwell,196.09,164.09,88.58,0,179.107,7.742,179.851,-18.02,21.07,148.08,-17.70,-8.44,174.28,52.808,53.984,-16.8835,-3.3871,196.09,164.09,-16.8579,-2.6365,,,0.19944,0
18.8078,7,6,1,2,251.25,233.40,dwell,262.02,171.28,63.05,1,179.019,7.771,179.833,-18.05,21.15,148.02,-17.20,-7.49,174.11,52.910,53.740,-16.5672,-0.6465,262.02,171.28,-16.7271,-1.7410,,,0.21949,0
18.8960,7,6,1,2,251.25,233.40,capture,234.22,171.66,64.05,1,179.056,7.684,179.868,-18.19,20.98,148.15,-17.63,-7.22,174.80,53.064,53.854,-16.8984,-2.2357,234.22,171.66,-16.8042,-1.9636,,,0.19290,0
18.9943,7,6,1,2,251.25,233.40,capture,253.74,180.50,52.96,1,179.006,7.811,179.849,-18.19,21.04,147.88,-17.88,-7.67,174.63,53.334,54.316,-17.3801,-1.2113,253.74,180.50,-17.0633,-1.6251,,,0.19341,0
19.0937,7,6,1,2,251.25,233.40,capture,216.97,238.30,34.63,1,178.888,7.671,179.875,-18.20,21.22,147.62,-17.91,-7.37,173.82,53.505,54.143,-19.8920,-2.5325,216.97,238.30,-18.3362,-2.0334,,,0.19216,0
19.1943,7,6,1,2,251.25,233.40,capture,230.57,184.26,53.31,1,178.957,7.701,179.848,-18.20,21.02,147.46,-18.11,-7.62,173.58,53.640,53.947,-16.7286,-2.7265,230.57,184.26,-17.6128,-2.3453,,,0.21470,0
19.2922,7,6,1,2,251.25,233.40,capture,253.80,184.08,49.39,1,178.927,7.652,179.815,-18.25,20.85,147.47,-17.93,-7.29,173.54,53.771,54.494,-16.7448,-1.1005,253.80,184.08,-17.2222,-1.7851,,,0.22024,0
19.3970,7,6,1,2,251.25,233.40,capture,257.11,176.89,56.81,1,178.945,7.602,179.817,-18.21,20.71,147.56,-17.93,-8.21,173.55,53.796,54.193,-17.0206,-0.8027,257.11,176.89,-17.1315,-1.3430,,,0.20975,0
19.5239,7,6,1,2,251.25,233.40,capture,247.41,185.91,47.64,1,178.828,7.539,179.797,-18.15,20.57,147.62,-18.21,-7.50,173.90,53.541,53.810,-17.4257,-1.7535,247.41,185.91,-17.2639,-1.5277,,,0.22150,0
19.6270,7,6,1,2,251.25,233.40,capture,229.70,188.82,49.52,1,178.785,7.470,179.794,-18.02,20.58,147.86,-17.86,-6.92,174.48,53.497,53.923,-17.4294,-1.8006,229.70,188.82,-17.3384,-1.6505,,,0.20953,0
19.7275,7,6,1,2,251.25,233.40,capture,252.93,192.05,41.38,1,178.825,7.460,179.803,-18.12,20.64,147.86,-17.72,-8.12,174.56,53.505,53.720,-18.6417,-1.4353,252.93,192.05,-17.9249,-1.5537,,,0.22229,0
19.8187,7,6,1,2,251.25,233.40,capture,247.15,196.78,36.85,1,179.013,7.364,179.787,-18.11,20.64,147.82,-17.42,-8.75,173.99,53.514,54.040,-17.0581,-2.2411,247.15,196.78,-17.5348,-1.8630,,,0.19787,0
19.9119,7,6,1,2,251.25,233.40,capture,251.43,212.93,20.47,1,179.122,7.388,179.809,-18.11,20.79,147.66,-17.03,-7.10,174.32,53.553,53.937,-18.9433,-1.1887,251.43,212.93,-18.1686,-1.5596,,,0.23664,0
20.0124,7,6,1,2,251.25,233.40,capture,251.11,187.18,46.22,1,179.052,7.410,179.836,-18.10,20.82,147.73,-18.32,-8.13,174.00,53.865,54.162,-17.2275,-1.2859,251.11,187.18,-17.7451,-1.4364,,,0.21192,0
20.0954,7,6,1,2,251.25,233.40,capture,233.92,169.38,66.32,1,178.981,7.304,179.816,-18.15,20.75,147.84,-17.62,-7.56,174.13,53.615,54.225,-16.3724,-2.3452,233.92,169.38,-17.1274,-1.8454,,,0.18830,0
20.1917,7,6,1,2,251.25,233.40,capture,226.03,181.06,58.10,1,178.997,7.516,179.820,-18.18,20.86,148.03,-17.92,-7.90,175.01,53.785,54.099,-17.1639,-1.8596,226.03,181.06,-17.1438,-1.8518,,,0.20730,0
20.3059,7,6,1,2,251.25,233.40,capture,248.21,201.30,32.24,1,178.951,7.420,179.835,-18.20,20.88,148.01,-17.88,-7.55,174.84,53.822,53.916,-17.3359,-1.5537,248.21,201.30,-17.2303,-1.7176,,,0.19996,0
20.4129,7,6,1,2,251.25,233.40,capture,245.65,189.36,44.39,1,178.850,7.337,179.855,-18.18,20.81,147.88,-17.38,-8.12,174.87,53.464,54.067,-18.0892,-0.4312,245.65,189.36,-17.6168,-1.1388,,,0.19908,0
20.5240,7,6,1,2,251.25,233.40,capture,226.19,184.47,54.97,1,178.943,7.487,179.847,-18.30,20.92,147.82,-18.42,-7.69,173.99,53.602,54.180,-17.3221,-2.3212,226.19,184.47,-17.4842,-1.6709,,,0.21396,0
20.6172,7,6,1,2,251.25,233.40,capture,255.98,188.60,45.05,1,178.836,7.534,179.861,-18.28,21.03,147.59,-17.91,-7.81,173.87,53.487,54.037,-17.3952,-1.3040,255.98,188.60,-17.4441,-1.5058,,,0.21060,0
20.8005,8,17,4,1,150.75,700.20,dwell,77.47,143.13,561.87,0,178.762,7.696,179.845,-18.23,20.89,147.50,-17.61,-8.05,173.51,53.890,54.227,-15.8728,-9.4444,77.47,143.13,-15.8728,-9.4444,,,0.21122,0
20.9048,8,17,4,1,150.75,700.20,dwell,326.36,286.48,449.45,0,178.848,7.722,179.845,-18.10,21.11,147.39,-17.98,-8.20,173.66,53.613,54.052,-21.0794,2.3207,326.36,286.48,-18.2158,-4.1501,,,0.17382,0
21.0116,8,17,4,1,150.75,700.20,dwell,154.79,251.88,448.34,0,178.847,7.866,179.835,-18.19,21.08,147.68,-17.48,-7.74,174.33,53.510,54.144,-20.0459,-5.7843,154.79,251.88,-19.0393,-4.8855,,,0.23250,0
21.1116,8,17,4,1,150.75,700.20,dwell,232.16,483.85,231.16,0,178.866,8.008,179.823,-18.18,21.12,147.53,-17.50,-7.60,174.16,53.904,54.470,-28.3877,-1.7110,232.16,483.85,-23.2461,-3.4569,,,0.21896,0
21.2072,8,17,4,1,150.75,700.20,dwell,136.19,418.12,282.46,0,178.776,8.049,179.819,-18.27,20.97,147.41,-17.89,-7.29,173.77,54.052,54.090,-26.4582,-6.1774,136.19,418.12,-24.6915,-4.6811,,,0.23540,0
21.2949,8,17,4,1,150.75,700.20,dwell,215.23,595.67,122.82,0,178.915,8.098,179.823,-18.22,21.04,147.17,-18.01,-7.00,173.76,54.128,54.133,-32.8083,-2.4514,215.23,595.67,-28.3441,-3.6778,,,0.23040,0
21.3769,8,17,4,1,150.75,700.20,dwell,147.44,596.46,103.79,0,178.947,8.279,179.810,-18.09,20.83,147.22,-17.84,-7.49,173.52,54.186,54.433,-32.2679,-6.0630,147.44,596.46,-30.1098,-4.7511,,,0.24628,0
21.4676,8,17,4,1,150.75,700.20,dwell,145.09,552.83,147.48,0,178.826,8.230,179.787,-18.07,20.69,147.53,-17.96,-8.52,173.96,54.131,54.470,-31.5220,-6.3555,145.09,552.83,-30.7453,-5.4731,,,0.22607,0
21.5826,8,17,4,1,150.75,700.20,capture,138.75,640.57,60.83,1,178.902,8.540,179.795,-18.08,20.47,147.43,-17.85,-8.16,173.75,54.052,54.856,-34.8979,-6.6221,138.75,640.57,-32.6140,-5.9901,,,0.24543,0
21.6646,8,17,4,1,150.75,700.20,capture,153.85,655.50,44.81,1,178.966,8.516,179.800,-18.17,20.33,147.22,-17.68,-8.49,173.58,54.117,54.913,-34.9556,-6.2406,153.85,655.50,-33.6677,-6.1028,,,0.23054,0
21.7798,8,17,4,1,150.75,700.20,capture,135.76,620.90,80.70,0,178.962,8.438,179.772,-18.13,20.12,147.46,-17.76,-8.30,173.57,54.203,54.821,-34.0158,-5.7182,135.76,620.90,-33.8243,-5.9298,,,0.22044,0
21.8867,8,17,4,1,150.75,700.20,capture,128.52,627.91,75.63,1,179.023,8.437,179.783,-18.17,20.25,147.52,-17.25,-8.61,174.38,53.995,54.779,-33.2252,-6.1340,128.52,627.91,-33.5547,-6.0217,,,0.20329,0
21.9901,8,17,4,1,150.75,700.20,capture,142.98,635.64,65.03,1,179.045,8.446,179.764,-18.29,20.34,147.46,-18.06,-8.16,174.00,53.797,54.404,-34.3661,-6.6351,142.98,635.64,-33.9199,-6.2977,,,0.21583,0
22.0735,8,17,4,1,150.75,700.20,capture,131.21,608.39,93.87,0,178.960,8.596,179.737,-18.37,20.42,147.68,-18.00,-7.42,173.49,54.010,54.378,-33.2349,-7.4648,131.21,608.39,-33.6116,-6.8229,,,0.22712,0
22.1643,8,17,4,1,150.75,700.20,capture,147.27,647.24,53.07,1,178.864,8.552,179.721,-18.37,20.43,147.89,-17.74,-8.27,173.61,54.206,54.216,-33.4609,-6.0505,147.27,647.24,-33.5438,-6.4753,,,0.22804,0
22.2536,8,17,4,1,150.75,700.20,capture,164.33,628.46,73.01,1,178.828,8.569,179.708,-18.25,20.55,147.81,-17.55,-8.09,174.07,54.484,54.393,-35.1685,-5.9800,164.33,628.46,-34.2749,-6.2524,,,0.22699,0
22.3560,8,17,4,1,150.75,700.20,capture,120.64,610.29,94.82,0,178.892,8.559,179.741,-18.26,20.56,147.80,-17.68,-8.53,174.77,54.006,54.630,-34.1305,-7.9554,120.64,610.29,-34.2100,-7.0187,,,0.18952,0
22.4468,8,17,4,1,150.75,700.20,capture,116.29,618.94,88.26,0,178.985,8.533,179.720,-18.08,20.40,147.69,-17.73,-7.42,174.44,54.007,54.510,-34.1482,-7.5060,116.29,618.94,-34.1822,-7.2380,,,0.23736,0
22.5443,8,17,4,1,150.75,700.20,capture,136.81,613.36,87.95,0,178.994,8.526,179.761,-18.11,20.58,147.73,-17.40,-7.94,174.17,53.944,54.175,-33.7026,-6.3358,136.81,613.36,-33.9664,-6.8320,,,0.24268,0
22.6503,8,17,4,1,150.75,700.20,capture,118.61,633.27,74.25,1,179.091,8.575,179.786,-18.21,20.45,147.65,-18.03,-8.30,173.94,53.876,54.706,-34.8235,-7.1570,118.61,633.27,-34.3521,-6.9783,,,0.20723,0
22.7567,8,17,4,1,150.75,700.20,capture,124.68,624.24,80.31,1,179.110,8.422,179.774,-18.19,20.46,147.88,-17.79,-7.66,174.60,54.278,54.894,-32.6069,-7.2686,124.68,624.24,-33.5667,-7.1089,,,0.23945,0
22.8616,8,17,4,1,150.75,700.20,capture,126.53,647.68,57.84,1,178.961,8.525,179.789,-18.19,20.32,148.09,-17.69,-8.65,174.73,53.899,54.686,-35.1866,-7.1067,126.53,647.68,-34.2957,-7.1079,,,0.21377,0
22.9883,8,17,4,1,150.75,700.20,capture,142.58,634.08,66.62,1,178.874,8.549,179.814,-18.02,20.47,148.00,-17.26,-8.16,174.50,53.729,54.769,-34.0257,-6.4555,142.58,634.08,-34.1742,-6.8143,,,0.18956,0
23.0922,8,17,4,1,150.75,700.20,capture,129.78,637.46,66.15,1,179.073,8.670,179.803,-18.06,20.74,148.17,-17.81,-7.31,174.90,53.696,54.647,-33.7297,-6.9259,129.78,637.46,-33.9742,-6.8645,,,0.21633,0
23.1792,8,17,4,1,150.75,700.20,capture,144.53,613.26,87.16,0,179.044,8.567,179.784,-18.08,20.81,148.14,-17.39,-7.89,175.09,53.462,54.347,-33.6078,-5.6998,144.53,613.26,-33.8093,-6.3404,,,0.19760,0
23.2642,8,17,4,1,150.75,700.20,capture,135.25,618.83,82.83,0,179.002,8.694,179.786,-18.10,20.67,147.86,-17.71,-7.70,174.46,53.394,54.418,-33.9318,-6.1788,135.25,618.83,-33.8645,-6.2677,,,0.20017,0
23.3598,8,17,4,1,150.75,700.20,capture,137.05,613.88,87.40,0,179.026,8.815,179.788,-18.24,20.67,147.95,-18.00,-7.31,174.77,53.327,54.215,-33.6093,-7.3506,137.05,613.88,-33.7496,-6.7550,,,0.21617,0
23.5228,9,15,3,3,351.75,544.60,dwell,186.28,814.30,316.41,0,178.995,8.784,179.794,-18.27,20.79,147.74,-18.03,-8.36,173.95,53.332,53.966,-41.8779,-3.7511,186.28,814.30,-41.8779,-3.7511,,,0.20356,0
23.6053,9,15,3,3,351.75,544.60,dwell,277.21,587.30,85.90,0,178.955,8.757,179.820,-18.39,20.69,147.55,-17.78,-8.09,173.68,53.149,53.985,-33.3366,0.2786,277.21,587.30,-38.0343,-1.9378,,,0.20145,0
23.6873,9,15,3,3,351.75,544.60,dwell,217.97,596.07,143.34,0,178.923,8.666,179.825,-18.47,20.62,147.82,-18.20,-8.25,174.56,52.811,54.047,-31.8565,-2.2768,217.97,596.07,-35.2543,-2.0903,,,0.16986,0
23.7943,9,15,3,3,351.75,544.60,dwell,307.35,604.43,74.50,1,178.856,8.589,179.825,-18.51,20.48,147.84,-18.53,-8.83,173.97,53.106,54.164,-33.0352,1.3947,307.35,604.43,-34.2557,-0.5221,,,0.21526,0
23.8781,9,15,3,3,351.75,544.60,dwell,273.83,565.42,80.65,0,178.721,8.466,179.817,-18.53,20.52,147.73,-17.86,-7.71,174.09,52.803,54.253,-30.9886,-0.7122,273.83,565.42,-32.7855,-0.6076,,,0.18527,0
23.9925,9,15,3,3,351.75,544.60,dwell,331.69,651.99,109.25,0,178.708,8.468,179.789,-18.52,20.64,147.88,-18.00,-7.68,174.16,52.968,54.557,-34.9042,2.3459,331.69,651.99,-33.7389,0.7215,,,0.19951,0
24.0762,9,15,3,3,351.75,544.60,dwell,366.10,520.05,28.44,1,178.779,8.482,179.777,-18.50,20.57,147.96,-18.04,-8.22,174.24,52.731,54.720,-29.9275,4.5000,366.10,520.05,-32.0238,2.4218,,,0.20068,0
24.1621,9,15,3,3,351.75,544.60,dwell,362.86,543.64,11.15,1,178.802,8.631,179.773,-18.44,20.67,147.90,-18.34,-7.21,174.27,52.882,54.527,-30.1715,3.7322,362.86,543.64,-31.1902,3.0115,,,0.17638,0
24.2532,9,15,3,3,351.75,544.60,dwell,410.75,548.61,59.14,0,178.888,8.612,179.799,-18.34,20.73,147.76,-17.74,-7.62,174.33,52.712,54.300,-31.2830,6.6869,410.75,548.61,-31.2320,4.6654,,,0.18994,0
24.3712,9,15,3,3,351.75,544.60,capture,435.86,558.78,85.30,0,178.934,8.617,179.817,-18.34,20.85,147.67,-18.20,-7.41,174.13,52.873,54.306,-30.6694,7.4353,435.86,558.78,-30.9788,5.9118,,,0.18572,0
24.4638,9,15,3,3,351.75,544.60,capture,435.02,525.60,85.41,0,178.858,8.620,179.829,-18.28,20.77,147.36,-17.48,-7.71,174.01,53.182,54.143,-29.5563,7.6632,435.02,525.60,-30.3387,6.6999,,,0.21121,0
24.5582,9,15,3,3,351.75,544.60,capture,398.23,535.41,47.38,1,178.791,8.593,179.849,-18.22,20.68,147.37,-18.09,-7.47,173.30,53.576,53.998,-30.1693,4.9059,398.23,535.41,-30.2625,5.8926,,,0.21768,0
24.6609,9,15,3,3,351.75,544.60,capture,436.39,563.68,86.76,0,178.826,8.478,179.846,-18.37,20.66,147.44,-18.07,-7.86,173.58,53.640,53.918,-31.8344,7.5376,436.39,563.68,-30.9698,6.6328,,,0.21783,0
24.7610,9,15,3,3,351.75,544.60,capture,420.27,550.87,68.81,0,178.847,8.398,179.842,-18.41,20.79,147.47,-17.78,-7.79,173.57,53.783,53.587,-31.4291,6.1326,420.27,550.87,-31.1765,6.4077,,,0.22677,0
24.8633,9,15,3,3,351.75,544.60,capture,423.30,530.71,72.89,0,178.917,8.383,179.863,-18.35,20.95,147.28,-17.96,-7.34,173.24,53.893,53.378,-30.2868,6.9161,423.30,530.71,-30.7762,6.6365,,,0.20467,0
24.9558,9,15,3,3,351.75,544.60,capture,423.56,544.52,71.81,0,178.973,8.401,179.849,-18.30,20.73,147.48,-17.96,-7.77,173.90,54.176,53.319,-30.9261,6.4280,423.56,544.52,-30.8436,6.5427,,,0.23547,0
25.0450,9,15,3,3,351.75,544.60,capture,416.09,557.39,65.60,0,178.919,8.487,179.876,-18.42,20.84,147.42,-18.13,-8.44,173.98,54.083,53.514,-31.9414,6.9428,416.09,557.39,-31.3376,6.7227,,,0.22733,0
25.1410,9,15,3,3,351.75,544.60,capture,422.22,553.45,71.02,0,178.882,8.513,179.880,-18.22,20.77,147.40,-17.65,-7.56,173.69,53.900,53.789,-31.5783,6.6175,422.22,553.45,-31.4459,6.6754,,,0.24283,0
25.2448,9,15,3,3,351.75,544.60,capture,421.86,534.91,70.78,0,178.948,8.578,179.836,-18.24,20.95,147.29,-18.25,-7.13,173.58,53.854,53.904,-30.6418,6.4372,421.86,534.91,-31.0841,6.5682,,,0.19947,0
25.3516,9,15,3,3,351.75,544.60,capture,416.76,537.48,65.40,0,179.067,8.506,179.813,-18.20,21.05,147.55,-17.43,-7.29,173.95,54.007,54.095,-29.8633,6.7575,416.76,537.48,-30.5347,6.6534,,,0.24568,0
25.4587,9,15,3,3,351.75,544.60,capture,414.23,535.75,63.10,0,179.107,8.519,179.807,-18.14,21.02,147.58,-18.20,-7.30,174.31,53.947,54.111,-30.8164,5.9441,414.23,535.75,-30.6615,6.3342,,,0.22347,0
25.5540,9,15,3,3,351.75,544.60,capture,405.96,567.31,58.77,0,179.104,8.400,179.816,-18.23,21.22,147.43,-17.42,-7.73,173.97,53.858,53.942,-32.0551,6.3161,405.96,567.31,-31.2886,6.3261,,,0.23782,0
25.6596,9,15,3,3,351.75,544.60,capture,419.18,555.35,68.28,0,179.098,8.460,179.808,-18.26,21.30,147.49,-17.82,-7.27,173.64,53.565,53.846,-30.8656,6.4235,419.18,555.35,-31.0983,6.3699,,,0.20708,0
25.7588,9,15,3,3,351.75,544.60,capture,420.85,541.39,69.17,0,179.271,8.459,179.769,-18.31,21.31,147.46,-17.75,-6.98,173.63,53.534,53.616,-30.6165,6.7187,420.85,541.39,-30.8815,6.5269,,,0.18984,0
25.8527,9,15,3,3,351.75,544.60,capture,428.03,547.04,76.32,0,179.176,8.498,179.773,-18.26,21.26,147.31,-17.54,-6.94,174.08,53.702,53.820,-30.2760,6.8987,428.03,547.04,-30.6090,6.6942,,,0.20155,0
25.9711,9,15,3,3,351.75,544.60,capture,417.41,543.43,65.67,0,179.187,8.524,179.803,-18.24,21.16,147.44,-18.29,-7.59,173.49,53.637,53.637,-30.8804,6.9626,417.41,543.43,-30.7311,6.8150,,,0.19501,0
26.0721,9,15,3,3,351.75,544.60,capture,424.81,534.10,73.81,0,179.124,8.351,179.802,-18.39,21.10,147.54,-17.98,-6.93,174.06,53.547,53.880,-31.2764,6.4652,424.81,534.10,-30.9765,6.6576,,,0.19769,0
26.1541,9,15,3,3,351.75,544.60,capture,412.13,554.52,61.19,0,179.104,8.334,179.808,-18.42,21.03,147.67,-17.38,-7.73,174.69,54.050,54.296,-31.4480,6.2021,412.13,554.52,-31.1887,6.4526,,,0.22665,0
26.2388,9,15,3,3,351.75,544.60,capture,407.24,547.12,55.55,0,179.088,8.391,179.814,-18.35,20.93,147.65,-17.27,-6.77,173.83,54.043,54.706,-31.1845,6.0987,407.24,547.12,-31.1868,6.2933,,,0.24058,0
26.4232,10,0,0,0,50.25,77.80,dwell,236.89,415.45,385.80,0,178.973,8.180,179.825,-18.36,20.70,147.55,-17.80,-7.97,173.77,54.209,54.617,-25.9134,-2.0107,236.89,415.45,-25.9134,-2.0107,,,0.20459,0
26.5218,10,0,0,0,50.25,77.80,dwell,354.63,414.40,453.81,0,179.043,8.223,179.825,-18.29,20.65,147.54,-17.62,-7.26,174.14,53.886,55.079,-26.8437,3.8739,354.63,414.40,-26.3320,0.6374,,,0.22799,0
26.6038,10,0,0,0,50.25,77.80,dwell,238.68,366.23,344.53,0,178.961,7.978,179.867,-18.34,20.52,147.51,-18.19,-7.60,173.47,53.862,54.733,-23.4111,-0.5659,238.68,366.23,-25.0176,0.0959,,,0.23816,0
26.6947,10,0,0,0,50.25,77.80,dwell,251.97,247.19,263.41,0,178.981,7.844,179.836,-18.34,20.54,147.61,-18.30,-8.17,173.89,53.885,54.727,-19.1428,-1.0443,251.97,247.19,-22.3740,-0.4172,,,0.22550,0
26.7948,10,0,0,0,50.25,77.80,dwell,284.66,351.59,360.43,0,178.866,7.824,179.822,-18.32,20.62,147.46,-17.61,-8.00,173.64,53.754,54.424,-23.7292,0.1866,284.66,351.59,-22.9838,-0.1455,,,0.21986,0
26.8801,10,0,0,0,50.25,77.80,dwell,142.50,148.42,116.18,0,178.737,7.780,179.840,-18.34,20.65,147.48,-17.63,-7.84,173.72,53.907,54.379,-15.4303,-6.3365,142.50,148.42,-19.5847,-2.9315,,,0.20297,0
26.9821,10,0,0,0,50.25,77.80,dwell,98.39,188.07,120.32,0,178.636,7.736,179.858,-18.39,20.79,147.54,-17.86,-7.50,174.03,54.064,53.928,-17.8466,-8.0874,98.39,188.07,-18.8026,-5.2516,,,0.19966,0
27.0796,10,0,0,0,50.25,77.80,dwell,103.22,171.12,107.31,0,178.705,7.631,179.849,-18.47,20.87,147.35,-17.55,-8.09,173.32,54.048,54.267,-15.9364,-7.6701,103.22,171.12,-17.5128,-6.3399,,,0.22388,0
27.1727,10,0,0,0,50.25,77.80,dwell,124.46,177.35,124.17,0,178.790,7.699,179.842,-18.54,20.83,147.50,-17.94,-7.29,173.71,54.212,54.214,-17.0480,-7.1504,124.46,177.35,-17.3036,-6.7046,,,0.23523,0
27.2849,10,0,0,0,50.25,77.80,dwell,15.11,83.67,35.63,1,178.702,7.674,179.845,-18.55,20.88,147.65,-18.24,-8.62,173.97,54.395,54.190,-12.8807,-11.9564,15.11,83.67,-15.3133,-9.0679,,,0.21875,0
27.3827,10,0,0,0,50.25,77.80,dwell,17.67,35.70,53.23,1,178.631,7.586,179.857,-18.39,20.90,147.97,-18.64,-8.28,174.59,54.215,54.187,-11.3228,-11.6700,17.67,35.70,-13.5176,-10.2389,,,0.21619,0
27.4785,10,0,0,0,50.25,77.80,capture,-3.11,22.14,77.11,0,178.662,7.373,179.849,-18.37,20.71,147.72,-17.91,-7.75,173.92,53.850,53.770,-12.3529,-12.5972,-3.11,22.14,-12.9935,-11.3001,,,0.20985,0
27.5735,10,0,0,0,50.25,77.80,capture,8.00,-2.80,91.00,0,178.787,7.519,179.828,-18.30,20.92,147.68,-17.46,-8.29,174.19,54.226,53.872,-9.4246,-12.2670,8.00,-2.80,-11.3875,-11.7352,,,0.20351,0
27.6589,10,0,0,0,50.25,77.80,capture,-10.29,2.40,96.70,0,178.846,7.563,179.819,-18.35,20.89,147.83,-17.98,-8.58,174.21,54.006,53.992,-9.9549,-13.1412,-10.29,2.40,-10.7428,-12.3679,,,0.22702,0
27.7733,10,0,0,0,50.25,77.80,capture,-24.30,9.41,101.17,0,178.898,7.432,179.825,-18.37,20.90,147.80,-18.18,-7.18,174.32,53.808,54.685,-10.4364,-13.5314,-24.30,9.41,-10.6049,-12.8915,,,0.22215,0
27.8910,10,0,0,0,50.25,77.80,capture,2.89,7.98,84.37,1,178.986,7.458,179.823,-18.29,20.89,147.66,-17.81,-7.59,174.16,53.738,54.768,-10.8517,-12.6616,2.89,7.98,-10.7160,-12.7880,,,0.22173,0
27.9886,10,0,0,0,50.25,77.80,capture,-19.87,10.13,97.45,0,178.916,7.528,179.828,-18.30,20.86,147.72,-17.44,-7.93,174.44,53.779,54.448,-9.6596,-13.9058,-19.87,10.13,-10.2406,-13.2910,,,0.21606,0
28.0848,10,0,0,0,50.25,77.80,capture,-33.50,41.87,91.13,0,178.859,7.557,179.854,-18.44,20.79,147.63,-17.86,-7.53,173.91,54.051,54.305,-10.9608,-14.4279,-33.50,41.87,-10.5647,-13.8026,,,0.21195,0
28.1901,10,0,0,0,50.25,77.80,capture,-31.41,34.28,92.53,0,178.882,7.615,179.839,-18.54,20.76,147.63,-17.40,-7.70,174.27,53.829,54.189,-10.5653,-14.0296,-31.41,34.28,-10.5650,-13.9047,,,0.23762,0
28.2721,10,0,0,0,50.25,77.80,capture,-13.37,61.33,65.72,0,178.860,7.508,179.864,-18.55,20.90,147.76,-17.78,-7.59,174.09,53.878,54.155,-11.9681,-13.8580,-13.37,61.33,-11.1964,-13.8837,,,0.20149,0
28.3897,10,0,0,0,50.25,77.80,capture,-0.87,23.58,74.52,0,178.955,7.449,179.867,-18.44,20.84,147.69,-17.54,-7.36,173.81,53.976,54.040,-11.4044,-12.0886,-0.87,23.58,-11.2900,-13.0759,,,0.22543,0
28.4892,10,0,0,0,50.25,77.80,capture,16.92,17.22,69.14,1,178.916,7.502,179.867,-18.41,20.93,147.68,-17.65,-7.40,174.32,53.663,54.520,-10.4822,-12.2948,16.92,17.22,-10.9265,-12.7244,,,0.20625,0
28.6023,10,0,0,0,50.25,77.80,capture,-0.65,-0.98,93.79,0,178.795,7.492,179.857,-18.39,20.79,147.54,-18.40,-7.34,173.54,53.873,54.140,-8.8968,-13.0575,-0.65,-0.98,-10.0131,-12.8743,,,0.21416,0
28.7044,10,0,0,0,50.25,77.80,capture,0.39,9.01,84.96,1,178.825,7.654,179.861,-18.34,20.87,147.43,-17.56,-8.05,173.47,53.746,54.175,-10.0612,-12.6393,0.39,9.01,-10.0348,-12.7686,,,0.23464,0
28.8055,10,0,0,0,50.25,77.80,capture,-2.35,17.97,79.66,0,178.779,7.760,179.815,-18.42,20.74,147.41,-18.03,-8.18,173.67,53.492,54.649,-9.7743,-12.7494,-2.35,17.97,-9.9176,-12.7600,,,0.20901,0
28.8985,10,0,0,0,50.25,77.80,capture,-9.45,32.20,75.12,0,178.740,7.750,179.804,-18.30,20.70,147.48,-18.09,-7.46,174.30,53.567,54.226,-12.4285,-13.3182,-9.45,32.20,-11.0475,-13.0111,,,0.19372,0
29.0137,10,0,0,0,50.25,77.80,capture,-5.68,8.41,89.12,0,178.682,7.692,179.810,-18.39,20.70,147.54,-18.01,-8.21,173.76,53.300,54.420,-9.4071,-13.4290,-5.68,8.41,-10.3093,-13.1992,,,0.20660,0
29.1099,10,0,0,0,50.25,77.80,capture,6.03,18.44,74.02,1,178.699,7.755,179.818,-18.32,20.87,147.53,-17.58,-7.25,173.92,53.946,54.109,-10.4220,-12.4052,6.03,18.44,-10.3600,-12.8419,,,0.20181,0
29.1986,10,0,0,0,50.25,77.80,capture,-10.37,11.50,89.84,0,178.778,7.657,179.847,-18.35,20.96,147.67,-17.97,-7.33,174.09,53.811,54.227,-10.7336,-13.5321,-10.37,11.50,-10.5282,-13.1525,,,0.23519,0
29.3087,10,0,0,0,50.25,77.80,capture,-22.52,10.88,98.86,0,178.826,7.545,179.839,-18.52,20.72,147.57,-17.55,-7.79,174.06,53.532,54.289,-9.0697,-13.8463,-22.52,10.88,-9.8719,-13.4647,,,0.19346,0
29.4655,11,12,3,0,50.25,544.60,dwell,-9.76,149.12,400.01,0,178.906,7.719,179.843,-18.54,20.79,147.35,-18.23,-7.60,173.53,53.502,54.479,-16.0840,-13.4407,-9.76,149.12,-16.0840,-13.4407,,,0.21675,0
29.5574,11,12,3,0,50.25,544.60,dwell,34.10,144.51,400.42,0,178.853,7.795,179.855,-18.55,20.72,147.16,-18.33,-7.51,173.05,53.546,54.328,-15.5695,-11.0670,34.10,144.51,-15.8525,-12.3725,,,0.18374,0
29.6670,11,12,3,0,50.25,544.60,dwell,44.61,246.72,297.93,0,178.963,7.905,179.868,-18.43,20.88,147.18,-17.75,-7.53,173.51,53.666,54.024,-19.3200,-10.4617,44.61,246.72,-17.4129,-11.5126,,,0.20165,0
29.7613,11,12,3,0,50.25,544.60,dwell,61.01,249.82,294.98,0,178.878,7.817,179.838,-18.48,20.88,146.89,-17.74,-7.49,172.78,53.186,54.197,-19.2365,-9.9462,61.01,249.82,-18.2335,-10.8078,,,0.19482,0
29.8610,11,12,3,0,50.25,544.60,dwell,146.27,270.51,290.42,0,178.714,8.010,179.846,-18.46,20.66,146.93,-17.75,-7.72,172.64,53.462,54.017,-20.5815,-6.3201,146.27,270.51,-19.2901,-8.7883,,,0.22019,0
29.9750,11,12,3,0,50.25,544.60,dwell,45.91,369.34,175.31,0,178.710,8.041,179.847,-18.56,20.78,146.80,-17.63,-7.99,173.08,53.380,53.689,-23.6849,-10.8050,45.91,369.34,-21.2678,-9.6958,,,0.21103,0
30.0826,11,12,3,0,50.25,544.60,dwell,85.16,318.15,229.13,0,178.812,8.025,179.828,-18.67,20.71,146.91,-18.25,-8.78,173.19,53.625,53.853,-22.8356,-9.0439,85.16,318.15,-21.9733,-9.4025,,,0.19220,0
30.1646,11,12,3,0,50.25,544.60,dwell,95.97,408.79,143.30,0,178.861,8.130,179.819,-18.70,20.69,146.90,-17.94,-8.07,173.70,53.308,53.711,-25.3868,-8.5371,95.97,408.79,-23.5094,-9.0131,,,0.22034,0
30.2556,11,12,3,0,50.25,544.60,dwell,96.70,457.30,98.89,0,178.937,7.988,179.793,-18.64,20.74,146.99,-17.96,-7.90,172.89,53.466,53.744,-27.3634,-8.1816,96.70,457.30,-25.2437,-8.6389,,,0.23467,0
30.3479,11,12,3,0,50.25,544.60,dwell,66.25,431.95,113.78,0,178.921,8.046,179.786,-18.62,20.37,147.09,-17.72,-7.65,173.41,53.625,53.610,-26.0513,-9.7318,66.25,431.95,-25.6071,-9.1307,,,0.21316,0
30.4368,11,12,3,0,50.25,544.60,dwell,19.94,534.30,32.01,1,178.809,7.954,179.791,-18.67,20.43,147.07,-17.75,-8.32,173.15,54.154,53.340,-30.2004,-11.7504,19.94,534.30,-27.6741,-10.3095,,,0.21987,0
30.5539,11,12,3,0,50.25,544.60,capture,45.72,538.86,7.31,1,178.867,8.100,179.797,-18.61,20.52,147.12,-17.19,-7.75,173.26,53.972,53.717,-30.6117,-10.2256,45.72,538.86,-28.9960,-10.2718,,,0.20884,0
30.6557,11,12,3,0,50.25,544.60,capture,76.49,566.69,34.30,1,178.793,8.030,179.801,-18.56,20.44,146.90,-18.46,-8.45,173.08,53.513,53.835,-32.3898,-9.7245,76.49,566.69,-30.5232,-10.0255,,,0.16638,0
30.7658,11,12,3,0,50.25,544.60,capture,77.23,535.29,28.54,1,178.852,8.007,179.788,-18.57,20.40,146.89,-17.46,-8.14,172.97,53.815,53.790,-30.5282,-8.6061,77.23,535.29,-30.5255,-9.3868,,,0.18681,0
30.8897,11,12,3,0,50.25,544.60,capture,78.34,528.70,32.28,1,178.866,8.077,179.804,-18.72,20.49,146.70,-18.14,-9.04,172.82,53.338,53.156,-30.8522,-9.4662,78.34,528.70,-30.6725,-9.4225,,,0.20460,0
30.9863,11,12,3,0,50.25,544.60,capture,64.45,528.02,21.83,1,178.781,8.185,179.810,-18.72,20.70,146.69,-18.41,-7.98,172.40,53.352,53.049,-29.9403,-9.1212,64.45,528.02,-30.3430,-9.2869,,,0.17944,0
31.0947,11,12,3,0,50.25,544.60,capture,51.35,534.50,10.16,1,178.813,8.257,179.820,-18.60,20.63,146.77,-18.01,-7.49,173.09,53.445,53.020,-32.2093,-9.8448,51.35,534.50,-31.1829,-9.5380,,,0.20488,0
31.1826,11,12,3,0,50.25,544.60,capture,54.77,517.72,27.26,1,178.831,8.295,179.837,-18.52,20.38,146.74,-17.74,-7.92,172.80,53.837,53.447,-30.1594,-10.3769,54.77,517.72,-30.7223,-9.9155,,,0.20902,0
31.2754,11,12,3,0,50.25,544.60,capture,62.60,533.45,16.64,1,178.823,8.189,179.824,-18.38,20.53,146.42,-17.87,-8.89,172.91,53.755,53.855,-31.0590,-10.3507,62.60,533.45,-30.8738,-10.1113,,,0.21536,0
31.3800,11,12,3,0,50.25,544.60,capture,63.01,552.47,14.99,1,178.688,8.179,179.853,-18.37,20.32,146.54,-17.43,-8.51,172.54,53.594,54.300,-29.9900,-10.1292,63.01,552.47,-30.4761,-10.1194,,,0.20480,0
31.4782,11,12,3,0,50.25,544.60,capture,70.13,540.58,20.28,1,178.802,8.303,179.823,-18.26,20.35,146.76,-17.15,-8.17,172.48,53.764,54.361,-30.2151,-9.4431,70.13,540.58,-30.3586,-9.8150,,,0.22157,0
31.5786,11,12,3,0,50.25,544.60,capture,73.78,524.93,30.67,1,178.819,8.253,179.789,-18.19,20.42,146.80,-17.96,-7.51,173.01,53.853,54.397,-29.9865,-8.8645,73.78,524.93,-30.1912,-9.3873,,,0.22340,0
31.6875,11,12,3,0,50.25,544.60,capture,70.80,558.11,24.59,1,178.863,8.315,179.800,-18.20,20.34,146.71,-17.70,-8.66,173.30,53.843,54.054,-31.5563,-9.1393,70.80,558.11,-30.8055,-9.2757,,,0.22616,0
31.7814,11,12,3,0,50.25,544.60,capture,39.97,550.63,11.92,1,178.855,8.297,179.840,-18.21,20.47,146.97,-18.01,-7.75,173.72,53.744,54.328,-31.0177,-10.3851,39.97,550.63,-30.9010,-9.7749,,,0.23070,0
31.8777,11,12,3,0,50.25,544.60,capture,69.18,537.47,20.23,1,178.901,8.227,179.816,-18.17,20.40,146.88,-17.48,-7.63,172.78,54.046,54.386,-30.5081,-9.5672,69.18,537.47,-30.7242,-9.6815,,,0.22335,0
31.9666,11,12,3,0,50.25,544.60,capture,86.44,520.94,43.24,1,178.884,8.186,179.827,-18.17,20.45,147.23,-18.36,-7.17,173.64,53.997,54.584,-30.3836,-9.1259,86.44,520.94,-30.5709,-9.4314,,,0.23601,0
32.0486,11,12,3,0,50.25,544.60,capture,82.97,538.93,33.21,1,178.849,8.190,179.830,-18.12,20.28,147.17,-18.10,-8.58,173.34,53.895,54.509,-30.1426,-8.9266,82.97,538.93,-30.3782,-9.2043,,,0.20244,0
32.1509,11,12,3,0,50.25,544.60,capture,65.73,535.95,17.73,1,178.892,8.116,179.851,-18.11,20.16,147.06,-17.67,-7.32,173.64,53.494,54.222,-30.9050,-9.9850,65.73,535.95,-30.6152,-9.5556,,,0.19312,0
32.2417,11,12,3,0,50.25,544.60,capture,66.94,524.34,26.25,1,178.961,8.319,179.838,-17.98,19.99,147.09,-17.32,-7.66,173.16,53.787,54.324,-29.9566,-10.6295,66.94,524.34,-30.3188,-10.0389,,,0.21263,0
32.3436,11,12,3,0,50.25,544.60,capture,86.77,520.61,43.69,1,178.861,8.275,179.848,-18.20,20.23,147.24,-18.26,-8.14,173.26,53.833,54.162,-29.5626,-8.8991,86.77,520.61,-29.9785,-9.5260,,,0.21071,0
32.4439,11,12,3,0,50.25,544.60,capture,59.35,521.00,25.29,1,178.922,8.322,179.839,-18.19,20.40,147.33,-17.30,-8.46,174.14,53.808,54.382,-30.4503,-10.6467,59.35,521.00,-30.1908,-10.0303,,,0.21215,0
32.6372,12,10,2,2,251.25,389.00,dwell,160.87,667.03,292.35,0,178.852,8.173,179.807,-18.36,20.49,147.38,-17.47,-7.71,173.11,53.411,54.131,-36.5463,-5.1271,160.87,667.03,-36.5463,-5.1271,,,0.21672,0
32.7519,12,10,2,2,251.25,389.00,dwell,235.90,480.35,92.63,0,178.903,8.197,179.791,-18.49,20.58,147.17,-18.06,-8.52,173.08,53.441,54.544,-27.6849,-2.8079,235.90,480.35,-32.5587,-4.0835,,,0.21739,0
32.8624,12,10,2,2,251.25,389.00,dwell,156.64,558.10,193.77,0,178.784,8.173,179.838,-18.47,20.61,147.36,-18.00,-7.60,173.41,53.354,54.596,-31.4352,-5.5640,156.64,558.10,-32.0531,-4.7497,,,0.22776,0
32.9713,12,10,2,2,251.25,389.00,dwell,216.15,474.05,92.01,0,178.749,8.169,179.858,-18.44,20.71,147.10,-18.00,-8.28,173.44,53.527,54.453,-28.2470,-2.5741,216.15,474.05,-30.3404,-3.7707,,,0.22626,0
33.0718,12,10,2,2,251.25,389.00,dwell,195.54,385.60,55.81,0,178.850,8.161,179.856,-18.49,20.64,147.22,-18.26,-7.73,173.18,53.570,54.497,-25.5601,-3.6368,195.54,385.60,-28.1893,-3.7104,,,0.23159,0
33.1697,12,10,2,2,251.25,389.00,dwell,265.23,345.48,45.71,1,178.940,8.094,179.838,-18.51,20.57,147.42,-18.05,-7.81,173.95,53.386,54.499,-24.1352,-0.6725,265.23,345.48,-26.3649,-2.3434,,,0.19090,0
33.2557,12,10,2,2,251.25,389.00,dwell,247.50,406.46,17.86,1,178.843,8.047,179.849,-18.61,20.75,147.37,-17.36,-8.85,173.00,53.468,54.352,-25.7341,-1.9920,247.50,406.46,-26.0811,-2.1853,,,0.19648,0
33.3526,12,10,2,2,251.25,389.00,dwell,242.01,454.92,66.56,1,178.984,8.021,179.833,-18.81,20.80,147.38,-18.45,-7.78,173.89,53.398,54.149,-27.6327,-1.7024,242.01,454.92,-26.7793,-1.9680,,,0.21152,0
33.4592,12,10,2,2,251.25,389.00,dwell,252.74,377.98,11.12,1,178.980,8.112,179.815,-18.74,20.77,147.42,-17.71,-8.14,173.78,53.660,54.181,-24.1488,-0.8868,252.74,377.98,-25.5956,-1.4815,,,0.21358,0
33.5604,12,10,2,2,251.25,389.00,capture,271.39,371.21,26.87,1,178.940,8.200,179.808,-18.79,20.61,147.48,-18.22,-8.00,173.58,53.918,53.795,-24.9585,-0.2461,271.39,371.21,-25.3089,-0.9255,,,0.21487,0
33.6512,12,10,2,2,251.25,389.00,capture,255.87,356.94,32.39,1,178.740,8.164,179.840,-18.85,20.64,147.59,-18.45,-8.89,173.94,54.101,54.171,-23.5182,-1.1894,255.87,356.94,-24.5031,-1.0443,,,0.22357,0
33.7549,12,10,2,2,251.25,389.00,capture,262.48,364.85,26.63,1,178.778,8.113,179.848,-18.90,20.56,147.65,-18.78,-7.81,174.04,53.777,54.047,-24.2815,-0.3645,262.48,364.85,-24.4034,-0.7384,,,0.20289,0
33.8605,12,10,2,2,251.25,389.00,capture,264.76,346.24,44.84,1,178.829,8.009,179.830,-18.87,20.59,147.61,-18.05,-6.77,174.22,53.887,53.632,-22.7483,-0.3934,264.76,346.24,-23.6586,-0.5831,,,0.21425,0
33.9812,12,10,2,2,251.25,389.00,capture,265.76,381.74,16.22,1,178.801,8.072,179.813,-18.66,20.73,147.43,-17.72,-7.95,173.34,53.800,53.455,-24.8451,-1.2305,265.76,381.74,-24.1925,-0.8745,,,0.20102,0
34.0722,12,10,2,2,251.25,389.00,capture,293.10,350.86,56.62,1,178.757,8.168,179.855,-18.66,20.69,147.24,-17.70,-7.64,174.00,54.218,53.787,-23.0371,0.7959,293.10,350.86,-23.6726,-0.1228,,,0.23073,0
34.1732,12,10,2,2,251.25,389.00,capture,272.48,365.43,31.72,1,178.911,8.241,179.871,-18.59,20.74,147.19,-18.16,-7.69,173.42,54.257,53.829,-24.1083,-1.2222,272.48,365.43,-23.8687,-0.6175,,,0.23520,0
34.2860,12,10,2,2,251.25,389.00,capture,268.83,375.21,22.34,1,179.002,8.174,179.818,-18.55,20.71,147.37,-18.09,-8.16,173.39,53.662,53.966,-24.7021,-0.0434,268.83,375.21,-24.2437,-0.3592,,,0.23670,0
34.3989,12,10,2,2,251.25,389.00,capture,269.01,364.67,30.12,1,179.013,8.065,179.816,-18.42,20.75,147.40,-18.21,-7.60,173.74,53.671,53.758,-23.6527,-0.7187,269.01,364.67,-23.9777,-0.5209,,,0.20236,0
34.4971,12,10,2,2,251.25,389.00,capture,295.56,357.63,54.29,1,178.923,8.122,179.833,-18.38,20.68,147.32,-17.68,-7.63,173.50,54.045,53.940,-23.7004,0.6869,295.56,357.63,-23.8529,0.0226,,,0.22561,0
34.6152,12,10,2,2,251.25,389.00,capture,277.78,377.33,28.98,1,178.986,8.114,179.823,-18.33,20.78,147.34,-18.18,-7.65,173.48,53.991,53.909,-24.7522,-0.0017,277.78,377.33,-24.2576,0.0117,,,0.20777,0
34.7231,12,10,2,2,251.25,389.00,capture,275.03,375.62,27.29,1,179.035,8.178,179.826,-18.27,20.64,147.56,-17.98,-7.89,174.16,53.939,54.205,-25.2889,-0.3000,275.03,375.62,-24.7217,-0.1286,,,0.21657,0
34.8237,12,10,2,2,251.25,389.00,capture,282.78,368.64,37.53,1,178.784,8.142,179.828,-18.24,20.62,147.43,-17.50,-7.57,173.79,53.930,54.140,-24.0235,0.2455,282.78,368.64,-24.4075,0.0398,,,0.23901,0
34.9433,12,10,2,2,251.25,389.00,capture,262.87,386.42,11.90,1,178.806,8.176,179.766,-18.32,20.63,147.49,-17.74,-8.55,173.59,54.160,54.643,-25.0016,-0.6563,262.87,386.42,-24.6749,-0.2734,,,0.20636,0
35.0444,12,10,2,2,251.25,389.00,capture,269.68,366.85,28.81,1,178.816,8.114,179.801,-18.49,20.40,147.35,-18.12,-7.48,173.47,54.118,54.726,-24.0463,-1.0563,269.68,366.85,-24.3920,-0.6257,,,0.23504,0
35.1450,12,10,2,2,251.25,389.00,capture,305.44,374.56,56.08,0,178.880,8.178,179.779,-18.53,20.45,147.39,-18.06,-8.67,173.68,54.277,54.540,-24.0793,0.7197,305.44,374.56,-24.2513,-0.0203,,,0.24644,0
35.2449,12,10,2,2,251.25,389.00,capture,305.09,372.49,56.31,0,178.819,8.156,179.730,-18.55,20.55,147.44,-17.29,-7.65,174.08,54.284,54.333,-24.4434,1.0526,305.09,372.49,-24.3377,0.4625,,,0.23447,0
35.3532,12,10,2,2,251.25,389.00,capture,298.80,370.06,51.18,1,178.719,8.178,179.734,-18.56,20.52,147.41,-17.70,-8.69,173.18,53.868,54.761,-24.1967,0.9758,298.80,370.06,-24.2743,0.6935,,,0.20078,0
35.4777,12,10,2,2,251.25,389.00,capture,283.89,343.12,56.31,1,178.690,8.224,179.729,-18.52,20.30,147.45,-17.82,-8.43,173.79,53.799,54.612,-23.7363,-0.1781,283.89,343.12,-24.0322,0.3013,,,0.23613,0
35.5647,12,10,2,2,251.25,389.00,capture,283.01,351.92,48.82,1,178.711,8.318,179.733,-18.56,20.36,147.55,-17.99,-8.45,173.68,53.971,54.839,-24.4561,0.2949,283.01,351.92,-24.2230,0.2984,,,0.22194,0
35.7910,13,16,4,0,50.25,700.20,dwell,231.15,311.08,429.11,0,178.618,8.339,179.745,-18.59,20.49,147.28,-17.80,-8.04,173.86,53.912,54.632,-21.7540,-2.2998,231.15,311.08,-21.7540,-2.2998,,,0.20257,0
35.8873,13,16,4,0,50.25,700.20,dwell,172.88,461.56,268.30,0,178.687,8.384,179.734,-18.55,20.45,147.29,-18.78,-7.61,173.67,53.857,55.018,-28.1321,-5.4439,172.88,461.56,-24.6241,-3.7147,,,0.20740,0
35.9840,13,16,4,0,50.25,700.20,dwell,108.71,498.62,209.89,0,178.802,8.408,179.728,-18.62,20.50,147.34,-17.98,-8.12,173.43,53.879,54.689,-28.9088,-7.8876,108.71,498.62,-26.5522,-5.5925,,,0.22147,0
36.0823,13,16,4,0,50.25,700.20,dwell,242.87,420.76,339.40,0,178.862,8.675,179.749,-18.57,20.65,147.02,-17.81,-8.74,173.70,53.669,54.647,-26.5762,-2.0498,242.87,420.76,-26.5630,-3.9983,,,0.21505,0
36.1746,13,16,4,0,50.25,700.20,dwell,230.24,611.40,200.70,0,178.771,8.660,179.774,-18.53,20.49,147.22,-18.56,-8.19,174.04,53.870,54.568,-33.8122,-1.9553,230.24,611.40,-29.8252,-3.0789,,,0.19969,0
36.2844,13,16,4,0,50.25,700.20,dwell,139.15,607.92,128.14,0,178.766,8.638,179.741,-18.37,20.45,146.96,-18.20,-7.48,172.78,54.317,54.679,-32.9602,-6.3339,139.15,607.92,-31.2359,-4.5437,,,0.23804,0
36.3871,13,16,4,0,50.25,700.20,dwell,168.83,534.10,204.08,0,178.770,8.534,179.739,-18.47,20.62,146.88,-18.04,-7.73,173.15,54.114,54.862,-29.8802,-4.8184,168.83,534.10,-30.6259,-4.6673,,,0.21381,0
36.5045,13,16,4,0,50.25,700.20,dwell,141.14,512.33,208.70,0,178.777,8.539,179.718,-18.41,20.71,147.01,-17.75,-8.42,173.27,53.938,54.845,-29.4344,-5.7692,141.14,512.33,-30.0897,-5.1632,,,0.20067,0
36.6068,13,16,4,0,50.25,700.20,dwell,91.86,571.00,135.74,0,178.801,8.683,179.699,-18.47,20.52,146.59,-18.17,-8.93,172.82,53.936,54.811,-31.6999,-8.5780,91.86,571.00,-30.8143,-6.6999,,,0.21099,0
36.6888,13,16,4,0,50.25,700.20,dwell,140.77,621.29,120.09,0,178.847,8.746,179.729,-18.45,20.41,146.79,-17.98,-8.60,173.36,53.857,54.783,-33.4431,-6.3134,140.77,621.29,-31.9973,-6.5260,,,0.24788,0
36.7945,13,16,4,0,50.25,700.20,capture,92.95,598.12,110.65,0,178.928,8.640,179.782,-18.56,20.37,146.83,-18.10,-8.16,173.06,54.117,54.726,-32.8644,-8.4103,92.95,598.12,-32.3875,-7.3739,,,0.23279,0
36.8958,13,16,4,0,50.25,700.20,capture,103.78,586.18,125.96,0,178.861,8.609,179.800,-18.56,20.28,147.07,-18.42,-8.44,172.82,54.188,54.520,-32.1243,-8.0194,103.78,586.18,-32.2690,-7.6644,,,0.20249,0
36.9778,13,16,4,0,50.25,700.20,capture,99.29,580.56,129.30,0,178.852,8.634,179.836,-18.37,20.34,147.13,-18.50,-8.18,173.13,53.912,54.515,-31.6877,-8.0747,99.29,580.56,-32.0074,-7.8490,,,0.22231,0
37.0672,13,16,4,0,50.25,700.20,capture,91.13,582.45,124.64,0,178.792,8.547,179.782,-18.32,20.42,147.26,-17.63,-7.84,173.81,54.223,54.414,-30.6498,-8.3166,91.13,582.45,-31.3965,-8.0594,,,0.22178,0
37.1492,13,16,4,0,50.25,700.20,capture,94.12,593.57,115.30,0,178.826,8.499,179.821,-18.20,20.26,147.45,-17.60,-8.54,173.40,53.995,54.579,-32.6148,-8.4472,94.12,593.57,-31.9447,-8.2339,,,0.20508,0
37.2520,13,16,4,0,50.25,700.20,capture,97.18,566.80,141.41,0,178.756,8.398,179.834,-18.32,20.19,147.82,-18.00,-7.79,174.20,54.076,54.325,-31.6028,-8.0497,97.18,566.80,-31.7909,-8.1510,,,0.22479,0
37.3465,13,16,4,0,50.25,700.20,capture,82.42,581.12,123.35,0,178.811,8.382,179.834,-18.28,20.31,147.61,-17.87,-8.14,174.36,54.063,54.409,-32.0879,-9.1426,82.42,581.12,-31.9245,-8.5972,,,0.22235,0
37.4392,13,16,4,0,50.25,700.20,capture,93.42,602.68,106.65,0,178.845,8.362,179.848,-18.30,20.49,147.25,-17.67,-7.27,173.59,53.952,54.121,-33.2778,-8.3672,93.42,602.68,-32.5335,-8.4937,,,0.21683,0
37.5318,13,16,4,0,50.25,700.20,capture,88.93,585.08,121.44,0,178.778,8.217,179.876,-18.18,20.38,147.19,-17.63,-8.45,172.78,53.805,54.321,-33.0522,-8.2026,88.93,585.08,-32.7669,-8.3627,,,0.19746,0
37.6275,13,16,4,0,50.25,700.20,capture,78.09,597.80,106.12,0,178.939,8.309,179.907,-18.22,20.47,147.22,-17.68,-7.46,173.25,54.019,54.151,-32.9441,-9.1965,78.09,597.80,-32.8466,-8.7379,,,0.22479,0
37.7136,13,16,4,0,50.25,700.20,capture,81.95,545.76,157.66,0,179.055,8.458,179.905,-18.18,20.48,146.96,-17.46,-8.24,172.43,54.018,53.985,-31.2957,-8.9386,81.95,545.76,-32.1487,-8.8282,,,0.22905,0
37.8210,13,16,4,0,50.25,700.20,capture,104.52,587.60,125.00,0,179.112,8.595,179.889,-18.13,20.51,147.01,-16.84,-7.98,172.99,53.949,53.782,-31.8758,-7.7092,104.52,587.60,-32.0259,-8.3246,,,0.21399,0
37.9207,13,16,4,0,50.25,700.20,capture,76.47,561.35,141.30,0,179.089,8.675,179.880,-18.15,20.56,147.14,-17.37,-7.91,173.49,54.105,54.079,-31.2553,-9.9203,76.47,561.35,-31.6791,-9.0427,,,0.20425,0
38.0246,13,16,4,0,50.25,700.20,capture,96.75,610.38,101.14,0,178.794,8.582,179.851,-18.16,20.81,147.36,-17.78,-7.80,173.90,54.055,54.444,-34.5032,-8.4933,96.75,610.38,-32.9500,-8.7955,,,0.21825,0
38.1346,13,16,4,0,50.25,700.20,capture,82.81,592.38,112.63,0,178.999,8.573,179.862,-18.23,20.82,147.82,-17.56,-8.52,174.11,54.085,54.348,-33.9879,-8.6404,82.81,592.38,-33.4170,-8.7257,,,0.22879,0
38.2349,13,16,4,0,50.25,700.20,capture,97.24,585.81,123.67,0,179.048,8.642,179.872,-18.31,20.98,147.98,-18.23,-7.70,174.29,53.777,54.895,-32.0210,-8.6277,97.24,585.81,-32.7888,-8.6816,,,0.22942,0
38.3409,13,16,4,0,50.25,700.20,capture,79.11,586.54,117.27,0,179.010,8.684,179.886,-18.32,21.15,147.72,-18.05,-7.94,174.31,53.636,54.526,-32.8182,-9.1924,79.11,586.54,-32.8020,-8.9114,,,0.21343,0
38.4312,13,16,4,0,50.25,700.20,capture,96.37,577.29,131.28,0,179.029,8.573,179.909,-18.21,21.08,147.82,-17.40,-8.06,173.99,53.813,54.230,-33.1040,-8.3057,96.37,577.29,-32.9379,-8.6389,,,0.21756,0
38.5178,13,16,4,0,50.25,700.20,capture,103.04,579.08,132.12,0,179.016,8.619,179.890,-18.19,21.11,147.42,-18.29,-6.96,173.43,53.678,54.068,-33.0803,-8.2747,103.04,579.08,-33.0020,-8.4750,,,0.21222,0
38.6086,13,16,4,0,50.25,700.20,capture,96.84,561.25,146.55,0,179.037,8.778,179.876,-18.30,21.20,147.14,-17.92,-7.48,173.03,53.462,53.709,-31.5060,-8.8014,96.84,561.25,-32.3288,-8.6219,,,0.18905,0
38.7807,14,13,3,1,150.75,544.60,dwell,181.99,588.84,54.16,1,178.918,8.796,179.836,-18.41,21.05,147.43,-17.73,-7.05,173.33,53.423,53.888,-31.9602,-4.7033,181.99,588.84,-31.9602,-4.7033,,,0.20143,0
38.8877,14,13,3,1,150.75,544.60,dwell,193.46,597.77,68.20,1,178.863,8.645,179.836,-18.14,20.91,147.75,-17.92,-7.30,174.14,53.782,54.443,-32.5243,-3.9669,193.46,597.77,-32.2141,-4.3720,,,0.21710,0
38.9811,14,13,3,1,150.75,544.60,dwell,130.43,629.55,87.35,0,179.003,8.699,179.828,-18.10,20.91,147.46,-17.14,-6.99,173.88,54.137,54.118,-34.3481,-6.3857,130.43,629.55,-33.1744,-5.2781,,,0.20895,0
39.1008,14,13,3,1,150.75,544.60,dwell,58.27,498.26,103.44,0,178.974,8.681,179.821,-18.13,20.71,147.60,-18.00,-7.69,173.61,54.211,53.891,-29.6645,-10.2605,58.27,498.26,-31.5949,-7.5202,,,0.24549,0
39.1928,14,13,3,1,150.75,544.60,dwell,110.94,484.51,72.08,1,178.889,8.638,179.834,-18.29,20.66,147.77,-17.72,-8.04,174.12,53.956,53.623,-28.5299,-7.8129,110.94,484.51,-30.2157,-7.6519,,,0.21618,0
39.2837,14,13,3,1,150.75,544.60,dwell,101.82,484.90,77.19,1,178.912,8.745,179.824,-18.29,20.72,147.51,-17.78,-7.93,173.75,54.440,53.929,-28.6676,-8.5744,101.82,484.90,-29.5190,-8.0670,,,0.25874,0
39.3830,14,13,3,1,150.75,544.60,dwell,113.43,497.79,59.87,1,178.894,8.680,179.818,-18.12,20.60,147.30,-18.13,-7.43,173.84,54.220,53.741,-29.8459,-7.0983,113.43,497.79,-29.6661,-7.6311,,,0.23026,0
39.4784,14,13,3,1,150.75,544.60,dwell,109.85,472.03,83.30,1,178.879,8.709,179.833,-18.10,20.77,147.08,-17.43,-8.67,172.86,54.199,53.213,-27.6897,-7.7554,109.85,472.03,-28.7767,-7.6870,,,0.23692,0
39.5870,14,13,3,1,150.75,544.60,dwell,98.22,483.48,80.59,0,178.818,8.627,179.802,-18.05,20.68,146.96,-17.37,-7.60,173.60,54.312,53.313,-28.5566,-8.5172,98.22,483.48,-28.6777,-8.0606,,,0.23820,0
39.6921,14,13,3,1,150.75,544.60,dwell,86.53,492.06,82.97,0,178.924,8.673,179.812,-17.95,20.58,146.87,-17.84,-7.55,172.92,53.755,53.629,-29.3071,-9.1600,86.53,492.06,-28.9609,-8.5553,,,0.20546,0
39.7867,14,13,3,1,150.75,544.60,dwell,111.85,485.67,70.61,1,178.802,8.613,179.831,-17.89,20.50,147.07,-17.88,-7.41,173.40,54.011,53.351,-29.5337,-7.4903,111.85,485.67,-29.2187,-8.0761,,,0.21676,0
39.9003,14,13,3,1,150.75,544.60,capture,111.94,469.33,84.69,1,178.799,8.535,179.839,-17.86,20.61,147.05,-17.36,-8.87,173.23,54.186,53.400,-27.9479,-7.2559,111.94,469.33,-28.6468,-7.7070,,,0.23151,0
39.9823,14,13,3,1,150.75,544.60,capture,116.36,458.06,93.12,0,178.844,8.411,179.832,-17.99,20.61,147.29,-17.68,-7.96,173.64,54.136,53.505,-26.7815,-6.9776,116.36,458.06,-27.8074,-7.3788,,,0.22859,0
40.0825,14,13,3,1,150.75,544.60,capture,101.15,438.60,117.03,0,178.812,8.474,179.845,-18.12,20.69,147.46,-17.26,-7.38,173.58,53.935,53.817,-27.4489,-7.5369,101.15,438.60,-27.6461,-7.4499,,,0.20887,0
40.1645,14,13,3,1,150.75,544.60,capture,83.28,473.02,98.37,0,178.842,8.431,179.842,-18.20,20.62,147.38,-17.63,-8.16,173.82,53.870,53.980,-28.5840,-9.0381,83.28,473.02,-28.0682,-8.1646,,,0.23272,0
40.2656,14,13,3,1,150.75,544.60,capture,104.79,452.58,102.86,0,178.892,8.580,179.822,-18.16,20.63,147.33,-17.80,-7.33,173.25,53.889,53.906,-27.8383,-7.8189,104.79,452.58,-27.9647,-8.0090,,,0.19954,0
40.3476,14,13,3,1,150.75,544.60,capture,98.70,455.72,103.00,0,178.908,8.413,179.824,-18.18,20.47,147.38,-17.51,-7.21,173.66,54.186,53.869,-28.2407,-8.3938,98.70,455.72,-28.0889,-8.1822,,,0.20629,0
40.4393,14,13,3,1,150.75,544.60,capture,117.66,462.73,88.30,0,179.041,8.431,179.808,-18.12,20.36,147.45,-17.83,-7.98,173.43,53.810,53.746,-26.6704,-7.5520,117.66,462.73,-27.4506,-7.8986,,,0.24088,0
40.5472,14,13,3,1,150.75,544.60,capture,83.52,444.15,120.87,0,179.038,8.503,179.820,-18.08,20.25,147.58,-17.86,-7.62,173.59,53.792,53.992,-26.9210,-8.5668,83.52,444.15,-27.2123,-8.1993,,,0.21371,0
40.6394,14,13,3,1,150.75,544.60,capture,114.78,453.51,97.93,0,178.947,8.549,179.847,-17.93,20.27,147.52,-16.99,-8.62,173.89,53.974,54.352,-27.3005,-7.8956,114.78,453.51,-27.2520,-8.0626,,,0.25319,0
40.7463,14,13,3,1,150.75,544.60,capture,117.05,494.14,60.68,1,178.950,8.502,179.863,-18.00,20.52,147.40,-17.22,-7.98,173.42,54.441,54.549,-29.0236,-7.2886,117.05,494.14,-28.0492,-7.7143,,,0.24021,0
40.8556,14,13,3,1,150.75,544.60,capture,97.81,452.05,106.62,0,178.920,8.586,179.839,-17.99,20.44,147.37,-17.52,-7.22,173.96,54.518,54.422,-27.2665,-8.3449,97.81,452.05,-27.6970,-7.9981,,,0.24732,0
40.9817,14,13,3,1,150.75,544.60,capture,126.96,456.67,91.09,0,178.889,8.586,179.810,-17.97,20.49,147.29,-17.40,-8.32,173.31,54.226,54.240,-27.2669,-6.6714,126.96,456.67,-27.5034,-7.4011,,,0.25555,0
41.0902,14,13,3,1,150.75,544.60,capture,104.04,455.71,100.42,0,178.743,8.517,179.817,-17.88,20.81,147.27,-17.16,-7.84,173.28,54.244,53.858,-27.3901,-7.9920,104.04,455.71,-27.4525,-7.6670,,,0.21217,0
41.1722,14,13,3,1,150.75,544.60,capture,93.13,469.63,94.55,0,178.793,8.464,179.825,-17.85,20.93,147.06,-17.13,-8.43,173.25,54.180,53.538,-28.3328,-8.7494,93.13,469.63,-27.8486,-8.1541,,,0.21357,0
41.2979,14,13,3,1,150.75,544.60,capture,64.35,472.37,112.61,0,178.808,8.384,179.841,-17.82,20.88,147.14,-17.13,-7.96,173.69,54.081,53.205,-28.0065,-10.3381,64.35,472.37,-27.9197,-9.1369,,,0.21393,0
41.4187,14,13,3,1,150.75,544.60,capture,98.87,479.76,83.04,0,178.851,8.398,179.832,-17.79,20.78,147.16,-17.39,-8.15,173.20,54.363,53.443,-29.3012,-8.5451,98.87,479.76,-28.5414,-8.8706,,,0.23356,0
41.5519,14,13,3,1,150.75,544.60,capture,97.84,454.56,104.44,0,178.944,8.338,179.842,-17.84,20.73,147.02,-17.16,-7.44,173.26,54.130,53.820,-27.5209,-8.4770,97.84,454.56,-28.0821,-8.6935,,,0.21021,0
41.6451,14,13,3,1,150.75,544.60,capture,105.66,450.59,104.26,0,178.973,8.245,179.854,-17.81,20.70,147.02,-17.43,-7.87,173.75,54.147,54.512,-27.3633,-7.8264,105.66,450.59,-27.7587,-8.3033,,,0.22716,0
41.7527,14,13,3,1,150.75,544.60,capture,89.63,472.68,94.38,0,179.052,8.143,179.860,-17.86,20.68,147.22,-17.87,-8.36,173.05,54.166,54.137,-28.8024,-8.3630,89.63,472.68,-28.2283,-8.3302,,,0.21016,0
41.8504,14,13,3,1,150.75,544.60,capture,97.48,466.92,94.19,0,179.081,8.301,179.864,-18.10,20.74,147.04,-17.42,-8.32,173.24,54.315,54.153,-27.4968,-8.6470,97.48,466.92,-27.8991,-8.4727,,,0.23342,0
42.0342,15,9,2,1,150.75,389.00,dwell,178.97,349.97,48.16,1,178.881,8.128,179.827,-18.13,20.76,147.05,-17.92,-7.52,173.18,54.418,54.304,-23.3139,-4.5366,178.97,349.97,-23.3139,-4.5366,,,0.27112,0
42.1422,15,9,2,1,150.75,389.00,dwell,96.88,259.52,140.24,0,178.915,8.258,179.830,-18.25,20.73,146.91,-18.14,-7.03,173.20,54.278,54.151,-20.0492,-8.4841,96.88,259.52,-21.8448,-6.3130,,,0.22914,0
42.2504,15,9,2,1,150.75,389.00,dwell,133.75,167.61,222.04,0,178.812,8.347,179.805,-18.34,20.69,147.02,-17.37,-7.83,173.82,54.134,53.725,-16.7077,-7.0434,133.75,167.61,-19.5331,-6.6417,,,0.22180,0
42.3531,15,9,2,1,150.75,389.00,dwell,99.34,357.17,60.47,0,178.724,8.216,179.835,-18.31,20.75,147.21,-17.84,-8.15,173.56,53.806,53.426,-23.9911,-8.2602,99.34,357.17,-21.5392,-7.3700,,,0.22231,0
42.4528,15,9,2,1,150.75,389.00,dwell,179.92,255.36,136.79,0,178.728,8.342,179.827,-18.17,20.60,147.34,-17.27,-7.65,173.47,53.663,53.650,-19.6105,-4.6918,179.92,255.36,-20.6713,-6.1648,,,0.21264,0
42.5620,15,9,2,1,150.75,389.00,dwell,200.96,333.64,74.74,1,178.832,8.318,179.829,-18.27,20.63,147.30,-17.83,-7.92,173.18,53.742,53.446,-22.7396,-3.8226,200.96,333.64,-21.6020,-5.1108,,,0.22472,0
42.6484,15,9,2,1,150.75,389.00,dwell,176.66,327.11,67.09,1,178.800,8.371,179.862,-18.21,20.68,147.50,-17.90,-7.69,173.76,53.977,53.403,-22.5167,-4.4600,176.66,327.11,-22.0136,-4.8180,,,0.21061,0
42.7511,15,9,2,1,150.75,389.00,dwell,164.72,226.16,163.44,0,178.638,8.411,179.846,-18.21,20.98,147.63,-17.83,-7.78,174.01,53.865,54.055,-18.3201,-5.3703,164.72,226.16,-20.3516,-5.0665,,,0.21993,0
42.8521,15,9,2,1,150.75,389.00,dwell,199.39,238.73,157.95,0,178.596,8.307,179.834,-18.27,20.98,147.80,-17.98,-8.00,174.62,53.475,54.069,-19.6886,-3.7979,199.39,238.73,-20.0532,-4.4956,,,0.20956,0
42.9640,15,9,2,1,150.75,389.00,capture,178.84,240.47,151.16,0,178.618,8.400,179.853,-18.21,20.99,147.70,-17.44,-7.23,173.69,53.376,54.250,-19.7831,-5.2974,178.84,240.47,-19.9317,-4.8564,,,0.19753,0
43.0642,15,9,2,1,150.75,389.00,capture,189.72,246.29,147.94,0,178.657,8.407,179.872,-18.39,20.94,147.86,-18.27,-7.47,174.06,53.196,53.951,-19.0662,-3.6920,189.72,246.29,-19.5422,-4.3324,,,0.18147,0
43.1500,15,9,2,1,150.75,389.00,capture,211.93,265.44,137.88,0,178.752,8.348,179.875,-18.31,20.77,147.72,-18.20,-7.48,173.71,53.339,53.922,-20.0172,-2.8973,211.93,265.44,-19.7559,-3.6866,,,0.18573,0
43.2320,15,9,2,1,150.75,389.00,capture,214.36,228.62,172.53,0,178.779,8.311,179.861,-18.18,20.82,147.99,-17.79,-7.50,174.29,53.267,54.206,-18.5158,-2.7028,214.36,228.62,-19.1979,-3.2439,,,0.21615,0
43.3148,15,9,2,1,150.75,389.00,capture,199.71,253.72,143.87,0,178.730,8.260,179.844,-18.12,20.72,147.86,-17.45,-8.00,174.21,53.271,54.480,-18.3922,-3.5026,199.71,253.72,-18.8353,-3.3603,,,0.20851,0
43.4203,15,9,2,1,150.75,389.00,capture,199.59,283.50,116.26,0,178.723,8.253,179.838,-18.19,20.75,147.72,-17.43,-8.11,174.34,53.555,54.269,-21.7162,-4.1195,199.59,283.50,-20.1317,-3.7019,,,0.18653,0
43.5239,15,9,2,1,150.75,389.00,capture,206.74,230.67,167.94,0,178.565,8.275,179.848,-18.24,20.76,147.77,-17.90,-7.97,174.02,53.380,54.145,-18.3932,-3.5968,206.74,230.67,-19.3494,-3.6546,,,0.19685,0
43.6190,15,9,2,1,150.75,389.00,capture,180.86,239.76,152.25,0,178.623,8.248,179.812,-18.33,20.98,147.87,-17.86,-7.39,174.35,53.474,53.909,-19.2237,-5.3025,180.86,239.76,-19.2928,-4.3962,,,0.21130,0
43.7242,15,9,2,1,150.75,389.00,capture,189.62,249.18,145.12,0,178.780,8.158,179.805,-18.37,20.90,148.25,-17.46,-7.50,174.56,53.579,53.761,-19.6307,-3.8224,189.62,249.18,-19.4449,-4.1380,,,0.19003,0
43.8453,15,9,2,1,150.75,389.00,capture,186.49,230.97,162.02,0,178.844,8.028,179.822,-18.38,20.86,148.23,-18.06,-7.19,174.27,53.814,53.988,-18.5690,-4.5158,186.49,230.97,-19.0507,-4.3080,,,0.24286,0
43.9297,15,9,2,1,150.75,389.00,capture,203.18,224.91,172.26,0,178.761,8.023,179.812,-18.28,20.80,148.17,-18.13,-8.24,174.46,53.880,54.221,-17.8610,-2.6496,203.18,224.91,-18.5153,-3.5617,,,0.21242,0
44.0246,15,9,2,1,150.75,389.00,capture,196.20,221.43,173.62,0,178.879,8.172,179.813,-18.23,20.92,148.04,-17.71,-8.22,174.63,53.551,54.356,-18.6299,-3.9324,196.20,221.43,-18.5669,-3.7285,,,0.20734,0
44.1300,15,9,2,1,150.75,389.00,capture,206.04,228.03,170.20,0,178.827,8.245,179.793,-18.28,20.95,147.99,-17.93,-7.64,173.98,53.361,54.490,-18.2456,-3.7569,206.04,228.03,-18.4223,-3.7413,,,0.19796,0
44.2434,15,9,2,1,150.75,389.00,capture,218.77,263.07,143.13,0,178.872,8.274,179.794,-18.29,20.86,147.90,-17.48,-7.79,174.60,53.404,54.490,-20.3595,-2.2887,218.77,263.07,-19.2941,-3.0876,,,0.19556,0
44.3341,15,9,2,1,150.75,389.00,capture,185.51,243.26,149.83,0,178.874,8.369,179.830,-18.24,20.69,147.79,-17.58,-7.69,174.09,53.688,54.407,-19.9918,-4.1812,185.51,243.26,-19.6080,-3.5798,,,0.24528,0
44.4190,15,9,2,1,150.75,389.00,capture,196.98,259.51,137.49,0,179.024,8.241,179.826,-18.30,20.57,147.80,-18.14,-7.71,174.73,53.576,53.919,-19.5399,-3.5390,196.98,259.51,-19.5774,-3.5614,,,0.20421,0
44.5257,15,9,2,1,150.75,389.00,capture,219.74,257.27,148.70,0,178.979,8.241,179.829,-18.26,20.71,147.85,-17.52,-8.20,174.30,53.406,53.757,-19.7287,-2.2515,219.74,257.27,-19.6455,-2.9720,,,0.21476,0
44.6201,15,9,2,1,150.75,389.00,capture,183.63,232.83,159.59,0,178.844,8.277,179.808,-18.34,20.74,147.92,-17.36,-7.61,174.88,53.480,53.690,-18.8564,-5.0931,183.63,232.83,-19.2904,-3.9265,,,0.20070,0
44.7187,15,9,2,1,150.75,389.00,capture,203.42,251.70,147.06,0,178.869,8.260,179.813,-18.29,20.55,148.08,-18.41,-8.10,174.88,53.214,53.687,-19.3867,-3.4408,203.42,251.70,-19.3337,-3.7079,,,0.22882,0
44.9014,16,7,1,3,351.75,233.40,dwell,300.30,220.78,52.98,0,178.950,8.289,179.795,-18.27,20.67,147.96,-18.21,-7.80,174.56,53.815,53.602,-18.2754,1.3805,300.30,220.78,-18.2754,1.3805,,,0.20963,0
44.9997,16,7,1,3,351.75,233.40,dwell,267.15,116.68,144.16,0,178.910,8.163,179.803,-18.20,20.72,148.07,-17.66,-7.42,174.55,53.955,53.778,-14.7615,-0.5580,267.15,116.68,-16.6941,0.5082,,,0.20190,0
45.0817,16,7,1,3,351.75,233.40,dwell,227.74,210.06,126.19,0,178.992,8.061,179.826,-18.19,20.83,147.94,-18.09,-9.02,174.39,53.959,53.948,-17.7120,-1.7248,227.74,210.06,-17.1522,-0.4967,,,0.21027,0
45.1962,16,7,1,3,351.75,233.40,dwell,216.80,162.47,152.46,0,178.905,8.039,179.822,-18.15,20.69,147.80,-18.03,-7.86,174.82,54.205,53.923,-16.7328,-2.9785,216.80,162.47,-16.9635,-1.6135,,,0.23629,0
45.3105,16,7,1,3,351.75,233.40,dwell,297.72,303.59,88.58,0,179.029,8.035,179.814,-18.19,20.58,148.10,-17.41,-7.57,175.20,54.139,54.177,-21.8957,0.5840,297.72,303.59,-19.1830,-0.6246,,,0.23090,0
45.4312,16,7,1,3,351.75,233.40,dwell,298.03,215.49,56.63,0,178.940,8.094,179.795,-18.13,20.58,147.66,-17.97,-8.14,174.60,54.402,53.770,-17.7630,1.1052,298.03,215.49,-18.5440,0.1538,,,0.20902,0
45.5206,16,7,1,3,351.75,233.40,dwell,325.29,279.87,53.48,1,178.980,8.138,179.776,-18.18,20.55,147.48,-17.50,-8.10,173.76,53.811,54.120,-20.0358,2.6141,325.29,279.87,-19.2153,1.2609,,,0.22423,0
45.6234,16,7,1,3,351.75,233.40,dwell,350.06,251.39,18.07,1,178.967,8.095,179.818,-18.12,20.58,147.42,-17.85,-7.52,173.06,53.759,53.758,-19.5343,3.7518,350.06,251.39,-19.3588,2.3818,,,0.20854,0
45.7360,16,7,1,3,351.75,233.40,dwell,341.72,242.39,13.47,1,178.867,7.948,179.828,-18.13,20.48,147.45,-17.58,-7.86,173.54,53.700,53.628,-19.9083,3.3018,341.72,242.39,-19.6061,2.7958,,,0.20848,0
45.8226,16,7,1,3,351.75,233.40,dwell,343.66,193.31,40.90,1,178.904,7.857,179.840,-18.06,20.59,147.53,-18.37,-8.29,173.51,53.896,53.931,-17.4698,3.0445,343.66,193.31,-18.6447,2.9077,,,0.22226,0
45.9366,16,7,1,3,351.75,233.40,capture,404.87,254.28,57.08,0,178.936,7.883,179.839,-18.15,20.67,147.56,-17.43,-8.01,173.61,53.849,53.979,-19.7980,6.2922,404.87,254.28,-19.1637,4.4307,,,0.20894,0
46.0323,16,7,1,3,351.75,233.40,capture,389.54,250.97,41.67,1,178.885,7.810,179.842,-18.13,20.77,147.58,-17.47,-7.62,173.57,53.760,53.733,-19.5066,5.0135,389.54,250.97,-19.3180,4.6930,,,0.22140,0
46.1264,16,7,1,3,351.75,233.40,capture,364.96,249.31,20.68,1,178.981,7.743,179.845,-18.16,20.75,147.91,-18.14,-7.82,174.32,53.658,53.826,-19.3765,4.1485,364.96,249.31,-19.3443,4.4480,,,0.20811,0
46.2284,16,7,1,3,351.75,233.40,capture,381.59,247.62,33.06,1,178.940,7.642,179.832,-18.29,20.83,147.79,-17.37,-7.78,174.14,53.888,53.629,-19.4138,5.2263,381.59,247.62,-19.3756,4.7982,,,0.23139,0
46.3304,16,7,1,3,351.75,233.40,capture,375.75,241.67,25.38,1,178.811,7.636,179.836,-18.38,20.95,147.79,-17.98,-8.42,173.90,53.751,53.753,-19.0892,4.9511,375.75,241.67,-19.2467,4.8670,,,0.23813,0
46.4339,16,7,1,3,351.75,233.40,capture,370.99,254.87,28.83,1,178.771,7.578,179.818,-18.25,20.97,147.57,-17.45,-7.80,173.57,53.931,53.809,-19.8432,4.3509,370.99,254.87,-19.5151,4.6348,,,0.18904,0
46.5438,16,7,1,3,351.75,233.40,capture,392.25,200.24,52.34,1,178.955,7.642,179.817,-18.29,21.04,147.65,-18.22,-7.58,174.19,53.797,53.812,-16.9397,5.7537,392.25,200.24,-18.3562,5.1383,,,0.22139,0
46.6599,16,7,1,3,351.75,233.40,capture,384.95,220.65,35.56,1,178.993,7.762,179.801,-18.36,21.12,147.78,-18.16,-7.17,174.34,53.750,54.182,-17.8144,5.2647,384.95,220.65,-18.1124,5.1952,,,0.23864,0
46.7570,16,7,1,3,351.75,233.40,capture,369.04,225.86,18.86,1,179.053,7.776,179.832,-18.51,21.13,147.61,-17.67,-7.03,174.37,53.684,54.018,-18.9616,3.9603,369.04,225.86,-18.4945,4.6395,,,0.18336,0
46.8696,16,7,1,3,351.75,233.40,capture,390.93,226.77,39.74,1,179.027,7.843,179.826,-18.54,21.14,147.65,-18.61,-6.84,174.09,53.723,53.651,-17.9420,5.6723,390.93,226.77,-18.2459,5.1043,,,0.21330,0
46.9555,16,7,1,3,351.75,233.40,capture,362.07,233.66,10.32,1,179.107,7.842,179.853,-18.51,21.18,147.53,-18.03,-7.47,173.73,53.820,53.910,-19.3772,4.3673,362.07,233.66,-18.7550,4.7726,,,0.24429,0
47.0562,16,7,1,3,351.75,233.40,capture,384.73,246.40,35.45,1,179.037,7.848,179.844,-18.48,21.14,147.63,-17.53,-8.03,174.35,53.864,54.485,-19.3176,4.9546,384.73,246.40,-19.0082,4.8545,,,0.21114,0
47.1386,16,7,1,3,351.75,233.40,capture,389.16,234.22,37.42,1,178.937,7.943,179.872,-18.45,20.99,147.59,-18.09,-8.33,173.58,53.917,54.167,-17.3665,5.6205,389.16,234.22,-18.2694,5.1992,,,0.20868,0
47.2228,16,7,1,3,351.75,233.40,capture,408.87,225.50,57.66,0,178.919,7.865,179.881,-18.36,20.90,147.74,-17.95,-7.40,174.13,53.892,54.422,-18.0916,6.2567,408.87,225.50,-18.1894,5.6751,,,0.23487,0
47.3229,16,7,1,3,351.75,233.40,capture,365.82,222.92,17.54,1,178.975,7.750,179.874,-18.31,20.72,147.85,-18.02,-8.80,174.24,53.605,54.161,-19.2472,4.2953,365.82,222.92,-18.6654,5.0542,,,0.21872,0
47.4078,16,7,1,3,351.75,233.40,capture,372.47,222.26,23.52,1,178.900,7.799,179.880,-18.46,20.75,147.67,-18.12,-7.40,174.54,53.716,54.122,-18.8634,4.3756,372.47,222.26,-18.7545,4.7488,,,0.23708,0
47.5128,16,7,1,3,351.75,233.40,capture,378.15,227.83,26.98,1,178.984,7.865,179.896,-18.34,20.78,147.72,-17.66,-7.66,174.19,53.508,54.204,-19.6316,5.5336,378.15,227.83,-19.1492,5.1020,,,0.20020,0
47.6095,16,7,1,3,351.75,233.40,capture,388.82,232.18,37.09,1,178.949,7.978,179.878,-18.27,20.65,147.45,-17.74,-7.68,173.41,54.286,54.528,-19.1816,4.4843,388.82,232.18,-19.1638,4.8240,,,0.25060,0
47.6977,16,7,1,3,351.75,233.40,capture,367.84,243.41,18.95,1,179.053,7.976,179.846,-18.57,20.67,147.26,-17.88,-8.10,173.94,54.290,54.736,-20.0329,4.3477,367.84,243.41,-19.5549,4.6097,,,0.21441,0
47.9209,17,8,2,0,50.25,389.00,dwell,281.78,277.51,256.98,0,179.038,7.931,179.870,-18.64,20.69,147.26,-17.73,-7.61,173.47,53.973,54.288,-20.5995,0.1451,281.78,277.51,-20.5995,0.1451,,,0.20526,0
48.0050,17,8,2,0,50.25,389.00,dwell,372.93,289.23,337.75,0,178.992,7.850,179.883,-18.82,20.80,147.13,-18.18,-7.30,173.44,53.603,54.529,-21.3844,4.0251,372.93,289.23,-20.9527,1.8911,,,0.18145,0
48.0870,17,8,2,0,50.25,389.00,dwell,302.66,238.18,294.04,0,178.944,7.917,179.879,-18.75,20.72,147.04,-18.09,-7.91,172.92,53.502,54.480,-19.9068,1.5551,302.66,238.18,-20.4821,1.7399,,,0.21810,0
48.1690,17,8,2,0,50.25,389.00,dwell,149.96,250.12,170.97,0,178.886,8.057,179.887,-18.70,20.81,147.28,-17.86,-7.94,173.87,53.567,54.737,-19.6470,-6.6354,149.96,250.12,-20.1063,-2.0290,,,0.20547,0
48.2570,17,8,2,0,50.25,389.00,dwell,139.76,384.82,89.61,0,178.829,7.951,179.873,-18.70,20.90,147.61,-18.17,-7.88,173.89,53.208,54.437,-24.7235,-6.6615,139.76,384.82,-22.1840,-4.1136,,,0.17669,0
48.3568,17,8,2,0,50.25,389.00,dwell,200.39,288.63,180.60,0,178.774,7.822,179.861,-18.64,20.80,147.74,-18.48,-7.49,174.47,53.707,53.804,-19.9250,-3.5367,200.39,288.63,-21.1675,-3.8540,,,0.21800,0
48.4550,17,8,2,0,50.25,389.00,dwell,79.68,344.59,53.28,1,178.728,7.893,179.878,-18.49,20.89,147.56,-17.68,-7.11,173.82,53.964,53.533,-22.3208,-9.5801,79.68,344.59,-21.6865,-6.4308,,,0.21609,0
48.5510,17,8,2,0,50.25,389.00,dwell,81.71,215.71,176.12,0,178.636,7.957,179.867,-18.43,20.84,147.41,-18.29,-7.37,173.42,53.657,53.278,-17.4946,-8.7510,81.71,215.71,-19.8001,-7.4749,,,0.24352,0
48.6560,17,8,2,0,50.25,389.00,dwell,32.48,226.79,163.18,0,178.617,8.089,179.876,-18.43,20.65,147.54,-17.71,-7.77,173.70,53.743,53.574,-18.6667,-10.8499,32.48,226.79,-19.2901,-8.9936,,,0.20069,0
48.7436,17,8,2,0,50.25,389.00,dwell,-17.57,296.32,114.84,0,178.718,8.242,179.854,-18.40,20.56,147.52,-17.48,-8.37,173.24,53.507,53.939,-21.7242,-13.6253,-17.57,296.32,-20.3854,-11.0779,,,0.22466,0
48.8401,17,8,2,0,50.25,389.00,capture,11.36,306.28,91.41,0,178.806,8.159,179.845,-18.40,20.64,147.52,-17.78,-8.03,173.71,53.532,54.165,-21.3752,-12.9930,11.36,306.28,-20.8308,-11.9397,,,0.19208,0
48.9277,17,8,2,0,50.25,389.00,capture,-3.30,350.31,66.06,0,178.814,8.175,179.868,-18.36,20.63,147.47,-17.61,-7.51,174.27,53.524,54.278,-23.6317,-13.1887,-3.30,350.31,-22.0912,-12.5017,,,0.20173,0
49.0241,17,8,2,0,50.25,389.00,capture,6.25,295.46,103.37,0,178.737,8.190,179.846,-18.35,20.54,147.40,-17.96,-7.94,173.72,53.615,54.241,-20.1883,-12.9487,6.25,295.46,-21.2349,-12.7029,,,0.23027,0
49.1246,17,8,2,0,50.25,389.00,capture,-34.95,327.14,105.29,0,178.722,8.201,179.805,-18.35,20.53,147.51,-17.53,-7.32,173.43,53.525,54.404,-21.9239,-14.3962,-34.95,327.14,-21.5450,-13.4649,,,0.19468,0
49.2179,17,8,2,0,50.25,389.00,capture,12.98,312.28,85.29,1,178.708,8.042,179.818,-18.39,20.63,147.44,-18.16,-7.01,173.88,53.617,54.263,-21.3039,-11.9471,12.98,312.28,-21.4365,-12.7819,,,0.21688,0
49.3183,17,8,2,0,50.25,389.00,capture,-20.24,303.42,110.87,0,178.752,8.171,179.826,-18.33,20.66,147.42,-17.46,-7.42,173.46,53.707,54.001,-21.4280,-14.3299,-20.24,303.42,-21.4326,-13.4785,,,0.21885,0
49.4396,17,8,2,0,50.25,389.00,capture,-19.59,311.41,104.39,0,178.892,8.186,179.799,-18.29,20.52,147.50,-18.03,-8.22,173.76,53.510,53.842,-21.8842,-13.9948,-19.59,311.41,-21.6358,-13.7108,,,0.19909,0
49.5495,17,8,2,0,50.25,389.00,capture,-8.75,290.20,115.08,0,178.924,8.038,179.805,-18.37,20.56,147.44,-17.58,-7.77,173.81,53.581,53.923,-21.4966,-13.9027,-8.75,290.20,-21.5732,-13.7972,,,0.21412,0
49.6670,17,8,2,0,50.25,389.00,capture,-5.51,302.95,102.54,0,178.935,7.935,179.777,-18.43,20.55,147.56,-17.76,-8.00,174.60,53.871,54.082,-21.4364,-13.5737,-5.51,302.95,-21.5116,-13.6966,,,0.21135,0
49.7551,17,8,2,0,50.25,389.00,capture,-40.86,350.91,98.75,0,179.026,7.855,179.808,-18.35,20.32,147.65,-17.41,-8.55,173.79,53.437,54.211,-23.5666,-14.9437,-40.86,350.91,-22.4364,-14.2578,,,0.19679,0
49.8626,17,8,2,0,50.25,389.00,capture,-7.35,328.47,83.56,0,178.956,7.808,179.824,-18.43,20.15,147.30,-18.37,-7.85,173.91,53.443,54.321,-22.3426,-13.6820,-7.35,328.47,-22.3942,-13.9987,,,0.17416,0
49.9829,17,8,2,0,50.25,389.00,capture,-17.44,320.34,96.42,0,179.021,7.958,179.859,-18.37,20.21,147.33,-18.17,-7.57,173.16,53.270,54.501,-22.5823,-13.3834,-17.44,320.34,-22.4788,-13.7218,,,0.16558,0
50.0649,17,8,2,0,50.25,389.00,capture,-29.24,319.62,105.51,0,178.904,7.867,179.872,-18.48,20.31,147.33,-17.55,-8.01,173.94,52.871,54.487,-22.1264,-14.4346,-29.24,319.62,-22.3202,-14.0426,,,0.18935,0
50.1644,17,8,2,0,50.25,389.00,capture,-18.08,291.52,119.04,0,178.985,8.014,179.867,-18.38,20.36,147.31,-18.18,-9.07,173.52,53.007,54.493,-20.5478,-12.9782,-18.08,291.52,-21.5226,-13.5636,,,0.18957,0
50.2530,17,8,2,0,50.25,389.00,capture,-12.41,313.17,98.37,0,179.000,8.130,179.826,-18.36,20.34,147.14,-18.54,-7.52,173.45,52.689,54.440,-21.8445,-12.9235,-12.41,313.17,-21.6675,-13.2756,,,0.19305,0
50.3617,17,8,2,0,50.25,389.00,capture,-29.75,300.69,119.16,0,179.049,8.188,179.847,-18.42,20.30,147.27,-18.01,-8.92,173.78,52.644,54.536,-20.5634,-14.6101,-29.75,300.69,-21.1706,-13.8761,,,0.17208,0
50.4762,17,8,2,0,50.25,389.00,capture,-29.77,278.24,136.64,0,178.875,8.010,179.857,-18.35,20.44,147.46,-17.80,-7.59,174.16,52.932,54.565,-20.7071,-14.1282,-29.77,278.24,-20.9620,-13.9895,,,0.18271,0
50.5833,17,8,2,0,50.25,389.00,capture,-18.64,287.21,122.91,0,178.776,7.975,179.853,-18.39,20.41,147.14,-18.04,-8.77,172.90,53.284,54.610,-20.7958,-13.9881,-18.64,287.21,-20.8872,-13.9889,,,0.21037,0
50.6653,17,8,2,0,50.25,389.00,capture,5.04,295.39,103.96,0,178.796,7.989,179.827,-18.56,20.59,146.89,-18.20,-8.15,172.70,53.416,54.507,-20.7428,-12.8069,5.04,295.39,-20.8222,-13.4570,,,0.21885,0
50.7715,17,8,2,0,50.25,389.00,capture,-4.13,294.97,108.62,0,178.826,7.879,179.837,-18.49,20.48,147.13,-17.97,-8.00,173.35,53.368,54.603,-20.4628,-13.1555,-4.13,294.97,-20.6605,-13.3213,,,0.22235,0
50.9753,18,14,3,2,251.25,544.60,dwell,-4.05,318.86,340.79,0,178.906,7.815,179.839,-18.39,20.42,147.19,-18.00,-7.49,173.10,53.441,54.139,-22.0671,-13.2483,-4.05,318.86,-22.0671,-13.2483,,,0.19262,0
51.0750,18,14,3,2,251.25,544.60,dwell,76.15,475.42,188.27,0,179.034,7.892,179.854,-18.34,20.28,147.28,-17.79,-9.08,173.22,53.203,54.583,-28.0761,-9.7796,76.15,475.42,-24.7712,-11.6874,,,0.19539,0
51.1678,18,14,3,2,251.25,544.60,dwell,64.48,424.97,221.80,0,178.949,7.918,179.855,-18.43,20.15,147.46,-18.07,-7.72,173.72,53.490,54.297,-25.8657,-9.6236,64.48,424.97,-25.2637,-10.7587,,,0.21269,0
51.2665,18,14,3,2,251.25,544.60,dwell,103.90,418.26,194.10,0,178.956,7.865,179.858,-18.36,20.18,147.35,-17.55,-8.88,173.79,53.672,54.316,-25.2405,-7.7138,103.90,418.26,-25.2533,-9.3885,,,0.19531,0
51.3826,18,14,3,2,251.25,544.60,dwell,139.23,442.01,151.90,0,178.882,8.000,179.849,-18.38,20.18,147.24,-17.95,-7.59,173.96,53.518,54.474,-27.1792,-7.0431,139.23,442.01,-26.1199,-8.3331,,,0.19176,0
51.4779,18,14,3,2,251.25,544.60,dwell,152.47,455.43,133.07,0,178.912,8.139,179.814,-18.43,20.05,147.22,-18.43,-8.88,173.07,53.584,54.729,-28.1793,-5.8473,152.47,455.43,-27.0466,-7.2145,,,0.19896,0
51.5850,18,14,3,2,251.25,544.60,dwell,178.33,433.96,132.51,0,178.987,8.074,179.800,-18.44,20.21,147.25,-17.74,-8.83,172.56,53.549,54.677,-26.6404,-5.3003,178.33,433.96,-26.8638,-6.3531,,,0.20248,0
51.6829,18,14,3,2,251.25,544.60,dwell,151.04,489.45,114.38,0,179.079,8.049,179.806,-18.43,20.07,147.32,-18.81,-8.39,173.32,53.478,54.826,-29.0212,-4.9096,151.04,489.45,-27.8347,-5.7035,,,0.21135,0
51.7795,18,14,3,2,251.25,544.60,dwell,217.80,565.36,39.37,1,179.104,8.008,179.811,-18.40,20.25,147.16,-17.85,-8.33,173.26,54.050,54.503,-32.2443,-2.5562,217.80,565.36,-29.8190,-4.2872,,,0.25152,0
51.8631,18,14,3,2,251.25,544.60,dwell,240.73,483.96,61.55,1,178.966,8.059,179.789,-18.42,20.36,147.20,-17.93,-8.29,173.67,54.165,54.450,-28.6469,-1.3121,240.73,483.96,-29.2916,-2.9484,,,0.22580,0
51.9698,18,14,3,2,251.25,544.60,capture,233.40,518.60,31.54,1,179.021,8.045,179.765,-18.48,20.28,147.25,-18.39,-8.43,173.85,54.006,54.294,-30.4285,-2.8683,233.40,518.60,-29.8032,-2.9124,,,0.22103,0
52.0643,18,14,3,2,251.25,544.60,capture,248.48,532.46,12.45,1,179.050,8.053,179.804,-18.57,20.43,147.34,-18.13,-8.84,173.46,53.541,54.411,-29.9519,-1.5928,248.48,532.46,-29.8701,-2.3186,,,0.18763,0
52.1606,18,14,3,2,251.25,544.60,capture,241.08,496.58,49.09,1,179.036,8.227,179.785,-18.45,20.40,147.27,-17.90,-8.47,173.44,53.460,54.319,-29.6294,-1.2068,241.08,496.58,-29.7618,-1.8183,,,0.19715,0
52.2675,18,14,3,2,251.25,544.60,capture,227.52,516.30,36.93,1,179.005,8.245,179.800,-18.37,20.54,147.33,-17.82,-8.99,173.53,53.853,54.335,-30.0214,-1.8829,227.52,516.30,-29.8786,-1.8473,,,0.19993,0
52.3495,18,14,3,2,251.25,544.60,capture,227.55,523.54,31.71,1,179.041,8.224,179.797,-18.23,20.64,147.43,-18.01,-6.92,174.11,54.061,54.369,-30.2871,-2.2533,227.55,523.54,-30.0624,-2.0300,,,0.23884,0
52.4508,18,14,3,2,251.25,544.60,capture,227.02,530.21,28.18,1,179.042,8.265,179.807,-18.35,20.66,147.44,-17.59,-7.99,173.85,54.039,54.685,-30.5706,-1.8607,227.02,530.21,-30.2911,-1.9538,,,0.22046,0
52.5433,18,14,3,2,251.25,544.60,capture,252.19,497.28,47.33,1,179.000,8.248,179.803,-18.37,20.82,147.63,-18.45,-7.31,174.09,54.000,54.144,-28.8863,-1.5741,252.19,497.28,-29.6590,-1.7830,,,0.19844,0
52.6420,18,14,3,2,251.25,544.60,capture,259.73,499.59,45.80,1,178.842,8.356,179.804,-18.47,21.03,147.56,-18.31,-7.74,173.91,53.890,54.110,-28.8066,-0.8926,259.73,499.59,-29.2754,-1.3823,,,0.19560,0
52.7438,18,14,3,2,251.25,544.60,capture,234.15,506.83,41.46,1,178.750,8.469,179.812,-18.52,20.88,147.36,-17.99,-7.85,173.87,54.248,53.953,-29.6406,-2.4383,234.15,506.83,-29.4398,-1.8575,,,0.23138,0
52.8347,18,14,3,2,251.25,544.60,capture,248.74,514.45,30.25,1,178.704,8.465,179.810,-18.49,20.80,147.35,-17.71,-6.57,173.66,54.208,53.849,-29.9981,-1.1570,248.74,514.45,-29.6910,-1.5423,,,0.21556,0
52.9414,18,14,3,2,251.25,544.60,capture,252.60,524.31,20.33,1,178.603,8.450,179.843,-18.35,20.83,147.31,-18.05,-7.56,173.15,54.024,53.914,-29.8776,-1.2536,252.60,524.31,-29.7750,-1.4123,,,0.23721,0
53.0379,18,14,3,2,251.25,544.60,capture,264.43,531.36,18.68,1,178.569,8.369,179.836,-18.34,20.69,147.44,-18.61,-8.23,173.31,53.781,54.037,-29.9626,-0.2841,264.43,531.36,-29.8594,-0.9046,,,0.21661,0
53.1430,18,14,3,2,251.25,544.60,capture,256.61,526.76,18.63,1,178.621,8.339,179.820,-18.30,20.62,147.56,-17.89,-7.57,174.22,53.500,53.477,-30.3508,-0.7790,256.61,526.76,-30.0805,-0.8481,,,0.19313,0
53.2446,18,14,3,2,251.25,544.60,capture,250.59,544.69,0.67,1,178.653,8.300,179.814,-18.26,20.26,147.56,-17.44,-8.18,173.84,53.290,53.688,-30.9023,-1.0201,250.59,544.69,-30.4503,-0.9255,,,0.20355,0
53.3402,18,14,3,2,251.25,544.60,capture,245.59,537.50,9.08,1,178.516,8.153,179.828,-18.20,20.40,147.64,-17.66,-7.03,174.00,53.387,54.176,-31.2358,-1.6108,245.59,537.50,-30.8038,-1.2339,,,0.22730,0
53.4473,18,14,3,2,251.25,544.60,capture,227.71,517.42,35.96,1,178.699,8.286,179.816,-18.25,20.49,147.75,-18.23,-8.70,173.82,53.797,54.658,-29.7104,-2.1679,227.71,517.42,-30.3118,-1.6542,,,0.22727,0
53.5349,18,14,3,2,251.25,544.60,capture,253.36,550.45,6.22,1,178.707,8.161,179.785,-18.34,20.49,147.84,-17.84,-8.43,174.17,53.791,54.272,-31.2141,-0.8647,253.36,550.45,-30.7178,-1.2989,,,0.21013,0
53.6353,18,14,3,2,251.25,544.60,capture,251.09,545.20,0.62,1,178.771,8.166,179.813,-18.32,20.53,147.78,-18.28,-7.87,174.04,54.097,54.054,-30.8333,-1.9629,251.09,545.20,-30.7698,-1.5977,,,0.22320,0
53.7546,18,14,3,2,251.25,544.60,capture,233.10,525.20,26.57,1,178.767,8.299,179.847,-18.47,20.44,147.95,-18.08,-8.26,174.09,54.283,54.106,-29.8949,-1.6619,233.10,525.20,-30.3761,-1.6266,,,0.21563,0
53.8481,18,14,3,2,251.25,544.60,capture,243.27,501.29,44.04,1,178.841,8.338,179.864,-18.44,20.30,148.04,-18.67,-8.05,174.82,54.053,53.928,-29.3796,-1.2997,243.27,501.29,-29.9277,-1.4795,,,0.21974,0
54.0649,19,19,4,3,351.75,700.20,dwell,405.58,552.45,157.25,0,178.829,8.371,179.862,-18.46,20.23,147.94,-17.84,-8.40,174.07,54.121,53.967,-30.5165,5.3246,405.58,552.45,-30.5165,5.3246,,,0.23554,0
54.1586,19,19,4,3,351.75,700.20,dwell,280.69,665.89,78.91,0,178.633,8.452,179.898,-18.50,20.44,147.72,-18.26,-8.37,173.73,54.017,53.938,-34.9468,0.1528,280.69,665.89,-32.5101,2.9973,,,0.19440,0
54.2742,19,19,4,3,351.75,700.20,dwell,303.94,588.91,121.12,0,178.689,8.494,179.822,-18.73,20.57,147.70,-17.70,-8.33,173.75,53.769,54.027,-32.0600,0.9194,303.94,588.91,-32.3076,2.0623,,,0.21255,0
54.3615,19,19,4,3,351.75,700.20,dwell,268.22,522.19,196.63,0,178.765,8.546,179.831,-18.76,20.35,147.58,-17.86,-7.85,173.91,53.854,53.869,-30.4514,-1.1131,268.22,522.19,-31.4723,0.6334,,,0.22909,0
54.4651,19,19,4,3,351.75,700.20,dwell,346.53,694.55,7.69,1,178.758,8.630,179.825,-18.69,20.32,147.48,-17.82,-8.35,173.93,53.628,54.200,-36.8634,3.5847,346.53,694.55,-33.8983,1.9615,,,0.21282,0
54.5704,19,19,4,3,351.75,700.20,dwell,392.55,618.71,91.13,0,178.814,8.660,179.842,-18.71,20.30,147.62,-18.48,-7.89,174.01,53.831,53.878,-34.4858,5.1127,392.55,618.71,-34.1627,3.3795,,,0.21722,0
54.6818,19,19,4,3,351.75,700.20,dwell,374.90,685.64,27.35,1,178.751,8.709,179.817,-18.62,20.46,147.58,-18.46,-8.18,173.44,53.870,53.814,-36.9429,4.5266,374.90,685.64,-35.4138,3.8957,,,0.20416,0
54.7693,19,19,4,3,351.75,700.20,dwell,379.51,588.98,114.63,0,178.645,8.718,179.800,-18.63,20.60,147.51,-18.59,-7.61,174.21,53.662,53.963,-32.1733,4.8104,379.51,588.98,-33.9556,4.3073,,,0.20411,0
54.8738,19,19,4,3,351.75,700.20,dwell,392.94,646.92,67.35,1,178.706,8.670,179.803,-18.57,20.56,147.33,-18.51,-7.99,173.61,53.732,53.742,-34.3602,5.4373,392.94,646.92,-34.1376,4.8158,,,0.24038,0
54.9760,19,19,4,3,351.75,700.20,capture,429.37,687.10,78.72,0,178.726,8.712,179.826,-18.49,20.60,147.22,-18.43,-7.96,173.79,53.762,53.562,-36.6736,6.6043,429.37,687.10,-35.2788,5.6206,,,0.21486,0
55.0801,19,19,4,3,351.75,700.20,capture,426.65,699.11,74.91,0,178.661,8.811,179.812,-18.38,20.62,147.46,-17.82,-7.80,173.53,53.585,53.590,-37.8974,7.9042,426.65,699.11,-36.4572,6.6483,,,0.19298,0
55.1845,19,19,4,3,351.75,700.20,capture,433.34,689.52,82.29,0,178.852,8.721,179.782,-18.32,20.71,147.69,-17.46,-8.74,174.05,53.329,53.941,-36.6443,7.4298,433.34,689.52,-36.5414,7.0000,,,0.20757,0
55.2954,19,19,4,3,351.75,700.20,capture,427.07,659.84,85.45,0,178.832,8.666,179.787,-18.35,20.58,147.77,-17.94,-7.55,174.79,53.607,53.768,-34.4244,7.1531,427.07,659.84,-35.5887,7.0689,,,0.21289,0
55.3815,19,19,4,3,351.75,700.20,capture,412.32,657.97,73.84,0,178.795,8.738,179.805,-18.39,20.55,148.09,-17.96,-7.34,174.25,53.382,53.593,-35.0148,6.1128,412.32,657.97,-35.3304,6.6387,,,0.19082,0
55.4994,19,19,4,3,351.75,700.20,capture,422.10,691.89,70.84,0,178.800,8.509,179.822,-18.44,20.50,148.04,-18.04,-7.67,174.25,53.164,53.328,-36.5148,6.4246,422.10,691.89,-35.8634,6.5423,,,0.18915,0
55.6083,19,19,4,3,351.75,700.20,capture,433.93,663.55,89.98,0,178.747,8.427,179.809,-18.36,20.45,148.21,-17.40,-8.15,175.00,53.394,53.589,-36.1528,7.4173,433.93,663.55,-35.9936,6.9361,,,0.22477,0
55.7148,19,19,4,3,351.75,700.20,capture,400.34,676.77,53.94,1,178.855,8.313,179.803,-18.37,20.54,148.14,-17.77,-7.33,174.66,53.244,53.662,-36.7948,5.4386,400.34,676.77,-36.3541,6.2622,,,0.18145,0
55.8204,19,19,4,3,351.75,700.20,capture,396.39,662.27,58.58,1,178.831,8.428,179.783,-18.31,20.33,148.31,-18.46,-7.60,174.60,53.302,53.590,-35.3374,6.0568,396.39,662.27,-35.8966,6.1698,,,0.18849,0
55.9378,19,19,4,3,351.75,700.20,capture,405.19,650.17,73.20,0,178.775,8.471,179.784,-18.39,20.59,148.13,-17.85,-7.97,174.83,53.722,53.309,-34.6446,6.9785,405.19,650.17,-35.3332,6.5337,,,0.23525,0
56.0436,19,19,4,3,351.75,700.20,capture,415.92,699.42,64.17,0,178.727,8.422,179.797,-18.47,20.66,148.22,-18.10,-8.31,174.89,53.716,53.391,-37.0868,7.2775,415.92,699.42,-36.1223,6.8684,,,0.20391,0
56.1504,19,19,4,3,351.75,700.20,capture,418.14,650.15,83.14,0,178.857,8.530,179.783,-18.48,20.74,148.37,-17.81,-7.72,175.63,53.564,53.715,-34.0574,6.7071,418.14,650.15,-35.1931,6.7958,,,0.22164,0
56.2553,19,19,4,3,351.75,700.20,capture,412.08,684.82,62.26,0,178.820,8.480,179.814,-18.34,20.83,147.95,-17.97,-7.56,174.00,53.901,54.068,-35.9894,6.2110,412.08,684.82,-35.5514,6.5327,,,0.21396,0
56.3492,19,19,4,3,351.75,700.20,capture,415.32,673.76,68.85,0,178.830,8.510,179.833,-18.35,20.67,148.00,-17.38,-8.28,174.71,53.888,54.131,-36.6192,6.8356,415.32,673.76,-36.0319,6.6690,,,0.18364,0
56.4553,19,19,4,3,351.75,700.20,capture,425.52,680.54,76.34,0,178.828,8.722,179.845,-18.23,20.84,147.97,-17.38,-7.32,174.51,53.770,54.081,-36.4024,6.6280,425.52,680.54,-36.1986,6.6505,,,0.19864,0
56.5579,19,19,4,3,351.75,700.20,capture,424.55,664.74,80.98,0,178.842,8.746,179.867,-18.05,20.77,147.98,-18.15,-7.13,174.74,53.940,54.303,-35.4725,6.8487,424.55,664.74,-35.8718,6.7397,,,0.23193,0
56.6517,19,19,4,3,351.75,700.20,capture,417.26,671.53,71.51,0,178.955,8.690,179.838,-18.16,20.79,148.03,-17.04,-7.38,174.74,54.112,54.809,-35.6381,6.1305,417.26,671.53,-35.7666,6.4655,,,0.22524,0
56.7560,19,19,4,3,351.75,700.20,capture,422.62,678.61,74.09,0,178.870,8.743,179.831,-18.13,20.74,148.23,-18.17,-7.76,174.68,54.124,54.884,-35.9407,7.3750,422.62,678.61,-35.8450,6.8748,,,0.22270,0
56.8616,19,19,4,3,351.75,700.20,capture,414.88,666.74,71.45,0,178.866,8.762,179.828,-18.23,20.58,148.20,-18.37,-7.42,174.63,53.842,54.824,-36.6140,6.1917,414.88,666.74,-36.1910,6.5674,,,0.21457,0
56.9655,19,19,4,3,351.75,700.20,capture,406.62,666.91,64.18,0,178.886,8.847,179.835,-18.08,20.52,148.28,-17.78,-8.28,174.64,53.843,54.315,-35.8920,5.5541,406.62,666.91,-36.0565,6.1114,,,0.20903,0
57.1885,20,5,1,1,150.75,233.40,dwell,410.37,573.50,427.87,0,178.867,8.664,179.834,-18.01,20.72,148.05,-17.37,-7.83,174.07,53.777,54.330,-31.8847,6.1956,410.37,573.50,-31.8847,6.1956,,,0.22392,0
57.2971,20,5,1,1,150.75,233.40,dwell,354.15,522.49,353.48,0,178.931,8.690,179.795,-18.00,20.74,147.73,-17.35,-6.98,174.40,53.939,54.563,-30.4689,3.8730,354.15,522.49,-31.2476,5.1505,,,0.21618,0
57.3791,20,5,1,1,150.75,233.40,dwell,351.35,510.25,341.89,0,178.961,8.579,179.751,-18.14,20.62,147.42,-17.50,-7.71,173.62,53.819,54.329,-30.3380,3.3524,351.35,510.25,-30.8383,4.3413,,,0.22806,0
57.4897,20,5,1,1,150.75,233.40,dwell,252.96,468.04,255.94,0,178.941,8.562,179.753,-18.19,20.69,147.36,-17.91,-7.54,173.96,53.965,54.393,-27.9504,-1.3334,252.96,468.04,-29.5387,1.7877,,,0.21226,0
57.6146,20,5,1,1,150.75,233.40,dwell,247.41,414.40,205.19,0,178.917,8.457,179.779,-18.17,20.89,147.43,-17.50,-7.88,173.96,53.868,54.494,-26.1711,-1.8129,247.41,414.40,-28.0233,0.1674,,,0.19483,0
57.7264,20,5,1,1,150.75,233.40,dwell,271.55,303.22,139.53,0,178.827,8.267,179.812,-18.11,21.13,147.32,-17.79,-6.65,173.82,53.769,54.733,-21.4247,0.3327,271.55,303.22,-25.0539,0.2418,,,0.19897,0
57.8280,20,5,1,1,150.75,233.40,dwell,194.33,300.18,79.74,1,178.839,8.203,179.778,-18.09,21.10,147.33,-17.91,-7.77,173.59,53.499,54.374,-21.1044,-3.3454,194.33,300.18,-23.2767,-1.3725,,,0.20551,0
57.9320,20,5,1,1,150.75,233.40,dwell,228.54,214.38,80.08,0,178.995,8.282,179.774,-18.20,21.04,147.27,-17.89,-7.64,173.20,53.314,55.095,-18.4978,-2.5313,228.54,214.38,-21.1262,-1.8939,,,0.16619,0
58.0210,20,5,1,1,150.75,233.40,capture,203.73,236.79,53.09,0,178.932,8.325,179.757,-18.25,20.87,147.26,-17.84,-7.37,173.84,53.447,54.892,-18.9147,-3.6852,203.73,236.79,-20.1310,-2.7000,,,0.21033,0
58.1167,20,5,1,1,150.75,233.40,capture,192.37,244.60,43.10,1,178.939,8.390,179.796,-18.23,20.92,147.25,-17.63,-7.17,173.08,53.211,54.885,-19.5114,-3.8805,192.37,244.60,-19.8522,-3.2313,,,0.20571,0
58.1987,20,5,1,1,150.75,233.40,capture,168.93,249.01,23.96,1,178.969,8.280,179.790,-18.18,20.85,147.30,-17.72,-7.23,173.32,53.189,54.576,-19.2683,-5.7587,168.93,249.01,-19.5894,-4.3686,,,0.21274,0
58.3011,20,5,1,1,150.75,233.40,capture,165.90,226.24,16.76,1,178.893,8.399,179.786,-18.13,20.80,147.30,-17.22,-7.37,173.34,53.147,54.433,-18.9254,-5.2371,165.90,226.24,-19.2906,-4.7594,,,0.20056,0
58.4000,20,5,1,1,150.75,233.40,capture,147.45,219.95,13.85,1,178.931,8.351,179.770,-18.02,20.77,147.28,-17.46,-7.73,173.55,53.313,54.148,-18.4462,-6.3046,147.45,219.95,-18.9106,-5.4548,,,0.19835,0
58.4820,20,5,1,1,150.75,233.40,capture,189.77,224.27,40.07,1,178.909,8.341,179.774,-17.99,20.85,147.09,-17.22,-7.87,173.22,53.471,53.626,-18.4299,-3.5734,189.77,224.27,-18.6943,-4.6082,,,0.20956,0
58.5876,20,5,1,1,150.75,233.40,capture,198.82,234.82,48.09,1,178.971,8.229,179.757,-18.07,21.04,147.43,-17.55,-7.70,173.86,53.447,53.611,-19.4650,-3.5179,198.82,234.82,-19.0411,-4.1175,,,0.22037,0
58.6962,20,5,1,1,150.75,233.40,capture,203.87,229.25,53.28,0,178.943,8.073,179.770,-18.07,20.91,147.36,-17.95,-7.99,173.19,53.570,53.476,-18.8255,-3.7174,203.87,229.25,-18.9441,-3.9375,,,0.20342,0
58.7982,20,5,1,1,150.75,233.40,capture,193.90,220.09,45.16,1,178.942,8.032,179.777,-18.14,20.95,147.23,-17.88,-7.52,173.19,53.224,53.721,-19.3538,-3.5009,193.90,220.09,-19.1285,-3.7410,,,0.19930,0
58.8993,20,5,1,1,150.75,233.40,capture,202.88,242.11,52.85,0,178.887,7.862,179.774,-18.19,20.95,147.59,-18.29,-7.71,174.18,53.440,53.978,-19.1855,-3.3563,202.88,242.11,-19.1541,-3.5679,,,0.21181,0
58.9933,20,5,1,1,150.75,233.40,capture,207.19,214.32,59.58,0,178.949,7.981,179.775,-18.27,20.76,147.49,-17.50,-7.69,173.96,53.451,54.213,-18.5209,-3.2538,207.19,214.32,-18.8692,-3.4265,,,0.22196,0
59.0904,20,5,1,1,150.75,233.40,capture,170.99,221.28,23.59,1,178.913,7.941,179.775,-18.23,20.85,147.17,-18.25,-8.29,173.04,53.431,54.417,-18.6109,-4.8707,170.99,221.28,-18.7530,-4.0764,,,0.20306,0
59.1925,20,5,1,1,150.75,233.40,capture,194.76,234.73,44.03,1,178.974,8.143,179.793,-18.17,21.01,146.92,-18.25,-7.13,173.25,53.656,54.155,-18.8318,-3.0237,194.76,234.73,-18.7884,-3.6027,,,0.22080,0
59.3014,20,5,1,1,150.75,233.40,capture,181.28,217.49,34.43,1,178.984,8.023,179.809,-18.16,20.89,147.09,-17.76,-8.63,173.06,53.725,54.345,-18.8657,-4.4108,181.28,217.49,-18.8232,-3.9664,,,0.19704,0
59.3880,20,5,1,1,150.75,233.40,capture,186.62,227.99,36.28,1,178.862,7.867,179.829,-18.32,20.82,147.09,-18.02,-8.18,173.49,53.737,54.203,-18.0709,-3.4581,186.62,227.99,-18.4847,-3.7376,,,0.20719,0
59.4930,20,5,1,1,150.75,233.40,capture,209.48,222.60,59.71,0,178.775,7.884,179.841,-18.34,20.72,147.13,-17.78,-8.32,173.25,53.782,53.929,-18.7543,-3.1356,209.48,222.60,-18.6060,-3.4667,,,0.20561,0
59.5884,20,5,1,1,150.75,233.40,capture,200.69,221.43,51.35,1,178.950,7.911,179.814,-18.28,20.83,147.04,-18.23,-7.61,172.73,53.882,54.185,-18.7729,-3.5646,200.69,221.43,-18.6811,-3.5108,,,0.22577,0
59.7081,20,5,1,1,150.75,233.40,capture,193.52,199.37,54.66,1,179.015,7.843,179.796,-18.34,20.66,147.17,-18.07,-7.39,173.69,53.212,54.168,-17.3264,-3.8168,193.52,199.37,-18.0715,-3.6485,,,0.21446,0
59.8268,20,5,1,1,150.75,233.40,capture,202.69,222.21,53.13,0,179.013,7.869,179.774,-18.42,20.66,147.27,-18.04,-8.16,173.24,53.764,54.341,-18.8053,-3.1513,202.69,222.21,-18.4017,-3.4247,,,0.19599,0
59.9259,20,5,1,1,150.75,233.40,capture,204.37,234.86,53.64,0,178.951,7.815,179.763,-18.50,20.73,147.18,-17.30,-7.48,173.51,53.938,54.719,-18.6763,-3.8581,204.37,234.86,-18.5253,-3.6197,,,0.22389,0
