t_s,trial,cell_idx,row,col,target_x,target_y,phase,pred_x,pred_y,err_pt,in_cell,head_yaw_deg,head_pitch_deg,head_roll_deg,head_tx_mm,head_ty_mm,head_tz_mm,eye_cam_x_mm,eye_cam_y_mm,eye_cam_z_mm,pupil_left_px,pupil_right_px,raw_pitch_deg,raw_yaw_deg,raw_pred_x,raw_pred_y,filt_pitch_deg,filt_yaw_deg,filt_pred_x,filt_pred_y,ear,blink_held
0.0231,1,13,3,1,150.75,453.83,dwell,135.07,373.55,81.80,0,178.895,7.842,179.766,-18.62,20.34,147.06,-17.97,-7.48,173.60,52.678,53.379,-25.0075,-6.1340,135.07,373.55,-25.0075,-6.1340,,,0.18885,0
0.1231,1,13,3,1,150.75,453.83,dwell,224.03,316.55,155.62,0,179.028,7.936,179.739,-18.55,20.52,147.14,-18.68,-8.14,172.93,52.707,53.723,-22.5802,-2.0669,224.03,316.55,-23.9152,-4.3038,,,0.18120,0
0.2160,1,13,3,1,150.75,453.83,dwell,222.12,345.93,129.37,0,179.091,8.076,179.768,-18.50,20.37,147.07,-18.20,-8.27,172.80,52.678,53.783,-22.9457,-2.7455,222.12,345.93,-23.4789,-3.6026,,,0.17154,0
0.3100,1,13,3,1,150.75,453.83,dwell,152.13,363.23,90.61,0,178.923,8.061,179.778,-18.54,20.58,146.92,-18.18,-7.76,173.24,53.061,53.988,-24.1886,-6.3280,152.13,363.23,-23.7983,-4.8290,,,0.19639,0
0.4018,1,13,3,1,150.75,453.83,dwell,204.12,400.82,75.22,0,178.805,8.100,179.781,-18.57,20.58,146.77,-18.02,-7.92,172.39,53.633,53.948,-25.3218,-3.5968,204.12,400.82,-24.4839,-4.2745,,,0.19676,0
0.5027,1,13,3,1,150.75,453.83,dwell,169.30,321.08,134.04,0,178.904,8.222,179.780,-18.52,20.69,146.54,-18.01,-8.08,172.30,53.298,53.931,-22.3446,-4.6046,169.30,321.08,-23.5212,-4.4231,,,0.20004,0
0.5900,1,13,3,1,150.75,453.83,dwell,175.19,292.83,162.85,0,178.946,8.182,179.812,-18.49,20.70,146.56,-17.64,-8.26,172.14,53.643,54.159,-21.8191,-4.9297,175.19,292.83,-22.7553,-4.6511,,,0.22351,0
0.6747,1,13,3,1,150.75,453.83,dwell,101.51,360.63,105.41,0,178.958,8.362,179.811,-18.43,20.50,146.55,-17.83,-7.86,172.74,53.882,54.436,-24.2317,-7.7340,101.51,360.63,-23.4197,-6.0384,,,0.22065,0
0.7900,1,13,3,1,150.75,453.83,dwell,159.85,307.04,147.08,0,178.876,8.379,179.803,-18.30,20.56,146.68,-17.50,-7.99,172.35,54.087,54.466,-20.7300,-5.6531,159.85,307.04,-22.2093,-5.8650,,,0.22167,0
0.8725,1,13,3,1,150.75,453.83,dwell,120.45,283.78,172.73,0,178.914,8.192,179.794,-18.21,20.72,146.76,-17.68,-8.62,173.35,54.172,54.509,-21.7905,-7.0332,120.45,283.78,-22.0209,-6.3907,,,0.23384,0
0.9545,1,13,3,1,150.75,453.83,dwell,115.79,306.89,151.04,0,178.848,8.204,179.817,-18.16,20.73,146.54,-18.09,-7.84,172.37,54.210,55.256,-22.4349,-6.5277,115.79,306.89,-22.2072,-6.4523,,,0.21880,0
1.0531,1,13,3,1,150.75,453.83,capture,90.13,358.50,112.97,0,178.819,8.322,179.815,-18.31,20.68,146.50,-17.66,-7.67,172.16,54.151,54.778,-24.1988,-9.1475,90.13,358.50,-23.1034,-7.6652,,,0.21965,0
1.1535,1,13,3,1,150.75,453.83,capture,109.83,336.83,123.95,0,178.792,8.463,179.779,-18.31,20.61,146.76,-17.72,-7.93,172.92,54.075,54.645,-22.8165,-7.6954,109.83,336.83,-22.9743,-7.6788,,,0.24514,0
1.2397,1,13,3,1,150.75,453.83,capture,114.77,283.32,174.27,0,178.858,8.430,179.779,-18.29,20.76,146.56,-17.84,-8.17,172.63,54.371,54.356,-20.8398,-7.3931,114.77,283.32,-22.0138,-7.5502,,,0.21757,0
1.3367,1,13,3,1,150.75,453.83,capture,90.38,325.59,141.74,0,178.808,8.381,179.786,-18.27,20.62,146.72,-17.67,-7.66,172.85,54.338,53.933,-22.9193,-8.1882,90.38,325.59,-22.4213,-7.8373,,,0.23508,0
1.4187,1,13,3,1,150.75,453.83,capture,117.30,352.90,106.33,0,178.637,8.443,179.781,-18.29,20.66,146.70,-18.06,-7.03,173.34,53.906,54.035,-23.3850,-7.3627,117.30,352.90,-22.8549,-7.6237,,,0.20752,0
1.5143,1,13,3,1,150.75,453.83,capture,101.15,360.83,105.40,0,178.758,8.420,179.812,-18.26,20.57,146.90,-17.81,-7.15,173.19,53.532,53.921,-24.0849,-7.7427,101.15,360.83,-23.4084,-7.6773,,,0.22416,0
1.6147,1,13,3,1,150.75,453.83,capture,96.97,365.38,103.52,0,178.858,8.441,179.815,-18.24,20.66,146.99,-17.45,-7.09,172.77,53.516,53.893,-24.1022,-8.3393,96.97,365.38,-23.7206,-7.9752,,,0.22775,0
1.7023,1,13,3,1,150.75,453.83,capture,111.52,314.36,144.89,0,178.844,8.418,179.814,-18.24,20.64,146.99,-17.15,-8.21,172.93,53.951,53.636,-21.0008,-8.5176,111.52,314.36,-22.4967,-8.2193,,,0.24245,0
1.7972,1,13,3,1,150.75,453.83,capture,124.92,320.55,135.76,0,178.868,8.386,179.826,-18.23,20.59,147.14,-17.63,-7.60,173.71,54.142,53.879,-22.3287,-7.1173,124.92,320.55,-22.4211,-7.7234,,,0.21207,0
1.8880,1,13,3,1,150.75,453.83,capture,109.55,325.21,135.06,0,178.836,8.544,179.822,-18.24,20.55,147.09,-18.02,-7.25,173.36,54.321,53.960,-23.8048,-7.2488,109.55,325.21,-23.0438,-7.5098,,,0.22713,0
1.9713,1,13,3,1,150.75,453.83,capture,124.44,326.58,129.94,0,178.950,8.440,179.788,-18.26,20.77,147.06,-18.55,-7.85,173.49,53.967,53.829,-22.4309,-7.2684,124.44,326.58,-22.7680,-7.4012,,,0.21284,0
2.0549,1,13,3,1,150.75,453.83,capture,109.21,320.82,139.35,0,179.011,8.373,179.821,-18.38,20.92,147.27,-17.73,-7.22,173.33,53.749,54.020,-22.5343,-8.2018,109.21,320.82,-22.6628,-7.7615,,,0.22106,0
2.1551,1,13,3,1,150.75,453.83,capture,118.16,317.58,140.10,0,178.983,8.329,179.799,-18.26,20.65,147.19,-17.52,-8.31,173.50,53.552,54.156,-22.7080,-8.0592,118.16,317.58,-22.6831,-7.8954,,,0.19303,0
2.2432,1,13,3,1,150.75,453.83,capture,110.12,340.49,120.41,0,178.979,8.227,179.823,-18.41,20.75,147.46,-18.34,-8.18,173.99,54.024,54.174,-22.2038,-7.7714,110.12,340.49,-22.4674,-7.8396,,,0.22581,0
2.3529,1,13,3,1,150.75,453.83,capture,127.15,335.63,120.54,0,179.075,8.255,179.859,-18.39,20.83,147.44,-18.14,-7.71,173.62,54.328,53.995,-23.0316,-7.5230,127.15,335.63,-22.7213,-7.6971,,,0.22944,0
2.4552,1,13,3,1,150.75,453.83,capture,115.19,338.09,121.08,0,179.061,8.146,179.842,-18.38,20.63,147.34,-18.27,-7.53,173.46,54.539,54.140,-22.7505,-7.5795,115.19,338.09,-22.7344,-7.6442,,,0.25018,0
2.5480,1,13,3,1,150.75,453.83,capture,125.36,335.84,120.69,0,178.894,8.088,179.855,-18.32,20.70,147.38,-17.23,-7.51,173.88,54.034,53.926,-23.6420,-7.1440,125.36,335.84,-23.1428,-7.4191,,,0.21573,0
2.6733,1,13,3,1,150.75,453.83,capture,96.15,313.94,150.17,0,178.882,7.979,179.854,-18.25,20.61,147.49,-17.91,-7.92,174.00,53.971,53.551,-22.3867,-7.5849,96.15,313.94,-22.8026,-7.4937,,,0.23717,0
2.7803,1,13,3,1,150.75,453.83,capture,82.57,328.64,142.55,0,178.854,8.091,179.862,-18.29,20.50,147.42,-18.04,-7.70,174.18,54.085,53.453,-21.9296,-8.8014,82.57,328.64,-22.4097,-8.0822,,,0.22468,0
2.8832,1,13,3,1,150.75,453.83,capture,81.73,320.31,150.31,0,178.899,8.195,179.838,-18.18,20.62,147.58,-17.58,-8.00,174.13,54.475,53.620,-21.2974,-8.4446,81.73,320.31,-21.9092,-8.2453,,,0.24792,0
3.0453,2,8,2,0,50.25,324.17,dwell,167.53,382.62,131.04,0,178.811,8.091,179.866,-18.25,20.70,147.46,-17.37,-7.68,173.72,54.453,54.091,-24.4749,-5.2293,167.53,382.62,-24.4749,-5.2293,,,0.24218,0
3.1348,2,8,2,0,50.25,324.17,dwell,19.13,325.21,31.14,1,178.720,8.181,179.861,-18.36,20.71,147.61,-17.78,-8.12,174.26,54.209,54.153,-22.8114,-12.3187,19.13,325.21,-23.7263,-8.4195,,,0.25586,0
3.2227,2,8,2,0,50.25,324.17,dwell,6.10,209.47,122.90,0,178.726,8.283,179.819,-18.39,20.69,147.63,-18.17,-8.09,174.31,54.264,54.066,-17.1910,-12.8742,6.10,209.47,-20.7854,-10.4241,,,0.22569,0
3.3376,2,8,2,0,50.25,324.17,dwell,-5.83,256.11,88.19,0,178.798,8.280,179.852,-18.50,20.82,147.41,-18.36,-8.37,174.20,54.394,54.260,-20.2503,-13.1747,-5.83,256.11,-20.5446,-11.6619,,,0.23202,0
3.4420,2,8,2,0,50.25,324.17,dwell,75.89,207.43,119.52,0,178.854,8.193,179.880,-18.53,20.87,147.21,-18.28,-7.77,173.35,54.030,53.836,-18.5319,-9.4743,75.89,207.43,-19.6389,-10.6775,,,0.24179,0
3.5388,2,8,2,0,50.25,324.17,dwell,5.86,208.21,124.16,0,178.960,8.180,179.867,-18.53,21.15,147.12,-18.62,-7.45,173.05,53.805,53.743,-17.6239,-12.6632,5.86,208.21,-18.7322,-11.5710,,,0.20413,0
3.6279,2,8,2,0,50.25,324.17,dwell,-4.53,137.23,194.80,0,178.933,8.153,179.862,-18.42,21.19,146.96,-17.75,-7.88,173.24,53.919,54.198,-14.4927,-12.6539,-4.53,137.23,-16.8244,-12.0583,,,0.22433,0
3.7336,2,8,2,0,50.25,324.17,dwell,20.51,128.58,197.83,0,179.028,8.054,179.863,-18.48,20.99,147.07,-18.05,-8.15,172.55,53.853,54.402,-14.1899,-11.2290,20.51,128.58,-15.6389,-11.6851,,,0.21347,0
3.8502,2,8,2,0,50.25,324.17,dwell,20.89,181.02,146.13,0,178.985,8.048,179.865,-18.60,20.85,146.98,-18.74,-7.55,172.91,53.712,54.423,-16.5688,-11.7103,20.89,181.02,-16.0573,-11.6965,,,0.21232,0
3.9506,2,8,2,0,50.25,324.17,dwell,-29.49,120.01,219.18,0,179.001,8.156,179.870,-18.70,20.62,146.97,-18.10,-8.11,173.10,53.765,54.083,-14.1814,-14.3711,-29.49,120.01,-15.2132,-12.9000,,,0.19260,0
4.0398,2,8,2,0,50.25,324.17,capture,25.72,131.33,194.39,0,179.046,8.151,179.861,-18.70,20.71,147.02,-18.60,-8.06,173.15,53.658,53.814,-16.0259,-11.3314,25.72,131.33,-15.5789,-12.1942,,,0.22155,0
4.1218,2,8,2,0,50.25,324.17,capture,13.51,66.94,259.84,0,178.974,8.155,179.816,-18.69,20.77,147.09,-18.01,-7.07,172.91,53.468,53.971,-12.9487,-13.5120,13.51,66.94,-14.3953,-12.7872,,,0.20052,0
4.2253,2,8,2,0,50.25,324.17,capture,6.54,129.40,199.61,0,178.948,8.043,179.820,-18.63,20.63,147.37,-18.44,-8.39,173.36,53.531,54.331,-14.8179,-12.4553,6.54,129.40,-14.5854,-12.6378,,,0.19992,0
4.3412,2,8,2,0,50.25,324.17,capture,13.00,81.83,245.18,0,178.869,8.139,179.829,-18.59,20.65,147.67,-18.15,-7.76,174.06,53.282,54.351,-12.1335,-11.9363,13.00,81.83,-13.4821,-12.3221,,,0.20014,0
4.4274,2,8,2,0,50.25,324.17,capture,1.61,100.64,228.76,0,178.891,8.174,179.790,-18.44,20.82,147.68,-17.80,-8.17,174.23,53.487,54.212,-14.2251,-12.4190,1.61,100.64,-13.8164,-12.3657,,,0.20384,0
4.5478,2,8,2,0,50.25,324.17,capture,35.71,107.14,217.51,0,178.860,8.142,179.824,-18.39,20.91,147.60,-17.83,-7.48,174.39,53.589,53.982,-15.0248,-10.7933,35.71,107.14,-14.3602,-11.6581,,,0.18068,0
4.6487,2,8,2,0,50.25,324.17,capture,-8.81,107.79,224.29,0,178.836,8.175,179.806,-18.46,21.08,147.53,-17.98,-7.74,174.13,53.913,53.744,-13.3514,-14.0264,-8.81,107.79,-13.9062,-12.7238,,,0.22275,0
4.7459,2,8,2,0,50.25,324.17,capture,4.77,114.35,214.69,0,178.847,8.080,179.819,-18.32,21.17,147.61,-17.83,-6.91,174.33,53.939,53.815,-14.5243,-12.1633,4.77,114.35,-14.1844,-12.4716,,,0.21191,0
4.8442,2,8,2,0,50.25,324.17,capture,7.36,112.26,216.20,0,178.743,8.163,179.787,-18.28,21.33,147.66,-17.96,-7.62,173.81,54.147,53.703,-15.3739,-12.2154,7.36,112.26,-14.7197,-12.3563,,,0.21974,0
4.9497,2,8,2,0,50.25,324.17,capture,17.74,105.95,220.63,0,178.844,8.061,179.814,-18.22,21.26,147.42,-17.42,-7.28,173.67,54.247,53.712,-13.3600,-12.3776,17.74,105.95,-14.1078,-12.3659,,,0.27518,0
5.0378,2,8,2,0,50.25,324.17,capture,7.87,115.20,213.22,0,178.801,8.154,179.804,-18.22,21.27,147.29,-17.49,-7.68,173.41,53.979,53.444,-15.0987,-11.5878,7.87,115.20,-14.5537,-12.0158,,,0.24055,0
5.1493,2,8,2,0,50.25,324.17,capture,-3.70,100.49,230.09,0,178.891,8.204,179.817,-18.23,20.94,147.30,-18.04,-7.80,173.11,53.658,53.305,-14.0651,-12.3964,-3.70,100.49,-14.3338,-12.1871,,,0.21577,0
5.2389,2,8,2,0,50.25,324.17,capture,-2.63,115.55,215.21,0,178.822,8.043,179.821,-18.33,20.81,147.20,-17.69,-7.72,173.39,53.701,53.707,-14.2137,-12.9849,-2.63,115.55,-14.2798,-12.5461,,,0.18868,0
5.3367,2,8,2,0,50.25,324.17,capture,1.45,106.43,223.14,0,178.916,8.062,179.852,-18.36,20.82,147.35,-17.77,-7.18,173.53,53.355,54.041,-14.7794,-12.9559,1.45,106.43,-14.5046,-12.7305,,,0.21267,0
5.4281,2,8,2,0,50.25,324.17,capture,29.45,121.11,204.12,0,178.997,8.098,179.844,-18.33,20.69,147.32,-17.87,-7.77,174.28,53.479,54.288,-14.3679,-11.8148,29.45,121.11,-14.4431,-12.3184,,,0.19236,0
5.5257,2,8,2,0,50.25,324.17,capture,1.61,90.53,238.65,0,178.957,8.131,179.836,-18.27,20.69,147.40,-17.80,-7.33,173.58,53.136,54.607,-12.8238,-13.0866,1.61,90.53,-13.7144,-12.6641,,,0.19166,0
5.6168,2,8,2,0,50.25,324.17,capture,7.35,102.40,225.88,0,178.968,8.037,179.808,-18.26,20.68,147.45,-17.91,-7.87,173.84,53.159,54.712,-13.3102,-12.3098,7.35,102.40,-13.5325,-12.5046,,,0.19952,0
5.7227,2,8,2,0,50.25,324.17,capture,16.38,119.23,207.72,0,179.050,7.877,179.801,-18.25,20.68,147.66,-17.61,-8.14,173.28,53.257,54.947,-14.3495,-12.2909,16.38,119.23,-13.9002,-12.4085,,,0.20236,0
5.8089,2,8,2,0,50.25,324.17,capture,0.23,134.44,196.21,0,178.969,7.844,179.803,-18.23,20.64,147.76,-17.65,-8.59,173.96,53.164,54.674,-15.1897,-13.4296,0.23,134.44,-14.4804,-12.8680,,,0.20112,0
5.9900,3,14,3,2,251.25,453.83,dwell,28.74,-33.79,535.99,0,178.947,7.973,179.828,-18.25,20.62,147.76,-17.63,-7.59,174.29,53.574,54.944,-8.0388,-11.8153,28.74,-33.79,-8.0388,-11.8153,,,0.20494,0
6.0865,3,14,3,2,251.25,453.83,dwell,151.16,210.01,263.57,0,178.855,8.143,179.848,-18.30,20.67,147.74,-18.17,-7.76,173.76,53.442,54.960,-18.1698,-6.1243,151.16,210.01,-12.5977,-9.2544,,,0.20289,0
6.1972,3,14,3,2,251.25,453.83,dwell,108.62,396.10,153.87,0,178.842,8.129,179.826,-18.32,20.59,147.73,-17.62,-7.73,173.87,53.472,55.133,-25.0768,-7.6222,108.62,396.10,-18.2133,-8.5199,,,0.20847,0
6.2884,3,14,3,2,251.25,453.83,dwell,117.04,402.38,143.74,0,178.853,8.169,179.815,-18.16,20.49,147.60,-17.70,-7.94,174.11,53.154,54.739,-26.0276,-7.5425,117.04,402.38,-21.7297,-8.0801,,,0.21050,0
6.4170,3,14,3,2,251.25,453.83,dwell,153.42,353.76,139.95,0,178.800,8.221,179.790,-17.97,20.42,147.69,-17.46,-8.76,174.09,53.232,54.392,-23.7938,-5.8319,153.42,353.76,-22.6585,-7.0684,,,0.20076,0
6.5137,3,14,3,2,251.25,453.83,dwell,232.58,476.24,29.17,1,178.757,8.269,179.771,-18.05,20.36,147.69,-18.33,-8.34,173.85,53.315,54.507,-28.5259,-2.1299,232.58,476.24,-25.2988,-4.8461,,,0.18060,0
6.5957,3,14,3,2,251.25,453.83,dwell,243.53,514.07,60.73,1,178.784,8.263,179.765,-17.97,20.39,147.58,-17.74,-8.19,173.84,53.315,53.903,-29.9468,-1.5261,243.53,514.07,-27.3904,-3.3521,,,0.21199,0
6.7036,3,14,3,2,251.25,453.83,dwell,237.56,526.19,73.64,0,178.818,8.132,179.732,-18.08,20.50,147.57,-18.07,-8.00,173.79,53.296,53.501,-30.7011,-2.0599,237.56,526.19,-28.8802,-2.7706,,,0.20210,0
6.7969,3,14,3,2,251.25,453.83,capture,279.06,540.45,90.97,0,178.921,8.126,179.756,-18.01,20.48,147.65,-17.49,-7.97,173.89,53.572,53.828,-31.0946,0.2719,279.06,540.45,-29.8767,-1.4015,,,0.21212,0
6.9015,3,14,3,2,251.25,453.83,capture,286.88,599.95,150.40,0,178.848,8.062,179.781,-17.98,20.51,147.51,-17.36,-8.27,173.35,53.800,53.531,-33.5570,0.3918,286.88,599.95,-31.5328,-0.5945,,,0.20357,0
7.0124,3,14,3,2,251.25,453.83,capture,271.86,577.82,125.69,0,178.752,8.036,179.787,-18.14,20.50,147.52,-18.11,-8.03,173.60,53.848,53.743,-33.0299,-0.5150,271.86,577.82,-32.2065,-0.5587,,,0.22329,0
7.1189,3,14,3,2,251.25,453.83,capture,284.05,597.28,147.15,0,178.780,8.080,179.803,-18.07,20.53,147.52,-17.58,-8.51,173.92,53.496,53.537,-33.8468,-0.2347,284.05,597.28,-32.9446,-0.4129,,,0.21843,0
7.2053,3,14,3,2,251.25,453.83,capture,281.03,583.10,132.65,0,178.754,8.147,179.803,-18.13,20.55,147.61,-17.89,-7.51,173.73,53.406,53.386,-32.8646,-0.0053,281.03,583.10,-32.9086,-0.2295,,,0.20656,0
7.3063,3,14,3,2,251.25,453.83,capture,268.30,564.61,112.08,0,178.848,8.117,179.823,-18.18,20.46,147.61,-18.23,-7.46,173.77,53.557,53.095,-31.5193,-0.2692,268.30,564.61,-32.2834,-0.2473,,,0.22078,0
7.4068,3,14,3,2,251.25,453.83,capture,272.12,590.43,138.18,0,178.880,8.184,179.850,-18.22,20.27,147.39,-17.50,-8.20,173.62,53.515,53.344,-32.4032,-0.7904,272.12,590.43,-32.3373,-0.4917,,,0.22080,0
7.5092,3,14,3,2,251.25,453.83,capture,282.29,557.11,107.84,0,178.830,8.217,179.865,-18.18,20.10,147.35,-18.05,-8.57,173.92,53.821,53.389,-31.0673,0.3906,282.29,557.11,-31.7658,-0.0947,,,0.21635,0
7.6199,3,14,3,2,251.25,453.83,capture,259.38,595.81,142.21,0,178.932,8.226,179.839,-18.22,20.11,147.60,-18.10,-8.61,173.59,53.813,53.538,-33.0361,-0.5289,259.38,595.81,-32.3374,-0.2901,,,0.20069,0
7.7189,3,14,3,2,251.25,453.83,capture,255.91,610.57,156.81,0,178.903,8.350,179.880,-18.20,20.06,147.46,-17.79,-7.67,174.11,53.834,53.938,-32.9646,-1.0087,255.91,610.57,-32.6197,-0.6135,,,0.23633,0
7.8047,3,14,3,2,251.25,453.83,capture,240.12,603.47,150.05,0,178.870,8.433,179.859,-18.25,19.93,147.58,-17.97,-8.74,173.42,53.984,53.872,-33.9458,-1.4946,240.12,603.47,-33.2164,-1.0100,,,0.22747,0
7.9077,3,14,3,2,251.25,453.83,capture,264.51,582.19,129.04,0,178.733,8.370,179.842,-18.37,20.07,147.44,-18.10,-8.87,173.28,54.049,53.644,-33.0819,-0.6428,264.51,582.19,-33.1559,-0.8447,,,0.20832,0
8.0117,3,14,3,2,251.25,453.83,capture,225.92,603.91,152.20,0,178.800,8.261,179.843,-18.30,20.07,147.65,-18.12,-7.95,173.78,54.012,53.969,-33.4970,-2.5967,225.92,603.91,-33.3094,-1.6331,,,0.22725,0
8.1094,3,14,3,2,251.25,453.83,capture,258.63,564.28,110.69,0,178.844,8.179,179.822,-18.34,20.23,147.88,-17.82,-8.03,174.31,54.203,54.349,-31.8342,-0.2240,258.63,564.28,-32.6456,-0.9990,,,0.20677,0
8.2059,3,14,3,2,251.25,453.83,capture,284.69,575.51,126.19,0,178.831,8.085,179.820,-18.49,20.31,147.93,-18.42,-8.11,174.88,53.990,54.380,-31.2258,0.2445,284.69,575.51,-32.0067,-0.4394,,,0.24576,0
8.3256,3,14,3,2,251.25,453.83,capture,279.64,555.36,105.42,0,178.802,7.985,179.823,-18.37,20.23,147.99,-17.65,-7.95,174.47,53.927,54.612,-31.9128,0.0762,279.64,555.36,-31.9644,-0.2074,,,0.21450,0
8.4200,3,14,3,2,251.25,453.83,capture,253.56,602.91,149.09,0,178.871,7.940,179.827,-18.44,20.40,147.85,-18.03,-7.41,173.87,53.859,54.455,-33.4276,-0.8671,253.56,602.91,-32.6229,-0.5042,,,0.22212,0
8.5152,3,14,3,2,251.25,453.83,capture,272.95,574.00,122.11,0,178.859,8.023,179.818,-18.28,20.63,147.91,-17.67,-8.43,174.72,54.029,54.116,-32.8185,-0.4033,272.95,574.00,-32.7109,-0.4588,,,0.22397,0
8.6201,3,14,3,2,251.25,453.83,capture,268.00,585.78,133.01,0,178.742,7.944,179.790,-18.19,20.66,148.06,-18.39,-8.56,174.43,53.846,54.459,-32.4364,-0.7145,268.00,585.78,-32.5874,-0.5739,,,0.22866,0
8.7324,3,14,3,2,251.25,453.83,capture,287.48,568.06,119.83,0,178.764,8.034,179.798,-18.19,20.48,147.71,-17.73,-8.38,173.90,53.895,54.248,-31.7103,-0.1960,287.48,568.06,-32.1927,-0.4038,,,0.25149,0
8.9024,4,5,1,1,150.75,194.50,dwell,262.19,398.11,232.11,0,178.761,8.094,179.757,-18.23,20.56,147.62,-17.81,-7.85,173.86,54.209,54.636,-24.9140,-1.0007,262.19,398.11,-24.9140,-1.0007,,,0.20932,0
8.9989,4,5,1,1,150.75,194.50,dwell,296.06,410.27,260.14,0,178.782,7.971,179.778,-18.29,20.77,147.70,-18.52,-7.43,173.97,53.976,54.686,-26.0087,0.7449,296.06,410.27,-25.4066,-0.2152,,,0.20651,0
9.0938,4,5,1,1,150.75,194.50,dwell,266.01,361.62,203.01,0,178.747,7.869,179.751,-18.27,20.69,147.69,-18.19,-7.70,174.16,54.112,54.258,-24.4616,0.0797,266.01,361.62,-24.9814,-0.0825,,,0.23386,0
9.2088,4,5,1,1,150.75,194.50,dwell,300.62,456.87,302.16,0,178.687,7.829,179.769,-18.25,20.87,147.57,-17.61,-7.56,174.38,53.897,54.123,-27.0752,1.2822,300.62,456.87,-25.9236,0.5316,,,0.23451,0
9.3020,4,5,1,1,150.75,194.50,dwell,295.36,403.31,254.00,0,178.714,7.967,179.782,-18.28,20.97,147.56,-17.60,-7.04,173.89,53.691,53.850,-25.5181,0.7287,295.36,403.31,-25.7411,0.6203,,,0.22217,0
9.3975,4,5,1,1,150.75,194.50,dwell,123.70,362.98,170.64,0,178.787,7.837,179.796,-18.35,21.07,147.53,-17.42,-6.75,173.94,54.073,54.123,-24.1920,-6.9886,123.70,362.98,-25.0440,-2.8037,,,0.22777,0
9.4953,4,5,1,1,150.75,194.50,dwell,181.29,348.58,157.08,0,178.729,7.770,179.831,-18.27,21.05,147.59,-17.72,-7.89,173.57,54.061,54.000,-23.3205,-4.1087,181.29,348.58,-24.2684,-3.3909,,,0.18807,0
9.5791,4,5,1,1,150.75,194.50,dwell,161.74,305.62,111.66,0,178.736,7.773,179.819,-18.24,20.97,147.94,-17.72,-7.82,174.66,54.222,54.215,-20.7137,-5.4367,161.74,305.62,-22.6688,-4.3115,,,0.21806,0
9.6811,4,5,1,1,150.75,194.50,dwell,129.60,341.84,148.85,0,178.802,7.797,179.800,-18.23,20.82,147.95,-18.13,-7.29,174.17,54.434,54.402,-22.6005,-7.1452,129.60,341.84,-22.6381,-5.5867,,,0.24098,0
9.7739,4,5,1,1,150.75,194.50,capture,169.00,261.08,69.04,0,178.911,7.803,179.802,-18.20,20.72,147.83,-17.39,-7.01,174.26,54.085,54.085,-20.1268,-4.5172,169.00,261.08,-21.5080,-5.1054,,,0.20725,0
9.8737,4,5,1,1,150.75,194.50,capture,138.31,267.15,73.71,0,178.929,7.839,179.785,-18.24,20.76,147.89,-18.33,-8.23,173.98,54.044,53.959,-19.5984,-6.3239,138.31,267.15,-20.6487,-5.6537,,,0.21675,0
9.9642,4,5,1,1,150.75,194.50,capture,152.45,278.56,84.08,0,179.005,7.738,179.766,-18.17,20.60,147.82,-18.00,-8.51,174.61,53.872,53.849,-21.6303,-5.4845,152.45,278.56,-21.0904,-5.5776,,,0.21439,0
10.0541,4,5,1,1,150.75,194.50,capture,134.34,231.94,40.88,1,178.970,7.770,179.759,-18.20,20.63,147.98,-17.77,-8.13,174.19,54.038,54.240,-18.2844,-6.9034,134.34,231.94,-19.8277,-6.1742,,,0.19384,0
10.1423,4,5,1,1,150.75,194.50,capture,124.02,275.58,85.37,0,178.983,7.803,179.786,-18.26,20.63,147.96,-18.01,-7.80,174.05,53.738,54.163,-21.3955,-6.7983,124.02,275.58,-20.5332,-6.4551,,,0.20016,0
10.2432,4,5,1,1,150.75,194.50,capture,146.38,250.85,56.52,1,178.907,7.688,179.782,-18.31,20.66,147.61,-17.59,-7.40,174.26,53.704,53.903,-19.2834,-5.9016,146.38,250.85,-19.9708,-6.2060,,,0.20061,0
10.3450,4,5,1,1,150.75,194.50,capture,155.45,263.72,69.38,0,178.816,7.646,179.781,-18.25,20.70,147.65,-18.12,-7.61,174.06,53.740,54.025,-20.4613,-5.5130,155.45,263.72,-20.1915,-5.8941,,,0.22223,0
10.4532,4,5,1,1,150.75,194.50,capture,130.46,250.25,59.33,1,178.749,7.629,179.787,-18.17,20.81,147.82,-17.13,-8.19,174.39,53.669,54.139,-19.6001,-6.9560,130.46,250.25,-19.9254,-6.3720,,,0.20589,0
10.5632,4,5,1,1,150.75,194.50,capture,138.45,237.58,44.80,1,178.872,7.677,179.790,-18.14,20.80,147.68,-17.57,-7.66,174.24,53.558,53.912,-19.2562,-6.7234,138.45,237.58,-19.6243,-6.5301,,,0.23117,0
10.6666,4,5,1,1,150.75,194.50,capture,165.13,246.71,54.15,1,178.975,7.815,179.816,-17.97,20.67,147.97,-17.55,-8.05,174.57,53.675,54.117,-18.7691,-4.9179,165.13,246.71,-19.2394,-5.8046,,,0.20667,0
10.7545,4,5,1,1,150.75,194.50,capture,152.05,285.82,91.33,0,178.899,7.864,179.827,-17.97,20.65,148.13,-17.85,-9.31,174.98,54.224,54.468,-20.6304,-5.8893,152.05,285.82,-19.8654,-5.8427,,,0.22042,0
10.8498,4,5,1,1,150.75,194.50,capture,151.66,274.15,79.66,0,178.915,7.842,179.831,-17.91,20.47,148.05,-17.27,-7.72,174.33,54.256,54.595,-20.2769,-5.6329,151.66,274.15,-20.0506,-5.7483,,,0.21333,0
10.9706,4,5,1,1,150.75,194.50,capture,135.61,245.21,52.92,1,178.947,7.900,179.824,-17.78,20.59,148.03,-17.53,-7.89,174.28,53.799,54.700,-18.9409,-6.2907,135.61,245.21,-19.5512,-5.9924,,,0.21403,0
11.0678,4,5,1,1,150.75,194.50,capture,124.42,237.18,50.15,1,179.032,7.786,179.859,-17.83,20.62,147.73,-17.47,-7.93,174.27,53.191,54.415,-19.6645,-6.6772,124.42,237.18,-19.6022,-6.3005,,,0.19656,0
11.1564,4,5,1,1,150.75,194.50,capture,170.20,288.21,95.71,0,178.892,7.631,179.847,-17.78,20.73,147.63,-17.74,-7.56,173.96,53.157,54.233,-19.9615,-5.0193,170.20,288.21,-19.7639,-5.7240,,,0.18152,0
11.2607,4,5,1,1,150.75,194.50,capture,147.45,259.35,64.93,0,178.879,7.687,179.832,-17.94,20.84,147.57,-17.23,-7.57,174.12,53.462,54.199,-19.7610,-6.6009,147.45,259.35,-19.7626,-6.1186,,,0.23075,0
11.3589,4,5,1,1,150.75,194.50,capture,171.90,257.16,66.13,1,179.041,7.787,179.837,-18.01,20.79,147.43,-17.45,-7.47,173.72,53.479,54.291,-19.4771,-4.9985,171.90,257.16,-19.6341,-5.6145,,,0.22146,0
11.4601,4,5,1,1,150.75,194.50,capture,167.39,256.32,64.02,1,179.041,7.861,179.815,-18.09,20.81,147.54,-17.94,-7.74,173.79,53.347,54.645,-19.3330,-4.8794,167.39,256.32,-19.4986,-5.2837,,,0.18477,0
11.5509,4,5,1,1,150.75,194.50,capture,132.07,273.78,81.45,0,179.021,7.871,179.810,-17.97,20.82,147.29,-16.95,-6.79,173.36,53.305,54.861,-19.3466,-7.0594,132.07,273.78,-19.4302,-6.0828,,,0.22470,0
11.6682,4,5,1,1,150.75,194.50,capture,153.26,261.82,67.37,0,178.939,7.846,179.812,-17.98,20.98,147.36,-17.33,-7.47,174.09,53.129,54.532,-19.9706,-5.7448,153.26,261.82,-19.6734,-5.9307,,,0.19263,0
11.8495,5,6,1,2,251.25,194.50,dwell,159.69,195.54,91.57,0,178.934,7.844,179.789,-17.97,20.92,147.47,-17.63,-7.21,173.19,53.207,54.516,-17.7776,-5.1745,159.69,195.54,-17.7776,-5.1745,,,0.20880,0
11.9453,5,6,1,2,251.25,194.50,dwell,202.24,112.48,95.55,0,178.866,7.687,179.818,-17.90,20.91,147.54,-17.19,-7.67,173.37,53.001,55.088,-14.6439,-3.2784,202.24,112.48,-16.3675,-4.3213,,,0.17831,0
12.0449,5,6,1,2,251.25,194.50,dwell,187.78,137.38,85.39,0,178.814,7.657,179.821,-18.00,20.87,147.54,-17.82,-7.73,173.89,52.719,54.353,-15.1313,-4.2045,187.78,137.38,-15.8112,-4.2687,,,0.18795,0
12.1566,5,6,1,2,251.25,194.50,dwell,132.83,67.11,173.93,0,178.871,7.680,179.812,-18.00,21.06,147.67,-17.45,-7.47,174.07,52.861,54.158,-12.6553,-6.9856,132.83,67.11,-14.3910,-5.4913,,,0.22366,0
12.2587,5,6,1,2,251.25,194.50,dwell,203.96,192.35,47.34,1,178.850,7.634,179.787,-18.05,21.05,147.70,-17.86,-7.34,174.53,53.136,53.854,-17.8258,-2.6203,203.96,192.35,-15.9367,-4.1994,,,0.17883,0
12.3407,5,6,1,2,251.25,194.50,dwell,167.33,142.34,98.81,0,178.903,7.644,179.788,-17.94,20.90,147.89,-17.66,-7.92,174.31,52.824,53.936,-14.3004,-4.5270,167.33,142.34,-15.2004,-4.3468,,,0.20625,0
12.4568,5,6,1,2,251.25,194.50,dwell,306.34,122.36,90.77,0,179.011,7.537,179.776,-17.91,21.05,147.96,-17.01,-7.45,174.70,52.440,54.101,-14.0799,0.7240,306.34,122.36,-14.6962,-2.0649,,,0.16146,0
12.5879,5,6,1,2,251.25,194.50,dwell,190.15,53.62,153.56,0,179.176,7.702,179.783,-17.91,20.84,148.20,-17.98,-6.46,174.94,52.546,54.002,-12.7184,-4.1254,190.15,53.62,-13.8062,-2.9921,,,0.14368,0
12.6736,5,6,1,2,251.25,194.50,dwell,205.54,124.67,83.46,0,179.135,7.677,179.776,-17.97,20.78,148.32,-17.38,-7.66,174.81,53.124,54.234,-13.7491,-3.1383,205.54,124.67,-13.7805,-3.0579,,,0.22479,0
12.7674,5,6,1,2,251.25,194.50,dwell,183.48,125.78,96.52,0,179.131,7.578,179.797,-18.00,20.55,148.37,-17.64,-8.40,174.56,53.472,54.473,-14.7536,-4.0343,183.48,125.78,-14.2184,-3.4973,,,0.20433,0
12.8721,5,6,1,2,251.25,194.50,dwell,153.28,52.67,172.38,0,179.097,7.640,179.801,-17.99,20.48,148.26,-17.99,-8.63,174.67,53.181,54.423,-11.6627,-6.3496,153.28,52.67,-13.0683,-4.7808,,,0.19842,0
12.9646,5,6,1,2,251.25,194.50,capture,186.10,77.72,133.72,0,178.996,7.483,179.777,-17.97,20.30,147.97,-17.62,-8.22,174.19,53.356,54.195,-12.9927,-4.0401,186.10,77.72,-13.0343,-4.4475,,,0.20741,0
13.0686,5,6,1,2,251.25,194.50,capture,168.22,67.07,152.09,0,178.968,7.655,179.797,-18.04,20.36,147.93,-17.59,-8.68,174.28,53.387,54.189,-12.9692,-5.1042,168.22,67.07,-13.0050,-4.7430,,,0.19323,0
13.1749,5,6,1,2,251.25,194.50,capture,192.36,50.26,155.80,0,178.821,7.515,179.817,-17.98,20.36,147.79,-17.41,-8.03,174.29,52.977,54.148,-11.4977,-3.9247,192.36,50.26,-12.3267,-4.3747,,,0.19345,0
13.2821,5,6,1,2,251.25,194.50,capture,180.28,74.63,139.30,0,178.817,7.625,179.824,-17.81,20.64,147.65,-17.44,-8.62,174.13,52.896,54.298,-12.8517,-4.8220,180.28,74.63,-12.5630,-4.5760,,,0.18736,0
13.3875,5,6,1,2,251.25,194.50,capture,182.34,64.31,147.30,0,178.872,7.541,179.856,-17.96,20.63,147.71,-17.68,-8.17,174.03,53.086,54.210,-12.9357,-4.0296,182.34,64.31,-12.7307,-4.3301,,,0.20568,0
13.4864,5,6,1,2,251.25,194.50,capture,187.99,56.07,152.20,0,178.848,7.566,179.864,-17.92,20.54,147.95,-17.69,-7.83,174.45,53.249,53.653,-12.7638,-4.2932,187.99,56.07,-12.7456,-4.3135,,,0.21752,0
13.5887,5,6,1,2,251.25,194.50,capture,180.33,81.01,133.83,0,178.805,7.538,179.890,-18.12,20.59,147.93,-17.39,-8.33,174.37,53.679,53.650,-13.2200,-4.6947,180.33,81.01,-12.9590,-4.4851,,,0.20113,0
13.7004,5,6,1,2,251.25,194.50,capture,170.38,43.07,171.67,0,178.749,7.541,179.892,-18.19,20.45,147.47,-17.79,-8.48,173.55,53.752,53.944,-11.9040,-5.1992,170.38,43.07,-12.4843,-4.8064,,,0.21382,0
13.8130,5,6,1,2,251.25,194.50,capture,184.84,67.25,143.54,0,178.761,7.644,179.890,-18.23,20.66,147.19,-17.89,-7.30,173.23,53.941,53.686,-11.9743,-4.4020,184.84,67.25,-12.2548,-4.6244,,,0.23648,0
13.9033,5,6,1,2,251.25,194.50,capture,182.97,64.17,147.13,0,178.908,7.665,179.906,-18.26,20.90,147.14,-18.08,-8.18,172.83,53.990,53.689,-12.4764,-3.7090,182.97,64.17,-12.3545,-4.2125,,,0.21505,0
13.9974,5,6,1,2,251.25,194.50,capture,203.12,76.91,127.06,0,178.907,7.686,179.901,-18.30,20.96,146.88,-17.94,-7.55,172.75,54.087,53.488,-13.0442,-4.0438,203.12,76.91,-12.6649,-4.1365,,,0.23903,0
14.0943,5,6,1,2,251.25,194.50,capture,215.15,54.54,144.54,0,178.935,7.626,179.874,-18.30,20.93,146.89,-17.64,-7.81,172.64,53.871,53.887,-11.4254,-2.9106,215.15,54.54,-12.1071,-3.5849,,,0.21319,0
14.1794,5,6,1,2,251.25,194.50,capture,201.53,61.85,141.66,0,178.894,7.724,179.871,-18.25,21.15,147.08,-17.59,-7.96,173.56,53.829,53.725,-12.3665,-3.4361,201.53,61.85,-12.2239,-3.5179,,,0.21433,0
14.2907,5,6,1,2,251.25,194.50,capture,196.80,64.72,140.74,0,178.953,7.760,179.831,-18.22,21.13,147.30,-17.28,-6.59,173.51,54.090,54.057,-11.4869,-3.9340,196.80,64.72,-11.8922,-3.7052,,,0.21285,0
14.3987,5,6,1,2,251.25,194.50,capture,181.98,53.46,157.13,0,178.968,7.814,179.833,-18.27,20.95,147.21,-18.03,-7.87,173.59,54.573,54.088,-12.1097,-4.3610,181.98,53.46,-11.9901,-4.0003,,,0.23489,0
14.4807,5,6,1,2,251.25,194.50,capture,175.65,67.37,147.91,0,178.897,7.914,179.813,-18.13,20.90,147.22,-18.19,-8.50,172.95,54.437,54.423,-11.9955,-4.8643,175.65,67.37,-11.9925,-4.3891,,,0.22724,0
14.5791,5,6,1,2,251.25,194.50,capture,188.96,66.63,142.23,0,178.974,7.891,179.849,-18.12,21.09,147.14,-17.68,-7.91,173.40,54.428,54.117,-12.6997,-4.4642,188.96,66.63,-12.3108,-4.4229,,,0.24474,0
14.6836,5,6,1,2,251.25,194.50,capture,193.11,64.99,141.96,0,178.991,7.865,179.813,-18.07,21.23,147.02,-17.00,-7.87,173.50,53.886,54.328,-12.4464,-4.1421,193.11,64.99,-12.3718,-4.2965,,,0.23071,0
14.8040,5,6,1,2,251.25,194.50,capture,206.36,86.58,116.88,0,178.792,7.837,179.813,-18.04,21.28,147.08,-18.53,-6.67,173.33,53.639,54.668,-13.5763,-3.2920,206.36,86.58,-12.9138,-3.8445,,,0.21463,0
15.0003,6,12,3,0,50.25,453.83,dwell,177.23,171.13,309.91,0,178.753,7.856,179.862,-18.16,21.16,147.16,-18.52,-8.15,173.53,53.603,54.721,-15.4983,-4.4500,177.23,171.13,-15.4983,-4.4500,,,0.19634,0
15.0984,6,12,3,0,50.25,453.83,dwell,122.51,222.42,242.43,0,178.734,7.839,179.872,-18.22,21.24,147.05,-17.90,-8.03,173.30,53.778,54.402,-18.2466,-7.3512,122.51,222.42,-16.7350,-5.7556,,,0.21459,0
15.1907,6,12,3,0,50.25,453.83,dwell,183.87,401.41,143.54,0,178.751,7.817,179.833,-18.23,21.26,146.89,-17.60,-7.23,172.53,54.308,54.395,-25.8647,-4.4363,183.87,401.41,-20.8434,-5.1619,,,0.20839,0
15.2937,6,12,3,0,50.25,453.83,dwell,153.70,221.29,254.52,0,178.805,7.738,179.837,-18.26,21.12,146.97,-17.92,-7.26,172.99,53.977,54.205,-17.9467,-6.0395,153.70,221.29,-19.5399,-5.5568,,,0.21493,0
15.3970,6,12,3,0,50.25,453.83,dwell,92.95,192.76,264.54,0,178.701,7.958,179.839,-18.26,21.07,146.91,-18.35,-7.71,173.22,53.742,53.652,-16.2937,-8.8014,92.95,192.76,-18.0791,-7.0169,,,0.20054,0
15.4984,6,12,3,0,50.25,453.83,dwell,155.90,354.51,145.01,0,178.787,7.803,179.826,-18.24,21.20,146.73,-17.47,-7.26,172.73,53.658,53.869,-23.1301,-5.7248,155.90,354.51,-20.3521,-6.4354,,,0.21165,0
15.6027,6,12,3,0,50.25,453.83,dwell,115.75,389.59,91.75,0,178.884,7.947,179.831,-18.29,21.34,146.67,-18.17,-6.38,172.58,53.687,54.004,-25.7534,-7.4778,115.75,389.59,-22.7826,-6.9045,,,0.19541,0
15.7076,6,12,3,0,50.25,453.83,dwell,83.11,369.18,90.81,0,178.906,7.830,179.853,-18.28,21.46,146.98,-17.70,-7.78,173.08,53.976,53.897,-24.4748,-8.5136,83.11,369.18,-23.5441,-7.6286,,,0.24010,0
15.8247,6,12,3,0,50.25,453.83,dwell,144.43,423.52,98.94,0,178.768,7.932,179.842,-18.19,21.33,147.01,-17.33,-7.07,172.49,53.754,54.347,-26.0103,-6.0487,144.43,423.52,-24.6539,-6.9176,,,0.21480,0
15.9353,6,12,3,0,50.25,453.83,capture,126.29,439.52,77.38,0,178.812,8.007,179.855,-18.11,21.15,147.07,-17.62,-7.53,173.02,53.670,54.900,-26.6465,-7.1798,126.29,439.52,-25.5506,-7.0356,,,0.21010,0
16.0333,6,12,3,0,50.25,453.83,capture,99.88,438.52,51.94,1,178.967,8.165,179.857,-18.10,21.16,147.12,-18.04,-7.33,173.34,53.444,54.934,-27.1081,-8.8825,99.88,438.52,-26.2515,-7.8667,,,0.22504,0
16.1291,6,12,3,0,50.25,453.83,capture,106.14,426.23,62.33,0,178.859,8.174,179.883,-18.10,21.13,147.14,-17.91,-7.66,173.33,53.667,54.388,-26.5748,-7.4624,106.14,426.23,-26.3970,-7.6848,,,0.21372,0
16.2382,6,12,3,0,50.25,453.83,capture,91.16,442.43,42.47,1,178.888,8.319,179.909,-18.29,21.04,147.01,-17.50,-8.05,172.87,53.449,54.667,-27.2133,-8.4391,91.16,442.43,-26.7643,-8.0242,,,0.21751,0
16.3473,6,12,3,0,50.25,453.83,capture,80.34,428.95,39.05,1,178.829,8.371,179.897,-18.29,20.97,146.91,-16.96,-7.04,173.66,53.716,54.370,-26.2794,-9.1101,80.34,428.95,-26.5461,-8.5129,,,0.19555,0
16.4322,6,12,3,0,50.25,453.83,capture,93.04,417.18,56.34,1,178.894,8.269,179.899,-18.44,20.82,146.73,-17.54,-8.59,173.22,54.064,54.541,-26.6732,-8.7357,93.04,417.18,-26.6033,-8.6131,,,0.18696,0
16.5142,6,12,3,0,50.25,453.83,capture,112.37,434.94,64.93,0,178.815,8.475,179.900,-18.46,20.57,146.59,-18.40,-8.44,172.84,53.533,54.662,-26.0208,-8.2558,112.37,434.94,-26.3412,-8.4523,,,0.22110,0
16.6281,6,12,3,0,50.25,453.83,capture,102.68,450.37,52.54,0,178.848,8.370,179.866,-18.38,20.67,146.72,-17.35,-7.54,173.56,53.589,54.676,-27.5068,-8.1782,102.68,450.37,-26.8657,-8.3290,,,0.20803,0
16.7101,6,12,3,0,50.25,453.83,capture,104.09,431.09,58.45,0,178.835,8.202,179.882,-18.49,20.69,146.72,-17.80,-8.44,173.03,53.472,54.761,-26.3254,-7.9955,104.09,431.09,-26.6226,-8.1789,,,0.23244,0
16.8005,6,12,3,0,50.25,453.83,capture,100.49,440.36,52.02,1,178.763,8.246,179.851,-18.48,20.59,146.69,-18.27,-8.70,172.47,53.759,54.598,-27.5449,-8.4328,100.49,440.36,-27.0376,-8.2932,,,0.21224,0
16.8888,6,12,3,0,50.25,453.83,capture,96.79,423.95,55.31,1,178.779,8.266,179.863,-18.42,20.50,146.55,-18.12,-7.72,172.48,53.709,54.294,-26.3214,-8.1448,96.79,423.95,-26.7153,-8.2264,,,0.20381,0
17.0008,6,12,3,0,50.25,453.83,capture,112.26,437.16,64.21,0,178.723,8.214,179.827,-18.52,20.30,146.64,-18.33,-8.36,172.32,53.842,54.610,-26.3814,-7.9103,112.26,437.16,-26.5651,-8.0842,,,0.20867,0
17.0971,6,12,3,0,50.25,453.83,capture,105.39,428.80,60.56,0,178.781,8.350,179.792,-18.40,20.26,146.82,-18.36,-7.99,173.00,53.656,54.376,-25.9525,-7.8040,105.39,428.80,-26.2894,-7.9581,,,0.21080,0
17.1791,6,12,3,0,50.25,453.83,capture,101.92,450.56,51.77,0,178.786,8.334,179.780,-18.42,20.19,147.04,-17.48,-8.27,173.50,53.916,54.150,-27.9802,-8.1601,101.92,450.56,-27.0503,-8.0490,,,0.21717,0
17.2966,6,12,3,0,50.25,453.83,capture,98.64,467.07,50.17,1,178.640,8.247,179.784,-18.44,20.40,147.42,-18.20,-7.77,174.18,54.154,54.161,-28.2038,-8.0761,98.64,467.07,-27.5694,-8.0612,,,0.20424,0
17.4080,6,12,3,0,50.25,453.83,capture,80.39,449.66,30.43,1,178.748,8.146,179.766,-18.47,20.47,147.34,-17.81,-7.86,173.39,54.185,54.299,-27.8967,-9.1587,80.39,449.66,-27.7167,-8.5551,,,0.22534,0
17.5058,6,12,3,0,50.25,453.83,capture,109.82,439.93,61.17,0,178.785,8.101,179.782,-18.32,20.53,147.22,-17.78,-8.06,173.70,54.283,54.158,-26.9763,-7.2615,109.82,439.93,-27.3835,-7.9730,,,0.24796,0
17.6162,6,12,3,0,50.25,453.83,capture,108.62,430.80,62.75,0,178.729,8.136,179.755,-18.53,20.49,147.34,-18.72,-7.62,173.22,54.208,53.990,-27.2499,-7.3336,108.62,430.80,-27.3234,-7.6853,,,0.23838,0
17.7256,6,12,3,0,50.25,453.83,capture,104.78,424.77,61.79,0,178.829,8.174,179.796,-18.60,20.49,147.58,-18.73,-8.58,173.65,54.242,54.149,-26.2993,-7.9315,104.78,424.77,-26.8626,-7.7961,,,0.20299,0
17.8117,6,12,3,0,50.25,453.83,capture,135.71,426.50,89.72,0,178.860,8.282,179.818,-18.50,20.41,147.67,-17.56,-8.24,174.17,53.910,54.374,-25.2001,-6.2443,135.71,426.50,-26.1145,-7.0978,,,0.22353,0
18.0208,7,1,0,1,150.75,64.83,dwell,248.26,420.63,368.92,0,178.907,8.188,179.836,-18.42,20.49,147.56,-17.81,-8.62,173.80,53.567,54.927,-25.8528,-1.6724,248.26,420.63,-25.8528,-1.6724,,,0.21658,0
18.1160,7,1,0,1,150.75,64.83,dwell,94.07,228.95,173.63,0,178.960,8.139,179.832,-18.32,20.38,147.43,-17.48,-7.92,173.49,53.766,54.500,-19.1508,-8.5069,94.07,228.95,-22.8369,-4.7479,,,0.22364,0
18.2068,7,1,0,1,150.75,64.83,dwell,107.91,314.72,253.53,0,179.006,7.805,179.836,-18.27,20.36,147.62,-18.14,-8.05,173.89,53.707,54.278,-21.8410,-8.3700,107.91,314.72,-22.3888,-6.3779,,,0.22061,0
18.3061,7,1,0,1,150.75,64.83,dwell,238.86,145.12,119.20,0,178.960,7.707,179.804,-18.38,20.47,147.66,-18.11,-7.59,173.92,53.710,54.023,-15.4385,-1.6070,238.86,145.12,-19.2611,-4.2310,,,0.23222,0
18.4142,7,1,0,1,150.75,64.83,dwell,229.04,209.67,164.64,0,178.952,7.725,179.810,-18.30,20.44,147.35,-18.18,-8.85,173.88,53.589,53.905,-17.8503,-2.8713,229.04,209.67,-18.6263,-3.6191,,,0.20394,0
18.5141,7,1,0,1,150.75,64.83,dwell,205.25,120.01,77.55,0,179.000,7.639,179.814,-18.28,20.13,147.11,-17.81,-7.72,173.42,53.118,53.783,-15.3120,-3.1158,205.25,120.01,-17.1348,-3.3926,,,0.17621,0
18.6156,7,1,0,1,150.75,64.83,dwell,182.27,130.85,73.16,0,179.002,7.720,179.793,-18.30,20.26,147.24,-18.27,-8.19,173.52,53.220,53.673,-15.5689,-4.2128,182.27,130.85,-16.4302,-3.7617,,,0.19240,0
18.7047,7,1,0,1,150.75,64.83,dwell,137.80,121.20,57.84,1,178.961,7.675,179.764,-18.40,20.11,147.21,-18.05,-8.47,173.80,52.934,54.059,-14.4995,-6.1143,137.80,121.20,-15.5614,-4.8204,,,0.19179,0
18.8246,7,1,0,1,150.75,64.83,dwell,212.03,132.41,91.22,0,178.968,7.634,179.757,-18.39,20.08,147.31,-17.88,-8.44,173.39,52.882,54.505,-14.6565,-2.7375,212.03,132.41,-15.1542,-3.8831,,,0.21297,0
18.9066,7,1,0,1,150.75,64.83,dwell,208.49,92.62,64.08,0,178.918,7.548,179.775,-18.34,20.12,147.31,-17.37,-7.75,173.62,53.293,54.800,-13.2700,-3.8197,208.49,92.62,-14.3063,-3.8546,,,0.20316,0
19.0158,7,1,0,1,150.75,64.83,dwell,254.39,66.83,103.66,0,178.924,7.483,179.770,-18.45,20.10,147.47,-18.00,-8.22,173.96,53.450,54.680,-12.4952,-1.0386,254.39,66.83,-13.4913,-2.5874,,,0.19754,0
19.1249,7,1,0,1,150.75,64.83,capture,222.93,38.99,76.67,0,178.972,7.443,179.763,-18.43,20.05,147.67,-17.32,-7.93,174.35,53.201,54.517,-10.9201,-2.4430,222.93,38.99,-12.3343,-2.5224,,,0.21073,0
19.2146,7,1,0,1,150.75,64.83,capture,222.61,53.91,72.69,0,179.098,7.460,179.782,-18.42,20.27,147.46,-17.99,-8.08,173.92,53.099,54.632,-11.8513,-3.3950,222.61,53.91,-12.1169,-2.9151,,,0.18054,0
19.3064,7,1,0,1,150.75,64.83,capture,235.37,47.47,86.38,0,178.946,7.387,179.776,-18.32,20.19,147.46,-18.14,-7.43,172.71,53.166,54.510,-12.4090,-1.7091,235.37,47.47,-12.2484,-2.3724,,,0.18896,0
19.4152,7,1,0,1,150.75,64.83,capture,235.57,31.89,90.99,0,179.107,7.509,179.791,-18.27,20.15,147.34,-17.80,-8.31,173.60,53.114,54.453,-10.2913,-1.5639,235.57,31.89,-11.3677,-2.0085,,,0.20788,0
19.5112,7,1,0,1,150.75,64.83,capture,255.17,50.09,105.46,0,179.040,7.620,179.818,-18.39,20.19,147.37,-18.05,-7.61,174.12,53.494,54.421,-10.9836,-0.4035,255.17,50.09,-11.1948,-1.2863,,,0.20508,0
19.6255,7,1,0,1,150.75,64.83,capture,214.62,9.62,84.43,0,178.970,7.627,179.822,-18.42,20.17,147.40,-17.87,-8.72,173.18,53.500,54.855,-9.6371,-3.0949,214.62,9.62,-10.4939,-2.1002,,,0.20971,0
19.7163,7,1,0,1,150.75,64.83,capture,214.85,23.66,76.18,0,178.979,7.563,179.822,-18.47,20.17,147.49,-18.64,-8.34,174.03,53.995,55.022,-10.5671,-2.2346,214.85,23.66,-10.5268,-2.1606,,,0.22080,0
19.8109,7,1,0,1,150.75,64.83,capture,259.89,6.20,123.89,0,178.918,7.666,179.818,-18.52,20.17,147.44,-18.22,-8.30,173.54,54.076,54.862,-10.5292,-1.1290,259.89,6.20,-10.5279,-1.6964,,,0.21593,0
19.9241,7,1,0,1,150.75,64.83,capture,214.89,12.48,82.79,0,178.877,7.547,179.821,-18.59,20.38,147.46,-17.54,-8.26,173.59,53.942,54.328,-10.0387,-2.9896,214.89,12.48,-10.3077,-2.2784,,,0.22624,0
20.0243,7,1,0,1,150.75,64.83,capture,200.17,49.32,51.80,1,178.818,7.604,179.833,-18.56,20.45,147.59,-17.95,-7.58,174.28,53.796,54.457,-11.7135,-3.2048,200.17,49.32,-10.9403,-2.6953,,,0.21459,0
20.1345,7,1,0,1,150.75,64.83,capture,214.37,7.62,85.56,0,178.780,7.751,179.842,-18.69,20.38,147.58,-18.39,-7.24,173.58,53.579,53.965,-10.7416,-2.9286,214.37,7.62,-10.8509,-2.8003,,,0.20301,0
20.2343,7,1,0,1,150.75,64.83,capture,236.37,10.21,101.56,0,178.868,7.637,179.860,-18.63,20.45,147.78,-18.36,-8.25,174.07,53.706,54.207,-11.5941,-1.9910,236.37,10.21,-11.1853,-2.4361,,,0.21730,0
20.3257,7,1,0,1,150.75,64.83,capture,227.06,36.06,81.55,0,178.872,7.645,179.856,-18.66,20.31,147.82,-17.77,-7.80,174.67,54.036,54.039,-11.1366,-2.4750,227.06,36.06,-11.1634,-2.4536,,,0.21757,0
20.4290,7,1,0,1,150.75,64.83,capture,200.70,19.90,67.19,1,178.877,7.727,179.856,-18.80,20.43,147.74,-18.20,-8.09,173.56,54.080,53.930,-10.9264,-3.2253,200.70,19.90,-11.0568,-2.8009,,,0.21144,0
20.5247,7,1,0,1,150.75,64.83,capture,237.06,3.24,106.03,0,178.957,7.816,179.871,-18.89,20.54,147.75,-18.46,-7.84,174.11,53.669,53.932,-10.7385,-1.6563,237.06,3.24,-10.9135,-2.2858,,,0.20124,0
20.6296,7,1,0,1,150.75,64.83,capture,246.49,15.00,107.93,0,179.031,7.918,179.853,-18.72,20.57,147.78,-18.04,-7.45,173.44,53.248,53.874,-10.2119,-1.3246,246.49,15.00,-10.5978,-1.8533,,,0.20772,0
20.7298,7,1,0,1,150.75,64.83,capture,240.31,43.22,92.13,0,178.910,7.865,179.868,-18.61,20.45,148.00,-18.61,-8.21,174.68,53.319,53.754,-11.7933,-1.8151,240.31,43.22,-11.1358,-1.8361,,,0.18900,0
20.8320,7,1,0,1,150.75,64.83,capture,235.22,34.00,89.92,0,178.814,7.639,179.857,-18.63,20.48,147.96,-18.10,-8.27,174.36,53.129,53.804,-11.2756,-1.1272,235.22,34.00,-11.1987,-1.5171,,,0.19624,0
20.9649,7,1,0,1,150.75,64.83,capture,241.55,23.58,99.73,0,178.993,7.523,179.867,-18.58,20.52,147.97,-18.07,-8.70,174.38,52.665,53.345,-10.2141,-1.5101,241.55,23.58,-10.7556,-1.5140,,,0.15993,0
21.0832,7,1,0,1,150.75,64.83,capture,219.03,0.20,94.02,0,179.002,7.370,179.864,-18.50,20.53,147.88,-18.19,-7.82,174.86,53.044,53.260,-10.0004,-2.7147,219.03,0.20,-10.4158,-2.0543,,,0.16238,0
21.1813,7,1,0,1,150.75,64.83,capture,265.23,5.20,129.08,0,178.960,7.402,179.870,-18.36,20.41,147.87,-17.92,-7.76,173.91,52.807,53.832,-9.5977,-0.7098,265.23,5.20,-10.0477,-1.4493,,,0.20183,0
21.3702,8,3,0,3,351.75,64.83,dwell,201.19,24.14,155.96,0,178.994,7.344,179.851,-18.34,20.47,147.82,-17.33,-8.22,174.12,53.095,54.067,-11.1507,-2.6409,201.19,24.14,-11.1507,-2.6409,,,0.19033,0
21.4830,8,3,0,3,351.75,64.83,dwell,295.35,128.11,84.76,0,179.168,7.435,179.826,-18.44,20.70,147.47,-17.62,-7.82,173.72,53.510,53.900,-14.8885,0.9931,295.35,128.11,-12.8327,-1.0056,,,0.23775,0
21.5804,8,3,0,3,351.75,64.83,dwell,296.63,65.39,55.12,0,179.203,7.518,179.828,-18.42,20.90,147.38,-17.53,-7.98,173.54,53.645,54.150,-12.4471,0.7482,296.63,65.39,-12.6592,-0.2164,,,0.22802,0
21.6778,8,3,0,3,351.75,64.83,dwell,378.73,-16.36,85.56,0,179.127,7.617,179.828,-18.31,21.05,147.22,-17.88,-7.91,173.05,53.608,54.373,-10.0426,4.9978,378.73,-16.36,-11.4818,2.1300,,,0.23131,0
21.7853,8,3,0,3,351.75,64.83,dwell,429.00,64.03,77.25,0,179.146,7.558,179.829,-18.41,21.24,147.78,-17.93,-7.57,174.55,53.852,54.268,-13.3504,7.3862,429.00,64.03,-12.3227,4.4953,,,0.21102,0
21.8973,8,3,0,3,351.75,64.83,dwell,360.24,-36.69,101.88,0,179.137,7.609,179.796,-18.55,21.24,147.67,-17.71,-6.93,173.80,53.645,54.208,-7.4023,4.1885,360.24,-36.69,-10.1085,4.3573,,,0.22091,0
21.9859,8,3,0,3,351.75,64.83,dwell,409.80,-4.19,90.19,0,179.059,7.602,179.793,-18.61,21.04,147.57,-17.98,-7.24,173.66,53.521,53.862,-9.8016,5.8018,409.80,-4.19,-9.9704,5.0073,,,0.20443,0
22.0755,8,3,0,3,351.75,64.83,dwell,416.59,-5.04,95.32,0,179.146,7.585,179.836,-18.48,20.98,147.60,-17.87,-7.93,174.00,53.534,53.815,-8.6731,6.8062,416.59,-5.04,-9.3866,5.8168,,,0.19772,0
22.1797,8,3,0,3,351.75,64.83,capture,422.12,-6.72,100.36,0,179.149,7.640,179.833,-18.60,21.00,147.53,-18.54,-7.10,174.56,53.999,53.994,-10.5249,6.3970,422.12,-6.72,-9.8989,6.0779,,,0.19652,0
22.2617,8,3,0,3,351.75,64.83,capture,420.50,15.03,84.89,0,179.208,7.767,179.825,-18.72,20.87,147.46,-17.82,-6.96,173.61,53.908,54.583,-9.7617,6.4231,420.50,15.03,-9.8371,6.2332,,,0.23263,0
22.3512,8,3,0,3,351.75,64.83,capture,418.29,-3.28,95.22,0,179.189,7.815,179.833,-18.62,20.66,147.66,-17.88,-7.88,174.14,53.795,54.263,-9.5202,6.6367,418.29,-3.28,-9.6945,6.4148,,,0.19187,0
22.4333,8,3,0,3,351.75,64.83,capture,407.61,-37.59,116.67,0,179.206,7.777,179.803,-18.54,20.73,147.58,-17.84,-7.51,174.00,54.013,54.083,-8.1137,5.5513,407.61,-37.59,-8.9831,6.0262,,,0.20884,0
22.5417,8,3,0,3,351.75,64.83,capture,417.39,-19.22,106.65,0,179.031,7.883,179.800,-18.49,20.66,147.56,-17.74,-7.80,174.73,54.233,53.912,-9.4349,6.1863,417.39,-19.22,-9.1865,6.0983,,,0.20525,0
22.6288,8,3,0,3,351.75,64.83,capture,414.40,-23.63,108.40,0,178.951,7.864,179.821,-18.51,20.61,147.62,-18.37,-7.66,173.93,54.131,53.669,-7.7390,6.8771,414.40,-23.63,-8.5351,6.4487,,,0.21477,0
22.7108,8,3,0,3,351.75,64.83,capture,418.45,-60.46,141.94,0,178.994,7.862,179.825,-18.38,20.75,147.61,-18.08,-8.19,174.00,53.462,53.590,-6.8700,7.0211,418.45,-60.46,-7.7858,6.7063,,,0.21069,0
22.8019,8,3,0,3,351.75,64.83,capture,415.65,-21.12,107.10,0,178.944,7.718,179.874,-18.45,20.74,147.72,-18.08,-7.85,173.98,53.684,53.539,-8.7934,6.4807,415.65,-21.12,-8.2392,6.6048,,,0.21745,0
22.9022,8,3,0,3,351.75,64.83,capture,431.72,-7.57,107.88,0,178.885,7.643,179.852,-18.43,20.69,147.71,-18.08,-7.88,174.22,53.815,54.024,-9.5501,7.4742,431.72,-7.57,-8.8291,6.9960,,,0.24986,0
22.9977,8,3,0,3,351.75,64.83,capture,412.76,-20.29,104.73,0,178.854,7.694,179.823,-18.51,20.78,147.31,-18.60,-8.00,174.08,53.912,53.910,-8.3809,5.6751,412.76,-20.29,-8.6274,6.4016,,,0.24401,0
23.0811,8,3,0,3,351.75,64.83,capture,398.90,10.49,71.95,1,178.858,7.626,179.865,-18.58,20.85,147.22,-18.17,-8.19,173.28,53.962,53.980,-9.8970,5.4579,398.90,10.49,-9.1987,5.9770,,,0.23953,0
23.2008,8,3,0,3,351.75,64.83,capture,431.90,-24.94,120.35,0,178.893,7.568,179.856,-18.55,20.89,147.31,-17.97,-8.11,173.73,53.894,54.089,-9.1222,7.3757,431.90,-24.94,-9.1643,6.6064,,,0.22771,0
23.3017,8,3,0,3,351.75,64.83,capture,425.73,-2.03,99.72,0,178.858,7.629,179.846,-18.37,20.94,147.28,-18.43,-8.35,173.38,54.098,54.236,-9.7999,7.2166,425.73,-2.03,-9.4503,6.8810,,,0.21665,0
23.3973,8,3,0,3,351.75,64.83,capture,426.90,-25.67,117.64,0,178.853,7.613,179.843,-18.44,20.90,147.46,-17.34,-7.92,173.80,53.959,54.195,-9.2961,6.3015,426.90,-25.67,-9.3809,6.6202,,,0.22488,0
23.5096,8,3,0,3,351.75,64.83,capture,413.01,-1.19,90.07,0,178.955,7.671,179.848,-18.33,20.78,147.19,-18.35,-8.18,173.51,53.698,54.006,-9.7620,6.1875,413.01,-1.19,-9.5524,6.4255,,,0.21232,0
23.6109,8,3,0,3,351.75,64.83,capture,409.83,-31.19,112.22,0,179.012,7.758,179.820,-18.18,20.88,147.31,-17.91,-8.24,173.16,53.781,54.331,-8.7964,5.8904,409.83,-31.19,-9.2122,6.1847,,,0.18668,0
23.6929,8,3,0,3,351.75,64.83,capture,429.47,-21.37,116.07,0,179.100,7.854,179.803,-18.32,21.11,147.38,-17.95,-6.67,173.61,53.309,54.253,-9.2886,6.7332,429.47,-21.37,-9.2466,6.4315,,,0.23345,0
23.7958,8,3,0,3,351.75,64.83,capture,436.81,-32.36,129.16,0,179.088,7.991,179.802,-18.36,21.03,147.62,-18.01,-7.19,174.00,53.575,54.029,-9.1547,7.4367,436.81,-32.36,-9.2052,6.8839,,,0.21091,0
23.9041,8,3,0,3,351.75,64.83,capture,406.02,-34.08,112.82,0,179.043,8.018,179.798,-18.45,21.11,147.42,-17.69,-8.14,173.66,53.748,54.064,-9.0928,6.3733,406.02,-34.08,-9.1546,6.6541,,,0.20521,0
24.0031,8,3,0,3,351.75,64.83,capture,442.53,-12.41,119.20,0,179.013,7.964,179.808,-18.50,21.11,147.59,-18.31,-8.17,174.17,53.921,53.471,-9.5618,7.8970,442.53,-12.41,-9.3379,7.2134,,,0.22928,0
24.2135,9,18,4,2,251.25,583.50,dwell,388.44,139.91,464.32,0,179.043,7.867,179.825,-18.46,20.94,147.54,-18.06,-7.98,173.93,53.878,53.436,-16.0907,4.9459,388.44,139.91,-16.0907,4.9459,,,0.22258,0
24.3028,9,18,4,2,251.25,583.50,dwell,433.01,-4.36,615.32,0,178.956,7.831,179.815,-18.47,20.90,147.42,-18.31,-7.78,173.96,53.827,53.645,-9.0393,7.3853,433.01,-4.36,-12.9176,6.0437,,,0.21054,0
24.3984,9,18,4,2,251.25,583.50,dwell,325.50,228.01,363.16,0,179.055,7.930,179.800,-18.48,21.02,147.49,-17.40,-7.54,173.78,53.662,54.269,-19.6311,2.6761,325.50,228.01,-15.9387,4.5282,,,0.22143,0
24.5199,9,18,4,2,251.25,583.50,dwell,279.16,325.73,259.28,0,179.075,7.948,179.792,-18.40,20.99,147.39,-17.98,-7.55,173.87,53.473,53.952,-22.1056,-0.1286,279.16,325.73,-18.7138,2.4327,,,0.21891,0
24.6232,9,18,4,2,251.25,583.50,dwell,284.35,358.67,227.25,0,179.094,7.921,179.812,-18.35,20.79,147.23,-17.95,-8.69,173.31,53.690,54.113,-23.1259,0.3549,284.35,358.67,-20.6992,1.4977,,,0.22484,0
24.7153,9,18,4,2,251.25,583.50,dwell,329.92,319.14,275.82,0,178.994,7.984,179.812,-18.29,20.67,147.25,-17.63,-7.93,173.12,53.720,54.441,-22.2703,2.7392,329.92,319.14,-21.4062,2.0564,,,0.19874,0
24.8247,9,18,4,2,251.25,583.50,dwell,260.62,369.61,214.10,0,179.012,7.959,179.816,-18.19,20.67,147.06,-17.80,-7.83,172.88,53.787,54.292,-24.2354,-0.4376,260.62,369.61,-22.6793,0.9341,,,0.22718,0
24.9099,9,18,4,2,251.25,583.50,dwell,234.14,491.98,93.11,0,178.882,8.079,179.834,-18.21,20.55,147.33,-17.96,-7.17,173.74,53.840,54.283,-28.9505,-2.0715,234.14,491.98,-25.5014,-0.4185,,,0.17672,0
25.0133,9,18,4,2,251.25,583.50,dwell,217.74,514.52,76.69,0,178.868,8.212,179.814,-18.09,20.30,147.31,-17.55,-7.98,173.03,53.824,54.425,-29.8429,-3.1423,217.74,514.52,-27.4551,-1.6442,,,0.21817,0
25.1067,9,18,4,2,251.25,583.50,capture,229.19,544.83,44.52,1,178.847,8.348,179.807,-18.11,20.02,147.19,-18.17,-8.59,173.13,53.940,54.320,-30.3829,-2.1144,229.19,544.83,-28.7726,-1.8558,,,0.21166,0
25.2123,9,18,4,2,251.25,583.50,capture,212.85,528.40,67.16,1,178.910,8.454,179.821,-18.16,20.00,147.09,-18.39,-8.28,173.25,53.885,54.256,-30.2326,-2.7484,212.85,528.40,-29.4296,-2.2575,,,0.23290,0
25.3101,9,18,4,2,251.25,583.50,capture,232.65,546.06,41.81,1,178.950,8.381,179.811,-18.06,20.07,146.93,-17.99,-9.12,173.15,54.115,54.104,-30.6594,-2.5320,232.65,546.06,-29.9830,-2.3810,,,0.22224,0
25.4010,9,18,4,2,251.25,583.50,capture,204.39,529.18,71.74,1,178.857,8.357,179.796,-18.08,20.13,147.11,-17.69,-7.60,173.18,53.963,54.421,-30.4922,-3.4134,204.39,529.18,-30.2122,-2.8456,,,0.22170,0
25.5031,9,18,4,2,251.25,583.50,capture,209.02,523.98,72.98,1,178.880,8.321,179.789,-18.17,20.24,147.22,-17.22,-8.54,173.70,53.887,54.280,-30.2089,-2.4935,209.02,523.98,-30.2107,-2.6872,,,0.21743,0
25.6025,9,18,4,2,251.25,583.50,capture,207.52,521.20,76.12,1,178.955,8.397,179.812,-18.11,20.20,147.19,-17.28,-7.53,173.34,53.829,54.495,-30.9052,-3.1880,207.52,521.20,-30.5232,-2.9125,,,0.20877,0
25.7002,9,18,4,2,251.25,583.50,capture,244.56,507.64,76.15,0,179.025,8.475,179.806,-18.09,20.36,147.31,-17.37,-7.44,174.21,53.868,54.523,-29.0856,-1.3933,244.56,507.64,-29.8763,-2.2289,,,0.20498,0
25.7928,9,18,4,2,251.25,583.50,capture,217.11,520.01,72.09,1,179.037,8.572,179.827,-18.17,20.31,147.27,-17.65,-7.60,173.56,54.209,54.733,-30.0150,-2.0330,217.11,520.01,-29.9387,-2.1407,,,0.22319,0
25.8844,9,18,4,2,251.25,583.50,capture,240.35,533.62,51.06,1,179.012,8.484,179.810,-18.12,20.51,147.36,-18.19,-8.40,173.90,54.327,54.730,-31.1942,-1.2111,240.35,533.62,-30.5037,-1.7224,,,0.24260,0
25.9684,9,18,4,2,251.25,583.50,capture,222.31,510.84,78.21,0,178.911,8.416,179.790,-18.24,20.63,147.13,-17.77,-8.29,173.34,54.303,54.616,-29.4312,-2.9414,222.31,510.84,-30.0211,-2.2709,,,0.23674,0
26.0616,9,18,4,2,251.25,583.50,capture,208.88,518.34,77.72,0,178.688,8.493,179.802,-18.21,20.72,147.47,-17.04,-8.26,173.91,54.493,54.515,-30.4950,-2.9309,208.88,518.34,-30.2343,-2.5679,,,0.24380,0
26.1647,9,18,4,2,251.25,583.50,capture,209.31,506.63,87.57,0,178.870,8.346,179.802,-18.11,20.74,147.31,-17.90,-8.22,173.57,54.408,54.452,-28.6072,-2.9118,209.31,506.63,-29.5021,-2.7227,,,0.25056,0
26.2656,9,18,4,2,251.25,583.50,capture,215.19,520.52,72.57,1,178.799,8.365,179.823,-18.17,20.63,147.23,-16.97,-8.18,172.94,54.596,54.005,-30.6506,-2.9350,215.19,520.52,-30.0190,-2.8182,,,0.25336,0
26.3560,9,18,4,2,251.25,583.50,capture,222.44,519.20,70.46,1,178.889,8.373,179.790,-18.12,20.63,147.17,-18.26,-7.66,173.17,54.374,53.907,-28.8734,-1.9837,222.44,519.20,-29.5034,-2.4427,,,0.22311,0
26.4712,9,18,4,2,251.25,583.50,capture,192.82,541.54,71.94,0,178.822,8.314,179.774,-18.28,20.54,147.26,-17.87,-8.63,173.73,54.452,54.291,-31.0576,-4.1045,192.82,541.54,-30.2028,-3.1905,,,0.21521,0
26.5909,9,18,4,2,251.25,583.50,capture,214.12,517.23,75.96,0,178.796,8.305,179.785,-18.26,20.70,147.19,-18.23,-7.64,173.61,53.972,53.934,-30.0151,-3.3440,214.12,517.23,-30.1183,-3.2596,,,0.22626,0
26.6871,9,18,4,2,251.25,583.50,capture,207.87,534.01,65.81,1,178.842,8.466,179.792,-18.26,20.39,146.91,-17.86,-7.82,172.83,53.799,54.398,-30.4679,-2.7992,207.87,534.01,-30.2756,-3.0524,,,0.23621,0
26.7912,9,18,4,2,251.25,583.50,capture,193.04,513.69,90.89,0,178.876,8.465,179.785,-18.18,20.38,146.70,-17.72,-7.40,172.65,53.697,54.192,-30.9366,-4.3055,193.04,513.69,-30.5731,-3.6163,,,0.20020,0
26.8968,9,18,4,2,251.25,583.50,capture,194.43,508.81,93.85,0,178.953,8.513,179.777,-18.22,20.43,146.98,-17.76,-8.47,173.02,53.525,54.020,-30.1303,-4.0023,194.43,508.81,-30.3738,-3.7900,,,0.21535,0
26.9788,9,18,4,2,251.25,583.50,capture,189.45,540.62,75.22,0,178.980,8.478,179.789,-18.23,20.35,146.89,-17.58,-7.59,173.31,53.762,53.822,-30.7483,-3.5380,189.45,540.62,-30.5423,-3.6766,,,0.25786,0
27.0608,9,18,4,2,251.25,583.50,capture,226.93,511.35,76.14,0,178.991,8.527,179.818,-18.12,20.62,147.11,-17.79,-8.65,173.78,54.055,53.508,-29.9830,-1.8630,226.93,511.35,-30.2906,-2.8605,,,0.21787,0
27.2512,10,22,5,2,251.25,713.17,dwell,132.82,437.61,299.93,0,178.907,8.378,179.825,-18.05,20.68,146.78,-17.97,-7.53,172.43,53.925,53.551,-26.9829,-6.4484,132.82,437.61,-26.9829,-6.4484,,,0.20696,0
27.3332,10,22,5,2,251.25,713.17,dwell,280.83,610.19,107.14,0,178.945,8.368,179.837,-18.01,20.73,146.81,-18.11,-7.76,172.90,53.986,53.827,-33.4421,0.3118,280.83,610.19,-29.8895,-3.4063,,,0.22147,0
27.4348,10,22,5,2,251.25,713.17,dwell,214.90,491.76,224.37,0,178.905,8.415,179.813,-17.89,20.64,146.62,-17.45,-7.28,172.58,53.941,53.857,-30.1023,-3.2896,214.90,491.76,-29.9853,-3.3538,,,0.20426,0
27.5322,10,22,5,2,251.25,713.17,dwell,323.07,677.41,80.23,0,178.969,8.406,179.814,-18.03,20.68,146.73,-17.59,-7.42,172.70,53.936,54.197,-36.1763,1.9257,323.07,677.41,-32.7712,-0.9780,,,0.21595,0
27.6497,10,22,5,2,251.25,713.17,dwell,139.38,510.16,231.79,0,179.101,8.459,179.881,-18.14,20.58,147.11,-18.01,-7.73,173.63,53.696,54.075,-30.1495,-6.7900,139.38,510.16,-31.5915,-3.5934,,,0.20835,0
27.7560,10,22,5,2,251.25,713.17,dwell,228.00,589.42,125.91,0,179.210,8.422,179.875,-18.14,20.54,147.10,-17.77,-9.04,173.04,53.559,54.382,-32.2652,-3.2106,228.00,589.42,-31.8946,-3.4211,,,0.21775,0
27.8574,10,22,5,2,251.25,713.17,dwell,274.11,503.01,211.40,0,179.035,8.355,179.887,-18.09,20.60,147.11,-17.20,-6.98,173.42,53.697,53.758,-28.9930,-0.1481,274.11,503.01,-30.5889,-1.9483,,,0.21615,0
27.9569,10,22,5,2,251.25,713.17,dwell,239.95,691.65,24.30,1,178.948,8.477,179.871,-18.10,20.45,147.51,-18.01,-8.41,174.35,53.395,54.140,-37.1255,-2.1305,239.95,691.65,-33.5304,-2.0303,,,0.20524,0
28.0566,10,22,5,2,251.25,713.17,dwell,260.97,541.92,171.52,0,178.873,8.549,179.908,-18.03,20.53,147.32,-17.95,-8.67,173.74,53.381,53.941,-32.3263,-0.5068,260.97,541.92,-32.9885,-1.3447,,,0.19485,0
28.1668,10,22,5,2,251.25,713.17,dwell,249.40,569.89,143.29,0,178.886,8.595,179.878,-18.12,20.64,147.57,-17.91,-7.93,173.35,53.532,53.975,-31.8315,-1.8720,249.40,569.89,-32.4679,-1.5820,,,0.21659,0
28.2668,10,22,5,2,251.25,713.17,dwell,259.50,559.83,153.56,0,179.015,8.479,179.839,-18.10,20.77,147.80,-17.78,-7.31,174.17,53.666,53.762,-31.7231,-1.0043,259.50,559.83,-32.1327,-1.3220,,,0.19694,0
28.3724,10,22,5,2,251.25,713.17,capture,262.70,616.21,97.63,0,179.040,8.507,179.843,-18.02,20.91,147.57,-17.06,-7.61,174.40,53.634,53.881,-33.2414,-0.4025,262.70,616.21,-32.6316,-0.9083,,,0.17005,0
28.4911,10,22,5,2,251.25,713.17,capture,285.67,578.85,138.66,0,178.867,8.460,179.851,-18.07,20.92,147.64,-17.43,-7.70,174.16,53.262,53.805,-31.5807,0.5927,285.67,578.85,-32.1587,-0.2328,,,0.16687,0
28.5888,10,22,5,2,251.25,713.17,capture,289.81,605.63,114.24,0,178.971,8.557,179.869,-18.09,20.79,147.73,-18.40,-7.98,174.04,53.278,53.906,-33.2046,0.8556,289.81,605.63,-32.6294,0.2569,,,0.20268,0
28.6990,10,22,5,2,251.25,713.17,capture,296.72,606.75,115.72,0,178.940,8.549,179.867,-17.94,20.90,147.87,-17.80,-7.70,174.27,53.754,53.631,-33.1935,1.0154,296.72,606.75,-32.8832,0.5983,,,0.20729,0
28.8015,10,22,5,2,251.25,713.17,capture,285.50,618.26,100.90,0,178.904,8.674,179.845,-17.91,20.85,147.77,-18.02,-6.58,173.93,53.672,53.763,-33.7083,0.2311,285.50,618.26,-33.2545,0.4330,,,0.22622,0
28.8893,10,22,5,2,251.25,713.17,capture,271.51,567.73,146.84,0,178.906,8.600,179.824,-17.99,20.83,147.67,-17.78,-8.04,173.89,53.446,53.862,-32.7974,0.1851,271.51,567.73,-33.0488,0.3215,,,0.17747,0
29.0004,10,22,5,2,251.25,713.17,capture,279.50,578.30,137.79,0,178.867,8.652,179.828,-18.15,20.81,147.68,-17.61,-8.76,174.15,53.663,53.754,-32.9546,0.7087,279.50,578.30,-33.0064,0.4957,,,0.20015,0
29.0897,10,22,5,2,251.25,713.17,capture,285.49,608.87,109.77,0,178.883,8.677,179.839,-18.12,20.75,147.55,-18.01,-7.23,173.74,53.829,54.107,-33.0298,0.7369,285.49,608.87,-33.0169,0.6043,,,0.19651,0
29.1809,10,22,5,2,251.25,713.17,capture,294.70,603.15,118.29,0,178.838,8.617,179.822,-18.20,20.65,147.81,-17.43,-7.83,173.95,53.591,53.886,-33.7644,0.3272,294.70,603.15,-33.3533,0.4796,,,0.20806,0
29.2732,10,22,5,2,251.25,713.17,capture,281.25,581.15,135.38,0,178.781,8.549,179.804,-18.22,20.55,147.71,-17.56,-7.68,173.59,53.535,54.169,-32.9542,-0.0467,281.25,581.15,-33.1737,0.2428,,,0.22083,0
29.3632,10,22,5,2,251.25,713.17,capture,295.73,583.37,137.21,0,178.826,8.700,179.830,-18.29,20.51,147.77,-17.87,-8.24,174.47,53.251,54.167,-33.0615,1.0975,295.73,583.37,-33.1232,0.6274,,,0.22223,0
29.4635,10,22,5,2,251.25,713.17,capture,277.84,602.66,113.66,0,178.767,8.632,179.833,-18.52,20.41,148.00,-18.32,-7.49,174.39,53.845,53.998,-33.4436,-0.9579,277.84,602.66,-33.2674,-0.0860,,,0.21291,0
29.5689,10,22,5,2,251.25,713.17,capture,285.96,608.51,110.26,0,178.765,8.637,179.818,-18.37,20.38,147.99,-18.03,-7.92,174.43,53.893,53.836,-33.2445,0.5596,285.96,608.51,-33.2571,0.2045,,,0.22852,0
29.6771,10,22,5,2,251.25,713.17,capture,285.94,593.71,124.39,0,178.854,8.614,179.819,-18.30,20.44,147.98,-17.31,-7.59,174.24,53.999,53.821,-32.3910,0.2726,285.94,593.71,-32.8674,0.2351,,,0.21104,0
29.7736,10,22,5,2,251.25,713.17,capture,270.65,584.26,130.36,0,178.975,8.605,179.821,-18.38,20.37,148.04,-17.87,-7.53,174.62,53.802,53.961,-32.9741,0.0248,270.65,584.26,-32.9154,0.1405,,,0.21280,0
29.8712,10,22,5,2,251.25,713.17,capture,283.88,564.25,152.45,0,179.021,8.642,179.834,-18.42,20.32,148.02,-18.07,-8.06,174.10,54.091,53.852,-31.8998,0.1988,283.88,564.25,-32.4584,0.1667,,,0.24536,0
29.9765,10,22,5,2,251.25,713.17,capture,276.12,610.83,105.32,0,178.919,8.737,179.789,-18.41,20.42,148.14,-17.97,-7.99,174.82,53.755,54.053,-32.7717,0.2238,276.12,610.83,-32.5994,0.1924,,,0.20644,0
30.0803,10,22,5,2,251.25,713.17,capture,276.52,593.90,121.91,0,178.955,8.783,179.803,-18.47,20.59,148.04,-18.41,-8.39,174.35,53.612,54.078,-32.3667,-0.1228,276.52,593.90,-32.4947,0.0506,,,0.18786,0
30.1953,10,22,5,2,251.25,713.17,capture,275.14,619.41,96.75,0,179.009,8.628,179.788,-18.47,20.49,147.95,-17.40,-7.66,174.31,53.526,54.100,-34.9385,-0.3533,275.14,619.41,-33.5944,-0.1312,,,0.20840,0
30.2794,10,22,5,2,251.25,713.17,capture,248.37,602.42,110.78,0,178.995,8.651,179.854,-18.43,20.43,148.00,-17.89,-8.58,174.41,53.718,54.275,-33.0775,-0.7987,248.37,602.42,-33.3618,-0.4316,,,0.21487,0
30.4295,11,0,0,0,50.25,64.83,dwell,202.74,408.68,376.14,0,178.968,8.489,179.827,-18.47,20.48,147.89,-17.69,-7.52,174.16,53.328,54.514,-25.8075,-3.8109,202.74,408.68,-25.8075,-3.8109,,,0.18785,0
30.5266,11,0,0,0,50.25,64.83,dwell,218.38,435.01,406.57,0,178.908,8.317,179.806,-18.32,20.51,147.86,-18.08,-8.42,174.23,53.574,54.084,-26.4621,-2.6338,218.38,435.01,-26.1021,-3.2812,,,0.22532,0
30.6413,11,0,0,0,50.25,64.83,dwell,215.41,390.05,364.75,0,178.894,8.309,179.829,-18.34,20.62,147.53,-18.13,-7.76,174.09,53.892,53.850,-25.2520,-2.5213,215.41,390.05,-25.7196,-2.9392,,,0.24006,0
30.7455,11,0,0,0,50.25,64.83,dwell,202.06,341.48,315.56,0,178.822,8.266,179.849,-18.37,20.81,147.63,-17.99,-7.87,173.48,54.062,53.903,-22.6593,-3.4870,202.06,341.48,-24.3424,-3.1857,,,0.21325,0
30.8413,11,0,0,0,50.25,64.83,dwell,228.81,353.35,339.30,0,178.918,8.173,179.861,-18.46,20.91,147.78,-18.01,-7.34,173.99,53.875,53.802,-23.0720,-2.0248,228.81,353.35,-23.7707,-2.6633,,,0.18900,0
30.9345,11,0,0,0,50.25,64.83,dwell,127.56,181.06,139.59,0,178.997,8.130,179.842,-18.55,20.93,147.69,-18.43,-7.96,174.53,54.364,53.556,-16.3899,-7.2746,127.56,181.06,-20.4494,-4.7384,,,0.21093,0
31.0343,11,0,0,0,50.25,64.83,dwell,135.66,214.84,172.62,0,178.942,8.100,179.829,-18.58,20.90,147.68,-17.96,-7.20,173.91,54.096,53.818,-17.3645,-6.9922,135.66,214.84,-19.0612,-5.7526,,,0.21653,0
31.1360,11,0,0,0,50.25,64.83,dwell,155.12,184.66,159.24,0,178.911,7.970,179.802,-18.60,20.97,147.77,-18.32,-7.31,174.19,54.081,54.059,-16.9764,-6.0427,155.12,184.66,-18.1230,-5.8832,,,0.22948,0
31.2428,11,0,0,0,50.25,64.83,dwell,150.65,146.86,129.65,0,178.890,7.988,179.820,-18.68,20.90,147.98,-17.92,-7.32,174.08,54.063,54.090,-15.5716,-5.4973,150.65,146.86,-16.9749,-5.7095,,,0.21389,0
31.3561,11,0,0,0,50.25,64.83,dwell,80.02,101.30,47.08,1,178.893,7.866,179.828,-18.61,20.92,148.05,-18.69,-6.90,174.65,53.531,54.355,-14.1248,-9.2018,80.02,101.30,-15.6923,-7.2810,,,0.18673,0
31.4612,11,0,0,0,50.25,64.83,capture,94.26,106.36,60.51,1,179.036,7.836,179.821,-18.59,20.75,147.94,-17.65,-7.79,174.23,53.750,54.644,-13.6960,-8.2585,94.26,106.36,-14.7940,-7.7209,,,0.17595,0
31.5687,11,0,0,0,50.25,64.83,capture,107.04,91.92,62.92,0,178.973,7.884,179.844,-18.59,20.84,147.81,-18.24,-7.33,174.58,53.453,54.315,-13.4158,-7.5970,107.04,91.92,-14.1738,-7.6651,,,0.20025,0
31.6600,11,0,0,0,50.25,64.83,capture,124.25,78.28,75.21,0,178.945,7.763,179.842,-18.62,20.82,147.72,-18.04,-7.42,174.22,53.511,54.457,-12.6225,-6.6703,124.25,78.28,-13.4757,-7.2175,,,0.20648,0
31.7555,11,0,0,0,50.25,64.83,capture,99.70,77.82,51.13,1,178.886,7.728,179.825,-18.63,20.49,147.42,-18.18,-8.88,173.43,53.405,54.215,-13.7362,-7.9770,99.70,77.82,-13.5929,-7.5592,,,0.19716,0
31.8499,11,0,0,0,50.25,64.83,capture,76.64,41.87,34.98,1,178.762,7.693,179.818,-18.45,20.89,147.33,-18.48,-7.64,174.06,53.743,53.867,-11.4719,-8.8321,76.64,41.87,-12.6385,-8.1320,,,0.20525,0
31.9579,11,0,0,0,50.25,64.83,capture,83.20,84.11,38.17,1,178.797,7.790,179.809,-18.37,20.90,147.26,-17.77,-7.63,173.60,53.848,53.478,-12.9021,-9.2317,83.20,84.11,-12.7571,-8.6269,,,0.22210,0
32.0608,11,0,0,0,50.25,64.83,capture,114.44,89.97,68.94,0,178.899,7.600,179.805,-18.33,20.98,147.23,-17.80,-8.31,173.23,53.882,53.754,-12.8766,-7.7507,114.44,89.97,-12.8109,-8.2326,,,0.23771,0
32.1428,11,0,0,0,50.25,64.83,capture,107.86,94.71,64.90,0,179.001,7.556,179.799,-18.36,20.89,147.25,-18.75,-8.26,173.56,53.765,53.858,-13.9153,-7.6932,107.86,94.71,-13.3078,-7.9899,,,0.23810,0
32.2476,11,0,0,0,50.25,64.83,capture,67.44,58.15,18.44,1,179.031,7.544,179.803,-18.31,20.73,147.30,-17.85,-8.00,173.51,53.733,54.244,-11.8289,-9.7012,67.44,58.15,-12.6423,-8.7600,,,0.19990,0
32.3467,11,0,0,0,50.25,64.83,capture,99.90,55.14,50.59,1,178.929,7.580,179.802,-18.34,20.57,147.28,-18.38,-7.74,173.47,54.111,54.274,-11.1631,-7.9036,99.90,55.14,-11.9767,-8.3746,,,0.20985,0
32.4479,11,0,0,0,50.25,64.83,capture,105.46,71.38,55.60,0,178.883,7.536,179.818,-18.32,20.30,147.49,-18.03,-8.76,173.82,54.109,54.227,-13.1941,-7.5867,105.46,71.38,-12.5245,-8.0201,,,0.20128,0
32.5430,11,0,0,0,50.25,64.83,capture,90.19,88.83,46.59,1,179.016,7.530,179.799,-18.29,20.39,147.46,-18.07,-8.96,174.10,54.174,54.336,-12.8941,-8.5573,90.19,88.83,-12.6908,-8.2618,,,0.23079,0
32.6423,11,0,0,0,50.25,64.83,capture,84.80,65.36,34.55,1,178.842,7.481,179.829,-18.27,20.46,147.57,-17.49,-7.86,173.76,53.836,54.231,-12.5526,-8.8062,84.80,65.36,-12.6286,-8.5068,,,0.18701,0
32.7295,11,0,0,0,50.25,64.83,capture,98.42,74.50,49.13,1,178.991,7.575,179.805,-18.26,20.59,147.74,-17.69,-7.81,174.07,53.765,54.174,-12.5656,-8.3809,98.42,74.50,-12.6003,-8.4501,,,0.21416,0
32.8367,11,0,0,0,50.25,64.83,capture,89.40,42.67,44.99,1,179.002,7.532,179.821,-18.32,20.67,147.81,-17.28,-8.27,173.82,53.581,54.255,-11.5007,-8.7069,89.40,42.67,-12.1055,-8.5657,,,0.20618,0
32.9515,11,0,0,0,50.25,64.83,capture,99.50,65.92,49.26,1,179.109,7.467,179.827,-18.39,20.68,147.68,-18.63,-7.27,174.02,53.638,54.371,-12.5474,-8.2566,99.50,65.92,-12.3044,-8.4266,,,0.21238,0
33.0447,11,0,0,0,50.25,64.83,capture,87.72,61.96,37.58,1,179.062,7.388,179.836,-18.44,20.75,147.56,-17.93,-7.79,174.19,53.358,54.040,-11.8087,-9.1946,87.72,61.96,-12.0813,-8.7722,,,0.19632,0
33.1482,11,0,0,0,50.25,64.83,capture,94.78,50.44,46.80,1,179.044,7.356,179.824,-18.37,20.67,147.61,-18.46,-7.83,173.87,53.617,54.488,-11.7507,-8.1186,94.78,50.44,-11.9325,-8.4781,,,0.19901,0
33.2302,11,0,0,0,50.25,64.83,capture,89.51,89.71,46.48,1,179.056,7.277,179.808,-18.35,20.76,147.49,-17.75,-8.64,173.86,53.724,54.377,-13.5692,-8.6324,89.51,89.71,-12.6690,-8.5475,,,0.20078,0
33.4187,12,16,4,0,50.25,583.50,dwell,18.05,191.39,393.43,0,178.959,7.511,179.791,-18.38,20.86,147.44,-18.11,-7.42,173.49,53.230,54.429,-16.8498,-12.2925,18.05,191.39,-16.8498,-12.2925,,,0.19411,0
33.5247,12,16,4,0,50.25,583.50,dwell,65.58,164.14,419.64,0,178.842,7.498,179.797,-18.42,20.79,147.21,-17.77,-7.01,173.93,53.574,54.127,-17.1590,-10.2725,65.58,164.14,-16.9890,-11.3835,,,0.21343,0
33.6311,12,16,4,0,50.25,583.50,dwell,5.95,382.07,206.24,0,178.877,7.550,179.836,-18.51,20.86,147.35,-18.52,-7.43,173.54,53.999,54.238,-24.8050,-12.7145,5.95,382.07,-20.5062,-11.9825,,,0.20343,0
33.7308,12,16,4,0,50.25,583.50,dwell,45.81,201.16,382.37,0,178.818,7.576,179.819,-18.50,20.78,147.46,-18.01,-7.91,173.59,53.581,54.409,-17.4704,-10.4751,45.81,201.16,-19.1401,-11.3042,,,0.22112,0
33.8246,12,16,4,0,50.25,583.50,dwell,100.39,296.68,291.17,0,178.808,7.678,179.794,-18.49,20.73,147.51,-17.97,-7.84,173.77,53.589,54.333,-22.0014,-7.8971,100.39,296.68,-20.4277,-9.7710,,,0.21700,0
33.9247,12,16,4,0,50.25,583.50,dwell,14.95,435.17,152.47,0,178.754,7.727,179.789,-18.64,20.61,147.49,-17.97,-7.79,173.87,53.959,54.006,-26.7819,-13.1960,14.95,435.17,-23.2871,-11.3123,,,0.21985,0
34.0257,12,16,4,0,50.25,583.50,dwell,17.36,470.84,117.36,0,178.762,7.747,179.798,-18.57,20.79,147.43,-17.96,-7.84,173.63,54.329,53.863,-27.5342,-12.1328,17.36,470.84,-25.1983,-11.6815,,,0.20944,0
34.1179,12,16,4,0,50.25,583.50,dwell,28.42,450.84,134.44,0,178.842,7.808,179.808,-18.50,20.72,147.32,-18.01,-7.60,173.85,53.730,53.756,-27.2971,-11.6943,28.42,450.84,-26.1428,-11.6873,,,0.21763,0
34.2097,12,16,4,0,50.25,583.50,dwell,-14.48,452.97,145.70,0,178.877,7.894,179.827,-18.44,20.81,147.33,-18.82,-7.41,173.30,53.455,53.828,-26.1787,-13.9444,-14.48,452.97,-26.1589,-12.7030,,,0.21924,0
34.3409,12,16,4,0,50.25,583.50,dwell,5.86,493.49,100.36,0,179.050,8.045,179.834,-18.37,20.94,147.36,-17.40,-7.85,173.48,53.213,54.040,-28.1242,-12.5509,5.86,493.49,-27.0433,-12.6346,,,0.20856,0
34.4405,12,16,4,0,50.25,583.50,dwell,8.08,500.56,93.04,0,178.931,8.019,179.785,-18.37,21.01,147.45,-17.62,-7.88,174.08,53.228,54.384,-29.3632,-12.3994,8.08,500.56,-28.0872,-12.5287,,,0.20433,0
34.5388,12,16,4,0,50.25,583.50,capture,2.46,540.90,64.02,1,178.959,8.273,179.796,-18.35,21.20,147.52,-17.98,-7.95,173.54,53.216,54.172,-29.8925,-12.5328,2.46,540.90,-28.8996,-12.5305,,,0.19800,0
34.6242,12,16,4,0,50.25,583.50,capture,7.74,510.53,84.45,0,178.844,8.303,179.783,-18.33,21.18,147.70,-17.97,-7.25,174.26,53.362,54.546,-29.8828,-12.7632,7.74,510.53,-29.3421,-12.6352,,,0.20590,0
34.7312,12,16,4,0,50.25,583.50,capture,-21.81,533.40,87.76,0,178.878,8.312,179.782,-18.36,21.19,147.60,-17.59,-7.76,174.15,53.324,54.012,-30.6520,-13.2520,-21.81,533.40,-29.9316,-12.9128,,,0.22042,0
34.8337,12,16,4,0,50.25,583.50,capture,-32.39,536.49,95.08,0,178.961,8.458,179.807,-18.31,21.23,147.57,-18.06,-7.76,173.91,53.211,53.904,-31.2713,-14.5197,-32.39,536.49,-30.5344,-13.6359,,,0.21061,0
34.9323,12,16,4,0,50.25,583.50,capture,-43.39,513.02,117.20,0,178.966,8.577,179.769,-18.42,21.26,147.65,-17.72,-7.10,173.64,53.278,54.354,-30.1510,-14.3674,-43.39,513.02,-30.3619,-13.9651,,,0.19124,0
35.0369,12,16,4,0,50.25,583.50,capture,-34.02,522.94,103.77,0,178.844,8.688,179.794,-18.38,21.35,147.57,-17.88,-6.07,174.15,53.389,54.596,-30.4769,-14.5853,-34.02,522.94,-30.4136,-14.2442,,,0.19537,0
35.1475,12,16,4,0,50.25,583.50,capture,-20.29,549.17,78.45,0,178.854,8.736,179.813,-18.44,21.31,147.40,-18.08,-8.15,173.88,53.482,54.450,-31.1807,-14.3174,-20.29,549.17,-30.7588,-14.2771,,,0.21814,0
35.2509,12,16,4,0,50.25,583.50,capture,-14.43,545.93,74.80,0,178.855,8.654,179.803,-18.32,21.17,147.41,-17.92,-7.30,173.62,53.228,54.483,-30.8315,-13.2030,-14.43,545.93,-30.7915,-13.7938,,,0.20089,0
35.3412,12,16,4,0,50.25,583.50,capture,3.30,526.17,74.10,1,178.852,8.544,179.821,-18.37,21.02,147.49,-18.02,-8.47,174.04,52.932,54.432,-30.9206,-12.2036,3.30,526.17,-30.8496,-13.0782,,,0.18982,0
35.4400,12,16,4,0,50.25,583.50,capture,7.51,538.76,61.87,1,178.955,8.580,179.786,-18.32,20.87,147.58,-17.88,-7.50,174.01,53.019,54.342,-31.3613,-12.4128,7.51,538.76,-31.0799,-12.7788,,,0.19504,0
35.5369,12,16,4,0,50.25,583.50,capture,-30.37,540.10,91.56,0,178.916,8.528,179.797,-18.35,20.90,147.50,-18.28,-7.43,173.53,53.172,54.419,-30.7491,-14.0451,-30.37,540.10,-30.9310,-13.3486,,,0.18574,0
35.6407,12,16,4,0,50.25,583.50,capture,-10.84,572.17,62.13,0,178.914,8.454,179.786,-18.32,20.59,147.34,-18.50,-7.37,173.72,52.950,54.496,-32.2289,-12.7497,-10.84,572.17,-31.5151,-13.0791,,,0.19591,0
35.7431,12,16,4,0,50.25,583.50,capture,-18.59,560.62,72.54,0,178.884,8.433,179.814,-18.45,20.51,147.56,-18.16,-8.30,174.05,52.949,54.601,-31.3677,-13.5385,-18.59,560.62,-31.4487,-13.2858,,,0.21936,0
35.8505,12,16,4,0,50.25,583.50,capture,-29.45,549.63,86.60,0,178.870,8.573,179.805,-18.48,20.62,147.52,-17.88,-7.48,173.45,53.199,54.708,-31.2158,-14.1517,-29.45,549.63,-31.3439,-13.6755,,,0.20054,0
35.9439,12,16,4,0,50.25,583.50,capture,-21.03,527.10,90.89,0,178.838,8.501,179.829,-18.38,20.50,147.24,-17.73,-8.49,173.00,53.297,54.832,-31.1331,-13.9421,-21.03,527.10,-31.2491,-13.7954,,,0.18543,0
36.0474,12,16,4,0,50.25,583.50,capture,-0.70,550.33,60.80,0,178.963,8.508,179.837,-18.47,20.65,147.20,-17.85,-7.90,173.47,53.624,54.869,-31.2161,-13.2764,-0.70,550.33,-31.2342,-13.5619,,,0.22187,0
36.1433,12,16,4,0,50.25,583.50,capture,-25.34,537.64,88.41,0,178.873,8.649,179.838,-18.57,20.55,147.11,-18.26,-8.74,173.42,53.400,54.898,-29.6477,-13.9453,-25.34,537.64,-30.5203,-13.7344,,,0.18754,0
36.2483,12,16,4,0,50.25,583.50,capture,-6.41,532.25,76.40,0,178.908,8.677,179.836,-18.61,20.58,147.05,-18.26,-8.47,173.11,53.627,54.399,-30.6941,-13.0644,-6.41,532.25,-30.5985,-13.4329,,,0.20503,0
36.3378,12,16,4,0,50.25,583.50,capture,-20.07,537.91,83.81,0,178.810,8.752,179.851,-18.55,20.61,147.12,-17.56,-7.73,173.48,53.703,54.523,-29.9874,-14.3840,-20.07,537.91,-30.3235,-13.8609,,,0.21327,0
36.4371,12,16,4,0,50.25,583.50,capture,-31.43,545.32,90.16,0,178.673,8.555,179.827,-18.49,20.49,147.24,-17.91,-7.65,173.31,53.268,54.757,-30.2723,-14.3508,-31.43,545.32,-30.3005,-14.0814,,,0.20284,0
36.5437,12,16,4,0,50.25,583.50,capture,-28.36,529.92,95.13,0,178.810,8.446,179.810,-18.55,20.65,147.31,-18.17,-8.24,173.26,53.486,53.902,-29.8715,-14.1216,-28.36,529.92,-30.1074,-14.0995,,,0.23658,0
36.7262,13,23,5,3,351.75,713.17,dwell,-7.64,607.66,374.56,0,178.664,8.522,179.814,-18.55,20.67,147.38,-18.07,-8.52,173.70,53.603,53.946,-33.6731,-13.3421,-7.64,607.66,-33.6731,-13.3421,,,0.19564,0
36.8236,13,23,5,3,351.75,713.17,dwell,202.86,691.67,150.43,0,178.605,8.536,179.814,-18.54,20.63,147.24,-18.00,-8.50,173.60,53.563,54.222,-36.1583,-3.4001,202.86,691.67,-34.7914,-8.8682,,,0.20472,0
36.9314,13,23,5,3,351.75,713.17,dwell,265.33,488.65,240.57,0,178.562,8.464,179.823,-18.55,20.72,147.20,-18.12,-7.97,173.61,53.619,54.092,-29.7074,-0.8594,265.33,488.65,-32.5036,-5.2643,,,0.19960,0
37.0134,13,23,5,3,351.75,713.17,dwell,208.24,546.89,219.64,0,178.517,8.512,179.828,-18.60,20.78,147.41,-17.90,-8.67,173.73,53.768,53.996,-31.1139,-3.0569,208.24,546.89,-31.8782,-4.2710,,,0.19457,0
37.1154,13,23,5,3,351.75,713.17,dwell,225.59,640.01,145.84,0,178.651,8.522,179.823,-18.60,20.75,147.47,-18.48,-7.91,173.70,54.246,54.072,-33.9167,-2.6922,225.59,640.01,-32.7955,-3.5605,,,0.23370,0
37.2105,13,23,5,3,351.75,713.17,dwell,215.30,664.15,144.99,0,178.621,8.750,179.799,-18.57,20.84,147.45,-18.06,-7.81,173.61,54.123,53.700,-35.0990,-3.2059,215.30,664.15,-33.8321,-3.4010,,,0.22571,0
37.3197,13,23,5,3,351.75,713.17,dwell,277.90,670.38,85.35,0,178.701,8.845,179.812,-18.58,20.82,147.35,-18.01,-7.93,173.99,54.233,53.964,-35.7470,0.7792,277.90,670.38,-34.6938,-1.5199,,,0.25142,0
37.4250,13,23,5,3,351.75,713.17,dwell,290.63,708.10,61.33,0,178.662,8.858,179.799,-18.60,20.78,147.53,-18.22,-7.83,174.17,54.061,53.803,-37.2526,0.7436,290.63,708.10,-35.8452,-0.5013,,,0.21858,0
37.5281,13,23,5,3,351.75,713.17,capture,320.91,705.40,31.80,1,178.828,8.857,179.783,-18.57,20.83,147.47,-18.33,-8.15,173.69,54.071,53.977,-37.9500,2.5773,320.91,705.40,-36.7924,0.8841,,,0.22593,0
37.6188,13,23,5,3,351.75,713.17,capture,327.10,700.54,27.70,1,178.865,8.818,179.791,-18.56,20.95,147.41,-18.30,-8.23,173.30,53.235,54.058,-38.1181,1.6835,327.10,700.54,-37.3890,1.2438,,,0.19293,0
37.7197,13,23,5,3,351.75,713.17,capture,302.60,709.25,49.31,1,178.899,8.821,179.827,-18.49,20.92,147.20,-17.49,-8.32,173.93,53.285,54.167,-37.5334,0.2496,302.60,709.25,-37.4540,0.7964,,,0.17516,0
37.8219,13,23,5,3,351.75,713.17,capture,295.39,678.18,66.34,0,178.894,8.821,179.814,-18.42,20.96,147.35,-17.59,-7.91,174.00,53.240,54.444,-36.2868,0.2365,295.39,678.18,-36.9287,0.5445,,,0.22162,0
37.9327,13,23,5,3,351.75,713.17,capture,315.45,681.41,48.23,1,178.913,8.840,179.802,-18.33,20.78,147.30,-17.84,-7.51,173.78,53.522,54.323,-35.7644,1.6462,315.45,681.41,-36.4048,1.0402,,,0.20952,0
38.0311,13,23,5,3,351.75,713.17,capture,326.06,677.39,44.04,1,178.953,8.793,179.782,-18.40,20.74,147.34,-18.03,-6.84,173.68,53.573,54.539,-36.4941,2.1576,326.06,677.39,-36.4450,1.5431,,,0.20733,0
38.1487,13,23,5,3,351.75,713.17,capture,321.28,689.75,38.43,1,178.967,8.830,179.782,-18.32,20.68,147.25,-17.80,-8.42,173.77,53.954,54.720,-36.7977,2.3992,321.28,689.75,-36.6037,1.9283,,,0.20649,0
38.2590,13,23,5,3,351.75,713.17,capture,334.87,719.36,17.98,1,178.935,8.932,179.799,-18.35,20.63,147.48,-17.74,-8.53,173.67,53.870,54.803,-37.9975,2.1745,334.87,719.36,-37.2309,2.0391,,,0.21684,0
38.3549,13,23,5,3,351.75,713.17,capture,320.89,697.62,34.55,1,178.918,8.877,179.779,-18.29,20.69,147.62,-18.32,-7.39,173.62,54.205,54.980,-36.5285,2.1923,320.89,697.62,-36.9148,2.1080,,,0.24248,0
38.4543,13,23,5,3,351.75,713.17,capture,337.59,705.25,16.22,1,178.772,8.739,179.777,-18.36,20.51,147.52,-18.08,-7.77,174.41,53.792,54.949,-36.4300,2.7090,337.59,705.25,-36.6966,2.3785,,,0.25183,0
38.5684,13,23,5,3,351.75,713.17,capture,319.57,693.94,37.49,1,178.852,8.902,179.772,-18.35,20.69,147.63,-18.10,-8.37,174.21,53.535,54.822,-36.6456,2.0682,319.57,693.94,-36.6737,2.2389,,,0.20608,0
38.6592,13,23,5,3,351.75,713.17,capture,339.80,711.21,12.11,1,178.873,8.947,179.790,-18.27,20.85,147.68,-17.85,-8.45,173.90,53.521,54.720,-37.8454,3.0051,339.80,711.21,-37.2009,2.5837,,,0.22984,0
38.7412,13,23,5,3,351.75,713.17,capture,320.54,716.21,31.36,1,178.828,8.779,179.824,-18.23,20.77,147.46,-17.32,-7.66,173.78,53.412,54.530,-37.1182,2.3977,320.54,716.21,-37.1637,2.5000,,,0.20909,0
38.8604,13,23,5,3,351.75,713.17,capture,329.76,675.95,43.23,1,178.748,8.614,179.806,-18.33,20.69,147.33,-17.76,-8.13,173.72,53.557,54.463,-36.0307,1.7329,329.76,675.95,-36.6539,2.1548,,,0.20750,0
38.9603,13,23,5,3,351.75,713.17,capture,309.76,724.86,43.59,1,178.699,8.650,179.830,-18.28,20.66,147.39,-18.18,-8.91,172.99,53.662,54.414,-38.5725,1.2347,309.76,724.86,-37.5173,1.7408,,,0.21288,0
39.0618,13,23,5,3,351.75,713.17,capture,341.99,709.31,10.49,1,178.662,8.673,179.850,-18.26,20.67,147.36,-17.95,-7.68,173.17,53.734,54.423,-37.6044,2.7867,341.99,709.31,-37.5565,2.2114,,,0.22321,0
39.1663,13,23,5,3,351.75,713.17,capture,326.72,709.45,25.30,1,178.820,8.606,179.842,-18.25,20.73,147.61,-18.08,-7.73,174.21,53.612,54.817,-36.9574,2.2865,326.72,709.45,-37.2869,2.2452,,,0.19658,0
39.2699,13,23,5,3,351.75,713.17,capture,351.90,694.02,19.15,1,178.780,8.818,179.855,-18.18,20.71,147.95,-17.72,-7.56,174.01,53.619,54.813,-37.4499,3.4128,351.90,694.02,-37.3602,2.7706,,,0.22644,0
39.3731,13,23,5,3,351.75,713.17,capture,337.73,721.54,16.33,1,178.757,8.773,179.856,-18.22,20.78,148.03,-18.14,-7.19,174.54,53.482,54.050,-37.1586,3.0466,337.73,721.54,-37.2695,2.8948,,,0.20658,0
39.4830,13,23,5,3,351.75,713.17,capture,328.48,710.75,23.40,1,178.706,8.901,179.869,-18.22,20.87,147.89,-17.44,-7.08,174.52,53.499,53.670,-37.2083,2.8743,328.48,710.75,-37.2420,2.8856,,,0.18963,0
39.6521,14,4,1,0,50.25,194.50,dwell,337.35,744.14,620.11,0,178.829,8.844,179.859,-18.17,21.04,147.97,-17.26,-6.71,174.24,53.361,53.882,-38.5342,2.8338,337.35,744.14,-38.5342,2.8338,,,0.22022,0
39.7530,14,4,1,0,50.25,194.50,dwell,283.03,585.16,454.75,0,178.843,8.626,179.855,-18.08,20.79,147.92,-17.67,-8.81,174.12,53.756,54.501,-32.5133,0.4684,283.03,585.16,-35.8248,1.7693,,,0.21278,0
39.8601,14,4,1,0,50.25,194.50,dwell,227.35,445.07,306.84,0,178.825,8.432,179.834,-18.10,20.78,148.02,-18.26,-7.99,174.55,53.855,54.489,-27.3410,-1.9236,227.35,445.07,-32.0071,0.1075,,,0.22450,0
39.9727,14,4,1,0,50.25,194.50,dwell,173.70,483.02,313.82,0,178.852,8.337,179.812,-18.26,21.01,147.92,-17.62,-8.07,174.51,53.638,54.507,-29.6543,-5.2060,173.70,483.02,-30.9483,-2.2836,,,0.21529,0
40.0686,14,4,1,0,50.25,194.50,dwell,305.45,436.16,351.46,0,178.889,8.268,179.802,-18.38,20.98,147.90,-17.25,-7.49,174.42,53.430,54.521,-26.9212,1.3292,305.45,436.16,-29.1361,-0.6578,,,0.21867,0
40.1628,14,4,1,0,50.25,194.50,dwell,248.04,334.90,242.56,0,178.938,8.042,179.828,-18.38,20.91,147.95,-17.94,-8.34,174.38,53.531,54.904,-22.7167,-1.3520,248.04,334.90,-26.2474,-0.9702,,,0.19551,0
40.2629,14,4,1,0,50.25,194.50,dwell,189.75,348.36,207.69,0,178.856,8.162,179.817,-18.44,20.83,147.79,-17.56,-7.81,174.28,53.717,54.271,-23.9362,-4.0281,189.75,348.36,-25.2074,-2.3463,,,0.21797,0
40.3710,14,4,1,0,50.25,194.50,dwell,219.46,285.74,192.24,0,178.836,8.098,179.834,-18.31,21.10,147.99,-17.84,-7.50,174.93,53.863,53.989,-20.1307,-2.2723,219.46,285.74,-22.9228,-2.3130,,,0.21679,0
40.4612,14,4,1,0,50.25,194.50,dwell,273.19,247.99,229.27,0,178.832,8.020,179.865,-18.25,20.94,148.09,-17.59,-8.23,174.63,53.524,53.511,-19.2661,-0.4750,273.19,247.99,-21.2773,-1.4859,,,0.22432,0
40.5779,14,4,1,0,50.25,194.50,dwell,209.79,192.84,159.55,0,178.804,7.799,179.844,-18.17,20.94,147.96,-17.34,-6.97,174.85,53.833,53.719,-17.6617,-3.6152,209.79,192.84,-19.6503,-2.4441,,,0.21413,0
40.6865,14,4,1,0,50.25,194.50,capture,191.52,178.03,142.23,0,178.822,7.829,179.878,-18.24,20.91,147.93,-17.39,-7.24,174.67,54.086,53.904,-17.4916,-3.7692,191.52,178.03,-18.6789,-3.0404,,,0.25621,0
40.7954,14,4,1,0,50.25,194.50,capture,181.92,200.45,131.80,0,178.870,7.760,179.868,-18.27,21.08,147.83,-17.79,-7.44,174.88,53.683,54.013,-17.7624,-4.1667,181.92,200.45,-18.2665,-3.5472,,,0.22164,0
40.8936,14,4,1,0,50.25,194.50,capture,201.95,191.58,151.73,0,178.814,7.624,179.870,-18.28,20.99,147.69,-17.99,-7.86,173.41,53.481,53.840,-17.8225,-4.1970,201.95,191.58,-18.0667,-3.8396,,,0.22548,0
40.9949,14,4,1,0,50.25,194.50,capture,198.77,187.46,148.69,0,178.778,7.421,179.838,-18.24,21.09,147.81,-17.88,-7.32,174.22,54.249,53.944,-17.6003,-3.5654,198.77,187.46,-17.8568,-3.7162,,,0.23092,0
41.0976,14,4,1,0,50.25,194.50,capture,194.61,190.96,144.40,0,178.806,7.468,179.794,-18.31,20.95,147.83,-17.40,-7.53,173.83,54.197,53.817,-16.9996,-4.1231,194.61,190.96,-17.4711,-3.8993,,,0.22103,0
41.1796,14,4,1,0,50.25,194.50,capture,183.42,184.74,133.53,0,178.747,7.351,179.834,-18.21,20.84,147.81,-18.08,-7.45,173.94,54.021,53.695,-16.9282,-4.3079,183.42,184.74,-17.2268,-4.0832,,,0.22450,0
41.2809,14,4,1,0,50.25,194.50,capture,193.36,205.47,143.53,0,178.803,7.480,179.817,-18.36,20.75,147.74,-17.91,-7.80,174.25,54.020,53.593,-17.6092,-3.7305,193.36,205.47,-17.3989,-3.9245,,,0.21200,0
41.3823,14,4,1,0,50.25,194.50,capture,198.71,194.62,148.46,0,178.754,7.707,179.800,-18.44,20.68,147.67,-18.44,-7.61,174.02,54.132,54.056,-18.1000,-4.2706,198.71,194.62,-17.7144,-4.0803,,,0.23617,0
41.4770,14,4,1,0,50.25,194.50,capture,173.84,182.57,124.16,0,178.809,7.667,179.827,-18.42,20.73,147.80,-17.55,-7.86,174.44,53.978,54.003,-17.0508,-5.0209,173.84,182.57,-17.4158,-4.5036,,,0.25473,0
41.5722,14,4,1,0,50.25,194.50,capture,188.57,193.43,138.32,0,178.792,7.558,179.826,-18.51,20.67,147.92,-17.51,-8.10,174.32,53.365,54.111,-17.2795,-4.2397,188.57,193.43,-17.3545,-4.3848,,,0.23520,0
41.6727,14,4,1,0,50.25,194.50,capture,178.37,202.99,128.40,0,178.837,7.570,179.810,-18.52,20.47,147.89,-18.15,-8.23,174.12,53.324,54.361,-17.9805,-4.6213,178.37,202.99,-17.6362,-4.4912,,,0.21298,0
41.7880,14,4,1,0,50.25,194.50,capture,198.85,199.81,148.69,0,178.919,7.496,179.828,-18.48,20.33,148.11,-18.71,-8.29,174.57,53.244,54.301,-17.5257,-4.2502,198.85,199.81,-17.5864,-4.3828,,,0.21175,0
41.8700,14,4,1,0,50.25,194.50,capture,215.26,187.86,165.14,0,178.912,7.574,179.831,-18.56,20.34,147.91,-18.12,-7.49,174.17,53.396,54.139,-17.2018,-3.2267,215.26,187.86,-17.4134,-3.8625,,,0.18327,0
41.9787,14,4,1,0,50.25,194.50,capture,206.71,193.99,156.46,0,178.808,7.772,179.825,-18.44,20.42,147.78,-18.08,-8.12,173.83,53.501,53.982,-16.4759,-3.5823,206.71,193.99,-16.9915,-3.7364,,,0.20844,0
42.0945,14,4,1,0,50.25,194.50,capture,192.57,177.41,143.34,0,178.800,7.782,179.810,-18.42,20.56,147.80,-18.11,-7.94,173.99,53.471,54.117,-17.5873,-4.2005,192.57,177.41,-17.2596,-3.9453,,,0.20666,0
42.2030,14,4,1,0,50.25,194.50,capture,190.43,206.92,140.73,0,178.796,7.785,179.809,-18.41,20.61,147.74,-18.01,-7.63,174.58,53.991,54.118,-18.8156,-4.8154,190.43,206.92,-17.9598,-4.3368,,,0.20152,0
42.3144,14,4,1,0,50.25,194.50,capture,186.35,201.45,136.28,0,178.843,7.812,179.816,-18.42,20.69,147.85,-17.91,-7.77,173.98,53.815,54.053,-17.9050,-4.1624,186.35,201.45,-17.9352,-4.2583,,,0.17538,0
42.3964,14,4,1,0,50.25,194.50,capture,182.24,218.27,134.11,0,178.851,7.902,179.824,-18.39,20.72,147.87,-18.08,-7.72,174.71,53.190,54.515,-18.4928,-4.3115,182.24,218.27,-18.1861,-4.2823,,,0.18358,0
42.5044,14,4,1,0,50.25,194.50,capture,202.72,219.92,154.57,0,178.806,7.908,179.806,-18.36,20.75,147.92,-18.43,-8.67,174.61,53.239,54.435,-18.9481,-3.7773,202.72,219.92,-18.5290,-4.0550,,,0.19435,0
42.6758,15,10,2,2,251.25,324.17,dwell,133.63,178.19,187.47,0,178.791,7.862,179.825,-18.21,20.71,148.03,-17.69,-7.92,174.23,53.414,54.275,-16.3453,-6.8089,133.63,178.19,-16.3453,-6.8089,,,0.17088,0
42.7578,15,10,2,2,251.25,324.17,dwell,124.75,-6.64,354.17,0,178.835,7.883,179.853,-18.17,20.62,148.09,-18.00,-7.99,175.01,53.364,54.284,-10.0365,-6.7900,124.75,-6.64,-13.5063,-6.8004,,,0.23657,0
42.8594,15,10,2,2,251.25,324.17,dwell,216.37,230.15,100.28,0,178.912,7.799,179.857,-18.16,20.71,148.23,-17.59,-8.36,174.14,53.419,53.977,-18.6840,-2.6053,216.37,230.15,-15.8363,-4.9126,,,0.22351,0
42.9508,15,10,2,2,251.25,324.17,dwell,232.69,214.62,111.11,0,178.867,7.836,179.846,-18.11,20.77,148.02,-17.37,-8.84,174.30,53.491,54.201,-17.9539,-1.7696,232.69,214.62,-16.7892,-3.4982,,,0.21742,0
43.0427,15,10,2,2,251.25,324.17,dwell,218.27,293.81,44.82,1,178.809,7.908,179.861,-18.10,20.67,147.86,-17.12,-7.63,174.32,53.328,54.409,-21.2739,-2.4967,218.27,293.81,-18.8073,-3.0475,,,0.19857,0
43.1264,15,10,2,2,251.25,324.17,dwell,209.70,145.37,183.56,0,178.918,7.879,179.849,-18.22,20.61,147.77,-17.62,-7.06,174.36,53.524,54.230,-15.3740,-2.8652,209.70,145.37,-17.2623,-2.9655,,,0.20433,0
43.2324,15,10,2,2,251.25,324.17,dwell,248.24,139.03,185.16,0,178.842,7.848,179.831,-18.19,20.45,147.85,-17.99,-8.15,174.21,53.228,54.800,-15.0900,-1.2343,248.24,139.03,-16.2848,-2.1864,,,0.19623,0
43.3562,15,10,2,2,251.25,324.17,dwell,207.41,172.55,157.83,0,178.929,7.819,179.828,-18.14,20.26,147.85,-17.67,-8.34,174.53,53.633,54.911,-17.0576,-3.4688,207.41,172.55,-16.6326,-2.7635,,,0.19514,0
43.4559,15,10,2,2,251.25,324.17,dwell,150.35,169.22,184.90,0,178.837,7.892,179.830,-18.18,20.20,147.47,-18.21,-8.08,173.45,53.681,54.818,-16.6038,-6.2543,150.35,169.22,-16.6196,-4.3344,,,0.20336,0
43.5655,15,10,2,2,251.25,324.17,dwell,208.69,189.74,141.00,0,178.901,7.928,179.831,-18.16,20.33,147.49,-17.86,-7.74,172.87,53.824,54.969,-17.7157,-3.4220,208.69,189.74,-17.1128,-3.9238,,,0.22262,0
43.6595,15,10,2,2,251.25,324.17,dwell,236.49,180.32,144.60,0,178.967,7.921,179.833,-18.29,20.37,147.62,-18.26,-8.16,174.23,53.610,54.592,-16.7470,-1.8350,236.49,180.32,-16.9482,-2.9838,,,0.22231,0
43.7559,15,10,2,2,251.25,324.17,capture,230.66,237.54,89.04,0,178.726,7.971,179.767,-18.32,20.35,147.34,-18.16,-9.02,173.06,53.530,54.211,-19.0946,-1.7321,230.66,237.54,-17.9141,-2.4206,,,0.21418,0
43.8516,15,10,2,2,251.25,324.17,capture,245.74,208.25,116.05,0,178.721,8.020,179.742,-18.35,20.45,147.20,-18.22,-8.35,173.24,53.777,54.640,-17.8230,-1.6085,245.74,208.25,-17.8731,-2.0551,,,0.21441,0
43.9548,15,10,2,2,251.25,324.17,capture,234.51,221.63,103.89,0,178.742,7.947,179.735,-18.43,20.52,147.28,-18.08,-7.69,173.53,54.091,54.802,-19.4723,-2.0440,234.51,221.63,-18.5928,-2.0501,,,0.22701,0
44.0665,15,10,2,2,251.25,324.17,capture,244.12,214.11,110.29,0,178.705,7.986,179.759,-18.46,20.60,146.93,-18.28,-7.54,173.10,53.604,54.864,-19.3513,-1.2027,244.12,214.11,-18.9341,-1.6688,,,0.19874,0
44.1746,15,10,2,2,251.25,324.17,capture,239.28,189.61,135.09,0,178.714,7.980,179.752,-18.51,20.65,146.85,-17.80,-8.30,172.98,53.565,54.992,-17.3372,-1.4930,239.28,189.61,-18.2155,-1.5897,,,0.22757,0
44.2573,15,10,2,2,251.25,324.17,capture,242.11,183.43,141.03,0,178.698,8.108,179.760,-18.58,20.70,146.62,-17.85,-8.04,172.61,53.508,54.781,-16.9246,-1.8048,242.11,183.43,-17.6346,-1.6865,,,0.20704,0
44.3671,15,10,2,2,251.25,324.17,capture,234.52,189.21,135.99,0,178.736,8.130,179.758,-18.45,20.57,146.84,-18.54,-8.70,172.79,53.413,54.830,-17.2204,-2.3623,234.52,189.21,-17.4482,-1.9906,,,0.21009,0
44.4733,15,10,2,2,251.25,324.17,capture,225.49,203.92,122.97,0,178.743,8.101,179.764,-18.38,20.55,146.90,-17.97,-8.21,173.00,53.464,55.034,-18.2314,-2.7163,225.49,203.92,-17.8006,-2.3172,,,0.20804,0
44.5753,15,10,2,2,251.25,324.17,capture,222.87,178.97,147.94,0,178.716,8.200,179.772,-18.35,20.52,147.10,-17.48,-8.10,173.48,53.416,55.398,-16.6518,-2.5026,222.87,178.97,-17.2837,-2.4006,,,0.21302,0
44.6788,15,10,2,2,251.25,324.17,capture,254.62,212.23,111.99,0,178.794,8.238,179.777,-18.35,20.53,147.08,-17.34,-7.81,173.41,53.381,54.931,-17.0730,-1.2922,254.62,212.23,-17.1889,-1.9018,,,0.21358,0
44.7645,15,10,2,2,251.25,324.17,capture,239.47,208.30,116.46,0,178.847,8.257,179.787,-18.23,20.66,147.25,-17.62,-8.75,173.67,52.975,54.667,-17.7280,-1.7660,239.47,208.30,-17.4315,-1.8407,,,0.18569,0
44.8721,15,10,2,2,251.25,324.17,capture,233.53,211.92,113.64,0,178.787,8.080,179.753,-18.16,20.64,147.70,-17.19,-7.82,174.55,53.071,54.695,-17.4063,-1.8659,233.53,211.92,-17.4202,-1.8520,,,0.18879,0
44.9781,15,10,2,2,251.25,324.17,capture,243.45,194.89,129.51,0,178.729,8.008,179.756,-18.18,20.50,147.47,-17.91,-7.95,173.45,53.128,54.612,-16.5580,-1.5152,243.45,194.89,-17.0322,-1.7005,,,0.18556,0
45.0809,15,10,2,2,251.25,324.17,capture,226.20,206.32,120.48,0,178.654,8.047,179.755,-18.30,20.47,147.48,-17.59,-8.68,173.73,53.354,54.553,-18.0255,-1.7802,226.20,206.32,-17.4792,-1.7363,,,0.20503,0
45.1838,15,10,2,2,251.25,324.17,capture,238.00,229.76,95.33,0,178.629,7.982,179.789,-18.39,20.37,147.40,-17.75,-8.18,173.46,52.938,54.617,-19.8761,-1.0123,238.00,229.76,-18.5578,-1.4105,,,0.19760,0
45.2895,15,10,2,2,251.25,324.17,capture,224.05,198.42,128.65,0,178.614,7.953,179.817,-18.48,20.34,147.39,-17.90,-7.35,173.60,52.687,54.466,-17.5264,-2.3315,224.05,198.42,-18.0937,-1.8250,,,0.19486,0
45.3803,15,10,2,2,251.25,324.17,capture,230.73,199.82,126.03,0,178.716,7.967,179.844,-18.52,20.42,147.25,-18.44,-8.22,173.38,53.058,54.351,-18.0047,-2.4797,230.73,199.82,-18.0537,-2.1196,,,0.20110,0
45.4925,15,10,2,2,251.25,324.17,capture,246.27,209.61,114.66,0,178.742,8.019,179.832,-18.52,20.52,147.40,-18.43,-8.13,173.39,53.520,54.321,-17.4764,-1.5168,246.27,209.61,-17.7939,-1.8484,,,0.22114,0
45.5925,15,10,2,2,251.25,324.17,capture,219.65,185.17,142.54,0,178.680,7.901,179.858,-18.50,20.61,147.24,-17.85,-7.12,172.96,53.242,54.064,-17.1245,-3.0480,219.65,185.17,-17.4927,-2.3882,,,0.18662,0
45.6936,15,10,2,2,251.25,324.17,capture,242.60,203.59,120.89,0,178.778,7.875,179.840,-18.36,20.61,147.28,-17.23,-7.93,173.29,53.148,54.163,-17.6118,-2.4426,242.60,203.59,-17.5463,-2.4127,,,0.18582,0
45.7957,15,10,2,2,251.25,324.17,capture,236.25,214.29,110.90,0,178.789,7.794,179.820,-18.41,20.72,147.33,-18.10,-8.15,173.98,53.348,54.298,-17.7082,-1.4655,236.25,214.29,-17.6192,-1.9864,,,0.20484,0
45.9821,16,21,5,1,150.75,713.17,dwell,165.35,305.23,408.20,0,178.793,7.889,179.832,-18.54,20.67,147.34,-17.78,-8.20,173.58,53.735,54.296,-21.1963,-5.1089,165.35,305.23,-21.1963,-5.1089,,,0.21448,0
46.0728,16,21,5,1,150.75,713.17,dwell,289.53,410.43,333.03,0,178.759,7.926,179.816,-18.62,20.69,147.31,-18.07,-6.48,173.51,53.992,53.589,-25.2077,0.2684,289.53,410.43,-23.0014,-2.6891,,,0.21881,0
46.1669,16,21,5,1,150.75,713.17,dwell,91.78,324.90,392.72,0,178.922,8.045,179.818,-18.56,20.85,147.43,-18.14,-8.34,173.73,53.344,53.826,-22.0195,-8.6924,91.78,324.90,-22.5596,-5.3906,,,0.18718,0
46.2711,16,21,5,1,150.75,713.17,dwell,200.88,444.24,273.56,0,178.923,8.004,179.806,-18.61,20.92,147.44,-18.66,-8.05,173.70,53.691,53.999,-27.5657,-3.8979,200.88,444.24,-24.8123,-4.7189,,,0.22980,0
46.3859,16,21,5,1,150.75,713.17,dwell,190.64,417.03,298.81,0,178.851,8.199,179.818,-18.56,21.07,147.36,-17.92,-7.38,173.40,53.994,54.107,-25.6871,-4.4653,190.64,417.03,-25.2060,-4.6048,,,0.20752,0
46.4781,16,21,5,1,150.75,713.17,dwell,158.86,422.24,291.04,0,178.838,8.282,179.773,-18.47,20.87,147.13,-18.19,-7.49,173.07,54.008,53.926,-24.8120,-5.3307,158.86,422.24,-25.0287,-4.9314,,,0.23807,0
46.5707,16,21,5,1,150.75,713.17,dwell,205.31,495.23,224.66,0,178.915,8.262,179.792,-18.47,20.80,147.26,-18.03,-7.59,173.78,53.897,53.915,-28.5767,-3.1836,205.31,495.23,-26.6253,-4.1449,,,0.23680,0
46.6928,16,21,5,1,150.75,713.17,dwell,185.04,442.22,273.11,0,178.954,8.220,179.792,-18.37,20.92,147.33,-18.04,-7.23,173.15,53.559,54.298,-27.1470,-3.8424,185.04,442.22,-26.8601,-4.0088,,,0.20619,0
46.7829,16,21,5,1,150.75,713.17,dwell,168.07,563.32,150.84,0,178.924,8.288,179.791,-18.45,20.76,147.28,-18.60,-8.36,173.62,53.935,54.177,-32.4636,-4.9841,168.07,563.32,-29.3817,-4.4476,,,0.22390,0
46.8649,16,21,5,1,150.75,713.17,dwell,120.73,586.69,129.99,0,178.959,8.301,179.797,-18.48,20.76,147.33,-17.56,-7.60,173.42,53.723,54.169,-32.6716,-6.9186,120.73,586.69,-30.8621,-5.5596,,,0.20259,0
46.9837,16,21,5,1,150.75,713.17,dwell,159.42,583.04,130.42,0,179.029,8.332,179.801,-18.60,21.10,147.27,-18.51,-7.88,173.64,53.821,53.799,-32.7767,-5.7013,159.42,583.04,-31.7237,-5.6234,,,0.20872,0
47.0873,16,21,5,1,150.75,713.17,capture,117.13,613.22,105.45,0,179.019,8.261,179.782,-18.63,21.11,147.42,-18.12,-8.05,173.62,53.750,54.102,-33.1133,-7.9005,117.13,613.22,-32.3490,-6.6481,,,0.21493,0
47.1960,16,21,5,1,150.75,713.17,capture,146.19,641.35,71.96,0,179.057,8.295,179.783,-18.57,21.02,147.54,-18.52,-7.01,173.70,54.024,54.344,-34.9390,-6.0961,146.19,641.35,-33.5145,-6.3997,,,0.22916,0
47.3087,16,21,5,1,150.75,713.17,capture,117.73,631.38,88.20,0,179.124,8.334,179.769,-18.50,20.98,147.57,-17.90,-6.84,173.65,54.001,54.455,-34.3865,-7.2017,117.73,631.38,-33.9069,-6.7606,,,0.19787,0
47.4049,16,21,5,1,150.75,713.17,capture,114.43,608.69,110.61,0,179.126,8.353,179.777,-18.50,20.69,147.44,-17.84,-7.16,173.90,53.712,54.692,-33.5645,-7.3211,114.43,608.69,-33.7528,-7.0128,,,0.20798,0
47.4981,16,21,5,1,150.75,713.17,capture,97.16,627.78,100.81,0,179.047,8.381,179.767,-18.48,20.79,147.17,-17.24,-8.24,173.56,53.834,54.801,-34.6384,-8.4983,97.16,627.78,-34.1513,-7.6813,,,0.22622,0
47.5947,16,21,5,1,150.75,713.17,capture,125.02,628.92,88.09,0,179.129,8.522,179.776,-18.48,20.78,147.19,-17.99,-7.56,173.49,53.810,54.082,-33.0748,-7.1786,125.02,628.92,-33.6669,-7.4551,,,0.21215,0
47.6901,16,21,5,1,150.75,713.17,capture,149.58,604.29,108.88,0,179.006,8.674,179.795,-18.48,20.75,147.22,-17.90,-7.91,173.68,53.710,54.236,-32.7601,-5.2796,149.58,604.29,-33.2588,-6.4761,,,0.19065,0
47.7721,16,21,5,1,150.75,713.17,capture,115.75,625.21,94.66,0,178.949,8.741,179.787,-18.54,20.84,147.36,-17.87,-8.20,173.65,53.479,54.213,-34.1861,-7.3394,115.75,625.21,-33.6761,-6.8646,,,0.22291,0
47.8646,16,21,5,1,150.75,713.17,capture,96.68,629.95,99.24,0,178.987,8.804,179.786,-18.45,20.84,147.23,-18.05,-7.78,173.59,53.480,54.336,-34.5956,-7.7317,96.68,629.95,-34.0899,-7.2548,,,0.18971,0
47.9683,16,21,5,1,150.75,713.17,capture,133.41,620.82,93.96,0,178.996,8.770,179.760,-18.46,20.84,147.18,-17.48,-7.69,173.21,53.415,54.000,-33.6227,-6.6601,133.41,620.82,-33.8797,-6.9872,,,0.18573,0
48.0570,16,21,5,1,150.75,713.17,capture,118.82,633.88,85.47,0,179.016,8.637,179.790,-18.45,20.69,147.35,-18.05,-7.93,173.81,53.614,54.204,-35.0994,-7.3167,118.82,633.88,-34.4285,-7.1355,,,0.21063,0
48.1550,16,21,5,1,150.75,713.17,capture,119.38,601.32,116.16,0,178.867,8.583,179.789,-18.44,20.74,147.13,-17.34,-8.22,173.68,53.380,54.458,-32.8531,-6.8912,119.38,601.32,-33.7196,-7.0255,,,0.20116,0
48.2382,16,21,5,1,150.75,713.17,capture,139.65,649.98,64.15,1,178.936,8.503,179.807,-18.42,20.81,147.07,-18.08,-8.37,173.26,53.282,54.432,-35.2862,-6.1485,139.65,649.98,-34.4246,-6.6309,,,0.21643,0
48.3294,16,21,5,1,150.75,713.17,capture,134.00,641.68,73.42,0,178.847,8.440,179.816,-18.46,20.79,147.20,-17.82,-8.09,173.13,53.202,54.412,-34.2377,-5.9643,134.00,641.68,-34.3405,-6.3309,,,0.19319,0
48.4545,16,21,5,1,150.75,713.17,capture,116.41,595.34,122.73,0,178.936,8.445,179.856,-18.43,20.88,147.37,-18.41,-8.19,173.72,53.276,54.498,-32.6276,-7.3639,116.41,595.34,-33.5697,-6.7958,,,0.18953,0
48.5387,16,21,5,1,150.75,713.17,capture,121.69,616.93,100.53,0,179.006,8.500,179.844,-18.44,20.88,147.47,-18.02,-7.58,173.88,53.575,54.549,-33.6165,-6.9699,121.69,616.93,-33.5907,-6.8741,,,0.20465,0
48.6409,16,21,5,1,150.75,713.17,capture,115.49,610.10,108.93,0,178.882,8.536,179.823,-18.42,20.86,147.67,-18.17,-8.71,173.78,53.575,54.187,-33.2759,-7.8632,115.49,610.10,-33.4491,-7.3192,,,0.21039,0
48.7276,16,21,5,1,150.75,713.17,capture,116.36,612.38,106.49,0,178.830,8.737,179.841,-18.31,20.86,147.60,-18.37,-7.42,173.54,53.431,54.044,-33.5135,-7.1879,116.36,612.38,-33.4781,-7.2601,,,0.21044,0
48.8358,16,21,5,1,150.75,713.17,capture,125.62,620.02,96.48,0,178.779,8.695,179.842,-18.27,20.79,147.80,-17.95,-7.26,173.54,53.256,53.859,-33.7093,-7.0242,125.62,620.02,-33.5821,-7.1540,,,0.19965,0
48.9250,16,21,5,1,150.75,713.17,capture,112.91,595.96,123.16,0,178.797,8.661,179.833,-18.14,20.79,147.79,-18.06,-8.04,174.39,53.363,53.582,-32.2949,-7.7252,112.91,595.96,-33.0029,-7.4110,,,0.22439,0
49.1069,17,7,1,3,351.75,194.50,dwell,240.59,455.06,283.28,0,178.875,8.567,179.825,-18.12,20.74,147.70,-17.38,-8.17,174.36,52.958,53.505,-27.2773,-1.7031,240.59,455.06,-27.2773,-1.7031,,,0.19555,0
49.1926,17,7,1,3,351.75,194.50,dwell,237.96,451.84,281.38,0,178.811,8.413,179.814,-18.26,20.70,147.70,-17.59,-7.73,174.25,53.712,53.811,-28.1425,-1.9139,237.96,451.84,-27.6667,-1.7980,,,0.19640,0
49.2944,17,7,1,3,351.75,194.50,dwell,278.41,226.58,80.05,0,178.812,8.351,179.845,-18.28,20.78,147.66,-18.20,-7.07,174.61,53.595,53.819,-18.0676,0.7632,278.41,226.58,-23.3471,-0.6455,,,0.20801,0
49.3825,17,7,1,3,351.75,194.50,dwell,396.97,302.35,116.95,0,178.827,8.313,179.856,-18.28,20.83,147.56,-18.04,-7.79,174.42,53.931,53.631,-21.4770,5.6177,396.97,302.35,-22.5056,2.1730,,,0.21751,0
49.4988,17,7,1,3,351.75,194.50,dwell,332.51,181.57,23.18,1,178.868,8.458,179.882,-18.48,20.79,147.61,-18.02,-7.74,174.34,54.039,53.710,-16.6620,2.5417,332.51,181.57,-19.8760,2.3389,,,0.21559,0
49.5983,17,7,1,3,351.75,194.50,dwell,280.60,148.71,84.61,0,178.862,8.366,179.895,-18.58,20.90,147.62,-18.27,-7.47,173.60,53.773,53.631,-15.8840,0.3057,280.60,148.71,-18.0796,1.4240,,,0.23011,0
49.6985,17,7,1,3,351.75,194.50,dwell,377.92,120.32,78.66,0,178.813,8.306,179.864,-18.48,20.71,147.71,-18.12,-7.66,173.62,53.801,53.641,-14.2577,5.0876,377.92,120.32,-16.3597,3.0726,,,0.19672,0
49.8123,17,7,1,3,351.75,194.50,dwell,403.36,86.82,119.41,0,178.846,8.321,179.826,-18.55,20.80,147.44,-17.72,-7.05,174.07,54.122,53.845,-12.2765,5.6696,403.36,86.82,-14.5223,4.2412,,,0.23134,0
49.9305,17,7,1,3,351.75,194.50,capture,407.37,64.15,141.72,0,178.818,8.110,179.817,-18.56,20.82,147.54,-18.00,-7.31,173.38,53.851,54.075,-12.6771,6.3285,407.37,64.15,-13.6919,5.1805,,,0.24340,0
50.0378,17,7,1,3,351.75,194.50,capture,402.93,54.12,149.42,0,179.013,7.969,179.828,-18.57,20.64,147.83,-18.07,-7.65,174.07,53.835,54.352,-12.2631,5.6114,402.93,54.12,-13.0490,5.3744,,,0.19520,0
50.1201,17,7,1,3,351.75,194.50,capture,420.86,73.07,139.72,0,179.052,8.107,179.841,-18.57,20.58,148.05,-18.17,-7.62,174.31,53.638,54.370,-12.8411,6.4482,420.86,73.07,-12.9554,5.8576,,,0.23410,0
50.2080,17,7,1,3,351.75,194.50,capture,429.41,44.62,168.80,0,179.108,7.961,179.877,-18.45,20.56,147.98,-18.37,-8.75,174.43,53.778,54.181,-11.9035,6.2677,429.41,44.62,-12.4820,6.0422,,,0.19211,0
50.3023,17,7,1,3,351.75,194.50,capture,396.53,76.39,126.31,0,179.001,8.057,179.854,-18.40,20.52,147.89,-17.67,-8.09,173.86,53.839,53.949,-12.6682,5.6381,396.53,76.39,-12.5658,5.8603,,,0.21675,0
50.3960,17,7,1,3,351.75,194.50,capture,415.58,68.45,141.29,0,179.070,7.961,179.880,-18.48,20.33,147.78,-17.57,-8.23,173.87,53.947,54.166,-12.7576,6.3529,415.58,68.45,-12.6521,6.0820,,,0.20250,0
50.4896,17,7,1,3,351.75,194.50,capture,402.36,39.85,162.72,0,179.055,7.939,179.896,-18.47,20.50,147.74,-18.00,-7.53,174.25,53.894,54.269,-11.1190,5.8396,402.36,39.85,-11.9622,5.9729,,,0.21935,0
50.5944,17,7,1,3,351.75,194.50,capture,406.46,55.05,149.80,0,179.054,7.861,179.869,-18.43,20.47,147.90,-18.29,-8.20,174.39,53.932,53.957,-12.3615,5.8168,406.46,55.05,-12.1419,5.9027,,,0.21394,0
50.6984,17,7,1,3,351.75,194.50,capture,419.31,52.33,157.41,0,178.970,7.779,179.853,-18.35,20.56,147.97,-17.88,-7.38,174.36,53.658,54.061,-11.5407,6.7955,419.31,52.33,-11.8714,6.3045,,,0.21817,0
50.7808,17,7,1,3,351.75,194.50,capture,391.72,63.63,136.84,0,178.935,7.706,179.799,-18.47,20.56,147.85,-18.01,-8.15,173.96,53.676,54.284,-12.0796,5.1702,391.72,63.63,-11.9651,5.7940,,,0.20883,0
50.8914,17,7,1,3,351.75,194.50,capture,416.65,95.06,118.74,0,179.070,7.828,179.801,-18.43,20.39,147.74,-17.64,-7.83,173.86,53.830,54.807,-13.1834,7.3983,416.65,95.06,-12.5133,6.5160,,,0.21595,0
50.9929,17,7,1,3,351.75,194.50,capture,427.22,60.39,153.89,0,179.058,7.798,179.802,-18.44,20.42,147.56,-17.47,-8.27,173.57,53.798,54.900,-12.2920,7.2496,427.22,60.39,-12.4137,6.8461,,,0.18623,0
51.0826,17,7,1,3,351.75,194.50,capture,416.96,67.39,142.86,0,179.213,7.795,179.827,-18.55,20.32,147.37,-18.29,-7.96,173.46,54.002,54.803,-13.1970,6.3725,416.96,67.39,-12.7662,6.6330,,,0.20560,0
51.1890,17,7,1,3,351.75,194.50,capture,413.33,71.57,137.49,0,179.154,7.780,179.817,-18.61,20.25,147.35,-17.79,-8.16,173.47,54.253,54.675,-13.0016,5.8732,413.33,71.57,-12.8721,6.2911,,,0.21368,0
51.3130,17,7,1,3,351.75,194.50,capture,399.00,66.54,136.41,0,179.129,7.875,179.816,-18.64,20.23,147.62,-18.69,-8.55,173.89,53.928,54.852,-12.3446,4.8999,399.00,66.54,-12.6347,5.6650,,,0.21637,0
51.4177,17,7,1,3,351.75,194.50,capture,397.58,65.67,136.74,0,179.079,7.880,179.842,-18.73,20.25,147.43,-18.40,-7.98,173.40,53.483,54.579,-12.4551,5.7924,397.58,65.67,-12.5539,5.7224,,,0.21189,0
51.5001,17,7,1,3,351.75,194.50,capture,396.57,47.80,153.39,0,179.026,7.801,179.808,-18.60,20.21,147.53,-17.69,-8.25,174.27,53.510,54.689,-12.1612,5.2930,396.57,47.80,-12.3772,5.5291,,,0.17890,0
51.6009,17,7,1,3,351.75,194.50,capture,387.69,69.26,130.29,0,178.928,7.852,179.807,-18.55,20.29,147.49,-17.36,-8.16,173.49,53.321,54.743,-12.8331,5.2552,387.69,69.26,-12.5823,5.4058,,,0.19847,0
51.7106,17,7,1,3,351.75,194.50,capture,407.30,93.31,115.43,0,179.165,7.938,179.809,-18.59,20.42,147.44,-17.96,-8.34,173.81,53.179,54.992,-13.4739,6.3265,407.30,93.31,-12.9836,5.8201,,,0.19147,0
51.8119,17,7,1,3,351.75,194.50,capture,431.36,57.16,158.75,0,179.022,7.914,179.844,-18.60,20.56,147.33,-18.59,-8.09,173.69,53.474,55.032,-11.8641,6.7932,431.36,57.16,-12.4798,6.2580,,,0.22789,0
51.9796,18,17,4,1,150.75,583.50,dwell,370.35,241.81,406.17,0,178.999,8.026,179.815,-18.61,20.67,147.34,-18.29,-7.86,174.07,53.279,54.623,-18.6891,4.0850,370.35,241.81,-18.6891,4.0850,,,0.22225,0
52.0685,18,17,4,1,150.75,583.50,dwell,289.44,151.28,453.93,0,178.913,7.990,179.830,-18.55,20.78,147.20,-18.30,-7.27,173.27,53.171,54.206,-15.8126,0.2259,289.44,151.28,-17.3947,2.3484,,,0.20079,0
52.1745,18,17,4,1,150.75,583.50,dwell,371.81,119.12,514.31,0,178.844,8.012,179.853,-18.50,20.82,147.42,-18.35,-7.92,173.54,53.504,54.426,-13.3798,4.4275,371.81,119.12,-15.5880,3.2840,,,0.22394,0
52.2860,18,17,4,1,150.75,583.50,dwell,351.92,335.79,319.11,0,178.821,7.930,179.866,-18.38,20.70,147.24,-17.81,-7.61,173.24,53.732,54.075,-22.1041,2.7793,351.92,335.79,-18.5202,3.0569,,,0.20466,0
52.3890,18,17,4,1,150.75,583.50,dwell,276.91,411.32,213.45,0,178.943,8.212,179.860,-18.33,20.51,147.42,-17.23,-7.82,173.73,53.579,54.036,-26.1492,-0.0899,276.91,411.32,-21.9533,1.6408,,,0.21544,0
52.4883,18,17,4,1,150.75,583.50,dwell,186.70,347.26,238.96,0,179.061,8.249,179.846,-18.44,20.73,147.49,-18.37,-7.90,174.00,53.831,53.911,-22.5758,-4.5610,186.70,347.26,-22.2334,-1.1500,,,0.23789,0
52.5918,18,17,4,1,150.75,583.50,dwell,136.25,430.52,153.67,0,179.104,8.209,179.825,-18.43,20.80,147.57,-17.38,-7.47,174.33,53.890,54.138,-25.8156,-6.5780,136.25,430.52,-23.8454,-3.5926,,,0.21329,0
52.6883,18,17,4,1,150.75,583.50,dwell,135.31,474.96,109.63,0,178.960,8.239,179.798,-18.23,20.95,147.60,-17.79,-7.73,174.02,53.519,54.102,-28.6000,-6.4102,135.31,474.96,-25.9849,-4.8605,,,0.18738,0
52.7846,18,17,4,1,150.75,583.50,dwell,167.51,471.46,113.29,0,178.994,8.310,179.799,-18.16,20.83,147.41,-17.36,-7.59,173.37,53.379,53.459,-27.6238,-5.2858,167.51,471.46,-26.7224,-5.0519,,,0.21410,0
52.8847,18,17,4,1,150.75,583.50,capture,98.45,482.78,113.49,0,178.976,8.382,179.803,-18.14,20.83,147.62,-17.46,-7.86,173.83,53.820,53.058,-28.5878,-8.4269,98.45,482.78,-27.5619,-6.5706,,,0.20141,0
52.9772,18,17,4,1,150.75,583.50,capture,106.94,465.76,125.63,0,178.944,8.610,179.828,-18.24,21.00,147.86,-18.21,-7.47,174.30,53.465,53.485,-28.3499,-7.3829,106.94,465.76,-27.9165,-6.9362,,,0.21298,0
53.0840,18,17,4,1,150.75,583.50,capture,111.66,490.02,101.32,0,178.965,8.549,179.807,-18.31,20.74,147.62,-17.52,-8.35,174.02,53.617,54.201,-29.9933,-7.3543,111.66,490.02,-28.8510,-7.1243,,,0.20161,0
53.1981,18,17,4,1,150.75,583.50,capture,130.80,490.09,95.52,0,178.941,8.493,179.809,-18.45,20.83,147.58,-17.51,-7.50,173.85,53.689,54.397,-28.8889,-6.8822,130.80,490.09,-28.8681,-7.0154,,,0.21090,0
53.3178,18,17,4,1,150.75,583.50,capture,128.62,485.41,100.56,0,178.920,8.409,179.802,-18.44,20.80,147.83,-17.97,-7.44,174.09,53.541,54.462,-27.5509,-6.9029,128.62,485.41,-28.2753,-6.9648,,,0.20730,0
53.4026,18,17,4,1,150.75,583.50,capture,116.63,483.10,106.04,0,178.922,8.304,179.801,-18.40,20.68,147.67,-17.81,-8.12,174.12,53.353,54.314,-28.0306,-7.3288,116.63,483.10,-28.1652,-7.1286,,,0.17581,0
53.5154,18,17,4,1,150.75,583.50,capture,128.89,483.47,102.39,0,178.916,8.383,179.812,-18.31,20.46,147.49,-17.79,-7.93,173.72,53.323,54.189,-28.9496,-6.6676,128.89,483.47,-28.5182,-6.9211,,,0.19832,0
53.6091,18,17,4,1,150.75,583.50,capture,131.23,476.31,108.95,0,178.971,8.381,179.824,-18.32,20.55,147.45,-17.90,-7.58,173.76,53.004,54.266,-28.3163,-7.0352,131.23,476.31,-28.4273,-6.9724,,,0.19576,0
53.7088,18,17,4,1,150.75,583.50,capture,122.90,483.84,103.48,0,178.960,8.248,179.839,-18.32,20.35,147.60,-18.30,-7.72,173.96,52.989,54.155,-27.6352,-7.6807,122.90,483.84,-28.0708,-7.2912,,,0.17801,0
53.8184,18,17,4,1,150.75,583.50,capture,80.55,483.29,122.35,0,178.937,8.297,179.863,-18.37,20.39,147.64,-17.71,-8.77,174.37,53.167,54.216,-28.2425,-9.0735,80.55,483.29,-28.1481,-8.0932,,,0.19294,0
53.9162,18,17,4,1,150.75,583.50,capture,122.03,501.95,86.46,0,178.853,8.229,179.881,-18.36,20.33,147.66,-18.00,-7.99,173.86,53.537,54.168,-29.4930,-6.8404,122.03,501.95,-28.7533,-7.5295,,,0.22447,0
54.0046,18,17,4,1,150.75,583.50,capture,119.62,462.76,124.69,0,178.888,8.293,179.871,-18.39,20.13,147.57,-17.78,-8.04,174.17,53.853,53.994,-28.3489,-6.7805,119.62,462.76,-28.5713,-7.1924,,,0.21543,0
54.1183,18,17,4,1,150.75,583.50,capture,126.31,476.43,109.82,0,178.880,8.186,179.853,-18.42,20.19,147.69,-18.65,-8.48,173.99,53.789,53.705,-28.5759,-6.8345,126.31,476.43,-28.5734,-7.0314,,,0.21689,0
54.2329,18,17,4,1,150.75,583.50,capture,105.97,479.57,113.17,0,178.934,8.275,179.877,-18.34,20.40,147.63,-18.20,-8.25,173.79,53.575,53.918,-28.8720,-8.4904,105.97,479.57,-28.7078,-7.6879,,,0.20524,0
54.3355,18,17,4,1,150.75,583.50,capture,127.63,481.21,104.87,0,178.777,8.253,179.856,-18.38,20.33,147.71,-17.74,-8.03,174.21,53.149,54.047,-28.8850,-7.4647,127.63,481.21,-28.7875,-7.5875,,,0.17655,0
54.4303,18,17,4,1,150.75,583.50,capture,98.86,474.67,120.57,0,178.835,8.342,179.829,-18.35,20.16,147.67,-18.86,-7.52,174.43,53.189,53.834,-27.5955,-7.3782,98.86,474.67,-28.2511,-7.4933,,,0.19033,0
54.5347,18,17,4,1,150.75,583.50,capture,113.31,503.01,88.77,0,178.840,8.370,179.836,-18.38,20.05,147.56,-17.68,-8.87,174.25,53.318,53.663,-29.3720,-7.4704,113.31,503.01,-28.7555,-7.4830,,,0.22245,0
54.6461,18,17,4,1,150.75,583.50,capture,106.62,494.99,98.90,0,178.913,8.445,179.835,-18.50,20.15,147.49,-17.46,-8.50,173.39,53.521,53.778,-28.8396,-7.9425,106.62,494.99,-28.7934,-7.6898,,,0.20022,0
54.8359,19,2,0,2,251.25,64.83,dwell,-13.04,524.87,530.55,0,178.904,8.304,179.846,-18.48,20.08,147.47,-18.28,-8.57,173.64,53.282,53.737,-30.7246,-12.8216,-13.04,524.87,-30.7246,-12.8216,,,0.18746,0
54.9305,19,2,0,2,251.25,64.83,dwell,222.26,364.93,301.49,0,178.971,8.216,179.836,-18.39,20.09,147.51,-18.05,-7.34,174.19,53.079,53.685,-24.7082,-2.9182,222.26,364.93,-28.0172,-8.3651,,,0.18410,0
55.0415,19,2,0,2,251.25,64.83,dwell,192.98,238.51,183.19,0,178.886,8.194,179.861,-18.12,20.09,147.63,-17.76,-8.46,174.26,53.365,53.753,-18.2232,-3.6875,192.98,238.51,-23.6099,-6.2602,,,0.18966,0
55.1273,19,2,0,2,251.25,64.83,dwell,135.65,228.46,200.34,0,178.929,8.018,179.895,-18.21,20.35,147.61,-17.50,-8.53,173.92,53.667,53.664,-18.1548,-5.9796,135.65,228.46,-21.1551,-6.1339,,,0.23162,0
55.2177,19,2,0,2,251.25,64.83,dwell,159.97,220.83,180.74,0,178.946,8.010,179.841,-18.20,20.23,147.77,-17.18,-8.40,174.31,53.498,53.572,-18.4309,-5.6408,159.97,220.83,-19.9292,-5.9120,,,0.21007,0
55.3252,19,2,0,2,251.25,64.83,dwell,137.46,205.71,181.09,0,178.868,7.970,179.839,-18.14,20.17,147.86,-18.20,-8.98,174.11,53.421,53.642,-18.1899,-7.2489,137.46,205.71,-19.1465,-6.5136,,,0.21350,0
55.4270,19,2,0,2,251.25,64.83,dwell,160.72,161.61,132.52,0,178.960,7.858,179.858,-18.11,20.31,147.57,-17.65,-8.54,174.19,53.535,53.548,-16.1533,-5.2299,160.72,161.61,-17.7996,-5.9360,,,0.21001,0
55.5388,19,2,0,2,251.25,64.83,dwell,231.23,101.17,41.49,1,178.938,7.810,179.837,-18.20,20.32,147.51,-17.50,-7.74,173.61,53.130,53.915,-14.2638,-2.0501,231.23,101.17,-16.2085,-4.1873,,,0.20266,0
55.6418,19,2,0,2,251.25,64.83,capture,214.25,71.91,37.67,1,178.888,7.885,179.802,-18.16,20.28,147.45,-17.67,-7.09,173.75,53.552,53.983,-12.4302,-2.7851,214.25,71.91,-14.5083,-3.5563,,,0.20236,0
55.7286,19,2,0,2,251.25,64.83,capture,201.79,104.76,63.56,1,178.827,7.951,179.826,-18.00,20.36,147.62,-17.52,-7.94,173.76,53.517,53.828,-13.6926,-3.5694,201.79,104.76,-14.1412,-3.5622,,,0.19100,0
55.8481,19,2,0,2,251.25,64.83,capture,188.38,70.89,63.16,0,178.858,7.878,179.813,-17.97,20.29,147.51,-18.27,-7.82,173.93,53.286,53.888,-12.0698,-3.8462,188.38,70.89,-13.2091,-3.6900,,,0.20167,0
55.9329,19,2,0,2,251.25,64.83,capture,200.04,79.05,53.15,0,178.800,7.806,179.821,-17.93,20.25,147.75,-17.44,-7.37,174.70,53.531,54.552,-13.0233,-3.5907,200.04,79.05,-13.1255,-3.6453,,,0.20425,0
56.0433,19,2,0,2,251.25,64.83,capture,222.57,85.69,35.46,1,178.670,7.759,179.817,-17.97,20.33,147.70,-17.09,-7.85,173.73,53.485,54.516,-13.5373,-2.7174,222.57,85.69,-13.3108,-3.2277,,,0.19847,0
56.1440,19,2,0,2,251.25,64.83,capture,219.91,61.85,31.48,1,178.600,7.827,179.837,-17.98,20.76,147.78,-17.99,-7.33,174.30,53.404,54.306,-12.4157,-2.8664,219.91,61.85,-12.9080,-3.0651,,,0.19895,0
56.2474,19,2,0,2,251.25,64.83,capture,228.97,117.54,57.22,1,178.610,7.793,179.836,-17.88,20.87,147.83,-17.31,-8.08,174.18,53.465,54.407,-13.8076,-1.7678,228.97,117.54,-13.3128,-2.4813,,,0.20702,0
56.3541,19,2,0,2,251.25,64.83,capture,224.67,95.86,40.86,1,178.616,7.758,179.837,-18.04,20.77,147.88,-17.18,-8.16,174.26,53.327,54.344,-13.7281,-2.3609,224.67,95.86,-13.4997,-2.4271,,,0.18681,0
56.4361,19,2,0,2,251.25,64.83,capture,226.85,88.83,34.22,1,178.742,7.748,179.849,-18.13,20.87,147.64,-17.48,-7.67,173.90,53.423,54.460,-12.8563,-2.1950,226.85,88.83,-13.2102,-2.3227,,,0.22276,0
56.5441,19,2,0,2,251.25,64.83,capture,216.04,77.84,37.54,1,178.755,7.761,179.848,-18.15,20.80,147.72,-17.90,-8.34,173.84,53.843,54.427,-13.6933,-2.5111,216.04,77.84,-13.4275,-2.4074,,,0.21918,0
56.6498,19,2,0,2,251.25,64.83,capture,208.39,57.84,43.43,1,178.829,7.779,179.839,-18.07,20.86,148.05,-17.60,-7.69,174.56,53.464,54.373,-12.6822,-3.8657,208.39,57.84,-13.0921,-3.0637,,,0.21791,0
56.7369,19,2,0,2,251.25,64.83,capture,237.01,71.88,15.89,1,178.778,7.550,179.852,-18.14,20.81,148.12,-17.37,-7.29,174.59,53.343,54.374,-12.0967,-1.8310,237.01,71.88,-12.6442,-2.5089,,,0.22001,0
56.8329,19,2,0,2,251.25,64.83,capture,207.54,94.60,52.88,1,178.836,7.549,179.872,-18.16,20.64,148.10,-17.09,-8.08,174.69,53.215,53.987,-13.3501,-3.5681,207.54,94.60,-12.9618,-2.9855,,,0.22570,0
56.9390,19,2,0,2,251.25,64.83,capture,205.31,73.77,46.80,1,178.700,7.513,179.860,-18.23,20.70,147.88,-17.98,-7.71,174.24,53.262,54.658,-13.0483,-2.8241,205.31,73.77,-13.0008,-2.9129,,,0.19626,0
57.0324,19,2,0,2,251.25,64.83,capture,210.99,70.84,40.71,1,178.667,7.610,179.841,-18.41,20.67,147.99,-17.45,-7.23,174.79,53.650,54.906,-12.4889,-3.1007,210.99,70.84,-12.7704,-2.9974,,,0.21521,0
57.1279,19,2,0,2,251.25,64.83,capture,220.41,77.14,33.20,1,178.555,7.712,179.841,-18.50,20.38,148.08,-18.19,-8.04,174.41,54.231,55.044,-12.4844,-2.9403,220.41,77.14,-12.6417,-2.9717,,,0.23546,0
57.2363,19,2,0,2,251.25,64.83,capture,214.98,62.94,36.32,1,178.567,7.529,179.886,-18.44,20.51,148.16,-17.65,-8.01,174.64,53.967,54.907,-12.1215,-3.0786,214.98,62.94,-12.4076,-3.0198,,,0.22281,0
57.3443,19,2,0,2,251.25,64.83,capture,214.47,59.39,37.18,1,178.566,7.665,179.875,-18.45,20.55,148.18,-18.03,-8.19,174.33,54.068,54.781,-13.1564,-3.3532,214.47,59.39,-12.7446,-3.1698,,,0.22469,0
57.4295,19,2,0,2,251.25,64.83,capture,210.38,80.93,43.93,1,178.486,7.652,179.885,-18.24,20.65,148.04,-17.67,-8.68,174.33,54.028,54.853,-12.6608,-3.0382,210.38,80.93,-12.7069,-3.1106,,,0.22881,0
57.5276,19,2,0,2,251.25,64.83,capture,204.43,95.86,56.17,1,178.504,7.636,179.850,-18.26,20.64,147.92,-18.12,-8.15,174.91,54.270,54.541,-13.9216,-2.6919,204.43,95.86,-13.2535,-2.9222,,,0.23133,0
57.7092,20,19,4,3,351.75,583.50,dwell,274.75,53.17,535.89,0,178.628,7.547,179.876,-18.28,20.59,147.93,-17.99,-7.46,175.19,53.860,54.564,-11.6203,-0.6838,274.75,53.17,-11.6203,-0.6838,,,0.18811,0
57.8086,20,19,4,3,351.75,583.50,dwell,287.30,259.16,330.68,0,178.578,7.594,179.861,-18.31,20.47,148.07,-17.88,-8.44,175.10,54.007,54.470,-19.6218,0.3317,287.30,259.16,-15.2210,-0.2268,,,0.22671,0
57.9467,20,19,4,3,351.75,583.50,dwell,354.17,231.14,352.37,0,178.733,7.753,179.865,-18.25,20.49,148.40,-17.71,-7.74,175.13,53.914,54.139,-19.8555,3.8454,354.17,231.14,-17.3065,1.6057,,,0.19752,0
58.0655,20,19,4,3,351.75,583.50,dwell,330.56,142.04,441.97,0,178.816,7.794,179.865,-18.36,20.56,148.33,-18.89,-7.85,174.72,53.488,53.801,-14.8525,2.9006,330.56,142.04,-16.2022,2.1884,,,0.19999,0
58.1547,20,19,4,3,351.75,583.50,dwell,314.08,265.26,320.46,0,178.789,7.881,179.847,-18.47,20.51,148.30,-18.92,-8.39,174.62,53.537,53.617,-19.9671,1.7468,314.08,265.26,-17.8964,1.9897,,,0.19563,0
58.2438,20,19,4,3,351.75,583.50,dwell,269.52,283.47,311.09,0,178.854,8.053,179.824,-18.46,20.66,148.05,-18.03,-7.95,174.68,53.738,53.689,-20.9096,0.1593,269.52,283.47,-19.2524,1.1660,,,0.21160,0
58.3400,20,19,4,3,351.75,583.50,dwell,325.82,232.08,352.38,0,178.780,8.229,179.804,-18.33,20.61,148.07,-17.36,-8.02,174.09,53.590,53.877,-19.2080,1.9312,325.82,232.08,-19.2324,1.5103,,,0.23259,0
58.4390,20,19,4,3,351.75,583.50,dwell,351.25,272.52,310.98,0,178.857,8.255,179.803,-18.34,20.48,147.84,-18.07,-8.30,173.98,53.615,54.079,-20.9707,3.5683,351.25,272.52,-20.0146,2.4364,,,0.21814,0
58.5474,20,19,4,3,351.75,583.50,dwell,342.01,341.35,242.35,0,178.935,8.200,179.806,-18.32,20.48,148.06,-18.37,-8.63,173.68,53.648,54.021,-23.9721,2.9375,342.01,341.35,-21.7955,2.6619,,,0.23500,0
58.6513,20,19,4,3,351.75,583.50,capture,395.45,336.10,251.23,0,179.011,8.305,179.816,-18.24,20.73,148.07,-17.36,-7.57,174.49,53.660,54.118,-24.0105,5.5442,395.45,336.10,-22.7922,3.9589,,,0.18191,0
58.7659,20,19,4,3,351.75,583.50,capture,383.31,341.75,243.80,0,179.100,8.176,179.857,-18.35,20.73,147.90,-18.31,-7.73,174.40,53.643,54.226,-22.9562,4.8781,383.31,341.75,-22.8660,4.3725,,,0.20067,0
58.8637,20,19,4,3,351.75,583.50,capture,380.60,331.69,253.46,0,179.104,8.147,179.851,-18.32,20.94,147.97,-17.52,-7.43,174.13,53.628,54.208,-23.2198,4.8027,380.60,331.69,-23.0252,4.5661,,,0.20865,0
58.9675,20,19,4,3,351.75,583.50,capture,391.48,338.91,247.80,0,178.939,8.084,179.830,-18.29,21.29,147.94,-18.17,-7.42,174.00,53.259,54.276,-23.5328,5.5184,391.48,338.91,-23.2536,4.9947,,,0.23319,0
59.0591,20,19,4,3,351.75,583.50,capture,394.89,357.70,229.88,0,178.954,8.241,179.855,-18.25,21.18,147.77,-18.02,-7.66,174.10,53.306,54.309,-23.7828,5.5995,394.89,357.70,-23.4918,5.2669,,,0.19402,0
59.1744,20,19,4,3,351.75,583.50,capture,361.00,346.00,237.68,0,178.880,8.194,179.847,-18.24,21.14,147.62,-17.36,-7.35,173.41,53.646,53.945,-23.4707,3.9222,361.00,346.00,-23.4823,4.6618,,,0.19688,0
59.2720,20,19,4,3,351.75,583.50,capture,367.31,324.43,259.54,0,178.911,8.193,179.849,-18.30,21.16,147.65,-17.47,-7.38,174.11,53.852,54.133,-23.0816,4.3625,367.31,324.43,-23.3020,4.5271,,,0.22609,0
59.3775,20,19,4,3,351.75,583.50,capture,375.17,312.97,271.54,0,179.017,8.160,179.835,-18.39,21.15,147.69,-17.94,-6.98,173.80,53.843,54.186,-21.9550,5.0413,375.17,312.97,-22.6958,4.7585,,,0.21546,0
59.4821,20,19,4,3,351.75,583.50,capture,383.16,348.65,236.94,0,178.905,8.138,179.844,-18.29,21.09,147.75,-17.36,-7.50,173.80,54.253,54.057,-23.4580,4.5820,383.16,348.65,-23.0388,4.6791,,,0.21614,0
59.5869,20,19,4,3,351.75,583.50,capture,389.52,339.62,246.79,0,178.817,8.077,179.848,-18.27,21.17,147.66,-17.70,-7.78,174.00,54.209,54.054,-21.5334,5.2662,389.52,339.62,-22.3614,4.9433,,,0.19806,0
59.6880,20,19,4,3,351.75,583.50,capture,395.03,364.35,223.38,0,178.866,8.229,179.829,-18.31,21.25,147.65,-18.02,-6.77,174.48,54.008,53.983,-22.9881,5.0207,395.03,364.35,-22.6434,4.9781,,,0.22487,0
59.7963,20,19,4,3,351.75,583.50,capture,385.13,349.06,236.80,0,178.749,8.350,179.789,-18.34,21.16,147.60,-17.72,-7.64,174.10,53.748,54.087,-23.0370,5.0085,385.13,349.06,-22.8205,4.9918,,,0.20312,0
59.9082,20,19,4,3,351.75,583.50,capture,400.95,355.76,232.99,0,178.831,8.342,179.835,-18.26,21.19,147.53,-17.80,-6.94,173.98,53.441,54.548,-24.3093,5.7704,400.95,355.76,-23.4905,5.3422,,,0.20356,0
60.0007,20,19,4,3,351.75,583.50,capture,394.57,340.65,246.60,0,178.828,8.277,179.811,-18.30,21.20,147.53,-17.65,-6.93,174.05,53.030,54.740,-22.7716,5.4196,394.57,340.65,-23.1670,5.3770,,,0.17573,0
60.0827,20,19,4,3,351.75,583.50,capture,380.43,310.53,274.47,0,178.856,8.471,179.849,-18.33,21.28,147.70,-18.11,-6.99,174.46,53.479,54.993,-20.8833,5.8235,380.43,310.53,-22.1393,5.5779,,,0.19190,0
60.1814,20,19,4,3,351.75,583.50,capture,397.93,329.79,257.88,0,179.055,8.388,179.852,-18.37,21.22,147.80,-17.79,-7.67,173.44,53.563,54.619,-23.2916,5.5984,397.93,329.79,-22.6578,5.5871,,,0.20215,0
60.2863,20,19,4,3,351.75,583.50,capture,359.56,332.42,251.20,0,179.081,8.346,179.863,-18.42,21.04,147.66,-17.97,-7.54,174.51,53.257,54.060,-22.4209,3.8349,359.56,332.42,-22.5512,4.7986,,,0.19258,0
60.3734,20,19,4,3,351.75,583.50,capture,369.19,321.31,262.77,0,179.086,8.410,179.854,-18.38,21.12,147.79,-18.11,-7.88,174.33,53.039,54.704,-23.2556,4.1731,369.19,321.31,-22.8682,4.5171,,,0.18364,0
60.4751,20,19,4,3,351.75,583.50,capture,402.91,330.90,257.73,0,179.033,8.326,179.886,-18.34,20.77,147.88,-17.97,-8.03,174.18,53.128,54.501,-22.6007,5.7852,402.91,330.90,-22.7478,5.0878,,,0.20067,0
60.5781,20,19,4,3,351.75,583.50,capture,388.21,316.39,269.59,0,179.102,8.373,179.886,-18.42,20.65,148.03,-18.18,-7.92,174.16,53.447,54.129,-22.7524,5.0649,388.21,316.39,-22.7499,5.0775,,,0.21980,0
60.7471,21,9,2,1,150.75,324.17,dwell,317.15,389.84,178.89,0,179.069,8.387,179.852,-18.45,20.66,148.14,-18.04,-8.43,174.73,53.459,54.279,-25.4743,1.6787,317.15,389.84,-25.4743,1.6787,,,0.18735,0
60.8522,21,9,2,1,150.75,324.17,dwell,246.31,349.24,98.79,0,179.047,8.132,179.858,-18.51,20.74,148.17,-17.41,-8.28,174.73,53.316,54.187,-23.8551,-1.4299,246.31,349.24,-24.7457,0.2798,,,0.20881,0
60.9641,21,9,2,1,150.75,324.17,dwell,276.42,399.33,146.43,0,179.086,8.009,179.884,-18.40,20.66,148.27,-18.14,-8.68,174.89,53.237,54.356,-25.2733,0.0489,276.42,399.33,-24.9831,0.1759,,,0.20944,0
61.0548,21,9,2,1,150.75,324.17,dwell,306.38,412.14,178.77,0,178.974,8.053,179.896,-18.38,20.61,148.10,-18.41,-7.94,174.23,53.159,54.496,-26.0051,1.5872,306.38,412.14,-25.4430,0.8110,,,0.17610,0
61.1615,21,9,2,1,150.75,324.17,dwell,188.39,378.27,65.91,1,178.907,8.073,179.831,-18.25,20.74,148.21,-18.02,-7.81,174.70,53.413,54.523,-24.5958,-4.3833,188.39,378.27,-25.0618,-1.5265,,,0.21747,0
61.2541,21,9,2,1,150.75,324.17,dwell,236.66,420.25,128.89,0,178.764,8.127,179.794,-18.23,20.73,148.13,-17.90,-8.09,174.90,53.489,54.312,-26.0468,-1.5128,236.66,420.25,-25.5050,-1.5203,,,0.21436,0
61.3428,21,9,2,1,150.75,324.17,dwell,165.60,323.92,14.85,1,178.845,8.274,179.804,-18.38,20.71,148.14,-18.22,-7.57,174.58,53.850,54.457,-22.5076,-5.2270,165.60,323.92,-24.1562,-3.1883,,,0.23323,0
61.4386,21,9,2,1,150.75,324.17,dwell,163.01,381.66,58.79,1,178.867,8.323,179.832,-18.24,20.50,148.07,-17.16,-7.14,174.42,53.849,54.529,-25.5176,-5.8819,163.01,381.66,-24.7688,-4.4005,,,0.21134,0
61.5395,21,9,2,1,150.75,324.17,dwell,179.97,336.63,31.77,1,178.841,8.257,179.846,-18.34,20.32,147.96,-17.95,-8.03,174.57,53.718,54.370,-23.9140,-4.4406,179.97,336.63,-24.3841,-4.4185,,,0.22374,0
61.6215,21,9,2,1,150.75,324.17,dwell,95.69,326.66,55.12,0,178.784,8.287,179.866,-18.31,20.26,147.59,-17.85,-8.36,173.83,54.032,53.970,-22.1802,-7.6212,95.69,326.66,-23.3924,-5.8597,,,0.21693,0
61.7097,21,9,2,1,150.75,324.17,dwell,118.22,371.33,57.29,1,178.939,8.248,179.838,-18.24,20.18,147.57,-17.51,-7.67,173.92,53.918,53.711,-24.5938,-6.8707,118.22,371.33,-23.9330,-6.3147,,,0.21113,0
61.8065,21,9,2,1,150.75,324.17,capture,82.73,376.77,85.99,0,179.002,8.230,179.847,-18.28,20.11,147.66,-18.35,-8.69,174.55,53.998,53.493,-24.6175,-9.2562,82.73,376.77,-24.2410,-7.6384,,,0.23056,0
61.9093,21,9,2,1,150.75,324.17,capture,60.88,383.42,107.65,0,178.934,8.149,179.834,-18.31,20.28,147.57,-17.58,-8.09,173.62,54.312,53.706,-24.9849,-10.1983,60.88,383.42,-24.5758,-8.7903,,,0.26332,0
61.9913,21,9,2,1,150.75,324.17,capture,96.36,386.01,82.36,0,179.051,8.136,179.789,-18.39,20.44,147.62,-18.18,-8.13,174.53,54.045,53.845,-25.6079,-8.0221,96.36,386.01,-25.0402,-8.4446,,,0.21310,0
62.0868,21,9,2,1,150.75,324.17,capture,82.53,404.20,105.16,0,178.940,8.122,179.806,-18.36,20.36,147.61,-18.19,-8.67,173.21,54.172,54.142,-25.2874,-8.9495,82.53,404.20,-25.1514,-8.6718,,,0.21996,0
62.1787,21,9,2,1,150.75,324.17,capture,89.62,389.27,89.30,0,178.972,8.077,179.808,-18.37,20.56,147.48,-17.70,-7.57,173.60,53.952,53.728,-25.2805,-8.8891,89.62,389.27,-25.2095,-8.7696,,,0.22852,0
62.2607,21,9,2,1,150.75,324.17,capture,86.24,405.06,103.47,0,179.000,8.072,179.781,-18.31,20.52,147.64,-18.28,-8.30,173.71,54.271,53.901,-25.5865,-8.9597,86.24,405.06,-25.3792,-8.8551,,,0.22391,0
62.3479,21,9,2,1,150.75,324.17,capture,92.95,359.39,67.69,0,178.911,8.013,179.772,-18.33,20.38,147.32,-18.01,-7.92,173.12,53.890,53.743,-23.4001,-8.4028,92.95,359.39,-24.4886,-8.6516,,,0.19003,0
62.4527,21,9,2,1,150.75,324.17,capture,83.63,358.32,75.31,0,178.886,8.029,179.803,-18.33,20.42,147.20,-17.65,-7.67,173.65,54.013,54.202,-23.1604,-8.3852,83.63,358.32,-23.8909,-8.5317,,,0.21252,0
62.5707,21,9,2,1,150.75,324.17,capture,104.24,363.45,60.88,1,178.949,8.053,179.823,-18.29,20.52,147.25,-17.85,-8.18,173.69,53.779,54.473,-23.5969,-7.2464,104.24,363.45,-23.7586,-7.9533,,,0.22275,0
62.6527,21,9,2,1,150.75,324.17,capture,89.34,379.03,82.35,0,178.953,8.057,179.821,-18.39,20.44,147.20,-17.61,-7.39,173.10,53.523,54.639,-25.6440,-8.6676,89.34,379.03,-24.6071,-8.2747,,,0.21192,0
62.7353,21,9,2,1,150.75,324.17,capture,82.63,347.30,71.94,0,178.809,8.042,179.819,-18.41,20.55,147.24,-18.37,-7.72,173.71,53.424,54.446,-22.8527,-8.4027,82.63,347.30,-23.8176,-8.3323,,,0.20604,0
62.8396,21,9,2,1,150.75,324.17,capture,76.26,367.45,86.15,0,178.739,8.045,179.818,-18.40,20.66,147.14,-18.07,-7.87,173.67,53.516,54.298,-24.1388,-9.2112,76.26,367.45,-23.9622,-8.7278,,,0.22013,0
62.9266,21,9,2,1,150.75,324.17,capture,104.46,381.28,73.52,1,178.630,8.017,179.847,-18.34,20.51,147.26,-17.48,-7.61,173.16,54.073,54.258,-25.4460,-8.4227,104.46,381.28,-24.6299,-8.5905,,,0.22215,0
63.0281,21,9,2,1,150.75,324.17,capture,116.08,381.75,67.21,1,178.674,7.929,179.821,-18.26,20.55,147.51,-17.81,-7.76,173.72,53.889,53.859,-25.0754,-7.5118,116.08,381.75,-24.8304,-8.1051,,,0.21951,0
63.1253,21,9,2,1,150.75,324.17,capture,103.94,357.07,57.22,1,178.773,7.887,179.802,-18.42,20.56,147.30,-18.01,-7.88,173.78,53.693,54.077,-23.3148,-8.1476,103.94,357.07,-24.1484,-8.1242,,,0.22840,0
63.2259,21,9,2,1,150.75,324.17,capture,78.58,381.30,92.05,0,178.754,7.880,179.820,-18.47,20.29,147.45,-18.11,-8.65,173.51,53.625,54.200,-25.3825,-9.6591,78.58,381.30,-24.7037,-8.8149,,,0.21620,0
63.3368,21,9,2,1,150.75,324.17,capture,91.19,376.32,79.17,0,178.911,7.925,179.796,-18.29,20.34,147.50,-17.72,-8.21,173.75,53.668,54.454,-23.8742,-8.3902,91.19,376.32,-24.3304,-8.6238,,,0.23627,0
63.4233,21,9,2,1,150.75,324.17,capture,72.04,384.95,99.45,0,178.755,7.969,179.798,-18.20,20.60,147.76,-18.22,-7.57,173.94,53.153,54.085,-25.0837,-10.1260,72.04,384.95,-24.6694,-9.2998,,,0.19971,0
63.5276,21,9,2,1,150.75,324.17,capture,89.24,403.72,100.56,0,178.842,8.031,179.800,-18.27,20.56,147.60,-17.84,-8.41,174.08,53.010,54.039,-25.5163,-8.2751,89.24,403.72,-25.0505,-8.8387,,,0.16207,0
63.6376,21,9,2,1,150.75,324.17,capture,106.07,374.15,67.04,1,178.855,8.030,179.817,-18.29,20.51,147.76,-17.51,-7.50,174.51,52.912,53.914,-24.2336,-8.0115,106.07,374.15,-24.6829,-8.4664,,,0.18277,0
63.8419,22,20,5,0,50.25,713.17,dwell,179.45,435.04,306.67,0,178.844,8.247,179.874,-18.33,20.45,148.03,-17.77,-8.26,174.91,52.943,54.398,-27.5024,-4.3975,179.45,435.04,-27.5024,-4.3975,,,0.17911,0
63.9239,22,20,5,0,50.25,713.17,dwell,120.21,440.44,281.56,0,178.990,8.071,179.882,-18.41,20.51,148.00,-17.44,-8.07,174.18,53.047,54.430,-26.0120,-7.4141,120.21,440.44,-26.8317,-5.7550,,,0.17907,0
64.0492,22,20,5,0,50.25,713.17,dwell,134.55,546.65,186.64,0,179.040,8.036,179.866,-18.38,20.27,147.93,-18.06,-7.94,173.88,53.007,54.596,-31.3380,-7.2431,134.55,546.65,-28.8595,-6.4246,,,0.20400,0
64.1503,22,20,5,0,50.25,713.17,dwell,110.37,730.79,62.65,0,178.977,8.126,179.876,-18.38,20.31,147.77,-18.10,-8.26,173.97,52.863,54.873,-38.2946,-7.5031,110.37,730.79,-33.1053,-6.9100,,,0.17966,0
64.2409,22,20,5,0,50.25,713.17,dwell,153.75,631.16,132.05,0,178.907,8.206,179.886,-18.29,20.35,148.00,-17.71,-7.92,174.71,53.028,54.441,-34.5752,-5.1309,153.75,631.16,-33.7668,-6.1094,,,0.19055,0
64.3452,22,20,5,0,50.25,713.17,dwell,33.96,700.65,20.54,1,179.044,8.323,179.905,-18.36,20.37,147.78,-18.14,-8.80,174.23,52.933,54.319,-36.6339,-10.2764,33.96,700.65,-35.0570,-7.9845,,,0.17312,0
64.4498,22,20,5,0,50.25,713.17,dwell,141.75,723.48,92.08,0,179.037,8.454,179.911,-18.30,20.45,147.66,-17.37,-6.99,173.57,53.541,54.028,-37.9588,-6.7182,141.75,723.48,-36.3628,-7.4147,,,0.22416,0
64.5331,22,20,5,0,50.25,713.17,dwell,136.43,764.03,100.07,0,178.924,8.538,179.922,-18.26,20.43,147.55,-17.93,-7.40,173.74,53.785,54.059,-39.1411,-6.3228,136.43,764.03,-37.6130,-6.9234,,,0.18109,0
64.6379,22,20,5,0,50.25,713.17,dwell,66.80,752.55,42.72,1,178.941,8.546,179.891,-18.21,20.40,147.65,-18.05,-7.57,173.81,53.700,54.353,-39.0409,-10.1864,66.80,752.55,-38.2556,-8.3917,,,0.20300,0
64.7252,22,20,5,0,50.25,713.17,capture,62.36,785.19,73.03,0,178.893,8.479,179.880,-18.16,20.40,147.61,-18.03,-8.78,173.71,53.454,54.242,-39.6936,-9.7656,62.36,785.19,-38.9027,-9.0099,,,0.23933,0
64.8336,22,20,5,0,50.25,713.17,capture,73.03,799.57,89.36,0,179.058,8.627,179.873,-18.16,20.41,147.25,-17.37,-7.78,173.34,53.552,54.025,-41.3351,-9.7493,73.03,799.57,-39.9973,-9.3427,,,0.18840,0
64.9213,22,20,5,0,50.25,713.17,capture,77.17,780.66,72.66,0,179.109,8.573,179.885,-17.91,20.57,147.25,-17.62,-8.13,173.61,53.540,54.107,-39.6202,-9.0882,77.17,780.66,-39.8276,-9.2282,,,0.18729,0
65.0070,22,20,5,0,50.25,713.17,capture,83.53,763.10,60.01,1,179.088,8.556,179.903,-17.87,20.66,147.44,-17.15,-7.20,174.06,53.461,54.097,-38.9576,-9.2220,83.53,763.10,-39.4361,-9.2254,,,0.19603,0
65.1027,22,20,5,0,50.25,713.17,capture,71.37,790.87,80.52,0,179.182,8.530,179.906,-17.85,20.57,147.27,-17.38,-7.98,173.83,53.765,54.034,-40.0012,-9.2656,71.37,790.87,-39.6904,-9.2435,,,0.21901,0
65.2116,22,20,5,0,50.25,713.17,capture,94.10,815.20,111.06,0,179.167,8.572,179.897,-17.87,20.61,147.08,-17.34,-7.70,173.15,54.240,54.142,-41.2130,-8.6493,94.10,815.20,-40.3756,-8.9761,,,0.23975,0
65.3230,22,20,5,0,50.25,713.17,capture,87.57,791.19,86.49,0,179.140,8.576,179.908,-17.78,20.79,147.00,-17.70,-7.53,173.05,54.431,54.211,-40.1035,-7.9764,87.57,791.19,-40.2531,-8.5262,,,0.25537,0
65.4387,22,20,5,0,50.25,713.17,capture,99.83,794.92,95.61,0,179.104,8.623,179.889,-17.81,20.89,147.08,-17.15,-7.68,173.14,54.212,54.391,-39.8581,-8.3681,99.83,794.92,-40.0754,-8.4551,,,0.19719,0
65.5695,22,20,5,0,50.25,713.17,capture,89.53,809.26,103.81,0,179.058,8.519,179.882,-17.84,20.96,147.04,-17.46,-7.72,173.31,53.860,54.157,-41.6818,-8.2440,89.53,809.26,-40.7983,-8.3601,,,0.21385,0
65.6515,22,20,5,0,50.25,713.17,capture,73.04,814.60,103.96,0,179.020,8.413,179.861,-17.79,20.91,147.05,-17.07,-7.27,173.27,53.836,54.126,-40.7489,-9.1888,73.04,814.60,-40.7760,-8.7330,,,0.21067,0
65.7346,22,20,5,0,50.25,713.17,capture,91.91,795.38,92.17,0,178.944,8.487,179.861,-17.88,20.82,146.90,-17.47,-7.85,172.80,53.989,54.155,-41.1734,-8.3375,91.91,795.38,-40.9549,-8.5551,,,0.23654,0
65.8304,22,20,5,0,50.25,713.17,capture,79.06,823.18,113.72,0,179.068,8.457,179.865,-17.86,20.84,146.96,-17.23,-7.13,172.83,54.015,54.310,-42.0571,-8.6691,79.06,823.18,-41.4509,-8.6064,,,0.22198,0
65.9275,22,20,5,0,50.25,713.17,capture,61.95,778.56,66.43,0,179.052,8.417,179.891,-17.80,20.93,147.09,-17.62,-7.53,172.87,53.653,54.222,-40.7373,-10.1810,61.95,778.56,-41.1298,-9.3150,,,0.21650,0
66.0468,22,20,5,0,50.25,713.17,capture,71.81,795.37,84.98,0,178.998,8.339,179.874,-17.88,20.80,147.31,-17.94,-7.34,173.35,53.858,53.877,-40.9278,-9.5194,71.81,795.37,-41.0389,-9.4069,,,0.23574,0
66.1445,22,20,5,0,50.25,713.17,capture,72.71,807.46,96.93,0,178.965,8.420,179.884,-17.90,20.82,147.32,-17.47,-7.82,173.82,54.005,54.332,-40.5605,-9.2322,72.71,807.46,-40.8236,-9.3283,,,0.22709,0
66.2382,22,20,5,0,50.25,713.17,capture,77.11,803.04,93.80,0,178.937,8.493,179.839,-17.88,20.93,147.35,-17.42,-7.69,173.55,53.740,53.965,-40.5823,-9.4921,77.11,803.04,-40.7150,-9.4020,,,0.24748,0
66.3491,22,20,5,0,50.25,713.17,capture,78.45,797.95,89.35,0,178.880,8.588,179.853,-17.96,20.86,147.25,-17.52,-7.38,173.92,53.398,53.764,-40.9943,-9.4535,78.45,797.95,-40.8407,-9.4252,,,0.22554,0
66.4446,22,20,5,0,50.25,713.17,capture,76.76,793.59,84.68,0,178.909,8.634,179.824,-17.90,20.80,147.34,-17.80,-7.52,173.56,53.226,53.555,-40.5187,-8.7185,76.76,793.59,-40.6958,-9.1072,,,0.17302,0
66.5388,22,20,5,0,50.25,713.17,capture,75.45,797.19,87.72,0,178.850,8.678,179.829,-17.93,20.88,147.18,-17.38,-7.56,173.00,53.077,54.010,-40.0350,-10.2027,75.45,797.19,-40.3985,-9.6001,,,0.19655,0
66.6452,22,20,5,0,50.25,713.17,capture,57.85,783.72,70.96,0,178.945,8.683,179.838,-18.02,20.75,147.03,-18.10,-7.69,172.59,53.102,54.175,-41.0920,-10.2903,57.85,783.72,-40.7105,-9.9107,,,0.17912,0
66.8460,23,11,2,3,351.75,324.17,dwell,113.38,791.00,524.17,0,178.918,8.558,179.832,-18.02,20.86,146.97,-17.79,-8.20,173.13,53.659,54.448,-41.5254,-7.3280,113.38,791.00,-41.5254,-7.3280,,,0.21199,0
66.9585,23,11,2,3,351.75,324.17,dwell,214.50,723.37,422.14,0,178.902,8.519,179.798,-18.03,20.93,146.95,-18.23,-7.83,173.21,53.800,54.147,-38.5532,-2.6501,214.50,723.37,-40.1879,-5.2230,,,0.21174,0
67.0405,23,11,2,3,351.75,324.17,dwell,228.73,483.34,201.17,0,178.913,8.281,179.803,-18.14,21.01,147.11,-17.89,-7.93,173.21,53.974,54.271,-28.9007,-1.8767,228.73,483.34,-35.1086,-3.7171,,,0.22988,0
67.1225,23,11,2,3,351.75,324.17,dwell,196.12,571.56,292.27,0,178.879,8.157,179.823,-18.08,20.91,147.22,-18.01,-7.86,173.29,53.527,54.287,-32.8181,-4.1185,196.12,571.56,-34.0779,-3.8978,,,0.17622,0
67.2211,23,11,2,3,351.75,324.17,dwell,402.34,401.79,92.65,0,178.912,7.976,179.813,-18.14,21.01,147.19,-17.56,-6.01,173.77,53.255,54.441,-25.6815,6.1274,402.34,401.79,-30.2995,0.6136,,,0.18801,0
67.3246,23,11,2,3,351.75,324.17,dwell,353.79,393.77,69.63,0,178.840,7.802,179.816,-18.20,21.10,147.12,-17.91,-8.22,173.53,52.903,54.400,-24.6730,3.6169,353.79,393.77,-27.7676,1.9651,,,0.18490,0
67.4269,23,11,2,3,351.75,324.17,dwell,355.99,309.46,15.31,1,178.812,7.953,179.773,-18.21,20.97,147.25,-18.09,-8.03,173.38,52.863,54.301,-21.4665,3.7598,355.99,309.46,-24.9321,2.7727,,,0.20752,0
67.5237,23,11,2,3,351.75,324.17,dwell,336.56,280.62,46.12,1,178.845,7.951,179.776,-18.10,20.96,147.40,-18.39,-6.89,173.89,53.126,54.204,-20.2753,2.6700,336.56,280.62,-22.8365,2.7265,,,0.20487,0
67.6189,23,11,2,3,351.75,324.17,dwell,424.62,260.91,96.50,0,178.704,7.893,179.793,-18.13,20.98,147.04,-17.70,-7.40,173.36,53.424,54.391,-20.3132,6.8646,424.62,260.91,-21.7010,4.5886,,,0.19645,0
67.7141,23,11,2,3,351.75,324.17,capture,422.65,207.87,136.20,0,178.840,7.850,179.831,-18.19,21.09,147.18,-17.62,-7.55,173.45,53.709,54.334,-16.4537,6.9814,422.65,207.87,-19.3397,5.6654,,,0.21243,0
67.8157,23,11,2,3,351.75,324.17,capture,441.12,234.03,126.93,0,178.862,7.952,179.837,-18.26,20.97,147.19,-18.34,-8.09,173.04,53.545,54.113,-19.0337,6.8270,441.12,234.03,-19.2020,6.1881,,,0.20031,0
67.9193,23,11,2,3,351.75,324.17,capture,446.77,201.62,155.07,0,178.948,7.973,179.843,-18.14,20.92,147.40,-17.71,-8.01,173.32,53.246,54.166,-17.9118,7.7752,446.77,201.62,-18.6214,6.9023,,,0.20420,0
68.0055,23,11,2,3,351.75,324.17,capture,434.96,206.32,144.26,0,178.895,8.063,179.847,-18.12,20.99,147.52,-17.23,-8.19,173.54,53.011,54.462,-17.5193,7.2971,434.96,206.32,-18.1255,7.0800,,,0.19666,0
68.1029,23,11,2,3,351.75,324.17,capture,446.70,185.46,168.09,0,178.949,8.076,179.846,-17.96,20.98,147.61,-17.70,-7.74,174.13,53.069,54.530,-17.4684,7.9442,446.70,185.46,-17.8298,7.4689,,,0.18881,0
68.1986,23,11,2,3,351.75,324.17,capture,422.15,185.90,155.16,0,178.992,8.092,179.836,-17.94,21.11,147.41,-17.40,-7.14,173.49,53.166,54.174,-17.5453,6.4267,422.15,185.90,-17.7018,6.9999,,,0.21445,0
68.2913,23,11,2,3,351.75,324.17,capture,396.28,193.86,137.71,0,178.998,8.196,179.840,-18.06,20.98,147.37,-17.61,-8.19,173.63,53.344,54.568,-16.4573,5.0332,396.28,193.86,-17.1417,6.1149,,,0.16801,0
68.3891,23,11,2,3,351.75,324.17,capture,426.54,211.13,135.54,0,178.986,8.163,179.847,-17.93,20.89,147.38,-17.48,-7.30,173.63,53.295,54.703,-17.7994,6.5365,426.54,211.13,-17.4377,6.3046,,,0.19749,0
68.4922,23,11,2,3,351.75,324.17,capture,417.87,207.87,133.78,0,178.991,8.137,179.849,-17.98,21.08,147.69,-17.98,-7.43,173.83,53.324,54.924,-16.8332,6.6724,417.87,207.87,-17.1657,6.4701,,,0.22263,0
68.5994,23,11,2,3,351.75,324.17,capture,408.82,208.31,129.15,0,178.934,8.093,179.808,-18.09,20.88,147.71,-17.52,-7.91,173.46,53.462,54.536,-17.7189,6.2368,408.82,208.31,-17.4146,6.3651,,,0.19799,0
68.7039,23,11,2,3,351.75,324.17,capture,413.51,190.83,146.95,0,178.966,8.091,179.779,-18.27,20.73,147.56,-17.59,-8.59,173.60,53.832,54.323,-16.4243,7.0630,413.51,190.83,-16.9690,6.6792,,,0.24166,0
68.8061,23,11,2,3,351.75,324.17,capture,412.98,178.42,158.09,0,178.965,7.973,179.782,-18.36,20.64,147.39,-17.63,-7.66,173.47,53.676,54.056,-16.8108,6.0376,412.98,178.42,-16.8978,6.3905,,,0.20975,0
68.8969,23,11,2,3,351.75,324.17,capture,426.29,213.69,133.27,0,179.066,7.974,179.779,-18.47,20.59,147.38,-17.59,-8.36,173.95,53.580,53.881,-17.9075,7.0996,426.29,213.69,-17.3522,6.7096,,,0.22165,0
69.0009,23,11,2,3,351.75,324.17,capture,406.34,205.98,130.19,0,178.977,8.038,179.781,-18.43,20.53,147.35,-18.07,-8.35,173.55,53.437,54.033,-17.1499,5.7194,406.34,205.98,-17.2612,6.2640,,,0.21545,0
69.1005,23,11,2,3,351.75,324.17,capture,412.83,224.26,117.10,0,179.052,8.100,179.758,-18.47,20.51,147.11,-18.24,-8.41,172.97,53.535,54.207,-18.4367,7.0510,412.83,224.26,-17.7902,6.6182,,,0.22837,0
69.1940,23,11,2,3,351.75,324.17,capture,411.78,186.30,150.37,0,178.849,8.003,179.725,-18.42,20.42,147.39,-17.63,-8.43,173.80,53.109,53.994,-16.2067,5.8908,411.78,186.30,-17.0776,6.2908,,,0.19833,0
69.3024,23,11,2,3,351.75,324.17,capture,412.74,226.88,114.82,0,178.842,7.826,179.760,-18.39,20.48,147.25,-17.20,-8.07,173.79,53.449,53.996,-18.1759,6.5251,412.74,226.88,-17.5718,6.3962,,,0.23619,0
69.4057,23,11,2,3,351.75,324.17,capture,402.59,199.69,134.46,0,178.948,7.805,179.796,-18.49,20.56,147.24,-18.01,-8.24,173.57,53.528,53.948,-17.5871,5.6781,402.59,199.69,-17.5787,6.0731,,,0.20409,0
69.4877,23,11,2,3,351.75,324.17,capture,411.39,195.93,141.43,0,178.883,7.839,179.800,-18.37,20.52,147.23,-17.40,-8.80,173.42,53.449,54.078,-17.1136,6.5635,411.39,195.93,-17.3694,6.2937,,,0.21728,0
69.5756,23,11,2,3,351.75,324.17,capture,418.99,194.43,146.13,0,178.929,7.881,179.819,-18.41,20.57,147.15,-18.12,-8.32,173.62,53.812,53.883,-17.4368,6.3902,418.99,194.43,-17.3997,6.3371,,,0.21327,0
69.6588,23,11,2,3,351.75,324.17,capture,422.50,222.91,123.53,0,178.901,8.009,179.807,-18.42,20.58,147.33,-17.84,-7.69,173.55,53.755,53.772,-18.4403,7.0939,422.50,222.91,-17.8680,6.6777,,,0.19975,0
69.8684,24,15,3,3,351.75,453.83,dwell,402.36,256.26,203.95,0,178.933,8.028,179.812,-18.30,20.48,147.31,-17.74,-7.62,173.02,53.380,53.849,-19.2045,6.3155,402.36,256.26,-19.2045,6.3155,,,0.19105,0
69.9826,24,15,3,3,351.75,453.83,dwell,443.84,334.26,150.92,0,178.834,8.057,179.781,-18.32,20.44,147.34,-17.77,-8.05,173.41,53.418,53.801,-23.6101,7.2239,443.84,334.26,-21.1870,6.7243,,,0.18600,0
70.0710,24,15,3,3,351.75,453.83,dwell,430.46,273.84,196.45,0,178.744,7.993,179.797,-18.16,20.33,147.23,-17.58,-8.32,173.68,53.285,53.869,-20.9477,7.4937,430.46,273.84,-21.0793,7.0705,,,0.18612,0
70.1945,24,15,3,3,351.75,453.83,dwell,381.51,357.81,100.53,0,178.725,8.091,179.796,-18.13,20.39,147.21,-17.89,-8.55,173.13,53.161,53.536,-24.1539,4.7884,381.51,357.81,-22.4629,6.0436,,,0.19239,0
70.3085,24,15,3,3,351.75,453.83,dwell,410.01,407.51,74.43,0,178.831,8.210,179.789,-18.21,20.09,146.99,-17.71,-8.30,173.45,53.398,54.104,-25.6024,6.1630,410.01,407.51,-23.8757,6.0973,,,0.19300,0
70.4190,24,15,3,3,351.75,453.83,dwell,394.21,401.50,67.39,1,178.904,8.205,179.810,-18.29,20.21,146.95,-18.08,-8.35,173.18,53.259,53.707,-25.5671,6.1152,394.21,401.50,-24.6368,6.1054,,,0.21880,0
70.5283,24,15,3,3,351.75,453.83,dwell,324.80,395.67,64.10,1,179.010,8.145,179.813,-18.18,20.49,147.11,-17.25,-7.93,172.90,53.286,53.921,-26.0651,1.4895,324.80,395.67,-25.2795,4.0282,,,0.20634,0
70.6223,24,15,3,3,351.75,453.83,dwell,416.86,443.52,65.92,0,179.033,8.040,179.793,-18.24,20.41,147.13,-18.33,-7.57,173.09,53.423,53.951,-28.2575,6.2033,416.86,443.52,-26.6196,5.0070,,,0.19953,0
70.7270,24,15,3,3,351.75,453.83,dwell,389.12,443.00,38.91,1,179.118,7.863,179.824,-18.24,20.65,147.26,-18.22,-7.78,173.49,53.277,53.963,-26.9590,5.4069,389.12,443.00,-26.7723,5.1869,,,0.19576,0
70.8447,24,15,3,3,351.75,453.83,dwell,386.73,441.55,37.07,1,179.047,7.967,179.862,-18.28,20.70,147.36,-18.64,-7.56,173.25,53.505,53.850,-27.0958,5.6161,386.73,441.55,-26.9179,5.3801,,,0.18882,0
70.9633,24,15,3,3,351.75,453.83,dwell,380.64,496.75,51.73,1,178.859,8.024,179.853,-18.37,20.67,147.54,-18.34,-8.13,173.72,53.640,53.694,-28.9426,3.9379,380.64,496.75,-27.8290,4.7311,,,0.21873,0
71.0737,24,15,3,3,351.75,453.83,capture,403.26,508.56,75.16,0,179.034,8.068,179.848,-18.43,20.69,147.59,-18.15,-7.38,173.55,53.445,53.522,-29.0219,5.7977,403.26,508.56,-28.3658,5.2111,,,0.20625,0
71.1847,24,15,3,3,351.75,453.83,capture,401.64,476.39,54.75,1,178.868,8.121,179.833,-18.45,20.72,147.68,-17.77,-7.89,174.10,53.603,53.696,-27.9218,6.3186,401.64,476.39,-28.1660,5.7095,,,0.20780,0
71.2821,24,15,3,3,351.75,453.83,capture,403.49,502.15,70.79,0,178.919,8.142,179.834,-18.41,20.71,147.45,-18.23,-7.48,173.65,53.393,53.520,-29.5058,6.5319,403.49,502.15,-28.7689,6.0796,,,0.19209,0
71.3859,24,15,3,3,351.75,453.83,capture,395.58,508.77,70.28,1,178.944,8.236,179.840,-18.42,20.79,147.58,-18.29,-7.84,174.14,53.370,53.915,-30.8032,5.5417,395.58,508.77,-29.6844,5.8375,,,0.21433,0
71.4816,24,15,3,3,351.75,453.83,capture,367.87,495.83,44.98,1,178.957,8.446,179.859,-18.43,20.72,147.83,-18.25,-7.71,174.02,53.431,53.891,-29.1324,3.8966,367.87,495.83,-29.4360,4.9641,,,0.20076,0
71.5676,24,15,3,3,351.75,453.83,capture,381.70,499.03,54.22,1,178.991,8.394,179.892,-18.51,20.49,147.82,-17.74,-7.80,174.81,53.598,54.139,-28.5248,4.3471,381.70,499.03,-29.0259,4.6865,,,0.21404,0
71.6711,24,15,3,3,351.75,453.83,capture,403.35,512.29,77.97,0,178.999,8.210,179.909,-18.61,20.52,147.73,-17.97,-8.47,174.34,53.778,54.044,-29.3294,6.3790,403.35,512.29,-29.1625,5.4481,,,0.24616,0
71.7739,24,15,3,3,351.75,453.83,capture,390.36,491.65,54.04,1,178.948,8.203,179.902,-18.57,20.59,147.75,-18.36,-8.18,174.08,53.500,54.451,-28.6284,5.1486,390.36,491.65,-28.9222,5.3133,,,0.22526,0
71.8862,24,15,3,3,351.75,453.83,capture,375.32,508.21,59.27,1,179.018,8.319,179.917,-18.41,20.48,147.66,-18.16,-8.00,174.40,53.677,54.615,-29.8119,4.6055,375.32,508.21,-29.3225,4.9948,,,0.19427,0
71.9869,24,15,3,3,351.75,453.83,capture,401.21,478.93,55.46,1,178.868,8.239,179.915,-18.35,20.39,147.90,-17.84,-8.44,174.60,53.510,54.471,-28.3219,5.1378,401.21,478.93,-28.8723,5.0592,,,0.21550,0
72.1138,24,15,3,3,351.75,453.83,capture,413.05,483.54,68.12,0,178.882,8.231,179.921,-18.34,20.23,147.45,-18.64,-8.75,173.94,53.864,54.666,-28.2145,6.6304,413.05,483.54,-28.5763,5.7662,,,0.21385,0
72.2030,24,15,3,3,351.75,453.83,capture,400.85,497.35,65.61,1,178.855,8.246,179.911,-18.34,20.36,147.39,-18.08,-8.45,174.02,54.050,54.814,-29.1235,5.8221,400.85,497.35,-28.8225,5.7914,,,0.24273,0
72.3124,24,15,3,3,351.75,453.83,capture,395.29,507.56,69.15,1,178.810,8.256,179.883,-18.34,20.08,147.46,-17.44,-8.88,173.38,54.209,54.915,-30.5517,4.5509,395.29,507.56,-29.6007,5.2332,,,0.23158,0
72.4145,24,15,3,3,351.75,453.83,capture,403.89,477.72,57.35,0,178.778,8.307,179.871,-18.41,20.19,147.34,-17.66,-8.70,173.79,54.027,54.845,-28.1799,6.0502,403.89,477.72,-28.9613,5.6008,,,0.22359,0
72.5076,24,15,3,3,351.75,453.83,capture,394.60,478.78,49.58,1,178.839,8.447,179.855,-18.41,20.04,147.29,-18.51,-8.54,173.53,53.984,54.524,-28.3766,5.2640,394.60,478.78,-28.6982,5.4493,,,0.20075,0
72.6131,24,15,3,3,351.75,453.83,capture,387.62,502.81,60.71,1,178.850,8.384,179.841,-18.31,20.15,147.15,-17.75,-7.66,173.38,53.891,54.626,-29.4342,5.5718,387.62,502.81,-29.0294,5.5044,,,0.22341,0
72.7059,24,15,3,3,351.75,453.83,capture,368.10,473.81,25.81,1,178.935,8.285,179.886,-18.13,20.37,147.46,-18.12,-7.90,173.88,53.909,54.687,-28.7415,4.3279,368.10,473.81,-28.8998,4.9750,,,0.20641,0
72.8110,24,15,3,3,351.75,453.83,capture,380.00,479.48,38.16,1,179.006,8.319,179.905,-18.00,20.52,147.39,-17.58,-8.58,173.85,53.778,54.566,-28.0173,4.4956,380.00,479.48,-28.5027,4.7593,,,0.26059,0
72.9011,24,15,3,3,351.75,453.83,capture,383.07,489.50,47.47,1,179.085,8.374,179.948,-17.91,20.64,147.31,-17.66,-7.63,173.82,53.537,54.577,-29.2586,4.6082,383.07,489.50,-28.8429,4.6913,,,0.20870,0
73.0025,24,15,3,3,351.75,453.83,capture,411.56,490.45,70.13,0,179.218,8.151,179.913,-18.00,20.51,147.31,-17.88,-7.35,173.23,53.664,54.418,-29.3132,6.1906,411.56,490.45,-29.0545,5.3660,,,0.21520,0
