t_s,trial,cell_idx,row,col,target_x,target_y,phase,pred_x,pred_y,err_pt,in_cell,head_yaw_deg,head_pitch_deg,head_roll_deg,head_tx_mm,head_ty_mm,head_tz_mm,eye_cam_x_mm,eye_cam_y_mm,eye_cam_z_mm,pupil_left_px,pupil_right_px,raw_pitch_deg,raw_yaw_deg,raw_pred_x,raw_pred_y,filt_pitch_deg,filt_yaw_deg,filt_pred_x,filt_pred_y,ear,blink_held
0.0451,1,2,0,2,251.25,77.80,dwell,248.31,340.95,263.17,0,179.089,7.592,179.734,-18.71,19.56,146.65,-18.13,-9.71,172.62,52.797,54.308,-22.9458,-0.8305,248.31,340.95,-22.9458,-0.8305,,,0.17489,0
0.1315,1,2,0,2,251.25,77.80,dwell,330.15,366.22,299.02,0,179.150,7.512,179.720,-18.67,19.76,146.84,-17.71,-8.22,172.68,53.235,54.079,-24.8960,1.8427,330.15,366.22,-23.8234,0.3724,,,0.21377,0
0.2341,1,2,0,2,251.25,77.80,dwell,128.19,326.58,277.55,0,179.165,7.474,179.758,-18.64,19.94,147.07,-18.09,-8.13,173.88,53.346,54.553,-22.3563,-6.7687,128.19,326.58,-23.1632,-2.8411,,,0.22327,0
0.3179,1,2,0,2,251.25,77.80,dwell,314.09,434.60,362.29,0,179.119,7.403,179.768,-18.58,19.89,147.30,-18.31,-7.33,173.85,53.441,54.376,-26.5155,2.2164,314.09,434.60,-24.6717,-0.5652,,,0.19222,0
0.4182,1,2,0,2,251.25,77.80,dwell,282.41,212.38,138.14,0,179.045,7.545,179.781,-18.59,20.01,147.13,-18.34,-8.21,173.25,53.573,54.782,-17.8099,-0.0259,282.41,212.38,-21.5839,-0.3225,,,0.20170,0
0.5237,1,2,0,2,251.25,77.80,dwell,179.62,212.20,152.30,0,178.970,7.555,179.795,-18.59,20.01,147.09,-18.52,-8.26,173.32,53.678,54.501,-17.8113,-4.4105,179.62,212.20,-19.8862,-2.1621,,,0.22117,0
0.6319,1,2,0,2,251.25,77.80,dwell,201.10,168.89,103.98,0,178.878,7.590,179.792,-18.60,20.07,147.20,-18.06,-8.82,173.67,53.533,54.739,-16.8182,-3.8148,201.10,168.89,-18.5056,-2.9058,,,0.23076,0
0.7199,1,2,0,2,251.25,77.80,dwell,226.14,94.77,30.31,1,178.814,7.512,179.768,-18.55,20.18,147.36,-17.67,-8.18,173.54,53.557,54.705,-13.5379,-2.0238,226.14,94.77,-16.2701,-2.5089,,,0.20444,0
0.8019,1,2,0,2,251.25,77.80,dwell,213.84,159.92,90.24,0,178.930,7.485,179.787,-18.56,20.48,147.39,-18.19,-7.46,173.64,53.352,54.470,-16.4724,-3.4567,213.84,159.92,-16.3611,-2.9354,,,0.19451,0
0.8999,1,2,0,2,251.25,77.80,dwell,202.70,103.56,54.96,1,178.848,7.416,179.772,-18.62,20.36,147.43,-17.75,-8.63,173.71,53.469,54.631,-14.0794,-3.4947,202.70,103.56,-15.3343,-3.1871,,,0.21835,0
1.0046,1,2,0,2,251.25,77.80,dwell,224.03,105.50,38.84,1,178.860,7.400,179.809,-18.44,20.49,147.32,-18.22,-7.79,173.22,53.516,54.496,-12.9621,-3.1520,224.03,105.50,-14.2669,-3.1713,,,0.19777,0
1.1068,1,2,0,2,251.25,77.80,capture,223.54,106.85,40.15,1,178.878,7.357,179.805,-18.36,20.72,147.05,-17.75,-7.35,172.77,54.125,54.328,-14.9595,-2.3402,223.54,106.85,-14.5786,-2.7973,,,0.23656,0
1.1888,1,2,0,2,251.25,77.80,capture,229.20,97.45,29.54,1,178.844,7.348,179.837,-18.21,20.68,147.42,-18.20,-7.79,173.64,54.539,53.913,-14.3532,-2.6888,229.20,97.45,-14.4772,-2.7485,,,0.21555,0
1.2945,1,2,0,2,251.25,77.80,capture,231.99,98.61,28.35,1,178.881,7.294,179.842,-18.20,20.64,147.18,-17.81,-7.44,173.52,54.078,54.076,-13.6329,-1.9342,231.99,98.61,-14.0972,-2.3821,,,0.23035,0
1.3856,1,2,0,2,251.25,77.80,capture,209.94,76.88,41.32,1,178.815,7.260,179.837,-18.21,20.57,147.04,-17.84,-8.21,173.18,54.096,54.221,-12.1141,-2.7463,209.94,76.88,-13.2048,-2.5459,,,0.21270,0
1.4849,1,2,0,2,251.25,77.80,capture,219.73,101.04,39.16,1,178.833,7.347,179.826,-18.38,20.66,147.33,-17.81,-7.75,173.57,53.798,54.683,-13.8849,-2.0344,219.73,101.04,-13.5109,-2.3157,,,0.22502,0
1.6023,1,2,0,2,251.25,77.80,capture,211.05,108.41,50.53,1,178.764,7.351,179.813,-18.27,20.81,147.44,-17.64,-7.95,173.42,54.008,54.863,-14.3659,-2.5176,211.05,108.41,-13.8956,-2.4066,,,0.23298,0
1.6889,1,2,0,2,251.25,77.80,capture,199.40,102.95,57.63,0,178.858,7.302,179.813,-18.26,20.47,147.48,-17.44,-7.92,174.36,54.191,54.653,-14.2218,-3.2450,199.40,102.95,-14.0424,-2.7839,,,0.24423,0
1.7828,1,2,0,2,251.25,77.80,capture,212.04,110.94,51.34,1,178.916,7.479,179.808,-18.22,20.53,147.57,-17.93,-7.28,173.98,53.824,54.893,-13.9201,-3.2058,212.04,110.94,-13.9874,-2.9737,,,0.21546,0
1.8663,1,2,0,2,251.25,77.80,capture,235.52,117.57,42.77,1,178.877,7.563,179.801,-18.23,20.60,147.49,-17.71,-7.99,174.12,53.821,54.538,-14.3812,-2.1552,235.52,117.57,-14.1646,-2.6054,,,0.21355,0
1.9512,1,2,0,2,251.25,77.80,capture,207.82,96.57,47.31,1,178.866,7.683,179.839,-18.26,20.58,147.76,-17.50,-7.46,173.85,53.961,54.189,-12.7285,-2.6696,207.82,96.57,-13.5184,-2.6343,,,0.24312,0
2.0583,1,2,0,2,251.25,77.80,capture,208.08,99.89,48.49,1,178.862,7.626,179.821,-18.23,20.55,147.84,-17.55,-7.59,174.62,53.705,54.176,-14.5621,-2.7105,208.08,99.89,-13.9881,-2.6686,,,0.21147,0
2.1524,1,2,0,2,251.25,77.80,capture,225.05,101.87,35.58,1,178.818,7.750,179.801,-18.20,20.44,147.75,-17.67,-7.69,173.88,53.528,54.060,-14.0093,-1.8032,225.05,101.87,-13.9976,-2.2792,,,0.19567,0
2.2583,1,2,0,2,251.25,77.80,capture,241.74,99.38,23.58,1,178.857,7.680,179.782,-18.36,20.30,147.64,-17.52,-8.17,174.33,53.628,53.966,-13.8289,-1.7795,241.74,99.38,-13.9217,-2.0543,,,0.19964,0
2.3450,1,2,0,2,251.25,77.80,capture,221.60,99.90,36.98,1,178.811,7.659,179.773,-18.38,20.35,147.85,-17.64,-8.72,174.00,53.690,54.100,-13.5871,-1.8980,221.60,99.90,-13.7711,-1.9840,,,0.20656,0
2.4433,1,2,0,2,251.25,77.80,capture,224.15,104.26,37.88,1,178.755,7.718,179.774,-18.30,20.48,147.91,-18.65,-7.78,174.89,53.927,54.131,-14.1271,-2.2997,224.15,104.26,-13.9313,-2.1261,,,0.23490,0
2.5361,1,2,0,2,251.25,77.80,capture,217.58,98.52,39.53,1,178.771,7.539,179.764,-18.30,20.58,147.92,-18.02,-8.17,174.15,54.303,53.907,-13.5947,-2.9098,217.58,98.52,-13.7799,-2.4788,,,0.25712,0
2.6388,1,2,0,2,251.25,77.80,capture,226.91,74.79,24.53,1,178.780,7.585,179.790,-18.37,20.45,147.88,-17.52,-7.51,174.31,54.499,54.379,-12.3349,-2.2346,226.91,74.79,-13.1296,-2.3689,,,0.23323,0
2.7332,1,2,0,2,251.25,77.80,capture,233.56,108.80,35.69,1,178.886,7.563,179.826,-18.52,20.52,147.77,-18.31,-7.86,174.44,54.584,53.953,-14.4092,-1.8348,233.56,108.80,-13.7054,-2.1285,,,0.26379,0
2.9102,2,11,2,3,351.75,389.00,dwell,133.46,91.16,369.27,0,179.011,7.522,179.826,-18.53,20.39,147.75,-17.83,-8.48,174.82,54.901,54.032,-13.0025,-6.5804,133.46,91.16,-13.0025,-6.5804,,,0.24967,0
3.0081,2,11,2,3,351.75,389.00,dwell,288.38,93.48,302.24,0,178.907,7.502,179.799,-18.33,20.36,147.52,-18.42,-8.96,173.61,54.457,53.889,-13.4592,0.2642,288.38,93.48,-13.2081,-3.5003,,,0.25525,0
3.0901,2,11,2,3,351.75,389.00,dwell,308.46,249.54,146.02,0,178.883,7.703,179.819,-18.28,20.31,147.43,-17.95,-7.91,173.40,54.106,53.991,-19.3377,1.0707,308.46,249.54,-15.9664,-1.4434,,,0.23894,0
3.1973,2,11,2,3,351.75,389.00,dwell,231.01,308.15,145.31,0,178.771,7.809,179.846,-18.34,20.38,147.41,-18.09,-8.11,174.44,54.304,53.948,-22.4921,-2.0406,231.01,308.15,-18.9030,-1.7121,,,0.23635,0
3.3064,2,11,2,3,351.75,389.00,dwell,254.71,284.40,142.68,0,178.746,8.000,179.838,-18.34,20.24,147.61,-18.13,-7.87,173.69,54.446,54.181,-20.6789,-0.7945,254.71,284.40,-19.7021,-1.2992,,,0.23123,0
3.4051,2,11,2,3,351.75,389.00,dwell,286.26,293.93,115.44,0,178.777,7.975,179.813,-18.33,20.09,147.74,-17.87,-9.00,174.49,53.761,54.202,-21.5423,1.0837,286.26,293.93,-20.5302,-0.2269,,,0.20069,0
3.5112,2,11,2,3,351.75,389.00,dwell,302.91,356.16,58.85,1,178.733,7.967,179.818,-18.47,20.13,147.63,-18.28,-7.52,173.92,53.788,54.113,-24.0124,1.2371,302.91,356.16,-22.0972,0.4319,,,0.21154,0
3.6095,2,11,2,3,351.75,389.00,dwell,296.37,373.01,57.64,0,178.817,7.998,179.790,-18.39,20.13,147.48,-18.11,-8.05,173.69,54.145,54.101,-23.9788,0.6533,296.37,373.01,-22.9439,0.5315,,,0.23559,0
3.7098,2,11,2,3,351.75,389.00,dwell,323.81,387.01,28.01,1,178.808,7.987,179.823,-18.49,20.23,147.57,-17.83,-8.41,174.01,54.340,54.062,-25.0253,2.5582,323.81,387.01,-23.8805,1.4435,,,0.21464,0
3.8045,2,11,2,3,351.75,389.00,capture,309.86,373.41,44.70,1,178.874,7.987,179.841,-18.45,20.21,147.54,-17.99,-8.75,174.26,54.291,53.875,-24.8343,1.4082,309.86,373.41,-24.3097,1.4276,,,0.24658,0
3.8958,2,11,2,3,351.75,389.00,capture,318.11,416.53,43.47,1,178.904,7.937,179.826,-18.35,20.32,147.46,-17.79,-7.50,173.97,54.264,54.082,-25.8427,1.4907,318.11,416.53,-24.9996,1.4560,,,0.21569,0
3.9895,2,11,2,3,351.75,389.00,capture,324.81,402.22,30.01,1,178.782,7.963,179.801,-18.35,20.40,147.64,-17.83,-7.74,174.07,54.127,53.661,-25.2150,2.1215,324.81,402.22,-25.0965,1.7555,,,0.22757,0
4.1049,2,11,2,3,351.75,389.00,capture,290.70,374.36,62.78,0,178.802,7.887,179.815,-18.30,20.44,147.87,-18.06,-8.78,173.66,53.699,53.971,-23.9664,1.1930,290.70,374.36,-24.5880,1.5024,,,0.20296,0
4.1935,2,11,2,3,351.75,389.00,capture,320.70,415.88,41.07,1,178.730,7.988,179.774,-18.28,20.42,148.05,-18.06,-7.21,174.59,53.405,53.830,-25.4908,2.7920,320.70,415.88,-24.9943,2.0827,,,0.18839,0
4.3101,2,11,2,3,351.75,389.00,capture,331.93,373.24,25.32,1,178.638,7.975,179.787,-18.36,20.50,147.88,-17.55,-7.17,174.29,53.231,53.932,-25.1716,2.8518,331.93,373.24,-25.0741,2.4288,,,0.19570,0
4.4151,2,11,2,3,351.75,389.00,capture,322.97,373.94,32.48,1,178.667,8.079,179.757,-18.40,20.50,147.65,-17.76,-7.60,174.15,53.739,53.916,-24.0983,2.2858,322.97,373.94,-24.6350,2.3644,,,0.20714,0
4.5172,2,11,2,3,351.75,389.00,capture,327.20,403.00,28.26,1,178.659,8.026,179.764,-18.41,20.58,147.93,-18.44,-8.87,174.30,53.562,53.510,-24.8495,1.8546,327.20,403.00,-24.7315,2.1350,,,0.20344,0
4.6047,2,11,2,3,351.75,389.00,capture,341.27,371.65,20.27,1,178.661,7.917,179.758,-18.39,20.63,148.03,-18.24,-7.41,173.81,53.355,53.585,-23.8327,3.2421,341.27,371.65,-24.3270,2.6332,,,0.22086,0
4.6942,2,11,2,3,351.75,389.00,capture,318.86,394.72,33.38,1,178.781,8.037,179.764,-18.54,20.64,147.94,-17.72,-7.68,174.52,53.374,53.718,-24.4664,2.2408,318.86,394.72,-24.3897,2.4566,,,0.18237,0
4.7931,2,11,2,3,351.75,389.00,capture,321.61,376.93,32.47,1,178.761,8.119,179.750,-18.60,20.67,147.73,-18.96,-7.64,174.24,53.011,53.478,-24.1872,1.8792,321.61,376.93,-24.2986,2.1968,,,0.21112,0
4.8906,2,11,2,3,351.75,389.00,capture,295.08,366.88,60.83,0,178.899,8.274,179.729,-18.60,20.77,147.46,-17.63,-8.33,173.45,53.019,53.582,-24.0867,1.2537,295.08,366.88,-24.2032,1.7724,,,0.19851,0
4.9755,2,11,2,3,351.75,389.00,capture,307.62,381.38,44.78,1,178.957,8.263,179.734,-18.46,20.89,147.66,-18.28,-7.13,174.42,52.850,53.638,-24.6308,1.2924,307.62,381.38,-24.3956,1.5564,,,0.20283,0
5.0641,2,11,2,3,351.75,389.00,capture,323.30,391.01,28.52,1,178.981,8.102,179.755,-18.33,20.81,147.53,-17.93,-7.79,173.97,53.031,53.905,-24.8553,2.5868,323.30,391.01,-24.6025,2.0201,,,0.18152,0
5.1552,2,11,2,3,351.75,389.00,capture,330.19,411.36,31.06,1,178.991,8.095,179.746,-18.32,20.79,147.70,-17.91,-7.59,174.44,52.876,53.601,-26.0651,2.9547,330.19,411.36,-25.2607,2.4407,,,0.16921,0
5.2480,2,11,2,3,351.75,389.00,capture,334.60,370.30,25.37,1,178.912,8.125,179.747,-18.32,20.87,147.64,-17.82,-8.48,174.33,52.658,54.039,-23.7399,3.4011,334.60,370.30,-24.5763,2.8728,,,0.17911,0
5.3434,2,11,2,3,351.75,389.00,capture,318.91,382.40,33.50,1,178.814,8.202,179.750,-18.22,20.98,147.68,-17.66,-8.05,174.21,52.658,53.779,-25.0413,1.7617,318.91,382.40,-24.7856,2.3728,,,0.17485,0
5.4343,2,11,2,3,351.75,389.00,capture,320.37,379.11,32.90,1,178.776,8.294,179.769,-18.30,20.94,147.80,-17.69,-7.71,174.05,53.057,54.102,-24.8398,1.6582,320.37,379.11,-24.8100,2.0512,,,0.19073,0
5.5217,2,11,2,3,351.75,389.00,capture,339.19,395.83,14.30,1,178.703,8.219,179.778,-18.31,20.89,147.72,-17.91,-8.68,174.08,53.551,53.724,-25.9482,2.7797,339.19,395.83,-25.3222,2.3790,,,0.23440,0
5.7408,3,0,0,0,50.25,77.80,dwell,266.59,297.46,308.31,0,178.692,8.148,179.787,-18.34,20.67,147.70,-17.54,-6.99,174.22,53.534,54.015,-20.7078,-0.5295,266.59,297.46,-20.7078,-0.5295,,,0.20804,0
5.8327,3,0,0,0,50.25,77.80,dwell,91.87,294.25,220.42,0,178.685,8.135,179.780,-18.42,20.75,147.77,-18.47,-7.50,174.60,53.637,54.025,-21.0635,-8.6130,91.87,294.25,-20.8679,-4.1671,,,0.19943,0
5.9271,3,0,0,0,50.25,77.80,dwell,155.71,226.03,181.92,0,178.623,7.866,179.784,-18.32,20.93,147.70,-18.18,-7.45,174.16,53.605,54.485,-19.4352,-5.4948,155.71,226.03,-20.2232,-4.7646,,,0.20953,0
6.0369,3,0,0,0,50.25,77.80,dwell,218.08,162.84,188.15,0,178.698,7.837,179.816,-18.32,20.97,147.59,-17.94,-7.86,174.21,53.467,54.519,-16.1571,-2.2910,218.08,162.84,-18.3935,-3.6515,,,0.22433,0
6.1588,3,0,0,0,50.25,77.80,dwell,236.89,214.65,231.44,0,178.788,7.792,179.809,-18.19,20.94,147.65,-17.39,-7.96,173.79,53.363,54.738,-17.4805,-1.7401,236.89,214.65,-17.9826,-2.7913,,,0.19657,0
6.2408,3,0,0,0,50.25,77.80,dwell,81.67,170.06,97.46,0,178.838,7.825,179.810,-18.22,21.02,147.70,-17.44,-7.68,174.02,53.257,54.522,-16.2552,-9.2094,81.67,170.06,-17.2053,-5.6795,,,0.21441,0
6.3606,3,0,0,0,50.25,77.80,dwell,90.62,110.49,51.95,1,178.759,7.667,179.805,-18.29,20.83,147.81,-17.74,-7.36,174.12,53.173,54.426,-13.9523,-9.0858,90.62,110.49,-15.7414,-7.2123,,,0.21511,0
6.4426,3,0,0,0,50.25,77.80,dwell,70.76,92.70,25.35,1,178.721,7.659,179.802,-18.27,21.07,147.75,-17.66,-6.29,174.00,53.429,54.609,-14.4839,-9.4315,70.76,92.70,-15.1756,-8.2110,,,0.20107,0
6.5373,3,0,0,0,50.25,77.80,dwell,88.56,62.37,41.30,1,178.760,7.564,179.830,-18.24,21.15,147.83,-18.07,-7.25,174.09,53.281,54.348,-12.0868,-8.6020,88.56,62.37,-13.7856,-8.3869,,,0.20256,0
6.6378,3,0,0,0,50.25,77.80,dwell,74.14,15.65,66.58,1,178.718,7.578,179.829,-18.18,21.15,148.03,-17.60,-7.80,174.16,53.236,54.135,-10.3161,-9.1012,74.14,15.65,-12.2243,-8.7083,,,0.21992,0
6.7310,3,0,0,0,50.25,77.80,capture,41.29,-12.89,91.13,0,178.660,7.640,179.832,-18.07,21.07,147.87,-17.75,-7.47,174.40,53.040,53.850,-10.2298,-11.4312,41.29,-12.89,-11.3268,-9.9336,,,0.18474,0
6.8224,3,0,0,0,50.25,77.80,capture,54.32,-16.35,94.24,0,178.651,7.457,179.810,-18.10,21.23,147.84,-17.43,-7.50,174.04,52.865,54.023,-9.9570,-10.3258,54.32,-16.35,-10.7104,-10.1101,,,0.19892,0
6.9202,3,0,0,0,50.25,77.80,capture,35.15,-25.18,104.08,0,178.591,7.345,179.795,-18.12,21.13,147.79,-16.86,-7.80,174.22,52.951,53.950,-8.8964,-11.5567,35.15,-25.18,-9.8941,-10.7611,,,0.17587,0
7.0166,3,0,0,0,50.25,77.80,capture,29.09,-38.75,118.46,0,178.556,7.258,179.783,-18.18,21.05,147.76,-18.09,-7.69,174.27,52.874,53.930,-8.7935,-11.8127,29.09,-38.75,-9.3988,-11.2343,,,0.18061,0
7.1118,3,0,0,0,50.25,77.80,capture,35.14,-5.39,84.55,0,178.565,7.258,179.792,-18.13,21.13,147.77,-17.96,-7.13,174.32,53.045,54.032,-9.5788,-11.4041,35.14,-5.39,-9.4798,-11.3107,,,0.17177,0
7.2148,3,0,0,0,50.25,77.80,capture,46.43,-15.46,93.34,0,178.526,7.381,179.806,-18.13,21.10,147.52,-17.57,-7.07,173.62,52.877,54.053,-8.8539,-10.6994,46.43,-15.46,-9.1981,-11.0356,,,0.18654,0
7.3160,3,0,0,0,50.25,77.80,capture,35.65,-19.69,98.58,0,178.634,7.422,179.816,-18.40,21.13,147.49,-17.47,-7.75,173.66,52.878,54.188,-9.3536,-11.5672,35.65,-19.69,-9.2681,-11.2748,,,0.18792,0
7.4225,3,0,0,0,50.25,77.80,capture,44.18,-37.81,115.77,0,178.731,7.498,179.846,-18.38,21.13,147.75,-17.92,-7.22,173.93,53.150,54.312,-8.0312,-10.5167,44.18,-37.81,-8.7115,-10.9337,,,0.18446,0
7.5125,3,0,0,0,50.25,77.80,capture,20.03,-11.64,94.41,0,178.764,7.535,179.845,-18.44,21.05,147.54,-18.48,-8.12,174.04,53.407,54.473,-9.9462,-12.6282,20.03,-11.64,-9.2671,-11.6962,,,0.19937,0
7.6159,3,0,0,0,50.25,77.80,capture,28.17,-3.25,84.00,0,178.660,7.504,179.869,-18.38,20.95,147.33,-17.80,-7.61,174.01,53.726,54.255,-9.5774,-11.0522,28.17,-3.25,-9.4067,-11.4064,,,0.21805,0
7.7169,3,0,0,0,50.25,77.80,capture,37.91,1.72,77.07,1,178.660,7.536,179.883,-18.39,20.81,147.26,-17.65,-8.31,173.76,53.678,53.975,-9.7614,-11.1552,37.91,1.72,-9.5664,-11.2934,,,0.21528,0
7.8053,3,0,0,0,50.25,77.80,capture,14.97,-16.85,101.01,0,178.840,7.456,179.882,-18.29,20.78,147.47,-18.20,-7.65,173.92,53.832,54.145,-9.2770,-11.5747,14.97,-16.85,-9.4361,-11.4200,,,0.21030,0
7.8968,3,0,0,0,50.25,77.80,capture,20.30,-28.70,110.63,0,178.798,7.525,179.864,-18.35,20.92,147.73,-18.51,-7.87,173.72,54.202,54.264,-8.7489,-11.7707,20.30,-28.70,-9.1269,-11.5778,,,0.22322,0
8.0115,3,0,0,0,50.25,77.80,capture,12.71,-32.68,116.68,0,178.771,7.533,179.858,-18.44,20.76,147.71,-17.83,-7.80,174.15,54.257,54.676,-8.7381,-11.1861,12.71,-32.68,-8.9519,-11.4015,,,0.24052,0
8.1143,3,0,0,0,50.25,77.80,capture,33.82,-26.27,105.36,0,178.724,7.487,179.841,-18.35,20.79,147.59,-18.34,-8.38,174.00,53.755,54.791,-8.5778,-11.3031,33.82,-26.27,-8.7836,-11.3572,,,0.24318,0
8.2096,3,0,0,0,50.25,77.80,capture,29.01,-44.51,124.14,0,178.780,7.437,179.860,-18.30,20.80,147.57,-18.02,-7.75,174.18,53.967,54.497,-8.7992,-10.4950,29.01,-44.51,-8.7906,-10.9692,,,0.21357,0
8.3047,3,0,0,0,50.25,77.80,capture,22.34,-11.60,93.66,0,178.718,7.458,179.817,-18.32,20.90,147.45,-17.56,-7.05,173.34,53.953,54.435,-8.7466,-12.0335,22.34,-11.60,-8.7708,-11.4481,,,0.23045,0
8.3995,3,0,0,0,50.25,77.80,capture,20.36,6.84,77.00,1,178.683,7.330,179.815,-18.54,20.89,147.24,-18.16,-7.86,173.13,53.869,54.389,-9.8723,-11.5877,20.36,6.84,-9.2665,-11.5109,,,0.22167,0
8.4815,3,0,0,0,50.25,77.80,capture,22.82,-3.14,85.46,0,178.675,7.463,179.824,-18.60,20.82,147.46,-18.25,-7.30,174.16,53.698,54.704,-9.8120,-11.6038,22.82,-3.14,-9.5119,-11.5527,,,0.21576,0
8.6700,4,1,0,1,150.75,77.80,dwell,104.57,-32.97,120.01,0,178.609,7.478,179.804,-18.62,20.70,147.69,-18.48,-7.56,173.94,53.696,54.279,-8.7888,-8.1511,104.57,-32.97,-8.7888,-8.1511,,,0.20512,0
8.7800,4,1,0,1,150.75,77.80,dwell,79.34,-42.00,139.47,0,178.659,7.524,179.793,-18.59,20.65,147.71,-17.84,-7.62,173.74,53.352,54.011,-8.1011,-9.9625,79.34,-42.00,-8.4794,-8.9662,,,0.19740,0
8.8693,4,1,0,1,150.75,77.80,dwell,46.69,-39.78,157.01,0,178.639,7.438,179.810,-18.55,20.55,147.92,-17.86,-7.52,174.24,53.634,54.170,-8.9851,-10.4250,46.69,-39.78,-8.7069,-9.6227,,,0.21318,0
8.9679,4,1,0,1,150.75,77.80,dwell,132.20,131.34,56.66,1,178.741,7.424,179.790,-18.49,20.69,147.96,-17.92,-8.84,173.88,53.678,54.074,-15.5863,-6.4458,132.20,131.34,-11.8026,-8.1931,,,0.21147,0
9.0677,4,1,0,1,150.75,77.80,dwell,196.70,25.45,69.66,1,178.786,7.436,179.771,-18.47,20.61,147.94,-18.18,-7.66,174.90,53.507,54.031,-10.2703,-3.6847,196.70,25.45,-11.1131,-6.1643,,,0.20436,0
9.1652,4,1,0,1,150.75,77.80,dwell,146.87,-14.68,92.56,0,178.758,7.401,179.789,-18.31,20.48,147.91,-18.38,-7.97,174.28,53.996,54.437,-9.1709,-5.9827,146.87,-14.68,-10.2391,-6.0826,,,0.20668,0
9.2777,4,1,0,1,150.75,77.80,dwell,137.16,81.32,14.04,1,178.733,7.356,179.788,-18.29,20.48,147.85,-17.93,-8.19,174.39,54.273,54.445,-13.4741,-6.4660,137.16,81.32,-11.6948,-6.2551,,,0.22140,0
9.3767,4,1,0,1,150.75,77.80,dwell,129.02,25.85,56.31,1,178.771,7.507,179.782,-18.30,20.37,147.77,-17.87,-7.24,174.04,54.596,54.645,-10.4447,-6.7241,129.02,25.85,-11.1323,-6.4662,,,0.24535,0
9.4769,4,1,0,1,150.75,77.80,dwell,146.65,47.97,30.11,1,178.925,7.602,179.792,-18.33,20.28,147.71,-17.91,-8.66,174.11,54.493,54.988,-12.1177,-5.8778,146.65,47.97,-11.5757,-6.2014,,,0.23085,0
9.5716,4,1,0,1,150.75,77.80,capture,184.95,22.81,64.76,1,178.905,7.577,179.802,-18.25,20.39,147.53,-18.66,-7.65,173.72,54.711,54.512,-10.1811,-4.3127,184.95,22.81,-10.9481,-5.3515,,,0.22923,0
9.6622,4,1,0,1,150.75,77.80,capture,161.47,29.44,49.53,1,178.919,7.551,179.785,-18.16,20.40,147.51,-17.51,-7.65,174.07,54.405,54.262,-10.8494,-5.3068,161.47,29.44,-10.9037,-5.3314,,,0.25370,0
9.7442,4,1,0,1,150.75,77.80,capture,170.03,12.55,68.04,1,178.909,7.443,179.828,-18.15,20.40,147.70,-17.38,-8.34,173.97,54.247,53.988,-9.9162,-5.0574,170.03,12.55,-10.4593,-5.2081,,,0.22195,0
9.8262,4,1,0,1,150.75,77.80,capture,168.54,37.83,43.75,1,178.897,7.495,179.820,-18.18,20.47,147.55,-17.45,-7.87,173.72,54.254,54.023,-11.5304,-5.5512,168.54,37.83,-10.9413,-5.3625,,,0.22415,0
9.9162,4,1,0,1,150.75,77.80,capture,177.79,-12.03,93.81,0,178.913,7.575,179.795,-18.28,20.41,147.64,-17.86,-8.21,174.45,54.215,54.653,-9.3954,-5.4160,177.79,-12.03,-10.2456,-5.3866,,,0.22398,0
10.0089,4,1,0,1,150.75,77.80,capture,153.75,17.62,60.25,1,178.892,7.639,179.773,-18.35,20.52,147.57,-17.95,-8.36,173.98,54.198,54.439,-11.0621,-5.6689,153.75,17.62,-10.6131,-5.5136,,,0.22501,0
10.1055,4,1,0,1,150.75,77.80,capture,164.21,33.74,46.07,1,178.873,7.622,179.782,-18.38,20.64,147.74,-17.12,-7.28,174.31,54.069,54.192,-12.0161,-5.4136,164.21,33.74,-11.2444,-5.4686,,,0.21002,0
10.2190,4,1,0,1,150.75,77.80,capture,170.88,12.60,68.24,1,178.994,7.495,179.775,-18.34,20.73,147.78,-18.49,-8.35,174.67,54.020,54.337,-11.1883,-4.8984,170.88,12.60,-11.2192,-5.2120,,,0.20912,0
10.3177,4,1,0,1,150.75,77.80,capture,167.37,11.53,68.32,1,178.970,7.513,179.790,-18.36,20.66,147.83,-18.10,-7.81,174.22,53.553,53.950,-9.4753,-5.5728,167.37,11.53,-10.4344,-5.3744,,,0.19748,0
10.4255,4,1,0,1,150.75,77.80,capture,174.53,13.95,68.13,1,179.025,7.567,179.803,-18.36,20.79,147.62,-18.30,-8.58,173.71,53.375,53.600,-11.6297,-4.9004,174.53,13.95,-10.9723,-5.1611,,,0.19746,0
10.5301,4,1,0,1,150.75,77.80,capture,200.16,14.26,80.49,1,179.070,7.576,179.806,-18.35,20.67,148.01,-18.31,-7.77,174.80,53.722,53.974,-10.1928,-3.4685,200.16,14.26,-10.6215,-4.3994,,,0.19303,0
10.6209,4,1,0,1,150.75,77.80,capture,166.79,17.30,62.59,1,179.022,7.560,179.778,-18.43,20.56,148.11,-18.41,-7.55,174.59,54.090,54.136,-11.0447,-4.7310,166.79,17.30,-10.8120,-4.5486,,,0.20185,0
10.7103,4,1,0,1,150.75,77.80,capture,157.78,10.27,67.89,1,179.001,7.573,179.796,-18.53,20.80,147.95,-18.15,-7.31,174.70,53.896,54.644,-9.7565,-5.6348,157.78,10.27,-10.3370,-5.0374,,,0.19613,0
10.8096,4,1,0,1,150.75,77.80,capture,182.87,37.56,51.49,1,179.154,7.625,179.809,-18.46,20.50,148.10,-17.91,-8.05,174.30,54.110,54.545,-11.7316,-4.7878,182.87,37.56,-10.9646,-4.9251,,,0.23901,0
10.9177,4,1,0,1,150.75,77.80,capture,157.19,19.17,58.98,1,179.084,7.615,179.841,-18.40,20.36,148.28,-18.05,-7.76,174.89,53.824,54.788,-11.1227,-5.9844,157.19,19.17,-11.0357,-5.4018,,,0.21449,0
11.0092,4,1,0,1,150.75,77.80,capture,177.05,16.40,66.80,1,178.941,7.511,179.840,-18.36,20.43,148.15,-18.22,-7.90,174.83,53.838,54.458,-11.4448,-4.9105,177.05,16.40,-11.2198,-5.1807,,,0.21992,0
11.1122,4,1,0,1,150.75,77.80,capture,157.87,44.75,33.81,1,178.849,7.523,179.834,-18.29,20.61,148.07,-17.85,-7.81,175.09,54.040,54.097,-10.6692,-5.5411,157.87,44.75,-10.9720,-5.3429,,,0.22302,0
11.2179,4,1,0,1,150.75,77.80,capture,171.33,20.13,61.23,1,178.924,7.725,179.830,-18.40,20.69,147.64,-18.09,-7.48,174.03,54.152,54.379,-9.8559,-5.4593,171.33,20.13,-10.4698,-5.3952,,,0.23859,0
11.3075,4,1,0,1,150.75,77.80,capture,173.42,17.82,64.12,1,178.805,7.696,179.857,-18.34,20.66,147.48,-17.21,-7.22,173.49,54.198,54.424,-10.5464,-4.7699,173.42,17.82,-10.5043,-5.1139,,,0.23832,0
11.4784,5,8,2,0,50.25,389.00,dwell,-39.55,57.96,343.00,0,178.827,7.840,179.842,-18.28,20.32,147.50,-17.54,-8.71,173.84,54.020,54.674,-12.5420,-14.6375,-39.55,57.96,-12.5420,-14.6375,,,0.24518,0
11.5841,5,8,2,0,50.25,389.00,dwell,147.19,112.75,292.77,0,178.783,7.949,179.827,-18.26,20.44,147.28,-18.04,-8.36,173.28,53.559,54.626,-13.5192,-6.0882,147.19,112.75,-12.9817,-10.7903,,,0.20699,0
11.6726,5,8,2,0,50.25,389.00,dwell,143.98,171.88,236.49,0,178.789,7.939,179.830,-18.25,20.42,147.40,-17.81,-7.73,173.32,53.609,54.794,-16.7528,-6.4536,143.98,171.88,-14.6787,-8.8388,,,0.21941,0
11.7792,5,8,2,0,50.25,389.00,dwell,71.04,326.45,65.91,1,178.731,8.045,179.840,-18.31,20.34,147.57,-17.78,-8.57,173.98,53.833,55.121,-23.2942,-9.3758,71.04,326.45,-18.5557,-9.0804,,,0.20900,0
11.8790,5,8,2,0,50.25,389.00,dwell,67.76,232.45,157.53,0,178.824,8.030,179.833,-18.38,20.49,147.48,-18.08,-8.34,173.49,53.580,55.058,-18.8580,-9.2342,67.76,232.45,-18.6917,-9.1496,,,0.19830,0
11.9825,5,8,2,0,50.25,389.00,dwell,104.74,249.13,150.11,0,178.774,8.038,179.847,-18.36,20.53,147.30,-17.90,-8.38,173.45,53.704,55.298,-19.2884,-8.6035,104.74,249.13,-18.9602,-8.9038,,,0.20890,0
12.0771,5,8,2,0,50.25,389.00,dwell,18.57,280.31,113.21,0,178.779,8.084,179.834,-18.44,20.60,147.42,-17.28,-8.18,173.65,53.716,55.110,-20.8365,-11.4426,18.57,280.31,-19.8045,-10.0463,,,0.22126,0
12.1595,5,8,2,0,50.25,389.00,dwell,36.81,346.89,44.20,1,178.718,8.086,179.860,-18.24,20.48,147.40,-17.57,-8.46,174.02,53.919,54.746,-22.7143,-11.5250,36.81,346.89,-21.1139,-10.7117,,,0.19448,0
12.2573,5,8,2,0,50.25,389.00,capture,22.07,332.29,63.33,1,178.762,8.111,179.864,-18.27,20.65,147.38,-17.94,-6.90,173.61,53.834,54.028,-22.7119,-11.9022,22.07,332.29,-21.8330,-11.2474,,,0.22608,0
12.3585,5,8,2,0,50.25,389.00,capture,40.62,321.61,68.07,1,178.792,8.023,179.864,-18.14,20.81,147.68,-17.86,-7.39,173.55,53.351,54.661,-21.9517,-10.2015,40.62,321.61,-21.8864,-10.7767,,,0.19248,0
12.4650,5,8,2,0,50.25,389.00,capture,33.38,336.27,55.36,1,178.710,7.948,179.829,-18.08,20.74,147.62,-17.83,-8.51,174.07,53.280,54.684,-22.1155,-11.2568,33.38,336.27,-21.9895,-10.9928,,,0.21258,0
12.5607,5,8,2,0,50.25,389.00,capture,24.07,327.67,66.68,1,178.761,7.864,179.822,-18.09,20.77,147.56,-17.90,-7.35,174.09,53.445,54.783,-22.1405,-11.4883,24.07,327.67,-22.0574,-11.2158,,,0.17290,0
12.6641,5,8,2,0,50.25,389.00,capture,47.11,340.86,48.24,1,178.745,8.014,179.833,-18.01,20.90,147.60,-16.80,-7.55,173.65,53.431,54.726,-23.5555,-10.6209,47.11,340.86,-22.7316,-10.9481,,,0.21568,0
12.7461,5,8,2,0,50.25,389.00,capture,33.69,315.85,75.00,1,178.856,8.059,179.825,-18.16,20.83,147.76,-17.33,-7.66,173.81,53.233,54.848,-22.1881,-11.1711,33.69,315.85,-22.4870,-11.0484,,,0.20972,0
12.8475,5,8,2,0,50.25,389.00,capture,29.60,345.94,47.76,1,178.793,7.991,179.829,-18.09,20.69,147.68,-17.49,-7.18,173.99,53.384,54.845,-23.3235,-11.7777,29.60,345.94,-22.8634,-11.3766,,,0.19071,0
12.9420,5,8,2,0,50.25,389.00,capture,34.11,348.31,43.77,1,178.851,8.132,179.845,-17.97,20.56,147.43,-17.21,-7.71,174.03,53.071,54.694,-23.2769,-10.7097,34.11,348.31,-23.0495,-11.0765,,,0.17897,0
13.0376,5,8,2,0,50.25,389.00,capture,42.64,317.44,71.96,1,178.804,8.146,179.806,-18.04,20.53,147.45,-17.86,-7.85,173.70,53.260,54.708,-22.3741,-11.1457,42.64,317.44,-22.7456,-11.1076,,,0.19113,0
13.1368,5,8,2,0,50.25,389.00,capture,28.98,334.29,58.70,1,178.764,8.204,179.802,-17.95,20.43,147.28,-17.92,-8.74,173.22,53.357,54.443,-22.5745,-11.4971,28.98,334.29,-22.6686,-11.2829,,,0.21948,0
13.2341,5,8,2,0,50.25,389.00,capture,37.08,318.91,71.32,1,178.808,8.314,179.782,-18.04,20.29,147.35,-18.29,-8.14,173.04,53.391,54.374,-22.5979,-11.5988,37.08,318.91,-22.6368,-11.4251,,,0.22679,0
13.3426,5,8,2,0,50.25,389.00,capture,13.16,323.13,75.59,1,178.899,8.258,179.796,-18.21,20.24,147.24,-18.61,-8.78,173.84,53.567,54.513,-23.0676,-13.0771,13.16,323.13,-22.8307,-12.1685,,,0.20630,0
13.4246,5,8,2,0,50.25,389.00,capture,24.38,334.79,60.07,1,179.038,8.154,179.826,-18.26,20.34,146.93,-18.48,-7.29,172.93,53.321,54.300,-23.3956,-11.7062,24.38,334.79,-23.0849,-11.9604,,,0.21258,0
13.5376,5,8,2,0,50.25,389.00,capture,17.79,310.98,84.50,0,179.131,8.075,179.852,-18.37,20.37,146.87,-19.03,-8.20,172.55,53.369,54.296,-20.8755,-12.7686,17.79,310.98,-22.0907,-12.3241,,,0.22240,0
13.6259,5,8,2,0,50.25,389.00,capture,19.40,354.00,46.66,1,179.058,8.077,179.818,-18.38,20.35,147.14,-17.97,-8.49,173.32,53.302,53.903,-23.7225,-12.6581,19.40,354.00,-22.8250,-12.4744,,,0.17365,0
13.7360,5,8,2,0,50.25,389.00,capture,17.97,332.02,65.49,1,179.005,8.100,179.822,-18.28,20.39,147.08,-17.41,-7.82,173.20,53.798,54.315,-22.5361,-12.2769,17.97,332.02,-22.6950,-12.3855,,,0.22582,0
13.8455,5,8,2,0,50.25,389.00,capture,38.24,336.48,53.88,1,179.057,8.136,179.845,-18.38,20.54,147.14,-17.61,-8.77,173.40,53.770,54.075,-22.9958,-11.1023,38.24,336.48,-22.8303,-11.8081,,,0.23543,0
13.9441,5,8,2,0,50.25,389.00,capture,27.32,326.23,66.83,1,179.018,7.976,179.862,-18.38,20.33,147.38,-18.17,-7.70,173.67,53.482,53.976,-23.0721,-11.6438,27.32,326.23,-22.9391,-11.7342,,,0.20625,0
14.0404,5,8,2,0,50.25,389.00,capture,27.93,322.35,70.29,1,179.135,7.933,179.866,-18.42,20.58,147.58,-18.23,-8.31,174.01,53.763,54.332,-22.4053,-11.6014,27.93,322.35,-22.6989,-11.6744,,,0.18539,0
14.1315,5,8,2,0,50.25,389.00,capture,10.24,344.77,59.64,1,179.115,8.011,179.847,-18.42,20.45,147.53,-17.68,-7.29,173.13,53.786,54.402,-23.5154,-12.3775,10.24,344.77,-23.0663,-11.9908,,,0.19498,0
14.2969,6,13,3,1,150.75,544.60,dwell,-31.74,422.38,219.64,0,179.137,8.147,179.856,-18.29,20.58,147.72,-18.14,-7.92,173.96,53.522,54.708,-26.7957,-14.1153,-31.74,422.38,-26.7957,-14.1153,,,0.20891,0
14.3796,6,13,3,1,150.75,544.60,dwell,-35.98,242.16,355.44,0,179.214,8.363,179.866,-18.24,20.58,147.81,-17.76,-7.91,173.92,53.389,54.872,-18.6720,-14.6477,-35.98,242.16,-23.1400,-14.3549,,,0.19854,0
14.4816,6,13,3,1,150.75,544.60,dwell,-34.63,282.99,320.63,0,179.160,8.293,179.862,-18.31,20.73,148.07,-17.99,-7.99,174.61,53.091,54.702,-19.5736,-14.9450,-34.63,282.99,-21.5351,-14.6204,,,0.20462,0
14.5781,6,13,3,1,150.75,544.60,dwell,12.08,421.40,185.49,0,179.204,8.310,179.837,-18.30,20.66,147.92,-17.66,-8.05,174.35,53.210,54.565,-25.6149,-12.4412,12.08,421.40,-23.3710,-13.6398,,,0.20458,0
14.6850,6,13,3,1,150.75,544.60,dwell,72.07,525.15,81.05,0,179.185,8.323,179.818,-18.31,20.80,147.99,-17.56,-8.30,174.55,53.385,54.480,-30.5481,-9.1624,72.07,525.15,-26.6007,-11.6250,,,0.23808,0
14.7974,6,13,3,1,150.75,544.60,dwell,71.95,474.02,105.79,0,179.109,8.240,179.817,-18.23,20.82,148.13,-17.30,-7.25,174.56,53.418,54.545,-28.7009,-9.5246,71.95,474.02,-27.5458,-10.6798,,,0.20772,0
14.8959,6,13,3,1,150.75,544.60,dwell,108.95,506.85,56.32,1,179.016,8.213,179.834,-18.30,20.94,147.89,-18.21,-7.69,173.84,53.468,54.637,-31.0080,-8.2812,108.95,506.85,-29.1038,-9.6005,,,0.19914,0
15.0121,6,13,3,1,150.75,544.60,dwell,50.79,492.00,112.95,0,178.955,8.304,179.884,-18.39,20.97,147.64,-18.03,-8.17,174.39,53.497,54.250,-29.1737,-10.2968,50.79,492.00,-29.1353,-9.9138,,,0.20260,0
15.1217,6,13,3,1,150.75,544.60,dwell,70.08,477.50,104.93,0,178.876,8.335,179.893,-18.41,21.02,147.33,-17.40,-7.14,173.69,53.477,54.451,-27.6383,-9.1488,70.08,477.50,-28.4616,-9.5695,,,0.20752,0
15.2366,6,13,3,1,150.75,544.60,capture,53.45,514.31,101.91,0,178.948,8.320,179.909,-18.47,20.99,147.42,-18.20,-7.41,174.19,53.937,54.211,-29.9916,-10.4936,53.45,514.31,-29.1501,-9.9854,,,0.20380,0
15.3526,6,13,3,1,150.75,544.60,capture,77.31,532.14,74.49,0,178.773,8.323,179.868,-18.36,21.00,147.31,-18.17,-7.36,173.57,53.954,54.279,-29.8241,-8.4870,77.31,532.14,-29.4534,-9.3111,,,0.21453,0
15.4550,6,13,3,1,150.75,544.60,capture,71.49,509.73,86.59,0,178.901,8.308,179.869,-18.44,20.90,147.29,-18.12,-8.20,173.44,53.868,54.096,-29.0601,-9.3119,71.49,509.73,-29.2764,-9.3115,,,0.20814,0
15.5493,6,13,3,1,150.75,544.60,capture,48.80,519.40,105.02,0,178.964,8.541,179.884,-18.41,20.76,147.30,-17.70,-8.55,173.46,54.152,54.392,-30.3536,-10.5010,48.80,519.40,-29.7612,-9.8468,,,0.23809,0
15.6628,6,13,3,1,150.75,544.60,capture,63.87,532.09,87.78,0,178.777,8.526,179.866,-18.43,20.64,147.20,-18.05,-8.04,173.93,54.277,54.183,-29.9707,-9.9176,63.87,532.09,-29.8555,-9.8787,,,0.20971,0
15.7448,6,13,3,1,150.75,544.60,capture,49.76,547.54,101.03,0,178.698,8.712,179.862,-18.55,20.69,147.07,-17.81,-7.30,173.41,53.929,54.291,-31.6904,-10.5346,49.76,547.54,-30.6812,-10.1738,,,0.21303,0
15.8337,6,13,3,1,150.75,544.60,capture,55.10,564.95,97.79,0,178.806,8.697,179.834,-18.44,20.57,147.26,-17.68,-7.94,173.44,53.750,54.365,-31.6401,-10.3716,55.10,564.95,-31.1127,-10.2628,,,0.23256,0
15.9304,6,13,3,1,150.75,544.60,capture,68.87,517.89,86.13,0,178.809,8.511,179.836,-18.62,20.54,147.24,-18.31,-7.65,173.29,53.605,54.553,-29.9652,-9.5172,68.87,517.89,-30.5963,-9.9273,,,0.21741,0
16.0426,6,13,3,1,150.75,544.60,capture,71.86,539.38,79.06,0,178.875,8.643,179.869,-18.57,20.54,147.39,-17.65,-8.65,173.60,53.363,54.824,-30.5202,-10.1623,71.86,539.38,-30.5621,-10.0331,,,0.17405,0
16.1451,6,13,3,1,150.75,544.60,capture,67.82,526.56,84.87,0,178.861,8.530,179.841,-18.66,20.78,147.39,-18.43,-8.11,173.93,53.240,54.572,-30.8366,-9.7444,67.82,526.56,-30.6856,-9.9032,,,0.22793,0
16.2540,6,13,3,1,150.75,544.60,capture,42.78,509.95,113.39,0,178.940,8.453,179.858,-18.62,20.83,147.43,-17.46,-7.88,173.46,53.209,54.512,-29.2384,-11.1240,42.78,509.95,-30.0344,-10.4525,,,0.18781,0
16.3360,6,13,3,1,150.75,544.60,capture,52.89,532.50,98.61,0,178.874,8.492,179.844,-18.59,20.82,147.40,-17.63,-7.45,173.69,53.320,54.749,-30.6548,-10.2416,52.89,532.50,-30.3136,-10.3576,,,0.19265,0
16.4321,6,13,3,1,150.75,544.60,capture,35.75,532.79,115.60,0,178.787,8.412,179.852,-18.56,20.70,147.59,-18.11,-8.15,174.26,53.931,54.531,-30.2430,-11.1010,35.75,532.79,-30.2818,-10.6921,,,0.20558,0
16.5248,6,13,3,1,150.75,544.60,capture,44.53,535.97,106.57,0,178.892,8.312,179.850,-18.54,20.70,147.61,-18.12,-7.60,173.65,53.983,54.301,-31.3650,-10.9682,44.53,535.97,-30.7692,-10.8164,,,0.21523,0
16.6133,6,13,3,1,150.75,544.60,capture,37.86,557.13,113.58,0,179.020,8.327,179.851,-18.59,20.86,147.75,-18.09,-7.52,173.77,53.726,54.275,-30.5008,-10.8214,37.86,557.13,-30.6484,-10.8187,,,0.22550,0
16.7009,6,13,3,1,150.75,544.60,capture,69.45,536.02,81.75,0,179.046,8.293,179.878,-18.62,20.61,147.87,-17.95,-6.91,174.75,53.958,54.645,-30.2093,-9.0932,69.45,536.02,-30.4508,-10.0422,,,0.21808,0
16.8147,6,13,3,1,150.75,544.60,capture,46.39,520.17,107.18,0,179.005,8.223,179.866,-18.61,20.48,147.79,-18.17,-7.87,174.13,53.977,54.417,-30.6378,-11.1447,46.39,520.17,-30.5350,-10.5383,,,0.21159,0
16.9293,6,13,3,1,150.75,544.60,capture,51.76,538.67,99.17,0,179.025,8.266,179.854,-18.58,20.49,147.87,-18.17,-8.13,173.82,53.892,54.280,-31.1735,-10.4202,51.76,538.67,-30.8223,-10.4852,,,0.22377,0
17.0413,6,13,3,1,150.75,544.60,capture,80.47,566.24,73.54,0,178.942,8.220,179.824,-18.49,20.53,147.70,-18.71,-7.77,173.52,53.820,54.356,-32.0600,-8.6489,80.47,566.24,-31.3793,-9.6588,,,0.20987,0
17.1424,6,13,3,1,150.75,544.60,capture,46.18,524.16,106.55,0,178.810,8.148,179.810,-18.51,20.54,147.54,-17.67,-7.68,173.28,53.923,54.527,-30.1519,-10.5414,46.18,524.16,-30.8269,-10.0560,,,0.20803,0
17.3613,7,9,2,1,150.75,389.00,dwell,98.91,481.50,106.04,0,178.852,8.083,179.822,-18.42,20.55,147.61,-17.74,-7.95,173.96,53.929,54.846,-28.5567,-7.9835,98.91,481.50,-28.5567,-7.9835,,,0.20354,0
17.4684,7,9,2,1,150.75,389.00,dwell,49.15,453.60,120.40,0,178.864,8.133,179.816,-18.38,20.59,147.43,-18.76,-8.10,173.39,53.993,54.675,-26.8151,-10.9210,49.15,453.60,-27.7730,-9.3054,,,0.25755,0
17.5632,7,9,2,1,150.75,389.00,dwell,51.01,500.01,149.24,0,178.774,8.098,179.799,-18.52,20.54,147.30,-17.98,-7.90,173.45,54.224,54.451,-28.6508,-10.2489,51.01,500.01,-28.1680,-9.7300,,,0.21320,0
17.6452,7,9,2,1,150.75,389.00,dwell,30.55,450.68,135.10,0,178.844,8.133,179.825,-18.69,20.60,147.21,-18.23,-8.30,173.50,53.895,53.928,-26.5612,-11.8198,30.55,450.68,-27.4449,-10.6704,,,0.21736,0
17.7428,7,9,2,1,150.75,389.00,dwell,180.65,548.71,162.48,0,178.988,8.259,179.862,-18.68,20.83,147.24,-17.48,-7.87,173.90,53.990,54.241,-31.0879,-4.4577,180.65,548.71,-29.0843,-7.8747,,,0.21957,0
17.8534,7,9,2,1,150.75,389.00,dwell,115.04,495.33,112.17,0,178.952,8.155,179.912,-18.59,20.85,147.20,-18.39,-8.12,173.55,54.067,54.234,-28.6399,-7.6646,115.04,495.33,-28.8843,-7.7801,,,0.21800,0
17.9656,7,9,2,1,150.75,389.00,dwell,97.22,456.76,86.35,0,178.970,8.126,179.895,-18.54,20.82,146.98,-18.58,-7.45,173.44,53.964,54.525,-27.1813,-9.3920,97.22,456.76,-28.1179,-8.5055,,,0.21867,0
18.0696,7,9,2,1,150.75,389.00,dwell,109.05,466.75,88.23,1,178.919,8.230,179.879,-18.55,20.82,146.82,-18.29,-7.85,172.84,54.111,54.474,-28.2444,-7.8643,109.05,466.75,-28.1748,-8.2169,,,0.22826,0
18.1624,7,9,2,1,150.75,389.00,capture,132.42,447.06,60.88,1,178.733,8.168,179.835,-18.61,20.86,147.02,-17.97,-7.42,173.59,54.338,54.497,-27.3041,-6.9227,132.42,447.06,-27.7830,-7.6345,,,0.24221,0
18.2510,7,9,2,1,150.75,389.00,capture,126.38,457.22,72.44,1,178.640,8.195,179.839,-18.58,21.08,146.94,-18.24,-7.40,172.93,54.470,54.451,-26.5960,-6.9979,126.38,457.22,-27.2488,-7.3481,,,0.21877,0
18.3387,7,9,2,1,150.75,389.00,capture,130.69,424.69,40.94,1,178.622,8.182,179.867,-18.67,21.15,146.97,-17.52,-7.19,173.12,54.269,54.622,-25.8534,-6.6001,130.69,424.69,-26.6209,-7.0115,,,0.23658,0
18.4286,7,9,2,1,150.75,389.00,capture,133.93,415.02,30.98,1,178.654,8.126,179.835,-18.59,21.27,146.80,-18.02,-7.75,173.56,54.054,54.550,-24.6832,-6.4356,133.93,415.02,-25.7490,-6.7523,,,0.22332,0
18.5425,7,9,2,1,150.75,389.00,capture,133.29,448.81,62.31,1,178.666,8.136,179.830,-18.51,21.19,146.85,-17.88,-7.18,172.68,54.073,54.605,-26.1982,-6.6847,133.29,448.81,-25.9511,-6.7219,,,0.23212,0
18.6403,7,9,2,1,150.75,389.00,capture,121.70,418.28,41.25,1,178.702,8.193,179.835,-18.53,21.16,146.77,-18.34,-7.45,173.08,53.754,54.534,-25.3204,-7.3572,121.70,418.28,-25.6673,-7.0078,,,0.21393,0
18.7604,7,9,2,1,150.75,389.00,capture,129.10,439.06,54.54,1,178.772,8.138,179.844,-18.43,21.06,146.86,-17.79,-7.41,173.16,53.933,54.451,-26.8671,-7.0695,129.10,439.06,-26.2072,-7.0356,,,0.21466,0
18.8869,7,9,2,1,150.75,389.00,capture,133.03,451.85,65.30,1,178.762,8.235,179.857,-18.48,20.98,146.66,-18.18,-7.90,172.57,54.183,54.035,-27.6489,-6.9679,133.03,451.85,-26.8560,-7.0051,,,0.21517,0
18.9968,7,9,2,1,150.75,389.00,capture,143.52,459.66,71.03,1,178.678,8.346,179.836,-18.47,20.96,146.47,-18.44,-7.89,172.44,53.944,54.480,-27.9681,-5.8071,143.52,459.66,-27.3564,-6.4660,,,0.23615,0
19.0790,7,9,2,1,150.75,389.00,capture,141.48,430.33,42.36,1,178.737,8.311,179.829,-18.51,20.99,146.51,-17.91,-6.62,173.13,53.712,54.275,-26.8271,-5.7228,141.48,430.33,-27.1182,-6.1315,,,0.22716,0
19.1675,7,9,2,1,150.75,389.00,capture,136.48,443.68,56.51,1,178.854,8.214,179.809,-18.61,21.07,146.47,-18.26,-8.73,172.25,53.469,53.979,-26.7155,-6.4623,136.48,443.68,-26.9370,-6.2804,,,0.21385,0
19.2702,7,9,2,1,150.75,389.00,capture,129.29,438.70,54.14,1,178.852,8.124,179.824,-18.57,20.90,146.53,-17.84,-7.01,172.28,53.984,53.991,-26.5128,-7.7010,129.29,438.70,-26.7461,-6.9197,,,0.20515,0
19.3647,7,9,2,1,150.75,389.00,capture,124.20,449.68,66.23,1,178.868,8.159,179.775,-18.66,20.87,146.70,-18.33,-7.80,172.33,53.672,53.645,-28.0799,-6.8867,124.20,449.68,-27.3463,-6.9048,,,0.22592,0
19.4737,7,9,2,1,150.75,389.00,capture,143.26,430.24,41.91,1,178.867,8.183,179.765,-18.74,20.99,146.70,-18.02,-7.86,173.15,53.676,53.525,-26.6860,-6.1104,143.26,430.24,-27.0492,-6.5473,,,0.20888,0
19.5876,7,9,2,1,150.75,389.00,capture,121.23,439.76,58.72,1,178.943,8.157,179.763,-18.77,20.87,146.82,-18.07,-7.89,172.61,53.849,53.541,-27.4071,-6.6567,121.23,439.76,-27.2102,-6.5965,,,0.21372,0
19.6873,7,9,2,1,150.75,389.00,capture,109.04,417.28,50.39,1,178.942,8.213,179.735,-18.69,21.02,146.87,-17.78,-7.54,173.10,54.086,53.529,-25.8504,-7.4068,109.04,417.28,-26.5983,-6.9611,,,0.21412,0
19.7788,7,9,2,1,150.75,389.00,capture,106.13,439.11,67.10,1,178.970,8.236,179.744,-18.87,20.97,147.04,-17.98,-6.82,173.25,54.102,53.327,-27.0425,-7.2113,106.13,439.11,-26.7982,-7.0737,,,0.21229,0
19.8849,7,9,2,1,150.75,389.00,capture,129.08,442.16,57.41,1,178.885,8.326,179.774,-18.94,20.97,147.01,-18.42,-7.39,173.14,53.888,53.471,-26.9858,-6.4508,129.08,442.16,-26.8826,-6.7934,,,0.19868,0
20.0011,7,9,2,1,150.75,389.00,capture,121.81,429.97,50.16,1,178.884,8.270,179.786,-18.87,20.91,147.16,-18.30,-7.80,173.55,54.236,53.301,-27.0568,-7.0059,121.81,429.97,-26.9610,-6.8890,,,0.19648,0
20.2218,8,3,0,3,351.75,77.80,dwell,270.20,244.03,185.16,0,178.766,8.044,179.814,-18.91,20.87,147.48,-18.24,-7.56,174.09,54.092,53.737,-18.3547,-0.4410,270.20,244.03,-18.3547,-0.4410,,,0.21447,0
20.3240,8,3,0,3,351.75,77.80,dwell,193.55,405.03,363.46,0,178.827,7.939,179.852,-18.83,20.78,147.63,-18.31,-7.42,173.98,54.417,53.864,-26.1353,-4.1527,193.55,405.03,-21.8560,-2.1113,,,0.24202,0
20.4071,8,3,0,3,351.75,77.80,dwell,183.07,137.24,178.85,0,178.839,7.858,179.857,-18.87,20.84,147.64,-17.58,-7.16,174.46,54.417,53.467,-16.6743,-4.5455,183.07,137.24,-19.5242,-3.2067,,,0.23388,0
20.5124,8,3,0,3,351.75,77.80,dwell,186.82,169.97,188.94,0,178.850,7.734,179.895,-18.81,20.77,147.44,-18.24,-7.76,173.42,54.363,53.476,-17.0885,-4.4563,186.82,169.97,-18.4282,-3.7690,,,0.24332,0
20.6369,8,3,0,3,351.75,77.80,dwell,195.91,208.44,203.35,0,178.924,7.800,179.917,-18.66,20.88,147.52,-17.51,-8.13,173.75,54.061,53.452,-18.4937,-3.6133,195.91,208.44,-18.4576,-3.6990,,,0.22591,0
20.7300,8,3,0,3,351.75,77.80,dwell,256.12,234.27,183.38,0,179.006,7.819,179.857,-18.58,20.87,147.60,-18.31,-8.01,173.97,54.024,53.600,-18.8273,-1.8665,256.12,234.27,-18.6240,-2.8743,,,0.21740,0
20.8391,8,3,0,3,351.75,77.80,dwell,227.75,140.73,139.05,0,179.184,7.874,179.864,-18.51,20.89,147.67,-17.72,-7.52,174.25,54.023,53.798,-14.7794,-2.3396,227.75,140.73,-16.8939,-2.6337,,,0.23886,0
20.9264,8,3,0,3,351.75,77.80,dwell,315.16,32.99,57.85,1,179.220,7.938,179.830,-18.46,20.89,147.68,-18.46,-7.38,173.70,53.644,53.785,-11.3082,1.4633,315.16,32.99,-14.3804,-0.7901,,,0.20806,0
21.0233,8,3,0,3,351.75,77.80,dwell,287.05,39.62,75.13,0,179.323,7.860,179.837,-18.50,20.72,147.50,-18.03,-8.12,174.10,53.717,54.163,-11.0166,0.7562,287.05,39.62,-12.8667,-0.0943,,,0.20679,0
21.1304,8,3,0,3,351.75,77.80,dwell,341.71,-7.64,86.03,0,179.353,7.702,179.848,-18.46,20.53,147.40,-17.78,-7.97,173.31,54.048,54.083,-9.4799,2.9717,341.71,-7.64,-11.3426,1.2854,,,0.21596,0
21.2401,8,3,0,3,351.75,77.80,capture,310.00,-39.26,124.28,0,179.339,7.647,179.852,-18.29,20.50,147.66,-17.83,-7.74,174.15,53.658,53.837,-8.5233,1.3680,310.00,-39.26,-10.0739,1.3226,,,0.24299,0
21.3228,8,3,0,3,351.75,77.80,capture,329.47,15.55,66.12,1,179.232,7.799,179.832,-18.30,20.52,147.63,-17.66,-8.62,174.03,53.959,53.641,-10.5400,1.5831,329.47,15.55,-10.2837,1.4398,,,0.23164,0
21.4203,8,3,0,3,351.75,77.80,capture,304.36,-21.36,109.90,0,179.312,7.712,179.826,-18.34,20.57,147.65,-18.00,-7.73,174.26,53.559,54.097,-9.6963,0.9380,304.36,-21.36,-10.0194,1.2140,,,0.21265,0
21.5209,8,3,0,3,351.75,77.80,capture,311.64,-1.75,89.09,0,179.318,7.744,179.849,-18.23,20.38,147.49,-17.96,-7.98,173.79,53.567,54.641,-9.5319,1.7552,311.64,-1.75,-9.8000,1.4576,,,0.21590,0
21.6411,8,3,0,3,351.75,77.80,capture,312.91,-7.93,94.12,0,179.215,7.556,179.828,-18.31,20.48,147.32,-17.84,-8.59,173.61,53.504,54.724,-9.8265,1.6990,312.91,-7.93,-9.8119,1.5662,,,0.19739,0
21.7406,8,3,0,3,351.75,77.80,capture,334.33,-5.88,85.47,0,179.163,7.369,179.826,-18.29,20.61,147.43,-18.17,-7.43,173.82,53.378,54.488,-10.2360,2.6196,334.33,-5.88,-10.0028,2.0402,,,0.21096,0
21.8608,8,3,0,3,351.75,77.80,capture,306.66,-10.12,98.81,0,179.093,7.430,179.826,-18.16,20.59,147.60,-18.04,-8.06,173.96,53.293,54.368,-9.6246,0.9785,306.66,-10.12,-9.8326,1.5624,,,0.19026,0
21.9735,8,3,0,3,351.75,77.80,capture,310.60,-15.68,102.14,0,179.032,7.388,179.785,-18.08,20.96,147.73,-17.42,-8.33,173.84,53.689,53.971,-8.9127,1.3311,310.60,-15.68,-9.4186,1.4584,,,0.18795,0
22.0736,8,3,0,3,351.75,77.80,capture,304.66,-27.50,115.35,0,178.952,7.345,179.777,-18.17,20.98,147.46,-17.62,-7.55,173.98,54.083,54.115,-8.7053,1.4389,304.66,-27.50,-9.0977,1.4496,,,0.22599,0
22.1802,8,3,0,3,351.75,77.80,capture,310.24,-32.97,118.29,0,178.911,7.404,179.782,-18.13,20.92,147.47,-17.13,-7.09,173.79,54.139,54.000,-8.2199,1.5388,310.24,-32.97,-8.7027,1.4897,,,0.22061,0
22.2802,8,3,0,3,351.75,77.80,capture,347.49,-8.40,86.31,0,178.877,7.435,179.797,-18.25,20.83,147.48,-17.75,-7.32,173.71,53.652,54.317,-9.2490,3.7192,347.49,-8.40,-8.9485,2.4930,,,0.21707,0
22.3767,8,3,0,3,351.75,77.80,capture,318.16,3.74,81.32,1,178.811,7.452,179.767,-18.20,20.88,147.50,-17.52,-7.79,173.73,53.341,54.317,-9.5628,1.8758,318.16,3.74,-9.2249,2.2152,,,0.20600,0
22.4657,8,3,0,3,351.75,77.80,capture,310.43,-25.70,111.44,0,178.894,7.617,179.757,-18.19,20.71,147.38,-17.53,-8.31,173.80,52.983,54.616,-9.0004,1.5512,310.43,-25.70,-9.1239,1.9164,,,0.19192,0
22.5546,8,3,0,3,351.75,77.80,capture,324.78,-17.24,98.79,0,178.915,7.544,179.762,-18.21,20.77,147.36,-17.27,-8.56,173.16,52.897,54.090,-8.9574,1.8006,324.78,-17.24,-9.0489,1.8643,,,0.19405,0
22.6659,8,3,0,3,351.75,77.80,capture,310.97,-23.19,108.91,0,178.855,7.577,179.752,-18.12,20.73,147.44,-17.54,-8.08,173.62,53.122,53.724,-8.5707,1.2353,310.97,-23.19,-8.8337,1.5813,,,0.20514,0
22.7617,8,3,0,3,351.75,77.80,capture,320.81,7.90,76.44,1,178.782,7.559,179.755,-18.11,20.86,147.10,-17.59,-7.35,173.34,52.776,53.922,-9.9347,2.3077,320.81,7.90,-9.3292,1.9082,,,0.17691,0
22.8695,8,3,0,3,351.75,77.80,capture,306.37,-15.16,103.45,0,178.696,7.439,179.752,-17.95,20.79,147.14,-17.18,-8.17,173.25,52.799,53.744,-9.8191,1.4357,306.37,-15.16,-9.5497,1.6956,,,0.20491,0
22.9822,8,3,0,3,351.75,77.80,capture,300.00,-20.20,110.82,0,178.637,7.293,179.763,-17.98,20.63,147.11,-17.21,-8.51,174.02,52.843,53.917,-8.8381,1.5046,300.00,-20.20,-9.2295,1.6096,,,0.20410,0
23.0914,8,3,0,3,351.75,77.80,capture,318.86,-42.81,125.01,0,178.611,7.117,179.756,-17.92,20.67,147.25,-17.78,-7.78,172.97,53.368,54.011,-8.1049,2.0707,318.86,-42.81,-8.7234,1.8171,,,0.19456,0
23.1772,8,3,0,3,351.75,77.80,capture,325.27,-13.64,95.20,0,178.609,7.156,179.737,-17.99,20.77,147.03,-17.56,-8.66,173.01,53.613,53.964,-8.9200,1.9384,325.27,-13.64,-8.8119,1.8717,,,0.22713,0
23.3467,9,4,1,0,50.25,233.40,dwell,255.17,114.12,237.11,0,178.734,7.231,179.756,-17.88,20.68,147.15,-17.97,-8.04,173.09,53.431,53.753,-14.7455,-0.6632,255.17,114.12,-14.7455,-0.6632,,,0.20615,0
23.4367,9,4,1,0,50.25,233.40,dwell,228.25,72.94,239.65,0,178.892,7.276,179.769,-18.03,20.59,147.08,-17.92,-8.01,172.88,53.100,53.523,-12.0741,-2.6317,228.25,72.94,-13.5434,-1.5490,,,0.17108,0
23.5320,9,4,1,0,50.25,233.40,dwell,148.35,134.82,139.07,0,178.988,7.346,179.776,-18.03,20.71,146.96,-16.98,-7.44,172.70,53.242,53.900,-15.0393,-5.2335,148.35,134.82,-14.2165,-3.2070,,,0.18779,0
23.6486,9,4,1,0,50.25,233.40,dwell,97.63,231.47,47.42,1,179.071,7.483,179.793,-18.20,20.78,146.94,-17.73,-7.81,172.98,53.794,53.803,-17.7663,-8.6690,97.63,231.47,-15.8139,-5.6649,,,0.24728,0
23.7449,9,4,1,0,50.25,233.40,dwell,110.41,250.85,62.64,0,179.082,7.517,179.800,-18.14,20.66,147.13,-17.30,-7.56,173.85,54.068,53.791,-19.6383,-7.7702,110.41,250.85,-17.5349,-6.6123,,,0.20394,0
23.8709,9,4,1,0,50.25,233.40,dwell,97.27,296.36,78.58,1,178.974,7.536,179.769,-18.19,20.62,147.11,-18.00,-7.34,173.39,54.132,54.158,-21.1422,-8.5957,97.27,296.36,-19.1582,-7.5048,,,0.20445,0
23.9652,9,4,1,0,50.25,233.40,dwell,48.02,271.17,37.84,1,178.986,7.613,179.772,-18.29,20.70,147.17,-17.92,-8.11,173.29,54.165,54.097,-19.0241,-10.1539,48.02,271.17,-19.0979,-8.6969,,,0.17352,0
24.0694,9,4,1,0,50.25,233.40,dwell,29.80,283.98,54.56,1,179.034,7.675,179.786,-18.36,20.71,147.32,-17.40,-7.94,173.73,54.117,54.303,-20.9756,-11.4472,29.80,283.98,-19.9429,-9.9346,,,0.22100,0
24.1782,9,4,1,0,50.25,233.40,capture,20.47,318.53,90.19,0,178.977,7.629,179.806,-18.49,20.81,147.32,-18.22,-8.38,173.49,54.007,53.962,-22.8537,-12.0181,20.47,318.53,-21.2527,-10.8722,,,0.22970,0
24.2807,9,4,1,0,50.25,233.40,capture,16.45,325.24,97.86,0,178.974,7.547,179.818,-18.51,20.75,147.58,-17.84,-8.17,173.62,54.205,53.459,-22.8959,-11.7637,16.45,325.24,-21.9922,-11.2733,,,0.23904,0
24.3757,9,4,1,0,50.25,233.40,capture,31.41,344.32,112.51,0,178.916,7.573,179.812,-18.56,20.96,147.65,-17.68,-7.16,173.69,53.858,53.307,-22.3319,-11.3607,31.41,344.32,-22.1451,-11.3126,,,0.21492,0
24.4815,9,4,1,0,50.25,233.40,capture,39.21,336.03,103.22,0,178.821,7.594,179.768,-18.58,21.06,147.76,-17.94,-7.35,174.26,53.799,53.158,-23.0143,-11.2462,39.21,336.03,-22.5362,-11.2827,,,0.22102,0
24.5760,9,4,1,0,50.25,233.40,capture,32.51,339.73,107.80,0,178.891,7.575,179.760,-18.51,20.96,147.75,-17.94,-8.53,173.63,53.795,53.225,-22.6020,-11.5360,32.51,339.73,-22.5658,-11.3967,,,0.22298,0
24.6733,9,4,1,0,50.25,233.40,capture,30.11,340.42,108.90,0,178.844,7.616,179.804,-18.50,20.87,147.71,-18.32,-7.33,174.30,53.706,53.069,-23.1769,-11.3685,30.11,340.42,-22.8408,-11.3840,,,0.19475,0
24.7709,9,4,1,0,50.25,233.40,capture,36.88,298.44,66.40,1,178.887,7.585,179.802,-18.43,20.83,147.51,-18.00,-7.37,174.46,53.525,53.393,-21.3822,-11.7222,36.88,298.44,-22.1844,-11.5362,,,0.19242,0
24.8891,9,4,1,0,50.25,233.40,capture,5.79,330.39,106.69,0,179.047,7.565,179.795,-18.36,21.06,147.48,-17.46,-7.83,173.15,53.504,53.476,-22.6376,-12.5121,5.79,330.39,-22.3884,-11.9754,,,0.20395,0
24.9759,9,4,1,0,50.25,233.40,capture,16.35,311.22,84.88,0,178.977,7.496,179.785,-18.49,20.93,147.69,-18.43,-7.64,173.81,53.393,53.459,-22.7236,-11.7614,16.35,311.22,-22.5392,-11.8791,,,0.18133,0
25.0665,9,4,1,0,50.25,233.40,capture,0.68,313.85,94.50,0,179.027,7.457,179.811,-18.46,20.81,147.67,-17.10,-8.53,173.77,53.009,53.604,-21.8801,-13.4921,0.68,313.85,-22.2426,-12.6049,,,0.18559,0
25.1740,9,4,1,0,50.25,233.40,capture,23.05,326.75,97.23,0,178.971,7.498,179.812,-18.47,20.94,147.67,-17.75,-7.29,174.33,52.627,53.910,-22.2497,-11.5995,23.05,326.75,-22.2458,-12.1525,,,0.16247,0
25.2700,9,4,1,0,50.25,233.40,capture,14.84,325.98,99.12,0,179.094,7.462,179.812,-18.43,20.88,147.71,-18.25,-7.67,174.33,52.688,53.765,-23.1609,-12.3919,14.84,325.98,-22.6576,-12.2602,,,0.18661,0
25.3524,9,4,1,0,50.25,233.40,capture,34.70,311.96,80.08,0,179.033,7.591,179.783,-18.43,20.89,148.02,-18.40,-7.45,174.47,52.862,53.861,-22.0718,-11.4139,34.70,311.96,-22.3940,-11.8794,,,0.19829,0
25.4505,9,4,1,0,50.25,233.40,capture,19.67,334.67,105.79,0,179.018,7.485,179.835,-18.45,20.85,147.79,-18.15,-7.08,173.97,52.984,54.018,-21.9193,-11.9095,19.67,334.67,-22.1804,-11.8929,,,0.19877,0
25.5338,9,4,1,0,50.25,233.40,capture,-0.84,321.71,102.02,0,179.060,7.529,179.834,-18.48,20.72,147.83,-17.95,-7.74,174.23,52.877,53.922,-23.0336,-13.0110,-0.84,321.71,-22.5643,-12.3961,,,0.18084,0
25.6171,9,4,1,0,50.25,233.40,capture,19.65,313.88,86.10,0,178.942,7.692,179.815,-18.38,20.73,147.59,-17.84,-8.15,174.07,52.863,54.193,-22.4719,-12.3433,19.65,313.88,-22.5227,-12.3723,,,0.18637,0
25.7068,9,4,1,0,50.25,233.40,capture,50.73,323.63,90.23,0,179.046,7.691,179.784,-18.33,20.71,147.55,-17.86,-7.87,174.21,52.973,54.769,-22.7463,-10.0613,50.73,323.63,-22.6233,-11.3324,,,0.19946,0
25.8034,9,4,1,0,50.25,233.40,capture,13.55,325.68,99.31,0,179.062,7.647,179.771,-18.38,20.60,147.89,-17.54,-7.75,174.37,53.117,54.636,-22.9548,-13.0703,13.55,325.68,-22.7725,-12.1144,,,0.18853,0
25.8986,9,4,1,0,50.25,233.40,capture,12.86,320.16,94.47,0,179.001,7.632,179.736,-18.29,20.67,148.13,-17.92,-8.01,174.71,53.256,54.349,-22.0899,-12.2870,12.86,320.16,-22.4653,-12.1921,,,0.22215,0
25.9950,9,4,1,0,50.25,233.40,capture,23.93,329.41,99.55,0,179.130,7.664,179.777,-18.23,20.57,148.05,-17.78,-7.86,174.82,53.638,54.513,-23.2408,-11.8812,23.93,329.41,-22.8143,-12.0522,,,0.21286,0
26.2250,10,15,3,3,351.75,544.60,dwell,16.27,213.42,471.41,0,179.213,7.772,179.770,-18.35,20.44,148.21,-18.42,-7.61,174.80,53.754,54.403,-18.3739,-12.1728,16.27,213.42,-18.3739,-12.1728,,,0.19103,0
26.3104,10,15,3,3,351.75,544.60,dwell,137.96,434.01,240.70,0,179.074,7.986,179.768,-18.38,20.55,148.42,-17.78,-8.09,174.56,53.789,54.508,-25.8298,-6.0617,137.96,434.01,-21.7290,-9.4228,,,0.21475,0
26.4026,10,15,3,3,351.75,544.60,dwell,105.79,473.28,256.09,0,179.116,8.065,179.753,-18.24,20.76,148.18,-17.50,-7.89,174.20,53.563,54.371,-28.1272,-7.7262,105.79,473.28,-24.6082,-8.6593,,,0.20137,0
26.4927,10,15,3,3,351.75,544.60,dwell,162.61,367.50,259.11,0,179.068,8.164,179.747,-18.24,20.69,148.14,-17.88,-7.63,174.74,53.893,54.211,-24.4890,-5.9523,162.61,367.50,-24.5546,-7.4412,,,0.21591,0
26.5810,10,15,3,3,351.75,544.60,dwell,215.82,354.63,233.59,0,179.092,8.260,179.731,-18.30,20.70,148.10,-17.88,-7.47,174.82,54.075,54.178,-23.6598,-3.2633,215.82,354.63,-24.1519,-5.5611,,,0.23094,0
26.6738,10,15,3,3,351.75,544.60,dwell,206.15,376.86,222.12,0,179.107,8.233,179.718,-18.17,20.68,147.98,-17.29,-7.81,174.79,54.093,53.934,-25.0942,-3.4222,206.15,376.86,-24.5760,-4.5986,,,0.22440,0
26.7600,10,15,3,3,351.75,544.60,dwell,202.54,364.07,234.21,0,179.077,8.135,179.728,-18.07,20.58,148.13,-18.06,-7.97,174.57,53.735,53.825,-23.5828,-3.1097,202.54,364.07,-24.1290,-3.9286,,,0.22210,0
26.8652,10,15,3,3,351.75,544.60,dwell,221.60,454.74,158.16,0,179.070,8.271,179.731,-18.06,20.66,148.12,-17.55,-6.81,174.60,53.736,53.809,-26.9002,-2.9545,221.60,454.74,-25.3760,-3.4903,,,0.20345,0
26.9491,10,15,3,3,351.75,544.60,dwell,247.63,491.97,116.67,0,178.993,8.235,179.763,-18.03,20.54,148.08,-17.47,-8.58,174.67,53.297,53.880,-27.7471,-1.2251,247.63,491.97,-26.4430,-2.4710,,,0.18462,0
27.0445,10,15,3,3,351.75,544.60,dwell,262.58,452.34,128.31,0,179.089,8.328,179.768,-18.10,20.76,147.95,-17.96,-8.39,174.54,53.399,54.306,-26.5881,-0.9858,262.58,452.34,-26.5083,-1.8026,,,0.20930,0
27.1586,10,15,3,3,351.75,544.60,capture,287.93,482.45,89.08,0,178.986,8.402,179.772,-18.15,20.71,147.88,-18.19,-7.64,174.57,53.514,54.359,-28.5881,0.8419,287.93,482.45,-27.4442,-0.6126,,,0.19830,0
27.2702,10,15,3,3,351.75,544.60,capture,251.86,461.80,129.75,0,179.118,8.549,179.775,-18.08,20.74,147.99,-17.80,-7.88,173.76,53.400,54.447,-28.2280,-1.4266,251.86,461.80,-27.7969,-0.9789,,,0.18008,0
27.3647,10,15,3,3,351.75,544.60,capture,252.50,489.78,113.38,0,179.170,8.429,179.805,-18.08,20.79,147.72,-17.85,-7.98,174.83,53.408,54.378,-29.0800,-0.5362,252.50,489.78,-28.3743,-0.7797,,,0.20936,0
27.4652,10,15,3,3,351.75,544.60,capture,280.06,469.44,103.87,0,179.041,8.391,179.794,-18.21,20.69,147.70,-18.28,-8.18,174.10,53.553,54.374,-28.6152,0.2780,280.06,469.44,-28.4827,-0.3037,,,0.21988,0
27.5522,10,15,3,3,351.75,544.60,capture,250.92,476.34,121.76,0,179.135,8.383,179.832,-18.33,20.69,147.77,-17.82,-7.33,173.96,53.561,54.160,-28.6566,-1.5866,250.92,476.34,-28.5609,-0.8810,,,0.19037,0
27.6526,10,15,3,3,351.75,544.60,capture,227.48,483.70,138.39,0,179.175,8.436,179.819,-18.23,20.69,147.93,-18.08,-7.48,174.57,53.486,54.124,-28.8754,-1.5894,227.48,483.70,-28.7025,-1.1998,,,0.19441,0
27.7579,10,15,3,3,351.75,544.60,capture,246.16,483.57,121.96,0,179.181,8.309,179.848,-18.16,20.76,147.88,-18.01,-7.38,174.36,52.958,54.132,-28.6963,-1.1719,246.16,483.57,-28.6997,-1.1872,,,0.21752,0
27.8571,10,15,3,3,351.75,544.60,capture,245.03,471.62,129.29,0,179.148,8.206,179.794,-18.02,20.83,147.90,-17.43,-7.56,174.13,53.019,53.709,-27.7850,-1.8687,245.03,471.62,-28.2881,-1.4939,,,0.20032,0
27.9849,10,15,3,3,351.75,544.60,capture,256.81,475.77,117.27,0,179.020,8.252,179.792,-18.17,21.01,147.77,-18.06,-8.04,174.18,53.112,54.244,-28.3363,-0.7265,256.81,475.77,-28.3098,-1.1486,,,0.19422,0
28.0764,10,15,3,3,351.75,544.60,capture,273.71,486.21,97.47,0,178.947,8.303,179.797,-18.41,20.78,147.45,-17.67,-7.28,173.85,53.107,54.196,-28.6990,-0.7606,273.71,486.21,-28.4849,-0.9740,,,0.20385,0
28.1830,10,15,3,3,351.75,544.60,capture,259.12,471.88,117.76,0,179.029,8.364,179.772,-18.37,20.86,147.55,-17.87,-7.48,174.08,53.242,53.997,-27.7545,-0.9571,259.12,471.88,-28.1562,-0.9664,,,0.20022,0
28.2934,10,15,3,3,351.75,544.60,capture,256.49,488.69,110.46,0,179.054,8.342,179.779,-18.33,20.78,147.68,-18.11,-7.42,173.94,53.207,54.152,-28.7605,-0.9018,256.49,488.69,-28.4282,-0.9373,,,0.21170,0
28.3837,10,15,3,3,351.75,544.60,capture,248.06,481.89,121.18,0,179.004,8.319,179.777,-18.41,20.83,147.54,-18.07,-7.05,173.85,53.541,53.899,-28.3677,-0.9160,248.06,481.89,-28.4009,-0.9277,,,0.18499,0
28.4784,10,15,3,3,351.75,544.60,capture,253.95,490.08,111.97,0,178.974,8.173,179.782,-18.37,20.85,147.55,-18.07,-8.12,173.76,53.863,54.299,-29.2276,-1.1533,253.95,490.08,-28.7729,-1.0292,,,0.22571,0
28.5835,10,15,3,3,351.75,544.60,capture,240.82,481.37,127.69,0,179.000,8.210,179.796,-18.33,20.87,147.57,-17.59,-6.94,173.86,53.819,54.516,-27.6852,-0.9128,240.82,481.37,-28.2834,-0.9768,,,0.21082,0
28.6827,10,15,3,3,351.75,544.60,capture,225.11,492.60,136.90,0,178.954,8.284,179.757,-18.26,20.89,147.16,-17.40,-8.04,172.86,54.046,54.795,-28.2887,-2.2792,225.11,492.60,-28.2858,-1.5629,,,0.21936,0
28.7647,10,15,3,3,351.75,544.60,capture,259.16,467.34,120.59,0,178.822,8.317,179.772,-18.30,20.89,147.44,-18.03,-6.54,173.84,54.016,54.653,-28.4678,-0.6256,259.16,467.34,-28.3677,-1.1411,,,0.20472,0
28.8467,10,15,3,3,351.75,544.60,capture,273.38,478.08,102.79,0,178.908,8.221,179.750,-18.31,20.91,147.28,-18.10,-7.95,173.40,53.457,54.610,-29.2705,-0.2978,273.38,478.08,-28.7739,-0.7616,,,0.22156,0
29.0478,11,14,3,2,251.25,544.60,dwell,223.92,551.93,28.30,1,178.884,8.263,179.772,-18.37,20.96,147.18,-17.95,-6.91,173.12,53.674,54.664,-30.2712,-2.9154,223.92,551.93,-30.2712,-2.9154,,,0.22395,0
29.1463,11,14,3,2,251.25,544.60,dwell,222.43,568.62,37.52,1,178.820,8.376,179.777,-18.40,20.88,146.98,-18.37,-7.55,173.48,53.979,54.700,-32.0325,-2.5888,222.43,568.62,-31.0638,-2.7684,,,0.22699,0
29.2500,11,14,3,2,251.25,544.60,dwell,251.04,418.09,126.51,0,178.821,8.355,179.785,-18.38,20.92,147.15,-17.95,-7.83,172.90,53.757,54.783,-26.9099,-1.1353,251.04,418.09,-29.1945,-2.0335,,,0.22146,0
29.3536,11,14,3,2,251.25,544.60,dwell,220.02,572.37,41.79,1,178.698,8.339,179.791,-18.27,20.93,146.94,-17.83,-8.60,173.01,54.037,54.590,-32.3067,-2.3898,220.02,572.37,-30.5950,-2.1939,,,0.22557,0
29.4578,11,14,3,2,251.25,544.60,dwell,289.89,587.80,57.96,1,178.734,8.280,179.778,-18.24,20.95,147.01,-18.43,-7.73,173.22,53.983,54.546,-32.7795,0.7687,289.89,587.80,-31.5780,-0.8607,,,0.19967,0
29.5632,11,14,3,2,251.25,544.60,dwell,239.76,609.37,65.78,1,178.881,8.390,179.812,-18.38,20.93,147.09,-18.15,-7.51,173.74,53.845,54.540,-33.8481,-1.4625,239.76,609.37,-32.5996,-1.1315,,,0.20854,0
29.6583,11,14,3,2,251.25,544.60,dwell,231.24,580.19,40.83,1,178.841,8.385,179.800,-18.41,20.99,147.14,-18.18,-7.81,173.28,54.002,54.696,-32.4827,-2.3048,231.24,580.19,-32.5470,-1.6595,,,0.22624,0
29.7661,11,14,3,2,251.25,544.60,dwell,233.28,567.56,29.16,1,178.836,8.361,179.805,-18.43,20.84,147.36,-17.67,-8.16,173.13,54.320,54.378,-31.4718,-2.1987,233.28,567.56,-32.0632,-1.9021,,,0.23257,0
29.8783,11,14,3,2,251.25,544.60,dwell,249.06,488.17,56.47,1,178.904,8.417,179.818,-18.42,20.74,147.58,-17.61,-6.94,174.24,54.027,54.250,-28.2944,-1.8361,249.06,488.17,-30.3672,-1.8724,,,0.24312,0
29.9852,11,14,3,2,251.25,544.60,capture,267.06,546.10,15.88,1,178.853,8.456,179.836,-18.42,20.66,147.63,-17.69,-8.11,173.38,53.518,54.300,-30.2797,0.2536,267.06,546.10,-30.3278,-0.9157,,,0.21210,0
30.0747,11,14,3,2,251.25,544.60,capture,238.42,572.57,30.77,1,178.851,8.488,179.840,-18.40,20.86,147.74,-18.11,-7.87,173.96,53.738,54.213,-32.2056,-1.5154,238.42,572.57,-31.1728,-1.1856,,,0.19933,0
30.1587,11,14,3,2,251.25,544.60,capture,233.93,583.26,42.36,1,178.876,8.619,179.861,-18.37,20.73,147.78,-18.39,-7.65,174.06,53.766,53.762,-31.7409,-2.6090,233.93,583.26,-31.4284,-1.8261,,,0.21026,0
30.2475,11,14,3,2,251.25,544.60,capture,243.40,571.40,27.93,1,178.895,8.729,179.833,-18.48,20.62,147.60,-17.98,-7.78,174.03,53.790,53.732,-31.8830,-1.3957,243.40,571.40,-31.6330,-1.6324,,,0.20740,0
30.3508,11,14,3,2,251.25,544.60,capture,262.86,548.35,12.20,1,178.874,8.724,179.831,-18.56,20.56,147.36,-17.85,-7.20,173.46,53.735,53.605,-30.0674,-1.1146,262.86,548.35,-30.9285,-1.3994,,,0.20892,0
30.4328,11,14,3,2,251.25,544.60,capture,248.92,535.02,9.86,1,179.001,8.651,179.835,-18.44,20.64,147.62,-18.25,-8.20,174.14,53.908,53.753,-31.3487,-0.6930,248.92,535.02,-31.1176,-1.0815,,,0.20805,0
30.5408,11,14,3,2,251.25,544.60,capture,238.83,555.94,16.82,1,179.065,8.734,179.827,-18.51,20.77,147.46,-18.14,-7.80,173.70,53.812,53.839,-31.5996,-1.8298,238.83,555.94,-31.3345,-1.4182,,,0.21243,0
30.6615,11,14,3,2,251.25,544.60,capture,259.77,521.38,24.73,1,179.020,8.652,179.856,-18.41,21.00,147.62,-18.10,-7.86,173.88,53.736,54.071,-29.7682,-1.2135,259.77,521.38,-30.6297,-1.3261,,,0.21091,0
30.7556,11,14,3,2,251.25,544.60,capture,239.27,537.03,14.17,1,179.021,8.544,179.831,-18.42,20.85,147.56,-17.47,-7.38,174.02,53.773,54.407,-30.3239,-1.9313,239.27,537.03,-30.4921,-1.5984,,,0.24329,0
30.8620,11,14,3,2,251.25,544.60,capture,242.49,552.05,11.50,1,178.944,8.559,179.848,-18.50,21.03,147.23,-18.17,-6.85,173.61,53.861,54.445,-30.8132,-1.3470,242.49,552.05,-30.6366,-1.4853,,,0.22819,0
30.9597,11,14,3,2,251.25,544.60,capture,243.44,536.31,11.39,1,178.996,8.561,179.844,-18.54,21.06,147.43,-18.52,-6.84,173.66,53.914,54.721,-31.2396,-2.3341,243.44,536.31,-30.9080,-1.8673,,,0.22700,0
31.0766,11,14,3,2,251.25,544.60,capture,231.40,559.21,24.65,1,179.021,8.630,179.838,-18.45,20.99,147.60,-17.70,-7.44,173.82,53.541,54.467,-32.2717,-2.7455,231.40,559.21,-31.5217,-2.2625,,,0.18106,0
31.1733,11,14,3,2,251.25,544.60,capture,247.62,554.92,10.94,1,178.971,8.522,179.792,-18.35,20.92,147.77,-17.61,-8.64,174.27,53.532,54.580,-31.7695,-1.1756,247.62,554.92,-31.6332,-1.7734,,,0.21400,0
31.2830,11,14,3,2,251.25,544.60,capture,259.17,539.41,9.47,1,178.949,8.536,179.812,-18.36,20.99,147.57,-17.96,-7.62,174.41,54.082,54.523,-31.2173,-1.7183,259.17,539.41,-31.4460,-1.7486,,,0.19839,0
31.3905,11,14,3,2,251.25,544.60,capture,257.85,548.78,7.81,1,178.916,8.447,179.841,-18.35,20.82,147.53,-17.83,-8.05,174.15,54.074,54.566,-31.0281,-0.7654,257.85,548.78,-31.2580,-1.3062,,,0.24262,0
31.4755,11,14,3,2,251.25,544.60,capture,254.77,539.04,6.58,1,178.912,8.367,179.811,-18.32,20.90,147.74,-18.13,-7.86,174.28,53.869,54.557,-31.3804,-1.1104,254.77,539.04,-31.3131,-1.2181,,,0.20486,0
31.5954,11,14,3,2,251.25,544.60,capture,246.75,516.28,28.68,1,178.849,8.447,179.823,-18.32,20.96,147.60,-17.51,-7.65,173.88,53.342,54.431,-29.4643,-1.6383,246.75,516.28,-30.4811,-1.4072,,,0.21451,0
31.6969,11,14,3,2,251.25,544.60,capture,247.62,549.16,5.83,1,178.880,8.329,179.798,-18.16,20.86,147.66,-17.51,-8.04,173.79,53.236,54.656,-30.9887,-0.8216,247.62,549.16,-30.7095,-1.1436,,,0.20545,0
31.8039,11,14,3,2,251.25,544.60,capture,234.60,544.56,16.65,1,178.819,8.176,179.776,-18.08,20.72,147.96,-18.01,-7.85,174.07,53.091,54.475,-30.7517,-1.7782,234.60,544.56,-30.7285,-1.4292,,,0.18204,0
31.9029,11,14,3,2,251.25,544.60,capture,255.23,545.43,4.07,1,178.873,8.227,179.803,-18.18,20.60,148.16,-17.16,-7.82,174.49,52.865,54.516,-31.1333,-0.8320,255.23,545.43,-30.9106,-1.1604,,,0.17753,0
32.1302,12,19,4,3,351.75,700.20,dwell,237.29,794.98,148.61,0,178.860,8.153,179.863,-18.11,20.64,148.00,-18.05,-7.83,174.17,53.302,54.297,-40.4842,-1.6950,237.29,794.98,-40.4842,-1.6950,,,0.17535,0
32.2302,12,19,4,3,351.75,700.20,dwell,399.14,606.86,104.68,0,178.925,8.266,179.843,-18.13,20.59,147.90,-17.80,-8.28,174.86,53.155,54.723,-33.8997,5.4633,399.14,606.86,-37.5211,1.5262,,,0.17790,0
32.3219,12,19,4,3,351.75,700.20,dwell,299.10,503.59,203.54,0,178.963,8.377,179.802,-18.23,20.62,148.05,-18.36,-7.86,174.73,53.280,54.909,-29.1799,1.4173,299.10,503.59,-33.7676,1.4772,,,0.19693,0
32.4285,12,19,4,3,351.75,700.20,dwell,342.58,619.56,81.16,0,178.875,8.407,179.798,-18.13,20.68,147.84,-17.70,-7.70,174.54,53.147,54.790,-34.7015,3.1699,342.58,619.56,-34.1878,2.2389,,,0.19607,0
32.5160,12,19,4,3,351.75,700.20,dwell,282.73,746.22,82.96,0,178.773,8.230,179.802,-18.25,20.53,147.67,-17.34,-7.66,173.88,53.089,54.862,-38.1870,0.1160,282.73,746.22,-35.9875,1.2836,,,0.19061,0
32.6156,12,19,4,3,351.75,700.20,dwell,337.35,683.52,22.04,1,178.771,8.230,179.784,-18.31,20.52,147.86,-17.38,-8.89,174.22,53.064,54.933,-36.5901,3.0592,337.35,683.52,-36.2587,2.0826,,,0.19184,0
32.7016,12,19,4,3,351.75,700.20,dwell,337.47,648.24,53.89,1,178.584,8.265,179.822,-18.36,20.71,147.71,-17.73,-7.07,173.92,52.986,55.257,-35.4657,2.2559,337.47,648.24,-35.9018,2.1606,,,0.20950,0
32.8164,12,19,4,3,351.75,700.20,dwell,383.83,653.53,56.63,1,178.597,8.269,179.820,-18.37,20.66,147.92,-18.02,-8.48,174.50,53.284,55.257,-34.6785,4.8751,383.83,653.53,-35.3513,3.3821,,,0.19050,0
32.9170,12,19,4,3,351.75,700.20,capture,365.11,684.42,20.68,1,178.750,8.427,179.815,-18.35,20.65,147.88,-18.18,-8.83,174.48,53.412,55.031,-37.4151,3.7588,365.11,684.42,-36.2800,3.5516,,,0.19419,0
33.0146,12,19,4,3,351.75,700.20,capture,378.59,696.63,27.08,1,178.769,8.407,179.834,-18.44,20.65,148.02,-18.13,-7.26,173.91,53.467,54.496,-37.3895,5.1688,378.59,696.63,-36.7793,4.2794,,,0.21698,0
33.1022,12,19,4,3,351.75,700.20,capture,351.80,695.87,4.33,1,178.640,8.512,179.838,-18.47,20.55,148.13,-17.97,-7.69,174.90,53.840,54.467,-36.8775,3.4221,351.80,695.87,-36.8235,3.8936,,,0.20543,0
33.2108,12,19,4,3,351.75,700.20,capture,379.61,671.07,40.31,1,178.708,8.593,179.862,-18.39,20.55,148.04,-17.98,-7.99,174.26,53.669,54.290,-35.1171,4.7709,379.61,671.07,-36.0556,4.2884,,,0.24177,0
33.3201,12,19,4,3,351.75,700.20,capture,372.67,669.64,37.03,1,178.829,8.683,179.876,-18.43,20.66,147.96,-17.89,-8.56,174.22,53.981,54.281,-35.7481,4.5696,372.67,669.64,-35.9172,4.4149,,,0.22427,0
33.4199,12,19,4,3,351.75,700.20,capture,370.82,659.26,45.16,1,178.844,8.621,179.850,-18.43,20.65,148.02,-17.69,-8.53,174.23,54.272,54.363,-35.0795,3.8212,370.82,659.26,-35.5402,4.1477,,,0.23903,0
33.5198,12,19,4,3,351.75,700.20,capture,385.32,656.22,55.33,1,178.849,8.661,179.864,-18.46,20.58,147.90,-18.08,-8.10,173.80,54.221,54.214,-35.5556,5.1002,385.32,656.22,-35.5472,4.5763,,,0.22534,0
33.6306,12,19,4,3,351.75,700.20,capture,380.54,663.93,46.31,1,178.841,8.690,179.865,-18.35,20.54,147.80,-17.90,-7.15,174.06,54.158,54.205,-36.0849,4.3255,380.54,663.93,-35.7891,4.4635,,,0.21655,0
33.7574,12,19,4,3,351.75,700.20,capture,381.57,662.40,48.15,1,178.906,8.561,179.867,-18.34,20.82,147.74,-18.36,-7.70,173.95,54.092,54.025,-35.6768,4.7277,381.57,662.40,-35.7386,4.5824,,,0.19651,0
33.8567,12,19,4,3,351.75,700.20,capture,369.44,671.55,33.67,1,178.962,8.547,179.841,-18.49,20.81,147.66,-17.93,-7.71,173.58,54.021,53.823,-35.3701,3.2899,369.44,671.55,-35.5728,4.0007,,,0.20905,0
33.9590,12,19,4,3,351.75,700.20,capture,382.41,675.32,39.48,1,179.030,8.549,179.835,-18.51,20.84,147.71,-18.55,-7.94,173.69,53.871,54.036,-36.5130,6.4277,382.41,675.32,-35.9959,5.0929,,,0.23437,0
34.0551,12,19,4,3,351.75,700.20,capture,374.92,693.08,24.24,1,179.104,8.429,179.857,-18.32,20.95,147.88,-17.91,-7.33,174.16,54.032,53.725,-37.4288,4.7715,374.92,693.08,-36.6407,4.9483,,,0.19355,0
34.1445,12,19,4,3,351.75,700.20,capture,382.30,659.82,50.63,1,179.107,8.500,179.842,-18.20,20.93,147.79,-17.90,-7.87,174.57,53.876,53.648,-35.2099,5.2799,382.30,659.82,-35.9968,5.0975,,,0.23124,0
34.2464,12,19,4,3,351.75,700.20,capture,360.53,662.24,38.96,1,179.055,8.375,179.811,-18.14,20.81,147.93,-17.91,-7.95,174.29,54.086,53.407,-35.4884,3.6381,360.53,662.24,-35.7680,4.4408,,,0.25930,0
34.3455,12,19,4,3,351.75,700.20,capture,372.46,689.55,23.29,1,179.112,8.579,179.858,-18.13,20.83,147.80,-17.49,-7.29,174.20,53.835,53.582,-36.5293,4.9110,372.46,689.55,-36.1106,4.6524,,,0.21819,0
34.4411,12,19,4,3,351.75,700.20,capture,350.10,685.21,15.08,1,179.035,8.574,179.831,-18.11,20.72,147.89,-17.31,-7.70,174.46,53.714,53.305,-36.1768,3.4507,350.10,685.21,-36.1404,4.1116,,,0.19453,0
34.5231,12,19,4,3,351.75,700.20,capture,352.58,680.96,19.26,1,178.861,8.662,179.843,-17.98,20.68,147.70,-17.41,-7.68,174.45,53.752,53.445,-36.9231,2.8457,352.58,680.96,-36.4926,3.5420,,,0.21071,0
34.6155,12,19,4,3,351.75,700.20,capture,369.77,676.32,29.92,1,178.815,8.644,179.869,-18.14,20.68,147.74,-18.09,-8.38,174.32,53.593,53.803,-35.6042,3.9054,369.77,676.32,-36.0928,3.7055,,,0.20220,0
34.7152,12,19,4,3,351.75,700.20,capture,370.35,652.32,51.37,1,178.896,8.596,179.870,-18.08,20.53,147.66,-17.55,-7.87,174.11,53.698,54.126,-35.4886,4.2427,370.35,652.32,-35.8209,3.9472,,,0.21752,0
34.8870,13,16,4,0,50.25,700.20,dwell,439.07,817.30,406.07,0,178.986,8.715,179.851,-18.01,20.61,147.58,-17.77,-7.44,173.32,53.597,54.034,-41.4600,7.1545,439.07,817.30,-41.4600,7.1545,,,0.21164,0
34.9690,13,16,4,0,50.25,700.20,dwell,249.42,800.32,222.92,0,178.964,8.822,179.850,-18.00,20.52,147.37,-17.72,-7.69,173.88,53.999,53.835,-40.3624,-1.7296,249.42,800.32,-40.9661,3.1566,,,0.19975,0
35.0771,13,16,4,0,50.25,700.20,dwell,279.99,786.19,245.31,0,178.872,8.927,179.805,-18.06,20.48,147.45,-18.11,-7.77,174.13,54.114,54.130,-40.4581,0.4779,279.99,786.19,-40.7375,1.9512,,,0.21377,0
35.1770,13,16,4,0,50.25,700.20,dwell,244.13,657.99,198.42,0,178.931,8.945,179.772,-18.15,20.53,147.37,-17.99,-8.35,173.55,53.963,53.947,-34.3963,-1.0570,244.13,657.99,-37.8840,0.5975,,,0.19872,0
35.2879,13,16,4,0,50.25,700.20,dwell,113.67,591.23,126.08,0,178.947,8.951,179.769,-18.10,20.53,147.38,-17.45,-7.88,173.34,53.615,53.703,-32.9243,-7.9107,113.67,591.23,-35.6521,-3.2312,,,0.20689,0
35.3699,13,16,4,0,50.25,700.20,dwell,151.82,655.91,110.81,0,178.917,8.913,179.777,-18.28,20.44,147.35,-17.81,-8.46,173.42,53.574,53.762,-34.8042,-5.3696,151.82,655.91,-35.2706,-4.1934,,,0.23290,0
35.4754,13,16,4,0,50.25,700.20,dwell,185.14,626.16,153.87,0,179.003,8.989,179.788,-18.24,20.38,147.56,-17.81,-7.89,173.78,53.738,53.397,-34.8618,-4.8056,185.14,626.16,-35.0866,-4.4689,,,0.22913,0
35.5768,13,16,4,0,50.25,700.20,dwell,161.89,644.31,124.85,0,178.870,9.080,179.768,-18.20,20.45,147.61,-17.58,-8.24,174.03,53.778,53.809,-35.3574,-5.2214,161.89,644.31,-35.2084,-4.8075,,,0.23891,0
35.7007,13,16,4,0,50.25,700.20,dwell,153.21,599.33,144.14,0,178.793,9.288,179.802,-18.19,20.45,147.66,-18.00,-7.77,174.31,53.132,54.116,-33.3738,-4.8500,153.21,599.33,-34.3829,-4.8266,,,0.18160,0
35.8272,13,16,4,0,50.25,700.20,dwell,146.69,628.31,120.29,0,178.816,9.174,179.808,-18.28,20.58,147.72,-18.01,-7.47,174.33,53.378,54.104,-33.9589,-5.9613,146.69,628.31,-34.1921,-5.3372,,,0.20147,0
35.9310,13,16,4,0,50.25,700.20,dwell,92.25,552.36,153.69,0,178.911,9.217,179.808,-18.33,20.60,147.60,-18.03,-7.82,173.86,53.743,53.660,-31.7063,-8.6690,92.25,552.36,-33.0735,-6.8365,,,0.20375,0
36.0130,13,16,4,0,50.25,700.20,capture,91.28,587.08,120.33,0,178.849,9.098,179.811,-18.26,20.51,147.66,-18.26,-8.18,173.63,53.864,53.776,-32.9621,-8.6872,91.28,587.08,-33.0233,-7.6693,,,0.22139,0
36.1335,13,16,4,0,50.25,700.20,capture,76.57,584.38,118.77,0,178.818,9.186,179.796,-18.22,20.64,147.52,-17.95,-8.08,174.07,54.014,54.161,-32.2633,-9.6617,76.57,584.38,-32.6813,-8.5659,,,0.23516,0
36.2363,13,16,4,0,50.25,700.20,capture,93.51,609.09,100.86,0,178.825,9.085,179.771,-18.21,20.78,147.69,-18.22,-8.03,173.92,54.020,54.134,-33.6276,-8.2271,93.51,609.09,-33.1071,-8.4135,,,0.22861,0
36.3473,13,16,4,0,50.25,700.20,capture,79.76,598.86,105.55,0,178.859,9.159,179.779,-18.19,20.87,147.56,-17.58,-8.21,173.50,53.941,54.030,-32.1302,-9.5310,79.76,598.86,-32.6675,-8.9164,,,0.21523,0
36.4603,13,16,4,0,50.25,700.20,capture,101.56,594.66,117.35,0,178.834,9.144,179.787,-18.25,20.84,147.63,-18.24,-7.66,174.12,53.864,54.347,-32.9659,-8.7724,101.56,594.66,-32.8018,-8.8516,,,0.20966,0
36.5780,13,16,4,0,50.25,700.20,capture,82.49,586.16,118.51,0,178.890,9.347,179.812,-18.29,20.70,147.62,-17.87,-7.20,174.27,53.559,54.309,-32.6657,-8.5906,82.49,586.16,-32.7405,-8.7341,,,0.20577,0
36.6732,13,16,4,0,50.25,700.20,capture,69.10,586.17,115.58,0,178.919,9.382,179.807,-18.33,20.82,147.58,-17.16,-7.27,173.93,53.340,53.896,-32.4173,-9.6686,69.10,586.17,-32.5951,-9.1546,,,0.19693,0
36.7630,13,16,4,0,50.25,700.20,capture,74.10,592.90,109.92,0,178.937,9.237,179.794,-18.29,20.97,147.63,-17.72,-7.71,173.66,53.327,53.579,-32.4981,-9.5486,74.10,592.90,-32.5515,-9.3319,,,0.18970,0
36.8705,13,16,4,0,50.25,700.20,capture,79.68,573.70,129.88,0,179.035,9.207,179.763,-18.47,20.90,147.61,-17.86,-7.23,173.94,53.926,53.860,-32.3178,-8.9707,79.68,573.70,-32.4463,-9.1694,,,0.22762,0
36.9633,13,16,4,0,50.25,700.20,capture,88.26,590.95,115.67,0,179.012,9.117,179.764,-18.30,20.99,147.50,-17.34,-7.40,174.05,53.564,54.011,-33.0777,-8.6663,88.26,590.95,-32.7305,-8.9430,,,0.22266,0
37.0745,13,16,4,0,50.25,700.20,capture,103.15,588.30,123.77,0,178.881,9.148,179.757,-18.23,20.91,147.36,-17.36,-7.19,173.63,53.685,53.845,-32.5733,-8.6679,103.15,588.30,-32.6597,-8.8192,,,0.22647,0
37.1597,13,16,4,0,50.25,700.20,capture,108.64,571.66,141.18,0,178.772,9.088,179.754,-18.25,20.85,147.16,-18.06,-6.42,173.79,54.175,54.329,-31.9048,-8.0496,108.64,571.66,-32.3200,-8.4729,,,0.17576,0
37.2783,13,16,4,0,50.25,700.20,capture,83.42,579.64,125.04,0,178.794,9.121,179.749,-18.05,20.77,147.31,-17.29,-9.03,173.60,54.260,54.377,-33.3815,-8.9302,83.42,579.64,-32.7977,-8.6787,,,0.22987,0
37.3793,13,16,4,0,50.25,700.20,capture,71.90,584.98,117.24,0,178.812,9.095,179.744,-18.08,20.76,147.34,-17.97,-8.16,173.38,53.971,54.602,-33.6656,-9.7823,71.90,584.98,-33.1882,-9.1753,,,0.20219,0
37.4753,13,16,4,0,50.25,700.20,capture,85.11,588.56,116.96,0,178.856,9.108,179.753,-18.16,20.96,147.42,-17.64,-7.22,173.51,53.970,54.717,-32.4313,-8.5700,85.11,588.56,-32.8476,-8.9029,,,0.21320,0
37.5634,13,16,4,0,50.25,700.20,capture,90.74,618.71,90.99,0,178.836,9.046,179.766,-18.17,21.07,147.57,-17.99,-7.98,173.93,53.953,54.739,-33.7475,-9.2146,90.74,618.71,-33.2526,-9.0432,,,0.22492,0
37.6682,13,16,4,0,50.25,700.20,capture,72.42,593.07,109.40,0,178.752,8.889,179.776,-18.19,21.01,147.17,-17.51,-7.33,173.58,54.059,54.222,-32.6502,-9.3050,72.42,593.07,-32.9815,-9.1610,,,0.25366,0
37.7614,13,16,4,0,50.25,700.20,capture,80.14,599.93,104.63,0,178.814,9.001,179.751,-18.36,21.13,147.29,-18.21,-7.77,173.67,54.134,54.380,-32.5962,-9.4506,80.14,599.93,-32.8081,-9.2913,,,0.21812,0
37.8523,13,16,4,0,50.25,700.20,capture,88.37,590.98,115.68,0,178.947,8.934,179.803,-18.43,20.94,147.29,-17.76,-7.38,173.77,54.179,53.983,-33.5132,-9.4074,88.37,590.98,-33.1254,-9.3436,,,0.22458,0
37.9447,13,16,4,0,50.25,700.20,capture,84.80,587.82,117.57,0,179.057,8.888,179.825,-18.48,20.97,147.24,-18.61,-7.17,173.53,54.250,53.790,-32.3378,-9.2111,84.80,587.82,-32.7710,-9.2839,,,0.22251,0
38.1415,14,12,3,0,50.25,544.60,dwell,94.70,575.57,54.18,1,179.000,8.793,179.837,-18.51,21.01,147.07,-17.77,-7.60,173.27,53.749,53.540,-32.6269,-8.1434,94.70,575.57,-32.6269,-8.1434,,,0.20973,0
38.2431,14,12,3,0,50.25,544.60,dwell,91.18,599.54,68.51,1,178.951,8.732,179.855,-18.52,21.14,147.28,-17.95,-7.32,173.17,53.792,53.458,-32.7565,-9.0070,91.18,599.54,-32.6852,-8.5320,,,0.19446,0
38.3587,14,12,3,0,50.25,544.60,dwell,79.32,647.23,106.67,0,179.002,8.558,179.833,-18.54,21.18,147.06,-18.11,-8.02,173.56,53.444,53.769,-35.0692,-8.9362,79.32,647.23,-33.7580,-8.7139,,,0.20082,0
38.4775,14,12,3,0,50.25,544.60,dwell,130.70,627.75,115.70,0,179.009,8.320,179.833,-18.55,21.14,147.15,-18.04,-7.65,173.39,53.700,54.006,-34.4050,-6.2707,130.70,627.75,-34.0492,-7.6145,,,0.18833,0
38.5826,14,12,3,0,50.25,544.60,dwell,62.91,594.94,51.91,1,179.045,8.406,179.841,-18.50,21.11,147.19,-17.74,-7.07,173.32,53.514,53.545,-33.1234,-9.5440,62.91,594.94,-33.6325,-8.4828,,,0.20371,0
38.6843,14,12,3,0,50.25,544.60,dwell,42.10,580.56,36.87,1,179.103,8.395,179.828,-18.64,21.23,147.17,-18.30,-7.68,173.20,53.301,54.073,-32.6211,-10.6774,42.10,580.56,-33.1774,-9.4704,,,0.20660,0
38.7692,14,12,3,0,50.25,544.60,dwell,99.69,488.11,75.07,1,179.060,8.351,179.811,-18.57,21.00,147.20,-18.54,-7.50,173.57,53.396,54.350,-28.6910,-8.4434,99.69,488.11,-31.1585,-9.0082,,,0.22949,0
38.8812,14,12,3,0,50.25,544.60,dwell,46.18,535.28,10.17,1,178.897,8.451,179.839,-18.70,21.08,147.16,-18.99,-8.72,173.81,53.689,54.099,-30.3863,-10.6441,46.18,535.28,-30.8110,-9.7444,,,0.22436,0
38.9862,14,12,3,0,50.25,544.60,dwell,-1.47,452.82,105.35,0,178.937,8.492,179.849,-18.68,20.94,147.39,-18.00,-7.71,173.27,53.668,53.998,-27.4610,-13.1597,-1.47,452.82,-29.3035,-11.2812,,,0.20319,0
39.0869,14,12,3,0,50.25,544.60,dwell,55.42,515.21,29.84,1,179.007,8.372,179.849,-18.65,20.99,147.37,-18.25,-7.25,173.87,53.668,53.971,-29.6962,-9.9441,55.42,515.21,-29.4802,-10.6795,,,0.19623,0
39.1792,14,12,3,0,50.25,544.60,capture,40.78,537.91,11.59,1,178.976,8.419,179.827,-18.63,20.87,147.19,-18.71,-8.06,173.59,53.876,54.234,-30.0096,-10.7246,40.78,537.91,-29.7185,-10.6998,,,0.21496,0
39.2634,14,12,3,0,50.25,544.60,capture,37.50,527.40,21.41,1,178.994,8.368,179.808,-18.53,20.79,147.10,-18.11,-7.85,173.16,54.196,54.078,-29.7998,-10.3316,37.50,527.40,-29.7551,-10.5341,,,0.21322,0
39.3458,14,12,3,0,50.25,544.60,capture,51.69,513.18,31.45,1,178.982,8.398,179.806,-18.45,20.81,147.09,-18.12,-8.36,173.39,53.571,53.877,-29.2794,-10.3506,51.69,513.18,-29.5410,-10.4515,,,0.20604,0
39.4553,14,12,3,0,50.25,544.60,capture,63.13,512.14,34.92,1,179.015,8.326,179.810,-18.48,20.78,146.95,-17.41,-6.98,173.10,53.462,53.515,-29.6908,-10.0550,63.13,512.14,-29.6084,-10.2731,,,0.22164,0
39.5389,14,12,3,0,50.25,544.60,capture,36.69,538.75,14.77,1,179.055,8.392,179.815,-18.38,20.75,146.81,-18.25,-7.94,172.96,52.990,53.372,-31.2899,-11.0168,36.69,538.75,-30.3651,-10.6077,,,0.19187,0
39.6298,14,12,3,0,50.25,544.60,capture,47.05,504.17,40.56,1,179.033,8.281,179.847,-18.42,20.65,147.03,-17.67,-8.35,173.27,53.272,53.481,-29.8635,-10.7522,47.05,504.17,-30.1394,-10.6727,,,0.19565,0
39.7293,14,12,3,0,50.25,544.60,capture,59.87,534.43,14.00,1,178.932,8.373,179.834,-18.39,20.57,147.14,-17.79,-7.26,173.76,53.253,53.476,-30.4051,-10.1529,59.87,534.43,-30.2590,-10.4388,,,0.20675,0
39.8261,14,12,3,0,50.25,544.60,capture,53.74,520.30,24.55,1,178.940,8.404,179.829,-18.25,20.56,147.16,-18.14,-8.32,173.53,53.286,53.149,-29.8759,-9.7874,53.74,520.30,-30.0866,-10.1457,,,0.19519,0
39.9566,14,12,3,0,50.25,544.60,capture,48.66,517.88,26.77,1,179.007,8.320,179.843,-18.26,20.78,147.07,-18.08,-7.70,173.44,53.015,53.572,-29.6726,-10.9501,48.66,517.88,-29.9003,-10.5076,,,0.18570,0
40.0660,14,12,3,0,50.25,544.60,capture,70.90,518.67,33.15,1,179.028,8.269,179.849,-18.31,20.68,147.01,-18.04,-7.85,173.02,53.226,53.314,-30.4158,-9.5418,70.90,518.67,-30.1323,-10.0730,,,0.20223,0
40.1601,14,12,3,0,50.25,544.60,capture,50.84,537.84,6.79,1,178.906,8.445,179.808,-18.34,20.56,147.03,-17.35,-7.65,173.07,53.140,53.740,-31.5682,-10.3065,50.84,537.84,-30.7784,-10.1781,,,0.18409,0
40.2640,14,12,3,0,50.25,544.60,capture,26.23,506.07,45.40,1,178.819,8.490,179.814,-18.33,20.49,147.27,-17.99,-8.42,173.16,53.295,54.222,-28.7246,-11.6166,26.23,506.07,-29.8542,-10.8254,,,0.21611,0
40.3498,14,12,3,0,50.25,544.60,capture,21.43,504.86,49.09,1,178.723,8.543,179.811,-18.27,20.45,147.32,-17.95,-8.48,173.69,53.325,54.340,-29.9806,-11.6108,21.43,504.86,-29.9111,-11.1788,,,0.19476,0
40.4593,14,12,3,0,50.25,544.60,capture,58.58,526.57,19.86,1,178.747,8.498,179.773,-18.24,20.56,147.44,-17.57,-8.80,174.06,53.111,54.058,-30.4873,-9.8308,58.58,526.57,-30.1704,-10.5722,,,0.19966,0
40.5779,14,12,3,0,50.25,544.60,capture,42.34,521.33,24.58,1,178.796,8.399,179.822,-18.16,20.60,147.48,-17.93,-7.98,173.83,53.392,54.009,-29.8582,-11.1319,42.34,521.33,-30.0299,-10.8241,,,0.19094,0
40.6796,14,12,3,0,50.25,544.60,capture,50.87,504.89,39.71,1,178.837,8.336,179.821,-17.97,20.63,147.82,-16.95,-8.28,174.06,53.660,54.139,-28.5038,-10.4211,50.87,504.89,-29.3431,-10.6427,,,0.22060,0
40.7727,14,12,3,0,50.25,544.60,capture,37.90,517.42,29.85,1,178.848,8.403,179.834,-18.09,20.50,147.87,-17.43,-8.79,174.30,53.981,54.178,-29.2855,-10.5344,37.90,517.42,-29.3172,-10.5940,,,0.23962,0
40.8845,14,12,3,0,50.25,544.60,capture,51.60,502.54,42.08,1,178.777,8.356,179.813,-18.09,20.56,147.81,-17.87,-8.86,174.31,53.745,54.230,-28.6971,-10.5250,51.60,502.54,-29.0382,-10.5629,,,0.23234,0
40.9986,14,12,3,0,50.25,544.60,capture,45.02,520.41,24.75,1,178.838,8.357,179.816,-18.13,20.46,147.72,-17.81,-7.96,174.17,53.776,54.560,-29.7305,-10.7094,45.02,520.41,-29.3497,-10.6289,,,0.21510,0
41.1057,14,12,3,0,50.25,544.60,capture,66.36,498.84,48.51,1,178.860,8.386,179.798,-18.16,20.38,147.53,-18.25,-7.29,173.93,53.983,54.421,-28.8695,-10.1412,66.36,498.84,-29.1336,-10.4094,,,0.19879,0
41.2916,15,6,1,2,251.25,233.40,dwell,118.16,420.51,229.62,0,178.915,8.377,179.794,-18.21,20.27,147.23,-17.93,-8.76,173.41,54.002,54.831,-25.4049,-7.3267,118.16,420.51,-25.4049,-7.3267,,,0.19364,0
41.3977,15,6,1,2,251.25,233.40,dwell,202.06,426.26,199.03,0,178.792,8.399,179.779,-18.30,20.36,146.99,-17.42,-8.69,173.26,54.023,54.896,-26.4026,-3.4561,202.06,426.26,-25.8538,-5.5849,,,0.22751,0
41.4943,15,6,1,2,251.25,233.40,dwell,136.51,358.86,170.02,0,178.836,8.195,179.789,-18.27,20.42,147.09,-17.44,-8.43,172.49,53.879,54.594,-23.0724,-6.5898,136.51,358.86,-24.6022,-6.0371,,,0.23621,0
41.5974,15,6,1,2,251.25,233.40,dwell,134.33,430.55,229.21,0,178.783,8.082,179.805,-18.24,20.34,147.23,-18.15,-8.52,173.68,53.547,54.538,-26.5329,-6.6140,134.33,430.55,-25.4710,-6.2967,,,0.18363,0
41.6912,15,6,1,2,251.25,233.40,dwell,203.21,357.57,133.14,0,178.827,7.996,179.815,-18.30,20.24,147.26,-17.37,-8.21,173.23,53.790,54.331,-23.3301,-3.3199,203.21,357.57,-24.5076,-4.9572,,,0.23675,0
41.7903,15,6,1,2,251.25,233.40,dwell,168.87,370.35,159.82,0,178.794,7.915,179.852,-18.25,20.11,147.18,-17.26,-8.34,173.40,53.606,54.486,-23.5082,-4.8460,168.87,370.35,-24.0579,-4.9071,,,0.20080,0
41.8901,15,6,1,2,251.25,233.40,dwell,239.22,348.87,116.09,0,178.710,8.067,179.869,-18.14,20.17,147.11,-17.88,-8.25,173.92,53.371,54.201,-23.9542,-1.1857,239.22,348.87,-24.0112,-3.2325,,,0.20907,0
41.9780,15,6,1,2,251.25,233.40,dwell,251.55,320.94,87.54,0,178.754,7.865,179.865,-17.99,20.22,146.99,-18.33,-8.66,172.99,53.440,54.259,-23.8463,-1.4120,251.55,320.94,-23.9370,-2.4133,,,0.20979,0
42.0849,15,6,1,2,251.25,233.40,dwell,210.41,281.89,63.40,1,178.884,7.939,179.879,-18.14,20.11,146.91,-17.33,-8.25,172.64,53.608,54.004,-21.3472,-2.7330,210.41,281.89,-22.7716,-2.5572,,,0.21751,0
42.1820,15,6,1,2,251.25,233.40,dwell,244.91,235.59,6.71,1,178.784,7.992,179.913,-18.16,20.34,146.83,-18.19,-8.01,173.08,53.805,54.076,-19.4223,-1.5634,244.91,235.59,-21.2644,-2.1100,,,0.20668,0
42.2663,15,6,1,2,251.25,233.40,capture,253.23,217.60,15.92,1,178.688,7.941,179.920,-18.19,20.44,146.80,-17.38,-8.34,173.00,54.055,54.293,-18.2517,-1.1466,253.23,217.60,-19.9087,-1.6765,,,0.20926,0
42.3561,15,6,1,2,251.25,233.40,capture,273.04,207.39,33.93,1,178.658,7.918,179.878,-18.22,20.65,146.71,-17.60,-8.46,172.80,53.829,54.361,-17.5475,-0.3578,273.04,207.39,-18.8462,-1.0831,,,0.21741,0
42.4461,15,6,1,2,251.25,233.40,capture,284.27,211.05,39.87,1,178.639,7.930,179.860,-18.33,20.53,146.72,-17.64,-7.76,172.46,53.953,54.231,-18.1304,0.6379,284.27,211.05,-18.5241,-0.3087,,,0.20829,0
42.5752,15,6,1,2,251.25,233.40,capture,267.61,219.38,21.55,1,178.598,7.939,179.853,-18.44,20.34,146.81,-17.83,-8.55,173.25,54.106,54.508,-17.8755,-0.6981,267.61,219.38,-18.2322,-0.4839,,,0.22562,0
42.6729,15,6,1,2,251.25,233.40,capture,264.17,214.75,22.69,1,178.711,7.940,179.859,-18.42,20.34,147.10,-17.51,-7.01,172.95,54.077,54.116,-18.4644,-0.6250,264.17,214.75,-18.3367,-0.5474,,,0.23169,0
42.7549,15,6,1,2,251.25,233.40,capture,288.60,234.57,37.37,1,178.723,7.939,179.853,-18.50,20.35,147.27,-18.14,-8.24,173.65,54.000,53.991,-18.4058,0.5254,288.60,234.57,-18.3678,-0.0646,,,0.20051,0
42.8436,15,6,1,2,251.25,233.40,capture,277.17,240.51,26.88,1,178.808,7.754,179.849,-18.51,20.25,147.19,-17.34,-8.42,173.58,54.164,53.756,-19.5012,-0.2671,277.17,240.51,-18.8778,-0.1557,,,0.22282,0
42.9606,15,6,1,2,251.25,233.40,capture,264.46,218.07,20.24,1,178.810,7.728,179.872,-18.56,20.24,147.29,-18.43,-8.16,173.82,53.558,53.874,-17.7205,-0.8852,264.46,218.07,-18.3570,-0.4840,,,0.20890,0
43.0716,15,6,1,2,251.25,233.40,capture,254.66,253.50,20.39,1,178.740,7.867,179.880,-18.50,20.19,147.36,-17.80,-8.17,173.78,53.677,54.309,-19.4964,-1.5133,254.66,253.50,-18.8698,-0.9472,,,0.20914,0
43.1536,15,6,1,2,251.25,233.40,capture,244.61,211.81,22.59,1,178.790,7.899,179.884,-18.55,20.26,147.40,-18.22,-7.51,173.66,53.517,54.428,-18.1385,-1.1232,244.61,211.81,-18.5407,-1.0264,,,0.19860,0
43.2593,15,6,1,2,251.25,233.40,capture,255.36,231.18,4.67,1,178.744,7.886,179.875,-18.54,20.36,147.36,-17.87,-8.50,173.65,53.580,54.441,-18.1516,-1.2679,255.36,231.18,-18.3656,-1.1351,,,0.19665,0
43.3666,15,6,1,2,251.25,233.40,capture,265.84,207.91,29.37,1,178.789,7.966,179.863,-18.43,20.57,147.25,-17.96,-8.84,173.82,53.803,54.160,-17.7147,-0.0476,265.84,207.91,-18.0727,-0.6457,,,0.23942,0
43.4742,15,6,1,2,251.25,233.40,capture,300.13,195.43,61.89,1,178.789,7.986,179.848,-18.50,20.76,147.26,-18.66,-8.03,173.27,53.767,53.961,-18.2928,1.1527,300.13,195.43,-18.1717,0.1636,,,0.20062,0
43.5911,15,6,1,2,251.25,233.40,capture,270.03,212.87,27.82,1,178.887,8.208,179.818,-18.52,20.78,147.28,-17.97,-7.79,173.31,53.483,53.976,-18.0497,-0.6931,270.03,212.87,-18.1168,-0.2219,,,0.19978,0
43.6809,15,6,1,2,251.25,233.40,capture,271.42,219.90,24.27,1,179.036,8.107,179.791,-18.45,20.80,147.11,-17.65,-7.79,173.13,53.699,54.235,-18.4715,0.0221,271.42,219.90,-18.2764,-0.1121,,,0.17260,0
43.7826,15,6,1,2,251.25,233.40,capture,266.45,218.98,20.95,1,178.964,8.138,179.794,-18.51,20.76,147.38,-18.13,-7.88,173.46,53.862,54.080,-18.5851,-0.8119,266.45,218.98,-18.4154,-0.4270,,,0.20250,0
43.8832,15,6,1,2,251.25,233.40,capture,277.29,233.55,26.04,1,178.933,8.030,179.774,-18.55,20.90,147.68,-18.20,-7.88,173.99,54.180,53.811,-18.9992,-0.6737,277.29,233.55,-18.6781,-0.5381,,,0.23231,0
43.9763,15,6,1,2,251.25,233.40,capture,274.09,245.40,25.80,1,178.942,8.047,179.770,-18.64,20.95,147.64,-17.90,-8.30,173.76,53.909,53.890,-19.2425,0.0958,274.09,245.40,-18.9321,-0.2528,,,0.21950,0
44.1319,16,18,4,2,251.25,700.20,dwell,267.24,228.19,472.28,0,178.985,8.134,179.760,-18.65,20.76,147.63,-17.80,-7.20,174.16,53.796,54.029,-17.7018,-0.3715,267.24,228.19,-17.7018,-0.3715,,,0.22367,0
44.2361,16,18,4,2,251.25,700.20,dwell,284.46,368.20,333.66,0,178.776,8.175,179.791,-18.50,20.91,147.88,-18.30,-7.54,173.91,53.421,54.283,-23.0774,0.3453,284.46,368.20,-20.1208,-0.0490,,,0.19929,0
44.3504,16,18,4,2,251.25,700.20,dwell,299.97,460.05,245.04,0,178.911,8.377,179.816,-18.51,20.92,147.72,-18.14,-8.01,174.12,53.415,54.658,-27.7608,0.8712,299.97,460.05,-23.5588,0.3651,,,0.21523,0
44.4523,16,18,4,2,251.25,700.20,dwell,288.96,473.93,229.39,0,178.891,8.351,179.843,-18.58,20.84,147.67,-17.95,-8.21,174.21,53.285,54.739,-26.8338,-0.3316,288.96,473.93,-25.0326,0.0516,,,0.19517,0
44.5426,16,18,4,2,251.25,700.20,dwell,337.53,510.06,208.80,0,178.938,8.311,179.869,-18.55,20.79,147.66,-17.85,-8.28,173.67,53.275,54.334,-29.5136,2.9542,337.53,510.06,-27.0490,1.3578,,,0.21400,0
44.6574,16,18,4,2,251.25,700.20,dwell,273.98,531.88,169.85,0,178.865,8.310,179.838,-18.48,20.70,147.50,-17.72,-7.13,173.68,53.451,54.356,-30.5134,-0.0598,273.98,531.88,-28.6080,0.7199,,,0.21345,0
44.7510,16,18,4,2,251.25,700.20,dwell,327.16,561.05,158.51,0,178.933,8.378,179.859,-18.40,20.88,147.56,-17.31,-7.56,173.94,53.535,54.598,-31.6432,2.2794,327.16,561.05,-29.9738,1.4217,,,0.22237,0
44.8407,16,18,4,2,251.25,700.20,dwell,276.70,593.15,110.03,0,178.994,8.477,179.839,-18.41,20.90,147.77,-18.00,-7.78,174.53,53.742,53.785,-32.7145,-0.1239,276.70,593.15,-31.2071,0.7262,,,0.21245,0
44.9383,16,18,4,2,251.25,700.20,capture,279.91,662.47,47.38,1,178.902,8.546,179.795,-18.50,20.96,147.87,-17.99,-7.44,174.04,53.498,53.739,-35.4448,-0.2388,279.91,662.47,-33.1141,0.2919,,,0.20161,0
45.0411,16,18,4,2,251.25,700.20,capture,277.51,653.80,53.32,1,178.692,8.556,179.796,-18.54,20.96,148.19,-18.29,-7.74,174.44,53.578,53.832,-35.7774,0.4290,277.51,653.80,-34.3126,0.3536,,,0.22014,0
45.1394,16,18,4,2,251.25,700.20,capture,267.36,643.43,59.01,1,178.729,8.749,179.794,-18.60,20.76,148.17,-18.02,-8.12,174.38,53.549,53.793,-34.5956,-0.7696,267.36,643.43,-34.4399,-0.1519,,,0.16558,0
45.2288,16,18,4,2,251.25,700.20,capture,266.70,641.93,60.28,1,178.647,8.708,179.807,-18.66,20.79,147.72,-17.90,-8.20,174.22,53.603,53.939,-35.3105,-0.4349,266.70,641.93,-34.8317,-0.2792,,,0.20523,0
45.3221,16,18,4,2,251.25,700.20,capture,273.74,649.14,55.79,1,178.757,8.710,179.845,-18.64,20.85,147.66,-17.44,-7.95,173.91,53.443,53.688,-35.3953,-0.1183,273.74,649.14,-35.0853,-0.2068,,,0.19808,0
45.4126,16,18,4,2,251.25,700.20,capture,275.01,644.60,60.46,1,178.758,8.618,179.811,-18.54,20.86,147.40,-17.55,-7.71,173.89,53.360,53.740,-34.8529,-0.0548,275.01,644.60,-34.9807,-0.1384,,,0.22991,0
45.5232,16,18,4,2,251.25,700.20,capture,272.42,642.81,61.17,1,178.852,8.708,179.772,-18.47,20.87,147.65,-17.74,-7.63,174.03,53.384,53.894,-35.0222,0.1601,272.42,642.81,-34.9994,-0.0041,,,0.19752,0
45.6080,16,18,4,2,251.25,700.20,capture,285.02,645.99,63.87,1,178.868,8.795,179.781,-18.57,20.95,147.46,-18.03,-6.95,174.64,53.936,54.041,-34.9063,0.4362,285.02,645.99,-34.9575,0.1940,,,0.21661,0
45.7152,16,18,4,2,251.25,700.20,capture,266.12,668.19,35.30,1,178.942,8.809,179.797,-18.56,20.91,147.36,-17.59,-7.86,173.89,53.855,54.032,-36.0277,-0.7741,266.12,668.19,-35.4391,-0.2416,,,0.21635,0
45.7972,16,18,4,2,251.25,700.20,capture,224.31,656.61,51.24,1,179.072,8.673,179.795,-18.55,20.89,147.34,-18.38,-8.41,173.38,53.881,53.988,-35.6241,-2.4268,224.31,656.61,-35.5224,-1.2249,,,0.21597,0
45.9111,16,18,4,2,251.25,700.20,capture,263.50,654.01,47.79,1,178.863,8.746,179.780,-18.74,20.82,147.52,-17.88,-7.22,173.72,53.947,54.162,-35.3405,-0.1942,263.50,654.01,-35.4405,-0.7611,,,0.22285,0
45.9931,16,18,4,2,251.25,700.20,capture,286.50,645.54,65.04,1,178.805,8.823,179.818,-18.79,20.97,147.45,-18.09,-7.94,173.37,53.980,54.211,-35.0812,0.0373,286.50,645.54,-35.2788,-0.4018,,,0.20714,0
46.1045,16,18,4,2,251.25,700.20,capture,256.70,630.58,69.83,1,178.802,8.919,179.832,-18.69,21.12,147.21,-17.66,-7.07,173.01,53.803,54.279,-34.1021,-0.8514,256.70,630.58,-34.7493,-0.6041,,,0.23544,0
46.2204,16,18,4,2,251.25,700.20,capture,278.62,646.32,60.43,1,178.881,9.010,179.807,-18.69,21.19,147.12,-18.07,-7.32,173.67,53.516,54.075,-35.1804,0.0086,278.62,646.32,-34.9433,-0.3284,,,0.20351,0
46.3166,16,18,4,2,251.25,700.20,capture,264.64,626.39,75.01,1,178.832,9.016,179.840,-18.63,21.04,147.30,-18.30,-8.03,173.55,53.538,54.480,-34.0195,-0.3295,264.64,626.39,-34.5276,-0.3289,,,0.18105,0
46.4285,16,18,4,2,251.25,700.20,capture,275.50,623.44,80.50,1,178.842,9.003,179.866,-18.61,21.20,147.44,-18.36,-7.84,173.40,53.805,54.468,-33.8616,0.9131,275.50,623.44,-34.2279,0.2300,,,0.20917,0
46.5361,16,18,4,2,251.25,700.20,capture,260.38,655.08,46.03,1,178.789,8.982,179.874,-18.56,21.32,147.48,-18.54,-7.09,173.92,53.809,54.339,-34.0641,-0.9321,260.38,655.08,-34.1541,-0.2929,,,0.19786,0
46.6181,16,18,4,2,251.25,700.20,capture,242.68,685.83,16.73,1,178.846,9.030,179.834,-18.61,21.34,147.40,-18.36,-7.03,173.63,53.850,54.793,-36.4938,-1.6263,242.68,685.83,-35.2070,-0.8929,,,0.22429,0
46.7121,16,18,4,2,251.25,700.20,capture,244.98,653.70,46.92,1,178.925,9.123,179.820,-18.71,21.26,147.58,-17.78,-6.44,174.22,53.912,54.742,-34.9568,-2.0117,244.98,653.70,-35.0944,-1.3964,,,0.21149,0
46.8778,17,5,1,1,150.75,233.40,dwell,159.82,554.42,321.15,0,179.054,8.922,179.825,-18.67,21.14,147.50,-18.54,-6.79,173.55,53.901,54.822,-31.8575,-5.4566,159.82,554.42,-31.8575,-5.4566,,,0.21470,0
46.9744,17,5,1,1,150.75,233.40,dwell,247.08,476.91,261.87,0,179.018,8.799,179.822,-18.63,21.15,147.42,-18.18,-6.74,174.11,53.959,54.423,-27.8938,-1.4418,247.08,476.91,-30.0738,-3.6500,,,0.21224,0
47.0878,17,5,1,1,150.75,233.40,dwell,136.12,515.05,282.03,0,178.973,8.563,179.848,-18.71,21.08,147.43,-17.83,-7.84,173.97,53.988,54.827,-28.9684,-7.0229,136.12,515.05,-29.5764,-5.1678,,,0.22707,0
47.1794,17,5,1,1,150.75,233.40,dwell,175.71,439.45,207.56,0,178.997,8.505,179.865,-18.66,21.02,147.47,-18.46,-7.97,173.60,54.151,54.293,-26.8243,-3.9447,175.71,439.45,-28.3380,-4.6174,,,0.22963,0
47.2697,17,5,1,1,150.75,233.40,dwell,199.53,352.65,128.84,0,179.017,8.346,179.884,-18.69,20.96,147.35,-18.52,-7.39,173.30,54.310,53.721,-22.9755,-3.3210,199.53,352.65,-25.9249,-4.0340,,,0.24289,0
47.3755,17,5,1,1,150.75,233.40,dwell,123.09,364.70,134.18,0,179.001,8.392,179.858,-18.61,20.89,147.16,-18.19,-7.63,173.36,54.179,53.444,-23.3057,-7.4104,123.09,364.70,-24.7462,-5.5534,,,0.21050,0
47.4745,17,5,1,1,150.75,233.40,dwell,111.47,339.44,113.08,0,178.981,8.260,179.823,-18.61,20.79,146.96,-17.38,-7.26,173.54,54.342,53.820,-23.0427,-7.4315,111.47,339.44,-23.9796,-6.3985,,,0.21350,0
47.5928,17,5,1,1,150.75,233.40,dwell,151.69,264.98,31.59,1,179.012,8.289,179.812,-18.61,20.74,147.00,-18.31,-7.91,173.49,54.288,53.899,-20.1157,-6.0911,151.69,264.98,-22.2409,-6.2602,,,0.22039,0
47.7016,17,5,1,1,150.75,233.40,capture,105.77,233.83,44.98,1,178.987,8.118,179.808,-18.58,20.85,147.15,-17.88,-7.30,173.56,54.376,54.214,-18.8485,-8.0925,105.77,233.83,-20.7143,-7.0847,,,0.23739,0
47.8130,17,5,1,1,150.75,233.40,capture,118.31,254.22,38.55,1,179.016,8.151,179.805,-18.61,20.97,147.39,-18.44,-7.31,173.49,54.221,54.468,-18.3747,-6.8004,118.31,254.22,-19.6615,-6.9568,,,0.22516,0
47.9127,17,5,1,1,150.75,233.40,capture,103.41,242.91,48.29,1,178.948,8.102,179.809,-18.51,20.94,147.61,-18.02,-6.98,173.96,54.288,54.670,-20.0038,-8.2387,103.41,242.91,-19.8155,-7.5337,,,0.22106,0
47.9995,17,5,1,1,150.75,233.40,capture,119.66,249.82,35.16,1,178.879,8.109,179.805,-18.38,20.91,147.93,-17.37,-8.37,174.46,54.224,54.760,-18.0649,-6.7691,119.66,249.82,-19.0278,-7.1896,,,0.22516,0
48.1084,17,5,1,1,150.75,233.40,capture,112.11,250.06,42.08,1,178.699,8.034,179.830,-18.42,20.98,147.85,-17.85,-8.15,174.42,54.233,54.882,-19.5605,-7.3676,112.11,250.06,-19.2675,-7.2697,,,0.22812,0
48.2165,17,5,1,1,150.75,233.40,capture,102.48,247.10,50.18,1,178.663,8.149,179.828,-18.47,21.00,147.78,-18.35,-8.09,173.73,53.857,54.930,-19.3130,-8.6086,102.48,247.10,-19.2880,-7.8722,,,0.21744,0
48.3346,17,5,1,1,150.75,233.40,capture,107.55,253.38,47.60,1,178.715,8.047,179.836,-18.34,20.83,147.69,-17.80,-7.47,174.17,53.833,54.739,-18.9775,-8.2257,107.55,253.38,-19.1482,-8.0313,,,0.22952,0
48.4255,17,5,1,1,150.75,233.40,capture,107.84,237.07,43.07,1,178.664,8.139,179.819,-18.38,20.70,147.42,-18.02,-8.54,173.70,53.513,54.926,-18.2153,-7.4445,107.84,237.07,-18.7284,-7.7672,,,0.23117,0
48.5409,17,5,1,1,150.75,233.40,capture,100.77,247.41,51.91,1,178.697,8.164,179.803,-18.48,20.44,147.27,-18.15,-8.90,173.19,53.279,55.108,-18.9143,-7.6477,100.77,247.41,-18.8121,-7.7134,,,0.21148,0
48.6597,17,5,1,1,150.75,233.40,capture,140.27,258.89,27.56,1,178.589,7.963,179.783,-18.41,20.02,147.14,-17.52,-7.85,173.07,53.483,54.848,-19.3295,-5.7043,140.27,258.89,-19.0449,-6.8093,,,0.19563,0
48.7647,17,5,1,1,150.75,233.40,capture,109.99,230.31,40.88,1,178.640,8.015,179.784,-18.48,20.00,146.98,-18.02,-8.75,173.30,53.882,54.682,-19.4122,-7.3478,109.99,230.31,-19.2102,-7.0516,,,0.23237,0
48.8641,17,5,1,1,150.75,233.40,capture,118.58,232.89,32.17,1,178.716,8.106,179.774,-18.49,20.30,147.03,-17.96,-8.46,173.02,53.920,54.771,-19.5043,-7.6392,118.58,232.89,-19.3426,-7.3160,,,0.21651,0
48.9592,17,5,1,1,150.75,233.40,capture,146.54,235.90,4.90,1,178.728,8.146,179.795,-18.48,20.39,146.98,-17.88,-8.75,173.19,53.835,54.718,-20.4288,-6.1364,146.54,235.90,-19.8314,-6.7852,,,0.21261,0
49.0644,17,5,1,1,150.75,233.40,capture,126.41,223.57,26.25,1,178.809,8.189,179.820,-18.43,20.47,147.04,-17.63,-7.99,173.09,54.058,54.194,-18.6282,-6.3880,126.41,223.57,-19.2899,-6.6065,,,0.23329,0
49.1529,17,5,1,1,150.75,233.40,capture,113.87,251.59,41.12,1,178.803,8.170,179.805,-18.38,20.60,146.93,-17.82,-8.13,173.28,54.125,54.552,-19.3620,-7.5384,113.87,251.59,-19.3223,-7.0258,,,0.23832,0
49.2420,17,5,1,1,150.75,233.40,capture,114.62,254.43,41.80,1,178.947,8.012,179.811,-18.42,20.67,146.66,-17.84,-8.05,172.84,54.040,54.394,-20.6001,-7.5680,114.62,254.43,-19.8974,-7.2698,,,0.19778,0
49.3425,17,5,1,1,150.75,233.40,capture,96.84,254.89,58.04,0,178.877,7.993,179.813,-18.38,20.52,146.64,-17.87,-8.00,172.23,54.450,53.594,-19.6250,-7.6690,96.84,254.89,-19.7748,-7.4494,,,0.21896,0
49.4328,17,5,1,1,150.75,233.40,capture,116.93,222.11,35.65,1,178.872,7.920,179.825,-18.35,20.52,146.63,-17.99,-8.04,172.94,54.251,53.278,-19.3694,-8.3554,116.93,222.11,-19.5924,-7.8571,,,0.21428,0
49.5291,17,5,1,1,150.75,233.40,capture,110.29,257.00,46.84,1,178.899,7.904,179.809,-18.28,20.67,146.51,-17.54,-7.47,172.58,54.592,53.576,-20.1730,-6.7581,110.29,257.00,-19.8536,-7.3626,,,0.24787,0
49.6125,17,5,1,1,150.75,233.40,capture,111.76,230.41,39.10,1,178.785,7.843,179.813,-18.19,20.74,146.47,-17.72,-7.56,172.57,54.712,53.767,-18.9667,-8.0853,111.76,230.41,-19.4545,-7.6878,,,0.25816,0
49.8080,18,10,2,2,251.25,389.00,dwell,161.24,229.59,183.07,0,178.752,7.835,179.834,-18.32,20.70,146.56,-17.37,-7.69,172.61,54.516,54.223,-18.6244,-4.8356,161.24,229.59,-18.6244,-4.8356,,,0.24911,0
49.9286,18,10,2,2,251.25,389.00,dwell,204.24,259.92,137.37,0,178.659,7.835,179.807,-18.30,20.79,146.54,-17.29,-7.83,172.52,54.710,54.039,-19.3806,-3.0883,204.24,259.92,-18.9647,-4.0493,,,0.23450,0
50.0106,18,10,2,2,251.25,389.00,dwell,260.92,317.09,72.56,1,178.718,7.917,179.820,-18.44,20.80,146.87,-18.10,-6.60,173.08,54.677,53.809,-22.6831,-1.0589,260.92,317.09,-20.6380,-2.7036,,,0.22687,0
50.1026,18,10,2,2,251.25,389.00,dwell,150.54,315.13,124.90,0,178.763,7.985,179.843,-18.47,20.79,146.92,-18.10,-7.74,173.40,54.781,53.866,-22.4200,-5.7908,150.54,315.13,-21.4399,-4.0928,,,0.23208,0
50.2224,18,10,2,2,251.25,389.00,dwell,207.90,300.26,98.76,0,178.743,7.930,179.862,-18.53,20.64,146.81,-17.62,-8.45,172.86,54.537,53.869,-21.0952,-3.0749,207.90,300.26,-21.2848,-3.6348,,,0.23632,0
50.3282,18,10,2,2,251.25,389.00,dwell,222.55,435.42,54.58,1,178.838,8.073,179.881,-18.46,20.64,146.83,-18.35,-8.44,172.73,54.272,53.860,-27.0911,-2.8046,222.55,435.42,-23.8976,-3.2612,,,0.21280,0
50.4269,18,10,2,2,251.25,389.00,dwell,244.70,323.55,65.78,1,178.918,8.123,179.868,-18.37,20.56,146.93,-17.92,-6.94,173.09,54.352,54.329,-21.5842,-2.1821,244.70,323.55,-22.8566,-2.7756,,,0.22697,0
50.5378,18,10,2,2,251.25,389.00,dwell,235.83,349.01,42.86,1,178.910,8.162,179.851,-18.43,20.46,146.91,-18.09,-8.60,172.68,54.379,53.990,-23.7548,-1.4453,235.83,349.01,-23.2608,-2.1770,,,0.20728,0
50.6248,18,10,2,2,251.25,389.00,dwell,228.61,352.67,42.81,1,178.820,8.131,179.822,-18.31,20.49,147.13,-18.10,-8.64,173.05,54.120,54.147,-23.2430,-2.1976,228.61,352.67,-23.2528,-2.1863,,,0.23929,0
50.7284,18,10,2,2,251.25,389.00,capture,230.36,401.53,24.36,1,178.906,8.096,179.840,-18.21,20.38,147.21,-17.84,-8.01,173.48,54.082,54.319,-25.3376,-2.3098,230.36,401.53,-24.1909,-2.2418,,,0.22650,0
50.8302,18,10,2,2,251.25,389.00,capture,234.52,385.36,17.12,1,178.958,8.229,179.834,-18.18,20.51,147.36,-17.99,-8.10,173.84,53.725,53.830,-25.2910,-1.3779,234.52,385.36,-24.6860,-1.8531,,,0.22432,0
50.9178,18,10,2,2,251.25,389.00,capture,203.32,380.78,48.63,1,178.926,8.243,179.864,-18.17,20.53,147.65,-18.06,-6.88,174.52,53.468,53.749,-24.8424,-4.0064,203.32,380.78,-24.7564,-2.8221,,,0.21977,0
51.0376,18,10,2,2,251.25,389.00,capture,232.33,367.73,28.47,1,178.946,8.261,179.878,-18.20,20.71,147.36,-17.87,-7.45,173.41,54.117,53.983,-24.2430,-1.4741,232.33,367.73,-24.5254,-2.2155,,,0.23101,0
51.1273,18,10,2,2,251.25,389.00,capture,233.53,376.27,21.82,1,179.003,8.316,179.872,-18.21,20.78,147.36,-18.07,-7.77,173.87,54.275,54.013,-24.7254,-2.2245,233.53,376.27,-24.6154,-2.2195,,,0.24044,0
51.2272,18,10,2,2,251.25,389.00,capture,236.74,393.91,15.32,1,178.793,8.356,179.866,-18.23,20.73,147.23,-17.28,-8.52,173.21,54.164,54.170,-25.6959,-2.0258,236.74,393.91,-25.1016,-2.1323,,,0.22901,0
51.3389,18,10,2,2,251.25,389.00,capture,230.53,380.41,22.43,1,178.886,8.363,179.911,-18.23,20.82,147.59,-17.53,-7.72,174.51,54.119,54.370,-25.0812,-2.0785,230.53,380.41,-25.0924,-2.1081,,,0.22233,0
51.4299,18,10,2,2,251.25,389.00,capture,249.90,364.91,24.13,1,178.888,8.349,179.889,-18.28,20.89,147.69,-17.46,-6.70,174.18,53.897,53.871,-23.5649,-1.6032,249.90,364.91,-24.4051,-1.8809,,,0.21118,0
51.5176,18,10,2,2,251.25,389.00,capture,245.08,372.29,17.81,1,178.800,8.421,179.870,-18.17,20.71,147.58,-18.01,-8.05,173.65,53.612,54.189,-25.0029,-2.2223,245.08,372.29,-24.6741,-2.0345,,,0.18168,0
51.6123,18,10,2,2,251.25,389.00,capture,233.49,373.10,23.84,1,178.893,8.226,179.871,-18.18,20.87,147.50,-16.71,-7.67,174.00,53.361,53.966,-25.1052,-2.3334,233.49,373.10,-24.8681,-2.1690,,,0.21336,0
51.7170,18,10,2,2,251.25,389.00,capture,247.66,376.19,13.30,1,178.860,8.412,179.886,-18.18,20.71,147.66,-18.32,-7.05,173.37,53.202,54.115,-24.6261,-1.3685,247.66,376.19,-24.7592,-1.8088,,,0.20718,0
51.8037,18,10,2,2,251.25,389.00,capture,223.89,374.60,30.92,1,178.810,8.299,179.864,-18.06,20.73,147.53,-17.17,-8.27,173.48,53.319,53.582,-24.6981,-2.1247,223.89,374.60,-24.7317,-1.9509,,,0.19871,0
51.9046,18,10,2,2,251.25,389.00,capture,218.79,369.34,37.95,1,178.737,8.219,179.863,-18.18,20.60,147.52,-18.08,-7.14,173.96,53.471,53.737,-23.3956,-2.6945,218.79,369.34,-24.1305,-2.2855,,,0.21192,0
51.9866,18,10,2,2,251.25,389.00,capture,237.68,368.34,24.72,1,178.707,8.231,179.847,-18.18,20.61,147.28,-17.88,-7.88,172.95,53.384,54.234,-23.8923,-1.9130,237.68,368.34,-24.0233,-2.1179,,,0.19766,0
52.0915,18,10,2,2,251.25,389.00,capture,235.67,381.68,17.21,1,178.772,8.182,179.845,-18.21,20.34,147.04,-17.91,-8.38,173.09,53.520,54.245,-24.6405,-1.8997,235.67,381.68,-24.3010,-2.0197,,,0.19246,0
52.2045,18,10,2,2,251.25,389.00,capture,228.14,391.56,23.25,1,178.827,8.270,179.868,-18.20,20.39,147.09,-17.54,-8.76,173.39,53.607,54.274,-24.7568,-2.2969,228.14,391.56,-24.5061,-2.1444,,,0.23490,0
52.3095,18,10,2,2,251.25,389.00,capture,231.47,388.93,19.78,1,178.850,8.287,179.868,-18.19,20.28,146.77,-17.64,-8.88,172.92,53.864,53.968,-25.7156,-2.5467,231.47,388.93,-25.0504,-2.3254,,,0.20223,0
52.4071,18,10,2,2,251.25,389.00,capture,233.95,395.38,18.44,1,178.943,8.180,179.868,-18.26,20.29,146.86,-17.78,-7.74,172.74,54.028,53.776,-24.9991,-1.6693,233.95,395.38,-25.0273,-2.0302,,,0.21726,0
52.4942,18,10,2,2,251.25,389.00,capture,233.90,395.05,18.37,1,178.985,8.270,179.878,-18.18,20.34,146.96,-17.85,-8.30,173.17,53.937,54.035,-25.2630,-1.9023,233.90,395.05,-25.1334,-1.9726,,,0.18918,0
52.5906,18,10,2,2,251.25,389.00,capture,238.63,401.44,17.72,1,178.961,8.170,179.863,-18.08,20.40,147.00,-17.84,-8.98,172.74,53.986,53.984,-25.4901,-2.6048,238.63,401.44,-25.2939,-2.2571,,,0.22768,0
52.7773,19,17,4,1,150.75,700.20,dwell,122.63,466.37,235.51,0,179.037,8.346,179.863,-18.08,20.53,147.15,-17.91,-7.73,173.32,53.835,53.947,-28.1951,-7.4192,122.63,466.37,-28.1951,-7.4192,,,0.20886,0
52.8913,19,17,4,1,150.75,700.20,dwell,197.46,624.51,88.94,1,179.006,8.675,179.872,-18.10,20.36,147.34,-18.45,-7.82,173.82,54.011,54.050,-34.1416,-3.7684,197.46,624.51,-30.8711,-5.7763,,,0.23568,0
53.0041,19,17,4,1,150.75,700.20,dwell,186.39,391.87,310.38,0,179.001,8.633,179.894,-18.10,20.40,147.20,-17.59,-8.38,173.29,53.814,54.686,-26.3289,-4.4534,186.39,391.87,-28.8271,-5.1810,,,0.21234,0
53.0931,19,17,4,1,150.75,700.20,dwell,148.23,475.87,224.34,0,178.999,8.594,179.863,-18.15,20.43,147.31,-17.97,-8.06,173.61,53.642,54.351,-29.0822,-6.3496,148.23,475.87,-28.9419,-5.7069,,,0.20484,0
53.1900,19,17,4,1,150.75,700.20,dwell,172.10,557.55,144.24,0,179.062,8.553,179.839,-18.08,20.73,147.12,-17.52,-7.19,173.01,53.612,54.546,-30.6951,-5.2185,172.10,557.55,-29.7308,-5.4871,,,0.19136,0
53.2889,19,17,4,1,150.75,700.20,dwell,135.98,552.59,148.35,0,178.980,8.589,179.837,-18.06,20.74,146.82,-17.46,-7.33,173.16,53.689,54.102,-30.9019,-6.7749,135.98,552.59,-30.2578,-6.0666,,,0.21791,0
53.3709,19,17,4,1,150.75,700.20,dwell,157.01,431.75,268.52,0,178.898,8.612,179.864,-18.06,20.68,147.07,-17.16,-7.84,173.13,53.464,54.405,-25.6875,-5.5198,157.01,431.75,-28.2012,-5.8206,,,0.20795,0
53.4829,19,17,4,1,150.75,700.20,dwell,100.96,561.91,146.98,0,178.970,8.479,179.835,-18.03,20.67,146.93,-17.31,-8.17,173.45,53.469,54.183,-32.2848,-8.5884,100.96,561.91,-30.0388,-7.0661,,,0.20724,0
53.5770,19,17,4,1,150.75,700.20,dwell,61.86,608.68,127.58,0,178.899,8.578,179.843,-18.18,20.62,147.02,-17.56,-8.12,173.37,53.587,54.533,-33.3605,-10.5686,61.86,608.68,-31.5336,-8.6422,,,0.23279,0
53.6673,19,17,4,1,150.75,700.20,dwell,29.60,582.39,168.99,0,178.981,8.774,179.847,-18.08,20.93,147.28,-17.50,-7.66,173.87,53.763,54.390,-32.2289,-11.2314,29.60,582.39,-31.8465,-9.8074,,,0.23406,0
53.7609,19,17,4,1,150.75,700.20,dwell,77.32,638.64,95.82,0,178.890,8.698,179.827,-18.04,20.57,147.34,-17.40,-7.74,173.80,53.598,54.218,-35.2725,-9.3536,77.32,638.64,-33.3882,-9.6032,,,0.20923,0
53.8561,19,17,4,1,150.75,700.20,capture,63.72,656.25,97.50,0,178.888,8.808,179.853,-18.02,20.85,147.00,-17.25,-7.80,173.22,53.574,54.448,-34.9926,-9.5189,63.72,656.25,-34.1102,-9.5653,,,0.20763,0
53.9705,19,17,4,1,150.75,700.20,capture,67.85,635.31,105.28,0,178.969,8.638,179.843,-18.09,21.04,146.91,-18.18,-7.94,173.20,53.914,54.475,-35.1262,-9.9532,67.85,635.31,-34.5674,-9.7398,,,0.23521,0
54.0732,19,17,4,1,150.75,700.20,capture,68.96,623.50,112.13,0,178.844,8.571,179.836,-18.12,20.88,147.15,-18.15,-7.82,173.08,53.984,54.591,-33.4165,-9.0031,68.96,623.50,-34.0495,-9.4083,,,0.21298,0
54.1629,19,17,4,1,150.75,700.20,capture,58.65,622.15,120.72,0,178.753,8.648,179.837,-18.26,20.90,147.16,-18.27,-7.11,173.42,54.019,54.833,-33.8922,-9.3029,58.65,622.15,-33.9787,-9.3609,,,0.22869,0
54.2629,19,17,4,1,150.75,700.20,capture,77.07,635.95,97.76,0,178.781,8.697,179.855,-18.18,20.73,147.09,-17.34,-7.81,173.02,54.065,54.606,-33.9257,-9.4540,77.07,635.95,-33.9548,-9.4028,,,0.20828,0
54.3540,19,17,4,1,150.75,700.20,capture,40.53,629.49,130.95,0,178.838,8.651,179.844,-18.17,20.75,146.91,-17.83,-7.65,173.08,53.836,54.213,-33.7240,-11.4460,40.53,629.49,-33.8510,-10.3223,,,0.19274,0
54.4523,19,17,4,1,150.75,700.20,capture,57.63,631.89,115.49,0,178.804,8.771,179.835,-18.27,20.70,146.90,-18.57,-7.57,173.00,53.783,54.068,-33.9363,-10.4062,57.63,631.89,-33.8894,-10.3600,,,0.23827,0
54.5501,19,17,4,1,150.75,700.20,capture,50.87,643.49,114.86,0,178.629,8.783,179.839,-18.31,20.73,146.91,-17.62,-8.82,172.60,53.812,54.244,-34.3501,-10.2330,50.87,643.49,-34.0967,-10.3029,,,0.21550,0
54.6572,19,17,4,1,150.75,700.20,capture,66.02,651.56,97.70,0,178.577,8.863,179.850,-18.41,20.54,147.05,-18.35,-8.09,172.97,53.180,54.328,-35.1819,-9.7313,66.02,651.56,-34.5851,-10.0457,,,0.18725,0
54.7522,19,17,4,1,150.75,700.20,capture,60.11,633.87,112.32,0,178.571,8.760,179.852,-18.32,20.44,147.02,-17.87,-8.27,173.48,53.175,54.129,-34.4021,-9.7439,60.11,633.87,-34.5027,-9.9099,,,0.18590,0
54.8508,19,17,4,1,150.75,700.20,capture,68.29,641.64,101.14,0,178.554,8.733,179.822,-18.26,20.44,146.92,-17.89,-7.80,173.06,53.228,54.321,-34.0588,-9.3552,68.29,641.64,-34.3029,-9.6603,,,0.19571,0
54.9484,19,17,4,1,150.75,700.20,capture,62.38,626.37,115.15,0,178.541,8.887,179.817,-18.24,20.32,147.02,-18.44,-9.06,173.30,53.229,54.366,-34.1721,-10.1565,62.38,626.37,-34.2441,-9.8836,,,0.18763,0
55.0520,19,17,4,1,150.75,700.20,capture,63.88,625.97,114.26,0,178.499,8.805,179.835,-18.26,20.32,146.50,-18.01,-7.91,172.49,53.527,54.170,-33.8673,-9.7798,63.88,625.97,-34.0745,-9.8369,,,0.21051,0
55.1593,19,17,4,1,150.75,700.20,capture,57.53,652.28,104.82,0,178.585,8.996,179.855,-18.21,20.48,146.43,-17.51,-8.09,172.76,53.293,54.041,-35.4934,-10.8472,57.53,652.28,-34.7130,-10.2915,,,0.19377,0
55.2516,19,17,4,1,150.75,700.20,capture,56.93,619.62,123.67,0,178.635,8.895,179.851,-18.17,20.33,146.57,-17.62,-8.48,173.14,53.562,54.481,-34.2142,-10.5273,56.93,619.62,-34.4885,-10.3976,,,0.19047,0
55.3443,19,17,4,1,150.75,700.20,capture,76.97,646.40,91.31,0,178.647,8.812,179.858,-18.17,20.34,146.52,-17.33,-8.09,172.78,53.597,54.743,-34.9805,-8.8435,76.97,646.40,-34.7099,-9.6983,,,0.21092,0
55.4618,19,17,4,1,150.75,700.20,capture,46.61,649.49,115.83,0,178.678,8.877,179.849,-18.14,20.52,146.55,-17.63,-7.63,172.28,53.359,54.798,-36.2464,-10.8663,46.61,649.49,-35.4013,-10.2239,,,0.17178,0
55.5526,19,17,4,1,150.75,700.20,capture,77.24,656.08,85.73,0,178.818,8.778,179.855,-17.99,20.50,146.53,-17.99,-7.66,172.73,53.755,55.135,-35.4873,-8.9471,77.24,656.08,-35.4400,-9.6494,,,0.20615,0
55.7741,20,7,1,3,351.75,233.40,dwell,132.34,614.29,439.57,0,178.830,8.628,179.866,-18.11,20.48,146.85,-17.99,-8.25,172.74,53.990,54.843,-34.0628,-6.8862,132.34,614.29,-34.0628,-6.8862,,,0.21350,0
55.8709,20,7,1,3,351.75,233.40,dwell,263.43,522.46,302.25,0,178.817,8.425,179.879,-18.01,20.54,146.65,-18.02,-7.36,173.27,54.008,54.588,-29.9417,-0.4603,263.43,522.46,-32.2083,-3.9945,,,0.21560,0
55.9649,20,7,1,3,351.75,233.40,dwell,158.27,460.42,298.28,0,178.829,8.361,179.863,-18.11,20.53,146.80,-17.40,-7.51,172.57,54.078,54.528,-28.7815,-5.1675,158.27,460.42,-30.6662,-4.5223,,,0.20773,0
56.0514,20,7,1,3,351.75,233.40,dwell,157.56,447.50,289.05,0,178.776,8.263,179.858,-18.14,20.53,146.80,-17.54,-8.05,172.76,54.038,54.479,-27.6761,-5.5882,157.56,447.50,-29.3207,-5.0020,,,0.21637,0
56.1334,20,7,1,3,351.75,233.40,dwell,260.39,408.95,197.90,0,178.668,8.225,179.878,-18.25,20.57,147.22,-17.35,-8.12,172.98,54.095,54.445,-25.0366,-1.3490,260.39,408.95,-27.3928,-3.3581,,,0.23171,0
56.2287,20,7,1,3,351.75,233.40,dwell,321.40,268.65,46.52,1,178.639,8.064,179.880,-18.24,20.29,147.27,-18.06,-8.55,173.32,53.920,54.255,-20.1617,1.7569,321.40,268.65,-24.1388,-1.0564,,,0.22078,0
56.3173,20,7,1,3,351.75,233.40,dwell,266.67,301.28,108.84,0,178.656,8.042,179.896,-18.24,20.17,147.22,-17.87,-9.21,173.36,53.586,54.349,-22.3613,-0.5284,266.67,301.28,-23.3389,-0.8188,,,0.22952,0
56.4284,20,7,1,3,351.75,233.40,dwell,310.29,186.05,62.94,1,178.680,8.007,179.896,-18.37,20.17,147.30,-18.24,-7.86,173.27,53.578,54.328,-16.9124,1.4744,310.29,186.05,-20.4470,0.2131,,,0.16675,0
56.5291,20,7,1,3,351.75,233.40,dwell,350.91,191.77,41.64,1,178.647,7.960,179.885,-18.25,20.13,147.12,-17.96,-8.68,173.52,53.609,53.979,-16.9025,3.1309,350.91,191.77,-18.8520,1.5261,,,0.23695,0
56.6488,20,7,1,3,351.75,233.40,capture,357.44,144.01,89.57,0,178.737,8.050,179.836,-18.30,20.24,146.80,-17.90,-8.34,173.26,53.632,53.780,-16.0187,4.2856,357.44,144.01,-17.5770,2.7679,,,0.20132,0
56.7404,20,7,1,3,351.75,233.40,capture,343.22,154.81,79.05,0,178.980,7.979,179.884,-18.40,20.13,147.01,-17.98,-8.44,173.61,53.637,53.494,-16.2928,2.8626,343.22,154.81,-16.9991,2.8105,,,0.21462,0
56.8284,20,7,1,3,351.75,233.40,capture,374.01,128.29,107.44,0,178.875,7.950,179.903,-18.47,20.27,147.18,-17.80,-7.77,173.56,53.501,53.539,-14.7637,4.5920,374.01,128.29,-15.9932,3.6122,,,0.19537,0
56.9389,20,7,1,3,351.75,233.40,capture,361.38,139.07,94.82,0,179.061,7.927,179.927,-18.38,20.10,147.20,-17.71,-8.67,173.23,53.747,54.133,-15.9513,4.0108,361.38,139.07,-15.9743,3.7916,,,0.22091,0
57.0421,20,7,1,3,351.75,233.40,capture,352.45,148.53,84.87,0,179.027,8.032,179.935,-18.43,20.01,147.45,-17.97,-8.46,174.23,53.534,54.237,-14.4521,3.1249,352.45,148.53,-15.2893,3.4916,,,0.19243,0
57.1525,20,7,1,3,351.75,233.40,capture,354.20,133.80,99.63,0,179.042,8.145,179.910,-18.46,19.88,147.39,-18.11,-8.98,173.21,53.829,54.368,-14.6517,3.7449,354.20,133.80,-15.0024,3.6056,,,0.22853,0
57.2397,20,7,1,3,351.75,233.40,capture,387.06,128.92,110.29,0,178.980,8.139,179.907,-18.52,19.75,147.53,-17.80,-8.38,173.59,53.765,54.110,-14.9473,5.2002,387.06,128.92,-14.9776,4.3232,,,0.19440,0
57.3451,20,7,1,3,351.75,233.40,capture,373.42,116.53,118.86,0,178.888,8.177,179.900,-18.48,19.90,147.45,-18.46,-8.06,173.91,53.979,54.320,-14.4770,4.4486,373.42,116.53,-14.7523,4.3796,,,0.19811,0
57.4490,20,7,1,3,351.75,233.40,capture,365.75,157.83,76.86,1,178.867,8.224,179.859,-18.46,20.13,147.42,-17.66,-8.25,173.92,54.071,54.695,-15.9564,3.6504,365.75,157.83,-15.2941,4.0515,,,0.22054,0
57.5560,20,7,1,3,351.75,233.40,capture,345.12,127.45,106.16,0,178.905,8.158,179.888,-18.36,20.13,147.32,-17.62,-8.71,173.84,54.169,54.508,-14.9083,3.2766,345.12,127.45,-15.1205,3.7028,,,0.22556,0
57.6528,20,7,1,3,351.75,233.40,capture,359.33,94.69,138.92,0,178.870,8.163,179.852,-18.36,20.18,147.52,-17.34,-7.65,173.91,54.341,54.376,-14.1126,4.5293,359.33,94.69,-14.6669,4.0747,,,0.20464,0
57.7555,20,7,1,3,351.75,233.40,capture,352.77,125.52,107.88,0,178.728,8.297,179.835,-18.48,20.13,147.69,-18.39,-8.76,174.43,54.176,54.618,-13.9861,3.4958,352.77,125.52,-14.3606,3.8142,,,0.22889,0
57.8569,20,7,1,3,351.75,233.40,capture,367.04,121.89,112.55,0,178.830,8.289,179.841,-18.37,20.16,147.45,-18.22,-8.49,173.57,54.162,54.653,-14.1763,3.9566,367.04,121.89,-14.2776,3.8783,,,0.21786,0
57.9472,20,7,1,3,351.75,233.40,capture,373.59,166.34,70.53,1,178.729,8.243,179.839,-18.31,20.28,147.58,-17.92,-8.18,173.96,53.966,54.302,-16.6655,4.4691,373.59,166.34,-15.3522,4.1442,,,0.21699,0
58.0423,20,7,1,3,351.75,233.40,capture,369.70,144.98,90.22,0,178.638,8.288,179.854,-18.38,20.34,147.62,-17.52,-7.62,174.00,53.641,54.481,-15.7557,4.0234,369.70,144.98,-15.5338,4.0898,,,0.21249,0
58.1467,20,7,1,3,351.75,233.40,capture,355.07,158.51,74.96,1,178.682,8.236,179.836,-18.30,20.28,147.50,-17.37,-8.35,173.79,53.994,55.013,-15.4216,4.3314,355.07,158.51,-15.4833,4.1985,,,0.23398,0
58.2512,20,7,1,3,351.75,233.40,capture,353.83,143.78,89.64,0,178.704,8.106,179.835,-18.16,20.44,147.34,-17.65,-7.57,173.80,53.934,54.487,-14.3751,3.4500,353.83,143.78,-14.9846,3.8617,,,0.18766,0
58.3489,20,7,1,3,351.75,233.40,capture,358.52,145.93,87.73,0,178.740,8.056,179.800,-18.17,20.36,147.40,-17.62,-7.91,173.58,53.873,53.903,-15.3329,4.4145,358.52,145.93,-15.1413,4.1104,,,0.21516,0
58.4574,20,7,1,3,351.75,233.40,capture,352.09,146.09,87.31,0,178.803,7.978,179.802,-18.23,20.34,147.30,-17.26,-8.13,173.67,53.876,53.591,-14.9464,3.3906,352.09,146.09,-15.0536,3.7865,,,0.22701,0
58.5582,20,7,1,3,351.75,233.40,capture,362.42,141.22,92.80,0,178.700,8.074,179.832,-18.22,20.32,147.34,-17.80,-7.04,173.52,53.506,53.335,-15.7920,3.6910,362.42,141.22,-15.3859,3.7435,,,0.18916,0
