t_s,trial,cell_idx,row,col,target_x,target_y,phase,pred_x,pred_y,err_pt,in_cell,head_yaw_deg,head_pitch_deg,head_roll_deg,head_tx_mm,head_ty_mm,head_tz_mm,eye_cam_x_mm,eye_cam_y_mm,eye_cam_z_mm,pupil_left_px,pupil_right_px,raw_pitch_deg,raw_yaw_deg,raw_pred_x,raw_pred_y,filt_pitch_deg,filt_yaw_deg,filt_pred_x,filt_pred_y,ear,blink_held
0.0271,1,10,2,2,251.25,389.00,dwell,328.96,446.33,96.57,0,178.833,8.393,179.819,-17.64,20.28,147.40,-17.87,-8.17,173.56,53.210,52.794,-26.2042,2.2307,328.96,446.33,-26.2042,2.2307,,,0.21259,0
0.1310,1,10,2,2,251.25,389.00,dwell,298.00,273.19,124.89,0,178.738,8.291,179.827,-17.59,20.32,147.38,-17.21,-8.14,173.32,53.180,53.609,-20.3788,1.0376,298.00,273.19,-23.5828,1.6938,,,0.17706,0
0.2332,1,10,2,2,251.25,389.00,dwell,123.02,349.14,134.28,0,178.730,8.282,179.869,-17.55,20.31,147.44,-17.23,-8.57,173.82,53.501,53.387,-23.8505,-7.3701,123.02,349.14,-23.7033,-2.3849,,,0.21332,0
0.3546,1,10,2,2,251.25,389.00,dwell,252.29,398.82,9.87,1,178.733,8.101,179.845,-17.61,20.55,147.45,-17.51,-8.65,173.83,53.686,53.560,-25.7664,-1.0942,252.29,398.82,-24.6317,-1.8041,,,0.21557,0
0.4394,1,10,2,2,251.25,389.00,dwell,198.22,383.46,53.32,0,178.748,8.113,179.841,-17.43,20.50,147.56,-17.16,-7.92,173.48,53.609,53.459,-24.6139,-3.8496,198.22,383.46,-24.6237,-2.7246,,,0.21907,0
0.5497,1,10,2,2,251.25,389.00,dwell,243.90,421.89,33.70,1,178.794,8.141,179.826,-17.58,20.56,147.52,-17.07,-7.95,174.17,53.557,53.561,-25.4022,-1.8190,243.90,421.89,-24.9740,-2.3171,,,0.19591,0
0.6453,1,10,2,2,251.25,389.00,dwell,291.62,470.07,90.57,0,178.834,8.245,179.811,-17.66,20.64,147.59,-17.39,-7.18,173.78,53.331,53.750,-27.5894,0.9104,291.62,470.07,-26.1510,-0.8647,,,0.22200,0
0.7624,1,10,2,2,251.25,389.00,dwell,288.26,428.36,54.03,1,178.818,8.112,179.798,-17.80,20.73,147.66,-17.52,-7.95,174.03,53.474,53.877,-26.9005,0.2297,288.26,428.36,-26.4883,-0.3722,,,0.21666,0
0.8591,1,10,2,2,251.25,389.00,capture,267.87,450.75,63.95,1,178.977,8.139,179.812,-17.90,20.93,147.84,-17.12,-7.01,174.27,53.549,53.936,-27.1498,-0.3780,267.87,450.75,-26.7860,-0.3748,,,0.20785,0
0.9724,1,10,2,2,251.25,389.00,capture,254.84,472.58,83.66,0,179.048,8.042,179.808,-17.87,20.90,147.73,-17.33,-7.72,174.18,53.574,54.133,-29.1984,-1.2854,254.84,472.58,-27.8716,-0.7846,,,0.22946,0
1.0696,1,10,2,2,251.25,389.00,capture,267.61,448.12,61.34,1,179.083,7.991,179.805,-17.99,20.91,147.80,-18.19,-7.71,174.21,53.696,54.320,-27.4746,0.0211,267.61,448.12,-27.6929,-0.4220,,,0.20085,0
1.1718,1,10,2,2,251.25,389.00,capture,265.83,483.42,95.54,0,178.988,7.900,179.801,-18.06,20.96,147.63,-17.09,-8.23,174.11,53.903,54.162,-28.4865,-0.3738,265.83,483.42,-28.0500,-0.4003,,,0.19822,0
1.2710,1,10,2,2,251.25,389.00,capture,270.33,439.12,53.63,1,178.997,7.881,179.820,-18.02,20.92,147.52,-17.49,-8.10,173.94,53.911,54.520,-26.7079,-0.6938,270.33,439.12,-27.4461,-0.5324,,,0.20632,0
1.3715,1,10,2,2,251.25,389.00,capture,267.07,447.65,60.75,1,178.937,7.763,179.827,-18.11,20.91,147.50,-17.62,-7.51,174.05,53.699,54.127,-26.9650,-0.9064,267.07,447.65,-27.2296,-0.7007,,,0.22208,0
1.4826,1,10,2,2,251.25,389.00,capture,272.18,445.79,60.52,1,178.909,7.770,179.823,-18.27,20.73,147.29,-18.07,-8.46,173.96,53.683,54.039,-28.4045,-0.3365,272.18,445.79,-27.7583,-0.5368,,,0.22841,0
1.5698,1,10,2,2,251.25,389.00,capture,282.36,481.26,97.36,0,178.945,7.899,179.806,-18.26,20.69,147.23,-17.97,-7.51,173.65,53.874,53.793,-28.2500,0.4029,282.36,481.26,-27.9796,-0.1139,,,0.21520,0
1.6518,1,10,2,2,251.25,389.00,capture,270.20,447.64,61.63,1,179.028,8.013,179.762,-18.17,20.71,147.05,-17.78,-8.32,173.53,53.585,53.896,-27.0836,-0.2722,270.20,447.64,-27.5764,-0.1851,,,0.22139,0
1.7338,1,10,2,2,251.25,389.00,capture,282.71,456.61,74.57,1,179.005,8.360,179.798,-18.05,20.69,147.19,-17.48,-8.11,173.58,53.483,54.322,-28.0685,0.0511,282.71,456.61,-27.7978,-0.0788,,,0.19569,0
1.8165,1,10,2,2,251.25,389.00,capture,301.78,429.13,64.53,0,178.951,8.267,179.851,-18.04,20.64,147.16,-17.65,-7.75,173.46,53.204,54.033,-26.1846,1.1661,301.78,429.13,-27.0719,0.4814,,,0.21706,0
1.8985,1,10,2,2,251.25,389.00,capture,290.92,453.38,75.62,1,179.105,8.282,179.896,-18.08,20.56,147.17,-17.67,-8.23,173.54,53.078,54.114,-27.8171,1.0748,290.92,453.38,-27.4072,0.7484,,,0.18182,0
2.0008,1,10,2,2,251.25,389.00,capture,290.04,453.34,75.13,1,179.014,8.295,179.907,-17.98,20.50,147.43,-17.30,-8.72,173.89,53.381,53.951,-26.5186,1.5120,290.04,453.34,-27.0074,1.0920,,,0.20338,0
2.1059,1,10,2,2,251.25,389.00,capture,258.94,443.92,55.46,1,179.008,8.335,179.917,-18.07,20.41,147.43,-17.61,-8.24,173.43,53.733,53.967,-26.4737,-0.8401,258.94,443.92,-26.7672,0.2226,,,0.20834,0
2.2136,1,10,2,2,251.25,389.00,capture,265.22,440.79,53.64,1,179.019,8.422,179.887,-18.17,20.25,147.50,-17.63,-7.09,173.42,54.101,54.620,-26.4538,-1.4822,265.22,440.79,-26.6262,-0.5446,,,0.22620,0
2.3024,1,10,2,2,251.25,389.00,capture,269.38,456.15,69.55,1,179.097,8.510,179.884,-18.13,20.20,147.80,-17.71,-8.11,173.88,53.636,54.495,-28.6814,-0.0223,269.38,456.15,-27.5511,-0.3096,,,0.18824,0
2.3979,1,10,2,2,251.25,389.00,capture,277.13,464.65,79.95,1,179.176,8.345,179.894,-18.18,20.24,147.97,-18.01,-8.67,174.67,53.657,54.968,-27.8697,0.3221,277.13,464.65,-27.6944,-0.0253,,,0.23253,0
2.5008,1,10,2,2,251.25,389.00,capture,297.72,454.34,80.18,1,179.162,8.276,179.898,-18.17,20.25,147.90,-17.97,-8.15,174.65,53.771,54.721,-27.6869,1.3476,297.72,454.34,-27.6910,0.5925,,,0.22669,0
2.5948,1,10,2,2,251.25,389.00,capture,293.71,482.46,102.65,0,179.071,8.322,179.880,-18.17,20.50,148.04,-17.25,-7.52,174.54,53.667,54.875,-28.4865,1.0437,293.71,482.46,-28.0490,0.7955,,,0.22645,0
2.6948,1,10,2,2,251.25,389.00,capture,271.96,475.50,88.94,0,179.103,8.359,179.856,-18.04,20.66,147.97,-18.01,-7.61,174.40,53.442,54.641,-29.1476,-1.3367,271.96,475.50,-28.5434,-0.1640,,,0.20907,0
2.8937,2,9,2,1,150.75,389.00,dwell,150.18,266.57,122.43,0,178.976,8.439,179.859,-18.11,20.57,147.76,-17.55,-7.35,174.17,53.478,54.603,-19.5604,-5.8680,150.18,266.57,-19.5604,-5.8680,,,0.17699,0
2.9831,2,9,2,1,150.75,389.00,dwell,321.04,394.66,170.38,0,179.031,8.238,179.851,-17.99,20.56,147.61,-17.22,-7.46,173.69,53.529,54.283,-25.1937,1.5983,321.04,394.66,-22.0954,-2.5081,,,0.22325,0
3.0917,2,9,2,1,150.75,389.00,dwell,193.09,446.64,71.52,1,178.986,8.192,179.847,-17.97,20.45,147.40,-17.17,-8.60,173.75,53.793,54.263,-27.5826,-3.3276,193.09,446.64,-24.5646,-2.8769,,,0.22996,0
3.1901,2,9,2,1,150.75,389.00,dwell,209.01,438.89,76.70,0,178.961,8.251,179.826,-18.09,20.51,147.75,-18.03,-7.42,174.40,53.959,54.225,-26.6008,-3.1380,209.01,438.89,-25.4809,-2.9944,,,0.21777,0
3.2721,2,9,2,1,150.75,389.00,dwell,238.29,414.90,91.29,0,179.012,8.312,179.816,-18.03,20.37,147.69,-17.63,-7.29,173.91,53.581,54.019,-25.7152,-1.8998,238.29,414.90,-25.5863,-2.5018,,,0.21731,0
3.3737,2,9,2,1,150.75,389.00,dwell,176.31,430.89,49.07,1,179.061,8.460,179.785,-18.14,20.49,147.53,-17.93,-8.18,173.64,53.416,53.974,-27.5226,-4.2931,176.31,430.89,-26.4577,-3.3079,,,0.20597,0
3.4557,2,9,2,1,150.75,389.00,dwell,218.63,407.01,70.23,0,179.003,8.398,179.790,-18.07,20.42,147.79,-17.87,-9.01,174.06,53.733,53.970,-25.5578,-1.8134,218.63,407.01,-26.0527,-2.6353,,,0.21414,0
3.5524,2,9,2,1,150.75,389.00,dwell,252.36,378.55,102.15,0,178.940,8.283,179.814,-18.07,20.52,147.88,-17.44,-7.71,174.36,53.595,54.037,-25.3505,-0.2530,252.36,378.55,-25.7367,-1.5633,,,0.19252,0
3.6344,2,9,2,1,150.75,389.00,dwell,231.12,456.51,104.96,0,178.846,8.224,179.820,-18.02,20.40,147.65,-18.03,-8.07,173.88,53.789,53.895,-26.8344,-1.6735,231.12,456.51,-26.2307,-1.6129,,,0.22966,0
3.7385,2,9,2,1,150.75,389.00,dwell,171.19,388.23,20.45,1,178.842,8.119,179.805,-17.95,20.64,147.55,-17.43,-7.82,173.08,53.310,53.946,-25.5755,-5.1389,171.19,388.23,-25.9359,-3.1996,,,0.18038,0
3.8262,2,9,2,1,150.75,389.00,dwell,232.01,360.35,86.16,0,178.759,8.047,179.801,-18.02,20.59,147.49,-17.26,-8.41,173.80,53.264,54.091,-23.7243,-1.4005,232.01,360.35,-24.9407,-2.3900,,,0.21860,0
3.9380,2,9,2,1,150.75,389.00,capture,221.98,369.97,73.73,0,178.809,7.929,179.800,-18.07,20.63,147.74,-18.04,-7.68,174.19,53.404,54.134,-24.4218,-2.2790,221.98,369.97,-24.7072,-2.3401,,,0.20210,0
4.0455,2,9,2,1,150.75,389.00,capture,205.00,371.75,56.93,0,179.009,8.060,179.814,-18.02,20.80,147.67,-17.82,-7.21,174.42,53.559,53.850,-23.8370,-2.8463,205.00,371.75,-24.3156,-2.5679,,,0.20114,0
4.1539,2,9,2,1,150.75,389.00,capture,201.73,394.66,51.29,0,178.997,8.162,179.808,-17.92,20.80,147.41,-17.93,-8.54,174.02,53.458,53.393,-24.3781,-2.7594,201.73,394.66,-24.3437,-2.6541,,,0.19919,0
4.2708,2,9,2,1,150.75,389.00,capture,198.13,371.74,50.43,1,179.072,8.083,179.815,-17.79,20.82,147.44,-17.48,-7.75,173.75,53.140,52.878,-24.4927,-3.2231,198.13,371.74,-24.4108,-2.9102,,,0.20953,0
4.3576,2,9,2,1,150.75,389.00,capture,198.00,391.73,47.33,1,179.022,8.137,179.834,-17.83,20.68,147.50,-17.10,-8.46,173.66,53.141,53.127,-25.6956,-4.2669,198.00,391.73,-24.9890,-3.5207,,,0.18703,0
4.4487,2,9,2,1,150.75,389.00,capture,225.65,392.81,75.00,0,179.055,7.991,179.818,-17.96,20.74,147.71,-17.68,-8.52,174.10,53.188,53.314,-25.0897,-2.0795,225.65,392.81,-25.0343,-2.8721,,,0.21559,0
4.5664,2,9,2,1,150.75,389.00,capture,203.83,368.59,56.87,0,179.103,8.031,179.823,-17.94,20.82,147.83,-17.86,-7.44,174.08,53.210,53.628,-23.9263,-3.3357,203.83,368.59,-24.5357,-3.0807,,,0.19920,0
4.6671,2,9,2,1,150.75,389.00,capture,210.08,354.96,68.40,0,179.178,8.069,179.810,-17.95,20.89,147.80,-17.40,-7.66,174.68,53.392,53.504,-24.1502,-3.0263,210.08,354.96,-24.3622,-3.0562,,,0.18305,0
4.7537,2,9,2,1,150.75,389.00,capture,218.30,384.62,67.69,0,179.167,8.095,179.814,-17.95,20.87,147.88,-18.08,-8.36,174.18,53.201,53.471,-24.3810,-2.0880,218.30,384.62,-24.3707,-2.6205,,,0.19888,0
4.8357,2,9,2,1,150.75,389.00,capture,218.50,402.20,69.02,0,179.118,8.127,179.813,-17.85,20.71,147.89,-17.46,-7.53,174.50,53.266,53.593,-25.0484,-2.2961,218.50,402.20,-24.6756,-2.4745,,,0.21140,0
4.9177,2,9,2,1,150.75,389.00,capture,221.17,397.69,70.95,0,179.099,8.085,179.798,-17.92,20.87,147.97,-17.45,-8.02,174.29,53.498,53.632,-25.0624,-2.8037,221.17,397.69,-24.8497,-2.6227,,,0.21596,0
5.0094,2,9,2,1,150.75,389.00,capture,207.98,405.29,59.50,0,179.150,8.047,179.822,-17.94,20.94,148.20,-17.14,-6.58,174.90,53.630,53.828,-26.1591,-2.9631,207.98,405.29,-25.4389,-2.7759,,,0.21266,0
5.1011,2,9,2,1,150.75,389.00,capture,215.51,397.16,65.27,0,179.085,8.159,179.854,-18.01,20.75,148.11,-17.36,-7.77,174.57,53.908,53.631,-25.3357,-3.1722,215.51,397.16,-25.3924,-2.9542,,,0.22669,0
5.2138,2,9,2,1,150.75,389.00,capture,218.68,422.40,75.70,0,179.051,8.331,179.835,-18.09,20.73,147.90,-17.62,-7.41,174.44,53.783,53.830,-26.3488,-2.5643,218.68,422.40,-25.8228,-2.7787,,,0.22004,0
5.3335,2,9,2,1,150.75,389.00,capture,232.27,424.23,88.81,0,179.095,8.318,179.833,-18.03,20.70,147.84,-17.49,-8.34,174.71,53.734,53.709,-26.2715,-2.2197,232.27,424.23,-26.0247,-2.5272,,,0.20544,0
5.4322,2,9,2,1,150.75,389.00,capture,208.25,417.83,64.32,0,178.967,8.361,179.840,-18.09,20.75,147.91,-17.70,-7.86,174.38,54.123,53.783,-26.0635,-3.4656,208.25,417.83,-26.0422,-2.9495,,,0.22246,0
5.5142,2,9,2,1,150.75,389.00,capture,199.18,412.19,53.70,1,178.882,8.483,179.801,-18.05,20.84,147.84,-18.28,-7.22,174.08,54.153,53.849,-25.1513,-3.9391,199.18,412.19,-25.6413,-3.3948,,,0.21707,0
5.6065,2,9,2,1,150.75,389.00,capture,242.02,404.50,92.58,0,178.848,8.481,179.812,-18.05,20.88,147.84,-18.17,-7.44,174.31,54.047,54.083,-26.4424,-1.4328,242.02,404.50,-26.0018,-2.5119,,,0.21851,0
5.6885,2,9,2,1,150.75,389.00,capture,202.21,365.22,56.69,0,178.756,8.619,179.800,-18.04,20.90,147.58,-17.68,-7.58,173.92,53.590,53.848,-24.5218,-3.7514,202.21,365.22,-25.3358,-3.0697,,,0.20882,0
5.7833,2,9,2,1,150.75,389.00,capture,206.12,367.87,59.26,0,178.806,8.606,179.788,-17.99,20.66,147.25,-17.69,-7.24,173.36,53.159,54.107,-23.9713,-3.4993,206.12,367.87,-24.7218,-3.2630,,,0.19022,0
6.0028,3,7,1,3,351.75,233.40,dwell,244.36,222.59,107.93,0,178.852,8.623,179.749,-18.05,20.69,147.47,-17.25,-8.33,173.72,52.889,53.957,-17.8600,-0.9173,244.36,222.59,-17.8600,-0.9173,,,0.19827,0
6.0961,3,7,1,3,351.75,233.40,dwell,242.06,162.61,130.55,0,178.794,8.511,179.738,-18.03,20.35,147.43,-18.52,-8.38,174.24,53.193,53.859,-16.3529,-2.1750,242.06,162.61,-17.1818,-1.4832,,,0.20866,0
6.1922,3,7,1,3,351.75,233.40,dwell,213.91,192.10,143.89,0,178.731,8.470,179.787,-17.92,20.61,147.38,-17.31,-7.69,174.08,53.121,53.822,-16.9554,-2.9936,213.91,192.10,-17.0799,-2.1629,,,0.19007,0
6.2863,3,7,1,3,351.75,233.40,dwell,251.29,289.99,115.30,0,178.708,8.370,179.766,-17.93,20.62,147.44,-17.48,-8.56,173.44,52.997,53.618,-21.3987,-1.1765,251.29,289.99,-19.0234,-1.7190,,,0.19711,0
6.3936,3,7,1,3,351.75,233.40,dwell,421.70,260.87,75.15,0,178.695,8.280,179.786,-18.07,20.80,147.39,-17.99,-7.75,173.82,53.205,54.132,-19.9911,7.0658,421.70,260.87,-19.4588,2.2342,,,0.18077,0
6.4773,3,7,1,3,351.75,233.40,dwell,387.42,213.96,40.62,1,178.678,8.207,179.808,-17.86,20.81,147.36,-17.71,-7.95,173.82,53.408,54.379,-17.1572,5.0337,387.42,213.96,-18.4231,3.4940,,,0.18914,0
6.5773,3,7,1,3,351.75,233.40,dwell,375.35,223.03,25.78,1,178.742,8.246,179.775,-17.92,20.89,147.25,-17.44,-7.47,173.35,53.224,54.571,-18.0049,4.4404,375.35,223.03,-18.2349,3.9199,,,0.20298,0
6.6764,3,7,1,3,351.75,233.40,dwell,353.48,128.86,104.55,0,178.770,8.314,179.786,-18.10,20.92,147.45,-17.96,-7.55,173.19,53.389,54.669,-13.9581,3.2571,353.48,128.86,-16.3103,3.6216,,,0.22271,0
6.7687,3,7,1,3,351.75,233.40,dwell,400.19,159.08,88.71,1,178.800,8.175,179.764,-18.07,20.90,147.36,-17.71,-7.98,173.59,53.517,54.308,-15.8739,5.7722,400.19,159.08,-16.1139,4.5894,,,0.22961,0
6.8719,3,7,1,3,351.75,233.40,capture,417.73,153.86,103.34,0,178.845,8.168,179.754,-18.21,21.04,147.34,-17.78,-7.80,173.06,53.615,54.027,-16.4111,6.4597,417.73,153.86,-16.2477,5.4310,,,0.20044,0
6.9593,3,7,1,3,351.75,233.40,capture,401.93,127.28,117.39,0,178.778,8.091,179.770,-18.19,21.19,147.55,-17.82,-7.64,174.13,53.564,54.191,-15.0198,5.6019,401.93,127.28,-15.6951,5.5079,,,0.18857,0
7.0434,3,7,1,3,351.75,233.40,capture,404.39,153.85,95.39,0,178.747,8.298,179.790,-18.32,21.20,147.39,-17.06,-7.25,173.60,53.382,54.197,-15.7315,5.9010,404.39,153.85,-15.7115,5.6848,,,0.20398,0
7.1515,3,7,1,3,351.75,233.40,capture,405.32,143.76,104.43,0,178.800,8.305,179.799,-18.36,21.02,147.62,-18.27,-7.14,174.52,53.520,54.275,-15.5698,5.4849,405.32,143.76,-15.6477,5.5948,,,0.21232,0
7.2583,3,7,1,3,351.75,233.40,capture,389.70,144.04,97.08,0,178.863,8.126,179.807,-18.36,21.03,147.35,-18.02,-6.76,173.72,53.698,54.152,-15.2810,4.6442,389.70,144.04,-15.4827,5.1671,,,0.19489,0
7.3644,3,7,1,3,351.75,233.40,capture,391.91,150.08,92.49,0,178.737,7.975,179.803,-18.32,21.20,147.14,-17.82,-7.13,173.49,53.555,54.455,-14.8219,5.1609,391.91,150.08,-15.1853,5.1643,,,0.22597,0
7.4703,3,7,1,3,351.75,233.40,capture,402.42,141.84,104.65,0,178.697,7.893,179.814,-18.46,21.04,147.21,-18.13,-7.45,173.52,53.403,54.489,-15.2319,5.7192,402.42,141.84,-15.2063,5.4140,,,0.20397,0
7.5739,3,7,1,3,351.75,233.40,capture,406.94,134.25,113.48,0,178.740,7.808,179.781,-18.47,21.03,147.17,-17.46,-7.21,173.09,53.372,54.133,-15.1615,6.1276,406.94,134.25,-15.1861,5.7351,,,0.21219,0
7.6840,3,7,1,3,351.75,233.40,capture,384.08,146.96,92.29,0,178.824,7.849,179.766,-18.34,20.95,147.19,-17.26,-8.07,173.61,53.353,54.058,-15.4458,5.1904,384.08,146.96,-15.3030,5.4900,,,0.18925,0
7.7950,3,7,1,3,351.75,233.40,capture,399.17,140.97,103.88,0,178.796,7.969,179.806,-18.35,21.00,147.25,-17.98,-7.40,173.49,53.625,54.052,-16.0969,5.6933,399.17,140.97,-15.6603,5.5815,,,0.22097,0
7.9007,3,7,1,3,351.75,233.40,capture,391.58,157.69,85.55,1,178.827,7.857,179.796,-18.45,21.10,147.23,-17.88,-7.11,173.55,53.261,54.213,-15.9692,5.6242,391.58,157.69,-15.7993,5.6007,,,0.20084,0
7.9877,3,7,1,3,351.75,233.40,capture,386.43,166.59,75.27,1,178.769,8.001,179.800,-18.27,21.00,147.37,-17.82,-7.48,173.35,53.234,53.659,-16.0435,4.4635,386.43,166.59,-15.9092,5.0890,,,0.19932,0
8.0822,3,7,1,3,351.75,233.40,capture,405.63,119.03,126.43,0,178.837,8.012,179.778,-18.19,20.91,147.43,-17.80,-6.85,173.81,53.430,53.608,-13.7920,5.3541,405.63,119.03,-14.9564,5.2083,,,0.20849,0
8.1826,3,7,1,3,351.75,233.40,capture,394.73,153.06,91.11,0,178.902,8.027,179.813,-18.23,20.95,147.35,-17.90,-7.70,173.12,53.336,53.841,-16.2291,5.5020,394.73,153.06,-15.5291,5.3404,,,0.19797,0
8.2850,3,7,1,3,351.75,233.40,capture,411.70,170.47,86.91,0,178.838,8.224,179.810,-18.14,20.91,147.19,-17.20,-7.86,173.20,53.616,53.883,-15.6705,6.8778,411.70,170.47,-15.5927,6.0323,,,0.22172,0
8.3709,3,7,1,3,351.75,233.40,capture,406.04,144.24,104.39,0,178.772,8.336,179.810,-17.93,20.78,147.56,-16.92,-8.91,174.30,53.474,53.808,-15.1657,5.8119,406.04,144.24,-15.4006,5.9331,,,0.22611,0
8.4707,3,7,1,3,351.75,233.40,capture,398.81,115.71,126.75,0,178.813,8.348,179.834,-17.99,20.75,147.45,-17.11,-7.99,173.74,53.371,53.722,-14.4875,6.0483,398.81,115.71,-14.9897,5.9849,,,0.21198,0
8.5877,3,7,1,3,351.75,233.40,capture,423.48,130.41,125.51,0,178.883,8.237,179.806,-18.01,20.67,147.51,-17.68,-8.63,173.84,53.078,53.885,-14.2263,6.3288,423.48,130.41,-14.6462,6.1397,,,0.19217,0
8.6782,3,7,1,3,351.75,233.40,capture,400.52,136.76,108.25,0,178.924,8.060,179.791,-17.97,20.68,147.43,-17.49,-7.39,173.53,53.085,53.693,-15.1523,5.3332,400.52,136.76,-14.8740,5.7768,,,0.21108,0
8.7853,3,7,1,3,351.75,233.40,capture,397.52,117.38,124.72,0,178.922,8.009,179.797,-17.92,20.60,147.40,-17.80,-7.71,173.44,52.880,53.594,-14.6986,5.5447,397.52,117.38,-14.7950,5.6723,,,0.19797,0
8.9941,4,17,4,1,150.75,700.20,dwell,276.93,404.67,321.34,0,178.827,8.135,179.787,-18.09,20.65,147.69,-17.89,-7.10,174.43,53.103,53.735,-24.6731,0.5391,276.93,404.67,-24.6731,0.5391,,,0.19863,0
9.0844,4,17,4,1,150.75,700.20,dwell,262.92,473.80,252.66,0,178.889,8.295,179.802,-18.18,20.79,147.82,-17.88,-8.06,174.06,53.327,53.396,-27.4410,-0.3917,262.92,473.80,-25.9186,0.1202,,,0.21200,0
9.1933,4,17,4,1,150.75,700.20,dwell,380.70,478.90,319.14,0,178.809,8.339,179.830,-18.20,20.80,147.86,-17.23,-8.27,174.06,53.586,53.702,-28.3630,4.5692,380.70,478.90,-27.0186,2.1222,,,0.19977,0
9.3048,4,17,4,1,150.75,700.20,dwell,353.09,413.70,350.75,0,178.909,8.504,179.813,-18.20,20.87,147.77,-17.57,-7.09,174.48,53.289,54.093,-26.4860,3.5091,353.09,413.70,-26.7789,2.7463,,,0.20636,0
9.4030,4,17,4,1,150.75,700.20,dwell,276.19,512.29,225.93,0,178.941,8.489,179.847,-18.16,20.87,147.91,-17.60,-7.91,173.95,53.363,54.033,-29.2075,-0.3060,276.19,512.29,-27.8718,1.3728,,,0.19757,0
9.5009,4,17,4,1,150.75,700.20,dwell,227.94,691.35,77.70,0,178.895,8.621,179.854,-18.14,20.99,147.73,-18.13,-7.76,173.85,53.664,53.885,-36.8406,-2.1448,227.94,691.35,-31.9077,-0.2101,,,0.19170,0
9.6032,4,17,4,1,150.75,700.20,dwell,264.76,668.01,118.47,0,178.839,8.714,179.841,-18.25,20.99,147.63,-17.36,-7.99,174.08,53.700,53.618,-36.0749,-0.6003,264.76,668.01,-33.7829,-0.3857,,,0.21157,0
9.7007,4,17,4,1,150.75,700.20,dwell,213.74,796.45,115.03,0,178.732,8.704,179.844,-18.29,21.03,147.50,-17.91,-7.89,174.15,53.845,53.453,-40.0199,-2.6227,213.74,796.45,-36.5896,-1.3923,,,0.21195,0
9.8041,4,17,4,1,150.75,700.20,capture,183.48,804.48,109.30,0,178.793,8.854,179.867,-18.26,20.81,147.98,-17.02,-8.31,174.63,53.993,53.714,-41.9795,-3.9589,183.48,804.48,-39.0150,-2.5473,,,0.20820,0
9.9072,4,17,4,1,150.75,700.20,capture,199.28,805.11,115.59,0,178.772,8.936,179.874,-18.31,20.90,148.10,-18.03,-7.75,174.51,53.700,53.679,-40.4837,-3.6562,199.28,805.11,-39.6760,-3.0463,,,0.20507,0
10.0172,4,17,4,1,150.75,700.20,capture,188.32,770.45,79.67,1,178.728,8.816,179.865,-18.41,20.85,148.06,-18.14,-8.15,174.61,53.646,53.693,-40.2349,-4.2821,188.32,770.45,-39.9275,-3.6024,,,0.20043,0
10.1286,4,17,4,1,150.75,700.20,capture,199.95,769.97,85.37,1,178.840,8.758,179.863,-18.23,20.76,148.19,-17.75,-8.31,174.89,53.305,53.792,-39.7799,-3.8278,199.95,769.97,-39.8611,-3.7038,,,0.18883,0
10.2348,4,17,4,1,150.75,700.20,capture,204.72,785.33,100.80,0,178.887,8.793,179.820,-18.27,20.98,148.09,-18.41,-7.97,174.53,53.608,53.846,-39.5345,-3.7875,204.72,785.33,-39.7141,-3.7415,,,0.20779,0
10.3227,4,17,4,1,150.75,700.20,capture,179.77,800.56,104.47,0,179.043,8.781,179.816,-18.38,21.15,148.19,-17.80,-8.97,174.38,53.421,54.115,-41.3959,-4.6996,179.77,800.56,-40.4709,-4.1726,,,0.21496,0
10.4270,4,17,4,1,150.75,700.20,capture,203.02,752.93,74.25,0,179.025,8.873,179.789,-18.43,21.21,148.06,-17.49,-7.21,174.60,53.493,53.573,-38.9061,-2.7071,203.02,752.93,-39.7668,-3.5131,,,0.18866,0
10.5355,4,17,4,1,150.75,700.20,capture,210.43,747.06,75.88,0,179.087,8.938,179.820,-18.47,21.03,148.07,-18.27,-7.93,174.08,53.783,54.031,-38.2619,-3.1005,210.43,747.06,-39.0896,-3.3275,,,0.22174,0
10.6435,4,17,4,1,150.75,700.20,capture,199.30,795.36,106.83,0,179.130,8.988,179.825,-18.37,21.04,148.03,-18.21,-7.72,174.48,53.983,54.483,-41.3192,-3.1354,199.30,795.36,-40.0929,-3.2410,,,0.22143,0
10.7358,4,17,4,1,150.75,700.20,capture,217.76,788.82,111.10,0,179.142,8.883,179.826,-18.49,21.10,147.80,-18.02,-7.64,173.94,54.098,54.716,-40.0363,-2.4670,217.76,788.82,-40.0675,-2.8927,,,0.21507,0
10.8286,4,17,4,1,150.75,700.20,capture,204.32,764.94,84.03,0,179.204,8.853,179.829,-18.43,21.15,148.15,-17.94,-6.93,174.71,54.011,54.500,-38.5261,-3.5339,204.32,764.94,-39.3738,-3.1812,,,0.23324,0
10.9276,4,17,4,1,150.75,700.20,capture,208.93,779.75,98.56,0,179.236,8.905,179.826,-18.33,21.24,148.41,-18.03,-7.34,174.87,53.977,54.600,-40.3317,-3.7918,208.93,779.75,-39.8049,-3.4560,,,0.23857,0
11.0265,4,17,4,1,150.75,700.20,capture,186.04,789.89,96.38,0,179.073,8.796,179.832,-18.34,21.03,148.22,-17.92,-8.13,174.36,54.000,54.324,-40.6342,-5.0083,186.04,789.89,-40.1781,-4.1545,,,0.21981,0
11.1431,4,17,4,1,150.75,700.20,capture,179.22,785.83,90.24,0,178.886,8.879,179.843,-18.28,20.96,148.19,-18.24,-7.68,174.22,53.848,54.170,-39.3666,-4.2679,179.22,785.83,-39.8129,-4.2056,,,0.23306,0
11.2353,4,17,4,1,150.75,700.20,capture,199.17,816.57,126.04,0,178.828,8.902,179.889,-18.37,20.82,148.16,-17.82,-7.02,174.38,53.995,54.290,-41.3812,-3.7730,199.17,816.57,-40.5186,-4.0109,,,0.22537,0
11.3264,4,17,4,1,150.75,700.20,capture,198.01,775.43,88.84,1,178.724,8.851,179.880,-18.25,20.97,147.80,-17.76,-7.80,174.00,53.775,54.664,-39.9262,-3.7973,198.01,775.43,-40.2520,-3.9148,,,0.23244,0
11.4211,4,17,4,1,150.75,700.20,capture,197.38,797.06,107.50,0,178.726,8.692,179.856,-18.12,20.89,148.00,-17.57,-7.34,174.30,53.737,54.438,-40.5443,-3.3378,197.38,797.06,-40.3836,-3.6551,,,0.21101,0
11.5131,4,17,4,1,150.75,700.20,capture,201.81,798.31,110.60,0,178.680,8.712,179.898,-18.06,20.88,148.20,-17.96,-7.39,174.71,53.795,54.241,-41.2627,-3.1098,201.81,798.31,-40.7792,-3.4098,,,0.21478,0
11.6049,4,17,4,1,150.75,700.20,capture,215.46,794.79,114.61,0,178.643,8.701,179.878,-18.17,20.77,148.25,-17.83,-8.04,174.61,53.815,54.298,-41.1859,-2.4728,215.46,794.79,-40.9622,-2.9881,,,0.23236,0
11.7112,4,17,4,1,150.75,700.20,capture,195.39,797.45,107.01,0,178.715,8.696,179.865,-18.29,20.68,148.14,-18.31,-8.55,174.86,53.688,54.318,-40.8885,-3.7337,195.39,797.45,-40.9290,-3.3236,,,0.19052,0
11.8217,4,17,4,1,150.75,700.20,capture,210.60,797.06,113.86,0,178.737,8.762,179.853,-18.24,20.64,148.16,-17.43,-7.70,174.77,53.932,54.172,-40.2129,-2.5707,210.60,797.06,-40.6068,-2.9848,,,0.22232,0
11.9720,5,12,3,0,50.25,544.60,dwell,150.37,812.34,285.85,0,178.807,8.636,179.860,-18.27,20.78,148.18,-17.90,-7.31,175.02,53.742,53.862,-41.0741,-6.2201,150.37,812.34,-41.0741,-6.2201,,,0.23080,0
12.0703,5,12,3,0,50.25,544.60,dwell,89.34,551.13,39.63,1,178.877,8.586,179.871,-18.26,20.74,148.28,-17.40,-8.47,174.43,53.696,53.937,-31.0830,-9.0801,89.34,551.13,-36.5781,-7.5071,,,0.18608,0
12.1646,5,12,3,0,50.25,544.60,dwell,157.89,662.47,159.62,0,178.857,8.638,179.837,-18.36,20.80,148.10,-17.10,-7.06,174.37,53.254,53.821,-35.5382,-5.8392,157.89,662.47,-36.1101,-6.7566,,,0.19857,0
12.2826,5,12,3,0,50.25,544.60,dwell,100.86,675.87,140.69,0,178.878,8.586,179.826,-18.30,20.79,148.16,-17.92,-8.24,174.90,53.669,53.984,-35.8805,-8.1781,100.86,675.87,-36.0068,-7.3963,,,0.21366,0
12.3763,5,12,3,0,50.25,544.60,dwell,134.81,660.55,143.51,0,178.935,8.571,179.832,-18.35,20.81,148.00,-18.02,-7.48,174.33,53.449,54.285,-33.6795,-7.1496,134.81,660.55,-34.9595,-7.2853,,,0.19888,0
12.4753,5,12,3,0,50.25,544.60,dwell,47.12,595.91,51.41,1,178.942,8.533,179.832,-18.27,20.91,147.84,-17.53,-7.35,174.22,53.512,53.971,-32.8781,-10.4785,47.12,595.91,-34.0229,-8.7222,,,0.21944,0
12.5608,5,12,3,0,50.25,544.60,dwell,-11.73,606.86,87.85,0,178.956,8.657,179.823,-18.35,20.96,147.94,-17.76,-7.69,174.24,53.769,54.234,-33.6342,-13.1554,-11.73,606.86,-33.8480,-10.7171,,,0.20889,0
12.6794,5,12,3,0,50.25,544.60,dwell,24.49,594.09,55.79,1,178.683,8.744,179.853,-18.37,21.09,147.87,-17.77,-7.56,174.07,53.581,54.167,-33.3800,-11.6528,24.49,594.09,-33.6374,-11.1382,,,0.22748,0
12.7697,5,12,3,0,50.25,544.60,dwell,75.29,529.50,29.24,1,178.842,8.923,179.829,-18.30,21.11,147.60,-17.86,-7.51,173.49,53.430,54.350,-30.5374,-9.3082,75.29,529.50,-32.2424,-10.3147,,,0.21151,0
12.8711,5,12,3,0,50.25,544.60,capture,35.93,535.07,17.20,1,178.897,8.923,179.800,-18.34,21.08,147.48,-17.49,-7.70,173.84,53.341,54.390,-30.1781,-11.0767,35.93,535.07,-31.3135,-10.6576,,,0.20150,0
12.9678,5,12,3,0,50.25,544.60,capture,29.46,526.77,27.39,1,178.891,8.777,179.791,-18.36,21.29,147.56,-17.51,-6.76,174.24,53.582,54.582,-31.4228,-11.8074,29.46,526.77,-31.3626,-11.1750,,,0.20516,0
13.0546,5,12,3,0,50.25,544.60,capture,28.30,535.60,23.72,1,178.824,8.783,179.780,-18.42,21.43,147.58,-18.16,-7.31,173.78,53.530,54.592,-31.1382,-11.4181,28.30,535.60,-31.2616,-11.2844,,,0.22878,0
13.1460,5,12,3,0,50.25,544.60,capture,42.29,530.27,16.39,1,178.877,8.885,179.824,-18.40,21.37,147.52,-18.23,-7.40,174.03,53.673,53.931,-30.2896,-11.2530,42.29,530.27,-30.8242,-11.2703,,,0.22238,0
13.2487,5,12,3,0,50.25,544.60,capture,27.88,526.22,28.95,1,178.834,8.927,179.857,-18.46,21.21,147.54,-18.71,-7.84,173.39,54.025,53.619,-30.9904,-10.9554,27.88,526.22,-30.8990,-11.1286,,,0.21318,0
13.3662,5,12,3,0,50.25,544.60,capture,55.82,550.49,8.11,1,178.804,8.820,179.834,-18.42,21.31,147.63,-18.09,-7.48,173.80,53.978,53.409,-30.8505,-10.7176,55.82,550.49,-30.8772,-10.9436,,,0.23524,0
13.4746,5,12,3,0,50.25,544.60,capture,49.45,544.76,0.82,1,178.839,8.827,179.821,-18.33,21.13,147.52,-18.14,-7.15,173.58,53.703,53.439,-31.3105,-10.4926,49.45,544.76,-31.0722,-10.7407,,,0.24827,0
13.5774,5,12,3,0,50.25,544.60,capture,42.50,547.38,8.23,1,178.734,8.641,179.839,-18.24,21.03,147.79,-17.39,-7.53,173.93,53.998,53.718,-31.0179,-11.4469,42.50,547.38,-31.0478,-11.0584,,,0.24828,0
13.6897,5,12,3,0,50.25,544.60,capture,49.48,539.60,5.06,1,178.803,8.630,179.862,-18.24,21.00,147.74,-17.34,-7.64,174.11,53.830,53.554,-30.3637,-10.6788,49.48,539.60,-30.7399,-10.8876,,,0.21298,0
13.7969,5,12,3,0,50.25,544.60,capture,4.14,529.32,48.58,1,178.892,8.699,179.865,-18.29,21.10,147.68,-17.70,-7.92,173.62,53.810,53.928,-30.7675,-13.0944,4.14,529.32,-30.7523,-11.8807,,,0.19200,0
13.8871,5,12,3,0,50.25,544.60,capture,11.14,560.98,42.40,1,178.974,8.790,179.866,-18.28,21.00,147.53,-17.95,-8.06,173.67,53.496,54.074,-31.9729,-12.3820,11.14,560.98,-31.3016,-12.1063,,,0.20588,0
14.0053,5,12,3,0,50.25,544.60,capture,24.76,510.35,42.69,1,178.977,8.929,179.863,-18.31,20.94,147.46,-17.69,-7.32,173.44,53.771,53.905,-29.7016,-11.2699,24.76,510.35,-30.5816,-11.7299,,,0.20525,0
14.0873,5,12,3,0,50.25,544.60,capture,34.03,526.62,24.22,1,179.015,8.924,179.850,-18.45,20.74,147.12,-17.73,-8.47,173.52,53.735,53.996,-29.7550,-11.9812,34.03,526.62,-30.2096,-11.8430,,,0.20739,0
14.1940,5,12,3,0,50.25,544.60,capture,20.39,508.29,47.01,1,178.930,8.887,179.839,-18.49,20.66,147.09,-18.22,-8.14,173.18,54.036,54.156,-29.9754,-10.9763,20.39,508.29,-30.1042,-11.4530,,,0.23384,0
14.3028,5,12,3,0,50.25,544.60,capture,10.29,517.57,48.24,1,178.772,8.847,179.848,-18.48,20.51,147.33,-18.22,-8.16,173.30,53.643,54.041,-30.3373,-12.2628,10.29,517.57,-30.2091,-11.8174,,,0.20364,0
14.4140,5,12,3,0,50.25,544.60,capture,23.43,534.03,28.83,1,178.719,8.785,179.882,-18.49,20.62,147.49,-18.27,-8.47,173.71,53.633,53.778,-30.9596,-12.3488,23.43,534.03,-30.5468,-12.0566,,,0.19716,0
14.5260,5,12,3,0,50.25,544.60,capture,31.70,527.71,25.09,1,178.792,8.746,179.910,-18.34,20.55,147.64,-18.18,-7.29,173.54,53.669,53.675,-30.5501,-11.5679,31.70,527.71,-30.5483,-11.8366,,,0.21936,0
14.6239,5,12,3,0,50.25,544.60,capture,23.52,547.65,26.90,1,178.886,8.859,179.898,-18.35,20.47,147.68,-17.21,-8.64,173.73,53.386,53.971,-31.3179,-12.1540,23.52,547.65,-30.8946,-11.9795,,,0.22402,0
14.8366,6,13,3,1,150.75,544.60,dwell,-35.89,439.22,214.33,0,178.833,8.693,179.870,-18.47,20.54,147.58,-18.41,-8.69,173.77,52.976,53.936,-26.8461,-14.6933,-35.89,439.22,-26.8461,-14.6933,,,0.20716,0
14.9390,6,13,3,1,150.75,544.60,dwell,191.64,554.77,42.14,1,178.784,8.576,179.886,-18.62,20.48,147.52,-18.16,-8.75,173.87,53.197,54.021,-31.6265,-4.2695,191.64,554.77,-28.9972,-10.0026,,,0.20540,0
15.0573,6,13,3,1,150.75,544.60,dwell,110.18,444.30,108.19,0,178.755,8.579,179.834,-18.62,20.60,147.47,-17.96,-8.48,173.70,53.481,54.038,-27.1804,-7.9807,110.18,444.30,-28.1797,-9.0927,,,0.20878,0
15.1552,6,13,3,1,150.75,544.60,dwell,78.00,637.29,117.83,0,178.924,8.609,179.828,-18.52,20.60,147.34,-18.11,-8.15,173.25,53.699,54.094,-34.1511,-8.3588,78.00,637.29,-30.8668,-8.7625,,,0.21112,0
15.2572,6,13,3,1,150.75,544.60,dwell,51.26,518.58,102.84,0,178.951,8.479,179.818,-18.59,20.76,147.50,-18.15,-7.73,173.44,53.831,54.292,-29.1970,-10.7432,51.26,518.58,-30.1154,-9.6538,,,0.21933,0
15.3619,6,13,3,1,150.75,544.60,dwell,40.78,602.87,124.45,0,178.922,8.488,179.799,-18.53,20.87,147.53,-17.48,-7.93,173.82,53.723,54.673,-34.0295,-10.5913,40.78,602.87,-31.8767,-10.0757,,,0.19551,0
15.4661,6,13,3,1,150.75,544.60,dwell,88.39,556.88,63.56,0,178.917,8.582,179.791,-18.61,20.83,147.46,-18.37,-7.57,173.90,53.805,54.576,-31.0180,-8.7487,88.39,556.88,-31.4903,-9.4785,,,0.20695,0
15.5521,6,13,3,1,150.75,544.60,dwell,97.46,600.30,77.09,0,178.800,8.564,179.769,-18.49,20.82,147.18,-18.53,-8.16,172.99,53.858,54.412,-33.1014,-7.7063,97.46,600.30,-32.2153,-8.6810,,,0.20992,0
15.6708,6,13,3,1,150.75,544.60,dwell,124.60,570.74,36.97,1,178.863,8.367,179.764,-18.51,20.60,146.96,-17.74,-7.94,172.80,53.757,54.628,-32.1055,-7.5420,124.60,570.74,-32.1659,-8.1685,,,0.19916,0
15.7885,6,13,3,1,150.75,544.60,dwell,147.36,582.62,38.17,1,178.954,8.401,179.727,-18.41,20.74,147.16,-18.07,-8.13,173.15,53.315,54.291,-32.1883,-6.5865,147.36,582.62,-32.1760,-7.4566,,,0.19714,0
15.8891,6,13,3,1,150.75,544.60,capture,134.87,585.05,43.46,1,178.895,8.312,179.738,-18.32,20.75,147.26,-18.04,-7.82,173.47,53.447,53.909,-32.3757,-6.7284,134.87,585.05,-32.2659,-7.1289,,,0.20074,0
15.9895,6,13,3,1,150.75,544.60,capture,134.73,572.25,31.96,1,178.947,8.308,179.754,-18.53,20.65,147.08,-17.81,-8.56,173.24,53.114,53.987,-31.7503,-6.6990,134.73,572.25,-32.0339,-6.9355,,,0.22693,0
16.0820,6,13,3,1,150.75,544.60,capture,142.40,563.94,21.07,1,178.831,8.519,179.781,-18.57,20.80,146.83,-18.60,-7.41,173.31,53.186,54.675,-31.6814,-5.9950,142.40,563.94,-31.8752,-6.5123,,,0.21504,0
16.1677,6,13,3,1,150.75,544.60,capture,154.88,572.01,27.72,1,178.801,8.599,179.788,-18.68,20.85,147.12,-17.89,-7.23,173.24,53.289,54.982,-31.6420,-5.1515,154.88,572.01,-31.7703,-5.8999,,,0.18714,0
16.2785,6,13,3,1,150.75,544.60,capture,138.41,570.25,28.46,1,178.903,8.551,179.799,-18.60,20.72,147.29,-18.27,-8.26,173.44,53.244,54.686,-33.2877,-6.7250,138.41,570.25,-32.4531,-6.2712,,,0.19265,0
16.3863,6,13,3,1,150.75,544.60,capture,167.94,582.69,41.79,1,178.932,8.601,179.786,-18.64,20.74,147.46,-18.31,-6.91,173.85,53.249,54.591,-32.6860,-4.3553,167.94,582.69,-32.5579,-5.4090,,,0.18570,0
16.4698,6,13,3,1,150.75,544.60,capture,155.07,582.70,38.34,1,178.890,8.612,179.775,-18.61,20.63,147.70,-18.42,-7.78,174.01,53.541,54.344,-32.0709,-4.9941,155.07,582.70,-32.3387,-5.2223,,,0.19368,0
16.5631,6,13,3,1,150.75,544.60,capture,136.70,580.91,38.93,1,178.967,8.602,179.801,-18.67,20.50,147.83,-18.20,-8.14,173.96,53.926,54.330,-32.4026,-6.0800,136.70,580.91,-32.3675,-5.6083,,,0.23252,0
16.6676,6,13,3,1,150.75,544.60,capture,147.95,585.38,40.88,1,178.962,8.463,179.820,-18.75,20.77,147.80,-18.75,-8.11,174.51,54.061,54.712,-31.9948,-6.2939,147.95,585.38,-32.1998,-5.9168,,,0.23376,0
16.7811,6,13,3,1,150.75,544.60,capture,169.77,557.08,22.75,1,178.868,8.552,179.802,-18.63,20.85,147.68,-17.75,-7.03,173.96,53.865,54.994,-32.0173,-4.8531,169.77,557.08,-32.1177,-5.4381,,,0.22456,0
16.8680,6,13,3,1,150.75,544.60,capture,159.06,558.67,16.34,1,178.890,8.421,179.797,-18.48,20.91,147.74,-18.50,-7.43,173.57,54.292,54.258,-31.9704,-5.3969,159.06,558.67,-32.0514,-5.4196,,,0.22312,0
16.9688,6,13,3,1,150.75,544.60,capture,165.11,600.53,57.74,1,178.849,8.252,179.806,-18.38,20.85,147.76,-17.90,-7.40,174.02,54.199,54.307,-33.8878,-5.3308,165.11,600.53,-32.8778,-5.3796,,,0.22560,0
17.0543,6,13,3,1,150.75,544.60,capture,157.58,562.74,19.38,1,178.867,8.163,179.799,-18.37,20.91,147.73,-18.47,-7.71,173.95,53.924,54.516,-31.4745,-6.0227,157.58,562.74,-32.2463,-5.6690,,,0.23190,0
17.1690,6,13,3,1,150.75,544.60,capture,154.51,572.39,28.04,1,178.947,8.219,179.860,-18.43,20.87,147.75,-18.23,-7.61,174.11,54.012,54.521,-32.4688,-5.8104,154.51,572.39,-32.3464,-5.7327,,,0.21696,0
17.2818,6,13,3,1,150.75,544.60,capture,149.34,572.01,27.45,1,178.977,8.322,179.845,-18.39,20.76,147.92,-17.85,-7.46,174.03,53.984,54.557,-32.1444,-5.1555,149.34,572.01,-32.2555,-5.4729,,,0.21840,0
17.3760,6,13,3,1,150.75,544.60,capture,161.32,593.96,50.48,1,178.969,8.175,179.836,-18.47,20.56,147.87,-18.00,-8.23,174.28,54.106,54.014,-32.3482,-5.0224,161.32,593.96,-32.2972,-5.2702,,,0.22026,0
17.4820,6,13,3,1,150.75,544.60,capture,157.98,588.09,44.09,1,178.852,8.059,179.816,-18.60,20.68,147.78,-17.63,-7.59,174.45,54.001,54.563,-33.0919,-5.3275,157.98,588.09,-32.6548,-5.2960,,,0.22235,0
17.5674,6,13,3,1,150.75,544.60,capture,165.52,590.18,47.91,1,178.924,8.175,179.866,-18.38,20.84,147.78,-17.99,-7.83,174.35,54.037,54.343,-33.2899,-5.6907,165.52,590.18,-32.9406,-5.4736,,,0.21474,0
17.6651,6,13,3,1,150.75,544.60,capture,170.03,591.63,50.83,1,178.857,8.234,179.911,-18.34,20.85,147.54,-18.43,-7.49,173.66,53.825,54.346,-32.7443,-4.9754,170.03,591.63,-32.8523,-5.2494,,,0.19462,0
17.7471,6,13,3,1,150.75,544.60,capture,158.96,588.66,44.82,1,178.788,8.308,179.903,-18.43,20.81,147.51,-18.14,-7.90,173.72,54.037,54.497,-32.8386,-6.2042,158.96,588.66,-32.8461,-5.6791,,,0.20121,0
17.8397,6,13,3,1,150.75,544.60,capture,142.20,574.21,30.82,1,178.842,8.296,179.884,-18.46,20.80,147.54,-17.97,-7.30,173.99,54.232,54.659,-32.2701,-6.1616,142.20,574.21,-32.5869,-5.8962,,,0.23317,0
18.0345,7,4,1,0,50.25,233.40,dwell,102.09,785.37,554.40,0,178.940,8.142,179.880,-18.37,20.77,147.60,-18.16,-7.61,173.84,53.844,54.583,-40.8467,-8.3695,102.09,785.37,-40.8467,-8.3695,,,0.20988,0
18.1384,7,4,1,0,50.25,233.40,dwell,114.84,493.36,267.86,0,179.054,8.039,179.917,-18.54,20.80,147.31,-18.18,-8.05,173.35,54.249,54.139,-28.9720,-7.5489,114.84,493.36,-35.5031,-8.0002,,,0.23055,0
18.2229,7,4,1,0,50.25,233.40,dwell,87.40,429.81,199.89,0,179.049,8.113,179.909,-18.58,20.85,147.29,-18.42,-7.57,173.44,54.186,53.973,-25.7867,-8.6208,87.40,429.81,-31.1307,-8.2795,,,0.23410,0
18.3206,7,4,1,0,50.25,233.40,dwell,71.99,274.42,46.42,1,179.053,8.073,179.912,-18.48,20.87,147.37,-17.81,-8.34,173.70,54.002,54.048,-20.2198,-9.6851,71.99,274.42,-26.2208,-8.9120,,,0.19192,0
18.4026,7,4,1,0,50.25,233.40,dwell,-29.97,372.93,160.95,0,179.019,8.008,179.870,-18.57,20.78,147.20,-18.29,-7.99,173.85,54.290,54.100,-24.8788,-14.1632,-29.97,372.93,-25.6169,-11.2750,,,0.22657,0
18.4885,7,4,1,0,50.25,233.40,dwell,91.74,418.05,189.25,0,179.090,7.792,179.882,-18.43,20.76,147.25,-18.42,-8.27,173.51,54.265,54.337,-26.1023,-9.0805,91.74,418.05,-25.8353,-10.2875,,,0.23177,0
18.5947,7,4,1,0,50.25,233.40,dwell,79.10,235.55,28.93,1,179.085,7.691,179.861,-18.44,20.77,147.11,-17.48,-7.68,173.26,53.778,54.102,-18.7355,-8.9061,79.10,235.55,-22.6404,-9.6659,,,0.21290,0
18.6930,7,4,1,0,50.25,233.40,dwell,46.12,297.83,64.56,1,179.035,7.807,179.831,-18.46,21.02,146.94,-17.89,-8.01,173.68,53.699,53.513,-21.2360,-10.3061,46.12,297.83,-22.0084,-9.9540,,,0.24042,0
18.7901,7,4,1,0,50.25,233.40,dwell,14.14,282.28,60.77,1,179.110,7.982,179.824,-18.44,20.94,146.81,-18.75,-7.21,172.94,53.642,53.707,-20.5117,-12.0745,14.14,282.28,-21.3349,-10.9082,,,0.19834,0
18.8915,7,4,1,0,50.25,233.40,dwell,-24.79,289.28,93.56,0,179.085,7.968,179.828,-18.48,21.08,146.85,-18.21,-7.55,173.18,53.770,53.784,-22.2283,-14.5249,-24.79,289.28,-21.7369,-12.5357,,,0.24600,0
18.9764,7,4,1,0,50.25,233.40,capture,-28.77,297.00,101.44,0,178.930,7.983,179.823,-18.53,20.78,146.75,-18.05,-7.36,172.51,53.396,53.590,-21.6189,-14.2471,-28.77,297.00,-21.6838,-13.3059,,,0.21188,0
19.0874,7,4,1,0,50.25,233.40,capture,-22.48,265.27,79.41,0,178.953,7.945,179.828,-18.56,20.75,146.98,-17.98,-7.98,173.23,53.924,53.673,-20.2730,-13.6020,-22.48,265.27,-21.0490,-13.4391,,,0.20285,0
19.1861,7,4,1,0,50.25,233.40,capture,-16.06,259.29,71.19,0,178.910,8.073,179.812,-18.50,20.78,146.88,-17.91,-7.39,173.28,53.808,53.859,-19.6292,-14.3655,-16.06,259.29,-20.4101,-13.8560,,,0.21197,0
19.2997,7,4,1,0,50.25,233.40,capture,2.82,258.42,53.62,1,178.980,8.037,179.805,-18.44,20.79,146.92,-18.06,-7.32,173.10,53.654,53.725,-20.8642,-11.6677,2.82,258.42,-20.6144,-12.8712,,,0.22205,0
19.3953,7,4,1,0,50.25,233.40,capture,-16.08,271.60,76.54,0,178.952,8.097,179.789,-18.43,20.77,147.32,-17.95,-6.94,173.38,53.668,53.780,-20.5668,-13.4410,-16.08,271.60,-20.5930,-13.1276,,,0.23346,0
19.5064,7,4,1,0,50.25,233.40,capture,-8.32,265.30,66.69,0,178.922,8.001,179.792,-18.36,20.69,147.63,-17.66,-7.97,173.40,53.620,53.669,-19.8073,-13.4584,-8.32,265.30,-20.2395,-13.2765,,,0.23606,0
19.6253,7,4,1,0,50.25,233.40,capture,-10.85,252.00,63.87,0,178.941,7.936,179.782,-18.41,20.59,147.89,-17.86,-7.42,174.75,53.950,53.632,-19.7900,-13.6833,-10.85,252.00,-20.0372,-13.4596,,,0.19743,0
19.7295,7,4,1,0,50.25,233.40,capture,-13.10,268.18,72.27,0,178.871,7.996,179.817,-18.41,20.62,147.87,-18.36,-7.05,174.41,54.037,53.808,-20.1178,-13.6988,-13.10,268.18,-20.0735,-13.5672,,,0.21273,0
19.8115,7,4,1,0,50.25,233.40,capture,-31.27,237.84,81.64,0,178.887,8.027,179.817,-18.35,20.55,147.81,-17.45,-7.60,173.77,54.441,54.095,-19.3834,-13.6606,-31.27,237.84,-19.7630,-13.6092,,,0.23790,0
19.8955,7,4,1,0,50.25,233.40,capture,-2.12,258.90,58.25,0,178.978,7.991,179.821,-18.33,20.48,147.80,-18.49,-8.04,173.76,54.123,53.977,-20.0863,-13.4223,-2.12,258.90,-19.9084,-13.5251,,,0.20446,0
20.0094,7,4,1,0,50.25,233.40,capture,-7.76,278.06,73.21,0,178.935,7.945,179.839,-18.27,20.53,147.50,-18.14,-8.09,173.87,54.028,53.595,-20.6620,-13.1593,-7.76,278.06,-20.2476,-13.3605,,,0.22763,0
20.1036,7,4,1,0,50.25,233.40,capture,-8.67,275.32,72.31,0,178.966,7.921,179.850,-18.27,20.31,147.75,-18.10,-8.28,174.26,53.768,53.760,-20.0469,-13.6449,-8.67,275.32,-20.1573,-13.4885,,,0.20117,0
20.2036,7,4,1,0,50.25,233.40,capture,-10.88,276.59,74.85,0,179.025,7.900,179.859,-18.16,20.37,147.66,-17.76,-7.89,174.08,53.792,53.957,-20.7363,-13.8623,-10.88,276.59,-20.4178,-13.6567,,,0.22867,0
20.2856,7,4,1,0,50.25,233.40,capture,-2.66,293.48,80.06,0,179.109,7.930,179.828,-18.20,20.37,147.84,-17.70,-8.50,173.98,54.214,53.938,-21.4187,-12.7337,-2.66,293.48,-20.8682,-13.2414,,,0.24700,0
20.3900,7,4,1,0,50.25,233.40,capture,-12.65,277.92,77.06,0,179.055,7.964,179.865,-18.26,20.35,147.75,-17.92,-7.83,174.54,54.094,53.756,-21.5226,-14.1250,-12.65,277.92,-21.1627,-13.6390,,,0.23653,0
20.4952,7,4,1,0,50.25,233.40,capture,-24.37,258.78,78.82,0,178.971,8.046,179.841,-18.24,20.31,147.58,-17.70,-7.65,174.04,54.189,54.044,-19.1040,-13.8570,-24.37,258.78,-20.2363,-13.7371,,,0.21117,0
20.5947,7,4,1,0,50.25,233.40,capture,-33.94,235.55,84.22,0,179.085,8.073,179.852,-18.11,20.13,147.61,-18.08,-8.56,173.86,53.599,54.330,-18.9577,-14.4275,-33.94,235.55,-19.6609,-14.0477,,,0.19203,0
20.6941,7,4,1,0,50.25,233.40,capture,-26.85,256.03,80.35,0,179.111,8.067,179.847,-18.06,20.01,147.80,-17.55,-8.12,173.81,53.773,54.335,-19.1777,-13.7605,-26.85,256.03,-19.4434,-13.9185,,,0.21190,0
20.8051,7,4,1,0,50.25,233.40,capture,-20.93,278.96,84.51,0,179.042,8.083,179.852,-18.03,20.05,147.88,-17.47,-8.85,174.16,53.221,54.189,-21.1546,-14.1233,-20.93,278.96,-20.2135,-14.0107,,,0.22071,0
20.9184,7,4,1,0,50.25,233.40,capture,-24.45,264.50,80.92,0,179.045,8.183,179.842,-18.14,19.97,147.81,-17.99,-8.41,174.49,53.716,54.015,-19.5816,-13.8533,-24.45,264.50,-19.9291,-13.9398,,,0.22267,0
21.0701,8,2,0,2,251.25,77.80,dwell,74.06,284.13,271.97,0,178.939,8.159,179.815,-18.07,19.87,147.53,-17.92,-8.41,173.86,53.257,53.913,-21.3272,-10.5843,74.06,284.13,-21.3272,-10.5843,,,0.19586,0
21.1616,8,2,0,2,251.25,77.80,dwell,79.56,210.96,217.28,0,179.084,8.065,179.820,-18.11,19.86,147.74,-17.70,-8.86,174.02,53.328,53.951,-17.3070,-9.8424,79.56,210.96,-19.5181,-10.2504,,,0.17386,0
21.2617,8,2,0,2,251.25,77.80,dwell,74.26,306.54,289.22,0,179.109,7.989,179.831,-18.19,20.09,147.55,-17.94,-9.27,174.00,53.259,54.235,-21.9034,-9.6002,74.26,306.54,-20.5915,-9.9578,,,0.19743,0
21.3655,8,2,0,2,251.25,77.80,dwell,194.48,230.91,163.30,0,178.953,8.045,179.803,-18.13,20.33,147.30,-17.98,-8.44,174.00,53.491,54.025,-18.7722,-4.2239,194.48,230.91,-19.7728,-7.3776,,,0.22081,0
21.4848,8,2,0,2,251.25,77.80,dwell,165.55,357.05,292.10,0,178.980,8.063,179.802,-18.10,20.71,147.20,-17.62,-7.81,173.35,53.445,53.618,-23.2585,-5.1493,165.55,357.05,-21.3414,-6.3748,,,0.20889,0
21.5960,8,2,0,2,251.25,77.80,dwell,184.60,156.19,102.89,0,179.070,7.977,179.776,-18.25,20.64,147.30,-17.88,-8.21,173.53,53.582,53.431,-15.5671,-4.7705,184.60,156.19,-18.7430,-5.6529,,,0.21204,0
21.6899,8,2,0,2,251.25,77.80,dwell,146.88,304.10,249.21,0,179.057,7.969,179.772,-18.28,20.87,147.29,-17.88,-7.11,173.23,53.684,53.790,-21.6767,-6.5784,146.88,304.10,-20.0631,-6.0694,,,0.22407,0
21.7727,8,2,0,2,251.25,77.80,dwell,183.12,157.38,104.76,0,179.042,7.945,179.761,-18.31,20.65,147.54,-17.84,-8.06,173.78,53.971,53.410,-15.7201,-4.4619,183.12,157.38,-18.1088,-5.3460,,,0.22845,0
21.8710,8,2,0,2,251.25,77.80,dwell,242.64,212.36,134.84,0,179.007,7.967,179.752,-18.23,20.69,147.71,-18.04,-8.06,173.79,54.126,53.710,-18.5769,-1.3266,242.64,212.36,-18.3194,-3.5373,,,0.22185,0
21.9870,8,2,0,2,251.25,77.80,dwell,244.92,184.35,106.74,0,179.143,7.905,179.777,-18.25,20.74,147.76,-17.74,-7.73,174.48,54.135,53.592,-17.2722,-1.5452,244.92,184.35,-17.8482,-2.6409,,,0.22396,0
22.0799,8,2,0,2,251.25,77.80,dwell,285.28,151.69,81.35,1,179.124,7.901,179.787,-18.30,20.68,147.68,-17.91,-7.16,174.04,53.980,53.484,-15.3912,0.6054,285.28,151.69,-16.7425,-1.1800,,,0.22061,0
22.1722,8,2,0,2,251.25,77.80,capture,301.00,182.43,115.86,0,179.167,7.941,179.775,-18.38,20.80,147.71,-18.08,-7.78,173.96,53.748,53.831,-17.1703,1.3598,301.00,182.43,-16.9350,-0.0371,,,0.21526,0
22.2681,8,2,0,2,251.25,77.80,capture,317.65,183.90,125.16,0,179.189,7.765,179.753,-18.39,20.76,147.68,-17.78,-8.78,173.78,53.714,54.008,-17.1153,1.8250,317.65,183.90,-17.0162,0.8008,,,0.22356,0
22.3651,8,2,0,2,251.25,77.80,capture,299.92,177.93,111.33,0,179.145,7.736,179.765,-18.43,20.73,147.47,-17.83,-7.71,173.73,53.961,53.903,-16.5825,0.9279,299.92,177.93,-16.8210,0.8580,,,0.24727,0
22.4682,8,2,0,2,251.25,77.80,capture,321.04,191.60,133.50,0,179.155,7.742,179.777,-18.48,20.66,147.25,-18.21,-7.78,173.75,54.196,53.889,-17.4965,1.8821,321.04,191.60,-17.1250,1.3188,,,0.23710,0
22.5700,8,2,0,2,251.25,77.80,capture,294.20,206.45,135.63,0,179.103,7.669,179.782,-18.35,20.73,147.31,-18.11,-7.40,173.55,54.293,54.135,-17.6836,0.4865,294.20,206.45,-17.3764,0.9443,,,0.23616,0
22.6703,8,2,0,2,251.25,77.80,capture,300.49,180.02,113.46,0,178.956,7.615,179.820,-18.44,20.52,147.36,-17.85,-7.78,173.06,54.439,54.249,-16.6005,1.8000,300.49,180.02,-17.0272,1.3293,,,0.22913,0
22.7552,8,2,0,2,251.25,77.80,capture,296.90,180.82,112.68,0,179.007,7.647,179.803,-18.41,20.65,147.15,-18.01,-8.30,173.29,53.970,53.815,-17.0007,0.3263,296.90,180.82,-17.0153,0.8780,,,0.21006,0
22.8523,8,2,0,2,251.25,77.80,capture,309.48,210.93,145.31,0,179.100,7.662,179.764,-18.43,20.61,146.98,-18.04,-8.40,173.47,54.028,54.113,-18.2697,1.5731,309.48,210.93,-17.5798,1.1908,,,0.22507,0
22.9466,8,2,0,2,251.25,77.80,capture,296.08,194.12,124.66,0,179.049,7.557,179.761,-18.37,20.60,147.09,-17.95,-8.20,173.22,54.091,54.261,-17.9896,0.7468,296.08,194.12,-17.7642,0.9910,,,0.22602,0
23.0484,8,2,0,2,251.25,77.80,capture,278.41,186.29,111.84,0,179.041,7.616,179.786,-18.45,20.54,147.41,-18.55,-8.92,173.95,53.865,54.482,-16.5613,0.3386,278.41,186.29,-17.2229,0.6974,,,0.21230,0
23.1403,8,2,0,2,251.25,77.80,capture,322.93,195.68,137.96,0,179.070,7.525,179.776,-18.37,20.42,147.52,-17.87,-7.28,173.94,54.125,54.709,-17.4452,2.3215,322.93,195.68,-17.3230,1.4282,,,0.22610,0
23.2245,8,2,0,2,251.25,77.80,capture,320.49,170.46,115.67,0,179.055,7.497,179.794,-18.31,20.41,147.65,-17.97,-7.28,174.11,53.612,54.557,-16.9412,2.6615,320.49,170.46,-17.1512,1.9832,,,0.21546,0
23.3249,8,2,0,2,251.25,77.80,capture,314.97,180.09,120.51,0,178.966,7.516,179.809,-18.27,20.38,147.84,-17.84,-8.83,174.15,53.795,54.375,-17.2125,1.9967,314.97,180.09,-17.1788,1.9893,,,0.23056,0
23.4409,8,2,0,2,251.25,77.80,capture,299.91,172.76,106.70,0,178.900,7.524,179.821,-18.32,20.27,147.95,-17.55,-8.33,174.24,54.050,54.378,-16.0481,0.6017,299.91,172.76,-16.6700,1.3649,,,0.21285,0
23.5419,8,2,0,2,251.25,77.80,capture,307.70,190.05,125.64,0,178.868,7.475,179.829,-18.26,20.15,147.70,-17.78,-9.19,173.99,54.089,54.487,-16.8325,1.5071,307.70,190.05,-16.7431,1.4289,,,0.21427,0
23.6395,8,2,0,2,251.25,77.80,capture,300.33,168.95,103.52,0,178.954,7.533,179.854,-18.26,19.97,147.47,-17.92,-8.57,173.67,54.266,54.161,-16.5084,0.8446,300.33,168.95,-16.6375,1.1660,,,0.23845,0
23.7380,8,2,0,2,251.25,77.80,capture,314.20,183.79,123.27,0,178.804,7.566,179.854,-18.28,19.85,147.32,-17.95,-8.34,172.85,53.984,54.182,-16.4823,1.7708,314.20,183.79,-16.5677,1.4382,,,0.23301,0
23.8246,8,2,0,2,251.25,77.80,capture,315.84,200.48,138.64,0,178.740,7.628,179.834,-18.18,20.12,147.11,-18.23,-8.44,172.74,54.444,53.796,-18.9119,1.6836,315.84,200.48,-17.6226,1.5486,,,0.23885,0
23.9496,8,2,0,2,251.25,77.80,capture,289.66,199.94,128.04,0,178.754,7.606,179.839,-18.19,20.14,147.41,-17.64,-7.86,173.49,54.418,54.147,-17.8561,0.3211,289.66,199.94,-17.7277,0.9962,,,0.23900,0
24.0800,8,2,0,2,251.25,77.80,capture,311.58,195.70,132.44,0,178.842,7.557,179.846,-18.18,20.33,147.62,-17.81,-8.29,173.95,54.086,54.311,-17.3465,2.0969,311.58,195.70,-17.5561,1.4915,,,0.20941,0
24.2814,9,16,4,0,50.25,700.20,dwell,272.47,124.07,617.50,0,178.841,7.728,179.836,-18.12,20.18,147.68,-17.84,-7.94,173.77,54.443,54.700,-14.6876,-0.6204,272.47,124.07,-14.6876,-0.6204,,,0.23708,0
24.3642,9,16,4,0,50.25,700.20,dwell,193.88,355.68,373.26,0,178.808,7.791,179.824,-18.08,20.23,147.56,-17.97,-7.55,173.82,54.616,54.332,-23.2330,-4.2203,193.88,355.68,-18.5330,-2.2403,,,0.22965,0
24.4576,9,16,4,0,50.25,700.20,dwell,277.35,305.31,455.54,0,178.746,7.930,179.836,-18.06,20.01,147.48,-18.07,-8.47,173.17,54.181,54.383,-21.8744,0.2184,277.35,305.31,-20.0366,-1.1339,,,0.21582,0
24.5564,9,16,4,0,50.25,700.20,dwell,142.30,438.93,277.01,0,178.768,7.934,179.854,-18.01,20.03,147.75,-17.69,-9.38,174.14,54.426,54.575,-26.4811,-6.7322,142.30,438.93,-22.9366,-3.6531,,,0.23785,0
24.6448,9,16,4,0,50.25,700.20,dwell,134.22,485.60,230.44,0,178.747,8.111,179.862,-18.16,19.99,147.63,-17.72,-8.13,174.12,54.303,54.409,-29.1165,-7.5743,134.22,485.60,-25.7176,-5.4177,,,0.23523,0
24.7453,9,16,4,0,50.25,700.20,dwell,95.15,508.47,196.92,0,178.729,8.210,179.858,-18.17,20.30,147.71,-17.46,-8.04,173.89,54.163,54.306,-29.2708,-7.9326,95.15,508.47,-27.3165,-6.5494,,,0.24056,0
24.8489,9,16,4,0,50.25,700.20,dwell,30.47,640.13,63.24,1,178.851,8.133,179.867,-18.19,20.41,147.68,-16.98,-7.91,173.79,54.068,54.249,-34.4843,-11.3633,30.47,640.13,-30.5420,-8.7156,,,0.19388,0
24.9424,9,16,4,0,50.25,700.20,dwell,53.85,629.23,71.06,1,178.995,8.274,179.863,-18.22,20.26,147.79,-17.50,-8.16,173.78,54.238,54.151,-32.6702,-10.3957,53.85,629.23,-31.4997,-9.4717,,,0.24923,0
25.0426,9,16,4,0,50.25,700.20,dwell,44.85,644.48,55.98,1,178.983,8.239,179.855,-18.12,20.37,147.74,-17.10,-6.79,174.46,54.340,54.277,-35.8660,-11.5964,44.85,644.48,-33.4645,-10.4278,,,0.21836,0
25.1425,9,16,4,0,50.25,700.20,capture,18.17,685.31,35.37,1,179.010,8.306,179.865,-17.99,20.61,147.65,-17.55,-7.93,173.84,53.948,54.090,-37.3388,-11.6765,18.17,685.31,-35.2079,-10.9897,,,0.23900,0
25.2502,9,16,4,0,50.25,700.20,capture,20.15,684.87,33.78,1,179.023,8.499,179.841,-17.96,20.59,147.84,-17.38,-7.59,174.33,53.840,53.852,-36.9714,-11.9076,20.15,684.87,-36.0015,-11.4028,,,0.20045,0
25.3322,9,16,4,0,50.25,700.20,capture,19.26,696.54,31.21,1,179.098,8.586,179.860,-17.99,20.41,147.75,-17.93,-8.16,174.25,53.938,53.754,-36.7459,-12.1592,19.26,696.54,-36.3365,-11.7432,,,0.24791,0
25.4554,9,16,4,0,50.25,700.20,capture,20.42,694.54,30.36,1,179.043,8.610,179.856,-17.92,20.39,147.62,-17.31,-8.26,174.25,53.922,54.182,-37.0797,-11.5046,20.42,694.54,-36.6710,-11.6358,,,0.21502,0
25.5631,9,16,4,0,50.25,700.20,capture,23.18,670.50,40.19,1,179.116,8.477,179.876,-17.93,20.50,147.41,-17.19,-7.34,173.70,54.152,54.590,-36.0933,-11.3255,23.18,670.50,-36.4110,-11.4962,,,0.22735,0
25.6588,9,16,4,0,50.25,700.20,capture,1.34,673.00,55.96,1,179.176,8.568,179.860,-18.04,20.63,147.28,-17.68,-8.11,173.67,53.902,54.455,-36.2459,-12.2394,1.34,673.00,-36.3367,-11.8306,,,0.20325,0
25.7535,9,16,4,0,50.25,700.20,capture,12.58,702.04,37.71,1,179.242,8.531,179.871,-18.03,20.62,147.36,-17.43,-8.42,173.46,53.755,54.387,-36.5468,-12.4089,12.58,702.04,-36.4313,-12.0909,,,0.20088,0
25.8632,9,16,4,0,50.25,700.20,capture,10.50,685.71,42.31,1,179.187,8.632,179.855,-18.02,20.61,147.50,-17.03,-7.80,173.54,53.825,54.660,-36.1289,-12.6174,10.50,685.71,-36.2952,-12.3278,,,0.20198,0
25.9601,9,16,4,0,50.25,700.20,capture,6.96,711.50,44.74,1,179.221,8.742,179.827,-18.18,20.66,147.59,-18.05,-7.98,173.86,53.495,54.532,-37.3323,-12.7572,6.96,711.50,-36.7619,-12.5210,,,0.20251,0
26.0818,9,16,4,0,50.25,700.20,capture,1.93,692.91,48.87,1,179.228,8.732,179.813,-18.09,20.58,147.68,-17.70,-8.77,173.84,53.527,54.372,-36.1983,-13.5979,1.93,692.91,-36.5083,-13.0056,,,0.20879,0
26.1918,9,16,4,0,50.25,700.20,capture,20.40,691.67,31.04,1,179.170,8.620,179.820,-17.96,20.57,147.60,-17.81,-8.29,174.03,53.816,54.104,-36.6742,-11.3748,20.40,691.67,-36.5829,-12.2717,,,0.22068,0
26.2738,9,16,4,0,50.25,700.20,capture,-3.19,690.35,54.34,0,179.027,8.600,179.815,-17.98,20.64,147.55,-17.04,-8.05,173.94,53.686,53.927,-37.9658,-13.3214,-3.19,690.35,-37.2052,-12.7441,,,0.21936,0
26.3558,9,16,4,0,50.25,700.20,capture,-14.30,669.06,71.67,0,179.069,8.684,179.790,-18.02,20.65,147.73,-17.93,-8.05,174.15,53.942,53.789,-35.6856,-13.2523,-14.30,669.06,-36.5214,-12.9728,,,0.20908,0
26.4577,9,16,4,0,50.25,700.20,capture,-11.79,694.17,62.33,0,178.977,8.644,179.744,-18.02,20.73,148.02,-18.15,-7.09,174.74,54.001,54.146,-37.7072,-13.2201,-11.79,694.17,-37.0550,-13.0841,,,0.23438,0
26.5710,9,16,4,0,50.25,700.20,capture,10.22,695.15,40.35,1,178.914,8.630,179.744,-18.06,20.69,148.30,-17.91,-7.51,174.93,53.757,53.974,-36.8028,-12.7874,10.22,695.15,-36.9415,-12.9506,,,0.20665,0
26.6670,9,16,4,0,50.25,700.20,capture,44.24,694.47,8.30,1,179.035,8.612,179.734,-18.12,20.66,148.36,-17.27,-7.94,174.92,53.726,53.485,-36.5044,-11.0742,44.24,694.47,-36.7448,-12.1062,,,0.20708,0
26.7889,9,16,4,0,50.25,700.20,capture,3.02,684.25,49.85,1,178.904,8.659,179.796,-18.25,20.64,148.24,-17.91,-8.37,174.90,53.850,53.885,-35.6469,-12.6794,3.02,684.25,-36.2508,-12.3641,,,0.24181,0
26.8952,9,16,4,0,50.25,700.20,capture,3.74,679.30,50.99,1,178.886,8.609,179.810,-18.22,20.54,148.19,-17.64,-7.88,174.66,53.493,53.936,-36.3550,-12.5348,3.74,679.30,-36.2976,-12.4409,,,0.22734,0
26.9891,9,16,4,0,50.25,700.20,capture,25.72,673.37,36.35,1,178.849,8.426,179.833,-18.34,20.36,148.39,-17.82,-8.20,175.04,53.695,53.701,-36.6737,-10.9752,25.72,673.37,-36.4669,-11.7814,,,0.19325,0
27.0953,9,16,4,0,50.25,700.20,capture,22.66,671.08,40.11,1,178.767,8.566,179.816,-18.39,20.52,148.33,-18.00,-8.70,175.00,53.414,53.634,-35.5105,-11.7391,22.66,671.08,-36.0365,-11.7624,,,0.22173,0
27.2723,10,1,0,1,150.75,77.80,dwell,89.30,469.10,396.10,0,178.772,8.386,179.779,-18.41,20.48,148.25,-18.09,-7.92,175.08,53.291,54.336,-27.2096,-8.8516,89.30,469.10,-27.2096,-8.8516,,,0.19392,0
27.3935,10,1,0,1,150.75,77.80,dwell,99.60,588.63,513.38,0,178.799,8.261,179.764,-18.30,20.48,148.01,-18.15,-8.33,174.56,53.502,54.306,-32.8366,-8.4591,99.60,588.63,-29.7417,-8.6750,,,0.19182,0
27.4989,10,1,0,1,150.75,77.80,dwell,109.18,383.97,308.98,0,178.920,8.165,179.756,-18.18,20.57,148.06,-17.77,-8.75,174.25,53.714,53.759,-24.2860,-7.3649,109.18,383.97,-27.2867,-8.0854,,,0.22596,0
27.6041,10,1,0,1,150.75,77.80,dwell,139.24,411.71,334.11,0,178.810,8.088,179.789,-18.12,20.52,147.99,-17.34,-8.58,174.85,54.049,53.876,-25.5323,-6.2415,139.24,411.71,-26.4972,-7.2557,,,0.24104,0
27.6979,10,1,0,1,150.75,77.80,dwell,46.84,369.45,309.61,0,178.722,8.209,179.804,-18.24,20.65,147.91,-17.83,-7.41,174.05,53.829,54.033,-24.7182,-10.1462,46.84,369.45,-25.6967,-8.5564,,,0.21279,0
27.7855,10,1,0,1,150.75,77.80,dwell,119.41,310.83,235.13,0,178.817,8.180,179.794,-18.27,20.69,147.81,-18.04,-7.25,174.01,54.160,54.010,-21.2200,-6.9717,119.41,310.83,-23.6822,-7.8433,,,0.22119,0
27.8892,10,1,0,1,150.75,77.80,dwell,134.93,176.77,100.23,0,178.788,8.050,179.786,-18.22,20.46,147.65,-18.26,-8.15,173.86,53.745,54.242,-16.7661,-6.7131,134.93,176.77,-20.5699,-7.3347,,,0.23495,0
27.9825,10,1,0,1,150.75,77.80,dwell,123.34,211.04,136.03,0,178.788,8.049,179.785,-18.14,20.32,147.64,-17.75,-8.23,174.36,53.607,54.626,-17.1617,-6.9383,123.34,211.04,-19.0362,-7.1563,,,0.19734,0
28.0851,10,1,0,1,150.75,77.80,dwell,71.86,139.84,100.36,0,178.864,7.975,179.806,-18.12,20.35,147.62,-17.22,-7.69,174.12,53.824,54.050,-16.6880,-9.3324,71.86,139.84,-17.9795,-8.1355,,,0.22003,0
28.1794,10,1,0,1,150.75,77.80,dwell,198.94,121.94,65.35,1,178.895,8.051,179.853,-18.17,20.71,147.62,-17.49,-8.18,173.53,53.568,53.888,-15.3944,-4.1963,198.94,121.94,-16.8162,-6.3629,,,0.20257,0
28.2778,10,1,0,1,150.75,77.80,capture,151.11,68.24,9.57,1,178.989,8.030,179.827,-18.29,20.77,147.51,-17.47,-7.61,173.40,53.315,54.139,-12.1604,-5.7418,151.11,68.24,-14.7211,-6.0834,,,0.19790,0
28.3972,10,1,0,1,150.75,77.80,capture,152.46,49.60,28.25,1,179.075,8.006,179.812,-18.34,20.78,147.59,-17.97,-7.73,174.15,53.068,54.187,-11.4383,-6.0374,152.46,49.60,-13.2439,-6.0627,,,0.17375,0
28.5047,10,1,0,1,150.75,77.80,capture,160.22,50.94,28.48,1,179.055,7.856,179.796,-18.39,20.94,147.42,-17.76,-7.78,173.36,53.519,54.001,-12.2959,-5.1234,160.22,50.94,-12.8173,-5.6400,,,0.21637,0
28.6177,10,1,0,1,150.75,77.80,capture,131.75,42.41,40.17,1,179.029,7.886,179.800,-18.49,20.76,147.51,-18.78,-7.59,173.62,54.061,54.413,-11.9143,-6.8316,131.75,42.41,-12.4109,-6.1762,,,0.21913,0
28.7059,10,1,0,1,150.75,77.80,capture,172.61,31.28,51.40,1,178.994,7.821,179.782,-18.51,20.75,147.57,-18.51,-7.85,174.00,53.759,55.151,-11.1243,-4.8915,172.61,31.28,-11.8320,-5.5981,,,0.19251,0
28.8118,10,1,0,1,150.75,77.80,capture,146.46,48.72,29.39,1,178.881,7.749,179.805,-18.51,20.70,147.28,-17.64,-8.07,173.09,53.677,54.570,-12.4922,-5.7359,146.46,48.72,-12.1290,-5.6601,,,0.22575,0
28.8938,10,1,0,1,150.75,77.80,capture,155.35,81.67,6.01,1,178.881,7.687,179.767,-18.49,20.70,147.44,-18.58,-8.36,173.99,53.795,54.539,-12.7007,-5.4981,155.35,81.67,-12.3863,-5.5872,,,0.22249,0
28.9857,10,1,0,1,150.75,77.80,capture,150.25,52.96,24.85,1,178.948,7.598,179.789,-18.58,20.78,147.32,-18.00,-8.12,173.96,53.434,53.708,-11.5503,-5.4425,150.25,52.96,-12.0101,-5.5221,,,0.19887,0
29.0911,10,1,0,1,150.75,77.80,capture,153.49,64.32,13.76,1,179.020,7.592,179.824,-18.39,20.75,147.37,-17.71,-7.75,173.29,53.594,53.887,-12.1927,-5.6507,153.49,64.32,-12.0923,-5.5800,,,0.21085,0
29.2057,10,1,0,1,150.75,77.80,capture,138.49,54.65,26.20,1,179.009,7.652,179.791,-18.39,20.59,147.34,-17.49,-7.95,173.58,53.701,53.732,-11.7285,-6.0159,138.49,54.65,-11.9286,-5.7761,,,0.22401,0
29.3143,10,1,0,1,150.75,77.80,capture,155.07,34.39,43.62,1,179.181,7.575,179.769,-18.33,20.54,147.39,-17.05,-7.97,173.85,53.546,54.061,-11.0380,-5.2663,155.07,34.39,-11.5278,-5.5467,,,0.19335,0
29.4267,10,1,0,1,150.75,77.80,capture,170.98,50.77,33.76,1,179.077,7.544,179.747,-18.39,20.42,147.49,-17.48,-7.68,173.46,53.903,54.116,-11.2069,-4.3402,170.98,50.77,-11.3834,-5.0038,,,0.22235,0
29.5158,10,1,0,1,150.75,77.80,capture,154.59,55.09,23.03,1,179.140,7.670,179.751,-18.45,20.47,147.61,-18.08,-8.33,174.08,53.610,54.173,-12.2031,-6.3041,154.59,55.09,-11.7523,-5.5889,,,0.20175,0
29.6128,10,1,0,1,150.75,77.80,capture,156.03,61.74,16.91,1,179.168,7.571,179.806,-18.49,20.50,147.51,-18.42,-8.15,174.06,53.926,54.139,-12.8258,-5.3092,156.03,61.74,-12.2353,-5.4630,,,0.21002,0
29.7036,10,1,0,1,150.75,77.80,capture,163.42,48.68,31.76,1,179.166,7.548,179.808,-18.49,20.52,147.38,-18.11,-8.04,173.61,53.770,54.218,-11.5872,-5.2026,163.42,48.68,-11.9437,-5.3459,,,0.21412,0
29.8260,10,1,0,1,150.75,77.80,capture,183.04,70.90,33.02,1,179.095,7.645,179.779,-18.56,20.43,147.30,-17.76,-7.44,173.61,54.316,54.248,-12.4927,-4.1147,183.04,70.90,-12.1907,-4.7919,,,0.21043,0
29.9232,10,1,0,1,150.75,77.80,capture,188.46,28.05,62.43,1,179.249,7.589,179.779,-18.61,20.27,147.35,-17.76,-8.74,173.49,54.407,54.441,-10.8128,-4.5003,188.46,28.05,-11.5707,-4.6607,,,0.25261,0
30.0086,10,1,0,1,150.75,77.80,capture,159.57,62.01,18.09,1,179.276,7.722,179.785,-18.48,20.20,147.45,-17.56,-8.69,173.67,53.881,54.028,-12.3123,-5.2931,159.57,62.01,-11.9044,-4.9453,,,0.23750,0
30.1048,10,1,0,1,150.75,77.80,capture,166.52,59.95,23.82,1,179.253,7.589,179.791,-18.42,20.24,147.41,-18.31,-8.29,173.46,54.005,53.645,-12.0543,-5.4275,166.52,59.95,-11.9719,-5.1623,,,0.21314,0
30.1868,10,1,0,1,150.75,77.80,capture,162.93,51.80,28.71,1,179.202,7.603,179.804,-18.40,20.14,147.46,-18.45,-8.14,173.64,53.933,53.751,-12.1487,-5.6804,162.93,51.80,-12.0514,-5.3954,,,0.20172,0
30.3550,11,0,0,0,50.25,77.80,dwell,127.35,106.16,82.15,0,179.152,7.600,179.793,-18.32,20.06,147.29,-17.94,-8.34,173.59,53.585,54.041,-14.4317,-6.7804,127.35,106.16,-14.4317,-6.7804,,,0.22679,0
30.4458,11,0,0,0,50.25,77.80,dwell,68.09,-17.50,96.96,0,179.225,7.594,179.784,-18.36,20.20,147.41,-18.07,-8.78,174.34,53.269,54.181,-8.4662,-9.7042,68.09,-17.50,-11.7472,-8.0961,,,0.20109,0
30.5373,11,0,0,0,50.25,77.80,dwell,187.25,65.30,137.57,0,179.153,7.582,179.811,-18.36,20.23,147.26,-18.56,-7.75,173.72,53.022,54.346,-12.2988,-4.2946,187.25,65.30,-11.9954,-6.3854,,,0.19206,0
30.6587,11,0,0,0,50.25,77.80,dwell,121.30,87.06,71.65,0,179.091,7.629,179.843,-18.43,20.25,147.60,-18.09,-8.90,173.19,53.569,54.297,-13.3140,-7.1297,121.30,87.06,-12.5888,-6.7204,,,0.21742,0
30.7572,11,0,0,0,50.25,77.80,dwell,136.02,66.85,86.47,0,179.072,7.654,179.849,-18.43,20.18,147.45,-18.05,-8.79,174.13,53.518,54.128,-12.5178,-6.8708,136.02,66.85,-12.5569,-6.7880,,,0.21370,0
30.8463,11,0,0,0,50.25,77.80,dwell,76.11,-18.76,99.96,0,179.009,7.559,179.816,-18.35,20.07,147.64,-18.41,-8.52,174.08,53.592,54.232,-8.9819,-9.1126,76.11,-18.76,-10.9481,-7.8341,,,0.24139,0
30.9491,11,0,0,0,50.25,77.80,dwell,74.23,68.43,25.75,1,179.094,7.726,179.857,-18.40,20.04,147.72,-18.38,-8.57,174.18,53.831,54.170,-12.4489,-8.6475,74.23,68.43,-11.6234,-8.2001,,,0.23562,0
31.0550,11,0,0,0,50.25,77.80,dwell,82.13,73.64,32.15,1,179.150,7.761,179.876,-18.44,20.02,147.91,-17.93,-8.66,174.34,53.731,53.803,-12.4440,-9.2566,82.13,73.64,-11.9927,-8.6755,,,0.20365,0
31.1577,11,0,0,0,50.25,77.80,capture,53.70,48.80,29.20,1,179.136,7.726,179.876,-18.45,20.12,147.87,-17.77,-8.48,174.10,53.442,53.997,-11.7205,-10.2422,53.70,48.80,-11.8702,-9.3806,,,0.21911,0
31.2560,11,0,0,0,50.25,77.80,capture,60.22,61.63,19.00,1,179.209,7.681,179.850,-18.39,20.25,147.70,-17.62,-7.81,173.68,53.805,53.955,-12.6533,-9.6126,60.22,61.63,-12.2226,-9.4850,,,0.21011,0
31.3684,11,0,0,0,50.25,77.80,capture,83.55,35.21,54.06,1,179.163,7.628,179.830,-18.43,20.29,147.77,-17.91,-7.59,173.96,53.916,53.724,-11.2289,-8.4058,83.55,35.21,-11.7754,-8.9993,,,0.21427,0
31.4692,11,0,0,0,50.25,77.80,capture,63.03,51.10,29.60,1,179.214,7.665,179.836,-18.40,20.26,147.81,-17.91,-7.91,174.17,54.214,53.754,-12.3315,-9.3130,63.03,51.10,-12.0257,-9.1405,,,0.22468,0
31.5557,11,0,0,0,50.25,77.80,capture,52.16,42.83,35.02,1,179.023,7.652,179.803,-18.40,20.38,147.76,-18.04,-8.23,174.02,53.880,53.559,-11.1969,-10.6900,52.16,42.83,-11.6528,-9.8378,,,0.23467,0
31.6585,11,0,0,0,50.25,77.80,capture,45.84,29.55,48.45,1,178.803,7.531,179.775,-18.52,20.28,147.69,-17.63,-7.52,174.03,54.083,53.526,-10.9346,-10.4173,45.84,29.55,-11.3296,-10.0985,,,0.25333,0
31.7561,11,0,0,0,50.25,77.80,capture,66.03,69.97,17.62,1,178.871,7.553,179.772,-18.32,20.38,147.49,-17.73,-7.74,173.74,53.990,53.770,-13.4180,-10.0856,66.03,69.97,-12.2694,-10.0927,,,0.23375,0
31.8668,11,0,0,0,50.25,77.80,capture,40.04,45.49,33.88,1,178.794,7.394,179.801,-18.23,20.50,147.54,-17.96,-8.81,173.96,53.948,54.006,-12.2141,-11.2336,40.04,45.49,-12.2445,-10.6061,,,0.24609,0
31.9858,11,0,0,0,50.25,77.80,capture,87.26,64.16,39.44,1,178.730,7.341,179.824,-18.40,20.36,147.45,-17.91,-7.82,173.87,53.941,54.364,-12.3177,-8.6302,87.26,64.16,-12.2774,-9.7170,,,0.24527,0
32.0722,11,0,0,0,50.25,77.80,capture,59.85,58.22,21.81,1,178.797,7.358,179.853,-18.32,20.37,147.58,-18.34,-7.84,174.18,53.779,54.305,-10.6512,-9.4679,59.85,58.22,-11.5456,-9.6049,,,0.20883,0
32.1644,11,0,0,0,50.25,77.80,capture,56.45,58.55,20.22,1,178.907,7.399,179.861,-18.36,20.22,147.50,-17.85,-7.61,173.92,53.569,54.304,-11.3934,-10.3734,56.45,58.55,-11.4771,-9.9507,,,0.21149,0
32.2620,11,0,0,0,50.25,77.80,capture,73.73,35.82,48.10,1,178.813,7.522,179.892,-18.38,20.21,147.74,-18.15,-7.78,174.02,53.788,54.155,-11.1766,-9.0851,73.73,35.82,-11.3419,-9.5612,,,0.21054,0
32.3638,11,0,0,0,50.25,77.80,capture,76.33,11.90,70.87,1,178.743,7.509,179.882,-18.36,20.32,147.67,-17.63,-7.51,173.64,53.593,54.301,-10.0579,-9.4537,76.33,11.90,-10.7641,-9.5128,,,0.20863,0
32.4622,11,0,0,0,50.25,77.80,capture,60.36,60.02,20.45,1,178.759,7.440,179.877,-18.26,20.38,147.68,-17.71,-7.84,174.43,53.537,54.478,-12.8124,-10.2205,60.36,60.02,-11.6858,-9.8313,,,0.22554,0
32.5799,11,0,0,0,50.25,77.80,capture,72.91,66.50,25.32,1,178.796,7.472,179.853,-18.32,20.37,147.68,-17.06,-8.95,174.32,53.194,54.523,-13.5272,-9.4539,72.91,66.50,-12.5144,-9.6615,,,0.19333,0
32.6656,11,0,0,0,50.25,77.80,capture,83.41,36.23,53.18,1,178.837,7.610,179.810,-18.36,20.24,147.70,-17.80,-8.25,173.89,53.808,54.265,-10.7723,-8.2631,83.41,36.23,-11.7304,-9.0322,,,0.22823,0
32.7518,11,0,0,0,50.25,77.80,capture,72.01,53.88,32.34,1,178.751,7.550,179.802,-18.35,20.25,147.61,-17.95,-8.48,174.41,54.055,54.368,-12.3105,-9.2784,72.01,53.88,-11.9915,-9.1430,,,0.22330,0
32.8426,11,0,0,0,50.25,77.80,capture,62.79,58.26,23.22,1,178.738,7.594,179.818,-18.31,20.39,147.46,-17.75,-7.76,173.54,54.210,54.220,-12.0951,-9.8711,62.79,58.26,-12.0381,-9.4706,,,0.22880,0
32.9523,11,0,0,0,50.25,77.80,capture,52.56,20.87,56.98,1,178.719,7.490,179.826,-18.43,20.32,147.79,-18.01,-8.30,174.32,54.092,53.984,-11.0786,-10.4738,52.56,20.87,-11.6063,-9.9221,,,0.19637,0
33.0531,11,0,0,0,50.25,77.80,capture,60.18,38.40,40.63,1,178.781,7.378,179.831,-18.39,20.50,148.02,-17.99,-8.45,174.07,54.147,53.847,-10.4914,-10.7982,60.18,38.40,-11.1046,-10.3163,,,0.24312,0
33.2284,12,15,3,3,351.75,544.60,dwell,151.47,253.32,353.49,0,178.895,7.534,179.817,-18.32,20.50,148.12,-17.35,-7.41,175.04,54.134,53.888,-20.1917,-5.5476,151.47,253.32,-20.1917,-5.5476,,,0.22063,0
33.3104,12,15,3,3,351.75,544.60,dwell,195.77,245.09,337.69,0,178.864,7.640,179.798,-18.45,20.59,148.39,-18.50,-8.87,174.29,54.217,53.928,-19.6714,-4.4332,195.77,245.09,-19.9576,-5.0461,,,0.22000,0
33.3996,12,15,3,3,351.75,544.60,dwell,91.86,291.56,362.73,0,178.891,7.552,179.764,-18.59,20.57,148.17,-17.79,-7.36,175.06,54.178,53.656,-21.6494,-8.6745,91.86,291.56,-20.7189,-6.6789,,,0.20935,0
33.5047,12,15,3,3,351.75,544.60,dwell,194.02,293.57,296.47,0,178.907,7.829,179.773,-18.58,20.88,148.03,-17.68,-7.94,173.99,54.010,53.741,-23.0599,-4.4637,194.02,293.57,-21.7723,-5.6820,,,0.21787,0
33.5986,12,15,3,3,351.75,544.60,dwell,164.13,293.35,313.57,0,178.901,8.000,179.754,-18.65,20.85,147.92,-18.34,-7.62,174.31,53.961,53.783,-21.0953,-5.8295,164.13,293.35,-21.4677,-5.7484,,,0.21340,0
33.6987,12,15,3,3,351.75,544.60,dwell,202.94,298.54,287.56,0,179.045,7.979,179.776,-18.57,20.70,147.87,-18.12,-8.45,174.11,54.018,53.633,-22.3190,-3.3513,202.94,298.54,-21.8508,-4.6697,,,0.24567,0
33.8052,12,15,3,3,351.75,544.60,dwell,209.36,397.78,204.53,0,179.029,7.995,179.766,-18.53,20.79,147.79,-17.78,-7.42,174.36,54.180,53.918,-24.7848,-3.1379,209.36,397.78,-23.1711,-3.9804,,,0.22367,0
33.9029,12,15,3,3,351.75,544.60,dwell,273.01,412.84,153.49,0,179.011,8.016,179.808,-18.39,20.86,147.66,-17.83,-8.37,174.00,53.962,54.083,-25.2233,-0.1663,273.01,412.84,-24.0946,-2.2641,,,0.19530,0
34.0081,12,15,3,3,351.75,544.60,dwell,312.96,447.41,104.64,0,179.163,8.106,179.808,-18.43,20.70,147.59,-18.10,-8.56,173.90,54.039,54.164,-27.1548,1.4373,312.96,447.41,-25.4717,-0.5985,,,0.24767,0
34.0901,12,15,3,3,351.75,544.60,dwell,264.63,502.29,96.85,0,179.069,8.228,179.807,-18.27,20.62,147.48,-17.47,-8.52,173.85,54.355,53.923,-28.3030,-0.6300,264.63,502.29,-26.7458,-0.6127,,,0.25967,0
34.1843,12,15,3,3,351.75,544.60,capture,319.93,499.62,55.10,1,179.040,8.220,179.787,-18.19,20.37,147.28,-17.58,-9.38,173.74,54.159,54.013,-29.3986,1.4522,319.93,499.62,-27.9396,0.3165,,,0.23500,0
34.2882,12,15,3,3,351.75,544.60,capture,307.38,520.11,50.68,1,179.008,8.273,179.781,-18.27,20.53,147.37,-17.78,-8.22,174.00,54.093,54.260,-29.8317,2.0091,307.38,520.11,-28.7910,1.0782,,,0.21912,0
34.4009,12,15,3,3,351.75,544.60,capture,283.21,502.58,80.40,0,179.051,8.269,179.794,-18.26,20.49,147.47,-18.02,-7.89,174.03,54.091,54.398,-29.3142,0.4535,283.21,502.58,-29.0265,0.7971,,,0.23585,0
34.4834,12,15,3,3,351.75,544.60,capture,307.54,503.92,60.08,1,179.079,8.368,179.766,-18.26,20.35,147.22,-17.80,-7.94,173.57,53.992,54.608,-30.2015,1.0863,307.54,503.92,-29.5552,0.9272,,,0.21296,0
34.5702,12,15,3,3,351.75,544.60,capture,295.47,493.44,76.06,0,179.092,8.405,179.786,-18.26,20.32,147.13,-18.30,-8.09,173.42,54.134,54.345,-29.2559,0.6913,295.47,493.44,-29.4205,0.8211,,,0.24164,0
34.6850,12,15,3,3,351.75,544.60,capture,305.80,516.45,53.89,1,179.100,8.310,179.805,-18.31,20.33,147.37,-18.02,-7.98,173.47,53.878,54.628,-30.1899,0.3852,305.80,516.45,-29.7667,0.6249,,,0.25437,0
34.7968,12,15,3,3,351.75,544.60,capture,281.87,515.18,75.82,0,178.991,8.364,179.794,-18.31,20.32,147.36,-17.79,-8.48,173.63,53.953,54.563,-30.5690,-0.1222,281.87,515.18,-30.1277,0.2887,,,0.22655,0
34.8968,12,15,3,3,351.75,544.60,capture,299.89,509.74,62.49,0,178.942,8.413,179.805,-18.29,20.11,147.44,-17.29,-7.83,173.88,54.049,54.365,-30.2238,0.9271,299.89,509.74,-30.1710,0.5760,,,0.24242,0
35.0014,12,15,3,3,351.75,544.60,capture,291.16,498.58,76.09,0,178.841,8.274,179.807,-18.34,20.38,147.50,-17.81,-7.99,173.69,54.084,54.065,-29.4839,0.3521,291.16,498.58,-29.8618,0.4752,,,0.22261,0
35.0907,12,15,3,3,351.75,544.60,capture,282.97,492.51,86.28,0,178.741,8.360,179.822,-18.24,20.41,147.34,-17.48,-7.99,173.43,53.601,54.056,-27.7564,0.0091,282.97,492.51,-28.9144,0.2655,,,0.17830,0
35.1953,12,15,3,3,351.75,544.60,capture,283.24,495.11,84.52,0,178.748,8.356,179.845,-18.16,20.50,147.13,-17.25,-7.87,173.28,53.635,54.457,-29.3327,0.3087,283.24,495.11,-29.1026,0.2849,,,0.21274,0
35.3109,12,15,3,3,351.75,544.60,capture,264.39,517.85,91.36,0,178.653,8.309,179.828,-18.12,20.48,147.15,-17.44,-7.76,172.73,53.634,54.121,-30.0504,-0.6341,264.39,517.85,-29.5291,-0.1286,,,0.22063,0
35.4145,12,15,3,3,351.75,544.60,capture,257.15,504.39,102.79,0,178.739,8.315,179.808,-18.13,20.56,146.90,-17.69,-7.60,173.52,53.519,53.789,-29.3083,-1.6000,257.15,504.39,-29.4298,-0.7907,,,0.19299,0
35.5115,12,15,3,3,351.75,544.60,capture,288.95,522.18,66.68,0,178.822,8.382,179.822,-18.06,20.70,147.20,-16.89,-7.83,173.20,53.367,53.880,-30.0516,0.4064,288.95,522.18,-29.7096,-0.2520,,,0.22194,0
35.6270,12,15,3,3,351.75,544.60,capture,287.32,503.55,76.40,0,178.854,8.447,179.858,-17.99,20.58,147.45,-17.42,-8.37,173.58,53.507,54.100,-29.4449,0.6557,287.32,503.55,-29.5905,0.1565,,,0.19696,0
35.7382,12,15,3,3,351.75,544.60,capture,288.27,512.30,71.22,0,178.717,8.394,179.855,-17.98,20.48,147.43,-17.27,-8.63,174.35,53.911,54.086,-29.7633,0.6402,288.27,512.30,-29.6683,0.3741,,,0.21114,0
35.8290,12,15,3,3,351.75,544.60,capture,308.41,536.36,44.12,1,178.720,8.356,179.862,-17.89,20.49,147.38,-18.35,-7.88,173.67,53.546,54.180,-30.9567,1.3496,308.41,536.36,-30.2480,0.8131,,,0.21544,0
35.9384,12,15,3,3,351.75,544.60,capture,303.00,538.50,49.13,1,178.850,8.462,179.879,-18.07,20.48,147.52,-17.65,-7.89,173.53,53.656,54.198,-30.9552,1.1363,303.00,538.50,-30.5663,0.9585,,,0.22993,0
36.0204,12,15,3,3,351.75,544.60,capture,297.30,516.49,61.28,0,178.790,8.528,179.865,-18.03,20.67,147.60,-17.76,-7.98,174.21,53.579,54.127,-29.7083,0.4914,297.30,516.49,-30.1802,0.7483,,,0.22973,0
36.1138,12,15,3,3,351.75,544.60,capture,301.34,499.16,67.87,0,178.774,8.551,179.878,-18.07,20.89,147.52,-17.42,-7.65,173.63,53.574,54.045,-28.2654,0.4604,301.34,499.16,-29.3186,0.6187,,,0.20755,0
36.3330,13,18,4,2,251.25,700.20,dwell,187.76,494.32,215.45,0,178.792,8.655,179.868,-18.07,20.67,147.73,-18.01,-7.28,173.92,53.537,54.001,-28.4422,-4.1939,187.76,494.32,-28.4422,-4.1939,,,0.20933,0
36.4292,13,18,4,2,251.25,700.20,dwell,398.03,538.26,218.56,0,178.770,8.580,179.866,-17.99,20.81,147.36,-18.15,-8.47,173.65,53.634,53.997,-30.4596,6.1047,398.03,538.26,-29.3500,0.4405,,,0.20091,0
36.5121,13,18,4,2,251.25,700.20,dwell,283.42,540.45,162.96,0,178.754,8.527,179.859,-18.09,20.89,147.71,-17.58,-7.26,174.12,53.996,54.172,-30.5166,-0.3466,283.42,540.45,-29.8750,0.0863,,,0.22368,0
36.6200,13,18,4,2,251.25,700.20,dwell,233.99,575.88,125.51,0,178.909,8.402,179.867,-18.18,20.73,147.52,-17.74,-8.03,174.01,54.041,54.059,-32.1133,-2.1510,233.99,575.88,-30.8822,-0.9205,,,0.24702,0
36.7293,13,18,4,2,251.25,700.20,dwell,275.69,659.84,47.18,1,178.871,8.388,179.849,-18.21,20.88,147.22,-18.69,-7.37,173.56,53.682,53.770,-35.2684,-0.4131,275.69,659.84,-32.8560,-0.6922,,,0.19272,0
36.8366,13,18,4,2,251.25,700.20,dwell,334.42,624.69,112.33,0,178.862,8.424,179.848,-18.15,20.79,147.25,-17.88,-7.52,173.75,53.944,53.570,-34.4204,3.1350,334.42,624.69,-33.5600,1.0300,,,0.21176,0
36.9291,13,18,4,2,251.25,700.20,dwell,219.66,680.89,37.02,1,178.936,8.435,179.880,-18.09,20.83,147.38,-17.61,-7.73,173.77,54.002,53.652,-36.5680,-3.2903,219.66,680.89,-34.9136,-0.9141,,,0.22623,0
37.0250,13,18,4,2,251.25,700.20,dwell,322.16,651.48,86.03,0,178.941,8.592,179.851,-18.26,20.72,147.42,-18.02,-6.51,173.34,53.633,53.766,-35.3922,1.9420,322.16,651.48,-35.1290,0.3711,,,0.20030,0
37.1220,13,18,4,2,251.25,700.20,dwell,288.76,655.97,57.99,1,178.943,8.556,179.825,-18.25,20.74,147.50,-18.19,-7.95,173.72,53.405,53.962,-34.7719,1.4146,288.76,655.97,-34.9683,0.8407,,,0.20684,0
37.2321,13,18,4,2,251.25,700.20,capture,287.90,685.77,39.39,1,178.896,8.731,179.816,-18.33,20.81,147.39,-18.63,-7.48,173.96,53.626,53.759,-36.8383,1.0128,287.90,685.77,-35.8098,0.9182,,,0.20271,0
37.3349,13,18,4,2,251.25,700.20,capture,288.43,681.65,41.55,1,178.850,8.600,179.797,-18.22,20.82,147.18,-17.66,-7.66,173.72,53.717,53.941,-36.0519,0.3185,288.43,681.65,-35.9187,0.6483,,,0.21957,0
37.4484,13,18,4,2,251.25,700.20,capture,280.64,678.23,36.69,1,178.781,8.645,179.803,-18.28,20.77,147.35,-18.27,-7.51,173.36,53.885,54.184,-36.5092,-0.0451,280.64,678.23,-36.1844,0.3363,,,0.21638,0
37.5668,13,18,4,2,251.25,700.20,capture,288.16,675.73,44.28,1,178.736,8.609,179.827,-18.30,20.65,147.17,-18.01,-7.27,173.50,54.047,54.215,-35.9670,0.9552,288.16,675.73,-36.0866,0.6148,,,0.21427,0
37.6645,13,18,4,2,251.25,700.20,capture,295.61,695.04,44.66,1,178.771,8.670,179.807,-18.32,20.65,147.12,-18.18,-7.97,173.67,54.316,54.359,-36.9047,0.7157,295.61,695.04,-36.4547,0.6602,,,0.22585,0
37.7611,13,18,4,2,251.25,700.20,capture,269.23,681.20,26.16,1,178.832,8.769,179.841,-18.25,20.65,146.97,-17.59,-7.96,173.65,54.234,54.113,-35.8424,-0.2020,269.23,681.20,-36.1792,0.2722,,,0.22478,0
37.8431,13,18,4,2,251.25,700.20,capture,282.07,678.84,37.50,1,178.925,8.726,179.830,-18.22,20.61,146.97,-17.85,-8.36,172.78,54.049,53.971,-36.5236,-1.0833,282.07,678.84,-36.3342,-0.3378,,,0.21668,0
37.9284,13,18,4,2,251.25,700.20,capture,278.07,700.11,26.82,1,179.130,8.740,179.856,-18.34,20.63,146.87,-17.53,-7.65,173.38,53.921,54.080,-36.9002,0.0709,278.07,700.11,-36.5889,-0.1539,,,0.20028,0
38.0153,13,18,4,2,251.25,700.20,capture,269.71,681.94,25.97,1,179.088,8.670,179.830,-18.34,20.69,147.10,-18.88,-7.77,173.97,53.769,54.216,-35.6780,0.0072,269.71,681.94,-36.1790,-0.0814,,,0.20703,0
38.1064,13,18,4,2,251.25,700.20,capture,304.97,684.99,55.83,0,179.003,8.686,179.852,-18.34,20.72,147.06,-17.74,-8.48,173.23,53.701,54.234,-36.0052,1.1230,304.97,684.99,-36.1008,0.4606,,,0.21155,0
38.1884,13,18,4,2,251.25,700.20,capture,313.44,701.41,62.20,0,179.004,8.748,179.816,-18.30,20.60,147.13,-17.65,-7.71,173.16,53.982,54.347,-37.5138,1.8413,313.44,701.41,-36.7366,1.0819,,,0.24196,0
38.3044,13,18,4,2,251.25,700.20,capture,301.21,675.35,55.80,1,179.071,8.853,179.786,-18.42,20.52,147.09,-17.49,-8.84,173.53,53.941,54.442,-35.2959,1.1567,301.21,675.35,-36.0883,1.1156,,,0.22985,0
38.4216,13,18,4,2,251.25,700.20,capture,288.23,677.10,43.60,1,179.082,8.893,179.779,-18.35,20.71,147.22,-17.34,-7.54,173.72,53.822,54.253,-36.5191,-0.0335,288.23,677.10,-36.2821,0.5985,,,0.21228,0
38.5150,13,18,4,2,251.25,700.20,capture,319.76,694.04,68.79,0,179.053,9.031,179.769,-18.35,20.66,146.92,-17.97,-8.34,173.36,54.018,54.334,-36.7583,2.1282,319.76,694.04,-36.4964,1.2869,,,0.22038,0
38.6088,13,18,4,2,251.25,700.20,capture,310.23,692.01,59.55,0,179.065,9.021,179.805,-18.18,20.72,146.98,-17.55,-6.91,173.17,53.699,54.618,-36.8156,1.6130,310.23,692.01,-36.6400,1.4336,,,0.18654,0
38.7196,13,18,4,2,251.25,700.20,capture,293.51,679.02,47.27,1,178.978,9.117,179.792,-18.30,20.72,147.17,-17.79,-7.95,173.71,53.579,54.794,-36.2508,1.0424,293.51,679.02,-36.4649,1.2576,,,0.24293,0
38.8199,13,18,4,2,251.25,700.20,capture,285.43,670.72,45.14,1,179.018,8.985,179.788,-18.35,20.85,147.34,-18.28,-8.03,173.31,53.844,54.695,-35.7048,0.3561,285.43,670.72,-36.1229,0.8519,,,0.20986,0
38.9038,13,18,4,2,251.25,700.20,capture,289.35,707.26,38.75,1,178.987,8.852,179.783,-18.33,20.76,147.19,-18.11,-7.59,172.99,54.329,54.876,-37.6868,0.9596,289.35,707.26,-36.8266,0.9004,,,0.23669,0
39.0208,13,18,4,2,251.25,700.20,capture,280.75,705.55,29.98,1,178.948,8.719,179.801,-18.32,20.70,147.32,-17.84,-7.24,173.63,53.961,54.612,-36.9065,-0.0330,280.75,705.55,-36.8626,0.4804,,,0.22253,0
39.1907,14,11,2,3,351.75,389.00,dwell,293.56,533.12,155.42,0,178.889,8.558,179.831,-18.21,20.76,147.53,-17.59,-7.97,174.17,53.638,54.582,-30.8627,0.9175,293.56,533.12,-30.8627,0.9175,,,0.21948,0
39.2980,14,11,2,3,351.75,389.00,dwell,393.67,543.49,160.08,0,178.779,8.463,179.850,-18.21,20.63,147.55,-17.77,-8.00,174.01,53.390,54.519,-29.9984,5.5251,393.67,543.49,-30.4738,2.9910,,,0.19389,0
39.3947,14,11,2,3,351.75,389.00,dwell,332.49,580.92,192.88,0,178.791,8.355,179.838,-18.28,20.53,147.80,-17.62,-8.96,173.79,53.230,54.545,-32.4747,2.5119,332.49,580.92,-31.3742,2.7754,,,0.21584,0
39.4931,14,11,2,3,351.75,389.00,dwell,373.92,451.98,66.77,1,178.908,8.293,179.853,-18.41,20.63,147.73,-17.62,-7.76,173.81,53.207,54.483,-27.3210,4.3910,373.92,451.98,-29.5502,3.5024,,,0.20447,0
39.5910,14,11,2,3,351.75,389.00,dwell,397.86,575.39,192.01,0,178.743,8.309,179.841,-18.27,20.51,147.65,-17.99,-7.40,173.61,53.417,54.510,-32.5821,5.6969,397.86,575.39,-30.9146,4.4899,,,0.20507,0
39.6943,14,11,2,3,351.75,389.00,dwell,332.29,490.25,103.10,0,178.841,8.298,179.836,-18.27,20.38,147.32,-17.54,-7.76,173.71,53.202,54.609,-28.9279,2.0695,332.29,490.25,-30.0206,3.4008,,,0.18640,0
39.7843,14,11,2,3,351.75,389.00,dwell,364.94,445.95,58.46,1,178.884,8.282,179.845,-18.27,20.46,147.19,-17.66,-7.57,173.13,53.452,54.434,-27.7608,3.5135,364.94,445.95,-29.0037,3.4515,,,0.18742,0
39.8746,14,11,2,3,351.75,389.00,dwell,379.18,492.53,107.10,0,178.949,8.235,179.847,-18.35,20.48,147.35,-18.11,-7.81,174.05,53.157,54.523,-28.7818,4.4421,379.18,492.53,-28.9038,3.8973,,,0.18337,0
39.9799,14,11,2,3,351.75,389.00,dwell,415.15,483.52,113.81,0,178.888,8.189,179.834,-18.45,20.46,147.26,-18.52,-7.71,173.30,52.991,54.622,-28.5899,6.4706,415.15,483.52,-28.7626,5.0553,,,0.19763,0
40.0926,14,11,2,3,351.75,389.00,dwell,432.10,426.52,88.68,0,178.993,8.136,179.826,-18.36,20.46,147.38,-17.78,-7.87,174.05,52.989,54.723,-26.3230,7.7627,432.10,426.52,-27.6647,6.2736,,,0.18696,0
40.1880,14,11,2,3,351.75,389.00,dwell,379.90,365.99,36.36,1,178.949,7.996,179.822,-18.38,20.39,147.51,-18.63,-7.81,174.40,52.997,54.763,-23.2197,5.0119,379.90,365.99,-25.6645,5.7059,,,0.16504,0
40.3024,14,11,2,3,351.75,389.00,capture,435.67,384.44,84.04,0,178.955,8.128,179.800,-18.41,20.54,147.55,-18.63,-8.53,173.90,53.119,54.431,-25.4143,7.2412,435.67,384.44,-25.5519,6.3968,,,0.19580,0
40.4016,14,11,2,3,351.75,389.00,capture,413.38,396.47,62.08,0,179.010,8.208,179.851,-18.45,20.64,147.67,-17.74,-7.64,173.75,53.380,53.952,-25.2893,6.2175,413.38,396.47,-25.4337,6.3161,,,0.19936,0
40.4884,14,11,2,3,351.75,389.00,capture,429.89,395.11,78.38,0,178.926,8.354,179.839,-18.63,20.57,147.76,-17.96,-7.11,174.06,53.590,54.276,-24.9603,7.2607,429.89,395.11,-25.2207,6.7412,,,0.21833,0
40.5763,14,11,2,3,351.75,389.00,capture,439.32,375.96,88.54,0,178.905,8.432,179.876,-18.51,20.67,147.67,-17.83,-7.37,174.14,53.434,54.271,-24.7733,7.6249,439.32,375.96,-25.0193,7.1388,,,0.23211,0
40.6684,14,11,2,3,351.75,389.00,capture,411.27,362.44,65.18,0,178.918,8.435,179.850,-18.24,20.68,147.81,-17.61,-7.75,174.00,53.346,54.593,-23.9229,6.5979,411.27,362.44,-24.5259,6.8954,,,0.22043,0
40.7634,14,11,2,3,351.75,389.00,capture,403.82,381.17,52.66,0,178.862,8.377,179.873,-18.31,20.70,148.04,-17.11,-8.09,174.89,53.320,54.533,-24.5578,5.9312,403.82,381.17,-24.5403,6.4615,,,0.21689,0
40.8841,14,11,2,3,351.75,389.00,capture,426.61,372.09,76.75,0,178.842,8.367,179.849,-18.26,20.75,147.96,-17.54,-8.10,174.54,52.932,54.554,-23.9940,6.8959,426.61,372.09,-24.2944,6.6570,,,0.19872,0
40.9847,14,11,2,3,351.75,389.00,capture,413.99,375.94,63.60,0,178.964,8.379,179.833,-18.28,20.64,147.83,-17.92,-7.84,174.27,52.524,54.458,-25.9338,6.9785,413.99,375.94,-25.0321,6.8017,,,0.18093,0
41.0803,14,11,2,3,351.75,389.00,capture,391.92,384.68,40.40,1,179.059,8.280,179.841,-18.17,20.60,147.87,-17.24,-9.39,173.71,52.679,54.291,-24.6601,4.9458,391.92,384.68,-24.8647,5.9665,,,0.18375,0
41.1843,14,11,2,3,351.75,389.00,capture,416.62,390.56,64.89,0,179.004,8.147,179.810,-18.14,20.66,147.73,-17.80,-7.60,174.35,53.002,54.319,-25.0205,6.0156,416.62,390.56,-24.9349,5.9886,,,0.17550,0
41.2776,14,11,2,3,351.75,389.00,capture,417.16,386.38,65.46,0,178.940,8.196,179.838,-18.17,20.71,147.73,-17.39,-7.29,174.00,52.861,54.135,-24.3512,6.7519,417.16,386.38,-24.6722,6.3321,,,0.18124,0
41.3707,14,11,2,3,351.75,389.00,capture,399.23,393.87,47.73,1,178.941,8.110,179.814,-18.22,20.79,147.91,-17.77,-8.20,174.23,52.813,54.004,-25.7842,6.0555,399.23,393.87,-25.1726,6.2076,,,0.19427,0
41.4768,14,11,2,3,351.75,389.00,capture,413.42,371.93,63.99,0,179.076,8.282,179.779,-18.15,20.59,147.79,-17.02,-7.84,174.39,52.861,53.986,-24.4183,5.5068,413.42,371.93,-24.8332,5.8922,,,0.16045,0
41.5621,14,11,2,3,351.75,389.00,capture,422.84,376.02,72.27,0,179.109,8.387,179.780,-18.17,20.50,148.10,-17.14,-7.25,175.01,53.451,53.785,-24.9245,6.8643,422.84,376.02,-24.8743,6.3297,,,0.20028,0
41.6593,14,11,2,3,351.75,389.00,capture,427.13,369.15,77.95,0,179.026,8.451,179.751,-18.15,20.36,147.93,-16.71,-8.26,174.93,53.450,53.432,-24.2297,6.9479,427.13,369.15,-24.5842,6.6079,,,0.22087,0
41.7538,14,11,2,3,351.75,389.00,capture,433.62,375.48,82.98,0,178.876,8.279,179.769,-18.17,20.40,147.81,-17.67,-8.21,174.24,53.704,53.759,-24.3257,7.3610,433.62,375.48,-24.4679,6.9468,,,0.20324,0
41.8390,14,11,2,3,351.75,389.00,capture,417.93,369.63,68.96,0,178.913,8.149,179.795,-18.11,20.50,147.93,-17.72,-7.84,174.46,53.822,54.231,-24.0465,7.2974,417.93,369.63,-24.2783,7.1046,,,0.19627,0
41.9236,14,11,2,3,351.75,389.00,capture,421.49,381.34,70.16,0,178.821,8.107,179.806,-18.06,20.75,147.71,-17.56,-8.12,173.94,53.750,54.005,-24.7143,7.0908,421.49,381.34,-24.4745,7.0984,,,0.22441,0
42.0257,14,11,2,3,351.75,389.00,capture,430.89,401.97,80.20,0,178.829,8.063,179.873,-18.04,20.65,147.87,-17.53,-8.96,174.13,53.746,53.819,-25.5313,7.4976,430.89,401.97,-24.9500,7.2780,,,0.21633,0
42.1226,14,11,2,3,351.75,389.00,capture,423.81,386.76,72.09,0,178.752,7.993,179.855,-17.99,20.75,147.99,-17.60,-7.21,174.64,53.786,53.801,-24.8529,7.6454,423.81,386.76,-24.9063,7.4433,,,0.22073,0
42.3399,15,19,4,3,351.75,700.20,dwell,332.12,303.27,397.42,0,178.783,8.076,179.849,-18.17,20.71,147.95,-17.99,-7.31,173.78,53.460,53.486,-20.6149,2.6758,332.12,303.27,-20.6149,2.6758,,,0.21601,0
42.4320,15,19,4,3,351.75,700.20,dwell,442.84,411.69,302.55,0,178.803,8.182,179.842,-18.02,20.77,147.83,-17.59,-8.00,174.27,53.715,53.837,-26.2761,7.7111,442.84,411.69,-23.1625,4.9417,,,0.18634,0
42.5185,15,19,4,3,351.75,700.20,dwell,442.89,457.94,258.84,0,178.860,8.138,179.851,-18.03,20.81,147.81,-17.48,-8.29,174.20,53.959,54.001,-28.0196,8.0338,442.89,457.94,-25.3482,6.3331,,,0.22033,0
42.6114,15,19,4,3,351.75,700.20,dwell,430.03,492.95,221.54,0,178.973,8.183,179.855,-18.05,20.73,147.72,-17.68,-7.77,174.11,53.982,53.712,-28.5396,7.0332,430.03,492.95,-26.7843,6.6482,,,0.21774,0
42.7075,15,19,4,3,351.75,700.20,dwell,422.20,566.11,151.47,0,178.962,8.133,179.883,-18.00,20.86,147.77,-17.22,-7.66,174.14,53.545,53.721,-30.8840,7.0182,422.20,566.11,-28.6292,6.8147,,,0.19637,0
42.8061,15,19,4,3,351.75,700.20,dwell,389.25,630.34,79.29,1,178.911,8.186,179.835,-17.88,20.93,147.79,-17.59,-8.34,174.09,53.268,53.774,-34.0630,5.3313,389.25,630.34,-31.0744,6.1472,,,0.20032,0
42.9017,15,19,4,3,351.75,700.20,dwell,420.61,622.04,104.17,0,178.910,8.287,179.828,-17.96,20.69,147.70,-16.88,-7.14,174.53,53.847,53.738,-34.3342,7.1326,420.61,622.04,-32.5413,6.5906,,,0.19658,0
43.0120,15,19,4,3,351.75,700.20,dwell,370.15,612.91,89.21,0,178.988,8.320,179.834,-17.98,20.71,147.46,-17.49,-8.33,173.76,53.918,53.347,-34.4624,3.9865,370.15,612.91,-33.4058,5.4188,,,0.19893,0
43.1139,15,19,4,3,351.75,700.20,dwell,383.79,621.25,85.20,0,178.962,8.409,179.827,-17.95,20.83,147.28,-17.47,-7.83,173.24,54.352,53.891,-34.7036,4.4007,383.79,621.25,-33.9898,4.9606,,,0.22229,0
43.2187,15,19,4,3,351.75,700.20,dwell,419.03,607.46,114.57,0,178.995,8.564,179.839,-17.94,20.80,147.24,-17.89,-7.85,173.59,54.316,53.965,-33.5859,6.2169,419.03,607.46,-33.8080,5.5259,,,0.24440,0
43.3156,15,19,4,3,351.75,700.20,dwell,415.04,688.18,64.42,0,179.048,8.680,179.811,-17.95,20.83,147.71,-17.33,-7.69,174.11,54.182,54.372,-36.1620,5.8133,415.04,688.18,-34.8673,5.6552,,,0.23746,0
43.4231,15,19,4,3,351.75,700.20,capture,393.43,656.97,60.05,1,178.992,8.609,179.840,-17.83,20.59,147.56,-17.53,-7.12,174.19,53.842,54.688,-35.5973,4.9616,393.43,656.97,-35.1958,5.3431,,,0.22607,0
43.5468,15,19,4,3,351.75,700.20,capture,425.97,645.03,92.48,0,178.970,8.726,179.821,-17.71,20.62,147.55,-17.31,-7.87,172.97,53.849,55.033,-35.3675,6.0893,425.97,645.03,-35.2731,5.6789,,,0.19413,0
43.6382,15,19,4,3,351.75,700.20,capture,425.70,680.60,76.50,0,179.004,8.716,179.805,-17.81,20.58,147.48,-17.57,-8.00,174.19,53.465,54.905,-36.4332,7.0604,425.70,680.60,-35.7951,6.3006,,,0.21001,0
43.7348,15,19,4,3,351.75,700.20,capture,443.80,637.59,111.32,0,178.950,8.760,179.819,-17.83,20.72,147.36,-17.18,-8.59,173.73,53.809,54.554,-34.8292,7.9579,443.80,637.59,-35.3605,7.0464,,,0.22193,0
43.8321,15,19,4,3,351.75,700.20,capture,425.03,677.53,76.71,0,179.011,8.818,179.821,-17.84,20.74,147.43,-16.84,-7.79,173.44,53.652,54.677,-35.8431,7.0079,425.03,677.53,-35.5776,7.0290,,,0.22593,0
43.9287,15,19,4,3,351.75,700.20,capture,420.00,674.53,72.92,0,179.107,8.796,179.802,-17.87,20.77,147.40,-16.34,-7.77,173.60,53.227,54.713,-36.0173,6.9640,420.00,674.53,-35.7755,6.9998,,,0.19720,0
44.0330,15,19,4,3,351.75,700.20,capture,420.83,660.70,79.58,0,178.984,8.687,179.787,-17.85,20.84,147.62,-17.67,-6.93,174.00,53.253,53.840,-35.1335,6.2943,420.83,660.70,-35.4866,6.6823,,,0.20628,0
44.1255,15,19,4,3,351.75,700.20,capture,425.07,664.06,81.74,0,179.038,8.529,179.823,-18.01,20.79,147.58,-17.70,-7.86,173.64,53.267,54.132,-35.5526,6.6954,425.07,664.06,-35.5163,6.6882,,,0.19400,0
44.2365,15,19,4,3,351.75,700.20,capture,435.16,660.13,92.54,0,179.104,8.530,179.810,-18.07,20.80,147.59,-17.37,-7.60,173.99,53.087,54.043,-35.2068,6.4374,435.16,660.13,-35.3770,6.5753,,,0.18987,0
44.3211,15,19,4,3,351.75,700.20,capture,422.43,661.56,80.55,0,179.044,8.623,179.800,-18.12,20.82,147.59,-17.77,-7.68,173.89,53.023,54.098,-35.2829,6.3530,422.43,661.56,-35.3347,6.4753,,,0.20461,0
44.4061,15,19,4,3,351.75,700.20,capture,429.51,654.57,90.16,0,178.952,8.665,179.789,-18.07,20.88,147.62,-18.12,-7.07,173.83,53.243,54.153,-35.4559,6.7994,429.51,654.57,-35.3892,6.6211,,,0.22130,0
44.5207,15,19,4,3,351.75,700.20,capture,425.90,653.54,87.61,0,178.907,8.708,179.791,-18.12,20.85,147.51,-18.11,-7.46,174.49,53.229,54.075,-35.1737,6.7387,425.90,653.54,-35.2922,6.6741,,,0.19629,0
44.6225,15,19,4,3,351.75,700.20,capture,389.73,673.35,46.51,1,178.828,8.790,179.773,-18.21,20.79,147.53,-18.10,-7.93,173.93,53.355,53.735,-35.5282,4.9444,389.73,673.35,-35.3984,5.8957,,,0.20395,0
44.7045,15,19,4,3,351.75,700.20,capture,393.18,701.36,41.45,1,178.789,8.917,179.759,-18.15,20.93,147.51,-17.45,-7.45,173.38,53.792,53.599,-36.6271,5.3213,393.18,701.36,-35.9513,5.6372,,,0.19544,0
44.7950,15,19,4,3,351.75,700.20,capture,399.42,687.55,49.32,1,178.834,8.842,179.782,-18.27,20.93,147.68,-18.30,-8.19,173.71,53.940,53.601,-36.2200,5.5353,399.42,687.55,-36.0722,5.5913,,,0.20187,0
44.8951,15,19,4,3,351.75,700.20,capture,410.26,647.35,78.85,0,178.902,8.866,179.786,-18.21,21.04,147.44,-17.32,-7.71,173.50,54.314,53.623,-35.1489,6.1401,410.26,647.35,-35.6567,5.8383,,,0.24029,0
45.0010,15,19,4,3,351.75,700.20,capture,425.17,665.00,81.42,0,178.931,8.922,179.741,-18.28,20.94,147.73,-18.26,-7.73,174.19,53.779,53.791,-36.3601,6.6283,425.17,665.00,-35.9732,6.1938,,,0.20756,0
45.0858,15,19,4,3,351.75,700.20,capture,424.16,655.30,85.20,0,178.972,8.916,179.728,-18.29,20.88,147.63,-17.55,-7.59,174.03,53.895,54.120,-35.6035,7.1152,424.16,655.30,-35.8069,6.6084,,,0.22757,0
45.2035,15,19,4,3,351.75,700.20,capture,421.74,660.36,80.53,0,178.855,8.800,179.732,-18.44,20.85,147.61,-17.97,-7.58,174.03,54.293,54.353,-35.1504,6.1749,421.74,660.36,-35.5114,6.4133,,,0.22182,0
45.3036,15,19,4,3,351.75,700.20,capture,407.89,665.51,65.99,0,178.940,8.916,179.756,-18.40,20.72,147.59,-17.90,-7.80,173.99,54.109,54.361,-35.9887,5.7502,407.89,665.51,-35.7262,6.1149,,,0.21590,0
45.5239,16,3,0,3,351.75,77.80,dwell,429.21,479.84,409.43,0,178.981,8.764,179.770,-18.30,20.61,147.27,-18.07,-8.12,173.03,53.735,54.068,-28.2444,6.5642,429.21,479.84,-28.2444,6.5642,,,0.20866,0
45.6206,16,3,0,3,351.75,77.80,dwell,437.40,573.24,502.79,0,179.095,8.711,179.769,-18.28,20.55,147.19,-18.02,-8.20,173.72,53.723,54.040,-32.3058,7.5351,437.40,573.24,-30.0720,7.0011,,,0.19506,0
45.7130,16,3,0,3,351.75,77.80,dwell,431.68,381.02,313.58,0,179.083,8.652,179.754,-18.17,20.62,147.30,-17.25,-7.64,173.38,53.800,53.810,-24.0052,7.4265,431.68,381.02,-27.3419,7.1925,,,0.24160,0
45.7950,16,3,0,3,351.75,77.80,dwell,433.01,366.29,299.72,0,179.030,8.570,179.768,-18.16,20.48,147.31,-18.09,-7.73,173.56,53.889,53.992,-24.9861,7.0737,433.01,366.29,-26.2818,7.1390,,,0.20338,0
45.8832,16,3,0,3,351.75,77.80,dwell,360.27,206.24,128.72,0,178.984,8.493,179.776,-18.16,20.57,147.39,-17.36,-8.15,173.41,53.793,54.010,-17.4071,4.4757,360.27,206.24,-22.2882,5.9406,,,0.23734,0
45.9933,16,3,0,3,351.75,77.80,dwell,400.32,214.63,145.19,0,178.982,8.349,179.783,-18.08,20.67,147.10,-17.90,-7.68,173.22,53.614,53.393,-18.2335,5.5543,400.32,214.63,-20.4636,5.7667,,,0.20696,0
46.0966,16,3,0,3,351.75,77.80,dwell,367.19,138.47,62.60,1,179.041,8.339,179.778,-18.14,20.49,147.18,-17.96,-8.87,173.00,53.451,54.014,-15.4114,4.2304,367.19,138.47,-18.1901,5.0754,,,0.21784,0
46.1925,16,3,0,3,351.75,77.80,dwell,432.74,143.15,104.07,0,179.004,8.364,179.761,-17.98,20.36,147.60,-17.33,-9.04,173.55,53.535,53.481,-15.1464,6.8827,432.74,143.15,-16.8204,5.8887,,,0.19406,0
46.3076,16,3,0,3,351.75,77.80,dwell,401.07,111.10,59.51,1,179.010,8.285,179.750,-18.13,20.41,147.65,-17.57,-8.29,174.11,53.564,53.607,-14.9489,5.9279,401.07,111.10,-15.9782,5.9063,,,0.21564,0
46.4127,16,3,0,3,351.75,77.80,capture,395.06,17.59,74.17,1,179.028,8.188,179.764,-18.10,20.47,147.48,-17.48,-8.12,173.78,53.734,54.045,-10.1342,5.8851,395.06,17.59,-13.3484,5.8968,,,0.23474,0
46.5201,16,3,0,3,351.75,77.80,capture,373.46,14.39,67.02,1,179.004,8.227,179.761,-18.17,20.60,147.24,-17.77,-7.91,173.29,53.513,54.084,-10.1501,3.8395,373.46,14.39,-11.9092,4.9710,,,0.22189,0
46.6373,16,3,0,3,351.75,77.80,capture,358.14,-4.12,82.17,0,179.143,8.085,179.825,-18.18,20.65,147.19,-17.58,-8.02,173.21,53.320,53.941,-9.4640,4.0825,358.14,-4.12,-10.8088,4.5712,,,0.19364,0
46.7193,16,3,0,3,351.75,77.80,capture,366.08,8.35,70.91,1,179.247,8.077,179.850,-18.23,20.73,147.21,-17.90,-7.89,173.51,53.570,53.700,-9.0937,4.6559,366.08,8.35,-10.0370,4.6093,,,0.21056,0
46.8135,16,3,0,3,351.75,77.80,capture,384.51,-6.33,90.28,0,179.246,7.862,179.855,-18.35,20.61,147.21,-17.74,-8.57,173.62,53.512,53.831,-9.8049,4.7079,384.51,-6.33,-9.9325,4.6537,,,0.20972,0
46.9099,16,3,0,3,351.75,77.80,capture,382.73,4.23,79.83,1,179.174,7.697,179.846,-18.41,20.72,147.39,-17.88,-7.91,173.30,53.371,53.847,-10.7015,5.3969,382.73,4.23,-10.2786,4.9881,,,0.22664,0
47.0052,16,3,0,3,351.75,77.80,capture,403.00,13.20,82.46,0,179.160,7.455,179.845,-18.52,20.78,147.51,-17.33,-7.55,174.08,53.303,54.178,-10.6020,6.1784,403.00,13.20,-10.4241,5.5237,,,0.18189,0
47.1132,16,3,0,3,351.75,77.80,capture,376.60,19.86,63.04,1,179.227,7.392,179.838,-18.62,20.72,147.57,-18.26,-7.33,174.14,53.331,54.166,-10.7974,5.3349,376.60,19.86,-10.5921,5.4387,,,0.19093,0
47.2089,16,3,0,3,351.75,77.80,capture,369.73,23.08,57.60,1,179.262,7.386,179.846,-18.72,20.80,147.47,-17.87,-7.56,173.64,53.492,54.321,-10.9053,4.5735,369.73,23.08,-10.7330,5.0494,,,0.18057,0
47.3018,16,3,0,3,351.75,77.80,capture,361.12,29.81,48.90,1,179.344,7.444,179.847,-18.74,20.69,147.47,-18.65,-7.86,173.58,53.294,54.388,-11.3034,3.8845,361.12,29.81,-10.9897,4.5252,,,0.20172,0
47.4094,16,3,0,3,351.75,77.80,capture,379.38,32.33,53.21,1,179.226,7.447,179.824,-18.79,20.66,147.26,-18.53,-7.82,173.63,53.021,54.272,-10.6949,4.6165,379.38,32.33,-10.8570,4.5663,,,0.20158,0
47.5078,16,3,0,3,351.75,77.80,capture,387.70,3.50,82.54,1,179.182,7.447,179.799,-18.73,20.65,147.11,-18.24,-7.18,173.24,53.100,54.352,-9.5123,5.0531,387.70,3.50,-10.2519,4.7854,,,0.19065,0
47.6186,16,3,0,3,351.75,77.80,capture,379.71,5.04,77.95,1,179.186,7.662,179.795,-18.72,20.75,147.12,-17.77,-7.43,172.80,53.502,54.150,-9.3461,5.3439,379.71,5.04,-9.8443,5.0367,,,0.19488,0
47.7133,16,3,0,3,351.75,77.80,capture,353.50,9.39,68.43,1,179.090,7.457,179.803,-18.57,20.76,147.08,-17.83,-7.34,173.12,53.902,54.124,-10.3385,3.7549,353.50,9.39,-10.0667,4.4599,,,0.22280,0
47.7968,16,3,0,3,351.75,77.80,capture,375.23,-4.53,85.61,0,178.993,7.591,179.832,-18.49,20.64,147.33,-18.61,-8.14,173.36,53.900,54.042,-10.1616,4.3184,375.23,-4.53,-10.1094,4.3962,,,0.20961,0
47.9000,16,3,0,3,351.75,77.80,capture,356.61,31.42,46.63,1,178.925,7.411,179.850,-18.42,20.53,147.40,-18.66,-9.08,173.74,53.478,54.330,-10.9928,3.5036,356.61,31.42,-10.5069,3.9945,,,0.20835,0
47.9996,16,3,0,3,351.75,77.80,capture,379.66,22.15,62.26,1,178.947,7.548,179.837,-18.51,20.37,147.32,-17.98,-8.62,173.94,53.405,54.429,-11.3695,4.8697,379.66,22.15,-10.8951,4.3884,,,0.19120,0
48.1153,16,3,0,3,351.75,77.80,capture,359.86,37.01,41.59,1,179.044,7.435,179.892,-18.52,20.39,146.93,-17.82,-7.54,173.06,53.602,54.482,-10.8134,3.9984,359.86,37.01,-10.8584,4.2129,,,0.22388,0
48.2326,16,3,0,3,351.75,77.80,capture,354.47,42.95,34.96,1,178.965,7.264,179.879,-18.44,20.51,147.06,-18.01,-7.39,172.71,53.381,54.572,-11.3586,3.8193,354.47,42.95,-11.0835,4.0358,,,0.21992,0
48.3455,16,3,0,3,351.75,77.80,capture,361.48,17.28,61.30,1,179.039,7.227,179.881,-18.53,20.56,147.18,-18.05,-8.10,173.29,53.708,54.350,-10.4756,3.9831,361.48,17.28,-10.8099,4.0121,,,0.22917,0
48.5292,17,14,3,2,251.25,544.60,dwell,316.16,217.67,333.31,0,179.009,7.378,179.871,-18.60,20.61,147.29,-17.98,-7.64,173.66,53.574,54.298,-18.0660,1.5860,316.16,217.67,-18.0660,1.5860,,,0.21065,0
48.6238,17,14,3,2,251.25,544.60,dwell,289.46,179.31,367.28,0,178.998,7.508,179.876,-18.59,20.77,147.33,-17.33,-7.00,173.66,53.338,54.170,-17.0117,0.4993,289.46,179.31,-17.5916,1.0970,,,0.17957,0
48.7234,17,14,3,2,251.25,544.60,dwell,300.92,359.25,191.89,0,178.924,7.558,179.846,-18.61,20.89,147.42,-18.51,-6.75,174.19,53.729,54.073,-24.2395,0.4756,300.92,359.25,-20.5831,0.8174,,,0.22406,0
48.8268,17,14,3,2,251.25,544.60,dwell,324.07,164.90,386.62,0,178.886,7.723,179.809,-18.57,20.85,147.21,-18.30,-7.24,173.27,53.754,54.150,-16.5013,1.9305,324.07,164.90,-18.7463,1.3183,,,0.24159,0
48.9204,17,14,3,2,251.25,544.60,dwell,239.98,380.37,164.62,0,178.820,7.761,179.850,-18.65,20.83,147.33,-18.75,-7.58,173.60,54.095,54.334,-24.8718,-2.5058,239.98,380.37,-21.5028,-0.4026,,,0.21924,0
49.0173,17,14,3,2,251.25,544.60,dwell,274.45,468.69,79.38,1,178.976,7.821,179.825,-18.56,20.62,147.20,-18.22,-7.73,173.49,53.937,54.241,-28.2141,0.2936,274.45,468.69,-24.5229,-0.0893,,,0.22521,0
49.1272,17,14,3,2,251.25,544.60,dwell,262.16,497.14,48.70,1,178.980,7.808,179.812,-18.67,20.68,147.47,-17.95,-8.10,173.91,53.686,54.395,-28.5477,0.0796,262.16,497.14,-26.3341,-0.0133,,,0.23330,0
49.2240,17,14,3,2,251.25,544.60,dwell,238.14,560.99,20.99,1,178.958,7.897,179.797,-18.71,21.00,147.61,-18.09,-7.83,173.99,53.772,54.746,-31.2307,-1.9199,238.14,560.99,-28.5375,-0.8712,,,0.22101,0
49.3358,17,14,3,2,251.25,544.60,capture,245.08,543.02,6.37,1,178.906,7.999,179.779,-18.74,20.82,147.59,-18.15,-8.01,173.95,53.794,54.200,-30.8167,-2.1326,245.08,543.02,-29.5632,-1.4389,,,0.21391,0
49.4401,17,14,3,2,251.25,544.60,capture,218.35,546.20,32.94,1,178.938,8.064,179.757,-18.72,20.85,147.67,-17.78,-7.55,173.46,53.576,54.110,-31.6188,-3.4331,218.35,546.20,-30.4882,-2.3362,,,0.20795,0
49.5631,17,14,3,2,251.25,544.60,capture,215.94,561.03,38.95,1,178.951,8.051,179.766,-18.68,20.87,147.67,-17.53,-7.58,173.79,53.758,54.225,-31.4897,-2.7069,215.94,561.03,-30.9389,-2.5030,,,0.20840,0
49.6579,17,14,3,2,251.25,544.60,capture,216.60,564.50,39.96,1,178.927,8.149,179.786,-18.63,20.79,147.67,-18.19,-8.15,174.17,53.602,53.890,-32.2121,-3.2153,216.60,564.50,-31.5119,-2.8235,,,0.20190,0
49.7459,17,14,3,2,251.25,544.60,capture,241.11,548.50,10.86,1,179.024,8.198,179.798,-18.56,20.76,148.08,-17.62,-7.73,174.70,53.535,53.806,-32.2753,-2.1477,241.11,548.50,-31.8554,-2.5194,,,0.20178,0
49.8524,17,14,3,2,251.25,544.60,capture,257.65,587.03,42.91,1,178.979,8.140,179.794,-18.66,20.63,148.14,-18.31,-8.50,174.45,53.325,54.048,-33.6425,-0.3861,257.65,587.03,-32.6596,-1.5594,,,0.19487,0
49.9442,17,14,3,2,251.25,544.60,capture,235.50,556.18,19.55,1,178.832,8.099,179.759,-18.59,20.77,147.96,-17.99,-7.97,174.22,53.286,54.241,-31.1328,-2.2917,235.50,556.18,-31.9725,-1.8889,,,0.18952,0
50.0357,17,14,3,2,251.25,544.60,capture,240.50,551.93,13.01,1,178.896,8.164,179.761,-18.62,20.83,147.96,-18.40,-8.02,174.21,53.880,53.923,-30.6271,-1.5151,240.50,551.93,-31.3671,-1.7207,,,0.22653,0
50.1260,17,14,3,2,251.25,544.60,capture,238.38,562.52,22.06,1,178.900,8.043,179.808,-18.57,20.77,147.93,-18.05,-8.07,174.66,54.036,54.216,-31.5333,-1.6945,238.38,562.52,-31.4419,-1.7089,,,0.22221,0
50.2226,17,14,3,2,251.25,544.60,capture,234.34,552.89,18.83,1,178.895,8.091,179.772,-18.60,20.79,147.58,-18.51,-8.41,174.20,53.882,54.425,-31.3449,-1.9420,234.34,552.89,-31.3982,-1.8138,,,0.21088,0
50.3100,17,14,3,2,251.25,544.60,capture,225.01,554.50,28.05,1,178.989,8.070,179.772,-18.57,20.65,147.66,-17.78,-7.75,174.01,53.851,54.379,-31.5296,-2.2472,225.01,554.50,-31.4573,-2.0088,,,0.24112,0
50.3997,17,14,3,2,251.25,544.60,capture,221.77,534.13,31.28,1,178.981,8.042,179.814,-18.49,20.55,147.35,-17.87,-9.05,173.40,53.880,54.056,-30.2035,-2.6022,221.77,534.13,-30.8931,-2.2758,,,0.19682,0
50.5025,17,14,3,2,251.25,544.60,capture,241.98,554.72,13.72,1,178.943,8.054,179.831,-18.36,20.73,147.35,-18.08,-8.63,173.38,54.173,54.321,-31.5886,-0.8001,241.98,554.72,-31.2061,-1.6118,,,0.20818,0
50.5974,17,14,3,2,251.25,544.60,capture,244.28,547.29,7.47,1,179.031,8.139,179.837,-18.25,20.68,147.43,-17.96,-7.60,173.65,54.324,54.262,-31.8231,-1.9657,244.28,547.29,-31.4838,-1.7710,,,0.22742,0
50.6794,17,14,3,2,251.25,544.60,capture,240.09,570.42,28.13,1,179.169,8.301,179.851,-18.22,20.75,147.41,-17.96,-8.02,173.61,54.149,54.455,-32.6826,-2.0902,240.09,570.42,-32.0233,-1.9147,,,0.22340,0
50.7715,17,14,3,2,251.25,544.60,capture,240.15,572.34,29.88,1,179.213,8.414,179.910,-18.38,20.86,147.43,-17.65,-7.24,173.43,54.282,53.972,-32.3043,-1.0985,240.15,572.34,-32.1497,-1.5474,,,0.23457,0
50.8702,17,14,3,2,251.25,544.60,capture,221.92,545.99,29.36,1,179.240,8.466,179.867,-18.41,20.93,147.43,-18.07,-7.64,174.08,54.194,53.774,-31.2130,-2.0526,221.92,545.99,-31.7282,-1.7748,,,0.21567,0
50.9614,17,14,3,2,251.25,544.60,capture,225.06,563.01,32.01,1,179.118,8.351,179.854,-18.48,20.95,147.65,-17.69,-7.50,173.68,54.157,53.834,-32.0576,-2.3862,225.06,563.01,-31.8764,-2.0499,,,0.23555,0
51.0593,17,14,3,2,251.25,544.60,capture,213.34,555.67,39.49,1,179.126,8.545,179.889,-18.34,20.91,147.76,-17.79,-8.02,174.33,54.413,53.771,-31.7669,-3.0902,213.34,555.67,-31.8272,-2.5180,,,0.24777,0
51.1643,17,14,3,2,251.25,544.60,capture,246.34,544.72,4.91,1,179.005,8.635,179.889,-18.47,20.87,147.69,-18.18,-7.79,174.12,54.465,53.809,-31.0764,-1.6534,246.34,544.72,-31.4893,-2.1289,,,0.25213,0
51.3925,18,8,2,0,50.25,389.00,dwell,96.46,523.24,141.97,0,178.841,8.539,179.903,-18.35,21.12,147.88,-18.20,-8.41,174.52,54.322,53.739,-29.6874,-8.3345,96.46,523.24,-29.6874,-8.3345,,,0.21818,0
51.4849,18,8,2,0,50.25,389.00,dwell,221.05,513.85,211.57,0,178.914,8.570,179.885,-18.29,21.19,148.01,-18.38,-7.01,174.55,54.529,53.664,-29.4358,-2.1938,221.05,513.85,-29.5742,-5.5712,,,0.24767,0
51.5911,18,8,2,0,50.25,389.00,dwell,149.64,435.85,109.88,0,178.844,8.515,179.890,-18.34,21.22,148.15,-17.96,-6.95,174.42,54.203,53.842,-26.7808,-5.7843,149.64,435.85,-28.3172,-5.6671,,,0.20154,0
51.6790,18,8,2,0,50.25,389.00,dwell,104.98,455.72,86.30,0,178.881,8.534,179.917,-18.37,21.18,148.05,-18.39,-7.44,174.13,54.074,53.969,-26.7133,-8.3535,104.98,455.72,-27.5954,-6.8760,,,0.24443,0
51.7752,18,8,2,0,50.25,389.00,dwell,72.29,574.90,187.20,0,178.840,8.437,179.901,-18.20,21.13,147.91,-17.89,-7.40,174.54,54.129,54.013,-31.5321,-9.0219,72.29,574.90,-29.3669,-7.8416,,,0.25445,0
51.8572,18,8,2,0,50.25,389.00,dwell,147.92,451.86,116.15,0,178.805,8.312,179.900,-18.18,21.24,147.94,-18.00,-7.34,174.10,54.066,54.031,-26.8004,-6.0051,147.92,451.86,-28.2120,-7.0152,,,0.22503,0
51.9496,18,8,2,0,50.25,389.00,dwell,64.44,441.53,54.41,1,178.806,8.356,179.874,-18.35,21.23,148.18,-18.22,-7.83,174.98,54.366,53.829,-27.3043,-10.1094,64.44,441.53,-27.8035,-8.4076,,,0.21219,0
52.0363,18,8,2,0,50.25,389.00,dwell,73.78,552.78,165.46,0,178.806,8.293,179.861,-18.38,21.11,147.80,-18.17,-7.30,174.17,54.232,54.288,-31.3213,-9.1214,73.78,552.78,-29.3865,-8.7288,,,0.23716,0
52.1426,18,8,2,0,50.25,389.00,dwell,48.52,401.87,12.99,1,178.881,8.076,179.836,-18.39,21.02,147.45,-17.72,-7.14,173.93,53.930,54.478,-26.0568,-10.4332,48.52,401.87,-27.8881,-9.4957,,,0.22173,0
52.2365,18,8,2,0,50.25,389.00,dwell,61.37,514.80,126.29,0,178.884,8.095,179.818,-18.48,21.03,147.44,-18.28,-7.21,173.94,54.048,54.430,-30.0350,-10.0335,61.37,514.80,-28.8542,-9.7377,,,0.23102,0
52.3316,18,8,2,0,50.25,389.00,dwell,29.07,490.70,103.88,0,178.960,8.004,179.803,-18.40,21.04,147.46,-17.71,-7.22,173.89,53.817,54.578,-30.0742,-11.9230,29.07,490.70,-29.4032,-10.7211,,,0.24040,0
52.4213,18,8,2,0,50.25,389.00,capture,22.86,488.36,103.07,0,179.054,8.034,179.808,-18.49,21.09,147.32,-17.98,-6.73,173.85,53.686,54.378,-28.6893,-10.9783,22.86,488.36,-29.0820,-10.8369,,,0.22475,0
52.5033,18,8,2,0,50.25,389.00,capture,17.03,480.74,97.57,0,179.139,7.886,179.811,-18.48,21.01,147.39,-17.71,-7.10,173.71,53.678,54.019,-29.0254,-11.9619,17.03,480.74,-29.0565,-11.3431,,,0.20124,0
52.5899,18,8,2,0,50.25,389.00,capture,19.40,461.21,78.52,1,179.139,7.999,179.791,-18.61,20.99,147.40,-18.00,-6.79,173.69,53.506,54.296,-27.4943,-12.0809,19.40,461.21,-28.3535,-11.6751,,,0.20482,0
52.6791,18,8,2,0,50.25,389.00,capture,10.33,493.32,111.70,0,178.943,8.004,179.808,-18.66,21.07,147.38,-18.43,-7.19,173.97,53.499,54.281,-29.0881,-12.0447,10.33,493.32,-28.6841,-11.8414,,,0.20617,0
52.7689,18,8,2,0,50.25,389.00,capture,21.63,508.78,123.15,0,179.068,8.126,179.810,-18.63,20.88,147.41,-18.46,-7.78,174.10,53.541,54.482,-30.7741,-12.2374,21.63,508.78,-29.6246,-12.0196,,,0.20094,0
52.8657,18,8,2,0,50.25,389.00,capture,17.00,485.22,101.80,0,178.995,8.034,179.788,-18.80,20.98,147.29,-18.11,-7.82,173.44,53.508,54.679,-27.3842,-12.1892,17.00,485.22,-28.6164,-12.0960,,,0.21947,0
52.9599,18,8,2,0,50.25,389.00,capture,26.30,508.55,121.93,0,179.028,8.044,179.812,-18.82,21.02,147.16,-18.24,-7.11,173.28,53.799,54.802,-29.9654,-11.9728,26.30,508.55,-29.2234,-12.0406,,,0.20881,0
53.0683,18,8,2,0,50.25,389.00,capture,-0.90,509.90,131.28,0,179.160,8.112,179.799,-18.89,20.86,147.28,-18.53,-7.34,173.11,53.771,54.338,-29.0225,-12.7957,-0.90,509.90,-29.1330,-12.3804,,,0.19625,0
53.1738,18,8,2,0,50.25,389.00,capture,12.25,452.17,73.72,1,179.097,8.035,179.787,-18.89,20.91,147.34,-18.45,-7.10,173.27,53.917,54.456,-26.4404,-12.4434,12.25,452.17,-27.9213,-12.4087,,,0.20536,0
53.2676,18,8,2,0,50.25,389.00,capture,6.38,485.29,105.81,0,179.044,7.975,179.803,-18.74,20.88,147.22,-17.98,-8.44,173.47,53.990,54.590,-28.1286,-12.7652,6.38,485.29,-28.0146,-12.5691,,,0.22247,0
53.3575,18,8,2,0,50.25,389.00,capture,-11.39,508.44,134.41,0,179.031,8.037,179.808,-18.74,20.88,147.42,-18.45,-7.80,173.43,53.867,54.495,-30.7183,-13.6398,-11.39,508.44,-29.2313,-13.0509,,,0.23859,0
53.4756,18,8,2,0,50.25,389.00,capture,7.20,494.81,114.23,0,179.044,8.103,179.797,-18.64,21.00,147.39,-18.22,-8.45,173.46,53.691,54.357,-29.2858,-11.9227,7.20,494.81,-29.2558,-12.5432,,,0.21997,0
53.5753,18,8,2,0,50.25,389.00,capture,42.03,493.33,104.65,0,178.913,8.112,179.792,-18.52,20.79,147.41,-18.07,-8.20,173.19,53.756,54.558,-29.4326,-10.7781,42.03,493.33,-29.3354,-11.7489,,,0.21203,0
53.6843,18,8,2,0,50.25,389.00,capture,24.98,489.78,103.90,0,178.926,8.134,179.796,-18.47,20.73,147.35,-17.87,-7.71,173.46,53.987,54.535,-28.6712,-12.1798,24.98,489.78,-29.0365,-11.9428,,,0.22225,0
53.7891,18,8,2,0,50.25,389.00,capture,39.54,468.08,79.80,0,178.977,8.215,179.770,-18.54,20.78,147.64,-18.00,-7.49,174.20,54.050,54.291,-28.2084,-11.0093,39.54,468.08,-28.6639,-11.5227,,,0.22929,0
53.8919,18,8,2,0,50.25,389.00,capture,-5.89,483.92,110.28,0,178.924,8.139,179.793,-18.45,20.83,147.80,-17.55,-7.69,174.16,54.127,54.265,-29.2296,-12.9402,-5.89,483.92,-28.9184,-12.1606,,,0.22225,0
53.9941,18,8,2,0,50.25,389.00,capture,15.78,505.15,121.16,0,178.883,8.156,179.784,-18.37,20.70,148.11,-17.78,-8.67,175.09,54.518,54.201,-29.9573,-11.6366,15.78,505.15,-29.3859,-11.9248,,,0.22232,0
54.0876,18,8,2,0,50.25,389.00,capture,26.72,506.77,120.10,0,178.823,8.229,179.764,-18.24,20.68,147.70,-17.76,-7.62,174.35,53.900,54.540,-29.2992,-11.3748,26.72,506.77,-29.3469,-11.6773,,,0.22448,0
54.2013,18,8,2,0,50.25,389.00,capture,35.56,498.27,110.25,0,178.727,8.190,179.731,-18.26,20.77,147.77,-17.39,-8.11,174.15,53.997,54.542,-29.5787,-11.2349,35.56,498.27,-29.4512,-11.4782,,,0.24168,0
54.3084,18,8,2,0,50.25,389.00,capture,14.78,493.91,110.74,0,178.833,8.162,179.722,-18.33,20.68,147.55,-17.67,-8.17,173.96,53.938,54.638,-29.2827,-12.0506,14.78,493.91,-29.3754,-11.7358,,,0.22038,0
54.4918,19,6,1,2,251.25,233.40,dwell,117.24,386.68,203.60,0,178.791,8.068,179.726,-18.33,20.73,147.64,-17.79,-8.97,174.30,54.057,54.571,-24.2769,-7.0310,117.24,386.68,-24.2769,-7.0310,,,0.22066,0
54.5953,19,6,1,2,251.25,233.40,dwell,128.67,506.41,299.27,0,178.767,7.894,179.769,-18.22,20.68,147.53,-17.20,-8.05,173.93,53.996,54.425,-29.3927,-7.0293,128.67,506.41,-26.5790,-7.0302,,,0.20806,0
54.6870,19,6,1,2,251.25,233.40,dwell,207.02,544.25,313.98,0,178.816,7.898,179.754,-18.01,20.56,147.53,-17.72,-7.96,174.28,54.059,54.651,-29.6702,-3.6769,207.02,544.25,-27.9700,-5.5212,,,0.24167,0
54.7947,19,6,1,2,251.25,233.40,dwell,118.27,330.36,164.57,0,178.904,8.011,179.763,-18.11,20.50,147.53,-17.95,-8.18,173.59,54.104,54.633,-22.4702,-7.1129,118.27,330.36,-25.4951,-6.2375,,,0.23090,0
54.8863,19,6,1,2,251.25,233.40,dwell,146.51,468.56,257.43,0,178.880,8.053,179.783,-18.25,20.32,147.50,-17.97,-8.33,173.50,54.028,54.531,-28.0159,-5.8686,146.51,468.56,-26.6294,-6.0715,,,0.24226,0
54.9683,19,6,1,2,251.25,233.40,dwell,184.03,421.61,199.85,0,178.947,7.959,179.760,-18.31,20.43,147.64,-18.06,-7.85,174.27,54.071,54.220,-25.9822,-4.8890,184.03,421.61,-26.3382,-5.5394,,,0.22327,0
55.0757,19,6,1,2,251.25,233.40,dwell,237.50,339.64,107.13,0,178.848,7.872,179.771,-18.14,20.44,147.43,-17.70,-8.01,173.65,53.545,54.256,-23.2689,-1.7385,237.50,339.64,-24.9570,-3.8290,,,0.22751,0
55.1751,19,6,1,2,251.25,233.40,dwell,204.97,318.92,97.24,0,178.841,7.950,179.768,-18.13,20.48,147.69,-18.12,-8.44,174.22,53.839,54.528,-22.0730,-3.1053,204.97,318.92,-23.6592,-3.5033,,,0.23955,0
55.2855,19,6,1,2,251.25,233.40,dwell,274.24,307.48,77.57,1,178.729,7.921,179.803,-18.04,20.47,147.36,-17.11,-7.52,173.08,53.499,54.387,-22.0667,0.1291,274.24,307.48,-22.9426,-1.8687,,,0.20777,0
55.4014,19,6,1,2,251.25,233.40,capture,285.92,262.70,45.39,1,178.725,7.844,179.816,-18.13,20.43,147.25,-18.10,-7.64,173.63,53.549,54.184,-19.5945,0.7394,285.92,262.70,-21.4359,-0.6951,,,0.19317,0
55.5064,19,6,1,2,251.25,233.40,capture,257.83,288.33,55.32,1,178.754,7.831,179.826,-18.24,20.43,147.28,-17.63,-8.34,173.38,53.874,54.016,-20.7857,-0.7980,257.83,288.33,-21.1433,-0.7414,,,0.22645,0
55.6113,19,6,1,2,251.25,233.40,capture,258.77,304.89,71.88,1,178.747,7.811,179.824,-18.26,20.58,147.27,-18.46,-7.45,173.19,53.502,53.972,-21.8625,-1.5342,258.77,304.89,-21.4670,-1.0981,,,0.22585,0
55.7228,19,6,1,2,251.25,233.40,capture,255.43,271.35,38.18,1,178.791,7.711,179.833,-18.19,20.62,147.20,-17.85,-7.84,173.63,53.220,54.252,-20.7791,-1.1998,255.43,271.35,-21.1574,-1.1439,,,0.18215,0
55.8386,19,6,1,2,251.25,233.40,capture,262.28,282.85,50.67,1,178.887,7.566,179.833,-18.23,20.66,146.99,-17.97,-8.32,172.78,53.663,54.224,-20.9918,-1.0486,262.28,282.85,-21.0829,-1.1010,,,0.23687,0
55.9377,19,6,1,2,251.25,233.40,capture,268.03,298.64,67.36,1,178.856,7.479,179.815,-18.26,20.72,146.97,-18.12,-8.32,172.98,54.086,53.969,-21.4195,-0.4477,268.03,298.64,-21.2344,-0.8070,,,0.21932,0
56.0197,19,6,1,2,251.25,233.40,capture,249.52,281.47,48.10,1,178.989,7.465,179.817,-18.32,20.58,147.04,-17.71,-7.83,172.70,54.238,54.460,-20.9179,-2.0184,249.52,281.47,-21.0920,-1.3521,,,0.22154,0
56.1275,19,6,1,2,251.25,233.40,capture,258.02,299.02,65.97,1,178.967,7.426,179.809,-18.45,20.61,146.99,-18.36,-7.56,173.35,53.903,54.580,-21.0480,-0.8365,258.02,299.02,-21.0722,-1.1201,,,0.21773,0
56.2275,19,6,1,2,251.25,233.40,capture,273.28,282.53,53.84,1,178.940,7.585,179.802,-18.44,20.58,147.08,-17.79,-8.29,173.60,54.054,54.531,-20.8656,0.1419,273.28,282.53,-20.9792,-0.5522,,,0.22387,0
56.3434,19,6,1,2,251.25,233.40,capture,264.63,288.72,56.92,1,178.976,7.499,179.812,-18.38,20.72,146.95,-18.47,-7.96,173.22,53.720,54.568,-20.6613,-0.5991,264.63,288.72,-20.8362,-0.5733,,,0.22201,0
56.4610,19,6,1,2,251.25,233.40,capture,264.02,279.49,47.83,1,178.887,7.460,179.783,-18.45,20.65,146.90,-17.10,-7.98,173.41,53.484,54.129,-21.2077,-0.3722,264.02,279.49,-21.0033,-0.4828,,,0.19844,0
56.5539,19,6,1,2,251.25,233.40,capture,255.22,295.61,62.34,1,178.733,7.610,179.796,-18.48,20.71,147.11,-18.46,-8.25,173.09,53.586,54.172,-22.2518,-0.6913,255.22,295.61,-21.5651,-0.5766,,,0.21582,0
56.6493,19,6,1,2,251.25,233.40,capture,249.51,275.86,42.50,1,178.668,7.630,179.797,-18.38,20.60,147.15,-18.28,-8.85,172.92,53.590,54.085,-20.0658,-0.7330,249.51,275.86,-20.8904,-0.6470,,,0.22036,0
56.7565,19,6,1,2,251.25,233.40,capture,262.01,275.80,43.74,1,178.786,7.577,179.796,-18.45,20.60,147.19,-17.87,-7.41,173.72,53.486,54.143,-19.8093,-0.9943,262.01,275.80,-20.4039,-0.8033,,,0.22681,0
56.8734,19,6,1,2,251.25,233.40,capture,263.81,278.39,46.71,1,178.837,7.702,179.809,-18.58,20.49,147.43,-18.32,-8.17,173.79,53.348,54.479,-21.0513,-0.0303,263.81,278.39,-20.6953,-0.4554,,,0.22279,0
56.9875,19,6,1,2,251.25,233.40,capture,249.35,274.04,40.68,1,178.713,7.744,179.818,-18.52,20.58,147.47,-18.42,-7.13,173.80,53.200,54.487,-20.2295,-1.4827,249.35,274.04,-20.4857,-0.9177,,,0.19301,0
57.0782,19,6,1,2,251.25,233.40,capture,253.37,291.57,58.21,1,178.645,7.835,179.813,-18.67,20.63,147.39,-17.91,-7.22,173.30,53.583,54.633,-21.3663,-0.4345,253.37,291.57,-20.8819,-0.7003,,,0.22083,0
57.1995,19,6,1,2,251.25,233.40,capture,268.42,273.89,43.98,1,178.700,7.750,179.836,-18.74,20.56,147.38,-18.17,-7.89,174.31,53.714,54.221,-21.0236,-0.9621,268.42,273.89,-20.9457,-0.8181,,,0.20934,0
57.3461,20,5,1,1,150.75,233.40,dwell,264.96,315.33,140.56,0,178.768,7.745,179.813,-18.91,20.70,147.17,-18.46,-8.47,173.57,53.863,54.416,-22.8261,-0.2827,264.96,315.33,-22.8261,-0.2827,,,0.23547,0
57.4438,20,5,1,1,150.75,233.40,dwell,273.42,265.18,126.72,0,178.768,7.817,179.803,-18.81,20.63,147.32,-18.97,-7.82,174.14,53.965,54.530,-20.0775,-0.3696,273.42,265.18,-21.5892,-0.3218,,,0.23921,0
57.5574,20,5,1,1,150.75,233.40,dwell,221.70,265.91,78.04,0,178.696,7.774,179.795,-18.82,20.53,147.39,-17.90,-8.12,174.00,53.805,54.460,-20.3011,-2.4054,221.70,265.91,-21.0096,-1.2594,,,0.22540,0
57.6467,20,5,1,1,150.75,233.40,dwell,324.20,357.85,213.48,0,178.876,7.688,179.823,-18.76,20.45,147.44,-18.09,-7.90,173.61,53.483,54.156,-23.7917,1.7413,324.20,357.85,-22.2615,0.0909,,,0.20610,0
57.7629,20,5,1,1,150.75,233.40,dwell,128.59,267.66,40.80,1,178.790,7.549,179.802,-18.69,20.48,147.51,-18.11,-8.04,173.59,53.362,54.001,-20.7063,-6.7130,128.59,267.66,-21.5617,-2.9708,,,0.20635,0
57.8593,20,5,1,1,150.75,233.40,dwell,218.16,200.98,74.80,0,178.659,7.458,179.812,-18.71,20.39,147.28,-17.52,-8.24,173.57,53.785,53.974,-17.4051,-2.1253,218.16,200.98,-19.6912,-2.5903,,,0.24275,0
57.9634,20,5,1,1,150.75,233.40,dwell,276.82,287.23,137.08,0,178.718,7.482,179.822,-18.65,20.35,147.44,-18.02,-8.55,173.13,53.677,53.780,-21.7005,0.0892,276.82,287.23,-20.5954,-1.3846,,,0.19084,0
58.0644,20,5,1,1,150.75,233.40,dwell,247.61,104.69,161.08,0,178.716,7.596,179.799,-18.59,20.45,147.56,-18.02,-7.32,173.53,53.791,53.503,-13.6078,-1.5396,247.61,104.69,-17.4510,-1.4543,,,0.23336,0
58.1494,20,5,1,1,150.75,233.40,dwell,244.77,237.12,94.09,0,178.846,7.490,179.773,-18.60,20.51,147.60,-17.91,-7.51,174.24,53.770,53.607,-18.9818,-1.8860,244.77,237.12,-18.1398,-1.6486,,,0.22738,0
58.2569,20,5,1,1,150.75,233.40,dwell,236.61,129.66,134.66,0,178.962,7.489,179.820,-18.59,20.50,147.84,-17.89,-8.36,174.14,53.863,53.434,-15.0293,-2.0663,236.61,129.66,-16.7401,-1.8366,,,0.19128,0
58.3531,20,5,1,1,150.75,233.40,dwell,176.81,176.84,62.27,1,178.971,7.605,179.818,-18.62,20.53,147.81,-18.16,-7.50,174.14,53.857,53.781,-16.5336,-5.0733,176.81,176.84,-16.6472,-3.2931,,,0.21578,0
58.4537,20,5,1,1,150.75,233.40,capture,172.57,196.95,42.48,1,178.906,7.683,179.809,-18.63,20.74,147.75,-18.11,-8.34,174.11,54.046,54.098,-18.1926,-5.0279,172.57,196.95,-17.3426,-4.0738,,,0.23265,0
58.5378,20,5,1,1,150.75,233.40,capture,175.22,178.71,59.91,1,178.981,7.636,179.832,-18.57,20.76,147.55,-18.35,-8.01,173.70,53.581,53.908,-17.2286,-4.8828,175.22,178.71,-17.2913,-4.4378,,,0.20638,0
58.6509,20,5,1,1,150.75,233.40,capture,219.12,178.56,87.65,0,178.902,7.669,179.839,-18.45,20.80,147.32,-17.74,-7.07,173.35,53.396,54.083,-16.2051,-2.3566,219.12,178.56,-16.8025,-3.5013,,,0.21554,0
58.7346,20,5,1,1,150.75,233.40,capture,192.38,181.45,66.57,1,178.985,7.819,179.835,-18.49,20.82,147.47,-18.35,-8.61,173.63,53.643,53.958,-16.6386,-3.8188,192.38,181.45,-16.7288,-3.6442,,,0.20255,0
58.8410,20,5,1,1,150.75,233.40,capture,191.01,176.07,70.05,1,179.066,7.768,179.827,-18.43,20.75,147.38,-17.50,-7.76,173.42,54.012,54.067,-16.6368,-3.3140,191.01,176.07,-16.6874,-3.4956,,,0.20616,0
58.9232,20,5,1,1,150.75,233.40,capture,186.04,174.45,68.71,1,179.049,7.853,179.818,-18.39,20.61,147.25,-18.18,-7.68,173.71,54.332,54.087,-16.5357,-4.0236,186.04,174.45,-16.6192,-3.7332,,,0.22382,0
59.0289,20,5,1,1,150.75,233.40,capture,198.37,186.83,66.61,1,179.028,7.899,179.814,-18.44,20.59,147.59,-17.68,-7.64,173.83,54.157,54.037,-17.4274,-3.8704,198.37,186.83,-16.9829,-3.7949,,,0.23388,0
59.1254,20,5,1,1,150.75,233.40,capture,204.95,160.71,90.67,0,178.844,7.878,179.804,-18.36,20.67,147.43,-18.19,-7.03,174.31,53.820,54.030,-15.6149,-3.3786,204.95,160.71,-16.3673,-3.6076,,,0.23051,0
59.2436,20,5,1,1,150.75,233.40,capture,213.42,148.22,105.75,0,178.870,7.825,179.783,-18.38,20.66,147.23,-18.16,-7.96,173.28,53.468,54.570,-15.8562,-2.3881,213.42,148.22,-16.1373,-3.0588,,,0.20955,0
59.3511,20,5,1,1,150.75,233.40,capture,192.76,156.19,87.90,1,178.828,7.751,179.785,-18.33,20.54,147.32,-17.56,-8.21,173.87,53.423,54.758,-15.2604,-3.5376,192.76,156.19,-15.7427,-3.2743,,,0.20386,0
59.4520,20,5,1,1,150.75,233.40,capture,181.86,177.61,63.88,1,178.815,7.750,179.793,-18.21,20.34,147.41,-17.92,-8.38,174.00,53.380,54.344,-17.4311,-4.6127,181.86,177.61,-16.5025,-3.8766,,,0.22156,0
59.5537,20,5,1,1,150.75,233.40,capture,184.53,208.18,42.16,1,178.938,7.750,179.786,-18.22,20.30,147.32,-18.26,-8.39,174.04,53.638,54.353,-17.5001,-4.2034,184.53,208.18,-16.9514,-4.0236,,,0.21617,0
59.6429,20,5,1,1,150.75,233.40,capture,208.10,177.26,80.25,0,179.042,7.671,179.801,-18.12,20.09,147.35,-17.87,-8.37,173.89,53.220,53.625,-16.4268,-3.1110,208.10,177.26,-16.7153,-3.6129,,,0.19165,0
59.7374,20,5,1,1,150.75,233.40,capture,213.69,172.13,87.84,0,178.975,7.576,179.829,-18.20,20.24,147.41,-17.74,-8.73,173.39,53.326,53.390,-16.1937,-3.1715,213.69,172.13,-16.4806,-3.4143,,,0.17467,0
59.8272,20,5,1,1,150.75,233.40,capture,186.28,194.41,52.75,1,178.900,7.818,179.815,-18.25,20.15,147.58,-17.99,-8.01,174.00,53.188,53.881,-16.7934,-4.0134,186.28,194.41,-16.6214,-3.6839,,,0.19828,0
59.9294,20,5,1,1,150.75,233.40,capture,160.72,196.87,37.87,1,178.887,8.142,179.842,-18.42,20.36,147.50,-17.87,-7.41,173.43,53.303,53.974,-17.5229,-5.1584,160.72,196.87,-17.0271,-4.3474,,,0.20684,0
60.0271,20,5,1,1,150.75,233.40,capture,207.34,166.84,87.37,0,179.068,8.165,179.844,-18.44,20.19,147.41,-17.91,-7.67,173.72,53.122,54.201,-16.0678,-2.8276,207.34,166.84,-16.5954,-3.6635,,,0.21226,0
60.1508,20,5,1,1,150.75,233.40,capture,189.20,171.15,73.17,1,178.976,8.130,179.856,-18.40,20.25,147.49,-18.06,-8.94,174.14,53.325,54.448,-15.8672,-4.3204,189.20,171.15,-16.2677,-3.9591,,,0.18706,0
60.2332,20,5,1,1,150.75,233.40,capture,171.62,178.34,58.88,1,179.018,8.042,179.862,-18.40,20.25,147.53,-18.52,-8.03,174.04,53.159,54.537,-16.6585,-4.5809,171.62,178.34,-16.4436,-4.2389,,,0.18464,0
60.3305,20,5,1,1,150.75,233.40,capture,180.42,184.47,57.22,1,179.070,8.057,179.855,-18.39,20.48,147.66,-18.13,-8.37,174.18,52.893,54.598,-16.3965,-4.9036,180.42,184.47,-16.4224,-4.5380,,,0.20800,0
