t_s,trial,cell_idx,row,col,target_x,target_y,phase,pred_x,pred_y,err_pt,in_cell,head_yaw_deg,head_pitch_deg,head_roll_deg,head_tx_mm,head_ty_mm,head_tz_mm,eye_cam_x_mm,eye_cam_y_mm,eye_cam_z_mm,pupil_left_px,pupil_right_px,raw_pitch_deg,raw_yaw_deg,raw_pred_x,raw_pred_y,filt_pitch_deg,filt_yaw_deg,filt_pred_x,filt_pred_y,ear,blink_held
0.0418,1,4,1,0,50.25,194.50,dwell,133.75,303.59,137.38,0,179.209,8.502,179.870,-18.03,20.50,147.16,-17.63,-8.22,172.59,53.440,53.077,-21.9523,-6.9925,133.75,303.59,-21.9523,-6.9925,,,0.22221,0
0.1342,1,4,1,0,50.25,194.50,dwell,206.78,226.37,159.74,0,179.149,8.548,179.863,-18.11,20.59,147.32,-18.20,-7.80,173.80,53.405,53.311,-18.6935,-2.7848,206.78,226.37,-20.4858,-5.0990,,,0.18067,0
0.2293,1,4,1,0,50.25,194.50,dwell,57.17,241.27,47.28,1,179.150,8.601,179.847,-18.07,20.49,147.28,-17.29,-7.62,173.69,53.856,53.048,-18.8418,-9.9092,57.17,241.27,-19.7460,-7.2636,,,0.21730,0
0.3207,1,4,1,0,50.25,194.50,dwell,145.90,164.00,100.40,0,179.121,8.600,179.865,-18.11,20.65,147.52,-17.84,-8.51,173.64,53.851,53.395,-17.1233,-6.9859,145.90,164.00,-18.5658,-7.1386,,,0.21854,0
0.4304,1,4,1,0,50.25,194.50,dwell,116.47,67.99,142.79,0,179.053,8.581,179.847,-18.15,20.69,147.54,-17.66,-7.61,173.59,53.852,53.356,-12.7640,-6.9297,116.47,67.99,-15.9550,-7.0446,,,0.20344,0
0.5124,1,4,1,0,50.25,194.50,dwell,131.71,76.32,143.53,0,179.054,8.387,179.866,-18.25,20.79,147.36,-18.15,-7.59,173.43,53.614,53.594,-12.7648,-7.0493,131.71,76.32,-14.5194,-7.0468,,,0.20913,0
0.6048,1,4,1,0,50.25,194.50,dwell,86.12,115.18,87.05,0,178.997,8.241,179.851,-18.23,20.89,147.37,-17.77,-8.39,173.52,53.533,53.600,-14.6440,-9.1698,86.12,115.18,-14.5755,-8.0021,,,0.21513,0
0.6989,1,4,1,0,50.25,194.50,dwell,130.47,32.98,180.34,0,179.127,8.093,179.885,-18.33,20.89,147.56,-17.74,-7.95,174.11,53.599,53.521,-12.1410,-7.1972,130.47,32.98,-13.4800,-7.6399,,,0.20642,0
0.7809,1,4,1,0,50.25,194.50,capture,73.59,19.30,176.75,0,179.110,8.023,179.915,-18.22,20.60,147.65,-17.55,-7.74,174.25,53.804,54.008,-10.4401,-9.0143,73.59,19.30,-12.1120,-8.2584,,,0.23397,0
0.8783,1,4,1,0,50.25,194.50,capture,76.33,-4.14,200.34,0,179.041,8.099,179.942,-18.23,20.73,148.03,-17.93,-8.00,174.64,54.072,54.148,-9.0403,-10.2253,76.33,-4.14,-10.7297,-9.1435,,,0.22220,0
0.9603,1,4,1,0,50.25,194.50,capture,100.09,28.03,173.77,0,178.947,8.127,179.921,-18.32,20.59,147.84,-18.29,-7.39,174.13,53.703,54.617,-10.9181,-7.9499,100.09,28.03,-10.8145,-8.6064,,,0.21657,0
1.0648,1,4,1,0,50.25,194.50,capture,108.08,5.42,197.73,0,178.945,8.121,179.943,-18.44,20.83,147.82,-18.29,-6.84,174.75,53.584,54.219,-9.9217,-7.4247,108.08,5.42,-10.4127,-8.0746,,,0.20646,0
1.1601,1,4,1,0,50.25,194.50,capture,81.95,9.55,187.65,0,178.982,8.123,179.928,-18.47,20.93,147.97,-17.90,-8.18,174.53,53.772,54.165,-10.8744,-9.5129,81.95,9.55,-10.6205,-8.7219,,,0.22582,0
1.2497,1,4,1,0,50.25,194.50,capture,87.28,35.66,163.10,0,178.865,8.117,179.900,-18.46,20.82,147.85,-17.97,-8.13,174.10,53.950,53.865,-11.9510,-8.8245,87.28,35.66,-11.2192,-8.7681,,,0.22584,0
1.3697,1,4,1,0,50.25,194.50,capture,94.41,10.24,189.48,0,178.733,8.157,179.919,-18.68,20.75,147.76,-18.29,-8.11,174.18,53.920,53.779,-10.1429,-8.5164,94.41,10.24,-10.7349,-8.6548,,,0.22391,0
1.4850,1,4,1,0,50.25,194.50,capture,83.37,24.58,173.12,0,178.668,7.997,179.905,-18.69,20.61,147.81,-18.08,-8.35,173.54,53.849,53.923,-11.3394,-8.1522,83.37,24.58,-11.0069,-8.4286,,,0.20078,0
1.5961,1,4,1,0,50.25,194.50,capture,110.76,12.07,192.20,0,178.807,7.851,179.909,-18.49,20.54,147.91,-17.60,-7.42,174.04,54.361,53.966,-10.0336,-8.3733,110.76,12.07,-10.5689,-8.4037,,,0.22304,0
1.6994,1,4,1,0,50.25,194.50,capture,94.19,34.24,166.17,0,178.783,7.871,179.913,-18.52,20.55,147.67,-17.59,-8.53,173.60,53.904,53.809,-11.8265,-8.4786,94.19,34.24,-11.1348,-8.4374,,,0.22539,0
1.7848,1,4,1,0,50.25,194.50,capture,112.60,28.88,176.97,0,178.666,7.925,179.874,-18.62,20.61,147.41,-18.28,-7.83,173.93,54.015,53.983,-11.5240,-7.7070,112.60,28.88,-11.3100,-8.1087,,,0.20405,0
1.8819,1,4,1,0,50.25,194.50,capture,113.48,31.78,174.57,0,178.797,7.935,179.854,-18.61,20.64,147.46,-18.09,-8.20,173.78,53.898,54.100,-10.7267,-7.4583,113.48,31.78,-11.0475,-7.8160,,,0.20942,0
2.0006,1,4,1,0,50.25,194.50,capture,85.83,16.75,181.28,0,178.705,8.015,179.834,-18.49,20.66,147.41,-17.86,-8.01,174.03,53.953,53.988,-10.2640,-9.0226,85.83,16.75,-10.6950,-8.3590,,,0.22037,0
2.0963,1,4,1,0,50.25,194.50,capture,97.09,23.29,177.50,0,178.853,8.011,179.837,-18.42,20.88,147.51,-17.78,-7.67,173.47,54.245,54.142,-10.9633,-7.3812,97.09,23.29,-10.8157,-7.9190,,,0.22589,0
2.1894,1,4,1,0,50.25,194.50,capture,99.14,11.70,189.22,0,178.984,8.081,179.885,-18.39,20.89,147.43,-17.97,-7.66,173.38,54.081,53.895,-9.8359,-8.6287,99.14,11.70,-10.3748,-8.2384,,,0.20396,0
2.2956,1,4,1,0,50.25,194.50,capture,101.40,-0.96,202.04,0,179.025,7.999,179.878,-18.32,20.92,147.37,-17.96,-7.40,173.55,53.671,53.861,-10.7316,-7.9293,101.40,-0.96,-10.5353,-8.0993,,,0.21768,0
2.4079,1,4,1,0,50.25,194.50,capture,106.31,-16.48,218.30,0,178.931,8.043,179.919,-18.38,20.89,147.10,-18.16,-6.38,172.90,53.685,53.851,-10.4695,-7.2507,106.31,-16.48,-10.5057,-7.7174,,,0.19726,0
2.5230,1,4,1,0,50.25,194.50,capture,95.63,14.48,185.65,0,178.893,7.913,179.901,-18.41,20.87,147.02,-17.51,-7.56,172.76,53.347,53.775,-9.6120,-8.1491,95.63,14.48,-10.1035,-7.9117,,,0.21006,0
2.7311,2,19,4,3,351.75,583.50,dwell,131.59,142.61,492.80,0,178.962,7.949,179.850,-18.38,20.77,147.34,-17.64,-7.09,173.16,53.192,54.304,-14.8891,-6.8681,131.59,142.61,-14.8891,-6.8681,,,0.19148,0
2.8349,2,19,4,3,351.75,583.50,dwell,211.98,63.18,538.77,0,178.936,8.031,179.884,-18.52,20.63,147.21,-18.11,-8.56,172.99,53.570,54.127,-12.3276,-3.1149,211.98,63.18,-13.7364,-5.1791,,,0.20268,0
2.9318,2,19,4,3,351.75,583.50,dwell,202.70,105.96,500.26,0,178.877,8.171,179.879,-18.49,20.66,147.46,-18.13,-8.50,173.25,53.697,54.037,-14.1728,-3.7559,202.70,105.96,-13.9328,-4.5387,,,0.21641,0
3.0386,2,19,4,3,351.75,583.50,dwell,295.32,199.51,388.11,0,178.921,8.013,179.859,-18.50,20.51,147.35,-18.14,-8.54,173.81,53.608,54.266,-16.6747,0.8915,295.32,199.51,-15.1667,-2.0951,,,0.21086,0
3.1509,2,19,4,3,351.75,583.50,dwell,293.14,226.32,361.96,0,178.881,7.909,179.872,-18.55,20.73,147.23,-18.02,-7.79,173.45,53.775,54.050,-18.3892,0.8156,293.14,226.32,-16.6168,-0.7853,,,0.19022,0
3.2548,2,19,4,3,351.75,583.50,dwell,293.71,191.19,396.58,0,178.770,8.096,179.854,-18.53,20.73,147.20,-18.56,-8.00,173.17,54.236,54.265,-17.8685,0.7411,293.71,191.19,-17.1801,-0.0984,,,0.24277,0
3.3489,2,19,4,3,351.75,583.50,dwell,360.95,266.95,316.68,0,178.777,8.093,179.817,-18.49,20.79,147.14,-17.96,-7.67,173.34,54.019,54.456,-20.1985,4.3169,360.95,266.95,-18.5384,1.8885,,,0.21111,0
3.4584,2,19,4,3,351.75,583.50,dwell,368.58,249.64,334.28,0,178.692,8.050,179.819,-18.58,20.85,147.04,-17.88,-8.04,173.05,54.251,54.190,-19.8625,4.2983,368.58,249.64,-19.1342,2.9729,,,0.21766,0
3.5443,2,19,4,3,351.75,583.50,dwell,372.88,274.27,309.95,0,178.747,8.125,179.790,-18.44,21.03,147.13,-17.99,-7.61,173.44,54.652,53.832,-20.4694,3.9605,372.88,274.27,-19.7351,3.4173,,,0.23147,0
3.6274,2,19,4,3,351.75,583.50,capture,439.13,304.71,292.16,0,178.798,8.141,179.778,-18.36,21.00,146.98,-18.04,-8.22,173.04,54.711,54.090,-20.8501,7.3568,439.13,304.71,-20.2368,5.1901,,,0.23693,0
3.7193,2,19,4,3,351.75,583.50,capture,422.81,309.29,283.27,0,178.881,8.261,179.789,-18.35,20.95,147.13,-17.83,-7.19,173.30,54.384,54.117,-21.7886,6.9104,422.81,309.29,-20.9351,5.9642,,,0.23524,0
3.8134,2,19,4,3,351.75,583.50,capture,425.99,314.84,278.73,0,178.997,8.244,179.781,-18.40,20.95,147.14,-17.93,-7.16,173.27,54.377,54.481,-22.7209,7.7808,425.99,314.84,-21.7387,6.7817,,,0.23831,0
3.9076,2,19,4,3,351.75,583.50,capture,412.98,291.65,298.20,0,178.953,8.339,179.784,-18.31,20.87,147.13,-18.04,-7.30,173.48,53.880,54.189,-20.7930,6.3815,412.98,291.65,-21.3132,6.6016,,,0.25856,0
3.9896,2,19,4,3,351.75,583.50,capture,402.32,307.35,280.74,0,178.962,8.369,179.789,-18.43,20.79,147.25,-17.65,-7.29,173.51,54.199,54.336,-21.7667,5.7742,402.32,307.35,-21.5172,6.2292,,,0.18877,0
4.0936,2,19,4,3,351.75,583.50,capture,426.22,310.82,282.67,0,178.994,8.204,179.789,-18.48,20.92,147.14,-18.20,-8.02,173.31,54.148,54.295,-22.3361,7.1176,426.22,310.82,-21.8857,6.6290,,,0.21582,0
4.1914,2,19,4,3,351.75,583.50,capture,439.48,288.54,307.73,0,178.927,8.216,179.804,-18.51,20.85,147.05,-17.62,-7.66,173.43,54.342,54.094,-21.4168,8.0927,439.48,288.54,-21.6747,7.2877,,,0.26035,0
4.2862,2,19,4,3,351.75,583.50,capture,419.63,282.34,308.72,0,178.953,8.278,179.804,-18.56,20.86,147.13,-18.54,-7.50,173.55,54.114,54.123,-20.9076,7.3084,419.63,282.34,-21.3295,7.2970,,,0.22318,0
4.3757,2,19,4,3,351.75,583.50,capture,425.16,308.78,284.36,0,178.949,8.272,179.819,-18.56,20.84,147.40,-17.69,-7.43,173.40,54.150,53.883,-21.2378,6.6518,425.16,308.78,-21.2882,7.0067,,,0.21121,0
4.4946,2,19,4,3,351.75,583.50,capture,406.01,316.42,272.54,0,178.914,8.315,179.848,-18.53,20.83,147.62,-17.70,-7.58,173.73,53.694,53.935,-21.2854,5.9058,406.01,316.42,-21.2869,6.5113,,,0.22602,0
4.5919,2,19,4,3,351.75,583.50,capture,423.18,340.83,252.96,0,179.020,8.314,179.836,-18.59,20.96,147.60,-18.37,-8.02,174.13,54.045,54.076,-21.6409,7.3761,423.18,340.83,-21.4462,6.9005,,,0.20998,0
4.6963,2,19,4,3,351.75,583.50,capture,434.08,339.48,257.53,0,178.971,8.240,179.883,-18.65,20.94,147.88,-18.01,-7.45,174.36,54.009,54.627,-23.5843,6.7337,434.08,339.48,-22.4084,6.8254,,,0.21955,0
4.7928,2,19,4,3,351.75,583.50,capture,422.83,315.80,276.98,0,178.930,8.265,179.855,-18.65,20.81,148.13,-18.29,-8.18,174.55,53.727,54.385,-22.0304,7.3853,422.83,315.80,-22.2383,7.0774,,,0.21486,0
4.8877,2,19,4,3,351.75,583.50,capture,413.99,312.32,278.23,0,178.919,8.187,179.839,-18.73,20.86,148.18,-18.09,-7.58,174.22,53.892,54.238,-21.8549,6.1564,413.99,312.32,-22.0658,6.6629,,,0.22289,0
4.9754,2,19,4,3,351.75,583.50,capture,422.16,290.41,301.43,0,179.015,8.254,179.834,-18.60,20.95,148.17,-17.65,-7.84,174.07,53.375,53.842,-22.3027,6.4317,422.16,290.41,-22.1724,6.5589,,,0.19386,0
5.0732,2,19,4,3,351.75,583.50,capture,388.73,317.83,268.23,0,178.912,8.314,179.830,-18.42,21.04,148.05,-18.02,-8.04,174.43,53.492,54.242,-21.0458,4.8919,388.73,317.83,-21.6654,5.8087,,,0.18592,0
5.1877,2,19,4,3,351.75,583.50,capture,413.86,328.55,262.41,0,178.906,8.455,179.838,-18.43,21.04,147.83,-18.22,-7.42,174.27,53.833,54.533,-22.6485,6.3861,413.86,328.55,-22.1078,6.0685,,,0.22229,0
5.2871,2,19,4,3,351.75,583.50,capture,422.03,323.70,269.14,0,178.793,8.389,179.825,-18.33,21.08,147.83,-17.49,-8.12,174.38,53.854,54.364,-22.7007,6.4735,422.03,323.70,-22.3746,6.2508,,,0.20045,0
5.3963,2,19,4,3,351.75,583.50,capture,419.40,345.98,246.97,0,178.821,8.363,179.808,-18.43,21.02,147.80,-17.36,-7.35,174.04,53.746,54.736,-23.1480,6.0441,419.40,345.98,-22.7226,6.1578,,,0.21073,0
5.6177,3,21,5,1,150.75,713.17,dwell,443.86,350.24,466.51,0,178.950,8.326,179.779,-18.39,20.79,147.90,-18.58,-8.01,174.60,53.824,55.062,-23.2533,7.7404,443.86,350.24,-23.2533,7.7404,,,0.20524,0
5.7205,3,21,5,1,150.75,713.17,dwell,312.28,370.56,378.78,0,179.122,8.438,179.778,-18.39,20.51,147.81,-18.28,-8.53,173.92,54.534,54.861,-24.1855,2.4165,312.28,370.56,-23.6728,5.3446,,,0.23776,0
5.8342,3,21,5,1,150.75,713.17,dwell,272.37,412.70,324.15,0,179.095,8.503,179.785,-18.47,20.32,148.04,-18.40,-7.77,174.72,54.306,54.600,-26.4761,-0.4236,272.37,412.70,-24.9343,2.7489,,,0.24886,0
5.9319,3,21,5,1,150.75,713.17,dwell,160.77,417.72,295.62,0,179.080,8.451,179.762,-18.57,20.44,148.11,-18.04,-8.81,174.37,54.122,54.478,-25.6333,-5.4343,160.77,417.72,-25.2488,-0.9335,,,0.22979,0
6.0161,3,21,5,1,150.75,713.17,dwell,344.55,469.95,310.99,0,178.984,8.536,179.789,-18.57,20.46,147.89,-18.19,-7.40,174.36,54.322,53.917,-27.9893,3.0171,344.55,469.95,-26.4820,0.8443,,,0.24494,0
6.1252,3,21,5,1,150.75,713.17,dwell,276.15,586.11,178.52,0,178.970,8.745,179.802,-18.54,20.36,147.72,-18.07,-8.07,174.14,54.116,53.469,-32.1077,0.4988,276.15,586.11,-29.0136,0.6888,,,0.22853,0
6.2260,3,21,5,1,150.75,713.17,dwell,189.38,626.95,94.48,0,178.948,8.732,179.791,-18.51,20.31,147.63,-17.99,-8.25,174.19,54.186,53.760,-33.3921,-3.5281,189.38,626.95,-30.9839,-1.2088,,,0.22706,0
6.3249,3,21,5,1,150.75,713.17,dwell,350.56,581.53,239.27,0,178.945,8.705,179.821,-18.54,20.33,147.17,-18.02,-8.41,173.49,54.270,53.837,-32.9422,4.2768,350.56,581.53,-31.8651,1.2597,,,0.21421,0
6.4256,3,21,5,1,150.75,713.17,dwell,312.72,598.60,198.39,0,178.940,8.704,179.807,-18.52,20.40,147.18,-18.12,-8.30,173.30,54.122,54.100,-31.9821,1.7588,312.72,598.60,-31.9178,1.4843,,,0.23794,0
6.5158,3,21,5,1,150.75,713.17,dwell,226.82,584.69,149.31,0,179.121,8.645,179.824,-18.34,20.49,147.16,-17.77,-7.91,172.83,54.201,54.012,-33.3423,-1.9881,226.82,584.69,-32.5588,-0.0783,,,0.26090,0
6.6176,3,21,5,1,150.75,713.17,dwell,250.38,625.52,132.70,0,179.167,8.669,179.840,-18.35,20.53,147.35,-18.22,-8.33,173.97,54.299,54.219,-34.1736,-0.5824,250.38,625.52,-33.2855,-0.3051,,,0.24117,0
6.7034,3,21,5,1,150.75,713.17,capture,243.66,660.57,106.76,0,179.228,8.515,179.843,-18.34,20.49,147.28,-18.24,-8.48,173.63,54.043,54.238,-35.8842,-0.7783,243.66,660.57,-34.4549,-0.5180,,,0.24352,0
6.7997,3,21,5,1,150.75,713.17,capture,262.57,670.19,119.79,0,179.054,8.619,179.818,-18.37,20.52,147.33,-17.36,-8.91,173.31,53.848,54.171,-36.2335,-0.3029,262.57,670.19,-35.2553,-0.4212,,,0.21093,0
6.8977,3,21,5,1,150.75,713.17,capture,248.73,651.14,115.96,0,178.989,8.500,179.801,-18.50,20.54,147.29,-18.33,-8.04,173.94,54.357,54.515,-35.4762,-1.1387,248.73,651.14,-35.3547,-0.7441,,,0.22498,0
7.0086,3,21,5,1,150.75,713.17,capture,260.68,636.01,134.30,0,178.951,8.642,179.809,-18.53,20.64,147.44,-17.69,-7.37,173.23,54.437,54.510,-34.3564,0.0950,260.68,636.01,-34.9054,-0.3665,,,0.22005,0
7.1132,3,21,5,1,150.75,713.17,capture,231.37,652.83,100.70,0,178.935,8.699,179.835,-18.44,20.74,147.43,-18.01,-8.00,173.41,54.038,54.503,-34.8711,-2.4671,231.37,652.83,-34.8900,-1.3118,,,0.21949,0
7.2246,3,21,5,1,150.75,713.17,capture,249.70,650.06,117.36,0,178.966,8.760,179.859,-18.49,20.87,147.50,-17.83,-7.02,174.42,53.839,54.496,-34.3858,-1.1429,249.70,650.06,-34.6631,-1.2358,,,0.21441,0
7.3282,3,21,5,1,150.75,713.17,capture,223.13,668.72,84.94,0,178.892,8.932,179.841,-18.37,20.98,147.43,-17.42,-7.09,173.90,53.987,54.574,-36.2464,-2.3194,223.13,668.72,-35.3756,-1.7234,,,0.23541,0
7.4345,3,21,5,1,150.75,713.17,capture,264.08,640.02,134.89,0,178.822,8.657,179.843,-18.36,20.64,147.43,-18.06,-6.91,173.61,54.011,55.066,-34.5383,-0.6184,264.08,640.02,-34.9988,-1.2262,,,0.22787,0
7.5254,3,21,5,1,150.75,713.17,capture,257.69,637.47,131.02,0,178.900,8.693,179.814,-18.35,20.51,147.15,-17.90,-7.39,173.21,53.990,54.867,-35.1299,-0.1665,257.69,637.47,-35.0578,-0.7493,,,0.22358,0
7.6100,3,21,5,1,150.75,713.17,capture,249.67,653.67,115.43,0,178.864,8.864,179.822,-18.37,20.35,147.20,-18.09,-8.39,173.54,54.091,54.866,-34.5439,-1.3929,249.67,653.67,-34.8265,-1.0389,,,0.19577,0
7.7145,3,21,5,1,150.75,713.17,capture,232.37,653.47,101.12,0,178.855,8.812,179.771,-18.39,20.36,147.38,-17.61,-7.48,174.08,54.057,54.423,-34.9649,-1.7722,232.37,653.47,-34.8888,-1.3689,,,0.21145,0
7.8264,3,21,5,1,150.75,713.17,capture,258.67,649.38,125.36,0,178.856,8.795,179.797,-18.36,20.47,147.41,-17.54,-7.30,173.33,53.766,54.049,-33.7975,-0.5855,258.67,649.38,-34.3977,-1.0164,,,0.21076,0
7.9268,3,21,5,1,150.75,713.17,capture,217.50,655.51,88.20,0,178.856,8.724,179.769,-18.28,20.48,147.30,-17.99,-8.98,173.08,53.841,53.823,-35.0409,-3.1879,217.50,655.51,-34.6872,-1.9936,,,0.19089,0
8.0390,3,21,5,1,150.75,713.17,capture,234.62,627.01,120.24,0,178.978,8.751,179.788,-18.20,20.39,147.37,-18.12,-8.39,174.07,54.123,53.735,-33.4852,-1.8968,234.62,627.01,-34.1463,-1.9500,,,0.22056,0
8.1533,3,21,5,1,150.75,713.17,capture,249.80,668.66,108.59,0,179.007,8.857,179.792,-18.07,20.56,147.52,-17.78,-8.64,173.48,54.018,53.612,-34.7488,-1.0872,249.80,668.66,-34.4174,-1.5617,,,0.20927,0
8.2552,3,21,5,1,150.75,713.17,capture,256.88,669.48,114.77,0,179.065,8.704,179.798,-18.15,20.61,147.29,-17.73,-7.37,173.76,53.848,53.763,-37.3185,-1.2844,256.88,669.48,-35.7229,-1.4369,,,0.21775,0
8.3621,3,21,5,1,150.75,713.17,capture,242.37,670.29,101.16,0,178.894,8.576,179.813,-18.15,20.74,147.51,-18.34,-7.28,173.83,53.996,54.076,-36.4151,-2.1033,242.37,670.29,-36.0344,-1.7368,,,0.20903,0
8.4564,3,21,5,1,150.75,713.17,capture,259.99,683.36,113.23,0,178.768,8.644,179.805,-18.20,20.70,147.54,-17.82,-8.50,173.90,53.923,53.960,-35.9255,-0.7863,259.99,683.36,-35.9854,-1.3090,,,0.20895,0
8.5401,3,21,5,1,150.75,713.17,capture,246.56,665.18,107.16,0,178.828,8.618,179.795,-18.22,20.63,147.70,-17.80,-8.30,174.02,53.731,54.093,-35.1483,-1.6659,246.56,665.18,-35.6087,-1.4696,,,0.20386,0
8.6419,3,21,5,1,150.75,713.17,capture,227.16,667.76,88.88,0,178.831,8.523,179.801,-18.13,20.52,147.51,-18.02,-7.98,173.54,54.216,53.946,-35.3627,-1.6997,227.16,667.76,-35.4980,-1.5732,,,0.23108,0
8.8598,4,3,0,3,351.75,64.83,dwell,334.42,647.79,583.21,0,178.825,8.387,179.788,-18.27,20.41,147.67,-17.81,-8.64,173.82,53.839,54.242,-36.3119,2.8982,334.42,647.79,-36.3119,2.8982,,,0.21542,0
8.9593,4,3,0,3,351.75,64.83,dwell,226.82,582.45,532.48,0,178.894,8.288,179.808,-18.14,20.32,147.74,-18.06,-8.32,173.88,53.930,54.168,-32.3140,-2.3280,226.82,582.45,-34.5129,0.5464,,,0.21667,0
9.0517,4,3,0,3,351.75,64.83,dwell,252.41,289.84,245.96,0,178.845,8.185,179.807,-18.07,20.46,147.67,-17.85,-8.05,174.20,53.734,54.069,-19.9069,-1.3896,252.41,289.84,-27.9402,-0.3248,,,0.21619,0
9.1506,4,3,0,3,351.75,64.83,dwell,329.14,312.27,248.47,0,178.877,8.124,179.808,-18.12,20.60,147.70,-17.94,-7.71,173.94,53.415,54.583,-21.6772,2.5002,329.14,312.27,-25.1218,0.9465,,,0.18431,0
9.2326,4,3,0,3,351.75,64.83,dwell,344.24,281.94,217.24,0,178.917,8.156,179.782,-18.15,20.79,147.62,-18.09,-7.67,173.68,53.212,54.503,-20.0384,2.8557,344.24,281.94,-22.8343,1.8056,,,0.18935,0
9.3352,4,3,0,3,351.75,64.83,dwell,275.76,264.94,214.05,0,178.845,8.065,179.777,-18.10,20.90,147.86,-17.44,-7.09,174.29,53.460,54.626,-19.4338,0.3264,275.76,264.94,-21.3041,1.1400,,,0.21600,0
9.4274,4,3,0,3,351.75,64.83,dwell,370.09,229.49,165.67,0,178.842,7.974,179.813,-18.32,20.90,148.11,-17.98,-8.32,174.25,53.280,54.335,-18.2525,4.4900,370.09,229.49,-19.9309,2.6475,,,0.19435,0
9.5332,4,3,0,3,351.75,64.83,dwell,231.67,128.80,136.05,0,178.893,7.968,179.826,-18.37,21.04,148.33,-17.63,-7.73,174.95,53.182,54.416,-14.9842,-2.1894,231.67,128.80,-17.7049,0.4709,,,0.18999,0
9.6279,4,3,0,3,351.75,64.83,dwell,335.99,87.40,27.53,1,178.912,8.057,179.821,-18.41,21.01,148.37,-18.30,-7.43,174.94,53.409,54.111,-14.0469,3.1082,335.99,87.40,-16.0588,1.6577,,,0.21713,0
9.7354,4,3,0,3,351.75,64.83,dwell,332.11,15.14,53.43,1,178.917,8.128,179.839,-18.42,20.87,148.33,-18.12,-8.14,174.60,53.430,53.936,-10.8165,2.3472,332.11,15.14,-13.6997,1.9680,,,0.18608,0
9.8333,4,3,0,3,351.75,64.83,dwell,352.77,39.89,24.96,1,178.877,7.981,179.850,-18.51,20.68,148.14,-18.09,-7.62,174.70,53.234,53.365,-11.6436,3.3979,352.77,39.89,-12.7745,2.6114,,,0.19966,0
9.9282,4,3,0,3,351.75,64.83,capture,365.66,3.18,63.20,1,178.770,7.972,179.827,-18.52,20.68,148.01,-18.19,-8.59,174.74,53.300,53.590,-10.8221,4.0262,365.66,3.18,-11.8959,3.2481,,,0.19874,0
10.0540,4,3,0,3,351.75,64.83,capture,332.14,-2.15,69.79,0,178.832,8.071,179.807,-18.49,20.81,148.09,-17.70,-7.97,175.03,53.268,53.194,-9.7601,2.5185,332.14,-2.15,-10.9348,2.9198,,,0.21680,0
10.1590,4,3,0,3,351.75,64.83,capture,353.21,-33.46,98.30,0,178.728,8.174,179.781,-18.49,20.83,148.21,-17.82,-7.79,174.75,53.279,53.398,-8.2228,3.4646,353.21,-33.46,-9.7144,3.1649,,,0.20672,0
10.2708,4,3,0,3,351.75,64.83,capture,328.01,-2.24,71.15,0,178.718,8.124,179.776,-18.49,20.68,148.42,-18.02,-8.17,175.05,53.540,53.574,-10.1517,2.4216,328.01,-2.24,-9.9112,2.8305,,,0.20442,0
10.3706,4,3,0,3,351.75,64.83,capture,331.53,7.12,61.15,1,178.686,8.042,179.781,-18.50,20.84,148.36,-18.32,-8.40,175.25,53.637,53.402,-10.6074,2.3564,331.53,7.12,-10.2245,2.6171,,,0.23137,0
10.4701,4,3,0,3,351.75,64.83,capture,349.66,-8.25,73.11,0,178.686,7.935,179.791,-18.42,20.82,148.34,-18.15,-8.22,174.91,53.538,53.940,-10.6117,3.1654,349.66,-8.25,-10.3987,2.8639,,,0.22024,0
10.5729,4,3,0,3,351.75,64.83,capture,382.38,-14.99,85.50,0,178.713,8.107,179.812,-18.23,20.79,148.28,-17.86,-7.30,174.67,53.744,53.648,-8.3375,4.4876,382.38,-14.99,-9.4712,3.5945,,,0.22524,0
10.6779,4,3,0,3,351.75,64.83,capture,347.58,-18.09,83.03,0,178.603,7.857,179.799,-18.41,20.77,148.17,-17.99,-7.84,174.76,54.029,54.209,-9.4836,3.2553,347.58,-18.09,-9.4768,3.4419,,,0.23972,0
10.7812,4,3,0,3,351.75,64.83,capture,340.21,32.70,34.14,1,178.698,7.724,179.803,-18.46,20.72,148.11,-18.50,-7.32,174.33,53.911,54.042,-11.0204,2.2970,340.21,32.70,-10.1714,2.9267,,,0.18667,0
10.8899,4,3,0,3,351.75,64.83,capture,351.47,-0.41,65.24,0,178.707,7.621,179.819,-18.43,20.62,148.33,-17.59,-8.38,174.61,53.834,53.900,-10.5271,3.6916,351.47,-0.41,-10.3315,3.2709,,,0.20795,0
11.0101,4,3,0,3,351.75,64.83,capture,361.09,2.44,63.09,1,178.777,7.691,179.834,-18.40,20.76,148.11,-18.32,-7.90,174.08,54.203,54.273,-10.3509,3.7304,361.09,2.44,-10.3402,3.4777,,,0.21826,0
11.1283,4,3,0,3,351.75,64.83,capture,339.84,0.14,65.78,1,178.790,7.608,179.854,-18.29,20.82,148.04,-17.46,-7.64,174.64,53.890,54.331,-9.4168,2.9780,339.84,0.14,-9.9247,3.2528,,,0.22457,0
11.2355,4,3,0,3,351.75,64.83,capture,338.25,-17.50,83.43,0,178.802,7.618,179.844,-18.22,20.63,147.80,-17.74,-7.53,174.42,53.868,54.300,-8.7196,2.9433,338.25,-17.50,-9.3824,3.1135,,,0.21609,0
11.3334,4,3,0,3,351.75,64.83,capture,344.42,0.29,64.96,1,178.870,7.820,179.832,-18.18,20.53,147.70,-17.99,-7.82,174.34,53.618,54.176,-9.8534,3.1067,344.42,0.29,-9.5943,3.1105,,,0.21874,0
11.4154,4,3,0,3,351.75,64.83,capture,338.69,-11.33,77.27,0,178.892,7.758,179.879,-18.17,20.52,147.57,-17.64,-8.86,174.16,53.830,54.418,-9.1998,2.6013,338.69,-11.33,-9.4168,2.8814,,,0.20894,0
11.5214,4,3,0,3,351.75,64.83,capture,333.55,-17.23,84.06,0,178.930,7.737,179.886,-18.16,20.56,147.59,-18.11,-7.79,173.90,53.970,54.528,-10.2195,2.8873,333.55,-17.23,-9.7780,2.8840,,,0.22557,0
11.6245,4,3,0,3,351.75,64.83,capture,336.18,-17.20,83.50,0,178.938,7.554,179.868,-18.30,20.49,147.38,-18.11,-7.96,173.93,53.661,54.373,-8.3163,2.7423,336.18,-17.20,-9.1203,2.8203,,,0.20435,0
11.7265,4,3,0,3,351.75,64.83,capture,344.04,-18.39,83.58,0,178.978,7.655,179.847,-18.28,20.49,147.13,-17.91,-7.51,173.48,53.762,54.046,-9.3800,3.1847,344.04,-18.39,-9.2371,2.9843,,,0.20925,0
11.8909,5,10,2,2,251.25,324.17,dwell,355.68,118.95,230.26,0,179.026,7.800,179.852,-18.39,20.33,147.00,-17.98,-7.92,172.78,53.957,54.021,-14.3622,3.4125,355.68,118.95,-14.3622,3.4125,,,0.23628,0
11.9934,5,10,2,2,251.25,324.17,dwell,324.37,55.33,278.60,0,178.918,7.774,179.795,-18.42,20.50,146.91,-17.95,-7.39,172.88,53.887,53.900,-12.8877,1.7751,324.37,55.33,-13.6987,2.6757,,,0.23599,0
12.1134,5,10,2,2,251.25,324.17,dwell,263.16,80.49,243.97,0,179.066,7.865,179.811,-18.38,20.30,147.01,-18.00,-8.37,173.08,53.899,53.951,-12.7822,-0.3840,263.16,80.49,-13.2863,1.2988,,,0.22166,0
12.2282,5,10,2,2,251.25,324.17,dwell,240.04,175.10,149.49,0,179.117,7.944,179.820,-18.39,20.30,147.03,-18.12,-8.12,172.95,53.609,54.216,-16.5863,-2.4273,240.04,175.10,-14.7713,-0.3779,,,0.21175,0
12.3438,5,10,2,2,251.25,324.17,dwell,315.49,175.43,162.02,0,178.995,7.917,179.782,-18.32,20.15,146.97,-17.96,-7.11,172.64,53.589,54.404,-16.9597,1.6668,315.49,175.43,-15.7561,0.5422,,,0.23520,0
12.4407,5,10,2,2,251.25,324.17,dwell,245.47,298.31,26.49,1,178.884,7.917,179.808,-18.27,20.23,146.99,-18.04,-8.22,172.97,53.522,54.601,-21.1585,-1.9688,245.47,298.31,-18.1872,-0.5877,,,0.18923,0
12.5422,5,10,2,2,251.25,324.17,dwell,249.44,160.28,163.90,0,179.004,7.930,179.802,-18.32,20.07,146.94,-18.34,-8.04,173.07,53.569,54.884,-15.3879,-0.7229,249.44,160.28,-16.9275,-0.6485,,,0.21872,0
12.6320,5,10,2,2,251.25,324.17,dwell,224.16,285.42,47.28,1,178.961,7.843,179.791,-18.32,20.07,147.17,-17.97,-8.43,173.35,53.292,55.153,-21.0000,-2.3116,224.16,285.42,-18.7601,-1.3969,,,0.20493,0
12.7391,5,10,2,2,251.25,324.17,dwell,214.71,245.59,86.66,0,178.829,7.790,179.820,-18.26,20.23,147.30,-17.88,-8.02,173.63,53.351,55.190,-19.1310,-3.2018,214.71,245.59,-18.9270,-2.2091,,,0.20790,0
12.8364,5,10,2,2,251.25,324.17,dwell,198.92,265.88,78.33,0,178.828,7.763,179.835,-18.23,20.18,147.24,-18.20,-7.51,173.68,53.519,55.075,-19.2498,-3.9945,198.92,265.88,-19.0723,-3.0125,,,0.20731,0
12.9513,5,10,2,2,251.25,324.17,dwell,221.76,335.48,31.59,1,178.921,7.784,179.813,-18.37,20.27,147.19,-18.29,-7.56,173.00,53.190,54.979,-22.3061,-2.8209,221.76,335.48,-20.5275,-2.9263,,,0.18886,0
13.0531,5,10,2,2,251.25,324.17,capture,220.36,340.72,35.05,1,178.790,7.839,179.828,-18.36,20.35,146.93,-18.34,-7.36,173.31,53.435,54.592,-23.6095,-2.3901,220.36,340.72,-21.9144,-2.6850,,,0.20021,0
13.1388,5,10,2,2,251.25,324.17,capture,186.47,323.31,64.79,0,178.822,7.983,179.776,-18.35,20.49,146.71,-17.49,-8.21,172.57,53.518,54.253,-21.9917,-4.6767,186.47,323.31,-21.9492,-3.5813,,,0.22251,0
13.2523,5,10,2,2,251.25,324.17,capture,208.59,348.42,49.07,1,178.819,8.065,179.757,-18.29,20.45,146.79,-17.07,-8.15,172.66,53.327,54.544,-23.5088,-2.8071,208.59,348.42,-22.6510,-3.2329,,,0.19030,0
13.3417,5,10,2,2,251.25,324.17,capture,208.04,330.16,43.62,1,178.752,8.067,179.787,-18.34,20.66,147.04,-17.91,-7.59,173.27,53.726,54.438,-23.0995,-3.2805,208.04,330.16,-22.8528,-3.2543,,,0.20248,0
13.4394,5,10,2,2,251.25,324.17,capture,212.64,303.61,43.74,1,178.889,8.061,179.791,-18.31,20.95,146.85,-18.12,-7.49,173.02,53.965,53.999,-21.3579,-2.4534,212.64,303.61,-22.1801,-2.8939,,,0.22710,0
13.5455,5,10,2,2,251.25,324.17,capture,177.47,319.97,73.90,0,178.940,8.085,179.798,-18.32,21.08,146.82,-17.47,-7.57,172.56,54.038,54.151,-22.6592,-4.5986,177.47,319.97,-22.3957,-3.6610,,,0.22516,0
13.6397,5,10,2,2,251.25,324.17,capture,175.80,347.51,78.98,0,178.989,8.063,179.765,-18.31,21.04,146.87,-17.65,-7.32,172.66,54.087,54.556,-24.1313,-4.9740,175.80,347.51,-23.1767,-4.2519,,,0.23264,0
13.7428,5,10,2,2,251.25,324.17,capture,197.62,319.02,53.88,0,178.915,8.169,179.767,-18.36,20.87,146.89,-17.92,-8.26,173.19,54.369,54.603,-21.7822,-3.5614,197.62,319.02,-22.5492,-3.9411,,,0.23663,0
13.8502,5,10,2,2,251.25,324.17,capture,197.85,336.22,54.74,0,178.880,8.152,179.737,-18.30,20.80,146.87,-18.02,-8.01,172.97,54.216,54.338,-23.0344,-3.9813,197.85,336.22,-22.7675,-3.9592,,,0.20895,0
13.9603,5,10,2,2,251.25,324.17,capture,221.62,321.54,29.75,1,178.930,8.009,179.799,-18.35,20.70,146.84,-17.35,-7.85,172.84,54.197,54.521,-21.6158,-2.6832,221.62,321.54,-22.2493,-3.3850,,,0.22418,0
14.0639,5,10,2,2,251.25,324.17,capture,210.25,335.84,42.63,1,178.916,8.045,179.802,-18.29,20.61,146.86,-17.83,-8.03,172.26,53.913,54.721,-22.1474,-3.6697,210.25,335.84,-22.2034,-3.5132,,,0.20869,0
14.1671,5,10,2,2,251.25,324.17,capture,223.40,320.51,28.09,1,179.069,7.987,179.791,-18.23,20.70,146.68,-17.52,-7.78,173.14,53.722,54.685,-22.3879,-2.8025,223.40,320.51,-22.2864,-3.1934,,,0.22960,0
14.2568,5,10,2,2,251.25,324.17,capture,229.80,306.30,27.92,1,179.014,8.124,179.818,-18.26,20.81,146.56,-17.37,-6.87,172.62,53.447,54.382,-22.3846,-1.7639,229.80,306.30,-22.3306,-2.5501,,,0.19958,0
14.3679,5,10,2,2,251.25,324.17,capture,211.21,326.82,40.13,1,178.981,8.023,179.834,-18.23,20.80,146.45,-17.94,-8.06,172.44,53.475,54.349,-21.8064,-3.5440,211.21,326.82,-22.0947,-2.9974,,,0.19785,0
14.4771,5,10,2,2,251.25,324.17,capture,193.80,336.84,58.83,0,178.932,8.022,179.814,-18.30,20.85,146.49,-18.08,-7.70,172.66,53.561,54.250,-22.3128,-3.7293,193.80,336.84,-22.1928,-3.3268,,,0.22140,0
14.5663,5,10,2,2,251.25,324.17,capture,190.70,327.95,60.67,0,178.951,7.924,179.822,-18.20,20.94,146.56,-18.20,-7.84,172.20,53.435,54.248,-22.9432,-4.3815,190.70,327.95,-22.5305,-3.8014,,,0.19662,0
14.6589,5,10,2,2,251.25,324.17,capture,183.21,304.39,70.86,0,178.952,7.829,179.830,-18.13,20.83,146.67,-17.79,-7.84,172.53,53.553,54.467,-22.1518,-4.8509,183.21,304.39,-22.3601,-4.2737,,,0.24274,0
14.7654,5,10,2,2,251.25,324.17,capture,189.20,358.55,70.94,0,178.967,7.884,179.865,-18.24,20.73,146.80,-17.83,-7.50,173.45,53.436,54.296,-22.7653,-3.3464,189.20,358.55,-22.5424,-3.8564,,,0.21831,0
14.8724,5,10,2,2,251.25,324.17,capture,208.63,316.58,43.29,1,178.919,7.968,179.871,-18.12,20.75,147.01,-17.17,-7.82,173.72,53.703,54.238,-22.2894,-2.9796,208.63,316.58,-22.4286,-3.4618,,,0.23071,0
14.9787,5,10,2,2,251.25,324.17,capture,222.53,367.33,51.85,1,178.922,7.922,179.890,-18.14,20.75,146.98,-17.49,-7.74,173.42,53.712,54.243,-23.4685,-2.3030,222.53,367.33,-22.8965,-2.9404,,,0.22757,0
15.1694,6,12,3,0,50.25,453.83,dwell,177.90,350.98,163.93,0,178.972,7.903,179.897,-18.16,20.70,147.07,-17.62,-7.71,172.83,53.864,54.244,-22.6491,-5.0198,177.90,350.98,-22.6491,-5.0198,,,0.22734,0
15.2665,6,12,3,0,50.25,453.83,dwell,58.90,388.19,66.21,0,179.032,8.081,179.872,-18.15,20.74,147.05,-17.97,-7.30,173.49,53.924,53.906,-25.0444,-10.6297,58.90,388.19,-23.7270,-7.5443,,,0.20113,0
15.3645,6,12,3,0,50.25,453.83,dwell,192.01,509.12,152.16,0,179.021,8.146,179.884,-18.16,20.72,147.14,-17.72,-7.54,173.40,53.489,53.843,-29.9662,-3.4281,192.01,509.12,-26.5346,-5.6920,,,0.20650,0
15.4861,6,12,3,0,50.25,453.83,dwell,82.31,644.89,193.73,0,178.954,8.220,179.855,-18.11,20.66,147.12,-17.00,-8.66,173.33,53.440,53.985,-34.7396,-8.5811,82.31,644.89,-30.2269,-6.9921,,,0.22078,0
15.5947,6,12,3,0,50.25,453.83,dwell,204.50,492.85,159.11,0,178.940,8.033,179.853,-18.02,20.61,147.10,-17.73,-7.25,173.56,53.389,53.949,-29.1610,-3.4879,204.50,492.85,-29.7472,-5.4152,,,0.18816,0
15.6874,6,12,3,0,50.25,453.83,dwell,179.54,475.52,131.10,0,178.995,7.980,179.831,-18.02,20.71,147.31,-17.20,-7.95,173.87,53.377,53.847,-27.6202,-3.9131,179.54,475.52,-28.7900,-4.7393,,,0.20824,0
15.7998,6,12,3,0,50.25,453.83,dwell,199.72,548.57,176.96,0,178.927,7.929,179.838,-18.13,20.36,147.61,-17.20,-8.93,173.40,53.379,53.703,-31.2646,-3.9323,199.72,548.57,-29.9036,-4.3761,,,0.20828,0
15.8875,6,12,3,0,50.25,453.83,dwell,130.09,638.15,200.87,0,178.794,7.980,179.841,-18.09,20.39,147.69,-17.68,-8.09,173.59,53.290,53.966,-34.6025,-6.7336,130.09,638.15,-32.0181,-5.4370,,,0.20989,0
15.9978,6,12,3,0,50.25,453.83,capture,98.79,624.18,177.13,0,178.763,8.008,179.853,-18.01,20.43,147.99,-18.01,-7.99,174.77,53.461,53.813,-33.6110,-8.5254,98.79,624.18,-32.7349,-6.8268,,,0.20339,0
16.0973,6,12,3,0,50.25,453.83,capture,128.63,580.92,149.31,0,178.734,7.992,179.835,-17.96,20.48,147.92,-17.64,-7.88,174.98,53.440,54.063,-33.1949,-7.1871,128.63,580.92,-32.9419,-6.9889,,,0.20888,0
16.2011,6,12,3,0,50.25,453.83,capture,123.47,591.09,155.57,0,178.810,7.949,179.830,-18.01,20.39,148.02,-17.81,-7.38,173.89,53.416,54.757,-32.6903,-6.6562,123.47,591.09,-32.8287,-6.8392,,,0.19714,0
16.3019,6,12,3,0,50.25,453.83,capture,127.29,587.29,154.10,0,178.754,7.827,179.821,-18.16,20.39,147.78,-18.36,-7.94,174.01,53.536,54.492,-33.0762,-7.0466,127.29,587.29,-32.9401,-6.9325,,,0.23295,0
16.3865,6,12,3,0,50.25,453.83,capture,155.91,581.88,166.01,0,178.819,7.855,179.830,-18.18,20.53,147.71,-18.40,-8.42,174.11,53.488,53.951,-32.4490,-5.5376,155.91,581.88,-32.7191,-6.3048,,,0.20506,0
16.4955,6,12,3,0,50.25,453.83,capture,147.37,619.57,192.10,0,178.994,7.856,179.811,-18.10,20.45,147.75,-18.01,-7.82,174.38,53.689,53.638,-33.6300,-6.2030,147.37,619.57,-33.1290,-6.2590,,,0.19487,0
16.5853,6,12,3,0,50.25,453.83,capture,129.74,605.91,171.60,0,178.956,7.858,179.831,-18.20,20.38,147.60,-18.00,-8.34,173.79,53.958,53.634,-32.9923,-7.6254,129.74,605.91,-33.0675,-6.8739,,,0.22750,0
16.7000,6,12,3,0,50.25,453.83,capture,144.34,585.17,161.56,0,178.932,7.888,179.843,-18.20,20.33,147.56,-17.74,-8.33,173.61,54.093,53.854,-31.8647,-6.1669,144.34,585.17,-32.5262,-6.5558,,,0.21199,0
16.8237,6,12,3,0,50.25,453.83,capture,124.37,557.03,127.06,0,178.972,7.896,179.804,-18.30,20.64,147.51,-17.24,-7.52,173.81,53.583,53.953,-31.4250,-6.9872,124.37,557.03,-32.0307,-6.7499,,,0.23105,0
16.9136,6,12,3,0,50.25,453.83,capture,123.16,583.18,148.48,0,178.959,7.794,179.822,-18.35,20.44,147.73,-17.47,-7.87,174.42,53.542,53.992,-32.1329,-7.8150,123.16,583.18,-32.0767,-7.2292,,,0.20342,0
17.0221,6,12,3,0,50.25,453.83,capture,139.98,593.16,165.72,0,178.917,7.698,179.800,-18.38,20.56,147.63,-17.70,-7.65,173.72,53.812,53.916,-32.7468,-6.6320,139.98,593.16,-32.3782,-6.9605,,,0.21551,0
17.1306,6,12,3,0,50.25,453.83,capture,136.98,582.00,154.75,0,178.755,7.763,179.816,-18.36,20.65,147.71,-17.73,-7.51,173.92,53.874,54.184,-31.7815,-6.2978,136.98,582.00,-32.1097,-6.6623,,,0.24948,0
17.2289,6,12,3,0,50.25,453.83,capture,149.72,576.84,158.19,0,178.804,7.824,179.838,-18.47,20.69,147.64,-18.06,-7.55,173.62,53.592,54.142,-32.1321,-5.6552,149.72,576.84,-32.1198,-6.2091,,,0.21027,0
17.3109,6,12,3,0,50.25,453.83,capture,110.18,614.99,171.94,0,178.918,7.915,179.805,-18.53,20.71,147.63,-17.38,-8.35,173.50,53.411,54.607,-33.6239,-7.6478,110.18,614.99,-32.7966,-6.8565,,,0.17913,0
17.3929,6,12,3,0,50.25,453.83,capture,126.19,612.94,176.30,0,178.910,7.915,179.807,-18.44,20.66,147.59,-18.20,-7.80,173.96,53.211,54.370,-33.3063,-7.1487,126.19,612.94,-33.0260,-6.9880,,,0.22462,0
17.4749,6,12,3,0,50.25,453.83,capture,117.05,575.23,138.56,0,178.956,7.901,179.787,-18.47,20.70,147.67,-18.14,-7.55,174.13,53.701,54.201,-32.4634,-7.5086,117.05,575.23,-32.7728,-7.2223,,,0.20290,0
17.5682,6,12,3,0,50.25,453.83,capture,140.14,586.89,160.57,0,178.995,7.894,179.809,-18.53,20.72,147.68,-17.60,-7.30,173.89,53.627,54.381,-32.8637,-5.9504,140.14,586.89,-32.8137,-6.6499,,,0.18973,0
17.6642,6,12,3,0,50.25,453.83,capture,136.69,612.37,180.57,0,179.014,7.896,179.784,-18.45,20.70,147.63,-18.03,-8.24,174.45,53.768,54.090,-33.5146,-5.8791,136.69,612.37,-33.1291,-6.3031,,,0.20188,0
17.7563,6,12,3,0,50.25,453.83,capture,154.67,615.15,192.16,0,178.953,7.953,179.783,-18.41,20.71,147.71,-18.12,-7.68,174.14,53.738,54.101,-33.0013,-5.0170,154.67,615.15,-33.0716,-5.7243,,,0.23408,0
17.9303,7,11,2,3,351.75,324.17,dwell,44.15,650.95,448.78,0,178.969,8.010,179.796,-18.51,20.71,147.57,-17.91,-7.46,173.89,53.720,53.820,-34.7478,-10.5750,44.15,650.95,-34.7478,-10.5750,,,0.20652,0
18.0245,7,11,2,3,351.75,324.17,dwell,183.43,448.35,209.17,0,178.964,8.108,179.798,-18.55,20.78,147.34,-18.12,-7.94,173.43,53.822,53.884,-26.6977,-4.9153,183.43,448.35,-31.1253,-8.0281,,,0.23865,0
18.1080,7,11,2,3,351.75,324.17,dwell,182.61,441.19,205.68,0,178.931,8.143,179.815,-18.42,20.82,147.20,-17.73,-8.27,173.43,53.800,53.633,-27.0886,-4.3114,182.61,441.19,-29.3088,-6.3556,,,0.21674,0
18.2070,7,11,2,3,351.75,324.17,dwell,216.35,315.52,135.68,0,178.840,8.005,179.830,-18.37,20.68,147.22,-18.02,-8.11,173.46,53.621,53.916,-21.9216,-2.8181,216.35,315.52,-25.9845,-4.7637,,,0.20223,0
18.3202,7,11,2,3,351.75,324.17,dwell,197.52,273.53,162.33,0,178.931,8.117,179.818,-18.44,20.72,147.29,-18.32,-7.52,173.76,52.842,53.832,-20.3375,-3.9916,197.52,273.53,-23.4434,-4.4163,,,0.18150,0
18.4163,7,11,2,3,351.75,324.17,dwell,209.45,349.57,144.55,0,178.843,8.194,179.799,-18.50,20.68,147.05,-17.73,-8.13,173.04,53.029,53.886,-23.5485,-3.2701,209.45,349.57,-23.4907,-3.9005,,,0.20573,0
18.5217,7,11,2,3,351.75,324.17,dwell,238.44,459.03,176.15,0,178.835,8.220,179.786,-18.41,20.56,147.00,-18.30,-7.45,173.31,53.128,54.475,-29.4359,-1.4940,238.44,459.03,-26.1660,-2.8176,,,0.18609,0
18.6300,7,11,2,3,351.75,324.17,dwell,243.25,304.12,110.34,0,178.755,8.339,179.797,-18.40,20.70,146.94,-17.78,-7.27,173.38,53.176,54.776,-21.5276,-1.5342,243.25,304.12,-24.0787,-2.2401,,,0.17271,0
18.7308,7,11,2,3,351.75,324.17,dwell,225.94,328.19,125.87,0,178.842,8.316,179.832,-18.41,20.54,146.81,-17.64,-8.28,173.18,53.337,54.637,-22.3965,-1.7302,225.94,328.19,-23.3217,-2.0106,,,0.18375,0
18.8259,7,11,2,3,351.75,324.17,dwell,230.79,167.47,197.95,0,178.890,8.373,179.851,-18.48,20.48,146.96,-17.79,-8.08,173.54,53.823,54.194,-17.1990,-1.5678,230.79,167.47,-20.5665,-1.8114,,,0.17469,0
18.9221,7,11,2,3,351.75,324.17,dwell,195.32,214.40,191.10,0,178.829,8.261,179.853,-18.54,20.30,147.03,-17.71,-8.72,173.62,53.877,54.204,-18.1811,-3.5548,195.32,214.40,-19.4930,-2.5959,,,0.23815,0
19.0041,7,11,2,3,351.75,324.17,capture,256.79,207.49,150.44,0,178.702,8.284,179.883,-18.55,20.45,147.01,-17.45,-8.00,173.24,53.829,54.526,-18.3984,-0.8139,256.79,207.49,-19.0004,-1.7940,,,0.20784,0
19.1226,7,11,2,3,351.75,324.17,capture,273.46,179.33,164.64,0,178.722,8.368,179.844,-18.59,20.62,147.27,-18.06,-7.46,173.02,53.800,54.496,-15.4721,-0.6023,273.46,179.33,-17.4127,-1.2577,,,0.20722,0
19.2201,7,11,2,3,351.75,324.17,capture,265.97,203.68,147.90,0,178.872,8.406,179.861,-18.65,20.65,147.21,-18.32,-7.82,173.32,53.970,54.609,-18.1485,-0.9848,265.97,203.68,-17.7438,-1.1349,,,0.21525,0
19.3182,7,11,2,3,351.75,324.17,capture,267.77,194.73,154.29,0,178.925,8.354,179.854,-18.65,20.62,147.07,-18.34,-7.79,172.68,54.408,54.476,-17.3704,-0.5847,267.77,194.73,-17.5758,-0.8873,,,0.24333,0
19.4119,7,11,2,3,351.75,324.17,capture,268.21,201.39,148.50,0,178.889,8.278,179.809,-18.71,20.61,147.16,-17.96,-7.90,173.14,54.264,54.453,-17.2329,-1.0142,268.21,201.39,-17.4215,-0.9444,,,0.23528,0
19.5068,7,11,2,3,351.75,324.17,capture,258.04,209.57,148.03,0,178.828,8.313,179.811,-18.73,20.67,147.30,-18.68,-7.00,173.58,54.552,54.080,-18.6228,-0.9549,258.04,209.57,-17.9621,-0.9491,,,0.23693,0
19.5973,7,11,2,3,351.75,324.17,capture,259.03,198.60,156.09,0,178.888,8.452,179.811,-18.78,20.49,147.40,-18.52,-7.75,173.55,54.533,53.988,-17.9125,-0.9347,259.03,198.60,-17.9398,-0.9426,,,0.24150,0
19.7034,7,11,2,3,351.75,324.17,capture,262.41,191.44,159.99,0,179.011,8.350,179.821,-18.74,20.65,147.16,-18.37,-8.60,172.98,54.373,54.310,-16.7350,-0.2802,262.41,191.44,-17.3976,-0.6446,,,0.22661,0
19.8044,7,11,2,3,351.75,324.17,capture,258.42,175.63,175.42,0,179.033,8.305,179.811,-18.66,20.63,147.05,-17.96,-7.73,173.47,54.433,54.025,-16.8466,-0.4241,258.42,175.63,-17.1497,-0.5454,,,0.21213,0
19.9091,7,11,2,3,351.75,324.17,capture,277.51,208.45,137.48,0,178.952,8.176,179.822,-18.70,20.62,146.96,-18.57,-8.21,173.33,54.126,54.328,-18.0927,0.2631,277.51,208.45,-17.5740,-0.1816,,,0.24373,0
20.0083,7,11,2,3,351.75,324.17,capture,258.53,183.38,168.85,0,178.944,8.109,179.831,-18.61,20.68,146.95,-17.92,-8.75,172.75,53.833,54.159,-15.6476,-0.6241,258.53,183.38,-16.7071,-0.3807,,,0.24231,0
20.1093,7,11,2,3,351.75,324.17,capture,267.23,219.98,134.16,0,178.879,8.053,179.861,-18.50,20.79,147.10,-18.12,-7.96,173.26,53.439,53.765,-18.0188,-0.7394,267.23,219.98,-17.2974,-0.5421,,,0.22348,0
20.2065,7,11,2,3,351.75,324.17,capture,290.99,201.09,137.26,0,178.766,7.924,179.871,-18.57,20.64,147.33,-18.33,-7.99,173.15,53.538,53.801,-17.3257,-0.0656,290.99,201.09,-17.3101,-0.3277,,,0.20463,0
20.3001,7,11,2,3,351.75,324.17,capture,281.28,198.29,144.26,0,178.850,7.980,179.888,-18.42,20.59,147.42,-18.45,-8.27,174.27,53.200,54.269,-17.0849,0.3188,281.28,198.29,-17.2088,-0.0368,,,0.21761,0
20.3821,7,11,2,3,351.75,324.17,capture,263.46,206.10,147.43,0,178.964,7.952,179.838,-18.48,20.69,147.43,-17.99,-8.19,173.94,53.425,53.858,-17.5955,-0.8417,263.46,206.10,-17.3828,-0.3990,,,0.20273,0
20.4782,7,11,2,3,351.75,324.17,capture,267.66,222.65,131.82,0,179.022,7.868,179.859,-18.55,20.84,147.31,-17.74,-7.67,173.35,53.547,54.420,-17.7643,-0.6762,267.66,222.65,-17.5545,-0.5237,,,0.20486,0
20.5826,7,11,2,3,351.75,324.17,capture,263.47,217.21,138.68,0,178.967,7.911,179.849,-18.47,20.85,147.41,-18.13,-7.27,173.96,53.619,54.347,-18.7117,-0.6161,263.47,217.21,-18.0752,-0.5653,,,0.22740,0
20.6870,7,11,2,3,351.75,324.17,capture,264.87,222.74,133.55,0,178.950,7.959,179.852,-18.45,20.68,147.63,-17.47,-8.86,173.32,53.505,54.348,-18.6360,0.0770,264.87,222.74,-18.3276,-0.2763,,,0.17583,0
20.9071,8,20,5,0,50.25,713.17,dwell,208.32,239.89,498.98,0,178.949,8.014,179.849,-18.40,20.66,147.72,-18.13,-7.89,174.54,53.737,54.610,-18.8622,-3.2154,208.32,239.89,-18.8622,-3.2154,,,0.18812,0
21.0249,8,20,5,0,50.25,713.17,dwell,74.87,393.95,320.16,0,178.856,8.137,179.821,-18.48,20.76,147.91,-17.51,-7.99,174.21,53.783,54.547,-25.0359,-9.3034,74.87,393.95,-21.6404,-5.9550,,,0.20029,0
21.1229,8,20,5,0,50.25,713.17,dwell,201.31,241.21,495.54,0,178.821,8.208,179.816,-18.40,20.55,147.79,-17.63,-7.50,174.20,53.750,54.577,-19.0068,-3.6488,201.31,241.21,-20.4553,-4.9172,,,0.23163,0
21.2197,8,20,5,0,50.25,713.17,dwell,159.71,217.74,507.37,0,178.676,8.142,179.790,-18.37,20.36,147.54,-17.90,-8.30,173.70,53.788,54.292,-17.9625,-5.7066,159.71,217.74,-19.3335,-5.2724,,,0.20250,0
21.3167,8,20,5,0,50.25,713.17,dwell,134.73,398.33,325.97,0,178.654,8.138,179.788,-18.30,20.46,147.49,-17.85,-8.13,173.78,53.871,54.222,-24.7009,-6.6457,134.73,398.33,-21.7488,-5.8904,,,0.21199,0
21.4186,8,20,5,0,50.25,713.17,dwell,88.36,487.01,229.35,0,178.696,8.302,179.793,-18.27,20.52,147.57,-18.40,-8.60,174.12,54.232,53.911,-29.3289,-8.9779,88.36,487.01,-25.1599,-7.2797,,,0.24420,0
21.5182,8,20,5,0,50.25,713.17,dwell,80.01,518.50,196.93,0,178.677,8.560,179.809,-18.09,20.51,147.72,-17.66,-7.89,174.22,54.031,54.503,-31.0029,-8.9890,80.01,518.50,-27.7892,-8.0489,,,0.21777,0
21.6120,8,20,5,0,50.25,713.17,dwell,47.45,391.71,321.47,0,178.789,8.551,179.830,-18.12,20.64,147.67,-17.85,-8.57,174.25,53.866,54.546,-24.4393,-10.7626,47.45,391.71,-26.2817,-9.2701,,,0.22950,0
21.7010,8,20,5,0,50.25,713.17,dwell,12.10,563.01,154.93,0,178.721,8.619,179.811,-18.19,20.54,147.66,-18.07,-7.94,174.29,53.967,54.223,-31.8338,-12.7574,12.10,563.01,-28.7802,-10.8394,,,0.18457,0
21.7960,8,20,5,0,50.25,713.17,capture,-34.19,538.72,193.81,0,178.783,8.479,179.833,-18.17,20.63,147.42,-17.41,-6.76,173.93,53.617,54.200,-29.7222,-14.3798,-34.19,538.72,-29.2041,-12.4326,,,0.19782,0
21.9001,8,20,5,0,50.25,713.17,capture,11.75,554.76,163.02,0,178.862,8.505,179.868,-18.15,20.86,147.22,-17.68,-7.58,173.51,54.194,54.334,-30.9466,-12.2056,11.75,554.76,-29.9882,-12.3305,,,0.23351,0
21.9917,8,20,5,0,50.25,713.17,capture,-0.10,553.87,167.06,0,178.927,8.575,179.863,-18.24,20.87,147.11,-17.49,-8.18,172.86,54.336,54.301,-31.7144,-13.0487,-0.10,553.87,-30.7650,-12.6536,,,0.23877,0
22.1004,8,20,5,0,50.25,713.17,capture,-0.16,546.90,173.74,0,178.930,8.490,179.847,-18.25,20.69,147.04,-18.00,-7.81,172.99,54.139,54.489,-30.5652,-13.6341,-0.16,546.90,-30.6751,-13.0948,,,0.23446,0
22.1824,8,20,5,0,50.25,713.17,capture,-51.47,558.47,185.14,0,178.871,8.265,179.868,-18.28,20.72,147.04,-17.59,-7.10,172.63,53.653,54.392,-31.9092,-15.6917,-51.47,558.47,-31.2305,-14.2634,,,0.23842,0
22.2907,8,20,5,0,50.25,713.17,capture,-19.79,579.90,150.55,0,179.022,8.310,179.835,-18.13,20.80,147.09,-17.19,-8.35,173.56,53.698,54.401,-32.2068,-13.7808,-19.79,579.90,-31.6698,-14.0463,,,0.23987,0
22.3908,8,20,5,0,50.25,713.17,capture,-34.85,561.80,173.65,0,179.106,8.377,179.867,-18.10,20.85,147.00,-17.77,-7.61,173.23,53.766,54.113,-32.2581,-13.7832,-34.85,561.80,-31.9345,-13.9279,,,0.19397,0
22.4850,8,20,5,0,50.25,713.17,capture,-6.65,581.86,143.11,0,178.996,8.372,179.838,-18.03,20.91,147.08,-17.69,-7.87,173.82,54.132,54.111,-32.9205,-13.0436,-6.65,581.86,-32.3782,-13.5300,,,0.22647,0
22.6056,8,20,5,0,50.25,713.17,capture,-26.33,525.84,202.38,0,178.996,8.381,179.839,-18.09,20.87,146.99,-16.82,-7.19,172.94,54.325,53.981,-30.0637,-14.0836,-26.33,525.84,-31.3367,-13.7791,,,0.24222,0
22.7058,8,20,5,0,50.25,713.17,capture,-19.10,551.88,175.56,0,178.992,8.559,179.859,-18.06,20.93,146.77,-17.65,-7.63,172.89,54.036,54.330,-32.0840,-13.7438,-19.10,551.88,-31.6730,-13.7632,,,0.21554,0
22.7979,8,20,5,0,50.25,713.17,capture,-13.83,555.72,169.99,0,178.955,8.498,179.832,-17.96,20.93,146.82,-18.01,-7.78,172.96,53.838,54.282,-29.8762,-13.7362,-13.83,555.72,-30.8644,-13.7511,,,0.21584,0
22.8854,8,20,5,0,50.25,713.17,capture,-25.76,562.22,169.00,0,178.930,8.351,179.856,-17.90,20.75,146.78,-17.63,-7.40,173.16,53.839,54.338,-31.5539,-13.9463,-25.76,562.22,-31.1747,-13.8389,,,0.17753,0
23.0062,8,20,5,0,50.25,713.17,capture,-15.42,562.34,164.50,0,179.008,8.386,179.841,-17.92,21.01,146.75,-17.32,-8.03,173.22,53.548,54.482,-31.2253,-13.1752,-15.42,562.34,-31.1975,-13.5403,,,0.22355,0
23.1067,8,20,5,0,50.25,713.17,capture,2.10,569.14,151.86,0,178.975,8.397,179.804,-17.92,21.10,147.03,-17.80,-7.21,172.94,53.503,54.421,-32.0121,-12.9027,2.10,569.14,-31.5641,-13.2533,,,0.21456,0
23.1887,8,20,5,0,50.25,713.17,capture,-15.80,548.13,177.76,0,178.961,8.504,179.793,-18.10,20.94,146.88,-17.79,-7.41,173.04,53.822,54.334,-30.3519,-13.9191,-15.80,548.13,-31.0186,-13.5529,,,0.21319,0
23.2707,8,20,5,0,50.25,713.17,capture,1.22,575.54,146.10,0,178.989,8.393,179.811,-18.00,21.09,146.91,-17.89,-6.76,173.03,54.092,54.708,-32.3665,-13.0022,1.22,575.54,-31.6251,-13.3051,,,0.23130,0
23.3693,8,20,5,0,50.25,713.17,capture,-29.62,556.23,176.09,0,178.910,8.470,179.763,-18.10,21.21,147.04,-17.31,-7.16,173.43,54.210,54.663,-32.1146,-14.1798,-29.62,556.23,-31.8454,-13.6987,,,0.22164,0
23.4572,8,20,5,0,50.25,713.17,capture,-35.92,564.63,171.72,0,178.926,8.676,179.767,-18.17,21.14,147.20,-18.36,-7.83,173.28,54.733,54.227,-32.4309,-14.3785,-35.92,564.63,-32.1089,-14.0046,,,0.24909,0
23.6322,9,23,5,3,351.75,713.17,dwell,62.56,618.45,304.31,0,178.846,8.604,179.791,-18.21,21.13,147.42,-18.06,-6.65,173.36,54.641,54.051,-33.5594,-9.6566,62.56,618.45,-33.5594,-9.6566,,,0.22423,0
23.7430,9,23,5,3,351.75,713.17,dwell,84.38,577.66,299.75,0,178.863,8.750,179.786,-18.38,20.86,147.64,-17.68,-7.46,173.96,54.483,54.556,-31.0127,-8.8167,84.38,577.66,-32.4134,-9.2787,,,0.24467,0
23.8374,9,23,5,3,351.75,713.17,dwell,185.45,594.50,204.30,0,178.791,8.860,179.779,-18.35,21.03,147.53,-18.10,-7.65,174.00,54.019,54.489,-33.5154,-4.2648,185.45,594.50,-32.9093,-7.0224,,,0.21771,0
23.9472,9,23,5,3,351.75,713.17,dwell,157.61,565.85,243.71,0,178.783,8.864,179.749,-18.25,21.11,147.41,-17.90,-7.74,173.63,53.811,54.140,-31.7170,-5.8432,157.61,565.85,-32.3728,-6.4918,,,0.21889,0
24.0599,9,23,5,3,351.75,713.17,dwell,189.57,652.07,173.31,0,178.692,8.887,179.750,-18.15,21.11,147.61,-17.14,-7.80,173.99,53.688,54.321,-34.7066,-4.2391,189.57,652.07,-33.4230,-5.4781,,,0.20125,0
24.1562,9,23,5,3,351.75,713.17,dwell,268.75,570.20,165.31,0,178.679,8.823,179.774,-18.28,21.00,147.63,-17.72,-8.16,174.14,53.732,54.522,-31.3411,-0.3235,268.75,570.20,-32.4862,-3.1585,,,0.22345,0
24.2782,9,23,5,3,351.75,713.17,dwell,293.71,694.53,60.96,0,178.876,8.730,179.795,-18.21,20.85,147.58,-17.91,-7.68,173.87,53.767,54.196,-36.1761,0.3666,293.71,694.53,-34.1466,-1.5722,,,0.21976,0
24.3871,9,23,5,3,351.75,713.17,dwell,355.68,697.94,15.73,1,178.832,8.590,179.780,-18.40,20.73,147.74,-17.41,-8.25,173.83,53.877,53.554,-35.9802,3.6560,355.68,697.94,-34.9717,0.7805,,,0.22090,0
24.4765,9,23,5,3,351.75,713.17,capture,372.40,724.45,23.53,1,178.780,8.657,179.786,-18.28,20.62,147.43,-18.07,-8.60,173.72,53.878,53.547,-38.5485,4.6462,372.40,724.45,-36.5813,2.5201,,,0.21583,0
24.5780,9,23,5,3,351.75,713.17,capture,366.56,720.01,16.31,1,178.881,8.702,179.749,-18.27,20.49,147.47,-17.55,-7.90,173.81,53.775,53.257,-37.6221,4.5843,366.56,720.01,-37.0497,3.4490,,,0.23091,0
24.6870,9,23,5,3,351.75,713.17,capture,376.77,727.65,28.91,1,178.785,8.881,179.734,-18.43,20.87,147.57,-17.46,-7.75,173.84,53.563,53.256,-38.0670,4.7308,376.77,727.65,-37.5075,4.0258,,,0.18365,0
24.7757,9,23,5,3,351.75,713.17,capture,384.95,706.23,33.92,1,178.818,9.025,179.750,-18.34,20.84,147.74,-17.66,-7.18,174.73,53.302,53.264,-37.0781,4.9910,384.95,706.23,-37.3143,4.4601,,,0.21050,0
24.8626,9,23,5,3,351.75,713.17,capture,368.03,688.99,29.15,1,178.836,9.095,179.749,-18.30,20.80,147.68,-17.86,-8.29,173.49,53.482,53.084,-35.5421,4.6600,368.03,688.99,-36.5168,4.5500,,,0.21290,0
24.9615,9,23,5,3,351.75,713.17,capture,409.48,690.25,62.11,0,178.783,9.019,179.758,-18.32,20.83,147.66,-17.78,-8.01,174.16,53.261,53.044,-36.1615,6.5787,409.48,690.25,-36.3569,5.4629,,,0.17519,0
25.0443,9,23,5,3,351.75,713.17,capture,395.47,687.73,50.58,1,178.941,8.907,179.741,-18.29,20.98,147.83,-18.15,-7.89,174.07,52.818,52.934,-36.8879,5.2745,395.47,687.73,-36.5958,5.3781,,,0.16374,0
25.1401,9,23,5,3,351.75,713.17,capture,403.72,664.07,71.49,0,178.923,8.981,179.778,-18.32,21.08,147.65,-17.82,-6.84,174.20,52.613,53.127,-36.0658,6.1466,403.72,664.07,-36.3573,5.7239,,,0.16644,0
25.2462,9,23,5,3,351.75,713.17,capture,410.64,685.46,65.08,0,178.963,9.020,179.783,-18.22,21.11,147.87,-17.60,-8.03,174.64,52.969,53.582,-36.2987,6.0747,410.64,685.46,-36.3309,5.8818,,,0.19674,0
25.3609,9,23,5,3,351.75,713.17,capture,375.24,710.97,23.59,1,178.976,8.888,179.824,-18.16,20.98,147.75,-17.38,-7.89,174.23,53.019,53.615,-37.9223,4.6879,375.24,710.97,-37.0470,5.3445,,,0.18907,0
25.4631,9,23,5,3,351.75,713.17,capture,398.54,699.34,48.79,1,178.833,8.847,179.820,-18.22,20.91,147.83,-17.59,-7.74,174.16,53.522,54.242,-37.4494,5.5898,398.54,699.34,-37.2281,5.4549,,,0.19114,0
25.5526,9,23,5,3,351.75,713.17,capture,384.16,686.93,41.70,1,178.818,8.777,179.813,-18.34,21.04,147.89,-18.04,-8.31,174.85,53.666,54.228,-37.1922,5.1013,384.16,686.93,-37.2119,5.2958,,,0.21859,0
25.6616,9,23,5,3,351.75,713.17,capture,386.09,693.91,39.37,1,178.846,8.753,179.852,-18.30,20.90,147.71,-17.74,-7.14,173.80,54.010,53.945,-36.5525,5.5950,386.09,693.91,-36.9152,5.4304,,,0.21665,0
25.7470,9,23,5,3,351.75,713.17,capture,382.47,695.09,35.64,1,178.983,8.880,179.853,-18.29,21.00,147.74,-18.05,-7.55,173.74,53.784,54.199,-36.4757,5.2532,382.47,695.09,-36.7174,5.3507,,,0.21628,0
25.8363,9,23,5,3,351.75,713.17,capture,370.33,697.23,24.48,1,178.903,8.921,179.833,-18.21,20.84,147.86,-18.19,-7.47,174.14,53.910,54.477,-37.2434,4.3100,370.33,697.23,-36.9541,4.8824,,,0.19574,0
25.9618,9,23,5,3,351.75,713.17,capture,369.42,703.58,20.10,1,178.951,8.838,179.869,-18.13,20.91,147.96,-17.90,-7.16,174.19,53.767,54.415,-37.1159,4.3115,369.42,703.58,-37.0269,4.6255,,,0.20036,0
26.0438,9,23,5,3,351.75,713.17,capture,380.39,696.47,33.15,1,179.015,8.689,179.838,-18.11,20.81,147.94,-17.99,-7.62,174.70,53.578,54.317,-37.1354,4.7791,380.39,696.47,-37.0757,4.6946,,,0.21624,0
26.1480,9,23,5,3,351.75,713.17,capture,388.01,693.60,41.20,1,178.957,8.886,179.806,-18.26,20.93,147.87,-18.17,-7.80,174.55,53.763,54.018,-37.0554,4.9155,388.01,693.60,-37.0666,4.7940,,,0.20217,0
26.2504,9,23,5,3,351.75,713.17,capture,387.47,685.14,45.40,1,179.114,8.735,179.769,-18.29,21.11,147.69,-17.98,-6.85,173.78,53.760,53.638,-36.3374,4.7002,387.47,685.14,-36.7385,4.7518,,,0.19820,0
26.3712,9,23,5,3,351.75,713.17,capture,371.45,677.09,41.10,1,179.103,8.805,179.789,-18.45,20.88,147.70,-17.95,-7.86,173.94,53.546,53.544,-35.6043,4.5470,371.45,677.09,-36.2281,4.6596,,,0.21838,0
26.5544,10,1,0,1,150.75,64.83,dwell,346.37,478.05,457.18,0,179.058,8.715,179.780,-18.50,20.70,147.68,-18.47,-7.36,174.10,53.821,53.431,-28.0750,3.4057,346.37,478.05,-28.0750,3.4057,,,0.20746,0
26.6591,10,1,0,1,150.75,64.83,dwell,394.40,474.77,476.88,0,179.061,8.726,179.796,-18.45,20.80,147.73,-18.02,-6.92,174.15,53.570,53.144,-28.9117,5.8674,394.40,474.77,-28.4515,4.5134,,,0.22698,0
26.7643,10,1,0,1,150.75,64.83,dwell,340.74,502.81,477.41,0,179.130,8.596,179.831,-18.50,20.82,147.84,-18.09,-7.08,174.37,53.315,53.168,-29.6550,3.0101,340.74,502.81,-28.9931,3.8370,,,0.18776,0
26.8791,10,1,0,1,150.75,64.83,dwell,377.96,483.52,476.36,0,179.076,8.534,179.818,-18.46,20.79,147.68,-17.92,-7.69,174.43,53.599,53.601,-28.8293,4.2332,377.96,483.52,-28.9194,4.0153,,,0.22024,0
26.9634,10,1,0,1,150.75,64.83,dwell,189.64,242.62,181.99,0,178.992,8.266,179.829,-18.29,20.86,147.85,-18.02,-7.15,174.18,53.615,53.594,-18.8491,-4.5808,189.64,242.62,-24.3878,0.1470,,,0.21170,0
27.0454,10,1,0,1,150.75,64.83,dwell,188.32,323.86,261.74,0,178.920,8.155,179.803,-18.28,20.80,147.73,-18.53,-7.85,173.83,53.642,53.363,-22.5914,-3.8337,188.32,323.86,-23.5794,-1.6443,,,0.22030,0
27.1307,10,1,0,1,150.75,64.83,dwell,216.63,165.43,120.25,0,178.857,8.176,179.782,-18.27,20.76,147.73,-17.98,-7.31,173.53,53.608,53.722,-17.2483,-2.7219,216.63,165.43,-20.7304,-2.1292,,,0.21557,0
27.2263,10,1,0,1,150.75,64.83,dwell,148.82,84.06,19.32,1,178.818,8.010,179.780,-18.45,20.93,147.81,-18.53,-8.18,174.67,53.489,53.838,-13.5097,-5.8492,148.82,84.06,-17.4811,-3.8032,,,0.21001,0
27.3155,10,1,0,1,150.75,64.83,dwell,185.88,161.49,102.84,0,178.991,7.785,179.762,-18.51,21.17,148.19,-18.32,-7.59,174.73,53.677,53.766,-16.8673,-4.6234,185.88,161.49,-17.2049,-4.1723,,,0.20879,0
27.3975,10,1,0,1,150.75,64.83,dwell,117.82,33.80,45.25,1,179.038,7.944,179.781,-18.46,21.19,147.83,-17.09,-7.57,174.18,54.035,54.150,-10.7680,-7.3999,117.82,33.80,-14.3083,-5.6247,,,0.24813,0
27.4887,10,1,0,1,150.75,64.83,capture,128.03,-9.76,77.98,0,179.005,7.903,179.815,-18.57,21.10,147.79,-17.65,-7.11,173.98,53.560,54.533,-9.1564,-6.7227,128.03,-9.76,-11.9899,-6.1188,,,0.20003,0
27.5770,10,1,0,1,150.75,64.83,capture,114.70,-3.81,77.53,0,178.996,7.870,179.820,-18.36,21.11,147.81,-17.64,-7.84,174.60,53.515,54.124,-9.3644,-7.4285,114.70,-3.81,-10.8084,-6.7082,,,0.17219,0
27.6743,10,1,0,1,150.75,64.83,capture,115.34,4.05,70.35,1,178.963,7.630,179.803,-18.12,21.07,147.69,-17.68,-7.08,174.13,53.931,54.635,-9.8938,-7.1436,115.34,4.05,-10.3968,-6.9041,,,0.24166,0
27.7839,10,1,0,1,150.75,64.83,capture,114.14,-2.81,76.91,0,179.204,7.724,179.818,-18.20,21.04,147.76,-17.79,-8.16,174.09,54.313,54.681,-10.0990,-7.1523,114.14,-2.81,-10.2628,-7.0158,,,0.24434,0
27.8940,10,1,0,1,150.75,64.83,capture,129.01,-36.87,104.00,0,179.173,7.725,179.834,-18.20,21.21,147.82,-17.83,-7.31,174.56,54.580,54.272,-8.1003,-6.2395,129.01,-36.87,-9.2897,-6.6665,,,0.25029,0
28.0120,10,1,0,1,150.75,64.83,capture,124.97,-15.89,84.74,0,178.963,7.661,179.853,-18.15,21.35,147.63,-17.44,-6.94,173.89,54.355,54.006,-7.8054,-7.4993,124.97,-15.89,-8.6218,-7.0412,,,0.23942,0
28.1110,10,1,0,1,150.75,64.83,capture,126.19,-1.11,70.37,0,178.929,7.653,179.824,-18.23,21.10,147.54,-18.49,-7.61,173.81,54.341,53.641,-8.7287,-6.9978,126.19,-1.11,-8.6699,-7.0217,,,0.20660,0
28.2031,10,1,0,1,150.75,64.83,capture,126.99,18.73,51.87,1,179.001,7.608,179.828,-18.27,21.04,147.76,-17.53,-7.44,174.40,54.180,53.849,-10.7801,-6.3354,126.99,18.73,-9.6195,-6.7128,,,0.22462,0
28.3026,10,1,0,1,150.75,64.83,capture,151.32,0.11,64.73,1,178.946,7.624,179.791,-18.38,20.94,147.67,-17.68,-8.11,174.28,54.165,53.807,-9.7642,-6.0078,151.32,0.11,-9.6846,-6.3956,,,0.22859,0
28.4098,10,1,0,1,150.75,64.83,capture,129.66,-0.16,68.33,0,178.863,7.525,179.802,-18.35,20.93,148.02,-18.16,-7.68,174.14,53.583,54.160,-10.7450,-6.9996,129.66,-0.16,-10.1618,-6.6674,,,0.23136,0
28.4918,10,1,0,1,150.75,64.83,capture,120.93,21.56,52.55,1,178.779,7.588,179.788,-18.30,20.66,147.92,-18.15,-7.97,174.19,53.805,54.223,-10.0510,-7.3505,120.93,21.56,-10.1119,-6.9748,,,0.23401,0
28.5960,10,1,0,1,150.75,64.83,capture,121.70,-20.38,90.03,0,178.852,7.500,179.818,-18.17,20.84,147.85,-17.66,-6.38,174.25,53.720,54.121,-9.2815,-7.4590,121.70,-20.38,-9.7382,-7.1927,,,0.19886,0
28.6984,10,1,0,1,150.75,64.83,capture,140.02,-22.67,88.16,0,178.865,7.410,179.794,-18.23,20.77,147.79,-18.09,-8.10,174.45,53.732,53.897,-9.0506,-7.0900,140.02,-22.67,-9.4288,-7.1465,,,0.21711,0
28.8032,10,1,0,1,150.75,64.83,capture,151.61,-16.78,81.62,0,178.847,7.482,179.775,-18.24,20.88,147.89,-17.70,-7.82,174.33,53.714,54.061,-8.5916,-5.7111,151.61,-16.78,-9.0521,-6.5006,,,0.23984,0
28.9067,10,1,0,1,150.75,64.83,capture,104.65,-9.72,87.66,0,178.801,7.439,179.764,-18.28,20.91,148.08,-17.70,-8.05,174.67,53.730,53.891,-8.8937,-7.8228,104.65,-9.72,-8.9808,-7.0956,,,0.20659,0
28.9981,10,1,0,1,150.75,64.83,capture,114.58,-12.67,85.53,0,178.760,7.370,179.761,-18.32,20.85,147.80,-18.31,-8.39,173.92,53.801,54.023,-8.9978,-8.0485,114.58,-12.67,-8.9884,-7.5244,,,0.22477,0
29.0805,10,1,0,1,150.75,64.83,capture,114.43,-4.84,78.57,0,178.852,7.364,179.771,-18.43,20.90,147.49,-17.75,-7.63,174.54,54.021,53.959,-9.7279,-7.5405,114.43,-4.84,-9.3212,-7.5316,,,0.21583,0
29.1970,10,1,0,1,150.75,64.83,capture,129.90,-27.29,94.45,0,178.849,7.533,179.790,-18.40,20.66,147.51,-17.06,-8.03,174.20,54.111,53.958,-9.0121,-6.3626,129.90,-27.29,-9.1821,-7.0056,,,0.23602,0
29.3131,10,1,0,1,150.75,64.83,capture,123.86,-4.59,74.45,0,178.807,7.607,179.817,-18.38,20.58,147.74,-17.76,-8.40,174.20,54.182,53.917,-11.4036,-6.4565,123.86,-4.59,-10.1818,-6.7585,,,0.20261,0
29.3953,10,1,0,1,150.75,64.83,capture,106.16,-8.68,85.98,0,178.751,7.612,179.849,-18.49,20.56,147.61,-18.18,-8.86,173.84,54.165,53.886,-10.0511,-7.9349,106.16,-8.68,-10.1229,-7.2879,,,0.21068,0
29.5690,11,18,4,2,251.25,583.50,dwell,167.95,-31.07,620.19,0,178.734,7.786,179.829,-18.45,20.48,147.73,-18.68,-8.06,174.22,54.002,53.903,-8.2075,-5.5402,167.95,-31.07,-8.2075,-5.5402,,,0.22867,0
29.6585,11,18,4,2,251.25,583.50,dwell,274.15,43.84,540.15,0,178.755,7.833,179.829,-18.41,20.50,147.90,-18.02,-8.76,174.10,54.029,53.863,-10.6911,0.1032,274.15,43.84,-9.3252,-3.0007,,,0.19915,0
29.7697,11,18,4,2,251.25,583.50,dwell,278.57,208.81,375.68,0,178.741,8.097,179.833,-18.37,20.68,147.85,-17.75,-8.33,174.57,54.106,53.728,-19.0471,0.4145,278.57,208.81,-13.7000,-1.4639,,,0.23685,0
29.8681,11,18,4,2,251.25,583.50,dwell,157.92,184.84,409.44,0,178.820,8.230,179.821,-18.34,20.60,147.74,-17.13,-8.05,173.50,53.729,54.141,-15.8611,-5.8748,157.92,184.84,-14.6725,-3.4488,,,0.20184,0
29.9737,11,18,4,2,251.25,583.50,dwell,241.29,298.98,284.69,0,178.660,8.410,179.832,-18.27,20.71,147.70,-18.14,-8.59,173.76,54.089,54.124,-22.0117,-1.9733,241.29,298.98,-17.9751,-2.7848,,,0.21380,0
30.0904,11,18,4,2,251.25,583.50,dwell,296.72,288.01,298.97,0,178.698,8.426,179.838,-18.29,20.86,147.78,-18.06,-6.89,173.79,54.090,54.124,-20.1193,1.3062,296.72,288.01,-18.9400,-0.9439,,,0.21776,0
30.1864,11,18,4,2,251.25,583.50,dwell,222.02,337.65,247.58,0,178.772,8.539,179.871,-18.23,20.91,147.49,-17.54,-8.00,173.32,53.713,54.252,-22.3459,-1.7721,222.02,337.65,-20.4727,-1.3166,,,0.20653,0
30.2834,11,18,4,2,251.25,583.50,dwell,224.48,326.40,258.49,0,178.717,8.566,179.878,-18.29,20.81,147.61,-18.09,-7.39,173.91,53.655,54.174,-22.0110,-2.1332,224.48,326.40,-21.1649,-1.6841,,,0.23204,0
30.3925,11,18,4,2,251.25,583.50,dwell,221.34,320.73,264.47,0,178.727,8.372,179.857,-18.19,20.99,147.53,-17.60,-7.25,173.56,53.756,54.085,-22.7441,-2.2873,221.34,320.73,-21.8756,-1.9555,,,0.21034,0
30.5041,11,18,4,2,251.25,583.50,dwell,292.62,378.26,209.37,0,178.649,8.449,179.824,-18.14,20.98,147.72,-17.03,-7.34,174.19,53.792,54.241,-23.6170,0.8730,292.62,378.26,-22.6592,-0.6827,,,0.21662,0
30.5996,11,18,4,2,251.25,583.50,dwell,321.75,408.08,189.06,0,178.734,8.490,179.799,-18.26,21.04,147.64,-17.82,-6.83,174.42,53.649,54.436,-26.5358,2.1478,321.75,408.08,-24.4037,0.5910,,,0.23029,0
30.6963,11,18,4,2,251.25,583.50,capture,290.39,422.27,165.91,0,178.762,8.590,179.789,-18.33,20.88,147.38,-17.90,-8.52,173.13,53.473,54.292,-26.3624,0.9681,290.39,422.27,-25.2851,0.7607,,,0.20331,0
30.7863,11,18,4,2,251.25,583.50,capture,330.89,417.72,183.92,0,178.763,8.583,179.809,-18.29,20.90,147.40,-17.48,-7.03,174.22,53.571,54.658,-26.7774,2.4564,330.89,417.72,-25.9566,1.5238,,,0.17940,0
30.8997,11,18,4,2,251.25,583.50,capture,323.21,418.35,180.15,0,178.816,8.706,179.835,-18.25,20.63,147.20,-17.59,-7.62,173.60,53.559,54.435,-25.9363,1.7885,323.21,418.35,-25.9475,1.6429,,,0.20189,0
30.9852,11,18,4,2,251.25,583.50,capture,306.06,416.97,175.32,0,178.841,8.586,179.815,-18.21,20.78,147.20,-18.20,-7.69,173.46,53.698,54.742,-26.2815,1.1805,306.06,416.97,-26.0978,1.4348,,,0.21725,0
31.0825,11,18,4,2,251.25,583.50,capture,309.12,396.96,195.31,0,178.928,8.516,179.808,-18.19,20.70,147.27,-18.04,-8.30,173.80,54.082,54.622,-23.7198,1.6351,309.12,396.96,-25.0277,1.5250,,,0.19862,0
31.1753,11,18,4,2,251.25,583.50,capture,312.35,412.94,181.17,0,178.828,8.357,179.764,-18.33,20.63,147.47,-17.41,-7.75,173.82,53.794,54.177,-25.3543,1.9893,312.35,412.94,-25.1747,1.7339,,,0.21532,0
31.2742,11,18,4,2,251.25,583.50,capture,314.83,413.09,181.88,0,178.816,8.345,179.757,-18.49,20.47,147.69,-17.86,-7.55,173.88,53.969,54.041,-26.4398,2.8065,314.83,413.09,-25.7440,2.2166,,,0.21953,0
31.3754,11,18,4,2,251.25,583.50,capture,310.93,420.09,173.97,0,178.842,8.183,179.781,-18.41,20.41,147.72,-17.82,-8.78,173.84,53.904,54.146,-25.6130,1.7349,310.93,420.09,-25.6850,1.9999,,,0.20406,0
31.4783,11,18,4,2,251.25,583.50,capture,301.07,421.18,169.79,0,178.789,8.367,179.788,-18.31,20.37,147.71,-17.79,-7.54,174.24,53.571,53.893,-26.2513,1.3890,301.07,421.18,-25.9399,1.7250,,,0.19945,0
31.5801,11,18,4,2,251.25,583.50,capture,305.44,416.92,175.17,0,178.776,8.550,179.779,-18.29,20.44,147.66,-17.95,-8.62,174.43,53.699,54.023,-25.7391,1.4813,305.44,416.92,-25.8495,1.6153,,,0.23209,0
31.6930,11,18,4,2,251.25,583.50,capture,315.72,433.58,163.19,0,178.868,8.457,179.802,-18.39,20.55,147.65,-17.81,-7.91,173.78,54.085,54.337,-27.2885,1.4065,315.72,433.58,-26.4971,1.5213,,,0.19611,0
31.8004,11,18,4,2,251.25,583.50,capture,309.04,417.63,175.65,0,178.924,8.536,179.791,-18.44,20.50,147.50,-18.24,-7.25,174.04,53.897,53.996,-25.6550,2.2857,309.04,417.63,-26.1182,1.8653,,,0.23065,0
31.9049,11,18,4,2,251.25,583.50,capture,313.17,404.92,189.01,0,178.880,8.585,179.791,-18.47,20.65,147.38,-18.26,-6.80,173.53,54.441,54.146,-26.0609,1.7403,313.17,404.92,-26.0924,1.8090,,,0.24266,0
32.0190,11,18,4,2,251.25,583.50,capture,314.28,404.80,189.49,0,178.857,8.763,179.787,-18.42,20.68,147.55,-18.43,-7.81,173.76,54.403,54.362,-24.5149,1.5772,314.28,404.80,-25.3825,1.7047,,,0.23950,0
32.1082,11,18,4,2,251.25,583.50,capture,298.21,419.05,171.02,0,178.888,8.691,179.824,-18.41,20.65,147.43,-17.62,-7.97,173.75,54.225,54.014,-26.5876,0.8229,298.21,419.05,-25.9248,1.3079,,,0.23049,0
32.2268,11,18,4,2,251.25,583.50,capture,284.09,411.33,175.27,0,178.848,8.645,179.815,-18.43,20.53,147.48,-17.90,-7.68,173.66,54.114,53.937,-25.4112,0.1101,284.09,411.33,-25.6937,0.7689,,,0.20448,0
32.3417,11,18,4,2,251.25,583.50,capture,298.96,404.78,184.98,0,178.859,8.753,179.806,-18.36,20.47,147.38,-18.09,-7.95,173.76,53.683,54.403,-26.4412,0.7021,298.96,404.78,-26.0301,0.7389,,,0.19030,0
32.4471,11,18,4,2,251.25,583.50,capture,304.53,431.81,160.78,0,178.775,8.829,179.817,-18.53,20.37,147.19,-17.72,-8.39,173.83,53.302,54.515,-27.1796,1.4417,304.53,431.81,-26.5473,1.0551,,,0.20677,0
32.5629,11,18,4,2,251.25,583.50,capture,315.62,405.74,189.06,0,178.820,8.743,179.789,-18.42,20.27,147.44,-18.21,-8.81,173.66,53.157,54.127,-25.1257,2.4742,315.62,405.74,-25.9076,1.6937,,,0.19503,0
32.7414,12,22,5,2,251.25,713.17,dwell,375.31,431.60,307.69,0,178.874,8.887,179.781,-18.33,20.33,147.51,-17.76,-8.72,173.91,53.083,53.948,-27.1024,4.2822,375.31,431.60,-27.1024,4.2822,,,0.19971,0
32.8465,12,22,5,2,251.25,713.17,dwell,286.61,374.38,340.63,0,178.801,8.811,179.772,-18.36,20.50,147.51,-17.33,-8.25,173.83,53.299,53.568,-23.3959,0.2299,286.61,374.38,-25.4345,2.4587,,,0.18708,0
32.9339,12,22,5,2,251.25,713.17,dwell,398.33,480.17,275.54,0,178.808,8.681,179.783,-18.34,20.56,147.71,-17.29,-7.12,173.74,53.267,53.934,-28.7497,5.7628,398.33,480.17,-26.9263,3.9455,,,0.18948,0
33.0243,12,22,5,2,251.25,713.17,dwell,336.16,381.16,342.69,0,178.874,8.634,179.789,-18.27,20.52,147.74,-18.16,-7.64,173.94,53.176,54.064,-24.3768,2.7640,336.16,381.16,-25.7790,3.4138,,,0.20025,0
33.1295,12,22,5,2,251.25,713.17,dwell,277.52,465.68,248.88,0,178.995,8.554,179.814,-18.19,20.52,147.41,-17.28,-7.98,173.70,52.881,53.952,-28.0860,0.3465,277.52,465.68,-26.8172,2.0335,,,0.18089,0
33.2299,12,22,5,2,251.25,713.17,dwell,389.09,476.09,274.24,0,178.969,8.459,179.804,-18.33,20.49,147.49,-17.18,-8.07,173.66,53.421,54.144,-28.5748,4.9920,389.09,476.09,-27.6081,3.3649,,,0.20742,0
33.3304,12,22,5,2,251.25,713.17,dwell,320.96,504.28,220.21,0,179.000,8.672,179.837,-18.42,20.31,147.63,-18.02,-8.31,174.33,53.516,53.989,-29.0507,2.4135,320.96,504.28,-28.2573,2.9367,,,0.20881,0
33.4537,12,22,5,2,251.25,713.17,dwell,334.16,458.69,267.64,0,179.020,8.688,179.867,-18.42,20.25,147.61,-18.33,-8.06,173.96,53.866,54.266,-27.9623,2.9832,334.16,458.69,-28.1245,2.9576,,,0.22575,0
33.5542,12,22,5,2,251.25,713.17,capture,324.59,466.90,256.96,0,178.933,8.564,179.859,-18.51,20.44,147.65,-18.32,-7.48,174.44,54.158,54.803,-27.9609,2.4368,324.59,466.90,-28.0509,2.7233,,,0.20532,0
33.6503,12,22,5,2,251.25,713.17,capture,330.02,448.49,276.15,0,178.907,8.619,179.878,-18.46,20.44,147.47,-18.21,-7.80,173.89,54.144,54.764,-27.4438,2.2100,330.02,448.49,-27.7777,2.4923,,,0.21211,0
33.7356,12,22,5,2,251.25,713.17,capture,355.69,445.96,286.89,0,178.896,8.618,179.862,-18.43,20.34,147.57,-18.14,-8.38,173.97,53.696,54.716,-26.5906,3.5996,355.69,445.96,-27.2435,2.9906,,,0.20094,0
33.8378,12,22,5,2,251.25,713.17,capture,334.29,486.28,241.61,0,178.941,8.664,179.867,-18.42,20.19,147.31,-18.23,-8.72,173.01,53.643,54.466,-28.4016,2.8178,334.29,486.28,-27.7647,2.9128,,,0.20270,0
33.9278,12,22,5,2,251.25,713.17,capture,337.86,454.65,272.64,0,178.980,8.663,179.886,-18.33,20.18,147.45,-17.71,-7.85,173.69,53.847,54.587,-27.2990,2.3687,337.86,454.65,-27.5551,2.6680,,,0.20922,0
34.0243,12,22,5,2,251.25,713.17,capture,360.16,432.10,301.43,0,178.975,8.722,179.871,-18.22,20.26,147.51,-17.48,-8.47,173.68,53.953,54.348,-26.7258,4.5900,360.16,432.10,-27.1819,3.5329,,,0.20400,0
34.1426,12,22,5,2,251.25,713.17,capture,348.99,456.48,274.67,0,178.879,8.743,179.822,-18.15,20.25,147.44,-17.80,-8.41,173.82,53.832,54.393,-27.5435,3.5733,348.99,456.48,-27.3446,3.5511,,,0.23542,0
34.2246,12,22,5,2,251.25,713.17,capture,335.45,469.11,258.17,0,178.866,8.734,179.792,-18.19,20.24,147.52,-17.75,-8.28,173.61,53.888,54.116,-27.9910,2.7186,335.45,469.11,-27.6355,3.1765,,,0.21401,0
34.3339,12,22,5,2,251.25,713.17,capture,321.78,465.88,257.15,0,178.777,8.815,179.851,-18.20,20.42,147.65,-18.00,-8.73,173.81,53.988,53.937,-28.1737,1.8010,321.78,465.88,-27.8777,2.5575,,,0.23271,0
34.4392,12,22,5,2,251.25,713.17,capture,325.02,462.23,261.56,0,178.741,8.701,179.880,-18.23,20.74,147.57,-17.61,-7.30,174.17,53.938,54.158,-28.3062,2.4032,325.02,462.23,-28.0705,2.4881,,,0.19383,0
34.5322,12,22,5,2,251.25,713.17,capture,316.53,453.51,267.74,0,178.804,8.828,179.866,-18.25,20.76,147.44,-17.73,-7.45,174.00,54.006,54.611,-27.1027,1.6147,316.53,453.51,-27.6350,2.0951,,,0.24188,0
34.6250,12,22,5,2,251.25,713.17,capture,336.18,439.83,286.23,0,178.858,8.842,179.839,-18.44,20.52,147.35,-18.34,-8.79,173.73,54.303,54.493,-26.6790,3.1804,336.18,439.83,-27.2048,2.5835,,,0.25074,0
34.7253,12,22,5,2,251.25,713.17,capture,335.76,440.24,285.71,0,178.850,8.735,179.862,-18.57,20.54,147.37,-17.72,-7.87,173.83,54.359,54.481,-27.9629,2.7618,335.76,440.24,-27.5460,2.6637,,,0.24244,0
34.8091,12,22,5,2,251.25,713.17,capture,312.98,446.14,274.07,0,178.936,8.617,179.861,-18.47,20.48,147.38,-18.03,-7.95,173.37,54.060,54.255,-27.4208,1.9864,312.98,446.14,-27.4896,2.3590,,,0.22096,0
34.9227,12,22,5,2,251.25,713.17,capture,329.54,453.83,270.90,0,178.912,8.700,179.859,-18.51,20.52,147.51,-18.00,-7.89,173.54,53.604,54.367,-27.2821,2.6898,329.54,453.83,-27.3962,2.5079,,,0.20990,0
35.0451,12,22,5,2,251.25,713.17,capture,335.28,467.77,259.38,0,178.934,8.654,179.851,-18.49,20.52,147.39,-17.65,-7.96,173.65,53.271,54.282,-28.2063,2.8994,335.28,467.77,-27.7608,2.6840,,,0.18707,0
35.1370,12,22,5,2,251.25,713.17,capture,331.28,448.14,276.85,0,178.868,8.708,179.853,-18.27,20.80,147.44,-17.90,-7.24,173.57,53.502,53.967,-27.1927,2.4985,331.28,448.14,-27.5051,2.6005,,,0.19059,0
35.2414,12,22,5,2,251.25,713.17,capture,337.80,435.47,290.87,0,178.812,8.690,179.855,-18.19,20.75,147.52,-18.58,-8.42,173.78,53.701,54.285,-26.1142,2.3066,337.80,435.47,-26.8792,2.4683,,,0.20884,0
35.3328,12,22,5,2,251.25,713.17,capture,327.01,448.52,275.28,0,178.876,8.563,179.805,-18.26,20.82,147.34,-18.07,-7.30,173.99,53.873,54.172,-28.0856,2.1162,327.01,448.52,-27.4221,2.3098,,,0.19830,0
35.4285,12,22,5,2,251.25,713.17,capture,333.39,454.49,271.40,0,178.897,8.591,179.804,-18.31,20.85,147.64,-17.47,-7.03,173.99,53.509,54.423,-26.6513,2.9135,333.39,454.49,-27.0752,2.5815,,,0.17557,0
35.6045,13,17,4,1,150.75,583.50,dwell,350.52,469.86,229.83,0,178.879,8.402,179.852,-18.31,20.90,147.69,-17.66,-6.80,174.11,53.341,54.275,-28.2245,3.7295,350.52,469.86,-28.2245,3.7295,,,0.20038,0
35.7010,13,17,4,1,150.75,583.50,dwell,187.07,500.47,90.63,0,178.862,8.363,179.844,-18.45,20.96,147.58,-18.03,-7.94,173.80,53.662,54.372,-28.4432,-3.6606,187.07,500.47,-28.3229,0.4040,,,0.22309,0
35.7895,13,17,4,1,150.75,583.50,dwell,360.72,366.06,302.27,0,178.831,8.399,179.826,-18.46,20.91,146.95,-17.99,-7.57,173.04,53.776,54.108,-23.8602,3.9345,360.72,366.06,-26.3147,1.9927,,,0.21014,0
35.9085,13,17,4,1,150.75,583.50,dwell,275.49,360.30,255.69,0,178.873,8.375,179.848,-18.43,20.91,146.93,-18.00,-8.23,173.06,53.757,54.247,-23.7321,0.4415,275.49,360.30,-25.1526,1.2947,,,0.20186,0
36.0106,13,17,4,1,150.75,583.50,dwell,251.82,392.24,216.32,0,178.907,8.447,179.871,-18.41,20.83,146.93,-18.32,-7.67,172.91,53.839,54.267,-24.6581,-1.0763,251.82,392.24,-24.9300,0.2277,,,0.22116,0
36.1026,13,17,4,1,150.75,583.50,dwell,178.43,417.23,168.56,0,178.983,8.399,179.864,-18.59,20.55,147.17,-17.55,-7.65,173.25,54.107,54.417,-25.5221,-4.8793,178.43,417.23,-25.1965,-2.0704,,,0.24953,0
36.2063,13,17,4,1,150.75,583.50,dwell,192.31,323.05,263.75,0,178.984,8.457,179.867,-18.50,20.42,147.03,-17.98,-8.01,173.46,54.248,54.402,-21.5251,-4.2817,192.31,323.05,-23.5444,-3.0655,,,0.25542,0
36.3208,13,17,4,1,150.75,583.50,dwell,174.08,404.07,180.94,0,178.766,8.577,179.858,-18.46,20.40,147.17,-18.25,-8.54,173.51,54.038,54.501,-25.9504,-4.4133,174.08,404.07,-24.6271,-3.6720,,,0.22241,0
36.4139,13,17,4,1,150.75,583.50,dwell,118.66,353.46,232.27,0,178.814,8.567,179.857,-18.32,20.41,147.30,-17.81,-7.53,173.45,53.963,54.567,-22.9797,-7.4486,118.66,353.46,-23.8858,-5.3715,,,0.18823,0
36.5104,13,17,4,1,150.75,583.50,dwell,205.17,486.50,111.22,0,178.725,8.455,179.876,-18.24,20.47,147.45,-17.69,-7.50,174.02,54.028,54.511,-29.5721,-3.0020,205.17,486.50,-26.4446,-4.3052,,,0.21990,0
36.6037,13,17,4,1,150.75,583.50,dwell,135.84,359.29,224.71,0,178.775,8.349,179.867,-18.18,20.55,147.40,-17.09,-7.85,173.59,53.961,53.986,-23.7028,-6.4525,135.84,359.29,-25.2108,-5.2715,,,0.21034,0
36.6882,13,17,4,1,150.75,583.50,capture,120.66,365.35,220.22,0,178.564,8.345,179.883,-18.18,20.37,147.22,-17.98,-7.67,173.05,54.255,54.332,-23.4485,-7.8050,120.66,365.35,-24.4178,-6.4116,,,0.22497,0
36.7930,13,17,4,1,150.75,583.50,capture,123.99,346.19,238.81,0,178.613,8.465,179.917,-18.13,20.60,147.32,-17.18,-7.30,173.04,54.134,54.495,-23.7533,-6.8671,123.99,346.19,-24.1188,-6.6166,,,0.23113,0
36.8761,13,17,4,1,150.75,583.50,capture,132.66,345.79,238.40,0,178.599,8.620,179.924,-18.28,20.56,147.22,-18.10,-6.98,173.16,54.215,54.568,-23.5819,-6.4743,132.66,345.79,-23.8772,-6.5525,,,0.24152,0
36.9749,13,17,4,1,150.75,583.50,capture,118.05,349.00,236.77,0,178.669,8.645,179.909,-18.33,20.58,147.30,-17.60,-8.08,173.47,54.216,54.280,-24.4795,-7.4192,118.05,349.00,-24.1482,-6.9425,,,0.21510,0
37.0586,13,17,4,1,150.75,583.50,capture,148.10,361.76,221.76,0,178.715,8.482,179.881,-18.26,20.56,147.16,-17.87,-7.70,173.40,53.870,54.019,-24.5451,-5.0950,148.10,361.76,-24.3268,-6.1111,,,0.22275,0
37.1468,13,17,4,1,150.75,583.50,capture,131.86,336.20,248.02,0,178.784,8.609,179.877,-18.26,20.43,147.10,-17.64,-7.47,173.44,53.806,53.535,-22.6737,-6.2473,131.86,336.20,-23.5829,-6.1724,,,0.21172,0
37.2656,13,17,4,1,150.75,583.50,capture,122.35,356.59,228.68,0,178.758,8.643,179.900,-18.32,20.46,147.34,-17.40,-8.02,173.64,54.167,53.556,-22.9384,-7.0939,122.35,356.59,-23.2929,-6.5871,,,0.23001,0
37.3775,13,17,4,1,150.75,583.50,capture,114.14,361.50,225.00,0,178.734,8.480,179.857,-18.21,20.62,147.10,-17.72,-8.01,173.35,53.787,53.677,-23.3482,-7.0563,114.14,361.50,-23.3178,-6.7982,,,0.20602,0
37.4798,13,17,4,1,150.75,583.50,capture,115.90,378.95,207.50,0,178.698,8.419,179.871,-18.32,20.71,147.18,-18.08,-7.82,173.48,54.156,53.386,-24.6637,-7.5974,115.90,378.95,-23.9234,-7.1579,,,0.20707,0
37.5626,13,17,4,1,150.75,583.50,capture,85.16,361.60,231.39,0,178.821,8.348,179.890,-18.27,20.73,146.98,-17.97,-8.25,173.14,54.588,54.128,-22.9349,-8.8704,85.16,361.60,-23.4786,-7.9285,,,0.23192,0
37.6446,13,17,4,1,150.75,583.50,capture,108.18,337.84,249.32,0,178.950,8.345,179.895,-18.36,20.79,147.15,-18.08,-8.54,172.82,54.662,54.019,-23.5026,-7.3908,108.18,337.84,-23.4894,-7.6866,,,0.24099,0
37.7346,13,17,4,1,150.75,583.50,capture,107.88,366.73,220.97,0,178.834,8.236,179.897,-18.39,20.77,147.02,-18.08,-7.67,173.13,54.495,54.062,-24.2375,-7.3086,107.88,366.73,-23.8260,-7.5165,,,0.21164,0
37.8227,13,17,4,1,150.75,583.50,capture,115.58,367.94,218.41,0,178.699,8.376,179.864,-18.43,20.99,147.21,-17.67,-6.76,173.46,54.528,53.850,-24.3238,-7.5103,115.58,367.94,-24.0500,-7.5137,,,0.25747,0
37.9095,13,17,4,1,150.75,583.50,capture,120.01,339.03,246.40,0,178.814,8.314,179.868,-18.36,21.05,147.26,-17.72,-7.74,173.21,53.763,54.227,-23.9247,-7.8116,120.01,339.03,-23.9936,-7.6477,,,0.24223,0
38.0021,13,17,4,1,150.75,583.50,capture,124.73,351.62,233.34,0,178.871,8.413,179.844,-18.31,21.07,147.28,-17.82,-7.13,173.79,53.859,54.299,-24.2882,-6.6093,124.73,351.62,-24.1262,-7.1804,,,0.21622,0
38.0904,13,17,4,1,150.75,583.50,capture,104.00,354.55,233.67,0,178.831,8.320,179.852,-18.33,20.95,147.43,-18.29,-7.10,173.60,53.773,54.439,-23.6730,-7.2420,104.00,354.55,-23.9222,-7.2081,,,0.21094,0
38.2054,13,17,4,1,150.75,583.50,capture,133.43,352.57,231.58,0,178.917,8.333,179.836,-18.27,20.90,147.63,-18.05,-7.02,174.21,53.778,54.523,-23.9577,-7.0016,133.43,352.57,-23.9382,-7.1152,,,0.22131,0
38.3018,13,17,4,1,150.75,583.50,capture,116.53,363.66,222.49,0,178.824,8.295,179.825,-18.31,21.01,147.72,-18.00,-7.81,173.97,53.659,54.158,-23.6652,-7.3891,116.53,363.66,-23.8153,-7.2385,,,0.23215,0
38.3882,13,17,4,1,150.75,583.50,capture,110.10,362.90,224.31,0,178.778,8.335,179.850,-18.31,20.94,147.46,-17.83,-6.71,173.47,53.687,53.780,-23.8699,-8.4850,110.10,362.90,-23.8399,-7.7994,,,0.21220,0
38.4890,13,17,4,1,150.75,583.50,capture,135.44,360.75,223.28,0,178.817,8.403,179.851,-18.28,20.94,147.34,-17.66,-8.10,173.97,53.843,53.772,-24.5914,-5.6776,135.44,360.75,-24.1781,-6.8446,,,0.22984,0
38.5976,13,17,4,1,150.75,583.50,capture,138.18,373.53,210.35,0,178.796,8.423,179.853,-18.38,21.02,147.60,-17.78,-7.55,174.16,54.129,54.236,-24.3806,-6.6773,138.18,373.53,-24.2692,-6.7693,,,0.24134,0
38.7611,14,7,1,3,351.75,194.50,dwell,245.00,516.70,339.42,0,178.761,8.246,179.834,-18.21,21.01,147.62,-18.09,-7.60,173.49,53.846,54.013,-28.7697,-1.5911,245.00,516.70,-28.7697,-1.5911,,,0.19828,0
38.8603,14,7,1,3,351.75,194.50,dwell,247.92,343.84,181.89,0,178.770,8.186,179.858,-18.21,20.98,147.56,-17.78,-8.13,173.96,53.890,54.088,-22.8075,-1.7716,247.92,343.84,-26.0867,-1.6723,,,0.20879,0
38.9731,14,7,1,3,351.75,194.50,dwell,325.50,260.72,71.23,0,178.842,8.261,179.872,-18.32,20.94,147.41,-17.78,-7.99,173.49,53.960,53.762,-19.3867,2.2637,325.50,260.72,-23.0717,0.0989,,,0.20748,0
39.0659,14,7,1,3,351.75,194.50,dwell,238.75,296.33,152.11,0,178.870,8.252,179.837,-18.27,20.83,147.47,-18.00,-7.99,173.73,53.752,54.274,-20.8088,-1.8870,238.75,296.33,-22.0534,-0.7947,,,0.20629,0
39.1725,14,7,1,3,351.75,194.50,dwell,250.45,270.51,126.65,0,178.818,8.304,179.829,-18.12,20.70,147.57,-18.13,-8.18,173.84,54.052,54.106,-20.3503,-0.2641,250.45,270.51,-21.2870,-0.5560,,,0.22653,0
39.2906,14,7,1,3,351.75,194.50,dwell,308.94,345.35,156.81,0,178.764,8.201,179.851,-18.14,20.83,147.46,-18.20,-7.07,174.18,53.771,54.406,-23.8621,1.2484,308.94,345.35,-22.4458,0.2560,,,0.22918,0
39.3949,14,7,1,3,351.75,194.50,dwell,292.29,372.10,187.29,0,178.817,7.980,179.834,-18.15,20.88,147.42,-17.65,-7.71,174.04,53.921,54.574,-24.9163,0.2713,292.29,372.10,-23.5575,0.2629,,,0.22642,0
39.5088,14,7,1,3,351.75,194.50,dwell,311.70,347.52,158.17,0,178.732,7.918,179.826,-17.97,20.99,147.33,-18.07,-7.46,173.69,53.895,54.260,-22.5087,1.1841,311.70,347.52,-23.0855,0.6775,,,0.23508,0
39.6044,14,7,1,3,351.75,194.50,dwell,402.34,326.45,141.32,0,178.768,7.978,179.820,-18.06,20.92,146.93,-18.18,-6.74,173.07,53.782,54.365,-22.2476,5.8831,402.34,326.45,-22.7085,3.0200,,,0.21524,0
39.7180,14,7,1,3,351.75,194.50,capture,334.95,336.65,143.14,0,178.791,8.004,179.811,-18.14,20.96,146.99,-17.48,-8.29,172.57,53.747,54.268,-22.0739,2.6722,334.95,336.65,-22.4229,2.8635,,,0.21803,0
39.8084,14,7,1,3,351.75,194.50,capture,354.47,355.13,160.65,0,178.856,7.938,179.845,-18.13,21.01,146.94,-17.93,-7.00,173.11,53.597,53.928,-23.9436,3.6512,354.47,355.13,-23.1072,3.2180,,,0.20260,0
39.9219,14,7,1,3,351.75,194.50,capture,353.42,355.19,160.70,0,178.905,7.735,179.882,-18.14,21.04,147.14,-17.64,-7.37,173.36,53.541,54.137,-24.4395,3.2281,353.42,355.19,-23.7067,3.2225,,,0.22466,0
40.0467,14,7,1,3,351.75,194.50,capture,356.10,331.61,137.18,0,178.836,7.777,179.869,-18.11,21.15,147.40,-18.38,-7.35,173.46,53.724,54.384,-22.9778,3.5162,356.10,331.61,-23.3787,3.3547,,,0.20856,0
40.1826,14,7,1,3,351.75,194.50,capture,329.89,353.71,160.70,0,178.759,7.666,179.884,-18.04,21.15,147.18,-17.46,-7.78,173.31,53.808,54.263,-22.9990,2.0466,329.89,353.71,-23.2079,2.7661,,,0.23023,0
40.2860,14,7,1,3,351.75,194.50,capture,355.85,355.30,160.85,0,178.699,7.517,179.893,-18.17,21.07,147.17,-17.96,-6.94,173.68,53.574,53.994,-24.3676,3.4738,355.85,355.30,-23.7297,3.0846,,,0.20305,0
40.3688,14,7,1,3,351.75,194.50,capture,354.77,359.42,164.95,0,178.775,7.579,179.871,-18.14,21.10,147.28,-18.11,-7.79,173.75,53.712,54.214,-23.3781,3.5026,354.77,359.42,-23.5715,3.2727,,,0.23570,0
40.4913,14,7,1,3,351.75,194.50,capture,353.83,320.24,125.76,0,178.873,7.654,179.857,-18.11,20.90,147.78,-17.54,-7.92,174.65,53.994,53.988,-22.1586,3.3644,353.83,320.24,-22.9357,3.3139,,,0.22646,0
40.5942,14,7,1,3,351.75,194.50,capture,322.68,358.32,166.38,0,178.874,7.595,179.849,-18.10,20.75,147.87,-17.53,-8.24,174.15,53.308,54.095,-24.1425,2.5624,322.68,358.32,-23.4788,2.9757,,,0.20792,0
40.6894,14,7,1,3,351.75,194.50,capture,346.05,363.74,169.34,0,178.910,7.876,179.839,-18.03,20.84,147.96,-17.84,-7.50,174.15,53.521,53.810,-23.9037,3.1698,346.05,363.74,-23.6700,3.0631,,,0.19683,0
40.7790,14,7,1,3,351.75,194.50,capture,359.75,338.69,144.41,0,178.841,7.798,179.804,-18.11,21.05,147.81,-17.69,-6.33,174.22,53.646,53.913,-22.5437,3.5300,359.75,338.69,-23.1632,3.2732,,,0.18418,0
40.8808,14,7,1,3,351.75,194.50,capture,334.06,338.57,145.15,0,178.819,7.741,179.786,-18.12,20.84,147.81,-17.59,-8.23,173.88,53.699,54.126,-22.4683,2.3524,334.06,338.57,-22.8505,2.8588,,,0.21909,0
40.9628,14,7,1,3,351.75,194.50,capture,331.92,334.57,141.47,0,178.759,7.704,179.821,-18.13,20.80,147.84,-17.15,-7.61,174.03,53.750,53.814,-22.9623,2.9958,331.92,334.57,-22.9008,2.9205,,,0.21069,0
41.0578,14,7,1,3,351.75,194.50,capture,374.54,362.14,169.18,0,178.776,7.584,179.793,-18.18,20.72,147.62,-17.62,-7.66,173.43,54.068,53.625,-23.7658,4.5638,374.54,362.14,-23.2901,3.6600,,,0.20757,0
41.1470,14,7,1,3,351.75,194.50,capture,339.30,337.93,143.97,0,178.793,7.700,179.800,-18.21,20.72,147.57,-17.23,-7.48,173.37,54.324,53.781,-23.1232,3.2273,339.30,337.93,-23.2150,3.4653,,,0.22644,0
41.2634,14,7,1,3,351.75,194.50,capture,367.09,331.82,138.17,0,178.797,7.787,179.800,-18.15,20.59,147.91,-17.88,-8.11,174.28,53.874,53.443,-23.0694,4.8620,367.09,331.82,-23.1495,4.0938,,,0.24323,0
41.3677,14,7,1,3,351.75,194.50,capture,359.21,337.75,143.44,0,178.647,7.894,179.769,-18.09,20.77,147.93,-17.78,-7.35,174.39,53.826,53.445,-23.1771,3.9380,359.21,337.75,-23.1619,4.0237,,,0.20370,0
41.4520,14,7,1,3,351.75,194.50,capture,343.32,375.77,181.47,0,178.663,7.969,179.769,-18.07,20.76,148.09,-17.31,-8.02,174.33,54.029,53.354,-23.1623,3.2142,343.32,375.77,-23.1621,3.6594,,,0.22710,0
41.6510,15,6,1,2,251.25,194.50,dwell,387.23,339.25,198.60,0,178.571,7.856,179.758,-18.13,20.60,148.03,-17.44,-8.08,174.31,53.865,53.374,-22.7729,5.1326,387.23,339.25,-22.7729,5.1326,,,0.24006,0
41.7352,15,6,1,2,251.25,194.50,dwell,392.92,193.53,141.67,0,178.518,7.749,179.758,-18.12,20.68,148.03,-17.83,-7.18,174.39,54.153,53.556,-17.4164,6.1034,392.92,193.53,-20.3625,5.5695,,,0.24712,0
41.8298,15,6,1,2,251.25,194.50,dwell,286.60,235.42,54.07,1,178.715,7.817,179.788,-18.11,20.71,148.03,-17.76,-6.61,174.55,54.163,53.409,-18.3698,0.4224,286.60,235.42,-19.4658,3.2533,,,0.22558,0
41.9432,15,6,1,2,251.25,194.50,dwell,420.18,295.62,196.88,0,178.705,7.864,179.791,-18.08,20.74,148.04,-17.80,-7.30,174.30,53.813,53.655,-21.5856,6.8198,420.18,295.62,-20.4197,4.8582,,,0.19575,0
42.0345,15,6,1,2,251.25,194.50,dwell,262.69,91.20,103.93,0,178.710,7.857,179.811,-18.19,20.79,148.10,-17.92,-7.59,173.96,53.881,53.762,-13.8594,-0.8916,262.69,91.20,-17.4676,2.2708,,,0.21782,0
42.1295,15,6,1,2,251.25,194.50,dwell,340.01,158.91,95.63,0,178.827,8.001,179.811,-18.16,20.72,147.97,-17.12,-8.14,174.86,53.897,53.910,-15.8814,3.2922,340.01,158.91,-16.7538,2.7304,,,0.22667,0
42.2379,15,6,1,2,251.25,194.50,dwell,266.89,211.88,23.38,1,179.063,7.882,179.826,-18.18,20.59,147.64,-17.03,-8.01,173.77,53.552,54.179,-17.3305,-0.2506,266.89,211.88,-17.0133,1.3889,,,0.19779,0
42.3242,15,6,1,2,251.25,194.50,dwell,298.34,89.11,115.43,0,179.088,7.952,179.806,-18.32,20.58,147.81,-18.02,-7.31,173.78,53.982,54.430,-13.0076,0.9485,298.34,89.11,-15.2108,1.1908,,,0.24819,0
42.4166,15,6,1,2,251.25,194.50,dwell,398.63,78.19,187.75,0,179.216,8.074,179.817,-18.27,20.62,147.63,-17.57,-8.09,173.62,53.977,54.852,-13.2139,5.3987,398.63,78.19,-14.3122,3.0844,,,0.20879,0
42.5251,15,6,1,2,251.25,194.50,dwell,302.65,70.96,133.81,0,179.179,7.967,179.817,-18.29,20.53,147.65,-18.21,-8.30,174.35,53.700,54.720,-11.9392,1.6905,302.65,70.96,-13.2444,2.4571,,,0.22588,0
42.6175,15,6,1,2,251.25,194.50,dwell,339.23,88.23,137.96,0,179.145,7.921,179.794,-18.35,20.49,147.80,-17.94,-8.06,174.05,53.512,54.551,-13.5107,2.7112,339.23,88.23,-13.3642,2.5714,,,0.24927,0
42.7228,15,6,1,2,251.25,194.50,capture,308.89,90.15,119.21,0,179.143,7.921,179.792,-18.36,20.39,147.88,-18.52,-8.32,174.16,53.445,54.108,-12.7015,1.5718,308.89,90.15,-13.0660,2.1216,,,0.21861,0
42.8376,15,6,1,2,251.25,194.50,capture,310.37,67.79,139.82,0,179.256,7.710,179.790,-18.44,20.49,148.05,-17.80,-8.22,174.57,53.250,54.309,-12.6127,1.8084,310.37,67.79,-12.8620,1.9807,,,0.18683,0
42.9417,15,6,1,2,251.25,194.50,capture,320.58,75.70,137.55,0,179.059,7.765,179.819,-18.36,20.64,147.94,-17.46,-7.77,174.28,53.355,54.354,-13.0492,1.7758,320.58,75.70,-12.9462,1.8885,,,0.20807,0
43.0406,15,6,1,2,251.25,194.50,capture,336.60,66.04,154.23,0,179.102,7.903,179.795,-18.52,20.49,147.86,-18.25,-8.27,174.22,53.334,54.180,-12.0406,2.9891,336.60,66.04,-12.5387,2.3837,,,0.19806,0
43.1325,15,6,1,2,251.25,194.50,capture,325.40,78.53,137.65,0,179.073,7.770,179.771,-18.48,20.50,147.78,-18.48,-7.46,174.70,53.275,53.972,-12.3360,2.3606,325.40,78.53,-12.4475,2.3733,,,0.18763,0
43.2148,15,6,1,2,251.25,194.50,capture,330.03,68.04,148.99,0,178.959,7.689,179.751,-18.31,20.49,147.81,-17.49,-7.71,174.31,53.392,54.217,-12.0411,2.2046,330.03,68.04,-12.2646,2.2974,,,0.21386,0
43.3088,15,6,1,2,251.25,194.50,capture,321.96,90.04,126.14,0,178.918,7.706,179.768,-18.26,20.51,147.86,-17.72,-7.84,174.48,53.628,54.427,-14.1983,2.3447,321.96,90.04,-13.1348,2.3187,,,0.20859,0
43.3979,15,6,1,2,251.25,194.50,capture,316.21,60.27,149.12,0,178.944,7.631,179.776,-18.39,20.43,147.74,-18.01,-7.92,173.85,53.709,54.367,-12.1339,2.0502,316.21,60.27,-12.6844,2.1979,,,0.19556,0
43.5186,15,6,1,2,251.25,194.50,capture,300.45,60.67,142.59,0,178.952,7.635,179.805,-18.45,20.49,147.70,-18.22,-8.50,174.47,53.420,54.446,-12.2124,0.8513,300.45,60.67,-12.4720,1.5919,,,0.21238,0
43.6006,15,6,1,2,251.25,194.50,capture,306.43,85.71,121.98,0,178.864,7.667,179.833,-18.46,20.68,147.73,-18.14,-8.26,173.66,53.179,54.515,-13.1269,0.8220,306.43,85.71,-12.7667,1.2454,,,0.20505,0
43.6992,15,6,1,2,251.25,194.50,capture,321.89,78.17,136.10,0,178.935,7.637,179.813,-18.54,20.72,147.69,-18.27,-7.81,173.40,52.791,54.189,-12.1211,1.1897,321.89,78.17,-12.4762,1.2204,,,0.19045,0
43.7894,15,6,1,2,251.25,194.50,capture,309.07,61.38,145.13,0,178.777,7.803,179.788,-18.56,20.68,147.75,-17.98,-8.00,174.39,52.429,54.395,-12.1833,1.9634,309.07,61.38,-12.3444,1.5547,,,0.17610,0
43.8714,15,6,1,2,251.25,194.50,capture,327.38,93.86,126.19,0,178.586,7.861,179.791,-18.47,20.59,147.71,-18.48,-7.83,174.09,52.743,54.346,-13.0952,2.4155,327.38,93.86,-12.6822,1.9421,,,0.18946,0
43.9570,15,6,1,2,251.25,194.50,capture,331.03,76.02,142.84,0,178.678,7.949,179.782,-18.45,20.38,147.98,-17.95,-8.21,173.78,52.898,54.195,-11.7672,2.4209,331.03,76.02,-12.2705,2.1575,,,0.20764,0
44.0390,15,6,1,2,251.25,194.50,capture,323.95,70.38,143.84,0,178.651,7.822,179.771,-18.45,20.51,148.25,-17.94,-8.21,174.41,52.811,54.151,-12.9399,2.2175,323.95,70.38,-12.5717,2.1845,,,0.20104,0
44.1263,15,6,1,2,251.25,194.50,capture,325.14,61.46,152.18,0,178.741,7.794,179.791,-18.47,20.49,148.55,-18.19,-6.95,175.41,52.808,54.184,-12.2775,2.2843,325.14,61.46,-12.4393,2.2294,,,0.17424,0
44.2092,15,6,1,2,251.25,194.50,capture,323.93,61.59,151.48,0,178.749,7.785,179.798,-18.45,20.60,148.51,-18.14,-7.29,175.29,53.281,54.683,-12.6811,1.7492,323.93,61.59,-12.5481,2.0133,,,0.19750,0
44.3280,15,6,1,2,251.25,194.50,capture,315.69,58.66,150.35,0,178.695,7.828,179.814,-18.41,20.53,148.50,-17.78,-8.00,174.97,53.181,54.666,-11.0984,1.5674,315.69,58.66,-11.8957,1.8127,,,0.20138,0
44.4232,15,6,1,2,251.25,194.50,capture,305.74,66.10,139.48,0,178.781,7.683,179.820,-18.35,20.44,148.86,-18.10,-7.90,175.53,53.444,54.673,-11.9691,1.0487,305.74,66.10,-11.9287,1.4689,,,0.18028,0
44.5362,15,6,1,2,251.25,194.50,capture,348.88,54.64,170.57,0,178.830,7.669,179.831,-18.41,20.44,148.53,-17.79,-8.10,175.17,53.086,54.427,-11.7115,3.3645,348.88,54.64,-11.8310,2.3219,,,0.20885,0
44.7271,16,15,3,3,351.75,453.83,dwell,290.00,90.78,368.27,0,179.002,7.651,179.856,-18.42,20.34,148.44,-18.06,-9.12,174.80,53.557,54.126,-13.5097,1.0690,290.00,90.78,-13.5097,1.0690,,,0.19038,0
44.8435,16,15,3,3,351.75,453.83,dwell,364.57,202.85,251.31,0,179.018,7.709,179.887,-18.45,20.45,148.08,-18.00,-7.75,174.45,53.537,54.170,-18.0482,4.4333,364.57,202.85,-15.5520,2.5830,,,0.20400,0
44.9575,16,15,3,3,351.75,453.83,dwell,402.72,297.08,164.83,0,179.045,7.888,179.889,-18.34,20.41,148.38,-18.01,-7.88,175.14,53.423,54.335,-22.8770,5.8479,402.72,297.08,-18.8483,4.0522,,,0.24027,0
45.0525,16,15,3,3,351.75,453.83,dwell,426.11,218.34,246.95,0,178.982,7.901,179.894,-18.36,20.50,148.44,-18.10,-8.15,174.89,53.360,54.048,-18.4049,7.4419,426.11,218.34,-18.6488,5.5775,,,0.21646,0
45.1569,16,15,3,3,351.75,453.83,dwell,356.74,119.94,333.93,0,178.954,8.032,179.897,-18.38,20.41,148.48,-17.43,-8.18,174.87,53.411,54.013,-14.4355,3.4011,356.74,119.94,-16.7528,4.5981,,,0.21161,0
45.2482,16,15,3,3,351.75,453.83,dwell,373.99,186.45,268.31,0,178.919,7.995,179.868,-18.52,20.32,148.30,-17.77,-8.47,174.94,53.801,53.993,-17.6791,4.4725,373.99,186.45,-17.1696,4.5416,,,0.21130,0
45.3573,16,15,3,3,351.75,453.83,dwell,435.65,206.07,261.58,0,178.808,8.142,179.832,-18.54,20.33,147.97,-18.03,-7.60,174.38,53.535,54.013,-17.5212,7.7441,435.65,206.07,-17.3279,5.9827,,,0.18761,0
45.4452,16,15,3,3,351.75,453.83,dwell,359.40,206.58,247.37,0,178.895,8.123,179.837,-18.55,20.36,147.87,-17.89,-8.13,174.23,53.631,53.906,-17.9732,4.1323,359.40,206.58,-17.6182,5.1500,,,0.20289,0
45.5430,16,15,3,3,351.75,453.83,dwell,395.27,250.90,207.55,0,178.909,8.174,179.833,-18.41,20.46,147.60,-18.41,-7.88,173.41,53.684,54.165,-19.2735,6.2077,395.27,250.90,-18.3631,5.6260,,,0.19464,0
45.6403,16,15,3,3,351.75,453.83,dwell,372.28,291.21,163.91,0,179.015,8.092,179.812,-18.34,20.22,147.50,-18.27,-8.35,173.63,54.003,54.503,-20.5826,4.2505,372.28,291.21,-19.3619,5.0070,,,0.22066,0
45.7386,16,15,3,3,351.75,453.83,capture,386.39,320.62,137.64,0,179.007,8.043,179.846,-18.23,20.19,147.38,-17.98,-7.87,173.78,53.866,54.274,-23.0456,5.5827,386.39,320.62,-21.0196,5.2661,,,0.20293,0
45.8393,16,15,3,3,351.75,453.83,capture,383.69,324.84,132.89,0,178.955,8.025,179.824,-18.10,20.36,147.36,-17.61,-7.87,173.67,53.787,54.168,-22.6316,5.3018,383.69,324.84,-21.7450,5.2822,,,0.22057,0
45.9265,16,15,3,3,351.75,453.83,capture,364.01,321.89,132.51,0,178.843,8.156,179.807,-18.15,20.47,147.34,-17.74,-7.59,173.48,54.317,54.059,-22.9429,4.3466,364.01,321.89,-22.2840,4.8612,,,0.20647,0
46.0326,16,15,3,3,351.75,453.83,capture,367.42,305.17,149.49,0,178.765,8.126,179.797,-18.10,20.68,147.30,-17.16,-7.79,173.37,53.909,54.180,-21.4814,4.4849,367.42,305.17,-21.9229,4.6919,,,0.21323,0
46.1283,16,15,3,3,351.75,453.83,capture,369.53,314.27,140.69,0,178.777,8.101,179.810,-18.08,20.79,147.11,-17.95,-8.19,173.50,53.917,54.494,-21.5984,4.0036,369.53,314.27,-21.7769,4.3821,,,0.22290,0
46.2231,16,15,3,3,351.75,453.83,capture,383.57,310.78,146.55,0,178.719,8.018,179.803,-18.11,20.85,147.22,-18.41,-7.75,173.59,54.202,54.629,-22.6010,5.2646,383.57,310.78,-22.1477,4.7793,,,0.23969,0
46.3208,16,15,3,3,351.75,453.83,capture,384.80,314.18,143.51,0,178.746,8.258,179.761,-18.11,20.83,147.11,-17.81,-7.39,173.68,53.794,54.551,-21.3598,5.3340,384.80,314.18,-21.7932,5.0289,,,0.21630,0
46.4298,16,15,3,3,351.75,453.83,capture,397.47,287.71,172.30,0,178.612,8.275,179.774,-18.08,20.96,147.02,-17.75,-7.48,173.37,53.880,54.351,-20.5586,5.3940,397.47,287.71,-21.2376,5.1932,,,0.22113,0
46.5305,16,15,3,3,351.75,453.83,capture,388.53,311.75,146.77,0,178.729,8.292,179.811,-18.16,20.99,147.11,-17.60,-7.19,173.50,54.106,54.514,-21.7135,5.6457,388.53,311.75,-21.4517,5.3968,,,0.23156,0
46.6125,16,15,3,3,351.75,453.83,capture,376.14,317.85,138.15,0,178.724,8.438,179.805,-18.18,20.89,147.19,-17.40,-7.60,173.53,54.347,54.736,-21.6796,4.8388,376.14,317.85,-21.5543,5.1457,,,0.21890,0
46.6957,16,15,3,3,351.75,453.83,capture,368.20,312.89,141.90,0,178.783,8.301,179.799,-18.26,20.97,147.26,-17.76,-7.57,173.35,54.427,54.584,-22.3046,4.5117,368.20,312.89,-21.8919,4.8604,,,0.21408,0
46.7879,16,15,3,3,351.75,453.83,capture,379.18,319.80,136.81,0,178.849,8.231,179.778,-18.35,21.24,147.16,-18.25,-6.89,173.10,54.353,54.490,-22.1208,4.6544,379.18,319.80,-21.9949,4.7677,,,0.25387,0
46.8961,16,15,3,3,351.75,453.83,capture,383.33,302.47,154.62,0,178.949,8.272,179.768,-18.31,21.32,147.31,-18.48,-8.00,173.26,54.792,54.303,-21.8351,4.7055,383.33,302.47,-21.9230,4.7397,,,0.24783,0
46.9817,16,15,3,3,351.75,453.83,capture,391.97,314.52,145.00,0,178.795,8.135,179.751,-18.24,21.18,147.62,-17.69,-7.30,174.13,54.561,54.395,-22.2785,5.3553,391.97,314.52,-22.0830,5.0167,,,0.24729,0
47.0807,16,15,3,3,351.75,453.83,capture,396.19,329.23,132.29,0,178.787,8.234,179.752,-18.35,21.24,147.25,-17.51,-8.70,173.31,54.481,53.721,-22.6861,5.4673,396.19,329.23,-22.3544,5.2195,,,0.25665,0
47.1760,16,15,3,3,351.75,453.83,capture,388.40,305.34,152.95,0,178.806,8.207,179.786,-18.44,20.97,147.19,-17.75,-7.80,173.25,54.557,53.984,-21.8192,5.0743,388.40,305.34,-22.1136,5.1541,,,0.23924,0
47.2912,16,15,3,3,351.75,453.83,capture,388.13,298.46,159.58,0,178.765,8.154,179.778,-18.39,20.91,147.28,-17.56,-7.30,173.23,54.607,54.172,-20.7152,4.6304,388.13,298.46,-21.4843,4.9184,,,0.25591,0
47.3832,16,15,3,3,351.75,453.83,capture,380.19,301.66,154.81,0,178.896,8.110,179.796,-18.45,20.73,147.42,-18.39,-6.55,173.53,54.583,53.983,-21.8874,5.1395,380.19,301.66,-21.6657,5.0179,,,0.24901,0
47.4882,16,15,3,3,351.75,453.83,capture,395.88,291.57,168.16,0,178.994,8.086,179.832,-18.60,20.69,147.45,-18.27,-7.16,173.97,54.402,54.339,-21.3486,5.0136,395.88,291.57,-21.5230,5.0160,,,0.23836,0
47.6847,17,16,4,0,50.25,583.50,dwell,435.79,200.35,543.55,0,178.945,8.112,179.849,-18.46,20.76,147.58,-18.19,-7.59,173.57,54.308,54.660,-17.7312,7.4023,435.79,200.35,-17.7312,7.4023,,,0.24254,0
47.7721,17,16,4,0,50.25,583.50,dwell,297.65,281.45,390.44,0,178.941,8.173,179.867,-18.49,20.71,147.56,-18.09,-8.08,173.71,54.574,55.109,-19.9463,1.1265,297.65,281.45,-18.7280,4.5782,,,0.23117,0
47.8839,17,16,4,0,50.25,583.50,dwell,273.19,331.58,336.40,0,178.871,8.163,179.868,-18.52,20.58,147.59,-18.61,-8.50,174.11,54.351,55.110,-23.2985,0.0842,273.19,331.58,-20.7847,2.5559,,,0.23420,0
47.9813,17,16,4,0,50.25,583.50,dwell,109.94,417.99,175.94,0,178.972,8.165,179.846,-18.45,20.52,147.66,-18.12,-8.85,173.73,54.395,55.059,-27.0990,-7.3947,109.94,417.99,-23.6262,-1.9219,,,0.21294,0
48.0785,17,16,4,0,50.25,583.50,dwell,222.54,394.09,256.05,0,178.894,8.173,179.810,-18.38,20.41,147.86,-17.38,-8.25,173.79,54.107,54.583,-25.6280,-2.3612,222.54,394.09,-24.5270,-2.1196,,,0.22225,0
48.1939,17,16,4,0,50.25,583.50,dwell,87.01,423.21,164.45,0,178.970,8.307,179.812,-18.42,20.54,147.91,-17.77,-7.81,174.22,53.992,54.338,-25.2118,-9.0590,87.01,423.21,-24.8351,-5.2423,,,0.23502,0
48.2906,17,16,4,0,50.25,583.50,dwell,98.53,446.61,145.15,0,178.827,8.223,179.836,-18.40,20.57,147.95,-18.25,-6.74,174.74,53.878,54.427,-27.7220,-7.6742,98.53,446.61,-26.1342,-6.3366,,,0.19580,0
48.3804,17,16,4,0,50.25,583.50,dwell,42.29,360.70,222.94,0,178.953,8.337,179.825,-18.48,20.63,147.95,-17.97,-8.12,174.18,53.801,54.573,-23.7133,-11.3406,42.29,360.70,-25.0448,-8.5884,,,0.22436,0
48.5065,17,16,4,0,50.25,583.50,dwell,25.29,440.58,145.08,0,178.914,8.272,179.810,-18.36,20.41,147.76,-17.82,-7.81,174.00,54.374,54.768,-27.4320,-11.6608,25.29,440.58,-26.1191,-9.9710,,,0.21309,0
48.5894,17,16,4,0,50.25,583.50,dwell,-9.23,455.87,140.81,0,178.943,8.353,179.786,-18.29,20.58,147.79,-17.75,-7.75,174.37,54.131,54.709,-26.8435,-13.1061,-9.23,455.87,-26.4450,-11.3818,,,0.24377,0
48.7039,17,16,4,0,50.25,583.50,capture,-4.86,437.66,155.91,0,178.945,8.337,179.766,-18.26,20.76,147.63,-17.69,-7.78,174.16,53.812,55.435,-25.9893,-13.2107,-4.86,437.66,-26.2400,-12.2048,,,0.23908,0
48.7899,17,16,4,0,50.25,583.50,capture,3.57,454.20,137.47,0,179.038,8.377,179.761,-18.21,20.92,147.53,-17.24,-8.15,173.57,54.092,55.285,-27.9538,-12.5063,3.57,454.20,-27.0112,-12.3405,,,0.21947,0
48.8840,17,16,4,0,50.25,583.50,capture,-7.12,430.39,163.51,0,179.002,8.404,179.754,-18.29,20.86,147.41,-18.39,-7.58,173.63,54.366,55.348,-26.2259,-12.5406,-7.12,430.39,-26.6578,-12.4305,,,0.23043,0
48.9774,17,16,4,0,50.25,583.50,capture,-4.50,431.94,161.15,0,178.898,8.259,179.785,-18.23,20.88,147.35,-17.48,-7.82,173.35,54.037,55.404,-26.7200,-13.8695,-4.50,431.94,-26.6858,-13.0781,,,0.21145,0
49.0733,17,16,4,0,50.25,583.50,capture,-10.97,467.22,131.41,0,178.967,8.248,179.843,-18.19,21.10,147.51,-17.71,-8.21,173.91,54.048,54.956,-27.7773,-13.7177,-10.97,467.22,-27.1770,-13.3659,,,0.21707,0
49.1839,17,16,4,0,50.25,583.50,capture,-35.46,482.75,132.28,0,179.096,8.487,179.834,-18.13,21.23,147.38,-17.77,-6.86,173.79,53.779,54.520,-28.1847,-14.2140,-35.46,482.75,-27.6305,-13.7475,,,0.19725,0
49.2756,17,16,4,0,50.25,583.50,capture,-12.63,460.06,138.53,0,178.946,8.446,179.841,-18.27,21.02,147.44,-18.02,-7.95,173.38,53.654,54.067,-26.9616,-13.5726,-12.63,460.06,-27.3295,-13.6688,,,0.23792,0
49.3865,17,16,4,0,50.25,583.50,capture,-26.55,464.27,141.82,0,178.991,8.450,179.853,-18.22,20.83,147.39,-17.41,-6.93,173.51,53.765,54.072,-27.8036,-13.7572,-26.55,464.27,-27.5428,-13.7086,,,0.22767,0
49.4883,17,16,4,0,50.25,583.50,capture,-3.82,472.36,123.59,0,179.005,8.410,179.855,-18.23,20.81,147.52,-17.57,-7.72,174.13,53.853,54.409,-27.6647,-12.4970,-3.82,472.36,-27.5977,-13.1634,,,0.24023,0
49.6118,17,16,4,0,50.25,583.50,capture,-32.46,460.48,148.24,0,178.891,8.361,179.865,-18.28,20.84,147.38,-17.80,-7.43,173.46,54.214,54.129,-28.3256,-14.4171,-32.46,460.48,-27.9252,-13.7276,,,0.22122,0
49.7173,17,16,4,0,50.25,583.50,capture,-2.79,440.83,152.21,0,179.019,8.273,179.896,-18.35,20.70,147.40,-17.59,-7.45,173.16,54.101,54.100,-26.0518,-12.7934,-2.79,440.83,-27.0822,-13.3072,,,0.21489,0
49.8065,17,16,4,0,50.25,583.50,capture,-6.17,442.47,151.90,0,178.987,8.341,179.920,-18.30,20.69,147.31,-17.72,-7.36,173.42,54.174,54.379,-27.6162,-12.8110,-6.17,442.47,-27.3225,-13.0839,,,0.21463,0
49.9007,17,16,4,0,50.25,583.50,capture,-33.90,442.70,164.03,0,179.032,8.215,179.897,-18.40,20.70,146.93,-17.68,-7.56,172.58,54.281,54.477,-26.7194,-14.2721,-33.90,442.70,-27.0511,-13.6186,,,0.23364,0
50.0023,17,16,4,0,50.25,583.50,capture,-20.36,427.99,170.79,0,179.014,8.251,179.865,-18.42,20.69,147.21,-17.41,-8.31,173.14,54.246,54.583,-27.4080,-13.8959,-20.36,427.99,-27.2117,-13.7434,,,0.23683,0
50.0999,17,16,4,0,50.25,583.50,capture,-8.63,439.91,155.19,0,179.017,8.375,179.846,-18.34,20.80,147.25,-17.73,-7.66,173.67,53.961,54.582,-27.5832,-12.7796,-8.63,439.91,-27.3789,-13.3097,,,0.22425,0
50.1889,17,16,4,0,50.25,583.50,capture,-17.89,471.58,131.03,0,179.036,8.406,179.846,-18.37,21.12,147.41,-18.15,-7.46,172.96,54.201,54.584,-28.3383,-13.5877,-17.89,471.58,-27.8106,-13.4348,,,0.21783,0
50.2735,17,16,4,0,50.25,583.50,capture,-19.02,448.85,151.42,0,179.013,8.421,179.844,-18.26,21.14,147.30,-17.80,-6.63,173.16,53.953,54.539,-28.2067,-13.2625,-19.02,448.85,-27.9889,-13.3573,,,0.24621,0
50.3785,17,16,4,0,50.25,583.50,capture,-6.64,432.98,160.91,0,178.949,8.369,179.814,-18.38,21.14,147.42,-18.39,-8.10,173.89,53.956,54.498,-25.7848,-13.6341,-6.64,432.98,-26.9970,-13.4818,,,0.22069,0
50.4858,17,16,4,0,50.25,583.50,capture,-48.98,446.73,168.98,0,178.964,8.547,179.824,-18.34,21.16,147.39,-17.92,-7.79,173.31,53.864,54.650,-27.5510,-15.3222,-48.98,446.73,-27.2463,-14.3100,,,0.20480,0
50.5685,17,16,4,0,50.25,583.50,capture,-59.61,468.43,159.09,0,178.887,8.628,179.831,-18.38,21.08,147.56,-18.41,-7.79,174.08,53.545,54.425,-27.8823,-16.2266,-59.61,468.43,-27.5325,-15.1725,,,0.22632,0
50.7461,18,2,0,2,251.25,64.83,dwell,29.18,442.82,438.39,0,178.903,8.642,179.855,-18.42,20.84,147.60,-17.85,-7.91,174.15,53.306,54.493,-28.2246,-11.2764,29.18,442.82,-28.2246,-11.2764,,,0.21649,0
50.8281,18,2,0,2,251.25,64.83,dwell,-3.79,420.96,438.03,0,178.969,8.508,179.838,-18.25,20.77,147.76,-17.34,-8.07,174.33,53.040,54.281,-26.6311,-12.4022,-3.79,420.96,-27.5075,-11.7830,,,0.18719,0
50.9239,18,2,0,2,251.25,64.83,dwell,95.81,325.87,303.81,0,178.875,8.241,179.844,-18.25,20.75,147.61,-18.16,-7.74,173.48,53.080,54.196,-23.3455,-8.5021,95.81,325.87,-25.6346,-10.3066,,,0.20434,0
51.0176,18,2,0,2,251.25,64.83,dwell,107.84,327.23,299.03,0,179.012,8.161,179.867,-18.23,20.74,147.55,-17.75,-7.72,173.76,53.626,54.322,-22.7965,-7.9310,107.84,327.23,-24.3574,-9.2376,,,0.18647,0
51.1101,18,2,0,2,251.25,64.83,dwell,125.03,252.22,225.93,0,179.049,8.165,179.875,-18.20,20.79,147.45,-18.11,-7.43,173.45,53.137,54.594,-19.7854,-6.9254,125.03,252.22,-22.3000,-8.1971,,,0.20308,0
51.1921,18,2,0,2,251.25,64.83,dwell,173.03,106.65,88.70,0,178.797,7.990,179.872,-18.35,20.69,147.23,-18.10,-7.43,173.34,53.076,54.326,-12.9541,-4.4357,173.03,106.65,-18.0944,-6.5045,,,0.20404,0
51.3051,18,2,0,2,251.25,64.83,dwell,198.36,183.69,130.09,0,178.827,7.959,179.842,-18.35,20.73,147.16,-17.82,-7.97,173.04,53.202,54.096,-16.7832,-3.6649,198.36,183.69,-17.5044,-5.2266,,,0.18837,0
51.3887,18,2,0,2,251.25,64.83,dwell,216.32,141.38,84.14,0,178.964,7.877,179.837,-18.45,20.68,147.28,-18.48,-7.57,173.36,53.303,54.278,-14.7023,-2.7935,216.32,141.38,-16.2434,-4.1317,,,0.21084,0
51.4786,18,2,0,2,251.25,64.83,capture,262.02,141.15,77.07,0,178.989,7.887,179.868,-18.52,20.62,147.31,-17.71,-7.34,173.88,53.574,53.415,-15.7312,-0.9618,262.02,141.15,-16.0129,-2.7053,,,0.19415,0
51.5606,18,2,0,2,251.25,64.83,capture,245.95,118.80,54.23,1,178.966,7.971,179.869,-18.43,20.44,147.30,-17.94,-7.79,173.38,53.697,53.603,-13.5980,-2.0990,245.95,118.80,-14.9262,-2.4324,,,0.20235,0
51.6606,18,2,0,2,251.25,64.83,capture,266.81,135.30,72.16,0,179.031,7.732,179.862,-18.54,20.46,147.51,-18.71,-7.84,173.27,53.797,53.653,-14.4156,0.0036,266.81,135.30,-14.6964,-1.3362,,,0.21331,0
51.7622,18,2,0,2,251.25,64.83,capture,286.38,146.17,88.60,0,178.960,7.652,179.835,-18.63,20.37,147.46,-18.32,-8.75,173.54,54.012,54.219,-15.8231,0.4837,286.38,146.17,-15.2034,-0.5173,,,0.23390,0
51.8720,18,2,0,2,251.25,64.83,capture,251.00,132.15,67.32,0,178.915,7.659,179.818,-18.50,20.44,147.63,-18.54,-7.79,173.58,53.636,54.239,-15.4337,-0.9531,251.00,132.15,-15.3070,-0.7134,,,0.19965,0
51.9548,18,2,0,2,251.25,64.83,capture,271.41,113.80,52.95,1,178.874,7.574,179.819,-18.36,20.42,147.98,-17.67,-8.31,173.87,53.620,54.447,-14.5287,-0.4025,271.41,113.80,-14.9568,-0.5735,,,0.21019,0
52.0660,18,2,0,2,251.25,64.83,capture,264.47,144.37,80.63,0,178.801,7.527,179.821,-18.29,20.73,147.94,-17.91,-7.86,174.35,53.541,54.299,-15.5547,0.0856,264.47,144.37,-15.2259,-0.2769,,,0.22335,0
52.1795,18,2,0,2,251.25,64.83,capture,286.11,152.66,94.49,0,178.790,7.563,179.845,-18.36,20.66,147.89,-17.89,-7.03,174.40,53.647,54.110,-15.7153,1.1140,286.11,152.66,-15.4461,0.3490,,,0.24224,0
52.2615,18,2,0,2,251.25,64.83,capture,268.79,132.86,70.25,0,178.841,7.466,179.836,-18.26,20.77,147.81,-17.11,-7.29,174.07,53.716,54.630,-15.7383,0.0024,268.79,132.86,-15.5776,0.1930,,,0.21948,0
52.3435,18,2,0,2,251.25,64.83,capture,281.65,143.79,84.61,0,178.673,7.586,179.822,-18.25,20.80,147.72,-18.08,-8.20,174.26,53.471,54.308,-16.3464,0.0058,281.65,143.79,-15.9235,0.1088,,,0.21222,0
52.4255,18,2,0,2,251.25,64.83,capture,263.96,139.04,75.29,0,178.670,7.601,179.836,-18.26,20.73,147.74,-17.45,-7.31,174.35,53.267,54.394,-14.9108,-0.0687,263.96,139.04,-15.4678,0.0289,,,0.20535,0
52.5281,18,2,0,2,251.25,64.83,capture,253.82,133.60,68.81,0,178.774,7.709,179.820,-18.17,20.64,147.80,-17.75,-7.84,173.71,53.350,54.734,-15.5331,-0.5690,253.82,133.60,-15.4972,-0.2401,,,0.19602,0
52.6320,18,2,0,2,251.25,64.83,capture,236.12,150.58,87.07,0,178.648,7.705,179.819,-18.16,20.76,147.69,-17.85,-7.85,174.10,53.137,54.537,-15.6501,-2.1420,236.12,150.58,-15.5660,-1.0960,,,0.19498,0
52.7140,18,2,0,2,251.25,64.83,capture,233.32,111.86,50.33,1,178.800,7.809,179.802,-18.26,20.86,147.52,-17.64,-8.02,173.97,53.272,54.633,-14.1038,-2.7727,233.32,111.86,-14.9080,-1.8505,,,0.19888,0
52.8228,18,2,0,2,251.25,64.83,capture,257.49,147.05,82.45,0,178.831,7.674,179.820,-18.19,20.93,147.38,-17.53,-8.04,173.55,53.704,54.370,-16.0899,-1.0435,257.49,147.05,-15.4399,-1.4873,,,0.22238,0
52.9275,18,2,0,2,251.25,64.83,capture,261.48,142.65,78.49,0,178.851,7.641,179.826,-18.23,20.68,147.35,-17.60,-8.05,173.43,53.357,54.442,-15.4172,-0.8629,261.48,142.65,-15.4297,-1.2063,,,0.20064,0
53.0178,18,2,0,2,251.25,64.83,capture,264.78,123.53,60.24,1,178.843,7.662,179.846,-18.26,20.43,147.26,-18.24,-7.89,173.51,53.500,53.880,-14.2495,-0.7980,264.78,123.53,-14.8986,-1.0226,,,0.21752,0
53.1259,18,2,0,2,251.25,64.83,capture,245.49,160.43,95.77,0,178.831,7.519,179.842,-18.16,20.42,147.38,-18.28,-8.76,173.73,53.781,53.854,-15.7667,-0.9803,245.49,160.43,-15.2892,-1.0035,,,0.21913,0
53.2267,18,2,0,2,251.25,64.83,capture,265.02,136.40,72.88,0,178.823,7.394,179.837,-18.03,20.48,147.57,-17.47,-7.95,173.87,53.689,53.761,-14.8921,-0.3746,265.02,136.40,-15.1105,-0.7205,,,0.22441,0
53.3290,18,2,0,2,251.25,64.83,capture,256.54,133.01,68.38,0,178.867,7.334,179.809,-18.03,20.81,147.57,-17.43,-7.68,173.77,53.693,54.015,-14.6869,-1.2424,256.54,133.01,-14.9199,-0.9554,,,0.21906,0
53.5046,19,14,3,2,251.25,453.83,dwell,333.18,295.72,178.08,0,178.899,7.485,179.810,-18.17,20.72,147.75,-17.26,-8.14,174.20,53.322,53.732,-21.2631,3.3544,333.18,295.72,-21.2631,3.3544,,,0.20996,0
53.5957,19,14,3,2,251.25,453.83,dwell,258.92,231.65,222.32,0,178.939,7.726,179.815,-18.30,20.56,148.00,-18.52,-7.78,174.20,53.275,53.697,-19.1714,-1.0997,258.92,231.65,-20.3218,1.3501,,,0.18184,0
53.6967,19,14,3,2,251.25,453.83,dwell,176.51,275.31,193.54,0,178.939,7.896,179.821,-18.24,20.55,148.15,-17.58,-7.66,174.64,53.131,53.863,-19.7749,-4.1321,176.51,275.31,-20.0757,-1.1169,,,0.20788,0
53.7957,19,14,3,2,251.25,453.83,dwell,288.78,404.33,62.12,1,179.009,7.881,179.845,-18.22,20.50,148.06,-17.70,-8.86,174.19,53.175,53.958,-25.5982,0.8092,288.78,404.33,-22.5609,-0.2502,,,0.22179,0
53.8961,19,14,3,2,251.25,453.83,dwell,228.22,235.76,219.29,0,178.967,8.001,179.835,-18.18,20.64,147.86,-17.42,-7.79,174.09,53.115,53.968,-19.4638,-1.8708,228.22,235.76,-21.1672,-0.9794,,,0.16418,0
53.9993,19,14,3,2,251.25,453.83,dwell,204.34,403.29,68.96,1,178.925,8.073,179.822,-18.19,20.63,147.70,-17.70,-8.34,173.74,53.370,53.847,-25.3542,-2.8037,204.34,403.29,-23.0514,-1.8003,,,0.19573,0
54.1033,19,14,3,2,251.25,453.83,dwell,202.14,385.67,84.01,0,178.984,8.069,179.862,-18.20,20.72,147.64,-17.63,-8.68,174.13,53.184,53.772,-24.6380,-2.6896,202.14,385.67,-23.7654,-2.2005,,,0.18604,0
54.1853,19,14,3,2,251.25,453.83,dwell,184.78,482.42,72.36,0,178.962,8.059,179.809,-18.19,20.54,147.42,-17.69,-8.85,174.05,53.276,53.623,-27.8468,-3.2674,184.78,482.42,-25.6020,-2.6806,,,0.19632,0
54.2673,19,14,3,2,251.25,453.83,capture,199.68,482.16,58.84,0,178.892,8.019,179.809,-18.19,20.58,147.67,-17.07,-7.74,173.49,53.300,53.743,-28.6200,-3.4633,199.68,482.16,-26.9601,-3.0328,,,0.19031,0
54.3641,19,14,3,2,251.25,453.83,capture,199.67,453.11,51.59,0,178.797,8.037,179.816,-18.12,20.66,147.78,-17.53,-7.87,174.45,53.301,53.530,-27.3062,-3.1932,199.67,453.11,-27.1158,-3.1050,,,0.20222,0
54.4660,19,14,3,2,251.25,453.83,capture,200.04,461.84,51.83,0,178.772,8.033,179.816,-18.11,20.75,147.72,-17.30,-7.52,174.19,53.485,53.273,-28.3853,-3.8254,200.04,461.84,-27.6871,-3.4292,,,0.22598,0
54.5647,19,14,3,2,251.25,453.83,capture,197.57,497.51,69.20,0,178.861,7.983,179.813,-17.99,20.77,147.64,-18.23,-7.75,174.13,53.806,53.334,-29.4435,-3.6050,197.57,497.51,-28.4775,-3.5083,,,0.22069,0
54.6626,19,14,3,2,251.25,453.83,capture,199.96,492.95,64.50,0,178.941,7.974,179.808,-17.82,20.81,147.63,-17.57,-8.36,174.38,53.986,53.728,-29.2940,-4.1141,199.96,492.95,-28.8449,-3.7809,,,0.19703,0
54.7753,19,14,3,2,251.25,453.83,capture,224.03,465.59,29.65,1,178.877,7.982,179.783,-17.71,20.79,147.49,-17.19,-7.00,173.28,53.816,53.607,-28.6810,-2.1556,224.03,465.59,-28.7711,-3.0495,,,0.20670,0
54.8576,19,14,3,2,251.25,453.83,capture,182.04,474.17,72.14,0,178.871,7.961,179.792,-17.71,20.49,147.40,-17.94,-8.56,173.94,54.019,53.903,-29.1954,-4.8965,182.04,474.17,-28.9621,-3.8806,,,0.22364,0
54.9484,19,14,3,2,251.25,453.83,capture,230.58,503.49,53.79,1,178.966,7.975,179.787,-17.78,20.36,147.41,-17.27,-8.51,173.51,54.356,54.225,-29.9283,-1.7976,230.58,503.49,-29.3969,-2.9433,,,0.22975,0
55.0492,19,14,3,2,251.25,453.83,capture,206.32,457.62,45.09,1,178.905,7.983,179.860,-17.92,20.41,147.52,-17.35,-8.38,174.44,53.843,54.108,-28.2923,-2.9285,206.32,457.62,-28.8998,-2.9366,,,0.23240,0
55.1666,19,14,3,2,251.25,453.83,capture,224.70,462.70,27.99,1,178.985,7.958,179.893,-17.88,20.56,147.50,-17.63,-7.43,174.05,53.507,54.239,-29.2729,-2.5134,224.70,462.70,-29.0677,-2.7462,,,0.22699,0
55.2575,19,14,3,2,251.25,453.83,capture,189.55,486.95,70.03,0,178.976,8.011,179.886,-18.03,20.63,147.38,-17.69,-8.43,174.28,53.603,53.716,-28.5069,-4.6901,189.55,486.95,-28.8154,-3.6209,,,0.21486,0
55.3395,19,14,3,2,251.25,453.83,capture,199.17,471.64,55.04,0,179.047,7.970,179.876,-18.01,20.54,147.38,-17.68,-7.68,173.79,53.960,53.835,-28.3948,-3.8385,199.17,471.64,-28.6261,-3.7189,,,0.22675,0
55.4425,19,14,3,2,251.25,453.83,capture,186.60,483.65,71.19,0,179.034,8.065,179.843,-17.97,20.57,147.39,-17.68,-7.51,173.81,54.132,53.891,-28.5543,-4.0778,186.60,483.65,-28.5938,-3.8804,,,0.19806,0
55.5384,19,14,3,2,251.25,453.83,capture,209.46,469.24,44.54,1,178.980,8.165,179.865,-18.10,20.57,147.22,-17.41,-7.40,173.64,54.293,54.017,-28.9740,-3.1194,209.46,469.24,-28.7649,-3.5380,,,0.25388,0
55.6415,19,14,3,2,251.25,453.83,capture,198.62,450.43,52.74,0,178.977,8.256,179.826,-18.23,20.63,147.03,-17.91,-8.17,173.72,54.217,54.009,-26.7656,-3.4135,198.62,450.43,-27.8652,-3.4820,,,0.21437,0
55.7430,19,14,3,2,251.25,453.83,capture,210.14,485.40,51.83,1,178.831,8.321,179.839,-18.28,20.79,146.98,-17.79,-7.92,172.96,54.125,53.625,-29.3284,-3.3086,210.14,485.40,-28.5236,-3.4040,,,0.23093,0
55.8574,19,14,3,2,251.25,453.83,capture,227.49,467.71,27.52,1,178.826,8.458,179.831,-18.22,20.59,147.04,-18.17,-7.62,172.83,53.916,53.710,-28.1396,-1.5998,227.49,467.71,-28.3508,-2.5921,,,0.19709,0
55.9678,19,14,3,2,251.25,453.83,capture,213.91,467.09,39.62,1,178.947,8.435,179.845,-18.30,20.52,146.95,-18.23,-7.82,173.51,54.110,53.598,-28.2105,-3.0507,213.91,467.09,-28.2877,-2.7985,,,0.22705,0
56.1339,20,0,0,0,50.25,64.83,dwell,153.45,377.60,329.35,0,178.947,8.295,179.830,-18.34,20.66,147.03,-17.66,-8.47,172.75,54.470,53.580,-24.4386,-6.3434,153.45,377.60,-24.4386,-6.3434,,,0.21029,0
56.2213,20,0,0,0,50.25,64.83,dwell,216.25,341.07,322.28,0,179.080,8.243,179.846,-18.21,20.76,147.15,-17.47,-8.53,173.19,54.384,53.855,-22.3028,-2.6159,216.25,341.07,-23.4775,-4.6661,,,0.19086,0
56.3240,20,0,0,0,50.25,64.83,dwell,133.55,257.68,210.07,0,179.050,8.182,179.829,-18.16,20.74,146.91,-17.68,-7.61,172.90,54.568,53.952,-20.3791,-7.5359,133.55,257.68,-22.0832,-5.9575,,,0.25281,0
56.4195,20,0,0,0,50.25,64.83,dwell,139.52,60.23,89.39,0,179.048,8.079,179.834,-18.28,20.77,146.76,-17.11,-7.29,173.55,54.526,53.882,-12.6185,-6.1333,139.52,60.23,-17.8241,-6.0366,,,0.22849,0
56.5270,20,0,0,0,50.25,64.83,dwell,146.45,205.27,170.23,0,179.043,8.075,179.853,-18.23,20.61,146.80,-17.88,-8.16,173.18,54.211,53.858,-17.7942,-5.8150,146.45,205.27,-17.8106,-5.9369,,,0.23395,0
56.6167,20,0,0,0,50.25,64.83,dwell,153.15,65.50,102.90,0,179.012,8.157,179.829,-18.41,20.72,146.86,-17.69,-8.08,173.18,54.595,53.494,-11.9430,-5.2860,153.15,65.50,-15.1702,-5.6440,,,0.22975,0
56.7279,20,0,0,0,50.25,64.83,dwell,107.87,45.23,60.86,0,178.988,8.158,179.848,-18.44,20.69,147.02,-17.51,-8.15,173.54,54.463,53.382,-12.7307,-7.8152,107.87,45.23,-14.0724,-6.6210,,,0.21508,0
56.8099,20,0,0,0,50.25,64.83,dwell,127.80,-8.88,106.99,0,178.956,8.003,179.815,-18.44,20.56,147.03,-17.99,-8.49,172.46,54.339,53.923,-9.8201,-7.0172,127.80,-8.88,-12.1589,-6.7993,,,0.23561,0
56.9306,20,0,0,0,50.25,64.83,capture,127.85,-22.15,116.57,0,179.012,7.841,179.847,-18.33,20.39,147.21,-17.88,-8.32,173.28,54.027,53.853,-9.2629,-6.5301,127.85,-22.15,-10.8557,-6.6782,,,0.23361,0
57.0243,20,0,0,0,50.25,64.83,capture,92.74,-32.22,105.95,0,178.967,7.688,179.827,-18.30,20.36,147.12,-18.24,-6.99,173.72,53.824,53.843,-9.5751,-8.7586,92.74,-32.22,-10.2794,-7.6143,,,0.20170,0
57.1378,20,0,0,0,50.25,64.83,capture,100.73,-5.84,86.85,0,178.998,7.754,179.810,-18.32,20.29,147.08,-17.63,-8.34,173.17,54.183,54.062,-8.9016,-8.6448,100.73,-5.84,-9.6594,-8.0780,,,0.20375,0
57.2296,20,0,0,0,50.25,64.83,capture,128.69,-13.84,111.10,0,179.108,7.666,179.829,-18.51,20.25,147.06,-17.57,-8.79,173.01,54.059,53.910,-8.8962,-6.7996,128.69,-13.84,-9.3160,-7.5028,,,0.23822,0
57.3239,20,0,0,0,50.25,64.83,capture,125.21,-2.03,100.45,0,179.006,7.688,179.801,-18.31,20.32,147.32,-18.51,-9.18,173.16,54.165,54.041,-9.5366,-7.2396,125.21,-2.03,-9.4152,-7.3843,,,0.23478,0
57.4189,20,0,0,0,50.25,64.83,capture,111.36,-29.60,112.48,0,178.868,7.646,179.797,-18.14,20.13,147.31,-17.64,-9.35,173.63,54.012,54.233,-8.5783,-7.7332,111.36,-29.60,-9.0386,-7.5413,,,0.23744,0
57.5182,20,0,0,0,50.25,64.83,capture,127.13,-14.55,110.51,0,178.780,7.751,179.793,-18.22,20.17,147.23,-18.18,-8.88,173.24,54.027,53.466,-9.7111,-6.7596,127.13,-14.55,-9.3412,-7.1896,,,0.22647,0
57.6109,20,0,0,0,50.25,64.83,capture,139.08,-11.88,117.37,0,178.830,7.744,179.788,-18.28,20.20,147.33,-17.70,-8.68,173.43,53.914,54.058,-8.8958,-6.4474,139.08,-11.88,-9.1408,-6.8556,,,0.22427,0
57.7109,20,0,0,0,50.25,64.83,capture,120.51,-24.68,113.79,0,178.934,7.558,179.824,-18.22,20.30,147.55,-18.32,-8.47,174.05,53.568,53.874,-8.1391,-7.3817,120.51,-24.68,-8.6900,-7.0923,,,0.19965,0
57.8200,20,0,0,0,50.25,64.83,capture,127.19,-15.38,111.15,0,178.884,7.530,179.806,-18.20,20.56,147.67,-17.70,-8.17,174.00,53.569,53.900,-9.7117,-7.4840,127.19,-15.38,-9.1498,-7.2686,,,0.21270,0
57.9101,20,0,0,0,50.25,64.83,capture,115.59,-19.33,106.55,0,178.743,7.447,179.808,-18.04,20.69,147.76,-17.38,-8.92,174.14,53.932,54.313,-8.6256,-6.9578,115.59,-19.33,-8.9139,-7.1287,,,0.23792,0
58.0076,20,0,0,0,50.25,64.83,capture,118.12,-57.55,139.94,0,178.799,7.553,179.792,-18.16,20.84,147.56,-17.55,-7.69,173.85,53.712,54.733,-8.1844,-7.6535,118.12,-57.55,-8.5856,-7.3649,,,0.20399,0
58.1212,20,0,0,0,50.25,64.83,capture,123.50,-44.01,131.20,0,178.702,7.531,179.796,-18.15,20.71,147.68,-17.62,-7.22,174.26,53.392,54.918,-8.8618,-7.1491,123.50,-44.01,-8.7099,-7.2678,,,0.21141,0
58.2211,20,0,0,0,50.25,64.83,capture,130.25,-26.55,121.45,0,178.669,7.406,179.816,-18.26,20.85,147.86,-17.74,-7.51,174.23,53.319,55.015,-8.6261,-7.2720,130.25,-26.55,-8.6722,-7.2697,,,0.19870,0
58.3238,20,0,0,0,50.25,64.83,capture,125.72,-24.18,116.70,0,178.765,7.349,179.843,-18.37,20.72,147.88,-18.38,-7.35,174.14,53.173,55.129,-9.6436,-6.5340,125.72,-24.18,-9.1094,-6.9386,,,0.20211,0
58.4300,20,0,0,0,50.25,64.83,capture,129.18,-21.13,116.70,0,178.760,7.275,179.841,-18.36,20.59,147.92,-18.31,-7.87,173.93,53.334,55.077,-8.8282,-6.8702,129.18,-21.13,-8.9828,-6.9078,,,0.19204,0
58.5120,20,0,0,0,50.25,64.83,capture,123.38,-1.31,98.60,0,178.863,7.371,179.822,-18.33,20.55,148.04,-17.98,-7.41,174.77,53.284,54.808,-9.0760,-7.2348,123.38,-1.31,-9.0248,-7.0550,,,0.21157,0
58.6221,20,0,0,0,50.25,64.83,capture,110.45,-5.08,92.26,0,178.929,7.374,179.792,-18.39,20.57,147.90,-17.29,-7.71,174.19,53.415,54.687,-9.9429,-8.2199,110.45,-5.08,-9.4379,-7.5792,,,0.20715,0
58.7325,20,0,0,0,50.25,64.83,capture,92.49,-4.63,81.30,0,178.918,7.442,179.812,-18.38,20.53,147.94,-18.47,-8.00,174.22,53.607,54.633,-9.8181,-8.2278,92.49,-4.63,-9.6090,-7.8710,,,0.22200,0
58.8386,20,0,0,0,50.25,64.83,capture,123.59,11.40,90.74,0,178.963,7.289,179.825,-18.42,20.41,147.96,-18.17,-9.43,174.37,53.509,54.228,-10.1971,-6.6688,123.59,11.40,-9.8736,-7.3300,,,0.20919,0
58.9295,20,0,0,0,50.25,64.83,capture,107.69,-13.45,97.10,0,178.908,7.401,179.825,-18.37,20.53,147.93,-17.74,-7.99,174.32,53.357,54.512,-8.4044,-7.3096,107.69,-13.45,-9.2125,-7.3208,,,0.18604,0
59.1316,21,8,2,0,50.25,324.17,dwell,136.64,142.81,200.88,0,179.001,7.336,179.838,-18.37,20.51,147.73,-18.38,-8.23,174.26,53.840,54.560,-15.6418,-6.1375,136.64,142.81,-15.6418,-6.1375,,,0.21783,0
59.2480,21,8,2,0,50.25,324.17,dwell,125.42,2.98,329.87,0,179.036,7.480,179.827,-18.25,20.53,147.86,-18.10,-7.83,174.52,53.509,54.135,-9.2091,-7.0772,125.42,2.98,-12.7470,-6.5604,,,0.19674,0
59.3516,21,8,2,0,50.25,324.17,dwell,108.21,141.80,191.36,0,179.028,7.535,179.833,-18.20,20.68,147.67,-17.30,-7.43,174.12,53.526,54.273,-15.0746,-8.1128,108.21,141.80,-13.7945,-7.2590,,,0.22099,0
59.4470,21,8,2,0,50.25,324.17,dwell,133.99,149.93,193.32,0,179.004,7.643,179.827,-18.29,20.76,147.69,-18.13,-8.71,173.92,53.966,54.169,-16.0269,-6.0905,133.99,149.93,-14.7991,-6.7332,,,0.20318,0
59.5708,21,8,2,0,50.25,324.17,dwell,120.86,224.88,121.83,0,178.947,7.715,179.846,-18.33,20.61,147.76,-18.30,-7.21,173.93,53.501,54.027,-19.2200,-7.6061,120.86,224.88,-16.7885,-7.1260,,,0.21582,0
59.6640,21,8,2,0,50.25,324.17,dwell,42.18,151.26,173.09,0,178.889,7.751,179.851,-18.34,20.58,147.73,-17.73,-8.01,173.87,53.210,53.977,-16.9560,-12.0331,42.18,151.26,-16.8639,-9.3342,,,0.21248,0
59.7661,21,8,2,0,50.25,324.17,dwell,113.70,267.04,85.38,0,178.962,7.712,179.841,-18.39,20.88,147.51,-17.91,-7.52,174.21,53.298,54.358,-20.0859,-7.4319,113.70,267.04,-18.3138,-8.4781,,,0.20801,0
59.8584,21,8,2,0,50.25,324.17,dwell,148.56,287.07,105.08,0,178.843,7.739,179.826,-18.46,20.83,147.25,-17.47,-7.79,172.90,53.394,54.537,-20.4148,-5.5219,148.56,287.07,-19.2592,-7.1478,,,0.19888,0
59.9659,21,8,2,0,50.25,324.17,dwell,99.03,308.79,51.15,1,178.702,7.750,179.836,-18.38,21.08,147.33,-17.85,-7.84,173.16,53.733,54.617,-21.6320,-8.5270,99.03,308.79,-20.3270,-7.7684,,,0.22760,0
60.0637,21,8,2,0,50.25,324.17,dwell,112.86,354.93,69.76,0,178.714,7.769,179.842,-18.42,21.06,147.31,-17.74,-8.20,173.80,53.772,54.338,-23.9471,-7.6022,112.86,354.93,-21.9560,-7.6936,,,0.20847,0
60.1596,21,8,2,0,50.25,324.17,capture,110.77,325.84,60.54,0,178.704,7.754,179.835,-18.43,20.94,147.42,-17.08,-8.20,173.75,53.536,54.769,-21.6481,-6.7435,110.77,325.84,-21.8175,-7.2661,,,0.22587,0
60.2617,21,8,2,0,50.25,324.17,capture,126.05,353.28,81.20,0,178.566,7.749,179.847,-18.44,20.86,147.34,-18.20,-6.79,173.89,53.624,54.604,-23.0492,-6.8429,126.05,353.28,-22.3718,-7.0756,,,0.21262,0
60.3576,21,8,2,0,50.25,324.17,capture,97.41,344.41,51.32,1,178.845,7.792,179.853,-18.42,20.83,147.27,-17.37,-6.82,173.42,53.882,54.878,-22.8810,-8.3189,97.41,344.41,-22.6009,-7.6351,,,0.23173,0
60.4677,21,8,2,0,50.25,324.17,capture,124.77,353.70,80.16,0,178.839,7.731,179.836,-18.27,20.87,147.33,-18.25,-7.86,173.88,53.803,55.239,-23.2682,-7.1783,124.77,353.70,-22.9012,-7.4295,,,0.21047,0
60.5780,21,8,2,0,50.25,324.17,capture,105.17,347.45,59.65,0,178.908,7.641,179.823,-18.31,20.80,147.48,-17.38,-7.22,173.57,54.041,54.484,-23.0322,-7.7375,105.17,347.45,-22.9602,-7.5681,,,0.20421,0
60.6817,21,8,2,0,50.25,324.17,capture,90.67,335.35,41.94,1,178.846,7.707,179.819,-18.44,20.84,147.70,-18.36,-7.70,174.22,54.179,54.510,-22.5896,-8.6345,90.67,335.35,-22.7934,-8.0480,,,0.20720,0
60.7717,21,8,2,0,50.25,324.17,capture,85.78,353.84,46.29,1,178.932,7.893,179.824,-18.47,20.83,147.77,-18.22,-7.43,174.25,54.053,54.574,-24.7379,-8.4706,85.78,353.84,-23.6684,-8.2382,,,0.22212,0
60.8809,21,8,2,0,50.25,324.17,capture,84.47,358.36,48.38,1,178.887,7.790,179.815,-18.44,20.75,147.81,-18.37,-7.53,174.07,53.566,54.694,-24.1188,-8.4451,84.47,358.36,-23.8711,-8.3313,,,0.22452,0
60.9774,21,8,2,0,50.25,324.17,capture,89.53,336.69,41.23,1,178.935,7.691,179.817,-18.48,20.71,147.58,-18.13,-8.09,173.86,53.431,54.774,-22.9774,-8.7641,89.53,336.69,-23.4689,-8.5260,,,0.21070,0
61.0924,21,8,2,0,50.25,324.17,capture,101.39,328.62,51.33,0,178.868,7.663,179.821,-18.52,20.55,147.63,-17.91,-8.12,174.38,53.485,54.789,-22.0362,-8.4863,101.39,328.62,-22.8242,-8.5082,,,0.20714,0
61.1744,21,8,2,0,50.25,324.17,capture,101.22,334.29,51.97,0,178.902,7.736,179.785,-18.46,20.60,147.89,-18.02,-8.01,174.11,53.694,55.022,-22.9773,-8.2284,101.22,334.29,-22.8931,-8.3823,,,0.21020,0
61.3084,21,8,2,0,50.25,324.17,capture,116.10,336.13,66.93,0,178.861,7.768,179.767,-18.55,20.71,147.92,-18.08,-8.46,174.20,53.572,54.493,-22.9449,-7.0710,116.10,336.13,-22.9164,-7.7922,,,0.20428,0
61.4019,21,8,2,0,50.25,324.17,capture,123.10,338.95,74.33,0,178.878,7.812,179.824,-18.52,20.81,147.74,-18.21,-7.59,174.26,53.816,54.358,-23.7119,-7.0951,123.10,338.95,-23.2744,-7.4785,,,0.21006,0
61.4864,21,8,2,0,50.25,324.17,capture,100.34,353.23,57.91,1,179.055,7.759,179.820,-18.61,20.96,147.54,-18.46,-7.74,173.95,53.822,54.468,-23.2844,-8.2168,100.34,353.23,-23.2789,-7.8107,,,0.20863,0
61.5812,21,8,2,0,50.25,324.17,capture,110.20,359.11,69.39,0,179.082,7.948,179.832,-18.65,21.23,147.62,-18.28,-7.26,174.03,53.537,53.982,-24.8291,-7.5179,110.20,359.11,-23.9765,-7.6790,,,0.21113,0
61.6751,21,8,2,0,50.25,324.17,capture,100.40,374.60,71.12,1,179.063,8.058,179.841,-18.61,21.36,147.48,-19.10,-7.29,174.28,53.455,53.829,-24.8141,-8.3154,100.40,374.60,-24.3534,-7.9653,,,0.19928,0
61.7752,21,8,2,0,50.25,324.17,capture,96.05,351.62,53.40,1,178.879,8.068,179.859,-18.52,21.29,147.45,-17.79,-7.66,174.13,53.663,53.893,-23.9999,-8.9507,96.05,351.62,-24.1943,-8.4088,,,0.19994,0
61.8741,21,8,2,0,50.25,324.17,capture,115.41,355.49,72.30,0,178.803,8.117,179.824,-18.47,21.45,147.46,-17.97,-6.96,173.08,53.518,53.950,-22.8784,-8.0235,115.41,355.49,-23.6022,-8.2354,,,0.20010,0
61.9561,21,8,2,0,50.25,324.17,capture,122.36,319.51,72.26,0,178.884,8.233,179.821,-18.46,21.42,147.53,-17.60,-7.09,173.93,53.250,54.050,-21.7354,-6.8643,122.36,319.51,-22.7621,-7.6184,,,0.19683,0
62.0573,21,8,2,0,50.25,324.17,capture,108.62,337.95,59.98,0,178.794,8.277,179.822,-18.49,21.37,147.40,-18.29,-7.70,173.70,53.331,54.143,-22.5682,-7.7148,108.62,337.95,-22.6748,-7.6618,,,0.19230,0
62.2134,22,13,3,1,150.75,453.83,dwell,75.80,172.52,291.13,0,178.895,8.289,179.848,-18.57,21.40,147.29,-18.14,-7.55,173.52,53.230,54.293,-16.7653,-9.5138,75.80,172.52,-16.7653,-9.5138,,,0.18271,0
62.3213,22,13,3,1,150.75,453.83,dwell,70.00,226.56,241.19,0,178.924,8.235,179.857,-18.56,21.22,147.10,-17.73,-7.84,173.28,53.118,55.049,-18.7577,-10.0564,70.00,226.56,-17.6619,-9.7579,,,0.18908,0
62.4330,22,13,3,1,150.75,453.83,dwell,105.97,378.37,87.75,0,178.978,8.326,179.841,-18.48,21.06,147.16,-18.22,-7.14,173.41,53.283,54.890,-24.2194,-7.8789,105.97,378.37,-20.6128,-8.9124,,,0.19229,0
62.5614,22,13,3,1,150.75,453.83,dwell,145.06,322.95,131.01,0,178.921,8.262,179.834,-18.46,21.08,147.38,-18.44,-8.27,173.85,53.460,54.978,-22.0930,-5.8137,145.06,322.95,-21.2789,-7.5180,,,0.19048,0
62.6602,22,13,3,1,150.75,453.83,dwell,115.79,370.83,90.07,0,178.903,8.360,179.817,-18.38,21.09,147.33,-18.25,-6.72,173.76,53.258,54.705,-24.3390,-7.2280,115.79,370.83,-22.6559,-7.3875,,,0.16345,0
62.7520,22,13,3,1,150.75,453.83,dwell,133.40,393.67,62.62,1,178.853,8.272,179.797,-18.51,20.93,147.62,-17.67,-7.08,174.59,53.132,54.486,-24.6692,-6.4590,133.40,393.67,-23.5619,-6.9697,,,0.19372,0
62.8732,22,13,3,1,150.75,453.83,dwell,153.14,339.19,114.67,0,178.931,8.145,179.799,-18.45,20.84,147.38,-17.99,-7.96,173.88,53.098,54.723,-22.9046,-5.8112,153.14,339.19,-23.2661,-6.4484,,,0.20349,0
62.9848,22,13,3,1,150.75,453.83,dwell,144.11,374.15,79.96,0,178.890,8.113,179.802,-18.63,20.83,147.23,-18.15,-7.99,173.33,53.200,54.676,-24.1482,-6.1469,144.11,374.15,-23.6631,-6.3127,,,0.20532,0
63.0983,22,13,3,1,150.75,453.83,capture,170.43,391.93,64.96,1,178.867,7.963,179.790,-18.73,20.86,147.44,-18.54,-7.76,173.58,53.434,54.693,-25.8449,-4.6161,170.43,391.93,-24.6449,-5.5492,,,0.21854,0
63.1803,22,13,3,1,150.75,453.83,capture,140.33,417.69,37.62,1,178.681,8.008,179.800,-18.77,20.53,147.11,-18.20,-8.74,172.86,53.683,54.534,-26.8568,-6.2972,140.33,417.69,-25.6403,-5.8858,,,0.22686,0
63.2895,22,13,3,1,150.75,453.83,capture,172.41,397.05,60.77,1,178.657,8.070,179.803,-18.68,20.55,147.28,-18.42,-7.85,173.50,53.883,54.405,-25.5271,-4.6066,172.41,397.05,-25.5894,-5.3102,,,0.22954,0
63.3834,22,13,3,1,150.75,453.83,capture,165.43,380.22,75.06,0,178.814,8.130,179.771,-18.68,20.66,147.38,-17.46,-8.08,173.54,53.612,54.277,-25.0788,-6.0643,165.43,380.22,-25.3596,-5.6496,,,0.20808,0
63.4892,22,13,3,1,150.75,453.83,capture,144.70,396.15,58.00,1,178.863,8.319,179.796,-18.74,20.57,147.43,-17.83,-8.01,173.55,53.591,54.384,-26.2224,-5.8255,144.70,396.15,-25.7479,-5.7287,,,0.20592,0
63.5775,22,13,3,1,150.75,453.83,capture,154.80,400.59,53.40,1,178.852,8.456,179.806,-18.69,20.63,147.48,-17.87,-8.52,173.17,53.670,54.447,-25.6745,-5.1009,154.80,400.59,-25.7148,-5.4462,,,0.20045,0
63.6791,22,13,3,1,150.75,453.83,capture,183.50,388.54,73.05,0,178.917,8.461,179.810,-18.65,20.55,147.55,-18.28,-7.58,173.86,53.548,54.553,-24.5290,-4.3683,183.50,388.54,-25.1812,-4.9611,,,0.22230,0
63.7888,22,13,3,1,150.75,453.83,capture,183.81,375.80,84.75,0,179.039,8.495,179.839,-18.65,20.63,147.67,-17.93,-8.04,173.87,53.428,54.478,-25.1231,-4.8107,183.81,375.80,-25.1551,-4.8934,,,0.19076,0
63.8794,22,13,3,1,150.75,453.83,capture,157.77,382.41,71.77,0,178.914,8.577,179.856,-18.64,20.89,147.50,-18.21,-7.50,174.17,53.661,54.642,-23.8184,-5.3493,157.77,382.41,-24.5536,-5.0986,,,0.22106,0
63.9694,22,13,3,1,150.75,453.83,capture,152.19,404.00,49.85,1,178.897,8.612,179.859,-18.62,20.83,147.47,-18.19,-7.77,173.82,53.816,54.841,-26.0540,-6.3528,152.19,404.00,-25.2287,-5.6630,,,0.23025,0
64.0765,22,13,3,1,150.75,453.83,capture,157.32,389.75,64.42,1,178.980,8.535,179.833,-18.60,20.76,147.37,-17.99,-6.78,173.58,53.817,54.401,-25.7827,-5.9871,157.32,389.75,-25.4780,-5.8088,,,0.22963,0
64.1649,22,13,3,1,150.75,453.83,capture,136.76,397.48,58.06,1,178.869,8.462,179.800,-18.53,20.79,147.48,-17.69,-7.73,173.66,53.833,54.424,-25.3668,-6.4748,136.76,397.48,-25.4280,-6.1085,,,0.22055,0
64.2680,22,13,3,1,150.75,453.83,capture,161.76,370.87,83.69,0,178.893,8.481,179.848,-18.61,20.88,147.60,-18.32,-6.69,174.39,54.074,54.369,-24.8096,-5.3441,161.76,370.87,-25.1497,-5.7645,,,0.25407,0
64.3726,22,13,3,1,150.75,453.83,capture,181.51,394.64,66.71,1,178.871,8.389,179.817,-18.52,20.77,147.51,-18.06,-7.05,174.04,53.967,54.507,-25.4235,-4.7990,181.51,394.64,-25.2729,-5.3301,,,0.21707,0
64.4675,22,13,3,1,150.75,453.83,capture,164.30,370.02,84.90,0,178.898,8.455,179.813,-18.46,20.82,147.45,-17.81,-7.38,172.94,53.877,54.393,-24.5696,-4.7070,164.30,370.02,-24.9564,-5.0497,,,0.22387,0
64.5592,22,13,3,1,150.75,453.83,capture,145.77,416.03,38.13,1,179.043,8.419,179.830,-18.44,20.82,147.48,-18.00,-7.74,173.84,53.509,54.449,-25.5820,-7.0633,145.77,416.03,-25.2379,-5.9558,,,0.21713,0
64.6412,22,13,3,1,150.75,453.83,capture,146.46,387.07,66.90,0,178.870,8.417,179.818,-18.43,20.69,147.26,-18.17,-8.17,173.64,53.615,54.184,-24.9709,-6.6559,146.46,387.07,-25.1178,-6.2708,,,0.22540,0
64.7361,22,13,3,1,150.75,453.83,capture,155.14,391.83,62.16,1,178.855,8.479,179.839,-18.45,20.70,147.37,-17.88,-7.75,173.67,53.982,54.338,-24.6591,-5.5757,155.14,391.83,-24.9114,-5.9580,,,0.20209,0
64.8216,22,13,3,1,150.75,453.83,capture,158.52,394.07,60.27,1,178.788,8.458,179.833,-18.44,20.58,147.56,-17.31,-8.57,173.75,54.076,54.450,-24.3464,-5.0336,158.52,394.07,-24.6571,-5.5420,,,0.21127,0
64.9096,22,13,3,1,150.75,453.83,capture,170.29,383.46,73.04,0,178.718,8.336,179.804,-18.43,20.69,147.44,-17.88,-8.00,173.84,53.878,54.302,-24.0321,-4.3902,170.29,383.46,-24.3759,-5.0237,,,0.21833,0
65.1251,23,5,1,1,150.75,194.50,dwell,153.35,388.10,193.62,0,178.747,8.237,179.811,-18.27,20.77,147.16,-18.00,-7.50,173.15,53.829,54.477,-24.6890,-6.4443,153.35,388.10,-24.6890,-6.4443,,,0.21771,0
65.2303,23,5,1,1,150.75,194.50,dwell,52.98,266.06,121.16,0,178.832,8.224,179.885,-18.43,20.78,147.04,-18.19,-7.49,173.39,53.698,54.593,-19.0835,-10.0371,52.98,266.06,-22.1665,-8.0611,,,0.20288,0
65.3424,23,5,1,1,150.75,194.50,dwell,195.95,242.52,65.95,1,178.812,8.296,179.842,-18.51,20.76,146.85,-18.34,-7.64,172.64,53.462,54.858,-18.6665,-3.8608,195.95,242.52,-20.5915,-6.1709,,,0.20312,0
65.4546,23,5,1,1,150.75,194.50,dwell,141.48,334.91,140.72,0,178.846,8.509,179.827,-18.51,20.93,146.87,-18.06,-7.59,172.93,53.482,54.673,-22.5127,-6.1327,141.48,334.91,-21.4561,-6.1537,,,0.18001,0
65.5583,23,5,1,1,150.75,194.50,dwell,101.79,212.35,52.11,1,178.833,8.394,179.830,-18.52,20.66,146.89,-18.34,-7.39,173.47,53.871,54.202,-17.0674,-8.1750,101.79,212.35,-19.4812,-7.0633,,,0.22562,0
65.6753,23,5,1,1,150.75,194.50,dwell,63.79,180.71,88.05,0,178.998,8.268,179.854,-18.66,20.62,146.96,-17.79,-7.93,173.53,53.517,53.477,-16.7878,-10.0188,63.79,180.71,-18.2692,-8.3933,,,0.18867,0
65.7778,23,5,1,1,150.75,194.50,dwell,112.07,255.06,71.86,1,178.967,8.099,179.843,-18.57,20.65,147.12,-18.20,-8.10,173.10,53.599,54.001,-19.6926,-7.8874,112.07,255.06,-18.9097,-8.1656,,,0.19176,0
65.8791,23,5,1,1,150.75,194.50,dwell,156.27,98.49,96.17,0,178.935,8.035,179.831,-18.60,20.84,146.94,-18.32,-7.87,173.28,53.350,53.977,-13.5461,-5.5232,156.27,98.49,-16.4961,-6.9765,,,0.18253,0
65.9679,23,5,1,1,150.75,194.50,dwell,88.15,152.34,75.47,0,179.003,7.918,179.838,-18.62,20.69,147.08,-17.70,-8.85,173.46,53.318,53.772,-15.2574,-8.2279,88.15,152.34,-15.9387,-7.5396,,,0.20539,0
66.0499,23,5,1,1,150.75,194.50,capture,89.07,91.49,120.06,0,179.058,7.875,179.782,-18.51,20.58,147.21,-17.59,-8.00,173.52,53.565,53.433,-12.3313,-8.6330,89.07,91.49,-14.3154,-8.0316,,,0.23098,0
66.1319,23,5,1,1,150.75,194.50,capture,128.14,122.47,75.50,0,179.154,7.741,179.792,-18.53,20.63,147.34,-17.35,-8.47,172.83,53.358,53.256,-13.8479,-7.4010,128.14,122.47,-14.1050,-7.7479,,,0.19852,0
66.2147,23,5,1,1,150.75,194.50,capture,101.38,116.82,92.04,0,179.100,7.557,179.790,-18.45,20.66,147.61,-17.68,-8.07,173.99,53.448,53.174,-14.1905,-8.0061,101.38,116.82,-14.1435,-7.8640,,,0.20899,0
66.2967,23,5,1,1,150.75,194.50,capture,108.86,123.97,82.03,0,179.030,7.564,179.821,-18.44,20.79,147.66,-17.74,-7.11,174.22,53.538,53.605,-15.1096,-7.9067,108.86,123.97,-14.5782,-7.8833,,,0.20501,0
66.4029,23,5,1,1,150.75,194.50,capture,107.01,70.53,131.46,0,179.016,7.585,179.811,-18.56,20.77,147.56,-18.23,-8.08,173.79,53.515,53.943,-12.6050,-8.1216,107.01,70.53,-13.6903,-7.9905,,,0.21094,0
66.4996,23,5,1,1,150.75,194.50,capture,100.61,94.19,112.14,0,178.973,7.633,179.825,-18.50,20.70,147.73,-17.95,-7.96,174.40,53.724,54.187,-13.4253,-8.5992,100.61,94.19,-13.5710,-8.2644,,,0.22206,0
66.5898,23,5,1,1,150.75,194.50,capture,109.22,98.96,104.18,0,179.000,7.579,179.835,-18.43,20.74,147.63,-18.21,-8.46,173.56,53.469,54.301,-13.3455,-8.2411,109.22,98.96,-13.4695,-8.2539,,,0.21135,0
66.6873,23,5,1,1,150.75,194.50,capture,97.62,101.50,107.11,0,178.979,7.494,179.850,-18.39,20.86,147.83,-17.81,-7.39,174.54,53.677,54.625,-14.1537,-8.3719,97.62,101.50,-13.7774,-8.3070,,,0.20072,0
66.7819,23,5,1,1,150.75,194.50,capture,99.27,110.59,98.44,0,179.060,7.385,179.868,-18.59,20.88,147.51,-18.37,-8.44,174.15,54.181,54.731,-14.7696,-8.4056,99.27,110.59,-14.2239,-8.3514,,,0.22811,0
66.8948,23,5,1,1,150.75,194.50,capture,80.00,110.37,109.92,0,178.958,7.584,179.850,-18.65,20.91,147.85,-18.89,-7.30,174.52,53.934,54.699,-14.4103,-8.9501,80.00,110.37,-14.3078,-8.6208,,,0.21751,0
67.0085,23,5,1,1,150.75,194.50,capture,96.49,87.92,119.60,0,179.017,7.594,179.829,-18.55,21.01,147.98,-17.81,-6.65,174.39,53.782,54.747,-12.9465,-8.3757,96.49,87.92,-13.6952,-8.5105,,,0.21613,0
67.1007,23,5,1,1,150.75,194.50,capture,88.82,110.68,104.22,0,179.013,7.580,179.817,-18.62,20.82,147.90,-18.31,-7.85,174.59,53.567,54.611,-13.7099,-7.9560,88.82,110.68,-13.7018,-8.2610,,,0.18920,0
67.2073,23,5,1,1,150.75,194.50,capture,107.07,118.15,87.96,0,178.947,7.700,179.843,-18.68,20.75,148.13,-18.39,-7.89,174.81,53.393,54.637,-14.6962,-7.9850,107.07,118.15,-14.1493,-8.1368,,,0.21371,0
67.3118,23,5,1,1,150.75,194.50,capture,114.19,59.40,139.96,0,178.876,7.567,179.841,-18.62,20.72,147.85,-17.96,-8.62,174.31,53.658,54.401,-11.5022,-7.5112,114.19,59.40,-12.9581,-7.8552,,,0.21303,0
67.4140,23,5,1,1,150.75,194.50,capture,87.35,93.29,119.43,0,178.853,7.724,179.841,-18.45,20.60,147.78,-17.64,-7.77,173.64,53.817,54.237,-13.3708,-8.4506,87.35,93.29,-13.1438,-8.1231,,,0.20973,0
67.4967,23,5,1,1,150.75,194.50,capture,107.37,76.00,126.19,0,178.664,7.663,179.860,-18.53,20.60,147.53,-18.08,-8.32,174.27,54.009,54.173,-12.6228,-7.9536,107.37,76.00,-12.9094,-8.0469,,,0.20972,0
67.5825,23,5,1,1,150.75,194.50,capture,100.40,86.29,119.35,0,178.752,7.788,179.831,-18.61,20.60,147.42,-18.72,-8.14,173.56,53.817,53.871,-13.0889,-8.5358,100.40,86.29,-12.9901,-8.2669,,,0.21726,0
67.6990,23,5,1,1,150.75,194.50,capture,118.97,88.71,110.46,0,178.785,7.933,179.827,-18.55,20.53,147.53,-18.18,-8.08,174.13,54.046,53.991,-12.8279,-7.4068,118.97,88.71,-12.9171,-7.8799,,,0.23195,0
67.7866,23,5,1,1,150.75,194.50,capture,104.66,82.54,121.08,0,178.900,7.790,179.834,-18.61,20.45,147.57,-18.07,-7.52,173.78,53.865,54.045,-12.8759,-7.4658,104.66,82.54,-12.8986,-7.6935,,,0.21946,0
67.8876,23,5,1,1,150.75,194.50,capture,67.36,98.76,126.96,0,178.885,7.782,179.791,-18.60,20.42,147.66,-17.93,-8.51,174.16,53.969,53.899,-13.7461,-10.2271,67.36,98.76,-13.2800,-8.8337,,,0.21794,0
67.9765,23,5,1,1,150.75,194.50,capture,83.63,116.22,103.12,0,178.883,7.698,179.783,-18.51,20.56,147.73,-18.29,-7.71,174.27,54.255,54.474,-14.2593,-8.8303,83.63,116.22,-13.7207,-8.8322,,,0.24175,0
68.1832,24,9,2,1,150.75,324.17,dwell,54.77,194.19,161.57,0,178.876,7.670,179.795,-18.63,20.58,147.75,-18.06,-7.69,174.11,54.369,54.183,-17.5688,-10.7134,54.77,194.19,-17.5688,-10.7134,,,0.23807,0
68.2851,24,9,2,1,150.75,324.17,dwell,88.78,164.70,171.08,0,178.950,7.642,179.813,-18.50,20.45,147.84,-18.32,-8.29,174.78,54.347,54.552,-16.6503,-8.8251,88.78,164.70,-17.1554,-9.8637,,,0.22444,0
68.3671,24,9,2,1,150.75,324.17,dwell,123.34,25.68,299.74,0,178.920,7.644,179.806,-18.51,20.51,147.61,-18.15,-8.01,174.17,54.326,54.844,-11.6574,-7.6051,123.34,25.68,-14.6813,-8.8473,,,0.25123,0
68.4839,24,9,2,1,150.75,324.17,dwell,74.14,147.26,192.78,0,178.855,7.693,179.820,-18.53,20.42,147.56,-18.08,-8.15,173.18,54.061,54.565,-15.6942,-9.6980,74.14,147.26,-15.1371,-9.2301,,,0.24212,0
68.5998,24,9,2,1,150.75,324.17,dwell,41.57,211.43,156.94,0,178.873,7.724,179.815,-18.57,20.36,147.64,-17.45,-8.43,173.89,54.064,54.499,-17.6213,-11.3691,41.57,211.43,-16.2550,-10.1926,,,0.22370,0
68.7011,24,9,2,1,150.75,324.17,dwell,56.00,195.57,159.73,0,178.932,7.820,179.807,-18.46,20.27,147.56,-18.00,-8.16,173.78,54.083,54.327,-17.4402,-10.6200,56.00,195.57,-16.7884,-10.3850,,,0.22627,0
68.7948,24,9,2,1,150.75,324.17,dwell,46.02,215.23,151.11,0,178.896,7.699,179.793,-18.41,20.36,147.42,-17.89,-7.42,173.94,54.130,54.364,-18.5426,-10.1273,46.02,215.23,-17.5777,-10.2690,,,0.23865,0
68.8951,24,9,2,1,150.75,324.17,dwell,74.87,252.02,104.70,0,179.016,7.731,179.805,-18.35,20.37,147.49,-16.95,-7.79,173.79,53.469,54.583,-19.9983,-10.5911,74.87,252.02,-18.6670,-10.4139,,,0.21111,0
68.9921,24,9,2,1,150.75,324.17,dwell,48.95,207.00,155.21,0,179.055,7.820,179.826,-18.42,20.24,147.64,-18.09,-8.52,173.93,53.436,54.451,-18.6582,-11.2519,48.95,207.00,-18.6630,-10.7910,,,0.23019,0
69.0771,24,9,2,1,150.75,324.17,dwell,78.08,302.77,75.75,0,178.990,7.839,179.763,-18.41,20.20,147.72,-17.98,-8.27,174.11,53.646,54.203,-21.6254,-8.8497,78.08,302.77,-19.9961,-9.9174,,,0.20334,0
69.1829,24,9,2,1,150.75,324.17,capture,65.34,258.41,107.79,0,179.021,7.800,179.778,-18.34,20.21,147.80,-17.82,-7.33,174.77,54.003,54.355,-19.9662,-9.4778,65.34,258.41,-19.9826,-9.7196,,,0.20168,0
69.2842,24,9,2,1,150.75,324.17,capture,43.52,269.12,120.53,0,179.041,7.885,179.783,-18.43,20.17,147.48,-17.86,-8.35,173.25,53.898,54.265,-19.7836,-10.8225,43.52,269.12,-19.8931,-10.2159,,,0.21511,0
69.3876,24,9,2,1,150.75,324.17,capture,21.53,294.98,132.48,0,178.965,7.976,179.809,-18.39,20.15,147.18,-18.13,-8.87,173.51,53.978,54.007,-21.3568,-11.8020,21.53,294.98,-20.5518,-10.9297,,,0.23022,0
69.4696,24,9,2,1,150.75,324.17,capture,11.34,288.46,143.91,0,178.825,8.079,179.792,-18.49,20.31,147.31,-18.18,-8.53,173.40,54.109,54.115,-21.0795,-12.4521,11.34,288.46,-20.7893,-11.6148,,,0.24543,0
69.5523,24,9,2,1,150.75,324.17,capture,46.39,283.65,111.95,0,178.733,8.237,179.817,-18.53,20.40,147.44,-17.85,-8.30,173.79,54.476,54.075,-20.6885,-10.8017,46.39,283.65,-20.7439,-11.2489,,,0.24753,0
69.6415,24,9,2,1,150.75,324.17,capture,47.42,282.19,111.53,0,178.766,8.186,179.842,-18.56,20.28,147.44,-17.74,-9.06,173.88,54.259,53.799,-21.7593,-10.6431,47.42,282.19,-21.2009,-10.9763,,,0.24942,0
69.7256,24,9,2,1,150.75,324.17,capture,31.32,270.92,130.76,0,178.886,8.049,179.821,-18.59,20.14,147.43,-18.21,-8.38,173.81,54.113,53.709,-21.0145,-11.4666,31.32,270.92,-21.1170,-11.1969,,,0.21401,0
69.8213,24,9,2,1,150.75,324.17,capture,42.04,275.64,119.05,0,178.858,8.182,179.819,-18.47,20.14,147.43,-18.14,-8.30,173.93,54.133,53.594,-20.1453,-10.2269,42.04,275.64,-20.6797,-10.7604,,,0.22901,0
69.9177,24,9,2,1,150.75,324.17,capture,40.31,261.46,127.00,0,178.901,8.151,179.820,-18.52,19.97,147.52,-17.29,-9.04,173.84,53.808,53.798,-20.4562,-11.2456,40.31,261.46,-20.5792,-10.9787,,,0.21719,0
70.0290,24,9,2,1,150.75,324.17,capture,56.11,289.68,100.73,0,178.987,8.152,179.819,-18.52,19.87,147.44,-18.14,-9.15,173.71,53.845,53.684,-22.3379,-10.2070,56.11,289.68,-21.3706,-10.6315,,,0.21518,0
70.1318,24,9,2,1,150.75,324.17,capture,63.18,260.63,108.19,0,179.024,8.100,179.826,-18.34,20.13,147.23,-17.84,-8.15,173.91,53.565,53.614,-19.4014,-9.6040,63.18,260.63,-20.4845,-10.1691,,,0.23509,0
70.2467,24,9,2,1,150.75,324.17,capture,43.97,266.99,121.12,0,179.071,8.177,179.802,-18.39,20.29,147.05,-17.81,-8.40,173.13,53.694,54.096,-19.9695,-10.5895,43.97,266.99,-20.2527,-10.3583,,,0.21557,0
70.3507,24,9,2,1,150.75,324.17,capture,59.68,257.36,112.95,0,178.982,8.236,179.782,-18.35,20.34,147.20,-18.25,-8.17,173.69,53.515,53.723,-19.6593,-10.1614,59.68,257.36,-19.9857,-10.2697,,,0.20601,0
70.4444,24,9,2,1,150.75,324.17,capture,44.65,266.97,120.53,0,179.088,8.191,179.772,-18.32,20.34,147.08,-17.78,-7.89,173.24,53.322,53.804,-20.4589,-10.3594,44.65,266.97,-20.1986,-10.3100,,,0.20579,0
70.5522,24,9,2,1,150.75,324.17,capture,35.52,293.00,119.37,0,179.069,8.185,179.749,-18.30,20.29,147.02,-17.97,-8.21,173.14,53.437,53.758,-21.2400,-11.1899,35.52,293.00,-20.6672,-10.7060,,,0.21027,0
70.6342,24,9,2,1,150.75,324.17,capture,56.90,302.26,96.37,0,179.044,8.168,179.723,-18.26,20.49,147.03,-17.69,-7.67,173.03,53.358,53.957,-20.8757,-10.1952,56.90,302.26,-20.7610,-10.4761,,,0.23237,0
70.7257,24,9,2,1,150.75,324.17,capture,39.30,270.40,123.74,0,179.130,8.096,179.738,-18.35,20.22,147.28,-17.90,-8.27,173.29,53.290,53.651,-20.9389,-11.7741,39.30,270.40,-20.8411,-11.0602,,,0.19864,0
70.8158,24,9,2,1,150.75,324.17,capture,39.88,291.92,115.46,0,179.047,8.063,179.766,-18.40,20.21,147.07,-17.20,-8.50,173.22,53.154,53.763,-20.5250,-11.4798,39.88,291.92,-20.6988,-11.2490,,,0.21459,0
