t_s,trial,cell_idx,row,col,target_x,target_y,phase,pred_x,pred_y,err_pt,in_cell,head_yaw_deg,head_pitch_deg,head_roll_deg,head_tx_mm,head_ty_mm,head_tz_mm,eye_cam_x_mm,eye_cam_y_mm,eye_cam_z_mm,pupil_left_px,pupil_right_px,raw_pitch_deg,raw_yaw_deg,raw_pred_x,raw_pred_y,filt_pitch_deg,filt_yaw_deg,filt_pred_x,filt_pred_y,ear,blink_held
0.0259,1,75,8,3,156.33,734.78,dwell,129.87,447.91,288.09,0,178.572,7.740,179.854,-18.48,19.84,147.98,-18.06,-9.28,174.56,54.486,54.683,-27.2717,-6.2921,129.87,447.91,-27.2717,-6.2921,,,0.23005,0
0.1175,1,75,8,3,156.33,734.78,dwell,307.00,450.79,321.48,0,178.716,7.993,179.858,-18.51,19.94,148.04,-18.38,-8.35,174.04,54.529,54.635,-27.3473,1.4074,307.00,450.79,-27.3057,-2.8273,,,0.23929,0
0.2272,1,75,8,3,156.33,734.78,dwell,220.46,425.62,315.74,0,178.773,8.121,179.817,-18.51,20.17,148.24,-17.98,-8.87,174.76,53.966,54.370,-26.2245,-2.5561,220.46,425.62,-26.8192,-2.7053,,,0.22340,0
0.3339,1,75,8,3,156.33,734.78,dwell,193.41,404.84,332.01,0,178.898,8.310,179.830,-18.60,20.16,147.81,-18.12,-8.77,174.05,53.569,54.616,-25.3511,-3.9308,193.41,404.84,-26.1586,-3.2567,,,0.19152,0
0.4293,1,75,8,3,156.33,734.78,dwell,186.47,426.64,309.61,0,178.960,8.469,179.856,-18.54,20.15,147.71,-17.93,-8.88,174.08,53.625,55.156,-27.0699,-4.1346,186.47,426.64,-26.5687,-3.6518,,,0.20567,0
0.5262,1,75,8,3,156.33,734.78,dwell,193.58,563.20,175.57,0,179.050,8.559,179.889,-18.62,20.07,147.71,-18.33,-8.29,173.93,53.740,55.239,-31.5740,-3.9339,193.58,563.20,-28.8211,-3.7787,,,0.18822,0
0.6263,1,75,8,3,156.33,734.78,dwell,211.62,578.45,165.82,0,178.963,8.570,179.859,-18.64,20.12,147.24,-18.07,-8.59,172.89,53.272,55.064,-32.5869,-3.5585,211.62,578.45,-30.5157,-3.6796,,,0.19075,0
0.7172,1,75,8,3,156.33,734.78,dwell,190.44,557.11,180.91,0,178.959,8.581,179.821,-18.51,20.14,147.27,-18.14,-8.49,173.64,53.135,54.873,-32.8150,-3.7565,190.44,557.11,-31.5504,-3.7142,,,0.22028,0
0.8235,1,75,8,3,156.33,734.78,dwell,162.59,538.18,196.70,0,178.869,8.567,179.831,-18.62,20.22,147.35,-18.06,-8.01,173.62,53.645,54.285,-30.1415,-5.3519,162.59,538.18,-30.9164,-4.4512,,,0.20075,0
0.9128,1,75,8,3,156.33,734.78,capture,166.36,585.71,149.40,0,178.891,8.529,179.813,-18.62,20.22,147.28,-18.16,-7.29,173.55,53.539,54.038,-32.6899,-5.2178,166.36,585.71,-31.7145,-4.7962,,,0.18641,0
1.0128,1,75,8,3,156.33,734.78,capture,161.31,572.76,162.09,0,178.802,8.520,179.810,-18.49,20.36,147.29,-18.05,-7.76,173.86,53.238,53.726,-32.3263,-5.2987,161.31,572.76,-31.9898,-5.0223,,,0.21937,0
1.1139,1,75,8,3,156.33,734.78,capture,158.25,573.31,161.48,0,178.785,8.553,179.822,-18.50,20.26,147.67,-17.95,-8.31,173.70,53.394,53.684,-32.6034,-4.9324,158.25,573.31,-32.2659,-4.9819,,,0.19526,0
1.2197,1,75,8,3,156.33,734.78,capture,173.76,605.43,130.52,0,178.703,8.580,179.863,-18.50,20.25,147.90,-17.93,-8.73,174.28,53.819,53.502,-33.4462,-4.7230,173.76,605.43,-32.7971,-4.8654,,,0.22764,0
1.3096,1,75,8,3,156.33,734.78,capture,193.06,615.13,125.16,0,178.700,8.497,179.852,-18.45,20.35,147.92,-17.99,-8.16,174.17,53.751,53.431,-33.9812,-3.4912,193.06,615.13,-33.3299,-4.2470,,,0.19108,0
1.3916,1,75,8,3,156.33,734.78,capture,162.93,578.23,156.69,0,178.672,8.509,179.843,-18.40,20.27,147.90,-17.59,-8.15,174.04,54.158,53.862,-32.7828,-5.3745,162.93,578.23,-33.0837,-4.7544,,,0.23110,0
1.4993,1,75,8,3,156.33,734.78,capture,180.60,589.93,146.87,0,178.693,8.499,179.786,-18.40,20.27,148.00,-17.76,-7.65,174.56,54.021,53.931,-33.2494,-4.5136,180.60,589.93,-33.1583,-4.6460,,,0.22162,0
1.5957,1,75,8,3,156.33,734.78,capture,190.62,578.30,160.19,0,178.683,8.398,179.823,-18.37,20.49,148.05,-18.20,-7.68,174.89,54.528,53.721,-31.9881,-3.9286,190.62,578.30,-32.6317,-4.3232,,,0.25329,0
1.6809,1,75,8,3,156.33,734.78,capture,160.91,547.38,187.45,0,178.736,8.544,179.862,-18.32,20.63,147.97,-17.99,-7.87,174.05,54.540,53.635,-31.1673,-5.1872,160.91,547.38,-31.9727,-4.7120,,,0.23694,0
1.7905,1,75,8,3,156.33,734.78,capture,162.67,576.04,158.86,0,178.636,8.556,179.851,-18.37,20.68,147.92,-18.14,-8.06,174.84,54.047,54.205,-33.0188,-4.9615,162.67,576.04,-32.4435,-4.8243,,,0.21597,0
1.8961,1,75,8,3,156.33,734.78,capture,183.06,583.10,154.01,0,178.583,8.511,179.805,-18.35,20.81,147.57,-17.96,-7.02,173.95,53.902,54.225,-33.3367,-4.3694,183.06,583.10,-32.8454,-4.6196,,,0.21514,0
1.9781,1,75,8,3,156.33,734.78,capture,175.47,558.17,177.64,0,178.698,8.629,179.792,-18.27,20.93,147.42,-17.90,-7.82,174.15,53.690,54.279,-31.8399,-4.5446,175.47,558.17,-32.3929,-4.5858,,,0.21588,0
2.0664,1,75,8,3,156.33,734.78,capture,198.23,549.44,190.01,0,178.582,8.803,179.800,-18.17,20.89,147.30,-17.68,-7.76,173.36,53.350,54.001,-31.4638,-3.8104,198.23,549.44,-31.9748,-4.2369,,,0.19742,0
2.1484,1,75,8,3,156.33,734.78,capture,182.66,562.82,173.96,0,178.663,8.879,179.786,-18.20,20.92,147.24,-17.18,-7.98,173.19,53.490,54.042,-31.1038,-4.4557,182.66,562.82,-31.5828,-4.3353,,,0.23871,0
2.2535,1,75,8,3,156.33,734.78,capture,152.52,564.00,170.82,0,178.737,8.823,179.802,-18.26,20.87,147.21,-17.76,-7.24,173.81,53.790,54.030,-30.7639,-5.8648,152.52,564.00,-31.2143,-5.0236,,,0.22494,0
2.3598,1,75,8,3,156.33,734.78,capture,166.16,562.23,172.83,0,178.805,8.834,179.804,-18.20,20.96,147.14,-17.89,-8.01,173.36,53.616,53.972,-31.8225,-5.0154,166.16,562.23,-31.4880,-5.0199,,,0.19498,0
2.4840,1,75,8,3,156.33,734.78,capture,184.42,598.33,139.31,0,178.831,8.910,179.783,-18.29,20.88,147.30,-18.37,-7.58,174.39,53.920,53.671,-33.4320,-4.1791,184.42,598.33,-32.3628,-4.6416,,,0.25349,0
2.5918,1,75,8,3,156.33,734.78,capture,177.39,570.77,165.35,0,178.897,8.809,179.810,-18.33,20.83,147.18,-17.77,-7.91,173.80,53.605,53.758,-32.2805,-5.0071,177.39,570.77,-32.3258,-4.8061,,,0.22813,0
2.6899,1,75,8,3,156.33,734.78,capture,176.81,588.78,147.43,0,178.760,8.814,179.793,-18.35,20.70,147.26,-18.20,-6.94,173.60,53.822,54.318,-32.5799,-5.3365,176.81,588.78,-32.4401,-5.0448,,,0.19699,0
2.8079,1,75,8,3,156.33,734.78,capture,184.40,574.53,162.69,0,178.896,8.577,179.804,-18.39,20.65,147.26,-17.78,-8.81,173.41,53.911,54.049,-32.6729,-4.9521,184.40,574.53,-32.5449,-5.0031,,,0.20266,0
2.9839,2,3,0,3,156.33,43.22,dwell,159.78,425.55,382.34,0,178.883,8.317,179.809,-18.46,20.65,147.24,-18.42,-7.79,173.41,53.844,54.262,-26.3194,-5.0900,159.78,425.55,-26.3194,-5.0900,,,0.21405,0
3.0833,2,3,0,3,156.33,43.22,dwell,273.33,371.09,348.12,0,179.037,8.098,179.819,-18.40,20.59,147.15,-17.81,-8.59,173.51,53.993,54.223,-23.5260,-0.1032,273.33,371.09,-25.0623,-2.8459,,,0.24831,0
3.1900,2,3,0,3,156.33,43.22,dwell,287.12,454.52,431.59,0,178.858,7.994,179.848,-18.42,20.64,147.12,-18.02,-8.46,173.33,53.162,54.255,-27.9315,0.0918,287.12,454.52,-26.3534,-1.5240,,,0.20271,0
3.2866,2,3,0,3,156.33,43.22,dwell,116.78,310.51,270.20,0,178.894,8.127,179.847,-18.35,20.65,147.14,-18.31,-8.15,173.59,53.318,54.457,-21.5539,-7.8107,116.78,310.51,-24.1937,-4.3530,,,0.17749,0
3.3940,2,3,0,3,156.33,43.22,dwell,264.37,203.84,193.57,0,178.964,8.004,179.850,-18.26,20.58,147.21,-18.29,-7.39,173.70,53.662,54.570,-17.1480,-0.4321,264.37,203.84,-21.0231,-2.5886,,,0.21788,0
3.4850,2,3,0,3,156.33,43.22,dwell,240.58,177.49,158.51,0,178.966,7.836,179.809,-18.33,20.52,147.17,-18.13,-8.46,173.63,53.496,54.241,-17.0827,-2.1754,240.58,177.49,-19.2499,-2.4027,,,0.18233,0
3.5900,2,3,0,3,156.33,43.22,dwell,269.72,234.67,222.51,0,178.998,7.715,179.786,-18.28,20.59,147.20,-17.58,-8.17,173.09,53.515,54.111,-18.5997,-0.7664,269.72,234.67,-18.9573,-1.6664,,,0.21569,0
3.6786,2,3,0,3,156.33,43.22,dwell,232.23,114.36,104.02,0,178.944,7.605,179.831,-18.35,20.52,147.25,-18.21,-7.92,173.15,53.738,53.874,-14.8987,-2.1870,232.23,114.36,-17.1309,-1.9007,,,0.21361,0
3.7742,2,3,0,3,156.33,43.22,dwell,205.55,82.01,62.66,0,178.889,7.587,179.838,-18.44,20.48,147.09,-17.73,-8.15,173.37,53.597,53.910,-13.8046,-3.1738,205.55,82.01,-15.6341,-2.4736,,,0.19823,0
3.8673,2,3,0,3,156.33,43.22,dwell,214.74,96.57,79.10,0,178.870,7.528,179.847,-18.36,20.64,147.09,-17.97,-8.01,172.67,53.213,54.516,-12.8280,-2.5821,214.74,96.57,-14.3713,-2.5224,,,0.21646,0
3.9549,2,3,0,3,156.33,43.22,dwell,242.77,23.23,88.72,0,178.848,7.550,179.845,-18.33,20.58,147.16,-17.50,-8.00,173.25,53.132,54.520,-10.2960,-1.4834,242.77,23.23,-12.5375,-2.0549,,,0.22196,0
4.0484,2,3,0,3,156.33,43.22,capture,253.70,-40.01,128.09,0,178.836,7.588,179.828,-18.19,20.57,147.31,-18.01,-8.34,173.83,53.204,54.555,-7.8185,-1.0734,253.70,-40.01,-10.4139,-1.6132,,,0.20339,0
4.1597,2,3,0,3,156.33,43.22,capture,224.05,-9.31,85.70,0,178.969,7.645,179.823,-18.21,20.55,147.39,-17.85,-7.75,173.54,53.225,54.461,-9.3308,-2.3564,224.05,-9.31,-9.9265,-1.9476,,,0.20929,0
4.2589,2,3,0,3,156.33,43.22,capture,231.06,-17.05,96.00,0,179.121,7.601,179.827,-18.28,20.56,147.08,-18.10,-7.35,173.59,53.518,53.927,-8.8453,-2.6151,231.06,-17.05,-9.4399,-2.2480,,,0.18858,0
4.3484,2,3,0,3,156.33,43.22,capture,226.81,-5.81,85.86,0,179.046,7.430,179.823,-18.35,20.71,147.03,-17.77,-6.91,173.30,53.830,53.984,-9.1325,-1.9981,226.81,-5.81,-9.3016,-2.1355,,,0.21729,0
4.4462,2,3,0,3,156.33,43.22,capture,227.29,-1.84,84.06,0,179.164,7.517,179.813,-18.36,20.62,146.90,-17.69,-8.02,173.00,53.830,53.467,-10.5495,-2.6390,227.29,-1.84,-9.8631,-2.3621,,,0.19487,0
4.5605,2,3,0,3,156.33,43.22,capture,220.74,-24.31,93.32,0,179.108,7.536,179.816,-18.20,20.49,146.87,-17.37,-7.85,173.51,53.629,53.470,-9.2901,-3.0887,220.74,-24.31,-9.6053,-2.6891,,,0.20631,0
4.6692,2,3,0,3,156.33,43.22,capture,229.07,-8.90,89.48,0,178.940,7.668,179.830,-18.10,20.44,146.84,-17.78,-7.81,173.19,53.704,53.575,-9.9875,-1.9368,229.07,-8.90,-9.7773,-2.3506,,,0.21745,0
4.7849,2,3,0,3,156.33,43.22,capture,255.21,2.32,107.00,0,178.879,7.899,179.812,-18.10,20.37,146.61,-17.62,-7.79,172.20,53.838,53.929,-9.7606,-1.2280,255.21,2.32,-9.7698,-1.8454,,,0.18715,0
4.8828,2,3,0,3,156.33,43.22,capture,238.80,-3.30,94.68,0,178.836,7.855,179.794,-18.11,20.24,146.68,-17.19,-8.31,172.90,54.334,53.832,-9.5949,-0.8143,238.80,-3.30,-9.6911,-1.3814,,,0.22417,0
4.9868,2,3,0,3,156.33,43.22,capture,225.13,-6.85,85.09,0,178.740,7.721,179.814,-18.24,20.17,146.75,-17.82,-8.71,173.09,54.368,53.901,-9.7734,-2.9108,225.13,-6.85,-9.7282,-2.0696,,,0.25063,0
5.0737,2,3,0,3,156.33,43.22,capture,232.44,-38.56,111.72,0,178.646,7.628,179.793,-18.32,20.16,146.52,-17.71,-8.05,172.57,54.106,54.400,-9.2584,-1.6297,232.44,-38.56,-9.5168,-1.8717,,,0.21067,0
5.1715,2,3,0,3,156.33,43.22,capture,242.82,-14.91,104.21,0,178.643,7.612,179.789,-18.40,20.18,146.60,-18.24,-7.64,172.28,54.047,54.505,-9.8045,-1.8358,242.82,-14.91,-9.6463,-1.8555,,,0.22294,0
5.2891,2,3,0,3,156.33,43.22,capture,230.83,-18.32,96.63,0,178.588,7.535,179.768,-18.30,20.17,146.62,-17.97,-8.34,172.62,53.908,54.520,-9.0200,-2.4973,230.83,-18.32,-9.3644,-2.1443,,,0.24417,0
5.4024,2,3,0,3,156.33,43.22,capture,244.13,-22.21,109.50,0,178.664,7.504,179.782,-18.20,20.29,146.63,-18.09,-8.75,173.30,53.693,54.442,-9.1704,-1.4756,244.13,-22.21,-9.2771,-1.8434,,,0.21754,0
5.4944,2,3,0,3,156.33,43.22,capture,221.58,-12.78,85.98,0,178.820,7.521,179.750,-18.40,20.43,146.66,-17.09,-8.22,172.70,53.629,54.652,-8.2824,-2.3970,221.58,-12.78,-8.8295,-2.0925,,,0.21832,0
5.5884,2,3,0,3,156.33,43.22,capture,233.65,-6.27,91.80,0,178.886,7.464,179.791,-18.42,20.45,146.82,-17.97,-7.81,172.52,53.694,54.807,-10.0666,-1.3160,233.65,-6.27,-9.3862,-1.7431,,,0.22061,0
5.6718,2,3,0,3,156.33,43.22,capture,225.59,-7.04,85.57,0,178.789,7.460,179.798,-18.43,20.53,147.08,-18.26,-7.70,173.73,53.659,54.855,-8.2886,-2.4753,225.59,-7.04,-8.8923,-2.0726,,,0.20078,0
5.7746,2,3,0,3,156.33,43.22,capture,206.21,-30.07,88.65,0,178.783,7.518,179.783,-18.31,20.65,147.24,-17.52,-7.71,173.61,53.542,54.726,-9.3510,-3.8106,206.21,-30.07,-9.0987,-2.8547,,,0.18748,0
5.8788,2,3,0,3,156.33,43.22,capture,226.87,-4.03,84.90,0,178.914,7.650,179.789,-18.22,20.70,147.49,-17.25,-7.61,174.10,53.745,54.534,-10.4821,-2.2509,226.87,-4.03,-9.7212,-2.5830,,,0.22307,0
5.9925,2,3,0,3,156.33,43.22,capture,240.43,-14.15,101.80,0,179.007,7.440,179.815,-18.20,20.74,147.54,-17.94,-7.11,173.71,53.741,54.453,-9.6685,-1.4338,240.43,-14.15,-9.6975,-2.0659,,,0.22104,0
6.1617,3,1,0,1,67.00,43.22,dwell,190.90,57.99,124.78,0,179.029,7.383,179.797,-18.07,20.95,147.57,-17.06,-7.37,173.95,53.965,54.193,-11.6008,-4.2863,190.90,57.99,-11.6008,-4.2863,,,0.20153,0
6.2869,3,1,0,1,67.00,43.22,dwell,187.40,46.17,120.44,0,178.993,7.263,179.810,-18.00,21.10,147.56,-17.78,-7.19,173.86,53.333,54.445,-11.8756,-4.1976,187.40,46.17,-11.7245,-4.2464,,,0.21397,0
6.3892,3,1,0,1,67.00,43.22,dwell,150.05,124.86,116.46,0,178.958,7.345,179.786,-18.08,20.94,147.46,-17.59,-6.91,173.59,53.226,54.447,-14.8040,-5.8956,150.05,124.86,-13.1103,-4.9885,,,0.20189,0
6.4876,3,1,0,1,67.00,43.22,dwell,89.19,14.01,36.68,1,178.854,7.258,179.809,-18.13,20.94,147.17,-17.74,-7.84,173.02,53.360,54.416,-10.5784,-8.4715,89.19,14.01,-11.9709,-6.5559,,,0.20535,0
6.5890,3,1,0,1,67.00,43.22,dwell,138.63,87.57,84.25,0,178.733,7.309,179.818,-18.29,20.86,147.40,-18.18,-7.91,173.92,53.701,54.483,-13.0235,-5.5057,138.63,87.57,-12.4446,-6.0833,,,0.20823,0
6.6851,3,1,0,1,67.00,43.22,dwell,23.41,12.19,53.51,0,178.731,7.425,179.822,-18.31,20.78,147.46,-17.72,-8.33,173.44,53.665,54.361,-10.0539,-11.3103,23.41,12.19,-11.3687,-8.4354,,,0.22106,0
6.7954,3,1,0,1,67.00,43.22,dwell,97.31,76.77,45.21,0,178.838,7.515,179.801,-18.37,20.71,147.08,-17.73,-7.97,173.15,53.506,53.931,-12.8100,-7.9549,97.31,76.77,-12.0173,-8.2192,,,0.20708,0
6.8899,3,1,0,1,67.00,43.22,dwell,49.78,86.16,46.26,1,178.939,7.478,179.807,-18.30,20.53,147.16,-17.39,-7.86,173.71,53.372,53.928,-13.7281,-10.5452,49.78,86.16,-12.7871,-9.2659,,,0.20580,0
6.9719,3,1,0,1,67.00,43.22,dwell,87.44,73.08,36.18,1,178.951,7.462,179.824,-18.22,20.53,147.37,-17.95,-7.86,173.98,53.623,54.213,-12.8759,-8.4624,87.44,73.08,-12.8271,-8.9043,,,0.19412,0
7.0747,3,1,0,1,67.00,43.22,dwell,42.33,144.96,104.69,0,178.908,7.210,179.829,-18.23,20.43,147.49,-17.80,-8.02,173.44,53.504,54.250,-15.1441,-10.8799,42.33,144.96,-13.8697,-9.7933,,,0.19705,0
7.1870,3,1,0,1,67.00,43.22,dwell,61.88,112.15,69.12,0,178.873,7.218,179.819,-18.30,20.42,147.54,-17.36,-8.24,174.12,53.737,53.843,-14.3227,-9.8973,61.88,112.15,-14.0735,-9.8401,,,0.21352,0
7.2832,3,1,0,1,67.00,43.22,capture,19.24,188.68,153.10,0,178.795,7.431,179.834,-18.37,20.39,147.84,-17.72,-7.83,174.21,54.029,53.933,-16.8524,-12.1407,19.24,188.68,-15.3240,-10.8754,,,0.21950,0
7.3843,3,1,0,1,67.00,43.22,capture,43.60,154.99,114.19,0,178.789,7.508,179.825,-18.23,20.30,147.76,-18.06,-7.25,174.00,54.193,53.958,-15.7497,-10.8285,43.60,154.99,-15.5156,-10.8543,,,0.24129,0
7.5132,3,1,0,1,67.00,43.22,capture,35.28,123.64,86.45,0,178.855,7.587,179.802,-18.04,20.26,147.57,-18.02,-7.75,173.89,54.271,53.557,-13.7512,-11.3825,35.28,123.64,-14.7216,-11.0920,,,0.21469,0
7.6423,3,1,0,1,67.00,43.22,capture,21.79,139.53,106.39,0,178.922,7.611,179.824,-18.13,20.26,147.48,-17.72,-7.82,173.40,53.714,54.006,-15.6001,-12.4533,21.79,139.53,-15.1169,-11.7046,,,0.20529,0
7.7468,3,1,0,1,67.00,43.22,capture,11.28,159.51,128.95,0,178.796,7.734,179.803,-18.17,20.40,147.58,-17.89,-7.83,173.57,53.637,53.762,-15.7953,-12.4283,11.28,159.51,-15.4222,-12.0303,,,0.19651,0
7.8294,3,1,0,1,67.00,43.22,capture,16.99,146.09,114.38,0,178.889,7.753,179.772,-18.03,20.50,147.51,-17.30,-8.23,173.96,53.550,54.070,-15.1892,-11.9746,16.99,146.09,-15.3174,-12.0052,,,0.22847,0
7.9136,3,1,0,1,67.00,43.22,capture,45.65,144.96,103.95,0,178.863,7.690,179.786,-18.05,20.34,147.73,-17.32,-8.79,174.49,53.913,53.990,-14.9756,-10.9640,45.65,144.96,-15.1636,-11.5367,,,0.20398,0
8.0264,3,1,0,1,67.00,43.22,capture,-6.41,180.67,155.82,0,178.899,7.631,179.775,-18.05,20.53,147.80,-17.55,-7.65,174.25,53.913,54.329,-16.5908,-13.1824,-6.41,180.67,-15.8058,-12.2772,,,0.23593,0
8.1160,3,1,0,1,67.00,43.22,capture,25.22,148.87,113.61,0,178.801,7.777,179.791,-18.06,20.62,147.55,-17.59,-8.17,173.98,53.941,54.271,-16.0080,-11.8523,25.22,148.87,-15.8968,-12.0860,,,0.22409,0
8.2160,3,1,0,1,67.00,43.22,capture,36.48,137.82,99.40,0,178.804,7.775,179.803,-18.15,20.75,147.60,-17.80,-8.92,173.91,53.588,54.408,-15.0608,-10.9291,36.48,137.82,-15.5206,-11.5654,,,0.19603,0
8.3185,3,1,0,1,67.00,43.22,capture,31.52,179.27,140.60,0,178.795,7.748,179.796,-18.18,20.83,147.79,-17.61,-8.48,174.05,53.480,54.882,-16.9432,-11.3383,31.52,179.27,-16.1607,-11.4632,,,0.21117,0
8.4172,3,1,0,1,67.00,43.22,capture,29.09,171.67,133.93,0,178.847,7.782,179.771,-18.18,21.05,147.64,-17.85,-7.47,174.21,53.772,54.720,-16.7667,-11.3612,29.09,171.67,-16.4334,-11.4173,,,0.21137,0
8.5026,3,1,0,1,67.00,43.22,capture,20.00,144.58,111.72,0,178.881,7.815,179.816,-18.14,21.12,148.09,-17.02,-7.50,174.59,53.752,54.488,-15.2428,-12.1427,20.00,144.58,-15.8977,-11.7437,,,0.21749,0
8.6109,3,1,0,1,67.00,43.22,capture,40.63,158.65,118.40,0,179.012,7.689,179.838,-18.18,21.11,147.88,-18.56,-7.35,174.36,53.205,54.872,-16.3716,-10.6478,40.63,158.65,-16.1109,-11.2506,,,0.19550,0
8.7206,3,1,0,1,67.00,43.22,capture,30.81,144.41,107.46,0,179.035,7.592,179.835,-18.28,21.17,147.82,-17.49,-7.63,174.38,53.042,54.770,-14.8855,-11.3217,30.81,144.41,-15.5595,-11.2826,,,0.18999,0
8.8089,3,1,0,1,67.00,43.22,capture,42.90,153.73,113.11,0,179.016,7.775,179.852,-18.27,21.18,147.99,-18.16,-7.31,174.14,52.839,55.119,-15.7300,-11.2181,42.90,153.73,-15.6362,-11.2536,,,0.19976,0
8.9146,3,1,0,1,67.00,43.22,capture,48.74,158.85,117.06,0,178.967,7.806,179.829,-18.30,21.31,148.16,-17.81,-7.21,174.97,52.972,54.351,-16.8287,-10.3231,48.74,158.85,-16.1728,-10.8348,,,0.17572,0
8.9966,3,1,0,1,67.00,43.22,capture,39.47,154.81,114.93,0,178.948,7.842,179.840,-18.24,21.03,148.04,-17.56,-7.43,174.46,53.280,54.064,-16.1171,-11.4964,39.47,154.81,-16.1478,-11.1325,,,0.18389,0
9.1528,4,51,5,6,290.33,475.44,dwell,126.00,270.21,262.92,0,178.875,7.962,179.840,-18.37,20.90,147.99,-17.89,-6.81,174.61,52.860,53.902,-20.2448,-7.2195,126.00,270.21,-20.2448,-7.2195,,,0.19857,0
9.2453,4,51,5,6,290.33,475.44,dwell,60.83,180.89,373.41,0,179.003,8.007,179.800,-18.31,21.01,147.75,-17.78,-7.29,173.62,53.464,54.047,-16.3440,-10.1326,60.83,180.89,-18.4894,-8.5304,,,0.21236,0
9.3492,4,51,5,6,290.33,475.44,dwell,177.28,171.31,324.47,0,178.959,7.971,179.785,-18.25,20.79,147.90,-17.59,-8.29,173.94,53.696,54.191,-16.2506,-4.4522,177.28,171.31,-17.4820,-6.6952,,,0.24047,0
9.4329,4,51,5,6,290.33,475.44,dwell,300.96,136.61,339.00,0,179.046,7.982,179.820,-18.37,20.72,147.69,-17.88,-7.77,173.92,54.312,54.080,-16.2804,1.2921,300.96,136.61,-16.9413,-3.1009,,,0.23213,0
9.5197,4,51,5,6,290.33,475.44,dwell,279.59,362.46,113.49,0,179.125,7.983,179.822,-18.20,20.60,147.87,-17.69,-7.74,174.82,54.229,53.829,-24.2337,0.4571,279.59,362.46,-20.2229,-1.4998,,,0.21313,0
9.6162,4,51,5,6,290.33,475.44,dwell,248.09,221.07,257.86,0,179.075,7.978,179.817,-18.29,20.53,147.89,-17.73,-8.40,174.47,54.359,54.054,-19.8797,-1.3207,248.09,221.07,-20.0685,-1.4192,,,0.20937,0
9.7294,4,51,5,6,290.33,475.44,dwell,220.99,255.67,230.45,0,178.988,8.170,179.799,-18.19,20.57,147.93,-17.94,-8.15,174.11,54.051,54.139,-20.2006,-1.7896,220.99,255.67,-20.1279,-1.5859,,,0.21642,0
9.8368,4,51,5,6,290.33,475.44,dwell,317.69,247.93,229.15,0,179.015,8.192,179.818,-18.24,20.68,148.11,-17.62,-7.85,174.71,54.033,54.002,-18.3194,1.9668,317.69,247.93,-19.3141,0.0128,,,0.21192,0
9.9302,4,51,5,6,290.33,475.44,dwell,364.84,235.76,251.00,0,178.952,8.319,179.800,-18.34,20.55,148.10,-18.01,-8.11,174.75,53.831,53.873,-18.5873,4.0738,364.84,235.76,-18.9870,1.8403,,,0.22424,0
10.0444,4,51,5,6,290.33,475.44,dwell,362.56,216.13,269.19,0,179.036,8.345,179.835,-18.34,20.54,147.88,-18.09,-7.54,174.40,53.762,54.076,-17.8336,3.7447,362.56,216.13,-18.4680,2.6973,,,0.21250,0
10.1570,4,51,5,6,290.33,475.44,dwell,404.31,222.75,277.21,0,179.049,8.372,179.813,-18.38,20.45,148.02,-17.77,-7.04,174.90,53.873,54.178,-17.9530,6.3230,404.31,222.75,-18.2362,4.3289,,,0.24441,0
10.2390,4,51,5,6,290.33,475.44,capture,414.54,265.90,243.59,0,178.990,8.354,179.847,-18.45,20.45,147.89,-17.33,-7.37,174.34,53.767,54.055,-20.2389,6.1115,414.54,265.90,-19.1375,5.1310,,,0.23574,0
10.3379,4,51,5,6,290.33,475.44,capture,412.91,243.45,262.39,0,178.989,8.321,179.870,-18.48,20.55,147.87,-17.98,-8.02,173.80,53.801,54.105,-19.3547,6.7693,412.91,243.45,-19.2352,5.8683,,,0.21526,0
10.4576,4,51,5,6,290.33,475.44,capture,426.25,248.50,264.53,0,178.842,8.277,179.894,-18.54,20.46,147.70,-17.92,-8.82,174.19,54.032,54.033,-19.6161,7.1210,426.25,248.50,-19.4066,6.4320,,,0.22968,0
10.5566,4,51,5,6,290.33,475.44,capture,451.44,240.73,284.69,0,178.821,8.051,179.919,-18.52,20.46,147.66,-18.73,-8.18,174.29,53.792,53.671,-20.6519,8.1035,451.44,240.73,-19.9670,7.1842,,,0.21049,0
10.6432,4,51,5,6,290.33,475.44,capture,412.17,229.56,274.41,0,178.837,8.065,179.955,-18.51,20.37,147.63,-17.66,-8.31,173.90,53.724,53.966,-18.7766,5.5320,412.17,229.56,-19.4313,6.4407,,,0.21134,0
10.7610,4,51,5,6,290.33,475.44,capture,418.03,237.84,269.74,0,178.836,8.141,179.942,-18.50,20.30,147.70,-18.06,-8.05,173.98,53.765,53.267,-19.6196,6.6127,418.03,237.84,-19.5160,6.5181,,,0.22064,0
10.8591,4,51,5,6,290.33,475.44,capture,433.97,273.21,248.05,0,178.872,8.155,179.929,-18.43,20.55,147.65,-18.11,-7.90,173.94,54.010,53.541,-20.3038,6.5018,433.97,273.21,-19.8705,6.5108,,,0.25057,0
10.9703,4,51,5,6,290.33,475.44,capture,414.04,258.34,249.88,0,178.879,8.215,179.903,-18.38,20.53,147.86,-18.03,-8.14,174.70,53.486,53.909,-19.5910,6.4784,414.04,258.34,-19.7448,6.4962,,,0.17509,0
11.0729,4,51,5,6,290.33,475.44,capture,428.65,239.07,273.87,0,178.869,8.149,179.877,-18.35,20.56,147.79,-18.28,-7.71,173.46,53.912,53.837,-19.6012,7.3507,428.65,239.07,-19.6801,6.8807,,,0.22127,0
11.1708,4,51,5,6,290.33,475.44,capture,419.21,252.04,257.91,0,178.874,8.222,179.869,-18.30,20.65,147.65,-17.34,-8.31,174.09,53.890,54.099,-18.4264,7.1416,419.21,252.04,-19.1159,6.9981,,,0.20372,0
11.2789,4,51,5,6,290.33,475.44,capture,427.72,247.86,265.84,0,178.809,8.256,179.878,-18.34,20.64,147.51,-17.83,-7.65,173.82,53.589,53.958,-18.7712,7.1180,427.72,247.86,-18.9608,7.0521,,,0.22492,0
11.3973,4,51,5,6,290.33,475.44,capture,408.82,265.14,241.39,0,178.810,8.183,179.860,-18.46,20.47,147.27,-17.66,-7.54,173.31,53.698,54.550,-20.6970,5.6247,408.82,265.14,-19.7421,6.4098,,,0.21248,0
11.4796,4,51,5,6,290.33,475.44,capture,424.42,251.51,261.01,0,178.916,8.278,179.853,-18.42,20.60,147.06,-18.21,-8.05,173.51,53.222,54.555,-19.6888,7.1980,424.42,251.51,-19.7181,6.7645,,,0.20437,0
11.5616,4,51,5,6,290.33,475.44,capture,413.43,269.84,239.64,0,178.817,8.220,179.833,-18.44,20.57,147.32,-17.95,-7.64,173.95,53.544,54.443,-20.0899,6.8270,413.43,269.84,-19.8854,6.7926,,,0.24531,0
11.6704,4,51,5,6,290.33,475.44,capture,422.37,260.16,252.55,0,178.780,8.216,179.815,-18.36,20.70,147.43,-17.96,-8.04,173.55,53.658,54.385,-18.4832,6.6676,422.37,260.16,-19.2544,6.7363,,,0.21246,0
11.7678,4,51,5,6,290.33,475.44,capture,418.37,243.96,264.53,0,178.672,8.262,179.824,-18.44,20.75,147.29,-18.03,-6.88,173.54,53.432,54.596,-19.6284,6.9917,418.37,243.96,-19.4227,6.8513,,,0.21531,0
11.8498,4,51,5,6,290.33,475.44,capture,396.16,278.66,223.44,0,178.661,8.289,179.881,-18.46,20.76,147.19,-17.65,-7.96,173.53,53.442,54.107,-20.9178,4.8181,396.16,278.66,-20.0955,5.9364,,,0.17760,0
11.9326,4,51,5,6,290.33,475.44,capture,417.52,265.14,245.77,0,178.680,8.230,179.855,-18.46,20.45,147.09,-18.30,-7.80,173.30,53.264,54.275,-19.9191,6.6209,417.52,265.14,-20.0161,6.2444,,,0.22020,0
12.1003,5,30,3,3,156.33,302.56,dwell,318.62,210.72,186.47,0,178.618,8.253,179.855,-18.36,20.30,147.08,-18.21,-8.43,173.65,53.070,54.382,-18.0379,2.3791,318.62,210.72,-18.0379,2.3791,,,0.21681,0
12.2077,5,30,3,3,156.33,302.56,dwell,394.75,229.40,249.39,0,178.595,8.343,179.821,-18.28,20.34,147.24,-17.96,-7.84,173.39,53.092,54.191,-18.6989,5.5423,394.75,229.40,-18.3353,3.8025,,,0.20324,0
12.3084,5,30,3,3,156.33,302.56,dwell,236.62,154.02,168.85,0,178.680,8.216,179.791,-18.39,20.43,147.37,-17.84,-8.00,173.57,53.213,53.687,-16.1382,-1.7907,236.62,154.02,-17.3466,1.2856,,,0.20207,0
12.3904,5,30,3,3,156.33,302.56,dwell,226.01,190.97,131.55,0,178.769,8.208,179.794,-18.36,20.49,147.49,-18.27,-7.94,174.24,53.700,54.108,-17.9518,-2.1939,226.01,190.97,-17.6189,-0.2802,,,0.21932,0
12.4935,5,30,3,3,156.33,302.56,dwell,155.98,206.94,95.62,0,178.564,8.194,179.807,-18.40,20.48,147.50,-18.11,-8.30,174.35,53.821,53.949,-17.6339,-5.4597,155.98,206.94,-17.6257,-2.6110,,,0.23016,0
12.5787,5,30,3,3,156.33,302.56,dwell,218.21,168.57,147.58,0,178.615,7.946,179.826,-18.47,20.60,147.54,-18.63,-7.76,173.83,53.939,53.819,-16.4977,-2.4975,218.21,168.57,-17.1181,-2.5599,,,0.23327,0
12.6737,5,30,3,3,156.33,302.56,dwell,90.67,200.08,121.71,0,178.541,7.918,179.811,-18.42,20.56,147.66,-18.01,-8.10,174.27,53.329,53.969,-17.2437,-8.7202,90.67,200.08,-17.1746,-5.3320,,,0.19285,0
12.7770,5,30,3,3,156.33,302.56,dwell,57.90,94.50,230.17,0,178.696,7.951,179.823,-18.45,20.54,147.54,-18.34,-8.27,173.98,53.361,54.140,-13.9206,-10.0853,57.90,94.50,-15.7103,-7.4710,,,0.20916,0
12.8880,5,30,3,3,156.33,302.56,dwell,79.39,116.55,201.29,0,178.842,7.897,179.809,-18.43,20.57,147.55,-18.08,-8.69,173.89,53.345,54.003,-14.4716,-9.6911,79.39,116.55,-15.1529,-8.4700,,,0.20643,0
12.9956,5,30,3,3,156.33,302.56,dwell,21.90,46.45,289.24,0,178.909,8.008,179.830,-18.30,20.36,147.54,-17.43,-8.57,174.19,53.140,54.200,-11.8339,-11.6601,21.90,46.45,-13.6593,-9.9056,,,0.18721,0
13.0829,5,30,3,3,156.33,302.56,capture,-30.78,75.82,293.97,0,178.997,8.052,179.805,-18.35,20.55,147.46,-17.55,-8.10,173.90,53.762,54.076,-12.3355,-14.6480,-30.78,75.82,-13.0636,-12.0396,,,0.22609,0
13.1685,5,30,3,3,156.33,302.56,capture,-20.98,99.63,269.48,0,178.951,7.948,179.832,-18.31,20.41,147.56,-18.39,-8.44,173.24,54.232,54.308,-13.2632,-14.0449,-20.98,99.63,-13.1534,-12.9420,,,0.21292,0
13.2727,5,30,3,3,156.33,302.56,capture,5.46,64.26,282.04,0,178.873,8.162,179.856,-18.29,20.55,147.60,-18.20,-7.66,173.78,54.137,54.442,-12.1577,-12.3417,5.46,64.26,-12.7053,-12.6719,,,0.20923,0
13.3695,5,30,3,3,156.33,302.56,capture,-6.28,64.36,288.41,0,178.872,8.110,179.837,-18.23,20.80,147.50,-18.12,-7.72,173.96,53.877,54.237,-12.9872,-13.2098,-6.28,64.36,-12.8322,-12.9139,,,0.20759,0
13.4590,5,30,3,3,156.33,302.56,capture,-19.85,92.94,273.82,0,178.924,8.012,179.813,-18.25,20.97,147.95,-18.22,-7.72,174.23,53.865,54.342,-14.5468,-14.5451,-19.85,92.94,-13.6038,-13.6479,,,0.22581,0
13.5547,5,30,3,3,156.33,302.56,capture,-24.43,81.06,285.89,0,178.922,7.903,179.815,-18.30,21.06,148.13,-18.03,-7.31,174.92,53.755,54.161,-13.1892,-13.5121,-24.43,81.06,-13.4172,-13.5868,,,0.20774,0
13.6628,5,30,3,3,156.33,302.56,capture,-22.78,90.41,277.65,0,178.993,7.797,179.832,-18.31,21.00,148.05,-17.72,-7.82,174.50,53.843,54.019,-13.0142,-13.6463,-22.78,90.41,-13.2359,-13.6136,,,0.21541,0
13.7701,5,30,3,3,156.33,302.56,capture,-16.81,92.87,271.93,0,179.017,7.781,179.847,-18.35,20.79,148.33,-18.11,-7.70,174.99,53.358,54.037,-13.4417,-13.4783,-16.81,92.87,-13.3285,-13.5527,,,0.21004,0
13.8829,5,30,3,3,156.33,302.56,capture,-18.26,63.62,295.93,0,178.929,7.859,179.860,-18.27,20.76,148.16,-17.48,-7.14,174.77,53.477,53.747,-12.1257,-14.2522,-18.26,63.62,-12.7873,-13.8675,,,0.19566,0
13.9738,5,30,3,3,156.33,302.56,capture,-22.10,103.66,267.20,0,178.919,7.865,179.856,-18.40,20.60,148.40,-18.67,-7.87,175.11,53.327,54.057,-14.0125,-13.7626,-22.10,103.66,-13.3386,-13.8203,,,0.19762,0
14.0664,5,30,3,3,156.33,302.56,capture,-8.64,95.41,264.81,0,178.954,7.956,179.882,-18.46,20.89,148.34,-17.79,-8.14,174.69,53.098,53.882,-13.3537,-12.9020,-8.64,95.41,-13.3454,-13.4071,,,0.15639,0
14.1640,5,30,3,3,156.33,302.56,capture,-25.50,75.81,290.65,0,178.955,8.132,179.839,-18.36,20.97,148.21,-18.28,-7.06,175.07,53.393,53.705,-13.2475,-14.6804,-25.50,75.81,-13.3014,-13.9801,,,0.19202,0
14.2838,5,30,3,3,156.33,302.56,capture,-19.80,78.85,284.72,0,178.874,8.123,179.838,-18.47,21.03,148.29,-18.18,-7.49,174.92,53.422,54.113,-12.7022,-14.2440,-19.80,78.85,-13.0318,-14.0988,,,0.21122,0
14.3982,5,30,3,3,156.33,302.56,capture,-17.14,73.61,287.24,0,178.909,8.068,179.831,-18.46,20.88,148.47,-18.36,-7.29,175.14,53.406,53.971,-12.3187,-12.7618,-17.14,73.61,-12.7109,-13.4972,,,0.18877,0
14.4994,5,30,3,3,156.33,302.56,capture,-28.49,83.40,286.69,0,179.016,8.191,179.838,-18.31,20.92,148.23,-17.70,-7.56,175.00,53.443,54.170,-13.3256,-13.9341,-28.49,83.40,-12.9875,-13.6938,,,0.19360,0
14.6033,5,30,3,3,156.33,302.56,capture,-25.04,99.45,272.30,0,179.025,8.142,179.830,-18.19,21.02,147.90,-17.95,-7.03,174.05,53.619,54.370,-13.5235,-13.7073,-25.04,99.45,-13.2287,-13.6999,,,0.21706,0
14.7053,5,30,3,3,156.33,302.56,capture,-28.21,80.04,289.08,0,178.924,8.106,179.832,-18.11,20.88,147.72,-18.06,-7.84,173.81,53.732,54.429,-11.8487,-14.2316,-28.21,80.04,-12.6077,-13.9392,,,0.22530,0
14.8113,5,30,3,3,156.33,302.56,capture,-9.83,78.45,278.99,0,178.979,8.095,179.835,-18.24,20.78,147.50,-18.19,-7.58,174.01,53.828,54.162,-12.5977,-13.1494,-9.83,78.45,-12.6032,-13.5838,,,0.23084,0
14.9238,5,30,3,3,156.33,302.56,capture,-8.56,79.08,277.72,0,178.929,8.082,179.830,-18.20,20.72,147.54,-17.74,-7.14,173.68,53.479,54.218,-12.4298,-12.8742,-8.56,79.08,-12.5252,-13.2645,,,0.21853,0
15.0133,5,30,3,3,156.33,302.56,capture,-11.99,101.48,262.23,0,178.993,8.073,179.837,-18.13,20.87,147.50,-17.67,-7.47,173.67,53.459,54.586,-14.3327,-13.3718,-11.99,101.48,-13.3386,-13.3128,,,0.21170,0
15.1845,6,33,3,6,290.33,302.56,dwell,-41.66,-16.63,460.54,0,178.814,8.032,179.858,-17.93,20.84,147.53,-16.94,-7.12,173.43,53.309,54.299,-10.0593,-14.8005,-41.66,-16.63,-10.0593,-14.8005,,,0.19083,0
15.2912,6,33,3,6,290.33,302.56,dwell,94.35,118.83,268.63,0,178.883,8.021,179.796,-17.96,20.75,147.31,-18.16,-8.36,173.35,53.494,54.544,-14.1464,-8.3134,94.35,118.83,-11.8985,-11.8813,,,0.19798,0
15.3970,6,33,3,6,290.33,302.56,dwell,94.30,123.45,265.53,0,179.005,8.149,179.815,-18.03,20.96,147.49,-17.62,-7.24,174.14,53.244,54.524,-14.3383,-8.6725,94.30,123.45,-12.9964,-10.4373,,,0.22171,0
15.5138,6,33,3,6,290.33,302.56,dwell,97.02,139.24,253.07,0,178.854,8.105,179.812,-17.99,20.99,147.56,-17.92,-8.09,173.96,53.273,54.559,-15.0948,-7.9942,97.02,139.24,-13.9407,-9.3379,,,0.21463,0
15.6237,6,33,3,6,290.33,302.56,dwell,-2.78,96.33,358.39,0,178.863,8.077,179.825,-18.03,20.92,147.68,-17.25,-7.61,174.45,53.345,54.392,-13.5054,-12.6112,-2.78,96.33,-13.7448,-10.8109,,,0.18303,0
15.7350,6,33,3,6,290.33,302.56,dwell,71.48,191.12,245.59,0,178.765,8.027,179.836,-18.08,20.94,147.50,-17.61,-7.25,173.77,53.584,54.788,-17.3940,-10.5003,71.48,191.12,-15.3869,-10.6711,,,0.21223,0
15.8279,6,33,3,6,290.33,302.56,dwell,153.70,185.53,179.90,0,178.825,8.042,179.893,-18.11,20.96,147.68,-17.95,-7.47,173.91,53.620,54.795,-16.7917,-5.4677,153.70,185.53,-16.0191,-8.3296,,,0.20918,0
15.9127,6,33,3,6,290.33,302.56,dwell,170.78,243.01,133.56,0,178.929,8.120,179.898,-18.21,20.92,147.55,-17.42,-7.42,174.33,53.523,54.780,-18.8269,-5.2235,170.78,243.01,-17.2826,-6.9319,,,0.21767,0
16.0215,6,33,3,6,290.33,302.56,capture,152.55,211.87,164.95,0,178.885,7.990,179.886,-18.20,21.08,147.46,-17.23,-6.80,173.82,53.721,55.120,-17.4030,-5.8769,152.55,211.87,-17.3368,-6.4571,,,0.22334,0
16.1139,6,33,3,6,290.33,302.56,capture,181.24,167.14,173.89,0,178.985,7.869,179.869,-18.26,21.16,147.67,-18.20,-7.13,174.24,53.732,54.774,-15.9600,-4.0414,181.24,167.14,-16.7172,-5.3701,,,0.23042,0
16.2072,6,33,3,6,290.33,302.56,capture,166.65,168.37,182.49,0,178.892,7.952,179.881,-18.53,21.04,147.77,-17.98,-7.31,174.49,53.658,54.280,-16.3875,-5.5277,166.65,168.37,-16.5689,-5.4410,,,0.20063,0
16.3136,6,33,3,6,290.33,302.56,capture,171.34,205.21,153.74,0,178.802,8.034,179.840,-18.53,21.08,147.46,-17.97,-8.09,173.83,53.848,54.167,-18.3030,-4.8926,171.34,205.21,-17.3492,-5.1942,,,0.21393,0
16.4237,6,33,3,6,290.33,302.56,capture,173.76,185.01,165.55,0,178.849,7.963,179.844,-18.43,20.82,147.38,-17.88,-7.03,173.67,53.944,54.447,-17.1718,-4.2452,173.76,185.01,-17.2694,-4.7671,,,0.21114,0
16.5124,6,33,3,6,290.33,302.56,capture,179.50,194.12,155.06,0,178.756,7.837,179.869,-18.46,20.73,147.23,-18.39,-8.66,173.07,54.211,54.559,-17.8781,-4.6932,179.50,194.12,-17.5433,-4.7339,,,0.22367,0
16.6131,6,33,3,6,290.33,302.56,capture,173.42,190.05,162.25,0,178.724,7.707,179.831,-18.47,20.85,147.42,-17.52,-8.31,173.42,53.956,54.515,-16.5003,-4.8384,173.42,190.05,-17.0739,-4.7809,,,0.20113,0
16.7118,6,33,3,6,290.33,302.56,capture,170.99,188.36,165.18,0,178.621,7.795,179.843,-18.35,20.84,147.65,-18.29,-7.02,173.89,53.913,54.539,-16.8813,-4.2236,170.99,188.36,-16.9872,-4.5301,,,0.20889,0
16.7938,6,33,3,6,290.33,302.56,capture,197.70,174.84,157.77,0,178.795,7.768,179.857,-18.22,20.85,147.41,-17.55,-7.30,173.85,53.740,54.768,-17.1093,-3.8139,197.70,174.84,-17.0422,-4.2078,,,0.22457,0
16.8814,6,33,3,6,290.33,302.56,capture,185.14,165.00,173.17,0,178.611,7.815,179.864,-18.16,20.96,147.52,-18.07,-7.58,174.11,53.395,54.191,-16.2114,-4.3752,185.14,165.00,-16.6683,-4.2831,,,0.20447,0
16.9634,6,33,3,6,290.33,302.56,capture,154.97,187.85,177.43,0,178.516,7.683,179.876,-18.31,20.79,147.33,-17.98,-7.40,173.47,53.354,53.977,-16.8983,-5.9447,154.97,187.85,-16.7718,-5.0308,,,0.21802,0
17.0751,6,33,3,6,290.33,302.56,capture,163.62,210.84,156.42,0,178.573,7.645,179.851,-18.33,20.77,147.29,-18.12,-7.63,173.74,53.073,54.238,-17.5230,-5.3175,163.62,210.84,-17.1098,-5.1598,,,0.17444,0
17.1772,6,33,3,6,290.33,302.56,capture,169.12,185.58,168.45,0,178.719,7.841,179.833,-18.36,20.78,147.20,-18.25,-8.53,173.45,52.936,54.535,-17.4829,-4.8703,169.12,185.58,-17.2777,-5.0295,,,0.19748,0
17.2748,6,33,3,6,290.33,302.56,capture,178.65,179.43,166.23,0,178.752,7.944,179.818,-18.44,20.88,147.13,-17.89,-7.84,173.66,52.730,54.227,-17.3056,-4.4990,178.65,179.43,-17.2903,-4.7908,,,0.15365,0
17.3569,6,33,3,6,290.33,302.56,capture,198.34,211.15,129.68,0,178.824,7.784,179.866,-18.40,20.91,147.21,-17.60,-7.90,173.65,53.469,53.959,-17.7553,-3.3499,198.34,211.15,-17.4995,-4.1424,,,0.21613,0
17.4449,6,33,3,6,290.33,302.56,capture,180.21,212.22,142.43,0,178.852,7.741,179.859,-18.37,20.96,147.12,-17.47,-7.57,173.10,53.575,54.070,-18.1404,-3.6990,180.21,212.22,-17.7879,-3.9429,,,0.21983,0
17.5340,6,33,3,6,290.33,302.56,capture,167.43,195.15,163.22,0,178.964,7.898,179.872,-18.31,21.15,147.07,-17.98,-7.35,173.24,53.885,54.227,-17.0080,-5.1086,167.43,195.15,-17.4370,-4.4674,,,0.21436,0
17.6295,6,33,3,6,290.33,302.56,capture,147.76,182.72,186.25,0,178.879,7.938,179.857,-18.38,20.88,147.09,-18.16,-7.96,173.48,53.999,54.416,-16.6112,-6.1967,147.76,182.72,-17.0654,-5.2456,,,0.21921,0
17.7488,6,33,3,6,290.33,302.56,capture,173.85,170.72,175.92,0,179.007,8.071,179.844,-18.36,20.66,147.37,-18.12,-8.22,173.25,54.179,54.138,-16.3158,-3.9462,173.85,170.72,-16.7280,-4.6609,,,0.23057,0
17.8431,6,33,3,6,290.33,302.56,capture,181.95,183.98,160.65,0,178.903,8.138,179.836,-18.31,20.59,147.14,-18.34,-8.74,173.28,54.065,54.329,-16.7914,-3.9996,181.95,183.98,-16.7566,-4.3633,,,0.22428,0
18.0673,7,73,8,1,67.00,734.78,dwell,208.32,441.43,325.61,0,178.967,8.203,179.792,-18.27,20.64,147.26,-17.75,-7.39,173.54,54.042,54.084,-26.7959,-3.6404,208.32,441.43,-26.7959,-3.6404,,,0.20561,0
18.1633,7,73,8,1,67.00,734.78,dwell,193.04,285.62,466.51,0,178.764,8.266,179.779,-18.20,20.61,147.38,-18.33,-8.11,173.18,54.231,54.066,-21.7684,-3.3234,193.04,285.62,-24.5335,-3.4978,,,0.21011,0
18.2453,7,73,8,1,67.00,734.78,dwell,181.65,490.00,270.30,0,178.795,8.409,179.745,-18.14,20.56,147.37,-17.72,-7.36,173.93,54.216,54.658,-30.3690,-4.3906,181.65,490.00,-27.1595,-3.8996,,,0.23246,0
18.3509,7,73,8,1,67.00,734.78,dwell,142.32,480.84,264.87,0,178.791,8.548,179.729,-18.06,20.53,147.46,-17.31,-8.11,173.27,54.040,54.568,-29.2160,-6.6511,142.32,480.84,-28.0849,-5.1377,,,0.22453,0
18.4455,7,73,8,1,67.00,734.78,dwell,213.23,610.35,192.00,0,178.797,8.664,179.737,-18.03,20.49,147.35,-17.42,-8.35,173.86,54.018,54.412,-33.2131,-3.1352,213.23,610.35,-30.3926,-4.2366,,,0.23703,0
18.5415,7,73,8,1,67.00,734.78,dwell,237.01,638.71,195.28,0,178.797,8.599,179.744,-18.02,20.42,147.58,-17.60,-8.67,173.84,54.042,54.161,-35.2009,-1.5414,237.01,638.71,-32.5563,-3.0238,,,0.23197,0
18.6489,7,73,8,1,67.00,734.78,dwell,206.19,628.85,174.91,0,178.671,8.612,179.755,-18.04,20.41,147.64,-17.68,-8.25,174.53,54.301,54.137,-34.6843,-4.0598,206.19,628.85,-33.5139,-3.4900,,,0.18567,0
18.7337,7,73,8,1,67.00,734.78,dwell,176.64,714.59,111.48,0,178.637,8.582,179.747,-18.21,20.42,147.88,-18.06,-7.81,174.40,53.814,53.960,-37.3328,-4.5751,176.64,714.59,-35.2324,-3.9783,,,0.23472,0
18.8351,7,73,8,1,67.00,734.78,dwell,164.05,734.20,97.05,0,178.605,8.727,179.766,-18.23,20.18,147.89,-17.93,-8.36,174.57,53.875,53.748,-38.5219,-5.3103,164.05,734.20,-36.7127,-4.5777,,,0.19961,0
18.9462,7,73,8,1,67.00,734.78,capture,175.54,794.23,123.76,0,178.686,8.681,179.761,-18.38,20.18,147.66,-17.69,-7.45,173.93,53.873,54.175,-41.5231,-4.8224,175.54,794.23,-38.8773,-4.6878,,,0.21786,0
19.0522,7,73,8,1,67.00,734.78,capture,176.40,793.70,124.26,0,178.782,8.656,179.784,-18.40,20.29,147.58,-17.96,-8.20,174.18,53.551,54.317,-42.0816,-4.9938,176.40,793.70,-40.3193,-4.8255,,,0.21164,0
19.1529,7,73,8,1,67.00,734.78,capture,178.95,815.89,138.25,0,178.776,8.614,179.819,-18.30,20.25,147.75,-18.23,-8.26,173.96,53.763,54.089,-41.0968,-5.0050,178.95,815.89,-40.6691,-4.9063,,,0.19288,0
19.2589,7,73,8,1,67.00,734.78,capture,181.48,798.01,130.78,0,178.678,8.576,179.809,-18.33,20.40,147.60,-17.51,-8.68,174.28,53.985,54.281,-41.6302,-3.7366,181.48,798.01,-41.1016,-4.3799,,,0.22311,0
19.3615,7,73,8,1,67.00,734.78,capture,188.53,817.68,147.11,0,178.693,8.525,179.826,-18.38,20.46,147.53,-18.28,-8.64,173.74,53.880,54.426,-42.1907,-3.6568,188.53,817.68,-41.5917,-4.0545,,,0.20523,0
19.4574,7,73,8,1,67.00,734.78,capture,193.72,822.42,154.08,0,178.715,8.518,179.821,-18.33,20.60,147.46,-17.93,-8.48,173.76,53.628,54.114,-41.0942,-4.6106,193.72,822.42,-41.3678,-4.3048,,,0.23253,0
19.5569,7,73,8,1,67.00,734.78,capture,167.49,800.33,119.98,0,178.671,8.689,179.831,-18.34,20.71,147.60,-17.77,-7.32,173.93,53.336,54.048,-41.7822,-4.6669,167.49,800.33,-41.5543,-4.4677,,,0.18841,0
19.6487,7,73,8,1,67.00,734.78,capture,169.07,770.70,108.21,0,178.733,8.780,179.873,-18.29,20.71,147.87,-18.29,-7.82,174.49,53.262,54.161,-40.3592,-4.5222,169.07,770.70,-41.0165,-4.4923,,,0.19433,0
19.7500,7,73,8,1,67.00,734.78,capture,172.60,766.22,110.18,0,178.856,8.854,179.868,-18.25,20.66,148.02,-17.57,-7.87,174.01,53.344,54.223,-39.0453,-4.5845,172.60,766.22,-40.1295,-4.5338,,,0.19632,0
19.8365,7,73,8,1,67.00,734.78,capture,187.15,777.99,127.68,0,178.873,8.861,179.823,-18.31,20.67,147.90,-18.11,-7.32,174.23,53.379,54.242,-41.0249,-4.2964,187.15,777.99,-40.5324,-4.4269,,,0.22046,0
19.9324,7,73,8,1,67.00,734.78,capture,183.91,801.51,134.61,0,178.838,8.833,179.814,-18.23,20.85,147.80,-18.18,-7.37,173.53,53.397,54.195,-41.6599,-4.0597,183.91,801.51,-41.0398,-4.2617,,,0.18040,0
20.0242,7,73,8,1,67.00,734.78,capture,169.21,760.52,105.40,0,178.890,8.644,179.799,-18.08,20.65,147.76,-17.69,-8.37,174.44,53.716,54.207,-39.6882,-4.9212,169.21,760.52,-40.4316,-4.5585,,,0.20407,0
20.1198,7,73,8,1,67.00,734.78,capture,175.67,817.41,136.52,0,178.994,8.658,179.831,-18.22,20.61,147.53,-18.07,-7.26,173.69,53.779,54.642,-40.9205,-4.4720,175.67,817.41,-40.6516,-4.5195,,,0.21576,0
20.2192,7,73,8,1,67.00,734.78,capture,187.78,812.83,143.81,0,178.788,8.837,179.825,-18.24,20.50,147.46,-17.99,-7.86,173.70,53.605,54.816,-41.8731,-3.8900,187.78,812.83,-41.2013,-4.2363,,,0.20431,0
20.3215,7,73,8,1,67.00,734.78,capture,188.58,815.34,145.85,0,178.763,8.851,179.829,-18.15,20.40,147.52,-18.22,-8.01,174.12,53.839,54.536,-42.2617,-3.6876,188.58,815.34,-41.6785,-3.9894,,,0.22366,0
20.4285,7,73,8,1,67.00,734.78,capture,161.26,791.34,109.93,0,178.744,8.844,179.825,-18.16,20.45,147.51,-17.87,-8.33,173.53,54.051,54.206,-41.1605,-5.4328,161.26,791.34,-41.4454,-4.6389,,,0.22993,0
20.5441,7,73,8,1,67.00,734.78,capture,191.18,782.99,133.21,0,178.825,8.900,179.842,-18.14,20.26,147.72,-18.03,-8.58,173.56,54.170,54.173,-39.9085,-4.4307,191.18,782.99,-40.7538,-4.5452,,,0.22533,0
20.6457,7,73,8,1,67.00,734.78,capture,155.57,795.26,107.25,0,178.943,8.800,179.840,-18.05,20.37,147.72,-17.25,-7.29,174.22,54.044,53.946,-40.7827,-5.4835,155.57,795.26,-40.7668,-4.9674,,,0.20869,0
20.7329,7,73,8,1,67.00,734.78,capture,199.66,784.66,141.73,0,178.989,8.881,179.848,-18.10,20.60,147.43,-17.26,-8.36,173.87,54.250,54.068,-40.9155,-3.5353,199.66,784.66,-40.8337,-4.3230,,,0.23755,0
20.8254,7,73,8,1,67.00,734.78,capture,183.57,802.51,134.82,0,179.034,8.851,179.834,-18.14,20.47,147.51,-17.39,-8.29,173.48,54.370,53.909,-41.1877,-4.6087,183.57,802.51,-40.9930,-4.4516,,,0.22678,0
20.9231,7,73,8,1,67.00,734.78,capture,196.22,793.62,141.99,0,178.922,8.898,179.805,-18.05,20.54,147.32,-17.78,-8.18,173.26,54.087,53.839,-40.3384,-3.6978,196.22,793.62,-40.6984,-4.1124,,,0.22653,0
21.0988,8,80,8,8,379.67,734.78,dwell,132.21,571.72,296.35,0,178.967,8.808,179.803,-18.03,20.62,147.44,-17.34,-7.90,173.74,54.172,54.082,-32.1890,-6.6451,132.21,571.72,-32.1890,-6.6451,,,0.23281,0
21.2210,8,80,8,8,379.67,734.78,dwell,67.93,737.89,311.75,0,179.028,8.832,179.810,-18.10,20.58,147.35,-17.75,-8.02,173.36,53.755,54.181,-38.3388,-9.6173,67.93,737.89,-34.9564,-7.9826,,,0.19187,0
21.3257,8,80,8,8,379.67,734.78,dwell,265.27,720.60,115.27,0,179.044,8.851,179.823,-18.31,20.51,147.37,-18.04,-7.30,173.60,54.080,54.218,-37.4855,-1.0449,265.27,720.60,-36.0945,-4.8606,,,0.22502,0
21.4091,8,80,8,8,379.67,734.78,dwell,299.26,752.09,82.25,0,179.063,8.875,179.815,-18.31,20.45,147.50,-18.21,-8.51,173.72,54.087,54.552,-38.9900,1.4444,299.26,752.09,-37.3975,-2.0234,,,0.21981,0
21.5111,8,80,8,8,379.67,734.78,dwell,286.00,761.54,97.41,0,179.171,8.973,179.822,-18.22,20.40,147.65,-17.87,-8.03,174.25,53.676,55.149,-39.0863,1.0151,286.00,761.54,-38.1575,-0.6561,,,0.21459,0
21.6242,8,80,8,8,379.67,734.78,dwell,306.71,796.34,95.46,0,179.050,8.823,179.863,-18.31,20.14,147.59,-17.73,-7.57,173.98,53.895,54.826,-39.8793,1.2796,306.71,796.34,-38.9323,0.2150,,,0.20050,0
21.7342,8,80,8,8,379.67,734.78,dwell,249.10,656.99,151.98,0,178.998,8.833,179.872,-18.27,20.20,147.47,-17.95,-8.38,174.05,54.001,54.583,-35.6166,-1.2886,249.10,656.99,-37.4402,-0.4616,,,0.22909,0
21.8361,8,80,8,8,379.67,734.78,dwell,348.50,754.37,36.81,0,179.052,8.965,179.870,-18.19,20.12,147.56,-17.88,-8.08,174.15,53.756,54.719,-39.7447,3.0523,348.50,754.37,-38.4772,1.1196,,,0.20730,0
21.9361,8,80,8,8,379.67,734.78,dwell,298.26,676.81,99.94,0,179.183,9.028,179.850,-18.23,20.19,147.65,-18.29,-8.72,174.08,53.758,55.077,-36.5321,1.8082,298.26,676.81,-37.6019,1.4295,,,0.22165,0
22.0193,8,80,8,8,379.67,734.78,dwell,354.74,621.58,115.91,0,179.217,8.869,179.825,-18.39,20.08,147.68,-18.12,-8.85,173.95,53.893,55.064,-33.1513,3.5160,354.74,621.58,-35.5991,2.3684,,,0.23219,0
22.1304,8,80,8,8,379.67,734.78,capture,362.83,617.69,118.29,0,179.120,8.802,179.859,-18.41,20.18,147.70,-17.76,-8.54,173.72,53.903,54.896,-34.5104,3.5960,362.83,617.69,-35.1092,2.9208,,,0.19350,0
22.2325,8,80,8,8,379.67,734.78,capture,361.83,644.30,92.22,0,179.216,8.637,179.838,-18.51,20.41,147.81,-17.93,-7.12,173.72,53.583,54.833,-34.6386,3.8430,361.83,644.30,-34.8974,3.3358,,,0.22197,0
22.3314,8,80,8,8,379.67,734.78,capture,345.09,640.60,100.32,0,179.308,8.642,179.833,-18.45,20.48,147.81,-17.96,-8.31,174.55,53.128,55.127,-34.7057,3.6806,345.09,640.60,-34.8111,3.4910,,,0.19519,0
22.4231,8,80,8,8,379.67,734.78,capture,351.53,644.33,94.72,0,179.277,8.516,179.808,-18.41,20.41,147.63,-18.49,-7.93,173.92,53.142,54.781,-34.2609,3.3625,351.53,644.33,-34.5635,3.4332,,,0.20239,0
22.5280,8,80,8,8,379.67,734.78,capture,337.03,615.68,126.50,0,179.158,8.403,179.801,-18.44,20.57,147.53,-18.52,-8.36,173.51,53.358,54.702,-34.8942,2.8495,337.03,615.68,-34.7123,3.1705,,,0.18901,0
22.6277,8,80,8,8,379.67,734.78,capture,351.35,605.42,132.42,0,179.157,8.573,179.839,-18.45,20.68,147.79,-17.67,-7.20,174.18,53.572,54.316,-33.1821,2.7821,351.35,605.42,-34.0237,2.9957,,,0.19749,0
22.7330,8,80,8,8,379.67,734.78,capture,365.38,626.45,109.27,0,179.123,8.493,179.857,-18.29,20.76,147.74,-17.27,-7.67,174.29,53.521,54.584,-34.4608,3.8635,365.38,626.45,-34.2204,3.3862,,,0.22668,0
22.8416,8,80,8,8,379.67,734.78,capture,357.21,608.20,128.55,0,179.043,8.628,179.849,-18.32,20.80,147.80,-18.20,-7.29,174.43,53.296,54.709,-34.4226,4.1506,357.21,608.20,-34.3114,3.7302,,,0.20920,0
22.9436,8,80,8,8,379.67,734.78,capture,338.25,620.61,121.45,0,179.033,8.584,179.842,-18.37,20.81,147.60,-17.98,-7.58,173.85,53.573,54.728,-33.7589,3.0576,338.25,620.61,-34.0628,3.4275,,,0.19969,0
23.0431,8,80,8,8,379.67,734.78,capture,345.10,622.16,117.80,0,179.131,8.713,179.831,-18.46,20.95,147.55,-18.03,-7.45,173.84,54.109,54.725,-33.6445,3.0185,345.10,622.16,-33.8745,3.2434,,,0.20688,0
23.1281,8,80,8,8,379.67,734.78,capture,327.00,616.20,129.75,0,179.114,8.703,179.860,-18.48,20.83,147.48,-17.89,-7.89,173.53,53.926,54.811,-33.6660,2.7069,327.00,616.20,-33.7807,3.0020,,,0.23076,0
23.2155,8,80,8,8,379.67,734.78,capture,339.91,640.82,102.02,0,179.063,8.858,179.874,-18.56,20.73,147.61,-18.07,-8.74,174.56,53.529,55.129,-35.7240,3.0710,339.91,640.82,-34.6552,3.0331,,,0.18888,0
23.3011,8,80,8,8,379.67,734.78,capture,354.18,654.62,84.11,0,179.156,8.891,179.862,-18.52,20.70,147.60,-18.34,-8.50,173.82,53.507,55.231,-35.0176,3.3922,354.18,654.62,-34.8183,3.1947,,,0.18179,0
23.3951,8,80,8,8,379.67,734.78,capture,333.64,625.32,118.74,0,179.163,8.916,179.832,-18.47,20.79,147.50,-18.73,-7.04,173.45,53.237,54.816,-34.4100,2.5573,333.64,625.32,-34.6346,2.9079,,,0.20145,0
23.4960,8,80,8,8,379.67,734.78,capture,324.91,659.66,92.96,0,179.081,8.684,179.828,-18.49,20.90,147.33,-18.53,-7.47,173.76,53.425,54.866,-35.2630,2.4373,324.91,659.66,-34.9174,2.6961,,,0.19766,0
23.6023,8,80,8,8,379.67,734.78,capture,334.49,623.12,120.45,0,178.846,8.725,179.851,-18.58,20.82,147.26,-18.17,-8.02,173.98,53.388,54.812,-33.4243,3.0411,334.49,623.12,-34.2455,2.8514,,,0.19998,0
23.7026,8,80,8,8,379.67,734.78,capture,350.48,633.30,105.59,0,178.706,8.707,179.828,-18.57,20.73,147.23,-18.39,-8.22,173.42,53.227,54.674,-33.9065,3.0748,350.48,633.30,-34.0930,2.9519,,,0.20541,0
23.7869,8,80,8,8,379.67,734.78,capture,333.68,642.93,102.72,0,178.910,8.693,179.809,-18.68,20.62,147.30,-18.94,-8.20,173.18,53.380,54.285,-34.0050,2.8820,333.68,642.93,-34.0534,2.9205,,,0.19128,0
23.9035,8,80,8,8,379.67,734.78,capture,315.96,627.57,124.71,0,178.991,8.668,179.831,-18.55,20.64,147.12,-18.38,-8.28,173.01,53.402,54.150,-34.4426,2.5633,315.96,627.57,-34.2285,2.7598,,,0.21750,0
24.0020,8,80,8,8,379.67,734.78,capture,339.61,605.44,135.40,0,178.907,8.669,179.843,-18.69,20.68,147.09,-17.45,-8.50,172.60,53.445,54.151,-33.0951,2.6188,339.61,605.44,-33.7185,2.6963,,,0.22845,0
24.1016,8,80,8,8,379.67,734.78,capture,345.11,599.73,139.40,0,178.870,8.621,179.877,-18.69,20.69,146.97,-17.99,-7.78,173.40,53.468,54.073,-33.4620,2.8737,345.11,599.73,-33.6030,2.7762,,,0.21662,0
24.3149,9,69,7,6,290.33,648.33,dwell,319.37,616.99,42.73,0,179.021,8.673,179.870,-18.65,20.88,146.98,-17.67,-8.24,173.07,53.907,54.290,-33.3409,1.5176,319.37,616.99,-33.3409,1.5176,,,0.22156,0
24.4202,9,69,7,6,290.33,648.33,dwell,373.64,618.74,88.41,0,179.074,8.696,179.846,-18.65,20.92,146.97,-18.63,-8.25,172.65,53.545,54.327,-33.7601,4.7899,373.64,618.74,-33.5295,2.9901,,,0.20904,0
24.5257,9,69,7,6,290.33,648.33,dwell,291.87,577.13,71.22,0,179.136,8.670,179.842,-18.71,20.96,146.88,-18.48,-7.92,173.13,53.628,54.845,-32.2694,0.5360,291.87,577.13,-32.9625,1.8858,,,0.20330,0
24.6376,9,69,7,6,290.33,648.33,dwell,234.92,566.96,98.45,0,179.182,8.757,179.874,-18.71,20.89,147.02,-17.37,-7.61,172.85,53.703,54.739,-32.0835,-2.3093,234.92,566.96,-32.5669,-0.0020,,,0.17567,0
24.7340,9,69,7,6,290.33,648.33,dwell,346.34,481.50,175.98,0,179.144,8.821,179.855,-18.79,20.87,146.89,-18.56,-7.48,172.85,53.825,54.616,-27.9661,3.6438,346.34,481.50,-30.4966,1.6386,,,0.20143,0
24.8536,9,69,7,6,290.33,648.33,dwell,236.10,523.23,136.35,0,178.976,8.837,179.843,-18.86,20.80,146.75,-18.45,-8.21,172.85,53.601,53.981,-30.4202,-1.5728,236.10,523.23,-30.4622,0.1935,,,0.22339,0
24.9622,9,69,7,6,290.33,648.33,dwell,188.40,530.49,155.81,0,179.102,8.680,179.804,-18.87,20.94,146.75,-18.66,-7.00,173.20,53.746,53.704,-30.6138,-4.3639,188.40,530.49,-30.5304,-1.8574,,,0.22292,0
25.0573,9,69,7,6,290.33,648.33,dwell,214.69,487.55,177.69,0,178.978,8.671,179.791,-18.93,20.81,146.80,-18.31,-8.28,172.84,53.695,54.053,-29.3863,-2.7052,214.69,487.55,-30.0156,-2.2389,,,0.18880,0
25.1488,9,69,7,6,290.33,648.33,dwell,181.05,380.62,289.16,0,178.865,8.655,179.774,-18.82,20.97,147.01,-18.66,-7.93,173.45,53.846,53.916,-25.0467,-4.4676,181.05,380.62,-27.7796,-3.2418,,,0.21836,0
25.2660,9,69,7,6,290.33,648.33,dwell,169.11,417.97,260.31,0,178.939,8.608,179.789,-18.86,20.97,147.13,-18.65,-7.65,172.72,53.869,53.808,-25.8764,-5.8116,169.11,417.97,-26.9231,-4.3982,,,0.22650,0
25.3556,9,69,7,6,290.33,648.33,dwell,219.10,445.42,215.05,0,178.970,8.571,179.814,-18.76,20.95,147.53,-17.78,-6.86,173.71,53.875,53.871,-27.2979,-2.6097,219.10,445.42,-27.0918,-3.5934,,,0.21766,0
25.4776,9,69,7,6,290.33,648.33,capture,193.57,410.90,256.39,0,178.924,8.697,179.802,-18.82,21.04,147.35,-18.35,-6.84,173.78,53.777,54.317,-25.1156,-3.9924,193.57,410.90,-26.2025,-3.7729,,,0.22204,0
25.5825,9,69,7,6,290.33,648.33,capture,178.00,391.66,280.18,0,178.987,8.634,179.819,-18.81,21.04,147.08,-18.38,-7.78,173.67,53.707,54.851,-24.9358,-4.9956,178.00,391.66,-25.6325,-4.3231,,,0.22551,0
25.6676,9,69,7,6,290.33,648.33,capture,175.62,377.16,294.44,0,178.846,8.638,179.787,-18.68,21.11,146.93,-17.73,-8.25,173.55,53.802,54.671,-24.5846,-4.9041,175.62,377.16,-25.1609,-4.5846,,,0.21817,0
25.7620,9,69,7,6,290.33,648.33,capture,198.24,418.89,247.24,0,178.834,8.661,179.801,-18.65,20.90,147.05,-17.97,-7.15,173.27,53.667,54.473,-25.9945,-3.6233,198.24,418.89,-25.5360,-4.1520,,,0.20064,0
25.8893,9,69,7,6,290.33,648.33,capture,189.35,422.69,247.21,0,178.816,8.732,179.812,-18.65,21.03,147.22,-17.94,-6.83,173.63,53.695,54.323,-25.8475,-4.4556,189.35,422.69,-25.6762,-4.2886,,,0.23051,0
25.9904,9,69,7,6,290.33,648.33,capture,183.93,405.86,264.79,0,178.868,8.708,179.811,-18.59,21.19,147.35,-18.38,-7.41,173.38,54.372,54.233,-24.9417,-4.2371,183.93,405.86,-25.3457,-4.2654,,,0.25503,0
26.0849,9,69,7,6,290.33,648.33,capture,197.00,404.23,261.34,0,178.779,8.780,179.829,-18.59,21.21,147.27,-18.30,-7.08,173.66,54.084,54.401,-25.4276,-2.8735,197.00,404.23,-25.3825,-3.6390,,,0.23822,0
26.1669,9,69,7,6,290.33,648.33,capture,167.29,427.09,253.16,0,178.842,8.824,179.862,-18.52,21.17,147.01,-17.90,-7.29,173.21,53.962,54.594,-26.1917,-4.9353,167.29,427.09,-25.7467,-4.2224,,,0.24657,0
26.2497,9,69,7,6,290.33,648.33,capture,192.28,439.58,230.63,0,178.750,8.823,179.901,-18.52,21.17,147.01,-18.45,-7.62,173.26,53.703,54.503,-27.1126,-4.1555,192.28,439.58,-26.3613,-4.1923,,,0.22259,0
26.3520,9,69,7,6,290.33,648.33,capture,178.40,414.49,259.25,0,178.837,8.909,179.881,-18.44,21.12,147.05,-17.85,-7.41,173.45,53.671,54.174,-26.6780,-4.2339,178.40,414.49,-26.5038,-4.2110,,,0.22556,0
26.4638,9,69,7,6,290.33,648.33,capture,175.66,403.42,270.43,0,178.928,8.849,179.874,-18.30,21.14,147.23,-17.83,-6.38,173.50,53.699,54.458,-25.4412,-4.9819,175.66,403.42,-26.0257,-4.5579,,,0.19804,0
26.5662,9,69,7,6,290.33,648.33,capture,186.64,402.14,267.14,0,178.981,8.937,179.881,-18.36,21.11,147.39,-17.90,-8.17,173.58,53.717,54.370,-25.1660,-3.7698,186.64,402.14,-25.6388,-4.2033,,,0.19910,0
26.6503,9,69,7,6,290.33,648.33,capture,174.33,421.45,254.82,0,178.964,8.968,179.837,-18.21,21.33,147.30,-18.50,-7.68,173.28,53.464,54.443,-26.2253,-5.2886,174.33,421.45,-25.9027,-4.6917,,,0.17094,0
26.7501,9,69,7,6,290.33,648.33,capture,174.51,411.99,263.20,0,179.013,8.817,179.813,-18.20,21.47,147.16,-17.62,-7.51,173.76,53.665,54.106,-25.7458,-4.7831,174.51,411.99,-25.8321,-4.7328,,,0.21867,0
26.8424,9,69,7,6,290.33,648.33,capture,168.03,451.39,231.83,0,178.960,8.863,179.796,-18.21,21.37,147.27,-18.34,-7.26,173.99,53.871,53.948,-27.3798,-5.4389,168.03,451.39,-26.5286,-5.0506,,,0.20349,0
26.9457,9,69,7,6,290.33,648.33,capture,186.79,425.55,245.67,0,178.835,8.743,179.799,-18.12,21.32,147.30,-17.73,-7.52,173.66,54.123,54.087,-26.8842,-4.0848,186.79,425.55,-26.6886,-4.6159,,,0.23713,0
27.0600,9,69,7,6,290.33,648.33,capture,170.60,421.73,256.29,0,178.830,8.652,179.799,-18.17,21.25,147.16,-17.22,-6.89,173.58,54.328,53.887,-26.1515,-5.2661,170.60,421.73,-26.4469,-4.9085,,,0.21880,0
27.1681,9,69,7,6,290.33,648.33,capture,168.10,405.56,271.81,0,178.900,8.561,179.780,-18.03,21.31,147.10,-17.44,-6.59,173.37,54.803,53.886,-24.6801,-5.2641,168.10,405.56,-25.6519,-5.0685,,,0.25739,0
27.2777,9,69,7,6,290.33,648.33,capture,162.16,389.59,288.75,0,178.937,8.716,179.809,-18.15,21.21,146.84,-17.56,-7.37,173.16,54.973,53.955,-24.9692,-5.6692,162.16,389.59,-25.3447,-5.3388,,,0.25384,0
27.3841,9,69,7,6,290.33,648.33,capture,171.29,380.42,293.17,0,178.913,8.731,179.825,-18.27,21.15,146.82,-18.59,-7.36,173.28,54.554,54.112,-24.5868,-4.4806,171.29,380.42,-25.0036,-4.9526,,,0.26360,0
27.5335,10,14,1,5,245.67,129.67,dwell,238.04,441.94,312.37,0,178.828,8.603,179.812,-18.25,21.12,147.00,-17.69,-6.90,173.08,54.212,54.185,-26.6900,-2.4049,238.04,441.94,-26.6900,-2.4049,,,0.23051,0
27.6210,10,14,1,5,245.67,129.67,dwell,177.88,210.18,105.25,0,178.916,8.576,179.853,-18.22,21.11,147.47,-17.97,-8.19,173.86,54.559,54.021,-19.1570,-4.2065,177.88,210.18,-23.3002,-3.2156,,,0.25146,0
27.7121,10,14,1,5,245.67,129.67,dwell,165.49,271.41,162.85,0,178.933,8.476,179.845,-18.26,21.06,147.66,-17.79,-7.52,173.92,54.165,54.460,-19.9985,-5.3883,165.49,271.41,-21.8144,-4.1933,,,0.20724,0
27.7963,10,14,1,5,245.67,129.67,dwell,249.41,231.65,102.05,0,178.922,8.465,179.854,-18.37,20.97,147.70,-18.00,-6.85,174.11,54.071,54.481,-18.7908,-1.6615,249.41,231.65,-20.4538,-3.0540,,,0.23782,0
27.8919,10,14,1,5,245.67,129.67,dwell,192.85,81.17,71.70,0,178.948,8.359,179.837,-18.36,21.03,147.52,-17.77,-7.52,174.01,54.240,54.375,-12.8960,-3.9622,192.85,81.17,-17.0528,-3.4627,,,0.23154,0
27.9937,10,14,1,5,245.67,129.67,dwell,220.60,125.59,25.40,0,178.911,8.316,179.808,-18.44,20.94,147.80,-18.28,-7.77,174.63,54.228,54.490,-15.0609,-2.9463,220.60,125.59,-16.1564,-3.2303,,,0.22299,0
28.0798,10,14,1,5,245.67,129.67,dwell,279.20,49.68,86.73,0,178.894,8.258,179.824,-18.27,20.88,147.81,-17.59,-8.05,174.02,54.613,54.131,-11.6225,-0.0056,279.20,49.68,-14.1162,-1.7792,,,0.23997,0
28.1783,10,14,1,5,245.67,129.67,dwell,339.97,49.52,123.76,0,178.969,8.179,179.804,-18.34,20.99,147.63,-18.23,-7.71,174.20,54.684,54.230,-11.4094,2.5901,339.97,49.52,-12.8981,0.1870,,,0.22223,0
28.2838,10,14,1,5,245.67,129.67,dwell,319.24,7.59,142.53,0,178.821,8.060,179.808,-18.30,20.84,147.66,-18.01,-7.46,174.42,54.522,54.232,-10.4237,1.6689,319.24,7.59,-11.7846,0.8538,,,0.22911,0
28.4054,10,14,1,5,245.67,129.67,capture,339.00,-18.05,174.73,0,179.019,8.050,179.828,-18.31,20.79,147.72,-17.87,-7.70,173.92,54.354,54.437,-8.6929,3.6288,339.00,-18.05,-10.3934,2.1026,,,0.22429,0
28.4995,10,14,1,5,245.67,129.67,capture,342.23,-30.86,187.33,0,178.995,8.099,179.864,-18.24,20.66,147.66,-17.59,-8.36,173.80,53.991,54.645,-7.9581,2.8560,342.23,-30.86,-9.2975,2.4416,,,0.23332,0
28.5930,10,14,1,5,245.67,129.67,capture,347.13,-30.74,189.80,0,178.993,7.958,179.863,-18.19,20.82,147.85,-18.12,-7.55,174.54,53.759,54.716,-8.4613,3.2671,347.13,-30.74,-8.9212,2.8131,,,0.21945,0
28.6923,10,14,1,5,245.67,129.67,capture,356.42,-18.18,184.73,0,178.864,7.892,179.860,-18.32,20.86,147.80,-18.05,-7.62,173.96,54.132,54.379,-8.9596,4.1912,356.42,-18.18,-8.9385,3.4333,,,0.21745,0
28.7882,10,14,1,5,245.67,129.67,capture,374.70,2.46,181.19,0,178.964,7.994,179.843,-18.31,20.75,147.78,-17.78,-7.76,174.59,53.960,54.564,-10.5439,5.0934,374.70,2.46,-9.6609,4.1803,,,0.22250,0
28.8879,10,14,1,5,245.67,129.67,capture,365.66,4.72,173.23,0,178.991,7.929,179.838,-18.30,20.83,147.80,-17.91,-7.68,173.78,53.860,54.935,-9.8636,4.5124,365.66,4.72,-9.7521,4.3297,,,0.20707,0
28.9848,10,14,1,5,245.67,129.67,capture,361.72,-23.71,192.34,0,179.055,7.863,179.860,-18.19,20.85,147.85,-18.30,-8.20,174.10,53.752,54.570,-8.7746,3.8700,361.72,-23.71,-9.3122,4.1228,,,0.24124,0
29.1050,10,14,1,5,245.67,129.67,capture,335.24,-28.70,181.94,0,179.167,8.094,179.814,-18.15,20.92,147.91,-17.53,-7.71,174.01,54.121,54.476,-9.3331,2.6175,335.24,-28.70,-9.3216,3.4454,,,0.22131,0
29.1930,10,14,1,5,245.67,129.67,capture,334.45,-38.58,190.24,0,179.119,8.104,179.817,-18.19,20.92,148.19,-17.42,-7.13,174.60,54.305,54.571,-8.5832,2.9811,334.45,-38.58,-8.9894,3.2365,,,0.20711,0
29.2877,10,14,1,5,245.67,129.67,capture,354.98,24.26,151.86,0,179.079,8.091,179.811,-18.22,20.74,148.12,-18.01,-8.37,174.61,54.442,54.620,-12.0380,3.2401,354.98,24.26,-10.3613,3.2381,,,0.23421,0
29.3697,10,14,1,5,245.67,129.67,capture,350.92,-5.45,171.27,0,179.031,8.125,179.823,-18.18,20.84,148.22,-18.13,-7.75,175.16,54.270,54.470,-9.5320,3.7894,350.92,-5.45,-9.9881,3.4862,,,0.24626,0
29.4592,10,14,1,5,245.67,129.67,capture,351.65,-13.91,178.46,0,178.919,7.975,179.813,-18.23,20.71,148.04,-17.65,-8.30,174.15,54.333,54.466,-9.0316,3.9783,351.65,-13.91,-9.5577,3.7076,,,0.21409,0
29.5751,10,14,1,5,245.67,129.67,capture,344.57,-42.34,198.41,0,178.974,7.837,179.823,-18.32,20.74,148.06,-17.58,-7.75,174.21,54.429,54.908,-8.7346,3.3221,344.57,-42.34,-9.1873,3.5342,,,0.23890,0
29.6674,10,14,1,5,245.67,129.67,capture,351.05,11.02,158.69,0,179.082,7.607,179.832,-18.42,20.63,148.07,-18.02,-8.59,174.89,54.260,54.654,-10.7370,3.0631,351.05,11.02,-9.8847,3.3222,,,0.22709,0
29.7880,10,14,1,5,245.67,129.67,capture,344.10,-15.63,175.50,0,178.968,7.628,179.850,-18.25,20.45,148.23,-17.52,-8.43,174.82,54.185,54.717,-9.1734,3.3456,344.10,-15.63,-9.5646,3.3327,,,0.23323,0
29.8700,10,14,1,5,245.67,129.67,capture,349.48,-25.89,187.02,0,178.819,7.586,179.874,-18.19,20.61,148.07,-18.39,-7.69,174.82,54.127,54.889,-8.5797,3.0595,349.48,-25.89,-9.1214,3.2098,,,0.22461,0
29.9820,10,14,1,5,245.67,129.67,capture,364.52,-15.65,187.73,0,178.818,7.573,179.901,-18.36,20.57,148.02,-18.21,-7.56,174.64,54.123,54.668,-9.7536,4.3399,364.52,-15.65,-9.4059,3.7183,,,0.22488,0
30.0871,10,14,1,5,245.67,129.67,capture,359.58,-15.57,184.58,0,178.878,7.639,179.881,-18.43,20.75,147.71,-18.10,-8.24,173.86,54.186,54.678,-9.3739,3.9688,359.58,-15.57,-9.3915,3.8310,,,0.23743,0
30.1805,10,14,1,5,245.67,129.67,capture,348.64,-27.46,187.86,0,178.733,7.639,179.864,-18.27,20.66,147.78,-17.85,-8.06,174.65,54.470,54.903,-9.0491,3.6640,348.64,-27.46,-9.2374,3.7558,,,0.22598,0
30.2707,10,14,1,5,245.67,129.67,capture,367.36,1.45,176.77,0,178.841,7.671,179.858,-18.21,20.46,147.71,-17.15,-8.03,174.21,54.316,54.825,-9.7485,4.1432,367.36,1.45,-9.4674,3.9302,,,0.18861,0
30.4422,11,9,1,0,22.33,129.67,dwell,302.12,-30.15,322.21,0,178.836,7.671,179.845,-18.32,20.46,147.64,-18.30,-8.78,174.05,54.029,54.416,-9.0111,1.0960,302.12,-30.15,-9.0111,1.0960,,,0.23032,0
30.5260,11,9,1,0,22.33,129.67,dwell,244.02,-23.20,269.28,0,178.835,7.761,179.827,-18.26,20.33,147.75,-17.51,-7.79,173.74,53.812,54.421,-9.3268,-1.9988,244.02,-23.20,-9.1532,-0.2967,,,0.23332,0
30.6296,11,9,1,0,22.33,129.67,dwell,250.03,-35.14,281.08,0,178.786,7.714,179.867,-18.24,20.46,147.58,-17.57,-8.21,173.80,53.316,54.649,-8.6114,-1.1154,250.03,-35.14,-8.9094,-0.6651,,,0.16587,0
30.7385,11,9,1,0,22.33,129.67,dwell,198.83,-24.93,234.63,0,178.837,7.811,179.858,-18.09,20.43,147.36,-17.83,-8.07,173.69,53.642,55.258,-8.6852,-3.5918,198.83,-24.93,-8.8085,-1.9821,,,0.21270,0
30.8270,11,9,1,0,22.33,129.67,dwell,181.34,3.28,203.12,0,178.927,7.781,179.876,-18.00,20.49,147.30,-17.31,-8.07,173.25,53.755,55.403,-9.0170,-4.5599,181.34,3.28,-8.9023,-3.1421,,,0.22034,0
30.9124,11,9,1,0,22.33,129.67,dwell,166.40,25.23,177.94,0,178.784,7.751,179.854,-18.01,20.57,147.33,-17.91,-7.74,173.79,53.868,55.330,-9.3737,-4.9689,166.40,25.23,-9.1144,-3.9642,,,0.21920,0
31.0158,11,9,1,0,22.33,129.67,dwell,182.41,26.29,190.56,0,178.962,7.842,179.859,-18.15,20.59,147.29,-17.59,-8.55,173.81,53.804,55.334,-10.8242,-3.8961,182.41,26.29,-9.8838,-3.9335,,,0.19293,0
31.1332,11,9,1,0,22.33,129.67,dwell,125.39,19.61,150.78,0,178.933,7.840,179.856,-18.18,20.62,147.18,-18.89,-8.37,173.36,53.552,55.423,-10.6530,-6.8268,125.39,19.61,-10.2299,-5.2355,,,0.20950,0
31.2394,11,9,1,0,22.33,129.67,capture,114.91,-5.24,163.62,0,178.818,7.679,179.879,-18.24,20.46,147.15,-17.91,-8.17,173.55,53.670,54.709,-9.5038,-7.4228,114.91,-5.24,-9.9032,-6.2198,,,0.22427,0
31.3289,11,9,1,0,22.33,129.67,capture,97.50,-8.57,157.35,0,178.780,7.649,179.889,-18.25,20.19,147.23,-17.74,-8.35,173.64,53.590,54.778,-8.8144,-8.3589,97.50,-8.57,-9.4132,-7.1824,,,0.21130,0
31.4380,11,9,1,0,22.33,129.67,capture,106.90,-15.27,167.80,0,178.803,7.848,179.889,-18.27,20.31,147.67,-18.16,-8.90,173.97,53.473,55.208,-9.8605,-8.3174,106.90,-15.27,-9.6145,-7.6931,,,0.20959,0
31.5362,11,9,1,0,22.33,129.67,capture,105.77,-31.07,181.10,0,178.842,7.721,179.857,-18.29,20.48,147.66,-17.67,-8.19,173.86,53.666,55.225,-10.1213,-7.9246,105.77,-31.07,-9.8426,-7.7973,,,0.22135,0
31.6323,11,9,1,0,22.33,129.67,capture,111.06,-29.07,181.85,0,178.799,7.861,179.846,-18.16,20.37,147.66,-16.94,-7.80,173.99,53.674,54.650,-8.4694,-7.5451,111.06,-29.07,-9.2247,-7.6838,,,0.20365,0
31.7192,11,9,1,0,22.33,129.67,capture,119.96,-21.26,179.75,0,178.800,7.847,179.869,-18.23,20.47,147.48,-17.77,-7.01,174.13,53.426,54.946,-8.8031,-7.0759,119.96,-21.26,-9.0349,-7.4103,,,0.18907,0
31.8305,11,9,1,0,22.33,129.67,capture,129.35,-17.61,182.05,0,178.855,7.703,179.868,-18.24,20.45,147.48,-18.36,-8.84,173.84,53.494,54.917,-9.9897,-6.9952,129.35,-17.61,-9.4646,-7.2235,,,0.20870,0
31.9471,11,9,1,0,22.33,129.67,capture,102.26,-18.56,168.40,0,178.743,7.626,179.831,-18.20,20.60,147.17,-18.19,-7.43,173.09,53.954,54.612,-9.7781,-8.4785,102.26,-18.56,-9.6057,-7.7882,,,0.21470,0
32.0407,11,9,1,0,22.33,129.67,capture,118.27,12.01,151.81,0,178.663,7.571,179.835,-18.13,20.75,147.10,-18.66,-7.14,173.28,53.573,54.540,-10.2503,-6.6590,118.27,12.01,-9.8957,-7.2801,,,0.20752,0
32.1395,11,9,1,0,22.33,129.67,capture,93.59,-16.53,162.64,0,178.699,7.721,179.853,-18.27,20.76,147.20,-17.07,-8.47,173.54,53.600,54.812,-9.3486,-8.4634,93.59,-16.53,-9.6495,-7.8126,,,0.19272,0
32.2220,11,9,1,0,22.33,129.67,capture,112.22,-43.36,194.98,0,178.881,7.687,179.829,-18.20,20.89,147.47,-17.50,-7.65,174.32,53.525,55.013,-7.7762,-8.3340,112.22,-43.36,-8.8065,-8.0472,,,0.20300,0
32.3151,11,9,1,0,22.33,129.67,capture,96.06,-34.93,180.35,0,178.925,7.491,179.814,-18.28,21.12,147.39,-17.57,-8.13,173.51,53.488,55.009,-8.3526,-8.0591,96.06,-34.93,-8.6023,-8.0526,,,0.22222,0
32.4139,11,9,1,0,22.33,129.67,capture,93.45,-16.76,162.78,0,178.769,7.552,179.825,-18.25,20.99,147.43,-17.88,-6.83,174.04,53.792,55.258,-9.0764,-8.8732,93.45,-16.76,-8.8156,-8.4219,,,0.21239,0
32.5115,11,9,1,0,22.33,129.67,capture,132.25,-22.53,187.74,0,178.792,7.442,179.828,-18.24,20.84,147.33,-17.83,-7.24,173.71,53.585,55.277,-8.9529,-6.5089,132.25,-22.53,-8.8774,-7.5611,,,0.22153,0
32.6122,11,9,1,0,22.33,129.67,capture,101.48,-6.53,157.52,0,178.912,7.458,179.819,-18.17,20.87,147.17,-17.81,-7.47,173.31,53.602,54.965,-9.6541,-8.2845,101.48,-6.53,-9.2269,-7.8866,,,0.22844,0
32.7179,11,9,1,0,22.33,129.67,capture,131.85,-8.98,176.68,0,178.761,7.498,179.816,-18.04,20.97,147.29,-17.84,-6.97,173.31,53.401,54.723,-9.0877,-6.7662,131.85,-8.98,-9.1642,-7.3824,,,0.20385,0
32.8127,11,9,1,0,22.33,129.67,capture,94.89,-21.12,167.34,0,178.835,7.570,179.826,-18.06,21.17,147.44,-17.47,-7.51,173.88,53.318,54.488,-8.5939,-8.5204,94.89,-21.12,-8.9076,-7.8945,,,0.20991,0
32.9019,11,9,1,0,22.33,129.67,capture,105.27,-16.82,168.34,0,178.751,7.604,179.834,-18.00,21.22,147.64,-17.88,-7.93,173.86,53.683,54.273,-9.3105,-7.7612,105.27,-16.82,-9.0889,-7.8345,,,0.20395,0
33.1153,12,43,4,7,335.00,389.00,dwell,248.09,12.66,386.24,0,178.785,7.703,179.838,-17.82,21.18,147.60,-17.16,-6.76,174.29,53.522,54.074,-10.2443,-1.2898,248.09,12.66,-10.2443,-1.2898,,,0.21509,0
33.2258,12,43,4,7,335.00,389.00,dwell,183.33,-4.27,421.50,0,178.773,7.670,179.830,-17.82,21.21,147.59,-17.58,-7.48,173.95,52.999,54.441,-10.0634,-4.0063,183.33,-4.27,-10.1629,-2.5122,,,0.19040,0
33.3315,12,43,4,7,335.00,389.00,dwell,204.18,180.14,246.45,0,178.768,7.609,179.827,-17.77,21.03,147.35,-17.43,-7.74,172.92,53.160,54.117,-15.7861,-3.4973,204.18,180.14,-12.6933,-2.9555,,,0.19535,0
33.4135,12,43,4,7,335.00,389.00,dwell,179.94,56.58,366.81,0,178.743,7.714,179.817,-17.94,21.01,147.33,-17.70,-7.85,173.27,53.189,53.777,-12.9696,-4.5751,179.94,56.58,-12.8176,-3.6843,,,0.20388,0
33.5083,12,43,4,7,335.00,389.00,dwell,219.37,116.13,296.36,0,178.755,7.772,179.808,-17.94,21.09,147.41,-17.49,-8.21,173.10,53.595,53.431,-13.9081,-2.7649,219.37,116.13,-13.3083,-3.2706,,,0.20080,0
33.6123,12,43,4,7,335.00,389.00,dwell,202.98,206.05,225.61,0,178.834,7.609,179.776,-17.95,21.30,147.41,-17.48,-7.61,173.52,53.713,53.581,-17.3337,-3.4242,202.98,206.05,-15.1197,-3.3397,,,0.23333,0
33.7097,12,43,4,7,335.00,389.00,dwell,264.35,124.70,273.58,0,178.867,7.569,179.789,-17.95,20.99,147.55,-17.31,-7.21,173.77,53.814,53.874,-14.8157,-0.2132,264.35,124.70,-14.9829,-1.9328,,,0.20535,0
33.8232,12,43,4,7,335.00,389.00,dwell,322.46,137.75,251.56,0,178.870,7.616,179.823,-18.11,21.01,147.71,-17.32,-7.40,173.88,53.753,54.306,-14.8092,2.0238,322.46,137.75,-14.9047,-0.1523,,,0.22433,0
33.9189,12,43,4,7,335.00,389.00,capture,325.77,202.47,186.76,0,178.834,7.778,179.830,-18.11,21.08,147.73,-17.80,-7.87,174.40,53.903,54.113,-17.3687,1.5239,325.77,202.47,-16.0135,0.6020,,,0.22177,0
34.0336,12,43,4,7,335.00,389.00,capture,332.11,180.70,208.32,0,178.758,7.726,179.835,-18.13,21.06,147.60,-17.33,-7.18,174.37,53.566,53.933,-16.9122,2.0620,332.11,180.70,-16.4179,1.2590,,,0.19809,0
34.1235,12,43,4,7,335.00,389.00,capture,340.82,171.07,218.01,0,178.860,7.796,179.828,-18.19,21.07,147.64,-18.37,-7.44,174.18,53.817,54.123,-17.5083,2.6592,340.82,171.07,-16.9086,1.8891,,,0.21769,0
34.2212,12,43,4,7,335.00,389.00,capture,352.26,192.84,196.92,0,178.794,7.853,179.809,-18.14,21.09,147.74,-17.58,-8.08,174.34,54.018,54.275,-17.1049,3.2293,352.26,192.84,-16.9969,2.4922,,,0.21503,0
34.3124,12,43,4,7,335.00,389.00,capture,341.19,180.14,208.95,0,178.849,8.012,179.827,-18.09,21.10,147.71,-18.37,-7.14,173.77,53.950,54.334,-17.7939,2.6469,341.19,180.14,-17.3555,2.5618,,,0.22119,0
34.4207,12,43,4,7,335.00,389.00,capture,348.66,195.17,194.31,0,178.735,7.977,179.833,-18.09,21.13,147.72,-18.57,-7.31,174.03,53.682,54.275,-17.7384,3.2171,348.66,195.17,-17.5279,2.8567,,,0.21686,0
34.5170,12,43,4,7,335.00,389.00,capture,347.54,186.84,202.55,0,178.786,8.130,179.824,-18.03,21.02,147.63,-18.28,-7.19,173.92,54.012,54.398,-16.9503,3.4883,347.54,186.84,-17.2680,3.1409,,,0.22180,0
34.6316,12,43,4,7,335.00,389.00,capture,316.54,177.00,212.80,0,178.720,8.120,179.852,-18.03,20.94,148.08,-17.71,-7.54,174.78,54.240,54.289,-16.1152,2.5378,316.54,177.00,-16.7492,2.8695,,,0.22237,0
34.7333,12,43,4,7,335.00,389.00,capture,332.98,171.56,217.45,0,178.843,8.131,179.841,-17.95,21.09,148.04,-17.27,-7.35,174.37,54.378,54.139,-15.2092,2.7182,332.98,171.56,-16.0562,2.8014,,,0.23242,0
34.8436,12,43,4,7,335.00,389.00,capture,331.69,190.65,198.38,0,178.873,7.964,179.811,-17.77,21.19,148.06,-17.30,-7.85,174.28,54.192,54.092,-17.2994,2.9346,331.69,190.65,-16.6156,2.8614,,,0.23008,0
34.9477,12,43,4,7,335.00,389.00,capture,323.95,185.68,203.62,0,178.926,8.035,179.797,-17.79,21.22,148.08,-17.05,-7.07,174.81,54.168,53.807,-16.9959,1.9887,323.95,185.68,-16.7868,2.4687,,,0.22366,0
35.0679,12,43,4,7,335.00,389.00,capture,319.48,176.22,213.35,0,178.795,8.043,179.806,-17.77,21.02,147.95,-17.67,-7.05,174.15,54.110,53.785,-16.8598,1.9532,319.48,176.22,-16.8196,2.2367,,,0.23512,0
35.1499,12,43,4,7,335.00,389.00,capture,343.87,194.88,194.32,0,178.984,8.014,179.806,-17.78,21.03,147.76,-17.22,-8.07,174.51,53.772,53.864,-16.7922,3.3044,343.87,194.88,-16.8073,2.7171,,,0.20985,0
35.2469,12,43,4,7,335.00,389.00,capture,349.16,196.11,193.41,0,178.867,8.108,179.823,-17.68,20.92,147.80,-17.50,-7.73,173.97,53.648,53.971,-17.3459,4.2229,349.16,196.11,-17.0497,3.3948,,,0.18976,0
35.3631,12,43,4,7,335.00,389.00,capture,356.33,167.59,222.44,0,178.774,8.148,179.809,-17.70,20.94,147.75,-17.26,-6.54,173.68,53.941,53.971,-15.7605,3.6262,356.33,167.59,-16.4695,3.4989,,,0.22259,0
35.4514,12,43,4,7,335.00,389.00,capture,335.32,182.18,206.82,0,178.811,8.153,179.819,-17.88,20.94,147.61,-17.34,-8.26,174.74,53.944,53.664,-16.9672,2.4242,335.32,182.18,-16.6935,3.0153,,,0.22442,0
35.5334,12,43,4,7,335.00,389.00,capture,325.77,185.56,203.65,0,178.652,8.085,179.831,-18.04,21.00,147.82,-18.10,-7.96,174.36,54.100,53.944,-16.7266,2.0670,325.77,185.56,-16.7084,2.5886,,,0.22125,0
35.6387,12,43,4,7,335.00,389.00,capture,325.43,155.54,233.66,0,178.757,8.022,179.806,-18.09,20.92,147.82,-17.88,-7.36,174.50,53.876,53.936,-16.1319,2.7354,325.43,155.54,-16.4490,2.6547,,,0.25519,0
35.8239,13,78,8,6,290.33,734.78,dwell,282.72,217.78,517.05,0,178.960,8.156,179.812,-18.18,21.13,147.39,-17.25,-7.50,173.32,53.374,54.418,-18.1053,0.4589,282.72,217.78,-18.1053,0.4589,,,0.20533,0
35.9257,13,78,8,6,290.33,734.78,dwell,443.85,136.23,617.92,0,179.032,8.214,179.831,-18.17,21.10,147.43,-18.05,-7.72,173.65,53.624,54.237,-15.8361,8.0428,443.85,136.23,-17.0842,3.8716,,,0.19304,0
36.0264,13,78,8,6,290.33,734.78,dwell,239.68,361.13,377.07,0,179.126,8.361,179.831,-18.32,21.07,147.25,-17.99,-7.54,173.12,53.613,54.692,-24.0380,-1.0363,239.68,361.13,-20.2134,1.6630,,,0.20629,0
36.1192,13,78,8,6,290.33,734.78,dwell,211.92,444.69,300.50,0,179.076,8.536,179.827,-18.43,21.02,147.25,-17.61,-6.89,173.57,53.839,54.733,-27.0810,-2.7209,211.92,444.69,-23.3038,-0.3097,,,0.23106,0
36.2156,13,78,8,6,290.33,734.78,dwell,292.08,472.02,262.76,0,179.206,8.618,179.812,-18.42,21.00,147.41,-17.66,-7.79,173.19,53.701,54.314,-27.8678,0.7091,292.08,472.02,-25.3576,0.1487,,,0.20889,0
36.3141,13,78,8,6,290.33,734.78,dwell,323.23,344.65,391.51,0,179.293,8.703,179.821,-18.50,21.00,147.68,-17.84,-8.08,173.34,53.926,54.116,-22.3769,1.6633,323.23,344.65,-24.0163,0.8303,,,0.21381,0
36.4194,13,78,8,6,290.33,734.78,dwell,311.04,476.19,259.42,0,179.296,8.826,179.819,-18.61,20.75,147.79,-17.59,-7.12,173.73,54.062,53.925,-27.9924,1.7234,311.04,476.19,-25.8055,1.2322,,,0.22012,0
36.5128,13,78,8,6,290.33,734.78,dwell,299.02,532.15,202.81,0,179.197,8.886,179.857,-18.63,20.92,147.91,-17.68,-7.65,174.12,54.554,54.103,-30.5481,0.8655,299.02,532.15,-27.9397,1.0672,,,0.22331,0
36.6134,13,78,8,6,290.33,734.78,capture,285.56,515.26,219.57,0,179.099,8.836,179.843,-18.61,20.93,147.99,-17.78,-7.06,174.36,54.024,53.949,-30.3037,-0.1072,285.56,515.26,-29.0035,0.5387,,,0.23337,0
36.7046,13,78,8,6,290.33,734.78,capture,271.00,520.59,215.06,0,179.061,8.761,179.848,-18.64,20.86,147.73,-18.55,-7.45,173.49,53.874,54.058,-30.2168,-0.1754,271.00,520.59,-29.5495,0.2173,,,0.21802,0
36.7947,13,78,8,6,290.33,734.78,capture,276.15,496.20,239.00,0,179.105,8.829,179.834,-18.58,20.77,147.63,-18.22,-8.20,173.53,53.564,54.095,-28.8588,0.5242,276.15,496.20,-29.2387,0.3554,,,0.21070,0
36.8932,13,78,8,6,290.33,734.78,capture,288.75,511.49,223.29,0,179.187,8.856,179.837,-18.60,20.78,147.43,-18.78,-7.58,173.73,53.699,54.041,-28.9461,0.3435,288.75,511.49,-29.1070,0.3500,,,0.20498,0
36.9903,13,78,8,6,290.33,734.78,capture,269.85,535.32,200.51,0,179.188,8.929,179.836,-18.51,20.75,147.25,-17.31,-7.78,173.38,53.432,54.144,-30.5293,0.0841,269.85,535.32,-29.7470,0.2304,,,0.19494,0
37.0886,13,78,8,6,290.33,734.78,capture,268.75,513.09,222.74,0,179.265,8.986,179.817,-18.45,20.67,147.05,-18.23,-7.99,173.21,53.749,54.448,-29.8186,-0.4683,268.75,513.09,-29.7793,-0.0841,,,0.21035,0
37.1991,13,78,8,6,290.33,734.78,capture,295.42,515.60,219.24,0,179.175,8.957,179.787,-18.66,20.81,147.01,-18.29,-8.17,173.55,53.582,54.732,-29.2976,1.1115,295.42,515.60,-29.5625,0.4540,,,0.21071,0
37.2952,13,78,8,6,290.33,734.78,capture,291.33,489.00,245.78,0,179.180,8.890,179.781,-18.67,20.82,146.96,-18.56,-7.80,173.15,53.501,54.205,-28.7495,0.4983,291.33,489.00,-29.1967,0.4739,,,0.18494,0
37.3952,13,78,8,6,290.33,734.78,capture,265.21,542.31,194.10,0,179.210,8.789,179.811,-18.59,20.56,146.89,-18.47,-8.65,173.25,53.667,54.462,-30.6334,-0.8921,265.21,542.31,-29.8432,-0.1408,,,0.22993,0
37.4982,13,78,8,6,290.33,734.78,capture,253.96,527.16,210.78,0,179.098,8.851,179.792,-18.62,20.56,147.00,-18.21,-8.51,172.94,53.970,54.006,-30.2711,-0.8840,253.96,527.16,-30.0357,-0.4752,,,0.23576,0
37.5802,13,78,8,6,290.33,734.78,capture,282.04,555.70,179.27,0,179.105,8.916,179.787,-18.54,20.90,146.96,-18.25,-7.64,172.69,53.997,54.085,-31.3238,-0.0885,282.04,555.70,-30.6154,-0.3012,,,0.19545,0
37.6749,13,78,8,6,290.33,734.78,capture,285.04,523.25,211.59,0,179.104,8.883,179.770,-18.55,21.04,147.06,-18.54,-7.45,173.22,53.895,53.887,-30.0855,0.8563,285.04,523.25,-30.3769,0.2197,,,0.22497,0
37.7722,13,78,8,6,290.33,734.78,capture,301.30,526.08,208.99,0,179.063,8.873,179.768,-18.56,20.82,147.12,-17.56,-8.51,173.32,53.578,54.257,-29.3308,0.7301,301.30,526.08,-29.9062,0.4494,,,0.19019,0
37.8802,13,78,8,6,290.33,734.78,capture,281.69,524.01,210.94,0,179.004,8.768,179.778,-18.66,20.82,147.26,-18.18,-7.22,173.74,53.761,54.500,-29.3887,-0.0974,281.69,524.01,-29.6733,0.2033,,,0.19914,0
37.9701,13,78,8,6,290.33,734.78,capture,276.88,504.30,230.87,0,178.922,8.799,179.762,-18.61,20.60,147.20,-17.80,-8.25,173.36,53.904,54.415,-29.2315,-0.4392,276.88,504.30,-29.4745,-0.0858,,,0.22755,0
38.0792,13,78,8,6,290.33,734.78,capture,259.63,501.85,234.94,0,179.016,8.777,179.788,-18.73,20.55,147.23,-18.01,-8.89,173.21,54.522,54.581,-29.5847,-0.5963,259.63,501.85,-29.5241,-0.3155,,,0.24049,0
38.1819,13,78,8,6,290.33,734.78,capture,270.41,529.07,206.67,0,178.981,8.755,179.747,-18.72,20.63,147.31,-18.47,-7.99,173.71,54.442,53.971,-29.9235,-0.3737,270.41,529.07,-29.7038,-0.3417,,,0.23196,0
38.2814,13,78,8,6,290.33,734.78,capture,247.70,553.39,186.33,0,178.825,8.677,179.759,-18.54,20.80,147.35,-18.05,-7.04,173.30,54.261,54.038,-31.5406,-1.2258,247.70,553.39,-30.5304,-0.7396,,,0.23338,0
38.3927,13,78,8,6,290.33,734.78,capture,264.80,536.93,199.49,0,178.769,8.765,179.763,-18.50,20.95,147.40,-17.90,-7.95,173.54,54.170,54.214,-30.3016,-1.2944,264.80,536.93,-30.4274,-0.9893,,,0.21874,0
38.4818,13,78,8,6,290.33,734.78,capture,285.70,537.77,197.06,0,178.786,8.810,179.770,-18.38,20.75,147.42,-17.64,-7.90,173.93,53.980,54.155,-30.6594,0.9392,285.70,537.77,-30.5318,-0.1215,,,0.23537,0
38.6694,14,27,3,0,22.33,302.56,dwell,203.50,459.32,239.58,0,178.800,8.710,179.765,-18.38,20.55,147.38,-17.44,-8.75,173.91,53.908,54.149,-28.2556,-3.2314,203.50,459.32,-28.2556,-3.2314,,,0.18277,0
38.7696,14,27,3,0,22.33,302.56,dwell,183.83,410.43,194.21,0,178.703,8.545,179.787,-18.27,20.62,147.37,-17.56,-6.66,173.99,54.208,54.189,-25.9726,-3.9962,183.83,410.43,-27.2282,-3.5756,,,0.21015,0
38.8707,14,27,3,0,22.33,302.56,dwell,129.62,502.36,226.79,0,178.748,8.626,179.768,-18.26,20.55,147.27,-18.37,-7.82,173.85,53.976,54.361,-29.8803,-6.9781,129.62,502.36,-28.4217,-5.1067,,,0.21402,0
38.9843,14,27,3,0,22.33,302.56,dwell,180.36,433.73,205.38,0,178.799,8.574,179.762,-18.31,20.52,147.17,-17.87,-8.63,173.28,54.089,54.367,-26.5030,-4.2272,180.36,433.73,-27.5583,-4.7109,,,0.23680,0
39.0830,14,27,3,0,22.33,302.56,dwell,120.63,384.26,127.82,0,178.867,8.476,179.758,-18.31,20.57,147.06,-17.87,-7.92,173.53,53.969,54.338,-24.8224,-7.4851,120.63,384.26,-26.3272,-5.9593,,,0.21583,0
39.1865,14,27,3,0,22.33,302.56,dwell,68.67,444.68,149.49,0,178.949,8.349,179.741,-18.31,20.77,147.30,-18.28,-7.43,173.81,53.918,54.611,-26.4524,-9.7640,68.67,444.68,-26.3835,-7.6714,,,0.22733,0
39.3037,14,27,3,0,22.33,302.56,dwell,132.27,430.42,168.63,0,178.967,8.493,179.728,-18.36,20.84,147.06,-17.61,-7.16,172.99,53.857,54.666,-27.3327,-7.1802,132.27,430.42,-26.8107,-7.4504,,,0.21988,0
39.4063,14,27,3,0,22.33,302.56,dwell,50.90,464.75,164.69,0,178.894,8.285,179.702,-18.55,20.79,147.08,-18.12,-7.55,172.74,53.646,54.683,-28.0699,-10.4833,50.90,464.75,-27.3773,-8.8152,,,0.21176,0
39.5096,14,27,3,0,22.33,302.56,dwell,6.97,420.73,119.17,0,178.930,8.309,179.710,-18.58,20.78,147.12,-18.35,-7.02,173.36,53.989,54.873,-27.1237,-12.1029,6.97,420.73,-27.2632,-10.2947,,,0.21742,0
39.6144,14,27,3,0,22.33,302.56,dwell,-3.61,387.46,88.78,0,178.960,8.102,179.700,-18.45,20.66,147.30,-18.21,-7.60,173.56,53.898,54.766,-25.8996,-12.1729,-3.61,387.46,-26.6496,-11.1399,,,0.22713,0
39.7485,14,27,3,0,22.33,302.56,capture,-3.28,329.93,37.49,0,179.077,8.031,179.727,-18.39,20.68,147.23,-18.05,-8.40,173.57,54.420,54.973,-23.6138,-13.0434,-3.28,329.93,-25.2835,-11.9965,,,0.24114,0
39.8409,14,27,3,0,22.33,302.56,capture,28.55,388.71,86.38,0,179.021,8.049,179.766,-18.38,20.77,147.09,-17.62,-7.58,173.25,54.252,54.749,-25.1970,-11.8357,28.55,388.71,-25.2445,-11.9241,,,0.23317,0
39.9229,14,27,3,0,22.33,302.56,capture,4.56,362.47,62.50,0,178.986,8.152,179.807,-18.40,20.52,147.03,-17.05,-8.41,173.27,54.345,54.904,-23.3999,-12.1840,4.56,362.47,-24.4145,-12.0411,,,0.24126,0
40.0095,14,27,3,0,22.33,302.56,capture,-3.03,366.05,68.37,0,178.912,8.125,179.788,-18.48,20.41,147.04,-18.03,-8.29,173.19,54.257,55.069,-24.2255,-12.6396,-3.03,366.05,-24.3294,-12.3104,,,0.20705,0
40.1074,14,27,3,0,22.33,302.56,capture,-17.23,347.87,60.16,0,178.947,7.901,179.827,-18.59,20.41,147.07,-17.95,-8.20,173.46,54.092,54.971,-23.0691,-13.8454,-17.23,347.87,-23.7623,-13.0011,,,0.21099,0
40.2356,14,27,3,0,22.33,302.56,capture,-8.81,383.87,87.07,0,178.908,7.783,179.832,-18.61,20.24,146.99,-18.14,-8.17,173.51,54.232,54.753,-23.9514,-13.5893,-8.81,383.87,-23.8474,-13.2658,,,0.22857,0
40.3176,14,27,3,0,22.33,302.56,capture,13.03,359.69,57.89,0,178.957,7.805,179.819,-18.47,20.35,147.12,-18.32,-7.82,173.19,54.267,54.531,-23.7892,-12.2107,13.03,359.69,-23.8212,-12.7910,,,0.25837,0
40.4184,14,27,3,0,22.33,302.56,capture,0.97,368.73,69.54,0,179.051,7.895,179.818,-18.50,20.45,147.17,-17.89,-7.85,173.81,54.472,54.562,-24.2655,-12.6172,0.97,368.73,-24.0211,-12.7128,,,0.23504,0
40.5112,14,27,3,0,22.33,302.56,capture,9.20,369.19,67.92,0,179.132,7.851,179.804,-18.50,20.41,147.23,-18.27,-8.73,173.40,54.518,54.280,-23.0582,-12.3744,9.20,369.19,-23.5878,-12.5605,,,0.24426,0
40.6156,14,27,3,0,22.33,302.56,capture,10.39,409.55,107.66,0,179.019,7.963,179.798,-18.51,20.48,147.27,-18.35,-8.24,173.48,54.343,53.973,-25.3812,-12.7142,10.39,409.55,-24.3948,-12.6296,,,0.24191,0
40.7015,14,27,3,0,22.33,302.56,capture,16.44,426.22,123.80,0,179.019,8.150,179.819,-18.67,20.41,147.49,-18.45,-8.50,173.75,54.248,54.005,-26.4738,-11.3921,16.44,426.22,-25.3304,-12.0727,,,0.22279,0
40.8004,14,27,3,0,22.33,302.56,capture,-0.88,393.79,94.14,0,179.038,7.973,179.837,-18.71,20.50,147.43,-17.88,-9.32,173.26,54.248,53.936,-24.6325,-12.6840,-0.88,393.79,-25.0163,-12.3478,,,0.21805,0
40.8921,14,27,3,0,22.33,302.56,capture,-16.32,385.62,91.62,0,179.108,7.994,179.798,-18.79,20.49,147.34,-18.74,-7.97,173.53,54.307,53.887,-24.9003,-14.0615,-16.32,385.62,-24.9641,-13.1190,,,0.22651,0
40.9832,14,27,3,0,22.33,302.56,capture,24.18,357.59,55.07,0,179.070,7.864,179.808,-18.81,20.44,147.11,-18.20,-9.00,173.37,53.993,53.872,-23.3823,-11.1728,24.18,357.59,-24.2523,-12.2432,,,0.22294,0
41.0798,14,27,3,0,22.33,302.56,capture,18.02,386.76,84.31,0,178.985,8.021,179.808,-18.69,20.51,147.18,-18.38,-7.65,173.75,53.962,53.911,-24.9007,-11.2825,18.02,386.76,-24.5441,-11.8109,,,0.21573,0
41.1750,14,27,3,0,22.33,302.56,capture,8.39,368.28,67.19,0,179.089,8.052,179.831,-18.68,20.59,147.26,-18.72,-8.13,173.24,53.929,53.799,-23.9022,-12.1035,8.39,368.28,-24.2552,-11.9425,,,0.20955,0
41.2652,14,27,3,0,22.33,302.56,capture,16.66,359.41,57.14,0,179.100,8.172,179.847,-18.67,20.63,147.23,-18.15,-8.38,172.89,54.149,53.793,-23.8777,-12.3037,16.66,359.41,-24.0853,-12.1051,,,0.22208,0
41.3818,14,27,3,0,22.33,302.56,capture,32.73,387.72,85.80,0,179.025,8.204,179.848,-18.71,20.64,147.45,-17.96,-7.47,173.48,54.227,53.683,-24.3969,-10.8225,32.73,387.72,-24.2255,-11.5279,,,0.21055,0
41.4727,14,27,3,0,22.33,302.56,capture,6.60,385.19,84.12,0,178.943,8.300,179.846,-18.60,20.76,147.12,-18.07,-7.63,172.77,54.564,53.798,-24.7879,-12.3758,6.60,385.19,-24.4786,-11.9095,,,0.23650,0
41.5654,14,27,3,0,22.33,302.56,capture,1.25,374.96,75.41,0,178.808,8.224,179.823,-18.59,20.88,147.20,-18.44,-7.52,173.68,54.576,54.049,-24.3683,-12.7228,1.25,374.96,-24.4290,-12.2755,,,0.23552,0
41.7712,15,12,1,3,156.33,129.67,dwell,-38.74,279.29,245.85,0,178.820,8.019,179.796,-18.62,21.00,147.21,-17.87,-7.58,173.37,54.397,53.859,-20.2037,-14.7151,-38.74,279.29,-20.2037,-14.7151,,,0.24338,0
41.8817,15,12,1,3,156.33,129.67,dwell,86.92,234.13,125.42,0,178.830,7.906,179.789,-18.61,21.05,147.20,-18.14,-8.27,173.49,54.276,54.000,-19.6839,-8.6526,86.92,234.13,-19.9698,-11.9870,,,0.22445,0
41.9811,15,12,1,3,156.33,129.67,dwell,122.63,323.34,196.58,0,178.878,7.827,179.805,-18.41,21.00,147.33,-17.76,-7.49,174.05,53.924,53.804,-23.2466,-7.5250,122.63,323.34,-21.4444,-9.9791,,,0.23312,0
42.0719,15,12,1,3,156.33,129.67,dwell,110.20,62.72,81.30,0,178.803,7.701,179.826,-18.32,21.05,147.07,-17.67,-7.07,173.33,53.698,54.035,-12.7108,-7.1378,110.20,62.72,-17.5143,-8.7005,,,0.20941,0
42.1667,15,12,1,3,156.33,129.67,dwell,33.18,106.17,125.37,0,178.812,7.671,179.834,-18.34,20.93,147.25,-18.07,-7.68,173.30,53.295,53.797,-12.3987,-10.6956,33.18,106.17,-15.2122,-9.5983,,,0.21037,0
42.2678,15,12,1,3,156.33,129.67,dwell,98.48,74.76,79.76,0,178.773,7.542,179.847,-18.34,20.87,147.14,-18.21,-7.59,173.60,53.607,53.908,-12.4686,-8.2988,98.48,74.76,-13.9776,-9.0135,,,0.19060,0
42.3676,15,12,1,3,156.33,129.67,dwell,71.82,127.39,84.54,0,178.827,7.465,179.827,-18.35,20.75,147.47,-17.97,-8.07,173.78,54.095,53.980,-14.8364,-9.3849,71.82,127.39,-14.3641,-9.1806,,,0.20265,0
42.4755,15,12,1,3,156.33,129.67,dwell,126.24,66.45,70.01,0,178.728,7.599,179.837,-18.25,20.64,147.36,-17.89,-9.17,173.72,53.761,54.363,-12.3354,-7.0973,126.24,66.45,-13.4512,-8.2431,,,0.22493,0
42.5871,15,12,1,3,156.33,129.67,dwell,200.91,38.69,101.31,0,178.666,7.560,179.816,-18.18,20.62,147.61,-17.56,-7.41,173.96,53.948,54.233,-10.7395,-3.5439,200.91,38.69,-12.2309,-6.1285,,,0.22762,0
42.6940,15,12,1,3,156.33,129.67,dwell,126.55,8.62,124.66,0,178.677,7.510,179.804,-18.19,20.51,147.66,-18.24,-8.26,173.85,54.176,53.985,-11.1437,-7.2103,126.55,8.62,-11.7417,-6.6153,,,0.22122,0
42.8104,15,12,1,3,156.33,129.67,dwell,144.59,24.74,105.58,0,178.732,7.521,179.812,-18.22,20.44,147.69,-18.30,-8.58,173.98,54.107,53.910,-9.8022,-6.2356,144.59,24.74,-10.8689,-6.4444,,,0.23341,0
42.9055,15,12,1,3,156.33,129.67,capture,135.85,-29.50,160.48,0,178.575,7.465,179.811,-18.24,20.63,147.38,-17.55,-7.54,173.60,54.185,53.636,-8.7693,-5.8729,135.85,-29.50,-9.9241,-6.1873,,,0.21567,0
43.0113,15,12,1,3,156.33,129.67,capture,149.66,-34.97,164.77,0,178.580,7.479,179.799,-18.23,20.75,147.56,-18.10,-8.03,173.96,54.417,53.780,-8.2831,-5.2748,149.66,-34.97,-9.1856,-5.7766,,,0.22583,0
43.1051,15,12,1,3,156.33,129.67,capture,158.03,9.09,120.59,0,178.675,7.543,179.767,-18.25,20.68,147.36,-17.96,-7.10,173.79,54.092,53.492,-10.0638,-5.4143,158.03,9.09,-9.5808,-5.6136,,,0.21549,0
43.2067,15,12,1,3,156.33,129.67,capture,131.82,-19.70,151.36,0,178.758,7.570,179.745,-18.10,20.82,147.35,-17.76,-8.58,173.80,53.987,53.942,-9.5418,-6.1566,131.82,-19.70,-9.5632,-5.8579,,,0.23707,0
43.3071,15,12,1,3,156.33,129.67,capture,134.00,-33.12,164.31,0,178.797,7.617,179.801,-18.12,20.72,147.28,-17.60,-7.86,173.70,53.840,53.970,-8.5667,-6.6132,134.00,-33.12,-9.1148,-6.1978,,,0.17981,0
43.4035,15,12,1,3,156.33,129.67,capture,174.03,-7.24,138.05,0,178.895,7.532,179.826,-18.20,20.67,146.97,-17.69,-8.28,172.79,53.931,53.651,-9.9679,-5.0418,174.03,-7.24,-9.4987,-5.6776,,,0.23528,0
43.4962,15,12,1,3,156.33,129.67,capture,147.94,-3.97,133.90,0,178.991,7.774,179.807,-18.25,20.55,146.96,-17.92,-7.59,173.29,53.644,53.615,-9.6801,-6.2543,147.94,-3.97,-9.5803,-5.9371,,,0.21171,0
43.6051,15,12,1,3,156.33,129.67,capture,144.12,-31.79,161.92,0,179.019,7.767,179.823,-18.35,20.42,146.78,-17.26,-7.94,172.65,53.680,53.931,-8.7158,-6.0510,144.12,-31.79,-9.1913,-5.9884,,,0.22833,0
43.6950,15,12,1,3,156.33,129.67,capture,142.66,-19.95,150.24,0,179.017,7.708,179.825,-18.35,20.34,146.64,-17.97,-8.17,172.62,53.697,54.434,-8.4817,-6.4449,142.66,-19.95,-8.8720,-6.1938,,,0.23146,0
43.7928,15,12,1,3,156.33,129.67,capture,168.56,-10.17,140.37,0,179.127,7.701,179.857,-18.51,20.47,146.67,-17.78,-8.54,172.89,53.728,54.474,-10.0356,-5.4564,168.56,-10.17,-9.3956,-5.8620,,,0.20123,0
43.8809,15,12,1,3,156.33,129.67,capture,145.89,-22.31,152.34,0,179.104,7.634,179.838,-18.62,20.36,146.96,-17.96,-7.99,172.78,53.178,54.302,-8.6023,-5.8011,145.89,-22.31,-9.0386,-5.8346,,,0.23108,0
43.9738,15,12,1,3,156.33,129.67,capture,151.33,-16.21,145.96,0,179.165,7.673,179.804,-18.66,20.32,146.94,-17.89,-7.95,173.32,53.234,53.989,-8.8635,-5.3946,151.33,-16.21,-8.9598,-5.6366,,,0.20371,0
44.0696,15,12,1,3,156.33,129.67,capture,146.32,1.08,128.98,0,179.208,7.721,179.827,-18.65,20.46,146.86,-18.38,-7.10,173.12,53.663,54.010,-9.9520,-6.0164,146.32,1.08,-9.4063,-5.8075,,,0.20856,0
44.1717,15,12,1,3,156.33,129.67,capture,145.76,-21.57,151.61,0,179.089,7.683,179.805,-18.64,20.53,147.05,-18.15,-8.48,173.47,53.684,54.068,-9.1104,-5.4436,145.76,-21.57,-9.2732,-5.6438,,,0.21388,0
44.2624,15,12,1,3,156.33,129.67,capture,164.92,-27.88,157.78,0,179.006,7.860,179.822,-18.68,20.44,146.75,-18.85,-9.59,173.22,53.538,54.294,-8.3378,-5.6022,164.92,-27.88,-8.8523,-5.6251,,,0.22868,0
44.3653,15,12,1,3,156.33,129.67,capture,152.96,-13.13,142.84,0,178.885,7.847,179.859,-18.57,20.47,146.74,-18.77,-7.77,172.43,53.586,53.947,-9.4119,-5.9059,152.96,-13.13,-9.1041,-5.7515,,,0.21038,0
44.4761,15,12,1,3,156.33,129.67,capture,152.21,-11.84,141.57,0,178.980,7.809,179.849,-18.53,20.19,146.93,-18.36,-8.13,173.02,53.692,54.232,-9.3061,-5.6979,152.21,-11.84,-9.1950,-5.7273,,,0.22310,0
44.5581,15,12,1,3,156.33,129.67,capture,154.64,-30.83,160.51,0,179.010,7.832,179.843,-18.44,20.27,146.91,-18.26,-7.87,173.54,53.628,54.463,-7.7079,-6.1374,154.64,-30.83,-8.5258,-5.9119,,,0.21166,0
44.7423,16,42,4,6,290.33,389.00,dwell,116.99,39.32,390.29,0,178.992,7.924,179.879,-18.49,20.34,146.93,-17.66,-8.35,172.81,53.487,54.635,-11.7209,-6.6771,116.99,39.32,-11.7209,-6.6771,,,0.24463,0
44.8288,16,42,4,6,290.33,389.00,dwell,145.80,247.68,202.14,0,178.922,8.111,179.895,-18.43,20.38,147.27,-18.00,-8.41,173.55,53.589,54.868,-19.9846,-5.5767,145.80,247.68,-15.4396,-6.1819,,,0.20817,0
44.9311,16,42,4,6,290.33,389.00,dwell,214.41,70.75,327.18,0,178.918,8.098,179.891,-18.36,20.39,147.24,-18.21,-8.19,173.66,53.241,54.973,-13.3158,-2.3170,214.41,70.75,-14.4839,-4.4427,,,0.18973,0
45.0131,16,42,4,6,290.33,389.00,dwell,106.90,258.32,225.22,0,178.848,8.252,179.901,-18.36,20.46,147.25,-18.40,-7.77,173.85,53.562,54.874,-19.5814,-7.4227,106.90,258.32,-16.7778,-5.7837,,,0.22838,0
45.1156,16,42,4,6,290.33,389.00,dwell,195.82,181.43,228.07,0,178.786,8.210,179.908,-18.34,20.55,147.42,-17.35,-7.39,173.53,53.809,54.535,-16.2508,-3.7829,195.82,181.43,-16.5406,-4.8833,,,0.22539,0
45.1987,16,42,4,6,290.33,389.00,dwell,198.98,311.43,119.84,0,178.798,8.188,179.899,-18.31,20.55,147.36,-18.33,-8.13,173.61,53.378,54.416,-21.0974,-3.1060,198.98,311.43,-18.5912,-4.0835,,,0.20909,0
45.2944,16,42,4,6,290.33,389.00,dwell,257.89,320.27,76.00,0,178.912,8.183,179.888,-18.40,20.56,147.15,-17.86,-7.44,173.39,53.351,54.329,-21.9206,-0.9467,257.89,320.27,-20.0894,-2.6720,,,0.19655,0
45.4208,16,42,4,6,290.33,389.00,dwell,163.75,303.06,153.00,0,178.951,8.255,179.882,-18.32,20.60,146.97,-17.89,-7.00,173.09,53.038,54.788,-22.2159,-5.2726,163.75,303.06,-21.0463,-3.8422,,,0.19103,0
45.5303,16,42,4,6,290.33,389.00,dwell,283.41,349.60,40.00,1,178.789,8.267,179.879,-18.14,20.72,146.88,-17.60,-7.91,172.95,53.064,54.330,-23.4669,0.0060,283.41,349.60,-22.1356,-2.1105,,,0.18883,0
45.6444,16,42,4,6,290.33,389.00,dwell,197.11,383.71,93.37,0,178.755,8.154,179.860,-18.30,20.84,146.93,-17.88,-7.47,172.95,53.221,54.082,-24.7760,-3.3211,197.11,383.71,-23.3238,-2.6553,,,0.18652,0
45.7405,16,42,4,6,290.33,389.00,dwell,205.82,375.65,85.56,0,178.814,8.206,179.852,-18.33,20.86,147.07,-18.16,-7.54,173.34,53.383,54.024,-24.8812,-3.5927,205.82,375.65,-24.0246,-3.0771,,,0.20500,0
45.8451,16,42,4,6,290.33,389.00,capture,234.80,443.08,77.52,0,178.763,8.245,179.843,-18.33,20.84,147.13,-17.51,-7.09,173.09,53.369,54.444,-26.5499,-1.7769,234.80,443.08,-25.1610,-2.4920,,,0.19174,0
45.9319,16,42,4,6,290.33,389.00,capture,200.43,432.29,99.78,0,178.792,8.112,179.847,-18.42,20.86,147.21,-18.27,-8.10,173.73,53.516,54.471,-26.4963,-3.9554,200.43,432.29,-25.7619,-3.1506,,,0.21189,0
46.0139,16,42,4,6,290.33,389.00,capture,214.22,458.35,102.97,0,178.838,8.160,179.859,-18.38,20.92,147.17,-17.60,-7.12,173.25,53.581,54.160,-28.0978,-3.1211,214.22,458.35,-26.8130,-3.1373,,,0.21614,0
46.1320,16,42,4,6,290.33,389.00,capture,212.52,426.98,86.59,0,178.817,8.232,179.882,-18.42,20.83,147.17,-17.93,-7.73,173.04,53.542,54.091,-27.3080,-3.3612,212.52,426.98,-27.0358,-3.2381,,,0.21141,0
46.2140,16,42,4,6,290.33,389.00,capture,208.36,419.56,87.48,0,178.752,8.209,179.837,-18.40,20.92,147.38,-17.74,-8.06,173.36,53.641,54.044,-25.5443,-3.2507,208.36,419.56,-26.3646,-3.2438,,,0.22475,0
46.3116,16,42,4,6,290.33,389.00,capture,230.80,427.03,70.64,0,178.736,8.183,179.851,-18.37,21.02,147.38,-17.97,-7.21,173.40,53.617,53.885,-25.1597,-2.2069,230.80,427.03,-25.8224,-2.7772,,,0.23467,0
46.4363,16,42,4,6,290.33,389.00,capture,224.26,460.85,97.61,0,178.809,8.127,179.886,-18.44,21.20,147.38,-17.85,-7.87,173.39,53.474,54.123,-28.0648,-2.4595,224.26,460.85,-26.8315,-2.6342,,,0.20993,0
46.5206,16,42,4,6,290.33,389.00,capture,232.25,415.32,63.77,0,178.759,8.147,179.875,-18.52,21.11,147.39,-17.88,-7.69,174.10,53.523,54.480,-25.8808,-1.5766,232.25,415.32,-26.4037,-2.1583,,,0.18318,0
46.6191,16,42,4,6,290.33,389.00,capture,205.36,403.02,86.12,0,178.802,8.015,179.864,-18.55,21.25,147.45,-18.47,-7.67,173.83,53.298,55.035,-24.8040,-3.1756,205.36,403.02,-25.6838,-2.6161,,,0.20591,0
46.7113,16,42,4,6,290.33,389.00,capture,235.23,439.74,74.91,0,178.941,8.123,179.879,-18.48,21.28,147.56,-18.27,-7.26,173.82,53.239,54.972,-26.7010,-1.7217,235.23,439.74,-26.1416,-2.2136,,,0.18727,0
46.8272,16,42,4,6,290.33,389.00,capture,249.62,450.03,73.36,0,178.942,8.136,179.875,-18.32,21.36,147.84,-17.62,-6.81,174.48,53.283,54.569,-27.2467,-1.6798,249.62,450.03,-26.6389,-1.9734,,,0.22649,0
46.9222,16,42,4,6,290.33,389.00,capture,232.59,440.02,77.05,0,178.861,8.158,179.863,-18.42,20.94,147.73,-17.90,-7.19,173.93,53.317,54.686,-27.0489,-1.6635,232.59,440.02,-26.8234,-1.8340,,,0.20333,0
47.0294,16,42,4,6,290.33,389.00,capture,230.40,430.06,72.65,0,178.828,8.136,179.840,-18.41,20.87,147.93,-17.82,-7.46,174.76,53.556,54.470,-26.6457,-2.1525,230.40,430.06,-26.7434,-1.9773,,,0.19237,0
47.1183,16,42,4,6,290.33,389.00,capture,200.86,409.57,91.81,0,178.856,8.153,179.806,-18.53,20.93,147.79,-17.96,-7.66,174.31,53.389,54.518,-24.8817,-3.2507,200.86,409.57,-25.9056,-2.5503,,,0.20162,0
47.2169,16,42,4,6,290.33,389.00,capture,218.74,419.10,77.66,0,178.816,8.140,179.833,-18.48,20.99,147.91,-17.75,-7.29,174.14,53.586,54.497,-26.1274,-2.2858,218.74,419.10,-26.0054,-2.4313,,,0.19515,0
47.3264,16,42,4,6,290.33,389.00,capture,218.98,424.97,79.91,0,178.782,8.034,179.831,-18.36,20.95,147.75,-17.94,-7.89,174.25,53.832,54.416,-25.7699,-2.6062,218.98,424.97,-25.8994,-2.5100,,,0.23718,0
47.4307,16,42,4,6,290.33,389.00,capture,206.72,421.93,89.86,0,178.693,7.906,179.838,-18.38,20.97,147.71,-18.59,-7.47,174.46,53.875,54.834,-25.5028,-3.6811,206.72,421.93,-25.7210,-3.0370,,,0.22400,0
47.5265,16,42,4,6,290.33,389.00,capture,192.54,391.99,97.84,0,178.726,7.831,179.819,-18.23,20.89,147.68,-17.45,-7.75,173.62,53.655,54.660,-25.2047,-4.0134,192.54,391.99,-25.4887,-3.4764,,,0.21778,0
47.7350,17,22,2,4,201.00,216.11,dwell,125.88,425.69,222.63,0,178.727,7.818,179.813,-18.27,20.82,147.63,-18.89,-7.93,173.72,53.577,54.627,-26.6746,-6.8370,125.88,425.69,-26.6746,-6.8370,,,0.22680,0
47.8281,17,22,2,4,201.00,216.11,dwell,173.58,340.32,127.20,0,178.670,7.750,179.842,-18.31,20.70,148.00,-18.00,-8.22,174.36,53.712,54.192,-23.3934,-4.9383,173.58,340.32,-25.1981,-5.9826,,,0.20515,0
47.9152,17,22,2,4,201.00,216.11,dwell,152.58,276.84,77.67,0,178.636,7.706,179.872,-18.18,20.79,147.84,-18.36,-8.02,174.30,53.750,54.310,-20.1767,-5.6180,152.58,276.84,-22.9385,-5.8185,,,0.22853,0
48.0321,17,22,2,4,201.00,216.11,dwell,118.48,317.89,131.03,0,178.675,7.678,179.857,-18.04,20.62,147.65,-17.80,-8.74,173.86,53.875,53.771,-22.4424,-7.7827,118.48,317.89,-22.7152,-6.7024,,,0.22931,0
48.1213,17,22,2,4,201.00,216.11,dwell,59.11,200.59,142.74,0,178.822,7.612,179.846,-18.17,20.56,147.83,-18.24,-7.70,173.97,53.711,53.658,-17.4322,-10.1113,59.11,200.59,-20.3379,-8.2364,,,0.23026,0
48.2033,17,22,2,4,201.00,216.11,dwell,100.82,204.34,100.87,0,178.916,7.801,179.816,-18.07,20.61,147.78,-17.44,-7.36,173.65,53.551,53.854,-17.6273,-7.9806,100.82,204.34,-19.1181,-8.1213,,,0.20045,0
48.3165,17,22,2,4,201.00,216.11,dwell,31.30,173.05,175.08,0,179.029,7.741,179.783,-18.08,20.71,147.62,-17.75,-7.20,173.99,54.082,53.943,-17.1211,-11.3069,31.30,173.05,-18.2195,-9.5548,,,0.19572,0
48.4062,17,22,2,4,201.00,216.11,dwell,29.97,104.14,204.42,0,178.903,7.780,179.729,-18.12,20.70,147.57,-18.27,-7.45,173.86,53.814,53.996,-13.9095,-11.3016,29.97,104.14,-16.2800,-10.3409,,,0.21544,0
48.5304,17,22,2,4,201.00,216.11,capture,47.08,117.76,182.66,0,178.891,7.754,179.730,-18.25,20.46,147.59,-17.43,-8.23,174.04,53.859,53.988,-13.4728,-11.6377,47.08,117.76,-15.0167,-10.9244,,,0.22455,0
48.6292,17,22,2,4,201.00,216.11,capture,40.05,112.32,191.51,0,178.896,7.703,179.732,-18.24,20.51,147.78,-17.44,-7.77,174.46,53.750,54.093,-13.7774,-10.8631,40.05,112.32,-14.4590,-10.8968,,,0.19853,0
48.7297,17,22,2,4,201.00,216.11,capture,31.18,109.17,200.69,0,178.907,7.671,179.744,-18.22,20.34,147.50,-17.99,-9.27,173.63,53.478,53.748,-13.9316,-11.8629,31.18,109.17,-14.2217,-11.3315,,,0.20540,0
48.8361,17,22,2,4,201.00,216.11,capture,55.50,106.26,182.31,0,178.944,7.657,179.756,-18.30,20.39,147.32,-18.09,-8.25,174.08,53.334,53.801,-13.3460,-10.5745,55.50,106.26,-13.8276,-10.9909,,,0.22309,0
48.9309,17,22,2,4,201.00,216.11,capture,47.41,108.82,187.35,0,179.040,7.565,179.758,-18.27,20.42,147.48,-18.15,-7.98,174.14,53.562,54.249,-13.5326,-10.1370,47.41,108.82,-13.6949,-10.6066,,,0.21976,0
49.0283,17,22,2,4,201.00,216.11,capture,41.12,76.33,212.37,0,179.044,7.650,179.769,-18.28,20.43,147.71,-17.85,-8.46,174.61,53.742,54.086,-12.3125,-10.6065,41.12,76.33,-13.0728,-10.6066,,,0.20945,0
49.1343,17,22,2,4,201.00,216.11,capture,42.50,71.30,214.69,0,179.048,7.743,179.774,-18.27,20.39,147.70,-17.12,-8.16,173.76,53.893,54.092,-13.0179,-11.3365,42.50,71.30,-13.0481,-10.9351,,,0.24401,0
49.2491,17,22,2,4,201.00,216.11,capture,45.45,117.86,183.98,0,178.968,7.734,179.758,-18.23,20.62,147.72,-17.37,-7.67,173.88,53.704,54.115,-14.6237,-10.6306,45.45,117.86,-13.7571,-10.7981,,,0.22479,0
49.3547,17,22,2,4,201.00,216.11,capture,44.37,106.31,191.28,0,178.993,7.787,179.752,-18.31,20.74,147.73,-17.65,-7.79,174.45,53.538,54.125,-13.7324,-10.7657,44.37,106.31,-13.7460,-10.7835,,,0.19589,0
49.4589,17,22,2,4,201.00,216.11,capture,60.30,94.11,186.23,0,178.884,7.864,179.763,-18.38,20.83,147.81,-17.89,-7.97,174.23,53.667,54.365,-13.7529,-9.9033,60.30,94.11,-13.7491,-10.3874,,,0.20955,0
49.5615,17,22,2,4,201.00,216.11,capture,65.72,115.98,168.31,0,178.763,7.866,179.752,-18.44,20.77,147.95,-18.29,-7.82,174.23,53.512,54.222,-14.3810,-10.7120,65.72,115.98,-14.0335,-10.5335,,,0.19952,0
49.6541,17,22,2,4,201.00,216.11,capture,35.00,115.76,193.98,0,178.813,7.752,179.739,-18.41,20.72,148.04,-18.31,-8.00,174.93,53.804,54.151,-14.1710,-11.1793,35.00,115.76,-14.0953,-10.8241,,,0.20280,0
49.7590,17,22,2,4,201.00,216.11,capture,40.13,104.13,196.01,0,178.889,7.750,179.776,-18.31,20.89,148.00,-17.85,-7.65,174.50,53.909,53.973,-14.1693,-10.6945,40.13,104.13,-14.1286,-10.7658,,,0.21814,0
49.8622,17,22,2,4,201.00,216.11,capture,49.27,101.30,190.27,0,178.811,7.778,179.813,-18.44,20.90,147.88,-17.47,-7.32,174.05,54.222,54.296,-13.7849,-10.6260,49.27,101.30,-13.9739,-10.7029,,,0.21453,0
49.9616,17,22,2,4,201.00,216.11,capture,55.16,75.93,202.29,0,178.720,7.905,179.813,-18.53,20.72,148.04,-18.34,-7.38,174.48,54.135,54.309,-13.3666,-10.1921,55.16,75.93,-13.7006,-10.4730,,,0.20745,0
50.0656,17,22,2,4,201.00,216.11,capture,59.88,76.44,198.55,0,178.750,7.756,179.815,-18.52,20.74,147.91,-17.66,-7.39,174.76,53.983,54.148,-13.1428,-9.6830,59.88,76.44,-13.4496,-10.1175,,,0.22924,0
50.1659,17,22,2,4,201.00,216.11,capture,52.20,76.71,203.90,0,178.833,7.654,179.785,-18.58,20.64,148.03,-17.70,-7.31,174.82,53.998,53.762,-13.0162,-10.4829,52.20,76.71,-13.2546,-10.2820,,,0.24268,0
50.2561,17,22,2,4,201.00,216.11,capture,47.36,68.82,212.84,0,178.689,7.554,179.769,-18.47,20.44,148.07,-17.79,-8.27,174.37,54.040,53.834,-12.3673,-10.5599,47.36,68.82,-12.8553,-10.4070,,,0.21652,0
50.3410,17,22,2,4,201.00,216.11,capture,51.46,77.44,203.94,0,178.769,7.562,179.794,-18.47,20.60,148.17,-18.24,-8.00,174.87,54.079,53.848,-13.0655,-9.4642,51.46,77.44,-12.9499,-9.9828,,,0.25170,0
50.4342,17,22,2,4,201.00,216.11,capture,42.47,103.64,194.37,0,178.753,7.474,179.827,-18.43,20.46,148.06,-18.22,-8.16,174.54,53.743,53.911,-13.5312,-10.7183,42.47,103.64,-13.2115,-10.3137,,,0.22498,0
50.6221,18,7,0,7,335.00,43.22,dwell,133.32,110.28,212.54,0,178.822,7.606,179.821,-18.46,20.65,147.99,-18.39,-7.88,174.40,53.588,53.787,-13.6022,-7.0772,133.32,110.28,-13.6022,-7.0772,,,0.18927,0
50.7041,18,7,0,7,335.00,43.22,dwell,172.92,124.74,181.43,0,179.011,7.563,179.808,-18.50,20.76,147.96,-17.86,-8.25,174.71,53.481,53.391,-15.1739,-5.3158,172.92,124.74,-14.3095,-6.2846,,,0.19271,0
50.8114,18,7,0,7,335.00,43.22,dwell,304.90,144.91,106.05,0,179.014,7.485,179.797,-18.46,20.75,147.89,-17.79,-8.48,174.39,53.278,53.343,-15.8688,1.0557,304.90,144.91,-15.0112,-2.9814,,,0.21041,0
50.9290,18,7,0,7,335.00,43.22,dwell,219.07,67.52,118.45,0,178.870,7.485,179.811,-18.47,20.73,147.94,-18.25,-8.35,174.31,53.770,53.486,-12.7545,-2.7695,219.07,67.52,-13.9957,-2.8861,,,0.24083,0
51.0166,18,7,0,7,335.00,43.22,dwell,155.18,71.36,182.01,0,178.842,7.372,179.812,-18.42,20.62,147.62,-18.22,-8.31,174.08,53.909,53.617,-11.5942,-5.2509,155.18,71.36,-12.9150,-3.9503,,,0.21541,0
51.1126,18,7,0,7,335.00,43.22,dwell,264.61,177.17,151.32,0,178.987,7.365,179.835,-18.38,20.79,147.42,-18.32,-7.79,173.87,54.171,53.819,-16.6696,-0.9302,264.61,177.17,-14.6046,-2.5912,,,0.22628,0
51.2091,18,7,0,7,335.00,43.22,dwell,404.32,202.25,173.48,0,178.895,7.403,179.837,-18.41,20.98,147.33,-18.59,-7.89,173.90,53.669,53.896,-17.6173,6.0733,404.32,202.25,-15.9603,1.3078,,,0.19559,0
51.2981,18,7,0,7,335.00,43.22,dwell,314.39,181.42,139.73,0,178.847,7.308,179.831,-18.21,20.90,147.14,-17.87,-7.17,173.72,53.162,53.946,-17.6061,1.6488,314.39,181.42,-16.7009,1.4612,,,0.20769,0
51.4017,18,7,0,7,335.00,43.22,dwell,361.57,161.55,121.27,0,178.828,7.350,179.860,-18.30,20.91,147.21,-18.21,-7.55,173.68,53.359,54.027,-16.4913,4.2014,361.57,161.55,-16.6066,2.6943,,,0.21270,0
51.5048,18,7,0,7,335.00,43.22,dwell,402.22,185.69,157.53,0,178.811,7.371,179.875,-18.20,21.11,147.38,-17.91,-6.99,173.57,53.934,54.380,-17.1125,5.6510,402.22,185.69,-16.8343,4.0248,,,0.22564,0
51.6060,18,7,0,7,335.00,43.22,capture,429.48,216.75,197.58,0,178.924,7.472,179.873,-18.29,21.27,147.30,-18.09,-7.55,173.29,53.530,53.948,-18.1171,6.5415,429.48,216.75,-17.4115,5.1573,,,0.21112,0
51.7096,18,7,0,7,335.00,43.22,capture,432.91,186.20,173.29,0,178.824,7.550,179.836,-18.35,21.17,147.35,-18.23,-7.39,173.70,53.737,54.166,-16.8771,7.2066,432.91,186.20,-17.1710,6.0795,,,0.22240,0
51.8020,18,7,0,7,335.00,43.22,capture,418.34,184.24,163.80,0,178.885,7.453,179.818,-18.42,21.02,147.24,-17.36,-7.77,173.86,53.295,53.732,-16.6036,5.8359,418.34,184.24,-16.9157,5.9699,,,0.18456,0
51.8902,18,7,0,7,335.00,43.22,capture,406.81,155.76,133.50,0,178.837,7.419,179.809,-18.35,21.14,147.30,-18.18,-7.38,173.65,53.301,53.733,-15.7618,6.1617,406.81,155.76,-16.3965,6.0562,,,0.20595,0
51.9865,18,7,0,7,335.00,43.22,capture,404.59,158.44,134.60,0,178.802,7.422,179.825,-18.47,21.10,147.58,-18.43,-7.41,174.05,53.529,53.683,-16.2367,6.3900,404.59,158.44,-16.3246,6.2064,,,0.19074,0
52.0873,18,7,0,7,335.00,43.22,capture,440.71,168.89,164.22,0,178.793,7.347,179.839,-18.55,21.14,147.81,-17.50,-7.09,173.75,53.779,54.108,-16.7563,7.6097,440.71,168.89,-16.5189,6.8379,,,0.19804,0
52.1900,18,7,0,7,335.00,43.22,capture,430.56,206.03,188.78,0,178.948,7.435,179.838,-18.53,21.06,147.84,-17.83,-7.57,174.10,53.784,54.268,-17.7234,7.5201,430.56,206.03,-17.0609,7.1449,,,0.24968,0
52.2841,18,7,0,7,335.00,43.22,capture,419.99,184.66,165.01,0,178.991,7.619,179.839,-18.66,20.91,147.96,-18.21,-7.41,174.85,53.359,54.343,-17.3498,7.0517,419.99,184.66,-17.1909,7.1030,,,0.18990,0
52.4006,18,7,0,7,335.00,43.22,capture,434.29,203.35,188.41,0,178.921,7.512,179.817,-18.69,20.86,148.08,-18.95,-7.30,174.71,53.469,54.608,-17.5693,6.9718,434.29,203.35,-17.3612,7.0439,,,0.21837,0
52.5047,18,7,0,7,335.00,43.22,capture,413.36,198.27,173.72,0,178.869,7.569,179.805,-18.75,20.92,148.07,-18.27,-8.15,174.59,53.566,54.134,-17.6465,7.0393,413.36,198.27,-17.4896,7.0418,,,0.23992,0
52.6150,18,7,0,7,335.00,43.22,capture,414.73,180.92,159.11,0,178.798,7.540,179.836,-18.74,21.03,148.09,-18.50,-7.02,174.41,53.906,54.819,-16.4960,6.1919,414.73,180.92,-17.0425,6.6594,,,0.19392,0
52.7111,18,7,0,7,335.00,43.22,capture,420.24,210.90,188.10,0,178.944,7.548,179.820,-18.73,21.03,148.14,-18.02,-7.03,174.73,53.468,54.887,-18.4928,6.8845,420.24,210.90,-17.6951,6.7607,,,0.20500,0
52.7953,18,7,0,7,335.00,43.22,capture,398.86,198.15,167.57,0,178.934,7.625,179.842,-18.85,20.98,147.96,-18.19,-7.62,173.58,53.498,54.772,-17.0470,5.5607,398.86,198.15,-17.4035,6.2207,,,0.17981,0
52.8773,18,7,0,7,335.00,43.22,capture,412.38,178.93,156.22,0,179.075,7.584,179.851,-18.90,20.91,147.95,-18.79,-7.99,174.26,53.357,54.267,-16.8491,6.4085,412.38,178.93,-17.1540,6.3052,,,0.21785,0
52.9758,18,7,0,7,335.00,43.22,capture,421.93,187.88,168.77,0,179.080,7.480,179.880,-18.93,20.70,148.11,-18.21,-6.92,174.95,53.377,54.451,-17.1171,7.0418,421.93,187.88,-17.1374,6.6367,,,0.21007,0
53.0903,18,7,0,7,335.00,43.22,capture,421.23,209.35,187.17,0,179.043,7.404,179.833,-18.92,20.57,148.18,-18.38,-7.87,174.47,53.370,54.520,-17.6071,6.8761,421.23,209.35,-17.3488,6.7444,,,0.19957,0
53.2083,18,7,0,7,335.00,43.22,capture,416.39,183.02,161.76,0,179.044,7.334,179.821,-18.92,20.68,147.94,-18.39,-8.14,174.21,53.704,54.388,-17.5254,6.5134,416.39,183.02,-17.4283,6.6405,,,0.21071,0
53.3220,18,7,0,7,335.00,43.22,capture,423.01,191.70,172.60,0,179.070,7.440,179.787,-18.81,20.71,148.11,-18.68,-8.21,174.82,53.729,54.207,-17.2264,6.6061,423.01,191.70,-17.3374,6.6250,,,0.21576,0
53.5338,19,19,2,1,67.00,216.11,dwell,376.78,187.46,311.10,0,178.999,7.561,179.806,-18.64,20.89,147.74,-17.90,-7.27,174.47,53.701,54.140,-16.5682,3.9523,376.78,187.46,-16.5682,3.9523,,,0.20652,0
53.6424,19,19,2,1,67.00,216.11,dwell,385.45,-28.89,401.79,0,178.986,7.676,179.787,-18.58,20.67,147.81,-17.75,-8.14,174.64,53.353,53.739,-8.2882,5.4645,385.45,-28.89,-12.8422,4.6328,,,0.21483,0
53.7502,19,19,2,1,67.00,216.11,dwell,312.48,98.16,272.35,0,178.910,7.701,179.806,-18.58,20.53,147.58,-17.65,-8.72,174.24,53.408,53.870,-14.6270,1.9583,312.48,98.16,-13.6454,3.4293,,,0.18919,0
53.8322,19,19,2,1,67.00,216.11,dwell,271.50,152.31,214.22,0,178.894,7.792,179.827,-18.53,20.72,147.54,-17.80,-8.16,173.71,53.569,54.363,-15.4526,0.3664,271.50,152.31,-14.4586,2.0510,,,0.22523,0
53.9353,19,19,2,1,67.00,216.11,dwell,308.10,31.71,303.53,0,178.903,7.780,179.822,-18.57,20.79,147.35,-18.30,-7.24,173.66,53.653,54.334,-10.2731,1.2138,308.10,31.71,-12.5751,1.6742,,,0.21437,0
54.0296,19,19,2,1,67.00,216.11,dwell,262.46,48.44,257.52,0,178.963,7.874,179.818,-18.61,21.02,147.32,-18.11,-8.71,173.73,53.833,54.417,-11.2476,-0.0377,262.46,48.44,-11.9777,0.9039,,,0.20088,0
54.1416,19,19,2,1,67.00,216.11,dwell,307.34,51.30,291.42,0,178.851,7.818,179.809,-18.71,20.77,147.37,-17.97,-7.36,173.97,53.446,54.256,-12.4014,1.8393,307.34,51.30,-12.1684,1.3248,,,0.19251,0
54.2449,19,19,2,1,67.00,216.11,dwell,331.69,18.93,330.06,0,178.813,7.795,179.798,-18.64,20.66,147.34,-17.58,-7.58,173.43,54.035,54.490,-10.9060,2.6315,331.69,18.93,-11.6003,1.9128,,,0.19388,0
54.3366,19,19,2,1,67.00,216.11,dwell,230.71,15.98,258.56,0,178.833,7.850,179.816,-18.59,20.79,147.22,-17.92,-7.81,173.48,53.977,54.601,-10.5024,-1.1658,230.71,15.98,-11.1063,0.5274,,,0.20136,0
54.4416,19,19,2,1,67.00,216.11,dwell,236.75,-24.18,294.20,0,178.807,7.859,179.812,-18.46,20.83,147.24,-18.43,-7.75,174.02,53.985,54.429,-7.8614,-1.5358,236.75,-24.18,-9.6461,-0.4010,,,0.22690,0
54.5421,19,19,2,1,67.00,216.11,capture,252.42,-8.97,291.62,0,178.721,7.731,179.804,-18.48,20.62,147.27,-18.18,-8.06,173.13,54.209,54.480,-9.4718,-1.1892,252.42,-8.97,-9.5676,-0.7557,,,0.20904,0
54.6304,19,19,2,1,67.00,216.11,capture,217.10,-2.63,265.29,0,178.629,7.897,179.789,-18.45,20.40,147.39,-18.23,-8.42,174.01,54.531,54.444,-9.6145,-2.5836,217.10,-2.63,-9.5887,-1.5782,,,0.20939,0
54.7442,19,19,2,1,67.00,216.11,capture,213.94,-11.78,271.16,0,178.681,7.813,179.801,-18.34,20.37,147.46,-18.06,-7.57,173.63,54.423,54.729,-8.4998,-3.0602,213.94,-11.78,-9.0987,-2.2451,,,0.22372,0
54.8463,19,19,2,1,67.00,216.11,capture,214.41,5.53,257.05,0,178.921,7.785,179.793,-18.32,20.45,147.35,-17.69,-7.32,173.64,54.259,54.410,-9.6537,-2.3793,214.41,5.53,-9.3484,-2.3055,,,0.20565,0
54.9567,19,19,2,1,67.00,216.11,capture,207.64,-5.26,262.27,0,178.926,7.697,179.817,-18.27,20.30,147.51,-17.68,-7.71,174.39,54.161,54.566,-9.1585,-3.1890,207.64,-5.26,-9.2630,-2.7031,,,0.24474,0
55.0521,19,19,2,1,67.00,216.11,capture,212.73,-0.66,261.20,0,178.992,7.626,179.861,-18.42,20.47,147.72,-17.46,-8.58,173.68,53.837,55.030,-9.7052,-3.5294,212.73,-0.66,-9.4620,-3.0749,,,0.22339,0
55.1557,19,19,2,1,67.00,216.11,capture,218.70,-30.14,289.23,0,178.969,7.796,179.862,-18.38,20.65,147.75,-18.14,-7.39,174.52,54.119,54.886,-8.5873,-2.2407,218.70,-30.14,-9.0684,-2.6995,,,0.21979,0
55.2482,19,19,2,1,67.00,216.11,capture,225.45,-28.29,291.27,0,178.969,7.653,179.864,-18.35,20.71,147.78,-17.74,-7.91,174.11,54.042,54.588,-9.3386,-2.0948,225.45,-28.29,-9.1900,-2.4274,,,0.21028,0
55.3316,19,19,2,1,67.00,216.11,capture,228.28,-32.30,296.17,0,178.866,7.644,179.846,-18.33,20.73,147.97,-17.53,-7.54,174.90,54.398,54.607,-8.0661,-2.2141,228.28,-32.30,-8.6842,-2.3314,,,0.23990,0
55.4267,19,19,2,1,67.00,216.11,capture,218.99,-20.71,281.40,0,178.713,7.597,179.850,-18.18,20.70,148.08,-17.67,-7.72,174.79,54.082,54.640,-8.9806,-2.0532,218.99,-20.71,-8.8176,-2.2062,,,0.21146,0
55.5347,19,19,2,1,67.00,216.11,capture,223.97,-14.59,279.04,0,178.780,7.633,179.851,-18.34,20.73,148.00,-17.71,-8.13,174.23,54.262,54.549,-9.1561,-3.0488,223.97,-14.59,-8.9699,-2.5854,,,0.24694,0
55.6196,19,19,2,1,67.00,216.11,capture,247.38,-9.82,289.11,0,178.827,7.550,179.825,-18.24,20.94,148.05,-18.40,-7.11,174.88,54.067,54.227,-9.6218,-1.2070,247.38,-9.82,-9.2633,-1.9651,,,0.21944,0
55.7153,19,19,2,1,67.00,216.11,capture,229.39,-32.68,297.10,0,178.759,7.552,179.814,-18.18,20.72,147.89,-18.07,-7.80,174.69,53.684,54.685,-8.6856,-2.6215,229.39,-32.68,-9.0033,-2.2605,,,0.20119,0
55.8149,19,19,2,1,67.00,216.11,capture,199.31,-29.03,278.57,0,178.894,7.434,179.798,-18.29,20.71,147.94,-17.72,-7.63,174.14,53.700,54.346,-8.9661,-2.9801,199.31,-29.03,-8.9866,-2.5843,,,0.24330,0
55.9259,19,19,2,1,67.00,216.11,capture,217.23,-29.78,288.15,0,178.873,7.692,179.784,-18.36,20.59,147.91,-18.57,-7.79,174.25,53.789,54.014,-8.5577,-3.0206,217.23,-29.78,-8.7936,-2.7806,,,0.21359,0
56.0110,19,19,2,1,67.00,216.11,capture,222.64,-37.67,297.71,0,178.919,7.681,179.787,-18.23,20.56,147.95,-17.64,-7.66,174.56,54.102,54.453,-7.9508,-2.8188,222.64,-37.67,-8.4143,-2.7978,,,0.23302,0
56.0947,19,19,2,1,67.00,216.11,capture,237.97,-25.75,296.19,0,178.826,7.604,179.788,-18.40,20.57,148.01,-17.89,-7.96,174.27,54.210,54.056,-8.5316,-2.1607,237.97,-25.75,-8.4671,-2.5111,,,0.19382,0
56.1925,19,19,2,1,67.00,216.11,capture,206.90,-11.40,267.08,0,178.832,7.623,179.816,-18.39,20.37,148.27,-17.32,-8.39,174.33,53.871,53.827,-9.8844,-3.7039,206.90,-11.40,-9.1049,-3.0479,,,0.22011,0
56.2812,19,19,2,1,67.00,216.11,capture,225.26,-33.31,295.39,0,178.870,7.499,179.821,-18.39,20.48,148.16,-17.56,-8.00,175.08,53.871,53.748,-9.1407,-3.6949,225.26,-33.31,-9.1210,-3.3390,,,0.22433,0
56.3697,19,19,2,1,67.00,216.11,capture,219.07,-0.76,264.87,0,178.949,7.609,179.834,-18.37,20.34,148.23,-17.83,-8.53,174.59,53.967,53.591,-8.5646,-2.6100,219.07,-0.76,-8.8706,-3.0110,,,0.21823,0
56.5426,20,16,1,7,335.00,129.67,dwell,298.22,-35.62,169.33,0,178.865,7.614,179.785,-18.38,20.29,148.24,-17.55,-7.74,175.23,54.103,54.058,-8.3355,1.4128,298.22,-35.62,-8.3355,1.4128,,,0.20496,0
56.6420,20,16,1,7,335.00,129.67,dwell,200.59,41.81,160.58,0,178.936,7.538,179.804,-18.41,20.27,148.16,-18.10,-8.07,174.46,54.044,54.208,-11.2082,-3.3910,200.59,41.81,-9.6282,-0.7489,,,0.20629,0
56.7384,20,16,1,7,335.00,129.67,dwell,273.60,-13.46,155.74,0,178.939,7.541,179.808,-18.52,20.42,148.14,-18.39,-8.31,174.82,53.933,53.955,-9.4476,-0.2730,273.60,-13.46,-9.5469,-0.5347,,,0.24019,0
56.8277,20,16,1,7,335.00,129.67,dwell,352.86,-17.81,148.55,0,179.072,7.607,179.814,-18.46,20.32,148.00,-17.94,-8.23,174.38,53.924,53.916,-7.9753,3.8213,352.86,-17.81,-8.8397,1.4255,,,0.24167,0
56.9326,20,16,1,7,335.00,129.67,dwell,281.36,-35.15,173.33,0,179.110,7.609,179.832,-18.45,20.33,147.94,-17.92,-7.38,174.38,54.268,53.964,-7.9798,-0.6926,281.36,-35.15,-8.4527,0.4723,,,0.23303,0
57.0222,20,16,1,7,335.00,129.67,dwell,323.82,4.52,125.65,0,178.994,7.607,179.834,-18.47,20.35,148.13,-18.02,-7.16,175.02,54.344,54.022,-10.9778,2.1235,323.82,4.52,-9.5890,1.2154,,,0.24893,0
57.1212,20,16,1,7,335.00,129.67,dwell,353.47,35.41,96.05,0,179.069,7.614,179.812,-18.52,20.53,148.20,-18.40,-8.33,174.97,54.413,54.051,-11.4607,3.9085,353.47,35.41,-10.4312,2.4273,,,0.22072,0
57.2218,20,16,1,7,335.00,129.67,dwell,384.68,-27.71,165.03,0,179.070,7.744,179.800,-18.44,20.33,148.22,-18.42,-8.20,174.84,54.238,54.534,-8.8497,4.3666,384.68,-27.71,-9.7195,3.3000,,,0.23323,0
57.3206,20,16,1,7,335.00,129.67,dwell,372.80,-25.67,159.87,0,179.166,7.802,179.801,-18.44,20.28,148.06,-18.36,-8.38,174.59,54.383,54.788,-7.9321,4.4965,372.80,-25.67,-8.9152,3.8384,,,0.22963,0
57.4229,20,16,1,7,335.00,129.67,dwell,435.15,-8.55,170.69,0,179.133,7.814,179.774,-18.39,20.28,147.89,-18.12,-8.07,174.26,54.230,54.224,-10.2323,7.7840,435.15,-8.55,-9.5079,5.6139,,,0.23298,0
57.5162,20,16,1,7,335.00,129.67,capture,416.06,-10.26,161.71,0,179.154,7.794,179.795,-18.32,20.34,147.68,-18.05,-7.83,174.35,53.819,53.618,-9.1315,6.6923,416.06,-10.26,-9.3385,6.0992,,,0.19402,0
57.6130,20,16,1,7,335.00,129.67,capture,433.05,-35.29,191.90,0,179.107,7.821,179.795,-18.37,20.40,147.67,-17.47,-7.54,173.90,54.004,53.617,-9.1325,7.5806,433.05,-35.29,-9.2458,6.7658,,,0.22442,0
57.7280,20,16,1,7,335.00,129.67,capture,414.90,-41.79,189.16,0,179.152,7.848,179.803,-18.40,20.44,147.85,-18.51,-8.37,174.20,54.011,53.585,-7.8167,6.1903,414.90,-41.79,-8.6027,6.5068,,,0.20423,0
57.8494,20,16,1,7,335.00,129.67,capture,421.78,-23.42,175.97,0,178.928,7.709,179.806,-18.35,20.32,147.84,-17.68,-8.32,174.19,54.251,54.235,-8.7255,6.7390,421.78,-23.42,-8.6580,6.6113,,,0.22935,0
57.9568,20,16,1,7,335.00,129.67,capture,419.58,-21.63,173.33,0,179.107,7.764,179.812,-18.31,20.32,147.66,-18.29,-8.98,174.03,53.932,54.387,-9.9427,6.1381,419.58,-21.63,-9.2361,6.3984,,,0.24692,0
58.0572,20,16,1,7,335.00,129.67,capture,410.44,-9.48,158.28,0,179.196,7.900,179.804,-18.36,20.37,147.70,-17.69,-8.47,174.36,53.844,53.979,-10.4507,6.6954,410.44,-9.48,-9.7827,6.5320,,,0.20958,0
58.1783,20,16,1,7,335.00,129.67,capture,424.84,3.14,155.18,0,179.194,7.945,179.761,-18.33,20.26,147.67,-18.41,-7.96,173.78,54.208,54.213,-9.6135,6.6971,424.84,3.14,-9.7066,6.6063,,,0.20989,0
58.2791,20,16,1,7,335.00,129.67,capture,417.54,-27.70,177.70,0,179.024,7.764,179.770,-18.28,20.14,147.40,-18.46,-7.59,173.34,53.992,54.156,-9.5099,6.6751,417.54,-27.70,-9.6181,6.6373,,,0.23600,0
58.3780,20,16,1,7,335.00,129.67,capture,407.71,-5.77,153.72,0,179.077,7.776,179.788,-18.30,20.09,147.43,-17.54,-8.25,173.42,54.233,54.521,-10.5159,6.3672,407.71,-5.77,-10.0221,6.5157,,,0.24268,0
58.4886,20,16,1,7,335.00,129.67,capture,409.15,-3.73,152.62,0,179.047,7.687,179.776,-18.27,20.18,147.03,-17.44,-8.25,173.18,54.285,54.693,-10.4160,5.9482,409.15,-3.73,-10.1993,6.2604,,,0.22127,0
58.5973,20,16,1,7,335.00,129.67,capture,416.36,-29.21,178.50,0,178.997,7.691,179.746,-18.40,20.19,146.91,-18.66,-8.12,173.24,54.328,54.620,-9.0340,5.8925,416.36,-29.21,-9.6749,6.0948,,,0.21599,0
58.7094,20,16,1,7,335.00,129.67,capture,430.04,-17.78,175.42,0,178.969,7.650,179.767,-18.26,20.13,146.87,-18.07,-7.76,172.96,53.861,54.653,-9.1922,7.1948,430.04,-17.78,-9.4577,6.5898,,,0.20193,0
58.8118,20,16,1,7,335.00,129.67,capture,425.44,-47.39,198.82,0,178.992,7.588,179.791,-18.14,20.21,146.79,-17.80,-8.06,172.47,53.548,54.231,-7.8430,6.6793,425.44,-47.39,-8.7311,6.6301,,,0.22681,0
58.9160,20,16,1,7,335.00,129.67,capture,461.21,-12.80,190.33,0,178.926,7.668,179.784,-18.14,20.30,146.89,-17.99,-8.02,173.05,53.816,54.086,-9.1081,8.8982,461.21,-12.80,-8.9007,7.6507,,,0.20398,0
59.0269,20,16,1,7,335.00,129.67,capture,434.82,-1.45,164.79,0,178.940,7.651,179.808,-18.19,20.31,147.10,-17.64,-7.98,173.97,53.617,54.272,-10.0641,6.9237,434.82,-1.45,-9.4242,7.3236,,,0.22341,0
59.1241,20,16,1,7,335.00,129.67,capture,419.45,-26.75,177.76,0,178.813,7.753,179.817,-18.18,20.38,147.33,-18.36,-8.21,173.65,53.966,54.064,-9.2286,6.6360,419.45,-26.75,-9.3362,7.0141,,,0.22556,0
59.2249,20,16,1,7,335.00,129.67,capture,402.78,-2.92,148.91,0,178.922,8.001,179.794,-18.26,20.46,147.36,-17.99,-7.38,173.93,54.212,53.823,-9.7645,6.3031,402.78,-2.92,-9.5289,6.6942,,,0.21829,0
59.3256,20,16,1,7,335.00,129.67,capture,399.96,-21.95,164.95,0,178.878,7.933,179.785,-18.22,20.50,147.26,-18.12,-7.54,173.36,54.273,53.998,-9.3490,4.9815,399.96,-21.95,-9.4480,5.9235,,,0.23292,0
59.4102,20,16,1,7,335.00,129.67,capture,413.60,-6.50,157.22,0,178.999,7.993,179.780,-18.34,20.42,147.20,-18.32,-8.41,173.56,54.378,53.808,-9.4142,5.8319,413.60,-6.50,-9.4328,5.8823,,,0.21676,0
59.5358,20,16,1,7,335.00,129.67,capture,416.90,-17.33,168.27,0,178.980,7.996,179.786,-18.37,20.46,147.27,-18.02,-8.61,173.62,54.551,54.187,-8.7224,6.6906,416.90,-17.33,-9.1131,6.2460,,,0.24560,0
59.6987,21,17,1,8,379.67,129.67,dwell,388.36,17.27,112.73,0,178.783,7.937,179.798,-18.36,20.51,147.09,-17.65,-8.67,173.07,54.484,54.585,-10.1775,5.3768,388.36,17.27,-10.1775,5.3768,,,0.20308,0
59.8089,21,17,1,8,379.67,129.67,dwell,440.78,-36.52,177.07,0,178.823,7.807,179.793,-18.41,20.64,147.15,-17.76,-7.29,172.84,54.263,54.251,-8.1149,7.6521,440.78,-36.52,-9.2494,6.4007,,,0.22561,0
59.8909,21,17,1,8,379.67,129.67,dwell,443.40,161.89,71.42,0,178.937,7.780,179.793,-18.61,20.59,147.18,-17.93,-8.39,173.87,54.364,53.850,-14.6812,7.5864,443.40,161.89,-11.6937,6.9343,,,0.22790,0
59.9934,21,17,1,8,379.67,129.67,dwell,431.14,68.59,79.87,0,178.972,7.757,179.777,-18.69,20.50,147.19,-17.96,-8.12,173.22,54.143,54.025,-12.0769,7.0746,431.14,68.59,-11.8661,6.9974,,,0.25297,0
60.1111,21,17,1,8,379.67,129.67,dwell,443.59,-39.74,181.07,0,178.979,7.696,179.777,-18.72,20.48,147.07,-18.14,-8.22,173.30,54.356,53.751,-8.3933,7.6827,443.59,-39.74,-10.3034,7.3058,,,0.23647,0
60.2211,21,17,1,8,379.67,129.67,dwell,440.88,-19.77,161.49,0,178.998,7.685,179.786,-18.70,20.49,146.95,-18.46,-7.42,173.10,54.586,53.526,-9.2503,7.9211,440.88,-19.77,-9.8295,7.5827,,,0.26184,0
60.3368,21,17,1,8,379.67,129.67,dwell,439.16,27.35,118.36,0,179.029,7.637,179.769,-18.67,20.70,146.85,-18.52,-8.49,172.75,54.113,53.633,-10.8225,7.3521,439.16,27.35,-10.2763,7.4789,,,0.21510,0
60.4423,21,17,1,8,379.67,129.67,dwell,378.18,21.59,108.09,0,179.151,7.566,179.780,-18.59,20.63,146.96,-18.17,-8.45,173.31,54.038,53.940,-10.4414,4.9906,378.18,21.59,-10.3506,6.3592,,,0.21085,0
60.5316,21,17,1,8,379.67,129.67,dwell,386.62,0.84,129.01,0,179.169,7.474,179.775,-18.65,20.51,147.03,-18.08,-8.23,172.91,53.925,54.336,-9.8206,4.5564,386.62,0.84,-10.1121,5.5479,,,0.21016,0
60.6388,21,17,1,8,379.67,129.67,capture,418.66,-24.02,158.56,0,178.996,7.545,179.802,-18.73,20.65,147.09,-18.68,-7.77,173.21,54.067,54.149,-9.3807,7.0370,418.66,-24.02,-9.7830,6.2180,,,0.23528,0
60.7373,21,17,1,8,379.67,129.67,capture,422.14,-9.00,145.03,0,179.005,7.452,179.796,-18.76,20.80,147.21,-18.26,-8.09,173.56,53.840,53.706,-10.3478,6.3671,422.14,-9.00,-10.0371,6.2851,,,0.20159,0
60.8330,21,17,1,8,379.67,129.67,capture,414.67,-24.34,157.93,0,178.923,7.498,179.778,-18.75,20.93,147.20,-17.59,-6.87,173.16,53.667,53.882,-9.0511,5.8411,414.67,-24.34,-9.5934,6.0853,,,0.23357,0
60.9301,21,17,1,8,379.67,129.67,capture,414.83,14.54,120.38,0,178.925,7.637,179.768,-18.76,20.85,147.35,-18.12,-7.68,173.67,53.894,53.748,-10.2202,6.4198,414.83,14.54,-9.8755,6.2358,,,0.21016,0
61.0433,21,17,1,8,379.67,129.67,capture,401.91,3.02,128.59,0,178.819,7.641,179.753,-18.63,20.90,147.36,-18.46,-7.53,173.96,53.641,53.992,-10.0258,5.8651,401.91,3.02,-9.9431,6.0690,,,0.22314,0
61.1394,21,17,1,8,379.67,129.67,capture,431.16,3.44,136.33,0,178.779,7.689,179.757,-18.59,20.91,147.45,-18.57,-7.85,173.34,53.695,54.222,-9.9173,7.2606,431.16,3.44,-9.9315,6.6052,,,0.21689,0
61.2480,21,17,1,8,379.67,129.67,capture,397.88,3.81,127.17,0,178.687,7.656,179.763,-18.52,20.89,147.24,-17.84,-8.05,173.23,53.628,54.036,-9.4158,5.4393,397.88,3.81,-9.6994,6.0805,,,0.23960,0
61.3300,21,17,1,8,379.67,129.67,capture,428.87,-44.19,180.69,0,178.606,7.660,179.807,-18.43,21.04,147.08,-17.77,-7.72,173.22,53.625,54.221,-7.3895,6.1132,428.87,-44.19,-8.6600,6.0952,,,0.20839,0
61.4334,21,17,1,8,379.67,129.67,capture,422.70,17.19,120.43,0,178.651,7.660,179.810,-18.52,20.95,147.25,-17.82,-7.59,173.55,53.802,54.158,-10.2236,6.9279,422.70,17.19,-9.3636,6.4699,,,0.20731,0
61.5386,21,17,1,8,379.67,129.67,capture,426.35,-23.96,160.56,0,178.815,7.688,179.772,-18.45,21.04,147.25,-18.14,-7.63,173.77,53.927,54.045,-8.5395,6.8248,426.35,-23.96,-8.9928,6.6296,,,0.23928,0
61.6283,21,17,1,8,379.67,129.67,capture,413.53,-17.17,150.69,0,178.839,7.679,179.762,-18.43,21.10,147.31,-18.29,-7.56,173.32,54.111,54.064,-8.8164,6.1887,413.53,-17.17,-8.9134,6.4312,,,0.23211,0
61.7395,21,17,1,8,379.67,129.67,capture,429.19,-5.14,143.62,0,178.772,7.567,179.786,-18.32,21.01,147.44,-18.03,-8.18,173.45,54.208,54.136,-9.9361,7.7626,429.19,-5.14,-9.3736,7.0303,,,0.23956,0
61.8495,21,17,1,8,379.67,129.67,capture,437.44,-14.16,155.00,0,178.892,7.573,179.784,-18.46,21.12,147.50,-17.58,-7.33,174.10,54.110,54.290,-9.4277,7.5115,437.44,-14.16,-9.3979,7.2468,,,0.21065,0
61.9575,21,17,1,8,379.67,129.67,capture,419.93,-4.92,140.48,0,178.977,7.663,179.762,-18.48,21.05,147.41,-17.88,-6.98,173.47,54.069,54.477,-9.7165,6.5266,419.93,-4.92,-9.5413,6.9227,,,0.20950,0
62.0501,21,17,1,8,379.67,129.67,capture,427.49,-1.42,139.54,0,178.952,7.672,179.779,-18.47,21.07,147.23,-17.89,-7.76,173.15,53.728,54.606,-9.4641,6.7653,427.49,-1.42,-9.5066,6.8519,,,0.20077,0
62.1345,21,17,1,8,379.67,129.67,capture,407.05,-23.38,155.48,0,178.900,7.544,179.790,-18.48,21.28,147.23,-18.00,-8.14,173.02,53.392,54.439,-8.9122,6.0717,407.05,-23.38,-9.2391,6.5008,,,0.19904,0
62.2387,21,17,1,8,379.67,129.67,capture,428.61,14.54,125.10,0,178.909,7.499,179.758,-18.40,21.10,147.22,-18.80,-7.34,173.37,53.587,54.278,-11.5907,7.2798,428.61,14.54,-10.2973,6.8513,,,0.16516,0
62.3457,21,17,1,8,379.67,129.67,capture,419.81,4.47,131.48,0,179.045,7.482,179.755,-18.42,21.17,147.27,-18.43,-7.98,173.23,53.949,54.429,-10.0865,7.2458,419.81,4.47,-10.2025,7.0289,,,0.24322,0
62.4544,21,17,1,8,379.67,129.67,capture,417.79,-36.14,170.13,0,178.999,7.505,179.785,-18.40,21.26,147.00,-18.02,-7.03,172.89,54.078,54.492,-8.6753,6.7860,417.79,-36.14,-9.5152,6.9196,,,0.21737,0
62.6478,22,67,7,4,201.00,648.33,dwell,384.36,81.49,595.76,0,179.025,7.646,179.758,-18.35,21.03,146.97,-17.74,-8.16,172.85,54.049,54.608,-12.4816,4.7568,384.36,81.49,-12.4816,4.7568,,,0.21424,0
62.7422,22,67,7,4,201.00,648.33,dwell,372.17,177.72,500.78,0,178.948,7.567,179.770,-18.48,20.93,147.05,-17.70,-8.09,173.43,53.991,54.552,-16.8049,4.7833,372.17,177.72,-14.4271,4.7687,,,0.20686,0
62.8553,22,67,7,4,201.00,648.33,dwell,302.79,206.83,453.09,0,178.816,7.677,179.788,-18.48,20.99,146.93,-17.62,-7.23,173.44,53.911,54.580,-17.7420,1.3014,302.79,206.83,-15.9188,3.2084,,,0.21333,0
62.9468,22,67,7,4,201.00,648.33,dwell,286.08,171.62,484.25,0,178.961,7.742,179.790,-18.50,20.86,147.05,-18.18,-7.48,173.16,53.970,54.536,-15.7453,0.4511,286.08,171.62,-15.8407,1.9676,,,0.21247,0
63.0288,22,67,7,4,201.00,648.33,dwell,197.34,303.94,344.41,0,178.937,7.823,179.785,-18.48,21.10,146.87,-17.57,-7.15,173.22,54.005,54.579,-21.0528,-3.9951,197.34,303.94,-18.1861,-0.7156,,,0.23341,0
63.1202,22,67,7,4,201.00,648.33,dwell,249.42,306.30,345.44,0,179.154,7.886,179.839,-18.33,21.02,147.19,-17.64,-7.72,173.46,53.719,54.571,-21.9901,-1.7070,249.42,306.30,-19.8979,-1.1617,,,0.19987,0
63.2280,22,67,7,4,201.00,648.33,dwell,242.08,312.14,338.69,0,179.218,7.944,179.863,-18.43,20.86,147.23,-18.57,-7.50,173.67,53.247,54.302,-21.2865,-1.8818,242.08,312.14,-20.5228,-1.4857,,,0.19146,0
63.3261,22,67,7,4,201.00,648.33,dwell,241.77,441.91,210.41,0,179.259,8.160,179.849,-18.31,20.91,147.53,-17.94,-7.11,174.03,53.298,54.076,-27.0658,-1.5723,241.77,441.91,-23.4671,-1.5247,,,0.19749,0
63.4292,22,67,7,4,201.00,648.33,dwell,212.84,425.92,222.73,0,179.157,8.290,179.825,-18.45,20.86,147.53,-18.17,-7.48,173.83,53.150,54.118,-25.7681,-3.2057,212.84,425.92,-24.5026,-2.2811,,,0.19784,0
63.5361,22,67,7,4,201.00,648.33,dwell,137.72,452.16,206.13,0,179.191,8.332,179.798,-18.51,20.94,147.75,-18.05,-8.44,174.21,53.326,54.285,-28.1324,-6.1493,137.72,452.16,-26.1360,-4.0218,,,0.19870,0
63.6410,22,67,7,4,201.00,648.33,dwell,135.62,469.83,190.10,0,179.105,8.336,179.845,-18.51,21.03,147.52,-17.71,-7.36,174.43,53.394,53.862,-28.3568,-6.9444,135.62,469.83,-27.1354,-5.3369,,,0.18273,0
63.7367,22,67,7,4,201.00,648.33,capture,109.64,506.61,168.62,0,179.054,8.357,179.870,-18.56,21.03,147.37,-18.31,-7.75,173.31,53.418,53.703,-29.8469,-7.9115,109.64,506.61,-28.3555,-6.4955,,,0.18652,0
63.8345,22,67,7,4,201.00,648.33,capture,103.40,499.89,177.65,0,179.114,8.442,179.916,-18.51,21.13,147.19,-18.02,-7.06,173.61,53.258,54.004,-28.9144,-7.9137,103.40,499.89,-28.6070,-7.1337,,,0.18544,0
63.9269,22,67,7,4,201.00,648.33,capture,110.94,489.73,182.39,0,179.071,8.303,179.896,-18.44,20.91,147.31,-17.30,-7.98,173.22,53.445,53.940,-29.4878,-8.1718,110.94,489.73,-29.0034,-7.6008,,,0.22058,0
64.0434,22,67,7,4,201.00,648.33,capture,120.55,506.72,162.87,0,179.024,8.195,179.878,-18.40,21.05,147.40,-17.59,-7.34,173.80,53.487,53.800,-29.5980,-7.6871,120.55,506.72,-29.2710,-7.6396,,,0.19767,0
64.1388,22,67,7,4,201.00,648.33,capture,115.91,494.17,176.09,0,179.020,8.062,179.889,-18.52,20.85,147.31,-17.73,-7.71,173.93,53.914,53.891,-28.8047,-7.3823,115.91,494.17,-29.0611,-7.5238,,,0.23213,0
64.2331,22,67,7,4,201.00,648.33,capture,126.22,500.68,165.51,0,179.019,8.056,179.881,-18.58,20.92,147.41,-17.75,-7.56,173.14,53.859,53.983,-29.6178,-6.9572,126.22,500.68,-29.3116,-7.2688,,,0.22380,0
64.3292,22,67,7,4,201.00,648.33,capture,139.18,513.94,147.93,0,178.982,8.040,179.849,-18.52,20.92,147.46,-17.64,-7.40,174.02,53.798,54.392,-29.1492,-6.8599,139.18,513.94,-29.2385,-7.0848,,,0.24597,0
64.4414,22,67,7,4,201.00,648.33,capture,126.50,494.26,171.14,0,179.109,8.124,179.856,-18.49,20.95,147.28,-18.03,-7.75,173.62,53.881,54.337,-29.0597,-6.6261,126.50,494.26,-29.1580,-6.8784,,,0.21683,0
64.5515,22,67,7,4,201.00,648.33,capture,113.29,507.38,166.01,0,179.125,8.259,179.848,-18.43,20.87,147.38,-18.21,-7.78,173.51,54.217,54.167,-30.5218,-6.8358,113.29,507.38,-29.7717,-6.8592,,,0.24181,0
64.6491,22,67,7,4,201.00,648.33,capture,132.46,522.07,143.67,0,179.095,8.255,179.878,-18.52,20.84,147.24,-17.30,-7.99,173.13,54.187,54.242,-30.3998,-7.1730,132.46,522.07,-30.0544,-7.0004,,,0.22152,0
64.7370,22,67,7,4,201.00,648.33,capture,128.73,487.04,176.74,0,179.032,8.374,179.887,-18.50,20.75,147.40,-18.20,-8.35,173.87,53.959,54.188,-29.0604,-7.0791,128.73,487.04,-29.6071,-7.0358,,,0.22188,0
64.8369,22,67,7,4,201.00,648.33,capture,120.16,516.02,155.05,0,179.118,8.347,179.862,-18.54,20.65,147.54,-17.86,-8.02,174.05,54.214,54.360,-30.1715,-7.6959,120.16,516.02,-29.8611,-7.3328,,,0.25293,0
64.9440,22,67,7,4,201.00,648.33,capture,130.14,489.45,173.97,0,179.021,8.493,179.824,-18.55,20.69,147.70,-17.92,-7.61,174.99,54.079,54.046,-28.6861,-6.8736,130.14,489.45,-29.3324,-7.1262,,,0.24929,0
65.0442,22,67,7,4,201.00,648.33,capture,129.66,493.69,170.31,0,178.969,8.347,179.829,-18.61,20.61,147.82,-17.72,-8.00,174.48,53.893,54.336,-28.7551,-7.0679,129.66,493.69,-29.0726,-7.1000,,,0.22159,0
65.1408,22,67,7,4,201.00,648.33,capture,152.62,508.30,148.16,0,178.962,8.343,179.804,-18.67,20.50,147.85,-17.31,-7.29,174.57,53.849,54.344,-29.4227,-5.6777,152.62,508.30,-29.2301,-6.4599,,,0.23876,0
65.2483,22,67,7,4,201.00,648.33,capture,114.33,524.59,151.08,0,179.086,8.438,179.776,-18.62,20.60,147.92,-18.14,-7.75,174.14,53.772,54.468,-30.8877,-7.5506,114.33,524.59,-29.9761,-6.9507,,,0.20834,0
65.3536,22,67,7,4,201.00,648.33,capture,117.82,536.64,139.26,0,179.110,8.589,179.747,-18.66,20.60,147.65,-18.47,-8.68,173.75,53.504,54.235,-30.0702,-6.9176,117.82,536.64,-30.0184,-6.9358,,,0.19523,0
65.4461,22,67,7,4,201.00,648.33,capture,111.33,528.77,149.45,0,179.065,8.491,179.784,-18.59,20.67,147.54,-18.00,-7.44,173.88,53.668,54.214,-30.3179,-8.0442,111.33,528.77,-30.1532,-7.4346,,,0.19398,0
65.5427,22,67,7,4,201.00,648.33,capture,125.08,511.83,156.20,0,179.007,8.420,179.798,-18.61,20.86,147.56,-18.14,-6.95,173.48,53.307,54.143,-30.4128,-7.7073,125.08,511.83,-30.2700,-7.5573,,,0.19914,0
65.6597,22,67,7,4,201.00,648.33,capture,118.85,494.04,174.80,0,178.990,8.282,179.822,-18.60,20.83,147.61,-18.40,-8.18,173.74,53.516,54.500,-29.2990,-7.8559,118.85,494.04,-29.8331,-7.6917,,,0.22468,0
65.8476,23,52,5,7,335.00,475.44,dwell,206.71,555.82,151.39,0,178.869,8.349,179.820,-18.67,20.81,147.57,-18.13,-8.01,173.97,53.703,54.579,-31.4367,-2.8859,206.71,555.82,-31.4367,-2.8859,,,0.22075,0
65.9507,23,52,5,7,335.00,475.44,dwell,156.45,477.76,178.57,0,178.846,8.329,179.803,-18.55,20.72,147.73,-17.86,-7.41,174.30,53.779,54.515,-28.1085,-5.2126,156.45,477.76,-29.9390,-3.9329,,,0.20906,0
66.0521,23,52,5,7,335.00,475.44,dwell,147.87,489.11,187.63,0,178.811,8.392,179.800,-18.38,20.87,147.70,-18.45,-7.30,173.87,53.689,54.260,-28.9052,-6.4623,147.87,489.11,-29.4738,-5.0711,,,0.23499,0
66.1421,23,52,5,7,335.00,475.44,dwell,206.77,413.67,142.33,0,178.832,8.299,179.835,-18.27,20.97,147.79,-17.44,-8.11,174.39,53.686,54.722,-25.3063,-2.9146,206.77,413.67,-27.5984,-4.1007,,,0.23590,0
66.2241,23,52,5,7,335.00,475.44,dwell,265.12,472.08,69.96,0,178.883,8.333,179.849,-18.27,20.79,147.64,-17.72,-7.83,174.03,53.731,55.017,-28.1206,-0.8065,265.12,472.08,-27.8334,-2.6183,,,0.19234,0
66.3192,23,52,5,7,335.00,475.44,dwell,259.36,492.20,77.47,0,178.857,8.458,179.852,-18.29,20.80,147.41,-17.56,-7.90,173.39,54.073,55.028,-29.0767,-0.7898,259.36,492.20,-28.3929,-1.7955,,,0.21844,0
66.4030,23,52,5,7,335.00,475.44,dwell,276.90,439.53,68.30,0,178.883,8.478,179.868,-18.33,20.78,147.29,-18.47,-8.65,173.54,53.590,54.698,-27.1881,0.2633,276.90,439.53,-27.8507,-0.8690,,,0.18184,0
66.5039,23,52,5,7,335.00,475.44,dwell,387.48,450.01,58.32,0,178.924,8.411,179.885,-18.30,20.68,147.18,-17.98,-8.00,173.86,53.547,54.732,-26.3857,5.4542,387.48,450.01,-27.1915,1.9764,,,0.20260,0
66.5979,23,52,5,7,335.00,475.44,dwell,370.16,458.36,39.09,0,178.868,8.368,179.897,-18.24,20.67,147.29,-17.68,-7.54,173.32,53.019,54.722,-27.4688,4.0713,370.16,458.36,-27.3163,2.9191,,,0.19846,0
66.7079,23,52,5,7,335.00,475.44,dwell,407.07,492.49,74.06,0,178.809,8.367,179.849,-18.32,20.77,147.31,-17.60,-7.87,173.41,53.156,54.552,-28.6006,6.2824,407.07,492.49,-27.8942,4.4326,,,0.22722,0
66.8027,23,52,5,7,335.00,475.44,dwell,407.33,479.20,72.43,0,178.794,8.457,179.846,-18.40,20.71,147.43,-17.65,-7.76,173.76,53.183,54.445,-28.6819,5.9188,407.33,479.20,-28.2487,5.1014,,,0.19629,0
66.8916,23,52,5,7,335.00,475.44,capture,431.52,472.27,96.57,0,178.773,8.299,179.840,-18.39,20.84,147.63,-17.40,-7.55,173.97,53.566,54.064,-28.4275,6.5606,431.52,472.27,-28.3291,5.7581,,,0.20633,0
67.0006,23,52,5,7,335.00,475.44,capture,426.70,471.34,91.79,0,178.699,8.274,179.849,-18.39,20.80,147.43,-18.36,-8.06,173.99,53.644,54.169,-28.6683,7.3975,426.70,471.34,-28.4817,6.4958,,,0.21449,0
67.0906,23,52,5,7,335.00,475.44,capture,410.52,490.35,76.98,0,178.754,8.446,179.858,-18.43,20.88,147.57,-17.29,-8.23,173.72,53.716,53.877,-28.7701,6.7462,410.52,490.35,-28.6115,6.6085,,,0.22754,0
67.1949,23,52,5,7,335.00,475.44,capture,421.93,469.37,87.14,0,178.947,8.506,179.856,-18.54,20.89,147.52,-17.64,-7.85,173.87,53.342,54.281,-28.3437,6.6013,421.93,469.37,-28.4910,6.6053,,,0.21909,0
67.2769,23,52,5,7,335.00,475.44,capture,406.54,467.40,71.99,0,178.888,8.530,179.865,-18.54,20.83,147.59,-18.49,-7.09,173.56,53.560,54.502,-28.8256,5.5550,406.54,467.40,-28.6415,6.1327,,,0.20217,0
67.3719,23,52,5,7,335.00,475.44,capture,411.39,474.86,76.39,0,178.963,8.591,179.846,-18.66,20.71,147.66,-18.21,-7.22,174.03,53.651,54.608,-29.1382,6.1287,411.39,474.86,-28.8650,6.1309,,,0.20313,0
67.4838,23,52,5,7,335.00,475.44,capture,421.23,490.08,87.46,0,178.967,8.531,179.838,-18.80,20.76,147.80,-18.46,-7.69,173.93,53.940,54.556,-29.0956,6.9420,421.23,490.08,-28.9688,6.4959,,,0.23768,0
67.6041,23,52,5,7,335.00,475.44,capture,436.01,471.16,101.10,0,178.989,8.613,179.814,-18.75,20.63,147.84,-18.38,-7.71,174.33,54.325,54.501,-28.7670,7.3398,436.01,471.16,-28.8780,6.8756,,,0.21842,0
67.6930,23,52,5,7,335.00,475.44,capture,407.06,487.79,73.11,0,178.949,8.470,179.838,-18.74,20.52,147.79,-18.63,-8.19,174.53,54.154,54.785,-29.2985,6.1534,407.06,487.79,-29.0672,6.5506,,,0.23258,0
67.7750,23,52,5,7,335.00,475.44,capture,439.15,493.30,105.67,0,178.863,8.491,179.839,-18.59,20.58,147.79,-17.25,-8.64,173.88,54.566,55.315,-28.5360,7.5301,439.15,493.30,-28.8282,6.9914,,,0.25959,0
67.8887,23,52,5,7,335.00,475.44,capture,429.31,493.01,95.93,0,178.762,8.369,179.825,-18.54,20.49,147.83,-18.30,-7.93,174.11,54.655,54.799,-28.9618,7.1736,429.31,493.01,-28.8883,7.0734,,,0.23035,0
68.0055,23,52,5,7,335.00,475.44,capture,440.94,478.47,105.98,0,178.893,8.364,179.808,-18.41,20.66,148.06,-18.29,-7.82,174.21,54.172,54.915,-29.2116,7.4723,440.94,478.47,-29.0338,7.2529,,,0.20810,0
68.0973,23,52,5,7,335.00,475.44,capture,410.91,488.71,77.06,0,179.042,8.536,179.816,-18.46,20.69,148.07,-18.06,-6.99,174.72,54.246,54.856,-28.1859,6.8960,410.91,488.71,-28.6522,7.0923,,,0.20975,0
68.1996,23,52,5,7,335.00,475.44,capture,410.62,476.50,75.63,0,178.793,8.368,179.835,-18.39,20.64,148.32,-17.92,-7.63,175.19,54.204,54.780,-27.0561,5.1774,410.62,476.50,-27.9339,6.2306,,,0.22770,0
68.3010,23,52,5,7,335.00,475.44,capture,419.18,460.99,85.41,0,178.763,8.341,179.855,-18.42,20.27,148.22,-17.17,-8.62,175.05,54.447,54.658,-27.0755,6.0472,419.18,460.99,-27.5477,6.1481,,,0.20881,0
68.4159,23,52,5,7,335.00,475.44,capture,406.05,472.95,71.09,0,178.877,8.303,179.841,-18.46,20.24,148.19,-17.62,-8.90,174.22,54.285,54.459,-28.7879,6.3667,406.05,472.95,-28.1058,6.2464,,,0.21892,0
68.5124,23,52,5,7,335.00,475.44,capture,412.64,495.50,80.19,0,178.912,8.273,179.834,-18.35,20.13,148.10,-18.18,-9.03,174.66,54.212,54.393,-29.5486,6.2191,412.64,495.50,-28.7550,6.2341,,,0.23394,0
68.6241,23,52,5,7,335.00,475.44,capture,423.53,496.61,91.02,0,178.951,8.290,179.801,-18.26,20.36,147.98,-17.78,-7.41,174.70,54.593,54.196,-28.0642,6.7913,423.53,496.61,-28.4442,6.4848,,,0.24162,0
68.7293,23,52,5,7,335.00,475.44,capture,394.30,473.70,59.33,0,179.030,8.316,179.786,-18.45,20.42,148.04,-17.58,-7.76,174.38,54.411,54.192,-28.7579,5.7802,394.30,473.70,-28.5853,6.1677,,,0.25927,0
68.8363,23,52,5,7,335.00,475.44,capture,407.25,481.65,72.52,0,179.073,8.213,179.813,-18.53,20.44,148.05,-17.78,-7.96,174.33,53.870,54.171,-28.4931,5.8261,407.25,481.65,-28.5439,6.0140,,,0.19408,0
69.0383,24,35,3,8,379.67,302.56,dwell,352.89,501.86,201.10,0,179.158,8.204,179.809,-18.59,20.32,148.02,-18.25,-8.00,174.56,53.534,54.318,-29.3582,3.1163,352.89,501.86,-29.3582,3.1163,,,0.20991,0
69.1482,24,35,3,8,379.67,302.56,dwell,382.74,217.24,85.37,0,179.076,8.124,179.820,-18.64,20.35,147.83,-18.31,-8.19,174.18,53.656,54.382,-18.9935,4.6769,382.74,217.24,-24.6941,3.8185,,,0.20694,0
69.2530,24,35,3,8,379.67,302.56,dwell,380.02,418.62,116.06,0,178.947,8.131,179.827,-18.66,20.47,147.87,-18.13,-8.06,174.18,53.547,54.460,-25.8166,5.4041,380.02,418.62,-25.1992,4.5321,,,0.21340,0
69.3540,24,35,3,8,379.67,302.56,dwell,277.20,269.98,107.52,0,178.936,8.124,179.833,-18.55,20.19,147.70,-18.09,-7.94,174.44,53.803,54.523,-20.3812,-0.0996,277.20,269.98,-23.0311,2.4478,,,0.21406,0
69.4410,24,35,3,8,379.67,302.56,dwell,241.15,251.34,147.68,0,178.913,7.925,179.828,-18.63,20.16,147.76,-18.33,-8.47,173.25,53.616,54.811,-19.1338,-1.1835,241.15,251.34,-21.2773,0.8137,,,0.21799,0
69.5477,24,35,3,8,379.67,302.56,dwell,228.38,251.06,159.81,0,179.009,7.748,179.848,-18.52,20.36,147.70,-17.84,-8.11,173.99,53.596,54.375,-19.6934,-2.1892,228.38,251.06,-20.5645,-0.5376,,,0.23537,0
69.6421,24,35,3,8,379.67,302.56,dwell,212.13,110.33,254.99,0,178.925,7.837,179.882,-18.40,20.34,147.68,-18.41,-7.92,173.84,53.705,54.464,-14.4147,-3.4607,212.13,110.33,-17.7971,-1.8530,,,0.20921,0
69.7467,24,35,3,8,379.67,302.56,dwell,183.68,123.19,265.67,0,178.940,7.905,179.830,-18.28,20.45,147.95,-17.83,-7.91,174.43,53.897,53.973,-14.8850,-4.4077,183.68,123.19,-16.4866,-3.0026,,,0.21926,0
69.8398,24,35,3,8,379.67,302.56,capture,200.11,94.04,275.17,0,178.943,7.992,179.806,-18.26,20.35,148.13,-17.58,-8.96,174.50,54.112,54.159,-13.6507,-3.4236,200.11,94.04,-15.2105,-3.1921,,,0.21349,0
69.9458,24,35,3,8,379.67,302.56,capture,218.45,86.75,269.37,0,178.959,8.007,179.808,-18.33,20.48,148.27,-17.88,-8.15,174.59,53.167,54.102,-12.5235,-2.9083,218.45,86.75,-14.0013,-3.0644,,,0.21309,0
70.0330,24,35,3,8,379.67,302.56,capture,225.00,71.55,278.00,0,178.899,8.089,179.839,-18.35,20.55,148.25,-16.97,-7.50,174.52,53.345,54.195,-11.4498,-2.1066,225.00,71.55,-12.8531,-2.6334,,,0.22130,0
70.1462,24,35,3,8,379.67,302.56,capture,192.93,85.02,286.69,0,179.007,7.934,179.850,-18.31,20.47,148.32,-17.44,-8.00,174.95,53.351,54.007,-13.0832,-4.0788,192.93,85.02,-12.9567,-3.2838,,,0.21567,0
70.2543,24,35,3,8,379.67,302.56,capture,190.79,63.20,304.90,0,178.922,7.993,179.850,-18.37,20.66,148.04,-18.18,-8.27,174.50,53.597,54.640,-12.8998,-3.9749,190.79,63.20,-12.9311,-3.5948,,,0.20185,0
70.3637,24,35,3,8,379.67,302.56,capture,183.49,57.58,313.84,0,179.026,7.920,179.864,-18.50,20.51,147.86,-18.08,-7.75,174.15,53.189,54.132,-12.2517,-3.8887,183.49,57.58,-12.6254,-3.7270,,,0.22627,0
70.4808,24,35,3,8,379.67,302.56,capture,184.63,70.49,303.14,0,178.990,8.096,179.858,-18.24,20.62,148.00,-18.26,-7.01,174.44,53.423,54.173,-12.2244,-4.0230,184.63,70.49,-12.4449,-3.8602,,,0.21969,0
70.5733,24,35,3,8,379.67,302.56,capture,189.71,93.41,282.53,0,178.941,8.050,179.854,-18.09,20.69,148.13,-17.28,-7.85,174.56,53.470,54.653,-13.3833,-4.1826,189.71,93.41,-12.8672,-4.0053,,,0.20970,0
70.6702,24,35,3,8,379.67,302.56,capture,204.53,65.84,294.46,0,178.883,7.973,179.864,-18.13,20.67,148.17,-17.94,-7.61,174.83,53.660,54.449,-11.7839,-3.8886,204.53,65.84,-12.3797,-3.9528,,,0.18899,0
70.7769,24,35,3,8,379.67,302.56,capture,193.87,58.73,306.55,0,178.920,8.051,179.859,-18.12,20.84,147.96,-17.81,-7.18,174.80,53.905,54.469,-12.1152,-3.8650,193.87,58.73,-12.2607,-3.9133,,,0.22075,0
70.8794,24,35,3,8,379.67,302.56,capture,191.50,68.31,300.46,0,178.927,8.048,179.841,-18.10,20.82,148.01,-18.03,-7.40,174.82,53.553,54.083,-12.6696,-4.2127,191.50,68.31,-12.4447,-4.0480,,,0.21275,0
70.9733,24,35,3,8,379.67,302.56,capture,184.02,74.13,300.76,0,178.965,8.133,179.823,-18.08,20.75,148.12,-17.76,-8.08,174.89,53.891,54.042,-12.8488,-4.5739,184.02,74.13,-12.6265,-4.2847,,,0.20863,0
71.0726,24,35,3,8,379.67,302.56,capture,182.60,63.16,310.07,0,178.928,8.062,179.822,-18.02,20.58,147.84,-17.67,-8.66,174.03,53.688,54.039,-11.5262,-4.2253,182.60,63.16,-12.1314,-4.2580,,,0.21423,0
71.1694,24,35,3,8,379.67,302.56,capture,185.61,68.82,303.79,0,178.876,8.129,179.823,-17.78,20.81,147.57,-17.66,-8.11,174.01,53.871,54.022,-12.1809,-4.3380,185.61,68.82,-12.1536,-4.2940,,,0.21760,0
71.2569,24,35,3,8,379.67,302.56,capture,193.31,92.62,280.72,0,178.903,8.280,179.816,-17.86,20.77,147.82,-16.75,-7.02,174.49,53.886,53.805,-12.9664,-4.0141,193.31,92.62,-12.5194,-4.1680,,,0.21272,0
71.3619,24,35,3,8,379.67,302.56,capture,201.79,81.96,283.38,0,178.924,8.176,179.803,-17.85,20.79,147.73,-18.28,-7.72,174.52,54.261,53.899,-12.0930,-3.1677,201.79,81.96,-12.3275,-3.7179,,,0.23662,0
71.4702,24,35,3,8,379.67,302.56,capture,199.42,81.72,285.06,0,178.935,8.010,179.780,-17.83,20.85,147.47,-17.85,-6.80,173.64,54.317,53.881,-12.7451,-4.4381,199.42,81.72,-12.5154,-4.0420,,,0.22809,0
71.5760,24,35,3,8,379.67,302.56,capture,195.20,75.12,292.84,0,178.797,7.944,179.783,-17.95,20.65,147.55,-18.01,-7.86,173.86,54.502,53.958,-12.7437,-3.6699,195.20,75.12,-12.6182,-3.8745,,,0.22952,0
71.6798,24,35,3,8,379.67,302.56,capture,211.03,67.47,289.32,0,178.823,8.040,179.816,-18.04,20.79,147.70,-17.85,-7.47,174.67,54.574,54.253,-12.2148,-3.5893,211.03,67.47,-12.4367,-3.7462,,,0.25509,0
71.7754,24,35,3,8,379.67,302.56,capture,217.39,56.26,294.95,0,178.760,8.027,179.818,-18.13,20.85,147.67,-16.97,-7.35,174.12,54.379,54.415,-12.1485,-2.6084,217.39,56.26,-12.3070,-3.2342,,,0.25197,0
71.9444,25,50,5,5,245.67,475.44,dwell,252.44,297.06,178.51,0,178.735,8.117,179.823,-18.22,20.84,147.58,-17.28,-7.57,173.85,54.524,53.980,-21.8003,-1.1622,252.44,297.06,-21.8003,-1.1622,,,0.24589,0
72.0265,25,50,5,5,245.67,475.44,dwell,263.81,193.63,282.40,0,178.760,8.099,179.805,-18.36,20.87,147.65,-18.01,-8.61,174.00,54.186,53.725,-17.7541,-0.7175,263.81,193.63,-19.9795,-0.9621,,,0.21951,0
72.1320,25,50,5,5,245.67,475.44,dwell,316.93,164.55,318.96,0,178.751,8.122,179.835,-18.36,20.75,147.56,-17.77,-7.45,174.10,54.196,53.953,-16.1284,2.2181,316.93,164.55,-18.2465,0.4690,,,0.25094,0
72.2338,25,50,5,5,245.67,475.44,dwell,188.95,355.60,132.59,0,178.710,8.290,179.843,-18.44,20.74,147.57,-18.11,-8.12,174.41,53.861,54.438,-23.7341,-4.3339,188.95,355.60,-20.7159,-1.6923,,,0.19996,0
72.3349,25,50,5,5,245.67,475.44,dwell,287.10,326.23,154.86,0,178.715,8.330,179.850,-18.41,20.73,147.67,-17.49,-7.61,174.05,53.674,54.648,-21.7058,0.0500,287.10,326.23,-21.1614,-0.9083,,,0.20226,0
72.4476,25,50,5,5,245.67,475.44,dwell,193.97,510.15,62.27,0,178.744,8.454,179.866,-18.41,20.91,147.43,-17.87,-7.51,173.44,53.587,54.528,-29.6642,-3.7119,193.97,510.15,-24.9877,-2.1699,,,0.18544,0
72.5439,25,50,5,5,245.67,475.44,dwell,301.93,409.79,86.46,0,178.797,8.513,179.845,-18.28,20.98,147.67,-18.10,-7.07,173.92,54.061,54.661,-25.7698,1.2407,301.93,409.79,-25.3396,-0.6351,,,0.24126,0
72.6259,25,50,5,5,245.67,475.44,dwell,322.94,417.72,96.45,0,178.845,8.604,179.831,-18.17,21.00,147.79,-17.54,-7.36,174.34,54.189,54.576,-26.0796,2.3241,322.94,417.72,-25.6726,0.6965,,,0.22637,0
72.7267,25,50,5,5,245.67,475.44,dwell,313.65,472.71,68.04,0,178.889,8.408,179.794,-18.07,21.04,147.78,-17.97,-8.24,174.31,53.907,54.376,-28.0001,1.3701,313.65,472.71,-26.7200,0.9996,,,0.23052,0
72.8451,25,50,5,5,245.67,475.44,capture,290.94,486.93,46.71,0,178.868,8.322,179.811,-18.05,21.21,147.69,-17.32,-8.19,174.01,53.829,53.982,-27.8159,0.2991,290.94,486.93,-27.2131,0.6844,,,0.21131,0
72.9492,25,50,5,5,245.67,475.44,capture,311.07,511.49,74.68,0,179.017,8.364,179.844,-18.02,21.12,147.62,-18.24,-7.77,174.03,53.982,53.843,-29.8161,1.4817,311.07,511.49,-28.3844,1.0432,,,0.20720,0
73.0702,25,50,5,5,245.67,475.44,capture,286.66,507.30,51.92,0,178.935,8.334,179.823,-17.95,20.98,147.23,-17.97,-7.24,173.46,53.853,53.934,-30.6335,0.4166,286.66,507.30,-29.3965,0.7612,,,0.20538,0
73.1743,25,50,5,5,245.67,475.44,capture,315.73,510.88,78.51,0,178.868,8.426,179.802,-17.95,20.90,147.39,-17.35,-6.96,173.57,54.025,54.069,-30.1928,1.4070,315.73,510.88,-29.7548,1.0518,,,0.26306,0
73.2830,25,50,5,5,245.67,475.44,capture,315.39,498.05,73.30,0,178.861,8.459,179.793,-17.95,20.90,147.33,-17.67,-7.62,173.57,53.847,53.653,-29.8503,2.1324,315.39,498.05,-29.7978,1.5381,,,0.23050,0
73.3883,25,50,5,5,245.67,475.44,capture,319.11,522.73,87.35,0,178.695,8.526,179.791,-17.99,20.89,147.52,-17.83,-8.27,173.86,53.803,53.958,-29.6938,2.0206,319.11,522.73,-29.7510,1.7552,,,0.19740,0
73.5068,25,50,5,5,245.67,475.44,capture,318.52,500.56,77.06,0,178.777,8.390,179.781,-18.07,20.95,147.37,-17.16,-7.33,173.52,53.715,53.824,-29.5084,1.6021,318.52,500.56,-29.6418,1.6863,,,0.18037,0
73.6035,25,50,5,5,245.67,475.44,capture,325.71,505.82,85.61,0,178.793,8.368,179.775,-18.25,21.00,147.31,-17.90,-7.68,173.50,52.981,53.683,-29.3345,2.1457,325.71,505.82,-29.5035,1.8930,,,0.19591,0
73.6895,25,50,5,5,245.67,475.44,capture,299.66,519.34,69.59,0,178.873,8.463,179.760,-18.22,20.91,147.32,-17.54,-7.49,173.67,53.267,53.822,-29.7308,0.7797,299.66,519.34,-29.6058,1.3920,,,0.20769,0
73.7986,25,50,5,5,245.67,475.44,capture,314.24,493.95,71.03,0,178.910,8.403,179.785,-18.17,20.93,147.45,-18.05,-7.93,173.75,53.497,54.151,-28.3976,2.1090,314.24,493.95,-29.0621,1.7147,,,0.20647,0
73.9013,25,50,5,5,245.67,475.44,capture,294.51,532.30,74.95,0,178.793,8.323,179.792,-18.20,20.98,147.49,-18.05,-6.62,173.79,53.076,54.042,-30.3781,0.6227,294.51,532.30,-29.6543,1.2233,,,0.18784,0
73.9992,25,50,5,5,245.67,475.44,capture,304.25,494.97,61.75,0,178.740,8.350,179.815,-18.18,21.10,147.43,-17.44,-8.03,173.56,52.857,54.516,-29.1910,1.0738,304.25,494.97,-29.4458,1.1560,,,0.16910,0
74.0947,25,50,5,5,245.67,475.44,capture,309.71,503.85,70.06,0,178.707,8.394,179.805,-18.28,21.09,147.60,-17.08,-7.91,173.98,53.225,54.090,-29.8923,1.1738,309.71,503.85,-29.6467,1.1640,,,0.20643,0
74.2045,25,50,5,5,245.67,475.44,capture,317.99,510.58,80.41,0,178.882,8.425,179.843,-18.20,21.06,147.54,-17.46,-7.35,173.74,53.055,53.824,-30.1724,2.2694,317.99,510.58,-29.8833,1.6614,,,0.17709,0
74.3168,25,50,5,5,245.67,475.44,capture,315.38,521.68,83.65,0,178.901,8.593,179.801,-18.19,21.13,147.74,-17.93,-7.18,174.80,53.294,53.455,-30.7852,1.7621,315.38,521.68,-30.2891,1.7067,,,0.19275,0
74.4130,25,50,5,5,245.67,475.44,capture,325.83,536.66,100.86,0,178.914,8.665,179.790,-18.15,21.11,147.93,-18.58,-7.83,173.89,53.426,53.568,-30.5848,2.4342,325.83,536.66,-30.4222,2.0341,,,0.17563,0
74.5034,25,50,5,5,245.67,475.44,capture,334.65,518.03,98.65,0,178.862,8.696,179.816,-18.24,21.07,147.71,-17.27,-7.53,174.24,53.715,53.864,-29.9500,2.3037,334.65,518.03,-30.2097,2.1554,,,0.20510,0
74.5986,25,50,5,5,245.67,475.44,capture,309.51,528.17,82.80,0,178.947,8.828,179.840,-18.26,21.06,147.68,-17.68,-7.06,173.56,53.872,54.413,-29.9187,1.8414,309.51,528.17,-30.0787,2.0141,,,0.21419,0
74.6937,25,50,5,5,245.67,475.44,capture,302.95,503.52,63.79,0,178.912,8.669,179.830,-18.29,20.99,147.71,-18.69,-7.51,174.11,54.025,54.201,-29.0930,1.2723,302.95,503.52,-29.6352,1.6803,,,0.22156,0
74.7757,25,50,5,5,245.67,475.44,capture,320.78,485.38,75.77,0,178.810,8.578,179.821,-18.28,20.98,147.62,-17.62,-7.89,173.91,53.929,54.196,-28.7069,2.6653,320.78,485.38,-29.2175,2.1236,,,0.23511,0
74.9731,26,37,4,1,67.00,389.00,dwell,303.36,366.49,237.43,0,178.847,8.665,179.822,-18.33,20.77,147.59,-17.53,-7.68,173.81,53.836,54.247,-23.5864,1.6070,303.36,366.49,-23.5864,1.6070,,,0.22329,0
75.0708,26,37,4,1,67.00,389.00,dwell,225.42,430.21,163.69,0,178.863,8.593,179.828,-18.48,20.66,147.70,-17.85,-7.53,174.03,53.350,53.984,-25.4091,-1.5716,225.42,430.21,-24.4066,0.1766,,,0.19641,0
75.1572,26,37,4,1,67.00,389.00,dwell,318.52,334.31,257.40,0,178.870,8.639,179.846,-18.46,20.79,147.64,-17.86,-7.88,173.95,53.280,54.641,-22.8158,1.8498,318.52,334.31,-23.6908,0.9295,,,0.22142,0
75.2586,26,37,4,1,67.00,389.00,dwell,156.57,351.05,97.28,0,178.804,8.547,179.859,-18.32,20.61,147.82,-17.49,-8.01,173.73,53.442,54.722,-23.2879,-5.6332,156.57,351.05,-23.5095,-2.0237,,,0.21203,0
75.3567,26,37,4,1,67.00,389.00,dwell,154.52,339.70,100.45,0,178.822,8.508,179.839,-18.23,20.60,147.84,-18.14,-7.83,174.06,53.318,54.876,-23.4296,-5.3448,154.52,339.70,-23.4735,-3.5182,,,0.20211,0
75.4682,26,37,4,1,67.00,389.00,dwell,86.59,340.05,52.72,0,178.766,8.674,179.820,-18.18,20.56,148.07,-17.98,-8.51,174.44,53.584,54.323,-23.3825,-9.3100,86.59,340.05,-23.4326,-6.1245,,,0.20307,0
75.5565,26,37,4,1,67.00,389.00,dwell,139.62,246.23,160.18,0,178.739,8.599,179.837,-18.17,20.56,148.13,-17.85,-9.00,174.42,53.374,54.126,-18.9795,-6.0436,139.62,246.23,-21.4287,-6.0881,,,0.22769,0
75.6663,26,37,4,1,67.00,389.00,dwell,89.95,290.43,101.21,0,178.828,8.478,179.848,-18.18,20.60,147.77,-17.43,-8.05,174.09,53.571,54.171,-20.9177,-8.7658,89.95,290.43,-21.1987,-7.2931,,,0.21807,0
75.7671,26,37,4,1,67.00,389.00,dwell,15.55,286.69,114.52,0,178.647,8.392,179.860,-18.11,20.57,147.70,-17.91,-8.16,173.78,53.739,53.829,-21.0068,-11.8239,15.55,286.69,-21.1124,-9.3319,,,0.23969,0
75.8665,26,37,4,1,67.00,389.00,dwell,35.19,256.09,136.66,0,178.600,8.407,179.864,-18.29,20.57,147.19,-18.26,-7.23,173.63,53.555,53.877,-18.5429,-11.4918,35.19,256.09,-19.9561,-10.3039,,,0.21651,0
75.9525,26,37,4,1,67.00,389.00,dwell,-10.92,180.90,222.21,0,178.688,8.303,179.846,-18.24,20.54,147.16,-17.08,-7.89,172.96,53.640,53.875,-17.5058,-12.7240,-10.92,180.90,-18.8535,-11.3929,,,0.17855,0
76.0543,26,37,4,1,67.00,389.00,capture,-27.49,190.01,220.28,0,178.752,8.211,179.850,-18.25,20.74,147.16,-17.59,-7.52,173.01,53.530,53.517,-17.1334,-14.8234,-27.49,190.01,-18.0795,-12.9366,,,0.21090,0
76.1455,26,37,4,1,67.00,389.00,capture,-24.28,199.40,210.43,0,178.654,8.149,179.860,-18.34,20.79,147.00,-18.14,-7.75,172.65,53.457,53.383,-17.1400,-13.7337,-24.28,199.40,-17.6567,-13.2953,,,0.17926,0
76.2330,26,37,4,1,67.00,389.00,capture,-20.10,174.37,231.63,0,178.542,8.231,179.845,-18.40,20.91,146.79,-18.06,-7.79,172.70,53.290,53.248,-16.7183,-14.4046,-20.10,174.37,-17.2344,-13.7945,,,0.17807,0
76.3254,26,37,4,1,67.00,389.00,capture,-16.02,188.17,217.31,0,178.479,8.237,179.830,-18.32,20.77,146.78,-17.31,-7.37,173.03,53.127,53.417,-17.5810,-13.5381,-16.02,188.17,-17.3904,-13.6791,,,0.19591,0
76.4204,26,37,4,1,67.00,389.00,capture,-32.87,179.35,232.22,0,178.567,8.293,179.826,-18.12,20.90,147.08,-17.81,-7.21,173.31,53.099,53.490,-16.4485,-13.9827,-32.87,179.35,-16.9665,-13.8157,,,0.20589,0
76.5132,26,37,4,1,67.00,389.00,capture,-19.32,198.83,208.84,0,178.592,8.368,179.813,-18.20,20.69,147.02,-17.37,-8.23,172.90,53.252,53.424,-18.2065,-13.9573,-19.32,198.83,-17.5245,-13.8794,,,0.22877,0
76.6172,26,37,4,1,67.00,389.00,capture,-32.90,190.20,222.49,0,178.740,8.222,179.820,-18.18,20.58,147.00,-18.26,-8.15,172.80,53.595,53.267,-16.3907,-14.1522,-32.90,190.20,-17.0143,-14.0022,,,0.22071,0
76.7228,26,37,4,1,67.00,389.00,capture,-27.92,187.74,222.52,0,178.752,8.234,179.836,-18.24,20.49,146.91,-17.75,-7.79,173.03,53.780,53.082,-16.8829,-14.1339,-27.92,187.74,-16.9552,-14.0614,,,0.21380,0
76.8132,26,37,4,1,67.00,389.00,capture,-24.72,202.12,208.17,0,178.818,8.267,179.844,-18.33,20.51,146.94,-17.81,-8.47,173.16,54.130,53.111,-16.7472,-14.0341,-24.72,202.12,-16.8616,-14.0491,,,0.21336,0
76.9093,26,37,4,1,67.00,389.00,capture,-2.53,194.78,206.29,0,178.822,8.215,179.847,-18.31,20.52,146.95,-18.02,-8.23,172.79,53.932,53.323,-16.5877,-13.0343,-2.53,194.78,-16.7383,-13.5925,,,0.21861,0
77.0073,26,37,4,1,67.00,389.00,capture,-4.35,198.98,202.97,0,178.835,8.237,179.840,-18.41,20.55,146.79,-17.79,-8.69,173.22,53.716,53.916,-17.3114,-13.2693,-4.35,198.98,-16.9962,-13.4470,,,0.19044,0
77.1136,26,37,4,1,67.00,389.00,capture,-35.86,196.27,218.46,0,178.807,8.367,179.829,-18.53,20.59,146.93,-17.88,-7.90,172.87,53.742,54.109,-18.6128,-14.8499,-35.86,196.27,-17.7237,-14.0783,,,0.21385,0
77.2153,26,37,4,1,67.00,389.00,capture,13.53,189.75,206.30,0,178.869,8.233,179.802,-18.69,20.72,146.82,-18.62,-7.85,172.83,53.677,54.059,-17.4236,-11.5664,13.53,189.75,-17.5886,-12.9480,,,0.20043,0
77.3036,26,37,4,1,67.00,389.00,capture,-18.55,198.18,209.12,0,178.833,8.144,179.775,-18.71,20.72,146.86,-17.67,-8.19,173.19,53.535,53.824,-17.4736,-13.8415,-18.55,198.18,-17.5369,-13.3500,,,0.20991,0
77.3960,26,37,4,1,67.00,389.00,capture,-23.94,186.96,221.56,0,178.780,8.134,179.767,-18.69,20.65,146.96,-18.37,-7.85,173.10,53.639,54.150,-17.4647,-14.1785,-23.94,186.96,-17.5044,-13.7229,,,0.20286,0
77.4950,26,37,4,1,67.00,389.00,capture,-13.57,186.29,218.13,0,178.786,8.140,179.770,-18.52,20.82,146.94,-17.97,-7.02,173.06,53.709,54.104,-17.5105,-13.5464,-13.57,186.29,-17.5071,-13.6435,,,0.21602,0
77.6074,26,37,4,1,67.00,389.00,capture,-28.34,181.81,228.07,0,178.738,8.263,179.765,-18.47,20.82,146.85,-18.16,-8.24,173.06,53.585,54.080,-17.2949,-13.2540,-28.34,181.81,-17.4116,-13.4682,,,0.21013,0
77.6894,26,37,4,1,67.00,389.00,capture,5.37,205.60,193.48,0,178.806,8.099,179.769,-18.42,20.68,146.88,-18.27,-7.87,173.50,53.687,54.292,-18.0801,-12.3682,5.37,205.60,-17.7124,-12.9732,,,0.23299,0
77.7983,26,37,4,1,67.00,389.00,capture,-7.20,171.06,230.22,0,178.948,8.207,179.764,-18.40,20.90,147.05,-17.64,-7.51,172.78,53.465,54.408,-16.9612,-12.9812,-7.20,171.06,-17.3744,-12.9768,,,0.16830,0
77.9988,27,44,4,8,379.67,389.00,dwell,119.24,124.40,371.26,0,178.810,8.170,179.797,-18.32,20.94,147.19,-18.00,-7.41,173.16,53.583,54.168,-13.7924,-6.7954,119.24,124.40,-13.7924,-6.7954,,,0.21171,0
78.0875,27,44,4,8,379.67,389.00,dwell,113.00,255.65,298.15,0,178.633,8.094,179.798,-18.30,20.88,147.17,-17.80,-7.74,173.49,53.760,54.215,-20.4211,-7.6321,113.00,255.65,-16.7753,-7.1719,,,0.20983,0
78.1819,27,44,4,8,379.67,389.00,dwell,169.74,44.51,403.41,0,178.654,7.996,179.815,-18.30,20.84,147.28,-18.07,-8.12,173.69,54.259,54.188,-11.5007,-4.5349,169.74,44.51,-14.4017,-5.9853,,,0.23752,0
78.2751,27,44,4,8,379.67,389.00,dwell,174.22,131.89,329.11,0,178.744,7.916,179.795,-18.44,20.93,147.58,-17.75,-7.57,173.85,53.612,54.048,-14.7452,-4.1867,174.22,131.89,-14.5563,-5.1759,,,0.23287,0
78.3739,27,44,4,8,379.67,389.00,dwell,250.31,69.70,344.51,0,178.671,7.877,179.800,-18.39,20.80,147.61,-18.44,-8.15,173.66,53.452,53.811,-11.9255,-1.7137,250.31,69.70,-13.3724,-3.6179,,,0.19921,0
78.4600,27,44,4,8,379.67,389.00,dwell,252.63,127.40,290.81,0,178.734,7.973,179.780,-18.34,21.03,147.57,-17.41,-7.40,173.65,53.506,54.058,-15.0124,-1.4837,252.63,127.40,-14.1104,-2.6575,,,0.20818,0
78.5607,27,44,4,8,379.67,389.00,dwell,319.84,98.42,296.67,0,178.837,8.017,179.816,-18.40,21.05,147.40,-17.87,-6.69,173.60,53.588,54.087,-14.2080,2.4441,319.84,98.42,-14.1543,-0.3618,,,0.19717,0
78.6617,27,44,4,8,379.67,389.00,dwell,330.70,117.72,275.66,0,178.839,8.150,179.856,-18.37,21.18,147.45,-17.43,-8.02,173.91,53.669,54.350,-13.4775,2.7221,330.70,117.72,-13.8498,1.0259,,,0.22043,0
78.7634,27,44,4,8,379.67,389.00,dwell,388.54,50.21,338.91,0,178.837,8.209,179.851,-18.59,21.12,147.42,-18.08,-7.03,173.91,53.275,54.077,-11.5877,5.0844,388.54,50.21,-12.8319,2.8522,,,0.17593,0
78.8465,27,44,4,8,379.67,389.00,capture,447.90,81.25,315.22,0,178.893,8.343,179.859,-18.56,20.98,147.29,-18.65,-8.17,173.10,53.590,53.700,-12.7145,7.9012,447.90,81.25,-12.7791,5.1243,,,0.20551,0
78.9449,27,44,4,8,379.67,389.00,capture,441.59,109.79,285.99,0,178.859,8.302,179.872,-18.60,20.93,147.60,-17.63,-7.69,174.02,53.759,54.047,-15.2072,7.4847,441.59,109.79,-13.8717,6.1865,,,0.19088,0
79.0410,27,44,4,8,379.67,389.00,capture,438.04,104.49,290.44,0,179.016,8.314,179.862,-18.50,20.68,147.52,-18.06,-7.94,173.41,53.702,54.182,-13.5359,7.9600,438.04,104.49,-13.7206,6.9846,,,0.20719,0
79.1428,27,44,4,8,379.67,389.00,capture,429.59,98.60,294.66,0,178.962,8.222,179.887,-18.38,20.71,147.67,-17.97,-8.09,173.96,53.708,54.042,-13.1720,6.5546,429.59,98.60,-13.4737,6.7911,,,0.22143,0
79.2359,27,44,4,8,379.67,389.00,capture,432.11,89.59,303.97,0,179.072,8.094,179.870,-18.29,20.68,147.66,-17.60,-8.71,174.03,53.346,54.015,-13.5717,7.2484,432.11,89.59,-13.5178,6.9969,,,0.18521,0
79.3463,27,44,4,8,379.67,389.00,capture,424.07,76.61,315.53,0,179.105,8.165,179.827,-18.30,20.53,147.45,-18.06,-8.38,173.97,53.402,54.179,-12.8427,6.9615,424.07,76.61,-13.2140,6.9810,,,0.19893,0
79.4498,27,44,4,8,379.67,389.00,capture,418.06,75.49,315.85,0,179.172,8.213,179.846,-18.30,20.45,147.65,-17.90,-8.19,173.52,53.530,54.073,-12.8139,6.4006,418.06,75.49,-13.0340,6.7198,,,0.22239,0
79.5637,27,44,4,8,379.67,389.00,capture,423.91,70.34,321.72,0,179.058,8.237,179.850,-18.15,20.62,147.55,-17.97,-8.07,173.92,53.500,54.197,-12.0876,6.3975,423.91,70.34,-12.6081,6.5748,,,0.20462,0
79.6575,27,44,4,8,379.67,389.00,capture,414.19,78.81,312.11,0,178.999,8.091,179.839,-18.14,20.76,147.50,-17.79,-7.68,174.00,53.812,54.106,-12.7671,5.9813,414.19,78.81,-12.6796,6.3077,,,0.19913,0
79.7599,27,44,4,8,379.67,389.00,capture,426.05,78.65,313.80,0,178.980,7.992,179.830,-18.29,20.74,147.63,-17.81,-7.16,174.21,53.928,54.213,-13.2299,7.0082,426.05,78.65,-12.9272,6.6229,,,0.21762,0
79.8575,27,44,4,8,379.67,389.00,capture,417.44,78.60,312.69,0,178.853,7.858,179.831,-18.43,20.67,147.68,-18.94,-7.42,173.95,53.560,54.416,-12.8511,7.0909,417.44,78.60,-12.8930,6.8335,,,0.20981,0
79.9619,27,44,4,8,379.67,389.00,capture,402.58,66.96,322.85,0,178.930,8.075,179.823,-18.47,20.87,147.70,-17.29,-7.50,173.84,53.414,54.606,-12.3651,6.3131,402.58,66.96,-12.6555,6.5993,,,0.20722,0
80.0647,27,44,4,8,379.67,389.00,capture,410.56,100.71,289.94,0,178.979,8.172,179.833,-18.40,20.81,147.83,-17.68,-7.71,174.56,53.358,54.901,-13.4611,6.0447,410.56,100.71,-13.0180,6.3498,,,0.19204,0
80.1774,27,44,4,8,379.67,389.00,capture,395.87,85.05,304.38,0,179.052,8.190,179.822,-18.43,20.75,147.72,-18.23,-7.27,174.52,53.413,55.082,-12.9358,5.8505,395.87,85.05,-12.9810,6.1251,,,0.20172,0
80.2802,27,44,4,8,379.67,389.00,capture,426.69,69.57,322.87,0,179.098,8.097,179.819,-18.44,20.71,147.73,-17.82,-7.72,174.39,53.376,55.017,-12.5025,7.0571,426.69,69.57,-12.7657,6.5445,,,0.21209,0
80.3770,27,44,4,8,379.67,389.00,capture,412.03,89.12,301.62,0,179.108,8.174,179.788,-18.49,20.58,147.91,-17.88,-7.49,174.30,53.675,54.820,-14.5953,6.4241,412.03,89.12,-13.5890,6.4903,,,0.19800,0
80.4696,27,44,4,8,379.67,389.00,capture,408.29,112.30,278.18,0,179.128,8.257,179.799,-18.49,20.80,148.12,-17.69,-8.22,174.29,53.906,54.476,-14.3762,6.7529,408.29,112.30,-13.9433,6.6085,,,0.21791,0
80.5731,27,44,4,8,379.67,389.00,capture,409.03,87.83,302.60,0,179.137,8.393,179.788,-18.48,20.78,148.27,-18.28,-7.52,174.43,54.156,54.567,-13.5353,6.3213,409.03,87.83,-13.7597,6.4793,,,0.20375,0
80.6740,27,44,4,8,379.67,389.00,capture,425.93,81.58,310.88,0,179.199,8.410,179.779,-18.48,20.75,148.26,-18.23,-8.07,174.46,54.106,54.559,-12.4542,7.3940,425.93,81.58,-13.1722,6.8909,,,0.25170,0
80.7668,27,44,4,8,379.67,389.00,capture,396.07,68.48,320.94,0,179.080,8.302,179.798,-18.40,20.88,148.04,-17.90,-8.20,174.24,54.260,54.519,-12.6536,5.8948,396.07,68.48,-12.9388,6.4427,,,0.23445,0
80.9670,28,65,7,2,111.67,648.33,dwell,439.79,323.61,461.64,0,179.108,8.380,179.819,-18.43,20.77,147.90,-18.29,-8.14,174.29,53.788,54.274,-22.4952,7.3400,439.79,323.61,-22.4952,7.3400,,,0.21219,0
81.0507,28,65,7,2,111.67,648.33,dwell,245.08,330.24,344.94,0,179.171,8.238,179.795,-18.39,20.89,148.02,-17.91,-8.37,174.33,54.267,54.269,-22.3436,-1.4894,245.08,330.24,-22.4270,3.3668,,,0.23300,0
81.1738,28,65,7,2,111.67,648.33,dwell,188.98,390.19,269.47,0,179.091,8.363,179.812,-18.38,20.68,148.04,-17.62,-7.78,174.47,53.919,54.441,-25.0639,-4.2750,188.98,390.19,-23.6136,-0.0720,,,0.23799,0
81.2724,28,65,7,2,111.67,648.33,dwell,182.40,401.61,256.66,0,179.120,8.442,179.788,-18.36,20.75,148.12,-18.12,-8.22,174.69,53.756,54.593,-25.1535,-3.9756,182.40,401.61,-24.3066,-1.8286,,,0.22548,0
81.3624,28,65,7,2,111.67,648.33,dwell,162.31,463.92,191.24,0,179.042,8.437,179.769,-18.41,20.66,148.32,-17.87,-7.19,174.92,54.008,54.427,-27.8962,-5.0444,162.31,463.92,-25.9219,-3.2757,,,0.22532,0
81.4550,28,65,7,2,111.67,648.33,dwell,68.45,460.79,192.46,0,178.974,8.446,179.787,-18.38,20.62,148.24,-18.01,-8.62,174.93,54.230,54.180,-27.2485,-9.7265,68.45,460.79,-26.5189,-6.1786,,,0.21072,0
81.5562,28,65,7,2,111.67,648.33,dwell,49.35,481.15,178.42,0,178.939,8.471,179.771,-18.38,20.74,148.10,-17.19,-7.36,174.72,53.976,53.947,-29.1042,-10.5630,49.35,481.15,-27.6823,-8.1515,,,0.24234,0
81.6485,28,65,7,2,111.67,648.33,dwell,19.87,552.17,132.94,0,178.852,8.604,179.766,-18.48,20.69,148.18,-18.16,-8.02,174.79,53.846,54.125,-31.3641,-11.5139,19.87,552.17,-29.3391,-9.6646,,,0.19981,0
81.7415,28,65,7,2,111.67,648.33,capture,-16.26,581.18,144.48,0,178.922,8.643,179.782,-18.39,20.81,148.22,-18.03,-7.24,174.73,53.530,54.020,-32.5993,-13.0810,-16.26,581.18,-30.8062,-11.2020,,,0.21961,0
81.8443,28,65,7,2,111.67,648.33,capture,-39.25,573.32,168.53,0,178.958,8.758,179.801,-18.51,20.82,148.14,-18.91,-7.21,174.33,53.665,54.282,-32.4030,-14.8482,-39.25,573.32,-31.5248,-12.8428,,,0.24205,0
81.9444,28,65,7,2,111.67,648.33,capture,-22.21,599.26,142.59,0,179.012,8.783,179.809,-18.39,20.83,148.20,-17.82,-7.77,174.64,53.590,54.097,-33.6215,-14.0833,-22.21,599.26,-32.4683,-13.4010,,,0.19375,0
82.0507,28,65,7,2,111.67,648.33,capture,-21.52,559.92,159.86,0,179.010,8.626,179.823,-18.48,20.78,148.21,-17.84,-7.40,174.71,53.452,54.358,-31.4459,-14.2589,-21.52,559.92,-32.0082,-13.7871,,,0.18145,0
82.1386,28,65,7,2,111.67,648.33,capture,-17.77,609.01,135.28,0,179.066,8.608,179.796,-18.54,20.67,148.16,-18.21,-7.26,174.91,54.125,54.143,-33.5473,-13.2197,-17.77,609.01,-32.7008,-13.5317,,,0.20308,0
82.2285,28,65,7,2,111.67,648.33,capture,-22.73,568.02,156.57,0,178.958,8.591,179.805,-18.30,20.74,148.12,-17.70,-8.01,174.23,54.346,54.189,-32.3696,-13.8720,-22.73,568.02,-32.5518,-13.6848,,,0.18904,0
82.3407,28,65,7,2,111.67,648.33,capture,0.65,596.29,122.61,0,178.952,8.546,179.822,-18.38,20.72,148.20,-17.82,-7.87,174.55,53.971,53.801,-32.5211,-12.2150,0.65,596.29,-32.5380,-13.0234,,,0.22776,0
82.4489,28,65,7,2,111.67,648.33,capture,-12.11,585.20,138.95,0,178.938,8.567,179.805,-18.32,20.81,148.02,-18.74,-7.86,174.43,54.141,53.826,-32.9302,-13.3167,-12.11,585.20,-32.7145,-13.1554,,,0.22685,0
82.5620,28,65,7,2,111.67,648.33,capture,-19.08,610.35,136.15,0,179.076,8.473,179.821,-18.16,20.72,148.03,-17.77,-7.29,174.18,54.178,53.694,-34.4441,-13.5835,-19.08,610.35,-33.4928,-13.3480,,,0.23629,0
82.6536,28,65,7,2,111.67,648.33,capture,-6.18,586.79,132.95,0,179.131,8.514,179.805,-18.19,20.73,148.17,-17.44,-7.22,174.58,54.055,53.582,-33.0491,-12.7468,-6.18,586.79,-33.2931,-13.0775,,,0.19896,0
82.7488,28,65,7,2,111.67,648.33,capture,-23.14,585.26,148.83,0,179.008,8.530,179.769,-18.17,20.71,147.99,-17.51,-7.90,174.09,53.868,53.636,-33.0441,-14.1270,-23.14,585.26,-33.1811,-13.5498,,,0.21483,0
82.8581,28,65,7,2,111.67,648.33,capture,-25.23,577.16,154.29,0,179.019,8.498,179.787,-18.08,20.83,148.00,-17.17,-7.20,174.00,53.796,53.372,-31.6923,-14.4135,-25.23,577.16,-32.5111,-13.9385,,,0.18955,0
82.9618,28,65,7,2,111.67,648.33,capture,-18.57,607.33,136.54,0,179.009,8.557,179.766,-18.12,20.74,148.07,-17.80,-7.97,174.17,53.387,53.594,-33.4488,-13.7203,-18.57,607.33,-32.9331,-13.8403,,,0.17854,0
83.0670,28,65,7,2,111.67,648.33,capture,-14.58,587.15,140.29,0,178.977,8.456,179.796,-17.94,20.72,147.85,-17.57,-8.96,173.93,53.301,53.189,-32.6157,-14.0649,-14.58,587.15,-32.7903,-13.9414,,,0.21913,0
83.1714,28,65,7,2,111.67,648.33,capture,-9.76,560.14,150.07,0,178.990,8.292,179.826,-17.93,20.63,147.89,-17.73,-8.09,174.36,53.445,53.508,-31.7320,-13.9528,-9.76,560.14,-32.3140,-13.9465,,,0.20289,0
83.2729,28,65,7,2,111.67,648.33,capture,1.68,591.10,123.99,0,178.923,8.333,179.829,-17.97,20.82,147.94,-17.37,-8.36,174.15,53.843,53.702,-32.8587,-13.2320,1.68,591.10,-32.5591,-13.6250,,,0.20030,0
83.3613,28,65,7,2,111.67,648.33,capture,-3.16,610.32,120.96,0,178.924,8.348,179.845,-18.00,20.84,147.84,-18.16,-7.39,174.01,53.586,53.376,-33.2704,-12.5539,-3.16,610.32,-32.8792,-13.1430,,,0.22423,0
83.4560,28,65,7,2,111.67,648.33,capture,-10.79,612.92,127.47,0,178.837,8.458,179.860,-18.13,20.89,147.98,-17.20,-6.94,174.07,53.508,53.709,-34.1634,-13.4162,-10.79,612.92,-33.4571,-13.2659,,,0.20139,0
83.5760,28,65,7,2,111.67,648.33,capture,-14.10,591.61,137.97,0,178.722,8.551,179.867,-18.12,20.91,148.06,-17.56,-7.92,174.71,53.485,54.000,-33.2563,-13.4667,-14.10,591.61,-33.3668,-13.3563,,,0.23099,0
83.7692,29,36,4,0,22.33,389.00,dwell,-41.96,485.87,116.26,0,178.704,8.557,179.873,-18.17,20.98,148.04,-18.03,-7.34,174.05,53.482,53.749,-28.6067,-14.8738,-41.96,485.87,-28.6067,-14.8738,,,0.20316,0
83.8584,29,36,4,0,22.33,389.00,dwell,30.65,401.15,14.72,1,178.768,8.362,179.895,-18.22,20.99,147.95,-17.63,-7.51,174.50,53.653,54.027,-25.1827,-10.7145,30.65,401.15,-27.0659,-13.0021,,,0.23148,0
83.9667,29,36,4,0,22.33,389.00,dwell,31.50,482.66,94.11,0,178.791,8.238,179.890,-18.20,20.81,147.90,-17.54,-7.57,174.45,53.788,54.006,-28.2487,-11.2429,31.50,482.66,-27.5981,-12.2105,,,0.21616,0
84.0601,29,36,4,0,22.33,389.00,dwell,-15.15,546.60,162.00,0,178.832,8.191,179.896,-18.35,20.77,147.87,-16.92,-8.30,174.22,53.878,54.193,-31.2528,-13.0157,-15.15,546.60,-29.2427,-12.5728,,,0.21678,0
84.1563,29,36,4,0,22.33,389.00,dwell,44.73,316.66,75.73,0,178.854,8.102,179.866,-18.33,20.77,147.91,-17.54,-7.95,174.74,53.957,54.142,-22.2639,-10.8646,44.73,316.66,-26.1023,-11.8041,,,0.23487,0
84.2601,29,36,4,0,22.33,389.00,dwell,20.06,286.61,102.42,0,178.806,8.311,179.833,-18.22,20.79,148.07,-17.56,-7.54,174.51,53.951,54.048,-21.0280,-12.5200,20.06,286.61,-23.8189,-12.1262,,,0.19941,0
84.3480,29,36,4,0,22.33,389.00,dwell,90.60,139.47,258.70,0,178.655,8.373,179.810,-18.27,21.01,148.29,-18.11,-7.31,175.03,53.779,54.342,-14.7982,-8.2647,90.60,139.47,-19.7595,-10.3886,,,0.20949,0
84.4348,29,36,4,0,22.33,389.00,dwell,87.99,220.04,181.27,0,178.635,8.398,179.814,-18.16,20.84,148.15,-18.04,-7.27,174.83,53.849,54.262,-18.2151,-8.3256,87.99,220.04,-19.0646,-9.4602,,,0.22311,0
84.5500,29,36,4,0,22.33,389.00,dwell,87.48,190.96,208.48,0,178.608,8.279,179.817,-18.08,20.81,148.12,-17.55,-7.42,174.46,53.671,54.553,-16.5065,-8.5063,87.48,190.96,-17.9134,-9.0310,,,0.24648,0
84.6559,29,36,4,0,22.33,389.00,dwell,75.46,134.48,260.01,0,178.778,8.269,179.794,-18.14,20.87,148.15,-17.56,-7.01,174.63,53.363,54.708,-15.4507,-9.7008,75.46,134.48,-16.8052,-9.3324,,,0.19930,0
84.7601,29,36,4,0,22.33,389.00,capture,92.87,116.90,281.09,0,178.753,8.403,179.784,-18.20,20.76,148.11,-17.71,-7.83,174.35,53.341,54.877,-14.0612,-7.9579,92.87,116.90,-15.5704,-8.7139,,,0.19139,0
84.8953,29,36,4,0,22.33,389.00,capture,90.92,103.25,293.87,0,178.772,8.293,179.799,-18.38,20.89,148.20,-17.84,-7.45,173.78,53.487,54.473,-13.5925,-9.3650,90.92,103.25,-14.6804,-9.0069,,,0.19496,0
84.9972,29,36,4,0,22.33,389.00,capture,111.55,98.44,303.95,0,178.855,8.289,179.847,-18.49,20.83,148.25,-17.80,-7.69,175.36,53.497,54.207,-13.8718,-8.6034,111.55,98.44,-14.3165,-8.8253,,,0.19729,0
85.1143,29,36,4,0,22.33,389.00,capture,132.89,119.39,291.40,0,178.874,8.212,179.835,-18.48,20.82,148.31,-17.96,-7.45,175.27,53.311,54.280,-14.2831,-7.0120,132.89,119.39,-14.3015,-8.0093,,,0.20596,0
85.2085,29,36,4,0,22.33,389.00,capture,110.43,82.55,318.86,0,178.826,8.202,179.809,-18.36,20.71,148.23,-17.33,-7.83,174.46,53.696,54.120,-13.7793,-8.0942,110.43,82.55,-14.0665,-8.0475,,,0.23697,0
85.3260,29,36,4,0,22.33,389.00,capture,109.26,84.82,316.36,0,178.863,8.254,179.859,-18.34,20.73,148.12,-17.86,-8.08,174.56,53.763,54.467,-14.3538,-7.3718,109.26,84.82,-14.1958,-7.7434,,,0.22335,0
85.4247,29,36,4,0,22.33,389.00,capture,104.90,108.78,292.13,0,178.921,8.283,179.893,-18.32,20.89,148.15,-18.00,-7.98,174.46,53.720,54.706,-13.0622,-7.9037,104.90,108.78,-13.6857,-7.8156,,,0.20743,0
85.5067,29,36,4,0,22.33,389.00,capture,101.56,92.18,307.21,0,178.912,8.243,179.895,-18.24,20.89,147.96,-18.03,-7.81,173.68,53.955,54.252,-13.3082,-8.7688,101.56,92.18,-13.5158,-8.2445,,,0.21194,0
85.6080,29,36,4,0,22.33,389.00,capture,94.81,122.87,275.82,0,178.759,8.416,179.864,-18.24,20.97,147.56,-17.11,-7.08,174.61,53.927,53.982,-14.4051,-8.8538,94.81,122.87,-13.9160,-8.5187,,,0.21339,0
85.7209,29,36,4,0,22.33,389.00,capture,97.28,146.95,253.39,0,178.852,8.366,179.865,-18.33,21.00,147.78,-17.75,-7.68,174.10,53.566,54.151,-16.5811,-8.6927,97.28,146.95,-15.1153,-8.5970,,,0.23287,0
85.8406,29,36,4,0,22.33,389.00,capture,96.53,111.77,286.99,0,178.866,8.383,179.845,-18.33,20.70,147.97,-17.64,-7.23,174.58,53.712,54.498,-13.9641,-8.6067,96.53,111.77,-14.5973,-8.6014,,,0.22299,0
85.9431,29,36,4,0,22.33,389.00,capture,115.83,108.85,295.34,0,178.918,8.411,179.812,-18.35,20.45,147.84,-18.22,-8.80,174.13,53.823,54.389,-13.5930,-7.1130,115.83,108.85,-14.1453,-7.9316,,,0.21913,0
86.0489,29,36,4,0,22.33,389.00,capture,101.71,84.74,314.44,0,178.997,8.455,179.825,-18.38,20.45,147.65,-17.62,-8.30,174.32,53.902,54.588,-13.6741,-8.2775,101.71,84.74,-13.9333,-8.0872,,,0.22243,0
86.1428,29,36,4,0,22.33,389.00,capture,104.63,96.31,304.04,0,179.026,8.381,179.831,-18.47,20.54,147.82,-18.34,-7.44,174.15,54.003,54.427,-13.7282,-8.2463,104.63,96.31,-13.8410,-8.1588,,,0.22115,0
86.2464,29,36,4,0,22.33,389.00,capture,107.03,90.95,309.85,0,179.038,8.304,179.791,-18.43,20.50,147.96,-17.97,-7.64,174.40,54.414,54.564,-14.0880,-7.6367,107.03,90.95,-13.9521,-7.9239,,,0.23091,0
86.3502,29,36,4,0,22.33,389.00,capture,101.74,97.30,302.31,0,178.961,8.084,179.809,-18.41,20.72,147.98,-18.57,-7.60,174.47,54.156,54.484,-13.8700,-8.0643,101.74,97.30,-13.9152,-7.9870,,,0.24964,0
86.4643,29,36,4,0,22.33,389.00,capture,108.20,92.90,308.30,0,178.862,8.110,179.831,-18.51,20.79,147.77,-17.85,-7.42,174.19,54.053,54.203,-13.5585,-7.6315,108.20,92.90,-13.7547,-7.8271,,,0.23522,0
86.5659,29,36,4,0,22.33,389.00,capture,107.89,134.61,268.39,0,178.742,7.968,179.832,-18.66,20.71,147.67,-17.70,-7.44,174.27,54.214,53.753,-15.0011,-7.6693,107.89,134.61,-14.3156,-7.7561,,,0.23348,0
86.6677,29,36,4,0,22.33,389.00,capture,123.16,99.50,306.56,0,178.845,8.068,179.817,-18.73,20.84,147.51,-18.09,-8.53,173.71,54.124,53.622,-13.6624,-7.2900,123.16,99.50,-14.0216,-7.5463,,,0.23414,0
86.7702,29,36,4,0,22.33,389.00,capture,95.13,102.41,295.69,0,178.860,8.126,179.847,-18.69,20.73,147.85,-17.88,-7.68,174.11,54.003,53.915,-14.2816,-8.1651,95.13,102.41,-14.1386,-7.8248,,,0.22812,0
86.8737,29,36,4,0,22.33,389.00,capture,137.85,108.27,303.57,0,178.721,8.218,179.880,-18.69,20.69,148.01,-18.31,-8.26,174.57,53.806,53.763,-13.7831,-6.3710,137.85,108.27,-13.9786,-7.1706,,,0.23297,0
87.1034,30,64,7,1,67.00,648.33,dwell,229.58,202.30,474.74,0,178.758,8.371,179.855,-18.62,20.73,147.82,-17.88,-8.00,174.53,54.143,53.949,-18.2151,-1.9332,229.58,202.30,-18.2151,-1.9332,,,0.21123,0
87.2267,30,64,7,1,67.00,648.33,dwell,139.36,301.15,354.64,0,178.772,8.499,179.875,-18.68,20.76,147.62,-18.12,-7.78,174.25,53.882,54.211,-21.3177,-6.4620,139.36,301.15,-19.6113,-3.9711,,,0.20165,0
87.3302,30,64,7,1,67.00,648.33,dwell,104.71,348.65,302.05,0,178.814,8.591,179.873,-18.71,20.62,147.54,-17.86,-7.85,173.80,53.996,53.797,-23.1510,-7.0122,104.71,348.65,-21.2041,-5.3396,,,0.21622,0
87.4325,30,64,7,1,67.00,648.33,dwell,49.31,319.52,329.29,0,178.837,8.591,179.864,-18.68,20.65,147.60,-17.98,-7.84,174.42,54.247,53.717,-22.1739,-10.7306,49.31,319.52,-21.6405,-7.7656,,,0.23853,0
87.5279,30,64,7,1,67.00,648.33,dwell,30.92,425.17,226.06,0,178.826,8.539,179.887,-18.63,20.63,147.79,-18.24,-7.96,173.94,53.870,53.921,-25.9060,-12.0634,30.92,425.17,-23.5600,-9.6996,,,0.19978,0
87.6390,30,64,7,1,67.00,648.33,dwell,34.55,323.80,326.15,0,178.824,8.641,179.860,-18.65,20.90,147.77,-18.32,-8.06,174.00,53.875,54.085,-22.7683,-10.7449,34.55,323.80,-23.2037,-10.1700,,,0.19843,0
87.7407,30,64,7,1,67.00,648.33,dwell,-29.56,316.56,345.54,0,178.638,8.735,179.873,-18.65,20.89,147.49,-17.95,-7.80,173.55,53.937,53.843,-21.7823,-14.5671,-29.56,316.56,-22.5641,-12.1487,,,0.22143,0
87.8404,30,64,7,1,67.00,648.33,dwell,27.43,449.60,202.63,0,178.729,8.585,179.857,-18.57,20.96,147.56,-18.46,-7.66,174.39,53.980,54.032,-27.3669,-11.0427,27.43,449.60,-24.7253,-11.6510,,,0.20336,0
87.9463,30,64,7,1,67.00,648.33,dwell,45.19,439.02,210.45,0,178.848,8.501,179.850,-18.54,20.86,147.35,-18.54,-7.94,173.83,53.807,53.591,-27.6393,-11.3226,45.19,439.02,-26.0366,-11.5032,,,0.20309,0
88.0512,30,64,7,1,67.00,648.33,dwell,59.77,545.67,102.92,0,178.755,8.598,179.825,-18.51,20.90,147.22,-18.18,-8.09,173.77,53.594,53.808,-30.7947,-9.7844,59.77,545.67,-28.1778,-10.7298,,,0.19705,0
88.1505,30,64,7,1,67.00,648.33,dwell,26.45,515.18,139.19,0,179.077,8.412,179.841,-18.51,20.80,147.36,-18.33,-7.46,172.98,53.575,54.233,-29.3788,-11.1082,26.45,515.18,-28.7182,-10.9001,,,0.22128,0
88.2535,30,64,7,1,67.00,648.33,capture,-1.35,540.46,127.70,0,179.169,8.514,179.825,-18.50,20.75,147.56,-18.87,-6.95,173.40,53.441,54.046,-31.3977,-12.9779,-1.35,540.46,-29.9240,-11.8351,,,0.18928,0
88.3571,30,64,7,1,67.00,648.33,capture,7.21,534.61,128.48,0,179.069,8.660,179.807,-18.48,20.68,147.30,-17.87,-7.89,173.52,53.453,54.296,-30.5271,-12.6317,7.21,534.61,-30.1954,-12.1936,,,0.22706,0
88.4550,30,64,7,1,67.00,648.33,capture,-2.25,544.31,124.97,0,179.011,8.623,179.801,-18.51,20.80,147.04,-18.19,-7.89,173.20,53.338,54.213,-30.3561,-12.0617,-2.25,544.31,-30.2677,-12.1343,,,0.20978,0
88.5410,30,64,7,1,67.00,648.33,capture,-9.42,544.99,128.53,0,178.867,8.482,179.811,-18.41,20.74,147.02,-17.99,-8.28,173.29,53.406,54.108,-29.7809,-13.7737,-9.42,544.99,-30.0487,-12.8720,,,0.17055,0
88.6285,30,64,7,1,67.00,648.33,capture,19.80,539.57,118.56,0,178.954,8.594,179.851,-18.50,20.87,147.25,-18.39,-7.66,173.27,53.211,53.808,-30.7246,-11.2619,19.80,539.57,-30.3528,-12.1475,,,0.20931,0
88.7300,30,64,7,1,67.00,648.33,capture,16.68,521.21,136.72,0,178.912,8.598,179.821,-18.49,20.96,147.21,-17.48,-8.07,173.29,53.232,53.763,-29.3667,-12.4459,16.68,521.21,-29.9091,-12.2818,,,0.21286,0
88.8366,30,64,7,1,67.00,648.33,capture,11.02,536.80,124.79,0,178.901,8.509,179.811,-18.53,20.97,147.26,-17.82,-6.55,173.62,53.338,53.582,-31.0361,-12.7861,11.02,536.80,-30.4162,-12.5087,,,0.20266,0
88.9265,30,64,7,1,67.00,648.33,capture,10.96,525.65,134.88,0,178.850,8.453,179.783,-18.37,20.71,147.34,-17.63,-7.29,173.78,53.327,53.806,-31.0246,-12.6645,10.96,525.65,-30.6900,-12.5788,,,0.19567,0
89.0106,30,64,7,1,67.00,648.33,capture,2.98,554.54,113.56,0,178.882,8.437,179.817,-18.36,20.76,147.30,-18.24,-7.69,173.43,53.301,53.711,-31.3736,-12.6564,2.98,554.54,-30.9976,-12.6137,,,0.18034,0
89.1276,30,64,7,1,67.00,648.33,capture,-8.25,533.24,137.51,0,178.812,8.352,179.835,-18.37,20.67,147.30,-17.70,-7.94,173.40,53.306,53.870,-30.8004,-13.0336,-8.25,533.24,-30.9088,-12.8026,,,0.21763,0
89.2222,30,64,7,1,67.00,648.33,capture,9.76,528.93,132.41,0,178.850,8.301,179.834,-18.41,20.59,147.38,-18.00,-7.49,173.10,53.705,54.193,-30.1950,-12.3602,9.76,528.93,-30.5876,-12.6035,,,0.22141,0
89.3237,30,64,7,1,67.00,648.33,capture,24.78,527.66,127.85,0,179.006,8.385,179.836,-18.32,20.46,147.68,-18.07,-7.58,173.75,53.825,53.752,-30.3503,-11.9594,24.78,527.66,-30.4808,-12.3137,,,0.20141,0
89.4390,30,64,7,1,67.00,648.33,capture,-13.14,559.54,119.61,0,178.971,8.523,179.831,-18.28,20.47,147.53,-18.31,-8.85,174.32,53.883,54.402,-31.2874,-13.6618,-13.14,559.54,-30.8438,-12.9203,,,0.19064,0
89.5528,30,64,7,1,67.00,648.33,capture,5.33,550.71,115.47,0,179.006,8.494,179.824,-18.34,20.52,147.60,-17.45,-8.44,173.75,53.602,54.989,-31.4881,-12.8269,5.33,550.71,-31.1337,-12.8783,,,0.21040,0
89.6348,30,64,7,1,67.00,648.33,capture,6.09,544.55,120.34,0,178.971,8.506,179.800,-18.35,20.45,147.58,-18.19,-7.44,174.00,53.840,54.942,-30.9118,-12.6101,6.09,544.55,-31.0338,-12.7576,,,0.19218,0
89.7230,30,64,7,1,67.00,648.33,capture,-10.72,544.16,129.97,0,178.811,8.416,179.825,-18.34,20.49,147.54,-17.69,-8.37,173.96,53.882,54.933,-30.9667,-13.1915,-10.72,544.16,-31.0036,-12.9528,,,0.21994,0
89.8436,30,64,7,1,67.00,648.33,capture,6.71,553.29,112.55,0,178.898,8.369,179.798,-18.38,20.38,147.24,-17.66,-7.70,173.75,54.093,54.813,-30.5207,-12.5073,6.71,553.29,-30.7863,-12.7524,,,0.19290,0
89.9456,30,64,7,1,67.00,648.33,capture,-0.80,555.03,115.34,0,178.977,8.324,179.813,-18.46,20.24,147.45,-17.83,-7.97,173.52,53.744,54.639,-32.3193,-12.6906,-0.80,555.03,-31.4762,-12.7245,,,0.22364,0
90.0319,30,64,7,1,67.00,648.33,capture,17.70,530.04,128.16,0,178.929,8.214,179.823,-18.54,20.43,147.28,-17.85,-8.19,173.52,53.514,54.136,-29.4801,-11.6239,17.70,530.04,-30.5779,-12.2293,,,0.22758,0
90.1226,30,64,7,1,67.00,648.33,capture,17.91,512.70,144.24,0,178.923,8.301,179.836,-18.42,20.24,147.21,-18.03,-8.61,173.73,53.565,54.369,-29.9014,-12.5259,17.91,512.70,-30.2735,-12.3628,,,0.21320,0
90.3018,31,53,5,8,379.67,475.44,dwell,-41.93,627.60,448.21,0,178.906,8.370,179.858,-18.42,20.29,147.18,-17.78,-7.99,173.43,53.579,54.061,-34.2766,-14.8746,-41.93,627.60,-34.2766,-14.8746,,,0.18937,0
90.3933,31,53,5,8,379.67,475.44,dwell,106.69,487.84,273.26,0,178.845,8.511,179.888,-18.44,20.29,147.40,-17.95,-7.91,174.33,53.199,54.061,-29.3099,-8.0143,106.69,487.84,-32.0416,-11.7875,,,0.22413,0
90.4753,31,53,5,8,379.67,475.44,dwell,209.65,415.96,180.12,0,178.782,8.513,179.875,-18.57,20.20,147.40,-18.66,-9.19,173.57,53.241,54.393,-26.0196,-2.6394,209.65,415.96,-29.3317,-7.6708,,,0.18813,0
90.5604,31,53,5,8,379.67,475.44,dwell,199.13,434.30,185.17,0,178.755,8.569,179.876,-18.67,19.99,147.26,-18.04,-8.72,173.68,53.342,55.070,-25.7142,-3.6374,199.13,434.30,-27.7038,-5.8558,,,0.20477,0
90.6488,31,53,5,8,379.67,475.44,dwell,236.57,396.40,163.48,0,178.721,8.534,179.852,-18.69,19.92,147.47,-17.22,-7.97,174.14,53.407,54.771,-24.7635,-1.5340,236.57,396.40,-26.3807,-3.9110,,,0.21298,0
90.7693,31,53,5,8,379.67,475.44,dwell,251.15,379.87,160.16,0,178.711,8.626,179.880,-18.59,20.01,147.52,-17.66,-8.79,173.64,53.248,54.620,-23.6583,-1.0117,251.15,379.87,-25.1556,-2.6063,,,0.20786,0
90.8865,31,53,5,8,379.67,475.44,dwell,263.32,331.34,185.21,0,178.681,8.664,179.838,-18.43,20.00,147.59,-18.19,-8.75,173.95,53.541,54.436,-22.5516,-0.3475,263.32,331.34,-23.9838,-1.5899,,,0.20121,0
90.9947,31,53,5,8,379.67,475.44,dwell,305.02,246.07,241.22,0,178.672,8.513,179.856,-18.45,20.18,147.75,-18.10,-8.07,174.18,53.564,54.321,-18.2718,2.3399,305.02,246.07,-21.4134,0.1785,,,0.23678,0
91.1021,31,53,5,8,379.67,475.44,dwell,311.05,282.89,204.41,0,178.709,8.567,179.848,-18.42,20.15,147.76,-18.44,-7.00,174.11,53.910,54.375,-20.5100,1.4622,311.05,282.89,-21.0069,0.7562,,,0.20734,0
91.1972,31,53,5,8,379.67,475.44,dwell,313.89,275.37,210.61,0,178.840,8.620,179.855,-18.52,20.18,147.77,-19.10,-8.69,174.04,53.730,53.872,-20.3824,1.9418,313.89,275.37,-20.7259,1.2897,,,0.21529,0
91.2880,31,53,5,8,379.67,475.44,dwell,386.83,285.89,189.69,0,178.834,8.634,179.858,-18.45,20.24,147.94,-17.90,-7.89,174.63,53.733,53.919,-20.2817,4.6216,386.83,285.89,-20.5260,2.7891,,,0.21804,0
91.3717,31,53,5,8,379.67,475.44,capture,408.98,240.85,236.42,0,178.876,8.645,179.823,-18.39,20.13,147.94,-17.88,-8.26,174.45,53.900,53.680,-19.4172,5.9453,408.98,240.85,-20.0270,4.2094,,,0.22345,0
91.4537,31,53,5,8,379.67,475.44,capture,379.99,245.65,229.79,0,178.863,8.506,179.807,-18.54,20.11,147.92,-17.73,-8.95,173.93,53.549,53.916,-19.3510,4.8671,379.99,245.65,-19.7228,4.5054,,,0.21455,0
91.5636,31,53,5,8,379.67,475.44,capture,393.91,204.28,271.54,0,178.970,8.518,179.801,-18.65,20.20,147.91,-18.06,-8.66,174.19,53.403,53.579,-17.9790,4.9513,393.91,204.28,-18.9381,4.7061,,,0.21240,0
91.6586,31,53,5,8,379.67,475.44,capture,396.91,240.99,235.09,0,179.039,8.504,179.787,-18.56,20.17,147.89,-18.36,-7.77,174.20,53.346,53.957,-19.5428,4.8992,396.91,240.99,-19.2102,4.7930,,,0.20828,0
91.7542,31,53,5,8,379.67,475.44,capture,397.16,240.53,235.56,0,178.920,8.455,179.783,-18.55,20.25,147.80,-17.95,-9.50,174.19,53.107,54.295,-18.2509,5.4003,397.16,240.53,-18.7785,5.0663,,,0.20531,0
91.8412,31,53,5,8,379.67,475.44,capture,387.46,224.44,251.13,0,178.964,8.495,179.775,-18.50,20.33,147.65,-18.13,-8.19,174.32,53.299,54.306,-17.8653,5.1976,387.46,224.44,-18.3676,5.1253,,,0.21896,0
91.9481,31,53,5,8,379.67,475.44,capture,386.42,250.25,225.30,0,178.873,8.286,179.789,-18.37,20.47,147.59,-17.46,-7.34,173.38,53.884,53.979,-18.8988,5.1602,386.42,250.25,-18.6066,5.1410,,,0.26158,0
92.0521,31,53,5,8,379.67,475.44,capture,387.91,263.44,212.16,0,178.867,8.353,179.822,-18.37,20.47,147.72,-18.60,-8.69,173.80,53.942,54.137,-19.7926,5.7605,387.91,263.44,-19.1403,5.4198,,,0.20947,0
92.1429,31,53,5,8,379.67,475.44,capture,383.67,263.42,212.06,0,178.823,8.467,179.814,-18.45,20.67,147.50,-18.38,-7.77,173.72,54.029,54.057,-20.1884,5.0472,383.67,263.42,-19.6120,5.2521,,,0.22520,0
92.2535,31,53,5,8,379.67,475.44,capture,388.52,248.97,226.65,0,178.802,8.365,179.826,-18.31,20.73,147.52,-17.85,-8.07,173.65,53.932,54.266,-19.2906,4.7741,388.52,248.97,-19.4673,5.0370,,,0.21051,0
92.3609,31,53,5,8,379.67,475.44,capture,405.34,273.69,203.38,0,178.855,8.329,179.840,-18.26,20.70,147.39,-17.74,-7.19,172.72,53.783,54.071,-20.1420,6.1056,405.34,273.69,-19.7709,5.5179,,,0.20238,0
92.4687,31,53,5,8,379.67,475.44,capture,399.01,260.91,215.40,0,178.868,8.220,179.832,-18.29,20.81,147.36,-18.00,-7.26,174.06,54.026,54.005,-19.1977,5.1596,399.01,260.91,-19.5130,5.3567,,,0.21375,0
92.5590,31,53,5,8,379.67,475.44,capture,366.78,244.81,230.99,0,178.838,8.158,179.861,-18.10,20.75,147.39,-17.18,-7.72,173.70,54.011,54.080,-19.1085,3.6765,366.78,244.81,-19.3310,4.6006,,,0.22748,0
92.6559,31,53,5,8,379.67,475.44,capture,389.79,248.79,226.88,0,178.967,8.113,179.855,-18.02,20.79,147.56,-17.12,-7.55,173.87,54.202,54.290,-19.9038,5.8920,389.79,248.79,-19.5888,5.1817,,,0.21214,0
92.7663,31,53,5,8,379.67,475.44,capture,379.76,260.28,215.16,0,179.030,8.168,179.897,-17.99,20.72,147.83,-17.77,-8.58,173.91,54.382,54.162,-20.3269,4.8115,379.76,260.28,-19.9209,5.0151,,,0.22947,0
92.8720,31,53,5,8,379.67,475.44,capture,393.82,234.58,241.28,0,179.030,8.276,179.887,-18.00,20.67,147.70,-18.03,-8.12,173.89,54.321,54.261,-18.4903,5.6690,393.82,234.58,-19.2771,5.3094,,,0.24109,0
92.9579,31,53,5,8,379.67,475.44,capture,405.27,241.17,235.67,0,178.937,8.122,179.876,-17.99,20.44,147.36,-17.95,-8.09,173.63,53.887,54.608,-19.4439,5.7534,405.27,241.17,-19.3522,5.5092,,,0.23633,0
93.0464,31,53,5,8,379.67,475.44,capture,377.28,230.64,244.82,0,178.953,8.055,179.887,-17.95,20.54,147.38,-17.93,-8.84,173.51,53.776,54.750,-18.0998,5.0016,377.28,230.64,-18.7886,5.2808,,,0.23166,0
93.1365,31,53,5,8,379.67,475.44,capture,393.79,265.27,210.65,0,179.028,8.206,179.904,-17.89,20.81,147.66,-17.67,-8.01,174.03,54.123,54.497,-21.4240,5.2300,393.79,265.27,-19.9745,5.2579,,,0.21224,0
93.2388,31,53,5,8,379.67,475.44,capture,399.42,249.63,226.68,0,179.164,8.360,179.893,-17.97,20.87,147.82,-18.25,-7.88,174.19,53.723,54.529,-18.9916,5.7763,399.42,249.63,-19.5322,5.4912,,,0.23638,0
93.4471,32,13,1,4,201.00,129.67,dwell,409.90,94.42,211.85,0,179.018,8.308,179.871,-18.06,20.96,147.81,-17.55,-7.49,174.21,54.004,54.903,-13.8042,6.0190,409.90,94.42,-13.8042,6.0190,,,0.21291,0
93.5511,32,13,1,4,201.00,129.67,dwell,339.45,131.91,138.47,0,179.195,8.138,179.897,-17.97,21.02,147.76,-18.12,-8.18,174.01,53.788,54.549,-14.3072,3.3545,339.45,131.91,-14.0305,4.8200,,,0.23686,0
93.6609,32,13,1,4,201.00,129.67,dwell,345.70,99.97,147.72,0,179.221,8.149,179.907,-17.98,21.08,147.87,-17.67,-6.75,173.90,53.659,54.219,-13.6928,3.5821,345.70,99.97,-13.8786,4.2629,,,0.22117,0
93.7736,32,13,1,4,201.00,129.67,dwell,393.38,176.16,197.92,0,179.080,8.005,179.885,-17.79,21.05,147.61,-18.19,-7.73,173.56,53.936,54.232,-15.9413,5.6321,393.38,176.16,-14.8068,4.8791,,,0.20764,0
93.8722,32,13,1,4,201.00,129.67,dwell,279.37,46.24,114.46,0,179.046,8.007,179.853,-17.85,20.95,147.78,-17.53,-7.19,174.10,53.896,54.078,-12.5783,0.1143,279.37,46.24,-13.8040,2.7349,,,0.22251,0
93.9751,32,13,1,4,201.00,129.67,dwell,362.69,167.69,166.10,0,179.021,8.008,179.840,-17.92,20.91,147.71,-17.93,-7.97,173.85,53.702,54.428,-16.7220,3.6693,362.69,167.69,-15.1171,3.1554,,,0.24679,0
94.0571,32,13,1,4,201.00,129.67,dwell,306.70,30.83,144.71,0,178.874,7.899,179.801,-18.05,20.93,147.53,-17.94,-7.65,173.84,53.355,54.860,-10.9899,1.5141,306.70,30.83,-13.2599,2.4168,,,0.20128,0
94.1715,32,13,1,4,201.00,129.67,dwell,288.71,-6.08,161.62,0,178.940,7.811,179.802,-18.03,20.85,147.49,-17.61,-7.86,173.67,53.376,54.851,-9.0179,0.2484,288.71,-6.08,-11.3510,1.4410,,,0.21845,0
94.2705,32,13,1,4,201.00,129.67,dwell,261.01,35.20,111.92,0,179.013,7.723,179.818,-18.02,20.54,147.23,-17.81,-8.17,173.33,53.588,55.184,-9.8853,-0.0815,261.01,35.20,-10.6914,0.7559,,,0.20277,0
94.3607,32,13,1,4,201.00,129.67,dwell,326.76,28.74,161.25,0,179.026,7.733,179.832,-18.13,20.49,147.36,-17.81,-7.75,173.60,53.475,54.781,-9.7189,1.9689,326.76,28.74,-10.2538,1.3017,,,0.21212,0
94.4427,32,13,1,4,201.00,129.67,capture,291.09,-17.96,172.94,0,178.854,7.521,179.841,-18.18,20.62,147.19,-17.50,-7.97,173.24,53.531,54.525,-9.2657,0.8206,291.09,-17.96,-9.8091,1.0852,,,0.18918,0
94.5313,32,13,1,4,201.00,129.67,capture,290.68,-1.27,158.70,0,178.915,7.651,179.834,-18.16,20.63,147.08,-18.46,-8.78,173.44,53.506,54.474,-9.5492,0.8145,290.68,-1.27,-9.6921,0.9634,,,0.21587,0
94.6254,32,13,1,4,201.00,129.67,capture,265.55,-40.25,181.76,0,178.924,7.716,179.799,-18.26,20.57,147.27,-18.23,-8.00,173.52,53.475,54.251,-7.7549,-0.5445,265.55,-40.25,-8.8204,0.2849,,,0.19014,0
94.7284,32,13,1,4,201.00,129.67,capture,276.86,-38.43,184.42,0,178.885,7.737,179.789,-18.26,20.60,147.63,-18.04,-8.35,173.42,53.957,54.241,-7.7407,-0.4235,276.86,-38.43,-8.3345,-0.0339,,,0.22642,0
94.8230,32,13,1,4,201.00,129.67,capture,278.46,-49.24,194.96,0,178.871,7.751,179.782,-18.18,20.41,147.38,-18.10,-8.16,173.84,53.867,54.496,-8.6653,-0.1855,278.46,-49.24,-8.4834,-0.1021,,,0.19798,0
94.9213,32,13,1,4,201.00,129.67,capture,284.74,-10.19,163.01,0,179.005,7.671,179.777,-18.38,20.56,147.40,-18.39,-7.72,173.45,53.697,54.124,-9.1307,0.5705,284.74,-10.19,-8.7747,0.2006,,,0.21075,0
95.0073,32,13,1,4,201.00,129.67,capture,301.76,-12.10,173.93,0,179.018,7.560,179.777,-18.43,20.60,147.63,-18.41,-7.25,174.08,53.714,53.938,-9.1972,1.5899,301.76,-12.10,-8.9648,0.8258,,,0.23609,0
95.1087,32,13,1,4,201.00,129.67,capture,290.20,-11.13,166.67,0,179.008,7.541,179.757,-18.30,20.59,147.69,-18.12,-7.84,173.87,54.019,54.121,-9.0274,0.3652,290.20,-11.13,-8.9930,0.6185,,,0.22907,0
95.1990,32,13,1,4,201.00,129.67,capture,284.71,-7.55,160.74,0,179.056,7.498,179.771,-18.19,20.67,147.66,-17.82,-7.29,174.30,54.112,54.226,-9.3135,0.3871,284.71,-7.55,-9.1372,0.5144,,,0.21854,0
95.2987,32,13,1,4,201.00,129.67,capture,292.76,-15.08,171.38,0,178.877,7.557,179.764,-18.31,20.88,147.55,-17.99,-8.33,173.73,54.015,53.851,-9.8168,1.1544,292.76,-15.08,-9.4430,0.8024,,,0.24229,0
95.4019,32,13,1,4,201.00,129.67,capture,283.88,-19.64,170.77,0,178.892,7.580,179.769,-18.31,20.71,147.52,-17.85,-7.77,173.92,53.740,53.754,-8.3515,0.4890,283.88,-19.64,-8.9518,0.6614,,,0.22661,0
95.5007,32,13,1,4,201.00,129.67,capture,282.40,1.50,151.83,0,178.983,7.444,179.748,-18.28,20.70,147.83,-18.29,-7.60,174.53,53.578,54.045,-10.3577,1.2134,282.40,1.50,-9.5845,0.9098,,,0.20087,0
95.5997,32,13,1,4,201.00,129.67,capture,280.28,-26.58,175.21,0,178.918,7.319,179.764,-18.32,20.64,147.56,-18.04,-8.27,173.57,53.772,54.161,-8.9462,0.2258,280.28,-26.58,-9.2973,0.6020,,,0.20943,0
95.7023,32,13,1,4,201.00,129.67,capture,277.67,-11.73,160.85,0,178.869,7.347,179.810,-18.47,20.83,147.95,-18.62,-7.68,174.10,53.497,54.145,-9.0059,-0.4986,277.67,-11.73,-9.1661,0.1067,,,0.22989,0
95.7896,32,13,1,4,201.00,129.67,capture,304.96,9.87,158.62,0,178.902,7.405,179.791,-18.61,20.78,147.88,-17.93,-7.99,174.38,53.689,54.481,-10.0941,1.5949,304.96,9.87,-9.5837,0.7764,,,0.20546,0
95.8716,32,13,1,4,201.00,129.67,capture,272.23,-9.36,156.21,0,178.828,7.398,179.787,-18.64,20.64,147.83,-17.82,-7.45,174.36,53.397,54.397,-9.1746,-0.3251,272.23,-9.36,-9.3996,0.2807,,,0.20729,0
95.9783,32,13,1,4,201.00,129.67,capture,266.94,-33.60,176.08,0,178.838,7.301,179.790,-18.68,20.77,147.75,-18.13,-7.70,173.93,53.778,54.235,-9.4188,-0.4091,266.94,-33.60,-9.4083,-0.0297,,,0.21388,0
96.0764,32,13,1,4,201.00,129.67,capture,270.27,-18.61,163.66,0,178.931,7.339,179.809,-18.69,20.78,147.90,-18.18,-8.13,174.88,53.738,54.567,-9.6996,-0.2398,270.27,-18.61,-9.5394,-0.1242,,,0.20640,0
96.1789,32,13,1,4,201.00,129.67,capture,283.82,-30.64,180.44,0,178.881,7.357,179.840,-18.70,20.63,148.02,-17.92,-7.23,174.35,53.784,54.486,-9.4917,-0.6378,283.82,-30.64,-9.5179,-0.3553,,,0.21717,0
96.3467,33,4,0,4,201.00,43.22,dwell,295.99,-41.67,127.40,0,179.024,7.391,179.826,-18.59,20.67,148.03,-17.62,-7.55,174.08,53.632,54.645,-8.1461,0.8505,295.99,-41.67,-8.1461,0.8505,,,0.20651,0
96.4425,33,4,0,4,201.00,43.22,dwell,169.56,-41.66,90.52,0,179.000,7.522,179.864,-18.44,20.73,148.25,-18.29,-7.76,174.25,53.762,54.853,-8.0775,-5.6872,169.56,-41.66,-8.1152,-2.0915,,,0.21284,0
96.5245,33,4,0,4,201.00,43.22,dwell,231.77,17.48,40.12,0,179.242,7.381,179.855,-18.42,20.70,148.46,-17.65,-8.37,174.91,53.749,55.035,-11.1263,-1.8359,231.77,17.48,-9.4702,-1.9765,,,0.21552,0
96.6186,33,4,0,4,201.00,43.22,dwell,259.92,24.14,61.93,0,179.157,7.419,179.847,-18.40,20.77,148.55,-17.32,-7.72,175.48,53.931,54.758,-10.3196,-1.2106,259.92,24.14,-9.8524,-1.6318,,,0.21097,0
96.7345,33,4,0,4,201.00,43.22,dwell,361.34,115.88,176.03,0,179.081,7.473,179.853,-18.33,20.77,148.31,-18.10,-7.83,174.65,54.044,54.808,-14.5907,4.8144,361.34,115.88,-11.9846,1.2690,,,0.22108,0
96.8344,33,4,0,4,201.00,43.22,dwell,207.83,10.62,33.31,1,179.138,7.543,179.817,-18.25,20.87,147.97,-17.37,-7.51,174.19,53.724,54.946,-10.3722,-2.7525,207.83,10.62,-11.2591,-0.5407,,,0.22125,0
96.9431,33,4,0,4,201.00,43.22,dwell,276.03,27.31,76.70,0,179.207,7.664,179.813,-18.24,20.86,147.64,-17.96,-6.96,173.99,53.139,55.064,-10.6911,0.1126,276.03,27.31,-11.0035,-0.2467,,,0.17794,0
97.0473,33,4,0,4,201.00,43.22,dwell,263.67,19.68,66.95,0,179.204,7.773,179.841,-18.22,20.74,147.52,-17.42,-7.74,173.47,53.273,54.278,-11.2918,-0.2193,263.67,19.68,-11.1332,-0.2344,,,0.22594,0
97.1463,33,4,0,4,201.00,43.22,dwell,252.16,50.15,51.63,0,179.194,7.755,179.879,-18.23,20.73,147.32,-17.77,-7.75,173.89,53.550,54.164,-12.2003,-1.3587,252.16,50.15,-11.6134,-0.7403,,,0.19475,0
97.2517,33,4,0,4,201.00,43.22,dwell,194.06,64.19,22.09,1,179.205,7.935,179.910,-18.24,20.65,147.32,-17.58,-7.55,174.06,53.348,53.901,-12.0992,-3.5877,194.06,64.19,-11.8320,-2.0216,,,0.19261,0
97.3433,33,4,0,4,201.00,43.22,capture,243.40,15.84,50.47,0,179.143,7.736,179.889,-18.34,20.55,147.10,-17.88,-7.66,172.84,53.217,53.923,-10.0223,-1.4471,243.40,15.84,-11.0176,-1.7631,,,0.19313,0
97.4519,33,4,0,4,201.00,43.22,capture,255.54,30.70,55.96,0,178.976,7.924,179.867,-18.24,20.70,147.16,-17.59,-7.55,173.32,53.655,53.780,-11.1961,-0.9695,255.54,30.70,-11.0980,-1.4060,,,0.22047,0
97.5441,33,4,0,4,201.00,43.22,capture,263.36,41.87,62.37,0,179.081,7.759,179.851,-18.22,20.81,147.28,-17.59,-8.71,173.53,53.888,53.599,-11.7739,-0.9831,263.36,41.87,-11.4021,-1.2157,,,0.21083,0
97.6406,33,4,0,4,201.00,43.22,capture,231.36,48.85,30.88,0,179.018,7.711,179.838,-18.24,20.81,147.37,-17.82,-8.13,173.39,53.761,53.439,-11.1682,-2.3474,231.36,48.85,-11.2969,-1.7250,,,0.21176,0
97.7403,33,4,0,4,201.00,43.22,capture,239.53,40.61,38.62,0,178.995,7.584,179.821,-18.28,20.62,147.43,-18.01,-7.34,173.38,53.637,53.560,-11.1826,-0.9053,239.53,40.61,-11.2454,-1.3561,,,0.19408,0
97.8385,33,4,0,4,201.00,43.22,capture,228.84,15.48,39.30,0,178.952,7.520,179.822,-18.47,20.71,147.43,-17.95,-7.50,173.05,54.138,53.546,-10.4330,-2.2864,228.84,15.48,-10.8799,-1.7748,,,0.21876,0
97.9458,33,4,0,4,201.00,43.22,capture,236.32,35.45,36.17,0,178.999,7.684,179.851,-18.53,20.83,147.19,-17.72,-8.14,173.19,54.164,53.541,-11.0714,-2.6424,236.32,35.45,-10.9660,-2.1652,,,0.23368,0
98.0562,33,4,0,4,201.00,43.22,capture,241.06,25.60,43.76,0,178.945,7.717,179.852,-18.64,20.76,147.19,-18.15,-7.42,173.01,53.964,53.671,-9.8538,-1.8841,241.06,25.60,-10.4655,-2.0387,,,0.19664,0
98.1480,33,4,0,4,201.00,43.22,capture,249.36,14.65,56.17,0,179.075,7.732,179.848,-18.62,20.85,147.27,-18.82,-7.71,174.09,53.786,53.756,-9.8271,-1.4516,249.36,14.65,-10.1782,-1.7745,,,0.19724,0
98.2600,33,4,0,4,201.00,43.22,capture,249.25,27.57,50.73,0,179.016,7.741,179.820,-18.52,20.81,147.38,-17.63,-7.75,173.51,53.634,53.651,-10.6140,-1.2342,249.25,27.57,-10.3743,-1.5314,,,0.19828,0
98.3590,33,4,0,4,201.00,43.22,capture,207.82,25.56,18.93,1,179.007,7.805,179.787,-18.56,20.76,147.40,-17.88,-7.68,173.87,53.436,53.436,-10.7532,-4.0973,207.82,25.56,-10.5448,-2.6861,,,0.18051,0
98.4667,33,4,0,4,201.00,43.22,capture,240.05,6.51,53.60,0,179.034,7.798,179.785,-18.46,20.66,147.51,-17.99,-8.74,173.80,53.631,53.361,-11.1490,-1.9934,240.05,6.51,-10.8167,-2.3744,,,0.18725,0
98.5487,33,4,0,4,201.00,43.22,capture,241.75,50.15,41.33,0,179.000,7.844,179.804,-18.37,20.60,147.65,-17.90,-7.70,173.98,53.722,53.530,-12.5019,-1.6918,241.75,50.15,-11.5750,-2.0672,,,0.21175,0
98.6392,33,4,0,4,201.00,43.22,capture,241.99,33.11,42.22,0,179.033,7.749,179.784,-18.26,20.81,147.61,-17.73,-7.82,174.05,54.038,53.402,-10.8287,-1.9946,241.99,33.11,-11.2392,-2.0346,,,0.23830,0
98.7355,33,4,0,4,201.00,43.22,capture,244.71,47.02,43.87,0,179.020,7.720,179.799,-18.28,20.67,147.79,-18.04,-7.65,174.62,53.950,53.321,-12.0711,-1.2403,244.71,47.02,-11.6135,-1.6771,,,0.20548,0
98.8346,33,4,0,4,201.00,43.22,capture,234.23,45.09,33.28,0,179.142,7.669,179.791,-18.13,20.81,147.80,-17.36,-7.09,174.02,54.050,53.538,-12.6006,-1.8994,234.23,45.09,-12.0577,-1.7772,,,0.22052,0
98.9367,33,4,0,4,201.00,43.22,capture,221.12,27.66,25.44,1,179.092,7.676,179.816,-18.07,20.94,147.82,-17.86,-7.08,174.41,54.089,53.794,-10.4426,-2.6553,221.12,27.66,-11.3309,-2.1723,,,0.23205,0
99.0397,33,4,0,4,201.00,43.22,capture,241.44,-0.55,59.59,0,179.065,7.559,179.849,-18.13,20.89,147.97,-18.38,-8.03,174.50,53.942,53.945,-9.9477,-1.3113,241.44,-0.55,-10.7085,-1.7849,,,0.24568,0
99.1405,33,4,0,4,201.00,43.22,capture,253.39,30.19,53.99,0,178.991,7.697,179.882,-18.08,20.99,148.16,-17.81,-6.85,174.44,54.082,54.006,-10.9143,-1.1087,253.39,30.19,-10.8011,-1.4806,,,0.23051,0
99.2438,33,4,0,4,201.00,43.22,capture,230.86,31.82,31.96,0,178.970,7.497,179.865,-18.20,21.03,147.88,-17.48,-7.29,173.84,54.469,54.162,-10.9955,-2.5556,230.86,31.82,-10.8886,-1.9644,,,0.21636,0
99.4383,34,79,8,7,335.00,734.78,dwell,273.56,39.08,698.41,0,179.005,7.640,179.864,-18.25,21.15,147.86,-17.67,-7.61,173.95,54.434,54.388,-11.3517,-0.7599,273.56,39.08,-11.3517,-0.7599,,,0.24096,0
99.5447,34,79,8,7,335.00,734.78,dwell,283.04,196.19,541.09,0,178.880,7.791,179.893,-18.38,20.90,147.98,-18.47,-7.76,174.60,54.443,54.761,-16.8713,0.2730,283.04,196.19,-13.8355,-0.2951,,,0.25423,0
99.6267,34,79,8,7,335.00,734.78,dwell,273.10,285.51,453.51,0,178.918,7.967,179.866,-18.47,20.98,147.64,-18.06,-7.70,173.73,54.213,54.731,-20.4332,0.0733,273.10,285.51,-16.8045,-0.1293,,,0.21471,0
99.7226,34,79,8,7,335.00,734.78,dwell,319.05,119.80,615.18,0,178.868,7.815,179.896,-18.47,20.95,147.57,-17.90,-7.98,173.61,54.159,54.835,-14.6109,1.6352,319.05,119.80,-15.8174,0.6647,,,0.25010,0
99.8296,34,79,8,7,335.00,734.78,dwell,254.80,260.08,481.42,0,178.762,7.874,179.891,-18.55,21.00,147.41,-17.88,-7.87,173.66,54.262,54.685,-19.9220,-1.3907,254.80,260.08,-17.6644,-0.2602,,,0.21875,0
99.9253,34,79,8,7,335.00,734.78,dwell,383.58,407.93,330.44,0,178.835,7.848,179.873,-18.54,21.03,147.29,-17.63,-7.85,173.71,54.307,54.802,-26.4478,5.1398,383.58,407.93,-21.6170,2.1698,,,0.19616,0
100.0085,34,79,8,7,335.00,734.78,dwell,406.78,457.61,286.31,0,178.708,7.876,179.887,-18.45,20.74,147.44,-17.91,-7.49,173.94,54.166,54.488,-27.7494,5.7760,406.78,457.61,-24.3766,3.7926,,,0.25208,0
100.1305,34,79,8,7,335.00,734.78,dwell,321.47,438.17,296.92,0,178.692,7.929,179.895,-18.45,20.52,147.57,-18.22,-8.02,174.09,54.120,54.343,-26.8650,2.1292,321.47,438.17,-25.4964,3.0441,,,0.21715,0
100.2236,34,79,8,7,335.00,734.78,dwell,381.03,402.86,335.09,0,178.801,8.008,179.899,-18.45,20.49,147.39,-18.41,-7.76,174.00,54.041,54.308,-25.5839,5.2328,381.03,402.86,-25.5357,4.0290,,,0.24725,0
100.3243,34,79,8,7,335.00,734.78,dwell,406.66,492.27,252.87,0,178.859,8.120,179.887,-18.64,20.48,147.52,-17.96,-8.22,174.00,54.464,54.389,-28.9921,5.7709,406.66,492.27,-27.0911,4.8128,,,0.24379,0
100.4390,34,79,8,7,335.00,734.78,capture,412.48,508.95,238.75,0,178.932,8.244,179.893,-18.76,20.36,147.32,-18.49,-8.12,173.70,54.367,54.041,-30.2234,5.9458,412.48,508.95,-28.5007,5.3227,,,0.24581,0
100.5611,34,79,8,7,335.00,734.78,capture,403.62,514.48,230.74,0,178.980,8.301,179.860,-18.79,20.49,147.33,-18.50,-7.85,173.64,54.415,53.969,-29.7404,5.8347,403.62,514.48,-29.0586,5.5531,,,0.24520,0
100.6703,34,79,8,7,335.00,734.78,capture,406.45,518.53,227.75,0,178.833,8.328,179.871,-18.82,20.64,147.42,-18.25,-8.08,173.43,54.227,53.690,-30.0816,6.4508,406.45,518.53,-29.5189,5.9571,,,0.23237,0
100.7752,34,79,8,7,335.00,734.78,capture,395.43,537.97,205.88,0,178.894,8.466,179.859,-18.70,20.76,147.42,-18.42,-7.62,173.74,54.126,54.144,-29.6277,5.7269,395.43,537.97,-29.5679,5.8535,,,0.20603,0
100.8743,34,79,8,7,335.00,734.78,capture,411.10,531.36,217.19,0,178.866,8.596,179.895,-18.62,20.89,147.26,-18.01,-7.80,173.28,53.868,54.291,-29.7924,6.2740,411.10,531.36,-29.6689,6.0427,,,0.22509,0
100.9841,34,79,8,7,335.00,734.78,capture,408.85,517.30,229.67,0,178.888,8.840,179.872,-18.52,20.69,147.29,-18.08,-8.40,173.45,54.072,54.224,-29.6280,6.0184,408.85,517.30,-29.6505,6.0318,,,0.21161,0
101.0928,34,79,8,7,335.00,734.78,capture,402.61,509.06,235.63,0,178.943,8.882,179.857,-18.42,20.51,147.40,-17.31,-7.50,173.85,53.797,54.376,-29.4225,5.6272,402.61,509.06,-29.5479,5.8497,,,0.22206,0
101.1897,34,79,8,7,335.00,734.78,capture,418.88,521.59,229.10,0,179.021,8.839,179.891,-18.39,20.55,147.39,-17.39,-8.49,173.75,53.592,54.168,-30.3247,6.1690,418.88,521.59,-29.8975,5.9934,,,0.20691,0
101.2862,34,79,8,7,335.00,734.78,capture,409.67,541.70,207.01,0,179.055,8.812,179.874,-18.52,20.54,147.60,-17.83,-7.50,173.96,53.451,54.108,-31.6004,6.7595,409.67,541.70,-30.6638,6.3381,,,0.20990,0
101.3837,34,79,8,7,335.00,734.78,capture,406.58,517.37,228.89,0,179.160,8.780,179.867,-18.59,20.65,147.47,-18.53,-7.20,173.67,53.641,53.894,-30.4323,6.4589,406.58,517.37,-30.5596,6.3925,,,0.22613,0
101.4829,34,79,8,7,335.00,734.78,capture,422.04,525.48,226.67,0,179.168,8.712,179.841,-18.38,20.65,147.23,-18.22,-7.43,173.46,53.193,53.771,-30.1044,7.0931,422.04,525.48,-30.3548,6.7078,,,0.19034,0
101.5981,34,79,8,7,335.00,734.78,capture,400.00,490.72,252.57,0,179.061,8.776,179.799,-18.22,20.62,147.25,-17.59,-7.52,173.47,53.535,54.148,-28.4760,5.9034,400.00,490.72,-29.5093,6.3458,,,0.21224,0
101.7061,34,79,8,7,335.00,734.78,capture,419.62,521.95,229.03,0,178.962,8.859,179.811,-18.28,20.64,147.45,-17.69,-7.58,174.01,53.424,53.883,-29.1532,6.3974,419.62,521.95,-29.3491,6.3690,,,0.21004,0
101.8244,34,79,8,7,335.00,734.78,capture,410.36,534.28,214.19,0,178.892,8.799,179.813,-18.25,20.72,147.49,-17.40,-7.73,173.60,53.028,54.001,-31.1264,6.4288,410.36,534.28,-30.1489,6.3959,,,0.15901,0
101.9249,34,79,8,7,335.00,734.78,capture,419.57,527.10,224.24,0,178.863,8.811,179.810,-18.30,20.69,147.83,-17.74,-7.11,173.92,53.043,54.058,-29.5579,6.2300,419.57,527.10,-29.8829,6.3213,,,0.18034,0
102.0100,34,79,8,7,335.00,734.78,capture,432.37,516.53,238.98,0,178.741,8.743,179.821,-18.40,20.69,147.60,-17.51,-7.89,174.13,53.619,53.691,-30.9417,7.6077,432.37,516.53,-30.3594,6.9001,,,0.18947,0
102.1026,34,79,8,7,335.00,734.78,capture,436.45,534.06,224.90,0,178.773,8.871,179.833,-18.52,20.69,147.59,-17.93,-7.44,173.87,53.407,53.144,-29.9972,7.8615,436.45,534.06,-30.1964,7.3328,,,0.20243,0
102.1846,34,79,8,7,335.00,734.78,capture,396.95,536.75,207.49,0,178.773,8.844,179.821,-18.52,21.00,147.44,-18.22,-7.47,173.74,53.541,53.246,-31.0601,5.4144,396.95,536.75,-30.5851,6.4695,,,0.23202,0
102.2666,34,79,8,7,335.00,734.78,capture,423.32,521.96,230.42,0,178.802,8.891,179.842,-18.39,20.90,147.46,-18.02,-7.87,173.49,53.827,53.209,-29.5681,7.3086,423.32,521.96,-30.1274,6.8471,,,0.21054,0
102.3714,34,79,8,7,335.00,734.78,capture,415.64,529.66,220.40,0,178.825,8.903,179.804,-18.35,20.71,147.45,-17.76,-7.56,173.31,53.639,53.405,-30.4096,6.2371,415.64,529.66,-30.2544,6.5726,,,0.19580,0
102.5877,35,46,5,1,67.00,475.44,dwell,326.15,488.40,259.47,0,178.829,8.664,179.802,-18.38,20.64,147.36,-17.99,-7.86,173.85,53.770,53.555,-29.7236,2.0737,326.15,488.40,-29.7236,2.0737,,,0.22140,0
102.6765,35,46,5,1,67.00,475.44,dwell,331.98,443.81,266.86,0,178.958,8.552,179.821,-18.38,20.51,147.27,-18.34,-7.55,172.87,53.942,53.837,-27.1307,2.4987,331.98,443.81,-28.5568,2.2650,,,0.22016,0
102.7892,35,46,5,1,67.00,475.44,dwell,266.89,525.88,206.15,0,178.897,8.609,179.815,-18.44,20.46,147.22,-18.48,-8.58,173.57,53.623,54.251,-30.6156,-0.2538,266.89,525.88,-29.4833,1.1315,,,0.19816,0
102.8871,35,46,5,1,67.00,475.44,dwell,204.72,373.23,171.51,0,179.041,8.591,179.824,-18.60,20.61,147.28,-18.12,-7.24,173.44,53.966,54.406,-23.8874,-2.8302,204.72,373.23,-26.9651,-0.6513,,,0.24371,0
102.9815,35,46,5,1,67.00,475.44,dwell,208.49,374.30,173.92,0,179.000,8.523,179.838,-18.61,20.63,147.40,-17.94,-7.84,173.61,53.860,54.301,-24.1047,-3.4295,208.49,374.30,-25.6779,-1.9015,,,0.21601,0
103.0867,35,46,5,1,67.00,475.44,dwell,135.84,313.11,176.33,0,178.992,8.483,179.823,-18.58,20.61,147.13,-18.19,-8.27,173.08,54.180,54.133,-22.1340,-6.0352,135.84,313.11,-24.0832,-3.7616,,,0.22008,0
103.2064,35,46,5,1,67.00,475.44,dwell,197.70,331.94,194.10,0,178.962,8.472,179.803,-18.59,20.65,147.06,-18.04,-7.76,173.06,53.587,54.164,-23.2493,-3.6070,197.70,331.94,-23.7079,-3.6921,,,0.18792,0
103.3237,35,46,5,1,67.00,475.44,dwell,102.22,331.91,147.79,0,178.982,8.254,179.812,-18.39,20.62,146.97,-17.66,-7.14,173.28,53.186,54.342,-22.8938,-7.5613,102.22,331.91,-23.3416,-5.4332,,,0.20800,0
103.4284,35,46,5,1,67.00,475.44,dwell,110.82,275.34,204.85,0,178.976,8.213,179.809,-18.27,20.62,146.89,-17.52,-7.11,173.20,53.491,54.284,-20.4040,-7.8813,110.82,275.34,-22.0197,-6.5348,,,0.20515,0
103.5315,35,46,5,1,67.00,475.44,capture,112.23,289.54,191.33,0,178.981,8.345,179.816,-18.37,20.66,146.99,-17.53,-7.84,173.12,53.221,54.368,-21.1183,-7.5017,112.23,289.54,-21.6140,-6.9699,,,0.18087,0
103.6405,35,46,5,1,67.00,475.44,capture,110.99,295.90,184.85,0,178.966,8.364,179.797,-18.49,20.68,147.11,-18.23,-8.06,173.50,53.678,54.665,-21.3374,-7.6859,110.99,295.90,-21.4896,-7.2921,,,0.22270,0
103.7263,35,46,5,1,67.00,475.44,capture,123.50,304.29,180.24,0,179.032,8.335,179.807,-18.43,20.72,147.31,-18.84,-7.79,173.41,53.583,54.880,-22.1254,-7.4031,123.50,304.29,-21.7757,-7.3421,,,0.21457,0
103.8381,35,46,5,1,67.00,475.44,capture,104.99,299.32,180.18,0,179.165,8.431,179.810,-18.38,20.56,147.36,-18.21,-7.58,173.72,53.577,55.114,-21.7342,-8.4428,104.99,299.32,-21.7570,-7.8374,,,0.20982,0
103.9201,35,46,5,1,67.00,475.44,capture,113.10,291.65,189.49,0,179.064,8.444,179.844,-18.32,20.50,147.43,-17.94,-8.95,174.15,53.661,54.693,-21.6315,-7.5745,113.10,291.65,-21.7005,-7.7191,,,0.21481,0
104.0074,35,46,5,1,67.00,475.44,capture,105.51,279.28,199.91,0,178.982,8.571,179.855,-18.42,20.58,147.58,-18.10,-8.04,173.97,53.179,54.666,-21.3679,-7.5340,105.51,279.28,-21.5508,-7.6358,,,0.18968,0
104.1081,35,46,5,1,67.00,475.44,capture,111.13,291.41,189.25,0,179.122,8.711,179.828,-18.35,20.47,147.77,-17.85,-7.79,174.11,53.325,55.105,-21.1931,-7.3782,111.13,291.41,-21.3899,-7.5199,,,0.22439,0
104.2201,35,46,5,1,67.00,475.44,capture,106.42,299.03,180.77,0,179.098,8.609,179.810,-18.34,20.30,147.72,-18.10,-7.90,173.72,53.197,55.206,-20.7181,-8.0835,106.42,299.03,-21.0875,-7.7735,,,0.19592,0
104.3121,35,46,5,1,67.00,475.44,capture,98.82,302.21,176.13,0,179.062,8.636,179.817,-18.25,20.43,147.86,-17.59,-8.44,173.69,53.347,54.546,-22.1894,-8.8181,98.82,302.21,-21.5834,-8.2436,,,0.20182,0
104.4239,35,46,5,1,67.00,475.44,capture,85.34,320.04,156.48,0,179.119,8.633,179.788,-18.49,20.48,148.06,-18.19,-7.57,174.40,53.048,54.518,-22.5655,-8.6157,85.34,320.04,-22.0253,-8.4110,,,0.17094,0
104.5351,35,46,5,1,67.00,475.44,capture,87.50,296.84,179.78,0,179.003,8.617,179.756,-18.43,20.49,147.89,-17.50,-7.57,174.35,53.019,54.092,-21.1795,-8.3994,87.50,296.84,-21.6447,-8.4058,,,0.17694,0
104.6310,35,46,5,1,67.00,475.44,capture,118.37,274.69,207.22,0,178.985,8.576,179.784,-18.41,20.45,147.79,-18.31,-7.38,174.40,53.246,54.096,-20.4787,-7.5987,118.37,274.69,-21.1200,-8.0426,,,0.18226,0
104.7368,35,46,5,1,67.00,475.44,capture,116.60,289.12,192.81,0,179.014,8.571,179.792,-18.49,20.39,147.67,-18.60,-7.58,174.47,53.590,53.810,-21.2526,-7.4534,116.60,289.12,-21.1797,-7.7775,,,0.21621,0
104.8199,35,46,5,1,67.00,475.44,capture,128.57,287.65,197.63,0,178.937,8.386,179.821,-18.51,20.34,147.84,-18.51,-8.37,174.45,53.365,53.797,-21.8547,-6.4905,128.57,287.65,-21.4834,-7.1984,,,0.20626,0
104.9191,35,46,5,1,67.00,475.44,capture,112.36,298.38,182.78,0,178.892,8.375,179.843,-18.41,20.43,147.81,-17.83,-8.56,174.23,53.430,53.769,-19.8729,-7.5879,112.36,298.38,-20.7587,-7.3736,,,0.21198,0
105.0084,35,46,5,1,67.00,475.44,capture,110.53,294.22,186.38,0,178.927,8.399,179.857,-18.44,20.42,148.11,-17.86,-8.75,173.95,53.910,53.874,-21.5877,-7.9188,110.53,294.22,-21.1317,-7.6190,,,0.21703,0
105.0993,35,46,5,1,67.00,475.44,capture,98.64,309.69,168.75,0,179.026,8.418,179.865,-18.38,20.51,148.36,-18.11,-8.14,174.85,54.013,53.844,-22.1084,-7.7111,98.64,309.69,-21.5712,-7.6604,,,0.21590,0
105.1867,35,46,5,1,67.00,475.44,capture,102.57,330.53,149.22,0,178.991,8.275,179.853,-18.42,20.36,148.11,-17.62,-8.48,174.28,53.827,53.759,-22.2507,-8.0595,102.57,330.53,-21.8770,-7.8400,,,0.21451,0
105.2937,35,46,5,1,67.00,475.44,capture,87.08,306.23,170.40,0,178.967,8.174,179.852,-18.28,20.24,148.12,-17.71,-8.98,174.44,53.798,53.383,-22.3340,-9.6897,87.08,306.23,-22.0826,-8.6724,,,0.21888,0
105.3880,35,46,5,1,67.00,475.44,capture,115.14,305.18,176.94,0,178.932,8.115,179.864,-18.51,20.35,148.23,-18.76,-8.08,174.94,53.695,53.582,-21.3251,-7.5189,115.14,305.18,-21.7418,-8.1533,,,0.23075,0
105.5809,36,26,2,8,379.67,216.11,dwell,183.95,217.41,195.72,0,178.975,8.010,179.865,-18.57,20.25,148.66,-18.18,-8.64,174.98,54.112,53.418,-18.7871,-4.0174,183.95,217.41,-18.7871,-4.0174,,,0.22677,0
105.6711,36,26,2,8,379.67,216.11,dwell,120.60,295.74,271.03,0,178.963,8.008,179.856,-18.58,20.18,148.28,-18.06,-8.66,174.95,53.776,54.000,-21.6004,-7.2852,120.60,295.74,-20.0530,-5.4879,,,0.21639,0
105.7806,36,26,2,8,379.67,216.11,dwell,370.39,428.93,213.02,0,178.874,7.931,179.885,-18.56,20.30,147.81,-17.93,-8.56,174.10,54.151,53.549,-26.2271,4.5638,370.39,428.93,-22.8314,-0.9646,,,0.22962,0
105.8689,36,26,2,8,379.67,216.11,dwell,248.97,413.97,237.13,0,178.885,7.922,179.893,-18.56,20.47,147.77,-17.48,-7.61,174.42,53.575,53.671,-25.9454,-1.2083,248.97,413.97,-24.2327,-1.0743,,,0.21098,0
105.9527,36,26,2,8,379.67,216.11,dwell,192.74,391.21,256.13,0,178.960,7.956,179.879,-18.66,20.50,147.92,-17.49,-8.45,174.50,53.774,53.596,-25.9016,-4.4273,192.74,391.21,-24.9837,-2.5832,,,0.23627,0
106.0659,36,26,2,8,379.67,216.11,dwell,319.29,303.96,106.60,0,179.018,7.928,179.904,-18.63,20.43,147.96,-17.80,-8.48,174.26,54.150,53.566,-21.8041,1.9132,319.29,303.96,-23.5529,-0.5598,,,0.23304,0
106.1725,36,26,2,8,379.67,216.11,dwell,362.17,308.72,94.25,0,179.120,8.059,179.881,-18.57,20.39,148.16,-17.94,-8.28,174.65,54.274,54.187,-21.1912,4.2990,362.17,308.72,-22.4901,1.6267,,,0.21026,0
106.2649,36,26,2,8,379.67,216.11,dwell,397.08,295.33,81.11,0,179.079,8.096,179.885,-18.62,20.50,147.97,-17.84,-7.38,174.45,54.612,53.973,-21.9935,5.0505,397.08,295.33,-22.2667,3.1674,,,0.25159,0
106.3675,36,26,2,8,379.67,216.11,dwell,365.14,242.23,29.89,1,179.039,8.016,179.885,-18.52,20.45,147.99,-18.10,-8.30,174.04,54.939,54.105,-19.2163,4.2959,365.14,242.23,-20.8940,3.6752,,,0.23661,0
106.4682,36,26,2,8,379.67,216.11,dwell,382.41,231.49,15.62,1,179.023,7.957,179.905,-18.45,20.48,147.98,-17.90,-7.70,174.38,54.623,54.196,-18.4030,4.7064,382.41,231.49,-19.7731,4.1392,,,0.24502,0
106.5701,36,26,2,8,379.67,216.11,dwell,400.27,287.83,74.62,0,179.038,7.851,179.900,-18.31,20.42,148.13,-18.70,-7.16,174.79,54.765,54.358,-21.1671,5.3697,400.27,287.83,-20.4004,4.6930,,,0.25879,0
106.6637,36,26,2,8,379.67,216.11,capture,415.61,235.07,40.64,0,179.208,7.867,179.866,-18.37,20.33,148.02,-17.74,-8.93,174.45,54.676,54.212,-19.6371,6.2251,415.61,235.07,-20.0569,5.3824,,,0.25310,0
106.7672,36,26,2,8,379.67,216.11,capture,415.83,250.72,50.06,0,179.086,7.833,179.881,-18.42,20.42,147.81,-18.41,-8.63,174.24,54.619,53.995,-19.0955,6.7278,415.83,250.72,-19.6243,5.9879,,,0.23381,0
106.8743,36,26,2,8,379.67,216.11,capture,418.03,271.66,67.51,0,179.000,7.931,179.883,-18.34,20.15,147.68,-17.14,-7.85,173.89,54.208,54.195,-19.8857,5.8633,418.03,271.66,-19.7419,5.9318,,,0.21672,0
106.9630,36,26,2,8,379.67,216.11,capture,417.00,266.25,62.51,0,178.982,7.995,179.913,-18.32,20.23,147.58,-18.13,-7.87,174.44,54.062,54.328,-19.9338,7.2088,417.00,266.25,-19.8283,6.5064,,,0.21775,0
107.0517,36,26,2,8,379.67,216.11,capture,429.01,270.97,73.79,0,179.012,7.800,179.914,-18.28,20.29,147.71,-17.75,-7.59,174.14,53.995,54.434,-19.4790,6.4236,429.01,270.97,-19.6711,6.4691,,,0.23369,0
107.1337,36,26,2,8,379.67,216.11,capture,440.57,292.20,97.46,0,179.048,7.643,179.888,-18.23,20.45,147.66,-17.56,-6.81,174.34,54.183,54.545,-20.5658,7.8259,440.57,292.20,-20.0737,7.0797,,,0.21802,0
107.2310,36,26,2,8,379.67,216.11,capture,409.44,283.28,73.47,0,178.947,7.660,179.903,-18.18,20.51,148.08,-17.33,-8.63,174.32,54.089,54.090,-20.6375,6.1372,409.44,283.28,-20.3274,6.6556,,,0.25437,0
107.3130,36,26,2,8,379.67,216.11,capture,423.93,273.77,72.69,0,179.058,7.578,179.881,-18.16,20.63,148.11,-17.76,-8.68,174.63,54.299,54.030,-20.6134,6.9813,423.93,273.77,-20.4561,6.8022,,,0.23871,0
107.4046,36,26,2,8,379.67,216.11,capture,395.71,279.53,65.42,0,178.975,7.612,179.877,-18.07,20.70,147.76,-17.53,-7.49,174.03,54.244,54.110,-20.3572,5.2103,395.71,279.53,-20.4116,6.0858,,,0.24964,0
107.4982,36,26,2,8,379.67,216.11,capture,405.61,257.96,49.24,0,178.936,7.566,179.856,-18.19,20.77,147.66,-17.65,-8.42,173.62,54.388,54.234,-19.9260,6.4739,405.61,257.96,-20.1931,6.2605,,,0.24808,0
107.5802,36,26,2,8,379.67,216.11,capture,418.06,257.22,56.25,0,178.951,7.655,179.844,-18.19,20.79,147.79,-17.56,-8.02,174.20,54.037,54.227,-20.3821,6.2757,418.06,257.22,-20.2781,6.2673,,,0.22024,0
107.6884,36,26,2,8,379.67,216.11,capture,414.87,257.19,54.10,0,178.895,7.688,179.856,-18.31,20.81,147.78,-17.60,-7.96,174.50,54.296,54.570,-19.4757,5.8406,414.87,257.19,-19.9170,6.0753,,,0.24069,0
107.7704,36,26,2,8,379.67,216.11,capture,396.99,265.88,52.70,0,178.872,7.558,179.875,-18.25,20.90,147.47,-17.95,-7.95,173.81,54.093,53.937,-19.3620,5.7986,396.99,265.88,-19.6672,5.9508,,,0.20176,0
107.8925,36,26,2,8,379.67,216.11,capture,419.75,248.60,51.60,0,178.926,7.478,179.885,-18.23,20.78,147.55,-18.21,-7.95,173.84,53.848,53.446,-19.9270,6.4577,419.75,248.60,-19.7841,6.1789,,,0.22162,0
108.0019,36,26,2,8,379.67,216.11,capture,417.87,254.42,54.10,0,179.069,7.270,179.883,-18.31,20.56,147.76,-18.21,-8.08,174.36,54.067,53.724,-19.1639,5.7872,417.87,254.42,-19.5050,6.0026,,,0.23080,0
108.1198,36,26,2,8,379.67,216.11,capture,408.86,263.84,55.95,0,179.074,7.367,179.874,-18.42,20.59,147.89,-18.06,-8.08,174.03,54.324,54.046,-20.8149,6.4160,408.86,263.84,-20.0945,6.1886,,,0.22293,0
108.2307,36,26,2,8,379.67,216.11,capture,433.18,279.28,82.79,0,178.966,7.539,179.881,-18.29,20.77,148.06,-17.60,-8.08,174.65,54.571,53.923,-20.7183,7.3845,433.18,279.28,-20.3752,6.7268,,,0.24309,0
108.3192,36,26,2,8,379.67,216.11,capture,432.26,296.23,95.84,0,178.924,7.469,179.865,-18.37,20.60,148.23,-18.23,-6.87,174.52,54.347,53.648,-20.9961,7.4855,432.26,296.23,-20.6546,7.0682,,,0.21987,0
108.4132,36,26,2,8,379.67,216.11,capture,445.95,281.40,93.04,0,178.819,7.457,179.859,-18.48,20.57,148.30,-18.41,-8.40,174.81,54.449,54.072,-21.6668,7.6184,445.95,281.40,-21.1101,7.3158,,,0.24213,0
108.5127,36,26,2,8,379.67,216.11,capture,438.08,250.53,67.80,0,178.821,7.445,179.832,-18.41,20.75,148.26,-17.44,-7.82,175.03,54.115,54.321,-19.6140,7.3476,438.08,250.53,-20.4368,7.3301,,,0.22474,0
108.7057,37,70,7,7,335.00,648.33,dwell,437.86,163.16,495.96,0,178.949,7.583,179.824,-18.48,20.80,148.24,-18.09,-8.52,174.32,53.959,54.633,-15.9063,7.4615,437.86,163.16,-15.9063,7.4615,,,0.20865,0
108.8051,37,70,7,7,335.00,648.33,dwell,418.03,279.69,377.88,0,178.992,7.710,179.865,-18.33,20.90,148.24,-18.37,-8.37,174.83,53.910,54.793,-19.8071,6.4799,418.03,279.69,-17.6617,7.0198,,,0.22613,0
108.8893,37,70,7,7,335.00,648.33,dwell,394.20,396.55,258.65,0,178.945,7.602,179.870,-18.38,20.83,148.02,-18.48,-8.17,174.24,53.735,54.159,-25.0712,5.8965,394.20,396.55,-20.9960,6.5143,,,0.20756,0
108.9866,37,70,7,7,335.00,648.33,dwell,432.99,310.73,351.54,0,178.959,7.809,179.830,-18.38,20.88,148.05,-18.02,-7.98,174.47,53.770,54.319,-21.7565,7.3383,432.99,310.73,-21.3382,6.8851,,,0.19858,0
109.1041,37,70,7,7,335.00,648.33,dwell,438.77,453.43,220.81,0,179.028,7.765,179.818,-18.43,20.89,147.98,-17.75,-7.79,174.34,53.929,54.392,-27.6970,7.2949,438.77,453.43,-24.1997,7.0695,,,0.21739,0
109.2096,37,70,7,7,335.00,648.33,dwell,431.36,474.93,198.38,0,178.899,7.848,179.812,-18.46,20.86,147.79,-17.90,-7.82,174.41,53.721,54.372,-28.4216,7.2119,431.36,474.93,-26.0995,7.1336,,,0.23141,0
109.2916,37,70,7,7,335.00,648.33,dwell,431.49,431.26,237.55,0,179.028,7.987,179.785,-18.50,20.80,147.86,-18.27,-7.71,174.28,53.734,54.380,-27.1981,7.2830,431.49,431.26,-26.5939,7.2008,,,0.22197,0
109.3918,37,70,7,7,335.00,648.33,dwell,416.01,528.75,144.44,0,179.005,8.028,179.788,-18.42,20.85,147.84,-18.73,-7.15,173.97,53.649,54.235,-30.2330,6.0387,416.01,528.75,-28.2315,6.6779,,,0.21684,0
109.4782,37,70,7,7,335.00,648.33,dwell,426.63,539.76,142.07,0,179.043,8.217,179.777,-18.40,20.92,147.70,-17.35,-6.70,174.08,53.420,54.004,-30.4828,7.3545,426.63,539.76,-29.2446,6.9823,,,0.17732,0
109.5602,37,70,7,7,335.00,648.33,capture,430.12,516.87,162.27,0,179.122,8.361,179.764,-18.35,20.77,147.66,-18.22,-8.02,173.83,53.700,54.203,-29.6897,6.5979,430.12,516.87,-29.4449,6.8094,,,0.20808,0
109.6640,37,70,7,7,335.00,648.33,capture,403.80,553.71,116.99,0,179.176,8.505,179.776,-18.48,20.87,147.57,-18.29,-6.99,173.77,53.660,54.659,-31.2574,6.3358,403.80,553.71,-30.2605,6.5963,,,0.21342,0
109.7722,37,70,7,7,335.00,648.33,capture,401.34,561.90,108.96,0,179.180,8.551,179.775,-18.43,20.84,147.55,-18.13,-7.45,174.12,53.745,54.811,-31.5428,6.1975,401.34,561.90,-30.8375,6.4168,,,0.24172,0
109.8656,37,70,7,7,335.00,648.33,capture,416.56,542.81,133.37,0,179.043,8.692,179.756,-18.51,20.76,147.35,-17.66,-6.39,173.52,53.667,54.561,-30.4553,6.8476,416.56,542.81,-30.6655,6.6107,,,0.20981,0
109.9572,37,70,7,7,335.00,648.33,capture,436.89,551.81,140.35,0,179.033,8.594,179.780,-18.41,20.71,147.15,-17.99,-7.31,173.52,53.567,54.394,-31.3819,7.9127,436.89,551.81,-30.9879,7.1966,,,0.21599,0
110.0479,37,70,7,7,335.00,648.33,capture,426.02,537.24,143.62,0,179.001,8.559,179.789,-18.61,20.49,147.26,-18.06,-7.97,173.56,53.494,54.313,-31.0251,7.0305,426.02,537.24,-31.0046,7.1219,,,0.19355,0
110.1463,37,70,7,7,335.00,648.33,capture,416.94,547.63,129.83,0,178.970,8.609,179.791,-18.59,20.38,147.39,-18.17,-8.27,173.55,53.685,54.131,-31.5076,6.4249,416.94,547.63,-31.2310,6.8082,,,0.21481,0
110.2393,37,70,7,7,335.00,648.33,capture,426.61,560.69,126.78,0,178.969,8.534,179.809,-18.45,20.39,147.41,-17.72,-8.22,173.71,53.784,54.104,-30.9571,7.4496,426.61,560.69,-31.1077,7.0969,,,0.23905,0
110.3379,37,70,7,7,335.00,648.33,capture,439.85,545.25,147.04,0,179.029,8.471,179.798,-18.45,20.31,147.59,-18.38,-8.97,173.94,53.998,54.304,-30.9912,7.7088,439.85,545.25,-31.0553,7.3722,,,0.22008,0
110.4199,37,70,7,7,335.00,648.33,capture,425.28,539.40,141.48,0,178.844,8.508,179.789,-18.42,20.51,147.35,-17.17,-8.10,173.62,53.767,54.602,-30.5776,6.5444,425.28,539.40,-30.8403,6.9997,,,0.21959,0
110.5019,37,70,7,7,335.00,648.33,capture,424.13,544.57,136.79,0,178.870,8.650,179.798,-18.44,20.42,147.44,-18.06,-8.27,173.36,53.782,54.495,-30.8559,6.9643,424.13,544.57,-30.8473,6.9838,,,0.21696,0
110.6068,37,70,7,7,335.00,648.33,capture,420.45,537.66,139.82,0,178.811,8.632,179.791,-18.45,20.66,147.32,-18.15,-7.19,172.91,54.076,54.840,-31.5014,6.4417,420.45,537.66,-31.1417,6.7398,,,0.22265,0
110.6939,37,70,7,7,335.00,648.33,capture,400.55,524.51,140.10,0,178.976,8.636,179.784,-18.45,20.79,147.29,-18.05,-7.58,173.55,54.146,54.899,-29.7246,5.5968,400.55,524.51,-30.5040,6.2255,,,0.22843,0
110.8101,37,70,7,7,335.00,648.33,capture,424.28,542.13,138.74,0,178.835,8.669,179.814,-18.41,20.75,147.27,-17.89,-7.71,173.73,54.032,54.770,-30.7510,6.8633,424.28,542.13,-30.6151,6.5125,,,0.22568,0
110.9122,37,70,7,7,335.00,648.33,capture,405.04,550.59,120.25,0,178.850,8.586,179.804,-18.41,20.69,147.20,-17.62,-8.23,173.41,53.933,54.557,-31.2113,5.3353,405.04,550.59,-30.8834,5.9828,,,0.21994,0
110.9983,37,70,7,7,335.00,648.33,capture,405.03,547.16,123.05,0,178.851,8.571,179.806,-18.46,20.55,147.44,-18.15,-7.59,173.41,53.799,54.217,-31.5624,6.1705,405.03,547.16,-31.1890,6.0673,,,0.22385,0
111.1036,37,70,7,7,335.00,648.33,capture,412.28,535.77,136.54,0,178.879,8.595,179.780,-18.50,20.70,147.24,-18.12,-7.12,173.69,53.647,54.046,-30.7100,6.7698,412.28,535.77,-30.9734,6.3834,,,0.22511,0
111.2117,37,70,7,7,335.00,648.33,capture,416.99,530.07,143.90,0,178.893,8.618,179.810,-18.38,20.90,147.30,-18.19,-7.21,173.21,53.584,53.677,-30.4746,7.0719,416.99,530.07,-30.7490,6.6932,,,0.20476,0
111.3076,37,70,7,7,335.00,648.33,capture,447.05,567.62,138.09,0,179.039,8.677,179.812,-18.30,20.88,147.37,-17.73,-6.97,173.91,53.408,53.732,-31.8573,7.2118,447.05,567.62,-31.2477,6.9266,,,0.19194,0
111.4051,37,70,7,7,335.00,648.33,capture,412.38,553.01,122.78,0,179.006,8.645,179.804,-18.18,20.73,147.41,-17.93,-7.68,174.12,53.422,54.236,-31.6201,7.2776,412.38,553.01,-31.4153,7.0845,,,0.18880,0
111.5683,38,56,6,2,111.67,561.89,dwell,310.46,525.47,202.10,0,178.988,8.740,179.785,-18.13,20.69,147.46,-17.35,-7.76,173.24,53.530,54.078,-31.5976,2.0618,310.46,525.47,-31.5976,2.0618,,,0.21037,0
111.6574,38,56,6,2,111.67,561.89,dwell,248.80,319.60,278.41,0,179.143,8.702,179.805,-18.12,20.80,147.57,-17.88,-7.64,174.04,53.800,54.063,-22.0922,-1.5081,248.80,319.60,-27.3202,0.4553,,,0.21646,0
111.7657,38,56,6,2,111.67,561.89,dwell,270.99,342.20,271.38,0,179.106,8.815,179.802,-18.10,20.58,147.53,-18.16,-8.31,173.84,54.053,54.102,-22.6853,-0.6610,270.99,342.20,-25.2345,-0.0470,,,0.20016,0
111.8493,38,56,6,2,111.67,561.89,dwell,147.60,296.26,268.05,0,179.122,8.975,179.820,-18.14,20.41,147.60,-17.92,-8.45,174.21,53.798,54.372,-22.2576,-5.9764,147.60,296.26,-23.8949,-2.7152,,,0.22196,0
111.9468,38,56,6,2,111.67,561.89,dwell,202.84,271.83,304.05,0,178.960,8.939,179.804,-18.10,20.42,147.46,-17.71,-7.99,174.18,53.638,54.546,-20.2741,-3.5389,202.84,271.83,-22.2655,-3.0859,,,0.19797,0
112.0409,38,56,6,2,111.67,561.89,dwell,154.00,348.46,217.59,0,178.929,8.906,179.800,-18.19,20.51,147.37,-18.02,-7.48,173.23,53.424,53.980,-24.2410,-6.0014,154.00,348.46,-23.1545,-4.3978,,,0.21053,0
112.1323,38,56,6,2,111.67,561.89,dwell,84.57,234.54,328.47,0,178.948,8.895,179.782,-18.01,20.50,147.22,-17.81,-7.93,173.80,53.082,53.847,-19.5324,-9.4868,84.57,234.54,-21.5246,-6.6879,,,0.19261,0
112.2143,38,56,6,2,111.67,561.89,dwell,68.14,264.11,300.94,0,178.897,8.899,179.823,-18.14,20.70,146.91,-17.72,-8.41,173.07,53.600,53.902,-19.7876,-10.0963,68.14,264.11,-20.7429,-8.2217,,,0.19279,0
112.3164,38,56,6,2,111.67,561.89,dwell,-0.48,204.68,374.40,0,178.880,8.781,179.843,-18.04,20.76,146.98,-17.59,-6.73,173.33,53.450,54.059,-17.2059,-11.9442,-0.48,204.68,-19.1513,-9.8968,,,0.20818,0
112.4130,38,56,6,2,111.67,561.89,dwell,-0.27,179.10,398.82,0,178.867,8.760,179.848,-18.13,20.76,147.11,-17.87,-7.39,173.14,53.259,54.210,-15.5183,-12.6481,-0.27,179.10,-17.5164,-11.1349,,,0.21616,0
112.5059,38,56,6,2,111.67,561.89,capture,-40.09,136.47,451.68,0,178.859,8.659,179.866,-18.14,20.99,147.03,-17.01,-7.77,173.11,53.417,53.723,-14.7769,-14.6615,-40.09,136.47,-16.2836,-12.7219,,,0.18745,0
112.5980,38,56,6,2,111.67,561.89,capture,-18.33,121.00,459.65,0,178.877,8.644,179.848,-18.11,20.85,147.24,-17.95,-7.75,173.72,53.227,53.479,-15.5695,-13.1923,-18.33,121.00,-15.9622,-12.9335,,,0.18771,0
112.6957,38,56,6,2,111.67,561.89,capture,-13.53,117.96,461.25,0,178.765,8.674,179.822,-18.12,20.89,147.47,-17.59,-7.34,174.08,53.252,53.488,-14.8176,-13.6587,-13.53,117.96,-15.4472,-13.2599,,,0.20719,0
112.7792,38,56,6,2,111.67,561.89,capture,-34.72,147.79,439.21,0,178.855,8.768,179.806,-18.19,20.84,147.27,-17.89,-8.13,173.91,53.168,53.248,-14.4913,-15.0393,-34.72,147.79,-15.0170,-14.0606,,,0.20516,0
112.8871,38,56,6,2,111.67,561.89,capture,-41.97,150.22,439.40,0,178.882,8.566,179.799,-18.25,20.71,147.42,-17.87,-8.25,173.91,52.966,53.055,-16.2328,-15.8913,-41.97,150.22,-15.5641,-14.8844,,,0.16941,0
113.0111,38,56,6,2,111.67,561.89,capture,-27.13,125.89,457.56,0,178.828,8.697,179.798,-18.28,20.78,147.37,-17.78,-7.55,173.57,53.192,53.191,-13.7803,-13.8671,-27.13,125.89,-14.7614,-14.4266,,,0.17457,0
113.1037,38,56,6,2,111.67,561.89,capture,-33.98,155.83,431.39,0,178.876,8.663,179.817,-18.37,20.54,147.26,-17.87,-8.18,173.26,53.392,53.504,-16.4600,-13.4828,-33.98,155.83,-15.5258,-14.0019,,,0.19832,0
113.2046,38,56,6,2,111.67,561.89,capture,-12.65,170.05,411.09,0,178.792,8.677,179.814,-18.43,20.63,147.06,-18.20,-8.36,173.16,53.565,53.607,-17.2267,-12.7593,-12.65,170.05,-16.2912,-13.4427,,,0.19728,0
113.3095,38,56,6,2,111.67,561.89,capture,-11.64,135.10,444.24,0,178.912,8.647,179.828,-18.47,20.65,146.95,-17.93,-7.62,173.14,53.757,53.771,-14.8658,-14.0204,-11.64,135.10,-15.6498,-13.7027,,,0.20247,0
113.4120,38,56,6,2,111.67,561.89,capture,-11.08,152.20,427.68,0,178.959,8.636,179.852,-18.49,20.79,147.07,-17.98,-8.55,173.38,54.025,53.812,-15.4095,-13.5169,-11.08,152.20,-15.5416,-13.6191,,,0.21918,0
113.5056,38,56,6,2,111.67,561.89,capture,-15.68,141.96,438.81,0,178.943,8.505,179.851,-18.55,20.57,147.24,-18.43,-7.40,173.42,54.020,54.129,-14.5598,-13.9736,-15.68,141.96,-15.0998,-13.7786,,,0.22356,0
113.5975,38,56,6,2,111.67,561.89,capture,0.54,140.76,435.54,0,178.814,8.408,179.877,-18.49,20.69,147.35,-17.86,-7.53,173.50,54.139,54.237,-15.3441,-13.0336,0.54,140.76,-15.2097,-13.4434,,,0.22260,0
113.6833,38,56,6,2,111.67,561.89,capture,-18.89,145.57,436.31,0,178.948,8.374,179.852,-18.43,20.65,147.11,-17.88,-8.00,173.00,54.172,54.125,-15.5851,-13.1569,-18.89,145.57,-15.3787,-13.3144,,,0.21651,0
113.7653,38,56,6,2,111.67,561.89,capture,-25.76,160.66,424.11,0,178.904,8.463,179.875,-18.45,20.59,147.38,-18.29,-8.36,173.27,53.643,54.395,-16.4742,-13.9983,-25.76,160.66,-15.8716,-13.6222,,,0.19994,0
113.8572,38,56,6,2,111.67,561.89,capture,-16.80,125.84,454.58,0,178.904,8.456,179.890,-18.45,20.73,147.27,-17.91,-8.64,173.61,53.358,54.502,-14.5781,-13.6103,-16.80,125.84,-15.2896,-13.6168,,,0.21243,0
113.9574,38,56,6,2,111.67,561.89,capture,-1.42,137.66,439.04,0,178.886,8.421,179.900,-18.49,20.66,147.18,-18.26,-8.03,173.15,53.414,54.504,-14.6340,-13.0392,-1.42,137.66,-14.9945,-13.3569,,,0.21331,0
114.0578,38,56,6,2,111.67,561.89,capture,-9.84,142.13,436.99,0,178.880,8.575,179.884,-18.62,20.78,147.34,-18.60,-7.73,173.59,53.544,54.013,-15.0123,-12.9334,-9.84,142.13,-15.0025,-13.1663,,,0.21216,0
114.1655,38,56,6,2,111.67,561.89,capture,-11.57,141.56,438.02,0,178.753,8.583,179.870,-18.73,20.88,147.46,-18.57,-8.29,174.16,53.384,53.926,-16.2864,-13.5932,-11.57,141.56,-15.5803,-13.3584,,,0.19604,0
114.2556,38,56,6,2,111.67,561.89,capture,-13.87,139.30,440.84,0,178.943,8.519,179.854,-18.73,20.81,147.67,-18.12,-7.42,174.18,53.169,54.141,-15.9809,-13.1349,-13.87,139.30,-15.7606,-13.2578,,,0.19036,0
114.3523,38,56,6,2,111.67,561.89,capture,18.22,129.84,442.04,0,178.990,8.560,179.820,-18.64,20.83,147.69,-18.10,-7.90,174.05,52.860,54.579,-14.7115,-11.8176,18.22,129.84,-15.2885,-12.6097,,,0.19323,0
114.5752,39,61,6,7,335.00,561.89,dwell,144.69,69.24,528.13,0,178.918,8.552,179.842,-18.56,20.78,147.91,-18.05,-7.99,174.23,52.768,54.768,-12.5556,-6.1510,144.69,69.24,-12.5556,-6.1510,,,0.18621,0
114.6703,39,61,6,7,335.00,561.89,dwell,214.71,123.16,454.92,0,178.909,8.521,179.839,-18.61,20.78,147.96,-18.19,-8.20,174.14,52.744,54.439,-14.2514,-2.2076,214.71,123.16,-13.3187,-4.3764,,,0.20415,0
114.7593,39,61,6,7,335.00,561.89,dwell,289.50,154.30,410.12,0,178.889,8.452,179.824,-18.34,20.73,148.04,-17.82,-8.51,173.97,52.914,54.084,-15.7610,1.4323,289.50,154.30,-14.4177,-1.7625,,,0.21030,0
114.8674,39,61,6,7,335.00,561.89,dwell,231.39,67.22,505.40,0,178.884,8.454,179.815,-18.32,20.67,147.82,-18.19,-7.82,174.41,53.245,53.976,-13.6865,-1.9011,231.39,67.22,-14.0887,-1.8249,,,0.20318,0
114.9680,39,61,6,7,335.00,561.89,dwell,227.18,159.42,416.66,0,178.903,8.411,179.789,-18.20,20.93,147.79,-18.04,-8.08,174.22,53.200,53.953,-16.5507,-2.4319,227.18,159.42,-15.1966,-2.0980,,,0.20443,0
115.0656,39,61,6,7,335.00,561.89,dwell,326.95,119.40,442.56,0,178.850,8.442,179.779,-18.16,20.88,147.76,-17.80,-7.41,174.42,53.524,54.279,-14.5472,1.7360,326.95,119.40,-14.9044,-0.3727,,,0.22020,0
115.1671,39,61,6,7,335.00,561.89,dwell,373.10,151.01,412.64,0,178.877,8.472,179.760,-18.29,20.84,147.61,-17.95,-8.07,173.88,53.642,54.513,-16.4057,5.2362,373.10,151.01,-15.5799,2.1513,,,0.18884,0
115.2619,39,61,6,7,335.00,561.89,dwell,371.54,126.19,437.23,0,178.962,8.709,179.756,-18.34,20.79,147.42,-18.31,-7.25,173.56,53.520,54.522,-14.3569,4.2117,371.54,126.19,-15.0296,3.0785,,,0.21228,0
115.3439,39,61,6,7,335.00,561.89,capture,405.14,134.32,433.28,0,178.965,8.690,179.776,-18.32,20.79,147.28,-17.99,-7.20,174.00,53.563,54.459,-14.8058,6.5513,405.14,134.32,-14.9289,4.6413,,,0.21563,0
115.4436,39,61,6,7,335.00,561.89,capture,411.97,110.55,457.85,0,179.037,8.682,179.799,-18.45,20.64,147.11,-18.06,-8.25,172.75,53.912,54.546,-13.9752,5.8927,411.97,110.55,-14.4997,5.2044,,,0.22552,0
115.5356,39,61,6,7,335.00,561.89,capture,417.39,114.75,454.67,0,179.069,8.648,179.794,-18.47,20.54,146.90,-18.05,-8.26,172.78,53.674,54.462,-14.1612,6.0485,417.39,114.75,-14.3474,5.5843,,,0.19010,0
115.6337,39,61,6,7,335.00,561.89,capture,407.56,109.04,458.63,0,179.080,8.636,179.801,-18.61,20.57,146.92,-17.74,-8.26,173.02,53.616,54.278,-13.7921,5.7974,407.56,109.04,-14.0975,5.6802,,,0.19433,0
115.7502,39,61,6,7,335.00,561.89,capture,420.64,132.69,437.66,0,179.089,8.492,179.798,-18.72,20.50,147.04,-18.06,-8.06,172.77,54.161,54.542,-14.6208,7.0249,420.64,132.69,-14.3330,6.2853,,,0.21539,0
115.8351,39,61,6,7,335.00,561.89,capture,444.20,144.89,431.06,0,179.021,8.496,179.779,-18.63,20.40,147.23,-17.43,-8.06,173.52,54.332,54.923,-15.5774,7.5570,444.20,144.89,-14.8930,6.8575,,,0.21471,0
115.9247,39,61,6,7,335.00,561.89,capture,419.92,135.24,435.02,0,179.052,8.452,179.781,-18.50,20.44,147.39,-17.80,-8.04,173.66,54.157,54.794,-14.9877,7.2381,419.92,135.24,-14.9356,7.0288,,,0.22217,0
116.0263,39,61,6,7,335.00,561.89,capture,434.06,162.28,411.70,0,178.844,8.562,179.811,-18.62,20.53,147.46,-17.92,-7.36,173.97,53.673,54.681,-15.5818,6.8507,434.06,162.28,-15.2264,6.9486,,,0.18806,0
116.1251,39,61,6,7,335.00,561.89,capture,435.05,130.40,442.94,0,178.791,8.417,179.824,-18.60,20.49,147.50,-18.37,-7.85,173.71,53.694,54.847,-13.7011,7.2037,435.05,130.40,-14.5400,7.0634,,,0.20441,0
116.2243,39,61,6,7,335.00,561.89,capture,419.15,125.68,444.25,0,178.957,8.388,179.815,-18.55,20.52,147.72,-18.21,-8.51,174.00,53.465,54.435,-14.5663,6.4286,419.15,125.68,-14.5518,6.7777,,,0.20840,0
116.3361,39,61,6,7,335.00,561.89,capture,407.88,101.96,465.67,0,179.068,8.448,179.825,-18.62,20.65,147.51,-18.25,-6.82,173.96,53.638,54.801,-13.7529,6.0482,407.88,101.96,-14.1923,6.4495,,,0.22666,0
116.4518,39,61,6,7,335.00,561.89,capture,420.79,119.21,450.92,0,179.091,8.557,179.832,-18.63,20.57,147.61,-17.89,-8.29,174.26,53.657,54.921,-14.6026,6.8557,420.79,119.21,-14.3769,6.6323,,,0.20012,0
116.5520,39,61,6,7,335.00,561.89,capture,417.19,132.50,437.18,0,179.093,8.602,179.824,-18.60,20.47,147.71,-17.67,-7.77,174.23,53.475,55.090,-14.5645,6.6615,417.19,132.50,-14.4613,6.6454,,,0.21574,0
116.6340,39,61,6,7,335.00,561.89,capture,407.51,124.59,443.27,0,179.059,8.560,179.780,-18.62,20.70,147.57,-18.06,-8.05,173.81,53.615,54.987,-15.2003,5.7684,407.51,124.59,-14.7939,6.2507,,,0.21447,0
116.7431,39,61,6,7,335.00,561.89,capture,435.46,140.67,433.03,0,179.023,8.619,179.791,-18.64,20.81,147.34,-18.27,-8.25,173.51,54.041,54.712,-15.8057,7.1190,435.46,140.67,-15.2492,6.6414,,,0.20246,0
116.8267,39,61,6,7,335.00,561.89,capture,417.39,106.68,462.60,0,178.935,8.661,179.844,-18.72,21.05,147.58,-18.30,-7.60,173.42,53.580,54.289,-14.0756,6.7995,417.39,106.68,-14.7211,6.7126,,,0.19875,0
116.9361,39,61,6,7,335.00,561.89,capture,436.45,108.88,464.23,0,178.842,8.744,179.876,-18.73,21.04,147.56,-18.43,-6.98,173.99,53.884,54.252,-13.1112,7.2334,436.45,108.88,-13.9966,6.9469,,,0.22861,0
117.0537,39,61,6,7,335.00,561.89,capture,430.15,110.46,461.35,0,178.834,8.722,179.872,-18.65,21.02,147.74,-18.41,-7.51,174.53,53.723,54.202,-13.6155,6.6215,430.15,110.46,-13.8251,6.8005,,,0.20970,0
117.1427,39,61,6,7,335.00,561.89,capture,416.69,156.38,413.66,0,178.945,8.569,179.843,-18.59,20.81,147.49,-17.56,-7.65,173.53,53.772,54.255,-15.2364,6.3402,416.69,156.38,-14.4602,6.5933,,,0.20770,0
117.2572,39,61,6,7,335.00,561.89,capture,395.21,112.44,453.46,0,178.843,8.482,179.861,-18.66,20.79,147.35,-18.39,-8.02,172.62,53.369,53.976,-14.6704,5.6198,395.21,112.44,-14.5548,6.1552,,,0.18770,0
117.4300,40,6,0,6,290.33,43.22,dwell,369.45,138.35,123.73,0,178.786,8.391,179.898,-18.59,20.71,147.51,-18.23,-7.62,173.43,53.755,54.035,-15.9172,4.0828,369.45,138.35,-15.9172,4.0828,,,0.19968,0
117.5207,40,6,0,6,290.33,43.22,dwell,285.03,-8.75,52.24,0,178.661,8.375,179.856,-18.67,20.77,147.41,-18.26,-7.93,173.44,53.930,53.788,-9.1255,0.4672,285.03,-8.75,-12.8609,2.4558,,,0.22900,0
117.6265,40,6,0,6,290.33,43.22,dwell,320.98,106.14,69.98,0,178.729,8.211,179.810,-18.69,20.69,147.40,-17.92,-8.27,172.88,53.893,53.534,-14.4385,2.1962,320.98,106.14,-13.5708,2.3390,,,0.20129,0
117.7326,40,6,0,6,290.33,43.22,dwell,376.13,-39.54,119.21,0,178.865,8.047,179.823,-18.76,20.85,147.36,-18.45,-7.48,173.56,53.643,53.450,-9.0980,3.9837,376.13,-39.54,-11.5580,3.0791,,,0.24992,0
117.8405,40,6,0,6,290.33,43.22,dwell,322.80,74.39,45.01,0,178.779,7.976,179.841,-18.81,20.82,147.54,-18.36,-8.26,173.95,53.820,53.445,-12.5579,0.8012,322.80,74.39,-12.0080,2.0540,,,0.20362,0
117.9519,40,6,0,6,290.33,43.22,dwell,288.16,-5.76,49.03,0,178.743,7.863,179.837,-18.72,20.80,147.65,-18.41,-7.87,174.68,53.732,53.720,-9.5410,0.6898,288.16,-5.76,-10.8978,1.4401,,,0.21430,0
118.0557,40,6,0,6,290.33,43.22,dwell,331.41,71.25,49.73,0,178.698,7.819,179.820,-18.87,20.84,147.52,-17.93,-7.02,173.77,53.926,53.613,-12.6048,2.6687,331.41,71.25,-11.6660,1.9930,,,0.21904,0
118.1484,40,6,0,6,290.33,43.22,dwell,261.18,-15.93,65.95,0,178.583,7.893,179.808,-18.75,20.85,147.69,-18.46,-7.88,174.68,53.871,53.821,-9.3654,-0.9718,261.18,-15.93,-10.6307,0.6588,,,0.19957,0
118.2556,40,6,0,6,290.33,43.22,dwell,315.01,56.23,27.90,0,178.669,7.682,179.818,-18.90,21.00,147.72,-17.53,-8.25,173.97,54.372,53.748,-11.8104,1.8202,315.01,56.23,-11.1615,1.1814,,,0.24726,0
118.3528,40,6,0,6,290.33,43.22,dwell,241.12,22.74,53.31,0,178.672,7.677,179.851,-18.94,21.02,147.77,-18.31,-7.03,174.22,54.436,53.751,-11.5459,-1.3017,241.12,22.74,-11.3345,0.0640,,,0.21796,0
118.4348,40,6,0,6,290.33,43.22,dwell,241.89,13.13,57.03,0,178.717,7.657,179.852,-18.88,20.95,147.72,-17.92,-7.50,174.42,54.029,53.487,-10.7573,-1.3841,241.89,13.13,-11.0748,-0.5876,,,0.23083,0
118.5238,40,6,0,6,290.33,43.22,capture,230.70,-36.95,99.92,0,178.795,7.638,179.883,-18.82,20.92,147.45,-18.20,-7.63,173.17,54.003,53.622,-8.8916,-2.0212,230.70,-36.95,-10.0923,-1.2327,,,0.20885,0
118.6134,40,6,0,6,290.33,43.22,capture,232.38,-46.80,107.06,0,178.770,7.743,179.886,-18.84,21.05,147.61,-18.00,-7.56,173.80,54.017,53.878,-7.5866,-1.8850,232.38,-46.80,-8.9648,-1.5262,,,0.25291,0
118.7199,40,6,0,6,290.33,43.22,capture,258.36,-14.05,65.59,0,178.796,7.706,179.884,-18.71,21.16,147.47,-18.55,-7.51,173.99,53.708,53.799,-9.2878,-0.9110,258.36,-14.05,-9.1101,-1.2494,,,0.23280,0
118.8393,40,6,0,6,290.33,43.22,capture,244.68,-33.90,89.62,0,178.693,7.760,179.890,-18.65,21.06,147.38,-18.58,-7.43,173.75,54.257,54.279,-7.6453,-1.8209,244.68,-33.90,-8.4510,-1.5066,,,0.21545,0
118.9441,40,6,0,6,290.33,43.22,capture,242.77,-23.36,81.83,0,178.905,7.738,179.887,-18.65,21.14,147.28,-18.59,-6.64,173.20,53.913,54.457,-8.4556,-2.0344,242.77,-23.36,-8.4531,-1.7441,,,0.23121,0
119.0261,40,6,0,6,290.33,43.22,capture,242.99,-7.41,69.32,0,178.850,7.778,179.860,-18.58,21.14,147.46,-18.75,-7.95,173.83,54.052,54.401,-9.3242,-1.3934,242.99,-7.41,-8.8450,-1.5863,,,0.22268,0
119.1277,40,6,0,6,290.33,43.22,capture,261.18,2.66,49.95,0,178.798,7.860,179.877,-18.52,21.10,147.59,-18.13,-7.00,173.77,53.764,54.157,-10.1420,-1.2192,261.18,2.66,-9.4287,-1.4211,,,0.20805,0
119.2195,40,6,0,6,290.33,43.22,capture,236.01,-1.77,70.54,0,178.896,7.910,179.886,-18.40,21.11,147.49,-18.32,-7.83,173.72,53.718,54.033,-9.6543,-2.4841,236.01,-1.77,-9.5302,-1.8994,,,0.21601,0
119.3234,40,6,0,6,290.33,43.22,capture,236.31,-1.04,69.84,0,178.822,7.943,179.882,-18.31,21.21,147.30,-18.12,-7.51,173.59,53.816,53.837,-9.6016,-1.7175,236.31,-1.04,-9.5624,-1.8176,,,0.18738,0
119.4141,40,6,0,6,290.33,43.22,capture,246.80,-17.66,74.85,0,178.730,7.876,179.877,-18.30,21.10,147.44,-17.70,-7.46,173.33,53.948,54.003,-9.0527,-1.4690,246.80,-17.66,-9.3330,-1.6607,,,0.21217,0
119.5108,40,6,0,6,290.33,43.22,capture,226.61,-16.64,87.43,0,178.732,7.741,179.848,-18.31,21.07,147.45,-17.49,-7.10,173.56,53.836,53.967,-9.5153,-2.3880,226.61,-16.64,-9.4150,-1.9880,,,0.22478,0
119.6064,40,6,0,6,290.33,43.22,capture,240.14,-21.50,81.90,0,178.827,7.722,179.872,-18.28,21.11,147.39,-17.70,-7.30,173.58,53.852,54.165,-8.3066,-1.6759,240.14,-21.50,-8.9163,-1.8476,,,0.21373,0
119.7148,40,6,0,6,290.33,43.22,capture,248.45,-31.21,85.41,0,178.876,7.820,179.889,-18.35,21.14,147.53,-17.81,-7.00,173.56,53.874,54.631,-8.8060,-0.6948,248.45,-31.21,-8.8666,-1.3288,,,0.23699,0
119.8136,40,6,0,6,290.33,43.22,capture,230.78,-2.59,75.14,0,178.818,7.908,179.869,-18.44,21.06,147.59,-18.09,-7.23,174.34,53.612,54.594,-8.8901,-1.5668,230.78,-2.59,-8.8772,-1.4359,,,0.19627,0
119.9278,40,6,0,6,290.33,43.22,capture,242.87,-23.84,82.16,0,178.789,7.774,179.849,-18.37,20.97,147.78,-17.65,-7.86,174.33,54.058,54.906,-9.7398,-1.5273,242.87,-23.84,-9.2654,-1.4770,,,0.21568,0
120.0183,40,6,0,6,290.33,43.22,capture,252.22,-4.06,60.73,0,178.695,7.723,179.849,-18.30,21.14,147.82,-18.17,-7.09,173.95,54.301,54.894,-9.8349,-1.9492,252.22,-4.06,-9.5217,-1.6895,,,0.22824,0
120.1141,40,6,0,6,290.33,43.22,capture,250.16,-14.49,70.32,0,178.635,7.920,179.833,-18.20,21.13,147.97,-17.61,-7.04,174.23,54.115,54.510,-8.9002,-1.2756,250.16,-14.49,-9.2420,-1.5032,,,0.21832,0
120.2055,40,6,0,6,290.33,43.22,capture,258.89,-17.68,68.54,0,178.758,7.853,179.808,-18.07,21.21,147.69,-17.42,-7.99,174.13,54.065,54.063,-9.3550,-1.2327,258.89,-17.68,-9.2928,-1.3815,,,0.20723,0
120.2927,40,6,0,6,290.33,43.22,capture,243.79,-22.09,80.20,0,178.801,7.747,179.836,-18.08,21.12,147.65,-17.95,-8.53,173.78,54.131,54.328,-9.0452,-2.0892,243.79,-22.09,-9.1814,-1.7000,,,0.21161,0
120.3906,40,6,0,6,290.33,43.22,capture,229.12,-25.62,92.12,0,178.750,7.735,179.823,-18.11,21.20,147.81,-17.68,-7.37,173.82,54.041,55.141,-9.6148,-2.1078,229.12,-25.62,-9.3764,-1.8835,,,0.21586,0
120.6164,41,5,0,5,245.67,43.22,dwell,320.79,-34.22,107.89,0,178.882,7.770,179.873,-18.09,21.13,147.73,-17.99,-7.02,173.82,54.342,55.083,-9.0044,1.3865,320.79,-34.22,-9.0044,1.3865,,,0.22317,0
120.7121,41,5,0,5,245.67,43.22,dwell,202.80,85.07,59.91,0,178.766,7.751,179.838,-18.18,20.93,147.93,-17.61,-7.59,174.41,54.270,54.737,-12.9379,-3.9462,202.80,85.07,-10.7745,-1.0132,,,0.20211,0
120.8100,41,5,0,5,245.67,43.22,dwell,290.19,-8.71,68.41,0,178.745,7.783,179.828,-18.23,20.82,148.08,-17.05,-7.19,175.13,54.169,54.404,-9.7428,0.6155,290.19,-8.71,-10.3102,-0.2803,,,0.19434,0
120.9175,41,5,0,5,245.67,43.22,dwell,190.52,67.75,60.36,0,178.701,7.730,179.818,-18.11,20.91,147.81,-18.16,-7.79,174.22,53.946,54.369,-12.5440,-3.6904,190.52,67.75,-11.3154,-1.8148,,,0.22892,0
121.0057,41,5,0,5,245.67,43.22,dwell,327.44,-32.11,111.18,0,178.820,7.728,179.828,-18.02,20.87,147.61,-17.69,-7.74,174.07,53.332,53.909,-8.8510,1.7987,327.44,-32.11,-10.2064,-0.1888,,,0.19329,0
121.0918,41,5,0,5,245.67,43.22,dwell,296.19,-36.29,94.21,0,178.980,7.622,179.843,-17.89,20.98,147.43,-17.91,-7.36,173.87,53.185,54.264,-9.2163,0.8120,296.19,-36.29,-9.7609,0.2616,,,0.19621,0
121.1915,41,5,0,5,245.67,43.22,dwell,313.44,6.66,77.01,0,178.820,7.601,179.849,-17.86,20.86,147.37,-17.73,-8.18,173.92,53.273,54.348,-9.8150,1.6023,313.44,6.66,-9.7852,0.8649,,,0.18234,0
121.2874,41,5,0,5,245.67,43.22,dwell,303.07,16.82,63.18,0,178.804,7.684,179.843,-17.83,20.75,147.66,-17.69,-6.84,174.27,53.449,53.787,-10.4890,1.3937,303.07,16.82,-10.1019,1.1029,,,0.22298,0
121.3985,41,5,0,5,245.67,43.22,dwell,293.46,34.82,48.53,0,178.887,7.707,179.866,-17.89,20.81,147.46,-17.55,-7.84,173.76,53.833,53.877,-10.0745,0.5023,293.46,34.82,-10.0896,0.8326,,,0.20330,0
121.4834,41,5,0,5,245.67,43.22,dwell,323.02,-21.88,101.10,0,178.956,7.919,179.875,-17.91,20.65,147.37,-17.10,-7.74,173.47,53.800,54.035,-9.3039,2.2515,323.02,-21.88,-9.7360,1.4711,,,0.18775,0
121.5661,41,5,0,5,245.67,43.22,capture,332.34,-30.35,113.69,0,178.753,7.943,179.874,-18.00,20.63,147.11,-17.71,-7.66,173.19,54.242,53.742,-9.8837,2.9636,332.34,-30.35,-9.8025,2.1428,,,0.23441,0
121.6759,41,5,0,5,245.67,43.22,capture,313.66,-35.72,104.19,0,178.807,7.898,179.842,-18.08,20.76,147.05,-18.04,-7.19,173.01,53.992,53.416,-7.9528,1.4939,313.66,-35.72,-8.9701,1.8508,,,0.21686,0
121.7667,41,5,0,5,245.67,43.22,capture,315.84,-10.52,88.39,0,178.837,7.791,179.828,-18.02,20.91,146.96,-18.14,-8.16,172.77,54.021,53.744,-10.1886,2.2440,315.84,-10.52,-9.5185,2.0277,,,0.20759,0
121.8762,41,5,0,5,245.67,43.22,capture,310.94,10.86,72.86,0,178.783,7.837,179.834,-18.10,20.92,147.10,-17.94,-8.14,172.80,53.933,53.932,-10.3744,1.4862,310.94,10.86,-9.9036,1.7841,,,0.24855,0
121.9850,41,5,0,5,245.67,43.22,capture,337.61,-19.04,111.04,0,178.707,7.722,179.837,-18.12,21.06,146.82,-17.55,-7.03,172.45,53.669,54.129,-9.1535,2.4131,337.61,-19.04,-9.5661,2.0671,,,0.22117,0
122.0834,41,5,0,5,245.67,43.22,capture,330.41,6.05,92.54,0,178.698,7.752,179.772,-18.10,20.96,146.84,-17.55,-7.18,172.58,53.507,53.785,-9.5497,2.3857,330.41,6.05,-9.5587,2.2105,,,0.22564,0
122.1835,41,5,0,5,245.67,43.22,capture,331.05,-8.87,100.02,0,178.764,7.692,179.775,-18.20,20.99,146.92,-17.33,-7.59,172.86,53.398,53.973,-9.9729,2.1690,331.05,-8.87,-9.7451,2.1918,,,0.19484,0
122.2814,41,5,0,5,245.67,43.22,capture,349.92,0.91,112.51,0,178.730,7.696,179.774,-18.30,20.96,147.07,-17.50,-7.86,173.28,53.554,54.229,-10.1201,2.6787,349.92,0.91,-9.9138,2.4109,,,0.18647,0
122.3635,41,5,0,5,245.67,43.22,capture,319.46,-0.99,86.02,0,178.798,7.900,179.760,-18.40,20.85,147.38,-18.30,-7.50,173.30,53.629,54.656,-9.3797,2.5754,319.46,-0.99,-9.6735,2.4849,,,0.22356,0
122.4597,41,5,0,5,245.67,43.22,capture,323.80,-27.00,105.05,0,178.769,7.787,179.755,-18.27,20.90,147.27,-18.10,-7.49,173.99,53.642,54.524,-8.8993,1.7392,323.80,-27.00,-9.3251,2.1494,,,0.20456,0
122.5590,41,5,0,5,245.67,43.22,capture,315.60,-16.98,92.28,0,178.857,7.717,179.757,-18.29,20.67,147.41,-17.77,-8.00,173.80,53.455,54.199,-9.3002,1.8114,315.60,-16.98,-9.3139,1.9973,,,0.19172,0
122.6754,41,5,0,5,245.67,43.22,capture,341.49,-34.33,123.27,0,178.814,7.578,179.772,-18.43,20.86,147.46,-17.99,-8.26,173.91,53.383,54.369,-8.7822,2.6611,341.49,-34.33,-9.0746,2.2960,,,0.20793,0
122.7588,41,5,0,5,245.67,43.22,capture,322.67,-19.15,99.09,0,178.720,7.592,179.803,-18.43,20.87,147.33,-18.49,-7.83,173.54,53.587,54.539,-9.5613,2.0436,322.67,-19.15,-9.2936,2.1824,,,0.19894,0
122.8526,41,5,0,5,245.67,43.22,capture,330.71,-33.59,114.60,0,178.703,7.640,179.824,-18.46,20.77,147.36,-18.48,-7.85,173.76,53.707,54.320,-8.5002,2.0637,330.71,-33.59,-8.9366,2.1290,,,0.19667,0
122.9782,41,5,0,5,245.67,43.22,capture,321.28,9.12,82.95,0,178.634,7.561,179.792,-18.35,20.85,147.42,-18.17,-8.34,173.65,53.756,54.569,-10.0753,1.9030,321.28,9.12,-9.4490,2.0273,,,0.20965,0
123.0751,41,5,0,5,245.67,43.22,capture,337.99,-9.16,106.15,0,178.758,7.658,179.793,-18.43,20.64,147.20,-18.66,-7.80,173.47,53.506,54.357,-9.8545,2.8036,337.99,-9.16,-9.6315,2.3766,,,0.20831,0
123.1571,41,5,0,5,245.67,43.22,capture,334.09,-21.45,109.55,0,178.788,7.776,179.795,-18.50,20.59,147.14,-17.82,-7.96,173.19,53.389,54.360,-8.1611,2.7589,334.09,-21.45,-8.9698,2.5486,,,0.19017,0
123.2468,41,5,0,5,245.67,43.22,capture,329.79,-35.29,115.07,0,178.838,7.751,179.830,-18.39,20.39,147.10,-17.25,-7.54,173.65,53.298,54.690,-8.1763,1.9548,329.79,-35.29,-8.6127,2.2814,,,0.21517,0
123.3447,41,5,0,5,245.67,43.22,capture,326.54,-46.26,120.61,0,178.842,7.733,179.847,-18.50,20.42,147.00,-18.33,-8.62,173.81,53.035,54.583,-7.7037,1.8824,326.54,-46.26,-8.2037,2.1019,,,0.21190,0
123.4477,41,5,0,5,245.67,43.22,capture,342.01,-24.78,117.93,0,178.802,7.644,179.814,-18.50,20.63,147.10,-18.55,-8.01,173.21,52.920,54.254,-9.1681,2.9714,342.01,-24.78,-8.6377,2.4932,,,0.18344,0
123.5340,41,5,0,5,245.67,43.22,capture,334.89,-31.46,116.35,0,178.805,7.839,179.802,-18.36,20.65,147.24,-17.73,-7.41,173.55,52.820,54.593,-8.0926,2.5778,334.89,-31.46,-8.3924,2.5313,,,0.20387,0
123.6974,42,20,2,2,111.67,216.11,dwell,157.23,-3.49,224.28,0,178.725,7.816,179.782,-18.39,20.71,147.03,-18.93,-7.67,173.30,52.918,54.714,-9.6788,-5.7671,157.23,-3.49,-9.6788,-5.7671,,,0.19226,0
123.8109,42,20,2,2,111.67,216.11,dwell,261.23,201.10,150.31,0,178.633,7.682,179.781,-18.37,20.71,146.99,-17.53,-8.37,173.10,52.991,54.479,-18.5858,-0.7329,261.23,201.10,-13.6869,-3.5017,,,0.19797,0
123.9161,42,20,2,2,111.67,216.11,dwell,253.71,95.97,186.04,0,178.648,7.595,179.778,-18.25,20.76,146.95,-17.82,-8.05,173.35,52.810,54.455,-13.9659,-1.3177,253.71,95.97,-13.8125,-2.5189,,,0.17830,0
124.0145,42,20,2,2,111.67,216.11,dwell,176.88,192.25,69.44,0,178.772,7.690,179.794,-18.38,20.63,147.05,-18.05,-8.00,173.18,52.955,54.405,-17.5503,-4.3261,176.88,192.25,-15.4945,-3.3321,,,0.17228,0
124.1075,42,20,2,2,111.67,216.11,dwell,142.49,273.65,65.27,0,178.752,7.662,179.789,-18.51,20.86,146.95,-18.03,-7.14,173.22,52.939,54.526,-20.4042,-6.5753,142.49,273.65,-17.7038,-4.7915,,,0.18505,0
124.2032,42,20,2,2,111.67,216.11,dwell,139.66,334.49,121.64,0,178.762,7.714,179.806,-18.49,20.72,146.68,-18.15,-8.05,172.56,52.894,54.572,-23.1167,-6.1138,139.66,334.49,-20.1396,-5.3865,,,0.20790,0
124.2936,42,20,2,2,111.67,216.11,dwell,140.32,370.87,157.39,0,178.749,7.708,179.831,-18.50,20.43,146.84,-17.80,-7.80,173.31,52.718,54.346,-25.1121,-7.2619,140.32,370.87,-22.3773,-6.2305,,,0.18073,0
124.3967,42,20,2,2,111.67,216.11,dwell,123.25,405.24,189.48,0,178.670,7.760,179.812,-18.54,20.53,146.77,-18.28,-8.49,172.85,52.662,53.895,-25.1454,-6.9277,123.25,405.24,-23.6229,-6.5442,,,0.17951,0
124.4917,42,20,2,2,111.67,216.11,dwell,101.79,453.21,237.30,0,178.658,7.852,179.794,-18.46,20.53,147.02,-17.89,-7.65,173.73,52.915,53.786,-27.9607,-8.3363,101.79,453.21,-25.5749,-7.3507,,,0.19149,0
124.5951,42,20,2,2,111.67,216.11,capture,116.67,476.42,260.36,0,178.732,7.834,179.775,-18.31,20.55,147.13,-18.07,-7.62,173.46,53.187,53.631,-28.5830,-7.4718,116.67,476.42,-26.9285,-7.4052,,,0.22921,0
124.6912,42,20,2,2,111.67,216.11,capture,96.63,501.62,285.90,0,178.769,7.902,179.781,-18.39,20.60,147.18,-18.07,-8.64,173.61,53.109,53.600,-29.5670,-8.0882,96.63,501.62,-28.1159,-7.7125,,,0.20304,0
124.8092,42,20,2,2,111.67,216.11,capture,105.35,507.99,291.95,0,178.790,7.821,179.778,-18.46,20.86,147.42,-17.52,-7.57,173.98,52.900,53.419,-29.4646,-8.3483,105.35,507.99,-28.7228,-7.9986,,,0.20049,0
124.9122,42,20,2,2,111.67,216.11,capture,99.75,439.33,223.54,0,178.761,7.893,179.787,-18.33,20.84,147.69,-17.95,-7.13,174.68,53.148,53.409,-27.0837,-8.0025,99.75,439.33,-27.9852,-8.0004,,,0.19970,0
125.0095,42,20,2,2,111.67,216.11,capture,110.80,464.63,248.52,0,178.784,7.916,179.778,-18.30,20.84,148.03,-17.44,-7.88,174.41,52.914,53.497,-27.4130,-7.3595,110.80,464.63,-27.7277,-7.7120,,,0.19476,0
125.1220,42,20,2,2,111.67,216.11,capture,111.81,482.36,266.25,0,178.774,7.894,179.798,-18.39,20.94,147.91,-17.81,-6.64,174.24,52.967,53.670,-28.6821,-7.8936,111.81,482.36,-28.1572,-7.7937,,,0.19266,0
125.2274,42,20,2,2,111.67,216.11,capture,103.87,459.62,243.63,0,178.797,7.779,179.819,-18.34,20.89,148.16,-18.15,-8.19,174.27,52.895,53.991,-27.2627,-8.0515,103.87,459.62,-27.7547,-7.9097,,,0.18707,0
125.3319,42,20,2,2,111.67,216.11,capture,120.47,487.00,271.03,0,178.706,7.697,179.826,-18.50,20.86,148.34,-18.29,-7.41,174.49,53.078,54.722,-27.8958,-6.6795,120.47,487.00,-27.8182,-7.3561,,,0.17970,0
125.4253,42,20,2,2,111.67,216.11,capture,98.39,500.56,284.76,0,178.617,7.650,179.824,-18.44,20.75,148.31,-17.92,-7.19,175.06,52.967,54.657,-28.9363,-7.9398,98.39,500.56,-28.3213,-7.6188,,,0.19389,0
125.5452,42,20,2,2,111.67,216.11,capture,101.36,469.71,253.81,0,178.748,7.752,179.799,-18.53,20.85,148.32,-17.82,-8.11,175.07,53.025,54.811,-28.3313,-8.1115,101.36,469.71,-28.3258,-7.8405,,,0.18793,0
125.6481,42,20,2,2,111.67,216.11,capture,105.44,477.22,261.18,0,178.848,7.684,179.819,-18.39,20.71,148.07,-17.67,-7.43,174.81,53.099,54.669,-28.7356,-8.2986,105.44,477.22,-28.5102,-8.0467,,,0.18858,0
125.7397,42,20,2,2,111.67,216.11,capture,111.73,473.71,257.60,0,178.841,7.603,179.847,-18.44,20.85,147.82,-18.03,-7.66,174.46,53.370,54.448,-28.0603,-7.8474,111.73,473.71,-28.3078,-7.9570,,,0.20514,0
125.8439,42,20,2,2,111.67,216.11,capture,93.19,491.06,275.57,0,178.870,7.601,179.806,-18.43,20.80,148.03,-17.54,-7.33,174.04,53.526,54.351,-28.7381,-8.3064,93.19,491.06,-28.5014,-8.1142,,,0.21083,0
125.9556,42,20,2,2,111.67,216.11,capture,99.60,490.63,274.78,0,178.795,7.571,179.805,-18.44,20.92,148.08,-17.41,-7.95,174.29,53.908,54.848,-28.9585,-8.3943,99.60,490.63,-28.7071,-8.2403,,,0.20010,0
126.0422,42,20,2,2,111.67,216.11,capture,120.16,491.31,275.33,0,178.736,7.480,179.787,-18.51,21.05,148.15,-18.58,-7.62,174.38,53.883,54.589,-28.9871,-7.4167,120.16,491.31,-28.8331,-7.8697,,,0.22888,0
126.1569,42,20,2,2,111.67,216.11,capture,111.10,465.89,249.78,0,178.760,7.455,179.814,-18.40,21.20,147.99,-18.49,-7.28,174.08,53.981,54.927,-27.7301,-7.4384,111.10,465.89,-28.3368,-7.6756,,,0.22775,0
126.2738,42,20,2,2,111.67,216.11,capture,74.10,485.49,271.99,0,178.893,7.312,179.812,-18.49,21.06,148.23,-18.37,-6.98,174.78,53.709,55.011,-28.5645,-9.7482,74.10,485.49,-28.4392,-8.6083,,,0.18497,0
126.3698,42,20,2,2,111.67,216.11,capture,115.80,487.23,271.15,0,178.898,7.410,179.835,-18.42,20.89,148.31,-18.14,-8.83,174.68,53.665,54.914,-27.7941,-7.2347,115.80,487.23,-28.1489,-7.9902,,,0.20613,0
126.4658,42,20,2,2,111.67,216.11,capture,127.76,466.45,250.86,0,178.904,7.462,179.804,-18.51,20.89,148.23,-18.15,-7.86,174.77,53.825,54.837,-27.6146,-7.7843,127.76,466.45,-27.9085,-7.8975,,,0.21459,0
126.5725,42,20,2,2,111.67,216.11,capture,102.82,480.56,264.60,0,178.944,7.548,179.817,-18.49,20.94,147.99,-17.99,-7.66,174.34,53.945,54.725,-28.5150,-8.3064,102.82,480.56,-28.1814,-8.0815,,,0.21278,0
126.7725,43,41,4,5,245.67,389.00,dwell,34.14,389.48,211.53,0,178.965,7.582,179.821,-18.50,20.87,148.07,-18.26,-8.82,174.39,53.665,54.436,-24.9202,-10.7754,34.14,389.48,-24.9202,-10.7754,,,0.21709,0
126.8713,43,41,4,5,245.67,389.00,dwell,245.89,572.98,183.98,0,178.960,7.792,179.825,-18.40,21.01,147.90,-17.56,-7.77,174.83,53.710,54.564,-31.4179,-2.0817,245.89,572.98,-27.8441,-6.8632,,,0.24109,0
126.9847,43,41,4,5,245.67,389.00,dwell,145.60,423.55,105.86,0,178.996,7.843,179.831,-18.54,21.11,147.70,-18.26,-8.03,173.97,53.933,54.652,-25.8798,-6.1809,145.60,423.55,-26.9602,-6.5562,,,0.21995,0
127.0868,43,41,4,5,245.67,389.00,dwell,137.33,361.29,111.82,0,179.022,7.942,179.853,-18.66,21.02,148.00,-18.12,-7.17,174.42,54.021,54.458,-23.7248,-6.5902,137.33,361.29,-25.5042,-6.5715,,,0.22255,0
127.1709,43,41,4,5,245.67,389.00,dwell,243.85,395.74,6.98,1,178.935,7.927,179.806,-18.64,21.00,147.78,-18.09,-6.73,174.30,53.954,53.704,-25.3779,-2.0093,243.85,395.74,-25.4474,-4.5185,,,0.22340,0
127.2569,43,41,4,5,245.67,389.00,dwell,328.36,471.15,116.56,0,179.022,7.917,179.784,-18.51,20.83,147.99,-17.90,-8.25,174.66,54.042,53.772,-28.5001,2.4283,328.36,471.15,-26.8211,-1.3924,,,0.21199,0
127.3438,43,41,4,5,245.67,389.00,dwell,440.82,389.70,195.15,0,178.972,7.913,179.824,-18.59,20.75,147.81,-18.17,-6.71,173.95,53.919,54.342,-25.0545,8.0320,440.82,389.70,-26.0261,2.8486,,,0.20555,0
127.4394,43,41,4,5,245.67,389.00,dwell,344.11,405.06,99.74,0,178.773,7.920,179.829,-18.60,20.83,147.67,-18.23,-7.90,174.53,53.851,54.224,-25.5265,3.2584,344.11,405.06,-25.8013,3.0330,,,0.19705,0
127.5270,43,41,4,5,245.67,389.00,dwell,327.32,400.52,82.46,0,178.788,7.723,179.825,-18.54,20.81,147.79,-18.28,-8.11,174.26,54.157,54.090,-25.6224,2.7623,327.32,400.52,-25.7208,2.9112,,,0.21766,0
127.6212,43,41,4,5,245.67,389.00,dwell,398.87,402.15,153.77,0,178.809,7.887,179.839,-18.57,20.74,147.49,-17.94,-6.83,173.65,54.565,54.397,-24.7535,5.2988,398.87,402.15,-25.2855,3.9856,,,0.24086,0
127.7120,43,41,4,5,245.67,389.00,dwell,394.20,337.57,157.19,0,178.905,8.040,179.816,-18.61,20.74,147.41,-17.62,-8.69,173.41,54.092,54.403,-22.8750,5.4328,394.20,337.57,-24.2008,4.6368,,,0.22805,0
127.8065,43,41,4,5,245.67,389.00,capture,414.76,387.33,169.10,0,178.984,8.066,179.819,-18.64,20.65,147.11,-18.14,-8.13,173.35,53.927,54.105,-25.1782,5.9316,414.76,387.33,-24.6406,5.2195,,,0.20049,0
127.9134,43,41,4,5,245.67,389.00,capture,404.59,357.97,161.92,0,178.907,8.180,179.804,-18.64,20.62,147.41,-18.55,-8.62,173.15,54.053,54.240,-23.3576,6.0117,404.59,357.97,-24.0633,5.5760,,,0.23657,0
127.9959,43,41,4,5,245.67,389.00,capture,412.92,403.55,167.89,0,178.844,8.112,179.834,-18.55,20.68,147.29,-18.04,-7.86,173.38,54.360,54.329,-24.3827,6.4119,412.92,403.55,-24.2070,5.9521,,,0.24058,0
128.1057,43,41,4,5,245.67,389.00,capture,422.00,360.81,178.57,0,178.854,8.033,179.892,-18.46,20.56,147.17,-18.24,-8.65,172.88,54.524,54.269,-23.4431,7.2839,422.00,360.81,-23.8632,6.5514,,,0.25822,0
128.1991,43,41,4,5,245.67,389.00,capture,403.45,365.00,159.60,0,178.866,8.036,179.854,-18.31,20.54,147.09,-17.86,-8.10,173.40,53.929,54.547,-23.2940,5.7225,403.45,365.00,-23.6071,6.1784,,,0.22022,0
128.3041,43,41,4,5,245.67,389.00,capture,434.41,372.90,189.43,0,178.822,8.089,179.834,-18.28,20.59,147.02,-18.24,-8.15,173.04,53.955,54.727,-24.8897,7.3141,434.41,372.90,-24.1843,6.6895,,,0.18963,0
128.3861,43,41,4,5,245.67,389.00,capture,417.79,356.24,175.21,0,178.677,8.160,179.801,-18.27,20.60,146.92,-18.01,-7.63,173.78,53.634,54.622,-23.1100,6.6445,417.79,356.24,-23.7009,6.6692,,,0.19935,0
128.4866,43,41,4,5,245.67,389.00,capture,439.65,367.62,195.16,0,178.698,8.125,179.807,-18.15,20.59,146.62,-17.84,-8.09,172.88,54.026,54.526,-25.0106,7.4189,439.65,367.62,-24.2902,7.0066,,,0.19579,0
128.5948,43,41,4,5,245.67,389.00,capture,429.43,364.62,185.37,0,178.684,8.137,179.812,-18.26,20.51,146.97,-17.70,-8.47,172.74,54.488,54.102,-23.8278,6.1777,429.43,364.62,-24.0821,6.6336,,,0.22996,0
128.7160,43,41,4,5,245.67,389.00,capture,407.17,354.93,165.06,0,178.784,8.283,179.843,-18.34,20.39,147.02,-17.72,-7.93,172.91,54.578,53.733,-24.0799,5.8672,407.17,354.93,-24.0811,6.2887,,,0.24356,0
128.8255,43,41,4,5,245.67,389.00,capture,409.59,397.62,164.15,0,178.720,8.337,179.849,-18.34,20.12,146.97,-17.72,-9.02,173.56,54.350,53.810,-25.3892,5.5622,409.59,397.62,-24.6698,5.9618,,,0.22341,0
128.9529,43,41,4,5,245.67,389.00,capture,413.37,372.33,168.53,0,178.705,8.280,179.822,-18.35,20.27,147.40,-18.10,-8.63,173.92,54.142,53.624,-24.7648,6.0041,413.37,372.33,-24.7125,5.9808,,,0.20890,0
129.0599,43,41,4,5,245.67,389.00,capture,419.48,371.54,174.69,0,178.781,8.328,179.818,-18.39,20.36,147.24,-18.38,-7.34,173.74,54.137,53.915,-25.4090,7.0747,419.48,371.54,-25.0260,6.4731,,,0.23321,0
129.1592,43,41,4,5,245.67,389.00,capture,413.21,354.99,170.96,0,178.838,8.290,179.815,-18.38,20.20,147.30,-18.24,-7.63,173.57,54.353,53.637,-24.2481,6.1954,413.21,354.99,-24.6759,6.3481,,,0.22346,0
129.2534,43,41,4,5,245.67,389.00,capture,427.04,369.44,182.42,0,178.777,8.206,179.786,-18.38,20.39,147.34,-18.29,-7.75,173.43,54.175,53.532,-24.0789,6.7222,427.04,369.44,-24.4072,6.5165,,,0.21162,0
129.3527,43,41,4,5,245.67,389.00,capture,405.70,368.87,161.29,0,178.839,8.238,179.801,-18.35,20.46,147.46,-18.35,-7.37,173.57,53.957,53.498,-23.9442,5.8819,405.70,368.87,-24.1989,6.2309,,,0.24802,0
129.4567,43,41,4,5,245.67,389.00,capture,412.99,369.46,168.46,0,178.923,8.320,179.795,-18.26,20.60,147.62,-18.13,-7.92,173.56,53.740,53.776,-24.4639,5.9267,412.99,369.46,-24.3181,6.0940,,,0.22617,0
129.5530,43,41,4,5,245.67,389.00,capture,401.05,352.17,159.69,0,178.944,8.277,179.808,-18.35,20.65,147.60,-17.13,-7.58,174.03,53.573,53.897,-23.2486,6.1872,401.05,352.17,-23.8368,6.1359,,,0.19914,0
129.6590,43,41,4,5,245.67,389.00,capture,417.49,376.76,172.26,0,178.971,8.223,179.804,-18.34,20.76,147.59,-17.93,-7.32,173.73,53.888,53.578,-24.1393,6.1019,417.49,376.76,-23.9729,6.1206,,,0.19640,0
129.7663,43,41,4,5,245.67,389.00,capture,409.08,351.44,167.67,0,179.000,8.183,179.792,-18.30,20.52,147.48,-17.91,-8.45,173.09,53.984,53.682,-23.7666,6.2341,409.08,351.44,-23.8801,6.1717,,,0.24500,0
129.9369,44,8,0,8,379.67,43.22,dwell,441.17,330.19,293.48,0,179.043,8.118,179.811,-18.29,20.45,147.34,-18.11,-8.94,173.84,53.844,53.675,-22.5977,7.0959,441.17,330.19,-22.5977,7.0959,,,0.19284,0
130.0525,44,8,0,8,379.67,43.22,dwell,443.87,135.95,112.79,0,179.081,7.992,179.860,-18.23,20.38,147.37,-18.01,-8.39,173.84,53.710,53.655,-15.8896,7.6917,443.87,135.95,-19.5791,7.3641,,,0.21655,0
130.1473,44,8,0,8,379.67,43.22,dwell,443.86,246.81,213.47,0,179.165,7.991,179.828,-18.18,20.37,147.43,-17.79,-7.92,173.78,53.712,53.711,-18.1621,7.1315,443.86,246.81,-18.9414,7.2594,,,0.22765,0
130.2356,44,8,0,8,379.67,43.22,dwell,396.97,255.90,213.38,0,179.018,7.965,179.825,-18.16,20.48,147.40,-17.65,-8.10,174.40,53.208,53.983,-20.0995,5.7890,396.97,255.90,-19.4626,6.5977,,,0.19857,0
130.3413,44,8,0,8,379.67,43.22,dwell,354.48,187.95,146.90,0,178.881,7.837,179.807,-18.21,20.64,147.59,-18.19,-8.53,174.12,53.126,54.051,-17.1011,3.1902,354.48,187.95,-18.3999,5.0643,,,0.21232,0
130.4382,44,8,0,8,379.67,43.22,dwell,406.51,65.69,35.01,0,178.937,7.819,179.807,-18.28,20.62,147.56,-17.96,-7.70,173.94,53.704,53.777,-11.8671,5.8961,406.51,65.69,-15.4601,5.4386,,,0.22721,0
130.5439,44,8,0,8,379.67,43.22,dwell,380.96,39.12,4.30,1,178.874,7.852,179.819,-18.24,20.75,147.82,-17.89,-8.43,174.08,53.952,53.722,-12.0495,5.0064,380.96,39.12,-13.9253,5.2441,,,0.23118,0
130.6261,44,8,0,8,379.67,43.22,dwell,419.12,149.62,113.48,0,178.874,7.813,179.845,-18.24,20.66,147.82,-18.34,-7.56,173.78,53.903,53.963,-15.4790,5.8783,419.12,149.62,-14.6245,5.5295,,,0.22406,0
130.7200,44,8,0,8,379.67,43.22,dwell,429.22,41.37,49.59,0,178.912,7.806,179.840,-18.23,20.58,147.77,-17.65,-7.92,174.14,53.729,54.179,-12.7074,6.8324,429.22,41.37,-13.7618,6.1158,,,0.20813,0
130.8242,44,8,0,8,379.67,43.22,dwell,427.88,58.79,50.66,0,178.959,7.846,179.803,-18.27,20.65,147.72,-17.41,-7.88,174.39,53.618,54.149,-11.2492,6.7384,427.88,58.79,-12.6311,6.3960,,,0.20264,0
130.9428,44,8,0,8,379.67,43.22,dwell,395.61,-27.03,72.04,0,178.946,7.910,179.805,-18.36,20.73,147.76,-18.18,-8.44,174.33,53.608,53.903,-9.4908,5.7694,395.61,-27.03,-11.2180,6.1140,,,0.18411,0
131.0540,44,8,0,8,379.67,43.22,capture,415.67,-19.59,72.40,0,178.908,7.861,179.833,-18.51,20.58,147.66,-17.42,-7.68,173.61,53.715,53.471,-9.4840,6.5327,415.67,-19.59,-10.4377,6.3024,,,0.18744,0
131.1538,44,8,0,8,379.67,43.22,capture,420.20,-18.19,73.58,0,178.945,7.776,179.794,-18.51,20.67,147.87,-18.39,-8.69,174.14,53.447,53.764,-9.6722,7.1095,420.20,-18.19,-10.0932,6.6656,,,0.21557,0
131.2369,44,8,0,8,379.67,43.22,capture,439.94,-10.44,80.70,0,178.843,7.786,179.767,-18.57,20.93,147.86,-17.90,-8.00,173.50,54.169,53.798,-10.0354,7.6821,439.94,-10.44,-10.0672,7.1231,,,0.21374,0
131.3212,44,8,0,8,379.67,43.22,capture,449.20,-5.90,85.13,0,178.803,7.755,179.776,-18.53,21.01,148.30,-18.08,-7.92,175.41,54.146,54.167,-8.9839,8.0761,449.20,-5.90,-9.5797,7.5519,,,0.25305,0
131.4281,44,8,0,8,379.67,43.22,capture,437.21,-35.10,97.19,0,178.810,7.728,179.790,-18.52,20.90,148.19,-17.63,-8.01,174.63,53.992,54.153,-9.2916,7.2161,437.21,-35.10,-9.4501,7.4008,,,0.22011,0
131.5441,44,8,0,8,379.67,43.22,capture,414.80,-14.72,67.76,0,178.887,7.693,179.823,-18.61,20.84,148.14,-18.39,-8.01,174.22,54.079,53.891,-9.6001,5.9223,414.80,-14.72,-9.5176,6.7355,,,0.21997,0
131.6504,44,8,0,8,379.67,43.22,capture,403.34,-14.28,62.18,0,178.845,7.608,179.856,-18.66,20.86,147.95,-17.62,-7.22,174.52,54.274,54.082,-10.4202,6.3991,403.34,-14.28,-9.9238,6.5841,,,0.20491,0
131.7654,44,8,0,8,379.67,43.22,capture,409.83,-24.88,74.48,0,178.984,7.660,179.850,-18.54,20.75,148.02,-18.20,-8.13,174.47,54.213,53.980,-8.7627,6.6363,409.83,-24.88,-9.4013,6.6076,,,0.21917,0
131.8547,44,8,0,8,379.67,43.22,capture,426.55,-39.46,95.05,0,179.017,7.734,179.886,-18.46,20.66,148.19,-18.06,-8.42,174.95,53.992,53.683,-8.7383,7.2433,426.55,-39.46,-9.1029,6.8937,,,0.23254,0
131.9403,44,8,0,8,379.67,43.22,capture,425.71,-20.02,78.23,0,178.922,7.694,179.850,-18.40,20.71,148.38,-18.25,-7.78,174.97,53.923,53.598,-9.1841,7.3004,425.71,-20.02,-9.1395,7.0767,,,0.23269,0
132.0290,44,8,0,8,379.67,43.22,capture,412.97,-9.95,62.74,0,178.875,7.580,179.810,-18.22,20.53,148.23,-17.98,-8.66,174.87,54.552,54.007,-9.0667,6.6961,412.97,-9.95,-9.1067,6.9054,,,0.23256,0
132.1262,44,8,0,8,379.67,43.22,capture,426.18,-8.57,69.61,0,178.871,7.608,179.801,-18.07,20.64,148.23,-17.63,-8.05,174.59,54.479,54.095,-9.9544,7.0828,426.18,-8.57,-9.4882,6.9852,,,0.25218,0
132.2082,44,8,0,8,379.67,43.22,capture,415.27,-34.60,85.58,0,178.914,7.628,179.815,-18.05,20.54,148.06,-17.93,-8.10,174.33,54.438,54.316,-8.3034,7.0953,415.27,-34.60,-8.9550,7.0348,,,0.21585,0
132.3062,44,8,0,8,379.67,43.22,capture,402.48,-19.92,67.14,0,179.081,7.609,179.806,-18.13,20.46,148.20,-17.28,-8.32,173.99,54.200,54.055,-8.2052,5.4589,402.48,-19.92,-8.6176,6.3256,,,0.24130,0
132.3882,44,8,0,8,379.67,43.22,capture,412.04,3.58,51.18,0,179.037,7.544,179.797,-18.07,20.45,147.96,-18.13,-7.82,174.00,53.959,54.594,-10.2667,5.4798,412.04,3.58,-9.3597,5.9450,,,0.22303,0
132.4852,44,8,0,8,379.67,43.22,capture,429.13,-9.61,72.37,0,179.074,7.544,179.801,-18.12,20.59,147.97,-17.16,-7.67,173.73,53.925,54.506,-9.1301,6.8024,429.13,-9.61,-9.2564,6.3308,,,0.20673,0
132.5939,44,8,0,8,379.67,43.22,capture,417.92,-18.48,72.60,0,179.111,7.463,179.792,-18.21,20.49,147.77,-17.42,-7.93,174.03,54.219,54.945,-9.3979,6.0863,417.92,-18.48,-9.3201,6.2208,,,0.22931,0
132.6759,44,8,0,8,379.67,43.22,capture,412.13,-35.52,85.17,0,179.054,7.461,179.786,-18.14,20.36,147.40,-18.16,-8.04,173.60,54.423,55.235,-8.4693,5.6073,412.13,-35.52,-8.9372,5.9447,,,0.23870,0
132.7606,44,8,0,8,379.67,43.22,capture,382.19,-29.47,72.74,0,179.119,7.518,179.798,-18.13,20.57,147.29,-17.11,-8.39,173.75,54.269,54.897,-8.5673,5.0660,382.19,-29.47,-8.7708,5.5493,,,0.23841,0
132.8551,44,8,0,8,379.67,43.22,capture,438.08,-4.27,75.28,0,178.783,7.432,179.764,-18.14,20.62,147.46,-17.23,-7.96,173.92,54.368,54.824,-10.2092,7.7915,438.08,-4.27,-9.4180,6.5583,,,0.23822,0
132.9526,44,8,0,8,379.67,43.22,capture,429.16,-8.60,71.66,0,178.736,7.388,179.756,-18.31,20.82,147.32,-16.82,-7.67,173.57,54.032,54.605,-9.0439,7.1180,429.16,-8.60,-9.2497,6.8102,,,0.20767,0
133.1166,45,62,6,8,379.67,561.89,dwell,416.83,23.34,539.83,0,178.680,7.470,179.769,-18.28,21.01,147.68,-17.86,-7.11,173.46,53.928,54.756,-9.8737,6.3423,416.83,23.34,-9.8737,6.3423,,,0.20809,0
133.2069,45,62,6,8,379.67,561.89,dwell,363.19,78.79,483.38,0,178.813,7.532,179.771,-18.24,21.13,147.76,-17.54,-6.79,174.12,54.026,54.799,-13.0367,4.0325,363.19,78.79,-11.2970,5.3029,,,0.22663,0
133.3025,45,62,6,8,379.67,561.89,dwell,243.91,271.25,320.78,0,178.923,7.535,179.761,-18.22,21.03,147.95,-17.84,-8.01,174.60,53.927,54.421,-19.8592,-1.4238,243.91,271.25,-15.1500,2.2759,,,0.22426,0
133.4045,45,62,6,8,379.67,561.89,dwell,272.03,173.84,402.70,0,178.880,7.647,179.762,-18.16,20.88,147.78,-17.87,-7.24,174.26,54.131,54.397,-17.3013,-1.0178,272.03,173.84,-16.1181,0.7937,,,0.21669,0
133.5100,45,62,6,8,379.67,561.89,dwell,406.32,436.29,128.40,0,178.730,7.807,179.795,-18.09,20.95,147.77,-17.51,-7.83,174.01,54.030,54.330,-26.5634,6.4683,406.32,436.29,-20.8185,3.3473,,,0.21516,0
133.6165,45,62,6,8,379.67,561.89,dwell,438.75,509.03,79.28,0,178.713,7.908,179.805,-18.17,20.86,147.63,-17.96,-8.16,173.86,54.129,54.526,-29.3639,7.4368,438.75,509.03,-24.6639,5.1876,,,0.22214,0
133.7290,45,62,6,8,379.67,561.89,dwell,405.29,575.32,28.93,0,178.696,8.086,179.833,-18.11,20.87,147.52,-17.43,-7.62,173.53,54.039,54.350,-32.8664,5.4633,405.29,575.32,-28.3550,5.3117,,,0.23977,0
133.8479,45,62,6,8,379.67,561.89,dwell,299.68,482.49,112.70,0,178.768,8.147,179.845,-18.06,20.89,147.33,-17.18,-8.06,173.43,54.277,54.535,-28.5673,1.3213,299.68,482.49,-28.4506,3.5160,,,0.22376,0
133.9486,45,62,6,8,379.67,561.89,dwell,439.45,567.51,60.05,0,178.690,8.206,179.864,-18.08,21.05,147.40,-17.24,-7.76,173.59,53.984,54.118,-32.0823,6.7658,439.45,567.51,-30.0848,4.9784,,,0.23520,0
134.0564,45,62,6,8,379.67,561.89,dwell,382.54,659.67,97.82,0,178.775,8.357,179.828,-18.25,21.06,147.19,-18.00,-7.29,173.77,53.801,53.923,-35.9267,5.1529,382.54,659.67,-32.7137,5.0570,,,0.21488,0
134.1426,45,62,6,8,379.67,561.89,dwell,353.76,657.45,99.01,0,178.887,8.366,179.829,-18.39,20.91,147.46,-17.86,-7.62,174.03,53.642,54.213,-35.4894,2.9990,353.76,657.45,-33.9627,4.1309,,,0.19924,0
134.2292,45,62,6,8,379.67,561.89,capture,364.55,694.06,133.03,0,178.979,8.450,179.831,-18.55,20.89,147.48,-17.73,-7.31,173.76,53.949,53.940,-37.1512,3.6272,364.55,694.06,-35.3975,3.9042,,,0.24203,0
134.3344,45,62,6,8,379.67,561.89,capture,393.54,699.60,138.41,0,178.848,8.632,179.847,-18.64,20.73,147.56,-17.93,-7.81,173.99,53.786,54.179,-36.9680,5.2976,393.54,699.60,-36.1042,4.5312,,,0.23544,0
134.4238,45,62,6,8,379.67,561.89,capture,373.14,711.94,150.19,0,178.903,8.593,179.826,-18.61,20.84,147.62,-17.96,-7.77,174.02,53.619,54.366,-37.6922,4.7022,373.14,711.94,-36.8188,4.6081,,,0.20904,0
134.5255,45,62,6,8,379.67,561.89,capture,359.96,700.34,139.85,0,178.723,8.679,179.846,-18.62,20.89,147.40,-18.19,-7.43,173.60,53.469,54.553,-36.8057,4.2193,359.96,700.34,-36.8129,4.4331,,,0.22179,0
134.6195,45,62,6,8,379.67,561.89,capture,361.99,677.53,116.98,0,178.752,8.520,179.847,-18.71,20.75,147.49,-18.07,-7.97,173.69,53.780,54.528,-35.3740,3.9415,361.99,677.53,-36.1654,4.2119,,,0.20338,0
134.7015,45,62,6,8,379.67,561.89,capture,346.98,681.03,123.54,0,178.741,8.508,179.859,-18.66,20.81,147.31,-17.87,-7.22,173.73,53.567,55.130,-36.6494,2.9453,346.98,681.03,-36.3832,3.6420,,,0.21518,0
134.7974,45,62,6,8,379.67,561.89,capture,377.09,714.62,152.75,0,178.731,8.585,179.852,-18.77,20.75,147.23,-18.03,-8.49,173.83,53.715,55.135,-36.9315,4.4507,377.09,714.62,-36.6299,4.0059,,,0.22820,0
134.9024,45,62,6,8,379.67,561.89,capture,371.68,677.88,116.27,0,178.670,8.677,179.861,-18.71,20.83,147.36,-18.22,-8.07,173.87,53.556,54.845,-37.0581,4.4108,371.68,677.88,-36.8226,4.1881,,,0.21316,0
135.0118,45,62,6,8,379.67,561.89,capture,347.54,689.89,131.97,0,178.638,8.629,179.884,-18.73,20.83,147.33,-18.55,-7.64,173.17,53.540,54.700,-36.5609,3.0667,347.54,689.89,-36.7048,3.6834,,,0.21937,0
135.0979,45,62,6,8,379.67,561.89,capture,357.02,686.22,126.38,0,178.602,8.752,179.848,-18.71,20.80,147.09,-17.88,-7.73,172.96,53.677,54.798,-36.7907,4.0547,357.02,686.22,-36.7435,3.8505,,,0.19123,0
135.1951,45,62,6,8,379.67,561.89,capture,346.44,711.53,153.29,0,178.644,8.701,179.828,-18.65,20.98,146.89,-17.39,-7.91,173.12,54.142,54.484,-37.2047,3.4811,346.44,711.53,-36.9510,3.6843,,,0.22072,0
135.2899,45,62,6,8,379.67,561.89,capture,351.34,686.87,128.15,0,178.677,8.666,179.847,-18.69,21.23,146.94,-18.13,-8.13,172.77,53.899,54.586,-36.6912,3.1648,351.34,686.87,-36.8341,3.4505,,,0.22723,0
135.3971,45,62,6,8,379.67,561.89,capture,357.48,704.07,143.90,0,178.812,8.616,179.816,-18.60,21.21,146.89,-17.94,-6.96,173.67,53.593,54.578,-37.7977,3.1969,357.48,704.07,-37.2677,3.3364,,,0.20219,0
135.4884,45,62,6,8,379.67,561.89,capture,350.39,697.84,139.07,0,178.855,8.691,179.797,-18.56,21.08,147.02,-17.78,-7.16,172.65,53.452,54.347,-37.7787,3.8865,350.39,697.84,-37.4977,3.5839,,,0.20516,0
135.5949,45,62,6,8,379.67,561.89,capture,356.60,687.36,127.57,0,178.915,8.718,179.816,-18.60,21.08,147.18,-18.16,-6.94,173.64,53.726,54.419,-36.0611,3.0598,356.60,687.36,-36.8512,3.3481,,,0.21473,0
135.7088,45,62,6,8,379.67,561.89,capture,345.05,699.73,142.12,0,178.968,8.792,179.804,-18.55,21.02,147.19,-17.53,-7.67,173.69,53.510,54.590,-37.3554,3.3526,345.05,699.73,-37.0781,3.3501,,,0.20190,0
135.8200,45,62,6,8,379.67,561.89,capture,346.53,701.65,143.64,0,178.931,8.927,179.806,-18.56,21.04,147.30,-18.33,-6.47,173.82,53.840,54.184,-37.1860,3.6606,346.53,701.65,-37.1267,3.4898,,,0.21016,0
135.9202,45,62,6,8,379.67,561.89,capture,354.83,665.60,106.64,0,179.007,8.825,179.791,-18.53,20.97,147.14,-18.37,-7.80,173.56,53.574,54.111,-36.0759,4.0652,354.83,665.60,-36.6538,3.7487,,,0.18337,0
136.0164,45,62,6,8,379.67,561.89,capture,344.04,705.68,148.14,0,179.007,8.799,179.796,-18.50,20.71,146.86,-17.27,-8.72,172.82,53.628,54.112,-37.1367,3.4971,344.04,705.68,-36.8711,3.6355,,,0.21384,0
136.1786,46,21,2,3,156.33,216.11,dwell,309.21,456.30,284.71,0,178.935,8.698,179.812,-18.46,20.91,146.76,-17.82,-7.66,172.91,53.632,54.185,-27.0816,1.7241,309.21,456.30,-27.0816,1.7241,,,0.23322,0
136.2773,46,21,2,3,156.33,216.11,dwell,286.87,377.28,207.40,0,179.041,8.522,179.791,-18.52,20.93,146.63,-18.14,-7.97,172.63,54.013,53.691,-23.9105,0.4071,286.87,377.28,-25.6546,1.1315,,,0.22687,0
136.3827,46,21,2,3,156.33,216.11,dwell,306.90,485.78,308.86,0,178.963,8.499,179.801,-18.49,21.00,146.61,-17.66,-6.89,173.02,53.705,54.262,-28.4476,1.3529,306.90,485.78,-26.9114,1.2311,,,0.20603,0
136.4920,46,21,2,3,156.33,216.11,dwell,329.12,406.55,257.14,0,179.105,8.467,179.760,-18.54,20.98,146.82,-17.97,-7.09,172.72,53.656,54.161,-25.4354,2.7740,329.12,406.55,-26.2472,1.9254,,,0.20578,0
136.5887,46,21,2,3,156.33,216.11,dwell,222.40,386.87,183.09,0,179.187,8.300,179.764,-18.53,20.92,147.08,-18.11,-7.67,173.22,53.534,53.834,-25.2121,-2.4537,222.40,386.87,-25.7814,-0.0452,,,0.18961,0
136.6906,46,21,2,3,156.33,216.11,dwell,361.99,265.85,211.59,0,179.129,8.173,179.769,-18.62,20.62,147.04,-18.10,-8.52,172.78,53.466,54.157,-20.3783,3.9056,361.99,265.85,-23.3500,1.7326,,,0.19913,0
136.7933,46,21,2,3,156.33,216.11,dwell,270.38,228.32,114.70,0,179.078,8.128,179.758,-18.71,20.58,147.23,-18.19,-7.92,173.15,53.117,54.287,-18.8184,-0.5094,270.38,228.32,-21.3108,0.7237,,,0.21445,0
136.8879,46,21,2,3,156.33,216.11,dwell,281.48,55.19,203.86,0,179.142,8.148,179.800,-18.72,20.68,147.16,-18.15,-7.42,173.34,52.992,54.483,-12.8014,-0.1095,281.48,55.19,-17.4815,0.3488,,,0.21702,0
136.9947,46,21,2,3,156.33,216.11,dwell,226.81,67.22,164.73,0,179.233,8.174,179.804,-18.86,20.75,147.64,-18.10,-8.52,173.98,53.185,54.303,-11.7951,-2.1095,226.81,67.22,-14.9227,-0.7575,,,0.19539,0
137.1112,46,21,2,3,156.33,216.11,dwell,254.28,62.94,181.81,0,179.078,8.091,179.804,-18.93,20.92,147.68,-17.61,-8.25,174.05,53.022,53.956,-12.6045,-1.1033,254.28,62.94,-13.8795,-0.9131,,,0.16048,0
137.2056,46,21,2,3,156.33,216.11,capture,228.94,-31.42,257.96,0,178.995,8.120,179.786,-18.87,20.98,147.68,-18.07,-6.57,174.31,53.319,53.684,-8.5941,-1.9555,228.94,-31.42,-11.5011,-1.3822,,,0.19221,0
137.3047,46,21,2,3,156.33,216.11,capture,217.33,-23.46,247.21,0,179.144,8.070,179.797,-19.04,21.04,147.71,-19.33,-7.31,174.27,53.372,53.598,-9.2301,-2.7113,217.33,-23.46,-10.4791,-1.9803,,,0.21052,0
137.3981,46,21,2,3,156.33,216.11,capture,220.38,-21.83,246.41,0,179.140,8.166,179.800,-18.90,21.04,147.69,-18.76,-7.20,173.91,53.191,53.914,-9.6816,-2.0441,220.38,-21.83,-10.1202,-2.0090,,,0.19021,0
137.4917,46,21,2,3,156.33,216.11,capture,221.07,-10.78,235.95,0,179.088,8.181,179.819,-18.93,21.11,147.57,-19.02,-6.97,174.14,53.437,54.147,-9.0705,-2.3233,221.07,-10.78,-9.6479,-2.1504,,,0.17787,0
137.5931,46,21,2,3,156.33,216.11,capture,259.30,-31.34,268.02,0,179.051,8.111,179.841,-18.75,20.98,147.79,-18.58,-7.80,174.25,53.671,54.598,-8.1412,-0.8172,259.30,-31.34,-8.9699,-1.5505,,,0.21361,0
137.6914,46,21,2,3,156.33,216.11,capture,226.64,-20.17,246.52,0,178.971,8.052,179.853,-18.61,20.96,147.86,-18.07,-7.47,174.76,53.772,54.392,-9.0997,-2.5151,226.64,-20.17,-9.0283,-1.9846,,,0.19440,0
137.8060,46,21,2,3,156.33,216.11,capture,210.29,-32.12,254.03,0,178.959,8.186,179.858,-18.69,20.94,147.54,-18.44,-7.39,173.51,53.724,54.851,-8.8463,-2.9894,210.29,-32.12,-8.9464,-2.4367,,,0.22437,0
137.9018,46,21,2,3,156.33,216.11,capture,224.92,-28.34,253.89,0,178.785,8.077,179.835,-18.63,20.98,147.73,-18.24,-7.91,174.25,54.056,54.848,-8.2957,-2.1719,224.92,-28.34,-8.6536,-2.3176,,,0.22365,0
137.9934,46,21,2,3,156.33,216.11,capture,238.26,-1.82,232.82,0,178.825,8.114,179.849,-18.71,20.86,147.75,-18.79,-7.36,173.92,53.883,54.395,-10.0456,-1.6619,238.26,-1.82,-9.2800,-2.0225,,,0.22460,0
138.0789,46,21,2,3,156.33,216.11,capture,233.54,-1.01,230.44,0,178.806,8.133,179.858,-18.67,20.83,148.00,-18.57,-7.82,174.89,53.766,54.862,-9.5557,-2.2053,233.54,-1.01,-9.4040,-2.1048,,,0.20621,0
138.1675,46,21,2,3,156.33,216.11,capture,233.34,-50.29,277.31,0,178.800,8.118,179.857,-18.73,20.95,147.98,-18.34,-7.81,174.38,53.614,54.938,-7.9467,-2.4341,233.34,-50.29,-8.7482,-2.2530,,,0.20016,0
138.2772,46,21,2,3,156.33,216.11,capture,239.59,-19.19,249.60,0,178.795,8.070,179.843,-18.63,21.01,147.61,-18.04,-8.34,174.02,53.782,54.810,-7.9525,-1.8702,239.59,-19.19,-8.3901,-2.0807,,,0.23313,0
138.3812,46,21,2,3,156.33,216.11,capture,250.07,14.63,222.22,0,178.832,7.911,179.848,-18.61,21.03,147.50,-18.15,-8.14,174.19,53.788,54.424,-11.3009,-0.6406,250.07,14.63,-9.7000,-1.4327,,,0.21718,0
138.4915,46,21,2,3,156.33,216.11,capture,253.38,-4.88,241.36,0,178.791,7.838,179.861,-18.67,20.96,147.51,-18.37,-7.53,173.70,53.606,54.547,-9.4998,-1.4973,253.38,-4.88,-9.6099,-1.4617,,,0.19971,0
138.5846,46,21,2,3,156.33,216.11,capture,257.08,-14.94,252.06,0,178.755,7.751,179.886,-18.53,21.09,147.44,-18.03,-7.20,173.77,53.406,54.056,-9.3891,-0.8119,257.08,-14.94,-9.5105,-1.1693,,,0.20131,0
138.6959,46,21,2,3,156.33,216.11,capture,241.10,12.24,220.79,0,178.781,7.763,179.900,-18.45,20.98,147.26,-17.91,-7.97,173.16,53.582,54.506,-9.5758,-1.6888,241.10,12.24,-9.5399,-1.4031,,,0.19863,0
138.8008,46,21,2,3,156.33,216.11,capture,229.80,-9.41,237.19,0,178.829,7.813,179.877,-18.25,20.93,147.62,-17.84,-7.65,174.20,53.873,54.644,-8.4757,-2.6710,229.80,-9.41,-9.0610,-1.9737,,,0.22914,0
138.8861,46,21,2,3,156.33,216.11,capture,218.50,-0.86,225.70,0,178.735,7.792,179.858,-18.25,20.95,147.48,-17.86,-7.75,173.85,53.915,54.523,-9.7320,-2.6263,218.50,-0.86,-9.3629,-2.2674,,,0.23607,0
138.9778,46,21,2,3,156.33,216.11,capture,213.46,-19.33,242.27,0,178.746,7.884,179.856,-18.15,20.98,147.51,-17.92,-7.05,173.67,53.750,54.753,-8.4986,-3.4084,213.46,-19.33,-8.9740,-2.7808,,,0.25126,0
139.0937,46,21,2,3,156.33,216.11,capture,211.63,-33.07,255.24,0,178.784,7.878,179.829,-18.04,21.13,147.62,-17.14,-7.66,174.18,53.576,54.199,-8.1154,-3.7792,211.63,-33.07,-8.5876,-3.2301,,,0.22323,0
139.2742,47,66,7,3,156.33,648.33,dwell,269.26,-36.71,694.29,0,178.839,8.006,179.826,-18.22,21.13,147.51,-18.09,-7.96,174.04,53.966,54.282,-8.8083,-0.1739,269.26,-36.71,-8.8083,-0.1739,,,0.22607,0
139.3607,47,66,7,3,156.33,648.33,dwell,273.60,-30.32,688.71,0,178.908,8.127,179.844,-18.19,21.18,147.55,-17.77,-7.44,173.84,53.673,54.276,-8.3376,-0.3862,273.60,-30.32,-8.5965,-0.2694,,,0.20183,0
139.4694,47,66,7,3,156.33,648.33,dwell,243.39,110.92,544.42,0,179.000,8.132,179.844,-18.09,21.08,147.25,-17.47,-7.88,173.63,53.674,54.372,-13.4997,-1.0076,243.39,110.92,-10.8029,-0.6016,,,0.20818,0
139.5753,47,66,7,3,156.33,648.33,dwell,158.02,-22.40,670.74,0,179.014,7.949,179.845,-18.06,21.17,147.40,-17.43,-7.35,173.94,53.405,54.283,-8.9192,-5.7152,158.02,-22.40,-9.9552,-2.9027,,,0.19918,0
139.6762,47,66,7,3,156.33,648.33,dwell,176.94,127.38,521.36,0,179.070,8.061,179.844,-17.93,21.27,147.58,-17.85,-7.66,173.99,53.514,54.309,-15.1217,-4.9233,176.94,127.38,-12.2802,-3.8120,,,0.19173,0
139.7762,47,66,7,3,156.33,648.33,dwell,178.48,78.41,570.35,0,179.013,8.138,179.843,-17.97,21.13,147.50,-17.49,-7.24,173.66,53.811,54.640,-12.8087,-5.1261,178.48,78.41,-12.5180,-4.4033,,,0.20814,0
139.8910,47,66,7,3,156.33,648.33,dwell,181.00,133.41,515.51,0,178.987,8.187,179.848,-18.00,20.93,147.33,-17.75,-6.83,173.15,54.084,54.576,-14.8349,-3.8760,181.00,133.41,-13.5606,-4.1660,,,0.20517,0
139.9874,47,66,7,3,156.33,648.33,dwell,185.82,150.72,498.49,0,179.038,8.351,179.869,-17.99,20.87,147.60,-17.43,-8.13,174.46,54.021,54.071,-15.3791,-4.6181,185.82,150.72,-14.3789,-4.3694,,,0.24030,0
140.0840,47,66,7,3,156.33,648.33,capture,179.50,172.89,476.01,0,179.140,8.429,179.839,-18.03,20.84,147.81,-17.22,-7.78,174.06,53.716,53.824,-17.0559,-4.4146,179.50,172.89,-15.5835,-4.3898,,,0.22640,0
140.1663,47,66,7,3,156.33,648.33,capture,198.02,163.62,486.50,0,178.970,8.512,179.801,-18.17,20.98,147.77,-17.85,-8.23,174.01,53.356,53.709,-16.3964,-4.1673,198.02,163.62,-15.9493,-4.2896,,,0.19971,0
140.2534,47,66,7,3,156.33,648.33,capture,185.46,152.67,496.52,0,178.972,8.472,179.848,-18.13,20.75,147.40,-17.86,-8.34,173.41,53.541,54.063,-16.1231,-4.7233,185.46,152.67,-16.0275,-4.4848,,,0.18435,0
140.3528,47,66,7,3,156.33,648.33,capture,195.19,151.91,497.94,0,178.953,8.469,179.861,-18.12,21.01,147.45,-18.08,-6.86,173.93,53.347,54.247,-15.6379,-3.5692,195.19,151.91,-15.8522,-4.0728,,,0.17731,0
140.4499,47,66,7,3,156.33,648.33,capture,203.00,179.91,470.74,0,178.977,8.489,179.866,-18.12,21.19,147.59,-18.12,-7.32,174.03,53.266,54.276,-16.7067,-3.9224,203.00,179.91,-16.2367,-4.0051,,,0.20918,0
140.5557,47,66,7,3,156.33,648.33,capture,183.33,162.64,486.44,0,178.871,8.539,179.885,-18.08,21.23,147.49,-17.33,-7.33,173.74,53.300,54.304,-16.4023,-4.2337,183.33,162.64,-16.3112,-4.1080,,,0.20439,0
140.6450,47,66,7,3,156.33,648.33,capture,166.86,138.76,509.68,0,178.966,8.597,179.892,-18.10,21.23,147.49,-17.58,-7.10,173.56,53.948,54.539,-14.6619,-5.6537,166.86,138.76,-15.5691,-4.8036,,,0.23649,0
140.7272,47,66,7,3,156.33,648.33,capture,191.89,166.32,483.32,0,179.125,8.663,179.856,-18.10,21.17,147.55,-17.76,-7.28,173.87,54.096,54.605,-16.7301,-3.7223,191.89,166.32,-16.0915,-4.3170,,,0.21217,0
140.8183,47,66,7,3,156.33,648.33,capture,187.78,156.04,493.30,0,179.125,8.542,179.873,-18.23,21.08,147.56,-17.95,-6.91,174.31,54.072,53.790,-15.7692,-4.4368,187.78,156.04,-15.9465,-4.3709,,,0.22441,0
140.9003,47,66,7,3,156.33,648.33,capture,188.93,160.70,488.72,0,179.203,8.675,179.899,-18.19,21.20,147.47,-17.92,-7.68,173.58,53.971,53.595,-16.1656,-4.2967,188.93,160.70,-16.0451,-4.3375,,,0.22535,0
140.9928,47,66,7,3,156.33,648.33,capture,204.05,161.26,489.41,0,179.147,8.726,179.876,-18.12,21.03,147.72,-17.43,-7.51,174.12,53.616,53.478,-15.8458,-2.6118,204.05,161.26,-15.9554,-3.5609,,,0.20894,0
141.0769,47,66,7,3,156.33,648.33,capture,189.13,125.20,524.16,0,179.059,8.704,179.843,-18.15,20.94,147.75,-17.23,-8.27,173.91,53.812,53.598,-15.9821,-4.3651,189.13,125.20,-15.9674,-3.9228,,,0.20480,0
141.1983,47,66,7,3,156.33,648.33,capture,209.18,139.66,511.41,0,179.055,8.932,179.844,-18.34,21.08,147.61,-18.12,-8.36,173.62,53.921,53.513,-15.6423,-2.9244,209.18,139.66,-15.8211,-3.4735,,,0.23204,0
141.3000,47,66,7,3,156.33,648.33,capture,186.31,135.41,513.80,0,179.028,8.962,179.846,-18.37,21.00,147.57,-17.93,-7.24,174.04,53.904,53.728,-15.0577,-3.9404,186.31,135.41,-15.4776,-3.6836,,,0.21149,0
141.4014,47,66,7,3,156.33,648.33,capture,168.72,150.63,497.86,0,178.983,9.008,179.808,-18.36,20.99,147.89,-17.86,-7.95,174.15,53.763,53.232,-15.9398,-4.7604,168.72,150.63,-15.6856,-4.1682,,,0.22044,0
141.5024,47,66,7,3,156.33,648.33,capture,194.33,166.33,483.50,0,178.988,8.844,179.815,-18.32,20.97,148.06,-17.71,-7.64,174.65,53.845,53.434,-15.5523,-3.5371,194.33,166.33,-15.6256,-3.8842,,,0.19210,0
141.5894,47,66,7,3,156.33,648.33,capture,201.08,164.54,485.86,0,178.963,8.817,179.812,-18.27,20.89,148.21,-17.92,-7.53,174.90,54.091,53.785,-15.0566,-2.5889,201.08,164.54,-15.3696,-3.3013,,,0.23607,0
141.6864,47,66,7,3,156.33,648.33,capture,188.78,174.00,475.44,0,179.039,8.841,179.817,-18.36,20.72,148.18,-17.85,-8.49,174.93,54.315,53.947,-16.7622,-4.3171,188.78,174.00,-15.9962,-3.7584,,,0.23813,0
141.7822,47,66,7,3,156.33,648.33,capture,186.57,181.22,468.09,0,178.915,8.906,179.846,-18.43,20.79,148.02,-18.34,-7.89,174.81,53.931,54.056,-17.1097,-3.9889,186.57,181.22,-16.4973,-3.8621,,,0.21542,0
141.9766,48,48,5,3,156.33,475.44,dwell,152.59,323.53,151.96,0,178.886,8.660,179.811,-18.33,20.79,147.69,-17.87,-7.78,173.96,54.023,53.885,-21.9671,-5.9417,152.59,323.53,-21.9671,-5.9417,,,0.21116,0
142.0856,48,48,5,3,156.33,475.44,dwell,203.42,195.88,283.50,0,178.885,8.559,179.825,-18.34,20.91,147.71,-17.81,-7.14,173.99,53.624,54.213,-17.9517,-2.5431,203.42,195.88,-20.1602,-4.4123,,,0.18788,0
142.1965,48,48,5,3,156.33,475.44,dwell,230.44,306.89,184.13,0,178.925,8.526,179.824,-18.16,20.80,147.48,-18.14,-8.36,173.72,53.564,53.950,-21.1645,-2.3199,230.44,306.89,-20.6121,-3.4707,,,0.18373,0
142.3016,48,48,5,3,156.33,475.44,dwell,216.89,263.53,220.40,0,178.823,8.457,179.839,-18.26,20.74,147.41,-17.54,-7.95,173.88,53.700,54.247,-19.0023,-2.6860,216.89,263.53,-19.8877,-3.1176,,,0.21380,0
142.4083,48,48,5,3,156.33,475.44,dwell,193.14,146.09,331.40,0,178.913,8.333,179.827,-18.24,20.82,147.66,-17.89,-7.91,173.73,53.490,54.313,-14.9134,-3.5493,193.14,146.09,-17.6493,-3.3118,,,0.22384,0
142.5239,48,48,5,3,156.33,475.44,dwell,292.25,256.53,257.68,0,178.999,8.179,179.846,-18.31,21.02,147.66,-18.19,-7.83,174.04,53.569,54.343,-19.8759,0.3218,292.25,256.53,-18.6513,-1.6767,,,0.20499,0
142.6324,48,48,5,3,156.33,475.44,dwell,267.25,271.50,232.15,0,179.042,8.205,179.841,-18.38,20.88,147.45,-17.70,-8.03,173.59,53.576,54.124,-20.6355,-0.2940,267.25,271.50,-19.5442,-1.0545,,,0.18797,0
142.7363,48,48,5,3,156.33,475.44,dwell,285.24,291.73,224.43,0,179.006,8.205,179.841,-18.30,20.89,147.45,-17.68,-7.37,173.53,53.949,53.908,-20.7775,0.4870,285.24,291.73,-20.0992,-0.3608,,,0.23372,0
142.8476,48,48,5,3,156.33,475.44,dwell,303.55,319.36,214.56,0,179.057,8.142,179.852,-18.39,20.83,147.27,-17.86,-7.91,173.72,53.896,53.868,-20.8779,0.7881,303.55,319.36,-20.4496,0.1562,,,0.22488,0
142.9691,48,48,5,3,156.33,475.44,dwell,290.80,354.47,180.88,0,179.087,8.279,179.888,-18.24,21.02,147.42,-18.03,-7.56,173.42,53.624,54.039,-23.2545,0.7358,290.80,354.47,-21.7118,0.4170,,,0.23975,0
143.0651,48,48,5,3,156.33,475.44,capture,310.81,323.58,216.62,0,179.035,8.392,179.880,-18.19,21.13,147.50,-17.89,-6.19,173.91,53.312,54.104,-22.7692,1.8028,310.81,323.58,-22.1876,1.0406,,,0.18401,0
143.1768,48,48,5,3,156.33,475.44,capture,290.96,319.46,206.05,0,179.023,8.315,179.847,-18.16,20.79,147.49,-17.86,-7.27,173.67,53.024,53.861,-22.5958,0.4093,290.96,319.46,-22.3713,0.7565,,,0.20009,0
143.2657,48,48,5,3,156.33,475.44,capture,310.17,350.37,198.27,0,179.062,8.164,179.839,-18.25,20.72,147.57,-17.93,-7.60,174.07,53.143,54.070,-24.2777,0.9070,310.17,350.37,-23.2292,0.8243,,,0.19388,0
143.3579,48,48,5,3,156.33,475.44,capture,291.67,329.48,199.05,0,178.948,8.085,179.838,-18.21,20.70,147.89,-17.42,-8.01,174.72,53.582,54.380,-22.0856,1.0413,291.67,329.48,-22.7146,0.9219,,,0.19845,0
143.4633,48,48,5,3,156.33,475.44,capture,306.36,314.27,220.19,0,178.791,8.165,179.850,-18.32,20.67,147.51,-18.15,-8.02,173.61,53.568,54.047,-22.0595,1.9988,306.36,314.27,-22.4198,1.4065,,,0.20608,0
143.5795,48,48,5,3,156.33,475.44,capture,295.33,299.89,223.92,0,178.678,8.109,179.857,-18.30,20.70,147.65,-18.22,-7.12,174.23,53.111,53.866,-22.1709,0.9058,295.33,299.89,-22.3078,1.1812,,,0.20369,0
143.6769,48,48,5,3,156.33,475.44,capture,323.87,337.02,217.32,0,178.713,8.009,179.818,-18.37,20.64,147.74,-18.06,-7.22,173.84,53.192,53.831,-23.6293,2.2315,323.87,337.02,-22.9024,1.6538,,,0.21678,0
143.7824,48,48,5,3,156.33,475.44,capture,300.96,344.72,194.95,0,178.805,8.007,179.797,-18.38,20.79,147.56,-17.82,-7.82,174.31,53.589,54.213,-22.9796,1.0646,300.96,344.72,-22.9372,1.3887,,,0.18462,0
143.8753,48,48,5,3,156.33,475.44,capture,294.22,323.34,205.30,0,178.805,8.094,179.784,-18.48,20.79,147.51,-18.04,-6.80,173.81,53.579,54.113,-22.4882,0.8732,294.22,323.34,-22.7351,1.1567,,,0.20096,0
143.9761,48,48,5,3,156.33,475.44,capture,305.18,298.66,231.10,0,178.785,8.064,179.814,-18.47,20.51,147.13,-17.65,-8.12,172.69,53.797,53.856,-21.3006,1.3913,305.18,298.66,-22.0896,1.2623,,,0.18956,0
144.0843,48,48,5,3,156.33,475.44,capture,287.00,310.41,210.50,0,178.862,8.116,179.784,-18.42,20.46,147.43,-17.79,-7.95,174.00,53.485,53.964,-21.5096,0.8304,287.00,310.41,-21.8286,1.0680,,,0.20603,0
144.1994,48,48,5,3,156.33,475.44,capture,301.31,339.93,198.45,0,178.888,8.078,179.797,-18.34,20.52,147.45,-17.90,-7.58,173.70,53.489,53.973,-22.5416,1.2003,301.31,339.93,-22.1494,1.1275,,,0.19505,0
144.2876,48,48,5,3,156.33,475.44,capture,294.43,312.23,213.80,0,178.954,8.155,179.803,-18.33,20.62,147.53,-17.67,-8.56,174.16,53.611,54.339,-22.1712,1.3243,294.43,312.23,-22.1592,1.2161,,,0.21848,0
144.3696,48,48,5,3,156.33,475.44,capture,297.17,332.81,200.45,0,178.993,8.162,179.798,-18.40,20.63,147.57,-18.24,-7.58,173.37,53.885,53.921,-22.3121,1.0128,297.17,332.81,-22.2280,1.1246,,,0.21590,0
144.4732,48,48,5,3,156.33,475.44,capture,297.59,328.69,203.69,0,179.024,8.142,179.786,-18.40,20.80,147.69,-17.95,-7.29,174.04,53.817,54.243,-22.8691,0.8965,297.59,328.69,-22.5165,1.0220,,,0.20588,0
144.5822,48,48,5,3,156.33,475.44,capture,314.10,336.52,210.21,0,178.942,8.333,179.779,-18.40,20.88,147.82,-17.88,-7.10,173.63,54.234,54.184,-22.2960,1.4711,314.10,336.52,-22.4173,1.2241,,,0.23073,0
144.6868,48,48,5,3,156.33,475.44,capture,271.06,342.94,175.27,0,178.880,8.326,179.763,-18.52,20.84,147.60,-18.04,-7.72,173.89,53.577,54.520,-23.6298,-0.1283,271.06,342.94,-22.9629,0.6155,,,0.22130,0
144.7688,48,48,5,3,156.33,475.44,capture,307.88,327.97,211.46,0,178.836,8.353,179.782,-18.51,20.99,147.60,-18.56,-7.25,173.98,53.600,54.614,-21.8973,1.0964,307.88,327.97,-22.4834,0.8319,,,0.20752,0
144.8583,48,48,5,3,156.33,475.44,capture,296.49,319.04,210.01,0,178.764,8.414,179.767,-18.39,21.00,147.82,-18.15,-7.18,174.21,53.595,54.753,-22.1889,1.3626,296.49,319.04,-22.3509,1.0707,,,0.20204,0
145.0651,49,0,0,0,22.33,43.22,dwell,242.55,96.10,226.48,0,178.754,8.258,179.763,-18.38,20.97,147.57,-18.61,-7.42,173.74,54.327,54.491,-13.2728,-2.3273,242.55,96.10,-13.2728,-2.3273,,,0.24265,0
145.1757,49,0,0,0,22.33,43.22,dwell,202.28,589.48,575.13,0,178.734,8.176,179.757,-18.45,20.91,147.64,-17.49,-7.40,174.11,53.987,54.674,-33.1991,-3.1045,202.28,589.48,-22.2396,-2.6771,,,0.24840,0
145.2739,49,0,0,0,22.33,43.22,dwell,180.95,83.87,163.74,0,178.848,8.098,179.741,-18.46,21.08,147.66,-18.10,-7.50,174.56,53.819,54.253,-13.6060,-4.9899,180.95,83.87,-18.3545,-3.7179,,,0.19313,0
145.3704,49,0,0,0,22.33,43.22,dwell,137.67,257.20,243.08,0,178.931,7.872,179.725,-18.54,21.19,147.74,-17.90,-8.05,173.60,53.770,54.276,-19.6716,-6.5872,137.67,257.20,-18.9472,-5.0090,,,0.22312,0
145.4654,49,0,0,0,22.33,43.22,dwell,165.05,240.67,243.63,0,178.968,7.789,179.735,-18.53,21.23,147.91,-19.14,-7.01,174.04,53.824,54.795,-19.9698,-5.2987,165.05,240.67,-19.4074,-5.1394,,,0.23749,0
145.5602,49,0,0,0,22.33,43.22,dwell,67.10,203.52,166.43,0,178.888,7.747,179.754,-18.62,21.17,148.08,-18.07,-7.36,174.92,53.776,55.018,-17.9531,-9.9805,67.10,203.52,-18.7529,-7.3179,,,0.22915,0
145.6534,49,0,0,0,22.33,43.22,dwell,55.44,95.19,61.62,0,178.944,7.745,179.741,-18.67,21.24,147.94,-18.61,-7.17,174.84,53.490,55.141,-13.6328,-10.6972,55.44,95.19,-16.4489,-8.8386,,,0.20751,0
145.7406,49,0,0,0,22.33,43.22,dwell,2.58,143.18,101.89,0,178.924,7.813,179.746,-18.59,21.37,148.26,-18.42,-7.00,174.79,53.556,54.688,-15.9870,-12.4569,2.58,143.18,-16.2411,-10.4668,,,0.21393,0
145.8485,49,0,0,0,22.33,43.22,dwell,31.69,113.07,70.47,0,178.881,7.729,179.760,-18.55,21.42,148.12,-17.62,-7.13,174.81,53.443,54.649,-14.4999,-11.1284,31.69,113.07,-15.4576,-10.7646,,,0.21153,0
145.9335,49,0,0,0,22.33,43.22,capture,-38.24,139.97,114.15,0,179.010,7.728,179.737,-18.51,21.32,148.12,-17.82,-6.57,174.60,53.754,54.797,-15.9264,-14.6893,-38.24,139.97,-15.6685,-12.5307,,,0.22293,0
146.0333,49,0,0,0,22.33,43.22,capture,-3.92,108.04,69.93,0,178.918,7.656,179.745,-18.59,21.18,148.02,-17.87,-7.72,174.15,53.503,54.234,-13.0955,-12.2462,-3.92,108.04,-14.5107,-12.4026,,,0.23253,0
146.1474,49,0,0,0,22.33,43.22,capture,-10.80,102.81,68.18,0,178.893,7.561,179.770,-18.62,21.09,148.10,-16.79,-7.19,174.16,53.834,53.976,-13.8040,-13.0913,-10.80,102.81,-14.1927,-12.7125,,,0.19664,0
146.2521,49,0,0,0,22.33,43.22,capture,-9.71,100.83,65.92,0,179.078,7.488,179.791,-18.60,20.88,148.11,-17.87,-7.61,174.91,54.115,54.261,-14.2790,-13.0127,-9.71,100.83,-14.2315,-12.8476,,,0.21248,0
146.3557,49,0,0,0,22.33,43.22,capture,-25.99,118.82,89.72,0,178.951,7.556,179.814,-18.56,20.87,148.11,-17.84,-7.71,174.45,54.128,54.442,-14.7475,-13.8610,-25.99,118.82,-14.4637,-13.3036,,,0.22822,0
146.4686,49,0,0,0,22.33,43.22,capture,-29.99,113.31,87.46,0,178.898,7.498,179.844,-18.37,20.95,148.04,-18.01,-8.24,174.07,54.025,54.385,-14.2524,-14.4031,-29.99,113.31,-14.3686,-13.7984,,,0.23008,0
146.5693,49,0,0,0,22.33,43.22,capture,-18.20,133.08,98.58,0,178.900,7.490,179.832,-18.35,20.68,147.98,-17.87,-7.98,173.90,54.037,54.583,-15.1053,-13.6563,-18.20,133.08,-14.7001,-13.7345,,,0.22716,0
146.6555,49,0,0,0,22.33,43.22,capture,-23.33,128.91,97.10,0,178.949,7.446,179.850,-18.37,20.61,148.21,-17.71,-8.48,174.70,54.121,54.887,-15.4598,-13.6582,-23.33,128.91,-15.0420,-13.7001,,,0.22089,0
146.7631,49,0,0,0,22.33,43.22,capture,-10.75,96.85,63.01,0,178.977,7.462,179.848,-18.37,20.62,148.00,-18.34,-7.33,174.70,54.257,54.843,-13.5581,-12.5456,-10.75,96.85,-14.3742,-13.1806,,,0.22670,0
146.8496,49,0,0,0,22.33,43.22,capture,-37.25,115.54,93.70,0,179.056,7.531,179.832,-18.53,20.43,147.97,-17.65,-7.74,174.30,54.006,55.324,-12.7328,-14.8193,-37.25,115.54,-13.6356,-13.9180,,,0.22650,0
146.9382,49,0,0,0,22.33,43.22,capture,-34.62,87.83,72.34,0,179.037,7.443,179.791,-18.57,20.38,147.76,-17.90,-8.47,174.29,53.929,55.080,-12.9467,-14.7611,-34.62,87.83,-13.3256,-14.2974,,,0.24833,0
147.0408,49,0,0,0,22.33,43.22,capture,-19.68,98.31,69.28,0,178.975,7.528,179.799,-18.56,20.39,147.75,-17.80,-8.57,174.19,53.909,54.602,-13.9128,-14.2729,-19.68,98.31,-13.5898,-14.2864,,,0.22175,0
147.1422,49,0,0,0,22.33,43.22,capture,-4.66,136.51,97.11,0,178.999,7.677,179.788,-18.44,20.33,147.78,-17.67,-8.58,173.73,54.130,54.370,-15.1583,-13.6583,-4.66,136.51,-14.2956,-14.0038,,,0.21308,0
147.2262,49,0,0,0,22.33,43.22,capture,-3.14,96.97,59.48,0,179.111,7.810,179.807,-18.29,20.24,147.71,-17.72,-7.86,173.90,54.186,53.986,-13.6529,-13.2699,-3.14,96.97,-14.0064,-13.6735,,,0.23583,0
147.3276,49,0,0,0,22.33,43.22,capture,-15.10,120.55,85.91,0,179.143,7.859,179.806,-18.26,20.26,147.55,-17.80,-7.70,173.70,54.355,53.637,-14.1579,-13.7120,-15.10,120.55,-14.0746,-13.6908,,,0.23629,0
147.4371,49,0,0,0,22.33,43.22,capture,-18.92,115.71,83.40,0,179.148,7.831,179.795,-18.39,20.65,147.64,-18.01,-8.36,174.14,54.663,53.634,-14.3838,-13.2435,-18.92,115.71,-14.2137,-13.4895,,,0.24518,0
147.5474,49,0,0,0,22.33,43.22,capture,-17.70,108.16,76.29,0,179.197,7.833,179.803,-18.43,20.92,147.58,-17.83,-7.86,173.87,54.069,54.055,-14.6102,-13.8888,-17.70,108.16,-14.3921,-13.6692,,,0.18267,0
147.6504,49,0,0,0,22.33,43.22,capture,7.81,104.03,62.52,0,179.188,7.759,179.787,-18.50,20.98,147.66,-17.76,-7.44,174.24,54.209,53.813,-13.5424,-12.6410,7.81,104.03,-14.0098,-13.2065,,,0.20759,0
147.7691,49,0,0,0,22.33,43.22,capture,-34.15,141.95,113.74,0,179.206,7.664,179.800,-18.63,20.93,147.42,-18.30,-7.44,174.06,54.685,54.203,-16.6369,-13.9618,-34.15,141.95,-15.1920,-13.5464,,,0.22242,0
147.8680,49,0,0,0,22.33,43.22,capture,-11.66,105.80,71.21,0,179.132,7.620,179.785,-18.61,20.79,147.46,-18.37,-7.16,173.52,54.602,53.786,-13.6524,-13.1513,-11.66,105.80,-14.4992,-13.3686,,,0.21573,0
148.0756,50,45,5,0,22.33,475.44,dwell,-15.80,204.45,273.66,0,178.980,7.736,179.758,-18.63,20.67,147.51,-18.30,-7.54,173.73,54.370,53.864,-18.0848,-13.1814,-15.80,204.45,-18.0848,-13.1814,,,0.22250,0
148.1576,50,45,5,0,22.33,475.44,dwell,-23.61,247.60,232.43,0,178.854,7.973,179.772,-18.66,20.52,147.68,-17.93,-8.26,174.32,54.620,53.819,-18.9025,-13.9326,-23.61,247.60,-18.4527,-13.5194,,,0.22702,0
148.2854,50,45,5,0,22.33,475.44,dwell,-28.82,240.39,240.56,0,178.907,8.093,179.738,-18.59,20.59,147.69,-18.28,-7.74,173.84,54.130,53.619,-19.6598,-14.3896,-28.82,240.39,-18.9959,-13.9110,,,0.22435,0
148.3736,50,45,5,0,22.33,475.44,dwell,-38.73,311.74,174.72,0,178.882,8.083,179.749,-18.48,20.50,147.63,-17.76,-8.24,174.28,54.205,53.712,-21.5389,-14.9530,-38.73,311.74,-20.1403,-14.3799,,,0.23519,0
148.4578,50,45,5,0,22.33,475.44,dwell,-29.32,284.36,197.94,0,178.860,8.220,179.759,-18.54,20.58,147.37,-18.25,-8.53,173.42,53.923,53.727,-20.8040,-14.1761,-29.32,284.36,-20.4390,-14.2882,,,0.23318,0
148.5557,50,45,5,0,22.33,475.44,dwell,-30.97,293.62,189.48,0,178.894,8.164,179.744,-18.50,20.68,147.39,-18.46,-7.85,173.81,53.879,53.794,-21.0022,-14.1498,-30.97,293.62,-20.6924,-14.2259,,,0.21098,0
148.6623,50,45,5,0,22.33,475.44,dwell,-30.50,322.39,161.92,0,178.814,8.125,179.768,-18.45,20.69,147.45,-17.76,-7.25,173.69,53.891,53.722,-22.5450,-13.7703,-30.50,322.39,-21.5261,-14.0209,,,0.19670,0
148.7581,50,45,5,0,22.33,475.44,dwell,25.65,353.62,121.87,0,178.851,8.099,179.769,-18.54,20.62,147.20,-18.07,-7.39,173.39,54.145,53.674,-24.1138,-11.9820,25.65,353.62,-22.6906,-13.1034,,,0.25821,0
148.8458,50,45,5,0,22.33,475.44,dwell,-22.74,457.17,48.64,0,178.936,8.147,179.745,-18.62,20.54,147.07,-18.34,-7.47,173.58,54.077,53.690,-27.3024,-14.2370,-22.74,457.17,-24.7659,-13.6135,,,0.20403,0
148.9418,50,45,5,0,22.33,475.44,dwell,0.70,450.98,32.66,1,179.053,8.036,179.779,-18.62,20.54,147.07,-18.03,-7.43,173.30,54.340,53.768,-27.3199,-12.3472,0.70,450.98,-25.9152,-13.0436,,,0.23143,0
149.0455,50,45,5,0,22.33,475.44,capture,-0.48,455.44,30.34,0,179.084,8.037,179.790,-18.56,20.44,147.14,-17.45,-7.42,173.44,54.175,54.071,-27.2573,-12.5887,-0.48,455.44,-26.5192,-12.8389,,,0.24715,0
149.1390,50,45,5,0,22.33,475.44,capture,-25.07,426.87,67.87,0,179.040,8.132,179.764,-18.53,20.46,147.04,-18.18,-8.73,173.25,53.862,53.859,-26.7119,-14.2755,-25.07,426.87,-26.6059,-13.4854,,,0.23091,0
149.2590,50,45,5,0,22.33,475.44,capture,-39.15,411.31,88.84,0,179.082,8.137,179.807,-18.60,20.52,146.95,-18.31,-7.52,173.55,53.475,53.909,-25.4363,-14.4191,-39.15,411.31,-26.0796,-13.9056,,,0.20572,0
149.3491,50,45,5,0,22.33,475.44,capture,-12.21,448.30,43.93,0,179.054,8.362,179.804,-18.64,20.24,146.97,-17.94,-7.57,173.19,53.265,53.892,-26.7987,-12.9068,-12.21,448.30,-26.4032,-13.4561,,,0.18787,0
149.4453,50,45,5,0,22.33,475.44,capture,-26.61,446.02,57.11,0,178.937,8.505,179.796,-18.63,20.44,147.20,-18.36,-7.85,173.32,53.532,53.868,-26.2817,-13.7059,-26.61,446.02,-26.3485,-13.5685,,,0.20923,0
149.5484,50,45,5,0,22.33,475.44,capture,-16.98,434.07,57.07,0,178.766,8.416,179.826,-18.44,20.53,147.26,-17.75,-7.58,173.75,53.388,54.007,-26.8928,-13.3579,-16.98,434.07,-26.5934,-13.4737,,,0.23772,0
149.6304,50,45,5,0,22.33,475.44,capture,-23.74,464.97,47.25,0,178.671,8.334,179.788,-18.42,20.86,147.32,-17.29,-7.34,173.24,53.546,54.233,-28.1962,-13.8558,-23.74,464.97,-27.3147,-13.6457,,,0.23373,0
149.7204,50,45,5,0,22.33,475.44,capture,-47.38,417.25,90.81,0,178.728,8.227,179.801,-18.31,20.91,147.21,-17.62,-7.26,174.53,53.513,54.157,-26.2107,-15.1034,-47.38,417.25,-26.8179,-14.3016,,,0.18941,0
149.8478,50,45,5,0,22.33,475.44,capture,-14.44,479.44,36.99,0,178.752,8.364,179.835,-18.39,20.84,147.36,-17.97,-7.88,173.56,53.346,54.249,-28.8349,-13.6808,-14.44,479.44,-27.7255,-14.0223,,,0.21595,0
149.9323,50,45,5,0,22.33,475.44,capture,-29.82,448.50,58.70,0,178.884,8.277,179.849,-18.40,20.93,147.42,-18.55,-7.53,173.95,53.629,53.792,-26.9644,-13.9391,-29.82,448.50,-27.3830,-13.9848,,,0.19731,0
150.0301,50,45,5,0,22.33,475.44,capture,-19.82,460.59,44.69,0,178.946,8.286,179.869,-18.40,20.91,147.58,-18.16,-8.50,173.65,53.473,54.086,-28.1455,-13.9325,-19.82,460.59,-27.7261,-13.9613,,,0.19867,0
150.1570,50,45,5,0,22.33,475.44,capture,-6.86,474.48,29.21,0,178.932,8.260,179.838,-18.52,20.82,147.64,-18.94,-8.03,174.23,53.449,54.216,-27.8929,-13.5380,-6.86,474.48,-27.8012,-13.7708,,,0.21888,0
150.2478,50,45,5,0,22.33,475.44,capture,-11.11,446.99,43.91,0,178.945,8.197,179.830,-18.55,20.88,147.64,-18.04,-7.55,174.39,53.388,54.126,-26.9773,-13.4441,-11.11,446.99,-27.4304,-13.6238,,,0.22952,0
150.3421,50,45,5,0,22.33,475.44,capture,1.32,467.43,22.49,1,178.994,8.192,179.857,-18.60,20.87,147.71,-18.32,-7.92,173.82,53.641,54.354,-28.5037,-12.9636,1.32,467.43,-27.9134,-13.3267,,,0.20199,0
150.4499,50,45,5,0,22.33,475.44,capture,-15.84,475.96,38.18,0,178.950,8.108,179.863,-18.45,20.67,147.57,-18.17,-8.53,174.07,53.793,54.572,-28.4246,-13.5199,-15.84,475.96,-28.1435,-13.4136,,,0.20219,0
150.5582,50,45,5,0,22.33,475.44,capture,-19.53,470.25,42.18,0,178.892,8.212,179.859,-18.38,20.74,147.42,-18.17,-7.58,173.70,53.839,54.725,-27.9700,-13.5890,-19.53,470.25,-28.0654,-13.4925,,,0.23110,0
150.6481,50,45,5,0,22.33,475.44,capture,-25.11,439.60,59.46,0,178.837,8.374,179.845,-18.45,20.59,147.71,-17.86,-8.07,174.01,53.687,54.273,-26.9590,-13.5120,-25.11,439.60,-27.5675,-13.5013,,,0.22272,0
150.7577,50,45,5,0,22.33,475.44,capture,-6.93,466.87,30.49,0,178.853,8.189,179.843,-18.48,20.55,147.74,-17.99,-7.89,174.42,53.589,54.469,-27.7534,-12.9870,-6.93,466.87,-27.6512,-13.2699,,,0.21061,0
150.8617,50,45,5,0,22.33,475.44,capture,-2.24,472.30,24.77,0,178.894,8.080,179.860,-18.53,20.54,147.58,-18.28,-7.32,174.00,53.766,54.687,-28.0313,-13.2510,-2.24,472.30,-27.8222,-13.2614,,,0.22001,0
151.0325,51,57,6,3,156.33,561.89,dwell,60.55,521.25,104.05,0,178.791,8.043,179.864,-18.63,20.44,147.53,-18.20,-7.75,173.94,53.619,54.452,-30.9206,-10.9345,60.55,521.25,-30.9206,-10.9345,,,0.21360,0
151.1300,51,57,6,3,156.33,561.89,dwell,59.07,500.72,114.90,0,178.624,8.053,179.859,-18.71,20.46,147.74,-18.61,-7.96,173.60,53.562,54.617,-30.5588,-9.5861,59.07,500.72,-30.7578,-10.3277,,,0.18537,0
151.2181,51,57,6,3,156.33,561.89,dwell,102.23,331.46,236.70,0,178.721,8.205,179.865,-18.61,20.53,147.81,-17.56,-7.65,174.19,53.465,54.585,-22.7851,-7.7552,102.23,331.46,-27.1701,-9.1701,,,0.18517,0
151.3130,51,57,6,3,156.33,561.89,dwell,28.89,482.77,150.01,0,178.855,8.081,179.876,-18.70,20.36,147.94,-18.66,-8.39,174.63,53.496,54.030,-29.2461,-11.8948,28.89,482.77,-28.1043,-10.3962,,,0.20286,0
151.4255,51,57,6,3,156.33,561.89,dwell,73.67,561.70,82.66,0,178.854,8.077,179.844,-18.67,20.37,148.14,-17.96,-8.05,174.39,53.983,54.689,-31.3427,-9.3374,73.67,561.70,-29.5616,-9.9197,,,0.22035,0
151.5282,51,57,6,3,156.33,561.89,dwell,173.12,482.81,80.84,0,178.854,8.087,179.830,-18.64,20.48,148.10,-18.02,-7.77,174.08,53.825,54.617,-28.6754,-5.5762,173.12,482.81,-29.1628,-7.9652,,,0.21562,0
151.6446,51,57,6,3,156.33,561.89,dwell,154.55,561.92,1.78,1,178.981,8.251,179.799,-18.63,20.53,148.14,-18.17,-7.89,174.90,53.741,54.724,-32.1278,-5.2123,154.55,561.92,-30.4971,-6.7264,,,0.22549,0
151.7398,51,57,6,3,156.33,561.89,dwell,281.60,472.32,153.99,0,179.012,8.304,179.795,-18.51,20.39,148.03,-17.95,-8.51,174.72,53.541,55.183,-27.3082,0.3962,281.60,472.32,-29.0621,-3.5212,,,0.22046,0
151.8446,51,57,6,3,156.33,561.89,dwell,246.05,522.17,98.12,0,178.940,8.271,179.828,-18.37,20.29,147.98,-18.59,-8.83,174.96,53.607,54.993,-29.4953,-2.0178,246.05,522.17,-29.2570,-2.8447,,,0.22352,0
151.9462,51,57,6,3,156.33,561.89,dwell,268.76,483.59,137.01,0,178.952,8.211,179.844,-18.36,20.27,147.87,-18.01,-9.18,174.48,53.277,54.623,-28.4736,-0.6165,268.76,483.59,-28.9045,-1.8420,,,0.22211,0
152.0587,51,57,6,3,156.33,561.89,dwell,301.57,494.32,160.19,0,179.008,8.191,179.862,-18.36,20.39,147.92,-17.81,-8.96,174.32,53.519,54.277,-29.3999,1.2841,301.57,494.32,-29.1274,-0.4352,,,0.17101,0
152.1553,51,57,6,3,156.33,561.89,capture,284.46,520.43,134.67,0,179.097,8.179,179.857,-18.47,20.31,147.79,-18.10,-8.00,174.46,53.452,54.346,-30.4484,0.5055,284.46,520.43,-29.7219,-0.0119,,,0.22439,0
152.2663,51,57,6,3,156.33,561.89,capture,298.26,532.13,145.01,0,179.064,8.258,179.858,-18.52,20.30,147.54,-18.20,-8.01,173.28,53.655,54.618,-30.3495,0.4907,298.26,532.13,-30.0043,0.2143,,,0.22064,0
152.3483,51,57,6,3,156.33,561.89,capture,322.71,524.33,170.56,0,178.940,8.356,179.850,-18.56,20.41,147.64,-18.42,-7.38,174.05,53.952,54.915,-28.7820,2.3106,322.71,524.33,-29.4543,1.1576,,,0.20925,0
152.4443,51,57,6,3,156.33,561.89,capture,328.29,507.53,180.34,0,178.937,8.364,179.856,-18.63,20.33,147.35,-18.23,-8.56,173.49,53.642,54.768,-30.1748,2.4433,328.29,507.53,-29.7785,1.7362,,,0.20827,0
152.5661,51,57,6,3,156.33,561.89,capture,299.48,530.36,146.58,0,179.075,8.347,179.841,-18.69,20.43,147.39,-17.55,-7.99,173.29,53.746,55.007,-31.0286,0.8974,299.48,530.36,-30.3411,1.3588,,,0.22675,0
152.6481,51,57,6,3,156.33,561.89,capture,313.27,517.34,163.14,0,178.948,8.278,179.809,-18.64,20.41,147.68,-18.20,-8.10,174.00,53.646,54.617,-29.3115,2.3116,313.27,517.34,-29.8778,1.7876,,,0.21622,0
152.7437,51,57,6,3,156.33,561.89,capture,300.28,522.88,149.14,0,179.004,8.174,179.768,-18.66,20.46,147.55,-17.73,-7.83,174.05,53.641,54.939,-29.9159,0.6781,300.28,522.88,-29.8949,1.2883,,,0.21115,0
152.8425,51,57,6,3,156.33,561.89,capture,301.91,506.80,155.65,0,179.078,8.171,179.763,-18.65,20.47,147.79,-18.25,-8.39,174.13,53.800,55.198,-28.6949,1.6728,301.91,506.80,-29.3549,1.4613,,,0.22717,0
152.9473,51,57,6,3,156.33,561.89,capture,319.09,526.65,166.53,0,179.197,8.108,179.799,-18.64,20.51,147.97,-18.31,-8.06,174.18,53.791,54.859,-30.3360,2.1598,319.09,526.65,-29.7964,1.7756,,,0.21551,0
153.0441,51,57,6,3,156.33,561.89,capture,317.37,506.23,170.38,0,179.190,8.209,179.808,-18.74,20.58,147.89,-18.30,-8.51,174.64,53.812,54.791,-28.9951,2.1853,317.37,506.23,-29.4358,1.9600,,,0.19816,0
153.1554,51,57,6,3,156.33,561.89,capture,311.04,539.32,156.34,0,179.122,8.328,179.809,-18.68,20.72,147.86,-18.17,-8.17,174.01,53.842,54.610,-30.8718,1.0053,311.04,539.32,-30.0820,1.5304,,,0.21524,0
153.2668,51,57,6,3,156.33,561.89,capture,276.20,501.20,134.35,0,179.251,8.508,179.770,-18.63,20.81,147.72,-18.15,-7.38,174.45,54.090,54.181,-30.0787,0.1852,276.20,501.20,-30.0805,0.9250,,,0.23202,0
153.3580,51,57,6,3,156.33,561.89,capture,306.38,498.82,162.76,0,179.167,8.395,179.778,-18.68,20.88,147.65,-18.42,-7.97,174.00,53.914,54.091,-30.0097,1.4741,306.38,498.82,-30.0486,1.1721,,,0.20854,0
153.4472,51,57,6,3,156.33,561.89,capture,302.18,510.27,154.71,0,179.185,8.198,179.774,-18.75,21.00,147.71,-18.43,-7.65,173.86,53.917,54.276,-29.8630,1.4639,302.18,510.27,-29.9651,1.3034,,,0.23425,0
153.5444,51,57,6,3,156.33,561.89,capture,295.84,525.87,144.08,0,179.156,8.233,179.806,-18.74,20.82,147.76,-18.55,-7.58,174.37,54.173,53.932,-29.5273,0.4384,295.84,525.87,-29.7681,0.9142,,,0.23672,0
153.6517,51,57,6,3,156.33,561.89,capture,325.92,500.28,180.43,0,179.068,8.315,179.812,-18.70,20.76,147.69,-17.86,-8.30,174.24,53.968,53.746,-29.6507,1.4253,325.92,500.28,-29.7152,1.1442,,,0.21376,0
153.7422,51,57,6,3,156.33,561.89,capture,301.64,490.14,162.06,0,178.911,8.298,179.794,-18.69,20.67,148.04,-17.92,-8.38,174.41,53.679,53.723,-28.9438,1.1518,301.64,490.14,-29.3681,1.1476,,,0.21476,0
153.8472,51,57,6,3,156.33,561.89,capture,341.17,499.29,195.15,0,178.835,8.324,179.782,-18.58,20.60,148.20,-18.05,-7.31,174.66,53.522,53.406,-29.3434,3.3520,341.17,499.29,-29.3570,2.1396,,,0.21471,0
153.9433,51,57,6,3,156.33,561.89,capture,313.66,509.24,165.90,0,178.866,8.303,179.774,-18.46,20.90,148.05,-18.01,-7.83,174.83,53.581,53.797,-28.7112,2.0866,313.66,509.24,-29.0664,2.1157,,,0.20775,0
154.0551,51,57,6,3,156.33,561.89,capture,305.02,511.48,157.00,0,178.898,8.271,179.752,-18.40,21.01,147.95,-17.75,-7.42,174.28,53.481,53.755,-29.6143,1.7967,305.02,511.48,-29.3129,1.9722,,,0.18893,0
154.2618,52,68,7,5,245.67,648.33,dwell,401.95,246.43,431.22,0,178.796,8.377,179.792,-18.42,20.96,147.83,-17.97,-8.11,174.09,53.477,53.888,-19.5062,5.8060,401.95,246.43,-19.5062,5.8060,,,0.20691,0
154.3613,52,68,7,5,245.67,648.33,dwell,283.02,417.90,233.44,0,178.846,8.329,179.771,-18.40,21.12,148.10,-18.65,-8.21,174.64,53.384,54.234,-26.2821,0.6328,283.02,417.90,-22.5553,3.4781,,,0.21063,0
154.4720,52,68,7,5,245.67,648.33,dwell,333.56,522.75,153.29,0,178.827,8.370,179.772,-18.53,21.18,148.11,-17.96,-6.05,174.52,53.122,54.090,-30.3178,2.6487,333.56,522.75,-26.0485,3.1048,,,0.19787,0
154.5588,52,68,7,5,245.67,648.33,dwell,230.45,416.86,231.97,0,178.808,8.510,179.764,-18.55,21.21,147.96,-17.76,-7.44,174.75,53.150,54.177,-25.3540,-1.7587,230.45,416.86,-25.7359,0.9163,,,0.20421,0
154.6623,52,68,7,5,245.67,648.33,dwell,312.10,427.29,230.81,0,178.900,8.773,179.754,-18.53,20.99,147.89,-18.11,-7.98,174.00,53.298,54.358,-26.2410,2.2435,312.10,427.29,-25.9632,1.5135,,,0.20826,0
154.7457,52,68,7,5,245.67,648.33,dwell,425.80,438.26,276.73,0,178.955,8.812,179.779,-18.57,20.99,147.91,-18.28,-7.44,174.55,53.294,54.083,-26.3994,6.5744,425.80,438.26,-26.1595,3.7909,,,0.19705,0
154.8557,52,68,7,5,245.67,648.33,dwell,370.73,452.46,232.39,0,179.098,8.772,179.784,-18.66,20.96,147.69,-18.21,-6.72,173.85,53.495,54.230,-27.5490,3.8756,370.73,452.46,-26.7848,3.8290,,,0.19673,0
154.9597,52,68,7,5,245.67,648.33,dwell,371.38,391.51,285.94,0,179.001,8.818,179.814,-18.74,21.00,148.05,-18.33,-8.32,174.49,53.082,54.489,-25.4591,4.0501,371.38,391.51,-26.1882,3.9285,,,0.20710,0
155.0814,52,68,7,5,245.67,648.33,dwell,388.29,349.63,331.01,0,179.023,8.922,179.868,-18.66,20.96,147.80,-18.27,-7.56,174.03,53.421,54.406,-24.7840,4.9415,388.29,349.63,-25.5563,4.3844,,,0.21940,0
155.1958,52,68,7,5,245.67,648.33,dwell,421.21,349.62,346.48,0,179.094,8.949,179.827,-18.60,20.99,147.67,-18.54,-8.08,173.93,53.420,54.314,-23.8009,6.8213,421.21,349.62,-24.7664,5.4810,,,0.20852,0
155.3118,52,68,7,5,245.67,648.33,capture,398.04,359.49,326.57,0,179.162,8.836,179.785,-18.61,20.92,147.66,-18.37,-7.81,174.67,53.535,54.674,-24.7549,5.4099,398.04,359.49,-24.7612,5.4490,,,0.20748,0
155.4162,52,68,7,5,245.67,648.33,capture,417.91,331.82,360.34,0,179.228,8.862,179.824,-18.60,20.96,147.74,-18.29,-7.50,174.51,53.523,54.342,-22.4568,6.4291,417.91,331.82,-23.7243,5.8900,,,0.20663,0
155.5288,52,68,7,5,245.67,648.33,capture,420.99,343.71,351.47,0,179.259,8.879,179.829,-18.35,21.01,147.56,-17.37,-7.17,173.75,53.727,54.359,-22.3455,6.6341,420.99,343.71,-23.1038,6.2249,,,0.21742,0
155.6193,52,68,7,5,245.67,648.33,capture,426.16,329.43,366.44,0,179.105,8.949,179.783,-18.38,20.89,147.67,-18.29,-7.60,173.32,53.971,54.398,-22.7786,6.1150,426.16,329.43,-22.9575,6.1754,,,0.21227,0
155.7250,52,68,7,5,245.67,648.33,capture,418.39,352.54,342.53,0,179.161,8.818,179.796,-18.37,20.73,147.58,-17.47,-8.39,173.56,53.831,54.370,-23.5731,6.4546,418.39,352.54,-23.2345,6.3010,,,0.23141,0
155.8477,52,68,7,5,245.67,648.33,capture,393.66,348.93,333.98,0,179.139,8.826,179.816,-18.45,20.72,147.84,-18.10,-8.27,174.20,53.503,54.637,-24.0144,5.4496,393.66,348.93,-23.5854,5.9179,,,0.21444,0
155.9548,52,68,7,5,245.67,648.33,capture,392.93,312.52,366.68,0,179.202,8.769,179.781,-18.43,20.84,147.94,-17.82,-7.14,174.34,53.417,54.330,-21.5998,4.9007,392.93,312.52,-22.6919,5.4602,,,0.24737,0
156.0464,52,68,7,5,245.67,648.33,capture,433.54,350.24,352.36,0,179.235,8.791,179.767,-18.45,20.59,148.12,-18.02,-7.95,174.95,53.501,54.289,-22.9733,7.5170,433.54,350.24,-22.8186,6.3857,,,0.20411,0
156.1475,52,68,7,5,245.67,648.33,capture,426.00,361.39,338.90,0,179.134,8.739,179.780,-18.60,20.62,147.88,-18.16,-7.57,174.31,53.541,53.915,-23.9817,7.3230,426.00,361.39,-23.3420,6.8075,,,0.18609,0
156.2445,52,68,7,5,245.67,648.33,capture,416.85,363.08,332.68,0,179.234,8.755,179.809,-18.63,20.61,147.84,-17.92,-8.20,174.00,54.229,53.621,-24.3828,6.0510,416.85,363.08,-23.8103,6.4671,,,0.24421,0
156.3356,52,68,7,5,245.67,648.33,capture,433.58,343.60,358.01,0,179.252,8.924,179.817,-18.58,20.69,147.66,-18.50,-9.15,173.95,53.618,53.574,-23.6608,6.9512,433.58,343.60,-23.7430,6.6849,,,0.25968,0
156.4346,52,68,7,5,245.67,648.33,capture,406.93,362.06,328.57,0,179.311,8.909,179.823,-18.48,20.69,147.64,-17.66,-8.11,173.38,53.705,53.688,-24.5845,5.3145,406.93,362.06,-24.1217,6.0682,,,0.20255,0
156.5398,52,68,7,5,245.67,648.33,capture,399.09,349.40,336.01,0,179.238,8.965,179.814,-18.57,20.66,147.60,-17.40,-7.99,173.49,53.809,54.010,-23.2622,5.0350,399.09,349.40,-23.7349,5.6033,,,0.21853,0
156.6218,52,68,7,5,245.67,648.33,capture,407.65,332.56,354.90,0,179.329,8.926,179.767,-18.55,20.57,147.60,-18.13,-8.04,173.82,54.368,53.985,-22.3250,6.3812,407.65,332.56,-23.1004,5.9533,,,0.22539,0
156.7404,52,68,7,5,245.67,648.33,capture,419.19,343.69,350.60,0,179.186,9.034,179.771,-18.64,20.67,147.85,-18.55,-8.51,173.66,54.234,53.891,-23.1182,6.5505,419.19,343.69,-23.1084,6.2220,,,0.22445,0
156.8407,52,68,7,5,245.67,648.33,capture,430.00,313.26,382.43,0,179.154,9.076,179.777,-18.66,20.62,147.94,-18.85,-8.23,174.74,53.883,53.794,-21.1846,7.8748,430.00,313.26,-22.2427,6.9658,,,0.22315,0
156.9402,52,68,7,5,245.67,648.33,capture,420.24,305.38,384.83,0,178.959,9.060,179.775,-18.81,20.49,147.91,-18.80,-7.57,174.16,54.115,54.180,-21.1899,6.9710,420.24,305.38,-21.7689,6.9681,,,0.20991,0
157.0400,52,68,7,5,245.67,648.33,capture,413.48,338.69,352.19,0,178.924,8.987,179.747,-18.96,20.59,147.93,-18.68,-7.48,174.31,54.161,54.392,-23.1381,6.5312,413.48,338.69,-22.3851,6.7715,,,0.24068,0
157.1466,52,68,7,5,245.67,648.33,capture,390.93,345.01,336.31,0,178.831,8.905,179.775,-18.86,20.62,147.81,-17.99,-7.75,174.29,54.081,54.202,-23.3591,4.9393,390.93,345.01,-22.8234,5.9470,,,0.20732,0
157.2286,52,68,7,5,245.67,648.33,capture,418.03,368.19,328.92,0,178.768,8.814,179.784,-18.82,20.58,147.86,-17.78,-6.61,174.06,53.818,54.093,-24.1922,6.7539,418.03,368.19,-23.4393,6.3101,,,0.18235,0
157.4475,53,77,8,5,245.67,734.78,dwell,339.03,402.36,345.28,0,178.701,8.892,179.764,-18.80,20.53,147.73,-18.77,-7.54,174.22,54.037,54.130,-24.9415,3.2538,339.03,402.36,-24.9415,3.2538,,,0.24009,0
157.5399,53,77,8,5,245.67,734.78,dwell,396.55,320.32,441.07,0,178.692,9.080,179.775,-18.67,20.57,147.67,-17.97,-7.41,173.86,53.880,53.979,-21.3391,4.9368,396.55,320.32,-23.3204,4.0112,,,0.20121,0
157.6237,53,77,8,5,245.67,734.78,dwell,386.27,466.42,302.96,0,178.746,8.995,179.785,-18.68,20.45,147.77,-17.97,-8.02,174.29,53.667,53.922,-27.7594,4.7242,386.27,466.42,-25.3180,4.3320,,,0.20161,0
157.7230,53,77,8,5,245.67,734.78,dwell,369.39,495.17,269.67,0,178.688,8.879,179.762,-18.62,20.68,148.00,-18.54,-7.93,175.00,53.691,53.915,-29.3055,4.0344,369.39,495.17,-27.1124,4.1981,,,0.19471,0
157.8169,53,77,8,5,245.67,734.78,dwell,389.78,523.89,255.43,0,178.662,8.834,179.746,-18.62,20.63,147.98,-18.15,-9.15,174.27,53.595,54.058,-30.7175,5.1123,389.78,523.89,-28.7347,4.6095,,,0.18853,0
157.9107,53,77,8,5,245.67,734.78,dwell,366.43,594.55,185.06,0,178.737,8.912,179.749,-18.57,20.68,148.08,-18.31,-8.34,174.98,53.526,53.760,-33.2360,4.5949,366.43,594.55,-30.7603,4.6029,,,0.20168,0
158.0086,53,77,8,5,245.67,734.78,dwell,327.71,573.87,180.62,0,178.714,8.905,179.733,-18.48,20.73,147.81,-17.85,-7.49,174.06,53.465,54.070,-31.6290,2.3321,327.71,573.87,-31.1512,3.5810,,,0.19690,0
158.0961,53,77,8,5,245.67,734.78,dwell,304.23,617.76,130.85,0,178.710,8.903,179.744,-18.36,20.76,147.93,-18.45,-7.66,174.04,53.479,53.859,-33.7802,1.4809,304.23,617.76,-32.3342,2.6360,,,0.17994,0
158.1857,53,77,8,5,245.67,734.78,capture,312.98,648.14,109.71,0,178.842,8.838,179.773,-18.35,20.53,147.91,-17.71,-8.23,174.26,53.411,54.331,-34.3943,1.9443,312.98,648.14,-33.2613,2.3247,,,0.21038,0
158.2744,53,77,8,5,245.67,734.78,capture,279.36,615.39,124.05,0,178.740,8.947,179.792,-18.24,20.50,147.80,-18.07,-8.31,174.73,53.509,54.141,-33.5837,0.5019,279.36,615.39,-33.4064,1.5044,,,0.17261,0
158.3685,53,77,8,5,245.67,734.78,capture,296.88,631.32,115.44,0,178.670,8.912,179.805,-18.14,20.56,147.76,-17.68,-8.20,173.92,53.563,54.171,-35.1399,1.4202,296.88,631.32,-34.1865,1.4665,,,0.22889,0
158.4895,53,77,8,5,245.67,734.78,capture,308.79,620.98,130.13,0,178.766,8.939,179.828,-18.08,20.56,147.58,-18.07,-8.79,174.27,53.268,54.511,-32.6762,1.3989,308.79,620.98,-33.5069,1.4361,,,0.19696,0
158.5956,53,77,8,5,245.67,734.78,capture,306.51,624.27,126.15,0,178.777,9.024,179.822,-17.96,20.57,147.40,-17.71,-8.28,173.41,53.142,54.366,-32.9643,1.3694,306.51,624.27,-33.2627,1.4061,,,0.16562,0
158.6973,53,77,8,5,245.67,734.78,capture,308.00,655.09,101.17,0,178.823,9.029,179.809,-18.02,20.63,147.18,-17.80,-8.12,173.33,53.087,54.300,-35.6176,1.3213,308.00,655.09,-34.3224,1.3679,,,0.21914,0
158.7932,53,77,8,5,245.67,734.78,capture,313.22,644.72,112.58,0,178.934,9.034,179.808,-18.23,20.70,147.15,-17.44,-7.26,173.17,53.291,54.020,-35.5701,1.4690,313.22,644.72,-34.8839,1.4134,,,0.21530,0
158.9228,53,77,8,5,245.67,734.78,capture,314.36,601.84,149.64,0,179.009,9.122,179.799,-18.27,20.69,146.88,-17.68,-8.05,172.81,53.587,53.955,-33.1519,1.2904,314.36,601.84,-34.1045,1.3581,,,0.16053,0
159.0048,53,77,8,5,245.67,734.78,capture,302.34,610.23,136.84,0,178.866,9.134,179.806,-18.28,20.63,147.08,-17.77,-8.12,173.27,53.756,53.977,-34.6195,1.1566,302.34,610.23,-34.3362,1.2674,,,0.20263,0
159.1088,53,77,8,5,245.67,734.78,capture,307.40,615.69,134.14,0,178.794,9.181,179.797,-18.17,20.63,147.17,-17.56,-8.68,173.25,53.437,54.037,-32.6298,1.1333,307.40,615.69,-33.5683,1.2071,,,0.20297,0
159.2148,53,77,8,5,245.67,734.78,capture,296.63,611.73,133.18,0,178.844,9.059,179.816,-18.11,20.59,146.74,-17.52,-7.34,173.25,53.653,54.412,-33.5614,0.6650,296.63,611.73,-33.5652,0.9632,,,0.21865,0
159.3130,53,77,8,5,245.67,734.78,capture,306.32,610.90,137.93,0,178.937,8.928,179.814,-18.15,20.64,146.75,-17.78,-7.62,172.14,54.080,54.186,-33.1769,1.6759,306.32,610.90,-33.3905,1.2839,,,0.24061,0
159.3950,53,77,8,5,245.67,734.78,capture,318.04,621.11,134.75,0,178.979,8.815,179.821,-18.20,20.72,146.75,-17.68,-8.17,172.47,53.782,54.279,-34.2606,1.6481,318.04,621.11,-33.7820,1.4478,,,0.19505,0
159.4998,53,77,8,5,245.67,734.78,capture,322.07,599.63,155.25,0,178.919,8.878,179.779,-18.25,20.73,146.85,-17.38,-7.25,173.35,53.732,54.212,-32.8574,2.6151,322.07,599.63,-33.3660,1.9731,,,0.20643,0
159.6076,53,77,8,5,245.67,734.78,capture,327.93,609.31,150.03,0,178.787,8.819,179.778,-18.35,20.77,147.02,-17.84,-7.35,173.03,53.678,54.634,-33.5584,2.3197,327.93,609.31,-33.4526,2.1290,,,0.24309,0
159.7152,53,77,8,5,245.67,734.78,capture,324.70,597.48,158.42,0,178.824,8.749,179.754,-18.34,20.65,146.86,-18.37,-7.68,173.27,53.796,54.822,-33.1109,3.0210,324.70,597.48,-33.2988,2.5304,,,0.24361,0
159.8070,53,77,8,5,245.67,734.78,capture,326.58,620.03,140.41,0,178.955,8.741,179.798,-18.14,20.69,147.04,-17.64,-8.00,173.18,53.427,55.190,-34.9975,2.3384,326.58,620.03,-34.0632,2.4440,,,0.19346,0
159.8890,53,77,8,5,245.67,734.78,capture,319.13,635.12,123.81,0,178.837,8.710,179.807,-18.15,20.64,147.06,-17.53,-8.76,172.68,52.985,55.482,-34.0078,1.8120,319.13,635.12,-34.0383,2.1596,,,0.21183,0
159.9917,53,77,8,5,245.67,734.78,capture,315.08,637.04,119.88,0,178.732,8.696,179.803,-18.18,20.66,147.04,-17.61,-7.93,173.46,53.103,54.826,-33.7709,1.0498,315.08,637.04,-33.9179,1.6602,,,0.19442,0
160.0780,53,77,8,5,245.67,734.78,capture,321.38,627.09,131.64,0,178.749,8.773,179.779,-18.22,20.53,147.16,-17.30,-7.67,173.50,52.805,54.737,-33.6130,2.6413,321.38,627.09,-33.7807,2.1017,,,0.18489,0
160.1647,53,77,8,5,245.67,734.78,capture,309.82,647.35,108.44,0,178.888,8.814,179.773,-18.36,20.58,147.15,-17.68,-8.42,173.34,52.818,54.697,-35.2010,1.6862,309.82,647.35,-34.4199,1.9147,,,0.17344,0
160.3157,54,63,7,0,22.33,648.33,dwell,286.11,660.38,264.05,0,178.851,8.841,179.769,-18.34,20.44,147.14,-17.85,-8.57,172.94,52.749,54.481,-36.0333,0.3879,286.11,660.38,-36.0333,0.3879,,,0.17473,0
160.4219,54,63,7,0,22.33,648.33,dwell,161.36,631.49,140.04,0,178.892,8.807,179.794,-18.32,20.38,146.92,-17.50,-8.54,173.49,53.126,54.419,-33.9001,-4.8262,161.36,631.49,-35.0734,-1.9585,,,0.18363,0
160.5169,54,63,7,0,22.33,648.33,dwell,293.88,551.02,288.46,0,178.857,8.857,179.781,-18.40,20.33,147.01,-18.57,-8.32,172.76,53.402,54.530,-30.9640,1.4047,293.88,551.02,-33.2242,-0.4450,,,0.19448,0
160.6175,54,63,7,0,22.33,648.33,dwell,86.73,612.89,73.51,0,178.964,8.852,179.791,-18.35,20.09,147.05,-18.41,-7.81,173.08,53.140,54.132,-34.1929,-8.9985,86.73,612.89,-33.6601,-4.2941,,,0.21780,0
160.7232,54,63,7,0,22.33,648.33,dwell,145.77,744.79,156.65,0,178.984,8.801,179.801,-18.31,20.22,147.12,-17.82,-8.03,173.79,53.087,53.792,-38.7674,-5.7657,145.77,744.79,-35.9584,-4.9563,,,0.18910,0
160.8153,54,63,7,0,22.33,648.33,dwell,87.98,604.82,78.76,0,178.865,8.770,179.797,-18.36,20.16,147.25,-17.80,-8.28,173.79,53.395,54.107,-33.8609,-8.2107,87.98,604.82,-35.0145,-6.4208,,,0.19705,0
160.9173,54,63,7,0,22.33,648.33,dwell,15.60,584.25,64.44,0,178.701,8.859,179.816,-18.32,20.36,147.02,-18.29,-7.33,173.60,53.739,54.113,-33.5569,-12.6958,15.60,584.25,-34.3586,-9.2445,,,0.22342,0
161.0309,54,63,7,0,22.33,648.33,dwell,25.11,675.75,27.56,1,178.749,9.032,179.788,-18.28,20.49,147.01,-17.23,-7.73,173.24,53.768,54.077,-36.4475,-12.7829,25.11,675.75,-35.2986,-10.8368,,,0.23443,0
161.1305,54,63,7,0,22.33,648.33,capture,-17.41,642.21,40.21,0,178.832,8.892,179.797,-18.41,20.43,147.21,-17.82,-7.59,173.03,53.758,54.366,-34.3990,-13.3916,-17.41,642.21,-34.8938,-11.9865,,,0.22981,0
161.2313,54,63,7,0,22.33,648.33,capture,-22.35,631.06,47.91,0,178.827,8.880,179.796,-18.41,20.45,147.21,-18.19,-8.42,173.49,53.721,54.656,-33.9320,-13.9523,-22.35,631.06,-34.4610,-12.8711,,,0.23265,0
161.3337,54,63,7,0,22.33,648.33,capture,4.24,645.57,18.30,1,178.767,8.853,179.789,-18.50,20.65,147.07,-18.14,-8.03,173.51,53.888,54.464,-35.3150,-12.4515,4.24,645.57,-34.8453,-12.6823,,,0.21726,0
161.4169,54,63,7,0,22.33,648.33,capture,-15.75,619.22,47.94,0,178.850,8.753,179.824,-18.38,20.66,147.04,-17.77,-8.70,173.28,54.268,54.195,-33.5069,-13.6166,-15.75,619.22,-34.2430,-13.1027,,,0.22889,0
161.5387,54,63,7,0,22.33,648.33,capture,2.89,647.39,19.47,1,178.903,8.795,179.846,-18.40,20.66,147.08,-18.10,-8.20,173.36,54.206,54.710,-35.3804,-13.0291,2.89,647.39,-34.7548,-13.0696,,,0.19874,0
161.6380,54,63,7,0,22.33,648.33,capture,-2.39,639.07,26.40,0,178.913,8.624,179.818,-18.41,20.61,147.12,-17.60,-7.63,172.56,54.451,54.731,-34.3119,-12.8512,-2.39,639.07,-34.5555,-12.9713,,,0.25735,0
161.7453,54,63,7,0,22.33,648.33,capture,18.91,635.21,13.56,1,179.007,8.595,179.820,-18.46,20.77,147.20,-17.98,-7.78,173.61,54.218,54.531,-35.4416,-11.8871,18.91,635.21,-34.9542,-12.4834,,,0.24006,0
161.8297,54,63,7,0,22.33,648.33,capture,-17.67,633.86,42.54,0,179.068,8.674,179.794,-18.54,20.71,147.47,-18.14,-7.90,173.27,54.308,54.608,-34.6360,-13.4810,-17.67,633.86,-34.8110,-12.9323,,,0.23829,0
161.9279,54,63,7,0,22.33,648.33,capture,-5.61,626.31,35.58,0,178.956,8.682,179.804,-18.56,20.83,147.79,-17.76,-8.11,174.05,53.887,54.828,-34.9550,-13.7472,-5.61,626.31,-34.8758,-13.2990,,,0.19780,0
162.0127,54,63,7,0,22.33,648.33,capture,-2.66,610.46,45.38,0,179.015,8.694,179.777,-18.42,20.88,147.45,-17.88,-8.10,173.61,54.060,54.763,-33.6690,-12.7672,-2.66,610.46,-34.3328,-13.0597,,,0.22753,0
162.1157,54,63,7,0,22.33,648.33,capture,-10.62,622.91,41.62,0,179.094,8.706,179.780,-18.37,20.84,147.55,-17.99,-7.80,174.14,54.257,54.448,-34.1805,-13.3024,-10.62,622.91,-34.2643,-13.1689,,,0.20616,0
162.2094,54,63,7,0,22.33,648.33,capture,-15.30,652.62,37.88,0,179.035,8.703,179.757,-18.44,20.69,147.70,-18.00,-7.70,173.79,54.285,54.212,-35.1289,-13.2664,-15.30,652.62,-34.6533,-13.2128,,,0.23923,0
162.3075,54,63,7,0,22.33,648.33,capture,-11.10,622.50,42.25,0,178.916,8.562,179.763,-18.39,20.54,147.59,-17.67,-8.26,173.82,54.155,54.195,-33.9958,-13.9384,-11.10,622.50,-34.3574,-13.5393,,,0.21440,0
162.4147,54,63,7,0,22.33,648.33,capture,-9.62,642.69,32.45,0,178.967,8.591,179.753,-18.36,20.75,147.70,-17.82,-7.36,174.52,54.327,54.500,-33.5198,-12.8885,-9.62,642.69,-33.9805,-13.2464,,,0.20811,0
162.5152,54,63,7,0,22.33,648.33,capture,-29.93,655.33,52.73,0,178.947,8.646,179.763,-18.50,20.78,147.66,-18.53,-8.09,173.41,54.021,54.917,-35.3002,-14.6227,-29.93,655.33,-34.5744,-13.8658,,,0.23059,0
162.6311,54,63,7,0,22.33,648.33,capture,-12.85,640.35,36.08,0,178.905,8.499,179.768,-18.39,20.90,147.54,-17.59,-7.53,173.77,53.790,54.893,-34.8726,-12.9926,-12.85,640.35,-34.7086,-13.4728,,,0.20366,0
162.7246,54,63,7,0,22.33,648.33,capture,-4.54,631.82,31.54,0,178.932,8.545,179.780,-18.53,20.82,147.64,-17.91,-7.49,174.35,53.776,54.683,-34.6312,-13.4243,-4.54,631.82,-34.6737,-13.4510,,,0.22978,0
162.8167,54,63,7,0,22.33,648.33,capture,0.62,637.25,24.38,1,178.958,8.716,179.822,-18.45,20.84,147.79,-17.94,-7.61,174.28,53.868,54.661,-34.7152,-13.1949,0.62,637.25,-34.6924,-13.3358,,,0.21514,0
162.9231,54,63,7,0,22.33,648.33,capture,-6.57,654.44,29.54,0,178.882,8.568,179.849,-18.44,20.79,147.83,-17.93,-7.71,174.20,53.740,53.937,-36.5940,-13.1722,-6.57,654.44,-35.5481,-13.2622,,,0.22006,0
163.0968,55,55,6,1,67.00,561.89,dwell,-41.61,612.13,119.67,0,178.888,8.467,179.843,-18.43,20.84,147.75,-18.09,-7.86,174.07,53.527,54.125,-33.7602,-14.9365,-41.61,612.13,-33.7602,-14.9365,,,0.20804,0
163.1962,55,55,6,1,67.00,561.89,dwell,62.44,549.78,12.94,1,178.891,8.293,179.876,-18.34,20.76,147.73,-18.01,-7.31,173.73,53.735,54.115,-30.8834,-9.4152,62.44,549.78,-32.4656,-12.4519,,,0.19923,0
163.2961,55,55,6,1,67.00,561.89,dwell,-16.89,578.55,85.53,0,178.850,8.336,179.829,-18.29,20.90,147.49,-17.99,-8.12,174.34,53.658,54.192,-33.0490,-13.4306,-16.89,578.55,-32.7282,-12.8923,,,0.19475,0
163.3781,55,55,6,1,67.00,561.89,dwell,-4.58,634.49,101.95,0,178.853,8.378,179.816,-18.33,20.75,147.47,-17.84,-8.27,173.62,53.409,54.284,-34.4673,-13.6948,-4.58,634.49,-33.5108,-13.2534,,,0.21430,0
163.4853,55,55,6,1,67.00,561.89,dwell,-41.89,666.26,150.83,0,178.846,8.519,179.872,-18.23,20.67,147.41,-18.54,-7.83,173.66,53.466,54.089,-35.0955,-14.4866,-41.89,666.26,-34.2239,-13.8084,,,0.19747,0
163.5726,55,55,6,1,67.00,561.89,dwell,24.17,598.56,56.38,0,178.772,8.392,179.864,-18.30,20.78,147.19,-17.92,-8.06,173.94,53.615,54.418,-32.7258,-11.5235,24.17,598.56,-33.5498,-12.7802,,,0.21873,0
163.6795,55,55,6,1,67.00,561.89,dwell,-26.05,540.94,95.38,0,178.757,8.392,179.822,-18.38,20.85,146.82,-18.12,-7.38,173.42,53.424,54.367,-31.3159,-14.2159,-26.05,540.94,-32.5446,-13.4263,,,0.20246,0
163.7884,55,55,6,1,67.00,561.89,dwell,-13.58,568.65,80.86,0,178.752,8.319,179.811,-18.28,21.02,146.91,-17.92,-8.15,173.62,53.699,54.204,-32.4868,-13.6372,-13.58,568.65,-32.5185,-13.5212,,,0.21290,0
163.8845,55,55,6,1,67.00,561.89,capture,-24.85,522.68,99.87,0,178.849,8.368,179.789,-18.32,21.07,146.97,-17.78,-7.46,173.26,53.986,54.503,-30.6042,-13.9639,-24.85,522.68,-31.6571,-13.7204,,,0.22169,0
163.9935,55,55,6,1,67.00,561.89,capture,-20.80,552.02,88.35,0,178.928,8.335,179.795,-18.40,21.09,147.11,-18.32,-7.42,173.61,53.938,54.176,-30.6914,-13.6538,-20.80,552.02,-31.2225,-13.6904,,,0.23558,0
164.0919,55,55,6,1,67.00,561.89,capture,-17.58,551.95,85.16,0,178.975,8.359,179.809,-18.41,21.12,147.14,-17.88,-6.95,173.21,54.214,54.529,-32.1986,-13.5328,-17.58,551.95,-31.6618,-13.6195,,,0.20369,0
164.1864,55,55,6,1,67.00,561.89,capture,-34.56,552.94,101.95,0,179.009,8.397,179.818,-18.30,20.98,147.21,-17.23,-7.65,173.42,54.307,54.123,-31.0656,-14.1450,-34.56,552.94,-31.3935,-13.8560,,,0.22718,0
164.2798,55,55,6,1,67.00,561.89,capture,-4.43,540.17,74.66,0,179.025,8.348,179.828,-18.30,20.84,147.44,-17.96,-7.33,173.78,53.975,53.855,-30.5628,-13.0470,-4.43,540.17,-31.0197,-13.4919,,,0.19216,0
164.3838,55,55,6,1,67.00,561.89,capture,-12.08,546.86,80.50,0,179.006,8.394,179.800,-18.30,20.78,147.60,-18.17,-7.10,173.90,54.126,53.665,-32.2002,-12.9201,-12.08,546.86,-31.5509,-13.2346,,,0.22390,0
164.4689,55,55,6,1,67.00,561.89,capture,-21.09,565.12,88.15,0,179.054,8.420,179.833,-18.34,20.82,147.65,-17.36,-7.27,173.71,53.932,53.774,-32.0896,-14.2126,-21.09,565.12,-31.7933,-13.6747,,,0.20695,0
164.5611,55,55,6,1,67.00,561.89,capture,-24.89,544.91,93.45,0,179.080,8.397,179.829,-18.36,20.89,147.64,-18.23,-7.74,174.35,54.168,54.150,-31.6369,-14.4470,-24.89,544.91,-31.7230,-14.0222,,,0.21284,0
164.6472,55,55,6,1,67.00,561.89,capture,-18.66,534.91,89.81,0,179.054,8.402,179.780,-18.33,20.87,147.42,-18.12,-7.61,174.42,53.785,53.899,-31.0787,-13.6775,-18.66,534.91,-31.4331,-13.8671,,,0.22426,0
164.7342,55,55,6,1,67.00,561.89,capture,-14.81,554.04,82.19,0,179.024,8.467,179.798,-18.26,20.72,147.31,-17.02,-7.66,173.69,53.630,53.566,-33.1319,-13.5354,-14.81,554.04,-32.1975,-13.7178,,,0.21636,0
164.8374,55,55,6,1,67.00,561.89,capture,-3.72,540.41,73.91,0,178.982,8.345,179.785,-18.30,20.78,147.30,-18.59,-8.08,173.73,53.661,53.253,-30.9037,-12.8908,-3.72,540.41,-31.6153,-13.3457,,,0.22559,0
164.9405,55,55,6,1,67.00,561.89,capture,-33.07,544.70,101.54,0,179.048,8.210,179.778,-18.32,20.63,147.40,-17.86,-8.61,174.04,53.479,52.964,-30.5578,-14.3732,-33.07,544.70,-31.1394,-13.8081,,,0.19798,0
165.0374,55,55,6,1,67.00,561.89,capture,-2.89,519.26,81.86,0,179.088,8.208,179.759,-18.35,20.69,147.44,-17.51,-8.23,173.35,53.540,53.303,-29.5911,-13.0340,-2.89,519.26,-30.4427,-13.4597,,,0.21291,0
165.1528,55,55,6,1,67.00,561.89,capture,-8.27,541.70,77.93,0,179.024,8.176,179.762,-18.27,20.60,147.23,-18.57,-7.21,173.35,53.029,53.424,-30.9705,-13.3384,-8.27,541.70,-30.6802,-13.4051,,,0.19907,0
165.2593,55,55,6,1,67.00,561.89,capture,-19.12,559.79,86.15,0,178.906,8.128,179.760,-18.37,20.71,147.54,-17.85,-8.01,174.51,53.281,53.321,-31.3756,-13.2828,-19.12,559.79,-30.9931,-13.3501,,,0.20861,0
165.3480,55,55,6,1,67.00,561.89,capture,-29.13,541.07,98.36,0,179.037,8.233,179.758,-18.35,20.86,147.52,-17.83,-7.37,173.80,53.144,53.637,-31.2407,-14.4798,-29.13,541.07,-31.1045,-13.8585,,,0.21528,0
165.4410,55,55,6,1,67.00,561.89,capture,-29.31,528.41,101.96,0,179.093,8.137,179.732,-18.41,20.87,147.33,-17.75,-8.35,173.78,53.159,53.903,-30.2756,-13.5938,-29.31,528.41,-30.7315,-13.7393,,,0.18669,0
165.5469,55,55,6,1,67.00,561.89,capture,-8.20,529.83,81.75,0,179.004,8.271,179.753,-18.47,20.89,147.10,-17.92,-7.44,173.61,52.829,54.179,-30.3392,-13.1751,-8.20,529.83,-30.5550,-13.4855,,,0.16299,0
165.6455,55,55,6,1,67.00,561.89,capture,-30.98,545.22,99.39,0,178.919,8.254,179.749,-18.53,20.63,147.44,-17.66,-7.81,174.44,53.157,53.646,-30.7887,-14.8077,-30.98,545.22,-30.6602,-14.0805,,,0.19644,0
165.7348,55,55,6,1,67.00,561.89,capture,-1.57,530.80,75.29,0,178.821,8.303,179.733,-18.65,20.71,147.32,-18.74,-7.48,173.81,53.145,53.630,-30.3967,-12.8792,-1.57,530.80,-30.5416,-13.5399,,,0.19469,0
165.9043,56,54,6,0,22.33,561.89,dwell,-35.78,459.59,117.65,0,178.783,8.415,179.753,-18.58,20.80,147.34,-17.77,-8.47,173.14,53.267,54.334,-27.4269,-14.6355,-35.78,459.59,-27.4269,-14.6355,,,0.20226,0
165.9940,56,54,6,0,22.33,561.89,dwell,-40.35,593.21,70.07,0,178.932,8.513,179.758,-18.45,20.85,147.40,-17.90,-6.90,173.34,53.649,54.650,-32.7645,-15.0308,-40.35,593.21,-29.8288,-14.8134,,,0.21443,0
166.0760,56,54,6,0,22.33,561.89,dwell,-16.99,435.46,132.40,0,179.103,8.498,179.775,-18.34,20.68,147.69,-17.77,-7.27,173.67,53.949,54.573,-27.4297,-13.4326,-16.99,435.46,-28.7492,-14.1920,,,0.22366,0
166.1800,56,54,6,0,22.33,561.89,dwell,-29.94,494.34,85.41,0,179.125,8.429,179.786,-18.38,21.00,147.74,-18.28,-7.85,174.58,53.818,54.726,-29.1853,-14.2284,-29.94,494.34,-28.9454,-14.2084,,,0.20278,0
166.2891,56,54,6,0,22.33,561.89,dwell,38.79,523.98,41.33,1,179.051,8.619,179.791,-18.47,20.92,147.65,-18.24,-7.22,174.11,53.916,54.592,-29.6796,-11.3205,38.79,523.98,-29.2758,-12.9089,,,0.22066,0
166.4091,56,54,6,0,22.33,561.89,dwell,-19.22,346.11,219.74,0,179.048,8.500,179.765,-18.51,20.89,147.55,-18.11,-7.54,174.06,53.567,54.701,-23.3393,-13.3859,-19.22,346.11,-26.6044,-13.1235,,,0.19233,0
166.5175,56,54,6,0,22.33,561.89,dwell,-36.98,426.37,147.93,0,178.963,8.534,179.766,-18.45,20.88,147.49,-17.57,-7.89,173.66,53.421,54.618,-27.3634,-14.2428,-36.98,426.37,-26.9460,-13.6272,,,0.21098,0
166.6125,56,54,6,0,22.33,561.89,dwell,-31.80,448.60,125.56,0,178.737,8.380,179.772,-18.33,20.87,147.55,-17.98,-8.02,174.01,53.681,54.661,-26.3900,-13.9824,-31.80,448.60,-26.6958,-13.7870,,,0.22310,0
166.7066,56,54,6,0,22.33,561.89,dwell,23.87,438.78,123.12,0,178.632,8.470,179.755,-18.28,20.85,147.47,-17.81,-7.91,173.72,53.717,54.670,-27.5575,-11.4610,23.87,438.78,-27.0836,-12.7403,,,0.21580,0
166.7972,56,54,6,0,22.33,561.89,capture,-16.87,411.92,155.01,0,178.772,8.568,179.777,-18.34,20.97,147.52,-17.52,-7.82,173.48,53.915,55.120,-25.7592,-13.7178,-16.87,411.92,-26.4876,-13.1802,,,0.19484,0
166.9214,56,54,6,0,22.33,561.89,capture,-19.32,418.58,149.24,0,178.810,8.615,179.766,-18.43,20.94,147.37,-17.94,-7.54,173.71,54.081,54.773,-26.1895,-13.2808,-19.32,418.58,-26.3535,-13.2255,,,0.24220,0
167.0201,56,54,6,0,22.33,561.89,capture,-8.50,434.57,131.00,0,178.700,8.628,179.825,-18.39,20.79,147.15,-17.84,-7.70,173.38,54.136,54.354,-26.7681,-13.5666,-8.50,434.57,-26.5400,-13.3790,,,0.22053,0
167.1338,56,54,6,0,22.33,561.89,capture,-12.78,431.48,135.05,0,178.961,8.555,179.825,-18.35,20.95,147.16,-17.89,-7.37,173.68,54.286,54.423,-25.7820,-13.1223,-12.78,431.48,-26.1989,-13.2635,,,0.24155,0
167.2296,56,54,6,0,22.33,561.89,capture,16.27,443.48,118.56,0,178.862,8.514,179.832,-18.26,21.20,147.24,-17.41,-7.96,173.90,54.360,54.112,-26.3985,-11.8826,16.27,443.48,-26.2887,-12.6421,,,0.22272,0
167.3277,56,54,6,0,22.33,561.89,capture,-40.15,423.40,151.93,0,178.752,8.292,179.807,-18.28,21.14,147.24,-17.45,-7.33,173.53,54.393,54.005,-25.5819,-15.1994,-40.15,423.40,-25.9707,-13.7929,,,0.24594,0
167.4173,56,54,6,0,22.33,561.89,capture,-18.22,450.35,118.68,0,178.830,8.371,179.847,-18.39,21.15,147.55,-17.49,-7.63,174.29,53.993,53.974,-26.3476,-13.7480,-18.22,450.35,-26.1403,-13.7727,,,0.22092,0
167.5087,56,54,6,0,22.33,561.89,capture,-29.69,466.71,108.47,0,178.895,8.357,179.856,-18.29,21.15,147.51,-17.86,-7.33,174.23,54.061,53.714,-27.9066,-14.2623,-29.69,466.71,-26.9351,-13.9930,,,0.21630,0
167.6232,56,54,6,0,22.33,561.89,capture,-8.55,439.90,125.84,0,178.852,8.290,179.840,-18.36,21.23,147.55,-17.87,-6.80,173.96,54.318,53.624,-27.0826,-13.1752,-8.55,439.90,-27.0015,-13.6250,,,0.22657,0
167.7330,56,54,6,0,22.33,561.89,capture,4.45,448.40,114.89,0,178.905,8.361,179.868,-18.41,21.26,147.51,-17.72,-7.80,174.15,54.622,53.802,-27.2391,-12.3794,4.45,448.40,-27.1084,-13.0645,,,0.25147,0
167.8268,56,54,6,0,22.33,561.89,capture,6.18,450.90,112.16,0,178.977,8.357,179.880,-18.50,21.08,147.73,-18.19,-7.19,174.10,54.283,53.463,-27.7382,-13.1422,6.18,450.90,-27.3918,-13.0995,,,0.22098,0
167.9309,56,54,6,0,22.33,561.89,capture,-42.39,455.14,124.84,0,179.048,8.293,179.860,-18.50,21.03,147.73,-17.72,-7.51,173.75,53.985,53.436,-28.5402,-14.7950,-42.39,455.14,-27.9086,-13.8625,,,0.21587,0
168.0129,56,54,6,0,22.33,561.89,capture,-36.03,407.61,164.95,0,179.060,8.319,179.864,-18.50,20.87,147.57,-18.02,-7.44,174.05,53.879,53.232,-25.0018,-14.3930,-36.03,407.61,-26.6006,-14.1012,,,0.22428,0
168.1211,56,54,6,0,22.33,561.89,capture,-21.18,427.06,141.68,0,179.021,8.368,179.854,-18.41,20.97,147.80,-18.03,-7.94,174.28,53.625,53.055,-25.8063,-13.6308,-21.18,427.06,-26.2431,-13.8895,,,0.19895,0
168.2279,56,54,6,0,22.33,561.89,capture,-17.51,407.70,159.25,0,179.051,8.410,179.894,-18.33,20.92,147.65,-17.88,-7.95,173.48,53.434,53.804,-25.5422,-13.9711,-17.51,407.70,-25.9277,-13.9262,,,0.21532,0
168.3311,56,54,6,0,22.33,561.89,capture,-34.31,452.58,123.11,0,179.026,8.295,179.864,-18.21,20.80,147.59,-18.37,-8.00,173.90,53.552,53.911,-28.1392,-14.0899,-34.31,452.58,-26.9229,-13.9999,,,0.22140,0
168.4437,56,54,6,0,22.33,561.89,capture,-2.12,422.83,141.19,0,178.965,8.457,179.853,-18.37,21.02,147.64,-17.78,-8.23,173.78,53.534,53.615,-26.1007,-13.9593,-2.12,422.83,-26.5529,-13.9816,,,0.22168,0
168.5528,56,54,6,0,22.33,561.89,capture,-6.49,448.07,117.41,0,178.864,8.486,179.833,-18.48,21.04,147.63,-18.57,-7.42,174.16,53.550,54.209,-27.8019,-12.7877,-6.49,448.07,-27.1149,-13.4444,,,0.19719,0
168.6602,56,54,6,0,22.33,561.89,capture,5.82,427.37,135.53,0,178.878,8.430,179.847,-18.48,20.97,147.55,-17.78,-7.48,174.13,53.396,54.477,-26.1150,-12.0216,5.82,427.37,-26.6649,-12.8041,,,0.24146,0
168.8578,57,71,7,8,379.67,648.33,dwell,-17.94,435.24,451.11,0,178.983,8.425,179.871,-18.52,21.00,147.62,-18.02,-7.65,173.30,53.482,54.658,-26.6616,-14.3197,-17.94,435.24,-26.6616,-14.3197,,,0.20300,0
168.9398,57,71,7,8,379.67,648.33,dwell,76.86,421.77,378.18,0,179.113,8.436,179.849,-18.50,21.00,147.55,-18.59,-8.30,173.79,53.814,54.221,-25.9026,-8.7798,76.86,421.77,-26.3201,-11.8268,,,0.24890,0
169.0387,57,71,7,8,379.67,648.33,dwell,225.69,532.14,192.90,0,179.161,8.505,179.843,-18.49,20.83,147.60,-18.25,-8.05,174.21,54.127,54.308,-31.0290,-3.1370,225.69,532.14,-28.4391,-7.9164,,,0.19603,0
169.1235,57,71,7,8,379.67,648.33,dwell,147.68,614.32,234.47,0,179.101,8.456,179.838,-18.40,20.71,147.72,-18.10,-7.27,174.26,53.833,54.464,-32.8725,-5.8941,147.68,614.32,-30.4342,-7.0063,,,0.20663,0
169.2203,57,71,7,8,379.67,648.33,dwell,236.27,562.45,167.15,0,179.181,8.520,179.838,-18.36,20.90,147.64,-18.09,-7.68,174.23,53.844,54.330,-31.5502,-1.6659,236.27,562.45,-30.9364,-4.6031,,,0.22260,0
169.3027,57,71,7,8,379.67,648.33,dwell,222.36,477.14,232.49,0,178.987,8.475,179.803,-18.35,21.09,147.57,-18.28,-7.58,174.08,54.089,54.136,-28.3675,-2.3310,222.36,477.14,-29.7804,-3.5807,,,0.19463,0
169.3990,57,71,7,8,379.67,648.33,dwell,252.72,524.81,177.13,0,178.747,8.465,179.818,-18.38,21.09,147.59,-17.69,-6.92,174.36,54.153,54.404,-30.6058,-1.2992,252.72,524.81,-30.1518,-2.5540,,,0.21841,0
169.5006,57,71,7,8,379.67,648.33,dwell,347.15,527.05,125.57,0,178.905,8.572,179.852,-18.45,21.15,147.35,-17.86,-6.58,173.43,54.515,54.383,-30.1867,3.3217,347.15,527.05,-30.1675,0.0901,,,0.22134,0
169.5826,57,71,7,8,379.67,648.33,dwell,294.13,564.90,119.49,0,178.747,8.480,179.840,-18.48,21.19,147.49,-18.16,-6.65,173.64,54.356,54.903,-31.9846,0.7288,294.13,564.90,-30.9852,0.3775,,,0.24440,0
169.6914,57,71,7,8,379.67,648.33,dwell,362.63,501.20,148.12,0,178.827,8.462,179.860,-18.43,21.17,147.59,-18.04,-7.60,173.84,53.983,54.819,-29.6184,3.9018,362.63,501.20,-30.3702,1.9634,,,0.23908,0
169.8082,57,71,7,8,379.67,648.33,capture,391.96,535.26,113.74,0,178.731,8.475,179.863,-18.46,21.19,147.36,-18.17,-7.01,173.72,54.022,54.707,-30.3936,5.0441,391.96,535.26,-30.3807,3.3497,,,0.23310,0
169.9113,57,71,7,8,379.67,648.33,capture,379.93,542.63,105.70,0,178.774,8.519,179.863,-18.54,21.20,147.69,-18.12,-7.77,173.41,53.918,54.866,-30.8176,4.4838,379.93,542.63,-30.5773,3.8601,,,0.23121,0
170.0015,57,71,7,8,379.67,648.33,capture,402.08,520.36,129.92,0,178.740,8.439,179.851,-18.60,21.22,147.73,-18.13,-7.10,173.65,54.257,54.949,-30.3216,6.0289,402.08,520.36,-30.4622,4.8360,,,0.24477,0
170.1072,57,71,7,8,379.67,648.33,capture,406.90,520.34,130.86,0,178.735,8.342,179.841,-18.62,21.32,147.90,-17.93,-7.58,173.99,54.230,54.794,-30.8165,6.7188,406.90,520.34,-30.6217,5.6833,,,0.23625,0
170.2116,57,71,7,8,379.67,648.33,capture,413.63,506.28,146.06,0,178.846,8.440,179.830,-18.63,21.43,148.01,-18.12,-7.23,174.68,53.855,54.960,-30.5545,5.8636,413.63,506.28,-30.5915,5.7644,,,0.22221,0
170.3110,57,71,7,8,379.67,648.33,capture,395.63,507.09,142.14,0,178.876,8.442,179.848,-18.70,21.54,148.04,-18.26,-7.02,174.89,53.732,54.664,-28.9615,5.5684,395.63,507.09,-29.8580,5.6762,,,0.19644,0
170.4068,57,71,7,8,379.67,648.33,capture,412.45,529.43,123.34,0,178.937,8.705,179.829,-18.61,21.58,148.00,-18.17,-7.48,174.28,53.661,54.638,-30.9059,5.9849,412.45,529.43,-30.3296,5.8151,,,0.23277,0
170.5073,57,71,7,8,379.67,648.33,capture,371.94,514.38,134.18,0,178.856,8.708,179.801,-18.58,21.31,147.91,-18.06,-6.80,174.38,53.291,54.519,-29.9008,4.1276,371.94,514.38,-30.1366,5.0557,,,0.19338,0
170.5923,57,71,7,8,379.67,648.33,capture,397.55,508.45,141.02,0,178.705,8.741,179.796,-18.51,21.20,148.19,-18.63,-6.72,174.46,53.688,54.536,-29.4963,4.9779,397.55,508.45,-29.8485,5.0207,,,0.21653,0
170.6929,57,71,7,8,379.67,648.33,capture,403.58,527.98,122.71,0,178.798,8.661,179.810,-18.43,21.24,148.06,-18.31,-6.81,174.41,53.785,54.249,-30.6328,5.1087,403.58,527.98,-30.2014,5.0603,,,0.22797,0
170.7886,57,71,7,8,379.67,648.33,capture,390.53,528.85,119.98,0,178.970,8.518,179.815,-18.43,21.32,147.92,-17.51,-7.61,174.21,53.523,54.364,-30.4903,5.0411,390.53,528.85,-30.3315,5.0517,,,0.20831,0
170.8837,57,71,7,8,379.67,648.33,capture,374.92,542.83,105.61,0,178.840,8.519,179.802,-18.44,21.23,148.05,-18.05,-7.27,174.61,53.484,54.357,-30.9457,4.3960,374.92,542.83,-30.6079,4.7566,,,0.19633,0
170.9657,57,71,7,8,379.67,648.33,capture,401.27,545.84,104.75,0,178.811,8.656,179.796,-18.36,21.23,147.98,-17.84,-8.31,174.58,53.459,54.159,-30.5013,5.1792,401.27,545.84,-30.5599,4.9468,,,0.20279,0
171.0813,57,71,7,8,379.67,648.33,capture,386.18,519.39,129.11,0,178.879,8.787,179.753,-18.41,21.12,147.88,-17.57,-7.69,174.33,53.214,54.435,-30.1037,4.9243,386.18,519.39,-30.3546,4.9366,,,0.18023,0
171.1684,57,71,7,8,379.67,648.33,capture,399.54,544.45,105.77,0,178.969,8.702,179.746,-18.38,21.17,147.90,-17.60,-8.05,174.06,53.245,54.585,-31.2797,5.4127,399.54,544.45,-30.7709,5.1509,,,0.20724,0
171.2769,57,71,7,8,379.67,648.33,capture,395.12,514.31,134.91,0,178.963,8.616,179.753,-18.46,20.83,147.97,-17.84,-7.73,174.60,53.365,54.008,-29.8424,5.0774,395.12,514.31,-30.3531,5.1178,,,0.23676,0
171.3726,57,71,7,8,379.67,648.33,capture,398.11,547.02,102.98,0,178.905,8.641,179.750,-18.48,20.83,148.26,-17.65,-7.73,174.91,53.310,54.204,-31.7161,5.5300,398.11,547.02,-30.9665,5.3033,,,0.20413,0
171.4986,57,71,7,8,379.67,648.33,capture,377.65,522.83,125.52,0,178.799,8.741,179.723,-18.52,20.96,148.14,-17.97,-7.54,174.06,53.356,54.507,-30.6478,5.1801,377.65,522.83,-30.8231,5.2478,,,0.23118,0
171.5956,57,71,7,8,379.67,648.33,capture,387.67,531.89,116.72,0,178.756,8.555,179.725,-18.57,20.92,148.09,-18.44,-7.07,174.38,53.589,54.317,-29.7543,5.1766,387.67,531.89,-30.3421,5.2158,,,0.22488,0
171.7096,57,71,7,8,379.67,648.33,capture,375.87,521.77,126.62,0,178.784,8.623,179.744,-18.56,20.91,148.03,-18.00,-7.36,174.48,53.949,54.619,-30.7429,3.7100,375.87,521.77,-30.5225,4.5382,,,0.19399,0
171.7974,57,71,7,8,379.67,648.33,capture,380.00,528.06,120.27,0,178.928,8.633,179.748,-18.54,20.93,147.86,-17.86,-7.64,174.42,54.130,54.408,-30.7526,4.8254,380.00,528.06,-30.6260,4.6674,,,0.23909,0
171.9966,58,10,1,1,67.00,129.67,dwell,127.91,447.07,323.19,0,178.837,8.492,179.727,-18.54,20.97,147.99,-18.43,-6.81,174.26,54.024,54.359,-28.0443,-7.4955,127.91,447.07,-28.0443,-7.4955,,,0.21132,0
172.0881,58,10,1,1,67.00,129.67,dwell,373.68,312.02,356.80,0,179.035,8.305,179.721,-18.72,21.13,148.00,-18.15,-7.54,175.00,53.923,54.671,-21.9897,4.2096,373.68,312.02,-25.3197,-2.2282,,,0.23847,0
172.2040,58,10,1,1,67.00,129.67,dwell,385.19,390.03,411.14,0,178.966,8.363,179.753,-18.72,21.08,148.03,-17.79,-8.16,174.29,53.392,54.801,-24.2532,4.7494,385.19,390.03,-24.8398,0.9117,,,0.21009,0
172.2992,58,10,1,1,67.00,129.67,dwell,249.87,446.16,365.53,0,178.992,8.346,179.787,-18.70,20.87,147.81,-17.81,-7.39,174.13,53.639,54.645,-26.6856,-1.9269,249.87,446.16,-25.6704,-0.3657,,,0.20776,0
172.3878,58,10,1,1,67.00,129.67,dwell,174.87,237.78,152.72,0,178.997,8.238,179.765,-18.69,20.73,147.61,-18.01,-8.39,173.80,53.830,54.872,-19.3896,-4.0128,174.87,237.78,-22.8441,-2.0069,,,0.21456,0
172.4793,58,10,1,1,67.00,129.67,dwell,145.46,254.65,147.57,0,178.899,8.202,179.762,-18.70,20.81,147.58,-18.07,-8.10,173.69,53.743,54.507,-18.8805,-6.1961,145.46,254.65,-21.0604,-3.8920,,,0.20830,0
172.5669,58,10,1,1,67.00,129.67,dwell,135.75,135.29,68.98,0,178.885,8.068,179.774,-18.53,20.94,147.48,-18.60,-7.96,173.95,53.695,54.568,-14.8104,-6.6843,135.75,135.29,-18.2479,-5.1486,,,0.23026,0
172.6489,58,10,1,1,67.00,129.67,dwell,84.20,94.57,39.08,1,178.839,8.053,179.767,-18.53,21.03,147.47,-17.28,-7.40,173.72,53.753,54.179,-13.3453,-8.9830,84.20,94.57,-16.0417,-6.8741,,,0.21089,0
172.7379,58,10,1,1,67.00,129.67,dwell,103.28,131.54,36.33,0,178.824,7.988,179.756,-18.40,21.06,147.41,-18.06,-7.16,173.91,53.934,54.219,-14.8008,-8.0400,103.28,131.54,-15.4833,-7.3988,,,0.23135,0
172.8387,58,10,1,1,67.00,129.67,capture,68.23,57.79,71.89,0,178.873,7.859,179.751,-18.26,20.98,147.44,-17.35,-6.92,173.70,53.919,54.805,-12.4455,-9.4234,68.23,57.79,-14.1163,-8.3098,,,0.24205,0
172.9330,58,10,1,1,67.00,129.67,capture,81.06,49.22,81.67,0,178.952,7.921,179.775,-18.39,20.89,147.61,-17.42,-7.59,173.40,53.599,54.807,-11.7365,-9.1890,81.06,49.22,-13.0454,-8.7054,,,0.19507,0
173.0354,58,10,1,1,67.00,129.67,capture,81.60,77.76,53.92,0,179.058,7.737,179.762,-18.47,20.92,147.58,-18.27,-8.09,173.48,53.454,54.927,-12.3236,-8.4233,81.60,77.76,-12.7206,-8.5785,,,0.18806,0
173.1500,58,10,1,1,67.00,129.67,capture,74.27,34.41,95.53,0,178.958,7.731,179.816,-18.38,20.86,147.06,-18.02,-7.90,173.68,53.484,54.782,-11.2922,-9.1357,74.27,34.41,-12.0778,-8.8292,,,0.20223,0
173.2546,58,10,1,1,67.00,129.67,capture,92.25,74.00,61.13,0,178.938,7.731,179.825,-18.43,21.07,147.02,-18.27,-7.09,173.20,53.078,54.303,-12.5250,-8.4461,92.25,74.00,-12.2790,-8.6568,,,0.17191,0
173.3621,58,10,1,1,67.00,129.67,capture,67.79,60.14,69.53,0,178.959,7.851,179.840,-18.43,21.02,146.93,-17.53,-7.18,173.44,53.236,54.432,-12.6685,-9.8071,67.79,60.14,-12.4543,-9.1744,,,0.19804,0
173.4632,58,10,1,1,67.00,129.67,capture,71.10,56.38,73.40,0,178.818,7.632,179.835,-18.40,20.98,147.26,-17.87,-7.92,173.64,53.424,54.379,-11.7607,-9.8735,71.10,56.38,-12.1422,-9.4890,,,0.18738,0
173.5589,58,10,1,1,67.00,129.67,capture,87.43,71.09,62.04,0,178.764,7.496,179.833,-18.54,21.10,147.35,-18.11,-7.05,173.16,53.340,54.040,-12.4699,-9.0834,87.43,71.09,-12.2897,-9.3065,,,0.19588,0
173.6516,58,10,1,1,67.00,129.67,capture,86.63,45.01,86.90,0,178.818,7.658,179.862,-18.51,20.90,147.30,-18.25,-7.45,173.38,53.286,54.350,-11.9531,-9.1247,86.63,45.01,-12.1382,-9.2247,,,0.19467,0
173.7415,58,10,1,1,67.00,129.67,capture,75.95,60.90,69.35,0,178.804,7.667,179.864,-18.37,20.89,147.04,-18.27,-8.13,173.13,52.933,54.304,-12.4542,-9.2314,75.95,60.90,-12.2804,-9.2277,,,0.21183,0
173.8267,58,10,1,1,67.00,129.67,capture,75.58,63.04,67.18,0,178.886,7.723,179.828,-18.32,20.80,147.26,-17.85,-8.34,173.29,52.997,54.263,-12.0995,-9.6217,75.58,63.04,-12.1990,-9.4050,,,0.20161,0
173.9133,58,10,1,1,67.00,129.67,capture,94.24,76.23,59.98,0,178.997,7.735,179.847,-18.30,20.90,147.40,-17.96,-8.42,173.74,53.074,53.826,-13.5361,-8.1987,94.24,76.23,-12.8007,-8.8622,,,0.19745,0
174.0102,58,10,1,1,67.00,129.67,capture,73.52,52.47,77.47,0,179.014,7.720,179.810,-18.25,20.95,147.52,-17.62,-7.51,173.78,53.569,54.381,-11.5408,-9.1060,73.52,52.47,-12.2338,-8.9719,,,0.21697,0
174.1034,58,10,1,1,67.00,129.67,capture,77.84,59.49,71.01,0,179.092,7.616,179.820,-18.24,20.98,147.65,-17.71,-7.53,174.40,53.580,54.194,-11.8866,-9.5016,77.84,59.49,-12.0775,-9.2103,,,0.22627,0
174.2267,58,10,1,1,67.00,129.67,capture,64.12,58.61,71.12,0,179.134,7.759,179.836,-18.35,20.88,147.62,-17.58,-7.43,174.20,53.888,53.294,-11.6553,-9.8579,64.12,58.61,-11.8875,-9.5017,,,0.24496,0
174.3280,58,10,1,1,67.00,129.67,capture,87.63,76.89,56.67,0,179.305,7.818,179.809,-18.39,20.90,147.48,-17.97,-7.97,173.95,54.054,53.788,-12.8618,-8.7898,87.63,76.89,-12.3259,-9.1813,,,0.19100,0
174.4126,58,10,1,1,67.00,129.67,capture,79.44,73.11,57.91,0,179.157,7.718,179.831,-18.44,20.84,147.18,-17.72,-7.91,173.79,53.758,53.784,-12.5575,-9.6835,79.44,73.11,-12.4301,-9.4073,,,0.19659,0
174.5209,58,10,1,1,67.00,129.67,capture,78.25,56.18,74.34,0,179.058,7.733,179.856,-18.61,20.76,147.10,-17.96,-7.50,172.98,53.736,53.945,-12.2116,-9.2878,78.25,56.18,-12.3318,-9.3535,,,0.20997,0
174.6175,58,10,1,1,67.00,129.67,capture,87.74,58.38,74.24,0,179.035,7.734,179.869,-18.74,20.71,147.26,-18.17,-8.41,173.04,53.595,54.318,-12.1477,-8.5962,87.74,58.38,-12.2490,-9.0128,,,0.19355,0
174.7211,58,10,1,1,67.00,129.67,capture,77.91,73.89,56.83,0,179.013,7.783,179.875,-18.59,20.68,147.61,-18.06,-7.97,173.72,53.588,54.167,-12.1177,-9.2064,77.91,73.89,-12.1899,-9.0999,,,0.22543,0
174.9042,59,58,6,4,201.00,561.89,dwell,-24.73,82.82,529.59,0,178.997,7.741,179.883,-18.54,20.78,147.85,-17.85,-8.13,174.03,53.369,54.305,-12.1786,-14.0523,-24.73,82.82,-12.1786,-14.0523,,,0.21327,0
175.0057,59,58,6,4,201.00,561.89,dwell,79.70,239.42,344.53,0,179.009,7.887,179.886,-18.59,20.75,147.59,-18.28,-7.80,173.97,53.936,54.309,-18.7261,-9.8460,79.70,239.42,-15.1250,-12.1595,,,0.21130,0
175.0964,59,58,6,4,201.00,561.89,dwell,94.58,291.08,290.97,0,179.025,7.786,179.879,-18.58,20.85,147.20,-17.64,-7.19,173.45,53.723,54.614,-20.7519,-7.9921,94.58,291.08,-17.6571,-10.2842,,,0.21478,0
175.1784,59,58,6,4,201.00,561.89,dwell,-0.21,190.67,422.24,0,179.021,7.847,179.871,-18.59,20.97,147.19,-18.20,-7.22,172.94,53.164,54.402,-17.0001,-13.2377,-0.21,190.67,-17.3615,-11.6133,,,0.17909,0
175.2771,59,58,6,4,201.00,561.89,dwell,137.46,297.79,271.63,0,179.015,7.928,179.854,-18.54,20.98,147.12,-17.62,-6.86,173.49,53.178,54.382,-21.4477,-6.6079,137.46,297.79,-19.2003,-9.3608,,,0.19211,0
175.3591,59,58,6,4,201.00,561.89,dwell,88.89,305.85,279.51,0,179.082,7.984,179.862,-18.64,20.81,147.22,-18.07,-7.79,173.31,53.247,54.376,-21.5189,-8.1306,88.89,305.85,-20.2436,-8.8072,,,0.19060,0
175.4507,59,58,6,4,201.00,561.89,dwell,152.97,371.87,196.00,0,178.997,8.114,179.889,-18.52,20.87,147.30,-17.92,-6.95,173.49,53.830,53.971,-24.9650,-6.3813,152.97,371.87,-22.3682,-7.7155,,,0.20654,0
175.5435,59,58,6,4,201.00,561.89,dwell,123.51,325.73,248.55,0,178.986,8.214,179.863,-18.61,20.93,147.38,-18.41,-7.97,173.87,53.966,54.163,-22.6440,-7.4947,123.51,325.73,-22.4923,-7.6162,,,0.21556,0
175.6351,59,58,6,4,201.00,561.89,dwell,130.41,339.25,233.56,0,179.035,8.145,179.845,-18.59,20.91,147.50,-18.51,-8.17,173.61,54.095,53.959,-22.8040,-6.7743,130.41,339.25,-22.6326,-7.2374,,,0.23265,0
175.7325,59,58,6,4,201.00,561.89,dwell,136.41,356.80,215.02,0,178.961,8.255,179.841,-18.50,20.94,147.38,-18.19,-7.60,172.97,54.030,54.258,-23.3398,-6.3162,136.41,356.80,-22.9509,-6.8228,,,0.23243,0
175.8374,59,58,6,4,201.00,561.89,capture,152.20,395.38,173.51,0,179.034,8.239,179.833,-18.56,20.81,147.35,-18.13,-7.39,173.72,53.772,54.273,-25.1708,-5.2130,152.20,395.38,-23.9498,-6.0984,,,0.20202,0
175.9403,59,58,6,4,201.00,561.89,capture,165.18,408.03,157.97,0,179.017,8.200,179.808,-18.51,20.84,147.01,-17.73,-8.09,172.52,53.555,54.226,-26.5205,-5.4206,165.18,408.03,-25.1066,-5.7934,,,0.23835,0
176.0415,59,58,6,4,201.00,561.89,capture,149.81,415.49,155.09,0,178.993,8.256,179.801,-18.64,20.93,147.05,-18.27,-8.20,173.56,53.909,54.073,-25.2002,-5.0865,149.81,415.49,-25.1487,-5.4753,,,0.20725,0
176.1528,59,58,6,4,201.00,561.89,capture,177.73,395.27,168.24,0,178.920,8.328,179.793,-18.63,20.78,147.20,-18.07,-7.89,173.58,53.775,54.314,-24.9027,-5.0587,177.73,395.27,-25.0380,-5.2878,,,0.22193,0
176.2496,59,58,6,4,201.00,561.89,capture,122.92,372.83,204.55,0,178.917,8.426,179.800,-18.57,20.92,147.09,-17.90,-7.43,172.61,53.710,54.677,-23.7379,-7.1955,122.92,372.83,-24.4530,-6.1463,,,0.24159,0
176.3575,59,58,6,4,201.00,561.89,capture,140.84,413.54,160.08,0,179.000,8.502,179.812,-18.43,21.05,147.28,-18.18,-7.57,173.62,53.517,54.850,-24.4755,-6.5816,140.84,413.54,-24.4631,-6.3422,,,0.21747,0
176.4602,59,58,6,4,201.00,561.89,capture,158.95,381.61,185.12,0,178.996,8.590,179.815,-18.26,21.27,147.27,-17.89,-7.50,173.32,53.734,55.005,-25.2731,-5.6203,158.95,381.61,-24.8276,-6.0173,,,0.21247,0
176.5645,59,58,6,4,201.00,561.89,capture,153.18,404.77,164.23,0,178.999,8.506,179.835,-18.26,21.28,147.13,-18.17,-7.29,173.48,53.554,54.873,-26.0552,-5.4745,153.18,404.77,-25.3800,-5.7731,,,0.19325,0
176.6663,59,58,6,4,201.00,561.89,capture,163.60,414.65,151.91,0,178.963,8.596,179.825,-18.34,21.21,147.02,-16.98,-6.66,173.16,53.212,54.705,-26.3192,-4.7258,163.60,414.65,-25.8026,-5.3018,,,0.20329,0
176.7861,59,58,6,4,201.00,561.89,capture,153.26,405.24,163.76,0,178.984,8.656,179.836,-18.23,21.15,147.32,-18.39,-7.53,173.54,52.921,54.451,-27.0473,-5.5556,153.26,405.24,-26.3627,-5.4160,,,0.20902,0
176.8777,59,58,6,4,201.00,561.89,capture,152.64,393.38,175.31,0,178.925,8.754,179.818,-18.12,21.03,147.07,-17.73,-7.30,173.19,53.311,54.273,-24.9360,-5.4108,152.64,393.38,-25.7207,-5.4137,,,0.20387,0
176.9794,59,58,6,4,201.00,561.89,capture,148.13,388.81,180.97,0,178.877,8.704,179.817,-18.20,20.79,146.99,-17.78,-8.54,173.52,53.039,53.968,-25.5605,-5.9381,148.13,388.81,-25.6486,-5.6497,,,0.17197,0
177.0794,59,58,6,4,201.00,561.89,capture,126.73,413.31,166.11,0,178.992,8.565,179.825,-18.29,20.82,147.01,-17.90,-8.40,172.90,53.522,53.796,-26.0545,-7.4210,126.73,413.31,-25.8313,-6.4468,,,0.21653,0
177.1800,59,58,6,4,201.00,561.89,capture,158.80,409.27,158.35,0,178.954,8.480,179.775,-18.26,20.80,147.03,-17.51,-6.98,173.18,53.133,54.084,-25.9904,-5.5558,158.80,409.27,-25.9029,-6.0458,,,0.22670,0
177.2804,59,58,6,4,201.00,561.89,capture,147.12,399.83,170.78,0,178.990,8.650,179.804,-18.41,20.75,146.88,-17.92,-7.93,172.57,53.527,54.406,-25.8990,-6.8699,147.12,399.83,-25.9011,-6.4167,,,0.18374,0
177.3890,59,58,6,4,201.00,561.89,capture,153.85,412.65,156.51,0,178.964,8.723,179.770,-18.42,20.54,147.08,-18.84,-7.08,173.20,53.546,54.217,-25.4992,-5.2872,153.85,412.65,-25.7203,-5.9084,,,0.20846,0
177.4796,59,58,6,4,201.00,561.89,capture,159.94,395.23,171.64,0,178.899,8.578,179.783,-18.32,20.45,146.88,-17.48,-8.25,172.53,53.578,53.972,-25.1432,-4.9963,159.94,395.23,-25.4606,-5.4980,,,0.20409,0
177.5705,59,58,6,4,201.00,561.89,capture,150.87,412.00,158.05,0,178.824,8.746,179.762,-18.25,20.45,146.95,-17.97,-8.22,172.94,53.510,54.112,-25.9372,-6.2415,150.87,412.00,-25.6751,-5.8326,,,0.17706,0
177.6706,59,58,6,4,201.00,561.89,capture,150.14,388.00,181.17,0,178.797,8.827,179.798,-18.20,20.56,146.88,-17.44,-7.69,172.68,53.622,53.707,-25.0635,-5.4577,150.14,388.00,-25.3998,-5.6639,,,0.22645,0
177.7526,59,58,6,4,201.00,561.89,capture,151.22,414.74,155.34,0,178.838,8.759,179.813,-18.06,20.50,146.98,-17.81,-8.02,173.08,53.790,53.741,-25.5295,-5.6729,151.22,414.74,-25.4582,-5.6679,,,0.22625,0
177.8712,59,58,6,4,201.00,561.89,capture,148.59,396.24,173.74,0,178.823,8.649,179.822,-18.08,20.50,146.87,-17.73,-8.07,173.18,53.685,53.744,-25.0624,-5.8965,148.59,396.24,-25.2801,-5.7708,,,0.21134,0
178.0736,60,18,2,0,22.33,216.11,dwell,64.65,279.53,76.24,0,178.757,8.510,179.839,-17.93,20.43,146.80,-17.21,-7.58,173.05,53.210,53.745,-20.5399,-9.7877,64.65,279.53,-20.5399,-9.7877,,,0.19851,0
178.1875,60,18,2,0,22.33,216.11,dwell,121.79,399.75,208.84,0,178.872,8.322,179.791,-17.91,20.52,146.97,-17.18,-8.28,172.91,53.429,53.765,-25.3520,-7.1031,121.79,399.75,-22.7054,-8.5796,,,0.21435,0
178.2975,60,18,2,0,22.33,216.11,dwell,113.49,413.95,217.83,0,178.868,8.311,179.816,-18.09,20.57,147.04,-17.98,-8.13,173.49,53.620,54.003,-25.8587,-7.9360,113.49,413.95,-24.1243,-8.2900,,,0.21445,0
178.3843,60,18,2,0,22.33,216.11,dwell,40.44,381.49,166.37,0,178.872,8.341,179.812,-18.10,20.59,147.09,-18.07,-8.61,173.65,53.693,54.169,-24.9001,-10.9668,40.44,381.49,-24.4735,-9.4945,,,0.22717,0
178.4887,60,18,2,0,22.33,216.11,dwell,110.53,305.98,125.92,0,178.919,8.278,179.786,-18.08,20.48,147.22,-17.89,-8.89,173.87,53.792,54.613,-21.8995,-7.9137,110.53,305.98,-23.3152,-8.7832,,,0.23992,0
178.5823,60,18,2,0,22.33,216.11,dwell,25.41,324.21,108.14,0,178.911,8.141,179.773,-18.10,20.37,147.11,-17.57,-8.36,173.29,53.828,54.270,-23.0128,-11.7906,25.41,324.21,-23.1791,-10.1365,,,0.22399,0
178.7039,60,18,2,0,22.33,216.11,dwell,70.55,367.27,158.66,0,178.991,7.957,179.754,-18.10,20.29,146.99,-17.93,-8.36,172.83,53.823,53.810,-25.2445,-9.6185,70.55,367.27,-24.1085,-9.9034,,,0.21863,0
178.8060,60,18,2,0,22.33,216.11,dwell,91.23,346.39,147.37,0,178.934,7.898,179.777,-18.08,20.28,146.78,-17.77,-8.82,172.82,53.466,54.073,-23.1231,-8.9417,91.23,346.39,-23.6651,-9.4706,,,0.18903,0
178.9054,60,18,2,0,22.33,216.11,dwell,55.03,369.36,156.70,0,178.795,7.962,179.760,-18.04,20.46,146.93,-17.70,-7.75,173.10,53.452,54.364,-24.0681,-10.5478,55.03,369.36,-23.8464,-9.9554,,,0.21313,0
179.0111,60,18,2,0,22.33,216.11,dwell,95.54,333.61,138.44,0,178.876,7.861,179.771,-18.10,20.55,146.95,-17.31,-7.85,173.00,53.437,54.203,-22.6117,-8.4983,95.54,333.61,-23.2908,-9.2997,,,0.20939,0
179.0961,60,18,2,0,22.33,216.11,capture,83.51,331.38,130.50,0,178.946,7.854,179.775,-18.17,20.58,147.16,-17.85,-7.91,173.04,53.624,54.228,-22.8098,-8.3601,83.51,331.38,-23.0744,-8.8769,,,0.21931,0
179.1946,60,18,2,0,22.33,216.11,capture,79.04,317.26,115.96,0,178.921,7.711,179.749,-18.18,20.72,147.32,-18.06,-8.07,173.80,53.544,54.420,-21.6872,-9.6860,79.04,317.26,-22.4501,-9.2410,,,0.16908,0
179.2993,60,18,2,0,22.33,216.11,capture,84.55,317.58,119.02,0,178.994,7.740,179.762,-18.36,20.70,147.41,-17.42,-7.79,173.63,53.786,54.374,-21.9421,-8.6529,84.55,317.58,-22.2215,-8.9764,,,0.21267,0
179.3917,60,18,2,0,22.33,216.11,capture,91.65,315.14,120.88,0,178.877,7.955,179.814,-18.33,20.64,147.51,-17.94,-8.02,173.49,53.880,54.437,-20.8221,-8.7303,91.65,315.14,-21.5918,-8.8656,,,0.21566,0
179.4895,60,18,2,0,22.33,216.11,capture,100.76,332.49,140.34,0,178.894,7.930,179.800,-18.27,20.58,147.84,-17.57,-7.66,174.64,53.884,54.184,-22.2836,-8.1890,100.76,332.49,-21.9031,-8.5611,,,0.21754,0
179.5824,60,18,2,0,22.33,216.11,capture,99.47,329.24,136.92,0,178.921,7.991,179.779,-18.30,20.59,147.85,-17.44,-8.00,174.30,53.847,54.122,-22.6650,-8.0094,99.47,329.24,-22.2459,-8.3128,,,0.21574,0
179.6902,60,18,2,0,22.33,216.11,capture,78.57,355.19,150.02,0,178.857,8.103,179.827,-18.25,20.67,147.71,-17.56,-7.21,174.19,53.947,53.979,-23.2186,-9.1134,78.57,355.19,-22.6837,-8.6731,,,0.21977,0
179.7903,60,18,2,0,22.33,216.11,capture,74.71,313.71,110.76,0,178.972,7.919,179.798,-18.19,20.62,147.61,-17.72,-7.88,174.02,54.288,54.079,-22.4692,-9.1282,74.71,313.71,-22.5872,-8.8779,,,0.21561,0
179.8804,60,18,2,0,22.33,216.11,capture,80.40,310.86,111.13,0,178.966,7.943,179.811,-18.23,20.48,147.41,-17.77,-7.78,174.27,54.189,54.317,-22.2524,-8.7816,80.40,310.86,-22.4365,-8.8345,,,0.24689,0
179.9766,60,18,2,0,22.33,216.11,capture,87.74,308.30,113.03,0,178.892,8.009,179.849,-18.15,20.48,147.39,-17.33,-7.82,173.61,53.957,53.922,-21.6170,-8.7290,87.74,308.30,-22.0677,-8.7870,,,0.22935,0
180.0729,60,18,2,0,22.33,216.11,capture,88.89,309.57,114.74,0,178.914,8.123,179.831,-18.29,20.51,147.34,-18.22,-7.59,173.48,54.240,53.996,-21.6118,-8.0175,88.89,309.57,-21.8626,-8.4407,,,0.23670,0
180.1637,60,18,2,0,22.33,216.11,capture,88.00,328.83,130.45,0,178.982,8.128,179.835,-18.21,20.66,147.38,-18.08,-7.24,173.86,53.854,53.818,-21.7130,-7.9850,88.00,328.83,-21.7953,-8.2357,,,0.20982,0
180.2605,60,18,2,0,22.33,216.11,capture,63.11,316.35,108.22,0,179.062,7.980,179.814,-18.17,20.53,147.38,-17.70,-7.69,173.53,54.199,54.061,-21.6346,-10.4426,63.11,316.35,-21.7229,-9.2288,,,0.22980,0
180.3759,60,18,2,0,22.33,216.11,capture,96.63,312.05,121.34,0,179.024,7.917,179.841,-18.12,20.63,147.04,-17.80,-8.04,173.09,54.244,54.065,-21.7883,-8.2983,96.63,312.05,-21.7523,-8.8100,,,0.21934,0
180.4735,60,18,2,0,22.33,216.11,capture,81.26,296.41,99.60,0,178.961,7.978,179.833,-18.11,20.65,146.99,-17.62,-8.19,173.26,54.077,54.099,-21.8150,-8.7760,81.26,296.41,-21.7805,-8.7947,,,0.22416,0
180.5902,60,18,2,0,22.33,216.11,capture,80.27,305.41,106.45,0,178.974,7.993,179.800,-18.22,20.86,146.92,-18.00,-7.12,173.34,53.799,54.029,-21.3162,-8.9732,80.27,305.41,-21.5716,-8.8750,,,0.20277,0
180.6810,60,18,2,0,22.33,216.11,capture,91.19,329.88,132.98,0,178.854,8.067,179.810,-18.22,20.92,147.14,-18.18,-8.09,173.78,53.561,54.203,-21.5437,-8.6310,91.19,329.88,-21.5590,-8.7652,,,0.20095,0
180.7847,60,18,2,0,22.33,216.11,capture,101.60,317.56,128.74,0,178.929,8.044,179.845,-18.10,20.85,147.11,-17.41,-8.09,173.22,53.195,54.123,-23.1852,-8.1329,101.60,317.56,-22.2908,-8.4807,,,0.19574,0
180.8728,60,18,2,0,22.33,216.11,capture,79.40,314.50,113.74,0,178.995,8.084,179.840,-18.09,20.65,147.09,-17.33,-8.32,172.89,53.441,54.466,-21.4927,-9.3957,79.40,314.50,-21.9317,-8.8924,,,0.21175,0
180.9743,60,18,2,0,22.33,216.11,capture,81.05,312.50,112.86,0,178.851,8.074,179.860,-18.10,20.70,147.20,-17.96,-7.19,173.70,53.326,54.444,-22.0410,-8.6797,81.05,312.50,-21.9808,-8.7967,,,0.20493,0
181.1350,61,38,4,2,111.67,389.00,dwell,217.17,260.60,166.19,0,178.753,8.008,179.828,-18.09,20.64,147.23,-18.05,-8.04,173.72,53.881,54.554,-19.4353,-2.6811,217.17,260.60,-19.4353,-2.6811,,,0.20829,0
181.2396,61,38,4,2,111.67,389.00,dwell,128.00,152.99,236.57,0,178.795,8.200,179.791,-18.21,20.45,147.39,-17.54,-7.98,173.97,54.020,54.381,-16.0062,-7.4044,128.00,152.99,-17.8922,-4.8066,,,0.21179,0
181.3216,61,38,4,2,111.67,389.00,dwell,147.83,230.64,162.44,0,178.797,8.299,179.815,-18.31,20.58,147.31,-17.27,-7.62,173.60,54.078,53.790,-18.4812,-5.7644,147.83,230.64,-18.1572,-5.2376,,,0.20945,0
181.4300,61,38,4,2,111.67,389.00,dwell,106.05,174.49,214.58,0,178.846,8.345,179.828,-18.29,20.56,147.64,-17.94,-7.00,173.90,53.825,53.775,-15.8574,-8.2793,106.05,174.49,-17.1223,-6.6064,,,0.24122,0
181.5419,61,38,4,2,111.67,389.00,dwell,150.00,246.18,147.87,0,178.773,8.259,179.835,-18.33,20.69,147.57,-17.84,-7.80,173.70,53.867,53.792,-19.8415,-5.6526,150.00,246.18,-18.3460,-6.1772,,,0.22002,0
181.6333,61,38,4,2,111.67,389.00,dwell,145.45,198.92,193.06,0,178.919,8.117,179.814,-18.36,20.47,147.51,-17.28,-7.68,173.49,53.695,53.916,-18.2294,-6.6343,145.45,198.92,-18.2935,-6.3829,,,0.19192,0
181.7275,61,38,4,2,111.67,389.00,dwell,142.10,116.33,274.36,0,179.074,8.039,179.802,-18.27,20.61,147.32,-17.85,-8.51,173.85,53.488,53.917,-13.9204,-5.6399,142.10,116.33,-16.3256,-6.0485,,,0.21101,0
181.8294,61,38,4,2,111.67,389.00,dwell,145.57,233.47,159.18,0,178.972,7.957,179.812,-18.23,20.61,147.27,-17.70,-8.75,173.60,53.336,53.876,-18.8666,-6.1127,145.57,233.47,-17.4691,-6.0774,,,0.20468,0
181.9296,61,38,4,2,111.67,389.00,capture,175.01,140.05,256.88,0,178.933,7.948,179.800,-18.28,20.62,147.26,-18.07,-8.30,173.93,53.178,53.685,-15.4449,-4.3277,175.01,140.05,-16.5582,-5.2900,,,0.17350,0
182.0287,61,38,4,2,111.67,389.00,capture,158.42,151.85,241.71,0,178.960,8.044,179.791,-18.42,20.63,147.30,-18.25,-7.49,173.46,53.521,53.668,-15.8008,-5.3878,158.42,151.85,-16.2174,-5.3340,,,0.20218,0
182.1323,61,38,4,2,111.67,389.00,capture,142.08,160.11,230.90,0,178.850,7.987,179.812,-18.35,20.67,147.57,-18.26,-6.62,174.12,53.521,53.559,-16.0187,-6.4136,142.08,160.11,-16.1280,-5.8198,,,0.19409,0
182.2206,61,38,4,2,111.67,389.00,capture,152.09,156.28,236.20,0,178.892,8.080,179.788,-18.37,20.62,147.39,-17.91,-7.90,173.82,53.372,53.972,-15.2004,-6.4145,152.09,156.28,-15.7106,-6.0874,,,0.19853,0
182.3026,61,38,4,2,111.67,389.00,capture,151.81,145.74,246.55,0,178.813,8.017,179.811,-18.27,20.67,147.71,-18.10,-7.51,173.65,53.576,54.088,-15.8701,-5.0987,151.81,145.74,-15.7823,-5.6425,,,0.22008,0
182.4172,61,38,4,2,111.67,389.00,capture,163.76,140.82,253.59,0,178.866,7.968,179.789,-18.19,20.51,147.90,-18.45,-8.37,174.46,54.012,54.029,-15.3461,-5.7222,163.76,140.82,-15.5860,-5.6784,,,0.21326,0
182.5155,61,38,4,2,111.67,389.00,capture,153.85,131.22,261.21,0,178.969,8.057,179.807,-18.22,20.75,147.51,-17.36,-8.01,173.95,53.549,54.002,-14.6644,-4.7511,153.85,131.22,-15.1713,-5.2611,,,0.21850,0
182.6205,61,38,4,2,111.67,389.00,capture,134.09,144.51,245.52,0,179.105,8.076,179.827,-18.33,20.89,147.74,-17.21,-7.76,173.78,53.861,54.152,-15.5456,-6.7134,134.09,144.51,-15.3397,-5.9147,,,0.21391,0
182.7185,61,38,4,2,111.67,389.00,capture,133.12,142.42,247.51,0,179.160,7.996,179.846,-18.42,20.89,147.60,-18.05,-7.30,173.73,53.856,53.876,-15.2671,-7.2688,133.12,142.42,-15.3071,-6.5240,,,0.19601,0
182.8267,61,38,4,2,111.67,389.00,capture,143.74,155.06,236.13,0,179.136,7.966,179.867,-18.24,20.92,147.71,-17.94,-7.74,174.19,53.473,53.683,-16.2222,-6.5206,143.74,155.06,-15.7189,-6.5225,,,0.18931,0
182.9367,61,38,4,2,111.67,389.00,capture,139.94,162.07,228.68,0,179.107,8.002,179.838,-18.18,20.94,147.65,-17.24,-7.68,174.49,53.467,53.666,-16.7450,-6.2429,139.94,162.07,-16.1806,-6.3967,,,0.19557,0
183.0187,61,38,4,2,111.67,389.00,capture,152.07,135.92,256.28,0,179.062,8.019,179.813,-18.24,20.92,147.59,-18.02,-6.54,174.36,53.738,53.651,-15.2080,-5.9566,152.07,135.92,-15.7430,-6.1986,,,0.22249,0
183.1224,61,38,4,2,111.67,389.00,capture,146.77,128.68,262.68,0,178.937,8.174,179.834,-18.30,20.76,147.63,-18.11,-7.97,174.07,54.058,53.424,-14.5858,-6.7383,146.77,128.68,-15.2222,-6.4415,,,0.22541,0
183.2260,61,38,4,2,111.67,389.00,capture,149.80,155.31,236.78,0,178.990,8.203,179.834,-18.38,20.83,147.56,-18.01,-7.82,173.93,54.255,53.773,-16.2630,-6.0350,149.80,155.31,-15.6906,-6.2586,,,0.21605,0
183.3302,61,38,4,2,111.67,389.00,capture,147.48,123.60,267.81,0,179.031,8.108,179.835,-18.31,20.86,147.43,-17.49,-6.96,173.85,53.986,53.958,-15.9267,-6.6034,147.48,123.60,-15.7969,-6.4137,,,0.22460,0
183.4258,61,38,4,2,111.67,389.00,capture,147.58,169.42,222.50,0,178.932,8.209,179.849,-18.40,20.59,147.45,-17.75,-7.96,174.13,53.911,53.946,-16.5091,-6.1584,147.58,169.42,-16.1174,-6.2988,,,0.21231,0
183.5344,61,38,4,2,111.67,389.00,capture,157.27,153.23,240.14,0,178.992,8.245,179.805,-18.41,20.45,147.23,-18.10,-8.20,173.55,53.904,54.388,-16.6906,-5.6525,157.27,153.23,-16.3753,-6.0080,,,0.21270,0
183.6383,61,38,4,2,111.67,389.00,capture,153.49,154.19,238.51,0,178.924,8.318,179.825,-18.48,20.52,147.04,-18.04,-8.48,173.45,53.953,54.391,-16.1798,-5.8449,153.49,154.19,-16.2873,-5.9346,,,0.21655,0
183.7619,61,38,4,2,111.67,389.00,capture,160.65,132.22,261.41,0,178.786,8.355,179.797,-18.55,20.57,147.04,-18.12,-7.16,173.45,54.320,54.557,-15.6840,-5.4127,160.65,132.22,-16.0158,-5.6998,,,0.23103,0
183.8759,61,38,4,2,111.67,389.00,capture,149.38,132.89,258.87,0,178.908,8.149,179.857,-18.49,20.83,147.07,-17.81,-7.76,172.97,54.394,54.241,-15.3239,-6.1468,149.38,132.89,-15.7045,-5.9009,,,0.23848,0
184.0867,62,60,6,6,290.33,561.89,dwell,290.40,166.73,395.16,0,178.945,8.211,179.816,-18.28,20.81,147.04,-17.75,-7.86,173.56,54.243,54.182,-15.9934,0.7792,290.40,166.73,-15.9934,0.7792,,,0.23512,0
184.1844,62,60,6,6,290.33,561.89,dwell,97.96,280.90,340.53,0,178.889,8.145,179.832,-18.08,20.90,147.20,-16.99,-8.25,173.76,54.076,54.096,-20.8179,-8.6918,97.96,280.90,-18.1644,-3.4828,,,0.21780,0
184.2764,62,60,6,6,290.33,561.89,dwell,222.78,327.52,243.91,0,178.746,8.136,179.832,-18.18,21.01,147.15,-17.96,-7.79,173.38,54.129,53.988,-22.5030,-2.2102,222.78,327.52,-20.1168,-2.9101,,,0.21338,0
184.3584,62,60,6,6,290.33,561.89,dwell,110.33,523.59,184.03,0,178.653,8.177,179.819,-18.27,21.01,147.09,-17.97,-7.52,173.01,53.803,53.813,-29.6347,-8.2589,110.33,523.59,-24.3998,-5.3171,,,0.19648,0
184.4696,62,60,6,6,290.33,561.89,dwell,205.69,539.57,87.54,0,178.685,8.097,179.769,-18.43,21.01,147.00,-18.12,-7.81,173.33,53.581,53.981,-30.7391,-3.4233,205.69,539.57,-27.2525,-4.4649,,,0.20954,0
184.5889,62,60,6,6,290.33,561.89,dwell,267.53,485.42,79.80,0,178.712,8.109,179.758,-18.33,20.95,146.78,-17.80,-7.41,172.47,53.874,54.169,-28.5352,-0.6433,267.53,485.42,-27.8297,-2.7452,,,0.19253,0
184.6979,62,60,6,6,290.33,561.89,dwell,278.29,537.16,27.51,1,178.708,8.128,179.752,-18.27,20.81,146.58,-18.03,-7.27,172.25,54.022,54.508,-30.3149,-0.2589,278.29,537.16,-28.9480,-1.6264,,,0.22126,0
184.8187,62,60,6,6,290.33,561.89,dwell,236.54,625.91,83.62,0,178.805,8.239,179.741,-18.35,20.76,146.81,-18.10,-7.45,172.56,54.063,54.294,-35.1893,-2.0667,236.54,625.91,-31.7566,-1.8245,,,0.22518,0
184.9007,62,60,6,6,290.33,561.89,capture,255.86,642.52,87.69,0,178.881,8.287,179.752,-18.40,20.62,147.06,-17.70,-7.35,173.42,54.225,53.947,-34.6496,-0.1993,255.86,642.52,-33.0585,-1.0932,,,0.22896,0
185.0041,62,60,6,6,290.33,561.89,capture,262.63,623.15,67.23,0,178.801,8.206,179.764,-18.47,20.92,147.22,-17.41,-7.68,173.87,54.125,54.039,-34.2107,-0.5930,262.63,623.15,-33.5770,-0.8681,,,0.20602,0
185.1093,62,60,6,6,290.33,561.89,capture,260.51,652.89,95.76,0,178.812,8.192,179.765,-18.31,20.90,147.51,-18.19,-7.14,173.97,54.047,54.056,-35.7930,-0.6630,260.51,652.89,-34.5742,-0.7758,,,0.22857,0
185.2127,62,60,6,6,290.33,561.89,capture,250.82,601.70,56.09,0,178.713,8.221,179.798,-18.42,20.93,147.30,-17.59,-7.93,173.75,53.959,53.880,-33.6083,-0.5905,250.82,601.70,-34.1396,-0.6924,,,0.19512,0
185.3081,62,60,6,6,290.33,561.89,capture,250.67,626.18,75.54,0,178.778,8.304,179.810,-18.53,20.91,147.25,-17.49,-7.57,173.57,53.819,53.577,-33.6222,-1.0855,250.67,626.18,-33.9067,-0.8693,,,0.20129,0
185.4196,62,60,6,6,290.33,561.89,capture,272.69,635.46,75.66,0,178.820,8.405,179.806,-18.38,21.05,147.32,-18.48,-8.76,173.96,53.671,53.767,-34.4792,0.1352,272.69,635.46,-34.1644,-0.4173,,,0.21203,0
185.5142,62,60,6,6,290.33,561.89,capture,254.03,639.24,85.45,0,178.765,8.283,179.803,-18.34,20.98,147.28,-18.27,-7.36,173.22,53.359,53.776,-34.3130,-0.7881,254.03,639.24,-34.2312,-0.5842,,,0.22245,0
185.6131,62,60,6,6,290.33,561.89,capture,269.06,663.30,103.62,0,178.750,8.138,179.817,-18.26,20.89,147.51,-18.20,-7.25,173.90,53.512,53.533,-35.9010,-0.6937,269.06,663.30,-34.9826,-0.6335,,,0.20283,0
185.7189,62,60,6,6,290.33,561.89,capture,252.45,609.22,60.62,0,178.832,8.251,179.813,-18.20,20.97,147.46,-18.17,-7.83,173.95,53.577,53.982,-33.2951,-1.2450,252.45,609.22,-34.2232,-0.9087,,,0.20881,0
185.8015,62,60,6,6,290.33,561.89,capture,256.29,631.82,77.78,0,178.783,8.231,179.837,-18.24,20.94,147.47,-17.48,-7.30,173.49,53.815,54.124,-34.9671,-1.9377,256.29,631.82,-34.5580,-1.3717,,,0.19641,0
185.8911,62,60,6,6,290.33,561.89,capture,263.97,629.00,72.10,0,178.870,8.461,179.806,-18.21,20.78,147.53,-17.68,-7.86,173.91,53.823,54.153,-34.4000,-0.7887,263.97,629.00,-34.4869,-1.1094,,,0.21196,0
185.9858,62,60,6,6,290.33,561.89,capture,251.43,650.21,96.51,0,178.847,8.524,179.778,-18.12,20.78,147.37,-17.89,-7.52,173.64,53.973,53.802,-35.0388,-1.2932,251.43,650.21,-34.7353,-1.1921,,,0.22692,0
186.1041,62,60,6,6,290.33,561.89,capture,248.86,636.46,85.33,0,178.890,8.467,179.740,-18.25,20.72,147.52,-17.85,-8.25,173.63,53.599,53.676,-34.6855,-1.1437,248.86,636.46,-34.7129,-1.1703,,,0.19191,0
186.2092,62,60,6,6,290.33,561.89,capture,250.84,627.80,76.84,0,178.899,8.489,179.752,-18.19,20.71,147.73,-17.61,-7.45,174.60,53.592,54.082,-34.9017,-1.3036,250.84,627.80,-34.7979,-1.2303,,,0.22346,0
186.3113,62,60,6,6,290.33,561.89,capture,249.93,618.85,69.84,0,178.877,8.661,179.785,-18.21,20.75,147.69,-17.70,-8.68,173.79,53.697,54.411,-34.6955,-1.0810,249.93,618.85,-34.7518,-1.1631,,,0.19593,0
186.4437,62,60,6,6,290.33,561.89,capture,284.74,623.62,61.98,0,178.859,8.621,179.789,-18.29,20.76,147.74,-18.00,-7.86,174.10,53.779,53.989,-33.4255,-0.0338,284.74,623.62,-34.1550,-0.6549,,,0.22072,0
186.5388,62,60,6,6,290.33,561.89,capture,257.43,647.17,91.41,0,178.886,8.547,179.809,-18.39,20.57,147.73,-17.45,-7.58,174.33,53.904,53.860,-34.4806,-1.4760,257.43,647.17,-34.3015,-1.0244,,,0.23140,0
186.6233,62,60,6,6,290.33,561.89,capture,240.70,599.38,62.20,0,178.837,8.603,179.807,-18.42,20.76,147.88,-17.63,-8.26,174.51,53.994,54.086,-31.7432,-1.4155,240.70,599.38,-33.1503,-1.2004,,,0.23072,0
186.7215,62,60,6,6,290.33,561.89,capture,252.94,647.86,93.75,0,179.000,8.490,179.799,-18.46,20.64,147.76,-17.95,-7.44,174.08,53.704,54.175,-34.5412,-1.4973,252.94,647.86,-33.7762,-1.3340,,,0.20403,0
186.8270,62,60,6,6,290.33,561.89,capture,262.95,649.97,92.24,0,179.033,8.453,179.750,-18.42,20.71,147.70,-17.82,-7.85,173.77,53.566,54.253,-35.0174,-0.5025,262.95,649.97,-34.3347,-0.9598,,,0.22491,0
186.9872,63,29,3,2,111.67,302.56,dwell,302.58,644.21,391.38,0,178.845,8.416,179.780,-18.41,20.80,147.56,-18.10,-8.50,173.55,53.435,54.302,-35.6929,0.7716,302.58,644.21,-35.6929,0.7716,,,0.20299,0
187.0807,63,29,3,2,111.67,302.56,dwell,127.46,350.52,50.50,0,178.910,8.319,179.782,-18.40,20.87,147.79,-18.29,-7.28,174.19,53.630,54.405,-23.2978,-6.7029,127.46,350.52,-30.1151,-2.5919,,,0.23091,0
187.1767,63,29,3,2,111.67,302.56,dwell,253.42,405.55,175.22,0,178.981,8.142,179.792,-18.37,20.92,147.55,-17.67,-7.01,173.44,53.637,54.440,-25.1383,-1.0634,253.42,405.55,-27.8755,-1.9041,,,0.21059,0
187.2697,63,29,3,2,111.67,302.56,dwell,297.80,445.41,234.63,0,179.074,7.930,179.791,-18.22,20.72,147.56,-17.98,-8.31,173.58,53.787,54.265,-26.9016,0.6469,297.80,445.41,-27.4373,-0.7562,,,0.20625,0
187.3759,63,29,3,2,111.67,302.56,dwell,304.58,294.75,193.07,0,179.096,7.835,179.795,-18.14,20.82,147.39,-17.38,-7.50,173.88,54.007,53.948,-21.7122,1.3778,304.58,294.75,-24.8610,0.2041,,,0.21944,0
187.4722,63,29,3,2,111.67,302.56,dwell,149.98,346.28,58.14,0,179.011,7.783,179.804,-18.22,20.96,147.50,-18.02,-7.71,174.11,54.041,53.945,-23.0379,-5.6529,149.98,346.28,-24.0406,-2.4315,,,0.21734,0
187.5589,63,29,3,2,111.67,302.56,dwell,123.28,260.02,44.09,1,179.004,7.720,179.803,-18.24,20.82,147.36,-17.71,-7.68,173.89,54.039,53.884,-20.0255,-7.3340,123.28,260.02,-22.2338,-4.6377,,,0.23379,0
187.6750,63,29,3,2,111.67,302.56,dwell,190.90,260.44,89.73,0,178.901,7.777,179.794,-18.23,20.84,147.18,-18.41,-7.29,173.09,54.108,53.927,-19.7244,-3.9439,190.90,260.44,-21.1046,-4.3255,,,0.21090,0
187.7739,63,29,3,2,111.67,302.56,dwell,178.75,204.48,118.82,0,178.961,7.747,179.748,-18.28,20.77,147.21,-17.93,-7.64,173.33,54.139,53.880,-18.1331,-3.5940,178.75,204.48,-19.7674,-3.9963,,,0.23647,0
187.8662,63,29,3,2,111.67,302.56,capture,187.22,142.90,176.63,0,178.951,7.865,179.762,-18.33,20.85,147.29,-18.41,-7.58,173.42,53.784,53.939,-15.8425,-4.2297,187.22,142.90,-18.0012,-4.1013,,,0.21774,0
187.9831,63,29,3,2,111.67,302.56,capture,177.75,166.71,151.07,0,179.064,7.829,179.780,-18.33,20.74,146.98,-17.45,-7.54,173.21,53.623,53.601,-16.6237,-4.5006,177.75,166.71,-17.3813,-4.2810,,,0.22296,0
188.0790,63,29,3,2,111.67,302.56,capture,175.19,181.26,136.92,0,179.101,7.846,179.768,-18.36,20.60,147.10,-17.66,-7.72,173.13,53.711,53.673,-17.0187,-4.8340,175.19,181.26,-17.2182,-4.5299,,,0.20679,0
188.1985,63,29,3,2,111.67,302.56,capture,166.05,143.70,167.91,0,179.078,7.745,179.761,-18.42,20.51,147.14,-18.20,-8.09,173.02,53.666,53.663,-15.3099,-5.9277,166.05,143.70,-16.3594,-5.1589,,,0.17909,0
188.2979,63,29,3,2,111.67,302.56,capture,176.06,148.48,166.99,0,179.020,7.804,179.740,-18.51,20.44,147.19,-17.14,-7.80,173.67,53.777,53.518,-15.0151,-5.0449,176.06,148.48,-15.7545,-5.1076,,,0.21323,0
188.3996,63,29,3,2,111.67,302.56,capture,174.41,169.27,147.32,0,178.880,7.862,179.731,-18.61,20.56,147.28,-18.27,-7.99,172.68,53.552,53.702,-16.5082,-4.9005,174.41,169.27,-16.0937,-5.0144,,,0.19829,0
188.4986,63,29,3,2,111.67,302.56,capture,163.16,155.56,155.75,0,178.899,7.824,179.704,-18.73,20.70,147.15,-18.05,-7.24,173.56,53.465,53.824,-15.3983,-5.5783,163.16,155.56,-15.7807,-5.2681,,,0.19235,0
188.5865,63,29,3,2,111.67,302.56,capture,180.01,137.00,179.11,0,178.954,7.858,179.701,-18.92,20.85,147.13,-18.61,-8.17,173.00,53.845,53.917,-15.4607,-5.0369,180.01,137.00,-15.6367,-5.1641,,,0.22299,0
188.6873,63,29,3,2,111.67,302.56,capture,179.07,141.12,174.94,0,179.079,7.809,179.735,-18.95,20.97,147.07,-18.27,-7.84,172.95,53.901,53.861,-15.0087,-4.3002,179.07,141.12,-15.3541,-4.7753,,,0.23222,0
188.7981,63,29,3,2,111.67,302.56,capture,172.17,149.23,164.83,0,178.919,7.810,179.756,-18.85,20.98,147.24,-18.26,-7.26,173.50,53.597,54.043,-14.8467,-4.3911,172.17,149.23,-15.1258,-4.6024,,,0.21153,0
188.8995,63,29,3,2,111.67,302.56,capture,202.36,163.95,165.64,0,178.866,7.744,179.758,-18.64,21.01,147.30,-18.02,-7.21,173.76,53.796,54.142,-15.6503,-3.7139,202.36,163.95,-15.3618,-4.2026,,,0.20858,0
188.9988,63,29,3,2,111.67,302.56,capture,158.65,118.43,190.03,0,178.865,7.664,179.772,-18.66,20.90,147.30,-17.97,-8.78,173.65,53.991,53.960,-13.5608,-4.9717,158.65,118.43,-14.5514,-4.5487,,,0.23411,0
189.0962,63,29,3,2,111.67,302.56,capture,189.21,180.84,144.32,0,179.032,7.649,179.790,-18.56,20.91,147.29,-18.08,-7.71,174.25,53.941,54.429,-15.9976,-3.7769,189.21,180.84,-15.2021,-4.2014,,,0.19259,0
189.1782,63,29,3,2,111.67,302.56,capture,172.94,188.91,129.11,0,179.143,7.663,179.788,-18.59,21.04,147.30,-17.76,-7.06,173.41,54.208,54.343,-16.8679,-4.6355,172.94,188.91,-15.9517,-4.3968,,,0.21673,0
189.2676,63,29,3,2,111.67,302.56,capture,178.60,148.98,167.53,0,179.114,7.759,179.805,-18.54,20.93,147.00,-17.98,-7.83,173.62,54.352,54.726,-15.4798,-4.4327,178.60,148.98,-15.7393,-4.4129,,,0.21921,0
189.3864,63,29,3,2,111.67,302.56,capture,174.71,147.73,167.17,0,179.161,7.714,179.830,-18.55,20.94,147.28,-18.14,-7.32,173.36,54.235,54.487,-15.3797,-4.4665,174.71,147.73,-15.5775,-4.4370,,,0.23225,0
189.4914,63,29,3,2,111.67,302.56,capture,182.81,140.92,176.60,0,179.219,7.863,179.875,-18.54,20.84,147.11,-17.66,-7.55,173.17,54.038,54.281,-15.1847,-4.2914,182.81,140.92,-15.4007,-4.3715,,,0.24975,0
189.6053,63,29,3,2,111.67,302.56,capture,189.71,156.13,165.93,0,179.095,7.819,179.829,-18.49,20.69,147.13,-17.75,-7.81,173.92,54.041,54.208,-15.8368,-3.7791,189.71,156.13,-15.5970,-4.1049,,,0.22102,0
189.7073,63,29,3,2,111.67,302.56,capture,176.36,157.16,159.14,0,179.070,7.790,179.829,-18.53,20.65,147.07,-18.11,-7.99,172.71,54.191,54.383,-15.3396,-5.1773,176.36,157.16,-15.4812,-4.5875,,,0.20736,0
189.8181,63,29,3,2,111.67,302.56,capture,187.56,179.52,144.56,0,178.983,7.855,179.850,-18.46,20.54,147.40,-17.95,-7.22,173.36,54.206,54.230,-16.9767,-4.3347,187.56,179.52,-16.1541,-4.4737,,,0.19754,0
189.9935,64,47,5,2,111.67,475.44,dwell,140.57,231.61,245.54,0,179.018,7.759,179.827,-18.38,20.53,147.49,-18.18,-7.83,173.72,54.401,54.158,-18.9010,-6.0255,140.57,231.61,-18.9010,-6.0255,,,0.21547,0
190.0876,64,47,5,2,111.67,475.44,dwell,303.35,237.44,305.60,0,178.845,7.893,179.830,-18.35,20.45,147.35,-17.66,-8.27,173.97,54.234,53.796,-18.2902,0.9560,303.35,237.44,-18.6262,-2.8838,,,0.22395,0
190.1842,64,47,5,2,111.67,475.44,dwell,177.82,323.04,166.14,0,178.779,7.833,179.821,-18.28,20.41,147.77,-18.23,-8.28,174.03,54.323,54.119,-22.2309,-4.7611,177.82,323.04,-20.2483,-3.7286,,,0.22372,0
190.2726,64,47,5,2,111.67,475.44,dwell,184.73,417.91,93.00,0,178.760,7.787,179.857,-18.34,20.45,147.62,-17.86,-8.42,173.60,54.360,54.266,-26.2895,-4.5277,184.73,417.91,-22.9668,-4.0882,,,0.24053,0
190.3665,64,47,5,2,111.67,475.44,dwell,87.74,546.52,74.99,0,178.950,7.683,179.845,-18.27,20.43,147.39,-18.10,-8.68,173.56,54.239,53.951,-30.8986,-8.8838,87.74,546.52,-26.5361,-6.2462,,,0.21623,0
190.4485,64,47,5,2,111.67,475.44,dwell,175.99,549.27,97.92,0,178.918,7.872,179.846,-18.20,20.67,147.38,-17.79,-7.57,173.88,54.376,53.885,-30.4824,-4.7933,175.99,549.27,-28.3120,-5.5924,,,0.25597,0
190.5595,64,47,5,2,111.67,475.44,dwell,69.78,538.89,76.03,0,178.830,7.885,179.843,-18.18,20.69,147.36,-17.56,-7.03,173.53,54.333,54.021,-30.9311,-9.4881,69.78,538.89,-29.4906,-7.3455,,,0.20695,0
190.6435,64,47,5,2,111.67,475.44,dwell,130.36,587.70,113.80,0,178.747,7.933,179.868,-18.19,20.55,147.62,-17.76,-7.89,174.47,53.989,54.239,-31.6499,-6.1297,130.36,587.70,-30.4623,-6.7984,,,0.22869,0
190.7303,64,47,5,2,111.67,475.44,capture,150.45,622.41,152.00,0,178.805,7.989,179.893,-18.35,20.52,147.66,-17.58,-8.03,174.36,53.553,54.344,-33.7596,-5.3248,150.45,622.41,-31.9461,-6.1352,,,0.22851,0
190.8188,64,47,5,2,111.67,475.44,capture,143.63,608.91,137.24,0,178.842,8.033,179.871,-18.47,20.50,147.60,-17.88,-8.51,174.12,53.492,54.372,-33.1254,-5.9184,143.63,608.91,-32.4768,-6.0377,,,0.21355,0
190.9261,64,47,5,2,111.67,475.44,capture,118.51,603.10,127.84,0,178.826,8.094,179.868,-18.32,20.31,147.68,-18.00,-7.73,174.15,52.968,53.725,-33.1347,-8.1177,118.51,603.10,-32.7728,-6.9737,,,0.19834,0
191.0310,64,47,5,2,111.67,475.44,capture,124.58,634.97,160.05,0,178.930,8.202,179.844,-18.45,20.31,147.53,-17.55,-8.25,173.54,53.016,53.859,-33.9328,-6.8306,124.58,634.97,-33.2948,-6.9093,,,0.16978,0
191.1390,64,47,5,2,111.67,475.44,capture,157.26,623.53,154.95,0,178.919,8.225,179.841,-18.36,20.47,147.43,-18.20,-7.60,173.87,53.569,54.220,-34.2463,-6.4934,157.26,623.53,-33.7230,-6.7221,,,0.21547,0
191.2483,64,47,5,2,111.67,475.44,capture,121.81,599.10,124.07,0,178.987,8.384,179.792,-18.30,20.59,147.56,-17.89,-7.76,174.15,53.681,54.859,-33.5216,-7.7330,121.81,599.10,-33.6324,-7.1770,,,0.20803,0
191.3468,64,47,5,2,111.67,475.44,capture,115.26,613.15,137.75,0,179.080,8.289,179.802,-18.35,20.63,147.59,-17.31,-8.08,174.01,54.063,54.952,-34.1162,-7.9857,115.26,613.15,-33.8501,-7.5409,,,0.20981,0
191.4378,64,47,5,2,111.67,475.44,capture,118.19,601.54,126.26,0,178.965,8.335,179.819,-18.36,20.55,147.53,-17.79,-8.00,173.91,53.975,54.586,-32.4863,-7.9861,118.19,601.54,-33.2364,-7.7412,,,0.24832,0
191.5474,64,47,5,2,111.67,475.44,capture,142.58,594.65,123.15,0,178.998,8.323,179.791,-18.40,20.49,147.49,-17.84,-9.07,173.70,54.085,54.793,-34.0352,-6.1305,142.58,594.65,-33.5958,-7.0164,,,0.22956,0
191.6453,64,47,5,2,111.67,475.44,capture,173.33,594.50,134.08,0,178.967,8.419,179.789,-18.37,20.68,147.68,-18.12,-6.95,174.48,54.097,54.457,-32.3583,-4.4381,173.33,594.50,-33.0390,-5.8562,,,0.22937,0
191.7540,64,47,5,2,111.67,475.44,capture,130.84,619.85,145.67,0,178.847,8.314,179.783,-18.45,20.68,147.72,-17.80,-8.09,174.06,54.448,54.673,-33.5676,-6.7413,130.84,619.85,-33.2769,-6.2545,,,0.22620,0
191.8565,64,47,5,2,111.67,475.44,capture,124.60,634.17,159.25,0,178.829,8.290,179.763,-18.44,20.45,147.88,-18.31,-7.91,174.43,53.895,54.681,-35.2162,-7.5190,124.60,634.17,-34.1496,-6.8235,,,0.24007,0
191.9569,64,47,5,2,111.67,475.44,capture,148.57,619.19,148.41,0,178.918,8.421,179.783,-18.45,20.23,147.69,-18.01,-8.04,173.96,53.998,54.322,-34.2662,-6.1585,148.57,619.19,-34.2020,-6.5242,,,0.21922,0
192.0628,64,47,5,2,111.67,475.44,capture,155.82,626.79,157.65,0,179.054,8.425,179.771,-18.57,20.05,147.94,-18.42,-8.73,174.42,53.921,54.526,-33.6072,-6.2973,155.82,626.79,-33.9344,-6.4221,,,0.24897,0
192.1703,64,47,5,2,111.67,475.44,capture,125.45,611.35,136.60,0,179.099,8.527,179.776,-18.47,20.01,147.92,-17.94,-8.30,174.65,53.950,54.508,-33.2298,-6.4877,125.45,611.35,-33.6173,-6.4516,,,0.20510,0
192.2560,64,47,5,2,111.67,475.44,capture,143.85,610.40,138.74,0,179.112,8.377,179.772,-18.34,20.23,148.00,-17.69,-8.09,174.52,53.877,54.453,-33.9323,-6.1023,143.85,610.40,-33.7591,-6.2944,,,0.22076,0
192.3631,64,47,5,2,111.67,475.44,capture,144.22,629.14,157.11,0,179.163,8.410,179.774,-18.37,20.19,147.75,-18.34,-8.70,174.09,53.949,54.421,-34.7625,-6.5576,144.22,629.14,-34.2106,-6.4128,,,0.21892,0
192.4642,64,47,5,2,111.67,475.44,capture,150.48,626.84,156.29,0,179.069,8.275,179.788,-18.43,20.37,147.55,-17.42,-7.49,173.39,53.972,54.346,-34.8384,-5.8316,150.48,626.84,-34.4931,-6.1513,,,0.22722,0
192.6349,65,76,8,4,201.00,734.78,dwell,284.37,761.94,87.68,0,179.131,8.269,179.793,-18.42,20.31,147.52,-17.82,-8.00,173.74,53.637,54.530,-39.7727,-0.3069,284.37,761.94,-39.7727,-0.3069,,,0.19949,0
192.7383,65,76,8,4,201.00,734.78,dwell,207.35,648.83,86.18,0,179.044,8.230,179.787,-18.39,20.45,147.59,-18.62,-7.93,174.00,54.264,54.306,-34.6584,-3.6174,207.35,648.83,-37.4713,-1.7966,,,0.22563,0
192.8203,65,76,8,4,201.00,734.78,dwell,139.84,639.96,112.83,0,179.023,8.373,179.742,-18.39,20.44,147.85,-17.62,-8.47,173.82,53.919,54.573,-34.8101,-6.5499,139.84,639.96,-36.2738,-3.9356,,,0.22975,0
192.9086,65,76,8,4,201.00,734.78,dwell,283.72,654.77,115.08,0,179.010,8.448,179.730,-18.32,20.28,147.83,-18.24,-7.40,174.12,53.907,54.593,-34.9380,0.6832,283.72,654.77,-35.6727,-1.8571,,,0.18577,0
193.0093,65,76,8,4,201.00,734.78,dwell,161.17,682.06,66.07,0,179.030,8.505,179.751,-18.37,20.19,147.84,-17.81,-7.90,174.09,53.859,54.602,-36.1076,-5.3026,161.17,682.06,-35.8684,-3.4076,,,0.19446,0
193.1020,65,76,8,4,201.00,734.78,dwell,179.28,771.30,42.49,1,178.954,8.471,179.789,-18.39,20.13,147.77,-17.31,-8.36,174.45,54.034,54.610,-40.1362,-3.8772,179.28,771.30,-37.7889,-3.6189,,,0.22570,0
193.2174,65,76,8,4,201.00,734.78,dwell,204.20,791.57,56.88,0,179.003,8.518,179.803,-18.42,20.07,147.91,-18.46,-9.09,174.50,54.321,54.677,-41.5163,-3.3999,204.20,791.57,-39.4663,-3.5204,,,0.22580,0
193.3251,65,76,8,4,201.00,734.78,dwell,218.17,810.55,77.69,0,178.938,8.531,179.794,-18.43,20.18,147.83,-17.64,-8.16,174.44,54.244,55.039,-41.3072,-2.3757,218.17,810.55,-40.2947,-3.0053,,,0.23989,0
193.4071,65,76,8,4,201.00,734.78,dwell,220.46,781.64,50.74,0,178.933,8.504,179.811,-18.39,20.05,147.72,-17.66,-8.95,174.06,53.977,54.588,-40.8413,-2.7884,220.46,781.64,-40.5406,-2.9077,,,0.21498,0
193.5147,65,76,8,4,201.00,734.78,dwell,219.12,774.65,43.80,1,178.863,8.478,179.818,-18.37,20.18,147.91,-18.15,-7.75,174.12,53.744,54.554,-39.4496,-2.5835,219.12,774.65,-40.0497,-2.7618,,,0.21470,0
193.6066,65,76,8,4,201.00,734.78,dwell,274.51,779.68,86.14,0,178.942,8.410,179.798,-18.21,20.06,147.91,-17.80,-9.01,174.26,53.690,54.905,-40.5673,0.5924,274.51,779.68,-40.2826,-1.2524,,,0.21476,0
193.7013,65,76,8,4,201.00,734.78,capture,264.33,789.71,83.83,0,178.925,8.499,179.780,-18.24,20.08,147.67,-18.01,-8.36,174.30,53.349,54.869,-40.0181,-0.6326,264.33,789.71,-40.1636,-0.9735,,,0.21336,0
193.7877,65,76,8,4,201.00,734.78,capture,258.69,768.68,66.91,0,178.942,8.643,179.770,-18.35,20.14,147.86,-18.43,-8.23,174.49,53.515,54.518,-39.4863,-0.3230,258.69,768.68,-39.8588,-0.6808,,,0.22023,0
193.8814,65,76,8,4,201.00,734.78,capture,264.54,782.35,79.38,0,178.884,8.829,179.771,-18.32,19.94,147.72,-17.72,-8.64,173.61,53.768,54.170,-40.6613,-0.3497,264.54,782.35,-40.2200,-0.5318,,,0.19769,0
193.9805,65,76,8,4,201.00,734.78,capture,258.61,772.21,68.70,0,178.889,8.781,179.799,-18.25,20.07,147.62,-17.50,-7.18,174.66,53.399,54.096,-39.5678,-0.7466,258.61,772.21,-39.9265,-0.6285,,,0.19650,0
194.0963,65,76,8,4,201.00,734.78,capture,256.27,825.01,105.81,0,178.892,8.914,179.838,-18.17,20.17,147.80,-18.49,-8.56,173.55,53.565,54.952,-42.2811,-0.9107,256.27,825.01,-40.9861,-0.7555,,,0.20092,0
194.2054,65,76,8,4,201.00,734.78,capture,274.73,803.93,101.08,0,178.884,8.946,179.869,-18.26,20.02,147.91,-17.43,-8.62,174.55,54.019,54.559,-41.8653,-0.2029,274.73,803.93,-41.3817,-0.5068,,,0.22918,0
194.2928,65,76,8,4,201.00,734.78,capture,260.00,818.55,102.46,0,178.868,9.010,179.850,-18.21,19.96,147.74,-17.94,-9.17,174.26,54.197,54.283,-42.5298,-1.5841,260.00,818.55,-41.8983,-0.9916,,,0.22315,0
194.4036,65,76,8,4,201.00,734.78,capture,260.59,804.03,91.36,0,178.852,8.882,179.822,-18.24,20.06,147.93,-17.89,-8.51,174.72,54.281,54.337,-40.6559,-0.4192,260.59,804.03,-41.3392,-0.7340,,,0.19522,0
194.4950,65,76,8,4,201.00,734.78,capture,279.43,799.37,101.60,0,178.924,8.807,179.849,-18.22,20.26,148.08,-17.60,-8.13,174.60,54.471,54.316,-41.7760,0.0123,279.43,799.37,-41.5358,-0.3982,,,0.22581,0
194.5887,65,76,8,4,201.00,734.78,capture,254.35,792.05,78.27,0,178.856,8.800,179.834,-18.13,20.45,147.73,-17.78,-8.05,174.19,54.300,53.845,-40.4377,-1.3289,254.35,792.05,-41.0416,-0.8170,,,0.24613,0
194.6707,65,76,8,4,201.00,734.78,capture,250.07,801.28,82.65,0,178.771,8.737,179.843,-18.23,20.51,147.87,-17.31,-7.87,174.56,54.343,54.312,-40.6099,-1.5714,250.07,801.28,-40.8474,-1.1565,,,0.23389,0
194.7629,65,76,8,4,201.00,734.78,capture,258.98,798.66,86.27,0,178.726,8.591,179.859,-18.20,20.75,147.70,-17.58,-8.45,174.19,54.134,54.237,-41.0635,-1.1215,258.98,798.66,-40.9446,-1.1408,,,0.21759,0
194.8676,65,76,8,4,201.00,734.78,capture,245.32,785.62,67.45,0,178.766,8.667,179.841,-18.22,20.72,147.65,-17.82,-7.77,173.96,53.892,53.952,-39.8439,-1.2143,245.32,785.62,-40.4493,-1.1739,,,0.21736,0
194.9815,65,76,8,4,201.00,734.78,capture,232.89,781.28,56.39,0,178.798,8.693,179.817,-18.29,20.60,147.77,-17.81,-8.42,174.54,53.884,54.215,-40.2277,-2.4408,232.89,781.28,-40.3496,-1.7440,,,0.22223,0
195.0996,65,76,8,4,201.00,734.78,capture,261.13,790.47,81.96,0,178.809,8.706,179.858,-18.25,20.52,147.67,-17.62,-8.68,174.00,54.064,54.023,-40.4549,-0.5573,261.13,790.47,-40.3970,-1.2100,,,0.22253,0
195.1991,65,76,8,4,201.00,734.78,capture,247.60,820.37,97.46,0,178.737,8.732,179.832,-18.36,20.55,147.72,-17.78,-8.03,174.23,54.087,54.042,-42.1703,-0.9534,247.60,820.37,-41.1950,-1.0945,,,0.22411,0
195.2947,65,76,8,4,201.00,734.78,capture,277.32,776.60,87.03,0,178.723,8.794,179.837,-18.39,20.62,147.79,-18.29,-7.90,174.28,54.231,53.514,-40.4045,0.2060,277.32,776.60,-40.8393,-0.5093,,,0.21233,0
195.3781,65,76,8,4,201.00,734.78,capture,263.47,799.65,90.06,0,178.735,8.812,179.840,-18.34,20.71,147.83,-17.71,-8.05,173.82,54.195,53.659,-41.6005,-0.7854,263.47,799.65,-41.1818,-0.6335,,,0.24216,0
195.4841,65,76,8,4,201.00,734.78,capture,263.57,810.66,98.35,0,178.807,8.711,179.862,-18.38,20.84,147.76,-17.04,-8.07,174.22,53.970,54.173,-40.7228,-1.0366,263.57,810.66,-40.9753,-0.8149,,,0.20253,0
195.5751,65,76,8,4,201.00,734.78,capture,278.11,763.12,82.15,0,178.837,8.638,179.844,-18.44,20.87,147.67,-18.17,-7.56,174.13,53.907,54.263,-40.0939,0.0929,278.11,763.12,-40.5786,-0.4064,,,0.20680,0
195.7604,66,59,6,5,245.67,561.89,dwell,280.22,668.49,112.06,0,178.964,8.508,179.799,-18.25,20.97,147.87,-17.47,-7.42,174.13,54.033,54.310,-35.0288,0.6820,280.22,668.49,-35.0288,0.6820,,,0.23132,0
195.8531,66,59,6,5,245.67,561.89,dwell,258.35,708.04,146.70,0,178.966,8.535,179.770,-18.35,21.14,147.99,-17.38,-8.35,174.04,54.090,54.485,-38.1184,-0.5500,258.35,708.04,-36.4191,0.1276,,,0.20083,0
195.9632,66,59,6,5,245.67,561.89,dwell,185.74,533.73,66.21,0,178.842,8.610,179.773,-18.37,20.97,147.88,-17.84,-7.45,174.18,54.058,54.435,-29.1821,-4.5952,185.74,533.73,-33.1625,-1.9976,,,0.22384,0
196.0784,66,59,6,5,245.67,561.89,dwell,342.21,514.62,107.49,0,178.846,8.670,179.789,-18.34,20.92,147.64,-18.08,-8.16,173.79,54.300,54.160,-29.3427,2.6635,342.21,514.62,-31.4436,0.0999,,,0.22763,0
196.1661,66,59,6,5,245.67,561.89,dwell,296.84,581.97,54.97,0,178.921,8.558,179.779,-18.36,20.86,147.51,-18.59,-7.13,173.69,54.193,54.104,-32.7755,0.6716,296.84,581.97,-32.0429,0.3571,,,0.21210,0
196.2655,66,59,6,5,245.67,561.89,dwell,354.84,482.32,135.09,0,178.890,8.593,179.802,-18.25,20.87,147.61,-17.91,-7.67,173.88,54.277,54.336,-28.8333,3.5808,354.84,482.32,-30.5986,1.8078,,,0.22676,0
196.3649,66,59,6,5,245.67,561.89,dwell,224.73,465.73,98.41,0,178.852,8.629,179.780,-18.12,20.86,147.64,-17.63,-7.76,173.74,53.876,54.420,-28.0724,-2.9799,224.73,465.73,-29.4618,-0.3467,,,0.20671,0
196.4759,66,59,6,5,245.67,561.89,dwell,308.94,431.16,145.24,0,178.892,8.615,179.781,-18.13,20.94,147.48,-17.30,-7.71,173.60,54.212,54.486,-26.8090,1.2669,308.94,431.16,-28.2680,0.3794,,,0.21198,0
196.5898,66,59,6,5,245.67,561.89,capture,325.97,409.66,172.11,0,178.909,8.573,179.813,-18.05,20.84,147.44,-18.18,-7.64,173.65,54.353,54.354,-26.0554,2.0999,325.97,409.66,-27.2724,1.1537,,,0.22936,0
196.6730,66,59,6,5,245.67,561.89,capture,325.16,400.97,179.48,0,178.951,8.682,179.820,-18.14,20.81,147.36,-17.66,-8.55,173.56,54.270,54.381,-25.2284,2.6480,325.16,400.97,-26.3526,1.8261,,,0.24078,0
196.7664,66,59,6,5,245.67,561.89,capture,320.82,409.51,169.90,0,178.876,8.704,179.805,-18.15,20.61,147.67,-17.36,-7.40,173.79,54.131,54.182,-25.4960,3.1541,320.82,409.51,-25.9671,2.4237,,,0.22201,0
196.8575,66,59,6,5,245.67,561.89,capture,315.50,388.74,186.70,0,178.832,8.559,179.802,-18.13,20.65,147.49,-17.72,-7.95,173.71,53.711,54.436,-24.8495,1.3798,315.50,388.74,-25.4642,1.9539,,,0.22367,0
196.9518,66,59,6,5,245.67,561.89,capture,311.96,388.88,185.28,0,178.914,8.512,179.860,-18.20,20.71,147.43,-17.53,-7.85,173.40,53.539,54.289,-24.4948,1.9727,311.96,388.88,-25.0280,1.9624,,,0.20523,0
197.0450,66,59,6,5,245.67,561.89,capture,315.77,394.94,181.07,0,178.910,8.475,179.852,-18.25,20.67,147.26,-18.55,-7.44,173.56,53.389,54.365,-25.6455,1.4215,315.77,394.94,-25.3059,1.7190,,,0.18813,0
197.1415,66,59,6,5,245.67,561.89,capture,318.71,376.68,199.09,0,178.883,8.444,179.841,-18.31,20.64,147.25,-17.89,-8.05,173.36,53.537,54.204,-24.7893,2.1303,318.71,376.68,-25.0734,1.9040,,,0.20556,0
197.2371,66,59,6,5,245.67,561.89,capture,306.89,391.61,180.95,0,178.698,8.597,179.852,-18.36,20.74,147.33,-17.52,-8.08,173.65,53.927,53.780,-25.3021,2.0531,306.89,391.61,-25.1763,1.9711,,,0.25045,0
197.3287,66,59,6,5,245.67,561.89,capture,309.71,389.34,184.05,0,178.678,8.697,179.863,-18.36,20.77,147.44,-17.68,-7.20,173.45,53.974,53.906,-24.8323,1.2246,309.71,389.34,-25.0215,1.6352,,,0.21670,0
197.4265,66,59,6,5,245.67,561.89,capture,283.66,395.61,170.56,0,178.766,8.566,179.851,-18.37,20.90,147.28,-17.79,-7.73,173.48,54.235,53.694,-24.9473,0.5866,283.66,395.61,-24.9881,1.1633,,,0.23176,0
197.5499,66,59,6,5,245.67,561.89,capture,325.08,411.65,169.94,0,178.809,8.695,179.847,-18.35,20.94,147.32,-17.48,-6.98,173.18,54.228,53.580,-26.3047,1.8615,325.08,411.65,-25.5806,1.4775,,,0.25207,0
197.6357,66,59,6,5,245.67,561.89,capture,338.35,381.33,202.96,0,178.795,8.725,179.838,-18.23,20.76,147.35,-17.67,-7.92,173.03,54.029,53.421,-25.2597,3.1821,338.35,381.33,-25.4362,2.2446,,,0.21630,0
197.7410,66,59,6,5,245.67,561.89,capture,306.28,400.68,172.23,0,178.913,8.637,179.852,-18.19,20.79,147.22,-17.68,-7.56,173.43,53.803,53.554,-25.5624,1.8207,306.28,400.68,-25.4930,2.0538,,,0.21977,0
197.8511,66,59,6,5,245.67,561.89,capture,321.42,414.80,165.45,0,178.892,8.681,179.807,-18.12,20.71,147.27,-17.94,-7.13,173.33,53.608,53.561,-26.8070,2.3610,321.42,414.80,-26.0843,2.1921,,,0.21953,0
197.9401,66,59,6,5,245.67,561.89,capture,307.71,385.47,187.01,0,178.901,8.747,179.789,-18.15,20.74,147.28,-18.08,-7.94,173.82,53.569,54.094,-25.3680,1.2041,307.71,385.47,-25.7620,1.7475,,,0.19569,0
198.0299,66,59,6,5,245.67,561.89,capture,300.37,396.85,173.87,0,178.798,8.861,179.778,-18.30,20.68,147.52,-18.10,-7.59,173.94,53.745,54.075,-25.0622,1.0883,300.37,396.85,-25.4471,1.4509,,,0.21487,0
198.1322,66,59,6,5,245.67,561.89,capture,301.37,375.92,194.13,0,178.784,8.840,179.773,-18.22,20.61,147.61,-18.00,-7.09,174.42,53.744,54.318,-24.4446,0.8348,301.37,375.92,-24.9960,1.1736,,,0.20118,0
198.2274,66,59,6,5,245.67,561.89,capture,307.74,411.33,162.85,0,178.813,8.895,179.773,-18.35,20.55,147.52,-17.96,-7.93,173.47,53.857,54.280,-25.7244,1.9693,307.74,411.33,-25.3238,1.5317,,,0.23329,0
198.3733,66,59,6,5,245.67,561.89,capture,329.29,405.61,177.25,0,178.776,8.743,179.771,-18.50,20.87,147.23,-18.59,-7.59,173.56,53.777,54.426,-25.1483,2.9117,329.29,405.61,-25.2448,2.1527,,,0.21277,0
198.4688,66,59,6,5,245.67,561.89,capture,335.22,413.01,173.74,0,178.880,8.609,179.766,-18.60,20.80,147.27,-17.61,-7.98,173.47,54.031,54.726,-25.1881,2.7890,335.22,413.01,-25.2193,2.4390,,,0.22496,0
198.6771,67,74,8,2,111.67,734.78,dwell,271.33,463.11,315.11,0,178.959,8.680,179.796,-18.78,20.81,147.48,-19.01,-7.21,173.23,54.277,54.470,-27.4453,-0.7103,271.33,463.11,-27.4453,-0.7103,,,0.21501,0
198.7771,67,74,8,2,111.67,734.78,dwell,334.44,437.45,371.53,0,179.015,8.674,179.812,-18.76,20.82,147.54,-18.34,-7.49,173.34,53.721,54.222,-27.2203,2.9698,334.44,437.45,-27.3441,0.9457,,,0.22287,0
198.8724,67,74,8,2,111.67,734.78,dwell,169.38,503.40,238.47,0,178.971,8.646,179.827,-18.70,20.70,147.33,-17.75,-7.09,173.38,53.390,54.034,-29.4827,-4.1908,169.38,503.40,-28.3064,-1.3657,,,0.21058,0
198.9749,67,74,8,2,111.67,734.78,dwell,246.42,566.64,215.47,0,179.028,8.608,179.806,-18.62,20.77,147.49,-18.09,-7.53,174.20,53.562,53.753,-32.5368,-1.1202,246.42,566.64,-30.2101,-1.2553,,,0.21076,0
199.0633,67,74,8,2,111.67,734.78,dwell,378.14,573.02,311.73,0,179.009,8.729,179.811,-18.58,20.80,147.42,-18.60,-8.31,173.93,53.776,54.008,-32.6893,3.9517,378.14,573.02,-31.3257,1.0879,,,0.22134,0
199.1545,67,74,8,2,111.67,734.78,dwell,181.34,630.34,125.55,0,179.049,8.756,179.820,-18.52,20.88,147.41,-17.70,-7.96,173.65,53.987,53.738,-34.3404,-4.7424,181.34,630.34,-32.6824,-1.5357,,,0.20504,0
199.2469,67,74,8,2,111.67,734.78,dwell,216.87,729.88,105.32,0,179.011,8.673,179.836,-18.53,21.08,147.43,-18.20,-7.40,173.94,53.830,54.000,-38.0633,-2.9376,216.87,729.88,-35.1038,-2.1666,,,0.23171,0
199.3640,67,74,8,2,111.67,734.78,dwell,199.74,702.20,93.91,0,179.025,8.742,179.813,-18.54,20.93,147.26,-18.64,-7.12,173.33,53.761,54.187,-37.1357,-2.9356,199.74,702.20,-36.0181,-2.5126,,,0.23534,0
199.4761,67,74,8,2,111.67,734.78,dwell,201.47,744.11,90.29,0,179.135,8.786,179.840,-18.51,21.05,147.43,-17.70,-7.44,174.35,53.720,53.929,-39.5724,-3.2223,201.47,744.11,-37.6176,-2.8320,,,0.20057,0
199.5581,67,74,8,2,111.67,734.78,dwell,168.04,752.82,59.19,0,179.080,8.836,179.831,-18.47,20.91,147.36,-17.81,-8.49,173.74,53.549,53.873,-38.8761,-4.7188,168.04,752.82,-38.1839,-3.6811,,,0.19777,0
199.6634,67,74,8,2,111.67,734.78,dwell,153.42,765.93,52.09,0,179.027,8.868,179.836,-18.44,20.93,147.40,-17.45,-8.16,173.56,53.580,53.429,-39.8704,-6.3036,153.42,765.93,-38.9428,-4.8612,,,0.17329,0
199.7836,67,74,8,2,111.67,734.78,capture,153.28,788.47,67.93,0,178.998,8.890,179.837,-18.45,20.86,147.46,-17.83,-8.13,173.93,53.534,53.548,-40.5794,-5.9972,153.28,788.47,-39.6793,-5.3724,,,0.20105,0
199.8741,67,74,8,2,111.67,734.78,capture,170.94,813.78,98.77,0,178.931,8.880,179.809,-18.47,20.88,147.52,-18.28,-7.55,174.12,53.809,53.840,-41.7887,-5.0173,170.94,813.78,-40.6285,-5.2126,,,0.19149,0
199.9699,67,74,8,2,111.67,734.78,capture,160.38,801.01,82.22,0,178.917,8.867,179.813,-18.42,20.89,147.52,-17.95,-7.72,173.85,53.900,53.819,-41.1637,-4.9783,160.38,801.01,-40.8693,-5.1072,,,0.21618,0
200.0551,67,74,8,2,111.67,734.78,capture,171.24,801.20,89.22,0,178.851,8.800,179.799,-18.47,20.84,147.52,-17.98,-7.03,173.24,53.768,54.216,-40.8018,-5.0422,171.24,801.20,-40.8389,-5.0779,,,0.20374,0
200.1535,67,74,8,2,111.67,734.78,capture,189.58,786.89,93.73,0,178.951,8.901,179.820,-18.38,20.71,147.60,-18.02,-8.03,173.61,53.873,53.906,-39.6689,-4.5713,189.58,786.89,-40.3124,-4.8499,,,0.21740,0
200.2463,67,74,8,2,111.67,734.78,capture,170.39,780.33,74.32,0,178.999,8.996,179.831,-18.25,20.75,147.72,-17.88,-7.83,173.90,54.321,53.768,-40.2448,-4.5703,170.39,780.33,-40.2820,-4.7241,,,0.23905,0
200.3442,67,74,8,2,111.67,734.78,capture,165.02,783.71,72.39,0,178.981,8.914,179.859,-18.27,20.73,147.61,-17.26,-7.47,173.40,54.019,53.704,-41.5784,-4.4135,165.02,783.71,-40.8654,-4.5843,,,0.20793,0
200.4429,67,74,8,2,111.67,734.78,capture,156.28,767.74,55.47,0,178.846,8.810,179.848,-18.27,20.81,147.63,-17.53,-7.60,174.40,54.056,53.788,-39.7721,-6.3692,156.28,767.74,-40.3734,-5.3875,,,0.24923,0
200.5517,67,74,8,2,111.67,734.78,capture,149.87,815.68,89.47,0,178.814,8.852,179.819,-18.38,20.73,147.48,-18.00,-7.69,173.92,53.523,53.614,-41.5270,-5.7309,149.87,815.68,-40.8925,-5.5421,,,0.21374,0
200.6694,67,74,8,2,111.67,734.78,capture,170.27,812.70,97.50,0,178.764,8.900,179.824,-18.31,20.72,147.23,-17.66,-7.57,173.50,53.838,54.315,-41.1846,-4.6510,170.27,812.70,-41.0240,-5.1411,,,0.21632,0
200.7712,67,74,8,2,111.67,734.78,capture,146.58,766.53,47.19,0,178.748,8.850,179.867,-18.24,20.68,147.37,-17.78,-8.23,174.60,53.864,54.442,-39.0593,-6.4245,146.58,766.53,-40.1399,-5.7186,,,0.21811,0
200.8658,67,74,8,2,111.67,734.78,capture,147.90,775.21,54.29,0,178.854,8.793,179.876,-18.28,20.57,147.36,-18.36,-8.49,173.81,53.762,54.596,-40.1319,-6.4243,147.90,775.21,-40.1363,-6.0362,,,0.23841,0
200.9576,67,74,8,2,111.67,734.78,capture,140.70,794.77,66.65,0,178.959,8.942,179.870,-18.28,20.70,147.50,-17.56,-7.78,173.95,53.863,54.184,-40.6710,-6.4364,140.70,794.77,-40.3769,-6.2163,,,0.20090,0
201.0468,67,74,8,2,111.67,734.78,capture,173.01,795.85,86.56,0,178.936,8.971,179.866,-18.08,20.82,147.61,-17.88,-8.15,174.15,53.573,53.980,-40.4309,-4.5492,173.01,795.85,-40.4012,-5.4661,,,0.20550,0
201.1363,67,74,8,2,111.67,734.78,capture,173.76,763.57,68.44,0,179.052,8.870,179.865,-18.08,20.68,147.51,-17.80,-7.69,173.90,53.067,54.241,-39.7635,-5.1118,173.76,763.57,-40.1142,-5.3067,,,0.19573,0
201.2561,67,74,8,2,111.67,734.78,capture,146.36,799.51,73.44,0,178.922,8.841,179.864,-18.14,20.75,147.58,-17.34,-7.34,174.33,53.741,54.331,-40.5994,-5.9981,146.36,799.51,-40.3326,-5.6178,,,0.20415,0
201.3637,67,74,8,2,111.67,734.78,capture,144.72,795.28,68.94,0,178.993,8.779,179.857,-18.32,20.71,147.49,-17.62,-8.03,173.47,53.599,54.257,-41.1911,-5.9621,144.72,795.28,-40.7189,-5.7727,,,0.20219,0
201.4646,67,74,8,2,111.67,734.78,capture,180.35,804.22,97.67,0,179.008,8.625,179.840,-18.39,20.68,147.41,-18.03,-8.42,173.58,53.716,54.219,-40.5115,-4.9153,180.35,804.22,-40.6256,-5.3869,,,0.22018,0
201.5800,67,74,8,2,111.67,734.78,capture,156.20,812.85,89.88,0,179.001,8.562,179.855,-18.36,20.54,147.58,-17.92,-8.10,173.54,53.672,53.813,-41.1017,-5.3293,156.20,812.85,-40.8399,-5.3610,,,0.20344,0
201.6898,67,74,8,2,111.67,734.78,capture,167.79,821.71,103.47,0,179.043,8.371,179.884,-18.50,20.68,147.77,-17.64,-7.84,173.78,53.716,53.743,-40.8698,-5.2027,167.79,821.71,-40.8533,-5.2898,,,0.20562,0
201.8887,68,23,2,5,245.67,216.11,dwell,140.97,741.75,535.96,0,179.113,8.354,179.857,-18.47,20.55,147.44,-17.24,-7.76,173.68,53.638,53.743,-39.3494,-6.8408,140.97,741.75,-39.3494,-6.8408,,,0.22066,0
201.9818,68,23,2,5,245.67,216.11,dwell,197.87,569.19,356.30,0,179.056,8.470,179.858,-18.50,20.64,147.25,-18.36,-7.48,173.61,53.454,53.621,-32.7187,-3.6753,197.87,569.19,-36.3656,-5.4163,,,0.20090,0
202.0727,68,23,2,5,245.67,216.11,dwell,207.90,504.79,291.14,0,179.074,8.402,179.855,-18.53,20.67,147.22,-17.84,-8.08,173.90,53.362,53.113,-29.4213,-3.8504,207.90,504.79,-33.2406,-4.7116,,,0.19849,0
202.1589,68,23,2,5,245.67,216.11,dwell,222.49,437.15,222.25,0,179.072,8.251,179.830,-18.36,20.48,147.33,-17.97,-8.63,174.06,53.207,53.685,-28.2780,-1.8996,222.49,437.15,-31.0074,-3.4462,,,0.20765,0
202.2629,68,23,2,5,245.67,216.11,dwell,179.37,453.09,246.08,0,178.974,8.249,179.855,-18.36,20.45,147.49,-17.71,-8.08,173.74,53.758,53.710,-27.0366,-5.1523,179.37,453.09,-29.2206,-4.2139,,,0.20662,0
202.3773,68,23,2,5,245.67,216.11,dwell,153.36,267.89,105.84,0,179.008,8.105,179.842,-18.48,20.66,147.60,-18.93,-8.73,174.16,53.718,53.790,-21.2794,-5.5181,153.36,267.89,-25.6470,-4.8008,,,0.21814,0
202.4616,68,23,2,5,245.67,216.11,dwell,266.81,140.87,78.16,0,179.191,8.097,179.822,-18.51,20.64,147.71,-18.03,-7.96,173.96,54.091,53.803,-15.0795,-0.1271,266.81,140.87,-20.8916,-2.6977,,,0.22012,0
202.5641,68,23,2,5,245.67,216.11,dwell,233.77,169.02,48.57,0,179.184,7.985,179.823,-18.47,20.51,147.42,-17.86,-8.05,173.80,54.302,53.940,-15.9682,-2.1217,233.77,169.02,-18.6761,-2.4385,,,0.20553,0
202.6762,68,23,2,5,245.67,216.11,dwell,270.24,123.11,96.19,0,179.177,7.936,179.845,-18.46,20.69,147.62,-18.35,-7.92,173.50,54.103,54.049,-15.2710,-0.2665,270.24,123.11,-17.1438,-1.4611,,,0.22381,0
202.7815,68,23,2,5,245.67,216.11,capture,297.90,29.82,193.48,0,179.002,7.789,179.848,-18.40,20.75,147.56,-18.33,-7.81,174.15,53.817,54.406,-10.4586,1.5814,297.90,29.82,-14.1354,-0.0920,,,0.21648,0
202.8810,68,23,2,5,245.67,216.11,capture,278.61,49.49,169.85,0,178.948,7.769,179.830,-18.38,20.53,147.35,-17.89,-7.82,173.78,54.077,54.847,-11.7347,0.1238,278.61,49.49,-13.0551,0.0051,,,0.23910,0
202.9654,68,23,2,5,245.67,216.11,capture,249.64,51.64,164.52,0,178.979,7.738,179.828,-18.33,20.70,147.40,-18.24,-7.23,173.54,54.049,54.448,-11.7761,-1.0045,249.64,51.64,-12.4795,-0.4492,,,0.20722,0
203.0474,68,23,2,5,245.67,216.11,capture,277.74,53.15,166.09,0,178.996,7.767,179.862,-18.42,20.64,147.40,-18.12,-7.92,173.78,53.651,54.305,-11.2103,0.8289,277.74,53.15,-11.9084,0.1259,,,0.20630,0
203.1358,68,23,2,5,245.67,216.11,capture,281.12,30.99,188.49,0,178.965,7.729,179.838,-18.52,20.57,147.49,-18.44,-7.94,173.44,53.553,54.209,-10.0827,0.2054,281.12,30.99,-11.0868,0.1617,,,0.21057,0
203.2408,68,23,2,5,245.67,216.11,capture,257.08,40.72,175.76,0,178.955,7.833,179.859,-18.63,20.44,147.48,-17.91,-8.24,173.33,53.953,54.423,-10.6423,-1.0668,257.08,40.72,-10.8868,-0.3912,,,0.21411,0
203.3559,68,23,2,5,245.67,216.11,capture,273.10,59.82,158.68,0,178.986,7.681,179.859,-18.56,20.67,147.77,-18.15,-8.09,174.07,54.020,54.700,-12.7473,-0.6586,273.10,59.82,-11.7240,-0.5115,,,0.23190,0
203.4538,68,23,2,5,245.67,216.11,capture,292.42,48.94,173.59,0,178.941,7.594,179.838,-18.53,20.78,147.56,-18.33,-7.60,173.93,54.035,54.937,-12.1296,0.5813,292.42,48.94,-11.9065,-0.0198,,,0.24738,0
203.5754,68,23,2,5,245.67,216.11,capture,272.26,52.24,166.01,0,178.995,7.657,179.835,-18.53,20.77,147.70,-18.54,-8.05,173.79,53.888,54.736,-11.9506,-0.1631,272.26,52.24,-11.9263,-0.0843,,,0.22395,0
203.6745,68,23,2,5,245.67,216.11,capture,268.10,71.85,145.99,0,178.997,7.638,179.818,-18.43,20.63,147.64,-18.01,-7.33,173.87,53.831,54.923,-12.7429,-0.7264,268.10,71.85,-12.2938,-0.3732,,,0.23067,0
203.7683,68,23,2,5,245.67,216.11,capture,269.81,44.78,173.02,0,179.091,7.703,179.830,-18.52,20.68,147.49,-18.49,-7.96,174.13,53.945,54.577,-11.4887,0.0327,269.81,44.78,-11.9315,-0.1906,,,0.23604,0
203.8761,68,23,2,5,245.67,216.11,capture,278.49,30.20,188.79,0,179.053,7.884,179.812,-18.53,20.71,147.63,-17.83,-8.16,173.73,53.733,54.722,-10.3944,0.6014,278.49,30.20,-11.2398,0.1658,,,0.21289,0
203.9591,68,23,2,5,245.67,216.11,capture,273.55,40.02,178.29,0,179.157,7.946,179.818,-18.51,20.90,147.68,-17.74,-6.90,174.12,53.875,55.020,-10.6860,-0.1139,273.55,40.02,-10.9906,0.0399,,,0.22103,0
204.0602,68,23,2,5,245.67,216.11,capture,258.10,71.70,144.95,0,179.168,7.921,179.799,-18.42,20.74,147.82,-18.00,-7.99,173.95,53.926,55.152,-12.2229,-1.4289,258.10,71.70,-11.5451,-0.6210,,,0.21927,0
204.1630,68,23,2,5,245.67,216.11,capture,300.72,78.86,147.88,0,179.173,7.806,179.804,-18.44,20.62,147.86,-17.79,-7.94,173.90,53.671,54.789,-12.8928,1.1032,300.72,78.86,-12.1516,0.1549,,,0.21541,0
204.2522,68,23,2,5,245.67,216.11,capture,291.93,62.71,160.23,0,178.960,7.829,179.842,-18.36,20.76,147.78,-17.97,-7.43,173.81,53.878,54.665,-12.7207,0.1831,291.93,62.71,-12.4077,0.1676,,,0.21559,0
204.3447,68,23,2,5,245.67,216.11,capture,281.97,40.41,179.41,0,179.052,7.721,179.862,-18.26,20.44,148.07,-18.02,-8.34,174.89,53.563,54.531,-10.9201,0.2990,281.97,40.41,-11.7383,0.2267,,,0.22746,0
204.4549,68,23,2,5,245.67,216.11,capture,266.80,41.70,175.69,0,179.124,7.633,179.846,-18.32,20.44,147.88,-18.10,-8.09,174.91,53.982,54.814,-11.8722,-0.2511,266.80,41.70,-11.7985,0.0117,,,0.20967,0
204.5401,68,23,2,5,245.67,216.11,capture,269.50,37.96,179.74,0,179.160,7.738,179.875,-18.37,20.61,147.72,-17.84,-7.40,173.83,54.190,54.654,-11.0286,-1.0637,269.50,37.96,-11.4521,-0.4723,,,0.23155,0
204.6325,68,23,2,5,245.67,216.11,capture,288.16,44.80,176.50,0,179.166,7.749,179.872,-18.21,20.72,147.55,-17.74,-6.70,173.25,54.069,54.646,-11.1886,0.2716,288.16,44.80,-11.3335,-0.1375,,,0.22030,0
204.8038,69,2,0,2,111.67,43.22,dwell,410.66,64.48,299.75,0,179.117,7.703,179.860,-18.24,20.67,147.47,-17.78,-7.82,173.42,54.163,54.703,-12.4271,6.0874,410.66,64.48,-12.4271,6.0874,,,0.21809,0
204.8955,69,2,0,2,111.67,43.22,dwell,207.65,-15.92,112.74,0,179.075,7.738,179.890,-18.16,20.80,147.38,-18.22,-8.39,174.26,54.082,54.684,-9.7478,-3.2977,207.65,-15.92,-11.2214,1.8641,,,0.22477,0
204.9864,69,2,0,2,111.67,43.22,dwell,200.06,-37.50,119.71,0,179.075,7.464,179.850,-18.18,20.94,147.37,-17.78,-7.62,173.47,54.172,54.272,-8.6176,-3.6604,200.06,-37.50,-10.0497,-0.6219,,,0.20371,0
205.0822,69,2,0,2,111.67,43.22,dwell,232.91,-21.46,137.42,0,179.080,7.532,179.834,-18.19,20.90,147.45,-17.57,-8.13,173.65,54.017,54.452,-8.6525,-2.7948,232.91,-21.46,-9.4210,-1.5997,,,0.23584,0
205.1934,69,2,0,2,111.67,43.22,dwell,209.99,90.54,109.12,0,179.007,7.593,179.820,-18.21,20.74,147.69,-18.11,-8.09,173.69,53.816,54.375,-13.4309,-2.6789,209.99,90.54,-11.2254,-2.0854,,,0.22259,0
205.3165,69,2,0,2,111.67,43.22,dwell,238.24,36.71,126.74,0,178.890,7.603,179.838,-18.06,20.86,147.76,-17.22,-7.75,174.24,53.913,54.316,-12.5250,-1.4951,238.24,36.71,-11.8102,-1.8197,,,0.20399,0
205.4230,69,2,0,2,111.67,43.22,dwell,236.65,-21.25,140.63,0,178.932,7.643,179.847,-18.11,20.80,147.88,-17.57,-7.58,173.94,54.048,54.156,-9.7830,-1.8316,236.65,-21.25,-10.8980,-1.8251,,,0.20586,0
205.5064,69,2,0,2,111.67,43.22,dwell,168.03,26.56,58.77,0,178.941,7.613,179.833,-18.22,20.91,147.83,-17.37,-7.80,174.24,53.701,54.063,-10.2342,-5.6949,168.03,26.56,-10.5993,-3.5665,,,0.22384,0
205.6250,69,2,0,2,111.67,43.22,capture,204.15,-15.65,109.63,0,178.901,7.648,179.860,-18.09,20.94,147.99,-17.73,-7.28,174.40,53.938,54.107,-8.9497,-3.9811,204.15,-15.65,-9.8570,-3.7531,,,0.23249,0
205.7312,69,2,0,2,111.67,43.22,capture,201.05,-35.28,118.96,0,178.933,7.761,179.873,-18.06,20.98,147.95,-17.65,-7.71,174.67,53.786,53.878,-7.6711,-3.4537,201.05,-35.28,-8.8734,-3.6184,,,0.21076,0
205.8280,69,2,0,2,111.67,43.22,capture,198.32,-9.47,101.42,0,178.808,7.695,179.850,-18.16,20.92,147.91,-17.97,-7.85,174.15,53.449,54.004,-9.8472,-3.4673,198.32,-9.47,-9.3116,-3.5504,,,0.18589,0
205.9408,69,2,0,2,111.67,43.22,capture,202.44,-19.23,110.18,0,178.824,7.542,179.860,-18.10,20.88,148.00,-17.18,-7.62,174.23,53.635,54.260,-8.6098,-3.6872,202.44,-19.23,-8.9958,-3.6120,,,0.22822,0
206.0559,69,2,0,2,111.67,43.22,capture,196.18,-1.63,95.68,0,178.765,7.621,179.838,-18.26,20.95,147.99,-17.35,-7.50,174.20,53.563,54.381,-9.6013,-4.3041,196.18,-1.63,-9.2683,-3.9235,,,0.19812,0
206.1620,69,2,0,2,111.67,43.22,capture,188.90,-17.57,98.29,0,178.698,7.676,179.863,-18.23,20.81,147.90,-17.21,-7.29,173.79,53.480,54.229,-9.2604,-4.3186,188.90,-17.57,-9.2647,-4.1013,,,0.22678,0
206.2440,69,2,0,2,111.67,43.22,capture,193.22,-10.27,97.53,0,178.804,7.780,179.862,-18.37,20.88,147.78,-17.86,-7.87,174.41,53.437,54.267,-8.5673,-3.9562,193.22,-10.27,-8.9509,-4.0360,,,0.20032,0
206.3264,69,2,0,2,111.67,43.22,capture,191.90,-1.10,91.66,0,178.935,7.749,179.865,-18.35,21.08,148.01,-17.85,-6.86,174.55,53.383,54.267,-10.3570,-2.8909,191.90,-1.10,-9.5836,-3.5207,,,0.20771,0
206.4250,69,2,0,2,111.67,43.22,capture,190.22,-23.76,103.23,0,178.930,7.728,179.853,-18.40,20.95,148.00,-17.78,-8.52,174.74,53.620,53.893,-8.6032,-4.1172,190.22,-23.76,-9.1424,-3.7891,,,0.22087,0
206.5371,69,2,0,2,111.67,43.22,capture,212.34,-26.02,122.19,0,179.010,7.594,179.833,-18.42,21.08,147.92,-17.67,-7.62,174.28,53.791,54.131,-8.7409,-3.2697,212.34,-26.02,-8.9617,-3.5554,,,0.21246,0
206.6591,69,2,0,2,111.67,43.22,capture,213.64,-0.29,110.87,0,178.930,7.589,179.826,-18.52,21.16,147.67,-18.29,-7.15,173.91,53.802,54.413,-9.0580,-3.3975,213.64,-0.29,-9.0051,-3.4843,,,0.19814,0
206.7641,69,2,0,2,111.67,43.22,capture,195.48,-36.39,115.60,0,178.929,7.526,179.807,-18.47,21.14,147.88,-18.30,-7.15,173.96,53.574,54.297,-8.8969,-4.3555,195.48,-36.39,-8.9564,-3.8764,,,0.20455,0
206.8726,69,2,0,2,111.67,43.22,capture,209.77,-8.61,110.95,0,178.767,7.567,179.809,-18.49,21.13,147.82,-18.19,-7.39,174.19,53.551,53.933,-10.2280,-3.1502,209.77,-8.61,-9.5286,-3.5496,,,0.20426,0
206.9624,69,2,0,2,111.67,43.22,capture,207.95,-22.51,116.58,0,178.805,7.555,179.804,-18.47,21.22,147.66,-17.93,-6.46,174.09,53.486,54.203,-8.4194,-3.6933,207.95,-22.51,-9.0295,-3.6143,,,0.19772,0
207.0795,69,2,0,2,111.67,43.22,capture,186.81,-13.94,94.41,0,178.755,7.538,179.825,-18.31,21.17,147.75,-17.91,-7.43,174.24,53.250,54.128,-8.7558,-4.8646,186.81,-13.94,-8.9063,-4.1769,,,0.18634,0
207.1722,69,2,0,2,111.67,43.22,capture,189.08,-30.84,107.14,0,178.831,7.430,179.828,-18.27,21.19,147.59,-18.15,-7.82,174.06,53.526,53.780,-9.9091,-3.9328,189.08,-30.84,-9.3576,-4.0671,,,0.21617,0
207.2748,69,2,0,2,111.67,43.22,capture,222.34,-9.24,122.48,0,178.805,7.458,179.846,-18.33,21.20,147.65,-17.69,-7.86,174.29,53.584,53.670,-9.6868,-3.0460,222.34,-9.24,-9.5057,-3.6076,,,0.19593,0
207.3678,69,2,0,2,111.67,43.22,capture,217.86,-29.10,128.48,0,178.801,7.413,179.856,-18.33,21.08,147.48,-17.52,-7.30,173.77,53.104,53.600,-8.8463,-2.6345,217.86,-29.10,-9.2090,-3.1697,,,0.20826,0
207.4791,69,2,0,2,111.67,43.22,capture,214.88,-20.42,121.26,0,178.757,7.538,179.888,-18.34,20.92,147.54,-17.98,-7.53,173.81,53.047,53.761,-8.4900,-2.9369,214.88,-20.42,-8.8855,-3.0649,,,0.21174,0
207.5861,69,2,0,2,111.67,43.22,capture,210.20,-11.29,112.61,0,178.914,7.423,179.865,-18.37,20.89,147.46,-18.42,-7.68,173.99,53.124,54.323,-10.3292,-2.8252,210.20,-11.29,-9.5352,-2.9571,,,0.18630,0
207.6937,69,2,0,2,111.67,43.22,capture,199.47,-35.38,117.85,0,179.004,7.371,179.859,-18.40,21.08,147.67,-18.24,-8.01,174.14,53.478,54.628,-9.1104,-3.4603,199.47,-35.38,-9.3440,-3.1835,,,0.21752,0
207.9053,70,34,3,7,335.00,302.56,dwell,58.59,-27.21,430.29,0,178.909,7.512,179.858,-18.40,20.99,147.55,-18.03,-8.08,173.21,53.553,54.376,-8.3769,-10.6014,58.59,-27.21,-8.3769,-10.6014,,,0.19072,0
208.0252,70,34,3,7,335.00,302.56,dwell,102.36,139.46,284.12,0,178.836,7.438,179.840,-18.38,20.87,147.67,-17.95,-7.90,173.83,53.704,54.130,-15.8641,-7.5147,102.36,139.46,-11.7462,-9.2124,,,0.20639,0
208.1235,70,34,3,7,335.00,302.56,dwell,157.58,193.09,208.47,0,178.981,7.392,179.832,-18.42,20.89,147.73,-17.47,-7.13,173.80,53.448,53.863,-17.4646,-5.7491,157.58,193.09,-14.3195,-7.6539,,,0.22263,0
208.2509,70,34,3,7,335.00,302.56,dwell,164.40,260.68,175.66,0,178.918,7.535,179.849,-18.36,20.99,147.74,-17.79,-7.65,173.95,53.339,53.965,-20.1670,-5.6088,164.40,260.68,-16.9508,-6.7336,,,0.18755,0
208.3671,70,34,3,7,335.00,302.56,dwell,261.24,190.52,134.14,0,178.914,7.622,179.870,-18.43,21.05,147.61,-17.98,-6.96,174.53,53.241,53.725,-16.6289,-1.2871,261.24,190.52,-16.8060,-4.2827,,,0.19572,0
208.4686,70,34,3,7,335.00,302.56,dwell,257.28,62.71,252.12,0,178.958,7.526,179.845,-18.42,20.85,147.67,-18.45,-7.43,174.28,53.301,53.500,-11.3268,-1.0188,257.28,62.71,-14.3404,-2.8139,,,0.21517,0
208.5803,70,34,3,7,335.00,302.56,dwell,254.80,238.21,102.82,0,178.769,7.607,179.815,-18.45,20.92,147.85,-17.94,-7.05,174.25,53.335,53.487,-19.1337,-0.7825,254.80,238.21,-16.4974,-1.8998,,,0.16321,0
208.6757,70,34,3,7,335.00,302.56,dwell,210.90,239.01,139.42,0,178.767,7.797,179.792,-18.38,20.98,147.69,-17.82,-7.17,174.37,53.476,53.714,-19.3734,-3.1745,210.90,239.01,-17.7916,-2.4734,,,0.21273,0
208.7776,70,34,3,7,335.00,302.56,dwell,232.77,252.62,113.77,0,178.835,7.870,179.834,-18.38,20.72,147.91,-17.71,-7.97,174.26,53.472,54.028,-18.9621,-2.2134,232.77,252.62,-18.3183,-2.3564,,,0.20600,0
208.8596,70,34,3,7,335.00,302.56,dwell,263.03,284.20,74.27,0,178.726,7.949,179.854,-18.33,20.64,147.80,-18.04,-7.09,173.57,53.573,54.470,-19.6776,-1.1612,263.03,284.20,-18.9300,-1.8186,,,0.20571,0
208.9416,70,34,3,7,335.00,302.56,capture,237.36,258.24,107.23,0,178.709,8.025,179.816,-18.27,20.71,147.85,-17.16,-7.65,173.99,53.538,54.647,-18.8573,-1.3704,237.36,258.24,-18.8973,-1.6169,,,0.23079,0
209.0496,70,34,3,7,335.00,302.56,capture,243.41,252.94,104.17,0,178.866,7.920,179.808,-18.30,20.79,147.84,-17.79,-6.75,173.67,53.821,54.656,-19.1984,-1.5017,243.41,252.94,-19.0328,-1.5650,,,0.23694,0
209.1544,70,34,3,7,335.00,302.56,capture,247.19,262.23,96.63,0,178.823,7.983,179.835,-18.43,20.61,147.82,-18.16,-8.25,174.70,54.169,54.469,-20.6260,-1.1748,247.19,262.23,-19.7497,-1.3894,,,0.23389,0
209.2513,70,34,3,7,335.00,302.56,capture,246.84,284.08,90.08,0,178.812,7.981,179.823,-18.46,20.44,147.70,-18.02,-9.13,173.84,53.861,54.065,-19.8968,-1.1455,246.84,284.08,-19.8159,-1.2797,,,0.23799,0
209.3470,70,34,3,7,335.00,302.56,capture,236.72,260.13,107.05,0,178.768,8.060,179.857,-18.40,20.34,147.62,-17.59,-8.38,173.74,53.705,54.317,-19.1200,-1.6779,236.72,260.13,-19.5028,-1.4589,,,0.20583,0
209.4569,70,34,3,7,335.00,302.56,capture,241.08,281.88,96.17,0,178.728,8.053,179.863,-18.35,20.50,147.72,-17.68,-8.47,174.76,53.393,54.213,-21.0941,-1.8753,241.08,281.88,-20.2189,-1.6463,,,0.19900,0
209.5579,70,34,3,7,335.00,302.56,capture,247.64,291.84,88.01,0,178.714,7.970,179.858,-18.35,20.65,147.75,-18.16,-8.39,174.79,53.327,53.839,-21.6200,-1.4320,247.64,291.84,-20.8494,-1.5498,,,0.17015,0
209.6491,70,34,3,7,335.00,302.56,capture,229.53,274.50,109.14,0,178.814,7.935,179.850,-18.12,20.63,147.51,-18.19,-7.87,173.95,53.347,54.077,-20.1955,-1.8676,229.53,274.50,-20.5551,-1.6928,,,0.19699,0
209.7528,70,34,3,7,335.00,302.56,capture,258.72,257.96,88.36,0,178.876,7.922,179.823,-18.06,20.71,147.70,-18.03,-7.22,174.43,53.603,54.016,-19.6039,-0.3407,258.72,257.96,-20.1271,-1.0844,,,0.20799,0
209.8444,70,34,3,7,335.00,302.56,capture,245.86,272.78,93.98,0,178.794,8.064,179.846,-18.13,20.50,147.63,-18.01,-7.66,174.54,53.298,54.115,-20.5545,-1.6186,245.86,272.78,-20.3194,-1.3248,,,0.20171,0
209.9443,70,34,3,7,335.00,302.56,capture,238.91,281.73,98.32,0,178.893,8.075,179.818,-18.23,20.34,147.61,-17.85,-8.43,173.91,53.397,53.936,-20.9045,-2.5479,238.91,281.73,-20.5827,-1.8752,,,0.16436,0
210.0558,70,34,3,7,335.00,302.56,capture,246.19,290.74,89.59,0,178.903,8.078,179.831,-18.13,20.24,147.79,-17.61,-8.54,174.18,53.408,54.294,-20.2439,-1.2839,246.19,290.74,-20.4302,-1.6091,,,0.21795,0
210.1531,70,34,3,7,335.00,302.56,capture,256.72,275.33,82.88,0,179.009,7.961,179.831,-18.15,20.02,147.95,-17.61,-8.10,174.36,53.488,54.479,-20.9010,-0.9051,256.72,275.33,-20.6421,-1.2923,,,0.21403,0
210.2596,70,34,3,7,335.00,302.56,capture,244.07,278.70,94.01,0,179.048,7.944,179.837,-18.07,20.08,147.88,-17.84,-8.63,174.65,53.320,54.243,-20.3965,-1.6477,244.07,278.70,-20.5316,-1.4522,,,0.22031,0
210.3576,70,34,3,7,335.00,302.56,capture,232.01,291.02,103.63,0,179.028,7.793,179.814,-18.12,20.07,147.71,-17.69,-8.70,174.45,53.294,54.393,-20.1716,-2.0165,232.01,291.02,-20.3696,-1.7061,,,0.20242,0
210.4396,70,34,3,7,335.00,302.56,capture,257.39,277.21,81.64,0,178.967,7.846,179.802,-18.29,20.26,147.61,-17.61,-8.58,174.05,53.624,54.475,-21.3944,-0.7825,257.39,277.21,-20.8308,-1.2905,,,0.23165,0
210.5314,70,34,3,7,335.00,302.56,capture,257.00,287.14,79.51,0,178.833,7.917,179.801,-18.33,20.26,147.54,-18.24,-8.57,173.99,53.664,54.485,-21.9601,-0.4154,257.00,287.14,-21.3390,-0.8967,,,0.20007,0
210.6307,70,34,3,7,335.00,302.56,capture,243.33,276.31,95.35,0,178.755,7.973,179.824,-18.34,20.01,147.64,-17.95,-7.95,174.42,53.697,54.788,-20.1874,-1.8444,243.33,276.31,-20.8208,-1.3232,,,0.22900,0
210.7186,70,34,3,7,335.00,302.56,capture,240.69,269.23,100.02,0,178.840,7.999,179.833,-18.21,20.09,147.79,-17.76,-7.54,174.02,53.894,54.731,-19.0104,-1.8638,240.69,269.23,-20.0061,-1.5664,,,0.19566,0
210.8035,70,34,3,7,335.00,302.56,capture,255.35,260.80,89.93,0,178.802,7.941,179.839,-18.18,20.07,147.84,-17.12,-8.86,174.33,54.075,54.442,-20.0744,-0.6326,255.35,260.80,-20.0368,-1.1462,,,0.21795,0
211.0084,71,25,2,7,335.00,216.11,dwell,327.42,272.11,56.51,0,178.820,7.890,179.802,-18.18,20.01,147.81,-17.50,-8.58,173.75,53.625,54.351,-20.3377,2.1595,327.42,272.11,-20.3377,2.1595,,,0.22607,0
211.1066,71,25,2,7,335.00,216.11,dwell,324.15,297.83,82.44,0,178.866,7.871,179.818,-18.11,20.17,147.83,-17.97,-7.86,174.14,53.680,54.207,-21.4985,2.9150,324.15,297.83,-20.8601,2.4995,,,0.21959,0
211.2183,71,25,2,7,335.00,216.11,dwell,212.40,129.39,150.17,0,178.755,7.862,179.840,-18.10,20.14,147.90,-17.22,-8.21,174.05,53.625,54.415,-14.4476,-3.3885,212.40,129.39,-17.9745,-0.1501,,,0.20792,0
211.3215,71,25,2,7,335.00,216.11,dwell,293.34,166.91,64.47,0,178.848,7.860,179.859,-17.99,20.11,147.97,-17.42,-8.26,173.86,53.629,54.740,-14.7174,0.7136,293.34,166.91,-16.5088,0.2385,,,0.21129,0
211.4139,71,25,2,7,335.00,216.11,dwell,305.71,181.03,45.70,0,178.971,7.775,179.830,-18.15,20.10,147.81,-17.96,-9.04,174.11,53.754,54.629,-16.7481,1.5592,305.71,181.03,-16.6165,0.8328,,,0.21229,0
211.5019,71,25,2,7,335.00,216.11,dwell,256.19,90.06,148.66,0,178.978,7.712,179.801,-18.28,20.19,147.78,-18.21,-8.18,174.41,54.091,54.549,-13.7204,-0.9238,256.19,90.06,-15.3133,0.0423,,,0.23004,0
211.5958,71,25,2,7,335.00,216.11,dwell,275.68,155.78,84.61,0,178.959,7.767,179.804,-18.47,20.27,147.78,-18.17,-8.64,174.06,53.698,54.369,-15.7633,-0.2356,275.68,155.78,-15.5158,-0.0827,,,0.21311,0
211.6958,71,25,2,7,335.00,216.11,dwell,278.60,26.05,198.25,0,178.889,7.741,179.824,-18.44,20.04,147.59,-17.81,-8.33,173.84,53.626,54.210,-10.8999,-0.2182,278.60,26.05,-13.4386,-0.1437,,,0.18818,0
211.7955,71,25,2,7,335.00,216.11,dwell,273.93,67.70,160.48,0,178.851,7.712,179.814,-18.44,20.10,147.63,-17.93,-8.63,174.06,53.548,54.159,-11.9964,-0.6082,273.93,67.70,-12.7896,-0.3527,,,0.20066,0
211.8863,71,25,2,7,335.00,216.11,dwell,301.87,137.69,85.13,0,178.872,7.849,179.789,-18.39,20.12,147.58,-17.90,-8.51,174.14,53.616,54.494,-15.3259,1.5833,301.87,137.69,-13.9309,0.5185,,,0.22751,0
212.0125,71,25,2,7,335.00,216.11,dwell,319.97,89.39,127.61,0,178.910,7.895,179.814,-18.41,20.40,147.61,-17.58,-7.80,174.02,53.388,54.775,-13.0816,2.3390,319.97,89.39,-13.5487,1.3377,,,0.22988,0
212.1391,71,25,2,7,335.00,216.11,capture,281.72,95.80,131.58,0,178.992,7.775,179.823,-18.43,20.43,147.71,-17.96,-7.32,173.54,53.182,54.366,-14.2848,1.2326,281.72,95.80,-13.8800,1.2904,,,0.21818,0
212.2515,71,25,2,7,335.00,216.11,capture,284.39,83.33,142.10,0,179.040,7.788,179.809,-18.43,20.37,147.75,-18.69,-8.67,174.48,53.257,54.702,-12.8352,0.8939,284.39,83.33,-13.4098,1.1120,,,0.20556,0
212.3335,71,25,2,7,335.00,216.11,capture,277.66,102.96,126.85,0,178.970,7.867,179.825,-18.33,20.25,147.65,-18.36,-8.63,173.90,52.979,54.832,-14.2032,-0.3080,277.66,102.96,-13.7669,0.4730,,,0.18598,0
212.4460,71,25,2,7,335.00,216.11,capture,270.75,96.57,135.71,0,179.014,7.924,179.812,-18.41,20.40,147.74,-18.05,-8.56,173.73,52.951,54.406,-13.3505,-0.9094,270.75,96.57,-13.5795,-0.1491,,,0.22272,0
212.5328,71,25,2,7,335.00,216.11,capture,297.55,69.33,151.48,0,179.029,7.897,179.768,-18.31,20.44,147.53,-18.02,-9.00,173.51,52.960,54.374,-11.5588,1.2187,297.55,69.33,-12.6702,0.4664,,,0.19182,0
212.6381,71,25,2,7,335.00,216.11,capture,274.41,98.28,132.50,0,179.147,7.875,179.799,-18.39,20.54,147.74,-17.88,-7.41,174.33,52.959,54.260,-13.9782,0.2550,274.41,98.28,-13.2588,0.3713,,,0.19732,0
212.7328,71,25,2,7,335.00,216.11,capture,279.13,73.76,152.92,0,179.249,7.944,179.812,-18.35,20.70,147.57,-18.09,-7.79,173.91,52.811,54.308,-12.5612,0.2420,279.13,73.76,-12.9449,0.3131,,,0.16048,0
212.8148,71,25,2,7,335.00,216.11,capture,285.66,88.48,136.84,0,179.250,7.987,179.813,-18.28,20.69,147.64,-17.73,-7.84,173.44,52.965,54.147,-12.3431,0.2530,285.66,88.48,-12.6741,0.2860,,,0.17229,0
212.8989,71,25,2,7,335.00,216.11,capture,289.48,104.13,120.88,0,179.142,7.920,179.783,-18.32,20.52,147.60,-18.34,-7.58,174.41,52.909,54.107,-13.8129,1.1644,289.48,104.13,-13.1866,0.6813,,,0.17669,0
213.0148,71,25,2,7,335.00,216.11,capture,286.18,74.38,149.90,0,179.029,7.880,179.786,-18.34,20.57,147.59,-18.26,-8.29,173.76,52.718,54.073,-13.8989,0.8932,286.18,74.38,-13.5071,0.7767,,,0.19872,0
213.1143,71,25,2,7,335.00,216.11,capture,284.95,65.10,159.09,0,179.014,7.724,179.778,-18.30,20.36,147.28,-17.63,-7.26,173.59,52.645,54.227,-12.1980,-0.3335,284.95,65.10,-12.9180,0.2771,,,0.18706,0
213.1963,71,25,2,7,335.00,216.11,capture,288.31,54.35,168.36,0,179.098,7.759,179.804,-18.27,20.24,147.42,-18.24,-8.67,173.75,52.418,54.389,-12.8925,-0.0303,288.31,54.35,-12.9065,0.1387,,,0.15175,0
213.2889,71,25,2,7,335.00,216.11,capture,296.43,69.11,151.98,0,179.055,7.758,179.836,-18.32,20.35,147.43,-18.78,-8.89,173.84,52.950,54.582,-11.6837,0.7560,296.43,69.11,-12.3563,0.4165,,,0.21727,0
213.3928,71,25,2,7,335.00,216.11,capture,289.16,76.71,146.74,0,178.905,7.899,179.831,-18.35,20.18,147.32,-17.89,-8.93,173.55,53.731,54.430,-13.1263,0.5138,289.16,76.71,-12.7028,0.4603,,,0.21815,0
213.5052,71,25,2,7,335.00,216.11,capture,282.77,68.97,156.14,0,178.860,8.006,179.841,-18.22,20.09,147.28,-18.02,-9.08,173.74,53.824,54.537,-12.3385,0.2352,282.77,68.97,-12.5389,0.3590,,,0.24575,0
213.6219,71,25,2,7,335.00,216.11,capture,301.78,91.42,129.04,0,178.968,8.150,179.870,-18.27,20.32,147.34,-17.86,-8.29,174.12,53.743,54.288,-13.2343,0.6993,301.78,91.42,-12.8518,0.5121,,,0.20618,0
213.7191,71,25,2,7,335.00,216.11,capture,312.07,98.65,119.68,0,179.054,8.159,179.924,-18.34,20.50,147.41,-18.15,-7.19,173.54,53.711,54.508,-13.5266,1.8615,312.07,98.65,-13.1555,1.1194,,,0.21475,0
213.8037,71,25,2,7,335.00,216.11,capture,263.93,66.32,165.80,0,178.927,8.268,179.924,-18.38,20.54,147.41,-17.88,-7.95,173.35,53.797,54.814,-12.3491,-0.7114,263.93,66.32,-12.7926,0.2955,,,0.23377,0
213.8885,71,25,2,7,335.00,216.11,capture,308.63,66.52,151.90,0,178.977,8.274,179.935,-18.37,20.50,147.52,-17.87,-8.46,173.67,53.674,54.828,-11.4986,1.2067,308.63,66.52,-12.2103,0.7056,,,0.21162,0
213.9783,71,25,2,7,335.00,216.11,capture,295.84,97.23,125.16,0,179.013,8.085,179.906,-18.32,20.56,147.35,-17.71,-8.20,173.69,54.063,54.915,-13.8071,1.2176,295.84,97.23,-12.9288,0.9360,,,0.20621,0
214.1718,72,39,4,3,156.33,389.00,dwell,344.39,20.99,413.28,0,179.068,8.053,179.894,-18.24,20.55,147.45,-17.28,-7.37,173.83,54.391,54.914,-11.3667,3.8473,344.39,20.99,-11.3667,3.8473,,,0.25088,0
214.2686,72,39,4,3,156.33,389.00,dwell,195.90,272.28,123.24,0,179.214,7.977,179.848,-18.16,20.66,147.61,-17.81,-8.03,173.69,54.011,54.693,-19.4185,-3.6491,195.90,272.28,-14.9900,0.4739,,,0.23289,0
214.3608,72,39,4,3,156.33,389.00,dwell,202.22,167.79,225.92,0,179.224,7.946,179.858,-18.12,20.68,147.55,-17.38,-7.66,174.12,53.640,54.657,-16.2866,-2.6786,202.22,167.79,-15.5735,-0.9447,,,0.21410,0
214.4717,72,39,4,3,156.33,389.00,dwell,194.88,83.74,307.68,0,179.215,7.886,179.838,-18.11,20.47,147.60,-17.31,-7.91,174.03,53.391,54.359,-13.7415,-3.6017,194.88,83.74,-14.7491,-2.1403,,,0.19338,0
214.5681,72,39,4,3,156.33,389.00,dwell,167.40,187.87,201.43,0,179.215,8.014,179.859,-18.11,20.52,147.95,-17.14,-8.10,174.37,53.538,54.360,-17.4121,-5.4284,167.40,187.87,-15.9474,-3.6200,,,0.20651,0
214.6591,72,39,4,3,156.33,389.00,dwell,172.03,40.01,349.34,0,179.186,8.042,179.840,-18.27,20.61,147.90,-18.31,-6.40,174.50,53.542,54.839,-12.2707,-4.6397,172.03,40.01,-14.2929,-4.0788,,,0.20247,0
214.7598,72,39,4,3,156.33,389.00,dwell,126.77,171.75,219.25,0,179.097,8.016,179.845,-18.52,20.74,148.07,-17.88,-7.86,174.61,53.761,54.852,-16.1378,-6.2776,126.77,171.75,-15.1231,-5.0683,,,0.19132,0
214.8575,72,39,4,3,156.33,389.00,dwell,196.39,196.53,196.59,0,179.103,7.859,179.827,-18.46,20.62,147.91,-18.75,-7.36,174.75,54.151,54.827,-17.5452,-3.3655,196.39,196.53,-16.2131,-4.3020,,,0.22281,0
214.9588,72,39,4,3,156.33,389.00,dwell,107.63,177.87,216.67,0,179.130,7.940,179.832,-18.46,20.75,147.90,-17.45,-6.88,174.88,54.179,55.144,-17.4896,-8.0234,107.63,177.87,-16.7875,-5.9767,,,0.21965,0
215.0779,72,39,4,3,156.33,389.00,dwell,107.36,139.28,254.48,0,178.989,7.926,179.800,-18.32,20.89,147.69,-18.11,-7.46,173.65,54.426,55.094,-15.9743,-7.6112,107.36,139.28,-16.4216,-6.7122,,,0.20849,0
215.1768,72,39,4,3,156.33,389.00,capture,106.37,198.29,197.15,0,178.833,7.823,179.832,-18.21,20.81,147.53,-18.08,-7.71,173.69,54.201,54.998,-17.6652,-7.8331,106.37,198.29,-16.9812,-7.2166,,,0.23565,0
215.2910,72,39,4,3,156.33,389.00,capture,107.71,199.00,196.12,0,178.851,7.964,179.819,-18.31,20.82,147.78,-18.23,-7.90,174.05,54.064,55.043,-18.1664,-7.9043,107.71,199.00,-17.5145,-7.5261,,,0.22694,0
215.3741,72,39,4,3,156.33,389.00,capture,94.69,180.08,217.82,0,178.871,7.817,179.846,-18.32,20.84,147.83,-17.71,-7.75,174.13,54.038,54.946,-16.1809,-8.3315,94.69,180.08,-16.9144,-7.8885,,,0.19263,0
215.4673,72,39,4,3,156.33,389.00,capture,82.08,188.53,213.78,0,178.874,7.909,179.829,-18.30,20.85,147.89,-18.46,-7.16,174.16,53.838,54.212,-17.4934,-9.2146,82.08,188.53,-17.1750,-8.4853,,,0.22988,0
215.5788,72,39,4,3,156.33,389.00,capture,63.22,206.80,204.61,0,178.913,7.939,179.807,-18.24,21.02,147.81,-17.50,-7.85,174.07,53.975,54.288,-17.4435,-10.3708,63.22,206.80,-17.2958,-9.3337,,,0.23113,0
215.6925,72,39,4,3,156.33,389.00,capture,96.00,182.70,214.94,0,178.939,7.883,179.827,-18.27,20.97,147.56,-17.76,-7.50,174.00,53.858,54.505,-16.1637,-8.9525,96.00,182.70,-16.7864,-9.1622,,,0.22558,0
215.8032,72,39,4,3,156.33,389.00,capture,86.17,189.89,211.11,0,178.942,8.021,179.835,-18.16,20.96,147.55,-18.03,-7.91,173.50,53.447,53.934,-18.4558,-8.4423,86.17,189.89,-17.5376,-8.8383,,,0.19331,0
215.8906,72,39,4,3,156.33,389.00,capture,74.98,200.13,205.65,0,179.033,7.998,179.843,-18.22,21.06,147.49,-17.97,-8.50,173.88,53.282,54.216,-18.1735,-9.3326,74.98,200.13,-17.8238,-9.0607,,,0.19564,0
215.9825,72,39,4,3,156.33,389.00,capture,81.99,186.27,215.93,0,178.977,7.896,179.871,-18.22,20.75,147.41,-18.18,-8.06,174.11,53.167,53.687,-16.8534,-8.9827,81.99,186.27,-17.3871,-9.0256,,,0.20132,0
216.0914,72,39,4,3,156.33,389.00,capture,124.10,181.47,210.02,0,179.050,7.928,179.875,-18.20,20.70,147.58,-17.67,-7.40,174.01,53.432,53.958,-16.2035,-7.2996,124.10,181.47,-16.8545,-8.2489,,,0.22197,0
216.1820,72,39,4,3,156.33,389.00,capture,101.21,166.93,228.81,0,179.006,7.962,179.861,-18.03,20.67,147.47,-17.58,-7.63,173.69,53.689,54.317,-16.1743,-8.1548,101.21,166.93,-16.5484,-8.2065,,,0.21570,0
216.2945,72,39,4,3,156.33,389.00,capture,87.80,162.66,236.49,0,179.014,7.995,179.849,-18.13,20.67,147.57,-17.37,-7.83,173.81,53.962,54.409,-16.0578,-9.2911,87.80,162.66,-16.3277,-8.6946,,,0.21487,0
216.3883,72,39,4,3,156.33,389.00,capture,84.79,163.69,236.40,0,178.968,7.981,179.845,-18.22,20.58,147.82,-17.95,-7.04,174.46,53.736,54.255,-16.2343,-8.9417,84.79,163.69,-16.2857,-8.8058,,,0.20534,0
216.4844,72,39,4,3,156.33,389.00,capture,81.52,185.09,217.20,0,178.950,8.061,179.829,-18.21,20.57,147.79,-17.64,-8.33,173.64,53.617,54.216,-16.7011,-9.0743,81.52,185.09,-16.4726,-8.9266,,,0.21339,0
216.5974,72,39,4,3,156.33,389.00,capture,86.43,178.26,222.03,0,178.926,8.017,179.827,-18.24,20.54,147.59,-17.92,-8.48,174.01,53.198,54.510,-16.9845,-8.9776,86.43,178.26,-16.7030,-8.9496,,,0.17995,0
216.6794,72,39,4,3,156.33,389.00,capture,96.46,169.82,227.21,0,179.004,8.020,179.820,-18.41,20.66,147.62,-17.61,-7.64,173.69,53.110,54.328,-16.4190,-8.6199,96.46,169.82,-16.5752,-8.8012,,,0.21686,0
216.7723,72,39,4,3,156.33,389.00,capture,105.22,190.50,204.98,0,179.108,7.997,179.814,-18.46,20.63,147.53,-17.27,-7.63,173.55,52.810,54.355,-17.2573,-7.9140,105.22,190.50,-16.8821,-8.4020,,,0.20146,0
216.8685,72,39,4,3,156.33,389.00,capture,109.84,190.88,203.50,0,179.143,7.902,179.840,-18.41,20.56,147.60,-18.17,-7.14,173.85,52.849,54.439,-16.6311,-7.9217,109.84,190.88,-16.7692,-8.1859,,,0.17369,0
217.0350,73,32,3,5,245.67,302.56,dwell,328.22,335.43,88.86,0,179.069,7.849,179.838,-18.30,20.85,147.43,-19.03,-7.52,173.66,53.239,53.972,-21.9445,2.0220,328.22,335.43,-21.9445,2.0220,,,0.19937,0
217.1568,73,32,3,5,245.67,302.56,dwell,253.49,184.78,118.04,0,179.136,7.713,179.863,-18.30,20.93,147.16,-17.96,-7.76,173.76,53.492,54.176,-17.2594,-1.1528,253.49,184.78,-19.8362,0.5933,,,0.22428,0
217.2526,73,32,3,5,245.67,302.56,dwell,195.93,277.31,55.78,0,179.042,7.702,179.835,-18.22,20.86,146.96,-17.88,-7.75,173.13,53.718,54.214,-20.5486,-4.1269,195.93,277.31,-20.1568,-1.5308,,,0.23107,0
217.3481,73,32,3,5,245.67,302.56,dwell,267.37,374.80,75.43,0,179.137,7.647,179.824,-18.14,21.02,146.85,-17.72,-7.14,173.28,53.483,53.842,-25.3800,-0.2476,267.37,374.80,-22.5073,-0.9533,,,0.18767,0
217.4621,73,32,3,5,245.67,302.56,dwell,285.02,281.90,44.44,0,179.153,7.655,179.854,-18.21,21.11,146.72,-17.24,-7.46,172.33,53.751,53.818,-20.3413,0.8358,285.02,281.90,-21.5326,-0.1482,,,0.20567,0
217.5619,73,32,3,5,245.67,302.56,dwell,312.13,278.79,70.58,0,179.100,7.626,179.859,-18.16,21.03,146.80,-17.29,-8.31,172.53,53.442,53.575,-20.3857,1.8296,312.13,278.79,-21.0165,0.7418,,,0.21225,0
217.6743,73,32,3,5,245.67,302.56,dwell,327.16,311.72,82.01,0,179.055,7.767,179.839,-18.15,21.17,146.89,-17.93,-7.24,172.69,53.507,53.700,-21.7995,1.1701,327.16,311.72,-21.3688,0.9345,,,0.22688,0
217.7808,73,32,3,5,245.67,302.56,dwell,350.40,307.57,104.85,0,179.028,7.850,179.825,-18.22,21.04,146.97,-18.60,-7.40,173.38,53.153,54.111,-21.5617,3.1638,350.40,307.57,-21.4556,1.9377,,,0.21308,0
217.8860,73,32,3,5,245.67,302.56,capture,406.24,327.98,162.57,0,178.961,7.754,179.811,-18.16,21.14,147.38,-17.95,-7.11,173.70,53.233,54.054,-22.0623,5.7239,406.24,327.98,-21.7286,3.6415,,,0.20977,0
217.9785,73,32,3,5,245.67,302.56,capture,399.60,363.24,165.46,0,178.968,7.778,179.807,-18.33,21.11,147.30,-18.21,-8.10,173.34,53.297,53.972,-24.3116,5.5138,399.60,363.24,-22.8910,4.4840,,,0.20058,0
218.0811,73,32,3,5,245.67,302.56,capture,406.52,348.92,167.40,0,178.839,7.839,179.799,-18.18,20.96,147.30,-17.69,-7.63,173.79,53.195,54.017,-24.1918,5.5615,406.52,348.92,-23.4763,4.9689,,,0.20445,0
218.1894,73,32,3,5,245.67,302.56,capture,390.28,337.06,148.67,0,178.789,7.881,179.800,-18.15,20.89,147.19,-17.54,-7.74,173.61,53.205,54.523,-22.5611,4.9925,390.28,337.06,-23.0645,4.9795,,,0.17402,0
218.2942,73,32,3,5,245.67,302.56,capture,400.41,336.59,158.44,0,178.736,7.800,179.833,-18.07,20.98,147.11,-18.40,-7.88,172.85,53.312,54.588,-23.1484,5.6940,400.41,336.59,-23.1022,5.3010,,,0.20475,0
218.4050,73,32,3,5,245.67,302.56,capture,378.48,343.13,138.87,0,178.704,7.869,179.819,-18.12,20.95,147.24,-17.50,-8.05,173.16,53.782,54.473,-23.0328,4.8422,378.48,343.13,-23.0710,5.0945,,,0.21221,0
218.5133,73,32,3,5,245.67,302.56,capture,386.06,320.47,141.53,0,178.738,7.930,179.782,-18.15,20.79,147.07,-17.59,-7.95,172.95,53.726,54.375,-22.0952,5.4666,386.06,320.47,-22.6319,5.2620,,,0.22397,0
218.6029,73,32,3,5,245.67,302.56,capture,386.62,330.15,143.63,0,178.776,7.947,179.801,-18.01,20.83,147.08,-17.60,-7.07,173.14,53.629,54.188,-22.9761,5.1191,386.62,330.15,-22.7868,5.1977,,,0.21090,0
218.7115,73,32,3,5,245.67,302.56,capture,388.10,332.66,145.58,0,178.849,8.001,179.788,-18.00,20.80,147.04,-17.38,-8.01,172.78,53.846,54.415,-21.5180,6.0364,388.10,332.66,-22.2158,5.5751,,,0.20946,0
218.8217,73,32,3,5,245.67,302.56,capture,377.60,358.55,143.32,0,179.034,8.090,179.812,-18.02,20.75,147.20,-17.81,-7.25,173.59,53.728,54.197,-22.3365,4.2260,377.60,358.55,-22.2701,4.9680,,,0.20689,0
218.9299,73,32,3,5,245.67,302.56,capture,400.36,342.60,159.79,0,178.967,7.871,179.839,-18.15,20.57,147.33,-18.14,-6.70,173.66,54.106,54.497,-24.0790,5.5409,400.36,342.60,-23.0841,5.2258,,,0.22264,0
219.0248,73,32,3,5,245.67,302.56,capture,394.28,343.80,154.23,0,179.030,7.947,179.800,-18.13,20.36,147.56,-17.85,-8.10,173.90,53.817,54.282,-24.0499,5.9826,394.28,343.80,-23.5187,5.5664,,,0.20761,0
219.1240,73,32,3,5,245.67,302.56,capture,388.43,343.26,148.45,0,178.950,7.923,179.838,-18.17,20.22,147.44,-17.58,-7.61,173.74,53.866,53.950,-23.6676,5.2734,388.43,343.26,-23.5857,5.4345,,,0.20216,0
219.2406,73,32,3,5,245.67,302.56,capture,404.53,351.23,166.15,0,178.961,7.858,179.826,-18.23,20.29,147.48,-17.90,-7.95,174.22,54.059,53.974,-24.1047,5.8077,404.53,351.23,-23.8193,5.6025,,,0.22879,0
219.3349,73,32,3,5,245.67,302.56,capture,402.11,333.17,159.41,0,179.039,7.879,179.823,-18.33,20.14,147.45,-17.67,-7.99,173.97,53.994,53.857,-23.5568,6.0218,402.11,333.17,-23.7011,5.7911,,,0.22244,0
219.4390,73,32,3,5,245.67,302.56,capture,365.50,332.99,123.64,0,179.042,7.823,179.839,-18.32,20.16,147.38,-18.15,-8.41,173.69,54.066,54.015,-21.5725,4.3376,365.50,332.99,-22.7433,5.1370,,,0.25369,0
219.5484,73,32,3,5,245.67,302.56,capture,376.00,340.94,135.87,0,179.032,7.665,179.824,-18.22,20.37,147.59,-17.60,-8.08,173.71,53.670,53.837,-23.0222,5.0750,376.00,340.94,-22.8688,5.1091,,,0.21343,0
219.6506,73,32,3,5,245.67,302.56,capture,402.78,322.40,158.36,0,179.059,7.759,179.861,-18.15,20.50,147.55,-18.32,-8.16,174.27,53.503,53.880,-21.5334,5.9103,402.78,322.40,-22.2679,5.4697,,,0.20618,0
219.7581,73,32,3,5,245.67,302.56,capture,394.11,326.46,150.36,0,178.939,7.658,179.853,-18.10,20.43,147.44,-17.23,-8.16,173.35,53.601,54.025,-22.2680,5.1974,394.11,326.46,-22.2679,5.3472,,,0.22698,0
219.8680,73,32,3,5,245.67,302.56,capture,400.16,335.01,157.87,0,178.877,7.762,179.864,-18.11,20.59,147.36,-17.29,-8.44,174.23,53.193,54.266,-22.2889,6.0706,400.16,335.01,-22.2773,5.6727,,,0.20253,0
219.9648,73,32,3,5,245.67,302.56,capture,397.91,358.25,162.11,0,178.920,7.883,179.834,-18.21,20.62,147.54,-18.01,-7.72,173.87,53.318,53.958,-23.2725,5.8635,397.91,358.25,-22.7252,5.7586,,,0.19407,0
220.1837,74,24,2,6,290.33,216.11,dwell,436.44,223.10,146.27,0,178.983,7.912,179.819,-18.20,20.76,147.42,-17.95,-8.35,173.40,53.472,54.427,-17.9909,7.5266,436.44,223.10,-17.9909,7.5266,,,0.21951,0
220.2801,74,24,2,6,290.33,216.11,dwell,372.87,329.47,140.22,0,179.001,7.860,179.809,-18.28,20.74,147.49,-18.03,-8.43,174.07,53.722,54.406,-22.7217,4.8604,372.87,329.47,-20.1198,6.3268,,,0.20854,0
220.3908,74,24,2,6,290.33,216.11,dwell,398.63,240.32,110.97,0,178.927,7.960,179.781,-18.22,20.62,147.43,-18.19,-7.63,173.94,53.665,54.379,-19.3044,5.7621,398.63,240.32,-19.7528,6.0727,,,0.20144,0
220.4803,74,24,2,6,290.33,216.11,dwell,399.13,408.63,221.13,0,178.867,8.023,179.797,-18.45,20.58,147.25,-17.56,-8.09,173.23,53.785,54.178,-26.1046,5.7536,399.13,408.63,-22.6111,5.9291,,,0.19315,0
220.5663,74,24,2,6,290.33,216.11,dwell,439.95,315.84,179.81,0,178.858,7.839,179.780,-18.38,20.55,147.25,-17.94,-8.87,173.28,54.032,54.238,-23.3535,7.3288,439.95,315.84,-22.9452,6.5590,,,0.21625,0
220.6661,74,24,2,6,290.33,216.11,dwell,419.50,355.14,189.77,0,178.871,7.805,179.781,-18.44,20.59,147.27,-17.85,-8.07,173.53,54.406,54.225,-24.4361,6.6418,419.50,355.14,-23.6161,6.5962,,,0.25556,0
220.7755,74,24,2,6,290.33,216.11,dwell,420.55,234.27,131.48,0,178.872,7.785,179.800,-18.38,20.66,147.33,-18.03,-6.85,173.86,54.272,54.099,-18.3166,6.7243,420.55,234.27,-21.2313,6.6538,,,0.23718,0
220.8741,74,24,2,6,290.33,216.11,dwell,410.14,269.65,131.23,0,178.790,7.677,179.825,-18.43,20.51,147.10,-17.88,-6.80,173.02,54.565,54.301,-21.2193,5.9243,410.14,269.65,-21.2259,6.3255,,,0.24094,0
220.9640,74,24,2,6,290.33,216.11,dwell,416.19,272.72,138.00,0,178.753,7.831,179.828,-18.40,20.59,147.21,-18.63,-8.18,173.01,53.960,54.446,-20.0748,7.0077,416.19,272.72,-20.7079,6.6325,,,0.23027,0
221.0656,74,24,2,6,290.33,216.11,dwell,416.99,251.62,131.54,0,178.820,7.716,179.827,-18.51,20.55,147.23,-18.40,-7.81,173.70,53.705,54.461,-19.6218,5.9737,416.99,251.62,-20.2192,6.3360,,,0.22381,0
221.1637,74,24,2,6,290.33,216.11,dwell,417.14,279.57,141.80,0,178.940,7.778,179.845,-18.67,20.63,147.38,-18.44,-7.60,173.52,53.692,54.279,-20.2307,6.4658,417.14,279.57,-20.2244,6.3944,,,0.21776,0
221.2629,74,24,2,6,290.33,216.11,capture,397.33,230.88,108.01,0,178.878,7.637,179.851,-18.67,20.60,147.39,-18.57,-7.99,173.47,53.517,54.403,-17.4801,5.6993,397.33,230.88,-18.9895,6.0816,,,0.17689,0
221.3586,74,24,2,6,290.33,216.11,capture,393.21,252.75,109.21,0,178.912,7.777,179.847,-18.70,20.58,147.43,-18.14,-7.96,173.46,53.459,54.860,-19.1432,4.7621,393.21,252.75,-19.0587,5.4878,,,0.22513,0
221.4618,74,24,2,6,290.33,216.11,capture,421.53,261.78,138.92,0,178.914,7.747,179.863,-18.74,20.38,147.29,-18.83,-8.98,173.47,53.411,54.529,-19.8827,7.3864,421.53,261.78,-19.4295,6.3422,,,0.20971,0
221.5668,74,24,2,6,290.33,216.11,capture,398.51,255.18,115.02,0,178.768,7.822,179.856,-18.70,20.54,147.30,-18.45,-8.24,173.46,53.601,54.442,-19.6850,5.1023,398.51,255.18,-19.5445,5.7842,,,0.22924,0
221.6679,74,24,2,6,290.33,216.11,capture,428.27,251.67,142.45,0,178.776,7.853,179.872,-18.75,20.49,147.51,-18.24,-7.97,173.56,53.509,54.599,-20.2926,6.8718,428.27,251.67,-19.8811,6.2736,,,0.21709,0
221.7613,74,24,2,6,290.33,216.11,capture,420.16,229.44,130.51,0,178.877,7.800,179.850,-18.78,20.53,147.33,-18.51,-8.09,173.24,53.322,54.271,-19.4131,6.3395,420.16,229.44,-19.6705,6.3033,,,0.18879,0
221.8616,74,24,2,6,290.33,216.11,capture,416.13,242.80,128.60,0,178.937,7.887,179.858,-18.77,20.49,147.25,-18.46,-7.42,173.73,53.392,54.150,-20.0549,6.4719,416.13,242.80,-19.8435,6.3792,,,0.21775,0
221.9730,74,24,2,6,290.33,216.11,capture,391.75,245.74,105.66,0,178.962,7.911,179.840,-18.66,20.48,147.17,-18.22,-8.29,173.60,53.227,54.467,-19.4800,4.5991,391.75,245.74,-19.6799,5.5781,,,0.19960,0
222.0798,74,24,2,6,290.33,216.11,capture,407.54,261.58,125.72,0,178.939,7.978,179.834,-18.61,20.63,147.21,-18.34,-7.65,173.32,53.326,54.458,-20.0221,6.6332,407.54,261.58,-19.8339,6.0529,,,0.19383,0
222.1778,74,24,2,6,290.33,216.11,capture,385.88,247.93,100.71,0,178.877,8.009,179.879,-18.55,20.69,147.11,-18.19,-8.38,173.24,53.624,54.463,-19.2792,5.0549,385.88,247.93,-19.5843,5.6038,,,0.22331,0
222.2921,74,24,2,6,290.33,216.11,capture,398.30,257.09,115.48,0,178.810,8.050,179.851,-18.51,20.76,147.14,-18.04,-7.51,172.94,53.540,54.004,-19.1555,5.5876,398.30,257.09,-19.3913,5.5965,,,0.19771,0
222.3825,74,24,2,6,290.33,216.11,capture,398.94,251.88,114.35,0,178.827,8.052,179.840,-18.65,20.55,147.45,-18.10,-7.91,173.84,53.439,53.922,-19.6202,5.7053,398.94,251.88,-19.4943,5.6454,,,0.23681,0
222.5013,74,24,2,6,290.33,216.11,capture,373.93,235.59,85.84,0,178.904,8.126,179.798,-18.67,20.65,147.50,-18.51,-7.67,173.54,53.563,54.002,-19.6923,4.7195,373.93,235.59,-19.5834,5.2288,,,0.20872,0
222.5944,74,24,2,6,290.33,216.11,capture,410.38,256.20,126.56,0,178.884,8.161,179.775,-18.69,20.58,147.51,-17.67,-7.61,173.83,53.698,54.082,-19.9401,5.9999,410.38,256.20,-19.7439,5.5758,,,0.21943,0
222.7114,74,24,2,6,290.33,216.11,capture,433.55,247.60,146.64,0,179.003,8.050,179.767,-18.84,20.50,147.55,-18.27,-8.50,173.42,53.502,54.100,-19.5533,7.8515,433.55,247.60,-19.6581,6.5998,,,0.21074,0
222.8172,74,24,2,6,290.33,216.11,capture,427.62,239.85,139.32,0,178.971,8.063,179.778,-18.82,20.64,147.75,-18.36,-8.45,174.42,53.535,54.315,-20.2366,7.1285,427.62,239.85,-19.9184,6.8377,,,0.19798,0
222.9265,74,24,2,6,290.33,216.11,capture,412.50,260.51,129.98,0,178.963,8.080,179.772,-18.80,20.69,148.00,-18.54,-7.94,174.80,53.714,53.970,-19.9063,6.2209,412.50,260.51,-19.9130,6.5602,,,0.20060,0
223.0296,74,24,2,6,290.33,216.11,capture,394.48,249.87,109.48,0,179.005,8.070,179.777,-18.75,20.94,148.05,-18.10,-8.37,174.20,53.461,54.053,-19.6609,5.3409,394.48,249.87,-19.7995,6.0115,,,0.18773,0
223.1394,74,24,2,6,290.33,216.11,capture,402.09,252.45,117.52,0,178.968,8.113,179.760,-18.77,20.79,148.08,-17.80,-8.65,174.61,53.687,53.913,-19.9617,5.3814,402.09,252.45,-19.8725,5.7279,,,0.22181,0
223.2547,74,24,2,6,290.33,216.11,capture,401.92,233.43,112.92,0,179.024,8.000,179.726,-18.68,20.88,148.19,-18.16,-7.90,174.83,53.978,53.848,-19.3035,5.4743,401.92,233.43,-19.6165,5.6138,,,0.23360,0
223.4055,75,72,8,0,22.33,734.78,dwell,195.26,313.05,455.80,0,179.117,8.115,179.730,-18.62,20.86,148.07,-18.41,-8.05,174.74,53.831,53.988,-22.2513,-4.0306,195.26,313.05,-22.2513,-4.0306,,,0.20976,0
223.5094,75,72,8,0,22.33,734.78,dwell,322.81,289.47,537.20,0,179.055,8.138,179.782,-18.57,20.82,148.04,-18.17,-7.62,174.28,53.736,53.752,-20.5691,2.2791,322.81,289.47,-21.4943,-1.1912,,,0.21730,0
223.6173,75,72,8,0,22.33,734.78,dwell,270.00,336.10,469.34,0,178.939,8.197,179.760,-18.49,20.88,148.22,-18.54,-7.42,174.86,53.879,53.329,-23.2779,-0.1943,270.00,336.10,-22.2969,-0.7426,,,0.25914,0
223.7150,75,72,8,0,22.33,734.78,dwell,244.16,400.51,401.18,0,178.852,8.164,179.785,-18.47,20.89,147.79,-17.80,-7.16,173.76,53.818,53.473,-24.2532,-0.8296,244.16,400.51,-23.1773,-0.7817,,,0.22242,0
223.8277,75,72,8,0,22.33,734.78,dwell,242.02,361.77,432.89,0,178.810,8.137,179.755,-18.42,20.68,147.75,-17.89,-7.54,174.04,53.618,53.947,-24.5666,-1.1760,242.02,361.77,-23.8025,-0.9592,,,0.19511,0
223.9336,75,72,8,0,22.33,734.78,dwell,194.33,439.49,341.73,0,178.860,8.195,179.743,-18.34,20.63,147.89,-17.41,-8.65,174.58,53.485,54.481,-25.9037,-3.8129,194.33,439.49,-24.7480,-2.2434,,,0.18924,0
224.0444,75,72,8,0,22.33,734.78,dwell,156.22,511.52,260.33,0,178.856,8.196,179.779,-18.49,20.57,147.99,-17.74,-7.77,174.58,53.393,54.202,-30.2496,-5.3239,156.22,511.52,-27.2237,-3.6296,,,0.21449,0
224.1417,75,72,8,0,22.33,734.78,dwell,171.37,517.19,263.74,0,178.907,8.256,179.795,-18.41,20.53,148.15,-17.89,-8.53,174.57,53.094,54.474,-29.4893,-4.7943,171.37,517.19,-28.2432,-4.1537,,,0.18832,0
224.2510,75,72,8,0,22.33,734.78,capture,146.79,508.89,257.90,0,179.014,8.398,179.817,-18.40,20.58,148.00,-17.79,-7.83,174.31,53.117,54.379,-29.8868,-6.0411,146.79,508.89,-28.9828,-5.0030,,,0.19478,0
224.3486,75,72,8,0,22.33,734.78,capture,106.71,538.95,213.23,0,179.071,8.527,179.790,-18.35,20.73,147.89,-17.36,-7.25,173.78,53.463,54.188,-31.1433,-8.2415,106.71,538.95,-29.9550,-6.4603,,,0.20567,0
224.4561,75,72,8,0,22.33,734.78,capture,125.36,516.18,241.66,0,179.100,8.720,179.786,-18.22,20.77,147.89,-17.41,-7.88,174.31,53.649,54.443,-29.6380,-7.0509,125.36,516.18,-29.8124,-6.7261,,,0.19872,0
224.5576,75,72,8,0,22.33,734.78,capture,106.40,509.79,240.18,0,179.033,8.773,179.784,-18.12,20.84,148.26,-17.92,-7.32,173.76,53.562,54.695,-29.5559,-7.9358,106.40,509.79,-29.6969,-7.2705,,,0.20473,0
224.6438,75,72,8,0,22.33,734.78,capture,117.42,524.55,230.73,0,178.956,8.761,179.810,-18.26,20.86,148.25,-17.51,-7.19,174.58,53.586,54.886,-30.9273,-7.0727,117.42,524.55,-30.2506,-7.1815,,,0.21988,0
224.7333,75,72,8,0,22.33,734.78,capture,131.95,523.20,238.29,0,178.837,8.623,179.798,-18.27,20.75,148.43,-17.90,-8.44,175.32,53.433,54.609,-31.1458,-6.5896,131.95,523.20,-30.6535,-6.9151,,,0.18466,0
224.8229,75,72,8,0,22.33,734.78,capture,119.25,534.45,222.54,0,178.760,8.564,179.819,-18.21,20.85,148.41,-17.03,-7.45,175.16,53.670,54.739,-30.4377,-7.0513,119.25,534.45,-30.5564,-6.9764,,,0.21193,0
224.9069,75,72,8,0,22.33,734.78,capture,147.64,528.92,241.00,0,178.745,8.563,179.860,-18.30,21.01,148.30,-17.62,-7.77,174.68,53.741,54.403,-31.1597,-5.8555,147.64,528.92,-30.8279,-6.4720,,,0.20909,0
225.0044,75,72,8,0,22.33,734.78,capture,126.53,522.23,236.71,0,178.805,8.600,179.853,-18.10,20.83,148.28,-17.88,-7.76,175.53,54.140,54.311,-30.7539,-7.0899,126.53,522.23,-30.7946,-6.7501,,,0.22087,0
225.0989,75,72,8,0,22.33,734.78,capture,137.17,506.25,255.76,0,178.832,8.668,179.833,-18.21,20.79,148.23,-17.96,-8.18,175.07,54.263,54.587,-29.8404,-6.4645,137.17,506.25,-30.3652,-6.6216,,,0.24204,0
225.1854,75,72,8,0,22.33,734.78,capture,125.01,511.62,245.65,0,178.748,8.618,179.823,-18.32,20.81,147.93,-18.13,-8.21,174.35,54.492,54.593,-29.7163,-6.0746,125.01,511.62,-30.0732,-6.3754,,,0.20233,0
225.2769,75,72,8,0,22.33,734.78,capture,132.00,506.44,253.31,0,178.812,8.547,179.830,-18.35,20.62,147.86,-17.16,-7.66,173.97,54.339,54.628,-29.9616,-6.9465,132.00,506.44,-30.0230,-6.6324,,,0.22923,0
225.3799,75,72,8,0,22.33,734.78,capture,146.54,520.76,247.45,0,178.825,8.464,179.878,-18.23,20.69,147.89,-18.02,-7.21,174.43,54.149,54.337,-29.7301,-5.9495,146.54,520.76,-29.8912,-6.3251,,,0.21487,0
225.4939,75,72,8,0,22.33,734.78,capture,156.11,520.31,252.77,0,179.002,8.488,179.841,-18.18,20.66,147.88,-17.64,-7.59,174.31,53.626,54.558,-30.5745,-5.4809,156.11,520.31,-30.1987,-5.9452,,,0.20662,0
225.5811,75,72,8,0,22.33,734.78,capture,129.55,523.12,237.26,0,179.031,8.532,179.834,-18.17,20.49,147.64,-18.42,-8.28,173.46,53.535,54.738,-29.4925,-6.3446,129.55,523.12,-29.8809,-6.1250,,,0.20356,0
225.6702,75,72,8,0,22.33,734.78,capture,149.96,519.45,250.31,0,179.021,8.504,179.834,-18.22,20.28,147.69,-17.86,-7.90,173.54,53.500,55.043,-29.0593,-6.4098,149.96,519.45,-29.5112,-6.2531,,,0.19565,0
225.7555,75,72,8,0,22.33,734.78,capture,119.10,529.74,226.73,0,179.031,8.515,179.856,-18.16,20.37,147.34,-17.34,-8.32,174.33,53.239,54.963,-29.9735,-7.6610,119.10,529.74,-29.7192,-6.8867,,,0.19032,0
225.8746,75,72,8,0,22.33,734.78,capture,142.11,524.22,242.24,0,178.930,8.530,179.832,-18.21,20.34,147.46,-17.32,-8.61,173.30,53.688,54.544,-29.8947,-6.5159,142.11,524.22,-29.7982,-6.7198,,,0.19385,0
225.9732,75,72,8,0,22.33,734.78,capture,163.39,543.83,237.40,0,178.897,8.541,179.842,-18.31,20.32,147.28,-17.98,-7.95,173.67,53.493,54.705,-30.6315,-4.6097,163.39,543.83,-30.1732,-5.7703,,,0.20559,0
226.0804,75,72,8,0,22.33,734.78,capture,136.03,522.31,240.98,0,178.895,8.481,179.854,-18.25,20.36,147.40,-17.40,-7.52,173.70,53.309,54.984,-30.0804,-6.6472,136.03,522.31,-30.1314,-6.1649,,,0.21915,0
226.2924,76,49,5,4,201.00,475.44,dwell,96.00,471.82,105.06,0,178.902,8.416,179.812,-18.12,20.39,147.30,-17.73,-7.90,173.43,53.374,54.944,-28.5666,-8.8675,96.00,471.82,-28.5666,-8.8675,,,0.19052,0
226.3838,76,49,5,4,201.00,475.44,dwell,73.30,526.60,137.57,0,178.942,8.492,179.823,-18.05,20.20,147.48,-18.11,-7.78,174.05,53.772,54.987,-29.2734,-9.7668,73.30,526.60,-28.8847,-9.2722,,,0.22123,0
226.4903,76,49,5,4,201.00,475.44,dwell,247.01,495.07,50.02,0,178.958,8.537,179.830,-18.29,20.08,147.67,-17.94,-7.87,174.67,54.053,54.756,-28.5232,-1.8609,247.01,495.07,-28.7220,-5.9371,,,0.20556,0
226.5870,76,49,5,4,201.00,475.44,dwell,141.50,416.17,83.99,0,178.971,8.650,179.811,-18.37,20.17,147.55,-18.33,-8.83,174.03,54.036,54.716,-25.6415,-6.4661,141.50,416.17,-27.3358,-6.1751,,,0.23274,0
226.6690,76,49,5,4,201.00,475.44,dwell,179.30,409.10,69.80,0,179.005,8.657,179.784,-18.32,20.13,147.56,-17.56,-8.42,173.61,53.760,54.669,-24.8355,-4.0431,179.30,409.10,-26.2107,-5.2157,,,0.18834,0
226.7754,76,49,5,4,201.00,475.44,dwell,242.00,365.39,117.44,0,178.988,8.623,179.782,-18.39,20.09,147.45,-17.62,-8.91,173.63,54.076,54.498,-23.3327,-2.2949,242.00,365.39,-24.9156,-3.9013,,,0.22290,0
226.8750,76,49,5,4,201.00,475.44,dwell,164.14,479.86,37.12,0,179.039,8.517,179.790,-18.47,20.13,147.51,-17.77,-7.49,173.88,53.980,54.574,-29.1761,-5.0394,164.14,479.86,-26.8328,-4.4135,,,0.24092,0
226.9787,76,49,5,4,201.00,475.44,dwell,218.06,459.67,23.24,1,179.030,8.516,179.811,-18.55,20.07,147.69,-17.64,-8.87,174.20,54.184,54.090,-27.2842,-2.3640,218.06,459.67,-27.0360,-3.4912,,,0.22634,0
227.0722,76,49,5,4,201.00,475.44,dwell,226.35,378.26,100.44,0,179.083,8.405,179.810,-18.58,20.27,147.52,-18.18,-8.03,174.12,54.394,54.459,-25.2031,-2.5177,226.35,378.26,-26.2112,-3.0531,,,0.21243,0
227.1764,76,49,5,4,201.00,475.44,dwell,233.94,378.83,102.08,0,179.022,8.493,179.818,-18.58,20.29,147.52,-18.19,-7.89,174.02,54.495,54.310,-24.7224,-2.3096,233.94,378.83,-25.5412,-2.7186,,,0.23173,0
227.2740,76,49,5,4,201.00,475.44,dwell,255.97,373.54,115.79,0,178.988,8.424,179.799,-18.63,20.19,147.24,-18.46,-8.63,173.45,54.368,54.187,-24.6869,-1.4179,255.97,373.54,-25.1568,-2.1332,,,0.23699,0
227.3560,76,49,5,4,201.00,475.44,capture,240.37,347.01,134.33,0,178.879,8.335,179.807,-18.61,20.36,147.19,-17.94,-8.67,173.54,54.601,54.501,-23.0395,-2.0507,240.37,347.01,-24.2040,-2.0961,,,0.21433,0
227.4516,76,49,5,4,201.00,475.44,capture,260.73,337.24,150.56,0,178.886,8.314,179.775,-18.60,20.37,147.29,-17.49,-8.58,173.76,54.302,54.132,-24.1157,-0.8471,260.73,337.24,-24.1643,-1.5340,,,0.24260,0
227.5454,76,49,5,4,201.00,475.44,capture,252.01,353.35,132.32,0,178.861,8.298,179.778,-18.65,20.50,147.19,-18.37,-8.45,173.61,54.284,54.417,-23.4977,-1.9542,252.01,353.35,-23.8643,-1.7231,,,0.23593,0
227.6435,76,49,5,4,201.00,475.44,capture,240.72,372.15,110.67,0,178.815,8.225,179.771,-18.53,20.46,147.04,-17.79,-8.23,173.01,54.344,54.758,-23.7316,-1.7123,240.72,372.15,-23.8046,-1.7183,,,0.24773,0
227.7552,76,49,5,4,201.00,475.44,capture,238.49,391.12,92.28,0,178.774,8.225,179.759,-18.38,20.38,146.98,-17.70,-8.47,173.22,54.298,54.573,-24.5329,-1.5859,238.49,391.12,-24.1324,-1.6587,,,0.23381,0
227.8563,76,49,5,4,201.00,475.44,capture,256.05,346.40,140.30,0,178.677,8.306,179.773,-18.50,20.27,147.08,-17.95,-8.61,173.59,54.206,54.419,-23.0144,-0.9218,256.05,346.40,-23.6293,-1.3271,,,0.22418,0
227.9576,76,49,5,4,201.00,475.44,capture,269.82,352.46,140.93,0,178.761,8.316,179.792,-18.41,20.51,147.33,-17.91,-7.98,173.70,53.974,54.254,-23.0868,-0.4737,269.82,352.46,-23.3851,-0.9431,,,0.22010,0
228.0519,76,49,5,4,201.00,475.44,capture,242.13,363.79,118.99,0,178.760,8.397,179.804,-18.29,20.48,147.32,-17.67,-8.22,173.72,53.670,54.416,-23.6472,-1.6879,242.13,363.79,-23.5031,-1.2782,,,0.20941,0
228.1381,76,49,5,4,201.00,475.44,capture,264.47,361.18,130.71,0,178.671,8.415,179.790,-18.21,20.40,147.43,-17.71,-7.91,173.35,53.425,54.156,-23.6013,-0.5352,264.47,361.18,-23.5473,-0.9439,,,0.21802,0
228.2301,76,49,5,4,201.00,475.44,capture,273.46,375.05,123.81,0,178.830,8.467,179.739,-18.21,20.48,147.66,-17.75,-8.22,174.02,53.295,53.939,-23.9935,0.3846,273.46,375.05,-23.7480,-0.3461,,,0.20937,0
228.3258,76,49,5,4,201.00,475.44,capture,265.83,366.44,126.83,0,178.879,8.467,179.765,-18.27,20.39,147.78,-17.97,-7.07,174.20,53.012,54.274,-24.8871,-0.4546,265.83,366.44,-24.2606,-0.3949,,,0.18863,0
228.4280,76,49,5,4,201.00,475.44,capture,254.52,367.68,120.32,0,178.945,8.510,179.796,-18.31,20.38,147.74,-17.72,-7.87,174.39,52.994,54.659,-24.1648,0.1147,254.52,367.68,-24.2175,-0.1656,,,0.19758,0
228.5393,76,49,5,4,201.00,475.44,capture,254.05,353.47,133.01,0,178.904,8.624,179.804,-18.33,20.46,147.73,-17.96,-8.67,174.13,52.960,54.546,-23.0163,-0.3487,254.05,353.47,-23.6769,-0.2480,,,0.18129,0
228.6270,76,49,5,4,201.00,475.44,capture,255.53,335.97,149.76,0,178.930,8.453,179.814,-18.40,20.47,147.72,-18.25,-7.18,173.84,53.005,54.148,-22.9835,-1.2137,255.53,335.97,-23.3649,-0.6826,,,0.17187,0
228.7296,76,49,5,4,201.00,475.44,capture,253.36,347.43,138.31,0,178.760,8.513,179.828,-18.37,20.49,147.71,-17.74,-8.33,174.07,53.074,54.230,-22.2810,-1.3757,253.36,347.43,-22.8771,-0.9945,,,0.19475,0
228.8346,76,49,5,4,201.00,475.44,capture,240.17,336.00,144.84,0,178.754,8.359,179.844,-18.22,20.45,147.69,-16.81,-8.40,173.62,53.264,54.202,-22.9502,-1.9035,240.17,336.00,-22.9100,-1.4035,,,0.23714,0
228.9386,76,49,5,4,201.00,475.44,capture,243.36,361.97,121.12,0,178.757,8.466,179.852,-18.27,20.50,147.57,-17.99,-8.04,173.96,53.434,54.593,-24.2215,-1.3572,243.36,361.97,-23.5002,-1.3827,,,0.19524,0
229.0206,76,49,5,4,201.00,475.44,capture,249.32,358.68,126.37,0,178.607,8.628,179.846,-18.16,20.51,147.56,-18.13,-8.03,173.81,53.534,54.673,-23.6873,-1.1867,249.32,358.68,-23.5844,-1.2945,,,0.20836,0
229.1122,76,49,5,4,201.00,475.44,capture,244.02,352.70,130.07,0,178.615,8.732,179.836,-18.10,20.68,147.47,-17.73,-8.14,173.63,53.919,54.880,-23.8814,-1.4247,244.02,352.70,-23.7181,-1.3531,,,0.22419,0
229.2207,76,49,5,4,201.00,475.44,capture,252.59,356.33,129.81,0,178.585,8.720,179.835,-18.12,20.48,147.61,-17.74,-8.17,173.84,54.365,54.953,-24.0798,-1.1519,252.59,356.33,-23.8808,-1.2626,,,0.22523,0
229.4029,77,31,3,4,201.00,302.56,dwell,329.36,265.56,133.59,0,178.560,8.610,179.860,-18.15,20.26,147.77,-18.29,-7.82,173.95,54.600,54.431,-19.9857,2.5491,329.36,265.56,-19.9857,2.5491,,,0.24792,0
229.4925,77,31,3,4,201.00,302.56,dwell,252.35,170.25,141.92,0,178.635,8.726,179.865,-18.28,20.52,147.64,-17.36,-7.64,173.80,54.512,54.241,-15.9997,-0.9823,252.35,170.25,-18.1920,0.9600,,,0.25044,0
229.5905,77,31,3,4,201.00,302.56,dwell,315.30,229.81,135.49,0,178.681,8.753,179.852,-18.22,20.51,147.70,-17.01,-7.87,173.79,54.328,54.098,-18.0447,1.6456,315.30,229.81,-18.1257,1.2685,,,0.25094,0
229.6814,77,31,3,4,201.00,302.56,dwell,216.69,256.36,48.79,0,178.627,8.624,179.837,-18.08,20.44,147.65,-18.66,-8.77,173.80,54.674,54.141,-20.0710,-2.2444,216.69,256.36,-19.0011,-0.3123,,,0.26533,0
229.7992,77,31,3,4,201.00,302.56,dwell,333.13,289.54,132.77,0,178.726,8.527,179.818,-18.09,20.23,147.67,-17.33,-8.75,173.98,54.545,54.041,-21.6907,2.4036,333.13,289.54,-20.2114,0.9098,,,0.21593,0
229.9121,77,31,3,4,201.00,302.56,dwell,230.50,197.50,109.12,0,178.813,8.404,179.861,-18.22,20.27,147.65,-17.44,-7.67,174.11,54.633,54.004,-18.1788,-2.2740,230.50,197.50,-19.2967,-0.5229,,,0.22567,0
230.0064,77,31,3,4,201.00,302.56,dwell,315.85,127.26,209.57,0,178.792,8.407,179.857,-18.40,20.21,147.52,-17.82,-8.18,174.10,54.386,53.952,-14.2792,1.6334,315.85,127.26,-17.0388,0.4475,,,0.23792,0
230.1062,77,31,3,4,201.00,302.56,dwell,240.45,180.15,128.61,0,178.860,8.289,179.865,-18.37,20.38,147.55,-17.65,-8.64,174.27,53.969,53.858,-17.1775,-1.8827,240.45,180.15,-17.1012,-0.6011,,,0.24728,0
230.2190,77,31,3,4,201.00,302.56,dwell,297.35,125.64,201.45,0,178.808,8.179,179.851,-18.31,20.51,147.61,-17.76,-8.05,173.65,53.728,53.945,-13.9617,0.0242,297.35,125.64,-15.6885,-0.3197,,,0.19664,0
230.3269,77,31,3,4,201.00,302.56,dwell,278.61,121.17,197.29,0,179.056,8.090,179.858,-18.24,20.57,147.59,-17.63,-7.69,174.16,53.618,54.333,-14.5709,-0.0888,278.61,121.17,-15.1856,-0.2158,,,0.19728,0
230.4139,77,31,3,4,201.00,302.56,dwell,284.00,55.33,260.79,0,179.095,7.964,179.812,-18.23,20.61,147.10,-17.30,-8.29,173.50,53.672,53.919,-12.3607,0.2313,284.00,55.33,-13.9144,-0.0146,,,0.19055,0
230.5091,77,31,3,4,201.00,302.56,capture,290.29,53.43,264.64,0,179.155,7.909,179.792,-18.29,20.84,147.07,-18.19,-7.10,173.43,54.131,54.403,-12.2682,-0.0208,290.29,53.43,-13.1736,-0.0174,,,0.23294,0
230.6068,77,31,3,4,201.00,302.56,capture,261.08,83.62,227.03,0,179.140,7.889,179.786,-18.26,20.77,147.33,-18.36,-7.95,173.53,53.976,53.997,-13.0131,-0.7629,261.08,83.62,-13.1014,-0.3529,,,0.21790,0
230.7271,77,31,3,4,201.00,302.56,capture,287.82,65.34,252.60,0,179.178,7.707,179.807,-18.08,20.80,147.45,-17.51,-8.15,174.33,53.902,53.980,-12.5796,0.8318,287.82,65.34,-12.8666,0.1802,,,0.20825,0
230.8280,77,31,3,4,201.00,302.56,capture,255.02,55.19,253.20,0,179.095,7.834,179.793,-17.96,20.78,147.26,-17.76,-7.51,174.25,53.979,54.166,-11.8375,-1.1328,255.02,55.19,-12.4035,-0.4106,,,0.20594,0
230.9202,77,31,3,4,201.00,302.56,capture,274.69,60.87,252.67,0,179.053,7.911,179.808,-17.84,20.67,147.07,-17.44,-8.67,173.20,54.117,54.088,-12.3177,0.8201,274.69,60.87,-12.3649,0.1432,,,0.21611,0
231.0130,77,31,3,4,201.00,302.56,capture,290.93,108.37,214.00,0,179.033,7.873,179.781,-17.84,20.64,147.57,-17.82,-7.23,173.69,53.990,54.348,-13.4427,-0.2686,290.93,108.37,-12.8499,-0.0421,,,0.22953,0
231.0964,77,31,3,4,201.00,302.56,capture,305.17,80.79,245.01,0,178.950,7.713,179.779,-17.96,20.84,147.48,-17.58,-7.34,174.27,53.655,54.199,-12.5282,1.1039,305.17,80.79,-12.7051,0.4736,,,0.22087,0
231.1882,77,31,3,4,201.00,302.56,capture,300.59,83.94,240.23,0,178.980,7.891,179.758,-17.95,20.67,147.73,-17.57,-7.63,174.30,53.439,54.147,-13.7736,0.9735,300.59,83.94,-13.1859,0.6986,,,0.19223,0
231.2745,77,31,3,4,201.00,302.56,capture,283.32,16.56,297.61,0,179.044,7.779,179.730,-18.07,20.58,147.82,-17.09,-7.66,174.04,53.408,54.358,-12.1672,-0.2510,283.32,16.56,-12.7275,0.2713,,,0.19138,0
231.3786,77,31,3,4,201.00,302.56,capture,298.59,46.20,274.30,0,179.122,7.742,179.735,-18.17,20.69,147.44,-17.68,-7.59,173.89,53.765,54.187,-11.8601,1.2760,298.59,46.20,-12.3372,0.7234,,,0.20899,0
231.4747,77,31,3,4,201.00,302.56,capture,278.20,34.21,279.23,0,178.960,7.649,179.730,-17.99,20.78,147.58,-17.30,-8.03,173.83,53.905,54.071,-11.4058,-0.0591,278.20,34.21,-11.9180,0.3713,,,0.23017,0
231.5834,77,31,3,4,201.00,302.56,capture,283.01,72.36,244.37,0,178.932,7.750,179.774,-17.96,20.98,147.62,-17.52,-7.16,173.71,53.864,54.467,-12.1915,0.1727,283.01,72.36,-12.0411,0.2819,,,0.20889,0
231.6817,77,31,3,4,201.00,302.56,capture,265.93,60.19,250.91,0,178.967,7.786,179.765,-18.11,20.93,147.58,-17.55,-7.37,173.89,53.766,54.205,-10.9742,-0.1514,265.93,60.19,-11.5610,0.0869,,,0.23746,0
231.7681,77,31,3,4,201.00,302.56,capture,287.97,48.95,268.10,0,178.939,7.950,179.796,-18.00,20.75,147.63,-17.37,-7.71,174.19,53.885,54.396,-10.8502,-0.0782,287.97,48.95,-11.2411,0.0126,,,0.20173,0
231.8607,77,31,3,4,201.00,302.56,capture,283.78,50.57,265.23,0,178.922,7.966,179.785,-18.05,20.69,147.85,-17.54,-7.88,173.98,54.143,54.184,-11.9275,0.1599,283.78,50.57,-11.5500,0.0789,,,0.24092,0
231.9688,77,31,3,4,201.00,302.56,capture,267.94,69.50,242.48,0,178.930,7.813,179.804,-18.10,20.45,147.50,-18.12,-8.34,173.17,54.312,54.806,-12.6821,-0.4418,267.94,69.50,-12.0595,-0.1554,,,0.23993,0
232.0771,77,31,3,4,201.00,302.56,capture,281.46,73.44,242.83,0,178.779,7.762,179.761,-18.01,20.47,147.25,-18.15,-7.83,173.68,54.228,54.016,-12.3834,0.2779,281.46,73.44,-12.2052,0.0396,,,0.21793,0
232.1616,77,31,3,4,201.00,302.56,capture,271.02,53.72,258.50,0,178.743,7.738,179.788,-17.95,20.50,147.61,-17.16,-8.16,173.73,54.150,54.432,-11.8933,-0.2060,271.02,53.72,-12.0649,-0.0710,,,0.21707,0
232.3173,78,40,4,4,201.00,389.00,dwell,383.35,268.33,218.66,0,178.707,7.808,179.780,-18.02,20.66,147.78,-17.49,-8.55,174.50,54.086,54.330,-19.7442,4.6472,383.35,268.33,-19.7442,4.6472,,,0.19471,0
232.4151,78,40,4,4,201.00,389.00,dwell,234.35,149.89,241.42,0,178.855,8.032,179.790,-18.15,20.62,147.54,-17.12,-8.16,173.80,54.022,54.034,-16.1159,-1.6482,234.35,149.89,-18.1115,1.8143,,,0.19892,0
232.5145,78,40,4,4,201.00,389.00,dwell,360.15,157.68,280.78,0,178.854,8.240,179.796,-18.27,20.65,147.69,-17.94,-8.27,173.24,53.948,54.137,-16.2860,3.7874,360.15,157.68,-17.2900,2.7022,,,0.22417,0
232.6198,78,40,4,4,201.00,389.00,dwell,319.07,223.02,203.69,0,178.864,8.077,179.855,-18.31,20.67,147.96,-17.89,-9.04,174.20,53.979,54.296,-18.0932,1.4972,319.07,223.02,-17.6514,2.1599,,,0.22001,0
232.7062,78,40,4,4,201.00,389.00,dwell,358.12,298.37,181.38,0,178.779,8.148,179.815,-18.32,20.66,148.09,-17.60,-7.91,174.93,54.142,54.036,-21.0317,4.6210,358.12,298.37,-19.1725,3.2674,,,0.22320,0
232.8060,78,40,4,4,201.00,389.00,dwell,336.52,250.67,193.65,0,178.673,8.217,179.789,-18.25,20.80,147.85,-17.84,-8.64,174.23,53.753,54.354,-19.4682,2.6156,336.52,250.67,-19.3056,2.9741,,,0.19892,0
232.9066,78,40,4,4,201.00,389.00,dwell,395.90,291.28,218.03,0,178.644,8.372,179.810,-18.24,20.71,147.73,-17.73,-7.26,174.18,54.054,54.731,-21.1919,5.5108,395.90,291.28,-20.1544,4.1156,,,0.22564,0
233.0151,78,40,4,4,201.00,389.00,dwell,399.79,341.55,204.37,0,178.726,8.338,179.822,-18.16,20.65,147.79,-17.60,-8.84,173.97,53.796,54.575,-23.3460,5.8891,399.79,341.55,-21.5906,4.9137,,,0.20289,0
233.1118,78,40,4,4,201.00,389.00,capture,387.26,350.06,190.29,0,178.816,8.255,179.820,-18.14,20.67,147.78,-17.19,-8.29,174.60,53.897,54.946,-24.5833,5.8134,387.26,350.06,-22.9373,5.3185,,,0.22004,0
233.2005,78,40,4,4,201.00,389.00,capture,395.16,367.18,195.38,0,178.845,8.068,179.836,-18.16,20.81,147.66,-17.74,-7.38,173.86,53.902,54.970,-24.3377,5.7000,395.16,367.18,-23.5675,5.4902,,,0.21612,0
233.2825,78,40,4,4,201.00,389.00,capture,407.14,360.34,208.12,0,178.783,7.961,179.812,-18.22,20.62,147.46,-17.13,-8.17,173.67,53.663,55.584,-23.2824,5.9854,407.14,360.34,-23.4392,5.7130,,,0.20147,0
233.3912,78,40,4,4,201.00,389.00,capture,394.02,345.93,197.77,0,178.863,8.015,179.858,-18.29,20.69,147.64,-17.72,-8.68,173.79,53.631,55.327,-23.3212,5.2632,394.02,345.93,-23.3861,5.5106,,,0.19254,0
233.4914,78,40,4,4,201.00,389.00,capture,392.59,376.96,191.97,0,178.971,7.872,179.849,-18.30,20.74,147.73,-17.83,-7.36,174.08,53.967,54.873,-24.3367,5.7319,392.59,376.96,-23.8139,5.6102,,,0.23176,0
233.5781,78,40,4,4,201.00,389.00,capture,412.44,354.98,214.16,0,178.814,7.975,179.848,-18.21,20.93,147.69,-18.16,-7.37,174.31,53.818,54.913,-23.6821,5.7894,412.44,354.98,-23.7546,5.6908,,,0.19946,0
233.6845,78,40,4,4,201.00,389.00,capture,381.30,339.90,186.87,0,178.852,8.031,179.846,-18.09,20.92,147.78,-17.31,-7.67,174.03,53.828,55.080,-23.3183,5.1928,381.30,339.90,-23.5582,5.4667,,,0.23872,0
233.7711,78,40,4,4,201.00,389.00,capture,396.97,346.15,200.60,0,178.963,8.095,179.837,-18.07,20.86,147.70,-17.59,-7.53,174.16,53.667,54.750,-23.4577,5.7726,396.97,346.15,-23.5130,5.6044,,,0.22413,0
233.8579,78,40,4,4,201.00,389.00,capture,383.63,343.67,188.17,0,179.009,8.108,179.840,-18.23,20.87,147.51,-18.50,-7.92,173.44,53.608,54.613,-22.7065,4.2889,383.63,343.67,-23.1501,5.0124,,,0.21250,0
233.9693,78,40,4,4,201.00,389.00,capture,388.70,367.70,188.90,0,179.022,8.206,179.838,-18.25,21.07,147.84,-17.87,-7.52,174.24,54.214,54.591,-23.4827,5.4936,388.70,367.70,-23.2997,5.2290,,,0.23090,0
234.0689,78,40,4,4,201.00,389.00,capture,389.82,345.82,193.69,0,179.028,8.092,179.831,-18.11,21.23,147.61,-17.55,-7.44,174.41,54.185,54.766,-22.8632,5.1725,389.82,345.82,-23.1033,5.2036,,,0.25332,0
234.1626,78,40,4,4,201.00,389.00,capture,388.27,359.86,189.52,0,178.986,8.217,179.812,-18.09,21.21,147.32,-17.71,-7.17,174.00,54.183,54.518,-23.8669,4.7974,388.27,359.86,-23.4469,5.0208,,,0.22843,0
234.2675,78,40,4,4,201.00,389.00,capture,392.02,377.44,191.37,0,178.962,8.338,179.856,-18.06,21.22,147.23,-17.67,-7.61,173.26,54.222,54.337,-25.0113,5.2310,392.02,377.44,-24.1509,5.1154,,,0.23216,0
234.3699,78,40,4,4,201.00,389.00,capture,382.00,372.31,181.77,0,179.089,8.360,179.849,-18.21,21.27,147.07,-17.23,-8.84,173.16,53.977,54.129,-24.2165,4.7524,382.00,372.31,-24.1804,4.9521,,,0.17852,0
234.4848,78,40,4,4,201.00,389.00,capture,395.78,356.91,197.41,0,179.136,8.291,179.813,-18.23,21.16,147.10,-17.84,-8.32,173.92,54.078,54.384,-23.5079,6.3521,395.78,356.91,-23.8778,5.5821,,,0.24283,0
234.5844,78,40,4,4,201.00,389.00,capture,401.20,370.61,201.04,0,179.183,8.301,179.821,-18.25,21.06,147.28,-17.89,-7.70,173.15,53.907,54.083,-24.5169,5.2553,401.20,370.61,-24.1654,5.4350,,,0.21038,0
234.7015,78,40,4,4,201.00,389.00,capture,394.64,390.61,193.65,0,179.204,8.219,179.810,-18.22,20.88,147.31,-17.55,-7.46,173.33,54.071,53.869,-24.0157,5.2994,394.64,390.61,-24.0980,5.3740,,,0.21536,0
234.7951,78,40,4,4,201.00,389.00,capture,384.08,363.11,184.90,0,179.186,8.259,179.809,-18.21,20.97,147.03,-17.85,-8.43,173.08,54.259,53.666,-25.6128,5.3349,384.08,363.11,-24.7797,5.3564,,,0.21257,0
234.9049,78,40,4,4,201.00,389.00,capture,391.50,340.40,196.60,0,179.110,8.221,179.828,-18.17,20.93,146.93,-17.71,-7.74,173.50,54.207,53.674,-22.9657,5.0626,391.50,340.40,-23.9634,5.2242,,,0.24849,0
234.9892,78,40,4,4,201.00,389.00,capture,380.88,340.64,186.27,0,179.118,8.196,179.823,-18.16,20.97,147.14,-17.60,-7.41,173.31,54.207,53.795,-22.9041,5.1037,380.88,340.64,-23.4867,5.1700,,,0.21531,0
235.1700,79,28,3,1,67.00,302.56,dwell,357.43,414.00,311.08,0,179.041,8.097,179.766,-18.10,21.00,147.14,-17.64,-8.23,173.27,53.981,54.330,-26.6846,4.0365,357.43,414.00,-26.6846,4.0365,,,0.22329,0
235.2539,79,28,3,1,67.00,302.56,dwell,296.98,43.33,346.54,0,179.035,8.152,179.757,-18.07,21.03,147.45,-17.51,-7.33,173.78,53.609,54.530,-12.3289,1.2169,296.98,43.33,-20.2246,2.7677,,,0.20180,0
235.3726,79,28,3,1,67.00,302.56,dwell,306.99,132.37,294.21,0,179.130,7.991,179.752,-18.08,20.89,147.18,-17.87,-7.91,173.71,54.057,54.183,-14.5346,1.6513,306.99,132.37,-17.6641,2.2653,,,0.22603,0
235.4696,79,28,3,1,67.00,302.56,dwell,287.89,265.12,224.04,0,179.276,7.984,179.736,-18.11,20.84,147.14,-17.50,-7.91,173.15,53.949,54.379,-20.5494,0.0203,287.89,265.12,-18.9625,1.2551,,,0.21275,0
235.5857,79,28,3,1,67.00,302.56,dwell,230.55,159.04,217.59,0,179.198,7.995,179.748,-18.18,20.81,146.99,-17.71,-7.65,173.29,54.100,54.181,-16.3763,-1.9893,230.55,159.04,-17.7987,-0.2049,,,0.21504,0
235.6874,79,28,3,1,67.00,302.56,dwell,239.23,89.40,274.04,0,179.167,7.918,179.774,-18.16,20.78,146.97,-18.24,-7.58,173.12,53.829,54.422,-13.1587,-1.5033,239.23,89.40,-15.7107,-0.7892,,,0.21916,0
235.7747,79,28,3,1,67.00,302.56,dwell,173.14,99.52,229.11,0,179.050,7.929,179.747,-18.20,20.75,147.10,-17.83,-8.07,173.33,53.801,54.410,-12.9723,-4.6226,173.14,99.52,-14.4784,-2.5142,,,0.21154,0
235.8727,79,28,3,1,67.00,302.56,dwell,227.76,25.77,320.08,0,179.019,8.055,179.745,-18.22,20.76,147.47,-17.72,-7.69,173.82,53.826,54.356,-10.7528,-3.1818,227.76,25.77,-12.8019,-2.8146,,,0.22159,0
235.9829,79,28,3,1,67.00,302.56,dwell,176.01,-18.43,338.99,0,178.890,7.981,179.764,-18.30,20.76,147.61,-17.90,-7.65,173.94,53.974,54.177,-9.3510,-4.0992,176.01,-18.43,-11.2490,-3.3927,,,0.21272,0
236.0660,79,28,3,1,67.00,302.56,dwell,145.66,45.98,268.36,0,178.846,7.779,179.751,-18.37,20.79,147.62,-17.26,-7.91,174.02,54.048,54.154,-11.7143,-6.7324,145.66,45.98,-11.4584,-4.8956,,,0.23041,0
236.1660,79,28,3,1,67.00,302.56,dwell,189.36,-3.94,330.02,0,178.807,8.062,179.730,-18.45,20.77,147.40,-17.94,-7.80,173.40,54.423,54.243,-9.6393,-4.4315,189.36,-3.94,-10.6398,-4.6867,,,0.27401,0
236.2706,79,28,3,1,67.00,302.56,capture,125.70,-2.36,310.51,0,178.783,8.120,179.758,-18.57,20.81,147.40,-17.98,-7.38,173.69,54.425,53.933,-9.6557,-6.3782,125.70,-2.36,-10.1970,-5.4479,,,0.25023,0
236.3647,79,28,3,1,67.00,302.56,capture,130.27,21.91,287.69,0,178.797,7.969,179.804,-18.56,20.71,147.76,-18.02,-8.43,174.33,54.207,54.013,-10.9347,-7.1054,130.27,21.91,-10.5290,-6.1938,,,0.23233,0
236.4752,79,28,3,1,67.00,302.56,capture,139.31,-33.47,343.72,0,178.797,7.821,179.791,-18.64,20.76,147.66,-18.39,-8.03,174.32,54.340,53.522,-7.9771,-6.0012,139.31,-33.47,-9.3806,-6.1071,,,0.22100,0
236.5713,79,28,3,1,67.00,302.56,capture,140.52,-24.03,334.76,0,178.789,7.795,179.806,-18.56,20.77,147.76,-17.52,-8.10,173.76,54.406,53.348,-8.9835,-6.7743,140.52,-24.03,-9.2019,-6.4073,,,0.22534,0
236.6544,79,28,3,1,67.00,302.56,capture,129.10,-13.81,322.40,0,178.839,7.847,179.804,-18.65,20.83,147.65,-18.33,-7.03,174.03,54.277,53.482,-8.6628,-6.6696,129.10,-13.81,-8.9593,-6.5254,,,0.21871,0
236.7572,79,28,3,1,67.00,302.56,capture,136.38,-23.44,333.30,0,178.729,7.941,179.807,-18.48,20.91,147.31,-18.61,-8.01,174.00,54.146,53.619,-8.1908,-6.4552,136.38,-23.44,-8.6135,-6.4938,,,0.22441,0
236.8639,79,28,3,1,67.00,302.56,capture,135.36,-37.57,346.93,0,178.817,7.878,179.820,-18.50,20.90,147.11,-18.01,-7.64,173.67,53.915,53.678,-8.1478,-7.2444,135.36,-37.57,-8.4039,-6.8316,,,0.22047,0
236.9730,79,28,3,1,67.00,302.56,capture,137.11,-25.06,335.03,0,178.972,7.881,179.819,-18.42,20.89,146.96,-18.04,-6.84,173.03,54.147,53.788,-8.9906,-6.7169,137.11,-25.06,-8.6679,-6.7800,,,0.23475,0
237.0698,79,28,3,1,67.00,302.56,capture,162.85,-26.10,342.35,0,178.987,8.047,179.805,-18.43,20.89,147.23,-17.79,-8.01,173.56,54.694,54.068,-9.2275,-5.0393,162.85,-26.10,-8.9197,-5.9967,,,0.24454,0
237.1808,79,28,3,1,67.00,302.56,capture,147.67,-39.60,351.54,0,179.076,8.114,179.797,-18.50,20.91,147.08,-17.49,-7.90,173.26,54.627,54.020,-8.0392,-5.7521,147.67,-39.60,-8.5235,-5.8866,,,0.26781,0
237.2869,79,28,3,1,67.00,302.56,capture,128.21,-7.82,316.35,0,178.967,8.166,179.803,-18.46,20.88,147.15,-17.64,-8.24,173.16,54.561,54.565,-9.6820,-7.0272,128.21,-7.82,-9.0448,-6.3998,,,0.25108,0
237.3744,79,28,3,1,67.00,302.56,capture,152.54,-3.61,317.89,0,178.987,8.072,179.835,-18.56,21.07,147.17,-18.37,-7.80,173.58,54.667,54.498,-8.7978,-5.9875,152.54,-3.61,-8.9337,-6.2143,,,0.20656,0
237.4822,79,28,3,1,67.00,302.56,capture,145.59,-6.73,319.11,0,178.909,8.105,179.843,-18.61,20.91,147.18,-18.09,-7.65,173.09,54.218,54.846,-8.9667,-5.8582,145.59,-6.73,-8.9485,-6.0541,,,0.22835,0
237.5985,79,28,3,1,67.00,302.56,capture,151.44,-29.74,342.86,0,178.881,8.025,179.843,-18.58,20.85,147.66,-18.80,-6.94,173.67,53.868,54.995,-9.0020,-5.7353,151.44,-29.74,-8.9726,-5.9106,,,0.20557,0
237.6875,79,28,3,1,67.00,302.56,capture,141.76,-28.71,339.60,0,178.762,7.989,179.832,-18.64,20.85,147.55,-17.64,-8.30,173.58,54.359,54.982,-9.5314,-6.0801,141.76,-28.71,-9.2241,-5.9869,,,0.24498,0
237.7921,79,28,3,1,67.00,302.56,capture,121.46,-1.06,308.46,0,178.814,7.996,179.847,-18.55,21.14,147.71,-17.88,-7.41,174.02,54.091,54.946,-9.6316,-7.2116,121.46,-1.06,-9.4074,-6.5380,,,0.24295,0
237.8857,79,28,3,1,67.00,302.56,capture,133.93,2.88,307.06,0,178.853,8.023,179.835,-18.66,21.15,147.91,-18.66,-7.11,174.51,53.997,54.292,-9.7984,-7.3249,133.93,2.88,-9.5834,-6.8921,,,0.20095,0
237.9919,79,28,3,1,67.00,302.56,capture,123.75,-12.83,320.45,0,178.811,7.988,179.818,-18.62,21.17,148.14,-17.95,-6.67,174.60,53.811,53.896,-9.0473,-7.3830,123.75,-12.83,-9.3421,-7.1130,,,0.20307,0
238.0839,79,28,3,1,67.00,302.56,capture,141.63,-19.72,330.80,0,178.792,7.805,179.843,-18.60,20.98,148.11,-17.87,-7.21,174.36,53.545,54.059,-8.3106,-6.1914,141.63,-19.72,-8.8780,-6.6983,,,0.20904,0
238.1930,79,28,3,1,67.00,302.56,capture,146.24,-6.55,319.10,0,178.887,7.730,179.846,-18.60,20.93,148.17,-17.71,-8.01,174.46,53.647,54.342,-10.9885,-6.0296,146.24,-6.55,-9.8277,-6.3974,,,0.20678,0
238.3847,80,15,1,6,290.33,129.67,dwell,189.29,-40.27,197.71,0,178.792,7.700,179.855,-18.55,20.81,148.18,-18.35,-7.81,174.78,53.099,54.575,-8.2394,-4.0959,189.29,-40.27,-8.2394,-4.0959,,,0.21104,0
238.4877,80,15,1,6,290.33,129.67,dwell,123.30,154.03,168.80,0,178.882,7.639,179.877,-18.41,20.66,148.11,-18.42,-8.04,174.01,53.655,54.153,-15.0875,-7.2361,123.30,154.03,-11.3210,-5.5090,,,0.21884,0
238.5990,80,15,1,6,290.33,129.67,dwell,222.43,-40.43,183.15,0,178.855,7.642,179.879,-18.61,20.60,148.10,-17.68,-8.22,174.94,53.678,54.411,-8.1143,-2.3995,222.43,-40.43,-9.8780,-4.1097,,,0.22562,0
238.6917,80,15,1,6,290.33,129.67,dwell,157.58,72.52,144.53,0,178.898,7.523,179.893,-18.55,20.79,148.01,-17.52,-6.98,174.55,53.205,54.338,-13.4466,-6.3125,157.58,72.52,-11.4839,-5.1010,,,0.19943,0
238.7737,80,15,1,6,290.33,129.67,dwell,147.37,2.59,191.28,0,178.845,7.522,179.892,-18.47,20.58,148.42,-17.49,-8.47,175.10,53.553,54.713,-9.7480,-6.0069,147.37,2.59,-10.7027,-5.5087,,,0.21506,0
238.8836,80,15,1,6,290.33,129.67,dwell,216.03,-39.38,184.66,0,179.044,7.623,179.830,-18.29,20.62,148.24,-17.70,-7.11,174.79,53.513,54.468,-7.9353,-2.0877,216.03,-39.38,-9.4574,-3.9692,,,0.21394,0
238.9754,80,15,1,6,290.33,129.67,dwell,251.99,60.82,78.80,0,179.069,7.633,179.811,-18.28,20.62,148.13,-17.37,-8.15,174.26,53.714,54.435,-12.6347,-0.8829,251.99,60.82,-10.8872,-2.5804,,,0.23227,0
239.0859,80,15,1,6,290.33,129.67,dwell,214.30,29.23,125.97,0,179.074,7.555,179.804,-18.34,20.68,148.31,-17.32,-8.00,175.17,53.782,54.420,-10.2788,-2.8009,214.30,29.23,-10.6134,-2.6796,,,0.21289,0
239.1690,80,15,1,6,290.33,129.67,dwell,285.88,32.06,97.71,0,179.088,7.528,179.797,-18.49,20.56,148.17,-18.34,-8.12,174.55,53.860,54.509,-11.0556,0.1683,285.88,32.06,-10.8124,-1.3980,,,0.21920,0
239.2806,80,15,1,6,290.33,129.67,capture,272.03,15.25,115.87,0,178.993,7.558,179.798,-18.40,20.60,148.02,-17.64,-7.67,174.09,53.736,54.302,-10.5580,-0.5248,272.03,15.25,-10.6979,-1.0051,,,0.22111,0
239.3709,80,15,1,6,290.33,129.67,capture,270.97,35.59,96.05,0,178.754,7.491,179.801,-18.40,20.65,148.07,-17.76,-7.57,174.16,53.330,53.996,-10.3744,-0.0672,270.97,35.59,-10.5523,-0.5831,,,0.18583,0
239.4711,80,15,1,6,290.33,129.67,capture,286.84,9.08,120.64,0,178.809,7.610,179.808,-18.41,20.62,148.22,-18.10,-7.40,174.21,53.263,53.929,-11.0765,0.8357,286.84,9.08,-10.7882,0.0554,,,0.22279,0
239.5723,80,15,1,6,290.33,129.67,capture,282.75,-5.18,135.06,0,178.801,7.583,179.834,-18.47,20.53,148.10,-18.28,-8.52,174.62,53.386,53.970,-9.3724,0.4741,282.75,-5.18,-10.1511,0.2438,,,0.23011,0
239.6741,80,15,1,6,290.33,129.67,capture,251.04,-6.12,141.36,0,178.814,7.643,179.825,-18.48,20.53,148.24,-17.35,-8.11,175.11,53.555,54.835,-9.9759,-0.6231,251.04,-6.12,-10.0723,-0.1463,,,0.19346,0
239.7892,80,15,1,6,290.33,129.67,capture,267.15,46.33,86.50,0,178.776,7.654,179.765,-18.36,20.33,148.23,-17.69,-8.00,174.12,53.956,54.873,-10.9174,-0.5817,267.15,46.33,-10.4526,-0.3422,,,0.23235,0
239.8849,80,15,1,6,290.33,129.67,capture,270.39,26.98,104.61,0,178.703,7.604,179.798,-18.26,20.20,148.11,-18.36,-8.85,174.43,54.064,55.195,-11.0849,-0.2358,270.39,26.98,-10.7371,-0.2943,,,0.20655,0
239.9881,80,15,1,6,290.33,129.67,capture,266.83,25.09,107.19,0,178.765,7.624,179.799,-18.42,20.21,148.20,-18.00,-7.76,174.62,54.268,54.566,-10.2671,-0.3732,266.83,25.09,-10.5256,-0.3298,,,0.21773,0
240.0856,80,15,1,6,290.33,129.67,capture,292.50,7.03,122.66,0,178.970,7.628,179.811,-18.34,20.38,148.13,-18.01,-8.23,174.30,53.934,54.288,-10.2486,0.8625,292.50,7.03,-10.4010,0.2067,,,0.22347,0
240.1930,80,15,1,6,290.33,129.67,capture,286.95,-7.44,137.15,0,179.070,7.551,179.813,-18.33,20.30,148.01,-17.50,-8.09,174.16,53.617,53.961,-9.0176,0.6159,286.95,-7.44,-9.7785,0.3908,,,0.23516,0
240.2856,80,15,1,6,290.33,129.67,capture,262.79,15.36,117.58,0,179.104,7.544,179.836,-18.51,20.25,148.03,-18.74,-8.39,174.64,53.680,54.235,-11.4489,-0.6601,262.79,15.36,-10.5302,-0.0821,,,0.20334,0
240.3907,80,15,1,6,290.33,129.67,capture,274.46,19.02,111.78,0,179.070,7.635,179.839,-18.55,20.08,148.02,-17.88,-8.61,174.41,53.612,54.198,-11.1732,0.3239,274.46,19.02,-10.8195,0.1006,,,0.22763,0
240.4858,80,15,1,6,290.33,129.67,capture,283.47,-3.45,133.29,0,179.143,7.594,179.833,-18.64,20.23,148.02,-18.21,-7.39,174.13,53.820,54.041,-8.8305,0.3081,283.47,-3.45,-9.9245,0.1940,,,0.21535,0
240.5986,80,15,1,6,290.33,129.67,capture,281.41,14.32,115.69,0,179.046,7.666,179.798,-18.60,20.32,148.21,-18.32,-8.15,174.93,54.370,54.293,-10.8964,-0.1506,281.41,14.32,-10.3618,0.0389,,,0.23743,0
240.6967,80,15,1,6,290.33,129.67,capture,288.09,10.83,118.86,0,179.022,7.561,179.795,-18.78,20.53,148.44,-17.83,-7.57,175.28,53.899,53.946,-9.1954,0.2040,288.09,10.83,-9.8369,0.1132,,,0.20518,0
240.8011,80,15,1,6,290.33,129.67,capture,295.28,24.91,104.87,0,179.040,7.619,179.811,-18.77,20.52,148.42,-18.26,-8.29,174.94,53.976,53.666,-12.0541,1.0858,295.28,24.91,-10.8346,0.5509,,,0.21281,0
240.9202,80,15,1,6,290.33,129.67,capture,295.36,17.93,111.85,0,179.040,7.669,179.781,-18.70,20.52,148.21,-18.32,-7.63,174.56,54.115,53.721,-11.0807,0.9551,295.36,17.93,-10.9454,0.7328,,,0.23446,0
241.0133,80,15,1,6,290.33,129.67,capture,288.93,3.75,125.92,0,179.011,7.829,179.768,-18.59,20.69,148.34,-18.01,-7.64,174.59,54.065,53.196,-9.6352,0.7390,288.93,3.75,-10.3558,0.7356,,,0.21582,0
241.1070,80,15,1,6,290.33,129.67,capture,280.43,2.38,127.67,0,178.919,7.831,179.783,-18.60,20.49,148.64,-18.10,-8.10,175.53,53.666,53.641,-11.5098,-0.7156,280.43,2.38,-10.8751,0.0825,,,0.21941,0
241.2210,80,15,1,6,290.33,129.67,capture,287.90,-24.87,154.56,0,179.001,7.745,179.755,-18.46,20.51,148.79,-18.14,-8.08,175.71,53.362,54.115,-8.9391,0.2418,287.90,-24.87,-10.0039,0.1542,,,0.21807,0
241.3909,81,11,1,2,111.67,129.67,dwell,205.79,-31.33,186.49,0,178.946,7.823,179.744,-18.45,20.53,148.74,-18.11,-7.94,175.77,53.373,54.232,-8.6242,-3.4398,205.79,-31.33,-8.6242,-3.4398,,,0.19838,0
241.5118,81,11,1,2,111.67,129.67,dwell,211.28,-22.75,182.08,0,178.988,7.842,179.778,-18.41,20.45,148.63,-17.71,-8.30,175.17,53.356,53.712,-8.0901,-3.4512,211.28,-22.75,-8.3839,-3.4449,,,0.19983,0
241.5995,81,11,1,2,111.67,129.67,dwell,275.53,52.39,181.17,0,179.022,7.855,179.741,-18.38,20.67,148.58,-17.84,-8.28,175.48,53.219,54.112,-11.4986,0.3211,275.53,52.39,-9.7855,-1.7502,,,0.21039,0
241.6994,81,11,1,2,111.67,129.67,dwell,283.83,42.01,193.19,0,179.023,7.918,179.715,-18.41,20.71,148.37,-17.67,-8.33,174.74,53.191,54.322,-10.9946,0.8349,283.83,42.01,-10.3296,-0.5869,,,0.18351,0
241.7922,81,11,1,2,111.67,129.67,dwell,213.63,122.31,102.23,0,178.946,7.895,179.779,-18.36,20.63,148.20,-17.53,-7.95,174.41,53.535,54.126,-14.7367,-3.2848,213.63,122.31,-12.3128,-1.8010,,,0.22260,0
241.8742,81,11,1,2,111.67,129.67,dwell,237.28,190.08,139.39,0,178.946,7.827,179.793,-18.34,20.51,148.12,-18.11,-8.91,174.58,53.586,54.331,-17.3140,-2.2862,237.28,190.08,-14.5633,-2.0193,,,0.21154,0
241.9674,81,11,1,2,111.67,129.67,dwell,222.70,159.77,115.04,0,178.889,7.835,179.809,-18.29,20.74,148.09,-18.21,-7.51,174.93,53.813,54.402,-15.8144,-2.8216,222.70,159.77,-15.1263,-2.3803,,,0.20799,0
242.0560,81,11,1,2,111.67,129.67,dwell,207.05,99.97,99.90,0,178.906,7.865,179.796,-18.32,20.68,148.12,-17.92,-7.73,174.80,53.616,54.150,-14.3555,-2.5230,207.05,99.97,-14.7794,-2.4445,,,0.20018,0
242.1519,81,11,1,2,111.67,129.67,dwell,218.76,191.80,123.81,0,178.985,7.874,179.805,-18.44,20.61,148.35,-17.84,-7.76,174.33,53.925,54.047,-17.6405,-2.6052,218.76,191.80,-16.0669,-2.5168,,,0.20986,0
242.2628,81,11,1,2,111.67,129.67,dwell,241.05,158.94,132.65,0,179.040,7.874,179.804,-18.34,20.69,148.26,-17.08,-8.48,175.03,54.214,54.103,-16.2717,-1.7522,241.05,158.94,-16.1590,-2.1728,,,0.24747,0
242.3673,81,11,1,2,111.67,129.67,capture,209.84,152.10,100.70,0,179.030,7.873,179.834,-18.40,20.66,148.04,-17.72,-7.34,174.58,54.233,53.782,-16.3569,-3.4164,209.84,152.10,-16.2481,-2.7324,,,0.22870,0
242.4562,81,11,1,2,111.67,129.67,capture,213.08,144.97,102.56,0,179.008,7.842,179.814,-18.41,20.64,147.92,-18.37,-6.93,174.14,53.982,53.869,-15.4604,-2.6921,213.08,144.97,-15.8936,-2.7143,,,0.23002,0
242.5618,81,11,1,2,111.67,129.67,capture,217.45,160.65,110.23,0,179.028,7.745,179.833,-18.56,20.60,147.74,-18.47,-8.71,174.03,53.907,54.045,-16.0071,-2.7301,217.45,160.65,-15.9447,-2.7214,,,0.22723,0
242.6799,81,11,1,2,111.67,129.67,capture,219.87,150.09,110.11,0,179.134,7.834,179.846,-18.62,20.77,147.69,-18.21,-7.97,173.85,53.690,54.219,-15.0520,-1.9073,219.87,150.09,-15.5430,-2.3550,,,0.22248,0
242.7756,81,11,1,2,111.67,129.67,capture,214.65,150.33,105.04,0,179.135,7.834,179.856,-18.72,20.91,147.68,-18.26,-7.86,173.79,53.745,54.229,-16.6741,-3.3796,214.65,150.33,-16.0520,-2.8161,,,0.18952,0
242.8792,81,11,1,2,111.67,129.67,capture,201.70,178.12,102.24,0,179.071,7.778,179.854,-18.68,20.74,147.75,-17.81,-6.99,174.26,53.844,54.443,-17.5971,-3.3901,201.70,178.12,-16.7473,-3.0744,,,0.21969,0
242.9933,81,11,1,2,111.67,129.67,capture,207.11,142.03,96.24,0,179.115,7.811,179.888,-18.66,20.62,147.83,-18.24,-8.38,174.51,53.759,54.213,-15.1380,-3.1120,207.11,142.03,-16.0231,-3.0913,,,0.20135,0
243.0846,81,11,1,2,111.67,129.67,capture,199.89,143.61,89.32,0,179.103,7.700,179.884,-18.69,20.50,147.87,-18.99,-8.44,174.60,54.145,54.397,-15.0375,-3.4142,199.89,143.61,-15.5796,-3.2366,,,0.22041,0
243.1776,81,11,1,2,111.67,129.67,capture,198.68,154.45,90.47,0,178.943,7.755,179.884,-18.59,20.45,147.83,-17.53,-7.80,174.06,54.273,53.745,-15.5097,-3.4570,198.68,154.45,-15.5482,-3.3358,,,0.22909,0
243.2920,81,11,1,2,111.67,129.67,capture,213.43,150.84,103.94,0,178.879,7.668,179.882,-18.64,20.34,147.71,-18.13,-7.95,173.91,54.597,54.135,-16.5990,-3.0033,213.43,150.84,-16.0210,-3.1861,,,0.24166,0
243.4046,81,11,1,2,111.67,129.67,capture,204.54,141.11,93.58,0,178.893,7.770,179.889,-18.63,20.42,147.83,-18.52,-7.85,174.48,54.471,54.120,-14.8935,-3.4661,204.54,141.11,-15.5137,-3.3121,,,0.22965,0
243.4971,81,11,1,2,111.67,129.67,capture,191.69,152.02,83.09,0,178.812,7.783,179.842,-18.61,20.58,147.86,-18.05,-7.63,174.39,54.380,54.098,-15.4595,-3.8771,191.69,152.02,-15.4893,-3.5664,,,0.25213,0
243.6089,81,11,1,2,111.67,129.67,capture,220.72,173.57,117.56,0,178.846,7.780,179.847,-18.59,20.62,147.67,-18.03,-7.44,173.91,54.224,54.246,-16.2256,-3.2575,220.72,173.57,-15.8206,-3.4274,,,0.24003,0
243.7136,81,11,1,2,111.67,129.67,capture,217.59,171.30,113.81,0,178.784,7.952,179.882,-18.61,20.77,147.70,-17.64,-8.68,174.37,54.416,54.435,-15.9349,-1.9063,217.59,171.30,-15.8721,-2.7429,,,0.23013,0
243.8062,81,11,1,2,111.67,129.67,capture,208.12,161.14,101.46,0,178.941,7.844,179.880,-18.49,20.84,147.71,-18.31,-7.18,173.77,54.002,54.487,-15.6777,-2.8235,208.12,161.14,-15.7846,-2.7792,,,0.21101,0
243.9084,81,11,1,2,111.67,129.67,capture,218.95,149.85,109.17,0,178.952,7.833,179.874,-18.66,20.83,147.74,-18.02,-7.08,174.16,54.295,54.676,-15.1346,-2.5045,218.95,149.85,-15.4921,-2.6556,,,0.23800,0
244.0100,81,11,1,2,111.67,129.67,capture,201.32,167.37,97.26,0,178.960,7.871,179.868,-18.68,20.92,147.78,-18.17,-7.49,174.03,53.819,54.383,-16.3330,-4.5137,201.32,167.37,-15.8705,-3.4917,,,0.21981,0
244.1049,81,11,1,2,111.67,129.67,capture,214.86,183.72,116.49,0,178.855,7.811,179.884,-18.71,20.97,147.87,-18.52,-6.99,174.06,53.835,54.386,-17.5943,-2.4931,214.86,183.72,-16.6462,-3.0423,,,0.21122,0
244.1946,81,11,1,2,111.67,129.67,capture,216.63,144.55,106.01,0,178.725,7.854,179.893,-18.67,21.00,147.75,-18.65,-8.09,173.82,53.861,54.371,-15.5573,-2.8411,216.63,144.55,-16.1562,-2.9518,,,0.21607,0
244.3055,81,11,1,2,111.67,129.67,capture,224.28,172.78,120.58,0,178.779,7.835,179.843,-18.80,21.07,147.72,-18.22,-7.84,173.91,53.649,54.295,-16.7133,-2.3671,224.28,172.78,-16.4069,-2.6887,,,0.21974,0
