t_s,trial,cell_idx,row,col,target_x,target_y,phase,pred_x,pred_y,err_pt,in_cell,head_yaw_deg,head_pitch_deg,head_roll_deg,head_tx_mm,head_ty_mm,head_tz_mm,eye_cam_x_mm,eye_cam_y_mm,eye_cam_z_mm,pupil_left_px,pupil_right_px,raw_pitch_deg,raw_yaw_deg,raw_pred_x,raw_pred_y,filt_pitch_deg,filt_yaw_deg,filt_pred_x,filt_pred_y,ear,blink_held
0.0232,1,7,0,7,335.00,43.22,dwell,266.87,179.99,152.80,0,178.862,8.390,179.785,-17.95,20.10,147.45,-17.13,-8.48,173.31,54.579,54.747,-17.0847,-0.1846,266.87,179.99,-17.0847,-0.1846,,,0.21179,0
0.1232,1,7,0,7,335.00,43.22,dwell,237.36,378.38,349.09,0,178.722,8.345,179.792,-18.04,20.03,147.42,-17.94,-8.66,173.91,54.199,54.659,-23.9901,-1.9073,237.36,378.38,-20.1921,-0.9598,,,0.21915,0
0.2273,1,7,0,7,335.00,43.22,dwell,348.58,178.98,136.44,0,178.648,8.162,179.812,-18.04,20.00,147.44,-17.62,-8.40,173.69,53.971,54.808,-16.4319,3.8824,348.58,178.98,-18.5000,1.2192,,,0.22145,0
0.3302,1,7,0,7,335.00,43.22,dwell,332.68,229.19,185.98,0,178.729,7.992,179.848,-18.12,20.00,147.48,-17.27,-8.56,173.63,53.570,54.610,-18.6014,2.2506,332.68,229.19,-18.5456,1.6833,,,0.20294,0
0.4216,1,7,0,7,335.00,43.22,dwell,350.47,167.61,125.35,0,178.848,7.964,179.862,-18.11,20.07,147.31,-17.80,-7.96,173.71,53.409,54.826,-16.6926,3.5170,350.47,167.61,-17.7118,2.5085,,,0.18093,0
0.5141,1,7,0,7,335.00,43.22,dwell,302.85,160.98,122.07,0,178.845,7.782,179.871,-18.19,20.10,147.07,-18.53,-7.46,173.57,53.506,54.891,-16.6808,0.6159,302.85,160.98,-17.2478,1.6568,,,0.20581,0
0.5984,1,7,0,7,335.00,43.22,dwell,401.14,113.38,96.42,0,178.810,7.740,179.811,-18.19,20.01,147.27,-18.42,-9.72,173.73,53.327,54.671,-14.3878,5.3496,401.14,113.38,-15.9608,3.3186,,,0.19586,0
0.7005,1,7,0,7,335.00,43.22,dwell,428.69,26.16,95.23,0,178.837,7.476,179.815,-18.18,20.06,147.35,-18.50,-9.19,174.00,53.423,54.668,-10.0762,7.0402,428.69,26.16,-13.3127,4.9933,,,0.20199,0
0.7975,1,7,0,7,335.00,43.22,dwell,434.92,13.78,104.17,0,178.918,7.286,179.841,-18.27,20.33,147.06,-17.61,-8.61,173.64,53.378,54.734,-10.6448,7.3251,434.92,13.78,-12.1122,6.0426,,,0.21178,0
0.8880,1,7,0,7,335.00,43.22,dwell,410.49,37.19,75.73,0,178.969,7.365,179.827,-18.26,20.34,147.08,-18.19,-7.63,173.58,53.615,54.513,-11.6364,5.8881,410.49,37.19,-11.8981,5.9731,,,0.21799,0
0.9700,1,7,0,7,335.00,43.22,capture,415.75,-4.28,93.69,0,179.056,7.458,179.839,-18.28,20.48,147.01,-17.58,-8.90,173.35,53.751,54.817,-9.8833,5.9521,415.75,-4.28,-10.9914,5.9636,,,0.20341,0
1.0757,1,7,0,7,335.00,43.22,capture,422.67,-5.02,100.07,0,179.194,7.433,179.849,-18.36,20.61,146.92,-17.86,-7.70,172.64,53.759,54.659,-9.3208,6.7711,422.67,-5.02,-10.2396,6.3270,,,0.20178,0
1.1626,1,7,0,7,335.00,43.22,capture,431.51,-32.06,122.40,0,179.238,7.476,179.804,-18.27,20.42,147.35,-17.69,-8.13,173.69,53.952,54.455,-8.2659,7.8077,431.51,-32.06,-9.3515,6.9933,,,0.23093,0
1.2631,1,7,0,7,335.00,43.22,capture,420.17,-9.00,99.91,0,179.247,7.356,179.832,-18.26,20.41,147.52,-17.80,-7.59,173.76,53.748,54.189,-10.0145,6.3756,420.17,-9.00,-9.6498,6.7153,,,0.22612,0
1.3763,1,7,0,7,335.00,43.22,capture,410.61,-31.67,106.42,0,179.252,7.304,179.833,-18.22,20.55,147.82,-17.82,-7.11,174.10,53.535,53.942,-8.6436,5.8929,410.61,-31.67,-9.1970,6.3453,,,0.18173,0
1.4824,1,7,0,7,335.00,43.22,capture,397.78,-24.71,92.50,0,179.116,7.352,179.832,-18.36,20.50,147.79,-18.39,-7.70,174.27,53.106,53.803,-8.6139,5.3974,397.78,-24.71,-8.9346,5.9187,,,0.20184,0
1.5791,1,7,0,7,335.00,43.22,capture,408.26,-9.58,90.31,0,179.175,7.375,179.825,-18.54,20.44,147.86,-18.08,-7.61,174.09,53.373,53.847,-9.5760,6.3068,408.26,-9.58,-9.2232,6.0934,,,0.20514,0
1.6930,1,7,0,7,335.00,43.22,capture,428.85,-40.15,125.53,0,179.095,7.417,179.846,-18.51,20.66,148.02,-18.06,-7.99,174.46,53.520,53.878,-8.3550,6.0652,428.85,-40.15,-8.8326,6.0807,,,0.23211,0
1.7954,1,7,0,7,335.00,43.22,capture,415.99,-26.34,106.76,0,179.132,7.372,179.832,-18.49,20.66,148.16,-17.77,-7.50,174.38,53.698,53.730,-8.6898,6.5784,415.99,-26.34,-8.7683,6.3047,,,0.21027,0
1.8910,1,7,0,7,335.00,43.22,capture,430.24,-16.54,112.44,0,179.024,7.473,179.818,-18.41,20.69,148.20,-18.14,-7.91,174.64,53.460,53.529,-9.4567,7.4790,430.24,-16.54,-9.0781,6.8331,,,0.22219,0
2.0046,1,7,0,7,335.00,43.22,capture,431.43,-12.94,111.59,0,179.083,7.535,179.832,-18.41,20.82,148.14,-18.21,-7.64,174.94,53.538,53.478,-8.7562,6.9366,431.43,-12.94,-8.9332,6.8797,,,0.21827,0
2.1043,1,7,0,7,335.00,43.22,capture,415.76,-18.97,101.93,0,179.126,7.474,179.822,-18.40,20.83,148.03,-17.52,-7.85,174.44,53.292,53.500,-8.9404,6.9087,415.76,-18.97,-8.9365,6.8928,,,0.21236,0
2.2060,1,7,0,7,335.00,43.22,capture,415.02,-0.62,91.24,0,179.019,7.477,179.837,-18.37,20.68,148.14,-18.38,-8.01,175.03,53.548,53.580,-9.6088,6.5934,415.02,-0.62,-9.2390,6.7580,,,0.19274,0
2.3031,1,7,0,7,335.00,43.22,capture,423.18,3.45,96.73,0,179.052,7.353,179.858,-18.38,20.74,148.11,-17.78,-7.41,174.69,53.666,53.751,-9.3522,6.3363,423.18,3.45,-9.2900,6.5683,,,0.21607,0
2.3971,1,7,0,7,335.00,43.22,capture,421.53,-31.72,114.47,0,179.005,7.356,179.860,-18.47,20.79,148.04,-17.38,-7.82,174.27,53.933,53.542,-8.8197,6.6153,421.53,-31.72,-9.0783,6.5894,,,0.21461,0
2.4962,1,7,0,7,335.00,43.22,capture,427.85,-19.97,112.31,0,179.034,7.281,179.863,-18.37,20.90,148.23,-18.28,-6.92,174.29,53.956,53.823,-9.4913,7.0055,427.85,-19.97,-9.2642,6.7767,,,0.22101,0
2.6021,1,7,0,7,335.00,43.22,capture,408.91,-41.11,112.14,0,179.018,7.514,179.869,-18.46,20.90,148.05,-17.96,-7.87,174.73,54.192,53.762,-9.2572,6.3714,408.91,-41.11,-9.2610,6.5943,,,0.22013,0
2.7114,1,7,0,7,335.00,43.22,capture,420.58,5.57,93.50,0,178.965,7.556,179.878,-18.41,20.85,147.90,-18.15,-7.85,174.32,53.817,53.800,-9.8615,6.5592,420.58,5.57,-9.5312,6.5785,,,0.21790,0
2.8051,1,7,0,7,335.00,43.22,capture,432.68,-8.90,110.72,0,178.943,7.529,179.862,-18.51,20.93,147.62,-17.28,-8.23,173.93,53.690,53.671,-9.8144,7.2784,432.68,-8.90,-9.6587,6.8935,,,0.21666,0
2.9088,1,7,0,7,335.00,43.22,capture,408.83,-34.83,107.44,0,178.890,7.521,179.885,-18.53,21.08,147.66,-17.84,-7.76,174.56,53.392,53.642,-8.6956,6.2138,408.83,-34.83,-9.2253,6.5876,,,0.17487,0
3.1082,2,16,1,7,335.00,129.67,dwell,304.44,-27.14,159.76,0,178.869,7.579,179.884,-18.50,21.07,147.29,-17.65,-7.52,173.69,53.316,53.950,-8.5975,0.6956,304.44,-27.14,-8.5975,0.6956,,,0.20107,0
3.1902,2,16,1,7,335.00,129.67,dwell,375.60,107.61,46.20,0,178.685,7.598,179.872,-18.39,21.02,147.09,-17.82,-7.25,172.77,53.662,54.064,-14.3185,4.8845,375.60,107.61,-11.1720,2.5806,,,0.22530,0
3.2919,2,16,1,7,335.00,129.67,dwell,405.14,143.30,71.45,0,178.722,7.739,179.878,-18.49,21.11,147.14,-17.84,-7.91,173.41,53.335,54.434,-15.3317,6.2022,405.14,143.30,-13.0439,4.2103,,,0.19484,0
3.4155,2,16,1,7,335.00,129.67,dwell,240.62,81.54,105.94,0,178.806,7.751,179.851,-18.35,21.12,147.30,-17.84,-7.41,173.05,53.381,53.837,-12.5806,-1.0510,240.62,81.54,-12.8354,1.8427,,,0.20142,0
3.5154,2,16,1,7,335.00,129.67,dwell,373.90,190.17,71.93,0,178.912,7.698,179.854,-18.39,21.03,147.22,-17.97,-7.78,173.63,53.466,54.008,-17.0115,4.6385,373.90,190.17,-14.7146,3.1008,,,0.21716,0
3.5981,2,16,1,7,335.00,129.67,dwell,274.31,205.46,97.10,0,178.935,7.734,179.861,-18.34,21.01,147.43,-18.11,-7.81,174.08,53.618,53.780,-17.5181,-0.1332,274.31,205.46,-15.9762,1.6455,,,0.21058,0
3.6970,2,16,1,7,335.00,129.67,dwell,343.13,224.99,95.67,0,178.922,7.881,179.847,-18.43,21.06,147.24,-17.37,-6.81,173.85,53.846,54.209,-18.3453,2.9739,343.13,224.99,-17.0423,2.2433,,,0.23633,0
3.7969,2,16,1,7,335.00,129.67,dwell,295.92,199.37,79.91,0,179.012,7.826,179.823,-18.20,21.25,147.41,-17.66,-7.11,173.37,54.367,54.180,-17.5554,0.9245,295.92,199.37,-17.2732,1.6498,,,0.21942,0
3.8901,2,16,1,7,335.00,129.67,dwell,336.14,281.59,151.93,0,179.008,7.801,179.827,-18.13,21.14,147.45,-17.35,-7.54,173.88,54.182,54.063,-20.2421,3.5127,336.14,281.59,-18.6092,2.4881,,,0.20702,0
3.9781,2,16,1,7,335.00,129.67,capture,275.77,254.96,138.59,0,179.095,7.714,179.824,-18.17,20.99,147.24,-17.84,-7.55,173.93,53.686,54.165,-20.1096,0.3949,275.77,254.96,-19.2844,1.5461,,,0.20732,0
4.0832,2,16,1,7,335.00,129.67,capture,297.53,265.86,141.25,0,179.101,7.715,179.803,-18.29,20.98,147.22,-16.84,-6.68,173.25,53.564,53.993,-19.7204,1.1259,297.53,265.86,-19.4806,1.3570,,,0.20426,0
4.1658,2,16,1,7,335.00,129.67,capture,304.41,241.59,116.03,0,179.110,7.654,179.820,-18.26,21.03,147.11,-17.82,-7.11,173.23,53.442,53.819,-19.0663,1.5560,304.41,241.59,-19.2942,1.4466,,,0.19405,0
4.2760,2,16,1,7,335.00,129.67,capture,282.00,262.82,143.31,0,179.120,7.640,179.833,-18.26,21.02,147.47,-18.08,-7.58,174.39,53.301,53.541,-19.4943,0.3077,282.00,262.82,-19.3842,0.9341,,,0.20572,0
4.4035,2,16,1,7,335.00,129.67,capture,311.64,232.81,105.76,0,179.036,7.837,179.818,-18.20,20.90,147.54,-17.70,-8.77,173.59,53.705,53.954,-19.1905,1.3496,311.64,232.81,-19.2970,1.1211,,,0.20202,0
4.5037,2,16,1,7,335.00,129.67,capture,318.39,237.43,109.04,0,179.049,7.899,179.827,-18.31,20.91,147.49,-18.20,-7.03,173.99,53.523,53.963,-17.4274,2.1150,318.39,237.43,-18.4557,1.5683,,,0.19959,0
4.6091,2,16,1,7,335.00,129.67,capture,300.81,248.35,123.51,0,179.053,7.875,179.793,-18.29,21.06,147.39,-19.14,-7.48,173.86,53.508,54.153,-19.3991,1.0156,300.81,248.35,-18.8802,1.3196,,,0.21635,0
4.7038,2,16,1,7,335.00,129.67,capture,301.10,273.89,148.15,0,179.021,7.803,179.790,-18.18,21.09,147.30,-18.15,-7.65,173.35,53.942,54.067,-20.3299,0.9386,301.10,273.89,-19.5326,1.1482,,,0.21545,0
4.7996,2,16,1,7,335.00,129.67,capture,282.76,247.56,128.95,0,178.999,7.691,179.814,-18.02,21.10,147.33,-17.35,-7.51,173.24,54.230,53.648,-19.1062,0.0298,282.76,247.56,-19.3407,0.6449,,,0.23665,0
4.9001,2,16,1,7,335.00,129.67,capture,293.53,222.94,102.08,0,178.872,7.692,179.837,-18.14,21.20,147.20,-17.37,-7.97,173.45,53.625,53.921,-18.1650,0.5319,293.53,222.94,-18.8117,0.5941,,,0.19842,0
5.0028,2,16,1,7,335.00,129.67,capture,285.30,250.35,130.52,0,178.977,7.599,179.854,-18.17,21.27,147.23,-18.20,-7.68,173.63,53.136,54.116,-19.1149,0.4707,285.30,250.35,-18.9481,0.5386,,,0.17867,0
5.1188,2,16,1,7,335.00,129.67,capture,306.31,253.22,126.84,0,178.941,7.487,179.839,-18.07,21.07,147.50,-17.51,-7.79,173.21,53.404,53.779,-19.5870,1.1693,306.31,253.22,-19.2356,0.8224,,,0.20155,0
5.2242,2,16,1,7,335.00,129.67,capture,297.29,254.40,130.31,0,178.914,7.456,179.830,-17.98,20.85,147.33,-17.47,-8.68,174.20,53.724,53.848,-20.6908,1.4544,297.29,254.40,-19.8905,1.1068,,,0.19937,0
5.3214,2,16,1,7,335.00,129.67,capture,292.90,263.62,140.41,0,178.774,7.394,179.821,-18.05,20.97,147.21,-17.32,-7.44,173.77,53.548,53.912,-20.0109,1.0432,292.90,263.62,-19.9446,1.0782,,,0.22992,0
5.4254,2,16,1,7,335.00,129.67,capture,287.07,271.76,149.96,0,178.817,7.589,179.822,-18.10,20.94,146.96,-17.84,-7.68,172.72,53.342,54.765,-21.4247,1.2233,287.07,271.76,-20.6107,1.1435,,,0.18254,0
5.5249,2,16,1,7,335.00,129.67,capture,293.18,281.27,157.27,0,178.909,7.594,179.857,-18.00,20.71,147.18,-18.00,-7.28,173.80,53.245,54.608,-20.4919,0.6940,293.18,281.27,-20.5572,0.9412,,,0.20715,0
5.6125,2,16,1,7,335.00,129.67,capture,301.61,278.21,152.25,0,179.007,7.497,179.868,-17.91,20.86,147.09,-17.50,-7.56,173.38,53.006,54.325,-21.4050,1.0198,301.61,278.21,-20.9387,0.9766,,,0.18334,0
5.6945,2,16,1,7,335.00,129.67,capture,298.53,286.57,161.09,0,178.935,7.270,179.864,-18.00,20.80,147.02,-17.34,-8.57,173.12,52.731,54.247,-20.9389,0.9880,298.53,286.57,-20.9388,0.9817,,,0.19980,0
5.8117,2,16,1,7,335.00,129.67,capture,303.03,292.16,165.61,0,178.876,7.429,179.871,-17.98,20.72,147.26,-17.52,-7.42,174.03,52.955,54.076,-21.3480,0.7761,303.03,292.16,-21.1229,0.8892,,,0.21389,0
5.8986,2,16,1,7,335.00,129.67,capture,285.62,301.63,178.91,0,178.907,7.465,179.840,-17.97,20.65,147.23,-17.70,-8.43,173.28,53.312,54.116,-22.0738,0.5384,285.62,301.63,-21.5508,0.7313,,,0.19950,0
6.0978,3,1,0,1,67.00,43.22,dwell,236.63,365.46,364.16,0,178.895,7.541,179.843,-17.99,20.66,147.09,-17.76,-7.44,173.13,53.473,54.101,-24.2997,-1.7012,236.63,365.46,-24.2997,-1.7012,,,0.19323,0
6.2042,3,1,0,1,67.00,43.22,dwell,201.60,253.47,249.64,0,178.678,7.489,179.850,-17.82,20.66,147.20,-17.45,-7.81,173.30,53.853,54.289,-20.4227,-3.4253,201.60,253.47,-22.5551,-2.4770,,,0.21734,0
6.3108,3,1,0,1,67.00,43.22,dwell,110.08,93.97,66.57,0,178.719,7.328,179.844,-17.90,20.65,147.41,-17.65,-7.29,173.45,54.305,54.304,-13.1613,-8.0941,110.08,93.97,-18.3278,-5.0047,,,0.23468,0
6.4293,3,1,0,1,67.00,43.22,dwell,89.89,62.70,30.06,0,178.783,7.458,179.867,-17.82,20.64,147.32,-17.41,-8.76,173.40,54.282,54.521,-11.5676,-8.9236,89.89,62.70,-15.2857,-6.7682,,,0.22569,0
6.5311,3,1,0,1,67.00,43.22,dwell,39.10,26.30,32.63,0,178.740,7.285,179.888,-17.91,20.77,147.13,-17.35,-7.71,173.68,54.138,54.058,-10.4314,-10.5265,39.10,26.30,-13.1013,-8.4594,,,0.20860,0
6.6131,3,1,0,1,67.00,43.22,dwell,52.49,52.87,17.42,1,178.745,7.326,179.840,-18.06,20.66,147.12,-17.92,-7.64,173.21,54.497,53.794,-11.3683,-10.7865,52.49,52.87,-12.3214,-9.5066,,,0.24180,0
6.7176,3,1,0,1,67.00,43.22,dwell,64.03,7.23,36.11,1,178.655,7.331,179.802,-18.04,20.53,147.10,-17.77,-8.46,173.18,54.726,53.466,-9.5343,-10.8149,64.03,7.23,-11.0672,-10.0954,,,0.25146,0
6.8245,3,1,0,1,67.00,43.22,dwell,9.65,42.58,57.35,0,178.640,7.394,179.801,-17.98,20.40,147.21,-17.40,-8.63,173.78,54.485,53.500,-11.4359,-12.8255,9.65,42.58,-11.2331,-11.3239,,,0.25324,0
6.9236,3,1,0,1,67.00,43.22,capture,1.93,33.15,65.84,0,178.746,7.485,179.790,-18.02,20.38,147.24,-17.93,-7.91,173.40,54.349,53.277,-10.4914,-12.6654,1.93,33.15,-10.8993,-11.9276,,,0.23285,0
7.0355,3,1,0,1,67.00,43.22,capture,-2.00,2.25,80.25,0,178.738,7.319,179.815,-17.98,20.47,147.44,-17.56,-7.30,173.42,54.500,53.420,-10.5139,-13.0074,-2.00,2.25,-10.7259,-12.4135,,,0.25362,0
7.1288,3,1,0,1,67.00,43.22,capture,-17.28,1.17,94.19,0,178.654,7.277,179.835,-17.97,20.57,147.41,-17.23,-7.69,173.74,54.318,53.707,-9.2397,-13.6957,-17.28,1.17,-10.0571,-12.9905,,,0.23433,0
7.2108,3,1,0,1,67.00,43.22,capture,5.58,13.72,68.14,0,178.766,7.373,179.808,-18.05,20.48,147.55,-17.95,-7.93,173.95,53.739,53.845,-9.9878,-12.5822,5.58,13.72,-10.0259,-12.8068,,,0.19322,0
7.3270,3,1,0,1,67.00,43.22,capture,-12.84,5.18,88.44,0,178.677,7.469,179.800,-18.22,20.54,147.59,-18.58,-9.02,173.85,53.481,53.594,-10.2718,-13.3398,-12.84,5.18,-10.1366,-13.0466,,,0.20994,0
7.4289,3,1,0,1,67.00,43.22,capture,-5.65,17.83,76.96,0,178.779,7.429,179.803,-18.26,20.45,147.68,-17.81,-8.11,173.68,54.008,53.395,-11.4555,-13.5842,-5.65,17.83,-10.7301,-13.2885,,,0.21289,0
7.5215,3,1,0,1,67.00,43.22,capture,-7.88,34.30,75.41,0,178.848,7.463,179.780,-18.26,20.63,147.57,-17.75,-7.66,173.84,54.325,53.713,-10.4885,-13.2789,-7.88,34.30,-10.6214,-13.2842,,,0.21978,0
7.6246,3,1,0,1,67.00,43.22,capture,-8.31,19.60,78.93,0,178.966,7.442,179.800,-18.34,20.60,147.32,-18.69,-8.18,173.89,53.649,53.800,-11.2763,-12.9552,-8.31,19.60,-10.9161,-13.1361,,,0.21038,0
7.7341,3,1,0,1,67.00,43.22,capture,-4.71,5.14,81.19,0,178.881,7.403,179.781,-18.34,20.68,147.58,-17.59,-8.17,174.53,53.375,53.427,-9.7260,-12.7799,-4.71,5.14,-10.3806,-12.9758,,,0.19513,0
7.8263,3,1,0,1,67.00,43.22,capture,-5.51,5.86,81.57,0,178.944,7.459,179.825,-18.15,20.62,147.48,-17.41,-7.77,173.96,53.596,53.500,-10.2011,-13.0664,-5.51,5.86,-10.2998,-13.0166,,,0.22285,0
7.9304,3,1,0,1,67.00,43.22,capture,-15.43,23.72,84.71,0,178.860,7.315,179.801,-18.09,20.53,147.49,-17.28,-8.02,173.51,53.534,53.657,-10.5699,-14.3020,-15.43,23.72,-10.4214,-13.5950,,,0.18941,0
8.0400,3,1,0,1,67.00,43.22,capture,-11.08,19.94,81.48,0,178.822,7.334,179.805,-17.94,20.48,147.32,-17.67,-8.06,173.53,53.570,53.702,-9.8769,-13.1318,-11.08,19.94,-10.1763,-13.3866,,,0.22524,0
8.1400,3,1,0,1,67.00,43.22,capture,-10.04,19.37,80.65,0,178.843,7.185,179.821,-17.90,20.69,147.29,-17.54,-8.57,173.62,53.700,53.816,-10.3587,-13.2193,-10.04,19.37,-10.2584,-13.3113,,,0.20530,0
8.2479,3,1,0,1,67.00,43.22,capture,-13.49,3.63,89.70,0,178.795,7.165,179.817,-18.02,20.59,147.38,-17.68,-7.96,173.10,54.023,53.868,-9.5583,-13.4773,-13.49,3.63,-9.9433,-13.3860,,,0.22986,0
8.3633,3,1,0,1,67.00,43.22,capture,10.92,-32.72,94.40,0,178.784,7.146,179.819,-18.07,20.49,147.37,-17.67,-7.85,173.40,53.831,54.158,-8.3054,-12.5214,10.92,-32.72,-9.2062,-12.9970,,,0.22446,0
8.4615,3,1,0,1,67.00,43.22,capture,0.03,-1.59,80.58,0,178.666,7.098,179.828,-17.93,20.62,147.27,-18.72,-7.31,173.33,53.542,54.608,-10.2360,-12.9768,0.03,-1.59,-9.6696,-12.9879,,,0.23844,0
8.5630,3,1,0,1,67.00,43.22,capture,6.14,-14.71,84.02,0,178.758,7.150,179.824,-18.01,20.55,146.97,-17.98,-8.15,173.52,53.899,54.815,-9.0298,-12.8565,6.14,-14.71,-9.3817,-12.9288,,,0.22117,0
8.6768,3,1,0,1,67.00,43.22,capture,-18.77,15.43,90.16,0,178.882,7.285,179.822,-18.07,20.60,147.07,-17.64,-8.34,173.28,53.869,54.887,-10.5753,-13.1971,-18.77,15.43,-9.9188,-13.0495,,,0.20535,0
8.7588,3,1,0,1,67.00,43.22,capture,9.21,7.72,67.82,0,178.918,7.295,179.830,-18.07,20.79,147.32,-17.56,-7.71,173.67,54.086,54.880,-10.2846,-12.2472,9.21,7.72,-10.0834,-12.6885,,,0.24812,0
8.9620,4,63,7,0,22.33,648.33,dwell,13.49,49.11,599.29,0,178.943,7.386,179.846,-18.16,20.71,147.44,-17.59,-7.69,174.15,53.992,55.112,-11.6632,-12.2133,13.49,49.11,-11.6632,-12.2133,,,0.22398,0
9.0484,4,63,7,0,22.33,648.33,dwell,65.15,280.47,370.35,0,178.999,7.606,179.837,-18.19,20.61,147.46,-18.61,-7.86,174.44,53.786,54.640,-20.5383,-10.0601,65.15,280.47,-15.6570,-11.2444,,,0.22253,0
9.1456,4,63,7,0,22.33,648.33,dwell,-31.87,273.93,378.31,0,178.956,7.618,179.868,-18.18,20.57,147.59,-18.13,-7.91,173.92,53.941,54.421,-20.0898,-14.4382,-31.87,273.93,-17.6518,-12.6816,,,0.21642,0
9.2570,4,63,7,0,22.33,648.33,dwell,-10.90,368.35,281.95,0,179.058,7.599,179.839,-18.04,20.58,147.67,-17.83,-8.45,173.95,53.203,54.879,-23.5453,-13.7432,-10.90,368.35,-20.3038,-13.1593,,,0.20567,0
9.3641,4,63,7,0,22.33,648.33,dwell,-29.21,277.14,374.75,0,179.144,7.602,179.805,-17.91,20.64,147.56,-17.79,-7.81,173.86,53.502,55.168,-20.2625,-13.8756,-29.21,277.14,-20.2852,-13.4816,,,0.20139,0
9.4676,4,63,7,0,22.33,648.33,dwell,-11.24,318.41,331.63,0,179.009,7.789,179.825,-17.99,20.69,147.40,-17.49,-8.74,174.04,53.864,54.906,-22.9072,-13.5814,-11.24,318.41,-21.4651,-13.5265,,,0.22490,0
9.5790,4,63,7,0,22.33,648.33,dwell,-29.88,360.56,292.47,0,179.057,7.797,179.832,-18.09,20.61,147.39,-17.36,-7.89,173.37,54.207,54.505,-23.3810,-14.3825,-29.88,360.56,-22.3273,-13.9117,,,0.21908,0
9.6774,4,63,7,0,22.33,648.33,dwell,-16.08,422.55,229.03,0,178.953,7.725,179.850,-17.97,20.62,147.44,-17.36,-7.91,173.45,54.326,53.826,-27.0593,-12.8487,-16.08,422.55,-24.4567,-13.4334,,,0.21874,0
9.7773,4,63,7,0,22.33,648.33,dwell,-9.77,442.87,207.96,0,178.999,7.697,179.851,-18.13,20.55,147.44,-18.01,-8.48,174.18,54.418,53.959,-25.9239,-13.2981,-9.77,442.87,-25.1169,-13.3725,,,0.22288,0
9.8593,4,63,7,0,22.33,648.33,dwell,-2.06,507.16,143.27,0,178.894,7.854,179.886,-18.22,20.56,147.52,-17.89,-8.32,173.74,54.620,53.953,-29.1261,-13.0262,-2.06,507.16,-26.9211,-13.2166,,,0.24464,0
9.9609,4,63,7,0,22.33,648.33,dwell,-32.39,524.36,135.51,0,178.889,7.887,179.863,-18.22,20.54,147.33,-18.19,-8.09,173.52,54.361,53.887,-29.6132,-14.4726,-32.39,524.36,-28.1325,-13.7818,,,0.24181,0
10.0525,4,63,7,0,22.33,648.33,capture,-8.04,573.54,80.73,0,178.933,7.993,179.885,-18.28,20.52,147.22,-17.57,-7.64,173.49,54.074,53.888,-31.7164,-13.9690,-8.04,573.54,-29.7453,-13.8661,,,0.21193,0
10.1508,4,63,7,0,22.33,648.33,capture,-35.94,561.85,104.28,0,179.001,8.002,179.877,-18.40,20.59,147.33,-18.09,-8.27,173.66,53.991,53.967,-32.7426,-14.4253,-35.94,561.85,-31.0941,-14.1177,,,0.21673,0
10.2454,4,63,7,0,22.33,648.33,capture,-22.59,588.49,74.83,0,179.104,8.128,179.863,-18.41,20.43,147.35,-17.56,-7.49,173.14,54.233,54.316,-32.3290,-14.0010,-22.59,588.49,-31.6498,-14.0652,,,0.20821,0
10.3482,4,63,7,0,22.33,648.33,capture,-21.15,563.31,95.50,0,179.061,8.167,179.858,-18.44,20.46,147.15,-18.33,-8.07,173.77,54.155,53.920,-31.9981,-13.5475,-21.15,563.31,-31.8065,-13.8323,,,0.23324,0
10.4526,4,63,7,0,22.33,648.33,capture,13.57,577.71,71.16,0,179.052,8.097,179.845,-18.35,20.46,147.17,-17.45,-7.87,173.25,54.132,53.831,-32.0479,-12.2482,13.57,577.71,-31.9152,-13.1194,,,0.23088,0
10.5587,4,63,7,0,22.33,648.33,capture,-9.07,579.07,76.05,0,179.099,8.100,179.848,-18.41,20.65,147.36,-18.20,-8.75,173.51,53.951,54.231,-32.2546,-13.6807,-9.07,579.07,-32.0679,-13.3720,,,0.20798,0
10.6590,4,63,7,0,22.33,648.33,capture,-28.03,579.03,85.67,0,179.114,8.199,179.863,-18.45,20.70,147.67,-17.89,-7.60,174.00,54.161,54.075,-32.2825,-14.4129,-28.03,579.03,-32.1645,-13.8404,,,0.20609,0
10.7747,4,63,7,0,22.33,648.33,capture,-11.63,584.42,72.38,0,179.068,8.137,179.850,-18.38,20.71,147.64,-18.12,-8.25,173.75,54.688,54.080,-32.2529,-13.4133,-11.63,584.42,-32.2043,-13.6482,,,0.22039,0
10.8932,4,63,7,0,22.33,648.33,capture,-15.40,574.83,82.62,0,178.903,8.123,179.862,-18.47,20.71,147.51,-18.05,-7.85,173.73,54.548,54.161,-31.4278,-14.0486,-15.40,574.83,-31.8549,-13.8284,,,0.24612,0
10.9752,4,63,7,0,22.33,648.33,capture,-10.30,594.17,63.23,0,178.997,8.175,179.875,-18.48,20.67,147.47,-18.12,-7.92,174.13,53.806,54.089,-31.6854,-12.8400,-10.30,594.17,-31.7786,-13.3836,,,0.21428,0
11.0860,4,63,7,0,22.33,648.33,capture,-18.14,544.44,111.50,0,178.999,8.188,179.856,-18.41,20.63,147.39,-17.79,-8.13,173.49,54.287,53.952,-30.7009,-14.0931,-18.14,544.44,-31.2937,-13.7029,,,0.24838,0
11.1839,4,63,7,0,22.33,648.33,capture,-22.62,557.80,101.08,0,179.081,8.270,179.859,-18.40,20.70,147.47,-17.52,-7.54,173.52,54.340,53.795,-31.7261,-14.0976,-22.62,557.80,-31.4883,-13.8805,,,0.25278,0
11.2693,4,63,7,0,22.33,648.33,capture,-14.00,554.96,100.19,0,179.079,8.302,179.855,-18.46,20.53,147.41,-18.10,-7.32,173.96,53.964,53.735,-30.5522,-13.0259,-14.00,554.96,-31.0670,-13.4959,,,0.20314,0
11.3760,4,63,7,0,22.33,648.33,capture,-32.60,579.27,88.25,0,178.972,8.387,179.850,-18.58,20.35,147.18,-18.01,-7.50,173.26,54.036,53.736,-32.1739,-14.0058,-32.60,579.27,-31.5651,-13.7254,,,0.22960,0
11.4860,4,63,7,0,22.33,648.33,capture,-15.84,560.04,96.19,0,178.877,8.433,179.860,-18.59,20.53,147.36,-18.27,-8.46,173.08,53.776,53.951,-31.5012,-13.6913,-15.84,560.04,-31.5364,-13.7100,,,0.19787,0
11.5904,4,63,7,0,22.33,648.33,capture,-27.57,571.69,91.46,0,179.123,8.381,179.854,-18.63,20.55,147.42,-18.67,-8.32,174.05,53.830,53.980,-32.3754,-14.0956,-27.57,571.69,-31.9139,-13.8835,,,0.21380,0
11.6811,4,63,7,0,22.33,648.33,capture,-12.48,563.83,91.39,0,179.019,8.178,179.818,-18.63,20.58,147.59,-17.76,-7.19,173.43,53.822,54.048,-31.3849,-13.9645,-12.48,563.83,-31.6759,-13.9200,,,0.22784,0
11.7767,4,63,7,0,22.33,648.33,capture,-19.32,573.44,85.70,0,179.015,8.146,179.837,-18.42,20.67,147.51,-17.94,-7.07,173.97,53.950,54.328,-30.7360,-13.4183,-19.32,573.44,-31.2529,-13.6942,,,0.23290,0
11.8726,4,63,7,0,22.33,648.33,capture,-1.03,575.85,76.16,0,178.834,8.139,179.799,-18.49,20.73,147.47,-17.58,-8.19,173.76,53.823,54.285,-32.2058,-12.7320,-1.03,575.85,-31.6817,-13.2612,,,0.22606,0
12.0604,5,59,6,5,245.67,561.89,dwell,63.58,520.41,186.75,0,178.867,8.161,179.823,-18.43,20.71,147.77,-17.85,-7.45,174.25,53.695,54.375,-29.7451,-9.9527,63.58,520.41,-29.7451,-9.9527,,,0.19683,0
12.1694,5,59,6,5,245.67,561.89,dwell,175.57,712.97,166.55,0,178.815,8.160,179.815,-18.46,20.76,147.53,-17.79,-7.51,174.05,53.461,54.715,-37.5772,-4.7288,175.57,712.97,-33.2695,-7.6020,,,0.22473,0
12.2724,5,59,6,5,245.67,561.89,dwell,185.46,577.75,62.26,0,178.872,8.391,179.826,-18.57,20.76,147.54,-18.00,-7.60,174.07,53.559,54.305,-32.0786,-4.6374,185.46,577.75,-32.7336,-6.2679,,,0.20350,0
12.3627,5,59,6,5,245.67,561.89,dwell,206.97,567.05,39.04,0,178.998,8.339,179.867,-18.49,20.71,147.46,-18.04,-7.03,173.88,53.664,54.088,-31.8087,-3.2427,206.97,567.05,-32.3174,-4.9065,,,0.20434,0
12.4665,5,59,6,5,245.67,561.89,dwell,238.27,563.74,7.62,1,178.999,8.270,179.836,-18.51,20.80,147.53,-18.56,-8.15,173.59,53.704,53.992,-31.5451,-1.4571,238.27,563.74,-31.9699,-3.3543,,,0.22703,0
12.5570,5,59,6,5,245.67,561.89,dwell,253.58,676.25,114.63,0,178.998,8.233,179.848,-18.52,20.82,147.42,-18.01,-8.33,173.58,53.737,53.819,-35.8171,-1.4530,253.58,676.25,-33.7011,-2.4987,,,0.20467,0
12.6526,5,59,6,5,245.67,561.89,dwell,306.48,673.74,127.31,0,179.082,8.278,179.846,-18.46,20.90,147.37,-18.22,-7.96,173.80,53.769,53.664,-36.8066,1.4501,306.48,673.74,-35.0986,-0.7217,,,0.20713,0
12.7499,5,59,6,5,245.67,561.89,dwell,337.30,696.23,162.62,0,179.112,8.281,179.863,-18.32,20.90,147.18,-18.17,-8.15,173.44,53.909,53.461,-36.9056,2.7732,337.30,696.23,-35.9118,0.8510,,,0.20148,0
12.8363,5,59,6,5,245.67,561.89,capture,390.26,699.41,199.55,0,178.996,8.452,179.859,-18.24,20.76,147.30,-17.71,-8.53,173.84,53.916,53.728,-37.6432,5.5552,390.26,699.41,-36.6909,2.9679,,,0.22142,0
12.9439,5,59,6,5,245.67,561.89,capture,367.98,674.76,166.43,0,178.965,8.384,179.887,-18.21,20.81,147.35,-18.05,-7.63,173.60,53.561,54.006,-36.9008,4.4434,367.98,674.76,-36.7854,3.6319,,,0.21181,0
13.0605,5,59,6,5,245.67,561.89,capture,356.02,696.79,174.29,0,179.023,8.265,179.907,-18.26,20.76,147.46,-17.88,-7.70,174.20,53.066,54.131,-38.2148,3.7421,356.02,696.79,-37.4286,3.6815,,,0.19763,0
13.1967,5,59,6,5,245.67,561.89,capture,361.37,685.70,169.46,0,179.160,8.359,179.891,-18.19,20.94,147.45,-17.55,-7.96,173.50,53.209,53.654,-36.3239,3.7971,361.37,685.70,-36.9315,3.7335,,,0.18903,0
13.3176,5,59,6,5,245.67,561.89,capture,356.39,680.43,162.21,0,179.157,8.390,179.871,-18.05,20.97,147.30,-17.65,-6.91,173.52,53.362,53.477,-35.6051,4.5945,356.39,680.43,-36.3346,4.1210,,,0.20726,0
13.4043,5,59,6,5,245.67,561.89,capture,361.31,677.88,163.79,0,178.998,8.438,179.887,-18.14,20.71,147.11,-17.19,-7.82,173.29,53.331,53.838,-36.0103,4.3378,361.31,677.88,-36.1887,4.2185,,,0.22883,0
13.5000,5,59,6,5,245.67,561.89,capture,358.89,689.00,170.23,0,178.902,8.491,179.906,-18.32,20.72,147.36,-18.23,-7.17,172.94,53.186,53.664,-36.8436,3.9679,358.89,689.00,-36.4834,4.1058,,,0.16685,0
13.5851,5,59,6,5,245.67,561.89,capture,370.47,655.02,155.72,0,178.784,8.292,179.882,-18.27,20.84,147.11,-18.30,-8.00,173.72,53.501,53.258,-37.1207,4.4017,370.47,655.02,-36.7702,4.2389,,,0.19143,0
13.6777,5,59,6,5,245.67,561.89,capture,334.75,703.64,167.42,0,178.928,8.285,179.897,-18.26,20.85,147.30,-17.55,-7.53,173.56,53.523,53.498,-37.8620,4.2289,334.75,703.64,-37.2615,4.2344,,,0.23444,0
13.7831,5,59,6,5,245.67,561.89,capture,363.78,690.51,174.63,0,179.020,8.354,179.868,-18.25,20.85,147.16,-17.99,-8.00,173.17,53.181,54.046,-35.8444,4.1087,363.78,690.51,-36.6238,4.1779,,,0.22042,0
13.8730,5,59,6,5,245.67,561.89,capture,328.58,674.49,139.83,0,179.055,8.407,179.881,-18.25,20.82,147.09,-18.10,-7.04,173.50,53.199,54.475,-35.5957,2.0336,328.58,674.49,-36.1612,3.2129,,,0.20329,0
13.9743,5,59,6,5,245.67,561.89,capture,340.56,698.50,166.34,0,178.986,8.566,179.863,-18.24,20.80,147.24,-17.37,-7.81,173.03,53.212,54.309,-37.6375,3.4640,340.56,698.50,-36.8255,3.3259,,,0.19661,0
14.0861,5,59,6,5,245.67,561.89,capture,367.14,685.42,173.25,0,178.936,8.424,179.834,-18.28,20.69,147.25,-17.75,-8.16,173.33,53.669,54.370,-36.7352,4.3518,367.14,685.42,-36.7849,3.7876,,,0.18081,0
14.1854,5,59,6,5,245.67,561.89,capture,340.89,645.14,126.48,0,179.039,8.300,179.800,-18.30,20.81,147.41,-18.40,-7.78,174.04,53.594,54.108,-34.3467,2.7331,340.89,645.14,-35.6877,3.3130,,,0.21253,0
14.2926,5,59,6,5,245.67,561.89,capture,366.65,667.52,160.61,0,179.042,8.406,179.785,-18.31,20.87,147.42,-17.64,-7.07,173.91,53.861,54.102,-35.7265,4.0642,366.65,667.52,-35.7052,3.6510,,,0.19866,0
14.3842,5,59,6,5,245.67,561.89,capture,356.39,666.99,152.66,0,179.110,8.400,179.762,-18.30,20.93,147.39,-18.11,-7.82,173.94,53.993,53.941,-36.1223,3.8134,356.39,666.99,-35.8929,3.7241,,,0.22483,0
14.4797,5,59,6,5,245.67,561.89,capture,353.11,685.68,163.92,0,179.012,8.525,179.774,-18.24,20.88,147.35,-17.95,-7.74,173.49,53.855,54.460,-36.9416,3.3752,353.11,685.68,-36.3648,3.5671,,,0.23694,0
14.5798,5,59,6,5,245.67,561.89,capture,375.83,685.34,179.40,0,178.963,8.414,179.803,-18.15,20.77,147.68,-17.15,-7.76,173.58,53.754,54.107,-36.7987,4.0897,375.83,685.34,-36.5601,3.8023,,,0.23146,0
14.6745,5,59,6,5,245.67,561.89,capture,360.97,695.75,176.67,0,179.049,8.519,179.809,-18.08,20.81,147.80,-17.78,-8.14,173.82,53.805,54.305,-36.2844,3.7846,360.97,695.75,-36.4360,3.7943,,,0.22608,0
14.7574,5,59,6,5,245.67,561.89,capture,367.24,680.85,170.09,0,178.970,8.545,179.818,-18.06,20.66,147.73,-17.46,-7.59,173.82,53.413,54.084,-36.6524,3.8424,367.24,680.85,-36.5334,3.8160,,,0.20192,0
14.9440,6,56,6,2,111.67,561.89,dwell,281.68,664.70,198.68,0,178.879,8.566,179.818,-18.03,20.43,147.81,-17.39,-8.04,173.84,53.250,53.992,-36.3233,0.5074,281.68,664.70,-36.3233,0.5074,,,0.18562,0
15.0429,6,56,6,2,111.67,561.89,dwell,305.05,706.62,241.55,0,178.858,8.738,179.821,-18.08,20.54,147.51,-17.81,-7.84,173.72,53.362,54.247,-37.4492,0.7546,305.05,706.62,-36.8299,0.6187,,,0.20700,0
15.1470,6,56,6,2,111.67,561.89,dwell,350.82,777.01,321.67,0,178.782,8.571,179.829,-18.12,20.68,147.24,-18.05,-7.97,173.72,53.513,54.276,-40.8963,3.1057,350.82,777.01,-38.6598,1.7379,,,0.21048,0
15.2574,6,56,6,2,111.67,561.89,dwell,276.79,676.07,200.76,0,178.842,8.682,179.826,-18.10,20.78,147.34,-18.06,-7.90,173.56,54.001,54.452,-36.0313,-0.2157,276.79,676.07,-37.4770,0.8588,,,0.23555,0
15.3682,6,56,6,2,111.67,561.89,dwell,280.94,514.81,175.70,0,178.879,8.722,179.846,-18.24,20.98,147.25,-18.14,-7.67,173.77,53.935,54.575,-30.9305,-0.7024,280.94,514.81,-34.5311,0.1562,,,0.23356,0
15.4715,6,56,6,2,111.67,561.89,dwell,327.57,581.32,216.78,0,178.846,8.824,179.862,-18.11,21.00,147.45,-17.12,-7.33,173.46,53.793,54.854,-32.2877,2.0886,327.57,581.32,-33.5216,1.0258,,,0.17888,0
15.5656,6,56,6,2,111.67,561.89,dwell,388.86,547.10,277.59,0,178.778,8.799,179.854,-18.23,21.18,147.35,-16.86,-7.67,173.54,54.089,54.819,-32.4004,5.3636,388.86,547.10,-33.0170,2.9778,,,0.23967,0
15.6550,6,56,6,2,111.67,561.89,dwell,291.54,580.31,180.81,0,178.697,8.722,179.852,-18.18,21.20,147.64,-17.62,-6.62,173.92,54.228,54.416,-32.0280,1.1270,291.54,580.31,-32.5720,2.1450,,,0.21696,0
15.7513,6,56,6,2,111.67,561.89,dwell,278.10,508.64,174.74,0,178.819,8.671,179.832,-18.23,21.14,147.78,-17.87,-7.83,174.08,54.169,54.376,-29.1074,0.4319,278.10,508.64,-31.0129,1.3741,,,0.22355,0
15.8800,6,56,6,2,111.67,561.89,dwell,293.61,531.53,184.46,0,178.952,8.649,179.832,-18.18,20.94,147.52,-17.16,-8.81,173.78,54.363,54.008,-30.4434,1.4464,293.61,531.53,-30.7566,1.4066,,,0.24800,0
15.9888,6,56,6,2,111.67,561.89,capture,281.27,484.14,186.57,0,179.057,8.529,179.854,-18.41,20.82,147.79,-18.33,-7.23,174.08,53.967,53.921,-28.5740,-0.0373,281.27,484.14,-29.7745,0.7569,,,0.24007,0
16.0919,6,56,6,2,111.67,561.89,capture,290.49,484.36,194.91,0,179.080,8.616,179.861,-18.26,20.80,147.89,-18.37,-6.77,174.37,53.938,54.101,-29.2707,0.0322,290.49,484.36,-29.5478,0.4308,,,0.21025,0
16.1999,6,56,6,2,111.67,561.89,capture,310.69,496.51,209.49,0,178.832,8.767,179.848,-18.44,20.92,147.83,-18.18,-7.40,174.43,54.129,54.323,-29.8770,1.2835,310.69,496.51,-29.6959,0.8145,,,0.20934,0
16.2827,6,56,6,2,111.67,561.89,capture,308.00,485.26,210.76,0,178.907,8.717,179.835,-18.53,21.01,147.69,-17.94,-6.63,173.97,53.938,54.405,-29.0796,1.8625,308.00,485.26,-29.4186,1.2861,,,0.20503,0
16.3684,6,56,6,2,111.67,561.89,capture,290.27,526.93,181.99,0,178.978,8.813,179.821,-18.52,20.97,147.38,-18.03,-8.46,173.80,54.261,54.277,-29.8089,0.6517,290.27,526.93,-29.5942,1.0006,,,0.22224,0
16.4598,6,56,6,2,111.67,561.89,capture,284.67,493.22,186.13,0,178.879,8.783,179.790,-18.51,21.09,147.25,-18.27,-6.65,173.79,53.732,54.190,-29.2493,0.2561,284.67,493.22,-29.4390,0.6656,,,0.21454,0
16.5766,6,56,6,2,111.67,561.89,capture,306.26,502.23,203.53,0,178.909,8.588,179.765,-18.48,21.24,147.10,-17.51,-7.15,173.46,53.330,54.065,-29.7757,1.3239,306.26,502.23,-29.5905,0.9618,,,0.20308,0
16.6811,6,56,6,2,111.67,561.89,capture,291.81,497.41,191.34,0,178.919,8.643,179.777,-18.53,21.45,147.00,-18.31,-7.25,173.76,53.240,54.273,-28.5167,0.7581,291.81,497.41,-29.1073,0.8701,,,0.20745,0
16.7911,6,56,6,2,111.67,561.89,capture,298.31,514.90,192.47,0,178.938,8.602,179.802,-18.49,21.09,147.18,-17.65,-7.47,173.69,53.154,54.261,-28.9635,0.6265,298.31,514.90,-29.0426,0.7605,,,0.18458,0
16.8831,6,56,6,2,111.67,561.89,capture,293.11,527.28,184.71,0,178.999,8.634,179.814,-18.55,21.07,147.18,-18.52,-7.58,173.24,53.031,54.888,-31.0648,0.5399,293.11,527.28,-29.9526,0.6612,,,0.18924,0
16.9954,6,56,6,2,111.67,561.89,capture,288.82,510.45,184.47,0,179.042,8.649,179.788,-18.64,21.19,147.20,-18.19,-7.97,173.95,53.059,54.707,-29.8736,0.7075,288.82,510.45,-29.9171,0.6820,,,0.19754,0
17.0910,6,56,6,2,111.67,561.89,capture,301.15,489.60,202.80,0,179.009,8.631,179.793,-18.71,21.21,147.24,-18.03,-6.95,172.79,52.928,54.177,-28.2912,1.0771,301.15,489.60,-29.1854,0.8598,,,0.20379,0
17.2035,6,56,6,2,111.67,561.89,capture,293.26,487.88,196.10,0,178.861,8.543,179.833,-18.61,21.05,147.66,-18.17,-7.64,173.56,52.993,54.167,-28.3468,1.1334,293.26,487.88,-28.8080,0.9830,,,0.16928,0
17.3056,6,56,6,2,111.67,561.89,capture,275.01,492.73,177.38,0,178.699,8.682,179.853,-18.69,20.89,147.68,-18.07,-7.13,173.69,53.016,54.030,-28.3414,-0.0138,275.01,492.73,-28.5981,0.5344,,,0.18578,0
17.4120,6,56,6,2,111.67,561.89,capture,275.70,499.57,175.47,0,178.852,8.813,179.870,-18.56,20.83,147.66,-18.67,-8.04,174.21,52.974,54.096,-29.3733,-0.6595,275.70,499.57,-28.9469,-0.0028,,,0.17542,0
17.5249,6,56,6,2,111.67,561.89,capture,265.04,518.95,159.27,0,178.875,8.781,179.876,-18.66,20.80,147.59,-18.25,-7.14,174.17,53.075,54.179,-29.6758,-0.6489,265.04,518.95,-29.2749,-0.2936,,,0.19466,0
17.6334,6,56,6,2,111.67,561.89,capture,276.54,493.14,178.63,0,178.892,8.772,179.876,-18.70,20.80,147.55,-18.06,-7.58,173.65,53.159,54.376,-28.6828,0.4671,276.54,493.14,-29.0085,0.0487,,,0.20921,0
17.7301,6,56,6,2,111.67,561.89,capture,265.51,509.66,162.47,0,178.878,8.696,179.876,-18.54,20.84,147.92,-18.30,-7.86,174.49,53.297,54.476,-29.0933,-0.8432,265.51,509.66,-29.0466,-0.3526,,,0.21471,0
17.8339,6,56,6,2,111.67,561.89,capture,294.58,481.54,199.78,0,179.015,8.582,179.876,-18.57,20.92,147.88,-17.14,-7.58,173.83,53.453,54.599,-29.0763,0.9300,294.58,481.54,-29.0600,0.2246,,,0.22354,0
17.9408,6,56,6,2,111.67,561.89,capture,279.71,501.04,178.72,0,179.106,8.469,179.858,-18.50,20.73,147.83,-18.03,-7.23,174.20,53.356,54.673,-29.4662,0.0604,279.71,501.04,-29.2428,0.1507,,,0.20351,0
18.1613,7,12,1,3,156.33,129.67,dwell,318.85,400.79,316.10,0,179.051,8.360,179.862,-18.47,20.61,147.94,-17.59,-7.72,174.54,53.068,54.377,-26.0663,2.2125,318.85,400.79,-26.0663,2.2125,,,0.18520,0
18.2710,7,12,1,3,156.33,129.67,dwell,287.72,440.31,337.29,0,179.054,8.114,179.850,-18.63,20.63,147.94,-17.82,-8.17,174.11,53.193,54.446,-27.1853,0.3190,287.72,440.31,-26.5698,1.3604,,,0.17117,0
18.3801,7,12,1,3,156.33,129.67,dwell,262.99,448.04,335.76,0,179.073,8.115,179.831,-18.58,20.59,147.94,-18.75,-8.04,174.15,53.236,54.370,-26.9785,-0.2590,262.99,448.04,-26.7537,0.6317,,,0.22479,0
18.4693,7,12,1,3,156.33,129.67,dwell,103.27,422.47,297.57,0,179.058,8.178,179.800,-18.50,20.47,148.10,-18.06,-7.87,174.54,53.178,54.339,-26.3606,-8.1920,103.27,422.47,-26.5768,-3.3390,,,0.20246,0
18.5620,7,12,1,3,156.33,129.67,dwell,216.76,409.43,286.21,0,179.081,8.074,179.807,-18.52,20.52,148.27,-18.47,-8.78,174.46,52.981,54.267,-25.5123,-3.0398,216.76,409.43,-26.0978,-3.2044,,,0.19313,0
18.6595,7,12,1,3,156.33,129.67,dwell,158.67,464.28,334.62,0,178.944,7.837,179.797,-18.71,20.53,148.02,-18.41,-7.72,174.52,53.253,54.278,-27.9986,-5.7076,158.67,464.28,-26.9532,-4.3308,,,0.19787,0
18.7860,7,12,1,3,156.33,129.67,dwell,106.00,419.09,293.77,0,178.952,7.907,179.807,-18.67,20.37,148.08,-17.91,-7.93,174.90,53.354,54.256,-26.3568,-7.7057,106.00,419.09,-26.6848,-5.8495,,,0.21000,0
18.8722,7,12,1,3,156.33,129.67,dwell,124.92,400.86,273.01,0,178.868,7.961,179.824,-18.73,20.48,147.85,-18.64,-8.39,174.30,53.228,54.406,-24.3526,-6.5551,124.92,400.86,-25.6353,-6.1670,,,0.21315,0
18.9774,7,12,1,3,156.33,129.67,dwell,81.32,378.94,260.32,0,178.748,7.932,179.829,-18.80,20.43,147.85,-18.08,-8.28,174.02,53.454,54.338,-24.2561,-9.1587,81.32,378.94,-25.0146,-7.5133,,,0.21722,0
19.0720,7,12,1,3,156.33,129.67,dwell,105.83,441.79,316.18,0,178.853,8.117,179.844,-18.83,20.34,147.85,-19.08,-8.06,174.32,53.253,54.588,-27.0114,-8.0552,105.83,441.79,-25.9132,-7.7571,,,0.20463,0
19.1602,7,12,1,3,156.33,129.67,dwell,119.58,397.06,269.91,0,178.861,7.867,179.837,-18.80,20.15,147.71,-18.46,-8.96,173.95,53.034,54.777,-25.5722,-7.4191,119.58,397.06,-25.7598,-7.6050,,,0.19200,0
19.2695,7,12,1,3,156.33,129.67,capture,79.80,391.43,272.72,0,178.724,7.786,179.835,-18.76,20.46,147.86,-18.20,-7.60,173.98,53.166,54.265,-26.2763,-9.1854,79.80,391.43,-25.9922,-8.3162,,,0.19333,0
19.3699,7,12,1,3,156.33,129.67,capture,81.56,416.50,296.42,0,178.768,7.760,179.851,-18.74,20.17,147.88,-17.89,-8.83,174.43,53.450,54.320,-26.1472,-9.1775,81.56,416.50,-26.0619,-8.7038,,,0.19401,0
19.4630,7,12,1,3,156.33,129.67,capture,106.49,383.52,258.70,0,178.817,7.824,179.873,-18.74,20.24,147.99,-18.20,-9.06,174.37,53.647,54.121,-25.0634,-7.8621,106.49,383.52,-25.6126,-8.3250,,,0.19619,0
19.5523,7,12,1,3,156.33,129.67,capture,82.90,375.64,256.70,0,178.742,7.812,179.892,-18.64,20.02,147.67,-17.78,-8.36,174.19,53.762,53.921,-23.8314,-8.7933,82.90,375.64,-24.8111,-8.5357,,,0.22265,0
19.6483,7,12,1,3,156.33,129.67,capture,74.25,368.87,252.90,0,178.965,7.818,179.901,-18.45,20.02,147.48,-17.67,-8.99,173.50,53.846,54.063,-24.2711,-9.6748,74.25,368.87,-24.5681,-9.0483,,,0.21107,0
19.7450,7,12,1,3,156.33,129.67,capture,64.20,394.35,280.26,0,178.925,7.777,179.870,-18.35,20.10,147.75,-17.80,-7.90,174.13,53.680,54.214,-25.9477,-9.7298,64.20,394.35,-25.1889,-9.3550,,,0.22410,0
19.8655,7,12,1,3,156.33,129.67,capture,71.51,350.51,236.57,0,179.013,7.799,179.858,-18.40,20.22,147.89,-18.35,-8.02,174.24,53.564,54.477,-23.4731,-9.5338,71.51,350.51,-24.4168,-9.4354,,,0.21531,0
19.9719,7,12,1,3,156.33,129.67,capture,62.25,354.66,243.87,0,179.028,7.832,179.808,-18.29,20.40,148.08,-17.93,-8.14,174.25,53.844,54.635,-23.6004,-10.0583,62.25,354.66,-24.0494,-9.7157,,,0.20439,0
20.0800,7,12,1,3,156.33,129.67,capture,55.07,386.23,275.82,0,179.003,7.752,179.763,-18.29,20.56,148.13,-17.69,-7.57,175.10,53.715,54.631,-24.3430,-10.2653,55.07,386.23,-24.1815,-9.9630,,,0.20850,0
20.1721,7,12,1,3,156.33,129.67,capture,70.54,378.09,262.82,0,178.942,7.727,179.753,-18.26,20.67,147.85,-18.09,-7.80,174.23,53.627,54.424,-24.1158,-9.5684,70.54,378.09,-24.1520,-9.7855,,,0.21064,0
20.2886,7,12,1,3,156.33,129.67,capture,72.62,405.69,288.44,0,178.876,7.821,179.734,-18.17,20.61,147.98,-18.08,-7.90,174.26,53.738,54.184,-25.3777,-9.9394,72.62,405.69,-24.7035,-9.8548,,,0.22983,0
20.3768,7,12,1,3,156.33,129.67,capture,48.44,367.18,260.87,0,178.851,7.744,179.756,-18.22,20.63,147.83,-18.70,-7.04,173.92,53.647,53.734,-24.1504,-10.6404,48.44,367.18,-24.4546,-10.2083,,,0.21040,0
20.4883,7,12,1,3,156.33,129.67,capture,61.47,366.41,255.04,0,178.850,7.789,179.778,-18.11,20.73,147.83,-17.20,-8.23,174.00,53.941,53.847,-24.2031,-10.2713,61.47,366.41,-24.3414,-10.2367,,,0.21044,0
20.5957,7,12,1,3,156.33,129.67,capture,101.35,395.42,271.38,0,179.026,7.756,179.761,-18.18,20.72,147.93,-17.93,-7.07,174.48,54.297,53.847,-25.5566,-8.3539,101.35,395.42,-24.8882,-9.3894,,,0.23201,0
20.6803,7,12,1,3,156.33,129.67,capture,94.18,401.94,279.28,0,179.070,7.823,179.753,-18.12,20.66,147.61,-17.62,-7.52,173.72,54.152,54.324,-24.7981,-8.8694,94.18,401.94,-24.8477,-9.1554,,,0.22007,0
20.7900,7,12,1,3,156.33,129.67,capture,104.39,393.90,269.29,0,179.028,7.918,179.784,-18.15,20.59,147.51,-17.57,-8.08,173.56,53.948,53.799,-25.2668,-7.8076,104.39,393.90,-25.0363,-8.5489,,,0.19661,0
20.8765,7,12,1,3,156.33,129.67,capture,103.33,380.46,256.33,0,178.974,7.900,179.812,-18.05,20.53,147.56,-17.11,-7.95,174.04,53.837,53.798,-24.1246,-8.1265,103.33,380.46,-24.6260,-8.3588,,,0.21392,0
20.9745,7,12,1,3,156.33,129.67,capture,84.51,378.36,258.86,0,179.017,7.885,179.812,-18.02,20.80,147.42,-17.83,-8.63,173.69,53.966,53.724,-24.5741,-8.8112,84.51,378.36,-24.6027,-8.5624,,,0.21364,0
21.0768,7,12,1,3,156.33,129.67,capture,88.96,377.63,256.95,0,179.013,7.872,179.808,-17.93,20.76,147.24,-17.53,-7.60,173.44,54.047,54.019,-24.4407,-8.8466,88.96,377.63,-24.5298,-8.6903,,,0.23523,0
21.1650,7,12,1,3,156.33,129.67,capture,80.40,388.46,269.70,0,179.011,7.927,179.824,-17.94,20.68,147.50,-18.85,-7.69,173.62,54.053,54.171,-24.7705,-9.4473,80.40,388.46,-24.6381,-9.0310,,,0.22151,0
21.2470,7,12,1,3,156.33,129.67,capture,98.06,384.79,261.69,0,179.021,7.875,179.812,-18.04,20.64,147.47,-17.93,-8.02,173.36,54.397,54.290,-24.2677,-8.4015,98.06,384.79,-24.4714,-8.7477,,,0.21865,0
21.4334,8,64,7,1,67.00,648.33,dwell,-41.18,252.84,410.02,0,179.013,7.959,179.815,-17.94,20.68,147.45,-17.59,-7.26,174.02,54.595,54.268,-20.2713,-14.7211,-41.18,252.84,-20.2713,-14.7211,,,0.20449,0
21.5250,8,64,7,1,67.00,648.33,dwell,92.15,561.24,90.65,0,179.011,8.056,179.835,-18.08,20.69,147.64,-17.87,-7.98,174.18,54.101,54.330,-31.0704,-8.2860,92.15,561.24,-25.1309,-11.8253,,,0.21479,0
21.6306,8,64,7,1,67.00,648.33,dwell,42.11,475.10,175.01,0,178.985,8.145,179.835,-18.18,20.87,147.63,-18.32,-8.77,174.13,54.053,54.374,-28.6458,-11.2924,42.11,475.10,-26.7126,-11.5855,,,0.23664,0
21.7126,8,64,7,1,67.00,648.33,dwell,18.95,514.05,142.62,0,178.880,8.146,179.812,-18.22,20.92,147.46,-17.84,-7.42,173.80,54.038,54.541,-29.9911,-11.8489,18.95,514.05,-28.1879,-11.7040,,,0.20509,0
21.8244,8,64,7,1,67.00,648.33,dwell,64.76,501.81,146.54,0,178.950,8.202,179.819,-18.14,20.89,147.26,-18.09,-7.66,173.61,53.745,54.378,-29.7447,-9.5598,64.76,501.81,-28.8885,-10.7391,,,0.20834,0
21.9288,8,64,7,1,67.00,648.33,dwell,96.10,504.51,146.74,0,179.083,8.176,179.819,-18.12,21.00,147.20,-18.24,-8.04,173.56,53.843,54.403,-29.3546,-8.0503,96.10,504.51,-29.0982,-9.5292,,,0.21413,0
22.0228,8,64,7,1,67.00,648.33,dwell,-30.30,483.06,191.79,0,179.097,8.249,179.790,-18.10,20.84,147.17,-17.54,-7.85,173.79,53.987,54.077,-28.2662,-14.2863,-30.30,483.06,-28.7238,-11.6699,,,0.23226,0
22.1067,8,64,7,1,67.00,648.33,dwell,50.26,407.18,241.73,0,179.046,8.251,179.812,-18.00,20.79,147.22,-17.86,-7.17,173.08,53.805,54.209,-25.4546,-10.9393,50.26,407.18,-27.2527,-11.3411,,,0.22092,0
22.1980,8,64,7,1,67.00,648.33,dwell,10.33,514.67,145.18,0,178.982,8.307,179.831,-17.96,20.92,147.12,-17.67,-7.51,172.72,53.793,54.260,-29.8367,-12.6982,10.33,514.67,-28.4155,-11.9518,,,0.22377,0
22.3024,8,64,7,1,67.00,648.33,dwell,20.06,530.30,127.02,0,178.962,8.362,179.825,-18.00,20.93,147.41,-17.33,-7.65,173.46,53.465,54.502,-30.0715,-11.9799,20.06,530.30,-29.1607,-11.9644,,,0.18189,0
22.3850,8,64,7,1,67.00,648.33,dwell,-4.62,533.69,135.18,0,178.925,8.441,179.826,-18.08,20.91,147.60,-17.76,-6.95,174.21,53.448,54.589,-30.3327,-12.7114,-4.62,533.69,-29.6881,-12.3006,,,0.24573,0
22.4998,8,64,7,1,67.00,648.33,capture,20.56,546.58,111.85,0,178.966,8.712,179.845,-18.07,20.67,147.70,-17.89,-7.68,173.94,53.452,54.464,-30.7614,-12.0452,20.56,546.58,-30.1711,-12.1857,,,0.18249,0
22.6007,8,64,7,1,67.00,648.33,capture,12.35,552.86,110.01,0,178.873,8.585,179.843,-17.96,20.66,147.79,-17.57,-6.96,174.11,53.575,54.624,-31.3953,-12.3267,12.35,552.86,-30.7220,-12.2491,,,0.22074,0
22.6829,8,64,7,1,67.00,648.33,capture,-6.60,541.95,129.36,0,178.809,8.525,179.807,-17.88,20.67,147.71,-17.48,-7.54,173.40,53.441,54.434,-30.5342,-13.0360,-6.60,541.95,-30.6375,-12.6032,,,0.21728,0
22.7853,8,64,7,1,67.00,648.33,capture,0.68,540.19,126.86,0,178.756,8.485,179.819,-17.85,20.72,147.55,-18.34,-8.01,173.34,53.432,54.196,-30.0401,-12.5486,0.68,540.19,-30.3686,-12.5786,,,0.20997,0
22.8673,8,64,7,1,67.00,648.33,capture,25.50,534.25,121.40,0,178.746,8.469,179.784,-17.93,20.55,147.56,-18.12,-8.11,174.12,53.248,53.960,-31.4793,-11.9333,25.50,534.25,-30.8684,-12.2882,,,0.19101,0
22.9493,8,64,7,1,67.00,648.33,capture,-2.34,558.11,113.79,0,178.737,8.506,179.789,-18.00,20.46,147.55,-17.84,-8.96,174.14,53.720,53.961,-31.7092,-12.5467,-2.34,558.11,-31.2468,-12.4046,,,0.20807,0
23.0440,8,64,7,1,67.00,648.33,capture,23.78,538.24,118.27,0,178.713,8.540,179.802,-18.05,20.42,147.69,-17.91,-8.46,173.78,53.640,54.089,-30.2309,-12.0612,23.78,538.24,-30.7896,-12.2500,,,0.20207,0
23.1537,8,64,7,1,67.00,648.33,capture,0.06,545.92,122.35,0,178.668,8.550,179.815,-18.08,20.57,147.93,-17.47,-8.29,174.48,53.693,54.401,-32.1139,-12.6745,0.06,545.92,-31.3856,-12.4410,,,0.21565,0
23.2371,8,64,7,1,67.00,648.33,capture,-6.30,525.48,143.06,0,178.791,8.501,179.831,-18.16,20.55,148.07,-18.03,-7.35,174.61,53.639,54.099,-29.9853,-12.8777,-6.30,525.48,-30.7555,-12.6376,,,0.20825,0
23.3304,8,64,7,1,67.00,648.33,capture,-15.86,548.80,129.51,0,178.804,8.717,179.861,-18.09,20.53,148.10,-17.56,-7.97,174.80,53.854,53.738,-31.1474,-13.3356,-15.86,548.80,-30.9318,-12.9517,,,0.24071,0
23.4171,8,64,7,1,67.00,648.33,capture,0.61,542.42,125.00,0,178.898,8.691,179.879,-18.10,20.57,147.93,-17.17,-7.93,174.28,54.036,53.533,-30.9387,-13.0989,0.61,542.42,-30.9349,-13.0179,,,0.23223,0
23.5253,8,64,7,1,67.00,648.33,capture,-2.84,552.25,118.78,0,178.974,8.674,179.871,-18.15,20.82,147.92,-17.99,-8.02,174.44,54.000,53.372,-31.4281,-12.1451,-2.84,552.25,-31.1568,-12.6251,,,0.22205,0
23.6364,8,64,7,1,67.00,648.33,capture,-1.23,549.14,120.39,0,178.937,8.764,179.842,-18.25,20.85,147.96,-17.76,-7.39,174.32,54.028,53.770,-30.6891,-13.0368,-1.23,549.14,-30.9464,-12.8104,,,0.20723,0
23.7186,8,64,7,1,67.00,648.33,capture,8.79,547.34,116.57,0,178.847,8.873,179.835,-18.41,20.89,148.28,-17.35,-8.12,174.77,54.092,53.472,-30.9897,-12.0878,8.79,547.34,-30.9659,-12.4852,,,0.22526,0
23.8006,8,64,7,1,67.00,648.33,capture,-7.53,535.67,135.08,0,178.792,8.771,179.835,-18.33,20.87,148.33,-17.67,-8.02,174.68,53.876,53.881,-30.8808,-12.7835,-7.53,535.67,-30.9276,-12.6194,,,0.21357,0
23.8962,8,64,7,1,67.00,648.33,capture,15.35,531.58,127.67,0,178.904,8.765,179.824,-18.41,20.73,148.43,-17.97,-7.87,174.74,53.647,53.664,-30.9813,-12.3204,15.35,531.58,-30.9518,-12.4849,,,0.19157,0
23.9816,8,64,7,1,67.00,648.33,capture,-14.57,553.97,124.73,0,178.833,8.842,179.796,-18.61,20.77,148.45,-17.98,-7.12,175.21,53.451,53.724,-32.2500,-13.3800,-14.57,553.97,-31.5360,-12.8877,,,0.20753,0
24.0976,8,64,7,1,67.00,648.33,capture,8.08,534.17,128.47,0,178.789,8.703,179.812,-18.56,20.69,148.47,-17.56,-8.94,174.75,53.578,53.663,-30.4664,-12.3390,8.08,534.17,-31.0547,-12.6408,,,0.22345,0
24.1919,8,64,7,1,67.00,648.33,capture,14.07,534.49,125.55,0,178.823,8.707,179.794,-18.57,20.84,148.29,-18.38,-7.12,174.86,53.714,53.627,-30.7659,-12.2073,14.07,534.49,-30.9247,-12.4457,,,0.21927,0
24.3793,9,24,2,6,290.33,216.11,dwell,72.45,683.46,515.64,0,178.808,8.667,179.794,-18.71,20.75,148.07,-17.77,-8.07,174.61,53.618,53.454,-35.6214,-9.5097,72.45,683.46,-35.6214,-9.5097,,,0.21803,0
24.4811,9,24,2,6,290.33,216.11,dwell,51.62,632.35,479.83,0,178.950,8.615,179.807,-18.76,20.79,148.13,-18.22,-7.69,174.44,53.618,53.387,-34.3702,-11.1054,51.62,632.35,-35.0584,-10.2277,,,0.20998,0
24.5734,9,24,2,6,290.33,216.11,dwell,102.58,491.63,333.41,0,178.911,8.434,179.821,-18.60,20.68,148.23,-18.09,-8.05,174.83,53.278,53.179,-29.8919,-8.2247,102.58,491.63,-32.7334,-9.3264,,,0.19656,0
24.6729,9,24,2,6,290.33,216.11,dwell,114.13,380.94,241.28,0,178.996,8.311,179.800,-18.59,20.70,148.14,-17.73,-7.91,174.45,53.520,53.715,-24.1285,-7.8679,114.13,380.94,-28.8612,-8.6701,,,0.21192,0
24.7845,9,24,2,6,290.33,216.11,dwell,164.50,396.61,220.03,0,179.048,8.602,179.801,-18.51,20.57,147.93,-18.39,-6.92,174.58,53.527,53.724,-24.8304,-4.8582,164.50,396.61,-27.0473,-6.9548,,,0.20290,0
24.9014,9,24,2,6,290.33,216.11,dwell,216.07,372.42,173.05,0,178.995,8.382,179.834,-18.41,20.61,147.79,-17.59,-7.98,173.73,54.109,53.548,-24.1957,-2.5708,216.07,372.42,-25.7641,-4.9820,,,0.23221,0
24.9998,9,24,2,6,290.33,216.11,dwell,239.87,351.15,144.16,0,178.996,8.276,179.819,-18.36,20.68,147.81,-18.12,-7.75,174.19,53.931,53.693,-23.1525,-1.3229,239.87,351.15,-24.5889,-3.3354,,,0.20064,0
25.1014,9,24,2,6,290.33,216.11,dwell,245.46,347.41,138.76,0,179.009,8.099,179.817,-18.34,20.89,147.60,-18.06,-7.36,174.27,53.891,53.898,-23.4790,-1.3448,245.46,347.41,-24.0894,-2.4396,,,0.19199,0
25.1834,9,24,2,6,290.33,216.11,dwell,236.98,345.01,139.50,0,178.943,8.103,179.829,-18.25,20.94,147.80,-17.97,-7.38,174.16,54.017,53.727,-23.9777,-1.7727,236.98,345.01,-24.0392,-2.1395,,,0.21987,0
25.2816,9,24,2,6,290.33,216.11,capture,271.18,327.74,113.26,0,178.847,7.975,179.806,-18.24,20.79,147.83,-18.19,-8.01,173.98,54.176,53.854,-22.9711,-0.6366,271.18,327.74,-23.5586,-1.4632,,,0.22925,0
25.3648,9,24,2,6,290.33,216.11,capture,260.03,302.94,91.96,0,178.934,7.924,179.771,-18.29,20.76,147.55,-17.84,-7.82,173.45,54.141,53.950,-23.0965,-0.8519,260.03,302.94,-23.3506,-1.1881,,,0.22012,0
25.4845,9,24,2,6,290.33,216.11,capture,262.21,347.32,134.19,0,178.865,7.882,179.760,-18.22,20.91,147.61,-18.30,-8.01,173.86,54.114,53.819,-23.8106,-0.5502,262.21,347.32,-23.5576,-0.9011,,,0.21499,0
25.5782,9,24,2,6,290.33,216.11,capture,258.90,307.75,96.88,0,178.829,7.906,179.753,-18.32,21.19,147.54,-17.97,-7.65,173.82,53.977,53.604,-22.6496,-0.7728,258.90,307.75,-23.1490,-0.8434,,,0.22813,0
25.6821,9,24,2,6,290.33,216.11,capture,265.60,283.09,71.40,0,178.689,7.955,179.765,-18.13,21.13,147.47,-18.07,-7.83,173.85,53.999,53.549,-20.3641,-0.4538,265.60,283.09,-21.8958,-0.6680,,,0.23812,0
25.7641,9,24,2,6,290.33,216.11,capture,252.68,323.30,113.61,0,178.601,7.878,179.791,-18.11,21.23,147.41,-17.38,-6.83,173.31,53.982,53.786,-22.7945,-0.7863,252.68,323.30,-22.3002,-0.7213,,,0.21631,0
25.8688,9,24,2,6,290.33,216.11,capture,262.32,302.26,90.59,0,178.608,7.759,179.757,-18.10,21.18,147.59,-17.45,-7.84,173.78,54.228,53.336,-21.9697,-0.4718,262.32,302.26,-22.1515,-0.6090,,,0.23469,0
25.9508,9,24,2,6,290.33,216.11,capture,299.28,317.82,102.10,0,178.750,7.683,179.777,-18.22,21.13,147.67,-17.75,-7.64,174.05,54.253,53.375,-22.1688,1.0654,299.28,317.82,-22.1593,0.1445,,,0.23751,0
26.0521,9,24,2,6,290.33,216.11,capture,272.48,300.21,85.97,0,178.825,7.747,179.781,-18.34,20.99,147.74,-17.80,-8.14,174.38,54.197,53.075,-20.7602,-0.0532,272.48,300.21,-21.5297,0.0555,,,0.20018,0
26.1678,9,24,2,6,290.33,216.11,capture,286.86,303.02,86.98,0,178.839,7.624,179.825,-18.32,21.04,147.73,-17.73,-7.60,174.50,54.231,53.301,-21.8739,1.0770,286.86,303.02,-21.6846,0.5152,,,0.23349,0
26.2897,9,24,2,6,290.33,216.11,capture,275.08,313.25,98.33,0,178.727,7.606,179.821,-18.34,20.91,147.82,-17.67,-7.16,173.95,54.212,53.459,-21.8262,0.2005,275.08,313.25,-21.7483,0.3736,,,0.21804,0
26.3966,9,24,2,6,290.33,216.11,capture,256.59,310.41,100.15,0,178.570,7.675,179.815,-18.36,20.84,147.82,-17.79,-7.78,174.05,54.007,53.628,-21.3504,-1.1172,256.59,310.41,-21.5693,-0.2973,,,0.22814,0
26.4823,9,24,2,6,290.33,216.11,capture,270.98,291.18,77.52,0,178.591,7.789,179.841,-18.40,20.67,147.72,-17.39,-7.64,173.86,53.752,53.888,-19.8601,-0.2313,270.98,291.18,-20.8001,-0.2676,,,0.20591,0
26.5833,9,24,2,6,290.33,216.11,capture,281.19,329.60,113.86,0,178.695,7.917,179.848,-18.27,20.62,147.69,-17.64,-7.44,173.95,53.697,53.879,-22.7658,0.2049,281.19,329.60,-21.6847,-0.0550,,,0.23389,0
26.6850,9,24,2,6,290.33,216.11,capture,284.96,317.99,102.02,0,178.713,7.870,179.818,-18.40,20.74,147.86,-17.93,-7.61,174.28,53.563,53.672,-21.8094,0.3928,284.96,317.99,-21.7408,0.1465,,,0.22185,0
26.7932,9,24,2,6,290.33,216.11,capture,259.47,331.52,119.46,0,178.883,7.774,179.820,-18.36,20.73,147.90,-17.86,-8.49,174.47,53.825,53.376,-23.1922,-1.1474,259.47,331.52,-22.3939,-0.4358,,,0.20558,0
26.8887,9,24,2,6,290.33,216.11,capture,294.38,321.37,105.34,0,178.781,7.818,179.823,-18.41,20.57,147.80,-18.04,-8.32,174.21,54.119,53.181,-22.3842,-0.1866,294.38,321.37,-22.3896,-0.3236,,,0.23629,0
26.9762,9,24,2,6,290.33,216.11,capture,268.60,309.43,95.82,0,178.797,7.857,179.795,-18.40,20.62,147.58,-18.51,-8.16,173.78,54.239,53.310,-21.6544,0.1680,268.60,309.43,-22.0587,-0.1024,,,0.23747,0
27.0754,9,24,2,6,290.33,216.11,capture,284.61,320.92,104.97,0,178.699,8.002,179.821,-18.38,20.50,147.78,-17.58,-8.10,174.49,54.211,53.693,-22.2968,0.8410,284.61,320.92,-22.1659,0.3221,,,0.22765,0
27.1801,9,24,2,6,290.33,216.11,capture,266.20,299.28,86.60,0,178.666,7.961,179.822,-18.29,20.39,147.53,-18.20,-7.98,173.88,54.448,53.511,-21.7174,-0.9976,266.20,299.28,-21.9641,-0.2718,,,0.23777,0
27.3906,10,47,5,2,111.67,475.44,dwell,234.99,236.27,269.10,0,178.646,7.918,179.815,-18.32,20.38,147.41,-17.88,-8.38,173.62,54.603,53.724,-20.3889,-2.3794,234.99,236.27,-20.3889,-2.3794,,,0.22206,0
27.4870,10,47,5,2,111.67,475.44,dwell,224.46,214.94,283.87,0,178.859,7.993,179.856,-18.39,20.37,147.50,-18.13,-7.53,173.75,54.591,53.709,-17.7028,-2.6451,224.46,214.94,-19.1801,-2.4990,,,0.22961,0
27.5897,10,47,5,2,111.67,475.44,dwell,77.52,347.05,132.86,0,178.982,8.054,179.855,-18.33,20.36,147.28,-17.08,-7.79,173.25,54.442,53.521,-23.9864,-8.7759,77.52,347.05,-21.3430,-5.3236,,,0.23757,0
27.6992,10,47,5,2,111.67,475.44,dwell,160.27,401.11,88.81,0,178.973,8.126,179.868,-18.36,20.33,146.96,-18.12,-8.06,173.26,53.876,53.629,-25.7918,-5.5154,160.27,401.11,-23.3450,-5.4099,,,0.22126,0
27.7812,10,47,5,2,111.67,475.44,dwell,196.98,430.71,96.33,0,179.056,8.271,179.873,-18.12,20.35,147.09,-17.65,-7.94,172.78,53.604,54.211,-26.4940,-4.1967,196.98,430.71,-24.7620,-4.8640,,,0.20623,0
27.8822,10,47,5,2,111.67,475.44,dwell,201.54,376.71,133.51,0,179.002,8.300,179.874,-18.08,20.53,147.07,-17.95,-7.75,173.77,53.563,54.202,-24.3234,-3.4556,201.54,376.71,-24.5646,-4.2302,,,0.20590,0
27.9848,10,47,5,2,111.67,475.44,dwell,155.67,370.88,113.45,0,178.916,8.300,179.851,-18.11,20.53,147.03,-17.51,-7.64,173.29,53.709,54.010,-23.9784,-5.1881,155.67,370.88,-24.3008,-4.6613,,,0.20131,0
28.0831,10,47,5,2,111.67,475.44,dwell,116.00,406.43,69.15,0,178.785,8.351,179.849,-18.15,20.60,147.22,-17.37,-7.68,173.58,53.412,54.045,-24.9296,-7.3841,116.00,406.43,-24.5838,-5.8865,,,0.20484,0
28.1735,10,47,5,2,111.67,475.44,capture,129.57,399.22,78.30,0,178.722,8.425,179.848,-18.09,20.62,147.40,-17.80,-8.27,173.56,53.395,54.338,-25.1287,-7.0932,129.57,399.22,-24.8290,-6.4295,,,0.22598,0
28.2618,10,47,5,2,111.67,475.44,capture,138.99,390.19,89.53,0,178.661,8.322,179.845,-18.18,20.62,147.53,-17.81,-7.98,173.79,53.622,54.492,-25.3789,-6.7683,138.99,390.19,-25.0765,-6.5820,,,0.20903,0
28.3634,10,47,5,2,111.67,475.44,capture,138.42,365.96,112.71,0,178.615,8.306,179.842,-18.30,20.63,147.76,-18.10,-7.59,174.17,53.428,54.106,-24.7715,-5.9919,138.42,365.96,-24.9392,-6.3165,,,0.21314,0
28.4733,10,47,5,2,111.67,475.44,capture,164.30,396.28,95.06,0,178.584,8.269,179.841,-18.14,20.87,147.79,-17.46,-7.87,174.23,53.827,53.815,-25.2322,-4.8490,164.30,396.28,-25.0711,-5.6561,,,0.21766,0
28.5759,10,47,5,2,111.67,475.44,capture,142.11,428.41,56.03,0,178.635,8.331,179.835,-18.08,20.94,147.57,-17.91,-8.38,174.12,53.684,54.213,-26.9374,-6.4591,142.11,428.41,-25.9109,-6.0175,,,0.22121,0
28.6763,10,47,5,2,111.67,475.44,capture,125.69,421.27,55.96,0,178.657,8.353,179.804,-18.15,20.83,147.67,-17.62,-7.84,174.49,53.983,54.443,-26.6310,-7.2761,125.69,421.27,-26.2350,-6.5838,,,0.24199,0
28.7751,10,47,5,2,111.67,475.44,capture,145.26,409.39,74.11,0,178.666,8.318,179.823,-18.09,20.71,147.61,-17.35,-7.86,173.80,53.845,54.358,-26.2189,-6.3585,145.26,409.39,-26.2278,-6.4824,,,0.21739,0
28.8661,10,47,5,2,111.67,475.44,capture,140.28,388.96,91.09,0,178.658,8.308,179.810,-18.07,20.83,147.41,-17.74,-7.38,173.91,53.910,54.410,-24.9384,-6.2320,140.28,388.96,-25.6475,-6.3697,,,0.22057,0
28.9626,10,47,5,2,111.67,475.44,capture,157.75,388.59,98.32,0,178.677,8.407,179.808,-18.15,20.82,147.54,-17.69,-7.54,173.77,53.984,54.440,-25.1512,-5.0431,157.75,388.59,-25.4242,-5.7727,,,0.22054,0
29.0589,10,47,5,2,111.67,475.44,capture,128.17,398.42,78.77,0,178.761,8.227,179.804,-18.23,20.75,147.47,-17.72,-7.69,173.77,54.352,54.148,-25.4811,-6.7093,128.17,398.42,-25.4498,-6.1942,,,0.23107,0
29.1695,10,47,5,2,111.67,475.44,capture,141.94,362.21,117.21,0,178.796,8.368,179.806,-18.25,20.86,147.43,-18.06,-7.99,173.50,54.710,54.306,-23.6495,-6.8663,141.94,362.21,-24.6397,-6.4966,,,0.25944,0
29.2713,10,47,5,2,111.67,475.44,capture,147.77,393.46,89.58,0,178.874,8.392,179.832,-18.23,20.79,147.41,-17.73,-7.74,173.53,54.831,54.429,-25.8067,-6.5883,147.77,393.46,-25.1648,-6.5379,,,0.26836,0
29.3621,10,47,5,2,111.67,475.44,capture,139.68,411.04,70.23,0,178.950,8.335,179.828,-18.29,20.92,147.36,-17.61,-7.71,173.94,54.948,53.943,-25.7167,-6.4981,139.68,411.04,-25.4132,-6.5200,,,0.23902,0
29.4584,10,47,5,2,111.67,475.44,capture,169.24,426.15,75.79,0,178.812,8.171,179.805,-18.34,20.82,147.16,-17.99,-6.91,173.37,54.723,54.095,-26.4631,-4.4340,169.24,426.15,-25.8857,-5.5813,,,0.20675,0
29.5647,10,47,5,2,111.67,475.44,capture,136.07,410.78,69.12,0,178.838,8.158,179.812,-18.27,20.83,147.21,-17.45,-7.48,173.50,54.538,54.231,-25.5793,-6.2641,136.07,410.78,-25.7478,-5.8885,,,0.24543,0
29.6784,10,47,5,2,111.67,475.44,capture,167.52,391.88,100.51,0,178.822,8.261,179.795,-18.30,20.81,147.16,-18.15,-7.00,173.58,54.531,54.468,-25.0001,-4.6312,167.52,391.88,-25.4113,-5.3227,,,0.22117,0
29.7842,10,47,5,2,111.67,475.44,capture,133.02,404.50,74.09,0,178.838,8.247,179.785,-18.46,20.83,147.36,-18.28,-7.47,174.16,54.764,54.603,-25.2662,-7.2318,133.02,404.50,-25.3460,-6.1818,,,0.25170,0
29.8897,10,47,5,2,111.67,475.44,capture,149.55,391.66,91.95,0,178.866,8.234,179.765,-18.35,20.90,147.25,-18.52,-7.68,173.82,54.683,55.050,-24.6062,-6.4868,149.55,391.66,-25.0131,-6.3191,,,0.25586,0
29.9961,10,47,5,2,111.67,475.44,capture,126.24,385.90,90.72,0,178.834,8.155,179.784,-18.35,20.95,147.21,-17.89,-8.19,173.34,54.434,54.813,-25.6732,-7.1034,126.24,385.90,-25.3101,-6.6720,,,0.24514,0
30.1989,11,71,7,8,379.67,648.33,dwell,132.82,558.78,262.59,0,178.874,8.072,179.814,-18.32,21.15,147.11,-17.57,-7.38,173.48,54.485,54.673,-31.4707,-6.9401,132.82,558.78,-31.4707,-6.9401,,,0.25129,0
30.2809,11,71,7,8,379.67,648.33,dwell,99.01,548.19,297.99,0,178.876,7.935,179.818,-18.33,21.17,147.14,-18.08,-7.05,173.06,54.121,54.552,-31.8545,-7.9353,99.01,548.19,-31.6434,-7.3880,,,0.23426,0
30.3891,11,71,7,8,379.67,648.33,dwell,234.39,425.24,266.23,0,178.978,8.018,179.809,-18.43,20.95,147.16,-17.95,-7.09,173.18,53.998,54.118,-26.5091,-2.2356,234.39,425.24,-29.3330,-5.0694,,,0.20672,0
30.4711,11,71,7,8,379.67,648.33,dwell,279.55,421.80,247.67,0,179.002,7.944,179.786,-18.44,20.88,147.06,-18.01,-7.20,173.35,53.621,54.473,-25.4095,-0.1050,279.55,421.80,-27.5674,-2.8354,,,0.20041,0
30.5628,11,71,7,8,379.67,648.33,dwell,214.08,532.56,202.05,0,178.938,8.000,179.808,-18.42,20.90,147.13,-17.68,-7.93,172.97,53.711,54.542,-31.2639,-2.8795,214.08,532.56,-29.2309,-2.8553,,,0.21434,0
30.6748,11,71,7,8,379.67,648.33,dwell,317.27,505.43,155.93,0,178.903,7.908,179.794,-18.32,20.99,147.19,-17.87,-8.15,173.30,53.815,54.720,-30.4676,1.9291,317.27,505.43,-29.7874,-0.7023,,,0.20822,0
30.7795,11,71,7,8,379.67,648.33,dwell,312.58,545.22,123.02,0,178.868,7.960,179.783,-18.43,20.98,147.10,-18.14,-7.22,173.51,53.812,55.129,-30.6542,1.9329,312.58,545.22,-30.1774,0.4835,,,0.22863,0
30.8719,11,71,7,8,379.67,648.33,dwell,355.19,586.13,66.85,0,178.806,8.063,179.782,-18.44,20.98,147.10,-17.99,-7.90,173.25,54.379,55.603,-33.1581,3.4644,355.19,586.13,-31.5187,1.8249,,,0.22263,0
30.9620,11,71,7,8,379.67,648.33,dwell,335.53,628.78,48.27,0,178.908,8.272,179.805,-18.38,20.96,147.36,-17.42,-8.17,173.74,54.176,55.570,-33.9634,2.9651,335.53,628.78,-32.6188,2.3380,,,0.23661,0
31.0819,11,71,7,8,379.67,648.33,capture,351.00,621.33,39.38,0,178.880,8.290,179.798,-18.32,21.01,147.30,-18.71,-7.58,173.11,54.294,55.360,-34.4570,3.1808,351.00,621.33,-33.4460,2.7173,,,0.21088,0
31.1865,11,71,7,8,379.67,648.33,capture,353.47,625.32,34.87,0,178.830,8.346,179.776,-18.31,21.06,147.31,-18.15,-7.85,173.37,54.276,55.292,-33.4968,4.0750,353.47,625.32,-33.4688,3.3282,,,0.22595,0
31.3020,11,71,7,8,379.67,648.33,capture,334.86,643.35,45.08,0,178.879,8.583,179.782,-18.25,20.94,147.38,-17.94,-6.82,173.71,54.282,55.379,-36.0808,2.8210,334.86,643.35,-34.6442,3.1000,,,0.23012,0
31.4221,11,71,7,8,379.67,648.33,capture,345.18,615.41,47.68,0,178.967,8.598,179.792,-18.19,20.95,147.45,-17.85,-7.09,173.68,53.855,54.974,-34.0704,2.5968,345.18,615.41,-34.3860,2.8735,,,0.22038,0
31.5151,11,71,7,8,379.67,648.33,capture,337.98,610.71,56.15,0,179.036,8.687,179.823,-18.13,20.68,147.53,-17.48,-7.20,174.16,54.008,54.694,-32.3815,2.4918,337.98,610.71,-33.4840,2.7017,,,0.22638,0
31.6273,11,71,7,8,379.67,648.33,capture,334.44,627.69,49.72,0,179.030,8.657,179.795,-18.28,20.92,147.57,-17.77,-8.22,173.95,54.346,54.599,-33.7218,2.6642,334.44,627.69,-33.5910,2.6848,,,0.22149,0
31.7412,11,71,7,8,379.67,648.33,capture,345.76,635.51,36.25,0,178.916,8.591,179.794,-18.34,20.75,147.28,-17.91,-7.91,173.87,54.574,53.904,-34.1673,2.5552,345.76,635.51,-33.8503,2.6265,,,0.24714,0
31.8499,11,71,7,8,379.67,648.33,capture,334.61,629.53,48.82,0,178.937,8.765,179.817,-18.32,20.62,147.35,-18.36,-8.29,173.71,54.378,54.105,-35.0709,2.4660,334.61,629.53,-34.3996,2.5543,,,0.22139,0
31.9608,11,71,7,8,379.67,648.33,capture,348.16,645.31,31.65,0,178.973,8.849,179.825,-18.20,20.82,147.23,-18.36,-8.10,173.24,54.345,54.009,-34.4984,3.1007,348.16,645.31,-34.4440,2.8001,,,0.24982,0
32.0679,11,71,7,8,379.67,648.33,capture,336.95,608.21,58.61,0,178.981,8.900,179.818,-18.37,20.51,147.31,-17.68,-7.92,173.41,54.233,53.789,-33.5165,2.4096,336.95,608.21,-34.0266,2.6244,,,0.21440,0
32.1559,11,71,7,8,379.67,648.33,capture,333.49,579.32,83.04,0,178.989,8.951,179.771,-18.29,20.31,147.47,-17.98,-8.07,173.46,54.094,54.306,-32.9167,2.1281,333.49,579.32,-33.5272,2.4011,,,0.22643,0
32.2571,11,71,7,8,379.67,648.33,capture,342.29,632.22,40.70,0,179.023,8.940,179.738,-18.30,20.23,147.38,-18.22,-8.32,173.45,53.816,54.499,-34.4459,3.2312,342.29,632.22,-33.9406,2.7746,,,0.20891,0
32.3599,11,71,7,8,379.67,648.33,capture,353.87,616.63,40.87,0,179.070,8.916,179.755,-18.23,20.27,147.38,-17.69,-9.47,173.68,54.101,54.520,-34.0891,3.7359,353.87,616.63,-34.0074,3.2072,,,0.20491,0
32.4681,11,71,7,8,379.67,648.33,capture,350.39,619.24,41.27,0,178.996,8.712,179.796,-18.11,19.89,147.22,-17.73,-8.10,173.40,54.058,54.387,-33.1437,4.2099,350.39,619.24,-33.6187,3.6584,,,0.22684,0
32.5577,11,71,7,8,379.67,648.33,capture,357.07,619.89,36.33,0,179.014,8.599,179.774,-18.14,19.91,147.10,-18.30,-7.70,173.47,54.330,54.449,-33.4351,3.9836,357.07,619.89,-33.5361,3.8047,,,0.23028,0
32.6589,11,71,7,8,379.67,648.33,capture,343.47,614.76,49.37,0,179.040,8.659,179.778,-18.07,19.91,146.96,-18.51,-9.35,172.89,54.371,54.623,-33.5521,2.8235,343.47,614.76,-33.5433,3.3632,,,0.25461,0
32.7529,11,71,7,8,379.67,648.33,capture,367.70,609.92,40.23,1,179.131,8.694,179.810,-18.01,19.94,146.85,-17.41,-8.52,172.36,54.502,54.340,-33.0786,4.3303,367.70,609.92,-33.3341,3.7984,,,0.22407,0
32.8468,11,71,7,8,379.67,648.33,capture,363.13,610.59,41.21,1,178.983,8.749,179.838,-18.06,20.04,147.16,-17.64,-8.75,173.41,54.885,54.549,-33.9261,3.5900,363.13,610.59,-33.6005,3.7046,,,0.25708,0
32.9467,11,71,7,8,379.67,648.33,capture,358.48,634.37,25.37,1,179.033,8.741,179.842,-18.12,20.24,147.33,-17.38,-7.80,173.20,54.622,53.891,-34.3272,3.6952,358.48,634.37,-33.9275,3.7004,,,0.23210,0
33.0566,11,71,7,8,379.67,648.33,capture,360.77,625.19,29.88,1,178.950,8.633,179.848,-18.01,20.31,147.31,-17.83,-8.18,173.45,54.653,54.042,-34.8886,3.9204,360.77,625.19,-34.3600,3.7994,,,0.22157,0
33.1626,11,71,7,8,379.67,648.33,capture,376.55,630.55,18.05,1,179.036,8.661,179.851,-18.21,20.30,147.30,-17.52,-8.43,173.49,54.788,54.232,-34.9263,4.6760,376.55,630.55,-34.6148,4.1938,,,0.22863,0
33.3255,12,53,5,8,379.67,475.44,dwell,370.58,663.82,188.59,0,179.121,8.733,179.832,-18.09,20.07,147.11,-18.22,-7.86,173.21,54.425,54.352,-35.8196,4.5503,370.58,663.82,-35.8196,4.5503,,,0.21930,0
33.4268,12,53,5,8,379.67,475.44,dwell,363.25,626.36,151.81,0,179.077,8.532,179.835,-18.13,20.10,147.43,-17.96,-8.67,173.07,54.152,54.620,-33.7375,3.7943,363.25,626.36,-34.8827,4.2101,,,0.24584,0
33.5364,12,53,5,8,379.67,475.44,dwell,346.45,653.55,181.18,0,178.970,8.431,179.822,-18.07,20.28,147.52,-17.75,-8.46,173.68,54.120,54.349,-34.6537,3.4866,346.45,653.55,-34.7796,3.8845,,,0.23625,0
33.6203,12,53,5,8,379.67,475.44,dwell,391.55,817.05,341.81,0,178.995,8.482,179.814,-18.11,20.11,147.52,-17.42,-8.92,174.22,53.858,54.435,-40.8967,5.4295,391.55,817.05,-37.5323,4.5797,,,0.20974,0
33.7181,12,53,5,8,379.67,475.44,dwell,324.23,432.82,69.93,0,178.989,8.579,179.822,-18.15,20.37,147.33,-17.16,-8.15,174.01,53.531,54.623,-26.6110,2.2099,324.23,432.82,-32.6177,3.5133,,,0.20926,0
33.8001,12,53,5,8,379.67,475.44,dwell,368.79,550.12,75.46,0,178.994,8.441,179.793,-18.41,20.20,147.24,-18.43,-8.34,173.47,52.879,54.994,-31.2538,4.2076,368.79,550.12,-32.0040,3.8257,,,0.19146,0
33.9122,12,53,5,8,379.67,475.44,dwell,370.63,527.66,52.99,0,178.784,8.510,179.790,-18.43,20.37,147.26,-18.15,-7.85,173.86,52.847,54.673,-30.2204,4.3354,370.63,527.66,-31.2014,4.0551,,,0.18769,0
34.0065,12,53,5,8,379.67,475.44,dwell,364.51,536.57,62.98,0,178.960,8.464,179.812,-18.38,20.57,147.20,-18.78,-7.75,173.57,52.950,54.783,-30.9666,4.1718,364.51,536.57,-31.0957,4.1076,,,0.18735,0
34.1130,12,53,5,8,379.67,475.44,dwell,398.77,513.38,42.47,1,178.930,8.352,179.836,-18.44,20.69,147.22,-18.15,-7.52,173.32,53.015,54.771,-30.4323,5.1161,398.77,513.38,-30.7972,4.5614,,,0.19138,0
34.2233,12,53,5,8,379.67,475.44,dwell,401.40,522.97,52.26,0,178.925,8.280,179.830,-18.36,20.73,147.28,-17.99,-8.52,173.18,52.872,54.150,-30.1857,5.8954,401.40,522.97,-30.5220,5.1617,,,0.20173,0
34.3243,12,53,5,8,379.67,475.44,dwell,396.57,580.82,106.72,0,178.967,8.420,179.805,-18.35,20.81,147.31,-17.91,-7.76,172.93,53.137,54.134,-32.2327,4.6818,396.57,580.82,-31.2918,4.9458,,,0.21523,0
34.4360,12,53,5,8,379.67,475.44,capture,391.31,579.22,104.43,0,179.039,8.335,179.792,-18.33,20.96,147.46,-18.18,-7.38,173.72,53.115,53.979,-32.0075,5.0784,391.31,579.22,-31.6139,5.0055,,,0.18837,0
34.5346,12,53,5,8,379.67,475.44,capture,415.34,609.98,139.18,0,178.989,8.244,179.798,-18.39,20.85,147.63,-17.58,-7.44,174.12,52.914,53.918,-33.8737,6.9870,415.34,609.98,-32.6308,5.8972,,,0.20489,0
34.6404,12,53,5,8,379.67,475.44,capture,423.22,558.91,94.15,0,179.161,8.298,179.813,-18.46,20.66,147.75,-17.61,-7.39,173.61,52.929,54.135,-31.0367,6.0362,423.22,558.91,-31.9134,5.9597,,,0.21549,0
34.7403,12,53,5,8,379.67,475.44,capture,412.50,579.05,108.68,0,179.136,8.514,179.795,-18.54,20.63,147.68,-17.75,-8.54,174.03,52.659,54.034,-32.6510,6.5778,412.50,579.05,-32.2453,6.2378,,,0.17775,0
34.8422,12,53,5,8,379.67,475.44,capture,415.39,586.75,116.90,0,178.935,8.445,179.762,-18.45,20.45,147.56,-18.10,-7.78,173.68,52.870,54.001,-33.0697,6.7944,415.39,586.75,-32.6163,6.4883,,,0.18858,0
34.9242,12,53,5,8,379.67,475.44,capture,421.29,550.67,85.97,0,178.886,8.455,179.777,-18.51,20.64,147.83,-17.52,-7.50,173.94,53.423,53.712,-30.7568,5.4897,421.29,550.67,-31.7795,6.0389,,,0.20069,0
35.0272,12,53,5,8,379.67,475.44,capture,410.55,577.01,106.16,0,178.939,8.405,179.795,-18.60,20.72,147.63,-18.08,-7.25,173.34,53.161,53.677,-33.2883,6.1078,410.55,577.01,-32.4585,6.0699,,,0.17728,0
35.1181,12,53,5,8,379.67,475.44,capture,411.80,569.18,99.09,0,179.009,8.275,179.803,-18.56,20.89,147.65,-18.27,-7.19,174.13,53.379,53.499,-31.3537,6.5402,411.80,569.18,-31.9613,6.2816,,,0.20954,0
35.2195,12,53,5,8,379.67,475.44,capture,432.68,558.26,98.33,0,179.090,8.373,179.794,-18.59,21.02,147.49,-18.29,-8.30,173.99,53.608,53.542,-31.8121,6.6316,432.68,558.26,-31.8942,6.4391,,,0.19307,0
35.3127,12,53,5,8,379.67,475.44,capture,413.99,565.99,96.83,0,179.004,8.381,179.818,-18.40,21.14,147.54,-17.65,-8.02,173.48,53.464,53.724,-32.3227,7.1337,413.99,565.99,-32.0870,6.7517,,,0.23032,0
35.4190,12,53,5,8,379.67,475.44,capture,429.56,590.60,125.50,0,179.152,8.353,179.815,-18.48,20.97,147.56,-18.22,-7.65,173.63,53.745,53.778,-32.7682,7.1001,429.56,590.60,-32.3936,6.9085,,,0.22770,0
35.5320,12,53,5,8,379.67,475.44,capture,421.57,591.23,123.13,0,179.063,8.377,179.824,-18.62,21.05,147.43,-18.42,-7.66,173.68,53.687,54.266,-33.0157,6.9453,421.57,591.23,-32.6735,6.9250,,,0.21394,0
35.6196,12,53,5,8,379.67,475.44,capture,426.42,564.36,100.46,0,179.143,8.275,179.811,-18.61,20.90,147.49,-18.26,-7.82,173.50,53.749,54.365,-31.5592,7.0817,426.42,564.36,-32.1721,6.9956,,,0.22820,0
35.7145,12,53,5,8,379.67,475.44,capture,417.57,585.47,116.37,0,179.110,8.127,179.804,-18.61,21.02,147.37,-17.65,-7.51,174.14,54.132,54.432,-32.9908,6.5966,417.57,585.47,-32.5405,6.8160,,,0.22883,0
35.7981,12,53,5,8,379.67,475.44,capture,435.28,580.29,118.68,0,179.030,8.193,179.807,-18.56,21.05,147.22,-17.99,-7.95,173.78,53.707,54.595,-31.6442,7.9283,435.28,580.29,-32.1372,7.3166,,,0.22253,0
35.8930,12,53,5,8,379.67,475.44,capture,420.93,559.55,93.68,0,178.887,8.120,179.846,-18.48,20.85,147.39,-17.59,-8.39,174.23,54.216,54.848,-31.7175,6.9357,420.93,559.55,-31.9483,7.1452,,,0.23347,0
35.9939,12,53,5,8,379.67,475.44,capture,425.68,565.63,101.25,0,178.959,8.252,179.855,-18.36,21.01,147.21,-18.09,-6.96,173.60,53.641,54.354,-31.7123,6.9406,425.68,565.63,-31.8421,7.0531,,,0.22386,0
36.0962,12,53,5,8,379.67,475.44,capture,434.90,581.65,119.71,0,178.852,8.354,179.860,-18.46,21.13,147.03,-18.41,-7.87,173.81,53.896,54.329,-31.8265,6.8664,434.90,581.65,-31.8351,6.9691,,,0.24992,0
36.2816,13,60,6,6,290.33,561.89,dwell,436.93,521.14,152.15,0,178.793,8.439,179.825,-18.55,21.34,147.14,-18.04,-7.36,173.33,53.871,54.288,-29.1522,7.4976,436.93,521.14,-29.1522,7.4976,,,0.21023,0
36.3848,13,60,6,6,290.33,561.89,dwell,442.32,606.29,158.34,0,178.869,8.402,179.803,-18.50,20.99,147.11,-18.30,-7.43,173.31,53.892,53.819,-33.7363,7.5180,442.32,606.29,-31.2150,7.5068,,,0.21398,0
36.4991,13,60,6,6,290.33,561.89,dwell,402.37,586.82,114.78,0,178.813,8.490,179.790,-18.37,21.00,147.30,-18.13,-7.66,173.24,53.592,53.594,-33.2717,5.8003,402.37,586.82,-32.1405,6.7389,,,0.20807,0
36.5906,13,60,6,6,290.33,561.89,dwell,385.40,684.72,155.32,0,178.765,8.359,179.779,-18.26,21.08,147.32,-17.75,-7.25,173.88,53.544,53.997,-36.2593,4.7287,385.40,684.72,-33.9940,5.8343,,,0.15881,0
36.6882,13,60,6,6,290.33,561.89,dwell,434.87,691.08,193.86,0,178.706,8.407,179.781,-18.23,21.12,147.07,-17.60,-8.04,173.39,53.880,54.189,-36.4247,6.9947,434.87,691.08,-35.0878,6.3565,,,0.20974,0
36.7918,13,60,6,6,290.33,561.89,dwell,378.00,556.88,87.81,0,178.745,8.390,179.758,-18.15,21.14,147.16,-17.81,-7.57,173.44,54.380,54.065,-32.0686,4.3262,378.00,556.88,-33.7291,5.4429,,,0.25237,0
36.8801,13,60,6,6,290.33,561.89,dwell,319.46,560.96,29.14,0,178.715,8.550,179.741,-18.13,20.88,147.12,-17.46,-7.57,173.94,54.541,54.289,-30.9896,2.6093,319.46,560.96,-32.4964,4.1677,,,0.22957,0
36.9687,13,60,6,6,290.33,561.89,dwell,345.88,649.40,103.65,0,178.831,8.540,179.725,-18.25,20.91,146.93,-18.07,-7.62,173.18,54.448,54.048,-34.8211,3.4310,345.88,649.40,-33.5425,3.8362,,,0.22441,0
37.0578,13,60,6,6,290.33,561.89,dwell,383.03,604.64,102.08,0,178.756,8.553,179.738,-18.24,20.85,147.15,-17.92,-8.33,172.63,54.321,54.067,-33.0660,5.0843,383.03,604.64,-33.3281,4.3978,,,0.24902,0
37.1499,13,60,6,6,290.33,561.89,dwell,334.25,621.56,74.09,0,178.707,8.601,179.766,-18.13,20.88,147.19,-17.41,-8.00,173.78,54.247,53.952,-34.5269,2.5484,334.25,621.56,-33.8675,3.5656,,,0.23320,0
37.2512,13,60,6,6,290.33,561.89,dwell,362.88,618.10,91.78,0,178.643,8.570,179.762,-18.16,21.01,147.00,-17.37,-8.02,173.11,54.264,53.946,-33.9169,4.2425,362.88,618.10,-33.8898,3.8702,,,0.21831,0
37.3434,13,60,6,6,290.33,561.89,capture,377.61,608.21,98.81,0,178.669,8.580,179.725,-18.20,20.97,147.06,-18.15,-8.03,173.30,54.018,53.841,-33.6184,5.1263,377.61,608.21,-33.7676,4.4355,,,0.21926,0
37.4458,13,60,6,6,290.33,561.89,capture,347.13,630.97,89.43,0,178.784,8.672,179.801,-18.23,21.08,146.92,-17.73,-7.99,173.07,53.883,53.584,-33.8924,3.1600,347.13,630.97,-33.8238,3.8615,,,0.21858,0
37.5480,13,60,6,6,290.33,561.89,capture,369.54,581.38,81.57,0,178.787,8.697,179.840,-18.31,20.98,146.78,-17.88,-6.96,173.15,53.923,53.534,-31.9642,4.1994,369.54,581.38,-32.9870,4.0135,,,0.21638,0
37.6408,13,60,6,6,290.33,561.89,capture,382.18,618.77,108.03,0,178.904,8.696,179.842,-18.40,20.89,146.74,-17.37,-7.48,172.91,54.005,53.981,-33.5759,5.0359,382.18,618.77,-33.2520,4.4736,,,0.21214,0
37.7383,13,60,6,6,290.33,561.89,capture,368.56,614.44,94.24,0,178.865,8.738,179.817,-18.46,20.73,146.90,-17.58,-7.15,173.38,54.066,53.703,-33.4374,4.4249,368.56,614.44,-33.3354,4.4517,,,0.23071,0
37.8320,13,60,6,6,290.33,561.89,capture,367.90,608.09,90.28,0,178.891,8.787,179.829,-18.41,20.83,147.04,-17.65,-7.84,173.24,54.592,53.645,-33.1486,3.8240,367.90,608.09,-33.2514,4.1692,,,0.25826,0
37.9268,13,60,6,6,290.33,561.89,capture,378.45,612.36,101.55,0,178.934,8.793,179.842,-18.31,20.81,146.96,-18.63,-7.26,172.98,54.428,53.683,-33.6657,4.6708,378.45,612.36,-33.4378,4.3949,,,0.22690,0
38.0154,13,60,6,6,290.33,561.89,capture,393.57,613.55,115.44,0,179.087,8.906,179.834,-18.40,20.78,146.96,-17.93,-8.77,173.29,54.415,53.845,-34.7365,5.3798,393.57,613.55,-34.0222,4.8381,,,0.22597,0
38.1242,13,60,6,6,290.33,561.89,capture,380.08,605.78,99.90,0,179.048,8.875,179.794,-18.36,20.68,147.32,-17.62,-7.37,173.68,54.079,54.086,-32.6962,4.5730,380.08,605.78,-33.4255,4.7188,,,0.21979,0
38.2062,13,60,6,6,290.33,561.89,capture,357.73,603.44,79.18,0,178.989,8.966,179.804,-18.31,20.67,147.22,-17.90,-8.29,173.78,53.841,54.320,-32.5603,3.7926,357.73,603.44,-33.0362,4.3020,,,0.23379,0
38.3151,13,60,6,6,290.33,561.89,capture,363.42,593.54,79.65,0,178.965,8.919,179.817,-18.35,20.79,146.97,-17.84,-7.54,173.94,54.024,54.323,-33.0296,4.2625,363.42,593.54,-33.0332,4.2843,,,0.21832,0
38.4174,13,60,6,6,290.33,561.89,capture,367.33,615.89,94.05,0,178.926,8.914,179.808,-18.32,20.81,146.91,-17.84,-8.02,173.08,54.083,54.397,-33.6211,3.9741,367.33,615.89,-33.2977,4.1447,,,0.21264,0
38.5359,13,60,6,6,290.33,561.89,capture,374.76,613.03,98.71,0,178.838,8.862,179.815,-18.39,21.00,146.95,-17.67,-7.17,172.98,54.201,54.520,-33.9916,4.2748,374.76,613.03,-33.6100,4.2032,,,0.23889,0
38.6375,13,60,6,6,290.33,561.89,capture,356.66,629.22,94.51,0,178.817,8.863,179.811,-18.34,20.94,146.76,-18.46,-7.26,173.32,53.841,54.137,-33.7076,3.8000,356.66,629.22,-33.6539,4.0218,,,0.22887,0
38.7307,13,60,6,6,290.33,561.89,capture,369.29,651.85,119.70,0,178.730,8.731,179.814,-18.40,20.93,146.56,-17.62,-7.72,173.01,53.829,54.138,-34.3184,4.1445,369.29,651.85,-33.9529,4.0770,,,0.20441,0
38.8367,13,60,6,6,290.33,561.89,capture,336.95,650.30,99.95,0,178.785,8.759,179.814,-18.47,21.06,146.59,-18.82,-8.43,172.15,53.518,54.655,-35.0444,2.5796,336.95,650.30,-34.4441,3.4032,,,0.21659,0
38.9362,13,60,6,6,290.33,561.89,capture,345.82,615.91,77.44,0,178.743,8.613,179.791,-18.41,20.94,146.78,-17.94,-8.25,173.21,53.654,54.291,-34.2424,3.7333,345.82,615.91,-34.3533,3.5517,,,0.22801,0
39.0219,13,60,6,6,290.33,561.89,capture,378.48,618.14,104.57,0,178.816,8.720,179.810,-18.36,20.96,146.71,-17.72,-7.41,173.19,53.527,54.183,-34.6381,4.6354,378.48,618.14,-34.4815,4.0394,,,0.21203,0
39.1039,13,60,6,6,290.33,561.89,capture,364.08,629.52,100.06,0,178.808,8.678,179.788,-18.41,21.01,147.01,-18.26,-7.66,173.31,53.590,54.109,-35.0120,3.9726,364.08,629.52,-34.7202,4.0093,,,0.23604,0
39.1967,13,60,6,6,290.33,561.89,capture,382.07,627.20,112.61,0,178.859,8.532,179.813,-18.46,20.99,147.19,-17.79,-8.16,173.19,53.626,53.767,-34.0404,5.1381,382.07,627.20,-34.4143,4.5173,,,0.21883,0
39.3784,14,11,1,2,111.67,129.67,dwell,367.20,674.82,602.07,0,178.754,8.482,179.811,-18.59,20.96,147.22,-18.43,-7.10,173.42,53.603,53.709,-35.6795,3.7577,367.20,674.82,-35.6795,3.7577,,,0.20503,0
39.4711,14,11,1,2,111.67,129.67,dwell,304.68,523.12,438.25,0,178.853,8.336,179.812,-18.39,20.89,147.43,-18.24,-7.79,173.59,53.565,53.614,-29.7639,1.3490,304.68,523.12,-33.0175,2.6738,,,0.22772,0
39.5866,14,11,1,2,111.67,129.67,dwell,290.57,454.34,370.70,0,178.890,8.388,179.786,-18.55,20.76,147.43,-17.80,-7.35,173.64,53.692,53.646,-27.1069,0.4841,290.57,454.34,-30.3577,1.6884,,,0.19401,0
39.6940,14,11,1,2,111.67,129.67,dwell,91.93,497.71,368.57,0,178.903,8.227,179.775,-18.43,20.61,147.68,-18.32,-8.01,173.89,53.968,53.289,-29.0883,-8.7469,91.93,497.71,-29.7864,-3.0075,,,0.21522,0
39.7943,14,11,1,2,111.67,129.67,dwell,232.76,399.13,295.42,0,178.845,8.176,179.780,-18.40,20.75,147.78,-17.58,-7.21,174.29,53.942,53.625,-26.0450,-2.4343,232.76,399.13,-28.1028,-2.7495,,,0.22295,0
39.9039,14,11,1,2,111.67,129.67,dwell,231.54,380.77,278.25,0,178.909,8.275,179.791,-18.35,20.76,147.71,-17.49,-7.75,174.24,53.859,53.325,-24.4767,-1.8348,231.54,380.77,-26.4711,-2.3379,,,0.19355,0
40.0144,14,11,1,2,111.67,129.67,dwell,160.74,386.50,261.48,0,178.837,8.088,179.818,-18.31,20.66,147.75,-17.60,-7.93,174.06,53.684,53.617,-24.7726,-5.4833,160.74,386.50,-25.7068,-3.7533,,,0.21355,0
40.1370,14,11,1,2,111.67,129.67,dwell,102.51,441.57,312.04,0,178.957,7.909,179.776,-18.41,20.73,147.77,-18.33,-8.29,173.93,53.836,53.184,-26.5305,-8.1275,102.51,441.57,-26.0774,-5.7217,,,0.21334,0
40.2190,14,11,1,2,111.67,129.67,dwell,54.02,283.12,163.92,0,179.119,8.108,179.765,-18.41,20.57,147.78,-17.66,-7.66,174.11,54.019,53.588,-21.7415,-10.2928,54.02,283.12,-24.1262,-7.7787,,,0.21174,0
40.3185,14,11,1,2,111.67,129.67,dwell,46.09,325.28,206.31,0,179.059,8.225,179.791,-18.26,20.49,147.84,-17.62,-8.16,174.48,54.089,54.125,-22.4668,-10.8456,46.09,325.28,-23.3795,-9.1588,,,0.24302,0
40.4103,14,11,1,2,111.67,129.67,dwell,104.56,292.03,162.52,0,179.036,8.263,179.797,-18.32,20.44,147.42,-17.57,-7.81,173.39,54.161,54.306,-21.8973,-8.4608,104.56,292.03,-22.7125,-8.8447,,,0.21192,0
40.5206,14,11,1,2,111.67,129.67,capture,8.34,308.56,206.59,0,179.006,8.110,179.780,-18.08,20.66,147.50,-17.52,-7.40,174.01,53.817,54.047,-21.4171,-12.4275,8.34,308.56,-22.1296,-10.4570,,,0.22690,0
40.6095,14,11,1,2,111.67,129.67,capture,2.17,312.01,212.69,0,178.771,7.822,179.787,-18.09,20.76,147.48,-17.54,-8.04,173.58,53.728,53.922,-22.6717,-12.7171,2.17,312.01,-22.3735,-11.4740,,,0.19548,0
40.7054,14,11,1,2,111.67,129.67,capture,2.75,299.16,201.47,0,178.964,7.740,179.776,-18.02,20.70,147.45,-17.35,-8.74,173.78,54.222,53.853,-21.3569,-13.3664,2.75,299.16,-21.9160,-12.3256,,,0.25575,0
40.8133,14,11,1,2,111.67,129.67,capture,8.65,305.11,203.45,0,178.932,7.731,179.783,-17.96,20.90,147.77,-18.05,-7.25,174.17,54.249,53.629,-21.3333,-12.1507,8.65,305.11,-21.6538,-12.2469,,,0.24325,0
40.9132,14,11,1,2,111.67,129.67,capture,22.68,290.06,183.42,0,179.014,7.846,179.812,-18.05,20.96,147.30,-17.76,-7.33,173.71,54.065,53.856,-20.8417,-11.8223,22.68,290.06,-21.2883,-12.0558,,,0.20927,0
40.9985,14,11,1,2,111.67,129.67,capture,30.01,324.24,211.01,0,179.087,7.792,179.791,-18.06,20.75,147.38,-17.83,-8.14,173.91,54.077,54.063,-21.1299,-11.1608,30.01,324.24,-21.2171,-11.6531,,,0.22917,0
41.1120,14,11,1,2,111.67,129.67,capture,35.23,316.30,201.68,0,178.987,7.885,179.834,-18.17,20.89,147.43,-18.02,-9.09,173.33,54.176,54.231,-22.4600,-11.1751,35.23,316.30,-21.7764,-11.4380,,,0.22446,0
41.2079,14,11,1,2,111.67,129.67,capture,9.49,297.61,196.58,0,179.033,7.874,179.851,-18.17,21.00,147.53,-17.17,-8.42,173.83,53.892,54.246,-21.2820,-12.0810,9.49,297.61,-21.5539,-11.7273,,,0.21675,0
41.3235,14,11,1,2,111.67,129.67,capture,21.84,310.28,201.72,0,178.945,7.813,179.829,-18.23,20.74,147.53,-18.25,-8.29,173.60,53.284,54.314,-21.6765,-10.7929,21.84,310.28,-21.6091,-11.3068,,,0.22820,0
41.4448,14,11,1,2,111.67,129.67,capture,8.28,309.32,207.28,0,178.973,7.854,179.838,-18.30,20.65,147.57,-17.76,-8.08,174.08,53.190,54.165,-22.2878,-13.1843,8.28,309.32,-21.9145,-12.1517,,,0.17780,0
41.5300,14,11,1,2,111.67,129.67,capture,10.33,317.53,213.45,0,178.862,7.863,179.837,-18.32,20.81,147.44,-17.84,-7.45,173.75,53.763,53.933,-22.5128,-12.1256,10.33,317.53,-22.1837,-12.1400,,,0.22849,0
41.6219,14,11,1,2,111.67,129.67,capture,25.10,308.74,198.90,0,178.996,7.748,179.839,-18.39,20.93,147.38,-17.94,-7.84,173.54,53.540,53.564,-22.2318,-11.2182,25.10,308.74,-22.2053,-11.7252,,,0.19478,0
41.7330,14,11,1,2,111.67,129.67,capture,6.53,315.13,213.19,0,179.031,7.641,179.836,-18.25,20.89,147.31,-18.28,-7.15,173.54,53.895,53.366,-22.4768,-12.4427,6.53,315.13,-22.3275,-12.0481,,,0.20535,0
41.8319,14,11,1,2,111.67,129.67,capture,26.33,304.31,194.38,0,178.888,7.598,179.858,-18.32,20.92,147.43,-18.07,-7.32,173.52,54.083,53.502,-22.1622,-11.9224,26.33,304.31,-22.2531,-11.9915,,,0.20620,0
41.9347,14,11,1,2,111.67,129.67,capture,11.27,325.18,219.78,0,178.820,7.608,179.882,-18.35,21.09,147.51,-17.32,-7.60,174.13,54.014,53.125,-22.8602,-12.5610,11.27,325.18,-22.5263,-12.2478,,,0.20685,0
42.0305,14,11,1,2,111.67,129.67,capture,-20.41,343.39,251.24,0,178.917,7.606,179.859,-18.30,21.01,147.75,-17.46,-7.75,174.13,54.187,53.377,-23.1705,-13.7473,-20.41,343.39,-22.8162,-12.9226,,,0.21619,0
42.1415,14,11,1,2,111.67,129.67,capture,20.63,313.94,205.53,0,178.838,7.756,179.847,-18.28,20.86,147.95,-17.46,-7.41,174.29,54.387,53.516,-22.3022,-11.5386,20.63,313.94,-22.5849,-12.2998,,,0.24718,0
42.2483,14,11,1,2,111.67,129.67,capture,-0.70,308.66,211.34,0,178.958,7.823,179.852,-18.26,20.96,148.15,-17.83,-7.58,174.62,54.268,53.773,-21.3788,-13.0241,-0.70,308.66,-22.0421,-12.6257,,,0.27318,0
42.3465,14,11,1,2,111.67,129.67,capture,35.56,319.37,204.40,0,178.914,7.819,179.837,-18.28,20.97,148.00,-18.10,-8.09,174.46,54.476,54.155,-22.9950,-11.6504,35.56,319.37,-22.4709,-12.1868,,,0.21342,0
42.4622,14,11,1,2,111.67,129.67,capture,17.33,301.28,195.83,0,178.833,7.812,179.813,-18.32,20.91,147.76,-17.70,-7.32,174.11,54.158,54.494,-21.1267,-12.0541,17.33,301.28,-21.8660,-12.1271,,,0.22006,0
42.6706,15,40,4,4,201.00,389.00,dwell,63.43,494.75,173.52,0,178.877,7.814,179.837,-18.38,21.13,147.77,-17.76,-8.77,174.54,53.910,54.467,-28.1501,-9.9339,63.43,494.75,-28.1501,-9.9339,,,0.19302,0
42.7526,15,40,4,4,201.00,389.00,dwell,207.61,249.10,140.06,0,178.794,7.955,179.829,-18.51,21.22,147.74,-17.56,-7.21,173.61,53.897,54.213,-19.5342,-3.8180,207.61,249.10,-24.2729,-7.1817,,,0.23208,0
42.8564,15,40,4,4,201.00,389.00,dwell,143.08,393.15,58.07,0,178.914,7.919,179.814,-18.52,21.20,147.89,-18.37,-7.72,174.23,54.171,54.656,-24.7781,-5.8324,143.08,393.15,-24.5002,-6.5745,,,0.20914,0
42.9409,15,40,4,4,201.00,389.00,dwell,223.85,283.35,108.09,0,178.892,7.904,179.830,-18.46,20.96,147.61,-17.96,-7.76,174.12,54.150,54.557,-21.1395,-2.1686,223.85,283.35,-22.9879,-4.5919,,,0.22704,0
43.0506,15,40,4,4,201.00,389.00,dwell,186.06,422.43,36.62,1,178.761,8.010,179.835,-18.60,21.18,147.72,-17.72,-7.35,174.14,54.160,54.537,-25.4130,-3.5769,186.06,422.43,-24.0792,-4.1351,,,0.21232,0
43.1326,15,40,4,4,201.00,389.00,dwell,196.43,427.88,39.15,1,178.704,7.960,179.830,-18.52,21.13,148.06,-18.43,-7.01,174.21,53.870,54.416,-26.4789,-3.0224,196.43,427.88,-25.1591,-3.6344,,,0.23051,0
43.2274,15,40,4,4,201.00,389.00,dwell,255.12,408.72,57.60,0,178.711,8.047,179.820,-18.42,21.03,148.08,-18.17,-7.17,174.03,53.556,54.229,-25.5763,-1.6542,255.12,408.72,-25.3468,-2.7433,,,0.24491,0
43.3104,15,40,4,4,201.00,389.00,dwell,282.89,395.97,82.19,0,178.739,7.970,179.814,-18.36,20.96,148.00,-17.71,-7.20,174.68,53.420,53.877,-25.3523,0.5121,282.89,395.97,-25.3493,-1.2784,,,0.20066,0
43.4219,15,40,4,4,201.00,389.00,dwell,290.06,350.06,97.20,0,178.737,7.926,179.810,-18.28,20.92,147.88,-17.26,-7.51,174.69,53.610,53.627,-22.4546,0.4746,290.06,350.06,-24.0467,-0.4896,,,0.19318,0
43.5252,15,40,4,4,201.00,389.00,dwell,335.01,401.56,134.60,0,178.786,7.868,179.846,-18.30,20.93,147.98,-17.71,-8.08,174.39,53.528,53.754,-25.4907,2.0774,335.01,401.56,-24.6965,0.6656,,,0.20245,0
43.6072,15,40,4,4,201.00,389.00,capture,311.99,401.44,111.68,0,178.752,7.737,179.843,-18.33,21.06,148.38,-17.90,-8.54,175.19,53.433,53.849,-25.5189,0.7542,311.99,401.44,-25.0666,0.7055,,,0.20897,0
43.7032,15,40,4,4,201.00,389.00,capture,333.25,403.65,133.06,0,178.710,7.758,179.856,-18.27,20.98,148.20,-17.67,-7.22,174.45,53.806,54.089,-24.4014,2.5859,333.25,403.65,-24.7673,1.5517,,,0.24403,0
43.8073,15,40,4,4,201.00,389.00,capture,341.35,387.56,140.36,0,178.673,7.799,179.855,-18.42,20.89,148.24,-17.69,-7.92,174.63,53.751,54.008,-25.2429,2.7986,341.35,387.56,-24.9813,2.1128,,,0.20551,0
43.8914,15,40,4,4,201.00,389.00,capture,339.27,384.17,138.35,0,178.709,7.783,179.841,-18.37,20.93,148.18,-18.79,-7.41,174.47,53.872,54.075,-25.1784,2.6587,339.27,384.17,-25.0700,2.3585,,,0.19714,0
43.9734,15,40,4,4,201.00,389.00,capture,325.95,376.85,125.54,0,178.765,7.882,179.845,-18.28,20.98,148.17,-17.89,-7.22,174.49,53.792,53.762,-24.0935,2.4246,325.95,376.85,-24.6306,2.3882,,,0.21084,0
44.0595,15,40,4,4,201.00,389.00,capture,349.08,383.80,148.17,0,178.665,7.903,179.860,-18.28,21.11,148.19,-17.77,-8.02,175.25,53.695,53.928,-25.2955,3.7068,349.08,383.80,-24.9298,2.9816,,,0.23594,0
44.1687,15,40,4,4,201.00,389.00,capture,353.90,410.47,154.40,0,178.640,7.905,179.823,-18.37,21.02,148.33,-18.48,-7.46,174.48,53.986,54.107,-25.5351,3.7729,353.90,410.47,-25.2022,3.3377,,,0.21540,0
44.2602,15,40,4,4,201.00,389.00,capture,349.98,376.15,149.53,0,178.742,8.013,179.804,-18.30,20.82,148.25,-17.37,-8.01,174.85,54.085,54.143,-24.8165,3.5748,349.98,376.15,-25.0286,3.4444,,,0.22917,0
44.3678,15,40,4,4,201.00,389.00,capture,324.17,370.84,124.50,0,178.715,8.045,179.811,-18.32,20.75,148.01,-17.71,-7.90,174.92,53.907,54.347,-25.1818,1.5475,324.17,370.84,-25.0976,2.5908,,,0.21585,0
44.4702,15,40,4,4,201.00,389.00,capture,325.79,392.21,124.83,0,178.662,7.990,179.789,-18.21,20.60,148.12,-17.87,-8.36,173.97,53.611,54.522,-24.3493,2.9061,325.79,392.21,-24.7608,2.7327,,,0.18526,0
44.5712,15,40,4,4,201.00,389.00,capture,322.75,368.35,123.49,0,178.583,7.927,179.807,-18.29,20.69,148.18,-18.10,-8.30,174.94,54.126,54.799,-25.1023,2.1219,322.75,368.35,-24.9145,2.4578,,,0.25484,0
44.6740,15,40,4,4,201.00,389.00,capture,325.35,418.30,127.76,0,178.649,7.916,179.808,-18.46,20.61,147.77,-17.52,-8.48,174.55,54.277,54.100,-26.2057,2.0225,325.35,418.30,-25.4955,2.2619,,,0.22420,0
44.7821,15,40,4,4,201.00,389.00,capture,335.31,392.10,134.35,0,178.632,7.953,179.806,-18.43,20.66,147.68,-17.17,-7.24,173.86,54.226,54.333,-24.1784,3.0390,335.31,392.10,-24.9028,2.6116,,,0.24076,0
44.8839,15,40,4,4,201.00,389.00,capture,335.46,421.55,138.34,0,178.629,7.985,179.797,-18.46,20.89,147.50,-17.89,-7.65,173.55,54.324,54.017,-26.4337,2.2555,335.46,421.55,-25.5917,2.4514,,,0.22329,0
44.9835,15,40,4,4,201.00,389.00,capture,350.31,384.19,149.39,0,178.549,7.928,179.768,-18.34,20.89,147.53,-17.75,-7.46,173.73,54.111,53.751,-23.6883,3.6837,350.31,384.19,-24.7352,3.0059,,,0.20572,0
45.0680,15,40,4,4,201.00,389.00,capture,325.92,373.06,125.93,0,178.563,7.944,179.761,-18.47,20.85,147.47,-17.76,-8.54,173.83,53.754,53.764,-23.7388,2.2286,325.92,373.06,-24.2868,2.6561,,,0.22892,0
45.1656,15,40,4,4,201.00,389.00,capture,359.31,382.32,158.45,0,178.571,7.959,179.756,-18.37,20.87,147.33,-18.02,-6.85,173.60,53.871,54.133,-24.4893,4.8034,359.31,382.32,-24.3780,3.6224,,,0.21017,0
45.2591,15,40,4,4,201.00,389.00,capture,357.47,396.63,156.66,0,178.587,8.029,179.761,-18.48,20.83,147.45,-17.86,-7.49,173.64,54.054,54.223,-25.4950,3.4258,357.47,396.63,-24.8806,3.5340,,,0.20926,0
45.3740,15,40,4,4,201.00,389.00,capture,347.33,397.24,146.56,0,178.638,8.093,179.779,-18.51,20.63,147.50,-18.04,-8.43,173.81,54.144,54.018,-25.3461,2.2994,347.33,397.24,-25.0901,2.9784,,,0.23092,0
45.4791,15,40,4,4,201.00,389.00,capture,334.27,408.13,134.64,0,178.753,8.081,179.789,-18.46,20.66,147.54,-17.71,-7.67,173.60,53.863,54.012,-25.8049,2.6012,334.27,408.13,-25.4117,2.8086,,,0.23164,0
45.6354,16,45,5,0,22.33,475.44,dwell,198.04,553.24,192.16,0,178.791,8.047,179.780,-18.44,20.76,147.50,-17.88,-7.78,174.25,53.574,54.373,-30.9720,-3.1363,198.04,553.24,-30.9720,-3.1363,,,0.20703,0
45.7389,16,45,5,0,22.33,475.44,dwell,209.90,339.76,231.50,0,178.860,8.139,179.789,-18.56,20.72,147.49,-17.92,-7.90,173.59,53.705,54.782,-22.0833,-2.4302,209.90,339.76,-26.9721,-2.8186,,,0.22800,0
45.8508,16,45,5,0,22.33,475.44,dwell,271.75,412.85,257.15,0,178.940,8.169,179.768,-18.52,20.56,147.84,-17.91,-8.16,174.77,53.349,54.416,-25.6181,-0.0553,271.75,412.85,-26.3628,-1.5751,,,0.21334,0
45.9650,16,45,5,0,22.33,475.44,dwell,340.55,379.89,332.25,0,178.874,8.317,179.768,-18.57,20.53,147.93,-18.15,-8.27,174.37,53.792,53.970,-24.2957,2.6238,340.55,379.89,-25.4326,0.3144,,,0.22295,0
46.0581,16,45,5,0,22.33,475.44,dwell,241.77,534.66,227.29,0,178.935,8.260,179.773,-18.67,20.56,147.88,-18.16,-7.95,174.20,53.771,54.157,-30.2749,-1.4430,241.77,534.66,-27.6116,-0.4764,,,0.20533,0
46.1808,16,45,5,0,22.33,475.44,dwell,171.85,309.57,223.31,0,179.020,8.173,179.800,-18.60,20.46,147.93,-18.32,-8.55,174.51,54.138,54.305,-21.9921,-5.2428,171.85,309.57,-25.0829,-2.6213,,,0.23496,0
46.2782,16,45,5,0,22.33,475.44,dwell,185.74,525.46,170.89,0,179.059,8.169,179.787,-18.55,20.54,147.74,-17.99,-8.14,174.24,53.956,54.789,-30.0601,-4.9823,185.74,525.46,-27.3226,-3.6838,,,0.21414,0
46.3763,16,45,5,0,22.33,475.44,dwell,171.62,594.14,190.72,0,179.145,8.078,179.781,-18.55,20.41,147.61,-18.67,-8.29,173.34,53.651,54.516,-32.6427,-5.0637,171.62,594.14,-29.7166,-4.3047,,,0.22895,0
46.4807,16,45,5,0,22.33,475.44,dwell,167.28,455.70,146.29,0,179.127,8.032,179.796,-18.45,20.53,147.66,-18.25,-8.59,173.90,53.601,54.581,-26.9801,-3.9802,167.28,455.70,-28.4852,-4.1587,,,0.20339,0
46.5748,16,45,5,0,22.33,475.44,dwell,118.79,536.77,114.30,0,179.002,8.064,179.817,-18.54,20.50,147.21,-17.83,-8.29,173.68,53.837,54.580,-30.9782,-7.6924,118.79,536.77,-29.6070,-5.7489,,,0.19477,0
46.6781,16,45,5,0,22.33,475.44,dwell,105.33,518.35,93.43,0,178.955,8.158,179.790,-18.55,20.51,147.31,-18.46,-7.57,174.53,53.896,54.281,-29.5847,-8.3795,105.33,518.35,-29.5970,-6.9327,,,0.21959,0
46.7611,16,45,5,0,22.33,475.44,capture,96.25,533.02,93.69,0,178.950,8.129,179.799,-18.50,20.57,147.32,-18.26,-7.78,173.68,54.259,53.995,-30.6609,-8.4259,96.25,533.02,-30.0757,-7.6046,,,0.24040,0
46.8657,16,45,5,0,22.33,475.44,capture,98.23,548.79,105.55,0,178.831,8.063,179.763,-18.41,20.37,147.48,-17.52,-8.08,173.60,54.107,53.789,-30.8137,-8.6768,98.23,548.79,-30.4078,-8.0871,,,0.23806,0
46.9757,16,45,5,0,22.33,475.44,capture,126.33,518.72,112.64,0,178.923,8.089,179.771,-18.45,20.38,147.62,-17.73,-7.62,174.10,54.157,53.938,-29.9296,-6.7867,126.33,518.72,-30.1926,-7.5019,,,0.22627,0
47.0745,16,45,5,0,22.33,475.44,capture,109.23,517.17,96.40,0,178.853,7.985,179.763,-18.40,20.40,147.44,-17.63,-7.51,173.67,53.987,54.305,-29.9826,-7.5441,109.23,517.17,-30.0981,-7.5209,,,0.20878,0
47.1769,16,45,5,0,22.33,475.44,capture,95.12,500.44,76.96,0,178.870,8.173,179.773,-18.31,20.68,147.58,-17.68,-7.16,174.05,53.827,54.180,-29.9693,-8.0068,95.12,500.44,-30.0402,-7.7395,,,0.20619,0
47.2762,16,45,5,0,22.33,475.44,capture,103.84,531.89,99.14,0,178.968,8.244,179.826,-18.22,20.73,147.58,-17.85,-8.61,174.11,54.076,54.533,-30.0577,-7.2814,103.84,531.89,-30.0480,-7.5334,,,0.22348,0
47.3897,16,45,5,0,22.33,475.44,capture,86.32,536.69,88.57,0,178.889,8.351,179.843,-18.23,20.86,147.64,-18.39,-7.41,174.12,53.951,54.600,-31.0944,-8.4064,86.32,536.69,-30.5189,-7.9262,,,0.22709,0
47.4811,16,45,5,0,22.33,475.44,capture,105.26,522.49,95.34,0,178.888,8.277,179.841,-18.04,20.83,147.81,-17.91,-7.33,173.93,54.159,54.396,-29.9080,-8.3295,105.26,522.49,-30.2440,-8.1077,,,0.23576,0
47.5882,16,45,5,0,22.33,475.44,capture,66.88,559.95,95.53,0,178.903,8.329,179.853,-18.21,20.76,147.77,-18.12,-7.39,174.22,54.094,54.249,-31.2694,-10.2483,66.88,559.95,-30.7054,-9.0710,,,0.22714,0
47.6745,16,45,5,0,22.33,475.44,capture,95.13,522.96,86.93,0,178.933,8.265,179.837,-18.33,20.82,147.69,-17.69,-7.89,173.76,53.516,53.988,-30.1281,-8.1254,95.13,522.96,-30.4456,-8.6455,,,0.21736,0
47.7878,16,45,5,0,22.33,475.44,capture,92.39,531.71,89.85,0,178.912,8.327,179.816,-18.43,20.78,147.67,-17.73,-7.58,174.15,54.008,54.162,-29.4140,-8.9441,92.39,531.71,-29.9814,-8.7798,,,0.22405,0
47.8936,16,45,5,0,22.33,475.44,capture,95.31,550.93,104.99,0,179.028,8.265,179.838,-18.36,20.64,147.68,-18.50,-8.03,173.88,53.841,54.205,-31.9128,-8.1659,95.31,550.93,-30.8505,-8.5036,,,0.21845,0
48.0070,16,45,5,0,22.33,475.44,capture,130.65,528.82,120.75,0,179.055,8.058,179.807,-18.43,20.83,147.97,-18.60,-8.35,174.41,53.895,54.223,-29.2967,-6.5656,130.65,528.82,-30.1513,-7.6315,,,0.21105,0
48.1264,16,45,5,0,22.33,475.44,capture,85.31,520.19,77.25,0,178.993,7.913,179.821,-18.39,20.91,147.92,-17.86,-7.21,174.12,53.901,53.830,-30.2237,-9.0512,85.31,520.19,-30.1839,-8.2703,,,0.19054,0
48.2282,16,45,5,0,22.33,475.44,capture,96.40,524.82,89.02,0,178.852,7.878,179.830,-18.37,21.04,147.93,-18.19,-7.28,173.92,53.999,54.116,-30.9578,-7.9922,96.40,524.82,-30.5321,-8.1452,,,0.22324,0
48.3361,16,45,5,0,22.33,475.44,capture,108.92,530.29,102.50,0,178.797,8.031,179.816,-18.42,21.17,147.89,-17.86,-7.39,174.16,53.615,54.234,-29.6389,-7.8260,108.92,530.29,-30.1302,-8.0015,,,0.18274,0
48.4379,16,45,5,0,22.33,475.44,capture,104.85,543.57,107.01,0,178.770,8.025,179.819,-18.31,21.05,148.03,-17.91,-7.75,174.10,53.479,53.986,-30.9850,-8.3794,104.85,543.57,-30.5149,-8.1716,,,0.21188,0
48.5401,16,45,5,0,22.33,475.44,capture,83.75,538.53,88.04,0,178.848,8.103,179.813,-18.34,20.87,147.89,-17.84,-7.30,174.38,53.874,53.840,-30.9883,-9.1805,83.75,538.53,-30.7279,-8.6256,,,0.18490,0
48.6494,16,45,5,0,22.33,475.44,capture,98.86,495.54,79.12,0,178.841,8.286,179.805,-18.41,20.95,147.91,-18.30,-8.00,174.29,53.830,53.895,-28.4832,-8.3505,98.86,495.54,-29.7178,-8.5018,,,0.22038,0
48.7614,16,45,5,0,22.33,475.44,capture,78.99,548.29,92.28,0,178.848,8.337,179.807,-18.46,20.83,148.03,-18.08,-6.67,174.61,53.858,53.983,-31.1861,-8.7480,78.99,548.29,-30.3786,-8.6126,,,0.21237,0
48.9542,17,17,1,8,379.67,129.67,dwell,161.31,503.23,432.70,0,178.894,8.157,179.758,-18.37,20.67,148.07,-17.63,-7.04,174.76,53.832,53.905,-30.0907,-4.9886,161.31,503.23,-30.0907,-4.9886,,,0.19086,0
49.0623,17,17,1,8,379.67,129.67,dwell,264.57,304.70,209.48,0,178.932,8.048,179.779,-18.44,20.79,148.10,-18.26,-7.83,174.88,54.080,53.943,-22.7755,-0.3785,264.57,304.70,-26.7988,-2.9141,,,0.23594,0
49.1443,17,17,1,8,379.67,129.67,dwell,236.58,247.63,185.44,0,178.965,8.066,179.790,-18.54,20.78,148.26,-18.13,-7.28,174.12,53.771,54.289,-19.4670,-2.0720,236.58,247.63,-23.4995,-2.5351,,,0.22197,0
49.2340,17,17,1,8,379.67,129.67,dwell,295.26,367.16,252.05,0,179.037,8.023,179.791,-18.53,20.91,148.35,-17.72,-7.85,174.70,53.521,53.922,-25.2774,0.4603,295.26,367.16,-24.2996,-1.1872,,,0.18704,0
49.3263,17,17,1,8,379.67,129.67,dwell,258.65,233.14,159.22,0,179.049,7.982,179.822,-18.62,20.68,148.29,-17.91,-7.68,174.74,53.569,54.254,-19.4777,-0.4731,258.65,233.14,-22.1297,-0.8659,,,0.21936,0
49.4438,17,17,1,8,379.67,129.67,dwell,321.16,213.66,102.36,0,178.991,7.877,179.833,-18.51,20.72,148.05,-18.42,-7.46,174.46,53.232,54.158,-18.0699,1.8482,321.16,213.66,-20.3028,0.3555,,,0.20333,0
49.5296,17,17,1,8,379.67,129.67,dwell,389.02,179.81,51.01,0,178.858,7.853,179.839,-18.60,20.74,148.09,-17.57,-7.36,174.73,53.587,54.399,-16.6800,5.6025,389.02,179.81,-18.6725,2.7166,,,0.21294,0
49.6315,17,17,1,8,379.67,129.67,dwell,424.87,151.71,50.29,0,178.863,7.892,179.833,-18.58,20.67,148.00,-18.36,-8.26,174.84,53.755,54.383,-15.1825,6.4311,424.87,151.71,-17.1020,4.3881,,,0.20305,0
49.7135,17,17,1,8,379.67,129.67,capture,409.54,148.76,35.45,0,178.940,7.885,179.791,-18.51,20.77,148.08,-18.11,-7.41,174.47,53.899,54.103,-16.0387,5.9074,409.54,148.76,-16.6235,5.0718,,,0.25245,0
49.8126,17,17,1,8,379.67,129.67,capture,431.18,142.43,53.07,0,178.787,7.789,179.786,-18.57,20.91,147.89,-18.50,-7.08,173.88,54.082,54.585,-16.0495,7.0392,431.18,142.43,-16.3652,5.9572,,,0.24734,0
49.8991,17,17,1,8,379.67,129.67,capture,437.99,149.04,61.46,0,178.751,7.887,179.799,-18.73,20.78,147.78,-18.53,-7.85,173.92,54.100,54.981,-15.5732,7.2010,437.99,149.04,-16.0088,6.5169,,,0.21959,0
50.0034,17,17,1,8,379.67,129.67,capture,433.86,153.04,59.02,0,178.655,7.846,179.819,-18.63,20.69,147.66,-18.88,-7.93,174.30,53.876,54.425,-15.4261,6.8497,433.86,153.04,-15.7466,6.6666,,,0.22457,0
50.1088,17,17,1,8,379.67,129.67,capture,425.38,121.32,46.47,0,178.680,7.709,179.813,-18.62,20.50,147.64,-18.23,-7.84,173.87,53.565,54.775,-14.6603,7.2941,425.38,121.32,-15.2578,6.9490,,,0.20746,0
50.2248,17,17,1,8,379.67,129.67,capture,424.59,126.68,45.02,0,178.666,7.711,179.811,-18.46,20.48,147.81,-18.03,-8.88,173.97,53.573,54.444,-14.1627,6.6750,424.59,126.68,-14.7650,6.8257,,,0.20124,0
50.3100,17,17,1,8,379.67,129.67,capture,419.90,114.06,43.15,0,178.751,7.592,179.808,-18.48,20.64,147.76,-18.07,-7.58,173.99,53.687,54.766,-14.0142,6.6424,419.90,114.06,-14.4271,6.7432,,,0.22444,0
50.3956,17,17,1,8,379.67,129.67,capture,399.25,125.63,20.00,1,178.757,7.524,179.833,-18.60,20.67,147.69,-18.17,-7.22,173.81,53.436,54.565,-14.3429,5.8748,399.25,125.63,-14.3892,6.3524,,,0.19030,0
50.4929,17,17,1,8,379.67,129.67,capture,399.06,110.40,27.34,1,178.928,7.518,179.827,-18.57,20.51,147.71,-17.94,-7.89,174.20,53.457,54.564,-14.0297,5.8618,399.06,110.40,-14.2274,6.1317,,,0.17285,0
50.5811,17,17,1,8,379.67,129.67,capture,407.99,130.54,28.34,0,178.908,7.569,179.815,-18.49,20.36,147.71,-17.56,-7.75,174.18,53.617,54.595,-14.9814,5.6394,407.99,130.54,-14.5667,5.9101,,,0.21655,0
50.6842,17,17,1,8,379.67,129.67,capture,421.95,151.59,47.63,0,178.927,7.560,179.833,-18.42,20.46,147.88,-17.66,-7.63,174.63,53.841,54.645,-15.7364,6.8520,421.95,151.59,-15.0931,6.3340,,,0.19638,0
50.7662,17,17,1,8,379.67,129.67,capture,410.08,112.94,34.71,0,178.999,7.670,179.827,-18.34,20.32,148.03,-17.75,-8.47,174.41,53.911,54.315,-14.1472,6.1688,410.08,112.94,-14.6674,6.2596,,,0.21767,0
50.8720,17,17,1,8,379.67,129.67,capture,429.50,115.86,51.71,0,179.070,7.618,179.843,-18.25,20.22,147.95,-17.63,-7.86,174.74,53.838,54.050,-13.5612,7.7993,429.50,115.86,-14.1696,6.9525,,,0.20900,0
50.9705,17,17,1,8,379.67,129.67,capture,407.16,119.85,29.19,0,178.943,7.645,179.841,-18.24,20.42,148.20,-17.99,-8.25,175.05,53.999,53.951,-14.2044,5.8633,407.16,119.85,-14.1853,6.4624,,,0.23910,0
51.0687,17,17,1,8,379.67,129.67,capture,424.17,122.83,45.03,0,178.918,7.623,179.865,-18.16,20.56,148.11,-17.85,-8.20,175.02,54.422,53.903,-15.3379,8.1282,424.17,122.83,-14.7039,7.2120,,,0.24258,0
51.1853,17,17,1,8,379.67,129.67,capture,429.70,111.83,53.12,0,179.103,7.757,179.864,-18.20,20.56,148.20,-17.51,-7.67,174.34,54.128,54.277,-14.3776,7.0696,429.70,111.83,-14.5571,7.1479,,,0.22316,0
51.2983,17,17,1,8,379.67,129.67,capture,429.66,137.32,50.58,0,179.067,7.784,179.866,-18.18,20.62,148.26,-17.84,-7.07,174.87,53.984,54.246,-15.5101,7.2911,429.66,137.32,-14.9859,7.2123,,,0.18562,0
51.3803,17,17,1,8,379.67,129.67,capture,415.80,133.38,36.32,0,179.200,7.786,179.889,-18.26,20.72,147.89,-17.65,-8.01,173.85,54.259,54.116,-15.4768,6.6438,415.80,133.38,-15.2069,6.9565,,,0.22857,0
51.4842,17,17,1,8,379.67,129.67,capture,419.11,145.54,42.52,0,179.034,7.642,179.894,-18.08,20.60,148.15,-17.53,-8.03,174.60,54.036,54.380,-15.6362,6.6655,419.11,145.54,-15.4001,6.8256,,,0.21084,0
51.6136,17,17,1,8,379.67,129.67,capture,423.93,146.96,47.52,0,179.132,7.803,179.890,-17.97,20.74,148.00,-17.12,-8.35,174.43,53.923,54.600,-15.7488,7.8578,423.93,146.96,-15.5570,7.2901,,,0.22613,0
51.8348,18,75,8,3,156.33,734.78,dwell,373.20,121.73,650.28,0,178.981,7.898,179.870,-18.17,20.76,148.21,-17.18,-7.28,174.05,54.080,54.239,-14.3350,4.7190,373.20,121.73,-14.3350,4.7190,,,0.21897,0
51.9320,18,75,8,3,156.33,734.78,dwell,226.79,254.53,485.39,0,178.969,7.998,179.881,-18.45,20.92,148.20,-17.62,-8.72,174.55,54.290,54.017,-20.0028,-1.3746,226.79,254.53,-16.8855,1.9769,,,0.24431,0
52.0163,18,75,8,3,156.33,734.78,dwell,222.70,319.77,420.28,0,178.931,8.022,179.844,-18.49,20.95,148.19,-17.05,-7.52,174.78,53.953,54.060,-23.2894,-1.8094,222.70,319.77,-19.7672,0.2731,,,0.20934,0
52.0992,18,75,8,3,156.33,734.78,dwell,428.36,429.16,409.15,0,178.883,8.090,179.864,-18.41,20.80,148.19,-18.61,-7.74,174.52,53.543,53.895,-26.3251,7.3660,428.36,429.16,-22.7183,3.4649,,,0.23228,0
52.2055,18,75,8,3,156.33,734.78,dwell,225.68,438.44,304.34,0,178.884,8.185,179.892,-18.30,20.88,148.02,-17.61,-7.81,174.49,53.516,53.752,-26.5152,-1.9558,225.68,438.44,-24.4269,1.0256,,,0.17132,0
52.2875,18,75,8,3,156.33,734.78,dwell,285.37,586.80,196.34,0,178.915,8.247,179.876,-18.50,20.68,148.05,-18.26,-8.08,174.05,53.406,53.796,-31.9365,0.5464,285.37,586.80,-27.8062,0.8099,,,0.19695,0
52.3840,18,75,8,3,156.33,734.78,dwell,269.14,586.14,186.60,0,179.063,8.308,179.860,-18.52,20.64,148.00,-18.37,-7.26,174.31,53.505,54.033,-31.6026,-0.6839,269.14,586.14,-29.5146,0.1377,,,0.21698,0
52.4832,18,75,8,3,156.33,734.78,dwell,234.33,600.27,155.49,0,179.145,8.196,179.843,-18.54,20.73,147.94,-17.45,-7.05,173.85,53.577,54.099,-32.2282,-1.9281,234.33,600.27,-30.7357,-0.7919,,,0.20283,0
52.5683,18,75,8,3,156.33,734.78,dwell,191.07,614.20,125.48,0,178.983,8.227,179.822,-18.35,20.77,147.87,-17.38,-7.50,174.07,53.524,54.103,-34.2914,-3.8908,191.07,614.20,-32.3358,-2.1864,,,0.21665,0
52.6698,18,75,8,3,156.33,734.78,capture,178.52,702.97,38.78,1,178.910,8.446,179.807,-18.30,20.81,147.90,-17.67,-7.54,174.22,53.681,54.349,-36.8440,-5.3094,178.52,702.97,-34.3645,-3.5918,,,0.19746,0
52.7518,18,75,8,3,156.33,734.78,capture,179.37,656.25,81.84,0,178.881,8.537,179.834,-18.41,20.77,147.81,-18.47,-7.52,174.26,53.481,54.426,-35.2540,-3.9575,179.37,656.25,-34.7647,-3.7564,,,0.18089,0
52.8369,18,75,8,3,156.33,734.78,capture,168.23,659.56,76.15,0,178.820,8.540,179.821,-18.30,20.77,147.62,-17.82,-8.00,174.17,53.170,54.400,-35.6355,-4.6712,168.23,659.56,-35.1566,-4.1680,,,0.20627,0
52.9256,18,75,8,3,156.33,734.78,capture,171.67,672.86,63.79,0,178.896,8.605,179.795,-18.38,20.77,147.99,-18.05,-7.92,174.44,53.105,54.243,-35.2115,-6.3746,171.67,672.86,-35.1813,-5.1610,,,0.18124,0
53.0169,18,75,8,3,156.33,734.78,capture,173.10,671.19,65.76,0,178.863,8.651,179.823,-18.39,20.77,147.93,-17.89,-8.18,174.65,53.384,54.372,-35.8690,-4.8539,173.10,671.19,-35.4908,-5.0228,,,0.17162,0
53.0989,18,75,8,3,156.33,734.78,capture,179.95,676.37,63.00,0,178.903,8.734,179.782,-18.46,20.76,147.74,-17.84,-7.36,174.18,53.782,54.174,-36.7991,-5.8880,179.95,676.37,-36.0795,-5.4122,,,0.20529,0
53.2163,18,75,8,3,156.33,734.78,capture,202.71,698.82,58.68,0,178.728,8.771,179.794,-18.46,20.64,147.84,-17.25,-7.77,174.52,53.371,54.508,-36.6477,-3.1118,202.71,698.82,-36.3352,-4.3770,,,0.20879,0
53.3232,18,75,8,3,156.33,734.78,capture,183.12,685.40,56.18,0,178.818,8.817,179.830,-18.37,20.51,147.75,-18.11,-8.78,174.10,53.367,54.536,-35.9358,-3.6575,183.12,685.40,-36.1555,-4.0532,,,0.20727,0
53.4079,18,75,8,3,156.33,734.78,capture,186.20,678.75,63.49,0,178.776,8.903,179.794,-18.40,20.60,147.69,-17.98,-7.61,174.22,53.754,54.230,-36.7401,-4.7681,186.20,678.75,-36.4186,-4.3749,,,0.20457,0
53.5013,18,75,8,3,156.33,734.78,capture,183.48,683.68,57.86,0,178.772,8.991,179.766,-18.34,20.61,147.86,-17.96,-8.27,174.75,54.058,53.912,-37.1295,-4.6536,183.48,683.68,-36.7385,-4.5003,,,0.25290,0
53.6061,18,75,8,3,156.33,734.78,capture,176.37,677.74,60.45,0,178.954,8.956,179.761,-18.51,20.54,148.05,-17.92,-8.88,174.79,53.978,53.922,-35.4699,-4.9252,176.37,677.74,-36.1676,-4.6915,,,0.22797,0
53.7094,18,75,8,3,156.33,734.78,capture,193.87,666.18,78.20,0,179.066,8.984,179.779,-18.50,20.72,147.75,-17.46,-7.67,174.47,53.531,53.927,-34.8555,-4.0774,193.87,666.18,-35.5772,-4.4152,,,0.22609,0
53.8045,18,75,8,3,156.33,734.78,capture,189.94,644.51,96.32,0,179.059,9.155,179.815,-18.38,20.64,147.81,-18.13,-6.80,174.35,53.769,53.837,-35.5190,-3.8161,189.94,644.51,-35.5510,-4.1456,,,0.19771,0
53.9247,18,75,8,3,156.33,734.78,capture,178.30,664.75,73.39,0,179.053,9.105,179.839,-18.60,20.61,147.79,-18.43,-7.19,173.98,53.162,54.011,-36.1922,-4.5529,178.30,664.75,-35.8395,-4.3289,,,0.19002,0
54.0367,18,75,8,3,156.33,734.78,capture,161.93,679.68,55.38,0,179.137,9.135,179.844,-18.70,20.54,147.67,-18.07,-8.03,174.62,53.291,53.855,-36.5433,-5.8554,161.93,679.68,-36.1562,-5.0158,,,0.21444,0
54.1207,18,75,8,3,156.33,734.78,capture,183.00,671.85,68.34,0,179.166,8.848,179.838,-18.71,20.45,147.66,-18.54,-8.40,174.18,53.392,54.341,-36.4035,-4.2868,183.00,671.85,-36.2675,-4.6878,,,0.18267,0
54.2027,18,75,8,3,156.33,734.78,capture,187.65,668.57,73.24,0,179.034,8.809,179.823,-18.69,20.40,147.46,-17.89,-7.67,173.84,53.446,54.513,-35.1291,-4.2531,187.65,668.57,-35.7552,-4.4921,,,0.18211,0
54.2914,18,75,8,3,156.33,734.78,capture,169.09,696.39,40.45,1,179.122,8.682,179.806,-18.70,20.28,147.44,-18.33,-7.94,174.18,53.386,54.827,-36.8668,-5.6302,169.09,696.39,-36.2555,-5.0043,,,0.22071,0
54.3889,18,75,8,3,156.33,734.78,capture,171.13,679.05,57.66,0,179.152,8.695,179.821,-18.91,20.36,147.36,-17.89,-8.79,174.59,53.139,54.818,-36.4580,-4.6013,171.13,679.05,-36.3466,-4.8229,,,0.17844,0
54.5009,18,75,8,3,156.33,734.78,capture,189.56,674.24,69.06,0,179.038,8.729,179.797,-19.06,20.44,147.37,-18.77,-8.15,173.78,53.080,54.825,-36.2490,-3.7718,189.56,674.24,-36.3027,-4.3499,,,0.21713,0
54.6781,19,65,7,2,111.67,648.33,dwell,72.98,663.57,41.58,0,179.011,8.715,179.804,-18.86,20.35,147.34,-18.25,-7.75,173.83,52.836,54.381,-36.6628,-9.2269,72.98,663.57,-36.6628,-9.2269,,,0.20118,0
54.7689,19,65,7,2,111.67,648.33,dwell,214.70,672.05,105.73,0,179.002,8.705,179.799,-18.79,20.41,147.38,-18.60,-8.68,173.51,52.965,54.138,-35.6851,-2.8055,214.70,672.05,-36.2228,-6.3373,,,0.18846,0
54.8829,19,65,7,2,111.67,648.33,dwell,29.59,658.80,82.74,0,179.028,8.632,179.791,-18.75,20.40,147.27,-18.56,-8.74,173.07,53.403,54.092,-35.4142,-11.2956,29.59,658.80,-35.8589,-8.5685,,,0.23078,0
54.9891,19,65,7,2,111.67,648.33,dwell,212.29,623.88,103.55,0,178.977,8.736,179.778,-18.73,20.39,147.33,-17.68,-8.15,173.95,53.352,54.158,-33.1143,-2.9865,212.29,623.88,-34.6239,-6.0566,,,0.18210,0
55.0711,19,65,7,2,111.67,648.33,dwell,131.77,595.93,56.13,0,178.888,8.749,179.769,-18.72,20.39,147.17,-18.19,-7.90,173.41,53.577,54.586,-33.3193,-6.4040,131.77,595.93,-34.0368,-6.2129,,,0.19431,0
55.1596,19,65,7,2,111.67,648.33,dwell,125.69,580.19,69.57,0,178.839,8.827,179.777,-18.74,20.33,147.27,-17.87,-7.68,173.39,53.342,54.364,-31.9437,-6.7185,125.69,580.19,-33.0949,-6.4405,,,0.19834,0
55.2478,19,65,7,2,111.67,648.33,dwell,239.15,612.60,132.40,0,178.858,8.886,179.776,-18.58,20.27,146.99,-18.09,-7.11,173.01,53.305,54.177,-33.2499,-1.8894,239.15,612.60,-33.1647,-4.3925,,,0.18376,0
55.3325,19,65,7,2,111.67,648.33,dwell,142.44,657.92,32.23,0,178.936,8.988,179.767,-18.62,20.19,146.99,-18.22,-8.92,173.35,53.339,54.455,-36.6458,-6.2335,142.44,657.92,-34.7312,-5.2210,,,0.21274,0
55.4297,19,65,7,2,111.67,648.33,capture,184.69,631.32,74.98,0,178.944,8.846,179.741,-18.47,20.33,146.90,-17.98,-8.23,172.72,53.356,54.723,-34.6155,-4.5233,184.69,631.32,-34.6791,-4.9070,,,0.20410,0
55.5438,19,65,7,2,111.67,648.33,capture,162.72,624.01,56.55,0,179.109,8.834,179.714,-18.50,20.34,146.83,-18.16,-8.12,173.01,53.443,54.589,-34.2842,-5.4807,162.72,624.01,-34.5014,-5.1652,,,0.19260,0
55.6300,19,65,7,2,111.67,648.33,capture,151.53,611.51,54.27,0,179.015,8.728,179.749,-18.51,20.29,146.96,-18.26,-7.92,173.29,53.468,54.281,-34.2633,-5.2534,151.53,611.51,-34.3943,-5.2049,,,0.19921,0
55.7287,19,65,7,2,111.67,648.33,capture,181.02,623.50,73.67,0,178.926,8.866,179.761,-18.48,20.48,146.98,-18.71,-7.97,172.73,53.453,54.555,-33.8609,-4.6126,181.02,623.50,-34.1542,-4.9383,,,0.22401,0
55.8318,19,65,7,2,111.67,648.33,capture,187.70,628.88,78.48,0,178.827,8.836,179.780,-18.39,20.22,147.03,-17.91,-8.68,173.30,53.702,54.719,-33.9766,-4.5455,187.70,628.88,-34.0743,-4.7616,,,0.21569,0
55.9439,19,65,7,2,111.67,648.33,capture,143.24,615.22,45.75,0,178.742,8.831,179.798,-18.28,20.33,146.87,-16.87,-7.89,172.80,54.009,54.253,-34.1245,-6.2878,143.24,615.22,-34.0969,-5.4484,,,0.23131,0
56.0290,19,65,7,2,111.67,648.33,capture,171.77,638.76,60.86,0,178.730,8.784,179.821,-18.31,20.33,146.99,-18.23,-8.13,173.58,54.080,54.355,-34.0890,-4.6067,171.77,638.76,-34.0933,-5.0696,,,0.22956,0
56.1110,19,65,7,2,111.67,648.33,capture,158.40,636.90,48.11,0,178.691,8.770,179.832,-18.41,20.32,147.17,-17.66,-8.54,173.26,53.626,54.566,-33.6503,-5.6466,158.40,636.90,-33.8939,-5.3292,,,0.21353,0
56.2173,19,65,7,2,111.67,648.33,capture,185.11,650.87,73.49,0,178.662,8.777,179.838,-18.42,20.34,147.27,-18.02,-8.00,173.16,53.493,54.616,-35.1268,-4.2536,185.11,650.87,-34.4487,-4.8452,,,0.20618,0
56.3073,19,65,7,2,111.67,648.33,capture,190.35,625.68,81.88,0,178.708,8.600,179.833,-18.50,20.27,147.08,-18.19,-7.59,173.49,53.431,54.791,-34.5975,-3.6534,190.35,625.68,-34.5157,-4.3089,,,0.19861,0
56.4095,19,65,7,2,111.67,648.33,capture,188.36,618.32,82.36,0,178.712,8.640,179.845,-18.43,20.26,147.15,-17.90,-8.37,173.35,53.659,54.241,-33.9813,-4.2983,188.36,618.32,-34.2752,-4.3041,,,0.20794,0
56.4971,19,65,7,2,111.67,648.33,capture,185.68,617.03,80.36,0,178.689,8.674,179.830,-18.31,20.51,147.22,-17.88,-7.96,173.01,54.154,54.298,-33.6989,-4.4513,185.68,617.03,-34.0159,-4.3704,,,0.21630,0
56.6175,19,65,7,2,111.67,648.33,capture,177.18,644.00,65.66,0,178.804,8.792,179.782,-18.33,20.37,147.44,-18.33,-7.72,174.05,53.874,54.525,-35.4911,-4.6870,177.18,644.00,-34.6798,-4.5128,,,0.24189,0
56.7164,19,65,7,2,111.67,648.33,capture,176.02,627.20,67.73,0,178.750,8.781,179.798,-18.32,20.42,147.35,-17.78,-8.47,173.79,53.866,54.250,-33.3284,-5.4281,176.02,627.20,-34.0717,-4.9247,,,0.23693,0
56.8299,19,65,7,2,111.67,648.33,capture,153.49,626.15,47.34,0,178.846,8.871,179.808,-18.23,20.35,147.22,-17.81,-8.55,173.11,53.766,54.230,-34.1615,-6.0438,153.49,626.15,-34.1121,-5.4283,,,0.21468,0
56.9318,19,65,7,2,111.67,648.33,capture,151.35,624.94,46.07,0,178.811,8.845,179.798,-18.33,20.25,147.14,-18.05,-8.32,173.15,53.852,53.868,-34.0013,-5.7879,151.35,624.94,-34.0623,-5.5901,,,0.23242,0
57.0383,19,65,7,2,111.67,648.33,capture,172.49,650.05,60.85,0,178.897,8.803,179.798,-18.35,20.44,147.39,-17.84,-8.13,173.85,53.883,53.553,-35.3906,-5.4386,172.49,650.05,-34.6600,-5.5219,,,0.20740,0
57.1381,19,65,7,2,111.67,648.33,capture,186.16,625.41,77.94,0,178.844,8.869,179.780,-18.31,20.42,147.46,-18.03,-8.23,173.64,54.255,53.306,-34.8050,-4.2825,186.16,625.41,-34.7253,-4.9642,,,0.23465,0
57.2375,19,65,7,2,111.67,648.33,capture,185.34,617.66,79.80,0,178.799,8.801,179.794,-18.29,20.34,147.48,-18.14,-7.88,173.81,53.865,53.270,-34.0779,-4.9210,185.34,617.66,-34.4340,-4.9448,,,0.23262,0
57.3295,19,65,7,2,111.67,648.33,capture,167.80,645.19,56.22,0,178.875,8.772,179.776,-18.40,20.30,147.46,-18.24,-8.69,173.91,53.852,53.290,-33.8532,-5.1645,167.80,645.19,-34.1726,-5.0436,,,0.20739,0
57.4852,20,25,2,7,335.00,216.11,dwell,284.75,501.27,289.55,0,178.751,8.687,179.783,-18.33,20.27,147.39,-18.88,-8.38,173.90,53.966,53.376,-30.4915,0.7210,284.75,501.27,-30.4915,0.7210,,,0.24667,0
57.5987,20,25,2,7,335.00,216.11,dwell,407.46,478.17,271.89,0,178.799,8.593,179.829,-18.32,20.13,147.27,-18.12,-7.93,173.67,54.054,53.265,-29.4023,5.1883,407.46,478.17,-30.0014,2.7313,,,0.23681,0
57.6844,20,25,2,7,335.00,216.11,dwell,186.60,484.49,306.68,0,178.839,8.628,179.844,-18.37,20.08,147.37,-18.08,-8.48,173.75,53.640,53.730,-28.7279,-4.8592,186.60,484.49,-29.4283,-0.6845,,,0.19559,0
57.7965,20,25,2,7,335.00,216.11,dwell,276.41,502.03,291.86,0,178.874,8.518,179.834,-18.44,19.98,147.37,-18.11,-8.14,173.47,53.997,53.704,-29.3303,0.3125,276.41,502.03,-29.3842,-0.2358,,,0.23341,0
57.8941,20,25,2,7,335.00,216.11,dwell,323.43,511.92,296.04,0,178.780,8.412,179.823,-18.46,20.07,147.25,-18.50,-7.81,173.96,54.288,53.701,-30.2499,1.7982,323.43,511.92,-29.7737,0.6795,,,0.24924,0
58.0051,20,25,2,7,335.00,216.11,dwell,389.95,388.94,181.35,0,178.805,8.361,179.818,-18.54,20.02,147.26,-18.22,-7.62,173.42,54.186,53.951,-24.6688,5.3570,389.95,388.94,-27.4765,2.7843,,,0.22845,0
58.0871,20,25,2,7,335.00,216.11,dwell,332.44,492.48,276.38,0,178.770,8.222,179.834,-18.59,20.19,147.57,-17.10,-7.66,173.71,53.922,53.992,-29.0066,2.7807,332.44,492.48,-28.1651,2.7827,,,0.22437,0
58.1703,20,25,2,7,335.00,216.11,dwell,327.05,374.84,158.93,0,178.805,7.983,179.808,-18.62,20.14,147.42,-18.23,-8.02,173.50,53.586,53.974,-23.5827,2.5124,327.05,374.84,-26.1030,2.6611,,,0.20202,0
58.2815,20,25,2,7,335.00,216.11,dwell,383.32,334.94,128.28,0,178.793,7.818,179.793,-18.65,20.07,147.47,-18.23,-8.42,173.82,53.240,53.951,-22.1704,4.9868,383.32,334.94,-24.3333,3.7077,,,0.21573,0
58.3952,20,25,2,7,335.00,216.11,capture,355.05,321.57,107.35,0,178.847,7.771,179.810,-18.63,20.26,147.27,-17.85,-8.05,173.70,53.488,54.198,-22.8150,4.0705,355.05,321.57,-23.6501,3.8709,,,0.19473,0
58.4772,20,25,2,7,335.00,216.11,capture,373.90,335.89,125.94,0,178.914,7.724,179.781,-18.70,20.26,147.35,-18.12,-7.83,173.92,53.239,54.353,-23.2778,4.9399,373.90,335.89,-23.4826,4.3520,,,0.21375,0
58.5968,20,25,2,7,335.00,216.11,capture,368.76,337.74,126.23,0,179.031,7.760,179.791,-18.70,20.26,147.31,-17.69,-7.97,174.06,53.190,54.205,-22.9239,4.0753,368.76,337.74,-23.2312,4.2275,,,0.18175,0
58.7165,20,25,2,7,335.00,216.11,capture,380.59,311.67,105.88,0,178.914,7.787,179.808,-18.75,20.33,147.27,-18.72,-7.76,172.95,53.219,53.741,-22.8299,4.7534,380.59,311.67,-23.0506,4.4642,,,0.21693,0
58.8250,20,25,2,7,335.00,216.11,capture,382.70,342.43,135.03,0,178.912,7.701,179.805,-18.70,20.38,147.18,-18.82,-8.33,173.54,53.474,53.478,-23.6144,5.0727,382.70,342.43,-23.3043,4.7380,,,0.20436,0
58.9122,20,25,2,7,335.00,216.11,capture,354.91,324.71,110.41,0,178.986,7.825,179.773,-18.73,20.39,147.47,-18.18,-8.94,173.60,53.606,53.704,-22.5621,4.1199,354.91,324.71,-22.9703,4.4599,,,0.21720,0
59.0115,20,25,2,7,335.00,216.11,capture,369.71,334.84,123.70,0,178.941,7.731,179.753,-18.68,20.47,147.36,-18.21,-8.98,173.78,53.879,53.814,-22.7388,3.9176,369.71,334.84,-22.8661,4.2158,,,0.23209,0
59.1090,20,25,2,7,335.00,216.11,capture,345.47,358.00,142.27,0,179.131,7.630,179.789,-18.71,20.42,147.51,-18.16,-9.07,173.66,53.695,53.467,-23.4527,3.5814,345.47,358.00,-23.1301,3.9303,,,0.19722,0
59.1967,20,25,2,7,335.00,216.11,capture,385.18,348.52,141.60,0,179.080,7.728,179.785,-18.57,20.38,147.38,-18.44,-8.84,173.44,53.899,53.411,-23.2581,5.3455,385.18,348.52,-23.1877,4.5671,,,0.19893,0
59.2860,20,25,2,7,335.00,216.11,capture,351.44,315.89,101.12,0,179.005,7.826,179.808,-18.57,20.28,147.34,-17.85,-8.88,173.76,53.970,53.431,-21.8341,4.0703,351.44,315.89,-22.5786,4.3436,,,0.20656,0
59.3849,20,25,2,7,335.00,216.11,capture,349.68,333.93,118.73,0,178.950,7.864,179.797,-18.68,20.30,147.21,-17.93,-7.77,173.57,53.478,53.747,-22.7341,3.0060,349.68,333.93,-22.6486,3.7417,,,0.20909,0
59.4686,20,25,2,7,335.00,216.11,capture,362.90,333.68,120.83,0,178.870,7.804,179.783,-18.63,20.43,147.29,-18.30,-7.32,173.71,53.323,53.729,-22.8159,3.9443,362.90,333.68,-22.7239,3.8329,,,0.21882,0
59.5506,20,25,2,7,335.00,216.11,capture,353.83,329.01,114.46,0,178.808,7.767,179.784,-18.68,20.49,147.15,-18.36,-8.47,173.81,53.082,54.044,-22.6240,3.8723,353.83,329.01,-22.6790,3.8506,,,0.18448,0
59.6571,20,25,2,7,335.00,216.11,capture,389.51,324.49,121.31,0,178.852,7.878,179.811,-18.60,20.56,147.17,-17.91,-8.41,173.74,53.244,54.342,-21.6134,4.9607,389.51,324.49,-22.1995,4.3501,,,0.21332,0
59.7468,20,25,2,7,335.00,216.11,capture,365.39,360.27,147.33,0,178.824,7.757,179.801,-18.50,20.26,147.07,-18.31,-8.66,173.33,53.342,54.150,-24.5539,4.1188,365.39,360.27,-23.2590,4.2461,,,0.20390,0
59.8288,20,25,2,7,335.00,216.11,capture,357.72,340.08,126.03,0,178.860,7.831,179.800,-18.38,20.38,147.24,-17.53,-8.52,173.52,53.484,54.419,-23.6476,3.5894,357.72,340.08,-23.4338,3.9506,,,0.23356,0
59.9352,20,25,2,7,335.00,216.11,capture,366.23,365.46,152.58,0,178.784,7.750,179.793,-18.37,20.55,147.37,-17.92,-8.24,173.76,53.585,54.731,-24.4503,3.5009,366.23,365.46,-23.8912,3.7482,,,0.21547,0
60.0342,20,25,2,7,335.00,216.11,capture,365.12,329.15,116.98,0,178.909,7.815,179.775,-18.22,20.51,147.33,-17.93,-8.10,173.11,53.310,54.455,-22.9914,4.1253,365.12,329.15,-23.4863,3.9179,,,0.19912,0
60.1172,20,25,2,7,335.00,216.11,capture,372.67,333.84,123.61,0,178.838,7.935,179.765,-18.30,20.62,147.51,-18.15,-8.05,174.14,53.434,54.120,-22.3347,3.9267,372.67,333.84,-22.9681,3.9219,,,0.21614,0
60.2817,21,6,0,6,290.33,43.22,dwell,409.27,367.24,345.16,0,178.959,7.797,179.768,-18.50,20.56,147.46,-18.40,-7.84,174.02,53.445,54.164,-24.6448,5.2529,409.27,367.24,-24.6448,5.2529,,,0.19129,0
60.3838,21,6,0,6,290.33,43.22,dwell,281.74,285.03,241.96,0,178.933,7.844,179.767,-18.56,20.44,147.69,-18.08,-8.49,173.97,53.537,54.390,-21.2635,0.2769,281.74,285.03,-23.1232,3.0137,,,0.21786,0
60.4902,21,6,0,6,290.33,43.22,dwell,421.58,243.62,239.55,0,178.896,7.776,179.746,-18.52,20.37,147.73,-17.83,-7.41,174.47,53.865,54.297,-18.8571,7.2174,421.58,243.62,-21.2035,4.9054,,,0.21516,0
60.6112,21,6,0,6,290.33,43.22,dwell,308.84,218.49,176.24,0,178.907,7.917,179.770,-18.43,20.42,147.57,-18.53,-8.03,173.36,53.875,54.621,-17.6542,1.7507,308.84,218.49,-19.6063,3.4857,,,0.20300,0
60.7184,21,6,0,6,290.33,43.22,dwell,387.33,220.11,201.74,0,178.893,7.813,179.761,-18.37,20.35,147.63,-17.62,-7.72,174.02,53.777,54.090,-19.3361,5.8761,387.33,220.11,-19.4847,4.5614,,,0.22222,0
60.8009,21,6,0,6,290.33,43.22,dwell,423.55,203.53,208.44,0,178.875,7.725,179.800,-18.38,20.29,147.55,-18.13,-8.58,173.73,54.067,53.864,-17.8927,7.4207,423.55,203.53,-18.7683,5.8481,,,0.24736,0
60.8829,21,6,0,6,290.33,43.22,dwell,365.99,185.14,160.82,0,178.793,7.731,179.811,-18.40,20.29,147.88,-17.28,-7.94,174.16,53.866,54.123,-17.3215,3.8164,365.99,185.14,-18.1172,4.9338,,,0.20966,0
60.9687,21,6,0,6,290.33,43.22,dwell,373.85,242.90,216.44,0,178.753,7.702,179.816,-18.47,20.42,147.60,-18.24,-7.69,173.87,53.893,54.061,-19.6401,3.8239,373.85,242.90,-18.8025,4.4344,,,0.20510,0
61.0850,21,6,0,6,290.33,43.22,dwell,409.38,219.08,212.36,0,178.793,7.655,179.846,-18.53,20.29,147.67,-17.97,-8.55,173.41,53.850,53.895,-18.7143,6.2806,409.38,219.08,-18.7628,5.2652,,,0.22498,0
61.1850,21,6,0,6,290.33,43.22,dwell,435.55,220.98,229.53,0,178.816,7.565,179.844,-18.52,20.34,147.62,-17.59,-8.34,174.26,54.120,53.921,-17.6126,6.6974,435.55,220.98,-18.2452,5.9097,,,0.22184,0
61.2704,21,6,0,6,290.33,43.22,dwell,423.84,222.95,223.89,0,178.821,7.554,179.867,-18.46,20.25,147.49,-18.12,-8.49,173.89,54.115,54.343,-19.5193,7.1904,423.84,222.95,-18.8186,6.4860,,,0.22962,0
61.3751,21,6,0,6,290.33,43.22,capture,386.80,205.15,188.48,0,178.875,7.506,179.863,-18.32,20.14,147.22,-17.62,-8.33,173.56,54.067,54.589,-18.2570,5.7873,386.80,205.15,-18.5659,6.1716,,,0.22500,0
61.4698,21,6,0,6,290.33,43.22,capture,365.57,194.98,169.38,0,178.851,7.555,179.857,-18.46,19.99,147.18,-18.37,-9.03,173.58,53.872,54.906,-16.8711,4.4518,365.57,194.98,-17.8032,5.3977,,,0.21206,0
61.5722,21,6,0,6,290.33,43.22,capture,412.51,167.11,174.00,0,178.856,7.485,179.836,-18.43,20.19,147.21,-18.04,-9.01,172.93,53.839,54.603,-16.2952,6.2296,412.51,167.11,-17.1246,5.7720,,,0.22964,0
61.6794,21,6,0,6,290.33,43.22,capture,386.39,190.07,175.47,0,178.924,7.457,179.808,-18.48,20.34,147.33,-18.03,-8.22,174.03,53.582,54.786,-16.8226,5.4285,386.39,190.07,-16.9887,5.6174,,,0.19363,0
61.7663,21,6,0,6,290.33,43.22,capture,382.89,188.94,172.63,0,178.866,7.473,179.795,-18.38,20.43,147.21,-17.95,-9.02,173.57,54.012,54.801,-17.5737,4.5185,382.89,188.94,-17.2519,5.1229,,,0.23129,0
61.8483,21,6,0,6,290.33,43.22,capture,400.57,217.86,206.52,0,178.846,7.571,179.786,-18.35,20.54,147.33,-18.26,-7.77,173.19,53.930,54.772,-18.7146,5.9197,400.57,217.86,-17.9102,5.4815,,,0.24188,0
61.9623,21,6,0,6,290.33,43.22,capture,405.63,221.01,211.90,0,178.888,7.532,179.807,-18.34,20.70,147.17,-17.89,-7.89,173.61,54.042,54.782,-19.1402,6.2576,405.63,221.01,-18.4637,5.8307,,,0.24393,0
62.0477,21,6,0,6,290.33,43.22,capture,415.54,211.41,209.68,0,178.888,7.674,179.801,-18.33,20.73,147.06,-18.05,-7.62,173.28,54.270,54.448,-17.5733,6.7297,415.54,211.41,-18.0630,6.2352,,,0.21347,0
62.1448,21,6,0,6,290.33,43.22,capture,386.55,185.16,171.48,0,178.884,7.635,179.800,-18.16,20.50,147.05,-17.83,-8.69,172.74,54.201,54.634,-17.0866,4.8844,386.55,185.16,-17.6236,5.6274,,,0.24031,0
62.2505,21,6,0,6,290.33,43.22,capture,384.51,178.73,165.02,0,178.833,7.606,179.837,-18.35,20.42,147.10,-17.92,-7.64,172.85,54.192,54.321,-16.5960,5.7475,384.51,178.73,-17.1612,5.6814,,,0.24230,0
62.3336,21,6,0,6,290.33,43.22,capture,392.03,213.93,198.70,0,178.908,7.713,179.821,-18.44,20.39,147.10,-17.65,-7.89,172.84,54.101,54.432,-18.1145,5.1239,392.03,213.93,-17.5902,5.4305,,,0.23216,0
62.4344,21,6,0,6,290.33,43.22,capture,408.92,195.32,192.86,0,178.849,7.726,179.822,-18.32,20.52,146.91,-17.98,-7.50,172.76,53.897,54.354,-16.5857,5.7707,408.92,195.32,-17.1382,5.5836,,,0.20094,0
62.5263,21,6,0,6,290.33,43.22,capture,389.66,196.86,182.95,0,178.886,7.867,179.867,-18.21,20.58,146.66,-18.20,-7.83,172.82,53.902,54.513,-17.6829,4.9144,389.66,196.86,-17.3833,5.2825,,,0.21804,0
62.6299,21,6,0,6,290.33,43.22,capture,395.33,180.01,172.44,0,178.718,7.838,179.843,-18.18,20.56,147.00,-17.47,-7.54,172.67,53.940,54.508,-17.0181,5.5333,395.33,180.01,-17.2190,5.3954,,,0.23840,0
62.7501,21,6,0,6,290.33,43.22,capture,392.39,201.74,188.53,0,178.801,7.741,179.862,-18.18,20.45,147.08,-17.56,-7.62,173.14,53.920,54.387,-18.4035,5.4605,392.39,201.74,-17.7520,5.4247,,,0.22260,0
62.8426,21,6,0,6,290.33,43.22,capture,371.81,196.70,173.76,0,178.763,7.648,179.893,-18.26,20.33,147.18,-18.11,-8.11,173.59,53.988,54.058,-17.0720,4.5685,371.81,196.70,-17.4460,5.0394,,,0.22438,0
62.9367,21,6,0,6,290.33,43.22,capture,378.35,194.83,175.31,0,178.812,7.560,179.868,-18.32,20.45,147.30,-18.20,-7.44,173.56,53.999,54.038,-17.7462,4.7449,378.35,194.83,-17.5811,4.9069,,,0.22501,0
63.0521,21,6,0,6,290.33,43.22,capture,397.93,197.48,188.08,0,178.831,7.535,179.846,-18.31,20.44,147.27,-17.60,-8.49,173.69,54.057,54.032,-16.9522,5.4117,397.93,197.48,-17.2981,5.1341,,,0.24228,0
63.1579,21,6,0,6,290.33,43.22,capture,410.38,185.03,185.80,0,178.901,7.605,179.836,-18.24,20.42,147.35,-17.83,-8.37,173.50,53.775,54.110,-17.5776,6.6669,410.38,185.03,-17.4239,5.8238,,,0.21399,0
63.2435,21,6,0,6,290.33,43.22,capture,395.11,190.52,180.76,0,178.809,7.524,179.829,-18.31,20.36,147.45,-17.81,-8.21,173.73,54.309,54.307,-17.3328,5.5481,395.11,190.52,-17.3829,5.6998,,,0.22189,0
63.3304,21,6,0,6,290.33,43.22,capture,373.54,187.41,166.47,0,178.853,7.615,179.806,-18.18,20.23,147.48,-17.97,-8.37,173.79,54.123,54.259,-17.4680,4.2170,373.54,187.41,-17.4212,5.0325,,,0.22267,0
63.5319,22,33,3,6,290.33,302.56,dwell,386.58,144.82,184.78,0,178.701,7.607,179.800,-18.28,20.33,147.32,-17.52,-8.59,173.49,53.403,54.384,-14.9292,5.4503,386.58,144.82,-14.9292,5.4503,,,0.21159,0
63.6459,22,33,3,6,290.33,302.56,dwell,393.47,73.07,251.60,0,178.778,7.558,179.774,-18.12,20.42,147.24,-17.67,-6.74,173.04,53.455,54.021,-12.6704,5.7633,393.47,73.07,-13.9127,5.5911,,,0.19220,0
63.7571,22,33,3,6,290.33,302.56,dwell,340.27,244.64,76.47,0,178.844,7.686,179.795,-18.13,20.48,147.14,-17.35,-8.14,173.09,53.356,53.892,-19.2501,3.3708,340.27,244.64,-16.3146,4.5920,,,0.20150,0
63.8391,22,33,3,6,290.33,302.56,dwell,400.01,181.61,163.27,0,178.935,7.722,179.791,-18.14,20.56,147.11,-17.76,-8.19,173.12,53.471,54.064,-17.4965,5.7352,400.01,181.61,-16.8464,5.1064,,,0.22548,0
63.9383,22,33,3,6,290.33,302.56,dwell,329.93,295.29,40.26,0,178.936,7.686,179.817,-18.28,20.72,147.24,-17.74,-8.56,173.40,53.145,54.495,-21.3694,3.0190,329.93,295.29,-18.8817,4.1671,,,0.16885,0
64.0437,22,33,3,6,290.33,302.56,dwell,280.21,188.95,114.06,0,178.904,7.571,179.816,-18.32,20.73,147.18,-17.58,-8.26,173.84,53.244,54.721,-17.6148,-0.4627,280.21,188.95,-18.3116,2.0837,,,0.19506,0
64.1544,22,33,3,6,290.33,302.56,dwell,302.38,172.33,130.78,0,178.962,7.580,179.798,-18.26,20.60,147.44,-17.75,-8.10,173.51,53.317,54.125,-17.2697,1.5455,302.38,172.33,-17.8428,1.8415,,,0.19606,0
64.2544,22,33,3,6,290.33,302.56,dwell,257.14,145.55,160.48,0,178.790,7.507,179.816,-18.20,20.50,147.57,-17.04,-8.53,173.99,53.368,54.186,-15.4796,-0.7758,257.14,145.55,-16.7793,0.6637,,,0.21281,0
64.3440,22,33,3,6,290.33,302.56,dwell,224.66,114.35,199.33,0,178.800,7.598,179.825,-18.24,20.56,147.79,-17.15,-8.23,173.79,53.366,54.453,-13.6865,-2.1378,224.66,114.35,-15.3875,-0.5970,,,0.19550,0
64.4603,22,33,3,6,290.33,302.56,dwell,278.90,149.57,153.41,0,178.876,7.624,179.840,-18.30,20.52,147.46,-18.17,-7.61,173.99,53.370,54.174,-15.0137,0.5569,278.90,149.57,-15.2193,-0.0777,,,0.21456,0
64.5702,22,33,3,6,290.33,302.56,capture,270.07,154.20,149.73,0,178.784,7.661,179.819,-18.31,20.75,147.45,-17.56,-8.59,173.98,53.275,53.853,-15.2400,0.0698,270.07,154.20,-15.2286,-0.0113,,,0.19073,0
64.6839,22,33,3,6,290.33,302.56,capture,249.03,187.12,122.60,0,178.720,7.698,179.858,-18.43,20.88,147.45,-17.38,-7.73,173.51,53.165,53.853,-16.4779,-0.7609,249.03,187.12,-15.7908,-0.3486,,,0.20697,0
64.7659,22,33,3,6,290.33,302.56,capture,246.52,146.04,162.53,0,178.835,7.729,179.863,-18.48,20.79,147.54,-17.39,-8.40,174.30,53.292,53.841,-15.2558,-1.4498,246.52,146.04,-15.5501,-0.8442,,,0.20306,0
64.8563,22,33,3,6,290.33,302.56,capture,253.33,160.85,146.46,0,178.809,7.742,179.851,-18.41,20.90,147.40,-17.73,-6.85,174.21,52.983,53.935,-16.5119,-1.4278,253.33,160.85,-15.9829,-1.1068,,,0.18760,0
64.9607,22,33,3,6,290.33,302.56,capture,275.17,155.57,147.77,0,178.831,7.785,179.852,-18.38,20.61,147.25,-17.84,-8.52,173.71,53.254,54.270,-16.4965,-0.2632,275.17,155.57,-16.2140,-0.7272,,,0.21886,0
65.0667,22,33,3,6,290.33,302.56,capture,261.05,156.20,149.26,0,178.869,7.741,179.872,-18.34,20.68,147.10,-17.54,-8.64,173.69,53.451,54.191,-16.3547,-0.7377,261.05,156.20,-16.2773,-0.7319,,,0.19154,0
65.1564,22,33,3,6,290.33,302.56,capture,258.95,148.19,157.52,0,178.785,7.931,179.848,-18.34,20.70,147.46,-17.96,-8.11,173.87,53.651,54.239,-14.5842,-1.2875,258.95,148.19,-15.5154,-0.9819,,,0.22509,0
65.2552,22,33,3,6,290.33,302.56,capture,265.73,130.67,173.64,0,178.866,7.989,179.850,-18.35,20.77,147.43,-17.93,-7.15,173.97,53.695,54.322,-15.8300,-0.7075,265.73,130.67,-15.6570,-0.8584,,,0.19783,0
65.3426,22,33,3,6,290.33,302.56,capture,252.87,166.65,140.97,0,178.935,8.037,179.890,-18.31,20.75,147.56,-17.62,-7.87,173.67,53.722,54.586,-15.8053,-0.6071,252.87,166.65,-15.7237,-0.7453,,,0.21566,0
65.4317,22,33,3,6,290.33,302.56,capture,259.43,169.29,136.80,0,178.890,8.091,179.924,-18.36,20.75,147.42,-17.75,-8.12,173.83,53.850,54.192,-17.0748,-0.0023,259.43,169.29,-16.3317,-0.4110,,,0.21132,0
65.5391,22,33,3,6,290.33,302.56,capture,243.21,147.70,161.87,0,178.837,7.981,179.911,-18.34,20.58,147.45,-17.43,-6.77,173.42,54.029,54.199,-16.8660,-1.2867,243.21,147.70,-16.5721,-0.8051,,,0.24982,0
65.6343,22,33,3,6,290.33,302.56,capture,227.26,153.54,161.81,0,178.921,7.862,179.902,-18.25,20.80,147.59,-18.37,-7.45,173.82,54.347,54.555,-16.0791,-1.9795,227.26,153.54,-16.3503,-1.3336,,,0.23227,0
65.7223,22,33,3,6,290.33,302.56,capture,235.31,159.70,153.09,0,178.853,7.953,179.879,-18.30,20.82,147.25,-17.50,-7.17,173.46,54.031,54.111,-15.8677,-1.3591,235.31,159.70,-16.1331,-1.3450,,,0.19778,0
65.8043,22,33,3,6,290.33,302.56,capture,249.55,138.75,168.81,0,178.868,7.970,179.866,-18.29,20.81,147.44,-17.70,-8.40,173.57,53.663,54.138,-14.4093,-0.8489,249.55,138.75,-15.3574,-1.1218,,,0.19898,0
65.9166,22,33,3,6,290.33,302.56,capture,250.67,180.08,128.74,0,178.861,7.879,179.877,-18.44,20.72,147.79,-18.00,-8.47,174.37,53.516,54.421,-17.1792,-1.0519,250.67,180.08,-16.1772,-1.0903,,,0.20082,0
66.0300,22,33,3,6,290.33,302.56,capture,235.94,176.98,136.85,0,178.800,7.977,179.842,-18.32,20.81,147.81,-18.28,-7.86,174.09,53.849,54.556,-16.9964,-1.8647,235.94,176.98,-16.5458,-1.4388,,,0.21562,0
66.1427,22,33,3,6,290.33,302.56,capture,219.12,162.40,157.21,0,178.875,8.079,179.862,-18.25,20.93,147.68,-17.79,-7.68,173.66,53.999,54.057,-15.6726,-2.6059,219.12,162.40,-16.1529,-1.9640,,,0.23696,0
66.2527,22,33,3,6,290.33,302.56,capture,263.66,159.64,145.38,0,178.920,7.991,179.823,-18.20,21.08,147.60,-17.95,-6.80,173.80,53.791,54.202,-16.2579,-1.3928,263.66,159.64,-16.2001,-1.7070,,,0.21107,0
66.3533,22,33,3,6,290.33,302.56,capture,267.79,146.22,157.95,0,178.829,7.845,179.856,-18.17,20.99,147.67,-17.68,-6.98,174.11,53.907,54.377,-14.6663,-0.0948,267.79,146.22,-15.5099,-0.9815,,,0.23769,0
66.4464,22,33,3,6,290.33,302.56,capture,266.05,146.02,158.41,0,178.796,7.971,179.858,-18.17,20.85,147.73,-18.19,-8.05,173.94,53.873,54.211,-15.8172,-0.5924,266.05,146.02,-15.6482,-0.8064,,,0.23036,0
66.5482,22,33,3,6,290.33,302.56,capture,256.43,169.47,137.34,0,178.775,7.970,179.857,-17.93,20.73,147.66,-17.26,-7.90,173.99,53.411,54.147,-16.3765,-0.7262,256.43,169.47,-15.9760,-0.7703,,,0.21966,0
66.7227,23,34,3,7,335.00,302.56,dwell,270.39,338.42,73.90,0,178.833,8.046,179.836,-18.02,20.89,147.73,-17.18,-6.86,174.03,53.544,54.213,-23.3701,-0.7611,270.39,338.42,-23.3701,-0.7611,,,0.20445,0
66.8111,23,34,3,7,335.00,302.56,dwell,306.88,155.65,149.57,0,178.866,8.051,179.808,-18.04,20.84,147.52,-16.78,-7.51,173.53,53.635,54.189,-15.2126,1.9570,306.88,155.65,-19.6992,0.4620,,,0.21810,0
66.9108,23,34,3,7,335.00,302.56,dwell,318.94,254.16,50.99,0,178.852,8.115,179.791,-18.18,20.80,147.57,-17.36,-7.97,173.96,53.606,54.690,-19.9616,2.1626,318.94,254.16,-19.8173,1.2273,,,0.21004,0
67.0239,23,34,3,7,335.00,302.56,dwell,261.51,157.46,162.65,0,178.920,8.066,179.780,-18.19,20.72,147.47,-18.50,-6.60,173.82,53.672,54.696,-15.5997,-0.5917,261.51,157.46,-17.9194,0.4087,,,0.21150,0
67.1353,23,34,3,7,335.00,302.56,dwell,365.14,234.60,74.34,0,178.852,7.901,179.801,-18.22,20.72,147.70,-17.94,-8.45,173.73,53.758,54.966,-18.7655,3.9043,365.14,234.60,-18.3001,1.9817,,,0.21556,0
67.2403,23,34,3,7,335.00,302.56,dwell,415.07,288.80,81.24,0,178.847,7.859,179.804,-18.21,20.91,147.82,-18.18,-8.18,174.40,53.572,54.474,-20.8297,6.1586,415.07,288.80,-19.4384,3.8613,,,0.20121,0
67.3377,23,34,3,7,335.00,302.56,dwell,359.06,368.83,70.51,0,178.843,7.885,179.812,-18.18,20.80,148.00,-17.60,-7.70,174.00,53.492,54.542,-24.2691,4.0673,359.06,368.83,-21.6122,3.9540,,,0.21885,0
67.4325,23,34,3,7,335.00,302.56,dwell,379.71,292.74,45.77,0,178.825,7.980,179.804,-18.23,20.85,147.95,-17.87,-8.06,174.43,53.074,54.751,-21.4659,4.6528,379.71,292.74,-21.5464,4.2685,,,0.21984,0
67.5489,23,34,3,7,335.00,302.56,dwell,382.98,314.29,49.39,0,178.837,8.105,179.814,-18.37,21.03,147.86,-17.83,-7.59,173.92,53.285,54.776,-22.9028,4.4270,382.98,314.29,-22.1568,4.3398,,,0.18222,0
67.6476,23,34,3,7,335.00,302.56,dwell,418.32,345.94,93.94,0,178.794,7.955,179.825,-18.20,21.20,147.83,-17.79,-6.60,174.30,53.435,54.859,-23.2632,6.2510,418.32,345.94,-22.6547,5.1999,,,0.20132,0
67.7610,23,34,3,7,335.00,302.56,capture,424.50,343.81,98.55,0,178.835,7.920,179.809,-18.12,21.29,147.61,-18.30,-7.49,174.67,53.626,54.605,-22.1755,6.3106,424.50,343.81,-22.4391,5.6997,,,0.19043,0
67.8677,23,34,3,7,335.00,302.56,capture,428.80,353.41,106.70,0,178.801,7.849,179.822,-18.04,21.19,147.77,-17.29,-6.95,174.41,53.608,54.674,-23.9534,7.1302,428.80,353.41,-23.1205,6.3434,,,0.18873,0
67.9627,23,34,3,7,335.00,302.56,capture,421.97,328.29,90.70,0,178.855,7.787,179.816,-18.02,21.33,147.89,-17.56,-7.63,173.97,53.432,54.455,-22.3207,6.6419,421.97,328.29,-22.7606,6.4777,,,0.20689,0
68.0857,23,34,3,7,335.00,302.56,capture,402.90,305.73,67.97,0,178.873,7.721,179.841,-18.02,21.22,147.74,-17.78,-7.81,173.97,53.666,54.481,-22.7372,5.7392,402.90,305.73,-22.7501,6.1454,,,0.19318,0
68.1901,23,34,3,7,335.00,302.56,capture,422.59,340.32,95.38,0,179.062,7.642,179.865,-18.07,21.04,147.76,-18.27,-7.73,174.08,53.950,54.677,-24.1311,6.9427,422.59,340.32,-23.3715,6.5042,,,0.23045,0
68.3019,23,34,3,7,335.00,302.56,capture,404.72,350.42,84.57,0,179.017,7.597,179.885,-18.12,20.86,148.16,-17.24,-7.10,174.67,54.227,54.839,-23.8696,5.9207,404.72,350.42,-23.5956,6.2416,,,0.22161,0
68.3958,23,34,3,7,335.00,302.56,capture,417.30,334.99,88.46,0,178.942,7.639,179.866,-18.12,20.63,148.17,-17.59,-8.11,174.73,54.109,54.631,-23.1591,6.8371,417.30,334.99,-23.3992,6.5096,,,0.20874,0
68.4987,23,34,3,7,335.00,302.56,capture,420.31,323.64,87.88,0,178.845,7.778,179.849,-18.22,20.62,147.88,-17.69,-8.37,174.40,53.781,54.648,-22.1713,7.1242,420.31,323.64,-22.8466,6.7861,,,0.21214,0
68.6030,23,34,3,7,335.00,302.56,capture,432.28,332.11,101.67,0,178.676,7.738,179.841,-18.36,20.57,147.71,-18.06,-8.62,174.21,53.819,54.638,-22.1857,6.6752,432.28,332.11,-22.5492,6.7362,,,0.21525,0
68.7130,23,34,3,7,335.00,302.56,capture,404.90,305.88,69.98,0,178.629,7.719,179.834,-18.28,20.63,147.90,-17.68,-7.85,174.32,53.683,54.361,-21.8680,5.4912,404.90,305.88,-22.2427,6.1760,,,0.21935,0
68.7964,23,34,3,7,335.00,302.56,capture,428.21,356.55,107.72,0,178.677,7.778,179.821,-18.38,20.62,147.81,-17.77,-8.44,174.78,53.991,54.147,-23.7580,7.4943,428.21,356.55,-22.9246,6.7692,,,0.19588,0
68.8882,23,34,3,7,335.00,302.56,capture,416.87,345.46,92.43,0,178.641,7.780,179.819,-18.42,20.67,147.83,-18.11,-7.96,174.19,54.529,54.284,-23.3751,6.7128,416.87,345.46,-23.1273,6.7438,,,0.21977,0
68.9759,23,34,3,7,335.00,302.56,capture,425.58,315.12,91.45,0,178.658,7.881,179.810,-18.42,20.61,147.73,-18.54,-8.10,173.65,54.758,54.592,-21.6334,7.0441,425.58,315.12,-22.4551,6.8789,,,0.22341,0
69.0755,23,34,3,7,335.00,302.56,capture,432.07,339.65,103.92,0,178.708,7.840,179.794,-18.44,20.44,148.10,-18.40,-7.70,174.92,54.671,54.037,-23.3819,7.2010,432.07,339.65,-22.8721,7.0238,,,0.23540,0
69.1676,23,34,3,7,335.00,302.56,capture,419.24,335.15,90.33,0,178.818,7.827,179.798,-18.46,20.56,148.17,-17.60,-7.61,174.91,54.616,54.275,-22.9013,6.7571,419.24,335.15,-22.8853,6.9038,,,0.22755,0
69.2861,23,34,3,7,335.00,302.56,capture,413.10,320.90,80.23,0,178.889,7.720,179.790,-18.46,20.53,148.36,-18.07,-7.81,174.46,54.790,53.973,-22.4351,6.1832,413.10,320.90,-22.6827,6.5795,,,0.23420,0
69.3966,23,34,3,7,335.00,302.56,capture,435.22,327.06,103.17,0,178.903,7.739,179.800,-18.48,20.61,148.34,-17.90,-8.19,174.63,54.288,54.287,-22.8472,6.9711,435.22,327.06,-22.7567,6.7557,,,0.25875,0
69.5047,23,34,3,7,335.00,302.56,capture,409.45,297.90,74.60,0,178.968,7.675,179.788,-18.38,20.59,148.16,-18.11,-8.86,174.74,53.919,54.188,-21.4760,6.1634,409.45,297.90,-22.1804,6.4892,,,0.20022,0
69.7163,24,32,3,5,245.67,302.56,dwell,364.19,231.98,137.94,0,178.958,7.641,179.797,-18.40,20.66,147.88,-18.36,-8.04,174.25,53.958,54.034,-17.8162,4.0393,364.19,231.98,-17.8162,4.0393,,,0.22260,0
69.8099,24,32,3,5,245.67,302.56,dwell,290.50,348.81,64.42,0,179.048,7.656,179.795,-18.44,20.81,148.09,-18.22,-8.12,174.25,54.131,54.247,-22.5878,1.6806,290.50,348.81,-19.9634,2.9779,,,0.22310,0
69.9134,24,32,3,5,245.67,302.56,dwell,286.42,385.18,92.13,0,179.133,7.678,179.797,-18.54,20.75,147.93,-18.29,-7.93,174.11,54.213,54.066,-25.4905,0.3173,286.42,385.18,-22.4506,1.7807,,,0.23661,0
70.0105,24,32,3,5,245.67,302.56,dwell,299.81,362.23,80.58,0,179.168,7.823,179.798,-18.54,20.72,147.90,-18.16,-7.90,174.70,54.013,53.941,-23.4269,1.2442,299.81,362.23,-22.8899,1.5393,,,0.18455,0
70.1241,24,32,3,5,245.67,302.56,dwell,298.77,282.43,56.79,0,179.229,7.775,179.861,-18.50,20.72,148.10,-18.07,-7.88,174.17,53.795,54.219,-20.8598,1.7385,298.77,282.43,-21.9764,1.6289,,,0.23286,0
70.2279,24,32,3,5,245.67,302.56,dwell,263.97,197.56,106.58,0,179.088,7.667,179.856,-18.49,20.57,147.91,-17.57,-8.72,174.70,53.563,54.133,-17.1942,-0.6481,263.97,197.56,-19.8244,0.6043,,,0.22123,0
70.3099,24,32,3,5,245.67,302.56,dwell,307.03,264.83,72.03,0,178.988,7.650,179.841,-18.56,20.37,147.94,-18.03,-7.56,174.36,53.645,54.150,-20.6690,1.1249,307.03,264.83,-20.2045,0.8385,,,0.22814,0
70.4062,24,32,3,5,245.67,302.56,dwell,233.27,131.93,171.08,0,178.884,7.755,179.822,-18.61,20.45,147.84,-17.65,-8.49,174.32,53.664,54.320,-14.6074,-1.7458,233.27,131.93,-17.6858,-0.3244,,,0.21213,0
70.5100,24,32,3,5,245.67,302.56,dwell,251.61,221.03,81.74,0,178.870,7.906,179.784,-18.62,20.63,147.70,-18.06,-7.77,174.47,53.539,54.221,-19.0685,-1.1445,251.61,221.03,-18.3080,-0.6935,,,0.22447,0
70.5955,24,32,3,5,245.67,302.56,dwell,172.32,194.72,130.42,0,178.931,8.019,179.832,-18.62,20.73,148.00,-17.76,-7.47,174.41,53.950,54.748,-17.4486,-5.2767,172.32,194.72,-17.9213,-2.7559,,,0.20857,0
70.6982,24,32,3,5,245.67,302.56,dwell,231.28,144.70,158.51,0,179.008,8.013,179.844,-18.57,20.68,148.19,-18.07,-8.15,174.56,54.070,54.911,-15.0440,-1.8883,231.28,144.70,-16.6265,-2.3655,,,0.22978,0
70.7964,24,32,3,5,245.67,302.56,capture,189.18,113.61,197.21,0,179.006,8.171,179.824,-18.56,20.51,148.14,-18.49,-8.21,174.77,53.963,54.684,-14.3105,-4.9272,189.18,113.61,-15.5843,-3.5183,,,0.24663,0
70.8993,24,32,3,5,245.67,302.56,capture,198.05,111.41,196.99,0,178.964,8.196,179.797,-18.68,20.63,148.25,-18.22,-7.67,174.74,54.170,54.267,-14.3509,-2.8848,198.05,111.41,-15.0293,-3.2332,,,0.19628,0
71.0028,24,32,3,5,245.67,302.56,capture,201.59,119.98,187.82,0,179.047,8.008,179.796,-18.70,20.77,147.90,-18.31,-7.69,174.89,54.140,54.103,-14.6469,-3.1371,201.59,119.98,-14.8572,-3.1900,,,0.21531,0
71.1013,24,32,3,5,245.67,302.56,capture,184.78,121.16,191.34,0,179.045,7.910,179.801,-18.60,20.94,147.98,-17.35,-6.63,174.52,54.055,54.009,-14.0547,-4.5812,184.78,121.16,-14.4961,-3.8160,,,0.20782,0
71.2007,24,32,3,5,245.67,302.56,capture,153.93,143.61,183.52,0,178.878,7.956,179.797,-18.66,20.88,147.77,-17.91,-7.95,174.03,53.650,54.347,-15.1403,-5.3853,153.93,143.61,-14.7860,-4.5222,,,0.21044,0
71.3030,24,32,3,5,245.67,302.56,capture,177.61,139.62,176.58,0,179.069,7.914,179.810,-18.53,20.89,147.91,-17.79,-7.88,174.26,53.382,54.391,-15.3400,-4.8302,177.61,139.62,-15.0353,-4.6608,,,0.20221,0
71.4060,24,32,3,5,245.67,302.56,capture,184.49,151.23,163.22,0,179.047,8.084,179.796,-18.58,20.81,148.04,-17.64,-7.78,174.86,53.729,54.596,-15.7640,-4.3066,184.49,151.23,-15.3632,-4.5014,,,0.19337,0
71.5078,24,32,3,5,245.67,302.56,capture,201.32,155.76,153.35,0,179.102,8.104,179.817,-18.58,20.77,148.20,-18.30,-8.58,174.84,53.773,54.435,-15.5308,-3.8483,201.32,155.76,-15.4386,-4.2075,,,0.20101,0
71.6136,24,32,3,5,245.67,302.56,capture,196.49,134.20,175.39,0,179.158,8.032,179.771,-18.57,20.80,148.14,-18.40,-7.83,174.96,54.180,54.560,-14.7004,-4.4891,196.49,134.20,-15.1065,-4.3342,,,0.22195,0
71.7178,24,32,3,5,245.67,302.56,capture,184.48,150.67,163.75,0,179.106,8.101,179.776,-18.51,20.78,148.16,-18.37,-6.68,174.71,53.895,54.514,-14.9463,-4.3833,184.48,150.67,-15.0344,-4.3563,,,0.22260,0
71.8144,24,32,3,5,245.67,302.56,capture,199.58,123.34,185.05,0,179.105,8.062,179.766,-18.48,20.61,148.08,-17.81,-7.51,174.31,53.970,54.374,-15.2880,-3.6170,199.58,123.34,-15.1485,-4.0236,,,0.23151,0
71.9412,24,32,3,5,245.67,302.56,capture,204.66,142.98,164.76,0,179.038,8.133,179.764,-18.46,20.45,148.00,-18.52,-7.88,174.20,54.218,54.603,-15.3934,-4.0100,204.66,142.98,-15.2587,-4.0175,,,0.21713,0
72.0271,24,32,3,5,245.67,302.56,capture,201.87,150.00,158.72,0,178.954,7.972,179.768,-18.48,20.35,147.91,-17.96,-8.27,174.03,54.463,54.741,-15.2950,-3.1955,201.87,150.00,-15.2750,-3.6476,,,0.26716,0
72.1138,24,32,3,5,245.67,302.56,capture,181.81,126.68,187.11,0,178.987,7.957,179.736,-18.43,20.28,147.75,-18.10,-8.36,174.14,54.448,54.972,-14.9188,-4.3037,181.81,126.68,-15.1148,-3.9428,,,0.22795,0
72.2113,24,32,3,5,245.67,302.56,capture,198.23,142.29,167.14,0,178.921,8.007,179.739,-18.33,20.20,147.54,-18.43,-8.49,173.80,54.225,54.876,-14.4461,-3.6754,198.23,142.29,-14.8138,-3.8225,,,0.28462,0
72.3042,24,32,3,5,245.67,302.56,capture,190.55,141.40,170.32,0,178.843,8.004,179.724,-18.30,20.34,147.86,-17.94,-7.94,174.52,54.336,54.777,-15.8189,-3.3815,190.55,141.40,-15.2661,-3.6240,,,0.24725,0
72.4018,24,32,3,5,245.67,302.56,capture,190.33,168.00,145.49,0,178.932,7.904,179.717,-18.24,20.43,148.02,-17.68,-8.06,174.51,54.013,54.590,-15.6494,-3.8411,190.33,168.00,-15.4386,-3.7217,,,0.26030,0
72.5279,24,32,3,5,245.67,302.56,capture,188.44,154.88,158.38,0,178.921,7.770,179.760,-18.25,20.54,148.01,-17.94,-7.48,174.34,53.720,54.470,-15.1824,-4.5696,188.44,154.88,-15.3233,-4.1033,,,0.20863,0
72.7438,25,39,4,3,156.33,389.00,dwell,167.95,122.10,267.15,0,178.846,7.880,179.788,-18.19,20.46,147.66,-17.60,-7.40,174.03,53.639,54.035,-15.1983,-4.7131,167.95,122.10,-15.1983,-4.7131,,,0.21363,0
72.8379,25,39,4,3,156.33,389.00,dwell,160.44,121.60,267.43,0,178.954,7.836,179.804,-18.18,20.58,147.75,-17.57,-7.85,173.84,53.702,54.356,-14.0765,-6.0558,160.44,121.60,-14.6935,-5.3173,,,0.19926,0
72.9199,25,39,4,3,156.33,389.00,dwell,177.71,183.80,206.31,0,179.067,7.934,179.822,-18.06,20.66,147.88,-17.33,-7.89,174.13,53.847,54.311,-16.5478,-5.4558,177.71,183.80,-15.5279,-5.3796,,,0.23536,0
73.0211,25,39,4,3,156.33,389.00,dwell,151.94,156.91,232.13,0,179.110,8.014,179.830,-18.06,20.78,147.81,-16.73,-7.59,174.55,54.337,54.319,-15.2682,-5.8361,151.94,156.91,-15.4110,-5.5850,,,0.24630,0
73.1134,25,39,4,3,156.33,389.00,dwell,151.29,287.02,102.10,0,179.148,7.948,179.823,-17.99,20.74,147.66,-17.74,-7.16,173.68,54.361,54.111,-21.3353,-6.4571,151.29,287.02,-18.0769,-5.9775,,,0.23903,0
73.2108,25,39,4,3,156.33,389.00,dwell,154.74,220.10,168.91,0,179.187,8.003,179.828,-18.07,20.82,147.82,-17.82,-7.86,174.55,54.386,53.945,-18.3810,-5.7664,154.74,220.10,-18.2138,-5.8825,,,0.23021,0
73.3277,25,39,4,3,156.33,389.00,dwell,125.21,241.01,151.23,0,179.071,7.930,179.825,-18.04,20.78,147.69,-17.91,-8.87,173.62,54.059,54.040,-19.3456,-6.7079,125.21,241.01,-18.7231,-6.2539,,,0.21165,0
73.4188,25,39,4,3,156.33,389.00,dwell,140.81,229.04,160.71,0,179.164,8.002,179.810,-18.30,20.88,147.58,-18.30,-7.86,173.98,53.814,54.276,-19.2112,-6.3543,140.81,229.04,-18.9427,-6.2991,,,0.20078,0
73.5260,25,39,4,3,156.33,389.00,capture,120.19,266.32,127.89,0,179.141,7.971,179.833,-18.26,20.82,147.65,-18.60,-7.77,173.95,53.690,54.142,-20.1802,-6.7538,120.19,266.32,-19.4996,-6.5037,,,0.20605,0
73.6177,25,39,4,3,156.33,389.00,capture,134.65,257.82,132.96,0,179.194,8.060,179.842,-18.24,20.65,147.48,-17.75,-8.48,173.30,53.646,54.008,-20.1044,-7.0583,134.65,257.82,-19.7718,-6.7533,,,0.21516,0
73.7037,25,39,4,3,156.33,389.00,capture,143.73,283.82,105.93,0,179.145,8.100,179.817,-18.27,20.68,147.51,-17.66,-7.81,173.42,53.512,54.026,-20.3012,-6.4403,143.73,283.82,-20.0100,-6.6124,,,0.20812,0
73.8334,25,39,4,3,156.33,389.00,capture,125.82,247.93,144.33,0,179.016,8.078,179.824,-18.41,20.58,147.45,-17.74,-7.41,173.42,53.464,54.463,-18.9061,-6.8792,125.82,247.93,-19.5133,-6.7325,,,0.19583,0
73.9528,25,39,4,3,156.33,389.00,capture,115.41,257.61,137.62,0,179.009,8.100,179.812,-18.34,20.50,147.21,-17.94,-7.26,173.56,53.451,54.498,-20.1668,-7.0021,115.41,257.61,-19.8073,-6.8538,,,0.22161,0
74.0583,25,39,4,3,156.33,389.00,capture,132.29,294.15,97.85,0,179.153,8.019,179.802,-18.43,20.47,147.19,-17.61,-7.39,173.43,53.804,54.034,-21.0303,-6.5132,132.29,294.15,-20.3577,-6.7005,,,0.20908,0
74.1403,25,39,4,3,156.33,389.00,capture,123.19,297.79,97.05,0,179.069,8.013,179.788,-18.44,20.33,147.28,-18.91,-8.30,173.92,54.144,54.068,-20.7059,-7.4259,123.19,297.79,-20.5144,-7.0269,,,0.24866,0
74.2466,25,39,4,3,156.33,389.00,capture,145.38,266.43,123.06,0,178.999,7.934,179.796,-18.28,20.29,147.02,-17.65,-8.13,172.92,54.132,53.839,-20.4146,-6.4585,145.38,266.43,-20.4695,-6.7712,,,0.22765,0
74.3423,25,39,4,3,156.33,389.00,capture,123.28,242.01,150.66,0,178.917,7.868,179.815,-18.28,20.27,147.13,-16.87,-8.44,173.42,54.341,53.681,-19.4026,-6.8706,123.28,242.01,-19.9894,-6.8159,,,0.21539,0
74.4496,25,39,4,3,156.33,389.00,capture,118.37,292.06,104.11,0,178.859,7.840,179.776,-18.31,20.36,147.24,-17.84,-8.40,173.33,54.106,54.016,-20.9820,-7.6034,118.37,292.06,-20.4361,-7.1703,,,0.20398,0
74.5451,25,39,4,3,156.33,389.00,capture,137.75,285.17,105.48,0,178.778,7.878,179.744,-18.22,20.48,147.40,-17.36,-7.92,173.81,54.208,53.790,-19.4986,-6.3406,137.75,285.17,-20.0142,-6.7969,,,0.20706,0
74.6586,25,39,4,3,156.33,389.00,capture,130.63,269.36,122.37,0,178.788,7.843,179.750,-18.31,20.44,147.33,-18.22,-8.02,173.56,53.997,53.794,-20.2188,-6.5452,130.63,269.36,-20.1063,-6.6836,,,0.21770,0
74.7645,25,39,4,3,156.33,389.00,capture,123.65,270.05,123.36,0,178.976,7.838,179.734,-18.34,20.42,147.27,-17.94,-7.31,173.17,53.968,53.670,-20.3232,-6.6552,123.65,270.05,-20.2039,-6.6708,,,0.21727,0
74.8588,25,39,4,3,156.33,389.00,capture,142.39,283.33,106.59,0,178.964,7.949,179.732,-18.36,20.29,147.56,-17.89,-8.10,174.17,53.572,53.780,-20.8713,-6.4827,142.39,283.33,-20.5042,-6.5862,,,0.19056,0
74.9528,25,39,4,3,156.33,389.00,capture,124.10,267.29,125.91,0,178.929,7.975,179.784,-18.42,20.34,147.52,-18.13,-8.58,174.26,53.709,53.637,-18.8964,-6.8041,124.10,267.29,-19.7807,-6.6842,,,0.19984,0
75.0363,25,39,4,3,156.33,389.00,capture,127.16,264.37,128.00,0,179.070,7.993,179.757,-18.46,20.25,147.30,-17.50,-8.92,174.25,54.228,53.167,-19.6828,-6.9568,127.16,264.37,-19.7366,-6.8069,,,0.22866,0
75.1302,25,39,4,3,156.33,389.00,capture,144.43,237.32,152.15,0,178.983,8.243,179.743,-18.59,20.39,147.22,-18.10,-8.29,173.22,54.211,53.648,-18.8577,-5.8666,144.43,237.32,-19.3411,-6.3838,,,0.23504,0
75.2385,25,39,4,3,156.33,389.00,capture,128.31,253.53,138.34,0,178.945,8.353,179.741,-18.62,20.26,147.31,-17.99,-8.13,173.52,53.930,53.813,-19.2850,-7.1458,128.31,253.53,-19.3158,-6.7267,,,0.20755,0
75.3497,25,39,4,3,156.33,389.00,capture,129.99,282.35,109.86,0,179.066,8.320,179.742,-18.68,20.32,147.52,-17.77,-8.49,173.73,53.869,54.149,-20.6839,-6.1100,129.99,282.35,-19.9315,-6.4492,,,0.22214,0
75.4633,25,39,4,3,156.33,389.00,capture,141.86,289.49,100.56,0,179.005,8.363,179.755,-18.66,20.55,147.51,-17.54,-7.32,173.59,53.942,54.178,-21.2188,-5.8103,141.86,289.49,-20.5108,-6.1617,,,0.23301,0
75.6492,26,28,3,1,67.00,302.56,dwell,222.03,192.17,190.31,0,178.931,8.393,179.779,-18.57,20.66,147.69,-18.03,-7.88,173.79,53.618,54.238,-16.1233,-2.7581,222.03,192.17,-16.1233,-2.7581,,,0.20533,0
75.7441,26,28,3,1,67.00,302.56,dwell,182.56,203.92,151.93,0,178.801,8.334,179.771,-18.66,20.80,147.61,-17.89,-7.21,174.02,53.119,54.544,-18.1321,-5.0133,182.56,203.92,-17.0273,-3.7729,,,0.18251,0
75.8363,26,28,3,1,67.00,302.56,dwell,62.68,236.63,66.07,0,178.748,8.185,179.752,-18.65,20.60,147.66,-17.67,-7.71,173.62,53.391,54.590,-19.0014,-10.0117,62.68,236.63,-17.9156,-6.5804,,,0.18970,0
75.9232,26,28,3,1,67.00,302.56,dwell,2.31,287.23,66.48,0,178.885,8.065,179.778,-18.67,20.67,147.63,-18.22,-8.97,173.92,53.494,54.192,-20.0119,-12.5227,2.31,287.23,-18.8590,-9.2544,,,0.21636,0
76.0365,26,28,3,1,67.00,302.56,dwell,46.95,75.98,227.46,0,178.753,8.136,179.826,-18.67,20.51,147.48,-18.45,-8.16,173.47,54.038,54.416,-12.5417,-10.7928,46.95,75.98,-16.0162,-9.9467,,,0.19642,0
76.1306,26,28,3,1,67.00,302.56,dwell,132.41,254.22,81.33,0,178.836,8.106,179.850,-18.74,20.41,147.49,-18.21,-7.36,173.69,54.378,54.306,-20.6297,-6.5679,132.41,254.22,-18.0923,-8.4262,,,0.22763,0
76.2287,26,28,3,1,67.00,302.56,dwell,-23.09,209.29,129.67,0,178.880,8.043,179.873,-18.63,20.53,147.58,-18.38,-7.86,174.17,54.285,53.994,-17.5621,-14.5972,-23.09,209.29,-17.8537,-11.2032,,,0.23167,0
76.3167,26,28,3,1,67.00,302.56,dwell,23.53,251.34,67.18,0,178.996,8.245,179.855,-18.51,20.51,147.42,-18.47,-8.05,173.71,53.944,54.290,-19.5985,-11.4592,23.53,251.34,-18.6389,-11.3184,,,0.22594,0
76.4261,26,28,3,1,67.00,302.56,dwell,24.78,271.10,52.65,0,179.039,8.224,179.856,-18.42,20.54,147.43,-18.11,-8.13,173.25,53.953,54.259,-20.5971,-11.9327,24.78,271.10,-19.5201,-11.5948,,,0.21091,0
76.5128,26,28,3,1,67.00,302.56,capture,-12.68,231.92,106.48,0,179.055,8.065,179.871,-18.42,20.70,147.03,-18.13,-7.32,173.24,54.071,54.155,-19.4892,-13.1367,-12.68,231.92,-19.5062,-12.2886,,,0.23186,0
76.6062,26,28,3,1,67.00,302.56,capture,-2.49,221.51,106.76,0,179.134,8.195,179.875,-18.27,20.91,147.14,-17.91,-7.62,173.26,54.023,53.919,-18.2709,-13.1854,-2.49,221.51,-18.9503,-12.6922,,,0.21425,0
76.7159,26,28,3,1,67.00,302.56,capture,-14.33,242.07,101.36,0,179.049,8.023,179.892,-18.26,20.77,147.24,-18.12,-7.46,173.24,53.973,54.090,-18.9648,-13.6173,-14.33,242.07,-18.9568,-13.1085,,,0.21663,0
76.8160,26,28,3,1,67.00,302.56,capture,17.57,236.93,82.16,0,178.958,7.939,179.881,-18.36,20.64,146.96,-18.19,-7.95,173.10,54.094,54.214,-20.2391,-11.4988,17.57,236.93,-19.5338,-12.3841,,,0.23203,0
76.9201,26,28,3,1,67.00,302.56,capture,21.61,217.45,96.45,0,179.005,7.663,179.891,-18.46,20.62,147.05,-18.26,-7.40,173.18,54.093,54.543,-17.9920,-11.3459,21.61,217.45,-18.8400,-11.9169,,,0.24564,0
77.0303,26,28,3,1,67.00,302.56,capture,-28.08,227.64,121.05,0,179.019,7.774,179.900,-18.46,20.59,146.94,-18.13,-8.19,172.75,54.486,54.704,-18.6989,-14.4516,-28.08,227.64,-18.7765,-13.0575,,,0.26110,0
77.1243,26,28,3,1,67.00,302.56,capture,-8.53,250.88,91.52,0,178.964,7.880,179.900,-18.34,20.69,146.87,-18.24,-7.12,173.50,54.551,54.873,-19.4202,-13.2052,-8.53,250.88,-19.0662,-13.1240,,,0.23191,0
77.2155,26,28,3,1,67.00,302.56,capture,0.73,225.80,101.41,0,179.011,7.926,179.844,-18.41,20.76,146.85,-18.34,-7.15,173.00,54.350,54.746,-19.1833,-12.4829,0.73,225.80,-19.1189,-12.8355,,,0.23485,0
77.3138,26,28,3,1,67.00,302.56,capture,-7.50,245.55,93.81,0,179.054,7.987,179.845,-18.37,20.82,146.66,-17.15,-7.22,173.14,54.143,54.489,-18.8214,-13.6581,-7.50,245.55,-18.9850,-13.2057,,,0.22020,0
77.4232,26,28,3,1,67.00,302.56,capture,-10.58,247.09,95.37,0,179.095,8.050,179.802,-18.39,20.77,146.56,-18.25,-8.13,172.39,53.686,54.250,-19.1474,-13.2542,-10.58,247.09,-19.0581,-13.2275,,,0.22140,0
77.5132,26,28,3,1,67.00,302.56,capture,-0.17,272.74,73.49,0,179.155,8.078,179.807,-18.33,20.91,146.60,-17.78,-7.00,172.52,53.522,54.290,-19.6024,-13.0835,-0.17,272.74,-19.3030,-13.1627,,,0.20275,0
77.6281,26,28,3,1,67.00,302.56,capture,14.74,236.31,84.38,0,179.003,8.108,179.814,-18.42,20.92,146.79,-18.28,-7.77,172.68,53.878,54.523,-19.2077,-12.2698,14.74,236.31,-19.2601,-12.7609,,,0.21214,0
77.7274,26,28,3,1,67.00,302.56,capture,9.10,249.21,78.73,0,178.996,8.110,179.812,-18.46,20.89,146.87,-17.98,-7.15,172.70,53.678,54.437,-19.7262,-12.8163,9.10,249.21,-19.4699,-12.7858,,,0.21639,0
77.8400,26,28,3,1,67.00,302.56,capture,1.97,237.95,91.67,0,178.928,8.053,179.783,-18.36,20.75,146.83,-17.98,-7.87,172.43,53.627,54.476,-18.6737,-12.8211,1.97,237.95,-19.1116,-12.8017,,,0.21492,0
77.9540,26,28,3,1,67.00,302.56,capture,-16.61,229.21,111.22,0,178.980,7.988,179.788,-18.37,20.84,146.88,-18.04,-8.00,172.60,53.249,54.702,-18.3192,-13.6240,-16.61,229.21,-18.7550,-13.1717,,,0.18632,0
78.0730,26,28,3,1,67.00,302.56,capture,-7.42,254.64,88.51,0,178.956,8.029,179.771,-18.33,20.88,146.75,-17.87,-7.77,172.67,53.109,54.521,-19.4945,-12.9407,-7.42,254.64,-19.0878,-13.0677,,,0.17164,0
78.1679,26,28,3,1,67.00,302.56,capture,-11.92,236.89,102.67,0,178.923,8.229,179.754,-18.41,20.72,146.63,-18.18,-7.82,172.58,53.333,54.004,-18.3239,-13.1863,-11.92,236.89,-18.7441,-13.1211,,,0.18658,0
78.2821,26,28,3,1,67.00,302.56,capture,4.38,251.23,80.97,0,178.966,8.213,179.753,-18.45,20.66,146.76,-17.89,-7.49,172.99,53.497,53.998,-19.3225,-12.7758,4.38,251.23,-19.0044,-12.9657,,,0.18763,0
78.3893,26,28,3,1,67.00,302.56,capture,9.55,254.29,75.03,0,178.953,8.254,179.785,-18.36,20.65,146.91,-18.12,-8.10,173.14,53.459,54.264,-18.9937,-12.2907,9.55,254.29,-18.9996,-12.6620,,,0.20521,0
78.4840,26,28,3,1,67.00,302.56,capture,-6.74,232.48,101.73,0,178.957,8.150,179.793,-18.28,20.71,146.71,-18.25,-7.99,172.85,54.194,54.695,-18.7085,-13.4730,-6.74,232.48,-18.8686,-13.0269,,,0.21844,0
78.6591,27,74,8,2,111.67,734.78,dwell,-5.51,460.01,298.71,0,178.779,8.249,179.787,-18.29,20.71,146.38,-18.37,-6.99,172.28,54.223,54.643,-28.0610,-12.6251,-5.51,460.01,-28.0610,-12.6251,,,0.24140,0
78.7430,27,74,8,2,111.67,734.78,dwell,-18.63,451.62,311.70,0,178.942,8.239,179.779,-18.39,20.76,146.27,-18.03,-7.27,172.21,54.422,54.543,-27.3783,-13.4061,-18.63,451.62,-27.7538,-12.9766,,,0.23321,0
78.8467,27,74,8,2,111.67,734.78,dwell,82.82,399.46,336.56,0,178.859,8.322,179.795,-18.34,20.85,146.31,-17.64,-8.20,172.18,54.316,54.475,-25.4386,-9.0703,82.82,399.46,-26.7119,-11.2187,,,0.24213,0
78.9388,27,74,8,2,111.67,734.78,dwell,82.80,538.03,198.85,0,178.914,8.464,179.801,-18.32,20.75,146.84,-18.48,-7.91,173.42,54.356,53.955,-30.6273,-9.1220,82.80,538.03,-28.4738,-10.2752,,,0.21854,0
79.0461,27,74,8,2,111.67,734.78,dwell,64.36,551.80,188.99,0,178.970,8.593,179.817,-18.43,20.61,146.69,-18.38,-8.79,172.17,54.164,54.069,-31.8847,-9.7063,64.36,551.80,-30.0087,-10.0192,,,0.21047,0
79.1603,27,74,8,2,111.67,734.78,dwell,109.67,582.30,152.49,0,178.871,8.583,179.817,-18.43,20.63,146.77,-18.22,-8.23,172.90,53.521,54.402,-32.6524,-7.9878,109.67,582.30,-31.1984,-9.1051,,,0.19646,0
79.2694,27,74,8,2,111.67,734.78,dwell,74.77,647.21,95.02,0,178.985,8.596,179.802,-18.49,20.61,146.83,-18.26,-7.25,173.17,53.547,54.563,-35.4498,-9.3749,74.77,647.21,-33.1115,-9.2265,,,0.20632,0
79.3587,27,74,8,2,111.67,734.78,dwell,101.36,636.73,98.59,0,179.007,8.684,179.794,-18.52,20.75,146.75,-18.12,-7.67,172.49,53.461,54.687,-34.9355,-8.5594,101.36,636.73,-33.9323,-8.9263,,,0.19760,0
79.4637,27,74,8,2,111.67,734.78,dwell,118.34,668.05,67.06,0,179.067,8.615,179.807,-18.56,20.87,146.67,-18.80,-7.84,172.70,53.629,54.591,-35.5091,-7.6012,118.34,668.05,-34.6419,-8.3300,,,0.21128,0
79.5660,27,74,8,2,111.67,734.78,capture,121.18,720.96,16.78,1,179.005,8.690,179.803,-18.59,20.89,146.91,-17.86,-8.15,173.20,53.777,54.339,-38.3734,-7.3919,121.18,720.96,-36.3210,-7.9078,,,0.24159,0
79.6815,27,74,8,2,111.67,734.78,capture,139.24,696.72,47.00,0,178.928,8.690,179.794,-18.60,20.76,146.93,-18.48,-7.61,172.69,53.918,54.305,-36.6284,-6.6872,139.24,696.72,-36.4593,-7.3585,,,0.22353,0
79.7785,27,74,8,2,111.67,734.78,capture,132.77,700.33,40.40,1,178.804,8.799,179.805,-18.58,20.79,147.11,-17.80,-7.51,173.10,53.747,54.339,-37.8965,-6.6398,132.77,700.33,-37.1061,-7.0351,,,0.20081,0
79.8605,27,74,8,2,111.67,734.78,capture,123.32,688.44,47.78,0,178.893,8.840,179.809,-18.61,20.70,147.02,-17.55,-7.09,173.68,53.671,53.848,-35.5890,-6.8203,123.32,688.44,-36.4234,-6.9384,,,0.19874,0
79.9654,27,74,8,2,111.67,734.78,capture,136.96,691.68,49.97,0,178.912,8.837,179.797,-18.41,20.65,147.33,-18.37,-8.23,173.84,53.520,54.326,-37.0965,-6.8624,136.96,691.68,-36.7263,-6.9042,,,0.21530,0
80.0569,27,74,8,2,111.67,734.78,capture,144.18,688.51,56.55,0,178.990,8.781,179.841,-18.43,20.78,147.27,-17.90,-8.10,173.33,53.290,54.272,-36.3925,-6.6978,144.18,688.51,-36.5761,-6.8113,,,0.19203,0
80.1698,27,74,8,2,111.67,734.78,capture,129.65,718.94,23.96,1,178.850,8.669,179.849,-18.31,20.87,147.28,-17.81,-7.26,173.59,53.718,54.155,-37.6416,-7.3180,129.65,718.94,-37.0556,-7.0394,,,0.18804,0
80.2698,27,74,8,2,111.67,734.78,capture,153.97,724.53,43.53,0,178.885,8.683,179.842,-18.35,20.96,147.43,-18.18,-7.52,173.32,53.697,54.747,-37.2983,-5.3083,153.97,724.53,-37.1648,-6.2604,,,0.20336,0
80.3610,27,74,8,2,111.67,734.78,capture,160.40,694.94,62.94,0,178.844,8.800,179.865,-18.30,20.97,147.56,-17.61,-7.52,174.01,53.627,54.557,-37.2852,-5.3552,160.40,694.94,-37.2190,-5.8531,,,0.20573,0
80.4701,27,74,8,2,111.67,734.78,capture,129.77,699.34,39.79,1,178.833,8.770,179.854,-18.34,20.98,147.53,-17.60,-7.39,173.92,53.530,54.216,-37.2541,-6.8514,129.77,699.34,-37.2348,-6.3023,,,0.20549,0
80.5814,27,74,8,2,111.67,734.78,capture,134.96,732.47,23.41,0,178.901,8.843,179.854,-18.39,20.75,147.73,-18.01,-7.27,174.23,53.830,54.171,-38.0770,-5.9346,134.96,732.47,-37.6138,-6.1368,,,0.22689,0
80.6751,27,74,8,2,111.67,734.78,capture,132.72,712.60,30.58,1,178.950,8.785,179.819,-18.25,20.83,147.50,-17.32,-7.80,173.76,54.000,54.427,-37.5306,-6.7563,132.72,712.60,-37.5764,-6.4156,,,0.21457,0
80.7632,27,74,8,2,111.67,734.78,capture,104.53,716.00,20.09,1,179.005,8.804,179.812,-18.16,20.56,147.26,-18.28,-7.65,173.98,53.758,54.656,-37.6016,-7.8100,104.53,716.00,-37.5877,-7.0431,,,0.20730,0
80.8648,27,74,8,2,111.67,734.78,capture,127.59,720.26,21.55,1,179.035,8.712,179.804,-18.21,20.51,147.23,-16.83,-7.57,172.98,53.734,54.113,-36.9510,-6.5159,127.59,720.26,-37.3012,-6.8058,,,0.21440,0
80.9627,27,74,8,2,111.67,734.78,capture,138.75,700.30,43.84,0,179.005,8.852,179.800,-18.35,20.39,147.33,-18.38,-8.25,173.30,53.497,54.269,-36.8520,-7.1536,138.75,700.30,-37.0990,-6.9623,,,0.18524,0
81.0592,27,74,8,2,111.67,734.78,capture,119.43,723.59,13.62,1,178.993,8.966,179.839,-18.35,20.44,147.37,-17.85,-8.10,173.47,53.733,53.813,-38.2098,-6.9180,119.43,723.59,-37.5989,-6.9424,,,0.20612,0
81.1623,27,74,8,2,111.67,734.78,capture,131.87,708.27,33.33,1,179.062,8.917,179.841,-18.31,20.69,147.27,-17.69,-8.40,174.10,53.635,53.584,-37.1256,-6.5528,131.87,708.27,-37.3859,-6.7671,,,0.22793,0
81.2778,27,74,8,2,111.67,734.78,capture,148.83,705.10,47.56,0,178.996,8.830,179.833,-18.45,20.82,147.31,-18.01,-8.36,173.77,53.577,54.269,-37.0005,-5.0612,148.83,705.10,-37.2125,-5.9994,,,0.19999,0
81.3598,27,74,8,2,111.67,734.78,capture,156.29,705.64,53.29,0,178.911,8.814,179.822,-18.49,20.79,147.46,-17.60,-7.92,173.73,53.977,54.117,-37.5392,-5.4625,156.29,705.64,-37.3595,-5.7578,,,0.20469,0
81.4535,27,74,8,2,111.67,734.78,capture,132.79,691.79,47.90,1,178.728,8.741,179.779,-18.57,20.81,147.33,-18.37,-7.84,173.82,54.058,54.320,-36.2062,-6.3858,132.79,691.79,-36.8405,-6.0404,,,0.24066,0
81.6470,28,50,5,5,245.67,475.44,dwell,159.92,669.58,212.23,0,178.678,8.706,179.765,-18.57,20.90,147.08,-17.91,-7.04,173.05,54.008,54.452,-36.0448,-5.4418,159.92,669.58,-36.0448,-5.4418,,,0.22817,0
81.7621,28,50,5,5,245.67,475.44,dwell,165.85,618.83,164.10,0,178.717,8.795,179.744,-18.72,20.83,147.27,-18.15,-7.11,173.07,54.018,54.641,-33.0322,-5.4408,165.85,618.83,-34.6891,-5.4413,,,0.20489,0
81.8490,28,50,5,5,245.67,475.44,dwell,184.42,596.92,136.04,0,178.796,8.721,179.786,-18.92,20.85,147.36,-18.94,-7.40,173.12,54.270,54.651,-32.8639,-3.8948,184.42,596.92,-33.8678,-4.7454,,,0.22102,0
81.9365,28,50,5,5,245.67,475.44,dwell,190.01,574.14,113.31,0,178.708,8.667,179.800,-18.85,20.83,147.41,-18.09,-7.66,173.76,54.026,54.589,-32.4109,-4.0665,190.01,574.14,-33.2122,-4.4399,,,0.20905,0
82.0318,28,50,5,5,245.67,475.44,dwell,103.99,509.87,145.80,0,178.785,8.754,179.771,-18.89,20.78,147.27,-18.19,-8.22,173.76,53.970,54.062,-29.8066,-7.8694,103.99,509.87,-31.6797,-5.9832,,,0.21841,0
82.1287,28,50,5,5,245.67,475.44,dwell,207.19,333.96,146.62,0,178.825,8.658,179.777,-18.95,20.98,147.37,-18.44,-7.33,173.84,54.058,53.931,-24.2834,-3.7381,207.19,333.96,-28.3513,-4.9729,,,0.25353,0
82.2565,28,50,5,5,245.67,475.44,dwell,158.58,292.64,202.49,0,178.773,8.702,179.794,-18.85,20.72,147.61,-18.12,-7.48,173.67,54.075,53.984,-21.5290,-5.9271,158.58,292.64,-25.2813,-5.4023,,,0.20325,0
82.3625,28,50,5,5,245.67,475.44,dwell,176.47,342.89,149.53,0,178.668,8.567,179.763,-18.82,20.84,147.63,-18.09,-7.41,174.04,54.063,53.768,-23.7184,-5.0629,176.47,342.89,-24.5780,-5.2496,,,0.21231,0
82.4667,28,50,5,5,245.67,475.44,dwell,113.69,307.35,213.71,0,178.861,8.580,179.757,-18.78,20.62,147.80,-18.21,-8.26,174.45,53.814,53.598,-21.9708,-8.3740,113.69,307.35,-23.4048,-6.6556,,,0.22446,0
82.5523,28,50,5,5,245.67,475.44,capture,187.74,243.33,239.23,0,178.862,8.620,179.772,-18.63,20.69,147.92,-17.81,-8.22,174.33,54.412,53.534,-19.1234,-3.9861,187.74,243.33,-21.4782,-5.4543,,,0.22703,0
82.6552,28,50,5,5,245.67,475.44,capture,150.42,266.32,229.79,0,178.990,8.581,179.781,-18.59,20.71,147.80,-18.00,-8.06,174.10,54.337,53.760,-20.3049,-6.3700,150.42,266.32,-20.9502,-5.8664,,,0.23322,0
82.7674,28,50,5,5,245.67,475.44,capture,143.18,263.70,235.24,0,178.899,8.434,179.787,-18.54,20.88,147.30,-18.01,-7.85,173.43,53.924,53.790,-20.1170,-6.8392,143.18,263.70,-20.5753,-6.3041,,,0.22731,0
82.8494,28,50,5,5,245.67,475.44,capture,169.89,243.80,243.72,0,179.057,8.482,179.798,-18.56,20.86,147.39,-18.25,-7.49,173.40,53.827,53.275,-18.9479,-4.9752,169.89,243.80,-19.8429,-5.7061,,,0.21556,0
82.9517,28,50,5,5,245.67,475.44,capture,150.23,260.57,235.12,0,179.070,8.393,179.854,-18.62,20.84,147.70,-18.57,-7.67,173.84,53.958,53.562,-19.6462,-6.3899,150.23,260.57,-19.7544,-6.0138,,,0.20401,0
83.0416,28,50,5,5,245.67,475.44,capture,154.38,243.15,249.59,0,179.127,8.415,179.850,-18.65,20.71,147.30,-18.44,-7.73,173.64,54.144,53.629,-17.7086,-5.9269,154.38,243.15,-18.8338,-5.9747,,,0.22928,0
83.1343,28,50,5,5,245.67,475.44,capture,154.11,275.68,219.75,0,179.090,8.474,179.835,-18.56,20.64,147.25,-18.12,-8.66,173.16,54.427,53.969,-20.5357,-5.1694,154.11,275.68,-19.5997,-5.6123,,,0.22160,0
83.2321,28,50,5,5,245.67,475.44,capture,153.80,263.75,230.77,0,179.177,8.509,179.839,-18.56,20.71,147.37,-18.16,-8.01,173.02,54.159,54.105,-20.3358,-6.3938,153.80,263.75,-19.9310,-5.9640,,,0.24052,0
83.3347,28,50,5,5,245.67,475.44,capture,148.73,271.52,225.79,0,179.107,8.545,179.813,-18.48,20.64,147.19,-17.71,-8.61,173.90,54.002,54.373,-19.9615,-5.9860,148.73,271.52,-19.9447,-5.9739,,,0.21421,0
83.4429,28,50,5,5,245.67,475.44,capture,164.33,272.57,218.57,0,179.037,8.544,179.805,-18.40,20.71,147.24,-18.40,-9.13,173.46,53.748,54.453,-19.7533,-5.3191,164.33,272.57,-19.8586,-5.6792,,,0.20590,0
83.5440,28,50,5,5,245.67,475.44,capture,162.68,245.35,244.60,0,179.057,8.469,179.818,-18.42,20.83,147.12,-17.19,-7.93,173.40,53.757,54.501,-19.2229,-4.4481,162.68,245.35,-19.5725,-5.1252,,,0.20608,0
83.6556,28,50,5,5,245.67,475.44,capture,164.28,270.70,220.33,0,179.064,8.425,179.830,-18.42,20.67,146.94,-18.02,-7.26,173.27,54.014,54.610,-21.3721,-5.4798,164.28,270.70,-20.3823,-5.2848,,,0.21123,0
83.7643,28,50,5,5,245.67,475.44,capture,166.59,267.94,222.06,0,178.941,8.411,179.807,-18.40,20.73,147.06,-17.65,-7.61,173.12,53.593,54.437,-20.8237,-5.3682,166.59,267.94,-20.5809,-5.3223,,,0.19407,0
83.8572,28,50,5,5,245.67,475.44,capture,151.32,272.65,223.67,0,178.864,8.358,179.824,-18.30,20.61,147.22,-18.17,-7.84,172.92,53.702,54.364,-20.0994,-6.3030,151.32,272.65,-20.3643,-5.7636,,,0.22015,0
83.9504,28,50,5,5,245.67,475.44,capture,160.96,261.19,230.39,0,178.964,8.288,179.811,-18.31,20.71,147.12,-18.11,-7.86,173.56,53.619,54.338,-20.4074,-5.1415,160.96,261.19,-20.3837,-5.4837,,,0.23409,0
84.0498,28,50,5,5,245.67,475.44,capture,160.80,278.20,214.73,0,178.968,8.392,179.797,-18.35,20.71,147.13,-18.14,-7.23,173.59,53.977,54.007,-20.2989,-5.4376,160.80,278.20,-20.3455,-5.4629,,,0.24766,0
84.1465,28,50,5,5,245.67,475.44,capture,137.26,273.30,229.38,0,179.001,8.301,179.808,-18.40,20.78,147.20,-18.01,-7.98,173.34,54.042,53.959,-20.8948,-6.2809,137.26,273.30,-20.5927,-5.8310,,,0.23351,0
84.2343,28,50,5,5,245.67,475.44,capture,166.90,261.50,227.98,0,179.027,8.336,179.839,-18.38,20.77,147.07,-17.87,-7.61,173.74,53.736,53.924,-19.9931,-5.0278,166.90,261.50,-20.3229,-5.4696,,,0.22160,0
84.3517,28,50,5,5,245.67,475.44,capture,155.11,266.90,227.36,0,179.013,8.297,179.833,-18.38,20.70,146.92,-17.67,-8.17,172.81,53.919,53.746,-19.4873,-6.3047,155.11,266.90,-19.9469,-5.8454,,,0.20145,0
84.4702,28,50,5,5,245.67,475.44,capture,180.50,258.46,226.56,0,179.045,8.185,179.826,-18.43,20.63,147.10,-18.47,-7.30,172.95,54.065,53.650,-19.8331,-4.3537,180.50,258.46,-19.8957,-5.1741,,,0.20496,0
84.6863,29,76,8,4,201.00,734.78,dwell,221.78,392.08,343.33,0,179.101,8.241,179.820,-18.54,20.47,147.14,-18.17,-8.56,173.50,53.642,53.823,-23.9613,-2.2910,221.78,392.08,-23.9613,-2.2910,,,0.20915,0
84.7785,29,76,8,4,201.00,734.78,dwell,247.04,395.56,342.33,0,179.102,8.384,179.795,-18.58,20.52,146.91,-18.50,-7.96,173.01,53.765,54.188,-25.0068,-1.1829,247.04,395.56,-24.4318,-1.7923,,,0.21672,0
84.8605,29,76,8,4,201.00,734.78,dwell,184.35,324.64,410.48,0,179.054,8.423,179.778,-18.50,20.66,146.88,-17.87,-8.48,172.85,53.798,54.102,-22.4298,-4.2330,184.35,324.64,-23.5309,-2.8906,,,0.22549,0
84.9460,29,76,8,4,201.00,734.78,dwell,146.08,440.07,299.78,0,178.984,8.563,179.766,-18.49,20.83,147.25,-17.58,-7.15,173.85,53.869,54.068,-26.9840,-6.2999,146.08,440.07,-25.0848,-4.4248,,,0.20242,0
85.0449,29,76,8,4,201.00,734.78,dwell,134.02,522.49,222.60,0,178.948,8.478,179.765,-18.52,20.88,147.31,-17.85,-8.59,173.50,53.760,53.901,-29.7354,-6.6429,134.02,522.49,-27.1776,-5.4229,,,0.20896,0
85.1577,29,76,8,4,201.00,734.78,dwell,154.40,469.36,269.48,0,179.119,8.405,179.772,-18.66,20.94,147.59,-18.39,-7.38,174.03,53.919,53.766,-27.9109,-5.8406,154.40,469.36,-27.5076,-5.6109,,,0.22486,0
85.2526,29,76,8,4,201.00,734.78,dwell,137.37,605.43,144.15,0,179.049,8.348,179.779,-18.74,20.86,147.62,-17.75,-7.47,173.93,53.578,54.188,-33.2784,-6.7136,137.37,605.43,-30.1044,-6.1071,,,0.17984,0
85.3818,29,76,8,4,201.00,734.78,dwell,175.11,547.12,189.44,0,178.915,8.422,179.780,-18.60,20.68,147.55,-18.08,-7.49,174.15,53.319,53.952,-31.0307,-4.7544,175.11,547.12,-30.5213,-5.4984,,,0.18480,0
85.4743,29,76,8,4,201.00,734.78,dwell,187.06,631.18,104.53,0,178.908,8.445,179.788,-18.66,20.51,147.62,-17.76,-7.96,173.68,53.488,53.627,-35.1453,-4.0652,187.06,631.18,-32.6021,-4.8534,,,0.19021,0
85.5750,29,76,8,4,201.00,734.78,capture,144.31,607.51,139.32,0,178.814,8.486,179.789,-18.61,20.51,147.79,-18.30,-8.34,174.36,53.775,53.231,-33.3919,-5.7666,144.31,607.51,-32.9575,-5.2644,,,0.19974,0
85.6748,29,76,8,4,201.00,734.78,capture,156.19,608.08,134.39,0,178.804,8.379,179.778,-18.61,20.34,147.75,-18.33,-8.33,174.06,53.735,53.454,-33.6756,-5.9716,156.19,608.08,-33.2807,-5.5826,,,0.22958,0
85.7568,29,76,8,4,201.00,734.78,capture,180.18,629.35,107.46,0,178.838,8.529,179.807,-18.63,20.46,147.79,-17.87,-6.95,174.57,53.909,53.761,-34.5215,-4.5803,180.18,629.35,-33.8391,-5.1316,,,0.22662,0
85.8496,29,76,8,4,201.00,734.78,capture,165.34,608.94,130.79,0,178.877,8.583,179.787,-18.67,20.49,147.51,-18.19,-7.88,173.40,54.032,53.963,-33.2900,-5.6535,165.34,608.94,-33.5920,-5.3664,,,0.24013,0
85.9366,29,76,8,4,201.00,734.78,capture,163.72,608.81,131.37,0,178.864,8.521,179.808,-18.62,20.26,147.36,-18.16,-8.08,173.66,54.332,53.963,-33.1872,-5.1138,163.72,608.81,-33.4098,-5.2528,,,0.24953,0
86.0387,29,76,8,4,201.00,734.78,capture,154.23,581.03,160.70,0,178.882,8.392,179.853,-18.54,20.29,147.39,-18.29,-8.45,173.61,53.851,54.047,-31.5667,-5.9666,154.23,581.03,-32.5804,-5.5740,,,0.19662,0
86.1278,29,76,8,4,201.00,734.78,capture,150.94,596.59,146.98,0,178.974,8.333,179.847,-18.73,20.26,147.68,-18.26,-8.46,174.30,53.692,53.728,-32.2847,-5.7443,150.94,596.59,-32.4474,-5.6506,,,0.19336,0
86.2303,29,76,8,4,201.00,734.78,capture,164.24,622.91,117.75,0,178.889,8.272,179.816,-18.84,20.25,147.90,-18.30,-8.00,174.26,54.088,53.654,-33.1253,-5.6018,164.24,622.91,-32.7525,-5.6287,,,0.21065,0
86.3486,29,76,8,4,201.00,734.78,capture,155.19,624.25,119.65,0,178.860,8.420,179.827,-18.83,20.49,148.05,-18.51,-8.22,174.09,53.952,53.425,-35.2464,-5.7780,155.19,624.25,-33.8747,-5.6959,,,0.20075,0
86.4591,29,76,8,4,201.00,734.78,capture,162.75,622.08,119.01,0,178.736,8.445,179.873,-18.76,20.44,148.05,-18.57,-7.67,174.66,54.311,53.798,-33.7742,-5.3146,162.75,622.08,-33.8295,-5.5243,,,0.23284,0
86.5498,29,76,8,4,201.00,734.78,capture,178.91,635.51,101.70,0,178.856,8.483,179.851,-18.61,20.53,147.83,-18.27,-8.26,174.32,54.392,54.178,-34.8802,-4.8341,178.91,635.51,-34.3023,-5.2137,,,0.23360,0
86.6690,29,76,8,4,201.00,734.78,capture,182.25,614.69,121.54,0,178.892,8.578,179.843,-18.56,20.45,147.64,-18.31,-8.30,174.38,54.089,54.178,-33.5095,-4.6710,182.25,614.69,-33.9456,-4.9695,,,0.20174,0
86.7616,29,76,8,4,201.00,734.78,capture,162.00,598.17,142.07,0,178.903,8.707,179.853,-18.74,20.33,147.55,-18.03,-8.74,173.87,54.205,54.217,-33.5821,-5.1891,162.00,598.17,-33.7820,-5.0683,,,0.21715,0
86.8599,29,76,8,4,201.00,734.78,capture,165.34,634.05,106.85,0,178.939,8.664,179.839,-18.64,20.38,147.54,-18.68,-8.09,173.57,53.863,54.045,-35.1508,-5.1132,165.34,634.05,-34.3979,-5.0885,,,0.21507,0
86.9561,29,76,8,4,201.00,734.78,capture,154.66,624.79,119.35,0,178.899,8.664,179.830,-18.59,20.58,147.60,-18.10,-7.97,173.85,53.795,54.133,-33.5679,-5.9595,154.66,624.79,-34.0244,-5.4805,,,0.23019,0
87.0528,29,76,8,4,201.00,734.78,capture,149.96,616.19,129.11,0,178.811,8.602,179.847,-18.56,20.66,147.55,-18.80,-6.91,174.07,53.731,54.314,-33.5446,-6.3499,149.96,616.19,-33.8085,-5.8717,,,0.19736,0
87.1484,29,76,8,4,201.00,734.78,capture,127.03,598.64,154.94,0,178.812,8.621,179.844,-18.48,20.77,147.55,-18.46,-7.20,174.43,54.099,54.371,-32.2418,-7.0762,127.03,598.64,-33.1035,-6.4137,,,0.21205,0
87.2405,29,76,8,4,201.00,734.78,capture,149.77,614.67,130.58,0,178.843,8.633,179.858,-18.42,20.83,147.72,-17.94,-8.33,173.97,53.984,54.127,-33.5347,-6.0242,149.77,614.67,-33.2975,-6.2384,,,0.19337,0
87.3379,29,76,8,4,201.00,734.78,capture,140.14,609.15,139.59,0,178.802,8.667,179.867,-18.34,20.82,147.65,-17.32,-7.28,173.76,53.924,53.931,-33.0973,-6.1755,140.14,609.15,-33.2074,-6.2101,,,0.20360,0
87.4277,29,76,8,4,201.00,734.78,capture,136.48,604.18,145.67,0,178.934,8.745,179.863,-18.33,20.84,147.49,-18.14,-8.10,174.02,53.799,54.049,-34.1616,-6.3461,136.48,604.18,-33.6368,-6.2713,,,0.21537,0
87.6369,30,13,1,4,201.00,129.67,dwell,311.55,623.41,505.97,0,178.844,8.614,179.847,-18.37,20.87,147.41,-18.24,-7.20,173.95,53.868,53.825,-34.0388,1.4895,311.55,623.41,-34.0388,1.4895,,,0.23508,0
87.7208,30,13,1,4,201.00,129.67,dwell,185.22,487.77,358.45,0,178.933,8.422,179.864,-18.42,20.71,147.43,-18.11,-7.48,173.90,54.083,53.796,-30.1260,-3.8311,185.22,487.77,-32.2781,-0.9048,,,0.19657,0
87.8412,30,13,1,4,201.00,129.67,dwell,185.04,539.74,410.38,0,178.816,8.329,179.887,-18.34,20.61,147.29,-18.10,-8.14,173.59,54.101,53.828,-30.9724,-3.9265,185.04,539.74,-31.6905,-2.2646,,,0.22628,0
87.9446,30,13,1,4,201.00,129.67,dwell,338.24,449.53,348.06,0,178.828,8.306,179.921,-18.43,20.57,147.28,-17.86,-8.22,172.93,54.178,53.983,-26.9138,2.9513,338.24,449.53,-29.5410,0.0826,,,0.22449,0
88.0605,30,13,1,4,201.00,129.67,dwell,266.71,389.66,268.17,0,178.848,8.171,179.922,-18.33,20.71,147.55,-18.20,-8.06,173.99,54.058,54.185,-25.1225,-0.5718,266.71,389.66,-27.5526,-0.2119,,,0.23143,0
88.1578,30,13,1,4,201.00,129.67,dwell,238.88,420.60,293.39,0,178.814,8.183,179.914,-18.35,20.89,147.69,-17.51,-8.04,174.23,53.913,54.228,-26.5513,-1.6918,238.88,420.60,-27.1020,-0.8779,,,0.21233,0
88.2586,30,13,1,4,201.00,129.67,dwell,212.07,378.76,249.34,0,178.812,8.247,179.868,-18.34,21.00,147.18,-18.14,-8.66,173.47,53.874,54.210,-25.0726,-3.3935,212.07,378.76,-26.1888,-2.0099,,,0.20257,0
88.3667,30,13,1,4,201.00,129.67,dwell,296.73,323.16,215.88,0,178.724,8.196,179.821,-18.35,20.92,147.17,-17.67,-7.90,173.10,53.994,54.267,-22.1989,0.8391,296.73,323.16,-24.3934,-0.7279,,,0.22247,0
88.4689,30,13,1,4,201.00,129.67,dwell,303.79,286.50,187.52,0,178.795,7.991,179.821,-18.31,21.03,147.38,-18.02,-7.60,173.05,53.762,54.620,-20.9724,1.2686,303.79,286.50,-22.8539,0.1706,,,0.21353,0
88.5774,30,13,1,4,201.00,129.67,dwell,345.18,306.80,228.39,0,178.824,7.956,179.824,-18.36,20.99,147.20,-17.95,-7.38,173.50,53.059,55.351,-21.6042,3.1874,345.18,306.80,-22.2916,1.5281,,,0.22982,0
88.6757,30,13,1,4,201.00,129.67,capture,355.27,224.61,181.14,0,178.879,8.011,179.833,-18.32,20.84,147.31,-17.72,-7.27,173.46,53.173,54.915,-18.9559,3.6268,355.27,224.61,-20.7905,2.4725,,,0.21247,0
88.7733,30,13,1,4,201.00,129.67,capture,362.83,252.80,203.35,0,178.816,7.954,179.826,-18.37,20.97,147.17,-17.49,-7.74,173.19,53.102,54.798,-20.2875,3.6427,362.83,252.80,-20.5642,2.9991,,,0.19533,0
88.8623,30,13,1,4,201.00,129.67,capture,342.07,250.52,185.76,0,178.825,7.880,179.839,-18.29,20.88,147.20,-18.12,-8.15,174.31,53.324,54.460,-19.1438,2.9612,342.07,250.52,-19.9250,2.9820,,,0.22870,0
88.9468,30,13,1,4,201.00,129.67,capture,342.04,255.96,189.32,0,178.786,7.666,179.853,-18.31,20.74,147.34,-18.06,-8.08,173.84,53.445,54.434,-20.3314,3.0394,342.04,255.96,-20.1079,3.0079,,,0.22977,0
89.0461,30,13,1,4,201.00,129.67,capture,350.73,272.28,206.78,0,178.840,7.775,179.865,-18.27,20.87,147.44,-18.41,-7.11,173.55,53.623,54.394,-20.2881,3.5760,350.73,272.28,-20.1890,3.2635,,,0.19128,0
89.1471,30,13,1,4,201.00,129.67,capture,372.67,280.60,228.59,0,178.954,7.663,179.870,-18.22,20.83,147.48,-18.64,-7.42,173.76,53.457,54.261,-21.0688,4.6066,372.67,280.60,-20.5849,3.8679,,,0.19829,0
89.2348,30,13,1,4,201.00,129.67,capture,373.80,231.03,200.34,0,178.909,7.531,179.855,-18.21,20.76,147.40,-17.93,-7.73,174.03,52.998,54.191,-18.8293,4.5478,373.80,231.03,-19.7949,4.1739,,,0.20612,0
89.3325,30,13,1,4,201.00,129.67,capture,354.53,254.09,197.62,0,178.814,7.561,179.855,-18.20,20.49,147.67,-17.99,-8.09,173.97,53.250,54.567,-20.3416,3.1738,354.53,254.09,-20.0409,3.7239,,,0.17975,0
89.4458,30,13,1,4,201.00,129.67,capture,375.53,288.01,235.66,0,178.807,7.530,179.851,-18.31,20.48,147.44,-18.07,-8.02,173.74,53.569,54.605,-21.4121,4.4591,375.53,288.01,-20.6580,4.0547,,,0.22219,0
89.5441,30,13,1,4,201.00,129.67,capture,361.06,273.57,215.24,0,178.853,7.590,179.863,-18.32,20.48,147.33,-17.90,-7.76,173.21,53.525,54.064,-20.9582,3.7233,361.06,273.57,-20.7930,3.9056,,,0.22022,0
89.6365,30,13,1,4,201.00,129.67,capture,355.89,269.48,208.66,0,178.892,7.585,179.850,-18.27,20.52,147.30,-17.92,-8.37,173.65,53.733,53.936,-21.0109,3.6351,355.89,269.48,-20.8911,3.7838,,,0.21482,0
89.7424,30,13,1,4,201.00,129.67,capture,366.44,296.79,235.16,0,178.932,7.732,179.822,-18.37,20.57,147.55,-18.18,-7.51,174.11,53.617,53.671,-21.6843,4.9185,366.44,296.79,-21.2480,4.2944,,,0.20549,0
89.8352,30,13,1,4,201.00,129.67,capture,367.49,257.59,209.96,0,179.023,7.794,179.835,-18.39,20.78,147.80,-18.12,-8.60,174.31,53.394,53.868,-20.2506,4.1871,367.49,257.59,-20.7992,4.2461,,,0.20762,0
89.9339,30,13,1,4,201.00,129.67,capture,375.80,259.83,217.94,0,178.941,7.702,179.825,-18.25,20.67,147.73,-17.82,-8.47,174.35,53.741,54.187,-20.3482,4.4338,375.80,259.83,-20.5962,4.3306,,,0.21120,0
90.0397,30,13,1,4,201.00,129.67,capture,361.63,252.61,202.28,0,178.904,7.627,179.800,-18.34,20.70,147.53,-17.66,-7.52,174.30,54.085,53.984,-19.7851,4.1214,361.63,252.61,-20.2312,4.2365,,,0.20017,0
90.1281,30,13,1,4,201.00,129.67,capture,342.87,267.64,197.90,0,178.960,7.532,179.803,-18.44,20.78,147.53,-17.97,-7.92,173.67,53.943,53.529,-20.0404,2.2126,342.87,267.64,-20.1454,3.3257,,,0.19381,0
90.2438,30,13,1,4,201.00,129.67,capture,377.74,270.72,226.13,0,178.999,7.523,179.813,-18.26,20.86,147.48,-17.97,-8.41,174.17,53.745,53.904,-20.0843,4.3341,377.74,270.72,-20.1179,3.7795,,,0.22674,0
90.3573,30,13,1,4,201.00,129.67,capture,352.85,269.29,206.28,0,178.955,7.382,179.802,-18.40,20.84,147.46,-17.74,-7.70,173.86,53.736,54.173,-20.0473,3.0232,352.85,269.29,-20.0861,3.4392,,,0.22220,0
90.4654,30,13,1,4,201.00,129.67,capture,349.50,254.01,193.68,0,178.954,7.407,179.799,-18.32,20.73,147.25,-17.56,-8.02,173.78,53.700,54.045,-20.0605,3.5797,349.50,254.01,-20.0746,3.5024,,,0.20168,0
90.6489,31,66,7,3,156.33,648.33,dwell,324.24,460.10,252.24,0,178.932,7.439,179.810,-18.25,20.66,147.51,-17.61,-8.54,174.20,53.926,54.203,-27.4117,2.0944,324.24,460.10,-27.4117,2.0944,,,0.22774,0
90.7483,31,66,7,3,156.33,648.33,dwell,322.31,362.25,330.74,0,178.850,7.508,179.811,-18.14,20.59,147.39,-17.95,-8.37,173.59,53.898,54.169,-23.9789,1.9588,322.31,362.25,-25.8669,2.0334,,,0.21252,0
90.8461,31,66,7,3,156.33,648.33,dwell,319.46,319.01,367.51,0,178.809,7.663,179.805,-18.23,20.56,147.24,-18.16,-7.56,173.60,53.663,54.129,-22.7400,2.4761,319.46,319.01,-24.4598,2.2326,,,0.21660,0
90.9661,31,66,7,3,156.33,648.33,dwell,327.84,367.29,329.24,0,178.925,7.807,179.768,-18.20,20.63,147.45,-17.41,-8.07,174.15,53.367,54.223,-23.6976,2.2316,327.84,367.29,-24.1168,2.2322,,,0.21681,0
91.0498,31,66,7,3,156.33,648.33,dwell,330.97,497.79,230.57,0,178.935,7.884,179.752,-18.17,20.50,147.59,-17.80,-8.65,174.11,53.397,54.272,-28.8327,2.7115,330.97,497.79,-26.2390,2.4479,,,0.20148,0
91.1455,31,66,7,3,156.33,648.33,dwell,296.57,497.84,205.71,0,178.787,7.835,179.759,-18.18,20.54,147.83,-17.37,-7.89,173.84,53.413,53.878,-29.1839,1.0496,296.57,497.84,-27.5642,1.8187,,,0.18945,0
91.2460,31,66,7,3,156.33,648.33,dwell,308.29,566.88,172.41,0,178.780,7.822,179.782,-18.29,20.76,147.80,-17.97,-7.40,174.18,53.280,54.335,-30.9222,1.5610,308.29,566.88,-29.0753,1.7027,,,0.19713,0
91.3450,31,66,7,3,156.33,648.33,dwell,245.38,575.57,114.99,0,178.757,7.859,179.803,-18.36,20.96,147.94,-17.70,-6.50,174.00,52.921,54.134,-31.4663,-1.5173,245.38,575.57,-30.1512,0.2537,,,0.17386,0
91.4412,31,66,7,3,156.33,648.33,dwell,233.48,607.53,87.27,0,178.749,8.000,179.819,-18.27,20.88,147.77,-18.28,-7.25,173.72,52.944,53.710,-33.3312,-1.9966,233.48,607.53,-31.5822,-0.7589,,,0.20819,0
91.5500,31,66,7,3,156.33,648.33,capture,272.36,609.39,122.39,0,178.912,8.190,179.811,-18.31,20.94,147.76,-17.81,-7.56,174.22,53.170,53.780,-34.0292,-0.1942,272.36,609.39,-32.6834,-0.5048,,,0.18372,0
91.6525,31,66,7,3,156.33,648.33,capture,266.73,601.79,119.81,0,178.916,8.112,179.816,-18.35,21.05,147.95,-17.18,-7.56,174.42,53.267,53.892,-33.4741,-0.9318,266.73,601.79,-33.0392,-0.6969,,,0.20871,0
91.7425,31,66,7,3,156.33,648.33,capture,279.97,632.05,124.70,0,178.930,8.288,179.772,-18.34,21.26,147.96,-17.90,-7.87,174.16,53.337,53.630,-34.9053,0.4070,279.97,632.05,-33.8790,-0.2002,,,0.18303,0
91.8561,31,66,7,3,156.33,648.33,capture,263.48,596.34,119.10,0,179.024,8.219,179.737,-18.43,21.23,148.05,-17.87,-7.14,174.21,53.173,54.081,-33.3036,-0.8743,263.48,596.34,-33.6201,-0.5035,,,0.18576,0
91.9412,31,66,7,3,156.33,648.33,capture,263.94,630.03,109.15,0,179.084,8.203,179.728,-18.47,21.22,147.95,-17.53,-7.84,174.27,53.248,53.807,-35.1605,-0.7219,263.94,630.03,-34.3133,-0.6018,,,0.18135,0
92.0521,31,66,7,3,156.33,648.33,capture,269.46,615.39,117.83,0,179.105,8.299,179.742,-18.56,21.20,148.20,-17.73,-7.42,175.06,53.597,53.660,-34.2650,-0.8658,269.46,615.39,-34.2915,-0.7206,,,0.17704,0
92.1565,31,66,7,3,156.33,648.33,capture,244.19,615.25,93.88,0,179.033,8.416,179.751,-18.51,21.35,148.12,-18.52,-7.59,174.51,53.095,53.832,-34.0413,-1.2817,244.19,615.25,-34.1789,-0.9731,,,0.20112,0
92.2607,31,66,7,3,156.33,648.33,capture,253.81,613.34,103.57,0,178.851,8.467,179.736,-18.36,21.43,148.19,-17.56,-6.47,174.84,53.126,53.962,-33.6953,-1.1446,253.81,613.34,-33.9613,-1.0503,,,0.17791,0
92.3554,31,66,7,3,156.33,648.33,capture,244.29,637.45,88.63,0,178.820,8.499,179.758,-18.38,21.46,147.99,-17.70,-7.15,174.62,53.332,53.581,-34.6859,-1.5334,244.29,637.45,-34.2874,-1.2677,,,0.21381,0
92.4628,31,66,7,3,156.33,648.33,capture,256.78,622.73,103.66,0,178.884,8.456,179.751,-18.32,21.35,148.03,-18.13,-8.50,174.52,53.248,53.661,-33.7882,-0.4442,256.78,622.73,-34.0627,-0.8971,,,0.17439,0
92.5703,31,66,7,3,156.33,648.33,capture,276.92,621.88,123.45,0,179.010,8.433,179.793,-18.30,21.30,148.06,-17.22,-7.11,174.24,53.302,53.227,-33.4988,-0.2241,276.92,621.88,-33.8090,-0.5943,,,0.19980,0
92.6771,31,66,7,3,156.33,648.33,capture,284.35,637.37,128.49,0,178.987,8.418,179.830,-18.39,21.14,148.07,-17.12,-7.06,174.77,53.391,53.663,-34.1542,0.4466,284.35,637.37,-33.9643,-0.1259,,,0.22645,0
92.7707,31,66,7,3,156.33,648.33,capture,245.53,620.78,93.36,0,178.979,8.449,179.842,-18.27,20.97,147.96,-18.33,-7.65,174.30,53.851,53.790,-33.2465,-2.2397,245.53,620.78,-33.6413,-1.0771,,,0.22367,0
92.8887,31,66,7,3,156.33,648.33,capture,264.91,637.79,109.09,0,178.962,8.327,179.844,-18.24,20.95,147.57,-17.61,-8.28,173.72,54.081,53.799,-34.1155,-0.4922,264.91,637.79,-33.8547,-0.8139,,,0.22662,0
92.9984,31,66,7,3,156.33,648.33,capture,256.99,620.68,104.39,0,178.921,8.404,179.817,-18.24,21.00,147.23,-17.93,-8.53,173.25,53.978,53.777,-34.3852,-1.7768,256.99,620.68,-34.0934,-1.2472,,,0.25656,0
93.1014,31,66,7,3,156.33,648.33,capture,275.48,604.88,126.82,0,179.079,8.405,179.840,-18.25,21.16,147.21,-18.02,-6.91,172.78,53.682,53.944,-33.3463,0.2235,275.48,604.88,-33.7572,-0.5854,,,0.23273,0
93.1939,31,66,7,3,156.33,648.33,capture,267.32,610.09,117.39,0,178.979,8.487,179.854,-18.14,21.18,147.28,-17.92,-7.77,173.23,53.857,54.171,-33.7424,-0.1681,267.32,610.09,-33.7506,-0.3976,,,0.23652,0
93.3137,31,66,7,3,156.33,648.33,capture,268.46,607.54,119.32,0,178.919,8.563,179.840,-18.12,21.22,147.36,-17.28,-6.13,173.69,53.904,54.205,-33.5116,-0.7043,268.46,607.54,-33.6430,-0.5356,,,0.21668,0
93.3957,31,66,7,3,156.33,648.33,capture,281.70,604.37,132.85,0,179.075,8.425,179.801,-18.11,21.13,147.48,-17.08,-7.49,173.29,53.852,54.174,-32.7719,1.2049,281.70,604.37,-33.2510,0.2476,,,0.21821,0
93.4811,31,66,7,3,156.33,648.33,capture,290.13,600.46,142.10,0,179.100,8.381,179.794,-18.04,21.16,147.11,-18.07,-7.81,173.07,53.428,54.478,-32.6494,0.0181,290.13,600.46,-32.9803,0.1443,,,0.18426,0
93.6449,32,14,1,5,245.67,129.67,dwell,250.73,447.88,318.25,0,178.973,8.305,179.795,-18.04,21.09,147.18,-18.25,-7.34,173.47,53.434,54.117,-27.5088,-1.5809,250.73,447.88,-27.5088,-1.5809,,,0.21132,0
93.7370,32,14,1,5,245.67,129.67,dwell,333.08,388.59,273.28,0,178.981,8.275,179.791,-18.10,20.95,147.18,-17.68,-7.75,173.49,54.002,54.406,-25.2039,3.1122,333.08,388.59,-26.4716,0.5310,,,0.22442,0
93.8477,32,14,1,5,245.67,129.67,dwell,178.79,263.36,149.49,0,179.068,8.193,179.800,-18.11,20.96,147.20,-17.62,-7.87,173.59,54.070,54.325,-19.9004,-4.8407,178.79,263.36,-23.5146,-1.8863,,,0.20809,0
93.9620,32,14,1,5,245.67,129.67,dwell,219.79,318.93,191.02,0,179.194,8.058,179.798,-18.06,20.89,147.31,-17.43,-7.72,173.35,54.264,54.404,-22.1988,-2.8426,219.79,318.93,-22.9225,-2.3166,,,0.21894,0
94.0669,32,14,1,5,245.67,129.67,dwell,318.27,191.42,95.31,0,179.026,8.081,179.760,-18.10,20.98,147.49,-17.79,-7.78,173.79,54.657,54.539,-17.1268,2.3099,318.27,191.42,-20.3144,-0.2347,,,0.23370,0
94.1842,32,14,1,5,245.67,129.67,dwell,297.94,140.81,53.45,0,178.986,8.170,179.787,-17.99,20.94,147.35,-17.80,-6.86,173.81,54.644,54.440,-16.1812,1.0879,297.94,140.81,-18.4545,0.3605,,,0.25485,0
94.2798,32,14,1,5,245.67,129.67,dwell,292.73,101.39,54.90,0,179.018,8.129,179.798,-17.97,20.85,147.61,-17.62,-7.49,173.76,54.852,54.757,-14.0140,0.9537,292.73,101.39,-16.4563,0.6274,,,0.22875,0
94.3681,32,14,1,5,245.67,129.67,dwell,319.41,53.59,105.95,0,178.870,8.061,179.810,-17.95,20.94,147.50,-17.61,-7.29,173.43,54.882,54.658,-11.3512,1.6059,319.41,53.59,-14.1590,1.0677,,,0.25487,0
94.4626,32,14,1,5,245.67,129.67,dwell,353.45,31.58,145.73,0,178.776,7.922,179.827,-17.93,20.95,147.54,-17.81,-7.68,173.56,54.384,54.695,-10.9489,3.4456,353.45,31.58,-12.7145,2.1378,,,0.23120,0
94.5475,32,14,1,5,245.67,129.67,capture,343.03,-35.07,191.36,0,178.711,7.847,179.857,-18.15,21.00,147.62,-17.88,-7.64,173.71,53.444,54.622,-8.0752,3.7501,343.03,-35.07,-10.6268,2.8633,,,0.19129,0
94.6492,32,14,1,5,245.67,129.67,capture,311.90,-21.00,164.58,0,178.720,7.836,179.846,-18.18,21.08,147.70,-17.79,-7.16,174.16,53.446,54.679,-9.4655,1.1694,311.90,-21.00,-10.1042,2.1011,,,0.23143,0
94.7379,32,14,1,5,245.67,129.67,capture,301.44,1.17,140.08,0,178.832,7.871,179.846,-18.19,20.97,147.80,-17.43,-7.19,174.15,52.922,54.563,-10.1351,1.3408,301.44,1.17,-10.1181,1.7589,,,0.18882,0
94.8310,32,14,1,5,245.67,129.67,capture,324.67,-28.46,176.76,0,178.766,7.811,179.840,-18.03,20.98,147.95,-17.31,-7.37,174.56,52.932,54.589,-9.1510,3.1208,324.67,-28.46,-9.6829,2.3718,,,0.17287,0
94.9313,32,14,1,5,245.67,129.67,capture,314.46,-18.34,163.21,0,178.863,7.886,179.820,-18.10,21.00,147.91,-18.31,-7.92,173.98,53.509,54.606,-9.8120,1.5741,314.46,-18.34,-9.7410,2.0128,,,0.19530,0
95.0133,32,14,1,5,245.67,129.67,capture,323.32,-4.83,155.30,0,178.805,7.875,179.805,-18.20,21.04,147.82,-17.74,-7.68,174.25,53.571,54.850,-8.6214,1.7510,323.32,-4.83,-9.2372,1.8950,,,0.22624,0
95.1029,32,14,1,5,245.67,129.67,capture,302.29,-12.88,153.38,0,178.989,7.700,179.812,-18.29,20.94,147.88,-18.00,-7.02,174.21,53.650,55.175,-9.2796,1.2425,302.29,-12.88,-9.2563,1.6014,,,0.21490,0
95.2093,32,14,1,5,245.67,129.67,capture,323.35,8.06,144.30,0,178.941,7.745,179.809,-18.29,20.95,148.03,-17.64,-7.63,174.40,53.903,54.858,-10.6531,2.1999,323.35,8.06,-9.8849,1.8707,,,0.21574,0
95.3003,32,14,1,5,245.67,129.67,capture,320.54,-19.01,166.47,0,179.069,7.799,179.802,-18.27,20.98,148.02,-17.61,-7.76,174.25,54.073,55.219,-9.8424,1.6997,320.54,-19.01,-9.8657,1.7937,,,0.21882,0
95.4030,32,14,1,5,245.67,129.67,capture,306.08,-42.04,182.02,0,179.111,7.829,179.815,-18.32,20.85,148.01,-17.86,-7.54,174.31,53.907,54.835,-8.2360,1.6552,306.08,-42.04,-9.1323,1.7314,,,0.20971,0
95.4857,32,14,1,5,245.67,129.67,capture,305.63,-38.00,178.07,0,179.070,7.807,179.836,-18.39,20.82,148.05,-17.50,-8.16,174.00,54.097,54.937,-8.7358,1.1612,305.63,-38.00,-8.9539,1.4748,,,0.23008,0
95.5702,32,14,1,5,245.67,129.67,capture,301.95,-6.72,147.54,0,179.052,7.863,179.832,-18.33,20.67,148.00,-17.86,-7.79,174.86,53.750,54.963,-10.4007,0.9147,301.95,-6.72,-9.6050,1.2228,,,0.18623,0
95.6561,32,14,1,5,245.67,129.67,capture,324.31,-2.46,153.76,0,179.099,7.838,179.828,-18.31,20.56,147.92,-17.87,-7.49,174.23,53.934,54.580,-9.1190,2.0767,324.31,-2.46,-9.3863,1.6071,,,0.22094,0
95.7723,32,14,1,5,245.67,129.67,capture,337.60,-5.84,163.75,0,179.032,7.795,179.826,-18.34,20.61,147.84,-17.77,-9.04,174.10,53.903,54.410,-9.4386,2.2963,337.60,-5.84,-9.4098,1.9172,,,0.22549,0
95.8688,32,14,1,5,245.67,129.67,capture,315.56,-11.77,157.76,0,178.947,7.709,179.830,-18.46,20.67,147.74,-18.43,-8.29,174.22,53.651,54.336,-9.2203,1.9975,315.56,-11.77,-9.3245,1.9534,,,0.21742,0
95.9632,32,14,1,5,245.67,129.67,capture,311.14,-7.95,152.40,0,178.883,7.753,179.837,-18.54,20.80,147.54,-18.16,-7.68,173.68,53.597,53.903,-9.3980,1.4783,311.14,-7.95,-9.3576,1.7396,,,0.22292,0
96.0473,32,14,1,5,245.67,129.67,capture,296.85,-31.57,169.17,0,178.853,7.821,179.832,-18.50,20.91,147.50,-18.04,-8.20,174.02,53.504,54.154,-8.3887,1.1326,296.85,-31.57,-8.9216,1.4664,,,0.19425,0
96.1371,32,14,1,5,245.67,129.67,capture,300.48,-29.91,168.73,0,178.911,7.807,179.826,-18.56,20.98,147.41,-18.01,-6.89,173.48,53.571,54.053,-8.0497,1.0036,300.48,-29.91,-8.5292,1.2581,,,0.19366,0
96.2437,32,14,1,5,245.67,129.67,capture,314.58,-17.55,162.55,0,178.944,7.675,179.848,-18.55,20.74,147.57,-18.18,-7.98,173.83,54.062,54.203,-9.3099,1.5642,314.58,-17.55,-8.8805,1.3959,,,0.21136,0
96.3706,32,14,1,5,245.67,129.67,capture,312.40,-25.81,169.19,0,178.906,7.752,179.828,-18.50,20.70,147.50,-17.63,-8.33,173.53,54.538,54.160,-9.1791,1.4624,312.40,-25.81,-9.0149,1.4258,,,0.26928,0
96.5681,33,10,1,1,67.00,129.67,dwell,305.73,-41.81,293.93,0,178.728,7.863,179.786,-18.49,20.70,147.54,-18.14,-7.53,173.85,54.188,54.114,-7.8496,1.5500,305.73,-41.81,-7.8496,1.5500,,,0.22778,0
96.6521,33,10,1,1,67.00,129.67,dwell,173.39,-40.83,200.97,0,178.737,7.789,179.809,-18.35,20.75,147.44,-17.78,-7.74,173.31,54.180,54.279,-8.1198,-5.0945,173.39,-40.83,-7.9712,-1.4400,,,0.22981,0
96.7485,33,10,1,1,67.00,129.67,dwell,119.46,90.98,65.18,0,178.676,7.773,179.804,-18.49,20.51,147.46,-17.43,-8.28,174.30,53.960,54.268,-13.3262,-7.2609,119.46,90.98,-10.3809,-4.0594,,,0.25361,0
96.8333,33,10,1,1,67.00,129.67,dwell,211.34,-39.85,222.64,0,178.769,7.816,179.820,-18.45,20.43,147.34,-18.47,-8.15,174.05,54.441,54.361,-8.3786,-2.9412,211.34,-39.85,-9.4799,-3.5562,,,0.26668,0
96.9614,33,10,1,1,67.00,129.67,dwell,64.73,-39.01,168.69,0,178.857,7.700,179.821,-18.42,20.42,147.47,-18.08,-7.17,173.07,54.090,54.497,-7.6906,-9.8963,64.73,-39.01,-8.6747,-6.4093,,,0.20973,0
97.0434,33,10,1,1,67.00,129.67,dwell,80.37,-25.76,156.00,0,178.846,7.628,179.866,-18.33,20.51,147.60,-18.10,-8.32,173.76,54.401,54.218,-9.0096,-8.7077,80.37,-25.76,-8.8254,-7.4436,,,0.21509,0
97.1429,33,10,1,1,67.00,129.67,dwell,47.58,-37.16,167.95,0,178.846,7.557,179.861,-18.23,20.46,147.41,-17.88,-8.28,173.82,54.175,54.265,-8.4833,-10.0467,47.58,-37.16,-8.6714,-8.6150,,,0.21243,0
97.2461,33,10,1,1,67.00,129.67,dwell,7.14,22.22,123.00,0,178.767,7.600,179.849,-18.24,20.59,147.61,-17.75,-8.19,174.01,54.170,54.844,-10.8105,-12.2858,7.14,22.22,-9.6340,-10.2668,,,0.19445,0
97.3570,33,10,1,1,67.00,129.67,dwell,31.78,-25.44,159.06,0,178.872,7.440,179.822,-18.29,20.63,147.39,-18.25,-7.73,173.71,54.183,55.006,-8.1762,-10.8759,31.78,-25.44,-8.9780,-10.5409,,,0.24339,0
97.4690,33,10,1,1,67.00,129.67,capture,4.18,-23.21,165.28,0,178.831,7.516,179.790,-18.36,20.58,147.40,-17.63,-7.34,173.68,54.022,55.040,-9.1955,-12.4100,4.18,-23.21,-9.0759,-11.3820,,,0.22821,0
97.5655,33,10,1,1,67.00,129.67,capture,-9.55,-8.83,158.24,0,178.822,7.507,179.811,-18.40,20.46,147.47,-17.92,-8.34,173.33,53.489,54.914,-9.4163,-12.8746,-9.55,-8.83,-9.2291,-12.0537,,,0.21014,0
97.6542,33,10,1,1,67.00,129.67,capture,-15.41,-17.45,168.63,0,178.854,7.493,179.844,-18.38,20.41,147.43,-17.91,-8.64,173.58,53.492,54.263,-8.4775,-13.3457,-15.41,-17.45,-8.8909,-12.6351,,,0.21248,0
97.7541,33,10,1,1,67.00,129.67,capture,-40.15,-23.07,186.57,0,178.924,7.622,179.825,-18.45,20.35,147.56,-17.89,-8.76,173.31,53.481,54.346,-9.8606,-15.1445,-40.15,-23.07,-9.3272,-13.7643,,,0.23266,0
97.8615,33,10,1,1,67.00,129.67,capture,-9.00,-38.74,184.76,0,179.004,7.632,179.822,-18.38,20.28,147.29,-17.81,-8.58,173.82,53.400,54.787,-8.0121,-13.9397,-9.00,-38.74,-8.7354,-13.8432,,,0.20279,0
97.9615,33,10,1,1,67.00,129.67,capture,-13.90,-20.98,170.99,0,178.999,7.670,179.859,-18.34,20.43,147.40,-18.30,-7.39,173.64,53.396,54.860,-9.0964,-13.0732,-13.90,-20.98,-8.8979,-13.4967,,,0.19902,0
98.0579,33,10,1,1,67.00,129.67,capture,-6.51,0.53,148.59,0,179.015,7.732,179.901,-18.24,20.46,147.45,-17.53,-8.19,173.54,54.071,55.174,-10.8384,-12.7853,-6.51,0.53,-9.7711,-13.1766,,,0.21427,0
98.1514,33,10,1,1,67.00,129.67,capture,-10.06,7.77,144.21,0,179.138,7.700,179.880,-18.31,20.56,147.46,-18.17,-7.38,173.41,53.909,54.589,-10.7874,-13.0976,-10.06,7.77,-10.2284,-13.1410,,,0.22556,0
98.2334,33,10,1,1,67.00,129.67,capture,-5.66,-33.07,178.22,0,179.198,7.746,179.881,-18.35,20.52,147.34,-18.38,-8.30,173.03,53.701,54.051,-7.9345,-13.1219,-5.66,-33.07,-9.1962,-13.1324,,,0.20602,0
98.3402,33,10,1,1,67.00,129.67,capture,-7.30,-13.81,161.57,0,179.154,7.578,179.888,-18.31,20.33,147.17,-17.70,-8.70,173.46,53.735,54.293,-8.6921,-13.8634,-7.30,-13.81,-8.9693,-13.4614,,,0.20709,0
98.4375,33,10,1,1,67.00,129.67,capture,-7.82,-0.43,150.08,0,179.159,7.539,179.884,-18.33,20.32,147.16,-17.92,-8.31,173.51,53.783,53.751,-8.2698,-13.4613,-7.82,-0.43,-8.6546,-13.4613,,,0.22491,0
98.5195,33,10,1,1,67.00,129.67,capture,-19.12,-26.55,178.38,0,179.236,7.450,179.854,-18.42,20.38,147.13,-17.40,-7.85,172.84,53.985,54.007,-9.8270,-14.3271,-19.12,-26.55,-9.1821,-13.8509,,,0.20397,0
98.6146,33,10,1,1,67.00,129.67,capture,-3.28,-22.61,167.71,0,179.126,7.384,179.829,-18.57,20.49,147.14,-18.08,-7.94,173.61,53.752,54.180,-8.2310,-13.1693,-3.28,-22.61,-8.7541,-13.5442,,,0.21211,0
98.7005,33,10,1,1,67.00,129.67,capture,-24.71,-18.65,174.38,0,179.230,7.450,179.797,-18.62,20.74,147.10,-18.21,-7.97,172.83,53.875,54.459,-9.4027,-14.0973,-24.71,-18.65,-9.0460,-13.7931,,,0.21342,0
98.8040,33,10,1,1,67.00,129.67,capture,-11.96,-16.17,165.84,0,179.111,7.365,179.787,-18.65,20.75,147.11,-17.81,-7.49,173.63,53.755,54.362,-9.3727,-13.2296,-11.96,-16.17,-9.1930,-13.5395,,,0.22154,0
98.8964,33,10,1,1,67.00,129.67,capture,-22.96,-37.32,189.68,0,179.107,7.483,179.805,-18.64,20.79,146.91,-18.13,-7.68,173.07,53.991,53.943,-8.2134,-14.0320,-22.96,-37.32,-8.7522,-13.7612,,,0.21916,0
98.9980,33,10,1,1,67.00,129.67,capture,-5.53,-6.37,154.16,0,179.198,7.405,179.768,-18.60,20.79,147.23,-18.11,-7.57,173.38,53.793,54.215,-9.6304,-12.6737,-5.53,-6.37,-9.1474,-13.2718,,,0.20713,0
99.1106,33,10,1,1,67.00,129.67,capture,-7.39,-24.77,171.42,0,179.211,7.399,179.744,-18.57,20.79,147.29,-18.57,-7.06,173.19,53.708,54.666,-8.7354,-12.8229,-7.39,-24.77,-8.9620,-13.0698,,,0.20321,0
99.1995,33,10,1,1,67.00,129.67,capture,-25.16,-17.26,173.44,0,179.108,7.477,179.740,-18.48,20.78,146.95,-17.86,-6.91,173.23,53.852,54.994,-9.1373,-13.3108,-25.16,-17.26,-9.0409,-13.1782,,,0.21433,0
99.3231,33,10,1,1,67.00,129.67,capture,-26.52,-18.97,175.61,0,179.140,7.421,179.760,-18.45,20.89,146.96,-17.95,-7.88,173.39,54.247,54.681,-9.2378,-14.6124,-26.52,-18.97,-9.1295,-13.8236,,,0.21578,0
99.4957,34,30,3,3,156.33,302.56,dwell,22.45,-41.14,368.85,0,179.061,7.647,179.817,-18.41,20.94,146.99,-17.84,-7.31,173.05,53.883,54.930,-9.4211,-11.4484,22.45,-41.14,-9.4211,-11.4484,,,0.23454,0
99.5988,34,30,3,3,156.33,302.56,dwell,81.42,-32.53,343.36,0,179.182,7.711,179.813,-18.31,20.73,147.16,-18.25,-8.06,173.09,53.778,55.201,-8.5458,-9.0832,81.42,-32.53,-9.0272,-10.3840,,,0.22480,0
99.7042,34,30,3,3,156.33,302.56,dwell,-22.37,-36.78,383.51,0,179.166,7.842,179.792,-18.44,20.73,146.90,-17.57,-7.49,173.68,53.461,55.432,-9.0364,-13.9098,-22.37,-36.78,-9.0313,-11.9706,,,0.21141,0
99.8118,34,30,3,3,156.33,302.56,dwell,173.29,-17.47,320.47,0,179.154,7.830,179.774,-18.39,20.93,146.89,-18.18,-7.73,172.38,53.658,54.953,-8.6775,-4.6393,173.29,-17.47,-8.8721,-8.6715,,,0.22949,0
99.9306,34,30,3,3,156.33,302.56,dwell,123.87,-9.20,313.44,0,178.952,7.861,179.771,-18.40,20.83,146.90,-17.54,-7.50,172.94,53.901,54.977,-10.2925,-7.2969,123.87,-9.20,-9.5113,-8.0529,,,0.21621,0
100.0267,34,30,3,3,156.33,302.56,dwell,70.21,72.46,245.69,0,179.033,7.989,179.772,-18.24,20.76,146.76,-17.91,-6.98,173.08,53.831,55.050,-12.3133,-10.0214,70.21,72.46,-10.7722,-8.9387,,,0.23478,0
100.1386,34,30,3,3,156.33,302.56,dwell,151.78,-4.62,307.21,0,179.064,7.960,179.785,-18.24,20.76,146.92,-17.97,-7.98,172.61,53.763,55.008,-10.0770,-5.8608,151.78,-4.62,-10.4593,-7.5536,,,0.21591,0
100.2436,34,30,3,3,156.33,302.56,dwell,151.32,40.18,262.42,0,179.096,7.884,179.801,-18.32,20.84,147.11,-17.56,-8.40,172.81,53.932,54.909,-11.5899,-5.5716,151.32,40.18,-10.9681,-6.6617,,,0.22164,0
100.3256,34,30,3,3,156.33,302.56,dwell,191.94,62.94,242.25,0,179.110,7.662,179.789,-18.30,20.95,146.86,-18.14,-9.33,172.57,54.238,54.650,-11.7295,-4.2657,191.94,62.94,-11.3107,-5.5835,,,0.21120,0
100.4392,34,30,3,3,156.33,302.56,dwell,210.36,54.58,253.79,0,179.016,7.636,179.792,-18.32,20.94,146.90,-18.29,-7.49,172.52,53.858,54.784,-12.6202,-3.1485,210.36,54.58,-11.9000,-4.4878,,,0.20666,0
100.5415,34,30,3,3,156.33,302.56,dwell,216.94,64.53,245.62,0,179.081,7.572,179.768,-18.24,20.80,146.87,-17.92,-8.06,172.61,54.004,54.691,-12.1596,-2.9816,216.94,64.53,-12.0168,-3.8100,,,0.20495,0
100.6461,34,30,3,3,156.33,302.56,capture,222.51,63.72,247.83,0,179.017,7.687,179.756,-18.43,20.87,146.65,-17.99,-7.51,172.72,53.985,54.509,-12.2278,-2.8049,222.51,63.72,-12.1118,-3.3577,,,0.24519,0
100.7549,34,30,3,3,156.33,302.56,capture,211.72,70.31,238.76,0,179.094,7.738,179.775,-18.47,20.76,146.91,-18.06,-8.19,173.26,53.431,54.730,-12.6526,-2.4831,211.72,70.31,-12.3552,-2.9642,,,0.21311,0
100.8410,34,30,3,3,156.33,302.56,capture,212.25,49.61,259.05,0,179.158,7.862,179.821,-18.33,20.68,146.86,-17.93,-7.78,172.76,53.374,54.676,-11.8713,-2.4021,212.25,49.61,-12.1374,-2.7112,,,0.20132,0
100.9507,34,30,3,3,156.33,302.56,capture,206.65,37.58,269.71,0,179.079,7.838,179.799,-18.37,20.71,146.97,-18.19,-7.80,172.79,53.458,54.681,-11.3302,-4.1107,206.65,37.58,-11.7742,-3.3410,,,0.21142,0
101.0606,34,30,3,3,156.33,302.56,capture,219.06,100.53,211.54,0,179.036,7.896,179.800,-18.42,20.73,147.32,-17.94,-7.47,173.52,53.661,54.111,-13.7482,-2.7019,219.06,100.53,-12.6625,-3.0534,,,0.22415,0
101.1426,34,30,3,3,156.33,302.56,capture,223.27,101.61,211.80,0,178.965,7.961,179.809,-18.32,20.89,147.41,-17.56,-6.81,174.22,53.723,54.169,-13.0523,-3.4499,223.27,101.61,-12.8379,-3.2318,,,0.23083,0
101.2315,34,30,3,3,156.33,302.56,capture,203.99,56.42,250.71,0,179.033,8.021,179.808,-18.17,20.73,147.26,-17.71,-7.65,173.65,54.141,54.239,-10.9120,-2.7669,203.99,56.42,-11.9712,-3.0226,,,0.21924,0
101.3529,34,30,3,3,156.33,302.56,capture,224.56,50.02,261.59,0,178.988,7.976,179.838,-18.26,20.75,147.57,-17.65,-7.13,174.00,54.020,54.180,-11.9868,-2.4294,224.56,50.02,-11.9782,-2.7556,,,0.24103,0
101.4599,34,30,3,3,156.33,302.56,capture,229.31,46.80,265.96,0,179.006,7.850,179.793,-18.14,20.86,147.65,-17.68,-7.38,174.06,53.784,54.068,-11.0242,-2.4218,229.31,46.80,-11.5489,-2.6054,,,0.21839,0
101.5738,34,30,3,3,156.33,302.56,capture,229.75,68.88,244.94,0,179.063,7.982,179.782,-18.06,20.78,147.60,-17.50,-8.02,174.26,53.748,53.886,-12.0297,-2.5955,229.75,68.88,-11.7653,-2.6010,,,0.22047,0
101.6849,34,30,3,3,156.33,302.56,capture,219.81,68.57,242.44,0,179.047,7.916,179.801,-18.04,20.67,147.71,-17.91,-7.70,174.38,53.649,53.732,-12.9581,-2.8770,219.81,68.57,-12.3020,-2.7252,,,0.17957,0
101.7767,34,30,3,3,156.33,302.56,capture,235.94,64.16,251.34,0,179.123,7.888,179.778,-18.01,20.63,147.75,-17.55,-8.51,173.98,53.686,53.711,-12.0155,-1.6817,235.94,64.16,-12.1731,-2.2556,,,0.21726,0
101.8888,34,30,3,3,156.33,302.56,capture,192.82,75.72,229.75,0,179.215,7.971,179.766,-18.06,20.58,147.89,-17.74,-7.96,174.50,53.582,53.672,-11.9447,-3.8130,192.82,75.72,-12.0703,-2.9564,,,0.20954,0
101.9790,34,30,3,3,156.33,302.56,capture,198.72,28.33,277.48,0,179.087,8.097,179.732,-18.02,20.36,147.88,-17.80,-7.77,174.57,53.430,54.363,-10.2176,-3.7163,198.72,28.33,-11.2366,-3.2984,,,0.19745,0
102.0754,34,30,3,3,156.33,302.56,capture,208.89,65.62,242.69,0,179.161,8.084,179.757,-18.02,20.36,147.92,-17.56,-8.18,174.27,53.435,54.629,-11.6624,-2.6162,208.89,65.62,-11.4282,-2.9914,,,0.18395,0
102.1666,34,30,3,3,156.33,302.56,capture,221.43,64.29,247.00,0,179.164,8.151,179.752,-18.01,20.31,147.91,-17.71,-7.42,173.92,53.820,54.305,-11.5315,-2.0968,221.43,64.29,-11.4747,-2.5888,,,0.21546,0
102.2567,34,30,3,3,156.33,302.56,capture,203.43,37.34,269.36,0,179.134,8.095,179.751,-18.22,20.38,147.79,-17.24,-8.43,174.27,53.618,54.620,-10.5668,-3.0714,203.43,37.34,-11.0661,-2.8060,,,0.22190,0
102.3571,34,30,3,3,156.33,302.56,capture,228.61,45.93,266.61,0,179.099,8.155,179.766,-18.24,20.53,147.69,-18.13,-8.16,174.06,53.633,54.252,-11.4055,-2.4539,228.61,45.93,-11.2188,-2.6475,,,0.20879,0
102.4558,34,30,3,3,156.33,302.56,capture,187.72,53.50,251.03,0,178.943,8.098,179.803,-18.19,20.57,147.53,-17.34,-8.18,174.13,54.118,54.023,-12.2957,-3.9750,187.72,53.50,-11.7034,-3.2449,,,0.19021,0
102.6517,35,3,0,3,156.33,43.22,dwell,128.56,125.32,86.67,0,178.847,8.041,179.774,-18.25,20.61,147.41,-17.97,-8.24,173.54,54.194,54.031,-15.3121,-6.8333,128.56,125.32,-15.3121,-6.8333,,,0.21817,0
102.7586,35,3,0,3,156.33,43.22,dwell,183.34,-3.57,54.03,0,178.968,8.144,179.745,-18.24,20.42,147.59,-17.51,-8.50,173.82,54.358,54.444,-9.1093,-3.9296,183.34,-3.57,-12.5208,-5.5266,,,0.21942,0
102.8575,35,3,0,3,156.33,43.22,dwell,138.08,86.48,46.95,0,179.010,8.093,179.746,-18.29,20.48,147.72,-17.75,-8.46,173.48,54.701,54.217,-13.1466,-6.4054,138.08,86.48,-12.8024,-5.9221,,,0.26672,0
102.9466,35,3,0,3,156.33,43.22,dwell,237.63,-40.84,116.94,0,179.042,7.905,179.756,-18.37,20.19,147.76,-17.77,-8.62,173.71,54.403,54.273,-7.9428,-2.2885,237.63,-40.84,-10.6156,-4.2870,,,0.21444,0
103.0436,35,3,0,3,156.33,43.22,dwell,218.05,67.66,66.38,0,179.064,7.942,179.751,-18.30,20.15,147.75,-18.06,-8.50,173.96,54.186,54.163,-11.9870,-2.9106,218.05,67.66,-11.2327,-3.6676,,,0.22903,0
103.1450,35,3,0,3,156.33,43.22,dwell,143.88,32.71,16.30,1,179.113,8.032,179.755,-18.31,20.07,147.74,-17.45,-7.99,174.22,53.587,53.819,-10.9767,-5.7171,143.88,32.71,-11.1175,-4.5899,,,0.21922,0
103.2407,35,3,0,3,156.33,43.22,dwell,234.29,47.10,78.05,0,179.179,8.003,179.770,-18.30,20.19,147.52,-17.85,-8.02,173.52,53.585,53.931,-12.4578,-1.8154,234.29,47.10,-11.7207,-3.3414,,,0.18525,0
103.3393,35,3,0,3,156.33,43.22,dwell,220.36,33.29,64.79,0,179.081,7.901,179.752,-18.31,20.19,147.46,-17.56,-7.82,173.88,53.852,53.849,-10.7361,-2.4068,220.36,33.29,-11.2776,-2.9208,,,0.20998,0
103.4454,35,3,0,3,156.33,43.22,dwell,180.57,67.69,34.44,0,179.116,7.918,179.756,-18.17,20.48,147.47,-17.70,-8.07,173.97,53.929,53.996,-13.3622,-3.9901,180.57,67.69,-12.2157,-3.4020,,,0.23154,0
103.5472,35,3,0,3,156.33,43.22,capture,183.61,13.25,40.53,0,178.986,7.776,179.784,-18.17,20.55,147.37,-17.48,-8.52,173.94,54.195,53.752,-10.4382,-4.3709,183.61,13.25,-11.4158,-3.8380,,,0.22191,0
103.6754,35,3,0,3,156.33,43.22,capture,187.09,45.85,30.87,0,179.012,7.668,179.799,-18.34,20.60,147.13,-17.87,-8.96,173.33,54.569,53.939,-11.5694,-4.6502,187.09,45.85,-11.4849,-4.2035,,,0.24375,0
103.7802,35,3,0,3,156.33,43.22,capture,178.66,34.61,23.93,1,178.871,7.620,179.832,-18.18,20.46,147.41,-17.32,-8.19,174.03,54.285,54.055,-10.7887,-4.3888,178.66,34.61,-11.1716,-4.2869,,,0.24754,0
103.8949,35,3,0,3,156.33,43.22,capture,195.69,26.41,42.80,0,178.798,7.719,179.793,-18.22,20.38,147.31,-18.04,-8.23,173.69,54.399,54.405,-10.8829,-3.2710,195.69,26.41,-11.0417,-3.8298,,,0.21687,0
103.9815,35,3,0,3,156.33,43.22,capture,214.52,50.20,58.60,0,178.916,7.725,179.799,-18.28,20.31,147.49,-17.79,-8.36,173.79,54.284,54.313,-12.0784,-2.4640,214.52,50.20,-11.5082,-3.2152,,,0.23693,0
104.0762,35,3,0,3,156.33,43.22,capture,206.79,35.35,51.07,0,178.929,7.712,179.751,-18.29,20.39,147.69,-17.67,-8.88,173.69,54.311,54.347,-10.9197,-2.5187,206.79,35.35,-11.2434,-2.9018,,,0.21805,0
104.1654,35,3,0,3,156.33,43.22,capture,195.76,62.31,43.80,0,178.910,7.599,179.781,-18.16,20.35,147.83,-17.41,-7.83,174.69,54.198,54.128,-12.7623,-4.3084,195.76,62.31,-11.9269,-3.5348,,,0.18676,0
104.2671,35,3,0,3,156.33,43.22,capture,195.31,35.72,39.69,0,178.864,7.496,179.796,-18.21,20.55,147.71,-17.14,-8.31,174.04,54.260,54.097,-11.1703,-4.1888,195.31,35.72,-11.5864,-3.8291,,,0.21809,0
104.3691,35,3,0,3,156.33,43.22,capture,222.06,17.43,70.61,0,178.851,7.405,179.773,-18.20,20.62,147.60,-17.57,-7.48,173.45,54.081,53.857,-10.7233,-2.0623,222.06,17.43,-11.1980,-3.0340,,,0.25548,0
104.4744,35,3,0,3,156.33,43.22,capture,178.24,46.30,22.12,1,178.798,7.349,179.814,-18.21,20.70,147.51,-17.40,-7.24,174.34,54.111,53.963,-11.0102,-4.5247,178.24,46.30,-11.1135,-3.7048,,,0.21630,0
104.5725,35,3,0,3,156.33,43.22,capture,195.11,23.32,43.59,0,178.916,7.457,179.803,-18.33,20.87,147.81,-17.96,-7.75,174.06,54.244,54.085,-10.6515,-3.6391,195.11,23.32,-10.9056,-3.6753,,,0.24225,0
104.6733,35,3,0,3,156.33,43.22,capture,179.24,18.97,33.36,0,178.837,7.533,179.805,-18.24,20.82,147.92,-17.77,-8.42,174.31,54.264,54.296,-10.9249,-4.6324,179.24,18.97,-10.9143,-4.1060,,,0.20665,0
104.7737,35,3,0,3,156.33,43.22,capture,176.54,31.06,23.58,1,178.768,7.560,179.792,-18.29,20.73,147.86,-18.16,-7.70,174.32,53.994,54.397,-10.9902,-4.0114,176.54,31.06,-10.9484,-4.0634,,,0.23622,0
104.8746,35,3,0,3,156.33,43.22,capture,180.70,39.02,24.73,0,178.735,7.698,179.821,-18.33,20.77,147.82,-18.20,-7.65,173.87,54.206,54.150,-11.1137,-4.1097,180.70,39.02,-11.0228,-4.0843,,,0.20421,0
104.9728,35,3,0,3,156.33,43.22,capture,193.71,50.12,38.01,0,178.737,7.526,179.827,-18.35,20.68,147.50,-18.34,-7.10,174.43,54.213,54.353,-11.6705,-3.4588,193.71,50.12,-11.3143,-3.8028,,,0.21995,0
105.0635,35,3,0,3,156.33,43.22,capture,187.16,33.94,32.19,0,178.712,7.638,179.840,-18.38,20.71,147.16,-18.11,-7.67,173.67,53.771,54.585,-11.3095,-4.1900,187.16,33.94,-11.3121,-3.9770,,,0.22034,0
105.1692,35,3,0,3,156.33,43.22,capture,195.60,31.01,41.12,0,178.678,7.624,179.842,-18.47,20.74,147.23,-17.61,-7.48,173.52,53.571,54.570,-10.1754,-4.4763,195.60,31.01,-10.8006,-4.2017,,,0.17594,0
105.2512,35,3,0,3,156.33,43.22,capture,216.49,28.61,61.91,0,178.600,7.610,179.829,-18.52,20.50,147.14,-18.29,-8.37,173.42,53.819,54.704,-10.9307,-2.4296,216.49,28.61,-10.8592,-3.4043,,,0.22766,0
105.3391,35,3,0,3,156.33,43.22,capture,196.53,50.93,40.93,0,178.654,7.515,179.826,-18.39,20.62,146.97,-18.21,-8.26,172.98,53.791,54.550,-11.7261,-3.4898,196.53,50.93,-11.2493,-3.4428,,,0.24250,0
105.4236,35,3,0,3,156.33,43.22,capture,183.99,31.00,30.24,0,178.596,7.556,179.838,-18.36,20.76,147.13,-17.86,-7.26,173.41,54.005,54.400,-10.9943,-4.2873,183.99,31.00,-11.1346,-3.8228,,,0.22671,0
105.6051,36,77,8,5,245.67,734.78,dwell,282.68,273.28,462.98,0,178.521,7.802,179.804,-18.25,20.80,146.97,-18.03,-7.77,173.40,54.056,54.368,-21.0381,0.7104,282.68,273.28,-21.0381,0.7104,,,0.23280,0
105.7111,36,77,8,5,245.67,734.78,dwell,224.95,210.54,524.65,0,178.765,7.721,179.834,-18.21,20.95,146.93,-17.63,-7.70,173.12,53.859,53.961,-18.6144,-2.4442,224.95,210.54,-19.9475,-0.7092,,,0.22251,0
105.8291,36,77,8,5,245.67,734.78,dwell,226.65,276.37,458.80,0,178.821,7.736,179.853,-18.32,21.12,146.98,-17.46,-8.19,173.09,54.057,53.490,-20.1861,-2.7216,226.65,276.37,-20.0549,-1.6148,,,0.21896,0
105.9255,36,77,8,5,245.67,734.78,dwell,255.23,201.11,533.75,0,178.739,7.811,179.853,-18.38,21.20,147.21,-17.85,-6.74,173.36,54.192,53.787,-17.1948,-1.7640,255.23,201.11,-18.7678,-1.6819,,,0.24177,0
106.0169,36,77,8,5,245.67,734.78,dwell,278.54,498.82,238.24,0,178.842,7.943,179.846,-18.53,21.17,147.38,-18.42,-7.24,174.33,54.146,54.157,-29.2269,-0.2745,278.54,498.82,-23.4744,-1.0486,,,0.21443,0
106.1163,36,77,8,5,245.67,734.78,dwell,282.02,458.66,278.50,0,178.790,8.013,179.864,-18.44,21.20,147.55,-17.95,-7.62,173.46,53.851,53.980,-28.3592,0.0814,282.02,458.66,-25.6726,-0.5401,,,0.22585,0
106.2203,36,77,8,5,245.67,734.78,dwell,255.03,512.16,222.81,0,178.755,8.157,179.913,-18.42,21.04,147.86,-17.72,-7.83,174.26,53.882,54.028,-29.3699,-1.5335,255.03,512.16,-27.3364,-0.9871,,,0.23327,0
106.3280,36,77,8,5,245.67,734.78,dwell,345.48,597.95,169.37,0,178.810,8.118,179.914,-18.31,21.08,147.74,-17.76,-7.41,174.25,53.759,53.852,-33.1855,3.2156,345.48,597.95,-29.9685,0.9041,,,0.21632,0
106.4100,36,77,8,5,245.67,734.78,dwell,254.39,617.20,117.90,0,178.958,8.265,179.922,-18.26,21.07,147.52,-18.12,-8.01,173.59,53.790,54.167,-33.3057,-0.7161,254.39,617.20,-31.4702,0.1750,,,0.18762,0
106.5103,36,77,8,5,245.67,734.78,dwell,291.63,715.02,50.03,0,179.054,8.288,179.905,-18.30,20.87,147.54,-18.54,-6.73,173.94,53.711,53.898,-38.3110,0.8397,291.63,715.02,-34.5485,0.4741,,,0.20154,0
106.6286,36,77,8,5,245.67,734.78,dwell,274.02,734.55,28.35,0,178.944,8.189,179.876,-18.45,21.00,147.69,-16.88,-7.30,174.29,53.729,53.789,-37.9547,0.0146,274.02,734.55,-36.0813,0.2673,,,0.20196,0
106.7470,36,77,8,5,245.67,734.78,capture,283.54,785.02,62.92,0,178.985,8.294,179.885,-18.52,21.13,147.72,-18.19,-8.33,173.97,53.865,53.277,-40.1746,0.3647,283.54,785.02,-37.9233,0.3112,,,0.20567,0
106.8522,36,77,8,5,245.67,734.78,capture,279.83,779.05,55.92,0,179.017,8.429,179.877,-18.51,20.97,147.71,-18.18,-7.58,173.93,53.433,53.386,-40.7113,-0.0716,279.83,779.05,-39.1779,0.1389,,,0.20626,0
106.9393,36,77,8,5,245.67,734.78,capture,283.80,763.97,48.02,0,179.000,8.574,179.857,-18.41,20.95,147.67,-17.89,-6.68,173.72,53.632,53.525,-39.9978,-0.3921,283.80,763.97,-39.5469,-0.1001,,,0.19206,0
107.0392,36,77,8,5,245.67,734.78,capture,291.65,796.73,77.15,0,179.113,8.601,179.880,-18.48,20.84,147.79,-18.12,-8.04,174.30,53.687,53.809,-40.8430,1.3897,291.65,796.73,-40.1301,0.5703,,,0.21649,0
107.1525,36,77,8,5,245.67,734.78,capture,269.25,764.49,37.93,0,179.060,8.678,179.871,-18.51,20.90,147.63,-18.10,-7.28,174.06,53.811,54.132,-39.2663,-0.2763,269.25,764.49,-39.7414,0.1894,,,0.22015,0
107.2544,36,77,8,5,245.67,734.78,capture,306.29,773.97,72.19,0,179.109,8.573,179.847,-18.27,20.78,147.74,-18.07,-8.43,174.00,53.738,53.495,-39.8347,1.1394,306.29,773.97,-39.7834,0.6169,,,0.23039,0
107.3471,36,77,8,5,245.67,734.78,capture,307.55,768.33,70.39,0,179.075,8.615,179.857,-18.17,20.94,147.54,-17.57,-8.17,173.79,53.505,53.522,-39.1795,1.3643,307.55,768.33,-39.5116,0.9532,,,0.20304,0
107.4459,36,77,8,5,245.67,734.78,capture,287.57,752.62,45.54,0,178.975,8.710,179.858,-18.05,21.03,147.40,-17.28,-7.28,173.17,53.669,54.227,-38.7178,0.1111,287.57,752.62,-39.1544,0.5742,,,0.20305,0
107.5568,36,77,8,5,245.67,734.78,capture,287.19,772.17,55.88,0,178.926,8.730,179.860,-18.03,21.00,147.57,-17.99,-7.00,173.86,53.791,54.390,-40.2295,0.5197,287.19,772.17,-39.6382,0.5497,,,0.24103,0
107.6558,36,77,8,5,245.67,734.78,capture,283.92,775.05,55.54,0,178.872,8.936,179.867,-17.99,21.01,147.74,-17.50,-7.32,173.81,53.684,54.314,-40.3954,0.4206,283.92,775.05,-39.9790,0.4916,,,0.23238,0
107.7660,36,77,8,5,245.67,734.78,capture,288.65,756.25,48.05,0,178.972,8.857,179.863,-17.93,21.12,147.53,-17.79,-8.08,174.45,53.483,54.109,-39.6968,0.1462,288.65,756.25,-39.8520,0.3362,,,0.19249,0
107.8521,36,77,8,5,245.67,734.78,capture,287.91,782.47,63.71,0,178.947,8.666,179.871,-17.92,21.12,147.44,-17.15,-7.70,173.47,53.585,54.373,-39.8496,-0.5597,287.91,782.47,-39.8509,-0.0670,,,0.21233,0
107.9614,36,77,8,5,245.67,734.78,capture,250.06,797.59,62.97,0,178.996,8.752,179.868,-17.99,21.14,147.26,-17.75,-6.95,173.49,53.785,54.708,-41.1923,-0.8806,250.06,797.59,-40.4545,-0.4331,,,0.21971,0
108.0556,36,77,8,5,245.67,734.78,capture,292.63,799.59,80.04,0,178.950,8.891,179.835,-18.03,21.13,147.37,-17.71,-7.36,173.92,53.749,54.640,-42.1266,1.2482,292.63,799.59,-41.2070,0.3235,,,0.23854,0
108.1437,36,77,8,5,245.67,734.78,capture,286.31,777.35,58.86,0,178.864,8.913,179.848,-18.11,21.11,147.09,-18.03,-6.62,173.82,53.845,54.283,-40.8739,0.3647,286.31,777.35,-41.0571,0.3420,,,0.21408,0
108.2464,36,77,8,5,245.67,734.78,capture,294.30,765.86,57.72,0,178.815,9.055,179.857,-18.08,21.18,147.41,-18.09,-6.79,173.74,53.814,54.244,-39.9567,-0.0615,294.30,765.86,-40.5619,0.1605,,,0.19237,0
108.3320,36,77,8,5,245.67,734.78,capture,287.93,778.90,61.10,0,178.782,9.063,179.853,-18.00,21.20,147.40,-17.67,-7.31,173.26,54.009,54.356,-38.9447,0.7870,287.93,778.90,-39.8342,0.4424,,,0.22449,0
108.4406,36,77,8,5,245.67,734.78,capture,281.26,787.40,63.53,0,178.743,9.099,179.853,-18.11,20.99,147.47,-17.98,-7.81,173.95,54.406,54.363,-40.4947,1.2539,281.26,787.40,-40.1314,0.8076,,,0.21215,0
108.6414,37,41,4,5,245.67,389.00,dwell,298.09,635.93,252.43,0,178.848,8.942,179.808,-18.11,20.83,147.48,-17.18,-7.77,173.47,54.465,53.718,-34.9305,0.4253,298.09,635.93,-34.9305,0.4253,,,0.25144,0
108.7379,37,41,4,5,245.67,389.00,dwell,391.32,637.29,287.86,0,178.931,8.757,179.815,-18.07,20.89,147.56,-17.60,-7.32,173.72,54.348,53.927,-34.5375,5.0043,391.32,637.29,-34.7537,2.4859,,,0.24681,0
108.8411,37,41,4,5,245.67,389.00,dwell,308.62,602.67,222.75,0,179.009,8.632,179.799,-18.13,20.79,147.50,-17.50,-7.82,174.10,54.322,54.042,-33.2332,1.1586,308.62,602.67,-34.0695,1.8886,,,0.22736,0
108.9458,37,41,4,5,245.67,389.00,dwell,329.37,692.60,314.93,0,179.022,8.545,179.812,-18.22,20.97,147.54,-17.95,-7.75,173.73,54.078,53.966,-36.3221,2.6805,329.37,692.60,-35.0832,2.2450,,,0.24329,0
109.0542,37,41,4,5,245.67,389.00,dwell,273.01,525.41,139.12,0,179.025,8.331,179.823,-18.21,21.04,147.65,-18.09,-7.65,173.55,54.061,54.194,-30.2926,-0.4228,273.01,525.41,-32.9274,1.0445,,,0.21758,0
109.1483,37,41,4,5,245.67,389.00,dwell,316.27,535.22,162.37,0,179.006,8.315,179.804,-18.24,20.78,147.99,-18.01,-7.39,174.15,54.043,53.930,-30.6817,1.6703,316.27,535.22,-31.9168,1.3261,,,0.21438,0
109.2340,37,41,4,5,245.67,389.00,dwell,328.98,499.20,138.15,0,178.965,8.285,179.800,-18.21,20.95,147.88,-18.02,-8.45,174.36,54.114,54.294,-29.8621,2.6037,328.98,499.20,-30.9922,1.9010,,,0.24588,0
109.3408,37,41,4,5,245.67,389.00,dwell,288.48,450.02,74.54,0,179.045,8.275,179.762,-18.27,20.93,147.87,-17.42,-7.97,174.47,53.861,54.143,-27.9280,1.3208,288.48,450.02,-29.6133,1.6399,,,0.21888,0
109.4317,37,41,4,5,245.67,389.00,dwell,335.26,443.79,105.02,0,178.957,8.234,179.778,-18.21,20.88,147.82,-17.85,-7.32,174.50,53.585,54.400,-26.1705,2.6858,335.26,443.79,-28.0641,2.1106,,,0.21994,0
109.5387,37,41,4,5,245.67,389.00,capture,328.35,424.16,89.85,0,178.995,8.025,179.760,-18.21,20.96,147.56,-17.83,-7.62,173.55,53.538,54.539,-26.0985,1.8352,328.35,424.16,-27.1796,1.9867,,,0.20002,0
109.6319,37,41,4,5,245.67,389.00,capture,326.52,399.88,81.58,0,178.907,8.023,179.748,-18.17,20.88,147.56,-18.20,-7.76,173.91,53.589,54.352,-24.8392,1.3858,326.52,399.88,-26.1264,1.7163,,,0.20610,0
109.7410,37,41,4,5,245.67,389.00,capture,318.84,407.39,75.45,0,178.756,8.073,179.727,-18.17,20.83,147.68,-17.49,-7.15,173.75,53.330,54.583,-25.4418,1.5264,318.84,407.39,-25.8183,1.6308,,,0.22731,0
109.8319,37,41,4,5,245.67,389.00,capture,328.72,415.39,87.15,0,178.917,7.937,179.761,-18.16,20.72,147.65,-18.27,-7.53,174.11,53.569,54.732,-25.6984,2.4470,328.72,415.39,-25.7644,1.9981,,,0.22688,0
109.9247,37,41,4,5,245.67,389.00,capture,332.69,417.14,91.46,0,178.897,7.964,179.777,-18.18,20.62,147.64,-18.13,-8.47,174.42,53.365,54.498,-25.1756,1.9683,332.69,417.14,-25.4994,1.9847,,,0.20173,0
110.0067,37,41,4,5,245.67,389.00,capture,327.72,421.73,88.34,0,178.919,8.073,179.801,-18.33,20.59,147.76,-17.95,-7.90,173.65,53.070,54.351,-27.2645,2.1358,327.72,421.73,-26.2937,2.0527,,,0.17200,0
110.1097,37,41,4,5,245.67,389.00,capture,333.54,396.75,88.21,0,178.966,8.043,179.762,-18.51,20.42,147.86,-18.23,-8.96,174.43,52.938,54.213,-24.9514,2.7509,333.54,396.75,-25.6897,2.3669,,,0.18603,0
110.2254,37,41,4,5,245.67,389.00,capture,328.18,420.93,88.48,0,179.042,8.126,179.748,-18.36,20.37,147.58,-18.96,-8.76,173.94,53.063,53.853,-25.5698,1.9163,328.18,420.93,-25.6357,2.1641,,,0.20880,0
110.3314,37,41,4,5,245.67,389.00,capture,333.00,374.57,88.52,0,179.112,8.164,179.752,-18.54,20.46,147.70,-17.82,-8.57,173.70,53.143,54.056,-24.8666,2.6365,333.00,374.57,-25.2896,2.3767,,,0.18089,0
110.4201,37,41,4,5,245.67,389.00,capture,341.33,404.23,96.87,0,179.081,8.112,179.772,-18.51,20.49,147.69,-18.42,-7.68,174.17,53.377,53.876,-25.6282,2.4623,341.33,404.23,-25.4420,2.4152,,,0.20895,0
110.5070,37,41,4,5,245.67,389.00,capture,314.96,427.16,79.11,0,179.159,8.187,179.760,-18.49,20.67,147.71,-17.98,-7.99,173.96,53.183,53.880,-26.3111,1.3529,314.96,427.16,-25.8331,1.9372,,,0.19204,0
110.5923,37,41,4,5,245.67,389.00,capture,337.61,408.65,94.02,0,179.346,8.164,179.789,-18.45,20.70,147.66,-18.24,-8.02,173.53,53.541,53.896,-26.0260,3.9267,337.61,408.65,-25.9199,2.8324,,,0.22004,0
110.6900,37,41,4,5,245.67,389.00,capture,337.69,395.70,92.27,0,179.328,8.188,179.772,-18.40,20.74,147.61,-17.99,-7.11,174.23,53.361,53.949,-24.0348,2.4646,337.69,395.70,-25.0716,2.6669,,,0.21438,0
110.7796,37,41,4,5,245.67,389.00,capture,345.37,396.34,99.97,0,179.270,8.149,179.773,-18.40,20.53,147.83,-18.22,-8.24,174.42,53.478,53.920,-25.2968,3.4209,345.37,396.34,-25.1730,3.0062,,,0.21726,0
110.8616,37,41,4,5,245.67,389.00,capture,333.76,411.81,91.00,0,179.187,8.150,179.786,-18.43,20.55,147.94,-18.01,-8.01,174.41,53.910,54.468,-24.9141,3.6203,333.76,411.81,-25.0565,3.2826,,,0.23348,0
110.9636,37,41,4,5,245.67,389.00,capture,332.31,428.46,95.21,0,179.180,8.155,179.823,-18.40,20.51,148.18,-17.82,-7.57,175.41,54.000,54.066,-26.3226,2.9185,332.31,428.46,-25.6262,3.1188,,,0.22361,0
111.0663,37,41,4,5,245.67,389.00,capture,315.91,406.86,72.48,0,179.069,8.160,179.820,-18.27,20.81,147.98,-17.77,-7.82,174.43,53.930,54.282,-25.6537,1.3764,315.91,406.86,-25.6386,2.3347,,,0.25008,0
111.1658,37,41,4,5,245.67,389.00,capture,327.58,404.43,83.35,0,179.118,8.099,179.804,-18.40,20.63,148.01,-18.78,-7.83,174.12,53.826,54.073,-26.0387,2.7306,327.58,404.43,-25.8186,2.5128,,,0.20711,0
111.2662,37,41,4,5,245.67,389.00,capture,330.90,396.36,85.55,0,179.033,8.016,179.791,-18.41,20.53,147.88,-17.57,-8.17,174.03,54.001,53.841,-26.1653,2.4833,330.90,396.36,-25.9746,2.4995,,,0.19425,0
111.3482,37,41,4,5,245.67,389.00,capture,321.21,423.26,82.95,0,178.925,8.075,179.854,-18.43,20.47,147.75,-18.09,-7.74,173.56,53.974,53.764,-25.8551,1.6083,321.21,423.26,-25.9208,2.0985,,,0.24832,0
111.5384,38,62,6,8,379.67,561.89,dwell,276.65,429.24,167.95,0,178.975,8.067,179.840,-18.37,20.52,147.62,-18.62,-8.87,174.34,53.648,54.104,-26.6185,0.1765,276.65,429.24,-26.6185,0.1765,,,0.21892,0
111.6441,38,62,6,8,379.67,561.89,dwell,268.28,433.72,169.81,0,178.879,8.059,179.817,-18.41,20.52,147.68,-17.86,-7.45,174.16,53.484,53.873,-26.7312,0.0803,268.28,433.72,-26.6692,0.1332,,,0.20705,0
111.7492,38,62,6,8,379.67,561.89,dwell,295.72,354.66,223.59,0,178.845,8.178,179.838,-18.46,20.43,147.66,-18.17,-8.09,174.06,53.328,54.481,-23.0890,0.6079,295.72,354.66,-25.0581,0.3468,,,0.21033,0
111.8653,38,62,6,8,379.67,561.89,dwell,364.69,435.08,127.69,0,178.851,8.209,179.831,-18.46,20.60,147.73,-17.87,-8.21,174.04,53.263,54.101,-26.2813,3.6431,364.69,435.08,-25.6085,1.8301,,,0.19076,0
111.9755,38,62,6,8,379.67,561.89,dwell,261.59,506.39,130.47,0,178.887,8.103,179.801,-18.49,20.77,147.76,-17.84,-8.19,174.30,53.397,54.517,-28.6213,-0.6894,261.59,506.39,-26.9643,0.6963,,,0.21154,0
112.0775,38,62,6,8,379.67,561.89,dwell,362.99,326.54,235.94,0,178.934,8.204,179.829,-18.47,20.86,147.74,-17.59,-7.57,174.65,53.369,54.626,-23.0838,3.3944,362.99,326.54,-25.2181,1.9105,,,0.22756,0
112.1722,38,62,6,8,379.67,561.89,dwell,318.80,429.20,145.98,0,178.840,8.244,179.843,-18.50,20.90,147.85,-17.63,-8.10,174.26,53.678,54.959,-26.5867,1.3482,318.80,429.20,-25.8340,1.6574,,,0.19003,0
112.2815,38,62,6,8,379.67,561.89,dwell,348.14,398.76,166.15,0,178.995,8.285,179.843,-18.52,20.98,147.94,-18.23,-7.67,174.08,53.928,54.951,-25.4354,3.4596,348.14,398.76,-25.6546,2.4684,,,0.20198,0
112.3844,38,62,6,8,379.67,561.89,dwell,333.03,388.88,179.18,0,178.975,8.150,179.828,-18.58,20.89,147.75,-17.54,-8.14,174.04,53.843,54.628,-25.0398,2.5537,333.03,388.88,-25.3780,2.5068,,,0.21221,0
112.5015,38,62,6,8,379.67,561.89,dwell,329.25,325.94,241.28,0,179.049,8.191,179.846,-18.65,21.07,147.77,-17.99,-8.04,174.04,53.597,54.560,-22.4248,2.1195,329.25,325.94,-24.0490,2.3325,,,0.21837,0
112.6167,38,62,6,8,379.67,561.89,capture,343.61,368.61,196.61,0,179.180,8.282,179.839,-18.49,21.03,147.64,-17.91,-7.53,174.11,53.677,54.416,-24.0798,3.5600,343.61,368.61,-24.0629,2.8848,,,0.21898,0
112.7204,38,62,6,8,379.67,561.89,capture,328.68,376.57,192.20,0,179.138,8.121,179.824,-18.58,21.06,147.66,-17.99,-7.50,174.22,53.617,54.468,-24.4013,2.2342,328.68,376.57,-24.2152,2.5921,,,0.21883,0
112.8246,38,62,6,8,379.67,561.89,capture,317.56,383.68,188.72,0,179.235,8.095,179.822,-18.45,21.07,147.73,-18.05,-7.55,174.62,53.559,54.367,-25.4175,2.4187,317.56,383.68,-24.7562,2.5140,,,0.21167,0
112.9205,38,62,6,8,379.67,561.89,capture,340.55,389.89,176.39,0,179.214,8.077,179.841,-18.48,21.00,147.75,-17.81,-7.76,174.38,53.937,54.142,-24.8081,2.6853,340.55,389.89,-24.7796,2.5911,,,0.22535,0
113.0264,38,62,6,8,379.67,561.89,capture,341.42,377.57,188.25,0,179.218,8.098,179.822,-18.46,21.02,147.54,-17.69,-8.00,173.51,53.669,54.250,-24.0911,3.2610,341.42,377.57,-24.4698,2.8926,,,0.22369,0
113.1279,38,62,6,8,379.67,561.89,capture,347.20,386.93,177.95,0,179.307,8.302,179.807,-18.53,21.03,147.67,-17.63,-8.44,173.85,53.672,54.482,-23.8149,3.6342,347.20,386.93,-24.1751,3.2263,,,0.22401,0
113.2099,38,62,6,8,379.67,561.89,capture,338.83,403.75,163.33,0,179.200,8.288,179.798,-18.45,20.89,147.83,-18.21,-7.69,174.38,53.906,54.339,-25.4687,3.4915,338.83,403.75,-24.7572,3.3456,,,0.23404,0
113.3025,38,62,6,8,379.67,561.89,capture,324.08,383.16,187.17,0,179.166,8.292,179.792,-18.46,20.80,147.84,-17.96,-7.75,174.58,54.114,54.435,-24.7456,2.6432,324.08,383.16,-24.7520,3.0295,,,0.23093,0
113.4052,38,62,6,8,379.67,561.89,capture,375.29,387.79,174.15,0,179.109,8.251,179.850,-18.44,20.79,147.82,-17.65,-7.09,173.97,54.286,54.240,-24.7156,4.5938,375.29,387.79,-24.7356,3.7334,,,0.21508,0
113.5098,38,62,6,8,379.67,561.89,capture,360.31,390.55,172.43,0,179.004,8.215,179.837,-18.37,20.91,147.69,-18.40,-7.16,173.89,53.811,54.031,-24.7559,3.6276,360.31,390.55,-24.7447,3.6858,,,0.20928,0
113.6121,38,62,6,8,379.67,561.89,capture,349.12,383.85,180.64,0,179.115,8.211,179.842,-18.35,20.83,147.84,-18.47,-7.79,174.45,54.057,54.084,-24.7105,3.4644,349.12,383.85,-24.7293,3.5862,,,0.23460,0
113.7108,38,62,6,8,379.67,561.89,capture,325.17,382.51,187.47,0,179.029,8.285,179.820,-18.28,20.89,147.64,-17.77,-6.82,174.06,53.662,53.848,-24.0569,2.1782,325.17,382.51,-24.4267,2.9526,,,0.22515,0
113.8244,38,62,6,8,379.67,561.89,capture,349.20,376.16,188.21,0,179.068,8.270,179.852,-18.37,20.97,147.78,-18.13,-7.11,174.88,53.537,53.678,-24.2231,3.5146,349.20,376.16,-24.3351,3.2055,,,0.20457,0
113.9410,38,62,6,8,379.67,561.89,capture,363.63,367.79,194.76,0,178.956,8.444,179.831,-18.34,21.08,147.77,-17.80,-7.09,174.02,53.336,54.038,-23.7013,4.1111,363.63,367.79,-24.0499,3.6130,,,0.19271,0
114.0472,38,62,6,8,379.67,561.89,capture,335.39,354.39,212.17,0,178.882,8.407,179.843,-18.38,21.11,147.67,-17.68,-8.14,174.09,53.370,53.872,-23.4513,2.4167,335.39,354.39,-23.7805,3.0747,,,0.19552,0
114.1563,38,62,6,8,379.67,561.89,capture,327.05,373.97,195.15,0,178.890,8.445,179.843,-18.47,21.12,147.43,-18.34,-7.55,173.24,53.326,53.476,-25.3192,2.5087,327.05,373.97,-24.4729,2.8200,,,0.18576,0
114.2643,38,62,6,8,379.67,561.89,capture,322.13,362.75,207.28,0,178.938,8.467,179.863,-18.46,21.04,147.51,-18.11,-7.51,173.82,53.157,53.823,-24.0068,2.3725,322.13,362.75,-24.2631,2.6186,,,0.19156,0
114.3595,38,62,6,8,379.67,561.89,capture,348.81,381.57,182.94,0,179.039,8.442,179.850,-18.33,20.97,147.42,-17.65,-7.88,173.89,53.308,53.926,-24.4945,3.7615,348.81,381.57,-24.3673,3.1329,,,0.19210,0
114.4813,38,62,6,8,379.67,561.89,capture,331.51,359.87,207.68,0,178.976,8.335,179.840,-18.34,21.05,147.52,-18.23,-7.31,174.30,53.317,53.520,-23.6517,2.4239,331.51,359.87,-24.0453,2.8138,,,0.22598,0
114.5633,38,62,6,8,379.67,561.89,capture,336.25,386.44,180.74,0,178.879,8.478,179.860,-18.23,21.07,147.55,-17.11,-7.06,173.78,53.373,53.862,-23.4739,3.0671,336.25,386.44,-23.7882,2.9278,,,0.21077,0
114.7720,39,42,4,6,290.33,389.00,dwell,342.52,263.07,136.32,0,178.907,8.541,179.828,-18.22,21.03,147.67,-17.70,-7.95,174.40,53.575,53.850,-19.5472,3.1613,342.52,263.07,-19.5472,3.1613,,,0.23722,0
114.8913,39,42,4,6,290.33,389.00,dwell,372.21,282.84,134.07,0,179.087,8.460,179.825,-18.15,21.09,147.49,-17.81,-8.21,174.09,53.944,54.003,-20.2555,4.3164,372.21,282.84,-19.8659,3.6811,,,0.23017,0
114.9902,39,42,4,6,290.33,389.00,dwell,354.34,351.37,74.25,0,179.109,8.367,179.803,-18.17,20.84,147.46,-17.74,-7.62,173.49,53.814,54.390,-22.9637,3.9295,354.34,351.37,-21.2599,3.7928,,,0.20325,0
115.0929,39,42,4,6,290.33,389.00,dwell,380.61,287.33,135.97,0,178.964,8.401,179.804,-18.14,20.62,147.51,-18.22,-7.43,173.89,53.668,54.380,-21.6317,4.8854,380.61,287.33,-21.4272,4.2845,,,0.20446,0
115.2000,39,42,4,6,290.33,389.00,dwell,319.62,292.50,100.85,0,178.909,8.367,179.785,-18.25,20.58,147.45,-18.24,-8.37,174.14,53.473,54.392,-21.5025,1.7051,319.62,292.50,-21.4611,3.1238,,,0.19703,0
115.3228,39,42,4,6,290.33,389.00,dwell,383.27,251.73,165.77,0,178.920,8.413,179.785,-18.20,20.77,147.44,-17.72,-7.17,173.91,53.170,54.019,-19.4082,5.0809,383.27,251.73,-20.5373,4.0045,,,0.21075,0
115.4282,39,42,4,6,290.33,389.00,dwell,364.17,261.07,147.71,0,178.992,8.399,179.792,-18.29,20.85,147.35,-17.81,-7.71,173.17,52.980,53.879,-20.3556,4.2117,364.17,261.07,-20.4556,4.0977,,,0.18769,0
115.5597,39,42,4,6,290.33,389.00,dwell,402.39,264.80,167.28,0,178.973,8.398,179.801,-18.39,20.84,147.45,-18.03,-8.60,173.47,53.253,53.731,-20.1317,5.5758,402.39,264.80,-20.3098,4.7629,,,0.18853,0
115.6701,39,42,4,6,290.33,389.00,capture,408.04,281.40,159.48,0,178.998,8.310,179.785,-18.43,20.64,147.42,-17.81,-7.71,173.69,53.218,53.651,-20.3904,6.6550,408.04,281.40,-20.3461,5.6143,,,0.20807,0
115.7536,39,42,4,6,290.33,389.00,capture,393.22,230.26,189.17,0,178.908,8.288,179.810,-18.37,20.67,147.68,-17.67,-7.69,174.42,52.983,53.675,-18.6562,5.8759,393.22,230.26,-19.5856,5.7320,,,0.19857,0
115.8507,39,42,4,6,290.33,389.00,capture,392.57,238.30,182.11,0,178.895,8.344,179.781,-18.36,20.68,147.39,-17.33,-8.01,173.51,53.019,53.749,-18.9729,5.3571,392.57,238.30,-19.3099,5.5633,,,0.19355,0
115.9327,39,42,4,6,290.33,389.00,capture,388.46,246.39,173.11,0,178.921,8.411,179.775,-18.38,20.70,147.46,-18.28,-7.99,173.48,53.035,54.171,-20.2345,5.0567,388.46,246.39,-19.7260,5.3353,,,0.17422,0
116.0438,39,42,4,6,290.33,389.00,capture,389.60,241.76,177.58,0,178.876,8.408,179.812,-18.12,20.76,147.38,-17.95,-7.32,173.66,52.641,53.946,-18.1546,4.8768,389.60,241.76,-19.0189,5.1290,,,0.17658,0
116.1644,39,42,4,6,290.33,389.00,capture,391.24,245.12,175.74,0,178.819,8.433,179.838,-18.17,20.67,147.27,-17.66,-8.54,173.51,53.092,54.174,-19.2989,5.1183,391.24,245.12,-19.1449,5.1242,,,0.18023,0
116.2747,39,42,4,6,290.33,389.00,capture,399.58,237.38,186.88,0,178.871,8.400,179.847,-18.32,20.67,147.15,-17.94,-7.93,173.45,53.404,53.993,-18.6951,5.5730,399.58,237.38,-18.9425,5.3262,,,0.20317,0
116.3712,39,42,4,6,290.33,389.00,capture,389.81,265.67,158.45,0,178.883,8.341,179.853,-18.42,20.57,147.07,-17.69,-7.39,173.18,53.550,54.320,-20.7478,5.3134,389.81,265.67,-19.7549,5.3204,,,0.21980,0
116.4790,39,42,4,6,290.33,389.00,capture,387.45,262.77,159.27,0,178.962,8.199,179.836,-18.39,20.68,147.12,-18.77,-7.62,173.36,53.518,54.223,-20.3698,5.5958,387.45,262.77,-20.0316,5.4444,,,0.18974,0
116.5992,39,42,4,6,290.33,389.00,capture,381.12,240.19,174.32,0,178.859,8.106,179.882,-18.44,20.43,147.19,-18.13,-9.49,172.93,53.620,54.073,-19.2292,5.2664,381.12,240.19,-19.6705,5.3643,,,0.20352,0
116.6912,39,42,4,6,290.33,389.00,capture,387.25,255.74,164.78,0,178.880,8.303,179.887,-18.51,20.63,147.24,-18.01,-7.61,173.10,53.765,54.101,-19.4452,4.9045,387.25,255.74,-19.5691,5.1574,,,0.18664,0
116.7908,39,42,4,6,290.33,389.00,capture,362.87,261.31,146.85,0,178.807,8.329,179.861,-18.48,20.56,147.32,-17.42,-7.96,173.66,53.634,54.103,-19.7208,4.5018,362.87,261.31,-19.6374,4.8624,,,0.20565,0
116.8748,39,42,4,6,290.33,389.00,capture,403.77,272.28,162.76,0,178.749,8.273,179.873,-18.43,20.67,147.35,-17.77,-7.24,173.58,53.276,53.874,-20.6122,5.8824,403.77,272.28,-20.0760,5.3214,,,0.18857,0
116.9717,39,42,4,6,290.33,389.00,capture,405.75,252.85,178.49,0,178.787,8.293,179.899,-18.28,20.71,147.46,-18.16,-8.62,173.43,53.593,53.732,-19.5778,5.7262,405.75,252.85,-19.8518,5.5036,,,0.19934,0
117.0877,39,42,4,6,290.33,389.00,capture,406.25,266.07,168.96,0,178.787,8.358,179.865,-18.25,20.86,147.56,-17.67,-8.04,173.85,53.900,53.624,-20.5790,5.8632,406.25,266.07,-20.1791,5.6654,,,0.20609,0
117.1722,39,42,4,6,290.33,389.00,capture,379.92,258.20,158.54,0,178.757,8.247,179.848,-18.47,20.71,147.34,-17.65,-7.70,173.73,53.574,53.662,-20.1103,4.7432,379.92,258.20,-20.1481,5.2504,,,0.22135,0
117.2684,39,42,4,6,290.33,389.00,capture,398.79,240.49,183.90,0,178.721,8.243,179.847,-18.55,20.77,147.29,-18.31,-8.85,173.44,53.975,53.945,-18.6931,5.7330,398.79,240.49,-19.4934,5.4676,,,0.20389,0
117.3575,39,42,4,6,290.33,389.00,capture,395.37,265.85,161.86,0,178.428,8.165,179.828,-18.29,20.72,147.25,-17.69,-7.62,173.39,54.016,53.773,-20.1301,5.4250,395.37,265.85,-19.7799,5.4484,,,0.22654,0
117.4511,39,42,4,6,290.33,389.00,capture,393.22,266.83,159.72,0,178.466,8.335,179.817,-18.36,20.63,147.42,-18.30,-7.47,174.00,54.065,53.933,-20.8944,5.4193,393.22,266.83,-20.2814,5.4353,,,0.22023,0
117.6118,40,44,4,8,379.67,389.00,dwell,339.36,225.47,168.42,0,178.570,8.369,179.796,-18.47,20.70,147.32,-17.93,-7.34,173.06,53.819,53.973,-19.0438,3.2952,339.36,225.47,-19.0438,3.2952,,,0.20942,0
117.7218,40,44,4,8,379.67,389.00,dwell,348.80,327.73,68.61,0,178.586,8.254,179.816,-18.50,20.56,147.44,-17.99,-8.01,173.56,53.940,54.070,-22.5710,3.0281,348.80,327.73,-20.6310,3.1750,,,0.22726,0
117.8237,40,44,4,8,379.67,389.00,dwell,370.37,283.80,105.61,0,178.613,8.343,179.812,-18.49,20.76,147.32,-17.82,-8.05,173.66,53.872,54.355,-20.9597,4.6849,370.37,283.80,-20.7790,3.8545,,,0.19363,0
117.9299,40,44,4,8,379.67,389.00,dwell,434.33,315.86,91.31,0,178.638,8.475,179.807,-18.63,20.67,147.08,-18.15,-7.84,173.42,53.746,54.239,-21.9003,7.2257,434.33,315.86,-21.2836,5.3715,,,0.21755,0
118.0205,40,44,4,8,379.67,389.00,dwell,375.77,292.14,96.94,0,178.607,8.475,179.813,-18.59,20.66,147.16,-17.96,-7.86,173.48,53.634,54.319,-21.7047,4.5318,375.77,292.14,-21.4731,4.9937,,,0.19409,0
118.1183,40,44,4,8,379.67,389.00,dwell,424.19,273.16,124.10,0,178.515,8.321,179.812,-18.58,20.53,146.97,-17.87,-7.48,173.01,53.813,54.378,-20.9035,6.8265,424.19,273.16,-21.2167,5.8184,,,0.24401,0
118.2145,40,44,4,8,379.67,389.00,dwell,405.35,254.70,136.73,0,178.674,8.159,179.809,-18.52,20.50,147.22,-17.86,-8.12,173.53,53.969,54.621,-19.8421,6.1969,405.35,254.70,-20.5982,5.9887,,,0.22522,0
118.3079,40,44,4,8,379.67,389.00,dwell,403.23,256.28,134.80,0,178.848,8.255,179.798,-18.55,20.42,147.31,-17.94,-8.41,173.82,53.972,54.455,-20.0041,5.6207,403.23,256.28,-20.3308,5.8231,,,0.20397,0
118.4091,40,44,4,8,379.67,389.00,capture,387.18,266.48,122.75,0,178.810,8.239,179.786,-18.45,20.41,147.07,-17.99,-8.32,173.58,53.806,54.348,-19.6380,5.4849,387.18,266.48,-20.0190,5.6709,,,0.21414,0
118.5206,40,44,4,8,379.67,389.00,capture,401.60,249.58,141.13,0,178.851,8.272,179.750,-18.40,20.35,147.37,-17.66,-8.24,173.99,53.618,54.691,-19.0442,6.0598,401.60,249.58,-19.5803,5.8459,,,0.23118,0
118.6136,40,44,4,8,379.67,389.00,capture,388.83,260.46,128.87,0,178.846,8.173,179.758,-18.46,20.43,147.52,-17.57,-8.95,173.82,53.511,54.476,-20.6602,4.9033,388.83,260.46,-20.0663,5.4217,,,0.20551,0
118.7204,40,44,4,8,379.67,389.00,capture,391.14,258.02,131.48,0,178.821,8.152,179.794,-18.43,20.60,147.68,-18.33,-8.32,173.66,53.901,55.021,-19.6222,5.6508,391.14,258.02,-19.8664,5.5248,,,0.20171,0
118.8192,40,44,4,8,379.67,389.00,capture,399.67,275.99,114.77,0,178.665,8.128,179.805,-18.48,20.52,147.62,-18.36,-7.48,173.65,53.713,54.526,-20.2995,6.3815,399.67,275.99,-20.0613,5.9103,,,0.18889,0
118.9204,40,44,4,8,379.67,389.00,capture,384.69,263.52,125.58,0,178.703,8.203,179.806,-18.47,20.47,147.91,-17.94,-7.24,174.10,53.496,54.708,-20.0353,5.2180,384.69,263.52,-20.0496,5.5988,,,0.19014,0
119.0348,40,44,4,8,379.67,389.00,capture,388.77,280.31,109.07,0,178.721,8.038,179.821,-18.34,20.56,148.00,-17.96,-7.92,174.11,53.489,54.786,-20.0458,5.1210,388.77,280.31,-20.0479,5.3837,,,0.18719,0
119.1224,40,44,4,8,379.67,389.00,capture,405.22,298.88,93.67,0,178.787,8.018,179.802,-18.37,20.80,148.27,-18.08,-7.91,174.71,53.400,54.351,-21.7862,6.1286,405.22,298.88,-20.8301,5.7189,,,0.20734,0
119.2148,40,44,4,8,379.67,389.00,capture,401.89,286.40,104.98,0,178.964,7.948,179.831,-18.23,20.85,148.01,-17.79,-7.17,174.52,53.469,54.452,-21.1709,5.7849,401.89,286.40,-20.9835,5.7486,,,0.20039,0
119.3165,40,44,4,8,379.67,389.00,capture,408.00,262.81,129.33,0,178.971,8.029,179.863,-18.17,20.95,147.88,-17.59,-7.20,174.05,53.623,54.342,-19.8043,6.0597,408.00,262.81,-20.4528,5.8886,,,0.17721,0
119.4091,40,44,4,8,379.67,389.00,capture,389.10,271.46,117.92,0,178.998,8.156,179.784,-18.20,20.87,147.73,-17.74,-8.05,174.51,53.479,54.772,-20.7522,4.9486,389.10,271.46,-20.5876,5.4656,,,0.20003,0
119.5093,40,44,4,8,379.67,389.00,capture,388.55,283.03,106.34,0,178.865,8.319,179.768,-18.24,20.95,147.64,-17.56,-8.62,173.54,53.683,54.532,-21.1320,5.1794,388.55,283.03,-20.8325,5.3368,,,0.18542,0
119.5982,40,44,4,8,379.67,389.00,capture,418.44,264.84,130.07,0,178.875,8.254,179.790,-18.32,20.76,147.81,-17.55,-8.72,173.98,53.599,54.250,-19.1639,6.4924,418.44,264.84,-20.0816,5.8568,,,0.20505,0
119.6931,40,44,4,8,379.67,389.00,capture,407.46,263.43,128.61,0,178.908,8.248,179.818,-18.44,20.61,147.82,-18.20,-7.50,174.09,53.534,54.122,-20.3773,6.1558,407.46,263.43,-20.2147,5.9914,,,0.22302,0
119.7936,40,44,4,8,379.67,389.00,capture,402.60,281.61,109.81,0,178.806,8.254,179.842,-18.41,20.58,147.98,-18.01,-8.54,174.26,53.734,54.026,-21.1572,6.1965,402.60,281.61,-20.6388,6.0837,,,0.22417,0
119.8956,40,44,4,8,379.67,389.00,capture,399.99,256.65,133.90,0,178.878,8.330,179.850,-18.46,20.53,147.90,-17.56,-8.30,173.95,53.490,54.233,-20.4088,5.7843,399.99,256.65,-20.5353,5.9490,,,0.22744,0
119.9950,40,44,4,8,379.67,389.00,capture,405.65,273.47,118.42,0,178.907,8.228,179.850,-18.38,20.63,147.98,-17.88,-8.01,174.26,53.627,54.144,-19.9950,6.1765,405.65,273.47,-20.2922,6.0514,,,0.21285,0
120.0795,40,44,4,8,379.67,389.00,capture,385.55,281.84,107.32,0,179.056,8.240,179.876,-18.47,20.60,147.90,-17.83,-8.08,174.09,53.342,54.122,-21.2369,5.0257,385.55,281.84,-20.7173,5.5898,,,0.17861,0
120.1811,40,44,4,8,379.67,389.00,capture,406.92,298.89,94.14,0,179.006,8.198,179.854,-18.42,20.91,147.96,-17.46,-7.95,174.39,53.123,53.719,-20.4606,6.8274,406.92,298.89,-20.6018,6.1467,,,0.18561,0
120.2739,40,44,4,8,379.67,389.00,capture,402.89,267.15,124.04,0,179.012,8.252,179.828,-18.30,21.01,147.95,-17.86,-7.32,174.21,53.491,53.200,-20.1746,5.6759,402.89,267.15,-20.4095,5.9348,,,0.23600,0
120.3869,40,44,4,8,379.67,389.00,capture,383.55,275.60,113.47,0,178.903,8.188,179.829,-18.32,20.90,147.95,-18.37,-7.32,174.39,53.826,53.610,-20.9247,4.9941,383.55,275.60,-20.6413,5.5115,,,0.23876,0
120.5806,41,46,5,1,67.00,475.44,dwell,350.27,420.44,288.56,0,178.845,8.159,179.869,-18.25,20.87,147.96,-18.32,-7.36,174.18,54.132,53.879,-26.1444,3.2274,350.27,420.44,-26.1444,3.2274,,,0.23963,0
120.6732,41,46,5,1,67.00,475.44,dwell,309.79,278.63,312.54,0,178.829,8.095,179.854,-18.26,20.86,147.85,-17.65,-7.16,174.46,54.097,53.740,-19.0747,2.1386,309.79,278.63,-22.9630,2.7374,,,0.18402,0
120.7840,41,46,5,1,67.00,475.44,dwell,269.87,433.87,207.09,0,178.668,7.970,179.861,-18.19,20.87,147.87,-18.08,-8.87,174.57,54.076,54.489,-27.2470,-0.3848,269.87,433.87,-24.8908,1.3324,,,0.21868,0
120.8895,41,46,5,1,67.00,475.44,dwell,311.76,413.19,252.55,0,178.591,7.988,179.865,-18.17,20.60,147.71,-18.02,-8.09,173.62,54.359,54.172,-26.0151,1.4340,311.76,413.19,-25.3968,1.3781,,,0.22309,0
120.9981,41,46,5,1,67.00,475.44,dwell,309.18,484.36,242.34,0,178.541,8.145,179.858,-18.21,20.65,147.92,-17.80,-7.99,174.25,53.975,54.436,-28.8731,1.5682,309.18,484.36,-26.9611,1.4637,,,0.20338,0
121.1003,41,46,5,1,67.00,475.44,dwell,310.45,418.34,250.06,0,178.555,8.249,179.859,-18.20,20.54,148.02,-18.26,-8.06,174.51,54.227,54.944,-25.9780,2.1314,310.45,418.34,-26.5187,1.7642,,,0.22341,0
121.2141,41,46,5,1,67.00,475.44,dwell,238.73,447.90,173.92,0,178.795,8.235,179.824,-18.15,20.64,148.19,-17.90,-7.77,174.23,54.309,54.581,-27.4034,-1.6419,238.73,447.90,-26.9168,0.2314,,,0.23174,0
121.3136,41,46,5,1,67.00,475.44,dwell,301.60,461.30,235.03,0,178.803,8.436,179.846,-18.15,20.69,148.34,-18.29,-7.86,175.83,54.072,54.994,-27.9695,1.5002,301.60,461.30,-27.3905,0.8024,,,0.20815,0
121.4250,41,46,5,1,67.00,475.44,dwell,252.26,533.84,194.25,0,178.728,8.523,179.815,-18.12,20.79,148.35,-18.22,-7.59,174.41,53.658,54.791,-30.8889,-1.4123,252.26,533.84,-28.9648,-0.1942,,,0.22414,0
121.5457,41,46,5,1,67.00,475.44,dwell,246.22,571.22,203.21,0,178.653,8.491,179.828,-18.07,20.78,148.17,-18.01,-7.95,174.56,53.043,54.956,-32.1260,-1.7326,246.22,571.22,-30.3874,-0.8865,,,0.19790,0
121.6432,41,46,5,1,67.00,475.44,capture,212.35,540.72,159.33,0,178.678,8.554,179.794,-18.12,20.66,148.20,-18.02,-7.99,174.87,53.124,54.536,-31.2315,-2.3311,212.35,540.72,-30.7672,-1.5366,,,0.20022,0
121.7288,41,46,5,1,67.00,475.44,capture,207.28,540.02,154.43,0,178.576,8.265,179.753,-18.15,20.67,148.13,-17.68,-8.27,174.98,53.088,54.284,-30.9057,-3.5649,207.28,540.02,-30.8295,-2.4493,,,0.20305,0
121.8207,41,46,5,1,67.00,475.44,capture,200.14,549.02,152.12,0,178.704,8.158,179.762,-18.21,20.80,148.31,-17.23,-7.70,175.19,53.459,54.381,-31.0220,-3.4991,200.14,549.02,-30.9161,-2.9217,,,0.22697,0
121.9209,41,46,5,1,67.00,475.44,capture,199.74,538.72,147.05,0,178.784,8.107,179.758,-18.10,20.92,148.40,-17.91,-7.69,174.69,53.492,54.656,-30.9199,-3.6866,199.74,538.72,-30.9179,-3.2659,,,0.20420,0
122.0310,41,46,5,1,67.00,475.44,capture,211.70,530.25,154.73,0,178.854,8.188,179.800,-18.29,20.79,148.11,-17.84,-6.69,175.09,53.465,54.211,-29.4690,-3.8308,211.70,530.25,-30.2659,-3.5201,,,0.22939,0
122.1286,41,46,5,1,67.00,475.44,capture,194.18,559.07,152.21,0,178.799,8.138,179.823,-18.32,20.80,148.18,-17.35,-8.73,174.54,53.499,54.308,-32.0510,-4.3358,194.18,559.07,-31.0692,-3.8872,,,0.17825,0
122.2269,41,46,5,1,67.00,475.44,capture,215.63,560.08,171.04,0,178.881,8.322,179.830,-18.11,20.73,148.17,-17.67,-7.33,174.58,53.488,54.489,-31.9789,-2.2240,215.63,560.08,-31.4786,-3.1388,,,0.21473,0
122.3274,41,46,5,1,67.00,475.44,capture,209.87,566.79,169.58,0,178.761,8.277,179.820,-18.04,20.54,148.17,-18.07,-7.99,174.83,53.294,54.502,-32.6500,-3.5614,209.87,566.79,-32.0057,-3.3290,,,0.17846,0
122.4226,41,46,5,1,67.00,475.44,capture,207.21,549.15,158.40,0,178.813,8.255,179.849,-18.04,20.60,148.15,-18.27,-8.10,174.37,53.276,54.676,-30.1495,-2.6666,207.21,549.15,-31.1704,-3.0309,,,0.19998,0
122.5208,41,46,5,1,67.00,475.44,capture,209.48,552.91,162.18,0,178.657,8.280,179.839,-18.12,20.58,148.04,-17.43,-7.86,174.63,53.274,54.811,-29.6156,-3.0487,209.48,552.91,-30.4707,-3.0389,,,0.21028,0
122.6201,41,46,5,1,67.00,475.44,capture,198.32,570.45,162.08,0,178.735,8.419,179.856,-18.10,20.75,148.05,-17.92,-7.66,174.44,53.634,54.395,-33.0702,-3.2499,198.32,570.45,-31.6405,-3.1339,,,0.23525,0
122.7172,41,46,5,1,67.00,475.44,capture,205.01,546.37,155.17,0,178.663,8.373,179.880,-17.99,20.91,148.04,-17.78,-7.50,174.33,53.618,54.068,-31.3178,-3.2444,205.01,546.37,-31.4953,-3.1836,,,0.22641,0
122.8265,41,46,5,1,67.00,475.44,capture,225.32,556.50,177.86,0,178.668,8.346,179.902,-18.11,20.95,147.62,-17.49,-7.15,174.29,53.310,54.330,-31.7858,-2.4096,225.32,556.50,-31.6260,-2.8353,,,0.20690,0
122.9127,41,46,5,1,67.00,475.44,capture,239.51,578.05,200.72,0,178.820,8.172,179.915,-18.08,21.00,147.64,-17.95,-8.02,174.52,53.373,54.474,-32.6968,-1.2456,239.51,578.05,-32.1079,-2.1200,,,0.18224,0
123.0180,41,46,5,1,67.00,475.44,capture,234.51,563.66,189.32,0,178.860,8.022,179.928,-18.09,20.98,147.84,-18.03,-7.65,174.36,53.599,54.579,-32.5248,-1.1448,234.51,563.66,-32.2955,-1.6811,,,0.21057,0
123.1192,41,46,5,1,67.00,475.44,capture,216.62,530.06,159.28,0,178.924,7.993,179.903,-18.05,20.97,147.67,-18.13,-7.48,174.80,53.458,54.283,-31.1740,-2.6875,216.62,530.06,-31.7908,-2.1340,,,0.17769,0
123.2088,41,46,5,1,67.00,475.44,capture,226.14,583.92,192.59,0,179.090,7.992,179.874,-18.15,20.94,147.86,-17.63,-8.27,174.04,53.395,54.396,-31.7495,-2.4193,226.14,583.92,-31.7722,-2.2624,,,0.20975,0
123.3094,41,46,5,1,67.00,475.44,capture,249.30,539.46,193.21,0,179.013,8.104,179.861,-18.17,20.87,147.80,-17.56,-8.11,174.46,53.177,54.228,-30.4287,-1.1798,249.30,539.46,-31.1676,-1.7752,,,0.19041,0
123.4135,41,46,5,1,67.00,475.44,capture,210.16,548.82,160.87,0,178.966,8.123,179.878,-18.27,20.77,147.61,-17.67,-8.30,174.63,53.462,54.377,-31.5044,-3.5014,210.16,548.82,-31.3192,-2.5520,,,0.21207,0
123.5085,41,46,5,1,67.00,475.44,capture,209.32,534.19,153.97,0,178.822,8.183,179.890,-18.21,20.90,147.44,-17.97,-8.16,173.80,53.654,54.301,-29.8030,-3.2666,209.32,534.19,-30.6369,-2.8736,,,0.21753,0
123.6985,42,2,0,2,111.67,43.22,dwell,236.80,318.82,302.68,0,178.804,7.983,179.853,-18.17,20.93,147.55,-17.57,-7.80,173.82,53.575,54.831,-22.8033,-1.9059,236.80,318.82,-22.8033,-1.9059,,,0.17949,0
123.7805,42,2,0,2,111.67,43.22,dwell,79.24,504.77,462.69,0,178.904,7.902,179.857,-18.25,21.11,147.73,-17.81,-7.78,173.80,53.744,54.716,-29.4948,-8.8154,79.24,504.77,-25.8145,-5.0151,,,0.20297,0
123.8733,42,2,0,2,111.67,43.22,dwell,267.72,278.79,282.57,0,178.864,7.756,179.853,-18.28,21.06,148.11,-17.61,-7.94,174.35,53.602,54.508,-20.9313,-1.0749,267.72,278.79,-23.6170,-3.2420,,,0.20747,0
123.9659,42,2,0,2,111.67,43.22,dwell,162.79,360.89,321.76,0,178.810,7.636,179.850,-18.37,21.13,147.82,-17.82,-7.16,174.11,53.386,54.550,-24.2679,-5.5823,162.79,360.89,-23.9099,-4.2952,,,0.20139,0
124.0502,42,2,0,2,111.67,43.22,dwell,113.46,235.57,192.36,0,178.753,7.629,179.852,-18.18,21.20,147.60,-18.28,-7.17,173.86,53.679,54.391,-19.5062,-7.4892,113.46,235.57,-21.9283,-5.7325,,,0.22260,0
124.1498,42,2,0,2,111.67,43.22,dwell,250.74,275.32,270.57,0,178.760,7.527,179.840,-18.21,21.08,147.62,-17.55,-7.66,173.58,53.837,54.377,-20.4885,-1.7353,250.74,275.32,-21.2804,-3.9337,,,0.21240,0
124.2507,42,2,0,2,111.67,43.22,dwell,174.89,156.30,129.55,0,178.845,7.337,179.873,-18.13,20.83,147.36,-17.56,-7.73,173.37,54.101,54.491,-15.8342,-5.1503,174.89,156.30,-18.8296,-4.4812,,,0.21421,0
124.3567,42,2,0,2,111.67,43.22,dwell,188.97,81.38,86.21,0,178.904,7.356,179.863,-18.27,20.79,147.38,-17.90,-8.10,173.80,53.856,54.413,-13.2952,-4.2053,188.97,81.38,-16.3391,-4.3570,,,0.20143,0
124.4712,42,2,0,2,111.67,43.22,dwell,175.63,130.22,107.98,0,178.933,7.449,179.888,-18.36,20.75,147.28,-18.06,-7.94,173.18,53.829,54.152,-15.7323,-4.9871,175.63,130.22,-16.0661,-4.6406,,,0.19660,0
124.5638,42,2,0,2,111.67,43.22,dwell,200.24,46.80,88.65,0,178.865,7.432,179.885,-18.41,20.91,147.48,-17.87,-7.21,173.79,53.591,54.080,-11.5559,-3.1989,200.24,46.80,-14.0365,-3.9918,,,0.22031,0
124.6747,42,2,0,2,111.67,43.22,capture,175.24,59.36,65.59,0,178.873,7.410,179.880,-18.60,21.01,147.61,-17.70,-6.98,174.39,53.478,54.122,-12.3327,-5.0537,175.24,59.36,-13.2698,-4.4697,,,0.20714,0
124.7889,42,2,0,2,111.67,43.22,capture,187.83,33.74,76.75,0,178.801,7.360,179.884,-18.68,20.95,147.60,-18.29,-7.67,173.18,53.749,54.089,-10.7737,-4.8938,187.83,33.74,-12.1465,-4.6605,,,0.19156,0
124.8828,42,2,0,2,111.67,43.22,capture,195.69,-1.33,95.10,0,178.774,7.298,179.888,-18.67,20.85,147.52,-17.94,-7.07,173.90,53.834,54.360,-10.5617,-3.5094,195.69,-1.33,-11.4334,-4.1425,,,0.22207,0
124.9707,42,2,0,2,111.67,43.22,capture,185.27,26.65,75.45,0,178.740,7.241,179.874,-18.66,20.96,147.34,-17.98,-7.15,173.56,53.538,54.089,-10.7575,-3.6430,185.27,26.65,-11.1292,-3.9178,,,0.19941,0
125.0604,42,2,0,2,111.67,43.22,capture,176.07,44.31,64.41,0,178.820,7.310,179.856,-18.65,21.07,147.38,-17.98,-7.59,173.59,54.057,54.180,-11.4889,-5.4053,176.07,44.31,-11.2911,-4.5872,,,0.21985,0
125.1840,42,2,0,2,111.67,43.22,capture,168.78,38.89,57.28,0,178.745,7.443,179.845,-18.52,21.04,147.50,-18.10,-7.26,174.08,54.310,54.379,-12.1512,-4.9977,168.78,38.89,-11.6781,-4.7719,,,0.21416,0
125.2830,42,2,0,2,111.67,43.22,capture,177.47,47.75,65.96,0,178.778,7.444,179.820,-18.60,20.96,147.55,-18.25,-6.96,173.77,54.077,54.352,-11.6274,-4.8581,177.47,47.75,-11.6553,-4.8107,,,0.21273,0
125.4033,42,2,0,2,111.67,43.22,capture,157.61,47.32,46.13,0,178.707,7.446,179.831,-18.56,20.92,147.44,-18.27,-7.28,173.61,53.571,54.333,-11.0554,-5.8968,157.61,47.32,-11.3853,-5.2994,,,0.20496,0
125.4943,42,2,0,2,111.67,43.22,capture,178.08,40.95,66.45,0,178.688,7.258,179.828,-18.65,20.71,147.58,-18.17,-8.11,173.88,53.628,53.811,-10.6578,-4.5683,178.08,40.95,-11.0579,-4.9704,,,0.20998,0
125.6070,42,2,0,2,111.67,43.22,capture,166.47,46.37,54.89,0,178.762,7.256,179.811,-18.73,20.67,147.41,-17.96,-7.99,173.70,53.766,54.010,-11.2011,-5.2260,166.47,46.37,-11.1224,-5.0854,,,0.21435,0
125.7230,42,2,0,2,111.67,43.22,capture,162.97,45.55,51.36,0,178.858,7.242,179.838,-18.61,20.60,147.40,-17.78,-7.68,173.68,53.680,53.881,-12.2875,-5.2086,162.97,45.55,-11.6467,-5.1409,,,0.21219,0
125.8260,42,2,0,2,111.67,43.22,capture,183.27,67.55,75.62,0,178.968,7.440,179.795,-18.62,20.47,147.56,-17.78,-8.67,173.67,53.632,53.643,-12.7884,-4.0960,183.27,67.55,-12.1604,-4.6707,,,0.17670,0
125.9284,42,2,0,2,111.67,43.22,capture,185.92,44.18,74.26,0,178.976,7.402,179.778,-18.68,20.57,147.76,-18.84,-8.51,174.15,53.798,53.678,-11.2756,-4.7529,185.92,44.18,-11.7623,-4.7077,,,0.22148,0
126.0346,42,2,0,2,111.67,43.22,capture,151.80,35.73,40.83,0,178.952,7.407,179.803,-18.66,20.60,147.50,-18.40,-7.55,174.02,53.334,53.069,-10.8822,-6.2018,151.80,35.73,-11.3662,-5.3801,,,0.20705,0
126.1551,42,2,0,2,111.67,43.22,capture,179.72,-9.54,86.11,0,178.897,7.356,179.813,-18.56,20.58,147.33,-18.23,-8.67,174.05,53.209,53.546,-8.0446,-4.6152,179.72,-9.54,-9.8715,-5.0359,,,0.20867,0
126.2507,42,2,0,2,111.67,43.22,capture,167.21,25.71,58.24,0,178.822,7.386,179.791,-18.51,20.53,147.23,-18.14,-7.81,173.59,53.006,53.632,-11.4658,-5.1271,167.21,25.71,-10.5889,-5.0769,,,0.19221,0
126.3510,42,2,0,2,111.67,43.22,capture,187.92,21.29,79.34,0,178.820,7.432,179.801,-18.46,20.56,147.20,-18.06,-7.86,173.47,53.246,54.044,-10.4521,-4.9041,187.92,21.29,-10.5274,-4.9991,,,0.21090,0
126.4489,42,2,0,2,111.67,43.22,capture,148.45,52.39,37.91,0,178.835,7.624,179.811,-18.48,20.49,147.26,-17.17,-7.84,173.50,53.093,53.691,-11.7008,-5.6513,148.45,52.39,-11.0554,-5.2926,,,0.18149,0
126.5428,42,2,0,2,111.67,43.22,capture,160.14,50.29,48.99,0,178.887,7.516,179.807,-18.64,20.59,147.37,-17.52,-7.76,173.70,53.047,54.126,-10.9859,-6.3651,160.14,50.29,-11.0241,-5.7752,,,0.19836,0
126.6562,42,2,0,2,111.67,43.22,capture,179.51,44.45,67.85,0,178.831,7.560,179.819,-18.65,20.45,147.46,-17.87,-6.93,173.87,52.935,54.485,-11.5653,-5.0606,179.51,44.45,-11.2676,-5.4536,,,0.18460,0
126.8244,43,37,4,1,67.00,389.00,dwell,234.33,280.55,199.40,0,178.692,7.513,179.817,-18.62,20.51,147.27,-17.73,-7.78,173.07,53.084,54.145,-20.4993,-1.6578,234.33,280.55,-20.4993,-1.6578,,,0.18204,0
126.9303,43,37,4,1,67.00,389.00,dwell,171.55,12.21,391.03,0,178.830,7.706,179.812,-18.67,20.57,147.26,-18.36,-7.84,173.26,53.096,54.086,-10.5654,-4.6692,171.55,12.21,-16.0290,-3.0129,,,0.17607,0
127.0295,43,37,4,1,67.00,389.00,dwell,152.21,132.41,270.37,0,178.990,7.674,179.831,-18.78,20.63,147.49,-18.41,-8.27,173.58,53.423,54.217,-14.8011,-5.8939,152.21,132.41,-15.4765,-4.3094,,,0.21699,0
127.1214,43,37,4,1,67.00,389.00,dwell,112.74,38.15,353.82,0,178.943,7.711,179.818,-18.66,20.77,147.36,-18.45,-7.35,173.67,53.450,54.058,-10.8003,-7.6855,112.74,38.15,-13.3722,-5.8286,,,0.22540,0
127.2289,43,37,4,1,67.00,389.00,dwell,37.44,131.52,259.17,0,179.100,7.829,179.779,-18.61,20.69,147.32,-18.01,-7.95,173.71,53.651,54.214,-16.0086,-10.1926,37.44,131.52,-14.5586,-7.7924,,,0.22412,0
127.3452,43,37,4,1,67.00,389.00,dwell,108.96,90.61,301.33,0,179.149,7.791,179.783,-18.41,20.62,147.25,-18.80,-8.28,173.24,53.552,54.502,-13.4164,-7.2560,108.96,90.61,-14.0446,-7.5510,,,0.20498,0
127.4425,43,37,4,1,67.00,389.00,dwell,86.33,108.63,281.04,0,179.128,7.817,179.793,-18.37,20.52,147.29,-18.14,-7.97,173.08,53.534,54.375,-14.1831,-8.7934,86.33,108.63,-14.1069,-8.1101,,,0.21241,0
127.5517,43,37,4,1,67.00,389.00,dwell,90.38,103.74,286.22,0,179.228,7.803,179.793,-18.38,20.61,147.62,-17.99,-8.67,174.03,53.624,54.559,-14.0105,-8.1763,90.38,103.74,-14.0636,-8.1399,,,0.18496,0
127.6525,43,37,4,1,67.00,389.00,dwell,142.63,143.51,256.88,0,179.179,7.844,179.799,-18.46,20.57,147.70,-18.15,-8.07,173.82,53.600,54.606,-14.7636,-6.4479,142.63,143.51,-14.3786,-7.3785,,,0.19240,0
127.7568,43,37,4,1,67.00,389.00,capture,119.86,139.34,255.19,0,179.085,7.952,179.749,-18.41,20.50,147.45,-17.95,-7.72,173.82,53.497,54.520,-15.3726,-7.1560,119.86,139.34,-14.8259,-7.2784,,,0.21633,0
127.8553,43,37,4,1,67.00,389.00,capture,82.25,106.28,283.13,0,179.024,8.027,179.744,-18.29,20.39,147.50,-18.33,-8.50,173.50,53.524,54.046,-14.2285,-9.7272,82.25,106.28,-14.5571,-8.3803,,,0.20506,0
127.9610,43,37,4,1,67.00,389.00,capture,106.81,111.84,280.00,0,179.093,8.136,179.762,-18.31,20.57,147.57,-17.53,-7.59,173.94,53.748,53.949,-13.6847,-8.2038,106.81,111.84,-14.1645,-8.3009,,,0.21842,0
128.0610,43,37,4,1,67.00,389.00,capture,102.20,139.91,251.56,0,179.133,8.207,179.778,-18.22,20.44,147.43,-17.80,-7.62,173.81,53.840,54.418,-14.8212,-8.9298,102.20,139.91,-14.4600,-8.5839,,,0.22278,0
128.1630,43,37,4,1,67.00,389.00,capture,105.98,116.48,275.29,0,179.247,8.167,179.724,-18.28,20.24,147.42,-17.77,-7.19,173.60,53.974,54.453,-14.2267,-8.3631,105.98,116.48,-14.3550,-8.4846,,,0.22127,0
128.2806,43,37,4,1,67.00,389.00,capture,92.51,117.64,272.56,0,179.176,8.104,179.707,-18.27,20.27,147.27,-17.91,-7.96,173.42,53.874,54.679,-14.4063,-9.0225,92.51,117.64,-14.3781,-8.7266,,,0.22712,0
128.3921,43,37,4,1,67.00,389.00,capture,108.02,124.13,268.03,0,179.179,8.059,179.735,-18.31,20.31,147.35,-18.24,-8.81,173.91,53.965,54.360,-13.4041,-7.8770,108.02,124.13,-13.9398,-8.3443,,,0.22054,0
128.4741,43,37,4,1,67.00,389.00,capture,95.39,139.29,251.32,0,179.181,7.992,179.770,-18.37,20.28,147.57,-17.99,-8.44,174.02,53.897,54.872,-14.7030,-8.2996,95.39,139.29,-14.2832,-8.3242,,,0.22066,0
128.5573,43,37,4,1,67.00,389.00,capture,96.52,145.85,244.94,0,179.247,7.914,179.764,-18.30,20.36,147.69,-18.40,-7.99,173.94,53.730,54.875,-15.7841,-8.0960,96.52,145.85,-14.9586,-8.2215,,,0.20812,0
128.6612,43,37,4,1,67.00,389.00,capture,93.06,151.30,239.12,0,179.433,7.988,179.758,-18.38,20.26,147.54,-18.37,-8.63,174.32,53.780,54.057,-16.1426,-8.8838,93.06,151.30,-15.4914,-8.5195,,,0.21384,0
128.7630,43,37,4,1,67.00,389.00,capture,106.79,124.75,267.23,0,179.223,7.975,179.746,-18.45,20.42,147.60,-17.77,-8.00,174.13,53.825,54.288,-13.2983,-8.1681,106.79,124.75,-14.5045,-8.3614,,,0.19366,0
128.8651,43,37,4,1,67.00,389.00,capture,114.58,125.18,268.08,0,179.157,7.895,179.773,-18.34,20.42,147.73,-17.76,-7.46,173.72,53.882,54.035,-15.1660,-7.9627,114.58,125.18,-14.8022,-8.1820,,,0.20630,0
128.9744,43,37,4,1,67.00,389.00,capture,100.11,132.66,258.47,0,179.128,7.830,179.770,-18.26,20.41,147.77,-17.67,-9.37,174.36,54.144,53.975,-13.9849,-8.1557,100.11,132.66,-14.4344,-8.1701,,,0.24435,0
129.0973,43,37,4,1,67.00,389.00,capture,101.92,94.11,296.95,0,179.170,7.780,179.782,-18.27,20.62,147.81,-17.77,-7.87,174.39,54.153,53.947,-12.7716,-8.0775,101.92,94.11,-13.6862,-8.1284,,,0.21407,0
129.1921,43,37,4,1,67.00,389.00,capture,94.66,110.56,279.81,0,179.183,7.788,179.791,-18.31,20.51,147.75,-17.38,-8.13,173.97,54.316,54.562,-14.3971,-8.4470,94.66,110.56,-14.0061,-8.2718,,,0.20981,0
129.2741,43,37,4,1,67.00,389.00,capture,99.48,131.75,259.29,0,178.996,7.684,179.822,-18.31,20.38,147.72,-17.60,-8.14,174.00,53.883,54.632,-15.2596,-8.1040,99.48,131.75,-14.5702,-8.1963,,,0.21430,0
129.3947,43,37,4,1,67.00,389.00,capture,102.62,130.94,260.51,0,179.059,7.702,179.824,-18.27,20.33,147.78,-17.68,-7.59,173.89,53.754,54.177,-14.9181,-7.9266,102.62,130.94,-14.7268,-8.0749,,,0.21439,0
129.5141,43,37,4,1,67.00,389.00,capture,106.31,154.56,237.71,0,179.101,7.722,179.819,-18.31,20.37,147.76,-17.27,-7.82,174.08,53.772,54.279,-15.6941,-8.0996,106.31,154.56,-15.1621,-8.0860,,,0.22679,0
129.6187,43,37,4,1,67.00,389.00,capture,97.55,136.55,254.29,0,179.095,7.718,179.825,-18.17,20.44,147.71,-17.64,-7.86,174.22,53.919,54.222,-14.4099,-8.8895,97.55,136.55,-14.8236,-8.4476,,,0.21681,0
129.7092,43,37,4,1,67.00,389.00,capture,100.00,143.68,247.53,0,178.946,7.800,179.764,-18.20,20.64,147.82,-17.89,-8.40,174.57,54.033,54.040,-16.1366,-8.2633,100.00,143.68,-15.4144,-8.3647,,,0.19969,0
129.8918,44,54,6,0,22.33,561.89,dwell,114.70,379.04,204.85,0,179.011,7.830,179.804,-18.22,20.55,147.92,-17.98,-7.26,174.55,53.996,54.049,-24.7794,-7.3392,114.70,379.04,-24.7794,-7.3392,,,0.20626,0
129.9932,44,54,6,0,22.33,561.89,dwell,253.51,332.82,325.45,0,178.999,7.746,179.811,-18.08,20.68,147.99,-17.34,-7.53,174.23,54.103,54.413,-22.8967,-1.4931,253.51,332.82,-23.9322,-4.7084,,,0.21210,0
130.0967,44,54,6,0,22.33,561.89,dwell,205.63,197.60,407.80,0,179.166,7.827,179.828,-18.10,20.70,148.04,-17.20,-7.90,174.71,53.988,53.989,-17.5716,-2.5266,205.63,197.60,-21.0699,-3.7266,,,0.21828,0
130.1934,44,54,6,0,22.33,561.89,dwell,129.62,241.08,338.27,0,179.193,7.890,179.790,-18.18,20.74,148.12,-17.71,-8.21,174.82,54.022,53.844,-19.0880,-7.4059,129.62,241.08,-20.1781,-5.3823,,,0.22592,0
130.3152,44,54,6,0,22.33,561.89,dwell,259.99,298.67,354.63,0,179.081,8.051,179.803,-18.16,20.69,148.08,-17.36,-8.34,174.17,53.845,54.165,-20.7117,-1.3793,259.99,298.67,-20.4182,-3.5810,,,0.22251,0
130.4246,44,54,6,0,22.33,561.89,dwell,147.17,397.74,206.23,0,179.078,8.131,179.797,-18.10,20.83,148.31,-17.69,-7.34,175.08,53.872,54.106,-25.2284,-6.4775,147.17,397.74,-22.5828,-4.8844,,,0.21466,0
130.5424,44,54,6,0,22.33,561.89,dwell,278.57,404.92,300.49,0,179.020,8.204,179.805,-18.07,20.78,148.20,-17.59,-8.20,174.41,53.771,54.379,-25.1126,0.9459,278.57,404.92,-23.7212,-2.2608,,,0.21766,0
130.6352,44,54,6,0,22.33,561.89,dwell,289.97,376.38,325.64,0,178.904,8.294,179.815,-18.19,20.82,148.01,-17.85,-7.48,174.53,53.869,54.245,-25.1540,0.0129,289.97,376.38,-24.3660,-1.2376,,,0.21811,0
130.7336,44,54,6,0,22.33,561.89,dwell,261.18,390.44,294.01,0,178.979,8.231,179.819,-18.13,20.83,147.81,-17.47,-7.81,174.19,54.354,54.344,-25.6640,-0.8304,261.18,390.44,-24.9501,-1.0544,,,0.22326,0
130.8180,44,54,6,0,22.33,561.89,dwell,281.30,461.83,277.62,0,178.852,8.234,179.836,-18.26,21.07,147.82,-17.74,-7.53,173.67,54.031,54.329,-27.8867,-0.2327,281.30,461.83,-26.2715,-0.6846,,,0.20717,0
130.9169,44,54,6,0,22.33,561.89,capture,325.90,434.15,329.35,0,178.920,8.330,179.852,-18.32,21.04,147.72,-18.02,-7.13,174.29,54.156,53.555,-26.4471,2.3902,325.90,434.15,-26.3505,0.6991,,,0.24356,0
131.0036,44,54,6,0,22.33,561.89,capture,324.89,430.78,329.74,0,178.806,8.310,179.874,-18.19,20.94,147.88,-17.80,-7.75,174.62,54.160,53.717,-25.9747,1.1519,324.89,430.78,-26.1814,0.9028,,,0.23673,0
131.0856,44,54,6,0,22.33,561.89,capture,336.46,435.08,338.76,0,178.884,8.277,179.845,-18.18,20.98,147.73,-18.32,-7.59,174.28,54.063,53.704,-26.1471,2.6882,336.46,435.08,-26.1659,1.7062,,,0.23307,0
131.1999,44,54,6,0,22.33,561.89,capture,308.72,447.80,308.28,0,178.849,8.317,179.885,-18.17,20.96,147.75,-17.80,-7.23,174.20,54.225,53.700,-27.7620,1.8150,308.72,447.80,-26.8842,1.7552,,,0.24329,0
131.2823,44,54,6,0,22.33,561.89,capture,327.22,418.75,336.82,0,179.060,8.263,179.865,-18.10,20.90,147.78,-17.88,-6.98,173.72,54.265,53.842,-27.0455,1.8029,327.22,418.75,-26.9568,1.7766,,,0.24212,0
131.3961,44,54,6,0,22.33,561.89,capture,336.08,447.33,334.01,0,178.992,8.323,179.874,-18.19,20.96,147.98,-17.44,-8.09,173.86,54.278,53.974,-26.7449,2.3110,336.08,447.33,-26.8614,2.0171,,,0.22257,0
131.4970,44,54,6,0,22.33,561.89,capture,325.94,422.94,333.89,0,178.935,8.300,179.844,-18.28,20.91,147.91,-17.68,-8.34,174.29,54.140,54.189,-26.3617,2.1031,325.94,422.94,-26.6365,2.0558,,,0.24303,0
131.6014,44,54,6,0,22.33,561.89,capture,322.04,435.75,325.17,0,178.884,8.220,179.856,-18.31,21.00,147.87,-17.55,-7.50,174.73,53.928,54.035,-26.1542,1.5736,322.04,435.75,-26.4195,1.8388,,,0.17788,0
131.7155,44,54,6,0,22.33,561.89,capture,302.79,459.51,298.56,0,178.895,8.169,179.822,-18.25,20.99,147.70,-17.87,-7.18,174.18,53.980,53.672,-27.3574,0.9683,302.79,459.51,-26.8416,1.4471,,,0.22727,0
131.8201,44,54,6,0,22.33,561.89,capture,324.78,443.48,324.80,0,178.866,8.138,179.824,-18.13,21.14,147.56,-17.97,-7.26,174.06,54.256,53.798,-26.9115,2.1624,324.78,443.48,-26.8730,1.7690,,,0.23850,0
131.9334,44,54,6,0,22.33,561.89,capture,308.52,434.65,313.20,0,178.983,8.250,179.794,-18.24,21.16,147.23,-17.93,-7.29,173.33,54.061,53.915,-26.1071,1.0818,308.52,434.65,-26.5284,1.4598,,,0.22969,0
132.0425,44,54,6,0,22.33,561.89,capture,314.56,444.59,314.89,0,178.958,8.253,179.759,-18.11,21.13,147.23,-17.77,-8.51,173.80,53.702,54.111,-27.2660,1.0249,314.56,444.59,-26.8603,1.2640,,,0.20300,0
132.1415,44,54,6,0,22.33,561.89,capture,323.35,434.48,326.87,0,178.997,8.168,179.738,-18.29,21.02,147.32,-17.94,-7.52,173.45,53.604,54.070,-26.2114,2.1011,323.35,434.48,-26.5683,1.6407,,,0.21169,0
132.2442,44,54,6,0,22.33,561.89,capture,330.54,433.84,333.75,0,178.903,8.141,179.719,-18.17,20.98,147.36,-18.09,-7.27,173.81,53.644,54.787,-26.0900,2.3240,330.54,433.84,-26.3531,1.9482,,,0.21675,0
132.3515,44,54,6,0,22.33,561.89,capture,328.77,408.33,342.76,0,178.987,8.179,179.755,-18.04,21.03,147.37,-17.67,-8.08,173.94,53.435,54.542,-26.8906,2.0945,328.77,408.33,-26.5950,2.0140,,,0.22059,0
132.4496,44,54,6,0,22.33,561.89,capture,338.25,443.33,337.43,0,178.855,8.249,179.750,-18.05,21.22,147.23,-17.56,-7.39,173.56,53.367,54.748,-27.1164,2.8078,338.25,443.33,-26.8296,2.3712,,,0.20596,0
132.5501,44,54,6,0,22.33,561.89,capture,337.25,449.61,334.33,0,178.848,8.379,179.712,-17.98,21.03,147.29,-16.68,-7.38,173.72,53.495,54.595,-27.8816,2.7197,337.25,449.61,-27.3030,2.5280,,,0.20958,0
132.6463,44,54,6,0,22.33,561.89,capture,312.11,446.29,311.98,0,178.905,8.502,179.736,-17.94,21.09,147.29,-17.61,-7.36,173.45,53.495,55.090,-27.1648,1.4205,312.11,446.29,-27.2408,2.0297,,,0.20472,0
132.7535,44,54,6,0,22.33,561.89,capture,317.20,445.91,316.86,0,178.800,8.453,179.717,-17.92,21.04,147.34,-17.34,-7.10,173.47,53.553,54.834,-26.4781,2.2086,317.20,445.91,-26.8976,2.1102,,,0.21315,0
132.8610,44,54,6,0,22.33,561.89,capture,313.64,447.80,312.85,0,178.888,8.459,179.732,-17.93,20.97,147.30,-17.90,-7.71,173.25,53.646,55.197,-27.6272,2.4304,313.64,447.80,-27.2259,2.2543,,,0.23174,0
133.0528,45,48,5,3,156.33,475.44,dwell,174.21,566.50,92.79,0,178.936,8.527,179.774,-17.93,20.91,147.33,-17.63,-7.79,173.76,53.535,55.091,-31.8313,-3.6249,174.21,566.50,-31.8313,-3.6249,,,0.20435,0
133.1563,45,48,5,3,156.33,475.44,dwell,318.21,430.51,168.00,0,178.885,8.451,179.748,-18.17,20.87,147.54,-17.59,-7.49,173.93,53.659,54.792,-26.8636,2.1887,318.21,430.51,-29.5958,-1.0088,,,0.20825,0
133.2495,45,48,5,3,156.33,475.44,dwell,329.74,517.83,178.51,0,178.747,8.355,179.762,-18.33,20.65,147.48,-18.02,-7.84,173.84,53.705,54.524,-28.9735,2.9003,329.74,517.83,-29.3158,0.7503,,,0.20367,0
133.3596,45,48,5,3,156.33,475.44,dwell,284.65,413.07,142.67,0,178.899,8.514,179.780,-18.39,20.80,147.70,-17.91,-7.68,174.38,53.603,54.742,-26.6721,0.6800,284.65,413.07,-28.1261,0.7187,,,0.18641,0
133.4650,45,48,5,3,156.33,475.44,dwell,250.67,550.92,120.81,0,178.801,8.400,179.787,-18.43,20.83,147.75,-18.53,-7.37,174.35,53.704,54.449,-32.3278,-1.4717,250.67,550.92,-30.0169,-0.2670,,,0.20169,0
133.5575,45,48,5,3,156.33,475.44,dwell,243.11,604.54,155.55,0,178.948,8.359,179.808,-18.38,20.96,147.87,-18.11,-7.83,174.12,53.592,54.471,-33.8350,-1.3296,243.11,604.54,-31.7350,-0.7452,,,0.20239,0
133.6605,45,48,5,3,156.33,475.44,dwell,302.08,563.31,170.18,0,178.926,8.595,179.805,-18.36,20.85,147.72,-17.95,-7.62,174.25,53.753,53.950,-31.8928,1.8904,302.08,563.31,-31.8060,0.4408,,,0.21551,0
133.7574,45,48,5,3,156.33,475.44,dwell,328.93,509.70,175.96,0,178.994,8.573,179.803,-18.39,20.97,147.69,-18.13,-7.31,174.03,53.664,54.229,-30.0687,3.0017,328.93,509.70,-31.0242,1.5932,,,0.22297,0
133.8702,45,48,5,3,156.33,475.44,capture,290.82,581.17,171.07,0,179.007,8.643,179.805,-18.50,20.93,147.63,-18.16,-7.90,173.80,53.920,54.553,-33.2835,0.4589,290.82,581.17,-32.0409,1.0828,,,0.21039,0
133.9737,45,48,5,3,156.33,475.44,capture,284.29,569.29,158.68,0,178.969,8.657,179.814,-18.58,20.88,147.80,-17.97,-6.93,174.56,53.830,54.325,-30.2368,1.2296,284.29,569.29,-31.2291,1.1489,,,0.23932,0
134.0761,45,48,5,3,156.33,475.44,capture,295.18,582.74,175.47,0,178.925,8.776,179.808,-18.58,20.89,147.84,-18.34,-7.75,174.51,53.841,53.929,-31.8028,0.6362,295.18,582.74,-31.4872,0.9181,,,0.21855,0
134.1910,45,48,5,3,156.33,475.44,capture,295.97,590.54,180.96,0,178.836,8.741,179.767,-18.68,20.90,147.84,-18.32,-7.60,174.40,53.748,54.017,-33.3651,0.5056,295.97,590.54,-32.3323,0.7325,,,0.19264,0
134.2972,45,48,5,3,156.33,475.44,capture,298.54,581.03,177.12,0,178.899,8.565,179.741,-18.70,20.83,147.78,-17.74,-7.83,174.42,53.775,54.302,-31.9047,0.6282,298.54,581.03,-32.1399,0.6856,,,0.22365,0
134.3886,45,48,5,3,156.33,475.44,capture,295.56,543.46,154.95,0,178.988,8.562,179.754,-18.61,20.72,147.59,-18.50,-7.63,173.66,53.531,54.106,-29.6174,0.4325,295.56,543.46,-31.0047,0.5717,,,0.22571,0
134.5002,45,48,5,3,156.33,475.44,capture,283.62,549.56,147.29,0,178.954,8.431,179.771,-18.58,20.75,147.63,-18.18,-8.01,173.99,53.625,54.182,-31.7170,0.3249,283.62,549.56,-31.3253,0.4606,,,0.20772,0
134.6227,45,48,5,3,156.33,475.44,capture,284.96,559.75,153.79,0,178.953,8.269,179.784,-18.58,20.67,147.61,-17.97,-7.90,173.74,53.816,54.750,-30.8777,0.3141,284.96,559.75,-31.1239,0.3947,,,0.18488,0
134.7335,45,48,5,3,156.33,475.44,capture,280.67,568.58,155.35,0,178.981,8.193,179.778,-18.64,20.43,147.78,-17.61,-7.70,174.03,53.467,54.911,-32.1631,0.3755,280.67,568.58,-31.5915,0.3861,,,0.20500,0
134.8293,45,48,5,3,156.33,475.44,capture,292.47,557.60,159.01,0,179.081,8.166,179.769,-18.70,20.32,147.80,-18.17,-8.11,174.11,53.848,54.902,-31.7201,0.6500,292.47,557.60,-31.6494,0.5048,,,0.21286,0
134.9113,45,48,5,3,156.33,475.44,capture,291.39,571.99,166.02,0,179.045,8.297,179.769,-18.67,20.22,147.95,-17.88,-8.56,174.45,53.991,54.103,-32.4368,0.5799,291.39,571.99,-32.0037,0.5386,,,0.21351,0
135.0105,45,48,5,3,156.33,475.44,capture,309.46,561.29,175.55,0,179.046,8.319,179.798,-18.73,20.26,147.96,-18.31,-8.17,173.63,54.489,53.891,-31.3257,2.0192,309.46,561.29,-31.6986,1.2049,,,0.23388,0
135.1246,45,48,5,3,156.33,475.44,capture,306.32,547.33,166.32,0,178.994,8.296,179.821,-18.73,20.07,148.17,-18.36,-8.45,174.46,54.101,53.619,-30.7697,1.9081,306.32,547.33,-31.2806,1.5213,,,0.22464,0
135.2121,45,48,5,3,156.33,475.44,capture,317.36,556.46,180.26,0,178.864,8.316,179.822,-18.72,20.38,148.05,-18.31,-8.24,174.76,53.786,54.224,-31.8896,1.2112,317.36,556.46,-31.5546,1.3818,,,0.19787,0
135.3209,45,48,5,3,156.33,475.44,capture,319.96,587.98,198.59,0,178.752,8.332,179.828,-18.63,20.32,148.02,-18.02,-7.74,174.06,53.826,54.552,-32.7622,2.4553,319.96,587.98,-32.0981,1.8649,,,0.20283,0
135.4136,45,48,5,3,156.33,475.44,capture,328.76,552.31,188.78,0,178.738,8.496,179.793,-18.63,20.52,148.12,-18.12,-8.02,173.82,53.473,55.162,-30.4377,1.9298,328.76,552.31,-31.3509,1.8941,,,0.19807,0
135.5324,45,48,5,3,156.33,475.44,capture,297.10,571.20,170.25,0,178.741,8.489,179.773,-18.59,20.47,147.99,-18.40,-8.57,174.32,53.277,55.006,-32.6997,1.2716,297.10,571.20,-31.9579,1.6140,,,0.17909,0
135.6196,45,48,5,3,156.33,475.44,capture,311.36,573.59,183.48,0,178.814,8.641,179.759,-18.63,20.53,147.95,-18.34,-8.96,174.63,53.525,54.529,-31.9242,1.6507,311.36,573.59,-31.9427,1.6305,,,0.20729,0
135.7278,45,48,5,3,156.33,475.44,capture,303.49,564.39,171.95,0,178.759,8.593,179.716,-18.63,20.62,147.71,-18.11,-7.69,174.53,53.688,54.349,-32.5017,1.3749,303.49,564.39,-32.1942,1.5155,,,0.17455,0
135.8182,45,48,5,3,156.33,475.44,capture,306.33,556.93,170.70,0,178.854,8.470,179.733,-18.59,20.49,147.56,-17.70,-7.90,173.68,53.631,54.136,-31.8418,1.4021,306.33,556.93,-32.0357,1.4645,,,0.21143,0
136.0238,46,23,2,5,245.67,216.11,dwell,245.86,431.22,215.11,0,178.897,8.510,179.761,-18.52,20.59,147.51,-17.85,-7.59,174.11,53.237,54.123,-27.3120,-1.3119,245.86,431.22,-27.3120,-1.3119,,,0.19971,0
136.1058,46,23,2,5,245.67,216.11,dwell,258.71,381.16,165.56,0,178.957,8.482,179.780,-18.34,20.65,147.52,-17.98,-8.28,174.20,53.960,54.576,-25.0570,-0.6809,258.71,381.16,-26.2973,-1.0280,,,0.22116,0
136.2103,46,23,2,5,245.67,216.11,dwell,232.92,532.36,316.51,0,179.110,8.286,179.805,-18.29,20.68,147.40,-17.99,-8.77,173.39,53.606,54.210,-30.8742,-1.9899,232.92,532.36,-28.3569,-1.4608,,,0.20469,0
136.2955,46,23,2,5,245.67,216.11,dwell,271.77,203.43,29.02,0,179.113,8.080,179.799,-18.24,20.72,147.38,-17.75,-7.88,173.83,53.646,54.189,-17.5280,0.0085,271.77,203.43,-23.4839,-0.7996,,,0.20282,0
136.4064,46,23,2,5,245.67,216.11,dwell,284.15,228.98,40.58,0,179.074,7.988,179.745,-18.14,20.64,147.44,-18.28,-7.68,173.91,53.508,53.835,-18.0776,0.5657,284.15,228.98,-21.0511,-0.1852,,,0.21040,0
136.5071,46,23,2,5,245.67,216.11,dwell,259.67,208.99,15.71,1,178.997,8.235,179.797,-18.18,20.71,147.54,-17.54,-7.38,173.20,53.454,54.249,-17.8436,-0.8758,259.67,208.99,-19.6077,-0.4960,,,0.21145,0
136.6224,46,23,2,5,245.67,216.11,dwell,285.69,206.01,41.28,0,178.948,8.321,179.790,-18.04,20.65,147.52,-18.04,-7.87,174.56,53.394,54.383,-16.5102,0.8430,285.69,206.01,-18.2139,0.1065,,,0.21341,0
136.7044,46,23,2,5,245.67,216.11,dwell,262.99,140.60,77.47,0,178.894,8.301,179.815,-18.00,20.76,147.81,-18.17,-7.22,174.49,53.502,54.551,-14.7040,-0.6331,262.99,140.60,-16.6344,-0.2263,,,0.22991,0
136.8232,46,23,2,5,245.67,216.11,dwell,277.34,151.81,71.68,0,178.933,8.118,179.806,-18.05,20.58,147.97,-17.85,-7.80,174.53,53.360,54.796,-15.8283,0.3472,277.34,151.81,-16.2716,0.0318,,,0.19968,0
136.9274,46,23,2,5,245.67,216.11,capture,269.68,72.94,145.17,0,178.957,8.147,179.830,-18.11,20.46,147.97,-17.99,-8.46,174.27,53.308,54.691,-12.8045,-0.8189,269.68,72.94,-14.7115,-0.3510,,,0.20952,0
137.0270,46,23,2,5,245.67,216.11,capture,233.79,83.73,132.91,0,178.965,8.047,179.820,-18.20,20.34,147.89,-18.28,-8.04,173.32,53.517,54.507,-12.9974,-1.9158,233.79,83.73,-13.9401,-1.0552,,,0.19168,0
137.1187,46,23,2,5,245.67,216.11,capture,260.00,77.09,139.76,0,178.898,8.023,179.823,-18.27,20.41,147.80,-18.27,-8.69,174.22,53.434,54.956,-13.1020,-0.5801,260.00,77.09,-13.5630,-0.8414,,,0.22769,0
137.2050,46,23,2,5,245.67,216.11,capture,243.42,109.58,106.55,0,178.849,7.959,179.810,-18.21,20.27,147.73,-17.01,-8.01,174.17,53.889,54.946,-12.1696,-1.4802,243.42,109.58,-12.9360,-1.1288,,,0.21623,0
137.3079,46,23,2,5,245.67,216.11,capture,251.16,80.26,135.96,0,179.040,7.806,179.783,-18.14,20.30,147.66,-17.74,-7.82,173.44,53.816,54.633,-11.8681,-0.6648,251.16,80.26,-12.4554,-0.9200,,,0.20472,0
137.4107,46,23,2,5,245.67,216.11,capture,259.26,82.55,134.25,0,179.092,7.938,179.814,-18.01,20.38,147.83,-18.12,-7.55,174.03,53.789,54.198,-12.3448,-0.9288,259.26,82.55,-12.4056,-0.9240,,,0.24466,0
137.5320,46,23,2,5,245.67,216.11,capture,258.16,88.73,127.99,0,179.053,7.905,179.804,-18.01,20.41,147.70,-17.63,-7.84,174.53,53.794,54.469,-12.8851,-1.2519,258.16,88.73,-12.6214,-1.0715,,,0.21052,0
137.6377,46,23,2,5,245.67,216.11,capture,278.80,77.29,142.72,0,179.127,7.958,179.792,-18.11,20.30,147.73,-17.85,-8.23,174.24,53.825,54.756,-13.1776,0.1917,278.80,77.29,-12.8717,-0.5031,,,0.19805,0
137.7197,46,23,2,5,245.67,216.11,capture,251.84,86.42,129.84,0,179.127,7.913,179.792,-18.19,20.28,147.76,-17.68,-8.33,175.06,53.784,54.265,-12.7301,-0.8789,251.84,86.42,-12.8080,-0.6722,,,0.21770,0
137.8167,46,23,2,5,245.67,216.11,capture,238.89,94.14,122.16,0,179.010,7.790,179.765,-18.24,20.45,147.52,-18.04,-7.87,174.23,53.399,53.582,-13.8024,-1.6216,238.89,94.14,-13.2555,-1.0994,,,0.19046,0
137.9211,46,23,2,5,245.67,216.11,capture,263.75,88.65,128.74,0,178.826,7.701,179.751,-18.23,20.40,147.28,-17.79,-8.57,173.47,53.859,53.519,-13.8068,-0.5947,263.75,88.65,-13.5036,-0.8723,,,0.21910,0
138.0213,46,23,2,5,245.67,216.11,capture,264.79,96.10,121.53,0,178.878,7.519,179.788,-18.16,20.55,147.32,-17.79,-7.89,173.32,53.888,53.484,-13.5723,-0.5773,264.79,96.10,-13.5345,-0.7395,,,0.21707,0
138.1199,46,23,2,5,245.67,216.11,capture,254.94,83.74,132.70,0,178.898,7.573,179.780,-18.11,20.67,147.33,-17.89,-8.06,173.43,53.762,53.630,-12.5834,-0.2397,254.94,83.74,-13.1065,-0.5146,,,0.22255,0
138.2097,46,23,2,5,245.67,216.11,capture,285.63,104.18,118.85,0,178.794,7.663,179.815,-18.16,20.91,147.51,-17.51,-7.74,173.08,53.943,53.802,-13.6368,0.5660,285.63,104.18,-13.3451,-0.0283,,,0.23492,0
138.2972,46,23,2,5,245.67,216.11,capture,278.66,74.28,145.62,0,178.912,7.694,179.804,-18.25,20.96,147.40,-18.02,-8.24,173.49,53.862,53.656,-12.7213,-0.1334,278.66,74.28,-13.0644,-0.0756,,,0.21285,0
138.4089,46,23,2,5,245.67,216.11,capture,252.53,109.31,107.02,0,178.898,7.792,179.836,-18.28,21.00,147.17,-17.94,-6.99,173.19,53.767,54.238,-14.4222,-1.0968,252.53,109.31,-13.6754,-0.5351,,,0.21221,0
138.4998,46,23,2,5,245.67,216.11,capture,253.36,80.46,135.87,0,178.874,7.818,179.821,-18.30,21.19,147.10,-18.05,-7.68,173.16,53.677,54.244,-12.7884,-0.8684,253.36,80.46,-13.2763,-0.6851,,,0.20853,0
138.6091,46,23,2,5,245.67,216.11,capture,273.41,72.21,146.55,0,178.932,7.866,179.819,-18.28,21.13,147.01,-18.20,-7.49,173.01,53.633,54.321,-12.6316,-0.4369,273.41,72.21,-12.9861,-0.5734,,,0.23127,0
138.7948,47,57,6,3,156.33,561.89,dwell,268.12,106.13,469.27,0,179.084,7.932,179.834,-18.54,21.31,147.31,-17.80,-7.67,173.37,53.575,54.184,-14.0706,-0.5896,268.12,106.13,-14.0706,-0.5896,,,0.20740,0
138.9082,47,57,6,3,156.33,561.89,dwell,255.87,257.48,320.27,0,178.984,7.997,179.813,-18.46,21.24,147.29,-17.97,-7.22,173.26,53.641,54.159,-19.2927,-0.9136,255.87,257.48,-16.4205,-0.7354,,,0.18422,0
138.9902,47,57,6,3,156.33,561.89,dwell,235.24,298.28,275.17,0,178.927,8.075,179.827,-18.45,21.22,147.20,-18.46,-7.65,173.27,53.592,54.093,-22.5643,-1.7521,235.24,298.28,-19.1852,-1.1929,,,0.20560,0
139.0846,47,57,6,3,156.33,561.89,dwell,219.96,116.87,449.54,0,178.815,8.028,179.807,-18.37,21.45,147.45,-18.17,-6.85,173.81,53.852,54.214,-14.2634,-2.6757,219.96,116.87,-16.9704,-1.8602,,,0.22559,0
139.1851,47,57,6,3,156.33,561.89,dwell,299.91,275.93,319.98,0,178.835,8.014,179.816,-18.37,21.41,147.47,-17.32,-7.76,173.93,53.761,54.156,-20.3971,1.2108,299.91,275.93,-18.5124,-0.4782,,,0.22094,0
139.2773,47,57,6,3,156.33,561.89,dwell,297.35,373.43,235.38,0,178.833,8.194,179.806,-18.47,21.10,147.42,-18.13,-7.25,173.49,53.673,53.905,-24.1361,0.4847,297.35,373.43,-21.0431,-0.0449,,,0.22310,0
139.3757,47,57,6,3,156.33,561.89,dwell,260.51,356.68,230.14,0,178.869,8.124,179.814,-18.51,21.06,147.54,-18.23,-8.24,173.58,53.599,53.787,-23.5439,-0.7347,260.51,356.68,-22.1684,-0.3553,,,0.21238,0
139.4755,47,57,6,3,156.33,561.89,dwell,289.16,342.58,256.40,0,178.958,8.287,179.802,-18.57,20.96,147.76,-17.64,-7.63,174.34,53.556,53.283,-24.2186,0.4978,289.16,342.58,-23.0910,0.0286,,,0.20230,0
139.5706,47,57,6,3,156.33,561.89,dwell,270.45,382.63,212.50,0,179.022,8.179,179.789,-18.64,20.82,147.69,-18.29,-7.93,174.25,53.699,53.563,-25.4599,0.0885,270.45,382.63,-24.1570,0.0555,,,0.21386,0
139.6759,47,57,6,3,156.33,561.89,dwell,273.23,424.50,180.39,0,179.030,8.245,179.787,-18.63,20.82,147.75,-18.67,-7.97,173.88,53.792,54.083,-25.3406,-0.1144,273.23,424.50,-24.6896,-0.0209,,,0.20539,0
139.7842,47,57,6,3,156.33,561.89,capture,279.78,437.99,174.90,0,178.981,8.231,179.785,-18.57,20.77,147.55,-18.61,-8.16,173.66,53.847,53.845,-26.7464,-0.1710,279.78,437.99,-25.6152,-0.0885,,,0.19957,0
139.8984,47,57,6,3,156.33,561.89,capture,292.49,448.10,177.44,0,178.823,8.358,179.795,-18.54,20.69,147.61,-18.12,-7.55,173.88,53.909,54.090,-28.3472,0.8247,292.49,448.10,-26.8446,0.3224,,,0.26976,0
139.9837,47,57,6,3,156.33,561.89,capture,276.96,442.84,169.48,0,178.892,8.413,179.777,-18.50,20.72,147.40,-17.58,-8.28,174.29,53.932,53.823,-27.2690,-0.1720,276.96,442.84,-27.0356,0.0999,,,0.23169,0
140.0747,47,57,6,3,156.33,561.89,capture,289.52,437.58,182.19,0,178.961,8.321,179.798,-18.62,20.62,147.37,-17.64,-8.03,173.78,53.686,54.010,-26.7631,0.1702,289.52,437.58,-26.9129,0.1316,,,0.20120,0
140.1616,47,57,6,3,156.33,561.89,capture,252.78,452.71,145.68,0,178.922,8.226,179.779,-18.55,20.82,147.53,-18.27,-7.44,173.17,53.441,53.908,-26.5151,-0.7917,252.78,452.71,-26.7339,-0.2839,,,0.18317,0
140.2532,47,57,6,3,156.33,561.89,capture,276.71,437.62,173.01,0,178.921,8.265,179.781,-18.43,20.67,147.80,-18.23,-7.61,174.00,53.335,53.643,-27.7546,0.2774,276.71,437.62,-27.1932,-0.0313,,,0.19700,0
140.3441,47,57,6,3,156.33,561.89,capture,275.36,436.96,172.55,0,178.935,8.320,179.762,-18.35,20.65,147.36,-18.40,-8.21,173.56,53.296,53.487,-26.9788,-0.3339,275.36,436.96,-27.0968,-0.1675,,,0.20037,0
140.4484,47,57,6,3,156.33,561.89,capture,277.00,479.50,146.11,0,178.948,8.252,179.767,-18.52,20.69,147.73,-18.22,-7.56,174.77,53.152,53.930,-27.7090,-0.0718,277.00,479.50,-27.3723,-0.1244,,,0.19423,0
140.5476,47,57,6,3,156.33,561.89,capture,293.04,442.58,181.45,0,178.983,8.119,179.779,-18.54,20.62,147.63,-17.93,-7.67,174.32,53.465,54.265,-26.3838,0.7538,293.04,442.58,-26.9274,0.2708,,,0.21294,0
140.6516,47,57,6,3,156.33,561.89,capture,267.03,437.73,166.34,0,179.082,8.186,179.790,-18.56,20.46,147.69,-18.76,-8.19,173.60,53.401,54.598,-26.3711,-0.1485,267.03,437.73,-26.6771,0.0821,,,0.22095,0
140.7336,47,57,6,3,156.33,561.89,capture,282.96,454.15,166.26,0,178.899,8.164,179.789,-18.51,20.63,147.82,-18.23,-8.72,174.72,53.255,54.741,-26.3825,0.3879,282.96,454.15,-26.5445,0.2197,,,0.20720,0
140.8312,47,57,6,3,156.33,561.89,capture,275.92,426.42,180.70,0,178.893,8.125,179.769,-18.48,20.56,147.79,-18.23,-7.97,173.96,53.483,54.602,-26.9340,0.1526,275.92,426.42,-26.7198,0.1895,,,0.22748,0
140.9458,47,57,6,3,156.33,561.89,capture,286.84,456.19,167.94,0,178.964,8.213,179.780,-18.35,20.63,147.65,-17.51,-8.07,173.70,53.603,54.772,-27.6803,0.3834,286.84,456.19,-27.1520,0.2768,,,0.21346,0
141.0504,47,57,6,3,156.33,561.89,capture,261.61,427.14,171.00,0,178.925,8.208,179.800,-18.32,20.55,147.69,-17.68,-8.89,174.27,53.619,54.983,-26.8413,-0.4327,261.61,427.14,-27.0122,-0.0425,,,0.20221,0
141.1781,47,57,6,3,156.33,561.89,capture,289.95,456.18,170.38,0,179.017,8.276,179.791,-18.27,20.73,147.78,-18.15,-8.01,174.46,53.884,54.787,-27.6710,0.7916,289.95,456.18,-27.3087,0.3328,,,0.22697,0
141.2821,47,57,6,3,156.33,561.89,capture,300.03,447.19,183.86,0,178.901,8.254,179.805,-18.41,20.85,147.93,-17.74,-7.78,174.21,53.949,54.885,-26.4994,1.6097,300.03,447.19,-26.9445,0.9074,,,0.19661,0
141.3747,47,57,6,3,156.33,561.89,capture,276.11,440.79,170.33,0,178.939,8.377,179.790,-18.32,21.02,147.74,-17.89,-7.20,174.20,53.867,54.747,-27.3710,-0.2954,276.11,440.79,-27.1364,0.3661,,,0.24127,0
141.4728,47,57,6,3,156.33,561.89,capture,278.17,450.90,164.81,0,178.933,8.397,179.792,-18.24,21.15,147.80,-17.52,-7.58,174.21,53.798,54.977,-26.3967,-0.1895,278.17,450.90,-26.8036,0.1161,,,0.18393,0
141.5793,47,57,6,3,156.33,561.89,capture,282.03,440.51,174.74,0,178.813,8.340,179.797,-18.22,21.09,147.80,-17.89,-7.54,174.16,54.008,54.995,-27.4199,-0.0268,282.03,440.51,-27.0809,0.0518,,,0.20704,0
141.6674,47,57,6,3,156.33,561.89,capture,288.89,439.71,180.27,0,178.856,8.469,179.804,-18.31,21.19,147.52,-17.41,-7.37,173.76,53.910,54.563,-26.4680,0.7721,288.89,439.71,-26.8051,0.3759,,,0.22230,0
141.8449,48,18,2,0,22.33,216.11,dwell,316.81,331.82,316.39,0,178.931,8.383,179.778,-18.30,21.05,147.65,-17.48,-7.08,174.39,54.124,54.215,-22.6729,2.0586,316.81,331.82,-22.6729,2.0586,,,0.19785,0
141.9515,48,18,2,0,22.33,216.11,dwell,206.69,471.47,314.95,0,178.797,8.134,179.809,-18.28,21.04,147.72,-18.39,-7.59,174.08,54.106,53.860,-28.6460,-3.4130,206.69,471.47,-25.3608,-0.4036,,,0.22230,0
142.0417,48,18,2,0,22.33,216.11,dwell,201.64,437.62,284.99,0,178.701,7.986,179.811,-18.31,20.84,147.73,-17.67,-7.53,173.75,53.913,53.956,-26.9600,-3.6228,201.64,437.62,-26.0804,-1.8523,,,0.22773,0
142.1449,48,18,2,0,22.33,216.11,dwell,97.27,366.53,168.05,0,178.675,7.984,179.830,-18.36,20.88,147.84,-17.50,-8.26,173.86,54.129,53.790,-24.4179,-8.8965,97.27,366.53,-25.3323,-5.0222,,,0.24179,0
142.2273,48,18,2,0,22.33,216.11,dwell,111.81,350.38,161.35,0,178.628,8.109,179.819,-18.25,20.85,147.99,-17.83,-7.73,174.29,54.262,53.529,-23.3550,-7.7330,111.81,350.38,-24.4425,-6.2420,,,0.23269,0
142.3384,48,18,2,0,22.33,216.11,dwell,46.10,263.15,52.70,0,178.616,8.054,179.851,-18.33,20.86,147.96,-18.11,-7.33,175.10,54.184,53.537,-20.2697,-10.5826,46.10,263.15,-22.5648,-8.1953,,,0.22119,0
142.4537,48,18,2,0,22.33,216.11,dwell,47.93,364.44,150.52,0,178.710,8.073,179.859,-18.40,20.76,148.07,-17.50,-7.92,174.97,53.949,53.555,-23.3123,-10.6673,47.93,364.44,-22.9012,-9.3077,,,0.19519,0
142.5810,48,18,2,0,22.33,216.11,dwell,43.25,313.97,100.07,0,178.694,8.078,179.853,-18.28,20.76,148.15,-17.66,-8.40,174.71,53.795,53.880,-23.4055,-10.9635,43.25,313.97,-23.1281,-10.0528,,,0.22174,0
142.6961,48,18,2,0,22.33,216.11,dwell,28.47,291.33,75.47,0,178.698,8.087,179.860,-18.31,20.72,147.90,-18.19,-8.78,174.11,53.395,53.880,-21.8525,-11.1885,28.47,291.33,-22.5541,-10.5639,,,0.20420,0
142.8078,48,18,2,0,22.33,216.11,dwell,-7.21,338.35,125.76,0,178.777,8.075,179.874,-18.25,20.78,147.78,-17.33,-7.76,174.13,53.602,54.441,-23.4221,-13.7242,-7.21,338.35,-22.9447,-11.9860,,,0.21284,0
142.9135,48,18,2,0,22.33,216.11,capture,6.55,332.67,117.62,0,178.837,8.087,179.857,-18.04,20.67,147.68,-18.51,-7.98,174.15,53.427,54.679,-22.7038,-12.3867,6.55,332.67,-22.8363,-12.1663,,,0.20157,0
143.0036,48,18,2,0,22.33,216.11,capture,13.55,311.61,95.90,0,178.967,8.044,179.828,-18.11,20.59,147.67,-17.74,-8.25,173.86,53.568,54.494,-21.8288,-12.2566,13.55,311.61,-22.3829,-12.2070,,,0.20089,0
143.1069,48,18,2,0,22.33,216.11,capture,-0.21,293.12,80.24,0,178.935,7.948,179.836,-18.19,20.49,147.78,-18.20,-7.55,173.82,53.643,54.462,-20.6978,-12.5858,-0.21,293.12,-21.6246,-12.3774,,,0.23120,0
143.1914,48,18,2,0,22.33,216.11,capture,-11.47,286.82,78.37,0,179.117,7.974,179.863,-18.12,20.36,147.51,-17.34,-8.59,174.09,53.527,54.337,-22.0635,-13.4218,-11.47,286.82,-21.8221,-12.8474,,,0.21921,0
143.2859,48,18,2,0,22.33,216.11,capture,-1.57,316.69,103.38,0,179.200,7.922,179.888,-18.13,20.41,147.41,-17.37,-8.46,173.51,53.554,53.981,-22.7887,-14.0312,-1.57,316.69,-22.2571,-13.3801,,,0.22595,0
143.3902,48,18,2,0,22.33,216.11,capture,19.86,320.28,104.20,0,179.014,7.884,179.884,-18.16,20.38,147.39,-17.62,-8.91,173.83,53.481,54.460,-21.7200,-11.6193,19.86,320.28,-22.0154,-12.5877,,,0.17926,0
143.5166,48,18,2,0,22.33,216.11,capture,-4.84,291.98,80.59,0,179.134,7.805,179.875,-18.31,20.44,147.19,-17.70,-8.04,173.28,53.556,54.198,-21.9436,-13.0083,-4.84,291.98,-21.9831,-12.7770,,,0.22474,0
143.6356,48,18,2,0,22.33,216.11,capture,-7.20,325.30,113.11,0,179.176,7.858,179.824,-18.24,20.32,147.17,-17.91,-7.52,173.92,54.099,54.039,-21.9526,-14.3456,-7.20,325.30,-21.9694,-13.4828,,,0.22619,0
143.7292,48,18,2,0,22.33,216.11,capture,-8.68,297.83,87.41,0,179.107,7.778,179.847,-18.23,20.47,147.54,-18.06,-7.71,173.79,54.035,54.032,-21.7594,-13.4558,-8.68,297.83,-21.8749,-13.4707,,,0.22834,0
143.8386,48,18,2,0,22.33,216.11,capture,-13.72,297.55,89.06,0,179.078,7.904,179.858,-18.15,20.41,147.69,-18.08,-8.24,174.09,54.092,53.978,-21.7967,-13.0217,-13.72,297.55,-21.8397,-13.2686,,,0.21600,0
143.9253,48,18,2,0,22.33,216.11,capture,-30.12,319.88,116.27,0,179.169,7.857,179.858,-18.22,20.44,147.80,-18.15,-7.84,174.27,54.158,54.276,-22.2177,-13.6194,-30.12,319.88,-22.0098,-13.4265,,,0.20067,0
144.0211,48,18,2,0,22.33,216.11,capture,-18.85,309.12,101.72,0,179.116,7.936,179.862,-18.19,20.56,147.23,-18.16,-7.62,173.25,53.986,53.980,-21.7946,-13.9169,-18.85,309.12,-21.9129,-13.6471,,,0.23488,0
144.1180,48,18,2,0,22.33,216.11,capture,-1.69,324.47,110.99,0,179.051,7.907,179.848,-18.17,20.53,146.93,-17.74,-8.01,173.26,53.994,53.839,-22.7842,-13.5537,-1.69,324.47,-22.3050,-13.6051,,,0.22102,0
144.2000,48,18,2,0,22.33,216.11,capture,-6.03,287.25,76.58,0,179.108,8.087,179.853,-18.14,20.67,146.85,-17.75,-8.02,172.83,54.193,53.971,-20.3244,-13.6145,-6.03,287.25,-21.4137,-13.6094,,,0.23136,0
144.2909,48,18,2,0,22.33,216.11,capture,-7.92,330.27,118.10,0,178.928,8.137,179.854,-18.11,20.74,146.97,-17.84,-8.48,172.82,53.961,53.663,-22.5115,-13.6164,-7.92,330.27,-21.9077,-13.6125,,,0.24047,0
144.3948,48,18,2,0,22.33,216.11,capture,-1.10,303.61,90.58,0,179.021,8.053,179.876,-18.18,20.66,147.04,-17.82,-7.71,173.18,53.740,53.701,-21.0415,-13.0843,-1.10,303.61,-21.5179,-13.3748,,,0.20704,0
144.4860,48,18,2,0,22.33,216.11,capture,-1.69,303.81,90.93,0,179.110,7.951,179.882,-18.17,20.73,146.85,-17.58,-8.08,173.13,53.597,53.542,-22.6523,-12.8861,-1.69,303.81,-22.0284,-13.1549,,,0.21613,0
144.5864,48,18,2,0,22.33,216.11,capture,15.58,294.62,78.80,0,179.167,7.767,179.871,-18.03,20.88,147.05,-17.85,-7.80,173.36,53.434,53.674,-21.3663,-11.4718,15.58,294.62,-21.7304,-12.3975,,,0.19916,0
144.6833,48,18,2,0,22.33,216.11,capture,21.92,312.34,96.23,0,179.086,7.811,179.866,-17.93,20.83,146.91,-17.29,-8.31,172.83,53.375,53.896,-22.3269,-11.8871,21.92,312.34,-21.9989,-12.1678,,,0.20476,0
144.8561,49,67,7,4,201.00,648.33,dwell,0.39,365.77,346.53,0,179.011,7.700,179.840,-18.03,20.69,147.02,-17.00,-7.51,173.23,53.398,53.770,-24.4105,-12.5002,0.39,365.77,-24.4105,-12.5002,,,0.20614,0
144.9509,49,67,7,4,201.00,648.33,dwell,91.65,323.83,342.43,0,178.939,7.740,179.836,-18.06,20.67,147.13,-17.54,-7.40,173.48,53.577,53.819,-21.9964,-8.7862,91.65,323.83,-23.3241,-10.8289,,,0.18538,0
145.0409,49,67,7,4,201.00,648.33,dwell,-0.38,373.08,341.05,0,179.031,7.867,179.841,-18.20,20.80,146.81,-17.31,-7.69,172.97,53.477,53.907,-24.5222,-13.0166,-0.38,373.08,-23.8632,-11.8134,,,0.20514,0
145.1266,49,67,7,4,201.00,648.33,dwell,88.91,442.33,234.52,0,178.989,7.861,179.854,-18.33,20.92,146.92,-17.86,-8.82,173.18,53.553,53.870,-26.7739,-8.2620,88.91,442.33,-25.1731,-10.2153,,,0.20556,0
145.2383,49,67,7,4,201.00,648.33,dwell,70.86,649.14,130.14,0,178.816,7.907,179.898,-18.35,20.87,146.87,-17.73,-7.39,173.07,53.616,53.725,-34.9451,-10.1302,70.86,649.14,-29.5705,-10.1770,,,0.21464,0
145.3435,49,67,7,4,201.00,648.33,dwell,131.45,559.94,112.47,0,178.832,7.931,179.881,-18.32,20.92,146.94,-17.76,-7.54,172.70,53.555,53.907,-30.8822,-7.0468,131.45,559.94,-30.1607,-8.7684,,,0.18980,0
145.4560,49,67,7,4,201.00,648.33,dwell,152.68,530.55,127.31,0,178.775,7.993,179.868,-18.42,20.69,146.97,-17.55,-9.01,172.52,53.686,53.614,-29.6887,-5.9064,152.68,530.55,-29.9483,-7.4805,,,0.22051,0
145.5661,49,67,7,4,201.00,648.33,dwell,168.07,665.69,37.22,0,178.943,8.093,179.879,-18.45,20.63,146.84,-18.30,-8.49,172.66,53.936,53.692,-35.7299,-5.0318,168.07,665.69,-32.5500,-6.3786,,,0.24639,0
145.6735,49,67,7,4,201.00,648.33,dwell,179.39,706.77,62.30,0,178.935,8.280,179.862,-18.52,20.64,147.00,-18.57,-8.36,173.51,53.932,53.738,-37.0187,-4.8995,179.39,706.77,-34.5609,-5.7130,,,0.21916,0
145.7688,49,67,7,4,201.00,648.33,capture,195.01,730.93,82.81,0,178.796,8.352,179.851,-18.52,20.84,146.85,-18.14,-8.48,173.00,53.936,54.020,-37.5191,-3.8031,195.01,730.93,-35.8921,-4.8535,,,0.22166,0
145.8800,49,67,7,4,201.00,648.33,capture,206.43,720.95,72.82,0,178.760,8.422,179.867,-18.45,20.88,146.83,-17.94,-7.15,172.94,54.013,54.019,-37.7925,-3.1874,206.43,720.95,-36.7473,-4.1037,,,0.21570,0
145.9748,49,67,7,4,201.00,648.33,capture,209.85,699.88,52.30,0,178.855,8.512,179.856,-18.50,20.59,146.97,-18.39,-7.76,172.46,53.994,53.924,-37.9672,-3.5706,209.85,699.88,-37.2962,-3.8638,,,0.19470,0
146.0568,49,67,7,4,201.00,648.33,capture,177.03,725.00,80.33,0,178.833,8.394,179.871,-18.55,20.73,146.85,-18.05,-8.42,173.24,54.245,53.789,-38.1049,-4.3569,177.03,725.00,-37.6601,-4.0857,,,0.24233,0
146.1697,49,67,7,4,201.00,648.33,capture,187.33,732.62,85.39,0,178.772,8.497,179.857,-18.49,20.61,146.89,-18.06,-7.56,173.03,54.242,54.008,-38.7750,-3.2907,187.33,732.62,-38.1618,-3.7280,,,0.22941,0
146.2683,49,67,7,4,201.00,648.33,capture,192.64,747.87,99.89,0,178.793,8.440,179.850,-18.44,20.63,147.07,-17.97,-6.58,172.56,54.114,53.909,-37.9198,-4.1998,192.64,747.87,-38.0529,-3.9403,,,0.22770,0
146.3643,49,67,7,4,201.00,648.33,capture,191.96,738.67,90.79,0,178.742,8.395,179.870,-18.44,20.64,147.25,-17.76,-7.28,173.10,54.135,53.967,-38.8350,-3.9564,191.96,738.67,-38.4049,-3.9475,,,0.24240,0
146.4619,49,67,7,4,201.00,648.33,capture,176.89,738.80,93.62,0,178.963,8.393,179.858,-18.43,20.44,147.12,-18.15,-8.46,173.45,53.765,54.091,-38.4217,-4.3330,176.89,738.80,-38.4125,-4.1210,,,0.22756,0
146.5444,49,67,7,4,201.00,648.33,capture,190.12,726.24,78.66,0,178.930,8.499,179.843,-18.45,20.27,147.11,-17.11,-7.29,173.53,53.821,54.254,-38.1358,-4.1496,190.12,726.24,-38.2880,-4.1339,,,0.21538,0
146.6422,49,67,7,4,201.00,648.33,capture,184.24,757.55,110.50,0,178.797,8.495,179.802,-18.44,20.41,147.42,-17.98,-8.97,173.30,54.067,54.376,-40.6824,-4.1979,184.24,757.55,-39.3654,-4.1627,,,0.21444,0
146.7406,49,67,7,4,201.00,648.33,capture,195.92,760.75,112.53,0,178.732,8.688,179.816,-18.40,20.63,147.50,-18.17,-8.35,174.18,53.822,54.162,-38.6029,-4.2495,195.92,760.75,-39.0223,-4.2018,,,0.22512,0
146.8291,49,67,7,4,201.00,648.33,capture,187.09,699.38,52.91,0,178.835,8.596,179.812,-18.28,20.50,147.80,-18.37,-7.68,174.34,53.982,54.059,-36.5603,-3.8009,187.09,699.38,-37.9144,-4.0214,,,0.21798,0
146.9242,49,67,7,4,201.00,648.33,capture,183.73,725.25,78.83,0,178.785,8.596,179.818,-18.21,20.52,147.73,-17.92,-8.07,174.24,54.208,54.210,-37.5337,-5.2270,183.73,725.25,-37.7431,-4.5639,,,0.24177,0
147.0310,49,67,7,4,201.00,648.33,capture,178.66,725.84,80.66,0,178.905,8.488,179.818,-18.38,20.54,147.65,-17.92,-6.87,173.94,54.200,54.154,-37.4861,-4.7291,178.66,725.84,-37.6274,-4.6382,,,0.20994,0
147.1400,49,67,7,4,201.00,648.33,capture,194.82,728.99,80.89,0,178.913,8.466,179.806,-18.40,20.63,147.84,-18.07,-8.22,174.58,54.180,54.441,-38.6034,-3.4874,194.82,728.99,-38.0666,-4.1204,,,0.22243,0
147.2371,49,67,7,4,201.00,648.33,capture,185.25,711.24,64.85,0,178.708,8.486,179.814,-18.43,20.65,147.69,-18.25,-7.94,173.45,54.210,54.619,-36.8020,-4.3758,185.25,711.24,-37.4975,-4.2353,,,0.21837,0
147.3323,49,67,7,4,201.00,648.33,capture,195.41,726.95,78.82,0,178.758,8.571,179.809,-18.32,20.67,147.46,-17.38,-7.42,173.81,54.239,54.361,-37.7531,-4.2486,195.41,726.95,-37.6125,-4.2413,,,0.23836,0
147.4281,49,67,7,4,201.00,648.33,capture,203.73,722.97,74.69,0,178.833,8.501,179.825,-18.31,20.53,147.27,-17.48,-8.48,173.51,54.268,54.582,-38.4612,-3.5242,203.73,722.97,-37.9944,-3.9186,,,0.23184,0
147.5308,49,67,7,4,201.00,648.33,capture,202.35,750.12,101.80,0,178.823,8.454,179.807,-18.34,20.72,147.31,-18.18,-8.65,173.64,54.498,54.746,-38.7101,-3.0413,202.35,750.12,-38.3165,-3.5238,,,0.22640,0
147.6285,49,67,7,4,201.00,648.33,capture,192.73,741.20,93.23,0,178.843,8.461,179.814,-18.27,20.69,147.16,-17.93,-7.73,173.49,54.227,54.703,-39.2969,-4.0499,192.73,741.20,-38.7576,-3.7605,,,0.22873,0
147.7717,50,58,6,4,201.00,561.89,dwell,204.96,765.29,203.44,0,178.798,8.514,179.852,-18.23,20.75,146.97,-17.99,-8.12,173.11,54.381,54.789,-40.2474,-3.4366,204.96,765.29,-40.2474,-3.4366,,,0.25436,0
147.8643,50,58,6,4,201.00,561.89,dwell,270.17,766.02,215.53,0,178.831,8.657,179.847,-18.20,20.54,147.10,-17.75,-7.86,173.11,54.042,54.142,-40.4938,-0.0726,270.17,766.02,-40.3583,-1.9228,,,0.20465,0
147.9545,50,58,6,4,201.00,561.89,dwell,124.68,662.67,126.42,0,178.892,8.459,179.822,-18.22,20.54,146.88,-17.62,-7.60,172.77,54.049,54.341,-36.6036,-7.2602,124.68,662.67,-38.6687,-4.3246,,,0.21023,0
148.0507,50,58,6,4,201.00,561.89,dwell,235.18,466.17,101.64,0,178.927,8.593,179.829,-18.16,20.61,147.11,-17.60,-7.89,173.28,53.869,54.284,-27.7275,-1.6459,235.18,466.17,-33.7452,-3.1192,,,0.24526,0
148.1571,50,58,6,4,201.00,561.89,dwell,182.61,543.52,25.99,1,178.932,8.525,179.826,-18.20,20.55,147.06,-17.55,-8.05,173.13,53.706,54.883,-31.3817,-4.0786,182.61,543.52,-32.6816,-3.5510,,,0.22107,0
148.2734,50,58,6,4,201.00,561.89,dwell,121.38,563.91,79.65,0,179.016,8.488,179.835,-18.25,20.65,147.11,-18.17,-8.10,173.22,53.615,54.806,-31.5779,-6.9811,121.38,563.91,-32.1849,-5.0945,,,0.20574,0
148.3729,50,58,6,4,201.00,561.89,dwell,174.32,470.89,94.83,0,178.963,8.559,179.841,-18.24,20.76,146.93,-17.16,-7.93,173.41,53.810,54.859,-27.9485,-4.5087,174.32,470.89,-30.2786,-4.8309,,,0.23185,0
148.4765,50,58,6,4,201.00,561.89,dwell,140.02,465.75,113.85,0,178.992,8.632,179.857,-18.27,20.86,146.94,-17.60,-7.68,173.53,53.063,54.441,-29.1900,-6.7967,140.02,465.75,-29.7887,-5.7155,,,0.20636,0
148.5689,50,58,6,4,201.00,561.89,capture,131.95,422.19,155.83,0,178.984,8.643,179.842,-18.23,20.95,146.85,-17.60,-7.93,172.48,52.753,54.467,-26.4531,-7.2761,131.95,422.19,-28.2877,-6.4178,,,0.18798,0
148.6738,50,58,6,4,201.00,561.89,capture,135.88,439.69,138.47,0,179.064,8.568,179.841,-18.24,20.84,146.87,-17.41,-7.65,173.09,52.950,54.492,-26.2831,-6.4539,135.88,439.69,-27.3856,-6.4340,,,0.16182,0
148.7767,50,58,6,4,201.00,561.89,capture,154.21,410.91,158.06,0,178.966,8.522,179.820,-18.41,20.90,146.94,-17.77,-6.94,173.04,52.971,54.619,-24.8619,-5.1062,154.21,410.91,-26.2499,-5.8365,,,0.19652,0
148.8713,50,58,6,4,201.00,561.89,capture,153.20,430.88,139.46,0,178.831,8.546,179.839,-18.35,20.96,147.10,-17.96,-7.42,173.23,53.469,54.738,-27.2229,-5.8258,153.20,430.88,-26.6878,-5.8317,,,0.21402,0
148.9684,50,58,6,4,201.00,561.89,capture,150.85,451.89,120.89,0,178.858,8.657,179.834,-18.29,20.90,147.01,-17.90,-7.69,173.17,53.800,54.623,-27.0287,-6.2277,150.85,451.89,-26.8412,-6.0099,,,0.21384,0
149.0727,50,58,6,4,201.00,561.89,capture,150.79,435.87,135.65,0,179.049,8.699,179.831,-18.34,20.99,147.23,-18.42,-8.38,173.15,53.820,54.512,-25.9216,-5.5131,150.79,435.87,-26.4273,-5.7863,,,0.22614,0
149.1607,50,58,6,4,201.00,561.89,capture,160.36,435.23,133.02,0,179.120,8.653,179.832,-18.34,20.97,147.45,-18.50,-7.68,173.96,53.690,54.761,-25.6858,-5.1691,160.36,435.23,-26.0936,-5.5086,,,0.22024,0
149.2553,50,58,6,4,201.00,561.89,capture,161.64,420.28,146.98,0,179.048,8.583,179.825,-18.41,21.17,147.45,-18.01,-7.13,173.68,53.507,54.890,-25.9269,-5.2057,161.64,420.28,-26.0186,-5.3723,,,0.22935,0
149.3748,50,58,6,4,201.00,561.89,capture,159.00,417.02,150.83,0,179.049,8.642,179.847,-18.50,21.16,147.27,-17.57,-7.34,173.52,53.667,54.697,-26.3575,-5.4429,159.00,417.02,-26.1711,-5.4040,,,0.22673,0
149.4568,50,58,6,4,201.00,561.89,capture,157.75,433.67,135.32,0,178.869,8.686,179.860,-18.48,21.22,146.89,-18.22,-6.68,173.46,53.761,54.812,-27.3467,-5.8204,157.75,433.67,-26.7001,-5.5914,,,0.20781,0
149.5604,50,58,6,4,201.00,561.89,capture,164.37,464.83,103.74,0,178.882,8.821,179.853,-18.48,21.14,147.20,-17.48,-7.44,173.02,53.807,54.619,-27.9597,-5.2702,164.37,464.83,-27.2669,-5.4469,,,0.18403,0
149.6633,50,58,6,4,201.00,561.89,capture,159.84,466.32,104.06,0,178.990,8.876,179.852,-18.42,21.29,147.00,-17.97,-7.65,172.78,53.848,54.189,-28.5959,-4.5183,159.84,466.32,-27.8650,-5.0290,,,0.21183,0
149.7629,50,58,6,4,201.00,561.89,capture,140.13,421.18,153.31,0,179.004,8.791,179.836,-18.40,21.19,147.16,-18.30,-7.57,173.21,53.819,53.768,-26.4835,-5.5313,140.13,421.18,-27.2433,-5.2550,,,0.19716,0
149.8647,50,58,6,4,201.00,561.89,capture,144.08,416.97,155.70,0,178.977,8.815,179.846,-18.28,21.07,147.12,-18.17,-8.25,173.33,53.619,53.753,-25.0654,-6.4486,144.08,416.97,-26.2633,-5.7921,,,0.18401,0
149.9530,50,58,6,4,201.00,561.89,capture,135.93,447.80,131.34,0,178.911,8.852,179.827,-18.31,20.95,146.94,-18.47,-7.22,173.05,53.234,53.586,-27.9853,-6.3738,135.93,447.80,-27.0382,-6.0539,,,0.19885,0
150.0513,50,58,6,4,201.00,561.89,capture,150.08,454.33,119.00,0,179.058,8.759,179.806,-18.26,20.89,146.94,-17.52,-6.53,173.29,53.359,53.341,-26.2367,-5.9400,150.08,454.33,-26.6775,-6.0027,,,0.20765,0
150.1476,50,58,6,4,201.00,561.89,capture,155.31,446.94,123.70,0,178.919,8.765,179.806,-18.28,20.93,146.95,-17.66,-7.92,173.13,53.027,53.508,-28.5434,-5.9050,155.31,446.94,-27.5172,-5.9587,,,0.18438,0
150.2455,50,58,6,4,201.00,561.89,capture,153.00,443.25,127.98,0,178.981,8.816,179.798,-18.24,20.94,146.80,-17.54,-8.39,172.91,52.894,53.777,-27.8435,-5.5815,153.00,443.25,-27.6640,-5.7889,,,0.21516,0
150.3275,50,58,6,4,201.00,561.89,capture,153.72,421.99,147.67,0,178.944,8.723,179.812,-18.24,20.91,146.74,-18.09,-8.34,172.96,53.075,53.673,-25.5001,-5.6950,153.72,421.99,-26.6902,-5.7467,,,0.20488,0
150.4229,50,58,6,4,201.00,561.89,capture,158.30,455.96,114.21,0,179.085,8.663,179.782,-18.36,20.88,146.90,-17.90,-8.10,173.00,53.514,54.016,-28.1810,-5.1855,158.30,455.96,-27.3611,-5.4941,,,0.20938,0
150.5866,51,8,0,8,379.67,43.22,dwell,143.08,253.97,316.84,0,179.042,8.660,179.788,-18.43,20.73,146.78,-18.13,-8.82,173.10,53.184,53.868,-19.8394,-7.0581,143.08,253.97,-19.8394,-7.0581,,,0.19880,0
150.6923,51,8,0,8,379.67,43.22,dwell,184.28,327.25,344.74,0,179.019,8.389,179.773,-18.39,20.82,146.68,-17.78,-7.36,172.73,53.290,54.010,-22.8771,-4.5423,184.28,327.25,-21.2064,-5.9260,,,0.23699,0
150.7806,51,8,0,8,379.67,43.22,dwell,325.26,261.95,225.39,0,179.050,8.318,179.775,-18.36,20.80,146.68,-18.11,-8.01,172.17,53.593,54.096,-20.0344,2.1665,325.26,261.95,-20.6790,-2.2844,,,0.21476,0
150.8917,51,8,0,8,379.67,43.22,dwell,310.35,127.29,108.96,0,179.021,8.204,179.768,-18.42,20.79,147.02,-17.83,-7.37,172.88,53.814,53.930,-14.8467,2.1661,310.35,127.29,-18.0544,-0.2817,,,0.20168,0
150.9901,51,8,0,8,379.67,43.22,dwell,338.66,275.16,235.53,0,178.935,8.108,179.770,-18.45,20.75,147.32,-17.99,-7.41,173.70,53.566,53.293,-19.7463,3.4210,338.66,275.16,-18.8158,1.3845,,,0.24635,0
151.0987,51,8,0,8,379.67,43.22,dwell,278.48,125.12,130.18,0,178.877,7.995,179.768,-18.30,20.75,147.57,-18.15,-8.01,174.40,53.549,53.962,-14.4470,1.0100,278.48,125.12,-16.8498,1.2160,,,0.22360,0
151.1929,51,8,0,8,379.67,43.22,dwell,335.20,194.88,158.04,0,178.852,7.840,179.776,-18.24,20.57,147.63,-18.53,-8.39,174.14,53.514,54.366,-18.5580,2.9684,335.20,194.88,-17.6185,2.0046,,,0.19463,0
151.2749,51,8,0,8,379.67,43.22,dwell,292.26,138.59,129.36,0,178.987,7.892,179.791,-18.16,20.48,147.53,-17.33,-7.89,173.43,53.341,54.322,-14.8746,1.3526,292.26,138.59,-16.3837,1.7112,,,0.22169,0
151.3836,51,8,0,8,379.67,43.22,dwell,390.49,52.29,14.12,1,178.992,7.914,179.793,-18.22,20.56,147.51,-17.55,-7.87,173.89,53.069,54.409,-11.7629,4.9718,390.49,52.29,-14.3044,3.1784,,,0.18929,0
151.5036,51,8,0,8,379.67,43.22,dwell,381.31,48.94,5.95,1,179.017,7.873,179.804,-18.23,20.73,147.64,-17.63,-7.24,174.77,53.609,54.142,-11.2431,4.9942,381.31,48.94,-12.9268,3.9956,,,0.20845,0
151.6059,51,8,0,8,379.67,43.22,dwell,408.36,-17.95,67.57,0,179.027,7.842,179.812,-18.13,20.67,147.62,-17.90,-7.22,173.83,53.694,53.953,-8.8252,5.6966,408.36,-17.95,-11.0811,4.7610,,,0.23059,0
151.7258,51,8,0,8,379.67,43.22,capture,389.19,-36.91,80.70,0,178.913,7.924,179.790,-18.11,20.71,147.58,-17.66,-8.35,173.42,53.703,53.749,-7.6040,4.6954,389.19,-36.91,-9.5164,4.7315,,,0.21291,0
151.8198,51,8,0,8,379.67,43.22,capture,424.59,-2.34,63.98,0,178.910,7.966,179.820,-18.07,20.71,147.43,-17.83,-8.30,173.51,53.539,53.956,-10.3655,6.8563,424.59,-2.34,-9.8985,5.6877,,,0.23041,0
151.9290,51,8,0,8,379.67,43.22,capture,419.75,-14.24,70.06,0,178.935,8.026,179.814,-18.13,20.64,147.55,-17.88,-7.86,173.95,53.371,53.602,-9.3190,6.3382,419.75,-14.24,-9.6377,5.9804,,,0.17815,0
152.0202,51,8,0,8,379.67,43.22,capture,406.31,-9.13,58.74,0,178.935,8.056,179.806,-18.18,20.49,147.37,-17.69,-7.92,173.30,53.541,53.210,-9.3895,6.1242,406.31,-9.13,-9.5260,6.0451,,,0.23817,0
152.1135,51,8,0,8,379.67,43.22,capture,405.65,-7.79,57.25,0,178.971,7.958,179.863,-18.19,20.57,147.42,-17.25,-6.95,173.19,53.408,53.411,-8.6731,6.1415,405.65,-7.79,-9.1422,6.0885,,,0.18813,0
152.2110,51,8,0,8,379.67,43.22,capture,425.53,-27.59,84.37,0,179.017,7.947,179.828,-18.27,20.39,147.47,-17.77,-7.87,174.03,53.054,53.636,-8.3983,6.6988,425.53,-27.59,-8.8074,6.3631,,,0.19286,0
152.3133,51,8,0,8,379.67,43.22,capture,410.63,-12.73,63.95,0,179.005,7.884,179.811,-18.36,20.43,147.46,-18.16,-9.17,173.72,52.767,53.363,-10.3891,6.0088,410.63,-12.73,-9.5192,6.2037,,,0.17232,0
152.4232,51,8,0,8,379.67,43.22,capture,411.36,-4.84,57.57,0,179.018,7.903,179.840,-18.32,20.62,147.69,-17.59,-7.61,174.05,52.909,53.502,-10.3578,6.5492,411.36,-4.84,-9.8966,6.3591,,,0.19570,0
152.5095,51,8,0,8,379.67,43.22,capture,397.23,-42.56,87.56,0,178.907,7.815,179.846,-18.40,20.76,147.90,-17.86,-8.11,174.25,52.891,53.465,-7.9066,6.0838,397.23,-42.56,-9.0011,6.2353,,,0.18115,0
152.6229,51,8,0,8,379.67,43.22,capture,394.49,-4.92,50.37,0,179.004,7.854,179.839,-18.41,20.80,147.56,-18.14,-7.53,174.06,53.229,53.652,-10.8310,6.2452,394.49,-4.92,-9.8245,6.2397,,,0.19326,0
152.7282,51,8,0,8,379.67,43.22,capture,411.01,-41.35,90.19,0,178.926,7.823,179.813,-18.30,20.77,147.80,-17.79,-7.30,174.02,52.804,53.782,-8.6034,6.5673,411.01,-41.35,-9.2750,6.3871,,,0.17612,0
152.8245,51,8,0,8,379.67,43.22,capture,421.05,-7.00,65.08,0,178.929,7.759,179.818,-18.25,20.82,147.60,-17.74,-8.00,174.22,52.805,53.998,-10.4840,6.7201,421.05,-7.00,-9.8191,6.5369,,,0.17828,0
152.9330,51,8,0,8,379.67,43.22,capture,443.63,-22.19,91.49,0,179.000,7.632,179.837,-18.26,20.76,147.77,-18.43,-8.01,174.22,52.816,53.775,-7.5934,8.2220,443.63,-22.19,-8.8175,7.2952,,,0.19652,0
153.0332,51,8,0,8,379.67,43.22,capture,406.94,-9.95,59.76,0,179.105,7.544,179.835,-18.36,20.77,147.63,-17.61,-7.60,174.51,53.447,53.323,-9.3201,5.5811,406.94,-9.95,-9.0437,6.5239,,,0.20072,0
153.1283,51,8,0,8,379.67,43.22,capture,416.09,-25.21,77.52,0,178.935,7.612,179.819,-18.36,20.64,147.60,-18.04,-7.90,173.44,53.652,53.249,-8.2338,7.0932,416.09,-25.21,-8.6793,6.7801,,,0.21762,0
153.2136,51,8,0,8,379.67,43.22,capture,398.95,-17.97,64.16,0,178.900,7.604,179.836,-18.36,20.71,147.51,-17.61,-7.02,173.45,53.752,53.634,-9.1047,5.2242,398.95,-17.97,-8.8707,6.0799,,,0.21217,0
153.3239,51,8,0,8,379.67,43.22,capture,432.62,-1.73,69.46,0,179.061,7.641,179.868,-18.38,20.73,147.54,-18.58,-7.69,173.46,53.634,53.571,-10.5198,7.7543,432.62,-1.73,-9.6128,6.8334,,,0.20997,0
153.4138,51,8,0,8,379.67,43.22,capture,411.98,-4.55,57.67,0,179.033,7.638,179.890,-18.32,20.72,147.45,-18.08,-7.76,173.35,53.880,54.214,-10.2010,6.2480,411.98,-4.55,-9.8775,6.5700,,,0.22535,0
153.5093,51,8,0,8,379.67,43.22,capture,419.14,-33.75,86.50,0,178.907,7.642,179.877,-18.45,20.83,147.59,-18.33,-8.34,173.69,53.735,54.103,-7.9903,7.0349,419.14,-33.75,-9.0282,6.7792,,,0.22751,0
153.6015,51,8,0,8,379.67,43.22,capture,424.06,-25.26,81.61,0,178.945,7.661,179.895,-18.51,20.90,147.50,-17.75,-7.50,173.82,53.805,54.210,-8.1873,7.0352,424.06,-25.26,-8.6498,6.8944,,,0.20508,0
153.7726,52,31,3,4,201.00,302.56,dwell,435.36,10.59,374.39,0,178.968,7.804,179.875,-18.44,20.79,147.54,-18.22,-8.14,174.19,54.295,54.179,-10.5986,8.0068,435.36,10.59,-10.5986,8.0068,,,0.21300,0
153.8635,52,31,3,4,201.00,302.56,dwell,335.62,114.02,231.66,0,178.928,7.716,179.892,-18.42,20.85,147.41,-18.44,-7.82,173.86,54.357,53.994,-14.8805,2.3369,335.62,114.02,-12.5255,5.4554,,,0.22023,0
153.9570,52,31,3,4,201.00,302.56,dwell,351.44,242.96,161.81,0,179.024,7.773,179.910,-18.46,20.66,147.45,-17.61,-9.01,173.91,54.498,54.085,-19.5034,3.6360,351.44,242.96,-15.6655,4.6367,,,0.22691,0
154.0517,52,31,3,4,201.00,302.56,dwell,349.50,412.17,184.57,0,178.891,7.737,179.910,-18.48,20.68,147.48,-17.44,-7.55,173.95,54.815,54.139,-25.4592,3.7416,349.50,412.17,-20.0727,4.2339,,,0.22174,0
154.1506,52,31,3,4,201.00,302.56,dwell,298.12,370.81,118.71,0,178.802,7.714,179.875,-18.38,20.66,147.79,-17.94,-6.84,174.57,54.897,54.093,-24.3840,1.2842,298.12,370.81,-22.0128,2.9065,,,0.22910,0
154.2326,52,31,3,4,201.00,302.56,dwell,291.45,379.29,118.61,0,178.870,7.723,179.855,-18.45,20.65,147.76,-17.41,-7.95,173.79,54.634,53.747,-23.6041,0.7132,291.45,379.29,-22.7289,1.9195,,,0.25117,0
154.3217,52,31,3,4,201.00,302.56,dwell,261.20,377.89,96.43,0,178.861,7.769,179.860,-18.34,20.58,147.81,-18.28,-7.99,173.86,54.505,53.313,-24.8434,-0.8544,261.20,377.89,-23.6804,0.6713,,,0.21440,0
154.4210,52,31,3,4,201.00,302.56,dwell,278.38,426.15,145.82,0,178.890,7.749,179.870,-18.21,20.68,147.69,-18.36,-7.53,173.67,54.607,53.362,-26.9362,0.0200,278.38,426.15,-25.1455,0.3782,,,0.24890,0
154.5079,52,31,3,4,201.00,302.56,dwell,271.06,439.19,153.55,0,178.881,7.833,179.859,-18.16,20.52,147.72,-17.22,-8.12,173.98,54.352,53.556,-28.0016,-0.9284,271.06,439.19,-26.4307,-0.2098,,,0.23489,0
154.6219,52,31,3,4,201.00,302.56,dwell,244.53,499.64,201.83,0,178.935,7.870,179.830,-18.18,20.66,147.42,-17.81,-7.87,174.24,54.281,53.849,-28.0755,-1.1196,244.53,499.64,-27.1709,-0.6192,,,0.24098,0
154.7205,52,31,3,4,201.00,302.56,capture,219.78,537.80,235.99,0,179.040,7.865,179.817,-18.13,20.73,147.25,-18.04,-7.70,173.72,54.283,54.355,-30.6223,-2.4201,219.78,537.80,-28.7240,-1.4296,,,0.23549,0
154.8201,52,31,3,4,201.00,302.56,capture,251.33,567.69,269.87,0,179.001,7.974,179.845,-18.18,20.70,147.32,-18.02,-8.45,173.52,54.078,53.963,-32.9018,-1.0185,251.33,567.69,-30.6040,-1.2446,,,0.24483,0
154.9160,52,31,3,4,201.00,302.56,capture,235.34,559.05,258.78,0,179.058,8.117,179.802,-18.34,20.81,147.15,-17.85,-7.76,173.18,53.914,54.224,-31.2822,-1.9783,235.34,559.05,-30.9092,-1.5748,,,0.22783,0
155.0271,52,31,3,4,201.00,302.56,capture,239.68,556.00,256.38,0,178.992,8.006,179.790,-18.36,20.72,147.35,-17.39,-7.55,173.75,53.667,54.351,-32.1331,-1.0363,239.68,556.00,-31.4600,-1.3324,,,0.22034,0
155.1400,52,31,3,4,201.00,302.56,capture,228.49,548.49,247.47,0,178.978,7.934,179.770,-18.27,21.03,147.24,-17.89,-6.70,173.29,53.649,53.924,-30.8359,-2.8883,228.49,548.49,-31.1791,-2.0326,,,0.22368,0
155.2333,52,31,3,4,201.00,302.56,capture,252.29,548.07,250.81,0,178.984,7.898,179.768,-18.21,21.17,147.28,-17.13,-7.03,172.81,53.551,53.886,-30.4161,-1.5098,252.29,548.07,-30.8358,-1.7973,,,0.20797,0
155.3371,52,31,3,4,201.00,302.56,capture,241.80,538.36,239.31,0,178.957,7.751,179.773,-18.19,21.10,147.22,-17.34,-8.26,173.85,53.799,53.694,-30.2449,-1.8804,241.80,538.36,-30.5699,-1.8347,,,0.20433,0
155.4425,52,31,3,4,201.00,302.56,capture,197.34,538.11,235.58,0,179.071,7.901,179.808,-18.11,21.15,147.02,-17.75,-7.31,172.66,53.676,53.939,-30.7617,-3.6576,197.34,538.11,-30.6562,-2.6550,,,0.22782,0
155.5533,52,31,3,4,201.00,302.56,capture,233.27,528.52,228.26,0,179.038,7.916,179.821,-18.08,21.05,147.20,-17.42,-7.37,173.58,53.608,53.786,-30.7576,-2.4440,233.27,528.52,-30.7018,-2.5600,,,0.19383,0
155.6356,52,31,3,4,201.00,302.56,capture,214.67,517.43,215.31,0,178.933,7.809,179.822,-18.10,21.13,147.27,-17.44,-7.40,173.40,53.904,53.871,-30.5510,-2.9240,214.67,517.43,-30.6339,-2.7238,,,0.20272,0
155.7430,52,31,3,4,201.00,302.56,capture,213.69,532.53,230.32,0,178.856,7.841,179.810,-18.11,21.19,147.29,-17.49,-7.68,173.57,53.719,53.637,-31.6804,-3.3937,213.69,532.53,-31.1048,-3.0253,,,0.21094,0
155.8471,52,31,3,4,201.00,302.56,capture,220.68,547.12,245.35,0,178.807,7.755,179.783,-18.22,21.28,147.33,-18.36,-7.77,173.59,53.493,53.877,-31.1942,-2.8820,220.68,547.12,-31.1451,-2.9608,,,0.22454,0
155.9581,52,31,3,4,201.00,302.56,capture,221.35,551.65,249.92,0,178.828,7.890,179.779,-18.33,21.27,147.46,-18.60,-7.58,173.76,53.120,54.049,-31.0017,-2.8690,221.35,551.65,-31.0805,-2.9195,,,0.18558,0
156.0604,52,31,3,4,201.00,302.56,capture,237.86,519.50,220.05,0,178.700,7.843,179.803,-18.28,21.25,147.35,-17.60,-8.23,173.74,53.101,54.174,-30.0992,-1.4149,237.86,519.50,-30.6389,-2.2424,,,0.21443,0
156.1544,52,31,3,4,201.00,302.56,capture,225.97,539.45,238.21,0,178.740,7.687,179.816,-18.31,21.15,147.56,-17.27,-7.40,173.83,53.227,54.050,-29.9702,-2.8124,225.97,539.45,-30.3380,-2.4989,,,0.21502,0
156.2506,52,31,3,4,201.00,302.56,capture,240.20,548.67,249.22,0,178.802,7.864,179.819,-18.37,21.13,147.55,-18.31,-7.40,173.95,53.378,53.984,-31.4701,-2.0425,240.20,548.67,-30.8474,-2.2935,,,0.19728,0
156.3353,52,31,3,4,201.00,302.56,capture,229.73,571.56,270.53,0,178.749,7.789,179.806,-18.33,21.14,147.72,-18.15,-6.93,173.95,53.494,53.564,-32.2068,-1.9375,229.73,571.56,-31.4592,-2.1333,,,0.20406,0
156.4354,52,31,3,4,201.00,302.56,capture,233.84,559.64,259.17,0,178.798,7.762,179.815,-18.29,20.93,147.76,-17.72,-7.98,173.99,53.865,53.643,-32.2735,-1.3000,233.84,559.64,-31.8256,-1.7583,,,0.21512,0
156.6376,53,9,1,0,22.33,129.67,dwell,106.40,336.13,222.92,0,178.785,7.789,179.820,-18.31,21.00,147.58,-18.02,-8.11,174.49,53.607,53.712,-23.1657,-8.1745,106.40,336.13,-23.1657,-8.1745,,,0.23372,0
156.7297,53,9,1,0,22.33,129.67,dwell,124.48,464.71,350.27,0,178.752,7.878,179.820,-18.22,20.90,147.71,-17.58,-7.74,174.00,53.325,53.686,-27.0944,-6.5815,124.48,464.71,-24.9336,-7.4576,,,0.22522,0
156.8203,53,9,1,0,22.33,129.67,dwell,127.58,453.03,340.06,0,178.898,7.951,179.818,-18.21,20.92,147.65,-18.04,-7.32,173.76,53.263,54.030,-27.8109,-7.4722,127.58,453.03,-26.2284,-7.4642,,,0.20126,0
156.9113,53,9,1,0,22.33,129.67,dwell,97.89,319.91,204.70,0,178.851,7.979,179.823,-18.29,20.86,147.65,-18.38,-8.12,173.56,53.245,54.058,-23.2072,-8.3271,97.89,319.91,-24.8688,-7.8525,,,0.21429,0
157.0274,53,9,1,0,22.33,129.67,dwell,69.33,351.19,226.45,0,178.740,8.004,179.851,-18.34,20.90,147.61,-17.54,-8.38,173.97,53.348,54.789,-23.0976,-9.2723,69.33,351.19,-24.0718,-8.4914,,,0.21357,0
157.1204,53,9,1,0,22.33,129.67,dwell,5.47,244.09,115.66,0,178.704,7.919,179.859,-18.49,20.75,147.66,-17.67,-7.49,174.09,53.359,54.863,-20.2747,-12.2914,5.47,244.09,-22.3631,-10.2014,,,0.20033,0
157.2109,53,9,1,0,22.33,129.67,dwell,4.78,274.92,146.31,0,178.721,7.952,179.866,-18.50,20.83,147.63,-17.75,-8.33,174.12,53.225,54.797,-21.2064,-13.1456,4.78,274.92,-21.8426,-11.5263,,,0.18740,0
157.3097,53,9,1,0,22.33,129.67,dwell,83.57,154.04,65.91,0,178.629,7.773,179.866,-18.53,20.76,147.79,-18.48,-7.20,173.86,53.294,54.686,-16.6160,-8.7679,83.57,154.04,-19.4906,-10.2850,,,0.19045,0
157.3992,53,9,1,0,22.33,129.67,dwell,-17.98,159.30,50.03,0,178.684,7.667,179.853,-18.55,20.74,147.80,-18.26,-7.67,174.30,53.484,54.338,-16.7978,-13.6830,-17.98,159.30,-18.2788,-11.8141,,,0.20674,0
157.5006,53,9,1,0,22.33,129.67,capture,-10.61,112.26,37.26,0,178.680,7.691,179.875,-18.61,20.78,147.83,-18.33,-8.31,174.32,53.211,54.149,-13.7837,-13.0415,-10.61,112.26,-16.2560,-12.3665,,,0.19652,0
157.5914,53,9,1,0,22.33,129.67,capture,0.90,104.88,32.77,1,178.708,7.683,179.859,-18.63,20.84,147.68,-17.21,-7.57,174.52,53.014,53.912,-14.1742,-12.7951,0.90,104.88,-15.3192,-12.5594,,,0.18738,0
157.6834,53,9,1,0,22.33,129.67,capture,-34.74,118.86,58.09,0,178.834,7.803,179.862,-18.70,20.66,147.56,-18.34,-7.72,173.34,53.108,54.194,-14.2406,-15.1709,-34.74,118.86,-14.8339,-13.7345,,,0.18761,0
157.7864,53,9,1,0,22.33,129.67,capture,-24.32,116.18,48.56,0,178.685,7.815,179.815,-18.60,20.69,147.28,-18.56,-7.82,173.65,53.072,54.348,-15.1464,-13.9308,-24.32,116.18,-14.9745,-13.8229,,,0.20391,0
157.8765,53,9,1,0,22.33,129.67,capture,-10.11,118.08,34.45,0,178.700,7.677,179.819,-18.59,20.62,147.51,-18.31,-7.79,174.02,52.987,54.733,-13.8992,-14.1185,-10.11,118.08,-14.4906,-13.9559,,,0.19447,0
157.9943,53,9,1,0,22.33,129.67,capture,-6.97,100.92,41.05,0,178.766,7.736,179.816,-18.59,20.66,147.78,-18.02,-7.99,174.27,53.158,54.661,-14.6204,-13.1920,-6.97,100.92,-14.5490,-13.6122,,,0.20224,0
158.0882,53,9,1,0,22.33,129.67,capture,-35.60,119.27,58.86,0,178.866,7.570,179.816,-18.68,20.79,147.61,-17.85,-8.24,174.32,53.048,54.689,-13.8742,-14.4401,-35.60,119.27,-14.2453,-13.9847,,,0.19680,0
158.1866,53,9,1,0,22.33,129.67,capture,-24.28,98.40,56.13,0,178.782,7.544,179.835,-18.67,20.72,147.47,-17.61,-7.59,173.74,53.453,54.681,-13.4458,-14.2793,-24.28,98.40,-13.8855,-14.1173,,,0.21136,0
158.2802,53,9,1,0,22.33,129.67,capture,-25.70,113.28,50.75,0,178.755,7.525,179.823,-18.61,20.81,147.32,-18.37,-8.69,173.55,53.397,54.487,-13.8955,-14.1345,-25.70,113.28,-13.8900,-14.1250,,,0.20262,0
158.3688,53,9,1,0,22.33,129.67,capture,-23.88,105.02,52.37,0,178.737,7.543,179.791,-18.62,20.78,147.37,-17.47,-8.29,173.41,53.877,54.332,-15.1341,-14.0857,-23.88,105.02,-14.4499,-14.1073,,,0.21451,0
158.4735,53,9,1,0,22.33,129.67,capture,-1.67,92.43,44.30,0,178.767,7.553,179.817,-18.53,20.95,147.71,-17.78,-7.89,173.36,53.877,54.391,-13.5256,-13.0648,-1.67,92.43,-14.0339,-13.6382,,,0.23541,0
158.5850,53,9,1,0,22.33,129.67,capture,-6.95,97.65,43.39,0,178.776,7.566,179.827,-18.49,20.90,147.69,-18.05,-7.44,173.90,53.698,54.391,-13.9560,-13.9136,-6.95,97.65,-13.9989,-13.7621,,,0.19684,0
158.7014,53,9,1,0,22.33,129.67,capture,-22.69,122.25,45.63,0,178.863,7.549,179.831,-18.51,20.96,147.73,-17.68,-7.57,174.03,53.664,54.524,-14.1876,-13.8116,-22.69,122.25,-14.0838,-13.7844,,,0.18832,0
158.7932,53,9,1,0,22.33,129.67,capture,-21.23,127.10,43.64,0,178.969,7.545,179.829,-18.48,20.98,147.47,-18.21,-6.70,173.80,53.440,54.353,-14.3151,-14.2732,-21.23,127.10,-14.1879,-14.0044,,,0.20887,0
158.8897,53,9,1,0,22.33,129.67,capture,-10.48,81.56,58.23,0,178.892,7.501,179.824,-18.58,20.96,147.23,-18.39,-7.59,173.61,53.485,54.336,-12.7520,-12.9733,-10.48,81.56,-13.5417,-13.5404,,,0.19700,0
158.9773,53,9,1,0,22.33,129.67,capture,-11.43,116.28,36.32,0,178.988,7.478,179.790,-18.56,20.94,147.50,-17.20,-7.10,173.90,53.462,54.415,-14.7129,-13.5471,-11.43,116.28,-14.0687,-13.5434,,,0.19242,0
159.0593,53,9,1,0,22.33,129.67,capture,-16.51,133.00,38.99,0,178.975,7.537,179.816,-18.46,20.84,147.62,-17.70,-7.47,173.95,53.425,54.327,-15.2635,-13.3415,-16.51,133.00,-14.6064,-13.4525,,,0.19867,0
159.1659,53,9,1,0,22.33,129.67,capture,-19.95,135.60,42.70,0,178.811,7.597,179.810,-18.49,20.68,147.44,-17.72,-8.38,174.05,53.360,54.035,-13.7833,-13.5246,-19.95,135.60,-14.2360,-13.4850,,,0.18110,0
159.2879,53,9,1,0,22.33,129.67,capture,-25.39,116.59,49.48,0,178.833,7.600,179.825,-18.59,20.70,147.46,-18.27,-7.88,173.89,53.244,54.231,-14.7633,-13.8880,-25.39,116.59,-14.4733,-13.6663,,,0.21724,0
159.3981,53,9,1,0,22.33,129.67,capture,-35.67,121.71,58.55,0,178.757,7.700,179.806,-18.51,20.73,147.85,-17.85,-7.21,174.32,53.314,54.409,-14.1497,-14.8962,-35.67,121.71,-14.3277,-14.2198,,,0.19044,0
159.4974,53,9,1,0,22.33,129.67,capture,-9.24,130.72,31.59,0,178.696,7.630,179.815,-18.58,20.57,147.64,-18.38,-7.93,173.79,53.347,54.314,-15.3278,-13.6812,-9.24,130.72,-14.7777,-13.9774,,,0.18098,0
159.7080,54,70,7,7,335.00,648.33,dwell,223.49,146.83,513.75,0,178.794,7.813,179.779,-18.49,20.58,147.60,-17.81,-8.00,174.32,53.254,54.262,-16.3529,-2.1672,223.49,146.83,-16.3529,-2.1672,,,0.20452,0
159.8073,54,70,7,7,335.00,648.33,dwell,122.95,208.41,488.36,0,178.929,7.905,179.782,-18.43,20.70,147.60,-17.92,-7.72,173.64,53.652,54.335,-17.7533,-7.7062,122.95,208.41,-16.9831,-4.6598,,,0.22001,0
159.9076,54,70,7,7,335.00,648.33,dwell,147.52,143.60,538.43,0,178.916,7.983,179.797,-18.39,20.75,147.47,-18.31,-8.07,174.08,53.599,54.070,-16.0757,-5.7053,147.52,143.60,-16.5748,-5.1303,,,0.20434,0
159.9949,54,70,7,7,335.00,648.33,dwell,213.84,451.78,230.90,0,178.930,7.993,179.804,-18.39,20.69,147.90,-17.80,-7.92,174.14,54.140,54.081,-27.7445,-3.0246,213.84,451.78,-21.6011,-4.1827,,,0.23199,0
160.0916,54,70,7,7,335.00,648.33,dwell,216.70,364.16,307.81,0,178.948,7.915,179.794,-18.33,20.76,147.75,-17.72,-7.55,173.91,53.908,53.931,-24.0147,-2.6411,216.70,364.16,-22.6873,-3.4890,,,0.20468,0
160.1924,54,70,7,7,335.00,648.33,dwell,208.32,425.00,256.76,0,178.923,7.972,179.792,-18.43,20.81,147.82,-17.74,-7.53,174.14,54.105,53.872,-26.3873,-3.0313,208.32,425.00,-24.3523,-3.2831,,,0.24372,0
160.3052,54,70,7,7,335.00,648.33,dwell,277.01,506.79,152.96,0,178.945,8.115,179.807,-18.44,20.75,147.59,-17.82,-7.79,174.01,54.084,53.232,-28.1912,0.3215,277.01,506.79,-26.0798,-1.6610,,,0.21809,0
160.3979,54,70,7,7,335.00,648.33,dwell,291.89,505.52,149.18,0,178.789,8.302,179.807,-18.45,20.72,147.48,-18.11,-7.62,173.67,53.787,53.367,-28.9421,0.9532,291.89,505.52,-27.3678,-0.4846,,,0.22393,0
160.4799,54,70,7,7,335.00,648.33,capture,337.36,551.49,96.87,0,178.909,8.313,179.792,-18.59,20.64,147.36,-18.46,-9.13,173.07,54.249,53.879,-31.8896,2.2861,337.36,551.49,-29.4026,0.7622,,,0.23468,0
160.5745,54,70,7,7,335.00,648.33,capture,336.36,571.93,76.42,0,178.924,8.254,179.826,-18.60,20.79,147.47,-18.35,-8.26,173.82,54.132,53.852,-32.2331,2.5720,336.36,571.93,-30.6763,1.5766,,,0.22083,0
160.6828,54,70,7,7,335.00,648.33,capture,339.49,568.82,79.64,0,178.959,8.265,179.812,-18.56,20.92,147.58,-18.21,-7.52,174.07,54.031,54.298,-31.4443,2.9957,339.49,568.82,-31.0219,2.2152,,,0.21441,0
160.7941,54,70,7,7,335.00,648.33,capture,325.44,577.68,71.30,0,179.006,8.387,179.840,-18.57,20.90,147.67,-18.58,-6.68,174.48,54.016,54.252,-32.3584,2.1486,325.44,577.68,-31.6233,2.1852,,,0.22584,0
160.9109,54,70,7,7,335.00,648.33,capture,327.19,552.47,96.18,0,178.911,8.492,179.832,-18.55,20.80,147.58,-18.29,-7.61,173.87,54.225,54.287,-30.7782,2.6513,327.19,552.47,-31.2430,2.3949,,,0.23704,0
161.0240,54,70,7,7,335.00,648.33,capture,343.78,555.35,93.40,0,178.790,8.557,179.834,-18.46,20.85,147.36,-17.53,-8.25,173.68,54.419,54.340,-31.7217,2.9353,343.78,555.35,-31.4584,2.6381,,,0.23742,0
161.1300,54,70,7,7,335.00,648.33,capture,331.56,569.59,78.82,0,178.789,8.649,179.847,-18.44,20.77,147.45,-17.64,-7.97,173.67,54.517,54.252,-32.3523,2.1796,331.56,569.59,-31.8606,2.4318,,,0.23226,0
161.2323,54,70,7,7,335.00,648.33,capture,317.74,539.12,110.57,0,178.778,8.541,179.839,-18.43,20.71,147.59,-18.10,-7.19,173.75,54.313,54.253,-30.9084,1.7658,317.74,539.12,-31.4321,2.1321,,,0.24224,0
161.3241,54,70,7,7,335.00,648.33,capture,323.41,542.72,106.25,0,178.826,8.468,179.809,-18.44,20.76,147.60,-17.56,-8.24,174.09,54.391,54.532,-31.4002,2.1399,323.41,542.72,-31.4177,2.1356,,,0.22384,0
161.4326,54,70,7,7,335.00,648.33,capture,327.54,558.90,89.74,0,178.859,8.560,179.793,-18.45,20.86,147.77,-18.36,-7.35,173.67,54.361,54.384,-31.6836,2.5788,327.54,558.90,-31.5374,2.3350,,,0.25789,0
161.5362,54,70,7,7,335.00,648.33,capture,346.00,587.83,61.50,0,178.879,8.655,179.788,-18.58,20.91,147.59,-18.39,-7.51,174.06,54.310,54.597,-33.0240,3.0240,346.00,587.83,-32.2064,2.6451,,,0.21641,0
161.6435,54,70,7,7,335.00,648.33,capture,330.06,564.69,83.79,0,178.790,8.718,179.799,-18.54,20.88,147.65,-17.79,-7.87,173.36,54.191,54.103,-32.1558,2.7952,330.06,564.69,-32.1836,2.7126,,,0.20750,0
161.7526,54,70,7,7,335.00,648.33,capture,353.07,561.70,88.50,0,178.747,8.752,179.791,-18.40,20.85,147.79,-18.60,-7.32,174.05,53.846,54.156,-31.7314,3.9656,353.07,561.70,-31.9801,3.2765,,,0.21172,0
161.8466,54,70,7,7,335.00,648.33,capture,348.89,545.53,103.74,0,178.736,8.809,179.814,-18.46,20.82,147.56,-18.63,-7.99,173.72,53.716,53.819,-31.1353,3.5134,348.89,545.53,-31.5999,3.3831,,,0.20425,0
161.9455,54,70,7,7,335.00,648.33,capture,347.73,537.06,112.00,0,178.678,8.846,179.814,-18.44,20.68,147.42,-18.08,-7.42,173.54,53.362,53.345,-31.2179,2.6588,347.73,537.06,-31.4280,3.0571,,,0.22808,0
162.0313,54,70,7,7,335.00,648.33,capture,357.67,597.34,55.81,0,178.702,8.783,179.826,-18.56,20.62,147.40,-17.71,-8.44,173.72,52.949,53.111,-33.4148,3.8839,357.67,597.34,-32.3221,3.4292,,,0.18915,0
162.1305,54,70,7,7,335.00,648.33,capture,339.61,548.17,100.27,0,178.766,8.701,179.831,-18.41,20.63,147.49,-17.80,-7.87,174.14,53.123,53.401,-31.3609,3.0701,339.61,548.17,-31.8895,3.2676,,,0.19979,0
162.2454,54,70,7,7,335.00,648.33,capture,339.32,602.01,46.52,0,178.848,8.586,179.864,-18.51,20.58,147.52,-17.53,-8.23,173.80,53.544,53.706,-32.8459,2.8947,339.32,602.01,-32.3199,3.0998,,,0.19041,0
162.3570,54,70,7,7,335.00,648.33,capture,330.15,563.39,85.08,0,178.887,8.473,179.837,-18.54,20.57,147.82,-17.98,-8.23,173.98,53.192,53.765,-32.2825,2.0153,330.15,563.39,-32.3031,2.6117,,,0.16128,0
162.4687,54,70,7,7,335.00,648.33,capture,341.21,582.20,66.42,0,178.909,8.485,179.837,-18.58,20.45,147.88,-17.00,-7.49,174.20,53.071,53.698,-33.0075,3.0544,341.21,582.20,-32.6201,2.8110,,,0.19376,0
162.6620,55,52,5,7,335.00,475.44,dwell,181.93,484.21,153.32,0,178.892,8.295,179.815,-18.61,20.46,147.92,-17.73,-8.43,174.28,53.469,53.444,-30.0486,-4.7975,181.93,484.21,-30.0486,-4.7975,,,0.19858,0
162.7524,55,52,5,7,335.00,475.44,dwell,358.02,451.75,33.04,0,178.949,8.415,179.822,-18.50,20.39,148.06,-18.23,-8.53,174.63,53.664,53.482,-27.4962,3.6877,358.02,451.75,-28.9000,-0.9792,,,0.21682,0
162.8605,55,52,5,7,335.00,475.44,dwell,221.62,658.65,215.45,0,178.853,8.380,179.802,-18.56,20.53,148.07,-18.22,-8.55,175.11,53.437,53.837,-35.3657,-2.7771,221.62,658.65,-31.8096,-1.7882,,,0.22140,0
162.9588,55,52,5,7,335.00,475.44,dwell,166.65,484.68,168.60,0,178.837,8.232,179.809,-18.54,20.49,148.09,-18.07,-8.05,174.42,53.301,53.679,-28.0839,-5.6702,166.65,484.68,-30.1330,-3.5351,,,0.21212,0
163.0771,55,52,5,7,335.00,475.44,dwell,187.53,511.14,151.73,0,178.896,8.327,179.786,-18.52,20.57,148.01,-17.62,-7.99,174.10,53.219,53.725,-28.7210,-4.0571,187.53,511.14,-29.4976,-3.7700,,,0.17988,0
163.1811,55,52,5,7,335.00,475.44,dwell,164.13,558.65,190.05,0,178.846,8.284,179.768,-18.51,20.62,147.98,-18.18,-8.05,174.35,53.538,53.909,-32.1478,-5.0151,164.13,558.65,-30.6902,-4.3303,,,0.19705,0
163.2828,55,52,5,7,335.00,475.44,dwell,255.64,503.37,84.13,0,178.831,8.393,179.786,-18.42,20.82,147.75,-18.07,-7.40,173.95,53.523,54.310,-29.4812,-1.1027,255.64,503.37,-30.1461,-2.8779,,,0.23437,0
163.3846,55,52,5,7,335.00,475.44,dwell,203.98,464.38,131.49,0,178.895,8.274,179.804,-18.26,20.90,147.60,-17.79,-7.82,174.38,53.571,54.589,-26.8557,-3.1395,203.98,464.38,-28.6655,-2.9956,,,0.21565,0
163.4964,55,52,5,7,335.00,475.44,dwell,217.92,497.44,119.13,0,178.847,8.249,179.804,-18.23,20.90,147.36,-17.82,-7.37,173.05,53.434,54.599,-29.7054,-2.8687,217.92,497.44,-29.1334,-2.9385,,,0.19918,0
163.5878,55,52,5,7,335.00,475.44,capture,197.17,500.40,140.07,0,178.767,8.245,179.799,-18.16,20.72,147.22,-18.09,-7.56,173.42,53.264,54.389,-28.5318,-4.0012,197.17,500.40,-28.8627,-3.4167,,,0.19589,0
163.6847,55,52,5,7,335.00,475.44,capture,190.95,508.99,147.90,0,178.742,8.184,179.802,-18.17,20.57,147.51,-17.50,-7.85,174.06,53.676,54.370,-28.3779,-3.6698,190.95,508.99,-28.6445,-3.5306,,,0.20088,0
163.7755,55,52,5,7,335.00,475.44,capture,177.69,503.56,159.80,0,178.882,8.144,179.777,-18.33,20.67,147.48,-17.45,-7.93,173.52,53.786,54.500,-29.0472,-4.9785,177.69,503.56,-28.8257,-4.1822,,,0.22354,0
163.8886,55,52,5,7,335.00,475.44,capture,167.33,491.29,168.42,0,178.809,8.191,179.794,-18.38,20.86,147.47,-17.93,-7.30,173.06,53.524,54.799,-28.9741,-5.1903,167.33,491.29,-28.8925,-4.6358,,,0.20580,0
163.9885,55,52,5,7,335.00,475.44,capture,219.47,507.94,120.01,0,178.838,8.125,179.763,-18.30,20.79,147.29,-17.08,-8.47,173.34,53.797,54.483,-29.6239,-2.3522,219.47,507.94,-29.2217,-3.6082,,,0.22655,0
164.0733,55,52,5,7,335.00,475.44,capture,193.88,499.53,143.16,0,178.840,8.206,179.806,-18.30,20.69,147.29,-18.43,-8.41,173.39,53.727,54.362,-28.0295,-3.6031,193.88,499.53,-28.6852,-3.6059,,,0.18696,0
164.1757,55,52,5,7,335.00,475.44,capture,194.69,528.72,150.08,0,178.988,8.340,179.823,-18.12,20.56,147.37,-17.48,-7.86,173.75,53.688,54.262,-30.3684,-3.4843,194.69,528.72,-29.4426,-3.5512,,,0.22933,0
164.2681,55,52,5,7,335.00,475.44,capture,187.84,507.27,150.56,0,179.122,8.201,179.798,-18.28,20.61,147.12,-17.85,-7.83,172.80,54.111,54.182,-29.4843,-4.3726,187.84,507.27,-29.4614,-3.9208,,,0.23686,0
164.3652,55,52,5,7,335.00,475.44,capture,195.18,511.50,144.39,0,179.042,8.386,179.799,-18.13,20.61,147.40,-18.13,-8.27,173.67,53.913,54.085,-30.6506,-3.5537,195.18,511.50,-29.9965,-3.7556,,,0.22533,0
164.4724,55,52,5,7,335.00,475.44,capture,186.02,527.96,157.96,0,178.885,8.311,179.795,-18.16,20.59,147.43,-18.32,-8.73,173.46,53.657,54.320,-30.4359,-4.4415,186.02,527.96,-30.1943,-4.0643,,,0.19248,0
164.5683,55,52,5,7,335.00,475.44,capture,177.14,542.95,171.69,0,178.829,8.344,179.811,-18.25,20.70,147.14,-17.63,-7.71,172.75,53.987,54.577,-30.8744,-4.9179,177.14,542.95,-30.5003,-4.4484,,,0.20799,0
164.6588,55,52,5,7,335.00,475.44,capture,205.01,498.13,131.95,0,178.728,8.392,179.816,-18.26,20.80,147.14,-18.74,-7.82,173.19,53.997,54.417,-29.1877,-3.2072,205.01,498.13,-29.9096,-3.8899,,,0.22875,0
164.7589,55,52,5,7,335.00,475.44,capture,175.47,505.77,162.39,0,178.737,8.288,179.815,-18.28,20.82,147.01,-17.84,-8.16,173.38,53.820,54.159,-29.9142,-4.8890,175.47,505.77,-29.9117,-4.3395,,,0.22160,0
164.8533,55,52,5,7,335.00,475.44,capture,199.14,520.02,142.99,0,178.739,8.294,179.796,-18.26,20.90,147.21,-17.51,-8.22,173.05,54.034,54.117,-30.6159,-3.3186,199.14,520.02,-30.2286,-3.8801,,,0.24642,0
164.9672,55,52,5,7,335.00,475.44,capture,209.48,559.66,151.15,0,178.794,8.137,179.803,-18.21,20.83,147.39,-18.28,-8.03,173.22,53.967,54.343,-32.0744,-2.9609,209.48,559.66,-31.0592,-3.4664,,,0.22050,0
165.0767,55,52,5,7,335.00,475.44,capture,203.05,530.76,143.08,0,178.721,8.340,179.787,-18.12,20.83,147.31,-17.65,-7.97,173.99,54.308,54.369,-30.9409,-3.4281,203.05,530.76,-31.0060,-3.4492,,,0.21676,0
165.1898,55,52,5,7,335.00,475.44,capture,201.01,526.14,143.26,0,178.757,8.487,179.813,-18.14,20.82,147.42,-17.11,-7.11,173.86,54.228,54.506,-30.2675,-3.2541,201.01,526.14,-30.6737,-3.3614,,,0.21271,0
165.2847,55,52,5,7,335.00,475.44,capture,211.23,531.70,135.95,0,178.797,8.496,179.816,-18.26,20.72,147.50,-18.16,-7.98,173.97,54.452,54.182,-31.1873,-3.1802,211.23,531.70,-30.9048,-3.2799,,,0.23512,0
165.3861,55,52,5,7,335.00,475.44,capture,216.41,531.49,131.17,0,178.741,8.683,179.815,-18.21,20.72,147.49,-17.42,-7.82,173.99,53.964,54.442,-30.7850,-3.3207,216.41,531.49,-30.8509,-3.2983,,,0.21318,0
165.4897,55,52,5,7,335.00,475.44,capture,217.23,517.02,124.89,0,178.805,8.699,179.826,-18.28,20.96,147.36,-17.74,-8.33,173.25,54.169,54.699,-30.7045,-2.4085,217.23,517.02,-30.7850,-2.8979,,,0.24412,0
165.7014,56,29,3,2,111.67,302.56,dwell,175.70,585.03,289.64,0,178.749,8.619,179.844,-18.15,20.98,147.76,-17.89,-7.46,174.11,53.949,54.511,-32.5562,-5.0193,175.70,585.03,-32.5562,-5.0193,,,0.21628,0
165.8210,56,29,3,2,111.67,302.56,dwell,211.83,482.54,205.98,0,178.879,8.622,179.838,-18.19,20.91,147.81,-17.93,-7.73,174.08,54.181,54.504,-27.7593,-2.4810,211.83,482.54,-30.3976,-3.8771,,,0.23670,0
165.9277,56,29,3,2,111.67,302.56,dwell,247.05,257.01,142.84,0,178.919,8.525,179.821,-18.21,20.91,147.68,-17.87,-7.55,174.25,54.393,54.331,-19.4469,-1.5062,247.05,257.01,-25.4698,-2.8102,,,0.22641,0
166.0097,56,29,3,2,111.67,302.56,dwell,194.58,487.11,202.32,0,178.929,8.546,179.816,-18.20,20.90,147.59,-17.70,-7.31,173.92,54.268,53.720,-28.7231,-3.8898,194.58,487.11,-26.9338,-3.2960,,,0.22789,0
166.1118,56,29,3,2,111.67,302.56,dwell,184.46,448.94,163.48,0,178.893,8.471,179.802,-18.20,20.99,147.39,-18.02,-7.71,174.20,54.248,53.996,-26.6557,-3.8766,184.46,448.94,-26.8086,-3.5573,,,0.23921,0
166.2289,56,29,3,2,111.67,302.56,dwell,148.79,398.31,102.70,0,178.883,8.363,179.774,-18.28,21.01,147.46,-18.39,-8.83,173.89,54.702,53.720,-25.0023,-5.6953,148.79,398.31,-25.9958,-4.5194,,,0.26011,0
166.3370,56,29,3,2,111.67,302.56,dwell,132.27,403.54,103.06,0,178.758,8.457,179.786,-18.26,20.88,147.38,-17.75,-7.99,173.79,54.249,53.820,-24.3490,-6.3888,132.27,403.54,-25.2547,-5.3606,,,0.23438,0
166.4228,56,29,3,2,111.67,302.56,dwell,231.85,355.64,131.38,0,178.799,8.467,179.816,-18.30,20.90,147.33,-17.50,-7.21,173.76,54.372,53.741,-24.0808,-2.3608,231.85,355.64,-24.7265,-4.0107,,,0.22016,0
166.5342,56,29,3,2,111.67,302.56,dwell,204.41,419.39,149.17,0,178.859,8.145,179.799,-18.37,20.99,147.38,-17.64,-7.26,173.65,54.282,54.119,-26.3604,-2.9189,204.41,419.39,-25.4617,-3.5194,,,0.25528,0
166.6284,56,29,3,2,111.67,302.56,dwell,169.70,379.99,96.77,0,178.727,8.032,179.793,-18.38,20.94,147.21,-17.97,-8.34,173.69,54.117,54.662,-24.6033,-5.5154,169.70,379.99,-25.0754,-4.4176,,,0.22892,0
166.7205,56,29,3,2,111.67,302.56,dwell,171.97,409.17,122.49,0,178.799,8.141,179.808,-18.36,20.96,147.08,-17.56,-7.90,173.76,54.277,54.669,-25.7186,-4.8790,171.97,409.17,-25.3649,-4.6252,,,0.24258,0
166.8215,56,29,3,2,111.67,302.56,capture,196.41,371.80,109.44,0,178.829,8.100,179.832,-18.41,20.99,147.24,-17.82,-6.77,173.53,54.056,54.491,-24.6994,-3.8428,196.41,371.80,-25.0654,-4.2732,,,0.22256,0
166.9229,56,29,3,2,111.67,302.56,capture,180.58,406.25,124.51,0,178.910,8.251,179.831,-18.37,20.91,147.50,-17.93,-7.98,173.85,53.762,54.333,-25.5187,-4.6955,180.58,406.25,-25.2694,-4.4632,,,0.22601,0
167.0214,56,29,3,2,111.67,302.56,capture,169.07,390.88,105.34,0,178.983,8.064,179.855,-18.26,20.82,147.63,-18.60,-7.68,173.89,53.738,54.251,-25.5795,-5.2382,169.07,390.88,-25.4090,-4.8119,,,0.22817,0
167.1177,56,29,3,2,111.67,302.56,capture,169.37,409.58,121.59,0,179.050,8.081,179.848,-18.32,20.70,147.70,-17.77,-8.06,174.01,54.139,54.206,-25.8648,-5.6428,169.37,409.58,-25.6141,-5.1858,,,0.20951,0
167.2078,56,29,3,2,111.67,302.56,capture,181.19,369.88,96.78,0,179.027,8.107,179.882,-18.24,20.71,147.78,-17.39,-8.00,174.37,54.376,54.198,-24.3585,-4.1821,181.19,369.88,-25.0491,-4.7342,,,0.23381,0
167.3036,56,29,3,2,111.67,302.56,capture,180.62,389.11,110.66,0,178.874,8.001,179.898,-18.29,20.64,147.64,-17.64,-8.31,174.03,54.115,54.158,-25.1951,-5.1168,180.62,389.11,-25.1148,-4.9064,,,0.24257,0
167.3901,56,29,3,2,111.67,302.56,capture,170.12,384.07,100.31,0,178.905,8.180,179.894,-18.32,20.70,147.62,-17.80,-7.65,173.71,54.060,53.814,-24.4198,-5.3950,170.12,384.07,-24.8021,-5.1263,,,0.22284,0
167.4721,56,29,3,2,111.67,302.56,capture,203.15,384.34,122.71,0,179.069,8.282,179.865,-18.33,20.59,147.49,-18.27,-8.15,173.41,53.980,53.554,-25.0844,-3.1886,203.15,384.34,-24.9291,-4.2543,,,0.20945,0
167.5783,56,29,3,2,111.67,302.56,capture,189.03,388.97,115.99,0,179.108,8.137,179.820,-18.31,20.61,147.56,-17.76,-7.60,174.01,53.801,53.239,-25.1902,-4.1498,189.03,388.97,-25.0466,-4.2073,,,0.22189,0
167.6660,56,29,3,2,111.67,302.56,capture,206.12,401.27,136.62,0,179.208,7.966,179.803,-18.23,20.68,147.50,-17.57,-7.98,173.63,53.854,53.392,-25.3761,-3.7513,206.12,401.27,-25.1949,-4.0021,,,0.20639,0
167.7703,56,29,3,2,111.67,302.56,capture,184.03,403.68,124.35,0,179.107,7.884,179.780,-18.09,20.63,147.55,-17.40,-8.07,173.83,53.933,53.687,-26.5743,-4.5490,184.03,403.68,-25.8156,-4.2482,,,0.21317,0
167.8523,56,29,3,2,111.67,302.56,capture,185.88,389.38,114.22,0,179.094,7.794,179.759,-18.27,20.78,147.80,-17.31,-7.34,173.95,53.833,53.763,-24.5761,-4.2311,185.88,389.38,-25.2578,-4.2405,,,0.22631,0
167.9383,56,29,3,2,111.67,302.56,capture,199.51,414.61,142.38,0,179.162,7.801,179.756,-18.19,20.72,147.73,-16.93,-8.08,173.79,54.006,53.785,-25.8691,-3.1334,199.51,414.61,-25.5329,-3.7423,,,0.21830,0
168.0592,56,29,3,2,111.67,302.56,capture,182.01,387.33,110.16,0,179.153,7.829,179.765,-18.03,20.83,147.51,-17.37,-8.11,173.97,53.902,53.890,-25.1929,-4.6600,182.01,387.33,-25.3799,-4.1553,,,0.22791,0
168.1690,56,29,3,2,111.67,302.56,capture,188.38,351.57,91.03,0,179.064,7.847,179.758,-18.18,20.97,147.66,-17.25,-7.46,174.37,53.637,53.892,-24.0093,-3.7832,188.38,351.57,-24.7631,-3.9879,,,0.21879,0
168.2735,56,29,3,2,111.67,302.56,capture,185.30,391.15,115.20,0,179.090,7.778,179.814,-18.33,21.19,147.58,-17.54,-7.30,174.57,53.975,53.902,-25.7867,-4.1917,185.30,391.15,-25.2237,-4.0796,,,0.22683,0
168.3716,56,29,3,2,111.67,302.56,capture,187.66,387.20,113.75,0,179.139,7.782,179.844,-18.27,21.23,147.65,-17.87,-7.16,174.04,53.846,54.390,-24.0646,-4.0207,187.66,387.20,-24.7021,-4.0531,,,0.22314,0
168.4719,56,29,3,2,111.67,302.56,capture,198.54,382.67,118.17,0,179.087,7.826,179.821,-18.13,21.19,147.52,-17.83,-7.17,173.97,53.676,54.602,-25.5671,-3.5948,198.54,382.67,-25.0914,-3.8469,,,0.23333,0
168.5915,56,29,3,2,111.67,302.56,capture,184.64,414.67,133.77,0,178.925,7.911,179.846,-17.99,20.93,147.50,-17.49,-8.13,173.63,53.866,54.980,-25.6275,-3.7270,184.64,414.67,-25.3326,-3.7929,,,0.21798,0
168.6989,56,29,3,2,111.67,302.56,capture,187.55,388.65,114.76,0,179.061,7.909,179.810,-18.02,21.02,147.68,-17.89,-8.67,173.54,53.876,54.840,-24.9282,-4.6503,187.55,388.65,-25.1506,-4.1788,,,0.21370,0
168.7959,56,29,3,2,111.67,302.56,capture,184.64,400.37,122.04,0,179.080,7.900,179.811,-17.98,20.94,147.61,-17.35,-7.19,174.39,53.762,55.066,-26.5645,-4.3296,184.64,400.37,-25.7869,-4.2467,,,0.23238,0
168.9615,57,73,8,1,67.00,734.78,dwell,37.01,498.31,238.36,0,179.029,7.936,179.818,-18.08,20.95,147.69,-16.65,-7.87,173.98,53.645,54.681,-29.0544,-10.9611,37.01,498.31,-29.0544,-10.9611,,,0.19121,0
169.0702,57,73,8,1,67.00,734.78,dwell,208.96,626.22,178.71,0,178.949,7.933,179.830,-18.25,20.93,147.79,-17.85,-8.35,174.24,53.895,54.542,-33.3257,-2.9820,208.96,626.22,-30.9765,-7.3705,,,0.22879,0
169.1768,57,73,8,1,67.00,734.78,dwell,187.86,523.72,243.21,0,178.984,8.082,179.822,-18.30,20.86,147.50,-17.99,-7.85,173.78,53.705,54.465,-30.5964,-4.0581,187.86,523.72,-30.8055,-5.8799,,,0.22299,0
169.2868,57,73,8,1,67.00,734.78,dwell,147.08,533.32,216.79,0,178.913,8.063,179.801,-18.27,20.73,147.68,-18.14,-7.97,174.06,53.942,54.381,-31.1427,-6.6120,147.08,533.32,-30.9572,-6.2094,,,0.21527,0
169.3755,57,73,8,1,67.00,734.78,dwell,178.74,455.29,301.00,0,178.975,8.271,179.819,-18.33,20.80,147.62,-17.23,-7.23,174.40,53.584,53.995,-26.8330,-4.4336,178.74,455.29,-29.1013,-5.4103,,,0.23914,0
169.5074,57,73,8,1,67.00,734.78,dwell,160.80,494.25,258.17,0,178.985,8.434,179.849,-18.33,20.75,147.51,-16.86,-8.01,174.59,53.593,53.717,-29.4062,-5.5702,160.80,494.25,-29.2385,-5.4822,,,0.19728,0
169.6074,57,73,8,1,67.00,734.78,dwell,214.02,519.00,261.10,0,179.105,8.474,179.856,-18.28,20.56,147.84,-18.02,-8.51,174.00,54.151,53.605,-30.1436,-3.2089,214.02,519.00,-29.6458,-4.4592,,,0.25238,0
169.7039,57,73,8,1,67.00,734.78,dwell,163.09,570.35,190.45,0,179.100,8.629,179.826,-18.16,20.63,147.91,-17.89,-7.64,174.96,53.891,53.510,-32.7340,-5.6510,163.09,570.35,-31.0355,-4.9955,,,0.23476,0
169.8137,57,73,8,1,67.00,734.78,capture,188.16,568.98,205.35,0,179.018,8.544,179.827,-18.19,20.58,147.89,-17.88,-8.36,174.54,53.514,53.644,-31.7524,-4.1686,188.16,568.98,-31.3581,-4.6234,,,0.20998,0
169.8975,57,73,8,1,67.00,734.78,capture,164.37,603.25,163.65,0,178.846,8.597,179.822,-18.36,20.77,147.95,-17.72,-7.14,173.97,53.510,53.674,-33.1244,-5.6836,164.37,603.25,-32.1529,-5.1005,,,0.19209,0
170.0018,57,73,8,1,67.00,734.78,capture,180.16,581.60,190.44,0,178.762,8.718,179.816,-18.39,20.69,147.95,-18.15,-8.40,173.61,53.174,53.667,-31.7977,-4.3440,180.16,581.60,-31.9931,-4.7601,,,0.19705,0
170.1054,57,73,8,1,67.00,734.78,capture,168.13,571.99,191.64,0,178.851,8.944,179.822,-18.47,20.67,148.00,-17.67,-8.08,174.11,53.141,53.718,-31.4326,-4.2555,168.13,571.99,-31.7409,-4.5330,,,0.19702,0
170.1976,57,73,8,1,67.00,734.78,capture,184.86,577.77,196.32,0,178.855,9.032,179.836,-18.66,20.47,147.85,-18.57,-7.99,173.73,53.209,54.066,-32.5838,-4.1807,184.86,577.77,-32.1202,-4.3745,,,0.20875,0
170.2995,57,73,8,1,67.00,734.78,capture,167.10,573.42,189.89,0,178.861,9.012,179.824,-18.51,20.62,147.91,-18.18,-7.93,174.42,53.007,54.342,-33.0130,-5.1247,167.10,573.42,-32.5220,-4.7121,,,0.18775,0
170.3977,57,73,8,1,67.00,734.78,capture,171.45,567.94,196.84,0,178.904,9.023,179.847,-18.49,20.63,147.75,-17.61,-8.45,173.91,53.347,54.652,-32.3073,-4.9073,171.45,567.94,-32.4253,-4.7999,,,0.22336,0
170.4991,57,73,8,1,67.00,734.78,capture,169.72,576.59,188.61,0,178.855,9.123,179.837,-18.49,20.68,147.77,-17.39,-8.10,174.26,53.402,54.256,-32.6162,-5.1656,169.72,576.59,-32.5112,-4.9645,,,0.19131,0
170.5909,57,73,8,1,67.00,734.78,capture,186.46,585.53,191.17,0,178.964,9.194,179.832,-18.39,20.75,147.99,-17.90,-7.54,174.05,53.594,54.088,-31.8098,-4.6892,186.46,585.53,-32.1956,-4.8406,,,0.20130,0
170.6948,57,73,8,1,67.00,734.78,capture,174.12,584.22,184.78,0,178.944,9.194,179.795,-18.41,20.67,147.89,-17.89,-8.19,174.09,53.301,54.149,-32.2042,-4.1869,174.12,584.22,-32.1995,-4.5465,,,0.20009,0
170.7924,57,73,8,1,67.00,734.78,capture,180.42,580.83,191.22,0,178.941,9.257,179.798,-18.37,20.56,147.58,-17.88,-8.56,173.76,53.387,53.797,-33.2808,-4.0539,180.42,580.83,-32.6861,-4.3248,,,0.22007,0
170.8892,57,73,8,1,67.00,734.78,capture,193.16,555.89,218.90,0,178.954,9.159,179.800,-18.24,20.69,147.46,-17.50,-7.37,173.75,53.627,53.729,-31.5532,-3.8327,193.16,555.89,-32.1763,-4.1034,,,0.19276,0
170.9849,57,73,8,1,67.00,734.78,capture,175.29,578.64,190.02,0,179.079,9.000,179.772,-18.34,20.45,147.27,-17.71,-7.88,173.44,53.744,53.748,-32.7630,-4.3117,175.29,578.64,-32.4403,-4.1971,,,0.20704,0
171.0921,57,73,8,1,67.00,734.78,capture,165.50,568.19,193.53,0,179.082,8.875,179.777,-18.47,20.45,147.27,-17.91,-8.10,173.57,53.381,54.393,-32.2851,-4.3058,165.50,568.19,-32.3705,-4.2460,,,0.21408,0
171.2090,57,73,8,1,67.00,734.78,capture,166.83,571.54,191.34,0,179.210,8.789,179.770,-18.58,20.46,147.35,-18.50,-8.53,173.68,53.867,54.278,-32.4331,-4.6775,166.83,571.54,-32.3987,-4.4402,,,0.22091,0
171.3012,57,73,8,1,67.00,734.78,capture,170.47,572.09,192.80,0,179.274,8.715,179.791,-18.56,20.40,147.44,-18.69,-8.01,173.97,54.029,54.270,-32.2916,-5.0008,170.47,572.09,-32.3505,-4.6925,,,0.21220,0
171.3928,57,73,8,1,67.00,734.78,capture,146.01,522.08,226.90,0,179.252,8.691,179.790,-18.64,20.44,147.50,-17.88,-7.66,173.88,54.258,54.082,-31.4916,-5.8548,146.01,522.08,-31.9640,-5.2155,,,0.22419,0
171.4997,57,73,8,1,67.00,734.78,capture,158.35,577.20,182.14,0,179.072,8.680,179.758,-18.56,20.26,147.51,-18.27,-8.76,174.56,54.011,54.458,-32.0195,-5.1423,158.35,577.20,-31.9889,-5.1826,,,0.23917,0
171.6123,57,73,8,1,67.00,734.78,capture,173.00,588.84,180.37,0,179.014,8.669,179.756,-18.51,20.31,147.29,-18.26,-8.54,173.63,54.090,54.181,-32.1874,-4.5388,173.00,588.84,-32.0783,-4.8929,,,0.24677,0
171.7265,57,73,8,1,67.00,734.78,capture,173.03,575.60,191.26,0,179.038,8.679,179.763,-18.32,20.38,147.28,-17.56,-8.05,173.31,54.297,54.299,-32.1145,-4.2582,173.03,575.60,-32.0946,-4.6072,,,0.26236,0
171.9446,58,27,3,0,22.33,302.56,dwell,286.69,362.98,271.17,0,178.935,8.765,179.755,-18.26,20.35,147.04,-17.32,-8.04,172.80,54.610,54.535,-23.5128,0.3123,286.69,362.98,-23.5128,0.3123,,,0.23097,0
172.0503,58,27,3,0,22.33,302.56,dwell,193.61,427.96,212.28,0,179.034,8.637,179.794,-18.32,20.24,147.17,-17.77,-8.54,173.66,54.026,54.729,-26.0303,-4.4838,193.61,427.96,-24.6457,-1.8459,,,0.21428,0
172.1581,58,27,3,0,22.33,302.56,dwell,197.16,341.44,179.10,0,179.068,8.540,179.817,-18.32,20.10,147.24,-17.29,-7.48,173.47,53.972,54.621,-23.4072,-3.6625,197.16,341.44,-24.0884,-2.6634,,,0.22376,0
172.2401,58,27,3,0,22.33,302.56,dwell,206.83,385.55,202.30,0,179.021,8.514,179.803,-18.29,20.27,147.26,-17.13,-8.20,173.69,53.900,54.362,-24.6146,-3.1362,206.83,385.55,-24.3252,-2.8761,,,0.21507,0
172.3319,58,27,3,0,22.33,302.56,dwell,111.89,364.53,108.91,0,178.993,8.498,179.786,-18.24,20.37,147.41,-18.11,-8.09,173.74,53.568,54.833,-23.7007,-6.3424,111.89,364.53,-24.0442,-4.4359,,,0.18688,0
172.4244,58,27,3,0,22.33,302.56,dwell,109.92,451.22,172.55,0,179.109,8.441,179.779,-18.28,20.30,147.34,-17.77,-8.06,173.12,53.566,54.365,-27.6546,-7.0453,109.92,451.22,-25.6689,-5.6102,,,0.19849,0
172.5414,58,27,3,0,22.33,302.56,dwell,85.12,436.32,147.77,0,179.019,8.350,179.794,-18.32,20.45,147.20,-17.95,-8.08,173.67,54.069,54.489,-27.1553,-8.8565,85.12,436.32,-26.3378,-7.0710,,,0.24555,0
172.6316,58,27,3,0,22.33,302.56,dwell,132.48,426.26,165.64,0,179.011,8.291,179.798,-18.30,20.46,147.25,-17.42,-8.23,173.71,54.209,54.833,-28.0600,-6.4026,132.48,426.26,-27.1127,-6.7702,,,0.20741,0
172.7215,58,27,3,0,22.33,302.56,dwell,125.50,336.89,108.73,0,178.913,8.120,179.826,-18.34,20.55,147.28,-18.18,-8.02,174.08,54.328,54.515,-22.7682,-6.9405,125.50,336.89,-25.1577,-6.8468,,,0.23016,0
172.8251,58,27,3,0,22.33,302.56,dwell,122.09,304.58,99.78,0,178.946,7.990,179.829,-18.45,20.67,147.40,-18.14,-7.83,173.86,53.714,54.378,-21.9127,-7.3426,122.09,304.58,-23.6974,-7.0699,,,0.19537,0
172.9255,58,27,3,0,22.33,302.56,dwell,111.72,222.89,119.74,0,178.942,7.973,179.803,-18.36,20.71,147.50,-18.08,-8.23,173.90,53.321,54.571,-18.8047,-8.5169,111.72,222.89,-21.4957,-7.7211,,,0.22594,0
173.0515,58,27,3,0,22.33,302.56,capture,126.26,236.45,123.17,0,178.946,7.907,179.780,-18.43,20.42,147.60,-18.02,-7.49,173.70,53.275,54.441,-18.3961,-6.9156,126.26,236.45,-20.1009,-7.3586,,,0.20439,0
173.1587,58,27,3,0,22.33,302.56,capture,78.75,250.91,76.49,0,178.986,7.836,179.770,-18.45,20.56,147.78,-18.56,-8.04,174.23,53.401,54.540,-19.4835,-8.8227,78.75,250.91,-19.8231,-8.0175,,,0.21414,0
173.2601,58,27,3,0,22.33,302.56,capture,88.53,262.26,77.50,0,178.977,7.879,179.759,-18.49,20.49,147.72,-17.80,-7.53,173.88,53.486,54.760,-20.1242,-9.2199,88.53,262.26,-19.9586,-8.5586,,,0.20015,0
173.3587,58,27,3,0,22.33,302.56,capture,113.61,256.68,102.16,0,178.997,7.920,179.754,-18.42,20.53,147.64,-18.20,-8.69,174.58,53.503,54.597,-19.9085,-7.6719,113.61,256.68,-19.9360,-8.1596,,,0.23815,0
173.4624,58,27,3,0,22.33,302.56,capture,103.31,252.18,95.37,0,178.966,7.901,179.748,-18.48,20.42,147.43,-18.13,-8.09,173.54,52.800,54.157,-19.2709,-7.9010,103.31,252.18,-19.6367,-8.0432,,,0.17341,0
173.5802,58,27,3,0,22.33,302.56,capture,115.79,242.49,111.09,0,178.882,7.983,179.773,-18.48,20.32,147.62,-18.47,-7.22,174.25,52.987,54.251,-19.1360,-7.5754,115.79,242.49,-19.4114,-7.8327,,,0.20141,0
173.6831,58,27,3,0,22.33,302.56,capture,127.32,232.57,126.18,0,178.846,7.968,179.785,-18.50,20.51,147.41,-17.53,-8.13,173.48,53.114,54.509,-18.8574,-6.6275,127.32,232.57,-19.1621,-7.2904,,,0.19720,0
173.7783,58,27,3,0,22.33,302.56,capture,118.06,273.36,100.08,0,178.995,8.027,179.836,-18.43,20.58,147.31,-18.37,-8.69,173.34,52.960,54.495,-20.5669,-6.9327,118.06,273.36,-19.7943,-7.1294,,,0.18203,0
173.8746,58,27,3,0,22.33,302.56,capture,90.76,236.69,94.98,0,179.012,8.056,179.849,-18.41,20.62,147.24,-17.29,-8.04,173.64,52.924,55.119,-19.0598,-8.6574,90.76,236.69,-19.4638,-7.8170,,,0.18313,0
173.9778,58,27,3,0,22.33,302.56,capture,113.69,252.71,104.07,0,179.064,8.074,179.803,-18.43,20.74,147.46,-18.04,-7.67,174.25,53.198,54.708,-19.4325,-7.9687,113.69,252.71,-19.4497,-7.8853,,,0.18625,0
174.0972,58,27,3,0,22.33,302.56,capture,104.45,250.78,97.08,0,178.986,8.015,179.804,-18.30,20.74,147.41,-17.69,-7.79,173.78,53.482,54.410,-20.5269,-8.1130,104.45,250.78,-19.9344,-7.9877,,,0.19874,0
174.1874,58,27,3,0,22.33,302.56,capture,100.15,244.58,97.04,0,178.943,7.950,179.806,-18.29,20.64,147.15,-17.61,-6.96,173.91,53.584,54.281,-19.7694,-8.0405,100.15,244.58,-19.8602,-8.0115,,,0.20319,0
174.3124,58,27,3,0,22.33,302.56,capture,127.46,269.67,110.15,0,179.000,8.041,179.801,-18.25,20.59,147.12,-17.61,-8.22,173.01,53.731,54.215,-20.0277,-7.1870,127.46,269.67,-19.9356,-7.6405,,,0.19299,0
174.4195,58,27,3,0,22.33,302.56,capture,137.12,245.20,128.32,0,178.928,7.842,179.795,-18.22,20.65,147.15,-17.61,-7.83,173.39,53.272,54.351,-19.6412,-6.5325,137.12,245.20,-19.8031,-7.1419,,,0.22014,0
174.5119,58,27,3,0,22.33,302.56,capture,106.76,241.86,103.98,0,178.874,7.814,179.791,-18.26,20.53,147.31,-18.07,-8.35,173.50,53.642,54.170,-19.5701,-7.4974,106.76,241.86,-19.6982,-7.3018,,,0.22978,0
174.5995,58,27,3,0,22.33,302.56,capture,104.00,285.10,83.51,0,178.878,7.914,179.786,-18.23,20.52,147.59,-17.26,-7.59,173.35,53.665,54.128,-21.4285,-8.4075,104.00,285.10,-20.4768,-7.7994,,,0.21831,0
174.7099,58,27,3,0,22.33,302.56,capture,94.11,258.69,84.12,0,178.865,7.857,179.797,-18.29,20.57,147.86,-17.68,-7.28,174.59,53.539,54.069,-20.4034,-7.9870,94.11,258.69,-20.4438,-7.8838,,,0.21657,0
174.8218,58,27,3,0,22.33,302.56,capture,97.79,236.83,100.07,0,178.912,8.012,179.808,-18.29,20.80,147.89,-17.75,-8.33,174.21,53.446,54.264,-19.4961,-7.5647,97.79,236.83,-20.0173,-7.7402,,,0.18342,0
174.9325,58,27,3,0,22.33,302.56,capture,80.30,259.97,71.93,0,178.889,7.827,179.821,-18.27,20.86,148.01,-17.73,-7.45,174.38,53.352,54.486,-20.6416,-9.6270,80.30,259.97,-20.2983,-8.5893,,,0.20875,0
175.0402,58,27,3,0,22.33,302.56,capture,104.57,251.62,96.73,0,178.946,7.801,179.817,-18.18,20.83,148.08,-17.73,-7.56,173.82,53.260,54.590,-19.2636,-8.5086,104.57,251.62,-19.8327,-8.5530,,,0.20845,0
175.1970,59,26,2,8,379.67,216.11,dwell,226.75,58.38,219.69,0,178.852,7.748,179.798,-18.16,21.03,147.97,-17.85,-7.17,174.36,52.936,54.391,-11.8500,-2.8426,226.75,58.38,-11.8500,-2.8426,,,0.21656,0
175.3036,59,26,2,8,379.67,216.11,dwell,170.44,132.61,225.27,0,178.837,7.660,179.753,-18.16,21.09,147.99,-17.61,-8.29,174.43,52.900,54.035,-13.9854,-5.4427,170.44,132.61,-12.8109,-4.0127,,,0.16913,0
175.4010,59,26,2,8,379.67,216.11,dwell,265.03,130.44,143.11,0,178.865,7.615,179.739,-18.19,20.84,148.12,-17.77,-7.79,174.37,53.114,54.120,-14.4093,-0.8807,265.03,130.44,-13.5302,-2.6033,,,0.19837,0
175.5010,59,26,2,8,379.67,216.11,dwell,204.42,298.47,193.63,0,178.832,7.439,179.749,-18.13,20.79,148.05,-17.62,-7.14,174.66,53.661,53.978,-22.1531,-2.9281,204.42,298.47,-17.4105,-2.7494,,,0.22053,0
175.5911,59,26,2,8,379.67,216.11,dwell,228.10,278.52,163.91,0,179.011,7.508,179.738,-18.09,20.69,147.93,-18.08,-7.77,174.81,53.845,54.279,-19.3019,-2.2426,228.10,278.52,-18.2616,-2.5214,,,0.21493,0
175.6957,59,26,2,8,379.67,216.11,dwell,222.84,209.02,156.99,0,179.146,7.532,179.738,-18.07,20.82,147.72,-17.67,-8.63,173.46,53.431,53.990,-17.2690,-2.2451,222.84,209.02,-17.8150,-2.3971,,,0.21688,0
175.8029,59,26,2,8,379.67,216.11,dwell,243.14,191.52,138.72,0,179.178,7.454,179.762,-18.04,20.71,147.79,-17.57,-7.58,173.87,53.339,54.002,-16.8801,-1.1691,243.14,191.52,-17.3943,-1.8445,,,0.21060,0
175.9025,59,26,2,8,379.67,216.11,dwell,293.05,176.20,95.37,0,179.050,7.474,179.749,-18.01,20.66,147.99,-17.68,-7.32,174.60,53.560,54.040,-17.0100,0.4794,293.05,176.20,-17.2213,-0.7988,,,0.21524,0
176.0040,59,26,2,8,379.67,216.11,dwell,254.12,245.97,129.05,0,179.101,7.541,179.760,-18.06,20.74,147.85,-17.63,-8.14,174.36,53.892,54.326,-19.5258,-0.6646,254.12,245.97,-18.2583,-0.7384,,,0.23828,0
176.0860,59,26,2,8,379.67,216.11,capture,290.11,210.21,89.75,0,179.020,7.660,179.793,-18.02,20.84,147.99,-18.46,-7.85,174.50,53.588,54.237,-18.6708,0.5295,290.11,210.21,-18.4440,-0.1678,,,0.19755,0
176.1887,59,26,2,8,379.67,216.11,capture,292.59,182.46,93.35,0,178.912,7.728,179.821,-17.92,20.86,147.75,-17.58,-7.83,174.17,53.669,54.332,-17.0925,0.7505,292.59,182.46,-17.8358,0.2454,,,0.20504,0
176.2777,59,26,2,8,379.67,216.11,capture,278.51,205.93,101.67,0,178.919,7.768,179.840,-17.88,21.07,147.72,-17.83,-7.30,173.59,53.582,54.438,-16.8679,-0.4670,278.51,205.93,-17.4002,-0.0752,,,0.17033,0
176.3787,59,26,2,8,379.67,216.11,capture,283.21,232.77,97.88,0,178.939,7.802,179.831,-18.00,21.12,147.54,-18.05,-8.19,174.00,53.553,54.551,-18.6147,0.6203,283.21,232.77,-17.9467,0.2378,,,0.23058,0
176.4621,59,26,2,8,379.67,216.11,capture,297.93,221.15,81.89,0,178.894,7.784,179.831,-18.03,20.95,147.52,-17.64,-7.13,173.48,53.908,54.269,-18.8779,1.1863,297.93,221.15,-18.3658,0.6646,,,0.22705,0
176.5778,59,26,2,8,379.67,216.11,capture,311.19,206.77,69.11,0,178.822,7.826,179.866,-18.02,20.89,147.65,-17.91,-8.03,173.88,53.915,54.384,-16.6470,1.6748,311.19,206.77,-17.5923,1.1192,,,0.20961,0
176.6753,59,26,2,8,379.67,216.11,capture,281.13,188.59,102.31,0,178.799,7.833,179.891,-18.04,20.97,147.27,-17.21,-7.87,173.10,53.931,54.220,-17.3980,0.5780,281.13,188.59,-17.5049,0.8757,,,0.23210,0
176.7615,59,26,2,8,379.67,216.11,capture,279.02,199.21,102.06,0,178.802,7.871,179.883,-18.04,21.00,147.52,-17.83,-7.64,174.29,54.475,53.893,-18.3520,0.2767,279.02,199.21,-17.8861,0.6061,,,0.21878,0
176.8675,59,26,2,8,379.67,216.11,capture,294.73,225.96,85.51,0,178.750,7.755,179.877,-18.17,20.78,147.46,-17.66,-7.42,173.99,54.066,54.209,-17.2317,0.8416,294.73,225.96,-17.5916,0.7121,,,0.21563,0
176.9745,59,26,2,8,379.67,216.11,capture,292.28,205.98,87.97,0,178.863,7.817,179.847,-18.31,20.65,147.74,-17.65,-7.56,173.87,53.865,54.035,-17.3487,0.5505,292.28,205.98,-17.4823,0.6394,,,0.22857,0
177.0565,59,26,2,8,379.67,216.11,capture,311.93,238.79,71.43,0,178.905,7.771,179.867,-18.11,20.65,147.93,-18.02,-7.80,174.55,53.923,54.094,-19.1949,1.3000,311.93,238.79,-18.2530,0.9367,,,0.21156,0
177.1385,59,26,2,8,379.67,216.11,capture,274.28,173.07,113.84,0,179.016,7.734,179.855,-18.04,20.66,147.79,-17.91,-7.50,174.28,53.854,54.130,-15.7051,-0.4132,274.28,173.07,-17.1064,0.3292,,,0.19083,0
177.2384,59,26,2,8,379.67,216.11,capture,277.59,192.55,104.76,0,179.032,7.633,179.844,-18.18,20.65,147.67,-17.68,-8.66,174.67,53.991,54.199,-17.4821,1.0517,277.59,192.55,-17.2755,0.6543,,,0.24036,0
177.3368,59,26,2,8,379.67,216.11,capture,269.05,192.40,113.13,0,178.995,7.598,179.825,-18.33,20.73,147.76,-17.58,-8.43,174.38,53.779,53.780,-16.6540,-0.1190,269.05,192.40,-16.9958,0.3063,,,0.20626,0
177.4490,59,26,2,8,379.67,216.11,capture,297.61,206.17,82.66,0,178.999,7.771,179.838,-18.29,20.55,147.66,-17.82,-8.60,173.86,53.880,54.175,-17.3287,0.5514,297.61,206.17,-17.1456,0.4166,,,0.22151,0
177.5484,59,26,2,8,379.67,216.11,capture,280.22,200.91,100.60,0,178.842,7.920,179.891,-18.31,20.57,147.47,-17.95,-7.80,173.97,53.739,54.253,-17.5112,0.4734,280.22,200.91,-17.3101,0.4421,,,0.22025,0
177.6539,59,26,2,8,379.67,216.11,capture,278.75,209.22,101.15,0,178.816,7.937,179.915,-18.39,20.27,147.09,-17.87,-7.32,173.51,54.380,54.398,-17.7101,-0.3811,278.75,209.22,-17.4901,0.0717,,,0.21902,0
177.7620,59,26,2,8,379.67,216.11,capture,285.21,186.71,98.93,0,178.711,7.737,179.906,-18.38,20.33,147.06,-17.80,-8.70,173.32,54.320,54.070,-17.4274,0.1826,285.21,186.71,-17.4619,0.1216,,,0.21234,0
177.8794,59,26,2,8,379.67,216.11,capture,280.30,190.96,102.50,0,178.778,7.688,179.922,-18.36,20.52,147.13,-17.86,-7.80,172.87,53.837,53.812,-16.8989,0.5599,280.30,190.96,-17.2086,0.3188,,,0.20346,0
177.9763,59,26,2,8,379.67,216.11,capture,273.63,197.17,107.72,0,178.745,7.683,179.898,-18.51,20.58,147.45,-17.96,-8.64,173.41,54.072,54.225,-17.8420,-0.1184,273.63,197.17,-17.4936,0.1221,,,0.22383,0
178.0751,59,26,2,8,379.67,216.11,capture,271.04,203.79,109.32,0,178.840,7.532,179.881,-18.44,20.62,147.25,-18.23,-7.46,173.74,54.003,54.600,-18.2832,-0.1267,271.04,203.79,-17.8489,0.0101,,,0.20872,0
178.2629,60,21,2,3,156.33,216.11,dwell,315.75,318.99,189.73,0,178.839,7.463,179.893,-18.47,20.79,147.22,-18.35,-8.37,173.57,53.808,54.533,-22.2611,2.2701,315.75,318.99,-22.2611,2.2701,,,0.19391,0
178.3537,60,21,2,3,156.33,216.11,dwell,242.35,35.63,199.93,0,178.815,7.460,179.857,-18.53,20.78,146.86,-18.10,-7.73,173.07,53.697,54.295,-11.1349,-1.3510,242.35,35.63,-17.2543,0.6406,,,0.21989,0
178.4484,60,21,2,3,156.33,216.11,dwell,178.05,207.13,23.50,1,178.741,7.512,179.850,-18.54,20.76,147.29,-18.03,-7.47,173.53,53.698,53.673,-18.4473,-4.1139,178.05,207.13,-17.7912,-1.4989,,,0.21948,0
178.5509,60,21,2,3,156.33,216.11,dwell,241.56,28.29,206.25,0,178.665,7.528,179.872,-18.40,20.74,147.43,-17.93,-8.07,173.53,54.025,53.610,-10.6267,-1.8393,241.56,28.29,-14.5672,-1.6521,,,0.20473,0
178.6329,60,21,2,3,156.33,216.11,dwell,321.29,198.73,165.87,0,178.702,7.581,179.854,-18.36,20.71,147.42,-18.08,-7.58,173.46,54.296,53.765,-18.5138,1.2925,321.29,198.73,-16.3432,-0.3270,,,0.21752,0
178.7195,60,21,2,3,156.33,216.11,dwell,298.98,115.33,174.66,0,178.769,7.675,179.890,-18.45,20.71,147.35,-17.89,-7.64,173.45,54.006,54.009,-15.1092,1.1175,298.98,115.33,-15.7879,0.3230,,,0.22095,0
178.8098,60,21,2,3,156.33,216.11,dwell,214.39,78.08,149.74,0,178.778,7.728,179.882,-18.40,20.77,147.46,-18.10,-7.64,173.76,53.843,54.115,-13.4127,-2.6314,214.39,78.08,-14.7190,-1.0065,,,0.21809,0
178.9159,60,21,2,3,156.33,216.11,dwell,269.14,117.05,150.13,0,178.841,7.672,179.883,-18.38,20.70,147.38,-17.97,-8.19,173.76,53.649,54.206,-13.7427,-0.4850,269.14,117.05,-14.2797,-0.7718,,,0.24445,0
179.0172,60,21,2,3,156.33,216.11,dwell,255.48,66.52,179.46,0,178.858,7.656,179.876,-18.37,20.75,147.56,-18.39,-7.71,173.90,53.786,53.889,-12.6062,-0.4424,255.48,66.52,-13.5266,-0.6236,,,0.22782,0
179.1190,60,21,2,3,156.33,216.11,capture,246.81,53.31,186.25,0,178.816,7.724,179.886,-18.42,20.90,147.50,-17.87,-8.02,173.42,54.064,54.225,-11.3242,-1.5624,246.81,53.31,-12.5355,-1.0461,,,0.19544,0
179.2334,60,21,2,3,156.33,216.11,capture,256.65,56.20,188.77,0,178.783,7.870,179.863,-18.42,20.94,147.68,-18.15,-7.55,173.75,53.773,54.325,-11.7073,-1.0687,256.65,56.20,-12.1628,-1.0563,,,0.20762,0
179.3378,60,21,2,3,156.33,216.11,capture,260.08,67.66,181.11,0,178.791,7.809,179.849,-18.47,20.86,147.54,-17.81,-7.24,173.77,53.736,54.238,-12.6684,-0.7199,260.08,67.66,-12.3903,-0.9049,,,0.21732,0
179.4442,60,21,2,3,156.33,216.11,capture,247.68,30.65,206.74,0,178.907,7.640,179.824,-18.54,20.75,147.58,-17.93,-8.36,173.81,53.652,54.200,-10.7517,-2.1548,247.68,30.65,-11.6530,-1.4674,,,0.19217,0
179.5565,60,21,2,3,156.33,216.11,capture,265.74,42.02,205.62,0,179.021,7.610,179.834,-18.67,20.57,147.47,-18.20,-7.53,174.11,53.673,54.141,-11.1625,0.0687,265.74,42.02,-11.4322,-0.7761,,,0.20945,0
179.6540,60,21,2,3,156.33,216.11,capture,262.74,77.39,174.83,0,178.995,7.662,179.806,-18.63,20.70,147.65,-18.04,-7.91,173.57,53.983,54.091,-13.1207,-0.3239,262.74,77.39,-12.1920,-0.5726,,,0.20744,0
179.7496,60,21,2,3,156.33,216.11,capture,253.02,61.93,181.99,0,178.886,7.767,179.828,-18.59,20.57,147.40,-18.47,-7.67,173.83,53.656,54.154,-12.2301,-1.1100,253.02,61.93,-12.2092,-0.8145,,,0.21918,0
179.8426,60,21,2,3,156.33,216.11,capture,239.45,55.00,181.29,0,179.005,7.803,179.799,-18.60,20.54,147.64,-17.53,-7.99,173.97,53.727,54.014,-12.1185,-1.5354,239.45,55.00,-12.1684,-1.1389,,,0.20733,0
179.9311,60,21,2,3,156.33,216.11,capture,280.34,56.63,202.02,0,178.914,7.831,179.786,-18.44,20.61,147.80,-17.23,-8.44,174.32,53.738,53.861,-11.0501,0.2319,280.34,56.63,-11.6651,-0.5220,,,0.20199,0
180.0409,60,21,2,3,156.33,216.11,capture,276.87,61.97,195.67,0,178.853,7.823,179.776,-18.33,20.64,147.93,-17.74,-8.03,174.33,53.623,53.932,-12.6935,0.6882,276.87,61.97,-12.1279,0.0225,,,0.20127,0
180.1407,60,21,2,3,156.33,216.11,capture,256.74,53.04,191.50,0,178.884,7.956,179.776,-18.30,20.56,147.73,-18.36,-8.31,174.10,53.972,53.965,-11.0474,-0.8654,256.74,53.04,-11.6417,-0.3770,,,0.22264,0
180.2364,60,21,2,3,156.33,216.11,capture,260.46,66.67,182.14,0,178.945,7.847,179.788,-18.21,20.52,147.69,-18.13,-8.34,173.84,53.793,54.045,-12.6090,-1.0120,260.46,66.67,-12.0770,-0.6628,,,0.21673,0
180.3364,60,21,2,3,156.33,216.11,capture,241.11,68.44,170.28,0,178.908,7.740,179.827,-18.22,20.62,147.74,-18.19,-7.91,174.15,53.734,54.131,-12.8482,-1.4121,241.11,68.44,-12.4240,-1.0000,,,0.21422,0
180.4241,60,21,2,3,156.33,216.11,capture,268.59,70.74,183.67,0,178.763,7.768,179.831,-18.21,20.63,147.80,-17.79,-8.46,174.10,53.451,54.355,-11.9587,-0.3480,268.59,70.74,-12.2146,-0.7066,,,0.21300,0
180.5316,60,21,2,3,156.33,216.11,capture,255.89,53.93,190.30,0,178.738,7.700,179.849,-18.14,20.90,147.84,-17.91,-7.69,174.55,53.870,54.040,-11.4789,-0.7523,255.89,53.93,-11.8836,-0.7272,,,0.21008,0
180.6230,60,21,2,3,156.33,216.11,capture,239.23,59.15,177.51,0,178.739,7.711,179.829,-18.22,21.00,147.82,-17.89,-7.60,174.28,54.138,53.752,-12.1210,-0.9993,239.23,59.15,-11.9904,-0.8496,,,0.20108,0
180.7250,60,21,2,3,156.33,216.11,capture,245.00,47.34,190.64,0,178.809,7.697,179.820,-18.21,20.83,147.50,-17.38,-8.54,173.92,53.839,53.658,-11.4975,-1.3229,245.00,47.34,-11.7686,-1.0626,,,0.20339,0
180.8267,60,21,2,3,156.33,216.11,capture,261.19,35.33,208.99,0,178.892,7.611,179.845,-18.15,20.70,147.59,-17.26,-8.09,174.18,53.731,53.962,-11.2939,-0.9719,261.19,35.33,-11.5550,-1.0218,,,0.21703,0
180.9450,60,21,2,3,156.33,216.11,capture,284.49,60.31,201.74,0,178.960,7.644,179.846,-18.20,20.60,147.59,-17.57,-7.84,173.97,53.302,53.956,-12.8175,0.8638,284.49,60.31,-12.1231,-0.1733,,,0.19552,0
181.0330,60,21,2,3,156.33,216.11,capture,256.30,35.29,206.61,0,178.909,7.678,179.837,-18.16,20.52,147.80,-17.55,-7.91,173.85,53.031,53.884,-10.5924,-1.6664,256.30,35.29,-11.4343,-0.8452,,,0.20562,0
181.2473,61,4,0,4,201.00,43.22,dwell,248.30,15.77,54.69,0,178.910,7.601,179.874,-18.24,20.72,147.34,-17.62,-7.86,173.77,53.026,53.907,-10.3260,-1.2023,248.30,15.77,-10.3260,-1.2023,,,0.18573,0
181.3447,61,4,0,4,201.00,43.22,dwell,300.52,114.98,122.69,0,178.759,7.607,179.853,-18.31,20.36,147.29,-17.64,-8.14,173.89,53.427,54.173,-14.9286,0.4963,300.52,114.98,-12.3972,-0.4379,,,0.20825,0
181.4403,61,4,0,4,201.00,43.22,dwell,245.45,83.81,60.19,0,178.905,7.625,179.876,-18.40,20.39,147.33,-18.57,-7.90,173.18,53.697,54.252,-13.9664,-1.6854,245.45,83.81,-13.1033,-0.9993,,,0.23136,0
181.5398,61,4,0,4,201.00,43.22,dwell,195.52,109.84,66.84,0,179.043,7.633,179.867,-18.50,20.37,147.13,-17.70,-8.84,173.94,54.120,54.256,-13.6361,-2.6036,195.52,109.84,-13.3431,-1.7212,,,0.20664,0
181.6358,61,4,0,4,201.00,43.22,dwell,183.57,216.85,174.50,0,179.118,7.731,179.856,-18.61,20.41,147.34,-18.30,-7.71,173.70,53.875,54.178,-19.5750,-3.9758,183.57,216.85,-16.1474,-2.7358,,,0.22392,0
181.7412,61,4,0,4,201.00,43.22,dwell,150.55,115.49,88.14,0,179.083,7.779,179.860,-18.55,20.26,147.29,-18.14,-7.74,174.06,53.484,53.948,-14.0880,-5.3191,150.55,115.49,-15.2207,-3.8983,,,0.20161,0
181.8551,61,4,0,4,201.00,43.22,dwell,189.64,196.44,153.64,0,179.069,7.695,179.909,-18.53,20.37,147.16,-18.11,-7.79,173.42,53.816,54.530,-17.3335,-4.3857,189.64,196.44,-16.1715,-4.1176,,,0.19126,0
181.9474,61,4,0,4,201.00,43.22,dwell,164.54,147.36,110.34,0,179.155,7.774,179.885,-18.57,20.36,147.35,-18.57,-8.56,173.62,53.923,54.380,-15.9074,-5.8852,164.54,147.36,-16.0526,-4.9130,,,0.19269,0
182.0538,61,4,0,4,201.00,43.22,dwell,141.77,214.67,181.39,0,178.999,7.635,179.867,-18.57,20.36,147.39,-17.95,-8.06,173.70,54.067,54.179,-18.4141,-6.0927,141.77,214.67,-17.1153,-5.4439,,,0.23860,0
182.1685,61,4,0,4,201.00,43.22,capture,145.29,233.48,198.25,0,178.891,7.504,179.875,-18.52,20.10,147.40,-18.27,-8.62,173.99,53.984,53.900,-19.3332,-6.5611,145.29,233.48,-18.1133,-5.9466,,,0.22016,0
182.2858,61,4,0,4,201.00,43.22,capture,153.18,221.62,184.70,0,178.992,7.392,179.831,-18.51,20.31,147.73,-17.85,-8.48,174.42,54.215,53.771,-18.6924,-6.0478,153.18,221.62,-18.3739,-5.9921,,,0.22602,0
182.3856,61,4,0,4,201.00,43.22,capture,147.88,228.83,193.06,0,179.045,7.262,179.850,-18.39,20.43,147.48,-17.70,-7.90,173.61,54.519,53.801,-19.6224,-6.0951,147.88,228.83,-18.9357,-6.0385,,,0.24294,0
182.4815,61,4,0,4,201.00,43.22,capture,144.91,224.87,190.11,0,179.048,7.213,179.843,-18.42,20.32,147.54,-17.98,-8.35,173.73,54.537,54.001,-17.5198,-6.1147,144.91,224.87,-18.2986,-6.0728,,,0.24118,0
182.5814,61,4,0,4,201.00,43.22,capture,140.86,233.96,199.99,0,179.019,7.402,179.820,-18.37,20.43,147.55,-17.78,-8.20,173.45,54.143,53.984,-18.2531,-6.2191,140.86,233.96,-18.2781,-6.1386,,,0.22460,0
182.6742,61,4,0,4,201.00,43.22,capture,146.36,226.52,191.27,0,178.942,7.457,179.802,-18.35,20.37,147.48,-17.48,-8.70,173.29,53.801,54.110,-19.1349,-5.7118,146.36,226.52,-18.6636,-5.9466,,,0.20802,0
182.7749,61,4,0,4,201.00,43.22,capture,150.10,209.96,174.33,0,178.998,7.457,179.845,-18.34,20.43,147.53,-17.50,-7.63,173.61,53.730,53.993,-18.0363,-6.0197,150.10,209.96,-18.3813,-5.9795,,,0.22141,0
182.8677,61,4,0,4,201.00,43.22,capture,149.15,213.27,177.78,0,179.102,7.400,179.883,-18.36,20.61,147.24,-17.85,-7.38,173.25,53.484,54.269,-18.5755,-5.6378,149.15,213.27,-18.4687,-5.8257,,,0.19754,0
182.9757,61,4,0,4,201.00,43.22,capture,179.31,204.09,162.32,0,179.102,7.429,179.866,-18.30,20.63,147.33,-17.33,-8.18,173.52,53.684,54.148,-16.9065,-4.3777,179.31,204.09,-17.7657,-5.1741,,,0.19910,0
183.0789,61,4,0,4,201.00,43.22,capture,142.40,255.73,220.44,0,179.169,7.376,179.843,-18.32,20.60,147.52,-17.63,-7.99,173.69,53.476,54.254,-19.3219,-6.5410,142.40,255.73,-18.4660,-5.7892,,,0.20399,0
183.1751,61,4,0,4,201.00,43.22,capture,152.80,222.75,185.89,0,179.182,7.447,179.838,-18.31,20.56,147.57,-18.45,-8.92,173.44,53.621,54.401,-18.4659,-6.1982,152.80,222.75,-18.4659,-5.9733,,,0.23087,0
183.2593,61,4,0,4,201.00,43.22,capture,160.79,206.23,167.89,0,178.990,7.436,179.854,-18.45,20.59,147.64,-17.98,-8.23,173.50,53.562,54.499,-17.0343,-5.6042,160.79,206.23,-17.8217,-5.8072,,,0.19343,0
183.3687,61,4,0,4,201.00,43.22,capture,170.16,228.60,187.93,0,178.917,7.450,179.871,-18.37,20.51,147.56,-17.91,-8.59,173.56,53.405,54.500,-19.0541,-4.9400,170.16,228.60,-18.3763,-5.4169,,,0.18506,0
183.4728,61,4,0,4,201.00,43.22,capture,162.02,239.69,200.30,0,178.971,7.473,179.868,-18.36,20.51,147.53,-17.74,-7.59,173.22,53.768,54.390,-19.5779,-5.1828,162.02,239.69,-18.9170,-5.3116,,,0.21323,0
183.5761,61,4,0,4,201.00,43.22,capture,141.60,222.31,188.68,0,178.938,7.362,179.876,-18.14,20.51,147.34,-17.71,-7.95,173.43,54.330,54.166,-18.9231,-6.7624,141.60,222.31,-18.9198,-5.9645,,,0.22953,0
183.6824,61,4,0,4,201.00,43.22,capture,165.37,213.20,173.67,0,178.871,7.322,179.848,-18.30,20.71,147.33,-17.54,-7.44,173.69,54.273,54.343,-18.7010,-5.2559,165.37,213.20,-18.8213,-5.6456,,,0.23377,0
183.7662,61,4,0,4,201.00,43.22,capture,137.36,211.09,179.53,0,178.933,7.310,179.848,-18.18,20.57,147.30,-18.50,-8.45,173.20,53.736,54.716,-17.9235,-6.5348,137.36,211.09,-18.4173,-6.0457,,,0.18919,0
183.8737,61,4,0,4,201.00,43.22,capture,131.99,195.80,167.46,0,178.995,7.290,179.814,-18.22,20.58,147.12,-17.92,-7.56,173.38,53.669,54.316,-18.0651,-6.8417,131.99,195.80,-18.2588,-6.4039,,,0.20700,0
183.9733,61,4,0,4,201.00,43.22,capture,159.74,207.16,169.05,0,178.896,7.291,179.824,-18.18,20.60,147.13,-17.79,-7.57,173.29,53.708,53.998,-18.1609,-4.9867,159.74,207.16,-18.2148,-5.7662,,,0.22442,0
184.0794,61,4,0,4,201.00,43.22,capture,131.70,219.10,189.04,0,178.996,7.433,179.814,-18.19,20.69,147.09,-18.13,-7.03,173.63,53.743,54.289,-19.0810,-6.0646,131.70,219.10,-18.6046,-5.9004,,,0.21509,0
184.1835,61,4,0,4,201.00,43.22,capture,151.51,209.09,173.09,0,179.058,7.433,179.793,-18.10,20.71,147.43,-18.02,-8.26,173.55,53.597,54.060,-17.6927,-5.8506,151.51,209.09,-18.1942,-5.8780,,,0.19454,0
184.3517,62,49,5,4,201.00,475.44,dwell,124.12,263.58,225.38,0,178.962,7.641,179.802,-18.11,20.92,147.33,-17.72,-8.03,174.17,53.620,53.703,-19.6031,-7.4096,124.12,263.58,-19.6031,-7.4096,,,0.21485,0
184.4582,62,49,5,4,201.00,475.44,dwell,6.62,197.00,339.58,0,178.886,7.836,179.803,-18.27,20.83,147.32,-18.14,-7.87,173.84,53.913,53.290,-18.8119,-12.7200,6.62,197.00,-19.2471,-9.7993,,,0.21374,0
184.5692,62,49,5,4,201.00,475.44,dwell,210.70,412.79,63.40,0,178.849,7.922,179.799,-18.28,20.79,147.30,-17.48,-7.81,173.74,54.154,53.121,-25.3721,-3.0718,210.70,412.79,-22.0033,-6.7719,,,0.22113,0
184.6626,62,49,5,4,201.00,475.44,dwell,91.64,412.46,126.20,0,178.851,7.972,179.817,-18.24,20.72,147.27,-17.97,-8.19,173.78,54.357,53.427,-26.8074,-7.9800,91.64,412.46,-24.1652,-7.3155,,,0.23878,0
184.7496,62,49,5,4,201.00,475.44,dwell,205.16,384.73,90.81,0,178.797,7.996,179.824,-18.24,20.56,147.16,-17.69,-7.65,173.35,54.095,53.560,-23.9707,-3.1904,205.16,384.73,-24.0777,-5.4592,,,0.22518,0
184.8709,62,49,5,4,201.00,475.44,dwell,119.57,552.22,111.92,0,178.823,7.985,179.818,-18.22,20.52,146.96,-17.32,-7.52,173.06,54.448,53.404,-30.9768,-8.1647,119.57,552.22,-27.1823,-6.6767,,,0.22597,0
184.9955,62,49,5,4,201.00,475.44,dwell,79.72,590.76,167.35,0,178.756,8.146,179.793,-18.24,20.23,147.16,-17.37,-7.98,173.70,54.438,54.181,-32.3642,-8.8708,79.72,590.76,-29.5142,-7.6641,,,0.24339,0
185.0868,62,49,5,4,201.00,475.44,dwell,129.28,562.05,112.45,0,178.735,8.289,179.772,-18.34,20.33,147.10,-17.66,-8.43,173.40,54.212,53.797,-31.1116,-7.2012,129.28,562.05,-30.2330,-7.4558,,,0.25293,0
185.1734,62,49,5,4,201.00,475.44,capture,77.93,589.66,167.90,0,178.709,8.300,179.782,-18.36,20.34,147.14,-17.13,-7.55,173.39,54.076,53.735,-32.4870,-9.0809,77.93,589.66,-31.2473,-8.1871,,,0.22555,0
185.2785,62,49,5,4,201.00,475.44,capture,117.90,613.94,161.51,0,178.792,8.183,179.776,-18.26,20.29,147.19,-17.64,-8.20,173.37,53.948,54.489,-33.8414,-7.2298,117.90,613.94,-32.4146,-7.7563,,,0.22348,0
185.3988,62,49,5,4,201.00,475.44,capture,93.05,597.67,163.07,0,178.980,8.186,179.826,-18.29,20.39,147.16,-18.16,-8.76,173.53,53.617,54.652,-32.4685,-8.6145,93.05,597.67,-32.4389,-8.1425,,,0.21524,0
185.4808,62,49,5,4,201.00,475.44,capture,61.95,608.56,192.50,0,179.048,8.095,179.854,-18.33,20.39,147.16,-17.28,-7.82,173.45,53.834,54.571,-32.6853,-10.2925,61.95,608.56,-32.5498,-9.1100,,,0.21189,0
185.5738,62,49,5,4,201.00,475.44,capture,87.21,599.91,168.64,0,179.015,8.170,179.865,-18.26,20.21,147.67,-17.87,-7.95,173.95,54.025,54.081,-33.2192,-8.9810,87.21,599.91,-32.8510,-9.0519,,,0.22663,0
185.6760,62,49,5,4,201.00,475.44,capture,92.28,587.45,156.09,0,179.118,8.099,179.870,-18.16,20.25,147.73,-17.83,-8.94,174.29,53.681,54.304,-32.4072,-8.2844,92.28,587.45,-32.6513,-8.7066,,,0.21188,0
185.7670,62,49,5,4,201.00,475.44,capture,89.73,596.38,164.34,0,179.075,8.149,179.897,-18.32,19.98,147.77,-17.36,-8.35,173.85,53.779,53.996,-32.5462,-8.4039,89.73,596.38,-32.6040,-8.5704,,,0.20296,0
185.8589,62,49,5,4,201.00,475.44,capture,82.14,596.45,169.62,0,179.022,8.234,179.861,-18.24,19.98,147.95,-17.87,-9.10,174.36,53.601,53.975,-33.6071,-9.2993,82.14,596.45,-33.0554,-8.8984,,,0.22023,0
185.9537,62,49,5,4,201.00,475.44,capture,64.70,622.51,200.51,0,179.124,8.230,179.843,-18.24,20.05,148.13,-17.40,-8.17,174.54,53.988,53.885,-34.7222,-9.9819,64.70,622.51,-33.8055,-9.3860,,,0.24028,0
186.0630,62,49,5,4,201.00,475.44,capture,91.21,608.24,172.30,0,179.199,8.136,179.836,-18.24,20.31,148.27,-17.94,-9.03,175.03,53.953,53.750,-32.7716,-9.3568,91.21,608.24,-33.3402,-9.3729,,,0.22348,0
186.1654,62,49,5,4,201.00,475.44,capture,86.09,600.40,169.76,0,179.181,8.189,179.837,-18.09,20.57,148.14,-17.41,-8.53,174.22,53.946,53.698,-33.2484,-8.0290,86.09,600.40,-33.2989,-8.7681,,,0.24270,0
186.2648,62,49,5,4,201.00,475.44,capture,73.15,610.51,185.98,0,179.283,8.182,179.800,-18.06,20.55,147.94,-17.86,-7.23,174.67,54.122,53.790,-33.5695,-9.3064,73.15,610.51,-33.4207,-9.0103,,,0.22959,0
186.3645,62,49,5,4,201.00,475.44,capture,113.08,610.88,161.47,0,179.290,8.252,179.793,-18.01,20.69,148.05,-17.53,-8.16,174.16,54.386,53.509,-32.5580,-8.0346,113.08,610.88,-33.0325,-8.5712,,,0.23005,0
186.4665,62,49,5,4,201.00,475.44,capture,80.55,623.57,190.92,0,179.136,8.201,179.814,-18.05,20.54,147.91,-17.51,-8.31,174.71,54.296,53.679,-33.9483,-9.2434,80.55,623.57,-33.4446,-8.8737,,,0.23329,0
186.5748,62,49,5,4,201.00,475.44,capture,70.52,600.30,180.59,0,179.156,8.099,179.801,-18.26,20.44,147.74,-17.91,-8.41,173.85,54.111,53.756,-32.7649,-9.4583,70.52,600.30,-33.1387,-9.1368,,,0.18960,0
186.6688,62,49,5,4,201.00,475.44,capture,93.68,598.54,163.31,0,179.109,8.067,179.794,-18.24,20.47,147.88,-18.19,-8.42,174.70,53.799,53.908,-33.2029,-8.9013,93.68,598.54,-33.1676,-9.0308,,,0.21796,0
186.7784,62,49,5,4,201.00,475.44,capture,92.39,630.13,189.01,0,179.199,8.016,179.808,-18.15,20.55,147.74,-17.76,-7.52,174.20,53.428,53.639,-34.8051,-8.2579,92.39,630.13,-33.9045,-8.6830,,,0.20554,0
186.8876,62,49,5,4,201.00,475.44,capture,71.71,610.44,186.92,0,179.041,8.008,179.778,-18.25,20.55,147.87,-17.66,-7.38,174.09,53.565,53.607,-33.6704,-9.7192,71.71,610.44,-33.7991,-9.1493,,,0.19286,0
186.9744,62,49,5,4,201.00,475.44,capture,92.87,606.34,169.78,0,178.982,8.135,179.751,-18.20,20.50,147.69,-17.84,-7.51,173.94,53.705,53.458,-34.0924,-8.7303,92.87,606.34,-33.9311,-8.9607,,,0.22112,0
187.0805,62,49,5,4,201.00,475.44,capture,83.06,580.92,158.22,0,178.981,8.184,179.767,-18.24,20.49,147.59,-18.10,-7.66,173.55,53.634,53.474,-31.8904,-8.4902,83.06,580.92,-33.0128,-8.7490,,,0.20828,0
187.2873,63,22,2,4,201.00,216.11,dwell,-11.58,517.44,368.77,0,178.936,8.232,179.772,-18.47,20.33,147.67,-17.97,-8.41,174.02,53.503,53.538,-29.5409,-13.3004,-11.58,517.44,-29.5409,-13.3004,,,0.21303,0
187.3870,63,22,2,4,201.00,216.11,dwell,167.49,532.40,318.06,0,178.923,8.172,179.773,-18.46,20.39,147.36,-17.58,-7.66,173.97,53.605,53.841,-30.2103,-5.1539,167.49,532.40,-29.8422,-9.6345,,,0.22049,0
187.4928,63,22,2,4,201.00,216.11,dwell,221.84,343.95,129.53,0,178.862,8.225,179.775,-18.36,20.40,147.43,-17.89,-7.97,173.80,53.500,53.832,-22.8875,-2.5188,221.84,343.95,-26.7126,-6.4324,,,0.20804,0
187.5945,63,22,2,4,201.00,216.11,dwell,187.85,336.63,121.23,0,178.881,8.181,179.775,-18.45,20.45,147.26,-17.91,-7.47,173.37,53.362,53.694,-23.2304,-3.8305,187.85,336.63,-25.1456,-5.2616,,,0.19188,0
187.6924,63,22,2,4,201.00,216.11,dwell,242.62,280.56,76.72,0,178.965,8.127,179.787,-18.43,20.50,147.17,-17.81,-7.79,173.39,53.461,54.031,-20.7338,-1.0259,242.62,280.56,-23.1603,-3.3555,,,0.19088,0
187.8048,63,22,2,4,201.00,216.11,dwell,259.88,340.45,137.58,0,179.039,7.934,179.811,-18.48,20.58,147.26,-17.77,-8.23,173.42,53.558,53.895,-23.2322,-0.7412,259.88,340.45,-23.1926,-2.1791,,,0.22415,0
187.9008,63,22,2,4,201.00,216.11,dwell,279.96,306.78,120.23,0,179.064,7.987,179.821,-18.55,20.62,146.95,-18.44,-7.78,172.87,53.375,53.999,-21.4710,0.1106,279.96,306.78,-22.4179,-1.1487,,,0.20896,0
188.0046,63,22,2,4,201.00,216.11,dwell,288.04,226.97,87.71,0,179.030,7.950,179.824,-18.56,20.59,147.01,-17.61,-8.33,173.02,53.352,53.922,-18.2123,0.2423,288.04,226.97,-20.5254,-0.5228,,,0.21676,0
188.0971,63,22,2,4,201.00,216.11,dwell,274.42,163.42,90.37,0,178.951,7.927,179.848,-18.59,20.73,147.03,-17.81,-7.62,173.01,53.149,54.017,-14.8840,0.2018,274.42,163.42,-17.9867,-0.1967,,,0.20383,0
188.1985,63,22,2,4,201.00,216.11,capture,308.90,167.10,118.51,0,178.903,7.920,179.848,-18.51,20.76,147.12,-18.46,-7.85,173.38,53.141,54.359,-16.1804,1.1533,308.90,167.10,-17.1739,0.4108,,,0.17976,0
188.3012,63,22,2,4,201.00,216.11,capture,324.15,183.49,127.40,0,178.958,8.027,179.861,-18.58,20.71,147.35,-18.16,-8.39,173.26,53.124,54.401,-17.3022,1.7355,324.15,183.49,-17.2316,1.0069,,,0.15553,0
188.4159,63,22,2,4,201.00,216.11,capture,326.27,163.01,136.06,0,178.962,7.944,179.873,-18.50,20.69,147.07,-18.25,-8.17,172.68,53.470,54.762,-15.3641,1.9511,326.27,163.01,-16.3913,1.4318,,,0.20612,0
188.4979,63,22,2,4,201.00,216.11,capture,314.95,164.14,125.24,0,178.863,7.923,179.846,-18.36,20.56,147.01,-17.97,-7.86,173.21,53.439,54.482,-16.3464,1.7379,314.95,164.14,-16.3711,1.5696,,,0.20009,0
188.5949,63,22,2,4,201.00,216.11,capture,323.75,198.57,124.00,0,178.946,7.776,179.824,-18.38,20.43,146.93,-18.49,-8.11,173.00,53.324,54.285,-18.2233,2.5925,323.75,198.57,-17.2046,2.0299,,,0.21075,0
188.6995,63,22,2,4,201.00,216.11,capture,318.68,182.00,122.52,0,178.941,7.763,179.812,-18.37,20.58,147.07,-18.13,-8.00,173.43,53.599,53.834,-16.9455,1.1953,318.68,182.00,-17.0880,1.6543,,,0.20231,0
188.7903,63,22,2,4,201.00,216.11,capture,328.04,185.09,130.77,0,179.015,7.777,179.802,-18.35,20.55,147.05,-17.62,-7.99,173.11,53.796,54.111,-17.4888,2.2905,328.04,185.09,-17.2684,1.9406,,,0.20967,0
188.8723,63,22,2,4,201.00,216.11,capture,335.91,192.39,136.98,0,179.043,7.808,179.804,-18.33,20.63,147.22,-17.56,-7.72,173.83,54.287,54.239,-17.1576,2.9306,335.91,192.39,-17.2185,2.3861,,,0.22133,0
188.9777,63,22,2,4,201.00,216.11,capture,317.36,169.86,125.22,0,179.137,7.815,179.838,-18.38,20.70,147.05,-18.28,-8.39,173.74,53.803,54.091,-17.5994,1.6194,317.36,169.86,-17.3899,2.0411,,,0.21850,0
189.0927,63,22,2,4,201.00,216.11,capture,308.64,175.31,115.11,0,179.082,7.905,179.840,-18.38,20.60,147.12,-17.62,-7.51,173.40,54.297,53.869,-17.0016,0.6846,308.64,175.31,-17.2151,1.4307,,,0.22826,0
189.1809,63,22,2,4,201.00,216.11,capture,337.75,174.97,142.80,0,179.011,7.862,179.819,-18.36,20.66,146.87,-18.44,-8.73,172.70,54.044,54.094,-17.4024,2.5878,337.75,174.97,-17.2994,1.9514,,,0.23513,0
189.2629,63,22,2,4,201.00,216.11,capture,324.19,188.94,126.15,0,179.079,7.892,179.868,-18.38,20.83,146.92,-18.30,-7.82,173.27,53.872,54.587,-16.9436,1.9013,324.19,188.94,-17.1393,1.9288,,,0.21211,0
189.3765,63,22,2,4,201.00,216.11,capture,312.33,178.79,117.42,0,178.967,7.802,179.853,-18.35,20.89,146.73,-17.83,-7.63,172.96,53.825,54.277,-16.3925,1.6533,312.33,178.79,-16.8032,1.8048,,,0.21258,0
189.4678,63,22,2,4,201.00,216.11,capture,297.34,169.17,107.17,0,178.962,7.828,179.857,-18.23,20.70,146.70,-17.31,-8.06,172.77,54.032,54.098,-17.2524,0.9572,297.34,169.17,-17.0053,1.4234,,,0.22900,0
189.5683,63,22,2,4,201.00,216.11,capture,304.90,171.75,112.97,0,178.927,7.788,179.856,-18.11,20.68,146.69,-17.59,-7.40,172.66,54.064,53.908,-16.8303,1.3851,304.90,171.75,-16.9266,1.4062,,,0.21361,0
189.6736,63,22,2,4,201.00,216.11,capture,289.26,182.62,94.40,0,178.977,7.809,179.838,-18.31,20.70,146.93,-17.61,-7.36,173.33,53.743,54.315,-16.2386,0.3534,289.26,182.62,-16.6170,0.9324,,,0.19853,0
189.7768,63,22,2,4,201.00,216.11,capture,320.74,171.48,127.79,0,178.979,7.965,179.832,-18.37,20.59,146.83,-17.98,-8.57,173.08,53.093,54.410,-17.5943,2.4837,320.74,171.48,-17.0568,1.6305,,,0.18721,0
189.8860,63,22,2,4,201.00,216.11,capture,335.62,165.70,143.75,0,178.958,8.193,179.831,-18.29,20.63,146.83,-17.96,-8.21,172.52,53.068,54.588,-16.0099,2.9203,335.62,165.70,-16.5857,2.2109,,,0.18880,0
189.9680,63,22,2,4,201.00,216.11,capture,327.47,156.58,139.78,0,178.986,8.154,179.867,-18.21,20.68,147.15,-17.86,-7.54,173.50,53.711,54.745,-15.4416,2.4627,327.47,156.58,-16.0708,2.3242,,,0.19209,0
190.1583,64,19,2,1,67.00,216.11,dwell,338.46,179.34,273.94,0,178.805,8.036,179.859,-18.05,20.72,147.37,-17.27,-7.37,173.95,53.636,54.876,-16.6794,2.7005,338.46,179.34,-16.6794,2.7005,,,0.22812,0
190.2531,64,19,2,1,67.00,216.11,dwell,269.33,127.00,221.08,0,178.866,7.806,179.876,-18.11,20.90,147.43,-17.83,-8.63,174.01,53.507,55.073,-15.2911,-0.7264,269.33,127.00,-16.0547,1.1584,,,0.18992,0
190.3555,64,19,2,1,67.00,216.11,dwell,282.70,276.64,224.03,0,178.903,7.846,179.874,-17.99,20.97,147.54,-17.64,-8.14,173.26,53.366,54.638,-20.5122,0.3249,282.70,276.64,-18.0605,0.7833,,,0.21524,0
190.4613,64,19,2,1,67.00,216.11,dwell,222.52,258.30,161.14,0,178.859,7.648,179.801,-17.99,20.82,147.76,-17.97,-7.72,174.30,53.348,54.563,-19.8079,-2.2969,222.52,258.30,-18.8468,-0.6028,,,0.16350,0
190.5579,64,19,2,1,67.00,216.11,dwell,276.90,109.90,235.24,0,178.867,7.729,179.805,-18.03,20.80,147.59,-17.65,-7.58,173.97,53.776,54.551,-14.3527,0.3500,276.90,109.90,-16.8245,-0.1740,,,0.18068,0
190.6418,64,19,2,1,67.00,216.11,dwell,313.06,157.75,252.89,0,178.802,7.858,179.777,-18.02,20.75,147.64,-17.49,-8.15,174.13,53.907,54.328,-15.4663,1.5642,313.06,157.75,-16.2133,0.6082,,,0.22798,0
190.7429,64,19,2,1,67.00,216.11,dwell,229.13,184.54,165.18,0,178.998,7.852,179.785,-18.21,20.92,147.60,-18.09,-7.38,174.19,53.929,54.280,-17.3915,-1.5678,229.13,184.54,-16.7435,-0.3710,,,0.21999,0
190.8461,64,19,2,1,67.00,216.11,dwell,304.64,230.02,238.05,0,178.876,7.724,179.770,-18.15,20.84,147.78,-17.81,-7.18,174.56,54.128,54.329,-19.5839,1.3201,304.64,230.02,-18.0217,0.3900,,,0.20616,0
190.9582,64,19,2,1,67.00,216.11,dwell,271.05,129.87,221.53,0,178.823,7.810,179.771,-18.20,20.79,147.95,-18.05,-7.67,174.21,54.029,54.427,-15.5024,0.4939,271.05,129.87,-16.8880,0.4368,,,0.21451,0
191.0834,64,19,2,1,67.00,216.11,dwell,284.14,201.89,217.61,0,178.898,7.769,179.797,-18.14,20.63,148.06,-17.65,-8.68,174.15,53.924,54.175,-17.7913,0.0243,284.14,201.89,-17.2945,0.2512,,,0.20650,0
191.1781,64,19,2,1,67.00,216.11,capture,274.53,187.66,209.47,0,178.902,7.818,179.802,-18.26,20.60,148.03,-18.34,-7.99,174.63,53.901,54.419,-17.0810,0.5611,274.53,187.66,-17.1984,0.3906,,,0.20131,0
191.2793,64,19,2,1,67.00,216.11,capture,273.49,163.20,213.16,0,178.847,7.761,179.801,-18.22,20.74,148.01,-17.59,-7.82,174.49,53.682,54.132,-15.7711,-0.3930,273.49,163.20,-16.5561,0.0380,,,0.19592,0
191.3861,64,19,2,1,67.00,216.11,capture,288.03,208.69,221.15,0,178.749,7.748,179.834,-18.21,20.79,148.00,-17.86,-7.42,174.76,53.718,53.864,-18.0759,0.7737,288.03,208.69,-17.2400,0.3690,,,0.21052,0
191.4812,64,19,2,1,67.00,216.11,capture,287.41,194.34,221.48,0,178.925,7.939,179.805,-18.22,20.93,147.88,-17.98,-7.64,174.17,53.593,54.017,-16.7386,0.4934,287.41,194.34,-17.0144,0.4250,,,0.20061,0
191.5729,64,19,2,1,67.00,216.11,capture,253.60,158.59,195.26,0,178.800,7.982,179.792,-18.28,20.99,147.64,-18.08,-7.57,174.10,53.650,53.796,-16.0028,-1.5457,253.60,158.59,-16.5592,-0.4618,,,0.21030,0
191.6800,64,19,2,1,67.00,216.11,capture,307.21,183.46,242.42,0,178.886,8.008,179.808,-18.30,21.04,147.52,-17.60,-7.72,173.33,53.597,54.385,-16.5261,1.9317,307.21,183.46,-16.5443,0.6153,,,0.20117,0
191.7782,64,19,2,1,67.00,216.11,capture,281.04,179.02,217.23,0,178.933,7.953,179.795,-18.30,21.10,147.43,-17.47,-7.92,173.29,53.236,54.143,-16.8135,-0.0077,281.04,179.02,-16.6654,0.3349,,,0.17352,0
191.8785,64,19,2,1,67.00,216.11,capture,288.44,174.57,225.30,0,178.952,7.736,179.791,-18.28,20.73,147.46,-17.76,-7.77,173.77,53.177,53.850,-17.6189,0.7801,288.44,174.57,-17.0945,0.5353,,,0.18429,0
191.9751,64,19,2,1,67.00,216.11,capture,279.44,186.97,214.43,0,178.802,7.650,179.790,-18.28,20.73,147.67,-17.44,-7.60,173.96,53.149,53.915,-17.1343,0.0115,279.44,186.97,-17.1124,0.2996,,,0.19992,0
192.0571,64,19,2,1,67.00,216.11,capture,293.92,187.00,228.78,0,178.700,7.498,179.819,-18.42,20.55,147.50,-17.72,-7.73,173.88,52.861,53.939,-17.1971,0.7821,293.92,187.00,-17.1505,0.5167,,,0.16996,0
192.1529,64,19,2,1,67.00,216.11,capture,271.20,190.05,205.86,0,178.747,7.524,179.843,-18.52,20.47,147.57,-17.60,-8.39,174.17,53.072,54.098,-16.8020,-0.7186,271.20,190.05,-16.9937,-0.0392,,,0.19177,0
192.2526,64,19,2,1,67.00,216.11,capture,302.48,175.91,238.89,0,178.859,7.742,179.845,-18.55,20.35,147.48,-18.17,-7.67,173.60,53.075,53.848,-17.5855,1.1981,302.48,175.91,-17.2600,0.5176,,,0.19616,0
192.3638,64,19,2,1,67.00,216.11,capture,303.03,191.77,237.28,0,178.813,7.694,179.849,-18.48,20.48,147.51,-17.85,-7.44,174.18,53.350,53.744,-17.4248,0.9318,303.03,191.77,-17.3341,0.7040,,,0.23363,0
192.4727,64,19,2,1,67.00,216.11,capture,303.14,182.22,238.56,0,179.021,7.667,179.861,-18.42,20.55,147.22,-17.69,-8.26,173.19,53.190,53.973,-16.7904,0.9237,303.14,182.22,-17.0894,0.8029,,,0.16599,0
192.5766,64,19,2,1,67.00,216.11,capture,285.89,189.56,220.49,0,179.009,7.610,179.854,-18.43,20.75,147.26,-17.80,-8.71,173.74,53.463,53.745,-17.8485,0.6186,285.89,189.56,-17.4310,0.7199,,,0.20553,0
192.6726,64,19,2,1,67.00,216.11,capture,285.36,165.89,224.06,0,178.989,7.606,179.854,-18.50,20.68,147.52,-18.46,-7.72,173.65,53.284,54.062,-17.1715,0.5343,285.36,165.89,-17.3142,0.6364,,,0.18279,0
192.7630,64,19,2,1,67.00,216.11,capture,279.87,183.34,215.38,0,179.099,7.597,179.861,-18.49,20.69,147.58,-17.96,-8.09,173.80,53.292,53.585,-17.3868,0.5278,279.87,183.34,-17.3469,0.5875,,,0.21477,0
192.8605,64,19,2,1,67.00,216.11,capture,305.18,189.19,239.70,0,178.997,7.550,179.854,-18.52,20.68,147.69,-17.91,-8.15,174.11,53.609,53.965,-16.5372,0.9234,305.18,189.19,-16.9826,0.7387,,,0.20647,0
192.9553,64,19,2,1,67.00,216.11,capture,281.72,210.45,214.79,0,178.968,7.484,179.819,-18.60,20.70,147.61,-18.12,-7.60,174.10,53.795,54.142,-18.5278,-0.1224,281.72,210.45,-17.6779,0.3512,,,0.21365,0
193.0650,64,19,2,1,67.00,216.11,capture,293.22,192.33,227.47,0,179.008,7.532,179.797,-18.67,20.80,147.43,-18.37,-7.68,174.14,53.544,54.196,-17.3872,0.1885,293.22,192.33,-17.5471,0.2780,,,0.22189,0
193.2536,65,0,0,0,22.33,43.22,dwell,280.37,326.55,383.22,0,179.022,7.437,179.801,-18.63,20.73,147.50,-18.33,-7.39,174.00,53.500,54.426,-22.5177,-0.1349,280.37,326.55,-22.5177,-0.1349,,,0.18508,0
193.3439,65,0,0,0,22.33,43.22,dwell,332.12,321.93,416.71,0,178.977,7.547,179.774,-18.33,20.74,147.74,-17.69,-8.38,174.34,53.869,54.637,-22.2579,2.3004,332.12,321.93,-22.4008,0.9610,,,0.21421,0
193.4428,65,0,0,0,22.33,43.22,dwell,143.93,177.36,181.05,0,178.831,7.580,179.789,-18.48,20.88,147.93,-17.84,-6.95,174.31,53.539,54.457,-16.3696,-6.1882,143.93,177.36,-19.6867,-2.2561,,,0.19077,0
193.5473,65,0,0,0,22.33,43.22,dwell,118.44,182.19,168.96,0,178.951,7.517,179.785,-18.47,20.66,147.83,-18.56,-8.22,174.32,53.524,54.727,-16.1970,-7.7969,118.44,182.19,-18.1164,-4.7495,,,0.20112,0
193.6635,65,0,0,0,22.33,43.22,dwell,188.51,259.92,273.08,0,179.039,7.292,179.808,-18.44,20.88,147.87,-17.20,-8.15,173.93,53.005,54.867,-20.6385,-3.5810,188.51,259.92,-19.2513,-4.2237,,,0.16338,0
193.7733,65,0,0,0,22.33,43.22,dwell,134.55,234.21,221.52,0,178.986,7.251,179.791,-18.38,21.06,148.03,-18.19,-7.74,174.51,53.619,55.019,-18.7026,-6.4383,134.55,234.21,-19.0044,-5.2203,,,0.21088,0
193.8797,65,0,0,0,22.33,43.22,dwell,116.10,240.59,218.51,0,179.121,7.272,179.760,-18.31,21.10,148.26,-18.01,-6.71,174.62,53.810,54.738,-19.1152,-7.7245,116.10,240.59,-19.0543,-6.3472,,,0.22603,0
193.9701,65,0,0,0,22.33,43.22,dwell,136.58,244.52,231.46,0,179.061,7.407,179.775,-18.39,20.85,148.08,-18.16,-8.37,174.67,53.733,54.610,-19.0487,-6.4266,136.58,244.52,-19.0518,-6.3829,,,0.21885,0
194.0597,65,0,0,0,22.33,43.22,capture,127.74,232.45,216.60,0,178.968,7.481,179.805,-18.38,20.64,147.80,-17.59,-8.05,174.46,53.660,54.607,-17.7124,-6.9367,127.74,232.45,-18.4491,-6.6322,,,0.22874,0
194.1579,65,0,0,0,22.33,43.22,capture,104.70,249.44,222.06,0,179.017,7.451,179.846,-18.38,20.55,147.97,-17.51,-7.65,173.92,53.691,54.728,-18.9275,-8.1208,104.70,249.44,-18.6644,-7.3020,,,0.21837,0
194.2719,65,0,0,0,22.33,43.22,capture,122.01,235.62,216.68,0,179.000,7.312,179.809,-18.42,20.86,147.92,-18.11,-8.31,174.35,53.953,54.767,-18.2451,-7.7781,122.01,235.62,-18.4757,-7.5163,,,0.18137,0
194.3853,65,0,0,0,22.33,43.22,capture,116.58,214.40,195.41,0,178.926,7.386,179.824,-18.47,20.82,147.90,-18.29,-7.94,174.39,54.358,54.565,-17.9175,-7.6117,116.58,214.40,-18.2245,-7.5592,,,0.23828,0
194.4673,65,0,0,0,22.33,43.22,capture,123.74,237.31,218.98,0,178.998,7.488,179.804,-18.50,20.61,147.71,-17.95,-7.35,174.39,54.606,54.581,-18.3571,-7.7759,123.74,237.31,-18.2842,-7.6567,,,0.23026,0
194.5588,65,0,0,0,22.33,43.22,capture,128.00,254.29,236.04,0,178.931,7.516,179.792,-18.40,20.58,147.45,-17.58,-7.94,173.84,54.071,54.379,-20.2534,-6.7900,128.00,254.29,-19.1703,-7.2667,,,0.22654,0
194.6696,65,0,0,0,22.33,43.22,capture,146.51,238.74,231.62,0,178.864,7.379,179.804,-18.36,20.66,147.52,-18.01,-7.37,173.48,53.923,54.083,-18.3034,-5.6882,146.51,238.74,-18.7802,-6.5564,,,0.20825,0
194.7788,65,0,0,0,22.33,43.22,capture,127.29,224.17,209.18,0,178.932,7.300,179.779,-18.57,20.56,147.52,-17.36,-6.83,173.68,54.051,53.623,-17.9045,-7.2991,127.29,224.17,-18.3862,-6.8906,,,0.22601,0
194.8856,65,0,0,0,22.33,43.22,capture,129.14,249.56,232.34,0,178.819,7.354,179.792,-18.41,20.61,147.50,-18.06,-8.19,173.79,54.008,53.761,-18.5881,-6.3998,129.14,249.56,-18.4770,-6.6697,,,0.23198,0
194.9985,65,0,0,0,22.33,43.22,capture,104.55,246.09,218.89,0,178.805,7.415,179.833,-18.41,20.62,147.62,-18.42,-8.19,173.83,53.981,53.942,-19.5149,-7.9294,104.55,246.09,-18.9441,-7.2366,,,0.22260,0
195.1166,65,0,0,0,22.33,43.22,capture,117.80,263.76,240.31,0,178.855,7.552,179.830,-18.41,20.64,147.55,-17.62,-6.94,173.66,53.901,54.064,-20.3563,-7.5154,117.80,263.76,-19.5796,-7.3621,,,0.21822,0
195.2246,65,0,0,0,22.33,43.22,capture,122.84,232.00,213.87,0,178.971,7.532,179.825,-18.31,20.50,147.49,-17.88,-7.63,173.69,53.939,54.127,-18.6633,-6.6893,122.84,232.00,-19.1672,-7.0593,,,0.20957,0
195.3377,65,0,0,0,22.33,43.22,capture,118.37,250.03,228.02,0,178.944,7.608,179.832,-18.44,20.45,147.28,-18.16,-7.96,173.79,53.700,54.242,-19.6020,-7.0963,118.37,250.03,-19.3629,-7.0760,,,0.21264,0
195.4213,65,0,0,0,22.33,43.22,capture,125.89,230.60,214.09,0,178.923,7.559,179.824,-18.32,20.40,147.24,-17.71,-8.04,173.11,53.458,54.270,-18.6227,-6.8235,125.89,230.60,-19.0298,-6.9624,,,0.21748,0
195.5221,65,0,0,0,22.33,43.22,capture,136.47,246.44,233.08,0,178.875,7.651,179.804,-18.43,20.43,147.26,-18.23,-7.79,174.07,53.210,54.096,-20.8632,-6.7045,136.47,246.44,-19.8548,-6.8463,,,0.20800,0
195.6270,65,0,0,0,22.33,43.22,capture,129.70,257.68,239.83,0,178.953,7.782,179.795,-18.42,20.46,147.21,-17.62,-8.45,173.02,53.210,54.401,-20.4875,-6.3211,129.70,257.68,-20.1395,-6.6100,,,0.19263,0
195.7340,65,0,0,0,22.33,43.22,capture,129.01,260.19,241.77,0,178.928,7.774,179.776,-18.50,20.41,147.22,-18.22,-8.33,173.17,53.496,54.096,-20.3588,-6.3715,129.01,260.19,-20.2382,-6.5027,,,0.21980,0
195.8301,65,0,0,0,22.33,43.22,capture,139.77,262.31,248.58,0,178.920,7.727,179.782,-18.44,20.45,147.34,-17.96,-8.81,173.20,53.003,54.150,-19.5539,-6.0952,139.77,262.31,-19.9303,-6.3193,,,0.18380,0
195.9468,65,0,0,0,22.33,43.22,capture,95.22,245.25,214.77,0,178.870,7.591,179.795,-18.47,20.37,147.53,-17.73,-8.43,173.46,52.794,53.940,-19.6622,-7.8557,95.22,245.25,-19.8096,-7.0107,,,0.16592,0
196.0468,65,0,0,0,22.33,43.22,capture,120.09,236.06,216.20,0,178.947,7.504,179.806,-18.55,20.53,147.62,-18.61,-7.89,174.05,53.340,53.905,-18.8971,-7.4904,120.09,236.06,-19.3990,-7.2265,,,0.19047,0
196.2297,66,51,5,6,290.33,475.44,dwell,200.91,309.15,188.81,0,178.967,7.664,179.789,-18.43,20.67,147.71,-18.12,-7.70,174.08,53.444,54.184,-22.8168,-3.5161,200.91,309.15,-22.8168,-3.5161,,,0.21324,0
196.3141,66,51,5,6,290.33,475.44,dwell,219.19,275.80,211.94,0,178.865,7.776,179.761,-18.40,20.74,147.77,-18.12,-6.82,173.82,53.472,53.844,-21.0182,-2.5902,219.19,275.80,-22.0074,-3.0994,,,0.19132,0
196.4026,66,51,5,6,290.33,475.44,dwell,135.84,371.86,186.01,0,178.976,7.644,179.755,-18.36,20.55,147.70,-18.61,-7.87,173.73,53.615,54.021,-24.1018,-6.5162,135.84,371.86,-22.9499,-4.6370,,,0.20598,0
196.4877,66,51,5,6,290.33,475.44,dwell,279.24,459.98,19.03,1,178.875,7.690,179.739,-18.50,20.49,147.72,-17.76,-7.74,173.97,53.753,54.369,-27.1930,0.4170,279.24,459.98,-24.8593,-2.3627,,,0.21084,0
196.6060,66,51,5,6,290.33,475.44,dwell,154.71,400.85,154.78,0,178.734,7.658,179.758,-18.48,20.61,147.79,-18.03,-8.52,174.32,53.683,54.668,-25.4615,-5.3587,154.71,400.85,-25.1303,-3.7109,,,0.20624,0
196.7126,66,51,5,6,290.33,475.44,dwell,286.28,456.17,19.70,1,178.895,7.844,179.725,-18.41,20.55,147.77,-17.67,-8.17,173.86,53.277,54.363,-27.5001,0.6309,286.28,456.17,-26.1967,-1.7571,,,0.21235,0
196.8013,66,51,5,6,290.33,475.44,dwell,283.50,526.58,51.59,0,178.884,7.969,179.717,-18.47,20.52,147.73,-18.49,-8.42,174.13,53.573,54.153,-30.7531,0.1333,283.50,526.58,-28.2471,-0.9064,,,0.21443,0
196.9118,66,51,5,6,290.33,475.44,dwell,310.32,553.40,80.48,0,178.818,8.106,179.761,-18.49,20.35,147.64,-18.32,-7.70,173.67,53.780,53.885,-31.3573,2.3397,310.32,553.40,-29.6467,0.5543,,,0.21970,0
197.0050,66,51,5,6,290.33,475.44,dwell,300.25,561.90,87.02,0,178.787,8.098,179.744,-18.61,20.44,147.89,-17.31,-7.23,174.01,53.683,54.202,-31.7689,1.0426,300.25,561.90,-30.6017,0.7741,,,0.21648,0
197.1068,66,51,5,6,290.33,475.44,capture,333.63,602.54,134.27,0,178.896,8.147,179.760,-18.57,20.73,147.82,-17.99,-8.01,174.36,53.876,54.320,-33.1626,2.3259,333.63,602.54,-31.7541,1.4724,,,0.21367,0
197.2190,66,51,5,6,290.33,475.44,capture,365.98,612.32,156.39,0,178.903,8.114,179.767,-18.50,20.85,147.77,-18.32,-7.94,174.16,53.755,54.085,-33.3149,4.0389,365.98,612.32,-32.4565,2.6273,,,0.20481,0
197.3212,66,51,5,6,290.33,475.44,capture,334.27,597.22,129.46,0,178.910,8.213,179.756,-18.57,20.73,147.87,-18.23,-6.72,174.45,53.739,54.219,-33.5016,2.6280,334.27,597.22,-32.9268,2.6276,,,0.21375,0
197.4032,66,51,5,6,290.33,475.44,capture,327.59,590.94,121.36,0,178.888,8.165,179.751,-18.56,20.71,147.59,-17.68,-8.30,173.63,53.865,54.159,-33.6176,2.0137,327.59,590.94,-33.2376,2.3514,,,0.20276,0
197.4954,66,51,5,6,290.33,475.44,capture,333.15,611.26,142.40,0,178.806,8.132,179.808,-18.44,20.77,147.62,-17.57,-7.15,173.92,53.894,54.464,-32.6874,2.6711,333.15,611.26,-32.9900,2.4952,,,0.21007,0
197.5934,66,51,5,6,290.33,475.44,capture,319.41,638.42,165.55,0,178.655,8.083,179.845,-18.52,20.79,147.57,-18.00,-7.34,173.61,53.802,54.517,-34.4740,1.9506,319.41,638.42,-33.6578,2.2502,,,0.22892,0
197.6944,66,51,5,6,290.33,475.44,capture,331.73,584.44,116.59,0,178.725,8.193,179.817,-18.54,20.85,147.54,-17.77,-7.73,173.85,53.714,54.260,-31.9949,2.2532,331.73,584.44,-32.9095,2.2515,,,0.20343,0
197.8034,66,51,5,6,290.33,475.44,capture,340.87,601.28,135.60,0,178.769,8.157,179.831,-18.57,20.70,147.47,-17.76,-7.29,173.51,53.843,54.261,-33.3859,3.0974,340.87,601.28,-33.1239,2.6322,,,0.24063,0
197.8964,66,51,5,6,290.33,475.44,capture,341.79,597.67,132.62,0,178.869,8.211,179.829,-18.46,20.63,147.40,-18.51,-8.03,173.95,53.425,54.445,-33.4276,2.2675,341.79,597.67,-33.2606,2.4681,,,0.18863,0
198.0132,66,51,5,6,290.33,475.44,capture,326.60,585.30,115.69,0,178.769,8.203,179.860,-18.43,20.78,147.41,-17.89,-8.63,174.18,53.353,54.025,-33.0639,2.7647,326.60,585.30,-33.1721,2.6016,,,0.18999,0
198.1194,66,51,5,6,290.33,475.44,capture,323.54,577.12,106.96,0,178.833,8.338,179.824,-18.48,20.76,147.23,-17.44,-7.97,173.15,53.743,54.130,-32.0464,2.2155,323.54,577.12,-32.6655,2.4278,,,0.20210,0
198.2233,66,51,5,6,290.33,475.44,capture,322.94,617.39,145.64,0,178.812,8.348,179.833,-18.43,20.81,147.31,-17.86,-8.09,173.44,53.218,54.746,-33.8690,1.7914,322.94,617.39,-33.2071,2.1414,,,0.18930,0
198.3242,66,51,5,6,290.33,475.44,capture,333.87,606.77,138.35,0,178.866,8.300,179.791,-18.32,20.64,147.39,-17.67,-7.52,173.57,53.192,54.800,-32.3831,2.5966,333.87,606.77,-32.8363,2.3462,,,0.19862,0
198.4477,66,51,5,6,290.33,475.44,capture,331.50,616.87,147.30,0,178.811,8.373,179.812,-18.28,20.75,147.27,-17.74,-8.52,173.41,53.271,54.578,-34.1890,2.5042,331.50,616.87,-33.4450,2.4173,,,0.19194,0
198.5432,66,51,5,6,290.33,475.44,capture,351.89,601.45,140.24,0,178.828,8.404,179.800,-18.30,20.77,147.22,-17.85,-7.26,174.14,53.193,54.087,-33.4534,3.6403,351.89,601.45,-33.4488,2.9677,,,0.19269,0
198.6324,66,51,5,6,290.33,475.44,capture,345.03,578.29,116.49,0,178.871,8.489,179.790,-18.23,20.71,147.31,-17.64,-8.12,173.63,53.399,54.444,-32.1950,2.8398,345.03,578.29,-32.8846,2.9101,,,0.21115,0
198.7150,66,51,5,6,290.33,475.44,capture,335.96,620.22,151.80,0,178.904,8.380,179.798,-18.17,20.68,147.26,-17.98,-8.71,173.20,53.370,54.406,-33.3593,2.5827,335.96,620.22,-33.0982,2.7628,,,0.21965,0
198.8060,66,51,5,6,290.33,475.44,capture,342.45,616.25,150.14,0,178.886,8.332,179.820,-18.11,20.83,147.26,-17.82,-7.67,173.73,53.314,54.066,-33.7374,3.3057,342.45,616.25,-33.3858,3.0071,,,0.18866,0
198.9172,66,51,5,6,290.33,475.44,capture,349.44,603.98,141.47,0,179.027,8.305,179.827,-18.13,20.74,147.30,-17.47,-6.75,173.28,53.795,54.225,-33.1874,3.2154,349.44,603.98,-33.2966,3.1008,,,0.20863,0
199.0278,66,51,5,6,290.33,475.44,capture,358.36,615.88,156.04,0,178.974,8.344,179.819,-18.10,20.93,147.27,-18.15,-8.23,173.32,53.628,54.077,-33.5828,3.1167,358.36,615.88,-33.4254,3.1080,,,0.21590,0
199.2023,67,35,3,8,379.67,302.56,dwell,412.89,481.90,182.40,0,178.990,8.276,179.800,-18.17,20.83,147.24,-17.93,-8.72,173.54,53.574,54.092,-28.2135,6.6049,412.89,481.90,-28.2135,6.6049,,,0.18652,0
199.3215,67,35,3,8,379.67,302.56,dwell,323.73,609.22,311.72,0,178.990,8.437,179.792,-18.23,20.75,147.33,-17.82,-7.39,174.02,53.490,54.154,-33.2430,1.9647,323.73,609.22,-30.4768,4.5168,,,0.20075,0
199.4097,67,35,3,8,379.67,302.56,dwell,367.36,371.15,69.69,0,179.085,8.386,179.813,-18.13,20.95,147.47,-18.09,-7.37,173.45,53.363,53.983,-24.3704,4.3073,367.36,371.15,-27.7289,4.4225,,,0.22829,0
199.5128,67,35,3,8,379.67,302.56,dwell,385.44,390.56,88.19,0,179.008,8.436,179.827,-18.11,20.87,147.36,-16.77,-8.31,173.74,53.362,54.095,-25.0021,5.0237,385.44,390.56,-26.5018,4.6931,,,0.21013,0
199.6056,67,35,3,8,379.67,302.56,dwell,350.06,361.06,65.57,0,179.017,8.329,179.823,-18.12,20.78,147.41,-17.59,-7.86,173.86,53.854,54.349,-23.4601,3.5148,350.06,361.06,-25.1331,4.1629,,,0.21512,0
199.6877,67,35,3,8,379.67,302.56,dwell,427.03,376.70,87.98,0,178.983,8.290,179.816,-18.10,20.69,147.46,-18.23,-7.51,173.78,53.646,54.352,-24.1127,7.2710,427.03,376.70,-24.6739,5.5615,,,0.19915,0
199.7866,67,35,3,8,379.67,302.56,dwell,384.25,362.83,60.45,0,179.032,8.238,179.800,-18.19,20.61,147.35,-17.86,-8.13,173.28,53.545,54.176,-23.8112,3.9959,384.25,362.83,-24.2857,4.8570,,,0.19564,0
199.8686,67,35,3,8,379.67,302.56,dwell,424.53,340.21,58.57,0,179.148,8.191,179.807,-18.29,20.69,147.46,-17.69,-7.85,173.79,53.809,54.248,-23.1164,6.8111,424.53,340.21,-23.7595,5.7363,,,0.21511,0
199.9716,67,35,3,8,379.67,302.56,capture,413.72,287.72,37.14,0,179.138,8.127,179.867,-18.24,20.66,147.46,-17.76,-7.92,173.39,53.852,54.510,-21.7619,6.4407,413.72,287.72,-22.8606,6.0533,,,0.19245,0
200.0931,67,35,3,8,379.67,302.56,capture,425.42,299.43,45.86,0,178.988,8.004,179.857,-18.20,20.74,147.48,-17.64,-8.05,173.71,53.640,54.546,-21.9994,6.7758,425.42,299.43,-22.4730,6.3784,,,0.22262,0
200.2276,67,35,3,8,379.67,302.56,capture,437.06,306.14,57.51,0,179.101,8.026,179.856,-18.13,20.69,147.68,-17.59,-8.18,173.89,53.494,54.447,-21.6357,7.5670,437.06,306.14,-22.0962,6.9133,,,0.20836,0
200.3395,67,35,3,8,379.67,302.56,capture,415.50,294.09,36.82,0,179.050,7.927,179.867,-18.03,20.79,147.38,-17.64,-7.51,173.95,53.652,54.150,-20.5128,6.5126,415.50,294.09,-21.3837,6.7330,,,0.19897,0
200.4392,67,35,3,8,379.67,302.56,capture,430.53,288.06,52.89,0,178.983,7.800,179.872,-17.98,20.78,147.47,-17.04,-8.54,173.67,53.514,53.585,-21.2800,6.9492,430.53,288.06,-21.3370,6.8303,,,0.21848,0
200.5471,67,35,3,8,379.67,302.56,capture,432.33,266.06,64.07,0,178.925,8.031,179.888,-18.09,20.75,147.40,-18.07,-7.32,173.98,53.386,53.873,-20.8328,7.7034,432.33,266.06,-21.1101,7.2232,,,0.21120,0
200.6468,67,35,3,8,379.67,302.56,capture,406.94,306.76,27.60,0,178.940,7.988,179.851,-18.16,20.71,147.26,-17.63,-7.69,173.88,53.160,54.060,-21.2697,5.7221,406.94,306.76,-21.1819,6.5477,,,0.17540,0
200.7476,67,35,3,8,379.67,302.56,capture,404.27,317.76,28.92,0,178.886,8.052,179.840,-18.11,20.78,147.28,-18.30,-6.93,173.78,53.581,53.908,-21.9724,5.4578,404.27,317.76,-21.5376,6.0572,,,0.19575,0
200.8511,67,35,3,8,379.67,302.56,capture,420.74,298.33,41.29,0,178.784,8.000,179.842,-18.26,20.93,147.47,-17.63,-7.59,173.45,53.448,53.608,-21.2360,6.8056,420.74,298.33,-21.4019,6.3940,,,0.19506,0
200.9593,67,35,3,8,379.67,302.56,capture,440.75,264.55,71.94,0,178.709,7.981,179.808,-18.36,20.88,147.61,-18.09,-7.44,174.55,52.971,53.854,-20.0666,7.7751,440.75,264.55,-20.8010,7.0155,,,0.20162,0
201.0521,67,35,3,8,379.67,302.56,capture,402.68,279.93,32.27,0,178.669,8.037,179.827,-18.42,21.16,147.65,-17.80,-7.70,173.77,53.464,53.848,-20.1819,6.1649,402.68,279.93,-20.5224,6.6327,,,0.22703,0
201.1626,67,35,3,8,379.67,302.56,capture,425.23,299.62,45.66,0,178.578,8.071,179.804,-18.45,21.17,147.71,-17.75,-7.57,173.88,53.704,53.499,-21.8121,6.9728,425.23,299.62,-21.1028,6.7858,,,0.20832,0
201.2688,67,35,3,8,379.67,302.56,capture,433.88,306.05,54.33,0,178.629,8.201,179.842,-18.39,21.29,147.85,-18.46,-7.05,174.14,53.646,53.906,-22.1369,7.3401,433.88,306.05,-21.5682,7.0352,,,0.24140,0
201.3612,67,35,3,8,379.67,302.56,capture,412.25,257.28,55.78,0,178.834,8.126,179.829,-18.41,21.22,147.86,-18.14,-7.84,174.84,53.609,54.282,-19.6503,6.7240,412.25,257.28,-20.7051,6.8952,,,0.19501,0
201.4540,67,35,3,8,379.67,302.56,capture,415.30,286.40,39.12,0,178.856,8.131,179.827,-18.53,21.17,147.89,-17.54,-7.31,173.79,53.809,54.845,-20.8217,6.2983,415.30,286.40,-20.7576,6.6266,,,0.22197,0
201.5653,67,35,3,8,379.67,302.56,capture,416.68,302.95,37.02,0,178.902,8.136,179.801,-18.51,21.09,148.02,-17.82,-7.57,174.04,53.697,54.894,-21.1147,6.7434,416.68,302.95,-20.9183,6.6791,,,0.22560,0
201.6738,67,35,3,8,379.67,302.56,capture,404.06,283.50,30.95,0,178.917,8.010,179.798,-18.79,21.13,148.08,-18.04,-7.31,174.75,53.682,54.718,-20.8889,6.5297,404.06,283.50,-20.9051,6.6119,,,0.23162,0
201.7825,67,35,3,8,379.67,302.56,capture,422.66,280.41,48.36,0,178.944,8.076,179.826,-18.83,21.09,148.15,-18.29,-8.13,174.67,53.383,55.129,-20.9596,6.3570,422.66,280.41,-20.9296,6.4972,,,0.19860,0
201.9669,68,55,6,1,67.00,561.89,dwell,346.27,564.99,279.29,0,178.886,8.090,179.847,-18.90,21.15,147.92,-18.29,-7.98,174.49,53.410,55.256,-32.0507,3.0292,346.27,564.99,-32.0507,3.0292,,,0.23274,0
202.0713,68,55,6,1,67.00,561.89,dwell,243.61,295.64,319.50,0,179.028,8.205,179.836,-18.83,21.14,147.92,-17.85,-7.39,174.42,53.112,55.138,-21.9452,-1.1624,243.61,295.64,-27.5032,1.1430,,,0.19979,0
202.1651,68,55,6,1,67.00,561.89,dwell,182.22,384.74,211.32,0,179.042,8.139,179.806,-18.74,21.04,147.86,-18.11,-7.23,174.36,53.151,55.015,-25.1494,-4.6095,182.22,384.74,-26.4440,-1.4457,,,0.18782,0
202.2863,68,55,6,1,67.00,561.89,dwell,262.55,300.28,326.62,0,178.958,8.028,179.825,-18.87,21.02,147.96,-17.79,-7.67,174.43,53.701,54.788,-21.9481,-0.5054,262.55,300.28,-24.4208,-1.0226,,,0.21453,0
202.3851,68,55,6,1,67.00,561.89,dwell,174.35,343.74,243.13,0,178.922,8.029,179.804,-18.82,21.05,147.68,-18.19,-8.18,173.83,53.971,54.202,-23.2107,-4.7036,174.35,343.74,-23.8763,-2.6790,,,0.20540,0
202.4671,68,55,6,1,67.00,561.89,dwell,158.65,346.12,234.43,0,178.984,8.019,179.816,-18.73,21.12,147.63,-18.27,-7.53,174.03,53.507,53.902,-22.3014,-5.5440,158.65,346.12,-23.1676,-3.9683,,,0.20436,0
202.5691,68,55,6,1,67.00,561.89,dwell,164.11,368.92,216.03,0,178.910,8.128,179.833,-18.82,21.09,147.68,-18.11,-7.40,174.10,53.858,54.028,-24.7412,-5.4615,164.11,368.92,-23.8757,-4.6402,,,0.20318,0
202.6599,68,55,6,1,67.00,561.89,dwell,104.86,374.11,191.56,0,178.934,8.119,179.848,-18.66,20.93,147.57,-18.38,-8.06,174.28,53.752,54.312,-24.1976,-7.5128,104.86,374.11,-24.0206,-5.9329,,,0.19813,0
202.7663,68,55,6,1,67.00,561.89,dwell,114.26,377.77,190.09,0,178.890,8.086,179.821,-18.77,21.08,147.76,-18.48,-7.83,174.52,53.742,54.364,-25.3398,-7.1625,114.26,377.77,-24.6142,-6.4862,,,0.22575,0
202.8714,68,55,6,1,67.00,561.89,dwell,81.96,315.16,247.18,0,179.028,8.109,179.798,-18.79,21.06,147.67,-18.31,-7.76,173.59,53.933,54.107,-22.4684,-8.6873,81.96,315.16,-23.6486,-7.4767,,,0.22435,0
202.9861,68,55,6,1,67.00,561.89,dwell,16.65,340.51,227.03,0,178.929,8.244,179.776,-18.82,21.01,147.79,-18.76,-7.62,174.40,53.588,53.880,-22.2851,-12.2068,16.65,340.51,-23.0350,-9.6053,,,0.19609,0
203.0773,68,55,6,1,67.00,561.89,capture,26.50,357.82,208.05,0,178.858,8.172,179.804,-18.64,20.97,147.81,-18.59,-6.62,173.87,53.679,53.516,-23.8031,-12.1779,26.50,357.82,-23.3807,-10.7629,,,0.19718,0
203.1869,68,55,6,1,67.00,561.89,capture,38.50,363.56,200.37,0,178.825,8.194,179.791,-18.62,20.89,147.81,-17.80,-7.37,174.53,54.149,53.699,-22.8515,-11.1699,38.50,363.56,-23.1425,-10.9461,,,0.23243,0
203.2929,68,55,6,1,67.00,561.89,capture,28.22,350.06,215.35,0,178.921,8.209,179.815,-18.51,20.92,147.80,-17.31,-7.69,174.64,54.290,53.507,-23.3536,-12.1555,28.22,350.06,-23.2375,-11.4903,,,0.22322,0
203.3938,68,55,6,1,67.00,561.89,capture,26.27,358.01,207.91,0,178.898,8.230,179.802,-18.52,20.76,147.60,-18.02,-8.02,173.92,54.126,53.350,-23.9018,-11.9938,26.27,358.01,-23.5364,-11.7169,,,0.26754,0
203.5106,68,55,6,1,67.00,561.89,capture,38.80,354.81,208.99,0,178.756,8.322,179.794,-18.43,20.90,147.82,-18.23,-7.96,174.30,53.914,53.765,-23.8404,-10.6100,38.80,354.81,-23.6732,-11.2188,,,0.23088,0
203.6235,68,55,6,1,67.00,561.89,capture,22.08,353.11,213.56,0,178.682,8.158,179.833,-18.43,20.90,147.79,-17.78,-7.45,174.34,54.904,53.503,-23.1407,-11.5877,22.08,353.11,-23.4336,-11.3848,,,0.25231,0
203.7179,68,55,6,1,67.00,561.89,capture,26.29,357.01,208.88,0,178.629,8.290,179.837,-18.34,20.61,147.59,-17.97,-7.69,174.60,54.681,53.754,-23.4142,-12.6805,26.29,357.01,-23.4249,-11.9679,,,0.25977,0
203.8219,68,55,6,1,67.00,561.89,capture,25.97,346.17,219.59,0,178.675,8.195,179.831,-18.30,20.62,147.45,-17.69,-7.85,173.59,54.629,53.860,-23.9337,-11.5895,25.97,346.17,-23.6539,-11.7976,,,0.22740,0
203.9265,68,55,6,1,67.00,561.89,capture,7.81,331.97,237.42,0,178.850,8.319,179.832,-18.31,20.62,147.46,-17.89,-7.41,173.44,54.709,54.021,-22.0991,-11.8880,7.81,331.97,-22.9542,-11.8383,,,0.21569,0
204.0217,68,55,6,1,67.00,561.89,capture,5.69,379.96,191.98,0,178.873,8.304,179.841,-18.30,20.63,147.41,-17.96,-7.94,173.56,54.757,53.894,-24.3918,-12.5348,5.69,379.96,-23.6011,-12.1517,,,0.22764,0
204.1192,68,55,6,1,67.00,561.89,capture,48.30,373.89,188.93,0,179.030,8.391,179.823,-18.30,20.66,147.41,-18.24,-8.93,174.04,54.622,53.809,-24.4443,-9.9387,48.30,373.89,-23.9805,-11.1558,,,0.21304,0
204.2124,68,55,6,1,67.00,561.89,capture,23.21,361.54,205.08,0,179.101,8.393,179.804,-18.30,20.61,147.32,-18.17,-7.60,173.97,54.572,53.758,-24.0406,-11.9159,23.21,361.54,-24.0076,-11.4979,,,0.22881,0
204.3121,68,55,6,1,67.00,561.89,capture,17.72,383.78,184.80,0,179.043,8.444,179.790,-18.25,20.56,147.27,-17.50,-7.90,173.66,54.358,54.026,-24.6697,-11.7687,17.72,383.78,-24.3055,-11.6197,,,0.24581,0
204.4183,68,55,6,1,67.00,561.89,capture,22.45,382.13,185.20,0,179.025,8.472,179.773,-18.20,20.54,147.29,-17.82,-8.59,173.87,54.142,54.133,-24.9710,-11.6232,22.45,382.13,-24.6050,-11.6213,,,0.22861,0
204.5246,68,55,6,1,67.00,561.89,capture,41.10,374.44,189.23,0,178.971,8.379,179.791,-18.28,20.53,147.42,-18.65,-8.00,173.70,54.290,54.136,-23.4850,-10.4528,41.10,374.44,-24.1010,-11.0955,,,0.26384,0
204.6344,68,55,6,1,67.00,561.89,capture,33.97,392.10,172.97,0,179.068,8.427,179.828,-18.20,20.58,147.57,-17.65,-7.81,174.15,54.065,54.205,-24.7437,-11.4311,33.97,392.10,-24.3902,-11.2465,,,0.20750,0
204.7521,68,55,6,1,67.00,561.89,capture,22.66,378.91,188.27,0,179.029,8.404,179.813,-18.27,20.84,147.57,-17.48,-8.58,174.41,53.909,53.842,-24.3096,-12.6289,22.66,378.91,-24.3540,-11.8686,,,0.18860,0
204.8514,68,55,6,1,67.00,561.89,capture,54.11,401.01,161.39,0,179.057,8.388,179.855,-18.35,20.75,147.66,-18.29,-8.41,173.94,53.938,53.447,-25.0009,-10.0226,54.11,401.01,-24.6451,-11.0379,,,0.22410,0
204.9458,68,55,6,1,67.00,561.89,capture,36.57,370.93,193.37,0,178.990,8.228,179.851,-18.35,20.50,147.54,-17.84,-7.87,173.72,53.918,53.580,-24.2875,-11.5114,36.57,370.93,-24.4842,-11.2510,,,0.21013,0
205.0613,68,55,6,1,67.00,561.89,capture,39.37,371.79,192.10,0,178.938,8.357,179.819,-18.32,20.50,147.48,-17.59,-7.75,173.41,53.975,53.602,-23.8656,-11.5979,39.37,371.79,-24.2058,-11.4071,,,0.23423,0
205.2403,69,78,8,6,290.33,734.78,dwell,88.37,344.79,439.18,0,178.978,8.438,179.816,-18.26,20.46,147.37,-17.99,-7.88,173.40,53.787,53.778,-23.4961,-9.4567,88.37,344.79,-23.4961,-9.4567,,,0.24961,0
205.3312,69,78,8,6,290.33,734.78,dwell,96.54,464.69,332.42,0,178.855,8.457,179.830,-18.24,20.55,147.34,-17.31,-8.27,173.58,54.084,54.406,-28.2393,-8.4266,96.54,464.69,-25.6306,-8.9931,,,0.22035,0
205.4227,69,78,8,6,290.33,734.78,dwell,329.06,399.25,337.76,0,178.856,8.526,179.793,-18.25,20.33,147.29,-17.38,-7.48,173.57,54.109,54.712,-25.5250,2.0263,329.06,399.25,-25.5831,-4.0344,,,0.23914,0
205.5150,69,78,8,6,290.33,734.78,dwell,308.04,482.34,253.06,0,178.716,8.528,179.781,-18.35,20.26,147.24,-18.83,-8.62,173.85,54.148,54.622,-29.0515,1.5345,308.04,482.34,-27.1439,-1.5284,,,0.23210,0
205.5970,69,78,8,6,290.33,734.78,dwell,195.19,502.11,251.37,0,178.738,8.506,179.785,-18.25,20.23,147.36,-17.91,-8.25,174.08,54.024,54.490,-29.5729,-3.8886,195.19,502.11,-28.2370,-2.5905,,,0.23074,0
205.6915,69,78,8,6,290.33,734.78,dwell,273.41,424.50,310.74,0,178.762,8.693,179.809,-18.33,20.50,147.37,-17.80,-7.74,173.35,53.660,54.408,-25.7598,0.0409,273.41,424.50,-27.1222,-1.4063,,,0.19827,0
205.8107,69,78,8,6,290.33,734.78,dwell,327.17,478.73,258.68,0,178.700,8.713,179.831,-18.39,20.38,147.25,-18.50,-8.19,173.91,53.669,54.482,-29.1252,2.2024,327.17,478.73,-28.0236,0.2176,,,0.20346,0
205.9119,69,78,8,6,290.33,734.78,dwell,348.74,509.72,232.51,0,178.704,8.710,179.842,-18.27,20.30,147.23,-17.33,-8.26,173.46,53.433,54.434,-30.0311,3.3427,348.74,509.72,-28.9270,1.6239,,,0.20825,0
206.0071,69,78,8,6,290.33,734.78,capture,366.14,560.03,190.48,0,178.692,8.738,179.841,-18.23,20.22,147.47,-17.60,-8.62,173.82,53.132,54.271,-30.3668,4.2299,366.14,560.03,-29.5749,2.7966,,,0.19842,0
206.1085,69,78,8,6,290.33,734.78,capture,364.01,545.09,203.49,0,178.592,8.708,179.828,-18.28,20.24,147.48,-18.03,-8.52,173.76,53.077,54.175,-30.9565,4.4359,364.01,545.09,-30.1966,3.5343,,,0.17704,0
206.2227,69,78,8,6,290.33,734.78,capture,385.88,571.44,189.23,0,178.618,8.759,179.826,-18.30,20.41,147.31,-17.92,-7.70,173.57,53.117,54.549,-33.1452,4.5969,385.88,571.44,-31.5235,4.0125,,,0.18881,0
206.3153,69,78,8,6,290.33,734.78,capture,334.72,566.28,174.25,0,178.619,8.814,179.815,-18.28,20.50,147.54,-17.97,-8.20,174.22,53.345,54.615,-31.9683,2.3335,334.72,566.28,-31.7237,3.2569,,,0.21246,0
206.4202,69,78,8,6,290.33,734.78,capture,374.58,550.11,202.98,0,178.578,8.825,179.851,-18.25,20.40,147.46,-18.21,-8.24,173.86,53.296,54.206,-30.0874,4.2458,374.58,550.11,-30.9873,3.7019,,,0.22688,0
206.5113,69,78,8,6,290.33,734.78,capture,384.52,587.82,174.55,0,178.665,8.856,179.846,-18.11,20.55,147.39,-17.77,-7.95,173.65,53.143,54.357,-33.3643,4.7988,384.52,587.82,-32.0570,4.1955,,,0.19762,0
206.5947,69,78,8,6,290.33,734.78,capture,367.62,555.14,195.56,0,178.635,8.868,179.848,-18.09,20.44,147.41,-17.85,-8.40,174.37,53.483,54.506,-31.3789,4.2638,367.62,555.14,-31.7518,4.2263,,,0.18875,0
206.6876,69,78,8,6,290.33,734.78,capture,375.05,550.89,202.46,0,178.737,8.696,179.839,-18.16,20.43,147.69,-17.63,-8.16,173.88,53.883,54.141,-31.5125,4.8830,375.05,550.89,-31.6441,4.5218,,,0.21694,0
206.7958,69,78,8,6,290.33,734.78,capture,394.97,543.26,218.24,0,178.728,8.632,179.852,-18.21,20.49,147.89,-17.75,-8.29,174.32,53.938,54.271,-30.4944,5.6222,394.97,543.26,-31.1268,5.0170,,,0.22154,0
206.9235,69,78,8,6,290.33,734.78,capture,385.45,563.10,196.27,0,178.788,8.635,179.862,-18.26,20.39,148.12,-17.36,-7.57,174.73,53.740,53.771,-31.2948,5.3581,385.45,563.10,-31.2024,5.1705,,,0.21750,0
207.0289,69,78,8,6,290.33,734.78,capture,376.36,565.50,189.88,0,178.772,8.583,179.853,-18.29,20.29,148.08,-17.60,-8.27,174.39,53.581,54.157,-30.6454,4.3938,376.36,565.50,-30.9518,4.8210,,,0.20788,0
207.1504,69,78,8,6,290.33,734.78,capture,370.20,555.37,196.38,0,178.704,8.541,179.826,-18.40,20.11,148.04,-18.14,-8.62,174.39,53.615,54.230,-30.7562,4.7980,370.20,555.37,-30.8637,4.8107,,,0.21457,0
207.2570,69,78,8,6,290.33,734.78,capture,388.02,567.44,193.76,0,178.736,8.555,179.837,-18.41,20.20,147.90,-17.77,-7.73,174.03,53.539,54.184,-31.4087,5.4396,388.02,567.44,-31.1090,5.0937,,,0.20232,0
207.3447,69,78,8,6,290.33,734.78,capture,390.21,551.46,208.76,0,178.823,8.785,179.816,-18.55,20.20,147.67,-18.22,-8.37,174.27,53.896,54.319,-31.1057,5.5450,390.21,551.46,-31.1075,5.2968,,,0.20712,0
207.4288,69,78,8,6,290.33,734.78,capture,359.08,554.87,192.60,0,178.854,8.907,179.836,-18.54,20.29,147.50,-17.87,-8.25,173.96,53.827,54.424,-31.4008,3.9967,359.08,554.87,-31.2395,4.7117,,,0.20722,0
207.5205,69,78,8,6,290.33,734.78,capture,371.49,526.07,223.93,0,178.883,8.887,179.845,-18.66,20.42,147.88,-18.34,-8.15,174.22,54.017,54.181,-29.9527,4.7193,371.49,526.07,-30.6604,4.7151,,,0.20452,0
207.6249,69,78,8,6,290.33,734.78,capture,397.90,572.26,194.89,0,179.020,9.056,179.826,-18.63,20.31,147.78,-18.28,-8.50,173.59,54.368,54.453,-32.7100,5.9459,397.90,572.26,-31.5827,5.2690,,,0.24501,0
207.7402,69,78,8,6,290.33,734.78,capture,378.86,558.32,197.42,0,179.064,9.093,179.820,-18.45,20.51,147.86,-18.15,-8.19,173.78,54.057,54.096,-31.0387,4.7270,378.86,558.32,-31.3379,5.0251,,,0.21706,0
207.8419,69,78,8,6,290.33,734.78,capture,383.69,549.77,207.23,0,178.934,9.118,179.829,-18.54,20.55,147.73,-17.90,-7.30,174.20,53.866,54.054,-31.1480,4.5303,383.69,549.77,-31.2524,4.8024,,,0.20483,0
208.0180,70,38,4,2,111.67,389.00,dwell,414.19,543.79,339.82,0,178.843,9.085,179.785,-18.50,20.37,147.64,-17.91,-8.11,174.33,53.764,53.625,-31.6945,6.6054,414.19,543.79,-31.6945,6.6054,,,0.22748,0
208.1179,70,38,4,2,111.67,389.00,dwell,376.20,539.92,304.56,0,178.926,8.809,179.787,-18.49,20.46,147.66,-18.23,-7.69,173.89,53.665,53.451,-31.3252,4.6709,376.20,539.92,-31.5283,5.7349,,,0.23534,0
208.2148,70,38,4,2,111.67,389.00,dwell,275.41,490.58,192.69,0,179.017,8.813,179.810,-18.44,20.53,147.49,-17.96,-7.86,173.40,53.685,53.203,-29.2075,-0.5619,275.41,490.58,-30.4839,2.9013,,,0.21098,0
208.3150,70,38,4,2,111.67,389.00,dwell,183.45,425.01,80.31,0,179.023,8.806,179.816,-18.43,20.51,147.33,-17.55,-8.80,173.32,54.063,53.034,-27.4374,-4.5729,183.45,425.01,-29.1130,-0.4621,,,0.21365,0
208.4119,70,38,4,2,111.67,389.00,dwell,181.94,411.04,73.65,0,179.070,8.747,179.818,-18.38,20.50,147.47,-17.43,-7.99,173.76,53.995,53.333,-25.9997,-4.1254,181.94,411.04,-27.7120,-2.1106,,,0.23583,0
208.5177,70,38,4,2,111.67,389.00,dwell,96.57,577.00,188.61,0,179.038,8.671,179.836,-18.41,20.38,147.36,-18.20,-8.04,173.84,53.378,53.349,-32.1449,-8.7153,96.57,577.00,-29.7068,-5.0827,,,0.20380,0
208.6181,70,38,4,2,111.67,389.00,dwell,156.75,429.03,60.29,0,178.974,8.783,179.817,-18.51,20.43,147.29,-18.24,-7.76,173.76,53.414,53.648,-26.5812,-5.1095,156.75,429.03,-28.3003,-5.0948,,,0.21939,0
208.7198,70,38,4,2,111.67,389.00,dwell,103.84,484.19,95.51,0,178.898,8.750,179.815,-18.49,20.50,147.43,-18.01,-7.44,174.13,53.249,53.771,-28.9244,-8.5227,103.84,484.19,-28.5811,-6.6373,,,0.17660,0
208.8107,70,38,4,2,111.67,389.00,dwell,117.40,467.81,79.02,0,179.049,8.714,179.846,-18.41,20.40,147.57,-18.29,-7.91,174.00,53.485,54.129,-27.4987,-6.9957,117.40,467.81,-28.0940,-6.7986,,,0.20449,0
208.9076,70,38,4,2,111.67,389.00,dwell,79.08,458.18,76.47,0,179.142,8.658,179.837,-18.55,20.38,147.53,-18.30,-8.03,173.84,53.278,54.196,-26.7713,-9.0428,79.08,458.18,-27.4988,-7.8085,,,0.18603,0
208.9965,70,38,4,2,111.67,389.00,capture,64.50,409.53,51.44,0,179.114,8.544,179.804,-18.43,20.31,147.73,-17.63,-8.63,174.05,53.429,54.287,-25.9796,-9.9352,64.50,409.53,-26.8152,-8.7655,,,0.20430,0
209.0889,70,38,4,2,111.67,389.00,capture,48.66,418.47,69.56,0,179.139,8.473,179.784,-18.54,20.34,147.92,-17.87,-9.04,174.31,53.219,54.400,-26.2256,-10.8158,48.66,418.47,-26.5499,-9.6881,,,0.22278,0
209.1897,70,38,4,2,111.67,389.00,capture,57.52,412.71,59.11,0,179.059,8.575,179.811,-18.41,20.33,147.79,-18.43,-7.47,174.26,53.233,54.498,-25.6376,-10.3627,57.52,412.71,-26.1394,-9.9917,,,0.20590,0
209.2766,70,38,4,2,111.67,389.00,capture,62.93,404.32,51.09,0,179.083,8.484,179.823,-18.36,20.05,147.89,-17.74,-8.18,174.58,53.312,54.071,-24.5720,-10.1673,62.93,404.32,-25.4341,-10.0707,,,0.20529,0
209.3737,70,38,4,2,111.67,389.00,capture,64.70,420.59,56.60,0,179.019,8.311,179.801,-18.44,20.20,147.58,-18.63,-8.15,173.88,53.638,54.797,-25.2753,-10.3694,64.70,420.59,-25.3626,-10.2051,,,0.22459,0
209.5048,70,38,4,2,111.67,389.00,capture,41.15,411.32,73.96,0,179.170,8.195,179.785,-18.42,20.27,147.58,-18.05,-7.23,173.91,53.586,54.920,-25.9267,-11.1827,41.15,411.32,-25.6164,-10.6451,,,0.20412,0
209.6138,70,38,4,2,111.67,389.00,capture,54.13,416.91,63.95,0,179.138,8.228,179.766,-18.39,20.20,147.35,-18.05,-8.78,173.68,53.614,54.671,-26.1891,-10.4483,54.13,416.91,-25.8741,-10.5565,,,0.21226,0
209.7201,70,38,4,2,111.67,389.00,capture,76.26,422.46,48.72,0,179.091,8.217,179.803,-18.33,20.28,147.22,-18.38,-7.90,173.86,53.793,54.364,-25.7132,-9.8035,76.26,422.46,-25.8017,-10.2177,,,0.23822,0
209.8060,70,38,4,2,111.67,389.00,capture,48.10,415.67,68.93,0,179.023,8.275,179.812,-18.25,20.44,147.36,-17.74,-7.38,173.81,54.106,54.329,-25.7563,-10.4077,48.10,415.67,-25.7813,-10.3032,,,0.21854,0
209.9177,70,38,4,2,111.67,389.00,capture,40.49,432.37,83.35,0,178.982,8.195,179.851,-18.34,20.45,147.38,-17.70,-7.92,173.97,54.251,54.051,-26.6888,-10.4228,40.49,432.37,-26.1897,-10.3570,,,0.22993,0
210.0021,70,38,4,2,111.67,389.00,capture,61.69,412.64,55.29,0,179.069,8.255,179.864,-18.37,20.59,147.55,-17.66,-8.14,174.19,54.031,54.392,-26.1034,-10.0633,61.69,412.64,-26.1508,-10.2249,,,0.21976,0
210.0935,70,38,4,2,111.67,389.00,capture,59.49,409.52,56.07,0,179.039,8.187,179.861,-18.36,20.51,147.41,-17.88,-8.08,173.81,54.248,54.418,-25.9029,-9.8653,59.49,409.52,-26.0392,-10.0631,,,0.22773,0
210.1950,70,38,4,2,111.67,389.00,capture,62.07,419.45,58.20,0,179.087,8.192,179.845,-18.29,20.61,147.21,-17.83,-7.36,173.27,53.855,54.018,-26.4725,-9.7668,62.07,419.45,-26.2342,-9.9297,,,0.24670,0
210.2958,70,38,4,2,111.67,389.00,capture,50.77,394.63,61.16,0,179.086,8.155,179.826,-18.32,20.68,147.13,-17.72,-7.71,173.46,53.789,53.883,-24.9049,-10.0505,50.77,394.63,-25.6360,-9.9841,,,0.20890,0
210.3936,70,38,4,2,111.67,389.00,capture,40.62,396.06,71.40,0,179.046,8.180,179.815,-18.39,20.52,147.28,-18.06,-8.78,173.17,53.612,53.991,-25.6041,-10.5870,40.62,396.06,-25.6216,-10.2554,,,0.21116,0
210.4968,70,38,4,2,111.67,389.00,capture,64.27,415.48,54.29,0,178.957,8.113,179.822,-18.23,20.53,147.27,-17.80,-7.96,173.52,53.672,53.932,-25.8199,-9.9062,64.27,415.48,-25.7108,-10.0983,,,0.20897,0
210.5902,70,38,4,2,111.67,389.00,capture,72.14,427.50,55.18,0,178.845,8.031,179.822,-18.33,20.50,147.26,-18.22,-8.45,174.06,53.859,54.263,-26.0756,-9.3842,72.14,427.50,-25.8750,-9.7769,,,0.19274,0
210.6722,70,38,4,2,111.67,389.00,capture,45.42,418.23,72.41,0,178.946,8.247,179.828,-18.29,20.51,147.46,-18.52,-8.77,174.15,53.338,53.999,-26.2159,-11.5150,45.42,418.23,-26.0284,-10.5591,,,0.20881,0
210.7853,70,38,4,2,111.67,389.00,capture,42.07,397.23,70.08,0,178.916,8.263,179.841,-18.21,20.65,147.34,-17.67,-8.27,173.18,53.290,53.916,-25.1472,-10.5024,42.07,397.23,-25.6319,-10.5336,,,0.20427,0
210.8849,70,38,4,2,111.67,389.00,capture,54.62,403.71,58.91,0,178.895,8.131,179.807,-18.10,20.53,147.33,-18.14,-7.26,173.57,53.120,53.814,-25.2195,-9.6526,54.62,403.71,-25.4463,-10.1371,,,0.19645,0
211.0612,71,80,8,8,379.67,734.78,dwell,191.25,771.65,191.99,0,178.967,8.189,179.825,-18.24,20.49,147.37,-17.66,-8.05,173.10,53.042,53.517,-39.8257,-3.9197,191.25,771.65,-39.8257,-3.9197,,,0.18753,0
211.1618,71,80,8,8,379.67,734.78,dwell,157.77,516.39,311.34,0,178.976,8.199,179.866,-18.31,20.31,147.44,-17.76,-8.39,173.69,53.227,53.448,-28.9239,-5.3674,157.77,516.39,-34.9199,-4.5711,,,0.20623,0
211.2544,71,80,8,8,379.67,734.78,dwell,220.63,457.11,319.99,0,178.915,8.445,179.869,-18.35,20.24,147.46,-18.46,-8.19,173.89,53.317,53.910,-28.1754,-2.3579,220.63,457.11,-31.8849,-3.5752,,,0.22575,0
211.3427,71,80,8,8,379.67,734.78,dwell,195.76,558.90,254.47,0,178.738,8.462,179.869,-18.41,20.32,147.33,-17.94,-7.83,173.35,53.725,53.865,-31.7831,-3.1392,195.76,558.90,-31.8391,-3.3790,,,0.22126,0
211.4426,71,80,8,8,379.67,734.78,dwell,178.65,484.85,320.74,0,178.803,8.511,179.876,-18.34,20.46,147.14,-17.62,-8.33,173.79,53.889,53.769,-28.4408,-5.0042,178.65,484.85,-30.3098,-4.1103,,,0.21524,0
211.5492,71,80,8,8,379.67,734.78,dwell,263.09,386.59,367.19,0,178.789,8.585,179.894,-18.46,20.40,147.28,-18.15,-8.46,173.09,53.990,54.274,-25.1113,-1.0589,263.09,386.59,-27.9705,-2.7372,,,0.22351,0
211.6510,71,80,8,8,379.67,734.78,dwell,326.33,637.14,111.26,0,178.838,8.688,179.890,-18.54,20.55,147.25,-17.71,-8.35,173.10,54.248,54.188,-33.8600,1.7311,326.33,637.14,-30.6208,-0.7265,,,0.22630,0
211.7518,71,80,8,8,379.67,734.78,dwell,295.68,590.44,166.99,0,178.831,8.633,179.888,-18.53,20.62,147.20,-18.39,-7.87,173.54,54.008,54.458,-33.3117,0.8201,295.68,590.44,-31.8317,-0.0305,,,0.22969,0
211.8351,71,80,8,8,379.67,734.78,dwell,353.08,604.87,132.60,0,178.866,8.831,179.843,-18.40,20.55,147.20,-18.13,-8.37,172.90,53.837,54.476,-33.5905,3.5947,353.08,604.87,-32.6232,1.6008,,,0.24280,0
211.9336,71,80,8,8,379.67,734.78,dwell,360.06,618.91,117.51,0,178.868,8.810,179.854,-18.35,20.61,147.30,-17.96,-8.14,173.56,54.043,54.286,-34.1242,3.8114,360.06,618.91,-33.2986,2.5956,,,0.25498,0
212.0382,71,80,8,8,379.67,734.78,dwell,405.56,635.80,102.31,0,178.806,8.754,179.841,-18.35,20.69,147.35,-18.04,-8.40,173.81,53.901,54.209,-34.3141,6.1099,405.56,635.80,-33.7556,4.1770,,,0.23958,0
212.1316,71,80,8,8,379.67,734.78,capture,424.99,645.89,99.78,0,178.783,8.676,179.880,-18.41,20.70,147.77,-18.32,-7.64,174.02,54.174,54.081,-34.7840,6.6063,424.99,645.89,-34.2184,5.2702,,,0.23000,0
212.2305,71,80,8,8,379.67,734.78,capture,435.38,656.44,96.13,0,178.886,8.546,179.865,-18.42,20.62,147.93,-17.58,-8.57,174.57,54.001,54.308,-34.7999,7.3265,435.38,656.44,-34.4801,6.1955,,,0.22875,0
212.3246,71,80,8,8,379.67,734.78,capture,418.83,638.99,103.48,0,178.987,8.439,179.860,-18.42,20.68,147.86,-17.96,-7.95,174.46,54.293,53.767,-34.1716,6.0440,418.83,638.99,-34.3413,6.1273,,,0.23083,0
212.4249,71,80,8,8,379.67,734.78,capture,406.79,657.97,81.46,0,178.979,8.554,179.842,-18.26,20.67,147.64,-17.31,-7.81,174.58,54.343,53.650,-35.0754,5.9385,406.79,657.97,-34.6716,6.0423,,,0.23636,0
212.5229,71,80,8,8,379.67,734.78,capture,414.65,661.64,81.07,0,178.987,8.561,179.837,-18.34,20.78,147.67,-17.91,-7.52,173.99,54.213,53.446,-35.5247,7.0519,414.65,661.64,-35.0555,6.4967,,,0.22506,0
212.6321,71,80,8,8,379.67,734.78,capture,426.80,640.64,105.28,0,179.243,8.718,179.843,-18.32,21.03,147.57,-17.76,-7.04,173.94,54.164,53.301,-34.9134,6.9508,426.80,640.64,-34.9916,6.7010,,,0.24316,0
212.7346,71,80,8,8,379.67,734.78,capture,426.55,647.02,99.50,0,179.263,8.750,179.878,-18.34,20.84,147.86,-17.91,-7.91,173.76,54.250,53.510,-34.6578,7.0560,426.55,647.02,-34.8414,6.8608,,,0.23368,0
212.8192,71,80,8,8,379.67,734.78,capture,434.20,650.89,100.06,0,179.313,8.600,179.878,-18.32,20.73,147.73,-17.08,-7.29,173.86,54.080,52.923,-36.2515,7.4503,434.20,650.89,-35.4759,7.1261,,,0.23541,0
212.9012,71,80,8,8,379.67,734.78,capture,414.54,657.11,85.14,0,179.301,8.692,179.869,-18.29,20.64,147.74,-17.90,-7.62,174.00,54.185,53.003,-35.4059,6.8996,414.54,657.11,-35.4444,7.0241,,,0.21438,0
212.9832,71,80,8,8,379.67,734.78,capture,429.65,655.41,93.80,0,179.298,8.613,179.819,-18.24,20.63,147.67,-18.11,-7.54,173.99,53.894,53.269,-34.4413,6.9817,429.65,655.41,-34.9930,7.0051,,,0.20408,0
213.0777,71,80,8,8,379.67,734.78,capture,423.32,641.82,102.70,0,179.330,8.434,179.821,-18.24,20.46,147.95,-17.73,-7.36,174.18,53.932,53.469,-34.7072,5.9919,423.32,641.82,-34.8644,6.5491,,,0.18985,0
213.1780,71,80,8,8,379.67,734.78,capture,410.75,643.75,96.19,0,179.360,8.640,179.826,-18.18,20.36,148.00,-17.46,-7.77,174.41,54.092,53.953,-34.4723,6.1102,410.75,643.75,-34.6880,6.3516,,,0.22756,0
213.2656,71,80,8,8,379.67,734.78,capture,420.09,624.29,117.65,0,179.303,8.711,179.817,-18.15,20.34,147.96,-17.74,-7.84,174.40,53.975,54.173,-33.9926,6.4174,420.09,624.29,-34.3751,6.3812,,,0.24386,0
213.3797,71,80,8,8,379.67,734.78,capture,422.14,638.66,105.08,0,179.272,8.732,179.825,-18.13,20.23,147.51,-17.91,-7.84,173.94,53.987,54.139,-35.0195,6.7702,422.14,638.66,-34.6651,6.5563,,,0.21113,0
213.4991,71,80,8,8,379.67,734.78,capture,422.25,623.22,119.41,0,179.093,8.773,179.829,-18.10,20.28,147.31,-17.93,-8.18,173.47,53.966,54.262,-34.8371,6.8552,422.25,623.22,-34.7425,6.6908,,,0.20948,0
213.6185,71,80,8,8,379.67,734.78,capture,416.56,656.16,86.84,0,179.187,8.532,179.841,-18.12,20.40,147.12,-17.75,-7.87,173.81,53.837,54.234,-35.1600,6.0034,416.56,656.16,-34.9304,6.3814,,,0.20219,0
213.7088,71,80,8,8,379.67,734.78,capture,406.74,632.75,105.56,0,179.175,8.676,179.839,-18.09,20.38,147.26,-17.70,-7.81,173.70,53.760,54.405,-35.2470,6.4502,406.74,632.75,-35.0729,6.4124,,,0.22769,0
213.7988,71,80,8,8,379.67,734.78,capture,402.98,635.76,101.73,0,179.319,8.709,179.825,-18.06,20.41,147.40,-17.86,-7.32,173.33,53.979,54.087,-34.4120,6.0444,402.98,635.76,-34.7755,6.2468,,,0.23058,0
213.9060,71,80,8,8,379.67,734.78,capture,422.80,644.14,100.38,0,179.367,8.634,179.849,-18.04,20.43,147.58,-17.69,-7.33,174.06,53.996,54.153,-35.0705,6.0009,422.80,644.14,-34.9082,6.1361,,,0.21553,0
214.1019,72,72,8,0,22.33,734.78,dwell,291.82,485.12,367.36,0,179.259,8.762,179.853,-18.02,20.55,147.46,-18.06,-8.23,173.83,53.719,54.010,-28.8145,0.6315,291.82,485.12,-28.8145,0.6315,,,0.17965,0
214.1924,72,72,8,0,22.33,734.78,dwell,231.82,603.24,247.36,0,179.205,8.679,179.873,-18.07,20.54,147.57,-17.63,-7.78,173.76,53.735,54.171,-34.0654,-2.2364,231.82,603.24,-31.1774,-0.6590,,,0.22964,0
214.2957,72,72,8,0,22.33,734.78,dwell,218.33,474.51,325.81,0,179.143,8.824,179.821,-18.14,20.48,147.75,-17.72,-8.27,174.18,53.566,53.913,-29.7288,-2.4747,218.33,474.51,-30.5256,-1.4761,,,0.22417,0
214.4006,72,72,8,0,22.33,734.78,dwell,108.83,538.01,214.94,0,179.168,8.843,179.815,-18.24,20.66,147.62,-17.92,-8.28,173.93,53.308,53.723,-31.1569,-7.9693,108.83,538.01,-30.8097,-4.3980,,,0.21505,0
214.5070,72,72,8,0,22.33,734.78,dwell,213.88,636.56,215.26,0,179.115,8.821,179.803,-18.39,20.76,147.61,-18.36,-7.97,173.70,53.420,53.423,-33.9445,-2.9879,213.88,636.56,-32.2203,-3.7634,,,0.20661,0
214.6133,72,72,8,0,22.33,734.78,dwell,134.51,538.33,226.22,0,179.049,8.795,179.810,-18.36,20.70,147.67,-17.76,-8.12,173.94,53.639,53.708,-30.5271,-6.4355,134.51,538.33,-31.4584,-4.9659,,,0.20721,0
214.6953,72,72,8,0,22.33,734.78,dwell,134.62,558.05,209.38,0,179.005,8.726,179.839,-18.29,20.74,147.66,-17.70,-6.93,173.60,53.176,53.891,-31.6729,-6.3688,134.62,558.05,-31.5549,-5.5972,,,0.20604,0
214.7984,72,72,8,0,22.33,734.78,dwell,39.08,511.16,224.24,0,179.061,8.741,179.836,-18.23,20.57,147.70,-17.73,-7.70,174.20,53.146,53.969,-29.3631,-11.1270,39.08,511.16,-30.5686,-8.0856,,,0.18507,0
214.9106,72,72,8,0,22.33,734.78,dwell,48.60,504.44,231.83,0,178.945,8.661,179.831,-18.01,20.60,147.71,-17.80,-8.63,174.21,53.118,53.921,-29.2542,-10.3887,48.60,504.44,-29.9771,-9.1220,,,0.19722,0
215.0132,72,72,8,0,22.33,734.78,capture,3.61,488.04,247.45,0,178.890,8.756,179.853,-18.03,20.68,147.62,-17.97,-8.32,173.22,53.217,53.994,-28.1124,-12.5744,3.61,488.04,-29.1380,-10.6756,,,0.20378,0
215.1072,72,72,8,0,22.33,734.78,capture,7.40,491.80,243.44,0,178.839,8.745,179.848,-17.96,20.65,147.82,-17.64,-7.83,174.52,53.415,54.022,-28.9845,-12.1875,7.40,491.80,-29.0689,-11.3559,,,0.21522,0
215.2274,72,72,8,0,22.33,734.78,capture,-6.07,492.47,243.97,0,178.821,8.642,179.859,-18.03,20.72,147.62,-17.73,-7.98,174.29,53.573,54.306,-28.7917,-13.4039,-6.07,492.47,-28.9442,-12.2775,,,0.18430,0
215.3166,72,72,8,0,22.33,734.78,capture,8.85,510.73,224.45,0,178.770,8.700,179.872,-18.09,20.82,147.68,-18.02,-7.30,174.05,53.690,54.582,-29.8470,-12.4589,8.85,510.73,-29.3504,-12.3591,,,0.21927,0
215.4255,72,72,8,0,22.33,734.78,capture,-13.61,489.41,247.99,0,178.779,8.586,179.861,-17.92,20.75,147.57,-17.72,-7.80,174.11,53.976,54.752,-28.5466,-13.8573,-13.61,489.41,-28.9887,-13.0333,,,0.22773,0
215.5330,72,72,8,0,22.33,734.78,capture,9.34,503.50,231.64,0,178.842,8.615,179.865,-17.92,20.71,147.58,-17.45,-7.45,173.21,53.817,54.628,-29.3634,-12.7023,9.34,503.50,-29.1573,-12.8844,,,0.21752,0
215.6150,72,72,8,0,22.33,734.78,capture,22.72,478.96,255.82,0,178.823,8.616,179.877,-17.87,20.69,147.66,-17.26,-7.76,174.42,53.994,54.946,-28.7754,-11.9100,22.72,478.96,-28.9854,-12.4459,,,0.21339,0
215.7358,72,72,8,0,22.33,734.78,capture,-4.29,501.64,234.65,0,178.810,8.744,179.831,-17.81,20.65,147.64,-17.69,-8.24,174.21,53.630,54.736,-28.8783,-12.5231,-4.29,501.64,-28.9372,-12.4806,,,0.20140,0
215.8271,72,72,8,0,22.33,734.78,capture,1.04,481.75,253.92,0,178.701,8.695,179.831,-17.87,20.70,147.67,-17.47,-7.72,173.71,53.579,54.834,-28.3757,-13.1033,1.04,481.75,-28.6845,-12.7608,,,0.22584,0
215.9273,72,72,8,0,22.33,734.78,capture,6.77,490.71,244.56,0,178.794,8.720,179.847,-17.91,20.69,147.72,-17.97,-8.07,173.41,53.983,55.073,-28.2510,-12.2620,6.77,490.71,-28.4895,-12.5363,,,0.23684,0
216.0244,72,72,8,0,22.33,734.78,capture,-7.38,495.26,241.35,0,178.807,8.642,179.867,-18.01,20.47,147.68,-17.31,-7.81,174.08,54.009,54.801,-29.2898,-12.8271,-7.38,495.26,-28.8496,-12.6672,,,0.22442,0
216.1094,72,72,8,0,22.33,734.78,capture,6.17,493.21,242.11,0,178.751,8.661,179.816,-18.04,20.34,147.70,-17.62,-8.64,173.97,53.923,54.849,-29.1794,-13.0202,6.17,493.21,-28.9980,-12.8261,,,0.20699,0
216.2062,72,72,8,0,22.33,734.78,capture,1.20,517.50,218.30,0,178.727,8.592,179.819,-18.12,20.45,147.77,-17.40,-7.47,174.06,53.938,54.880,-31.3935,-13.0298,1.20,517.50,-30.0760,-12.9177,,,0.20983,0
216.3164,72,72,8,0,22.33,734.78,capture,0.88,481.00,254.68,0,178.852,8.308,179.808,-18.15,20.65,147.59,-17.94,-7.72,173.95,53.980,54.711,-27.8163,-12.6443,0.88,481.00,-29.0591,-12.7947,,,0.21675,0
216.4153,72,72,8,0,22.33,734.78,capture,-18.77,494.39,243.88,0,178.875,8.453,179.831,-18.12,20.82,147.41,-17.48,-7.93,173.49,53.829,54.887,-29.1550,-14.1022,-18.77,494.39,-29.1023,-13.3831,,,0.20312,0
216.5111,72,72,8,0,22.33,734.78,capture,-11.60,488.47,248.63,0,178.935,8.503,179.835,-18.11,20.72,147.67,-17.91,-8.35,174.37,54.160,54.606,-28.8591,-13.6165,-11.60,488.47,-28.9928,-13.4881,,,0.23600,0
216.5931,72,72,8,0,22.33,734.78,capture,-1.52,518.37,217.72,0,178.825,8.640,179.873,-18.15,20.84,147.65,-17.62,-8.06,174.18,54.092,54.592,-30.8921,-12.8420,-1.52,518.37,-29.8475,-13.1974,,,0.22227,0
216.6751,72,72,8,0,22.33,734.78,capture,-2.87,476.04,259.96,0,178.912,8.748,179.869,-18.32,20.86,147.67,-18.10,-8.38,174.74,54.341,54.662,-27.8457,-12.9445,-2.87,476.04,-28.9467,-13.0836,,,0.20792,0
216.7616,72,72,8,0,22.33,734.78,capture,-14.82,475.89,261.54,0,178.921,8.767,179.866,-18.42,20.86,147.55,-18.03,-7.50,173.42,54.501,54.835,-28.8552,-13.9600,-14.82,475.89,-28.9055,-13.4780,,,0.22014,0
216.8539,72,72,8,0,22.33,734.78,capture,-1.25,483.44,252.44,0,178.882,8.675,179.869,-18.38,20.94,147.78,-17.43,-7.35,174.21,54.410,54.293,-27.7427,-12.3869,-1.25,483.44,-28.3823,-12.9870,,,0.22021,0
217.0264,73,43,4,7,335.00,389.00,dwell,-6.85,490.51,356.60,0,178.973,8.803,179.853,-18.38,20.93,147.64,-17.20,-7.18,173.82,54.396,54.502,-29.0074,-13.1262,-6.85,490.51,-29.0074,-13.1262,,,0.25090,0
217.1191,73,43,4,7,335.00,389.00,dwell,99.40,452.87,244.10,0,178.878,8.695,179.831,-18.24,20.91,147.71,-17.81,-7.42,173.92,54.103,54.515,-27.7979,-8.4993,99.40,452.87,-28.4631,-11.0441,,,0.24098,0
217.2071,73,43,4,7,335.00,389.00,dwell,96.66,312.35,250.36,0,178.927,8.606,179.831,-18.11,21.00,147.80,-17.62,-7.40,174.13,54.429,54.619,-21.2344,-8.4462,96.66,312.35,-25.2102,-9.8750,,,0.22586,0
217.3133,73,43,4,7,335.00,389.00,dwell,84.51,341.98,254.86,0,178.828,8.842,179.820,-18.19,20.97,147.86,-17.46,-7.84,173.81,54.284,54.450,-22.4750,-9.1159,84.51,341.98,-23.9794,-9.5334,,,0.20956,0
217.4353,73,43,4,7,335.00,389.00,dwell,175.64,467.01,177.43,0,178.843,8.767,179.832,-18.30,20.78,147.57,-18.41,-8.62,173.87,54.247,54.420,-27.9037,-3.8074,175.64,467.01,-25.7453,-6.9567,,,0.21872,0
217.5251,73,43,4,7,335.00,389.00,dwell,92.06,307.68,256.19,0,178.823,8.700,179.821,-18.32,20.76,147.74,-17.62,-7.57,173.89,54.207,53.973,-21.9089,-8.3345,92.06,307.68,-24.0190,-7.5767,,,0.22215,0
217.6159,73,43,4,7,335.00,389.00,dwell,50.15,361.17,286.21,0,178.765,8.673,179.827,-18.38,20.85,147.83,-17.91,-7.80,174.05,53.794,53.862,-23.7711,-10.5535,50.15,361.17,-23.9074,-8.9163,,,0.22157,0
217.7128,73,43,4,7,335.00,389.00,dwell,162.01,208.17,250.25,0,178.882,8.686,179.853,-18.34,20.73,147.72,-18.05,-8.11,174.23,53.672,53.696,-17.0947,-5.6049,162.01,208.17,-20.8417,-7.4261,,,0.18865,0
217.8284,73,43,4,7,335.00,389.00,dwell,137.09,277.56,227.13,0,178.971,8.643,179.810,-18.22,21.03,147.87,-17.56,-8.39,174.37,53.911,53.779,-20.3951,-6.2579,137.09,277.56,-20.6407,-6.9005,,,0.21805,0
217.9289,73,43,4,7,335.00,389.00,dwell,168.64,182.98,264.80,0,178.890,8.528,179.788,-18.20,20.84,147.81,-17.93,-7.78,174.16,53.782,53.576,-17.0150,-4.5942,168.64,182.98,-19.0092,-5.8627,,,0.24102,0
218.0109,73,43,4,7,335.00,389.00,capture,159.39,201.75,256.71,0,178.914,8.529,179.798,-18.12,21.02,147.86,-17.62,-7.81,174.51,53.583,53.652,-17.8582,-5.4844,159.39,201.75,-18.4912,-5.6924,,,0.22765,0
218.1277,73,43,4,7,335.00,389.00,capture,178.60,222.73,228.27,0,178.935,8.423,179.769,-18.14,20.90,147.85,-17.49,-7.30,174.26,53.389,53.736,-18.5717,-4.5267,178.60,222.73,-18.5274,-5.1679,,,0.19688,0
218.2238,73,43,4,7,335.00,389.00,capture,162.52,200.81,255.27,0,178.828,8.427,179.752,-18.00,20.92,147.60,-17.53,-7.71,174.49,53.428,53.847,-18.5930,-5.2686,162.52,200.81,-18.5569,-5.2132,,,0.21754,0
218.3341,73,43,4,7,335.00,389.00,capture,151.79,215.74,252.16,0,178.943,8.363,179.781,-18.15,20.93,147.44,-17.77,-7.21,173.18,53.549,53.788,-18.0790,-5.8131,151.79,215.74,-18.3419,-5.4832,,,0.21466,0
218.4374,73,43,4,7,335.00,389.00,capture,161.80,206.45,251.64,0,178.807,8.389,179.782,-18.15,20.74,147.32,-18.35,-7.35,173.89,53.276,53.468,-17.3690,-5.2783,161.80,206.45,-17.9041,-5.3910,,,0.19559,0
218.5364,73,43,4,7,335.00,389.00,capture,135.99,203.81,271.85,0,178.719,8.378,179.787,-18.18,20.66,147.33,-18.03,-7.41,173.68,53.282,53.648,-17.3248,-6.6836,135.99,203.81,-17.6434,-5.9727,,,0.17858,0
218.6461,73,43,4,7,335.00,389.00,capture,141.61,218.11,258.08,0,178.629,8.315,179.805,-18.22,20.63,147.33,-17.28,-8.51,174.00,53.391,53.441,-18.0360,-6.4170,141.61,218.11,-17.8201,-6.1726,,,0.16574,0
218.7404,73,43,4,7,335.00,389.00,capture,178.41,230.84,222.56,0,178.700,8.183,179.823,-18.22,20.55,147.36,-17.35,-8.33,173.30,53.793,54.135,-18.7517,-4.0811,178.41,230.84,-18.2393,-5.2314,,,0.20665,0
218.8376,73,43,4,7,335.00,389.00,capture,174.61,243.82,216.34,0,178.775,8.212,179.808,-18.26,20.53,147.21,-18.36,-7.57,173.54,53.914,54.432,-20.3451,-4.4749,174.61,243.82,-19.1869,-4.8910,,,0.25556,0
218.9364,73,43,4,7,335.00,389.00,capture,153.53,226.19,243.80,0,178.734,8.187,179.826,-18.20,20.62,147.33,-18.21,-7.60,173.74,53.938,54.150,-19.8548,-5.9075,153.53,226.19,-19.4874,-5.3484,,,0.23607,0
219.0332,73,43,4,7,335.00,389.00,capture,190.34,247.32,202.48,0,178.890,8.157,179.807,-18.19,20.44,147.52,-17.64,-8.37,173.49,54.048,54.474,-20.5791,-4.6289,190.34,247.32,-19.9787,-5.0246,,,0.22605,0
219.1326,73,43,4,7,335.00,389.00,capture,164.45,196.14,257.45,0,178.802,8.148,179.763,-18.24,20.58,147.55,-17.93,-7.65,174.10,53.907,54.301,-17.3476,-4.5212,164.45,196.14,-18.7947,-4.7981,,,0.23393,0
219.2210,73,43,4,7,335.00,389.00,capture,172.99,220.19,233.97,0,178.867,8.015,179.780,-18.37,20.77,147.60,-18.09,-8.16,173.92,53.798,54.292,-17.8640,-4.5340,172.99,220.19,-18.3759,-4.6792,,,0.22192,0
219.3179,73,43,4,7,335.00,389.00,capture,159.44,217.36,245.52,0,178.776,8.076,179.788,-18.31,20.86,147.58,-17.44,-7.51,173.88,53.361,54.482,-18.2068,-5.3604,159.44,217.36,-18.2998,-4.9858,,,0.19712,0
219.4448,73,43,4,7,335.00,389.00,capture,194.45,243.42,202.36,0,178.872,8.088,179.805,-18.34,20.82,147.69,-17.90,-7.68,174.15,53.377,54.321,-20.0501,-4.1965,194.45,243.42,-19.0874,-4.6306,,,0.22339,0
219.5442,73,43,4,7,335.00,389.00,capture,177.82,221.41,229.77,0,178.748,8.032,179.817,-18.25,20.83,147.23,-17.99,-7.42,173.55,53.431,54.285,-18.6286,-4.9777,177.82,221.41,-18.8809,-4.7868,,,0.19980,0
219.6379,73,43,4,7,335.00,389.00,capture,187.57,214.80,228.21,0,178.825,8.023,179.805,-18.16,20.82,147.36,-17.82,-7.82,173.66,53.472,54.616,-18.0339,-4.2156,187.57,214.80,-18.4998,-4.5297,,,0.18567,0
219.7412,73,43,4,7,335.00,389.00,capture,180.30,233.43,219.39,0,178.851,8.039,179.794,-18.16,20.75,147.29,-18.06,-8.05,173.58,53.635,54.637,-17.7891,-4.1410,180.30,233.43,-18.1799,-4.3548,,,0.21450,0
219.9560,74,36,4,0,22.33,389.00,dwell,99.84,153.67,247.76,0,178.899,7.942,179.781,-18.24,20.84,147.26,-17.27,-8.22,173.28,53.427,54.598,-16.2320,-7.7503,99.84,153.67,-16.2320,-7.7503,,,0.22665,0
220.0522,74,36,4,0,22.33,389.00,dwell,232.47,243.48,255.60,0,179.017,7.869,179.802,-18.37,20.87,147.08,-17.92,-8.05,173.08,53.688,54.530,-19.4669,-1.9138,232.47,243.48,-17.6877,-5.1238,,,0.24179,0
220.1598,74,36,4,0,22.33,389.00,dwell,160.08,289.63,169.85,0,179.021,7.832,179.759,-18.41,20.84,147.16,-18.36,-8.56,173.61,53.880,54.349,-20.8522,-4.8992,160.08,289.63,-19.1117,-5.0228,,,0.22747,0
220.2643,74,36,4,0,22.33,389.00,dwell,227.14,373.02,205.43,0,179.003,7.861,179.784,-18.36,20.69,147.33,-18.18,-7.78,173.44,53.992,54.389,-24.8444,-1.8422,227.14,373.02,-21.6914,-3.5915,,,0.20130,0
220.3797,74,36,4,0,22.33,389.00,dwell,83.55,171.80,225.66,0,178.963,8.003,179.775,-18.40,20.86,147.60,-17.90,-6.89,174.06,53.614,54.394,-16.4455,-8.5896,83.55,171.80,-19.3308,-5.8406,,,0.21516,0
220.4729,74,36,4,0,22.33,389.00,dwell,116.26,210.92,201.33,0,178.852,8.093,179.767,-18.42,20.89,147.58,-17.80,-7.45,173.58,53.431,54.454,-18.1582,-6.8009,116.26,210.92,-18.8031,-6.2728,,,0.19027,0
220.5790,74,36,4,0,22.33,389.00,dwell,119.30,294.98,135.06,0,178.899,8.143,179.795,-18.28,20.77,147.44,-18.18,-7.87,173.82,53.709,54.117,-21.8166,-7.5973,119.30,294.98,-20.1592,-6.8688,,,0.21409,0
220.6936,74,36,4,0,22.33,389.00,dwell,126.61,248.74,174.78,0,178.795,8.133,179.761,-18.32,20.55,147.30,-17.92,-8.03,173.69,53.997,53.708,-20.2811,-7.3230,126.61,248.74,-20.2140,-7.0732,,,0.23703,0
220.7756,74,36,4,0,22.33,389.00,dwell,94.07,244.85,161.01,0,178.797,8.148,179.779,-18.30,20.41,147.38,-17.78,-8.07,173.30,54.025,54.028,-18.8972,-7.9484,94.07,244.85,-19.6215,-7.4670,,,0.20898,0
220.8731,74,36,4,0,22.33,389.00,capture,96.93,243.78,163.26,0,178.789,8.102,179.768,-18.29,20.47,147.13,-17.37,-7.96,173.07,53.864,54.285,-18.8021,-8.0246,96.93,243.78,-19.2527,-7.7179,,,0.23403,0
220.9729,74,36,4,0,22.33,389.00,capture,99.72,266.98,144.49,0,178.815,8.115,179.790,-18.25,20.74,147.09,-17.61,-7.71,173.52,53.953,54.237,-19.6318,-8.2963,99.72,266.98,-19.4233,-7.9782,,,0.22165,0
221.0575,74,36,4,0,22.33,389.00,capture,102.35,266.29,146.49,0,178.828,8.120,179.826,-18.30,20.93,147.09,-17.93,-8.00,173.22,53.942,54.202,-19.8288,-8.7463,102.35,266.29,-19.6058,-8.3239,,,0.21326,0
221.1418,74,36,4,0,22.33,389.00,capture,76.19,260.04,139.75,0,178.770,8.034,179.829,-18.29,20.89,147.24,-17.83,-8.04,173.30,54.256,54.021,-19.1637,-9.4915,76.19,260.04,-19.4068,-8.8493,,,0.22531,0
221.2472,74,36,4,0,22.33,389.00,capture,93.48,287.00,124.36,0,178.773,8.081,179.837,-18.29,20.91,147.32,-18.04,-7.00,173.24,54.626,54.137,-21.4960,-7.6385,93.48,287.00,-20.3470,-8.3044,,,0.23351,0
221.3531,74,36,4,0,22.33,389.00,capture,79.26,251.16,149.13,0,178.743,8.145,179.798,-18.24,20.78,147.14,-18.17,-8.58,173.24,54.038,53.997,-20.0199,-8.7646,79.26,251.16,-20.1998,-8.5115,,,0.22527,0
221.4711,74,36,4,0,22.33,389.00,capture,95.83,247.09,159.81,0,178.766,8.185,179.777,-18.17,20.81,147.43,-17.28,-8.28,173.48,54.055,54.009,-19.2756,-8.3789,95.83,247.09,-19.7839,-8.4518,,,0.21951,0
221.5661,74,36,4,0,22.33,389.00,capture,103.46,252.26,158.99,0,178.754,8.242,179.766,-18.14,20.82,147.73,-17.87,-7.96,173.99,53.894,53.750,-19.5289,-8.3182,103.46,252.26,-19.6692,-8.3917,,,0.18343,0
221.6626,74,36,4,0,22.33,389.00,capture,99.45,266.13,145.07,0,178.770,8.201,179.791,-18.21,20.87,147.78,-18.33,-7.16,174.17,53.201,53.794,-19.9080,-7.3576,99.45,266.13,-19.7766,-7.9264,,,0.19989,0
221.7624,74,36,4,0,22.33,389.00,capture,113.16,267.30,151.86,0,178.704,8.063,179.791,-18.20,20.90,147.57,-17.87,-7.85,173.81,53.093,53.671,-20.7478,-7.3150,113.16,267.30,-20.2137,-7.6512,,,0.18536,0
221.8605,74,36,4,0,22.33,389.00,capture,96.36,282.67,129.56,0,178.795,8.106,179.804,-18.27,20.77,147.44,-17.59,-7.70,173.80,52.901,53.831,-21.9432,-8.3865,96.36,282.67,-20.9920,-7.9821,,,0.20684,0
221.9677,74,36,4,0,22.33,389.00,capture,86.49,266.03,138.70,0,178.791,8.055,179.794,-18.37,20.75,147.24,-17.90,-7.82,173.55,53.150,53.850,-20.4219,-9.0846,86.49,266.03,-20.7354,-8.4782,,,0.20193,0
222.0677,74,36,4,0,22.33,389.00,capture,77.98,271.17,130.31,0,178.909,7.997,179.827,-18.22,20.75,147.20,-18.28,-8.13,173.23,53.201,53.826,-20.5161,-9.1794,77.98,271.17,-20.6367,-8.7938,,,0.20284,0
222.1696,74,36,4,0,22.33,389.00,capture,71.60,254.14,143.58,0,178.789,7.910,179.845,-18.23,20.71,147.20,-17.61,-7.52,173.74,53.089,54.124,-19.7830,-9.8833,71.60,254.14,-20.2525,-9.2841,,,0.20931,0
222.2621,74,36,4,0,22.33,389.00,capture,95.03,258.94,149.00,0,178.800,8.183,179.850,-18.38,20.66,147.30,-17.73,-7.71,173.55,53.185,53.944,-19.4633,-8.7910,95.03,258.94,-19.8974,-9.0622,,,0.19480,0
222.3572,74,36,4,0,22.33,389.00,capture,95.42,255.83,151.91,0,178.883,8.249,179.868,-18.36,20.89,147.07,-17.45,-7.53,173.14,53.188,53.936,-19.3004,-8.4908,95.42,255.83,-19.6287,-8.8051,,,0.20712,0
222.4419,74,36,4,0,22.33,389.00,capture,86.26,236.22,165.62,0,178.815,8.190,179.875,-18.41,21.02,147.37,-18.29,-7.66,173.98,53.356,53.536,-18.6844,-8.8207,86.26,236.22,-19.2038,-8.8121,,,0.21962,0
222.5568,74,36,4,0,22.33,389.00,capture,94.68,243.44,162.55,0,178.951,8.209,179.882,-18.35,20.70,147.31,-18.35,-7.82,173.61,52.903,53.700,-18.8275,-8.7467,94.68,243.44,-19.0344,-8.7827,,,0.17532,0
222.6740,74,36,4,0,22.33,389.00,capture,108.60,245.74,167.23,0,178.950,8.116,179.855,-18.35,20.69,147.33,-17.87,-7.99,173.66,52.872,53.709,-19.2114,-7.3509,108.60,245.74,-19.1141,-8.1384,,,0.19643,0
222.7781,74,36,4,0,22.33,389.00,capture,85.95,272.39,132.83,0,179.024,8.093,179.846,-18.30,20.62,147.18,-17.49,-8.14,172.98,53.033,54.245,-20.5065,-9.3378,85.95,272.39,-19.7406,-8.6781,,,0.20528,0
222.9928,75,79,8,7,335.00,734.78,dwell,299.70,296.32,439.88,0,179.023,8.060,179.854,-18.29,20.46,147.19,-17.73,-8.07,173.89,53.492,54.204,-21.3411,1.3207,299.70,296.32,-21.3411,1.3207,,,0.22107,0
223.1037,75,79,8,7,335.00,734.78,dwell,152.85,398.13,382.77,0,178.996,8.139,179.833,-18.28,20.48,147.18,-18.07,-7.93,173.18,53.346,53.956,-25.7855,-5.8550,152.85,398.13,-23.3411,-1.9084,,,0.18092,0
223.2010,75,79,8,7,335.00,734.78,dwell,111.03,267.35,518.32,0,178.907,8.282,179.807,-18.32,20.26,147.21,-18.25,-7.66,173.00,53.621,53.962,-20.7392,-7.7099,111.03,267.35,-22.1702,-4.5191,,,0.19609,0
223.2918,75,79,8,7,335.00,734.78,dwell,153.03,351.63,424.16,0,178.985,8.527,179.788,-18.40,20.10,147.31,-17.74,-8.20,173.15,54.108,54.157,-23.7366,-5.8022,153.03,351.63,-22.8751,-5.0965,,,0.21763,0
223.4036,75,79,8,7,335.00,734.78,dwell,198.83,569.28,214.32,0,178.980,8.488,179.789,-18.32,20.17,147.51,-17.62,-8.21,174.09,54.348,53.930,-32.4560,-3.4916,198.83,569.28,-27.1865,-4.3743,,,0.23189,0
223.4986,75,79,8,7,335.00,734.78,dwell,244.93,581.91,177.43,0,178.939,8.607,179.829,-18.36,19.97,147.09,-18.01,-8.86,173.32,53.886,53.598,-31.9257,-1.4122,244.93,581.91,-29.3191,-3.0413,,,0.22465,0
223.5806,75,79,8,7,335.00,734.78,dwell,230.19,544.05,217.63,0,179.005,8.708,179.847,-18.35,20.05,147.41,-18.32,-9.11,173.38,53.949,53.596,-31.8162,-1.8602,230.19,544.05,-30.4428,-2.5098,,,0.20743,0
223.6886,75,79,8,7,335.00,734.78,dwell,262.12,431.01,312.39,0,179.081,8.660,179.861,-18.25,19.99,146.94,-18.07,-8.42,172.88,53.648,53.964,-26.2523,-0.4958,262.12,431.01,-28.5571,-1.6035,,,0.20651,0
223.7706,75,79,8,7,335.00,734.78,dwell,270.56,542.38,202.90,0,179.047,8.556,179.860,-18.24,20.05,147.50,-17.75,-7.72,173.78,53.602,53.797,-31.8828,-0.6086,270.56,542.38,-30.0537,-1.1558,,,0.23479,0
223.8620,75,79,8,7,335.00,734.78,dwell,290.10,583.62,157.69,0,179.029,8.815,179.853,-18.42,20.11,147.49,-18.15,-7.59,173.79,53.525,53.594,-33.7105,0.8994,290.10,583.62,-31.6993,-0.2310,,,0.20080,0
223.9643,75,79,8,7,335.00,734.78,dwell,350.10,619.26,116.50,0,178.971,8.797,179.825,-18.42,20.08,147.15,-17.54,-8.20,173.54,53.478,53.319,-34.9762,3.4081,350.10,619.26,-33.1739,1.4066,,,0.22891,0
224.0691,75,79,8,7,335.00,734.78,capture,358.72,633.59,103.93,0,178.974,8.744,179.845,-18.58,20.01,147.04,-17.83,-8.26,173.17,53.524,53.980,-34.3307,3.5233,358.72,633.59,-33.6944,2.3591,,,0.20688,0
224.1765,75,79,8,7,335.00,734.78,capture,340.58,634.47,100.46,0,179.015,8.720,179.835,-18.58,20.13,147.01,-17.56,-7.47,173.04,53.440,53.962,-34.3907,3.5969,340.58,634.47,-34.0078,2.9161,,,0.22818,0
224.2799,75,79,8,7,335.00,734.78,capture,311.51,638.97,98.65,0,179.085,8.757,179.787,-18.62,20.21,147.10,-18.15,-7.81,172.91,53.756,54.110,-34.2342,1.6067,311.51,638.97,-34.1097,2.3269,,,0.23128,0
224.3751,75,79,8,7,335.00,734.78,capture,322.51,620.64,114.82,0,179.071,8.645,179.790,-18.58,20.23,147.18,-17.94,-8.01,173.32,53.509,53.801,-33.7682,2.0970,322.51,620.64,-33.9560,2.2234,,,0.20777,0
224.4960,75,79,8,7,335.00,734.78,capture,316.94,622.83,113.40,0,179.042,8.715,179.772,-18.66,20.37,146.89,-17.64,-8.06,172.84,53.395,53.999,-33.7004,1.9416,316.94,622.83,-33.8410,2.0966,,,0.19059,0
224.5862,75,79,8,7,335.00,734.78,capture,326.25,625.54,109.59,0,178.987,8.629,179.799,-18.71,20.38,146.91,-18.01,-8.51,173.29,53.453,54.174,-33.7135,2.3357,326.25,625.54,-33.7836,2.2042,,,0.21508,0
224.6950,75,79,8,7,335.00,734.78,capture,324.36,646.41,89.01,0,178.935,8.730,179.777,-18.69,20.28,147.00,-17.87,-8.92,173.03,53.793,53.768,-34.9603,1.8399,324.36,646.41,-34.3131,2.0403,,,0.22899,0
224.7932,75,79,8,7,335.00,734.78,capture,328.07,611.58,123.39,0,178.841,8.966,179.767,-18.70,20.29,147.12,-16.91,-7.58,173.72,53.908,54.117,-34.4022,2.8508,328.07,611.58,-34.3532,2.4050,,,0.21664,0
224.8812,75,79,8,7,335.00,734.78,capture,309.99,633.98,103.85,0,178.928,9.031,179.764,-18.67,20.29,147.08,-18.41,-8.08,173.20,53.781,53.967,-34.5383,1.4170,309.99,633.98,-34.4365,1.9604,,,0.22230,0
224.9632,75,79,8,7,335.00,734.78,capture,299.78,633.50,107.23,0,178.873,9.008,179.763,-18.52,20.31,147.30,-18.35,-7.33,173.30,53.633,53.872,-35.0396,1.4058,299.78,633.50,-34.7079,1.7109,,,0.19460,0
225.0662,75,79,8,7,335.00,734.78,capture,319.84,620.92,114.86,0,178.673,9.063,179.763,-18.45,20.08,147.29,-18.32,-8.19,172.83,53.432,54.173,-34.8250,2.0664,319.84,620.92,-34.7606,1.8709,,,0.21479,0
225.1678,75,79,8,7,335.00,734.78,capture,326.52,610.40,124.67,0,178.659,9.068,179.802,-18.34,20.24,147.46,-18.41,-8.79,173.62,53.295,53.855,-33.5212,2.1140,326.52,610.40,-34.2029,1.9803,,,0.19541,0
225.2610,75,79,8,7,335.00,734.78,capture,350.94,632.05,103.96,0,178.721,9.050,179.828,-18.34,20.34,147.82,-17.69,-8.34,174.06,53.527,53.715,-33.8775,3.2230,350.94,632.05,-34.0565,2.5395,,,0.19411,0
225.3656,75,79,8,7,335.00,734.78,capture,334.66,611.81,122.97,0,178.693,9.072,179.813,-18.32,20.28,147.70,-17.91,-8.61,174.04,53.124,53.577,-33.4711,2.6415,334.66,611.81,-33.7930,2.5854,,,0.17791,0
225.4476,75,79,8,7,335.00,734.78,capture,318.08,642.54,93.78,0,178.769,9.009,179.785,-18.36,20.34,147.89,-18.29,-9.16,174.36,53.281,54.001,-35.0267,1.6398,318.08,642.54,-34.3482,2.1599,,,0.19330,0
225.5510,75,79,8,7,335.00,734.78,capture,320.24,640.69,95.24,0,178.641,9.055,179.768,-18.18,20.17,147.89,-18.33,-8.14,174.33,53.914,54.006,-35.3798,2.1822,320.24,640.69,-34.8124,2.1699,,,0.20430,0
225.6679,75,79,8,7,335.00,734.78,capture,340.03,655.02,79.92,0,178.596,9.073,179.768,-18.14,20.25,147.83,-18.13,-7.63,173.84,54.319,53.819,-35.2711,2.5866,340.03,655.02,-35.0188,2.3574,,,0.22693,0
225.7638,75,79,8,7,335.00,734.78,capture,331.35,633.95,100.89,0,178.676,9.132,179.751,-18.07,20.43,148.01,-17.92,-7.41,174.23,54.456,54.053,-34.9106,2.2141,331.35,633.95,-34.9701,2.2929,,,0.22082,0
225.8694,75,79,8,7,335.00,734.78,capture,341.58,614.76,120.20,0,178.761,8.982,179.780,-18.10,20.27,147.87,-16.91,-8.97,174.42,53.739,54.285,-33.8125,3.0617,341.58,614.76,-34.4492,2.6389,,,0.18714,0
225.9654,75,79,8,7,335.00,734.78,capture,297.87,620.96,119.72,0,178.672,8.955,179.781,-18.09,20.33,147.67,-17.61,-7.97,173.50,53.678,55.068,-33.9082,1.1178,297.87,620.96,-34.2057,1.9544,,,0.19279,0
226.1288,76,61,6,7,335.00,561.89,dwell,245.21,518.55,99.70,0,178.806,8.868,179.830,-18.09,20.51,147.91,-17.68,-7.65,174.89,53.498,55.151,-29.6829,-1.6436,245.21,518.55,-29.6829,-1.6436,,,0.20551,0
226.2160,76,61,6,7,335.00,561.89,dwell,264.02,669.57,128.97,0,178.775,8.651,179.839,-18.27,20.57,148.02,-18.46,-8.11,174.49,53.688,54.972,-35.2982,-0.5937,264.02,669.57,-32.2098,-1.1712,,,0.23174,0
226.3028,76,61,6,7,335.00,561.89,dwell,354.22,607.98,49.94,0,178.629,8.648,179.837,-18.36,20.67,148.17,-18.07,-7.91,174.34,54.000,54.525,-34.1670,3.3045,354.22,607.98,-33.0905,0.8429,,,0.21245,0
226.4058,76,61,6,7,335.00,561.89,dwell,442.37,649.28,138.44,0,178.561,8.590,179.828,-18.43,20.69,148.04,-17.63,-8.04,174.40,54.029,54.624,-34.9726,7.6871,442.37,649.28,-33.9375,3.9228,,,0.24274,0
226.5032,76,61,6,7,335.00,561.89,dwell,401.30,567.46,66.53,0,178.509,8.600,179.830,-18.49,20.72,148.02,-18.02,-8.23,174.83,54.133,54.800,-31.8380,5.4245,401.30,567.46,-32.9927,4.5985,,,0.23071,0
226.5968,76,61,6,7,335.00,561.89,dwell,381.95,626.69,80.02,0,178.579,8.538,179.828,-18.48,20.77,147.94,-17.87,-6.73,174.06,53.686,54.673,-33.0428,3.9724,381.95,626.69,-33.0153,4.3168,,,0.18701,0
226.7154,76,61,6,7,335.00,561.89,dwell,386.03,582.64,55.09,0,178.632,8.595,179.849,-18.48,20.52,148.01,-18.10,-8.43,174.08,53.554,54.634,-32.4129,5.5413,386.03,582.64,-32.7442,4.8678,,,0.21717,0
226.7974,76,61,6,7,335.00,561.89,dwell,437.96,608.61,113.06,0,178.714,8.593,179.851,-18.48,20.61,147.92,-18.39,-7.87,174.87,53.844,54.607,-33.3115,7.4854,437.96,608.61,-32.9995,6.0457,,,0.24527,0
226.8863,76,61,6,7,335.00,561.89,dwell,352.72,623.07,63.70,0,178.789,8.594,179.857,-18.43,20.63,147.79,-17.78,-7.77,174.37,53.621,54.576,-33.8154,4.0421,352.72,623.07,-33.3666,5.1441,,,0.20020,0
226.9967,76,61,6,7,335.00,561.89,dwell,439.57,657.96,142.00,0,178.779,8.752,179.864,-18.47,20.85,147.78,-18.54,-7.65,173.98,53.762,54.205,-35.3927,7.1347,439.57,657.96,-34.2784,6.0399,,,0.18071,0
227.0787,76,61,6,7,335.00,561.89,dwell,402.92,629.72,95.99,0,178.684,8.965,179.834,-18.42,20.70,147.72,-17.73,-7.89,173.97,53.749,53.963,-34.7836,5.4903,402.92,629.72,-34.5057,5.7926,,,0.19763,0
227.1759,76,61,6,7,335.00,561.89,capture,426.09,644.85,123.21,0,178.674,8.810,179.832,-18.46,20.65,147.84,-17.76,-8.23,173.68,53.568,54.301,-34.0014,6.3856,426.09,644.85,-34.2788,6.0594,,,0.21038,0
227.2756,76,61,6,7,335.00,561.89,capture,408.84,635.68,104.39,0,178.628,8.824,179.818,-18.37,20.49,148.15,-17.51,-7.77,174.42,53.551,53.949,-33.9407,5.6661,408.84,635.68,-34.1266,5.8824,,,0.18641,0
227.3698,76,61,6,7,335.00,561.89,capture,409.20,602.24,84.46,0,178.725,8.824,179.825,-18.45,20.62,148.07,-17.76,-7.55,174.54,53.820,53.445,-33.9743,7.2993,409.20,602.24,-34.0581,6.5200,,,0.21432,0
227.4557,76,61,6,7,335.00,561.89,capture,408.87,630.62,100.90,0,178.738,8.717,179.834,-18.46,20.32,148.07,-18.01,-7.82,174.59,53.720,53.333,-34.7629,5.5709,408.87,630.62,-34.3753,6.0929,,,0.24218,0
227.5655,76,61,6,7,335.00,561.89,capture,400.94,604.89,78.72,0,178.686,8.850,179.832,-18.40,20.34,148.15,-18.09,-7.79,175.28,53.487,54.039,-34.1918,5.7178,400.94,604.89,-34.2927,5.9241,,,0.21405,0
227.6685,76,61,6,7,335.00,561.89,capture,425.63,621.21,108.32,0,178.718,8.863,179.812,-18.40,20.50,148.15,-17.01,-8.24,174.41,53.130,53.915,-34.2772,7.5586,425.63,621.21,-34.2857,6.6596,,,0.19886,0
227.7731,76,61,6,7,335.00,561.89,capture,402.24,628.47,94.63,0,178.695,8.662,179.863,-18.36,20.68,147.89,-18.03,-6.86,174.79,53.349,54.285,-33.7657,5.9977,402.24,628.47,-34.0517,6.3618,,,0.22450,0
227.8856,76,61,6,7,335.00,561.89,capture,418.66,607.63,95.35,0,178.821,8.741,179.868,-18.41,20.47,147.84,-17.97,-8.29,174.37,53.629,54.119,-33.3544,6.4035,418.66,607.63,-33.7379,6.3805,,,0.18241,0
227.9750,76,61,6,7,335.00,561.89,capture,425.25,618.89,106.74,0,178.772,8.719,179.861,-18.36,20.55,147.84,-18.13,-8.14,174.28,53.503,54.044,-34.4727,6.6498,425.25,618.89,-34.0686,6.5017,,,0.21208,0
228.0973,76,61,6,7,335.00,561.89,capture,410.49,597.80,83.60,0,178.725,8.672,179.864,-18.46,20.72,147.71,-18.06,-7.95,174.15,53.642,54.165,-32.5877,6.4804,410.49,597.80,-33.4022,6.4921,,,0.21460,0
228.1892,76,61,6,7,335.00,561.89,capture,418.30,617.21,100.00,0,178.722,8.473,179.814,-18.28,20.67,147.34,-17.41,-7.59,173.39,53.764,54.551,-33.6234,6.1441,418.30,617.21,-33.5017,6.3355,,,0.19659,0
228.2914,76,61,6,7,335.00,561.89,capture,435.00,627.46,119.58,0,178.725,8.389,179.808,-18.29,20.69,147.56,-17.57,-8.34,173.55,53.702,54.842,-34.0981,7.3849,435.00,627.46,-33.7701,6.8077,,,0.21926,0
228.4063,76,61,6,7,335.00,561.89,capture,422.19,627.96,109.40,0,178.682,8.584,179.825,-18.31,20.77,147.57,-18.24,-6.93,173.97,53.514,54.318,-34.5698,6.5671,422.19,627.96,-34.1299,6.6994,,,0.19384,0
228.5118,76,61,6,7,335.00,561.89,capture,430.68,603.70,104.42,0,178.774,8.559,179.837,-18.43,20.73,147.52,-18.32,-8.56,174.35,53.596,54.493,-32.6746,7.0851,430.68,603.70,-33.4750,6.8730,,,0.21877,0
228.6330,76,61,6,7,335.00,561.89,capture,408.19,599.54,82.31,0,178.734,8.507,179.861,-18.36,20.67,147.49,-17.81,-8.49,173.67,53.462,54.229,-33.6206,6.2011,408.19,599.54,-33.5405,6.5706,,,0.19129,0
228.7374,76,61,6,7,335.00,561.89,capture,400.81,631.15,95.54,0,178.784,8.465,179.833,-18.45,20.59,147.41,-18.15,-8.00,173.82,53.400,53.996,-35.0167,5.0417,400.81,631.15,-34.2048,5.8826,,,0.21881,0
228.8453,76,61,6,7,335.00,561.89,capture,408.05,605.19,84.92,0,178.947,8.527,179.842,-18.45,20.60,147.38,-17.53,-8.35,173.90,53.566,53.763,-33.6190,5.7780,408.05,605.19,-33.9412,5.8356,,,0.21892,0
228.9426,76,61,6,7,335.00,561.89,capture,424.10,610.90,101.69,0,178.890,8.461,179.827,-18.56,20.56,147.43,-17.34,-7.70,174.01,53.444,53.868,-33.1003,6.8884,424.10,610.90,-33.5628,6.3093,,,0.21874,0
229.0414,76,61,6,7,335.00,561.89,capture,437.32,596.36,107.97,0,178.744,8.295,179.785,-18.58,20.44,147.30,-18.02,-7.69,173.40,53.572,54.361,-32.3180,7.3623,437.32,596.36,-33.0026,6.7832,,,0.19007,0
229.1530,76,61,6,7,335.00,561.89,capture,414.13,602.66,89.02,0,178.703,8.351,179.792,-18.43,20.34,147.46,-17.91,-9.18,173.61,53.491,54.382,-33.0520,7.0108,414.13,602.66,-33.0248,6.8856,,,0.23119,0
229.3143,77,20,2,2,111.67,216.11,dwell,442.63,488.27,428.49,0,178.772,8.180,179.814,-18.46,20.32,147.55,-17.57,-7.97,173.68,53.516,54.209,-29.2166,8.1769,442.63,488.27,-29.2166,8.1769,,,0.20956,0
229.4101,77,20,2,2,111.67,216.11,dwell,312.85,341.83,237.23,0,178.811,8.245,179.801,-18.40,20.46,147.58,-17.81,-8.79,173.75,53.226,53.949,-23.0790,1.6781,312.85,341.83,-26.4547,5.2524,,,0.19928,0
229.5166,77,20,2,2,111.67,216.11,dwell,176.20,347.90,146.74,0,178.703,8.286,179.802,-18.47,20.56,147.38,-18.15,-8.29,173.72,53.207,53.870,-23.1494,-4.9624,176.20,347.90,-24.9673,0.6558,,,0.18736,0
229.6310,77,20,2,2,111.67,216.11,dwell,208.41,429.04,233.88,0,178.756,8.212,179.799,-18.43,20.56,146.97,-17.76,-8.06,173.17,53.098,54.217,-26.7230,-3.5753,208.41,429.04,-25.7574,-1.2482,,,0.20223,0
229.7410,77,20,2,2,111.67,216.11,dwell,222.05,309.79,144.78,0,178.845,8.182,179.801,-18.56,20.47,146.79,-18.14,-7.92,173.24,53.518,54.574,-21.9621,-2.6855,222.05,309.79,-24.0495,-1.8950,,,0.19290,0
229.8439,77,20,2,2,111.67,216.11,dwell,163.87,282.07,84.12,0,178.862,7.975,179.823,-18.61,20.26,146.58,-18.38,-8.44,172.72,53.572,54.702,-21.2948,-5.0148,163.87,282.07,-22.8099,-3.2989,,,0.21463,0
229.9621,77,20,2,2,111.67,216.11,dwell,242.79,141.24,150.99,0,178.926,8.059,179.833,-18.54,20.35,146.45,-18.00,-7.10,172.54,53.793,54.382,-15.9708,-1.7611,242.79,141.24,-19.7323,-2.6069,,,0.21607,0
230.0473,77,20,2,2,111.67,216.11,dwell,115.01,161.02,55.19,0,178.886,7.965,179.831,-18.41,20.36,146.87,-17.44,-7.15,172.77,53.790,54.773,-16.9082,-8.1497,115.01,161.02,-18.4614,-5.1012,,,0.21693,0
230.1555,77,20,2,2,111.67,216.11,dwell,86.75,56.39,161.65,0,178.962,8.039,179.813,-18.54,20.45,146.77,-17.99,-8.22,172.89,54.339,54.527,-12.3892,-8.7911,86.75,56.39,-15.7289,-6.7616,,,0.25175,0
230.2465,77,20,2,2,111.67,216.11,dwell,113.61,73.54,142.58,0,179.029,7.900,179.815,-18.52,20.49,146.81,-17.79,-8.36,172.93,54.096,54.306,-12.6594,-8.1938,113.61,73.54,-14.3476,-7.4061,,,0.21223,0
230.3483,77,20,2,2,111.67,216.11,dwell,98.81,-5.08,221.56,0,179.057,7.799,179.816,-18.49,20.33,147.23,-18.11,-9.21,173.66,53.971,54.098,-9.9793,-7.9073,98.81,-5.08,-12.3819,-7.6316,,,0.22841,0
230.4488,77,20,2,2,111.67,216.11,capture,67.66,-4.21,224.67,0,179.037,7.742,179.807,-18.39,20.29,147.42,-17.86,-7.77,174.26,54.137,53.912,-10.5227,-9.3868,67.66,-4.21,-11.5453,-8.4215,,,0.24076,0
230.5662,77,20,2,2,111.67,216.11,capture,64.65,0.52,220.66,0,179.115,7.891,179.826,-18.53,20.41,147.65,-18.00,-7.78,174.15,54.133,53.600,-9.6815,-10.2994,64.65,0.52,-10.7066,-9.2666,,,0.23284,0
230.6591,77,20,2,2,111.67,216.11,capture,25.43,1.83,230.98,0,179.086,7.833,179.799,-18.65,20.60,147.64,-18.22,-8.27,174.00,53.845,53.709,-10.3510,-11.2809,25.43,1.83,-10.5466,-10.1730,,,0.20549,0
230.7411,77,20,2,2,111.67,216.11,capture,55.64,-38.86,261.05,0,179.125,7.756,179.809,-18.68,20.40,147.58,-17.43,-8.30,174.31,53.591,53.697,-8.8019,-10.6204,55.64,-38.86,-9.7615,-10.3743,,,0.19482,0
230.8522,77,20,2,2,111.67,216.11,capture,30.36,-14.94,244.94,0,178.996,7.898,179.781,-18.67,20.59,147.70,-18.69,-8.32,174.15,53.490,53.890,-8.7187,-11.2828,30.36,-14.94,-9.2922,-10.7831,,,0.18287,0
230.9468,77,20,2,2,111.67,216.11,capture,37.99,-3.44,231.58,0,178.969,7.911,179.801,-18.56,20.72,147.72,-18.15,-8.20,174.70,53.841,53.942,-10.3812,-11.1468,37.99,-3.44,-9.7822,-10.9468,,,0.24424,0
231.0566,77,20,2,2,111.67,216.11,capture,59.08,-30.14,251.80,0,178.862,7.861,179.817,-18.45,20.69,147.57,-18.04,-7.21,173.72,53.897,54.395,-8.1416,-10.1895,59.08,-30.14,-9.0440,-10.6060,,,0.21233,0
231.1471,77,20,2,2,111.67,216.11,capture,51.23,-29.97,253.39,0,178.606,7.865,179.799,-18.32,20.61,147.55,-17.56,-8.68,173.58,53.965,54.641,-8.1388,-10.8914,51.23,-29.97,-8.6366,-10.7344,,,0.20717,0
231.2370,77,20,2,2,111.67,216.11,capture,56.91,-6.04,228.80,0,178.702,8.064,179.790,-18.23,20.56,147.74,-17.36,-8.98,174.52,53.980,54.676,-9.5113,-9.9343,56.91,-6.04,-9.0303,-10.3744,,,0.22092,0
231.3424,77,20,2,2,111.67,216.11,capture,37.43,-3.56,231.88,0,178.706,8.082,179.792,-18.34,20.62,147.63,-18.34,-7.30,173.83,53.951,54.558,-9.6028,-11.1018,37.43,-3.56,-9.2879,-10.7017,,,0.22329,0
231.4292,77,20,2,2,111.67,216.11,capture,62.55,-19.02,240.21,0,178.768,7.930,179.788,-18.30,20.79,147.49,-17.50,-7.62,174.30,53.637,54.498,-9.3240,-9.9021,62.55,-19.02,-9.3041,-10.3419,,,0.21680,0
231.5242,77,20,2,2,111.67,216.11,capture,66.64,-15.14,235.59,0,178.768,7.879,179.805,-18.39,20.72,147.66,-17.60,-7.07,173.79,53.662,54.528,-8.3336,-10.1053,66.64,-15.14,-8.8674,-10.2354,,,0.21545,0
231.6294,77,20,2,2,111.67,216.11,capture,60.00,-13.30,235.16,0,178.665,7.878,179.820,-18.42,20.71,147.45,-17.88,-8.41,173.36,54.080,54.477,-9.1364,-9.8785,60.00,-13.30,-8.9884,-10.0748,,,0.23578,0
231.7310,77,20,2,2,111.67,216.11,capture,49.04,-31.67,255.57,0,178.701,7.812,179.788,-18.33,20.67,147.45,-17.81,-7.53,173.55,53.994,54.182,-8.6158,-11.2566,49.04,-31.67,-8.8207,-10.6066,,,0.22944,0
231.8192,77,20,2,2,111.67,216.11,capture,54.08,-15.41,238.58,0,178.758,7.591,179.782,-18.28,20.81,147.42,-17.83,-7.93,173.66,53.723,54.039,-8.8813,-10.6518,54.08,-15.41,-8.8480,-10.6270,,,0.18675,0
231.9197,77,20,2,2,111.67,216.11,capture,42.09,-15.45,241.79,0,178.688,7.569,179.744,-18.21,20.83,147.25,-17.57,-8.24,173.55,53.712,53.975,-9.2047,-11.0247,42.09,-15.45,-9.0085,-10.8059,,,0.22770,0
232.0392,77,20,2,2,111.67,216.11,capture,48.76,-4.67,229.57,0,178.684,7.650,179.727,-18.20,20.87,147.34,-17.35,-8.50,173.66,53.499,54.665,-10.0991,-10.7425,48.76,-4.67,-9.4993,-10.7774,,,0.18654,0
232.1367,77,20,2,2,111.67,216.11,capture,45.96,-29.85,254.59,0,178.783,7.494,179.742,-18.21,20.94,147.33,-18.24,-7.72,173.52,53.480,54.565,-8.2491,-10.5405,45.96,-29.85,-8.9367,-10.6708,,,0.21253,0
232.2632,77,20,2,2,111.67,216.11,capture,16.76,-21.82,256.16,0,178.867,7.488,179.744,-18.19,21.04,147.41,-18.05,-7.71,174.26,53.395,54.742,-9.6384,-12.0731,16.76,-21.82,-9.2525,-11.3018,,,0.19100,0
232.3755,77,20,2,2,111.67,216.11,capture,50.75,-34.45,257.86,0,178.886,7.480,179.739,-18.16,21.16,147.31,-17.96,-7.82,173.46,53.183,54.705,-8.9504,-10.3298,50.75,-34.45,-9.1165,-10.8644,,,0.21832,0
232.5839,78,5,0,5,245.67,43.22,dwell,89.49,39.41,156.22,0,178.898,7.347,179.727,-18.33,21.04,147.22,-17.95,-8.10,173.43,53.074,54.389,-11.5108,-7.7979,89.49,39.41,-11.5108,-7.7979,,,0.19325,0
232.6731,78,5,0,5,245.67,43.22,dwell,87.63,-41.95,179.53,0,178.960,7.359,179.762,-18.18,20.83,147.31,-17.68,-8.61,173.63,53.319,54.504,-8.5748,-9.1976,87.63,-41.95,-10.1896,-8.4277,,,0.20345,0
232.8062,78,5,0,5,245.67,43.22,dwell,122.03,108.62,139.87,0,179.076,7.516,179.778,-18.10,20.84,147.29,-17.76,-7.64,173.52,53.740,54.246,-13.9365,-7.3112,122.03,108.62,-11.8757,-7.9253,,,0.20851,0
232.8882,78,5,0,5,245.67,43.22,dwell,108.99,-30.85,155.46,0,179.106,7.498,179.785,-18.11,20.61,146.95,-17.65,-7.84,172.68,53.353,53.983,-7.9581,-7.2754,108.99,-30.85,-10.1128,-7.6328,,,0.19912,0
232.9821,78,5,0,5,245.67,43.22,dwell,208.28,-14.12,68.45,0,179.047,7.454,179.821,-18.11,20.56,147.07,-17.92,-8.26,173.52,53.190,54.212,-8.0601,-3.2466,208.28,-14.12,-9.1891,-5.6590,,,0.19634,0
233.0829,78,5,0,5,245.67,43.22,dwell,202.00,34.19,44.59,0,179.005,7.451,179.816,-18.03,20.61,147.12,-17.96,-8.41,173.06,52.775,54.148,-11.9410,-3.1575,202.00,34.19,-10.4274,-4.5334,,,0.18489,0
233.1822,78,5,0,5,245.67,43.22,dwell,213.57,18.03,40.80,0,178.938,7.307,179.813,-17.90,20.65,146.99,-17.05,-8.97,173.19,52.611,53.975,-11.4717,-3.2229,213.57,18.03,-10.8974,-3.9436,,,0.15362,0
233.2736,78,5,0,5,245.67,43.22,dwell,213.92,-34.31,83.78,0,178.876,7.204,179.786,-17.88,20.77,147.15,-17.23,-7.63,174.06,52.689,54.099,-8.1539,-2.5346,213.92,-34.31,-9.6628,-3.3096,,,0.19169,0
233.3720,78,5,0,5,245.67,43.22,dwell,215.94,-2.83,54.81,0,178.827,7.297,179.777,-17.83,20.84,146.98,-17.59,-8.37,172.69,52.958,54.294,-10.5748,-2.5237,215.94,-2.83,-10.0732,-2.9559,,,0.16896,0
233.4540,78,5,0,5,245.67,43.22,dwell,273.84,-17.37,66.82,0,178.779,7.534,179.811,-17.90,21.05,147.28,-17.48,-7.27,173.73,53.050,54.438,-8.7809,-0.0267,273.84,-17.37,-9.4917,-1.6378,,,0.19252,0
233.5539,78,5,0,5,245.67,43.22,dwell,228.58,-38.69,83.68,0,178.737,7.578,179.786,-18.11,20.95,147.30,-17.78,-8.08,173.62,53.070,54.650,-8.5382,-1.8698,228.58,-38.69,-9.0626,-1.7422,,,0.22057,0
233.6456,78,5,0,5,245.67,43.22,capture,239.53,-27.41,70.90,0,178.685,7.561,179.820,-18.16,20.99,147.10,-17.64,-7.27,173.51,53.440,54.485,-9.3948,-2.2759,239.53,-27.41,-9.2121,-1.9824,,,0.19324,0
233.7487,78,5,0,5,245.67,43.22,capture,265.91,-45.04,90.55,0,178.816,7.506,179.819,-18.27,20.83,147.21,-18.07,-8.19,173.33,53.503,54.448,-8.1170,-0.5198,265.91,-45.04,-8.7193,-1.3242,,,0.20641,0
233.8507,78,5,0,5,245.67,43.22,capture,258.23,-36.80,81.00,0,178.874,7.510,179.840,-18.27,20.86,146.87,-18.19,-6.97,173.29,53.202,54.461,-7.0764,-0.8515,258.23,-36.80,-7.9800,-1.1115,,,0.19877,0
233.9399,78,5,0,5,245.67,43.22,capture,232.74,-14.84,59.48,0,178.908,7.286,179.830,-18.29,20.86,147.03,-17.79,-7.75,173.13,53.210,54.121,-9.2236,-1.9321,232.74,-14.84,-8.5396,-1.4808,,,0.19712,0
234.0510,78,5,0,5,245.67,43.22,capture,232.60,-43.06,87.27,0,178.951,7.409,179.814,-18.26,20.73,147.27,-17.80,-8.43,173.55,53.366,54.023,-8.2816,-2.2204,232.60,-43.06,-8.4235,-1.8136,,,0.22224,0
234.1407,78,5,0,5,245.67,43.22,capture,252.18,-10.23,53.85,0,178.929,7.231,179.852,-18.35,20.72,147.23,-17.85,-7.33,173.25,53.468,54.167,-8.9089,-1.0463,252.18,-10.23,-8.6419,-1.4683,,,0.18255,0
234.2362,78,5,0,5,245.67,43.22,capture,238.91,-22.64,66.21,0,178.954,7.188,179.843,-18.18,20.84,147.52,-17.80,-8.17,174.05,53.079,53.895,-8.7340,-1.6094,238.91,-22.64,-8.6834,-1.5318,,,0.21050,0
234.3416,78,5,0,5,245.67,43.22,capture,282.47,-3.55,59.52,0,178.960,7.274,179.836,-18.17,20.73,147.61,-17.21,-8.09,173.59,53.047,53.668,-9.6736,-0.0434,282.47,-3.55,-9.1290,-0.8620,,,0.21178,0
234.4407,78,5,0,5,245.67,43.22,capture,248.46,-5.54,48.84,0,178.999,7.197,179.848,-18.26,20.77,147.68,-17.69,-7.59,173.62,53.195,53.173,-10.3686,-1.1936,248.46,-5.54,-9.6868,-1.0112,,,0.21322,0
234.5251,78,5,0,5,245.67,43.22,capture,249.53,-20.62,63.96,0,178.921,7.194,179.845,-18.41,20.61,147.50,-18.29,-7.64,173.99,53.239,53.331,-8.7963,-1.4658,249.53,-20.62,-9.2861,-1.2158,,,0.20118,0
234.6316,78,5,0,5,245.67,43.22,capture,239.99,-8.82,52.35,0,178.927,7.320,179.829,-18.47,20.63,147.54,-18.29,-7.30,174.28,53.481,53.595,-9.8261,-1.0376,239.99,-8.82,-9.5291,-1.1356,,,0.18211,0
234.7385,78,5,0,5,245.67,43.22,capture,229.68,8.80,37.95,1,178.870,7.427,179.863,-18.40,20.57,147.46,-17.54,-9.20,173.87,53.782,53.275,-10.2704,-2.3473,229.68,8.80,-9.8627,-1.6809,,,0.21317,0
234.8205,78,5,0,5,245.67,43.22,capture,268.35,-28.18,74.92,0,178.818,7.523,179.862,-18.33,20.55,147.59,-17.90,-7.83,173.85,53.810,53.371,-7.4569,-0.0649,268.35,-28.18,-8.7801,-0.9537,,,0.21424,0
234.9025,78,5,0,5,245.67,43.22,capture,245.34,-3.03,46.25,0,178.860,7.443,179.875,-18.37,20.58,147.40,-17.99,-7.97,173.54,53.667,53.112,-9.0884,-1.4783,245.34,-3.03,-8.9188,-1.1898,,,0.23180,0
234.9940,78,5,0,5,245.67,43.22,capture,247.81,-16.15,59.41,0,178.961,7.424,179.850,-18.37,20.65,147.27,-18.18,-7.58,173.58,53.771,53.292,-8.2266,-0.9962,247.81,-16.15,-8.6073,-1.1027,,,0.21031,0
235.1007,78,5,0,5,245.67,43.22,capture,244.57,-8.79,52.02,0,178.944,7.373,179.873,-18.27,20.47,146.97,-17.99,-8.14,173.19,53.511,53.494,-9.3891,-1.8510,244.57,-8.79,-8.9591,-1.4394,,,0.19078,0
235.2041,78,5,0,5,245.67,43.22,capture,247.55,-13.04,56.29,0,178.981,7.239,179.898,-18.29,20.46,147.03,-18.19,-8.23,173.39,53.678,54.002,-8.9908,-1.4854,247.55,-13.04,-8.9734,-1.4601,,,0.21534,0
235.3227,78,5,0,5,245.67,43.22,capture,243.58,-19.30,62.56,0,179.133,7.220,179.857,-18.22,20.49,147.07,-18.04,-7.61,173.39,53.298,54.445,-9.0962,-1.6360,243.58,-19.30,-9.0287,-1.5392,,,0.18841,0
235.4284,78,5,0,5,245.67,43.22,capture,249.12,-23.77,67.08,0,179.001,7.389,179.848,-18.16,20.32,146.92,-17.84,-8.33,172.64,53.316,54.284,-9.5805,-2.0631,249.12,-23.77,-9.2770,-1.7750,,,0.20361,0
235.6379,79,68,7,5,245.67,648.33,dwell,369.52,251.85,415.38,0,179.038,7.717,179.857,-18.09,20.64,146.79,-17.41,-7.52,173.31,53.480,54.001,-20.5411,3.6228,369.52,251.85,-20.5411,3.6228,,,0.20269,0
235.7511,79,68,7,5,245.67,648.33,dwell,294.51,-4.61,654.77,0,178.949,7.955,179.840,-18.09,20.67,146.91,-17.77,-7.55,173.10,53.840,54.110,-10.2532,1.2642,294.51,-4.61,-15.9115,2.5614,,,0.18871,0
235.8426,79,68,7,5,245.67,648.33,dwell,236.17,143.18,505.24,0,178.892,8.097,179.816,-18.26,20.71,147.02,-17.73,-7.03,173.15,53.453,53.918,-15.2805,-2.0333,236.17,143.18,-15.6276,0.4938,,,0.20165,0
235.9391,79,68,7,5,245.67,648.33,dwell,322.62,305.98,350.90,0,178.712,8.144,179.847,-18.31,20.54,147.05,-18.27,-7.35,173.66,53.544,54.058,-22.0164,1.9055,322.62,305.98,-18.5026,1.1291,,,0.18816,0
236.0298,79,68,7,5,245.67,648.33,dwell,307.30,336.51,317.86,0,178.785,8.235,179.824,-18.39,20.51,146.96,-17.75,-7.59,173.16,53.334,54.041,-23.9130,1.4690,307.30,336.51,-20.9372,1.2820,,,0.20203,0
236.1441,79,68,7,5,245.67,648.33,dwell,382.75,389.48,292.91,0,178.688,8.276,179.811,-18.49,20.26,147.24,-18.22,-7.65,173.49,53.247,53.973,-24.9232,4.6459,382.75,389.48,-22.7309,2.7957,,,0.22267,0
236.2534,79,68,7,5,245.67,648.33,dwell,317.43,421.87,237.56,0,178.719,8.252,179.804,-18.47,20.29,147.17,-18.16,-7.61,173.53,53.103,53.666,-26.2177,1.1381,317.43,421.87,-24.3000,2.0498,,,0.20511,0
236.3502,79,68,7,5,245.67,648.33,dwell,264.66,458.83,190.45,0,178.632,8.192,179.824,-18.48,20.19,147.26,-18.17,-8.24,173.22,53.175,53.503,-29.1026,-0.2684,264.66,458.83,-26.4612,1.0066,,,0.20637,0
236.4449,79,68,7,5,245.67,648.33,dwell,332.67,476.92,192.23,0,178.638,8.277,179.816,-18.41,20.31,147.25,-18.20,-8.57,173.71,53.747,53.770,-28.3476,3.0345,332.67,476.92,-27.3101,1.9192,,,0.19195,0
236.5502,79,68,7,5,245.67,648.33,capture,311.11,553.63,115.12,0,178.758,8.144,179.807,-18.29,20.43,147.34,-17.55,-8.24,173.76,53.972,53.713,-31.4755,1.3015,311.11,553.63,-29.1845,1.6412,,,0.24219,0
236.6463,79,68,7,5,245.67,648.33,capture,337.49,556.92,129.57,0,178.778,8.340,179.802,-18.28,20.39,147.39,-17.58,-8.91,173.58,54.608,53.790,-31.5377,3.9528,337.49,556.92,-30.2434,2.6814,,,0.24870,0
236.7559,79,68,7,5,245.67,648.33,capture,312.66,586.65,91.07,0,178.823,8.229,179.779,-18.38,20.30,147.48,-18.03,-8.03,173.79,54.573,53.752,-31.5376,1.5598,312.66,586.65,-30.8258,2.1767,,,0.24235,0
236.8692,79,68,7,5,245.67,648.33,capture,317.54,576.30,101.76,0,178.946,8.228,179.774,-18.51,20.35,147.45,-18.29,-7.85,173.45,54.490,53.778,-32.3979,1.6869,317.54,576.30,-31.5332,1.9563,,,0.24009,0
236.9588,79,68,7,5,245.67,648.33,capture,309.39,565.87,104.22,0,178.957,8.270,179.785,-18.57,20.45,147.68,-18.05,-8.48,173.99,54.457,54.075,-31.8927,1.8606,309.39,565.87,-31.6950,1.9132,,,0.21603,0
237.0670,79,68,7,5,245.67,648.33,capture,323.18,569.42,110.61,0,179.031,8.286,179.780,-18.45,20.41,147.70,-18.04,-8.13,174.10,54.315,53.938,-31.5955,2.3579,323.18,569.42,-31.6502,2.1133,,,0.23330,0
237.1552,79,68,7,5,245.67,648.33,capture,336.88,574.58,117.30,0,179.018,8.272,179.801,-18.36,20.52,147.84,-18.77,-7.69,174.39,54.396,53.691,-31.6966,2.9851,336.88,574.58,-31.6711,2.5056,,,0.22309,0
237.2727,79,68,7,5,245.67,648.33,capture,345.99,550.00,140.48,0,179.003,8.357,179.790,-18.43,20.60,147.84,-18.17,-7.74,174.42,54.064,53.834,-31.2690,2.9167,345.99,550.00,-31.4901,2.6906,,,0.23423,0
237.3823,79,68,7,5,245.67,648.33,capture,330.90,576.02,111.78,0,179.122,8.479,179.799,-18.59,20.56,147.91,-18.25,-8.35,174.35,54.364,53.763,-31.8779,2.0276,330.90,576.02,-31.6646,2.3922,,,0.23839,0
237.4818,79,68,7,5,245.67,648.33,capture,326.56,541.96,133.64,0,179.189,8.571,179.790,-18.51,20.33,147.99,-18.40,-8.21,174.60,54.136,53.230,-30.5789,2.0741,326.56,541.96,-31.1761,2.2491,,,0.21837,0
237.5781,79,68,7,5,245.67,648.33,capture,314.67,528.62,138.18,0,179.124,8.621,179.797,-18.59,20.29,148.25,-18.24,-8.80,174.28,54.005,53.283,-30.8786,1.8085,314.67,528.62,-31.0422,2.0508,,,0.21715,0
237.6721,79,68,7,5,245.67,648.33,capture,321.23,560.84,115.61,0,179.147,8.714,179.778,-18.54,20.08,148.45,-18.46,-8.32,175.68,53.851,53.043,-32.3744,2.8172,321.23,560.84,-31.6417,2.3957,,,0.21398,0
237.7766,79,68,7,5,245.67,648.33,capture,300.21,576.48,90.21,0,178.844,8.647,179.783,-18.56,20.09,148.50,-17.90,-8.95,175.01,54.165,52.843,-31.6591,1.1540,300.21,576.48,-31.6495,1.8369,,,0.20361,0
237.8723,79,68,7,5,245.67,648.33,capture,329.54,541.63,135.72,0,178.888,8.647,179.791,-18.42,20.02,148.48,-17.90,-8.34,174.20,54.202,53.140,-29.4906,2.5719,329.54,541.63,-30.6780,2.1677,,,0.22163,0
237.9728,79,68,7,5,245.67,648.33,capture,319.26,567.38,109.40,0,178.850,8.713,179.773,-18.33,19.94,148.32,-17.59,-9.00,174.65,54.527,52.990,-31.6298,1.9413,319.26,567.38,-31.1063,2.0658,,,0.25299,0
238.0560,79,68,7,5,245.67,648.33,capture,310.90,562.35,107.93,0,178.692,8.687,179.784,-18.46,19.99,148.00,-18.04,-8.63,174.16,54.599,52.615,-32.4401,2.0121,310.90,562.35,-31.7065,2.0416,,,0.22081,0
238.1567,79,68,7,5,245.67,648.33,capture,313.62,570.89,103.03,0,178.672,8.706,179.792,-18.46,20.12,147.95,-17.75,-8.76,174.58,54.372,52.892,-31.9997,2.2479,313.62,570.89,-31.8385,2.1344,,,0.22354,0
238.2557,79,68,7,5,245.67,648.33,capture,319.39,582.88,98.59,0,178.735,8.831,179.801,-18.41,20.06,147.81,-18.05,-8.52,173.69,53.973,53.293,-32.8458,2.3095,319.39,582.88,-32.2918,2.2132,,,0.21512,0
238.3652,79,68,7,5,245.67,648.33,capture,328.21,567.94,115.22,0,178.701,8.793,179.814,-18.33,20.08,147.64,-17.72,-9.19,174.03,53.552,53.364,-32.2366,2.0522,328.21,567.94,-32.2669,2.1408,,,0.23798,0
238.4490,79,68,7,5,245.67,648.33,capture,333.67,587.46,107.01,0,178.622,8.649,179.793,-18.37,20.23,147.96,-18.04,-8.13,174.34,53.795,53.288,-32.6773,3.3651,333.67,587.46,-32.4516,2.6917,,,0.20476,0
238.6347,80,69,7,6,290.33,648.33,dwell,293.37,513.00,135.37,0,178.653,8.522,179.769,-18.32,20.17,147.74,-17.99,-8.02,173.86,53.615,52.923,-29.3456,0.5078,293.37,513.00,-29.3456,0.5078,,,0.22024,0
238.7289,80,69,7,6,290.33,648.33,dwell,313.76,469.12,180.74,0,178.704,8.520,179.801,-18.25,20.27,147.68,-18.20,-8.33,174.05,53.753,53.244,-26.8795,2.4581,313.76,469.12,-28.2358,1.3854,,,0.22215,0
238.8258,80,69,7,6,290.33,648.33,dwell,293.56,605.06,43.39,0,178.681,8.559,179.812,-18.20,20.47,147.48,-17.56,-8.43,173.81,53.863,53.195,-32.6106,1.0116,293.56,605.06,-30.2045,1.2172,,,0.20426,0
238.9078,80,69,7,6,290.33,648.33,dwell,360.64,563.24,110.38,0,178.674,8.378,179.817,-18.18,20.58,147.65,-17.47,-8.53,173.23,53.703,53.483,-30.8519,3.7632,360.64,563.24,-30.4958,2.3629,,,0.19324,0
239.0058,80,69,7,6,290.33,648.33,dwell,255.66,716.32,76.32,0,178.743,8.482,179.821,-18.22,20.43,147.69,-17.31,-7.27,174.18,53.906,53.971,-37.5212,-0.4018,255.66,716.32,-33.6573,1.1188,,,0.19060,0
239.1040,80,69,7,6,290.33,648.33,dwell,374.88,691.50,94.93,0,178.744,8.511,179.829,-18.33,20.66,147.90,-18.24,-8.54,174.25,53.523,53.853,-35.7746,3.8759,374.88,691.50,-34.6101,2.3595,,,0.22919,0
239.2063,80,69,7,6,290.33,648.33,dwell,289.19,623.95,24.41,1,178.664,8.464,179.772,-18.31,20.72,147.78,-18.04,-7.28,174.23,53.427,53.693,-33.4795,0.4807,289.19,623.95,-34.1013,1.5140,,,0.22376,0
239.3028,80,69,7,6,290.33,648.33,dwell,286.86,718.65,70.40,0,178.623,8.347,179.759,-18.38,20.79,147.87,-17.71,-7.60,173.83,53.484,53.579,-37.0025,0.7758,286.86,718.65,-35.4068,1.1818,,,0.21030,0
239.4041,80,69,7,6,290.33,648.33,dwell,310.93,706.34,61.55,0,178.735,8.322,179.777,-18.49,20.90,147.92,-17.91,-6.97,174.31,53.429,53.869,-37.2930,2.1852,310.93,706.34,-36.2556,1.6333,,,0.20733,0
239.4871,80,69,7,6,290.33,648.33,dwell,341.42,760.70,123.43,0,178.857,8.465,179.798,-18.55,20.93,147.94,-18.28,-6.99,174.16,53.482,53.519,-39.7889,2.8250,341.42,760.70,-37.8456,2.1696,,,0.22042,0
239.6123,80,69,7,6,290.33,648.33,capture,302.03,737.37,89.80,0,178.888,8.668,179.779,-18.52,20.98,147.90,-17.84,-7.53,174.43,53.842,53.527,-37.6770,0.9336,302.03,737.37,-37.7697,1.6134,,,0.24480,0
239.7121,80,69,7,6,290.33,648.33,capture,306.93,720.83,74.37,0,178.825,8.664,179.804,-18.55,21.04,147.67,-17.72,-7.71,173.84,53.532,53.368,-38.2931,1.2611,306.93,720.83,-38.0052,1.4549,,,0.22265,0
239.8095,80,69,7,6,290.33,648.33,capture,305.58,722.67,75.88,0,178.755,8.572,179.774,-18.66,21.15,147.66,-18.17,-8.11,173.52,53.540,53.864,-38.2370,1.2517,305.58,722.67,-38.1095,1.3634,,,0.21234,0
239.9224,80,69,7,6,290.33,648.33,capture,316.75,731.52,87.28,0,178.821,8.489,179.792,-18.71,20.97,147.63,-17.95,-7.55,173.78,53.952,53.690,-38.0787,2.2121,316.75,731.52,-38.0957,1.7453,,,0.20233,0
240.0297,80,69,7,6,290.33,648.33,capture,319.58,755.39,110.98,0,178.940,8.435,179.771,-18.67,21.07,147.32,-18.43,-7.72,173.60,53.813,53.275,-39.8730,2.2502,319.58,755.39,-38.8955,1.9725,,,0.21703,0
240.1371,80,69,7,6,290.33,648.33,capture,317.17,730.55,86.49,0,179.062,8.310,179.792,-18.61,20.79,147.05,-18.15,-7.58,173.41,53.911,53.653,-38.6290,2.2780,317.17,730.55,-38.7756,2.1100,,,0.23077,0
240.2191,80,69,7,6,290.33,648.33,capture,293.89,740.19,91.93,0,179.028,8.370,179.795,-18.59,21.07,147.06,-17.79,-7.32,173.13,54.048,53.909,-38.8107,0.8684,293.89,740.19,-38.7914,1.5513,,,0.20114,0
240.3392,80,69,7,6,290.33,648.33,capture,299.22,744.24,96.32,0,178.995,8.263,179.795,-18.64,21.03,147.14,-18.29,-7.54,173.35,53.925,54.245,-39.2200,0.9462,299.22,744.24,-38.9843,1.2790,,,0.23558,0
240.4251,80,69,7,6,290.33,648.33,capture,309.45,717.20,71.47,0,179.040,8.377,179.787,-18.67,21.07,147.25,-17.89,-6.74,174.14,53.778,54.400,-36.3669,1.9844,309.45,717.20,-37.8065,1.5964,,,0.24694,0
240.5263,80,69,7,6,290.33,648.33,capture,307.71,707.74,61.90,0,179.066,8.528,179.787,-18.64,20.96,147.26,-18.33,-6.80,172.82,53.549,53.963,-36.5655,1.1560,307.71,707.74,-37.2480,1.3982,,,0.19327,0
240.6289,80,69,7,6,290.33,648.33,capture,302.62,723.64,76.30,0,179.165,8.605,179.805,-18.47,21.16,147.36,-18.50,-7.02,174.15,53.720,54.138,-38.0581,0.3066,302.62,723.64,-37.6126,0.9070,,,0.21343,0
240.7311,80,69,7,6,290.33,648.33,capture,301.14,699.74,52.53,0,179.097,8.647,179.794,-18.33,21.16,147.19,-18.46,-7.44,173.64,53.690,53.842,-37.0605,0.2892,301.14,699.74,-37.3641,0.6290,,,0.20970,0
240.8295,80,69,7,6,290.33,648.33,capture,308.01,759.02,112.09,0,179.110,8.615,179.797,-18.23,21.00,147.08,-17.47,-7.90,172.95,53.373,53.973,-39.0159,1.0773,308.01,759.02,-38.1074,0.8307,,,0.19853,0
240.9376,80,69,7,6,290.33,648.33,capture,310.25,726.76,80.92,0,179.062,8.384,179.808,-18.21,21.02,147.41,-18.12,-7.19,173.58,53.821,54.013,-38.0856,1.3677,310.25,726.76,-38.0976,1.0724,,,0.22676,0
241.0293,80,69,7,6,290.33,648.33,capture,306.66,732.74,85.97,0,178.920,8.434,179.795,-18.23,20.97,147.46,-17.96,-8.27,173.82,54.158,53.587,-38.3284,1.8900,306.66,732.74,-38.2015,1.4403,,,0.20581,0
241.1241,80,69,7,6,290.33,648.33,capture,274.91,712.74,66.23,0,178.924,8.496,179.807,-18.27,20.86,147.54,-17.94,-8.12,173.90,53.808,53.959,-38.1049,0.0166,274.91,712.74,-38.1580,0.7997,,,0.19798,0
241.2148,80,69,7,6,290.33,648.33,capture,313.05,723.82,78.83,0,178.913,8.526,179.806,-18.36,20.85,147.51,-17.77,-7.65,174.12,53.995,54.208,-36.7562,1.4344,313.05,723.82,-37.5272,1.0853,,,0.21124,0
241.3203,80,69,7,6,290.33,648.33,capture,314.93,723.46,79.05,0,178.833,8.663,179.828,-18.29,20.78,147.44,-18.25,-7.67,173.58,53.997,54.243,-38.4649,2.2983,314.93,723.46,-37.9492,1.6311,,,0.23369,0
241.4262,80,69,7,6,290.33,648.33,capture,303.73,728.35,81.13,0,178.765,8.676,179.809,-18.15,20.89,147.08,-17.77,-7.43,173.32,53.768,54.705,-38.0485,0.4850,303.73,728.35,-37.9938,1.1154,,,0.23223,0
241.5086,80,69,7,6,290.33,648.33,capture,304.00,720.43,73.38,0,178.775,8.787,179.793,-18.11,20.94,147.05,-17.58,-7.69,173.29,53.854,54.658,-37.8639,1.8816,304.00,720.43,-37.9354,1.4602,,,0.21526,0
241.6968,81,15,1,6,290.33,129.67,dwell,405.19,511.81,399.03,0,178.866,8.653,179.787,-18.22,20.92,147.26,-17.76,-8.09,173.68,54.234,54.786,-29.1882,6.0940,405.19,511.81,-29.1882,6.0940,,,0.25245,0
241.8050,81,15,1,6,290.33,129.67,dwell,342.64,493.87,367.94,0,178.676,8.372,179.786,-18.27,20.81,147.14,-17.64,-7.85,173.70,54.271,54.348,-28.3382,2.6800,342.64,493.87,-28.8057,4.5577,,,0.20262,0
241.9237,81,15,1,6,290.33,129.67,dwell,374.83,463.73,344.58,0,178.784,8.170,179.816,-18.14,20.96,147.36,-17.36,-7.66,173.63,54.175,54.388,-28.2114,4.4405,374.83,463.73,-28.5383,4.5050,,,0.23441,0
242.0167,81,15,1,6,290.33,129.67,dwell,373.30,468.42,348.77,0,178.779,8.234,179.822,-18.03,20.97,147.17,-17.58,-7.64,173.50,54.152,54.569,-28.1675,5.0857,373.30,468.42,-28.3714,4.7663,,,0.22160,0
242.0987,81,15,1,6,290.33,129.67,dwell,312.31,359.81,231.19,0,178.815,8.290,179.818,-18.12,20.84,147.13,-17.98,-7.77,173.12,53.783,54.583,-23.5391,1.2890,312.31,359.81,-26.1969,3.2015,,,0.20320,0
242.1960,81,15,1,6,290.33,129.67,dwell,386.72,354.43,244.56,0,178.797,8.234,179.824,-18.10,20.90,147.20,-17.75,-8.20,173.25,53.799,54.798,-23.8310,5.1192,386.72,354.43,-25.1323,4.0645,,,0.23091,0
242.3036,81,15,1,6,290.33,129.67,dwell,356.57,201.15,97.45,0,178.650,8.029,179.840,-18.01,20.91,147.18,-17.79,-7.44,173.31,53.593,54.465,-18.1041,3.1271,356.57,201.15,-21.9696,3.6427,,,0.21085,0
242.4091,81,15,1,6,290.33,129.67,dwell,399.56,146.32,110.49,0,178.655,8.064,179.804,-18.00,20.76,147.07,-17.44,-7.65,173.10,53.757,53.921,-15.6975,5.2267,399.56,146.32,-19.1471,4.3555,,,0.22104,0
242.5092,81,15,1,6,290.33,129.67,dwell,408.01,177.98,127.21,0,178.643,7.886,179.788,-18.13,20.72,147.17,-17.85,-7.20,173.26,53.890,54.052,-17.6362,6.2793,408.01,177.98,-18.4672,5.2212,,,0.24261,0
242.6119,81,15,1,6,290.33,129.67,dwell,391.43,163.33,106.55,0,178.643,7.968,179.790,-18.30,20.87,147.33,-17.81,-8.26,173.52,54.084,54.145,-16.2140,5.5607,391.43,163.33,-17.4533,5.3740,,,0.22608,0
242.7094,81,15,1,6,290.33,129.67,dwell,411.04,119.47,121.14,0,178.815,8.038,179.773,-18.50,20.87,146.99,-17.98,-7.50,173.03,54.043,53.907,-13.6735,6.5669,411.04,119.47,-15.7524,5.9108,,,0.22563,0
242.8079,81,15,1,6,290.33,129.67,capture,425.71,70.06,147.92,0,178.862,8.035,179.756,-18.44,20.92,147.04,-17.90,-7.74,173.19,53.596,54.220,-12.9526,7.7041,425.71,70.06,-14.4925,6.7178,,,0.21548,0
242.8959,81,15,1,6,290.33,129.67,capture,399.81,70.68,124.36,0,178.816,7.987,179.755,-18.41,20.84,147.28,-17.81,-7.47,173.38,53.537,53.868,-12.6864,5.6733,399.81,70.68,-13.6797,6.2478,,,0.20138,0
242.9878,81,15,1,6,290.33,129.67,capture,403.07,41.41,143.17,0,178.903,7.907,179.778,-18.44,20.67,147.34,-18.03,-7.95,173.85,53.693,54.571,-12.5860,5.6423,403.07,41.41,-13.1876,5.9753,,,0.22834,0
243.0796,81,15,1,6,290.33,129.67,capture,405.75,63.90,132.84,0,178.761,7.918,179.768,-18.44,20.59,147.36,-18.18,-7.76,173.32,53.422,54.634,-12.4201,6.7715,405.75,63.90,-12.8422,6.3336,,,0.19913,0
243.1616,81,15,1,6,290.33,129.67,capture,431.33,48.08,162.90,0,178.816,7.802,179.752,-18.38,20.67,147.32,-17.55,-6.81,173.79,53.300,54.044,-12.0066,6.8298,431.33,48.08,-12.4662,6.5569,,,0.20697,0
243.2505,81,15,1,6,290.33,129.67,capture,434.24,37.79,170.74,0,178.833,7.720,179.736,-18.32,20.59,147.23,-18.10,-7.18,173.73,53.427,53.818,-10.5537,7.1886,434.24,37.79,-11.6056,6.8411,,,0.22421,0
243.3649,81,15,1,6,290.33,129.67,capture,405.77,42.73,144.51,0,178.833,7.817,179.789,-18.44,20.61,147.14,-18.17,-7.09,173.61,53.635,53.542,-11.6905,6.0874,405.77,42.73,-11.6438,6.5020,,,0.19579,0
243.4756,81,15,1,6,290.33,129.67,capture,446.31,60.05,170.81,0,178.804,7.897,179.806,-18.59,20.59,147.30,-18.76,-8.17,174.07,53.826,53.786,-11.6396,7.6744,446.31,60.05,-11.6419,7.0295,,,0.22011,0
243.5780,81,15,1,6,290.33,129.67,capture,427.27,71.47,148.79,0,178.754,7.807,179.789,-18.50,20.44,147.04,-17.55,-8.62,173.37,53.669,53.722,-12.2952,6.6981,427.27,71.47,-11.9359,6.8804,,,0.22630,0
243.6883,81,15,1,6,290.33,129.67,capture,411.05,66.97,136.03,0,178.838,7.826,179.804,-18.53,20.54,147.10,-18.26,-8.72,172.74,53.679,53.823,-12.1836,6.1393,411.05,66.97,-12.0474,6.5469,,,0.20550,0
243.7887,81,15,1,6,290.33,129.67,capture,430.20,20.66,177.33,0,178.807,7.672,179.822,-18.49,20.69,147.15,-18.29,-8.03,173.75,53.876,53.693,-10.9984,7.2022,430.20,20.66,-11.5753,6.8418,,,0.23549,0
243.8876,81,15,1,6,290.33,129.67,capture,435.91,44.85,168.48,0,178.822,7.747,179.826,-18.70,20.66,147.24,-18.14,-7.95,173.06,54.009,53.981,-11.6882,7.4713,435.91,44.85,-11.6261,7.1251,,,0.20048,0
243.9896,81,15,1,6,290.33,129.67,capture,430.51,43.44,164.57,0,178.984,7.840,179.821,-18.62,20.65,147.13,-18.17,-7.31,173.45,53.955,54.471,-11.6044,6.4277,430.51,43.44,-11.6163,6.8112,,,0.22125,0
244.0919,81,15,1,6,290.33,129.67,capture,418.00,35.93,158.38,0,179.062,7.869,179.816,-18.64,20.81,147.35,-18.04,-8.22,173.29,53.554,54.667,-11.8599,6.1301,418.00,35.93,-11.7259,6.5047,,,0.22180,0
244.1869,81,15,1,6,290.33,129.67,capture,415.81,36.97,156.00,0,179.132,7.802,179.824,-18.61,20.91,147.69,-18.71,-7.72,174.41,53.508,54.248,-10.1217,6.1513,415.81,36.97,-11.0040,6.3457,,,0.21692,0
244.2705,81,15,1,6,290.33,129.67,capture,412.00,45.77,147.79,0,179.086,7.812,179.807,-18.52,20.92,147.81,-18.47,-7.69,174.39,53.587,54.409,-12.1970,6.4123,412.00,45.77,-11.5408,6.3757,,,0.23057,0
244.3666,81,15,1,6,290.33,129.67,capture,409.81,72.53,132.44,0,179.052,7.950,179.770,-18.43,20.93,147.93,-17.96,-7.98,174.72,53.593,54.352,-11.4647,6.3493,409.81,72.53,-11.5066,6.3638,,,0.20780,0
244.4778,81,15,1,6,290.33,129.67,capture,398.48,80.80,118.67,0,179.152,7.962,179.785,-18.29,21.08,147.97,-17.34,-6.77,173.92,53.682,54.238,-12.4584,6.1269,398.48,80.80,-11.9349,6.2572,,,0.22109,0
244.5706,81,15,1,6,290.33,129.67,capture,415.71,34.66,157.31,0,179.145,7.899,179.761,-18.37,21.27,147.69,-18.68,-6.81,173.32,53.678,54.029,-11.5528,6.7085,415.71,34.66,-11.7630,6.4603,,,0.20583,0
244.6888,81,15,1,6,290.33,129.67,capture,441.85,45.44,173.35,0,179.091,7.683,179.771,-18.36,21.10,147.80,-17.59,-7.82,174.38,53.641,53.724,-10.8493,7.1133,441.85,45.44,-11.3518,6.7541,,,0.24700,0
